station,valid,tmpf,dwpf,relh,sped,skyl1,peak_wind_gust_mph
GRI,2025-01-01 00:53,21.00,17.00,84.26,5.75,M,M
GRI,2025-01-01 01:53,20.00,16.00,84.19,6.90,M,M
GRI,2025-01-01 02:53,18.00,15.00,87.81,8.05,M,M
GRI,2025-01-01 03:53,19.00,15.00,84.12,10.35,M,M
GRI,2025-01-01 04:53,18.00,14.00,84.05,10.35,M,M
GRI,2025-01-01 05:53,18.00,14.00,84.05,9.20,M,M
GRI,2025-01-01 06:53,18.00,14.00,84.05,10.35,M,M
GRI,2025-01-01 07:53,18.00,14.00,84.05,8.05,M,M
GRI,2025-01-01 08:53,20.00,15.00,80.60,10.35,M,M
GRI,2025-01-01 09:53,25.00,19.00,77.62,13.80,M,M
GRI,2025-01-01 10:53,30.00,21.00,68.81,8.05,M,M
GRI,2025-01-01 11:53,33.00,23.00,66.32,11.50,M,M
GRI,2025-01-01 12:53,35.00,24.00,63.85,12.65,M,M
GRI,2025-01-01 13:53,37.00,25.00,61.50,11.50,M,M
GRI,2025-01-01 14:53,39.00,24.00,54.54,9.20,M,M
GRI,2025-01-01 15:53,39.00,26.00,59.27,9.20,M,M
GRI,2025-01-01 16:53,36.00,26.00,66.69,6.90,M,M
GRI,2025-01-01 17:53,31.00,24.00,74.97,6.90,M,M
GRI,2025-01-01 18:53,30.00,23.00,74.87,8.05,M,M
GRI,2025-01-01 19:53,32.00,23.00,69.04,8.05,M,M
GRI,2025-01-01 20:53,31.00,23.00,71.89,8.05,10000.00,M
GRI,2025-01-01 21:53,30.00,23.00,74.87,9.20,12000.00,M
GRI,2025-01-01 22:53,33.00,23.00,66.32,14.95,10000.00,M
GRI,2025-01-01 23:53,34.00,23.00,63.72,14.95,10000.00,M
GRI,2025-01-02 00:53,33.00,23.00,66.32,17.25,9000.00,M
GRI,2025-01-02 01:53,32.00,24.00,72.00,13.80,10000.00,M
GRI,2025-01-02 02:53,31.00,23.00,71.89,12.65,10000.00,M
GRI,2025-01-02 03:53,31.00,24.00,74.97,11.50,10000.00,M
GRI,2025-01-02 04:53,26.00,22.00,84.59,5.75,10000.00,M
GRI,2025-01-02 05:53,22.00,21.00,95.86,3.45,M,M
GRI,2025-01-02 06:51,21.20,19.40,92.63,11.40,298.00,M
GRI,2025-01-02 06:53,22.00,21.00,95.86,10.35,300.00,M
GRI,2025-01-02 06:56,22.00,22.00,100.00,9.20,300.00,M
GRI,2025-01-02 07:03,22.00,22.00,100.00,9.20,200.00,M
GRI,2025-01-02 07:12,23.00,23.00,100.00,10.35,200.00,M
GRI,2025-01-02 07:53,26.00,25.00,95.93,11.50,200.00,M
GRI,2025-01-02 08:01,26.00,25.00,95.93,13.80,200.00,M
GRI,2025-01-02 08:11,26.00,25.00,95.93,11.50,200.00,M
GRI,2025-01-02 08:30,26.00,25.00,95.93,13.80,200.00,M
GRI,2025-01-02 08:40,26.00,26.00,100.00,13.80,200.00,M
GRI,2025-01-02 08:53,26.00,26.00,100.00,12.65,200.00,M
GRI,2025-01-02 09:33,27.00,26.00,95.95,16.10,200.00,M
GRI,2025-01-02 09:53,27.00,26.00,95.95,11.50,500.00,M
GRI,2025-01-02 10:53,29.00,27.00,92.12,9.20,800.00,M
GRI,2025-01-02 11:48,30.20,26.60,86.28,9.20,1000.00,M
GRI,2025-01-02 11:53,30.00,26.00,84.85,8.05,1200.00,M
GRI,2025-01-02 12:53,30.00,25.00,81.40,12.65,1200.00,M
GRI,2025-01-02 13:53,30.00,25.00,81.40,12.65,1200.00,M
GRI,2025-01-02 14:53,29.00,24.00,81.32,13.80,1200.00,M
GRI,2025-01-02 15:53,29.00,24.00,81.32,9.20,1300.00,M
GRI,2025-01-02 16:53,28.00,23.00,81.25,8.05,1400.00,M
GRI,2025-01-02 17:53,27.00,22.00,81.17,8.05,1300.00,M
GRI,2025-01-02 18:53,27.00,22.00,81.17,8.05,1200.00,M
GRI,2025-01-02 19:53,27.00,22.00,81.17,9.20,1200.00,M
GRI,2025-01-02 20:53,27.00,22.00,81.17,9.20,1300.00,M
GRI,2025-01-02 21:51,26.60,21.20,79.77,5.81,1499.00,M
GRI,2025-01-02 21:53,27.00,22.00,81.17,4.60,1500.00,M
GRI,2025-01-02 22:53,28.00,22.00,77.89,5.75,1700.00,M
GRI,2025-01-02 23:53,28.00,21.00,74.67,10.35,1700.00,M
GRI,2025-01-03 00:53,27.00,21.00,77.80,8.05,1600.00,M
GRI,2025-01-03 01:33,26.00,21.00,81.09,8.05,1400.00,M
GRI,2025-01-03 01:53,26.00,21.00,81.09,8.05,1400.00,M
GRI,2025-01-03 02:53,26.00,21.00,81.09,6.90,1300.00,M
GRI,2025-01-03 03:53,26.00,21.00,81.09,6.90,1400.00,M
GRI,2025-01-03 04:53,26.00,20.00,77.71,6.90,1300.00,M
GRI,2025-01-03 05:53,25.00,20.00,81.01,8.05,1300.00,M
GRI,2025-01-03 06:53,25.00,20.00,81.01,4.60,1300.00,M
GRI,2025-01-03 07:53,25.00,20.00,81.01,0.00,1200.00,M
GRI,2025-01-03 08:53,26.00,21.00,81.09,5.75,1100.00,M
GRI,2025-01-03 09:53,27.00,21.00,77.80,4.60,1200.00,M
GRI,2025-01-03 10:53,27.00,22.00,81.17,3.45,1200.00,M
GRI,2025-01-03 11:53,28.00,22.00,77.89,4.60,1200.00,M
GRI,2025-01-03 12:53,28.00,22.00,77.89,5.75,1200.00,M
GRI,2025-01-03 13:53,28.00,22.00,77.89,5.75,1300.00,M
GRI,2025-01-03 14:53,28.00,22.00,77.89,8.05,1400.00,M
GRI,2025-01-03 15:53,27.00,22.00,81.17,11.50,1400.00,M
GRI,2025-01-03 16:53,26.00,22.00,84.59,12.65,1100.00,M
GRI,2025-01-03 17:51,24.80,21.20,85.96,10.28,898.00,M
GRI,2025-01-03 17:53,24.00,21.00,88.13,10.35,900.00,M
GRI,2025-01-03 18:53,23.00,19.00,84.39,12.65,900.00,M
GRI,2025-01-03 19:15,23.00,18.00,80.85,12.65,1100.00,M
GRI,2025-01-03 19:53,23.00,16.00,74.15,10.35,1300.00,M
GRI,2025-01-03 20:00,23.00,16.00,74.15,10.35,1500.00,M
GRI,2025-01-03 20:53,22.00,14.00,70.88,9.20,1900.00,M
GRI,2025-01-03 21:53,21.00,13.00,70.76,9.20,2200.00,M
GRI,2025-01-03 22:53,20.00,13.00,73.84,10.35,2400.00,M
GRI,2025-01-03 23:53,19.00,13.00,77.06,10.35,2700.00,M
GRI,2025-01-04 00:39,19.00,11.00,70.53,11.50,2800.00,M
GRI,2025-01-04 00:53,19.00,12.00,73.73,10.35,2800.00,M
GRI,2025-01-04 01:53,18.00,12.00,76.97,10.35,4400.00,M
GRI,2025-01-04 02:53,19.00,12.00,73.73,9.20,4000.00,M
GRI,2025-01-04 03:53,18.00,12.00,76.97,12.65,1500.00,M
GRI,2025-01-04 04:53,19.00,12.00,73.73,10.35,1500.00,M
GRI,2025-01-04 05:19,18.00,13.00,80.44,11.50,1500.00,M
GRI,2025-01-04 05:53,18.00,12.00,76.97,12.65,1500.00,M
GRI,2025-01-04 06:35,18.00,12.00,76.97,12.65,1500.00,M
GRI,2025-01-04 06:45,18.00,12.00,76.97,13.80,1500.00,M
GRI,2025-01-04 06:53,17.00,12.00,80.36,16.10,1400.00,M
GRI,2025-01-04 07:53,17.00,13.00,83.98,10.35,1200.00,M
GRI,2025-01-04 08:53,17.00,12.00,80.36,16.10,1100.00,M
GRI,2025-01-04 09:10,17.00,11.00,76.87,12.65,1200.00,M
GRI,2025-01-04 09:53,17.00,10.00,73.52,14.95,3400.00,M
GRI,2025-01-04 10:53,17.00,10.00,73.52,13.80,3700.00,M
GRI,2025-01-04 11:53,18.00,11.00,73.62,17.25,1600.00,M
GRI,2025-01-04 12:34,18.00,12.00,76.97,14.95,1600.00,M
GRI,2025-01-04 12:53,17.00,12.00,80.36,14.95,1600.00,M
GRI,2025-01-04 13:29,17.00,13.00,83.98,13.80,1400.00,M
GRI,2025-01-04 13:53,16.00,12.00,83.91,13.80,1400.00,M
GRI,2025-01-04 14:26,16.00,13.00,87.70,12.65,1200.00,M
GRI,2025-01-04 14:53,16.00,13.00,87.70,13.80,1200.00,M
GRI,2025-01-04 15:29,15.00,12.00,87.65,12.65,900.00,M
GRI,2025-01-04 15:53,15.00,12.00,87.65,14.95,1000.00,M
GRI,2025-01-04 16:17,15.00,12.00,87.65,16.10,1000.00,M
GRI,2025-01-04 16:27,15.00,12.00,87.65,12.65,1000.00,M
GRI,2025-01-04 16:36,15.00,12.00,87.65,14.95,1000.00,M
GRI,2025-01-04 16:51,14.00,10.40,85.28,12.65,1000.00,M
GRI,2025-01-04 16:53,14.00,11.00,87.59,16.10,1000.00,M
GRI,2025-01-04 17:08,14.00,11.00,87.59,13.80,1400.00,M
GRI,2025-01-04 17:20,14.00,11.00,87.59,16.10,1300.00,M
GRI,2025-01-04 17:53,14.00,11.00,87.59,16.10,1500.00,M
GRI,2025-01-04 18:53,12.00,9.00,87.48,18.40,1600.00,29.90
GRI,2025-01-04 19:02,12.00,9.00,87.48,16.10,1400.00,M
GRI,2025-01-04 19:31,12.00,8.00,83.63,18.40,1700.00,31.05
GRI,2025-01-04 19:53,11.00,7.00,83.56,18.40,1700.00,32.20
GRI,2025-01-04 20:04,11.00,7.00,83.56,21.85,1300.00,31.05
GRI,2025-01-04 20:13,11.00,7.00,83.56,17.25,1900.00,32.20
GRI,2025-01-04 20:36,11.00,7.00,83.56,20.70,2100.00,32.20
GRI,2025-01-04 20:49,10.40,6.80,85.05,16.10,800.00,32.20
GRI,2025-01-04 20:53,11.00,7.00,83.56,21.85,800.00,32.20
GRI,2025-01-04 21:00,11.00,7.00,83.56,19.55,800.00,M
GRI,2025-01-04 21:15,11.00,7.00,83.56,16.10,900.00,M
GRI,2025-01-04 21:20,11.00,7.00,83.56,16.10,900.00,M
GRI,2025-01-04 21:53,11.00,7.00,83.56,16.10,2500.00,M
GRI,2025-01-04 22:30,11.00,7.00,83.56,13.80,2500.00,M
GRI,2025-01-04 22:40,11.00,7.00,83.56,16.10,2100.00,M
GRI,2025-01-04 22:53,11.00,7.00,83.56,14.95,1900.00,M
GRI,2025-01-04 23:07,11.00,7.00,83.56,17.25,2000.00,M
GRI,2025-01-04 23:16,11.00,7.00,83.56,19.55,1900.00,M
GRI,2025-01-04 23:29,11.00,7.00,83.56,17.25,1500.00,M
GRI,2025-01-04 23:40,11.00,7.00,83.56,17.25,1100.00,M
GRI,2025-01-04 23:49,10.40,6.80,85.05,18.40,1100.00,M
GRI,2025-01-04 23:53,11.00,7.00,83.56,21.85,1000.00,M
GRI,2025-01-05 00:10,11.00,7.00,83.56,17.25,1000.00,M
GRI,2025-01-05 00:22,11.00,7.00,83.56,20.70,1000.00,M
GRI,2025-01-05 00:39,12.00,7.00,79.93,17.25,2400.00,M
GRI,2025-01-05 00:53,12.00,8.00,83.63,18.40,2000.00,M
GRI,2025-01-05 01:06,12.00,8.00,83.63,20.70,1000.00,33.35
GRI,2025-01-05 01:14,12.00,8.00,83.63,16.10,1200.00,33.35
GRI,2025-01-05 01:31,12.00,8.00,83.63,21.85,1000.00,33.35
GRI,2025-01-05 01:45,12.00,8.00,83.63,21.85,1000.00,33.35
GRI,2025-01-05 01:53,12.00,8.00,83.63,21.85,1000.00,33.35
GRI,2025-01-05 02:18,11.00,7.00,83.56,20.70,1000.00,32.20
GRI,2025-01-05 02:29,11.00,7.00,83.56,19.55,1000.00,32.20
GRI,2025-01-05 02:53,11.00,7.00,83.56,14.95,1100.00,33.35
GRI,2025-01-05 03:07,11.00,7.00,83.56,19.55,1100.00,31.05
GRI,2025-01-05 03:20,11.00,6.00,79.85,18.40,1200.00,31.05
GRI,2025-01-05 03:53,12.00,6.00,76.38,19.55,2800.00,31.05
GRI,2025-01-05 04:06,11.00,6.00,79.85,19.55,3200.00,29.90
GRI,2025-01-05 04:53,11.00,8.00,87.42,16.10,3700.00,29.90
GRI,2025-01-05 05:35,11.00,7.00,83.56,18.40,1800.00,33.35
GRI,2025-01-05 05:41,11.00,6.00,79.85,19.55,1800.00,33.35
GRI,2025-01-05 05:53,10.00,6.00,83.49,23.00,1800.00,33.35
GRI,2025-01-05 06:24,10.00,6.00,83.49,16.10,1200.00,33.35
GRI,2025-01-05 06:46,10.00,5.00,79.76,18.40,1600.00,33.35
GRI,2025-01-05 06:53,10.00,5.00,79.76,18.40,1600.00,33.35
GRI,2025-01-05 07:53,10.00,5.00,79.76,19.55,4300.00,31.05
GRI,2025-01-05 08:04,10.00,5.00,79.76,18.40,4300.00,29.90
GRI,2025-01-05 08:18,10.00,5.00,79.76,18.40,3700.00,29.90
GRI,2025-01-05 08:23,10.00,5.00,79.76,17.25,3300.00,29.90
GRI,2025-01-05 08:30,9.00,5.00,83.41,20.70,2900.00,31.05
GRI,2025-01-05 08:53,9.00,5.00,83.41,20.70,1400.00,31.05
GRI,2025-01-05 09:51,8.60,5.00,84.93,20.79,1400.00,31.05
GRI,2025-01-05 09:53,9.00,5.00,83.41,20.70,1500.00,31.05
GRI,2025-01-05 10:31,10.00,4.00,76.18,19.55,2900.00,M
GRI,2025-01-05 10:36,10.00,4.00,76.18,18.40,3100.00,M
GRI,2025-01-05 10:53,10.00,2.00,69.45,20.70,4400.00,31.05
GRI,2025-01-05 11:53,10.00,1.00,66.29,19.55,5500.00,31.05
GRI,2025-01-05 12:53,10.00,-1.00,60.36,20.70,4300.00,29.90
GRI,2025-01-05 13:53,10.00,-1.00,60.36,20.70,6000.00,29.90
GRI,2025-01-05 14:53,10.00,-1.00,60.36,19.55,9000.00,M
GRI,2025-01-05 15:53,10.00,-2.00,57.57,13.80,M,M
GRI,2025-01-05 16:53,9.00,-3.00,57.41,10.35,M,M
GRI,2025-01-05 17:53,7.00,-4.00,59.91,13.80,M,M
GRI,2025-01-05 18:53,5.00,-6.00,59.60,11.50,M,M
GRI,2025-01-05 19:53,4.00,-6.00,62.40,10.35,M,M
GRI,2025-01-05 20:53,3.00,-6.00,65.35,11.50,M,M
GRI,2025-01-05 21:53,4.00,-7.00,59.45,10.35,M,M
GRI,2025-01-05 22:53,4.00,-7.00,59.45,13.80,M,M
GRI,2025-01-05 23:53,2.00,-8.00,62.11,11.50,M,M
GRI,2025-01-06 00:53,0.00,-8.00,68.19,10.35,M,M
GRI,2025-01-06 01:53,-1.00,-10.00,64.79,6.90,M,M
GRI,2025-01-06 02:53,-2.00,-11.00,64.65,5.75,M,M
GRI,2025-01-06 03:53,-5.00,-12.00,70.99,8.05,M,M
GRI,2025-01-06 04:53,-6.00,-13.00,70.87,6.90,M,M
GRI,2025-01-06 05:53,-6.00,-13.00,70.87,6.90,M,M
GRI,2025-01-06 06:53,-7.00,-14.00,70.74,8.05,M,M
GRI,2025-01-06 07:53,-6.00,-14.00,67.40,6.90,M,M
GRI,2025-01-06 08:53,-2.00,-13.00,58.52,6.90,M,M
GRI,2025-01-06 09:53,2.00,-11.00,53.59,5.75,M,M
GRI,2025-01-06 10:53,6.00,-10.00,46.84,8.05,M,M
GRI,2025-01-06 11:53,10.00,-8.00,43.14,8.05,M,M
GRI,2025-01-06 12:53,12.00,-7.00,41.44,8.05,M,M
GRI,2025-01-06 13:53,16.00,-5.00,38.30,6.90,M,M
GRI,2025-01-06 14:53,17.00,-4.00,38.48,8.05,M,M
GRI,2025-01-06 15:53,18.00,-4.00,36.86,5.75,M,M
GRI,2025-01-06 16:53,15.00,-2.00,46.16,3.45,M,M
GRI,2025-01-06 17:53,11.00,-3.00,52.51,3.45,M,M
GRI,2025-01-06 18:53,9.00,-4.00,54.74,3.45,12000.00,M
GRI,2025-01-06 19:53,7.00,-2.00,65.89,0.00,12000.00,M
GRI,2025-01-06 20:53,7.00,-3.00,62.84,4.60,M,M
GRI,2025-01-06 21:53,3.00,-3.00,75.46,4.60,M,M
GRI,2025-01-06 22:53,1.00,-5.00,75.25,5.75,M,M
GRI,2025-01-06 23:53,3.00,-3.00,75.46,5.75,M,M
GRI,2025-01-07 00:53,2.00,-3.00,79.04,4.60,M,M
GRI,2025-01-07 01:53,3.00,-2.00,79.14,5.75,7500.00,M
GRI,2025-01-07 02:53,4.00,-1.00,79.23,5.75,12000.00,M
GRI,2025-01-07 03:53,7.00,2.00,79.50,3.45,8500.00,M
GRI,2025-01-07 04:53,10.00,3.00,72.75,6.90,8000.00,M
GRI,2025-01-07 05:53,13.00,6.00,73.08,6.90,3500.00,M
GRI,2025-01-07 06:53,15.00,9.00,76.68,8.05,3100.00,M
GRI,2025-01-07 07:53,16.00,11.00,80.27,8.05,4200.00,M
GRI,2025-01-07 08:53,17.00,12.00,80.36,8.05,4100.00,M
GRI,2025-01-07 09:53,19.00,13.00,77.06,10.35,2100.00,M
GRI,2025-01-07 10:02,19.00,11.00,70.53,17.25,1900.00,M
GRI,2025-01-07 10:53,19.00,11.00,70.53,16.10,1900.00,M
GRI,2025-01-07 11:09,19.00,11.00,70.53,16.10,1900.00,M
GRI,2025-01-07 11:53,20.00,10.00,64.64,18.40,2000.00,M
GRI,2025-01-07 12:03,20.00,9.00,61.80,16.10,1600.00,M
GRI,2025-01-07 12:22,20.00,9.00,61.80,13.80,2500.00,M
GRI,2025-01-07 12:53,19.00,10.00,67.46,19.55,2700.00,M
GRI,2025-01-07 13:53,19.00,7.00,58.94,19.55,2500.00,M
GRI,2025-01-07 14:53,18.00,7.00,61.52,17.25,2900.00,M
GRI,2025-01-07 15:17,17.00,6.00,61.38,19.55,3000.00,M
GRI,2025-01-07 15:40,17.00,6.00,61.38,14.95,2800.00,M
GRI,2025-01-07 15:53,16.00,6.00,64.09,13.80,2800.00,29.90
GRI,2025-01-07 16:37,15.00,5.00,63.96,13.80,2300.00,M
GRI,2025-01-07 16:53,13.00,4.00,66.69,13.80,M,M
GRI,2025-01-07 17:53,11.00,3.00,69.58,11.50,M,M
GRI,2025-01-07 18:53,10.00,2.00,69.45,11.50,M,M
GRI,2025-01-07 19:53,8.00,1.00,72.52,8.05,M,M
GRI,2025-01-07 20:53,6.00,0.00,75.78,9.20,M,M
GRI,2025-01-07 21:53,5.00,-1.00,75.67,9.20,M,M
GRI,2025-01-07 22:30,6.00,0.00,75.78,8.05,1900.00,M
GRI,2025-01-07 22:53,7.00,1.00,75.88,6.90,1900.00,M
GRI,2025-01-07 23:53,7.00,1.00,75.88,3.45,1900.00,M
GRI,2025-01-08 00:53,7.00,2.00,79.50,0.00,1800.00,M
GRI,2025-01-08 01:53,7.00,3.00,83.27,0.00,1800.00,M
GRI,2025-01-08 02:41,5.00,2.00,87.08,0.00,1600.00,M
GRI,2025-01-08 02:53,4.00,1.00,87.02,0.00,M,M
GRI,2025-01-08 03:53,3.00,1.00,91.13,4.60,M,M
GRI,2025-01-08 04:53,2.00,-1.00,86.90,4.60,M,M
GRI,2025-01-08 05:53,2.00,-1.00,86.90,6.90,M,M
GRI,2025-01-08 06:53,1.00,-2.00,86.84,5.75,M,M
GRI,2025-01-08 07:53,1.00,-3.00,82.81,5.75,M,M
GRI,2025-01-08 08:53,5.00,1.00,83.12,9.20,M,M
GRI,2025-01-08 09:53,10.00,5.00,79.76,10.35,M,M
GRI,2025-01-08 10:53,15.00,7.00,70.06,12.65,M,M
GRI,2025-01-08 11:53,20.00,10.00,64.64,10.35,M,M
GRI,2025-01-08 12:53,23.00,13.00,65.03,11.50,M,M
GRI,2025-01-08 13:53,25.00,14.00,62.50,14.95,M,M
GRI,2025-01-08 14:53,28.00,16.00,60.25,11.50,M,M
GRI,2025-01-08 15:53,28.00,17.00,62.91,8.05,M,M
GRI,2025-01-08 16:53,27.00,16.00,62.78,6.90,M,M
GRI,2025-01-08 17:53,22.00,15.00,74.05,10.35,M,M
GRI,2025-01-08 18:53,21.00,15.00,77.25,6.90,M,M
GRI,2025-01-08 19:53,20.00,15.00,80.60,10.35,M,M
GRI,2025-01-08 20:53,19.00,15.00,84.12,10.35,M,M
GRI,2025-01-08 21:53,18.00,15.00,87.81,10.35,M,M
GRI,2025-01-08 22:53,19.00,16.00,87.87,12.65,M,M
GRI,2025-01-08 23:53,19.00,15.00,84.12,11.50,M,M
GRI,2025-01-09 00:53,20.00,16.00,84.19,10.35,M,M
GRI,2025-01-09 01:53,22.00,17.00,80.77,11.50,M,M
GRI,2025-01-09 02:53,21.00,17.00,84.26,10.35,M,M
GRI,2025-01-09 03:53,20.00,15.00,80.60,10.35,M,M
GRI,2025-01-09 04:53,18.00,14.00,84.05,8.05,M,M
GRI,2025-01-09 05:53,15.00,12.00,87.65,8.05,M,M
GRI,2025-01-09 06:53,15.00,12.00,87.65,9.20,M,M
GRI,2025-01-09 07:53,18.00,14.00,84.05,9.20,M,M
GRI,2025-01-09 08:14,22.00,18.00,84.33,10.35,1800.00,M
GRI,2025-01-09 08:53,27.00,23.00,84.66,8.05,2000.00,M
GRI,2025-01-09 09:53,31.00,27.00,84.92,10.35,2100.00,M
GRI,2025-01-09 10:53,35.00,31.00,85.17,14.95,1500.00,M
GRI,2025-01-09 11:10,35.00,31.00,85.17,13.80,1100.00,M
GRI,2025-01-09 11:53,35.00,31.00,85.17,13.80,1200.00,M
GRI,2025-01-09 12:29,36.00,31.00,81.86,16.10,1600.00,M
GRI,2025-01-09 12:53,35.00,30.00,81.78,16.10,1600.00,M
GRI,2025-01-09 13:53,35.00,30.00,81.78,13.80,2300.00,29.90
GRI,2025-01-09 14:51,33.80,30.20,86.49,19.67,1801.00,M
GRI,2025-01-09 14:53,34.00,30.00,85.11,17.25,1200.00,M
GRI,2025-01-09 15:18,33.00,31.00,92.25,19.55,1500.00,M
GRI,2025-01-09 15:48,33.80,30.20,86.49,20.70,1200.00,29.90
GRI,2025-01-09 15:51,33.80,30.20,86.49,18.40,900.00,29.90
GRI,2025-01-09 15:53,33.00,30.00,88.58,18.40,900.00,29.90
GRI,2025-01-09 15:59,33.00,31.00,92.25,17.25,900.00,M
GRI,2025-01-09 16:25,32.00,30.00,92.22,19.55,900.00,32.20
GRI,2025-01-09 16:33,32.00,30.00,92.22,20.70,900.00,32.20
GRI,2025-01-09 16:38,32.00,30.00,92.22,21.85,1100.00,32.20
GRI,2025-01-09 16:46,32.00,30.00,92.22,18.40,900.00,32.20
GRI,2025-01-09 16:53,32.00,30.00,92.22,19.55,1100.00,32.20
GRI,2025-01-09 17:02,31.00,30.00,96.02,17.25,800.00,M
GRI,2025-01-09 17:10,31.00,29.00,92.19,17.25,800.00,M
GRI,2025-01-09 17:31,32.00,28.00,84.98,20.70,2100.00,29.90
GRI,2025-01-09 17:53,31.00,27.00,84.92,19.55,1900.00,29.90
GRI,2025-01-09 18:53,30.00,25.00,81.40,23.00,M,33.35
GRI,2025-01-09 19:53,29.00,24.00,81.32,21.85,M,34.50
GRI,2025-01-09 20:53,28.00,24.00,84.72,17.25,M,32.20
GRI,2025-01-09 21:53,28.00,23.00,81.25,11.50,M,M
GRI,2025-01-09 22:53,26.00,21.00,81.09,10.35,M,M
GRI,2025-01-09 23:53,24.00,20.00,84.46,9.20,M,M
GRI,2025-01-10 00:53,24.00,20.00,84.46,11.50,M,M
GRI,2025-01-10 01:53,23.00,19.00,84.39,9.20,M,M
GRI,2025-01-10 02:53,20.00,17.00,87.92,9.20,M,M
GRI,2025-01-10 03:53,19.00,16.00,87.87,9.20,M,M
GRI,2025-01-10 04:53,19.00,16.00,87.87,8.05,M,M
GRI,2025-01-10 05:53,18.00,15.00,87.81,10.35,M,M
GRI,2025-01-10 06:53,17.00,14.00,87.76,10.35,M,M
GRI,2025-01-10 07:53,15.00,13.00,91.61,10.35,M,M
GRI,2025-01-10 08:53,18.00,14.00,84.05,10.35,M,M
GRI,2025-01-10 09:53,22.00,17.00,80.77,9.20,M,M
GRI,2025-01-10 10:53,26.00,19.00,74.46,10.35,M,M
GRI,2025-01-10 11:53,29.00,20.00,68.69,12.65,M,M
GRI,2025-01-10 12:53,31.00,21.00,66.07,13.80,M,M
GRI,2025-01-10 13:53,33.00,21.00,60.95,11.50,M,M
GRI,2025-01-10 14:53,34.00,23.00,63.72,13.80,M,M
GRI,2025-01-10 15:53,35.00,22.00,58.70,10.35,M,M
GRI,2025-01-10 16:53,33.00,22.00,63.59,3.45,M,M
GRI,2025-01-10 17:53,28.00,21.00,74.67,3.45,M,M
GRI,2025-01-10 18:53,24.00,18.00,77.53,4.60,M,M
GRI,2025-01-10 19:53,23.00,19.00,84.39,8.05,M,M
GRI,2025-01-10 20:53,23.00,19.00,84.39,5.75,M,M
GRI,2025-01-10 21:53,21.00,17.00,84.26,4.60,M,M
GRI,2025-01-10 22:53,20.00,17.00,87.92,6.90,M,M
GRI,2025-01-10 23:53,20.00,16.00,84.19,6.90,M,M
GRI,2025-01-11 00:53,23.00,19.00,84.39,6.90,9000.00,M
GRI,2025-01-11 01:53,27.00,20.00,74.57,9.20,10000.00,M
GRI,2025-01-11 02:53,26.00,19.00,74.46,9.20,10000.00,M
GRI,2025-01-11 03:53,25.00,17.00,71.22,11.50,M,M
GRI,2025-01-11 04:53,24.00,16.00,71.11,6.90,M,M
GRI,2025-01-11 05:53,26.00,17.00,68.32,9.20,M,M
GRI,2025-01-11 06:53,27.00,18.00,68.45,14.95,10000.00,M
GRI,2025-01-11 07:53,26.00,19.00,74.46,9.20,10000.00,M
GRI,2025-01-11 08:53,30.00,22.00,71.78,10.35,10000.00,M
GRI,2025-01-11 09:53,32.00,24.00,72.00,5.75,11000.00,M
GRI,2025-01-11 10:53,36.00,28.00,72.43,5.75,7000.00,M
GRI,2025-01-11 11:53,39.00,31.00,72.75,6.90,7000.00,M
GRI,2025-01-11 12:53,42.00,31.00,64.75,11.50,8000.00,M
GRI,2025-01-11 13:53,43.00,32.00,64.88,11.50,11000.00,M
GRI,2025-01-11 14:53,43.00,33.00,67.54,9.20,3300.00,M
GRI,2025-01-11 15:53,42.00,32.00,67.42,11.50,3000.00,M
GRI,2025-01-11 16:53,40.00,32.00,72.85,9.20,3500.00,M
GRI,2025-01-11 17:53,35.00,30.00,81.78,4.60,3300.00,M
GRI,2025-01-11 18:53,31.00,28.00,88.48,4.60,3400.00,M
GRI,2025-01-11 19:53,31.00,28.00,88.48,6.90,3000.00,M
GRI,2025-01-11 20:53,32.00,28.00,84.98,9.20,M,M
GRI,2025-01-11 21:53,32.00,28.00,84.98,8.05,M,M
GRI,2025-01-11 22:53,33.00,28.00,81.63,10.35,3200.00,M
GRI,2025-01-11 23:53,32.00,27.00,81.55,9.20,3400.00,M
GRI,2025-01-12 00:43,32.00,27.00,81.55,10.35,2900.00,M
GRI,2025-01-12 00:53,33.00,28.00,81.63,11.50,3000.00,M
GRI,2025-01-12 01:25,33.00,28.00,81.63,9.20,2900.00,M
GRI,2025-01-12 01:53,33.00,28.00,81.63,9.20,2700.00,M
GRI,2025-01-12 02:53,30.00,27.00,88.44,3.45,2500.00,M
GRI,2025-01-12 03:28,27.00,25.00,92.05,6.90,2100.00,M
GRI,2025-01-12 03:53,30.00,27.00,88.44,8.05,5000.00,M
GRI,2025-01-12 04:53,31.00,30.00,96.02,8.05,4300.00,M
GRI,2025-01-12 05:53,32.00,28.00,84.98,16.10,2400.00,M
GRI,2025-01-12 06:23,32.00,29.00,88.53,21.85,1500.00,37.95
GRI,2025-01-12 06:35,31.00,27.00,84.92,25.30,1500.00,37.95
GRI,2025-01-12 06:53,31.00,25.00,78.16,20.70,1700.00,37.95
GRI,2025-01-12 07:51,26.60,17.60,68.40,24.14,2299.00,39.10
GRI,2025-01-12 07:53,25.00,17.00,71.22,20.70,2300.00,39.10
GRI,2025-01-12 08:53,26.00,17.00,68.32,14.95,3200.00,29.90
GRI,2025-01-12 09:53,25.00,15.00,65.30,23.00,2600.00,34.50
GRI,2025-01-12 10:35,24.00,14.00,65.17,20.70,2500.00,32.20
GRI,2025-01-12 10:53,24.00,14.00,65.17,20.70,2500.00,32.20
GRI,2025-01-12 11:21,24.00,13.00,62.36,19.55,2400.00,33.35
GRI,2025-01-12 11:53,25.00,13.00,59.82,17.25,2600.00,33.35
GRI,2025-01-12 12:53,24.00,10.00,54.59,21.85,2700.00,34.50
GRI,2025-01-12 13:53,24.00,8.00,49.90,18.40,M,34.50
GRI,2025-01-12 14:53,24.00,7.00,47.70,21.85,M,29.90
GRI,2025-01-12 15:53,23.00,7.00,49.74,17.25,M,29.90
GRI,2025-01-12 16:53,21.00,7.00,54.12,14.95,M,M
GRI,2025-01-12 17:53,16.00,7.00,67.07,9.20,M,M
GRI,2025-01-12 18:53,13.00,7.00,76.48,6.90,M,M
GRI,2025-01-12 19:53,10.00,6.00,83.49,5.75,M,M
GRI,2025-01-12 20:53,9.00,4.00,79.67,4.60,M,M
GRI,2025-01-12 21:53,9.00,3.00,76.08,3.45,M,M
GRI,2025-01-12 22:53,8.00,3.00,79.58,3.45,M,M
GRI,2025-01-12 23:53,7.00,3.00,83.27,0.00,M,M
GRI,2025-01-13 00:53,7.00,2.00,79.50,5.75,M,M
GRI,2025-01-13 01:53,6.00,2.00,83.19,5.75,M,M
GRI,2025-01-13 02:53,8.00,3.00,79.58,4.60,4500.00,M
GRI,2025-01-13 03:53,10.00,4.00,76.18,8.05,5000.00,M
GRI,2025-01-13 04:53,10.00,4.00,76.18,5.75,4900.00,M
GRI,2025-01-13 05:53,9.00,3.00,76.08,6.90,4300.00,M
GRI,2025-01-13 06:53,7.00,1.00,75.88,3.45,M,M
GRI,2025-01-13 07:53,8.00,3.00,79.58,4.60,M,M
GRI,2025-01-13 08:53,14.00,8.00,76.58,6.90,M,M
GRI,2025-01-13 09:53,18.00,9.00,67.33,10.35,M,M
GRI,2025-01-13 10:53,21.00,6.00,51.72,10.35,M,M
GRI,2025-01-13 11:53,26.00,9.00,48.03,12.65,M,M
GRI,2025-01-13 12:53,31.00,13.00,46.75,16.10,M,M
GRI,2025-01-13 13:53,35.00,15.00,43.47,13.80,6000.00,M
GRI,2025-01-13 14:53,37.00,18.00,45.73,12.65,M,M
GRI,2025-01-13 15:53,38.00,19.00,45.90,12.65,M,M
GRI,2025-01-13 16:53,37.00,22.00,54.23,6.90,M,M
GRI,2025-01-13 17:53,27.00,19.00,71.45,3.45,M,M
GRI,2025-01-13 18:53,26.00,20.00,77.71,0.00,6500.00,M
GRI,2025-01-13 19:53,25.00,20.00,81.01,8.05,M,M
GRI,2025-01-13 20:53,25.00,20.00,81.01,8.05,M,M
GRI,2025-01-13 21:53,23.00,19.00,84.39,8.05,M,M
GRI,2025-01-13 22:53,27.00,20.00,74.57,11.50,M,M
GRI,2025-01-13 23:53,27.00,20.00,74.57,11.50,M,M
GRI,2025-01-14 00:53,26.00,20.00,77.71,9.20,M,M
GRI,2025-01-14 01:53,26.00,20.00,77.71,10.35,M,M
GRI,2025-01-14 02:53,23.00,20.00,88.08,13.80,3000.00,M
GRI,2025-01-14 02:58,22.00,19.00,88.02,16.10,800.00,M
GRI,2025-01-14 03:13,21.00,18.00,87.97,17.25,800.00,M
GRI,2025-01-14 03:37,19.00,15.00,84.12,18.40,1000.00,M
GRI,2025-01-14 03:53,19.00,14.00,80.52,12.65,1100.00,M
GRI,2025-01-14 04:22,18.00,13.00,80.44,11.50,1500.00,M
GRI,2025-01-14 04:53,18.00,13.00,80.44,11.50,1500.00,M
GRI,2025-01-14 05:53,16.00,10.00,76.77,8.05,1800.00,M
GRI,2025-01-14 06:53,15.00,9.00,76.68,6.90,1900.00,M
GRI,2025-01-14 07:53,14.00,8.00,76.58,8.05,2000.00,M
GRI,2025-01-14 08:24,13.00,7.00,76.48,8.05,2000.00,M
GRI,2025-01-14 08:40,13.00,6.00,73.08,6.90,2000.00,M
GRI,2025-01-14 08:53,13.00,5.00,69.82,8.05,2000.00,M
GRI,2025-01-14 09:53,13.00,4.00,66.69,6.90,1900.00,M
GRI,2025-01-14 10:53,15.00,1.00,53.16,4.60,2000.00,M
GRI,2025-01-14 11:53,15.00,2.00,55.69,4.60,2300.00,M
GRI,2025-01-14 12:53,15.00,3.00,58.34,3.45,2400.00,M
GRI,2025-01-14 13:21,17.00,4.00,56.01,3.45,2400.00,M
GRI,2025-01-14 13:53,18.00,5.00,56.16,5.75,2400.00,M
GRI,2025-01-14 14:46,19.00,5.00,53.80,8.05,2200.00,M
GRI,2025-01-14 14:53,19.00,5.00,53.80,4.60,2200.00,M
GRI,2025-01-14 15:22,19.00,6.00,56.32,5.75,2200.00,M
GRI,2025-01-14 15:37,19.00,6.00,56.32,6.90,2200.00,M
GRI,2025-01-14 15:53,19.00,7.00,58.94,8.05,2000.00,M
GRI,2025-01-14 16:14,19.00,7.00,58.94,8.05,1900.00,M
GRI,2025-01-14 16:53,19.00,7.00,58.94,8.05,9000.00,M
GRI,2025-01-14 17:53,18.00,6.00,58.79,8.05,8500.00,M
GRI,2025-01-14 18:53,18.00,5.00,56.16,8.05,8500.00,M
GRI,2025-01-14 19:53,17.00,5.00,58.64,6.90,8000.00,M
GRI,2025-01-14 20:53,17.00,6.00,61.38,11.50,7500.00,M
GRI,2025-01-14 21:53,16.00,6.00,64.09,8.05,M,M
GRI,2025-01-14 22:53,17.00,8.00,67.20,3.45,12000.00,M
GRI,2025-01-14 23:53,18.00,11.00,73.62,9.20,6000.00,M
GRI,2025-01-15 00:51,17.60,12.20,79.00,8.05,1300.00,M
GRI,2025-01-15 00:53,18.00,12.00,76.97,8.05,1300.00,M
GRI,2025-01-15 01:53,19.00,12.00,73.73,6.90,1200.00,M
GRI,2025-01-15 02:53,19.00,12.00,73.73,10.35,1100.00,M
GRI,2025-01-15 03:53,19.00,13.00,77.06,6.90,1100.00,M
GRI,2025-01-15 04:35,18.00,12.00,76.97,6.90,1100.00,M
GRI,2025-01-15 04:51,17.60,12.20,79.00,5.81,1099.00,M
GRI,2025-01-15 04:53,17.00,12.00,80.36,5.75,1100.00,M
GRI,2025-01-15 05:53,18.00,13.00,80.44,8.05,1200.00,M
GRI,2025-01-15 06:53,18.00,13.00,80.44,6.90,1100.00,M
GRI,2025-01-15 07:33,17.00,13.00,83.98,8.05,900.00,M
GRI,2025-01-15 07:53,16.00,12.00,83.91,8.05,800.00,M
GRI,2025-01-15 08:34,17.00,15.00,91.68,10.35,400.00,M
GRI,2025-01-15 08:48,17.60,15.80,92.50,10.35,300.00,M
GRI,2025-01-15 08:53,17.00,15.00,91.68,10.35,300.00,M
GRI,2025-01-15 09:32,18.00,17.00,95.78,10.35,400.00,M
GRI,2025-01-15 09:48,19.40,17.60,92.57,9.20,300.00,M
GRI,2025-01-15 09:53,19.00,18.00,95.80,9.20,200.00,M
GRI,2025-01-15 10:51,23.00,19.40,85.85,9.17,298.00,M
GRI,2025-01-15 10:53,22.00,20.00,91.87,10.35,300.00,M
GRI,2025-01-15 11:14,25.00,21.00,84.53,9.20,500.00,M
GRI,2025-01-15 11:23,26.00,22.00,84.59,8.05,500.00,M
GRI,2025-01-15 11:53,30.00,23.00,74.87,8.05,M,M
GRI,2025-01-15 12:53,38.00,25.00,59.13,12.65,M,M
GRI,2025-01-15 13:53,45.00,24.00,43.28,16.10,M,M
GRI,2025-01-15 14:53,47.00,21.00,35.36,17.25,M,31.05
GRI,2025-01-15 15:53,47.00,22.00,36.89,20.70,M,33.35
GRI,2025-01-15 16:53,45.00,23.00,41.50,11.50,11000.00,M
GRI,2025-01-15 17:53,38.00,24.00,56.71,9.20,11000.00,M
GRI,2025-01-15 18:53,40.00,25.00,54.69,10.35,11000.00,M
GRI,2025-01-15 19:53,42.00,25.00,50.61,12.65,10000.00,M
GRI,2025-01-15 20:53,41.00,26.00,54.84,14.95,10000.00,M
GRI,2025-01-15 21:53,37.00,26.00,64.11,11.50,M,M
GRI,2025-01-15 22:53,36.00,26.00,66.69,11.50,M,M
GRI,2025-01-15 23:53,36.00,27.00,69.51,10.35,M,M
GRI,2025-01-16 00:53,39.00,27.00,61.78,13.80,M,M
GRI,2025-01-16 01:53,35.00,26.00,69.39,10.35,M,M
GRI,2025-01-16 02:53,35.00,26.00,69.39,11.50,M,M
GRI,2025-01-16 03:53,34.00,26.00,72.22,10.35,M,M
GRI,2025-01-16 04:53,33.00,25.00,72.11,11.50,M,M
GRI,2025-01-16 05:53,33.00,25.00,72.11,10.35,M,M
GRI,2025-01-16 06:53,29.00,24.00,81.32,6.90,M,M
GRI,2025-01-16 07:53,27.00,23.00,84.66,9.20,M,M
GRI,2025-01-16 08:53,32.00,25.00,75.07,8.05,M,M
GRI,2025-01-16 09:53,37.00,26.00,64.11,9.20,M,M
GRI,2025-01-16 10:53,41.00,27.00,57.15,10.35,M,M
GRI,2025-01-16 11:53,44.00,27.00,50.93,5.75,M,M
GRI,2025-01-16 12:53,48.00,26.00,42.00,4.60,M,M
GRI,2025-01-16 13:53,50.00,25.00,37.39,8.05,M,M
GRI,2025-01-16 14:53,50.00,26.00,38.97,8.05,M,M
GRI,2025-01-16 15:53,52.00,27.00,37.72,14.95,M,M
GRI,2025-01-16 16:53,49.00,26.00,40.45,10.35,M,M
GRI,2025-01-16 17:53,43.00,27.00,52.91,11.50,M,M
GRI,2025-01-16 18:53,40.00,28.00,61.91,12.65,M,M
GRI,2025-01-16 19:53,38.00,26.00,61.64,13.80,M,M
GRI,2025-01-16 20:53,38.00,26.00,61.64,12.65,M,M
GRI,2025-01-16 21:53,38.00,28.00,66.94,17.25,M,M
GRI,2025-01-16 22:53,38.00,28.00,66.94,18.40,M,32.20
GRI,2025-01-16 23:53,37.00,28.00,69.63,14.95,M,M
GRI,2025-01-17 00:53,37.00,28.00,69.63,13.80,M,M
GRI,2025-01-17 01:53,36.00,27.00,69.51,13.80,M,M
GRI,2025-01-17 02:53,37.00,26.00,64.11,14.95,M,M
GRI,2025-01-17 03:53,36.00,26.00,66.69,12.65,M,M
GRI,2025-01-17 04:53,34.00,25.00,69.28,10.35,M,M
GRI,2025-01-17 05:53,32.00,24.00,72.00,8.05,M,M
GRI,2025-01-17 06:53,28.00,24.00,84.72,6.90,M,M
GRI,2025-01-17 07:53,28.00,23.00,81.25,6.90,M,M
GRI,2025-01-17 08:53,31.00,25.00,78.16,8.05,M,M
GRI,2025-01-17 09:53,41.00,29.00,62.04,13.80,M,M
GRI,2025-01-17 10:53,47.00,30.00,51.39,18.40,M,33.35
GRI,2025-01-17 11:53,49.00,30.00,47.68,27.60,M,37.95
GRI,2025-01-17 12:53,48.00,25.00,40.29,33.35,M,43.70
GRI,2025-01-17 13:53,47.00,21.00,35.36,28.75,M,52.90
GRI,2025-01-17 14:53,44.00,21.00,39.62,32.20,M,48.30
GRI,2025-01-17 15:53,41.00,23.00,48.39,27.60,11000.00,47.15
GRI,2025-01-17 16:53,38.00,22.00,52.14,29.90,11000.00,46.00
GRI,2025-01-17 17:53,35.00,23.00,61.23,26.45,3600.00,44.85
GRI,2025-01-17 18:14,34.00,23.00,63.72,23.00,2900.00,39.10
GRI,2025-01-17 18:30,33.00,19.00,55.97,26.45,3000.00,39.10
GRI,2025-01-17 18:53,32.00,20.00,60.81,23.00,3100.00,39.10
GRI,2025-01-17 19:51,28.40,17.60,63.51,27.72,2900.00,47.15
GRI,2025-01-17 19:53,29.00,17.00,60.39,27.60,2900.00,47.15
GRI,2025-01-17 20:15,28.00,17.00,62.91,26.45,2900.00,42.55
GRI,2025-01-17 20:37,28.00,17.00,62.91,25.30,2900.00,42.55
GRI,2025-01-17 20:53,28.00,16.00,60.25,26.45,2900.00,43.70
GRI,2025-01-17 21:53,27.00,17.00,65.56,19.55,2800.00,36.80
GRI,2025-01-17 22:53,26.00,16.00,65.43,26.45,2600.00,39.10
GRI,2025-01-17 23:53,24.00,14.00,65.17,25.30,2500.00,37.95
GRI,2025-01-18 00:53,22.00,12.00,64.90,23.00,2700.00,39.10
GRI,2025-01-18 01:48,15.80,6.80,67.05,27.60,2600.00,43.70
GRI,2025-01-18 01:53,16.00,6.00,64.09,26.45,2600.00,43.70
GRI,2025-01-18 02:15,16.00,6.00,64.09,19.55,2500.00,40.25
GRI,2025-01-18 02:53,15.00,7.00,70.06,21.85,2400.00,40.25
GRI,2025-01-18 03:53,14.00,5.00,66.82,23.00,2400.00,31.05
GRI,2025-01-18 04:53,13.00,5.00,69.82,21.85,2400.00,34.50
GRI,2025-01-18 05:53,13.00,4.00,66.69,23.00,2400.00,35.65
GRI,2025-01-18 06:53,14.00,4.00,63.82,18.40,2500.00,34.50
GRI,2025-01-18 07:53,15.00,5.00,63.96,25.30,2500.00,34.50
GRI,2025-01-18 08:53,14.00,4.00,63.82,21.85,2500.00,33.35
GRI,2025-01-18 09:53,14.00,2.00,58.18,21.85,2700.00,29.90
GRI,2025-01-18 10:53,16.00,3.00,55.85,20.70,2700.00,31.05
GRI,2025-01-18 11:51,17.60,1.40,48.39,20.79,2900.00,32.20
GRI,2025-01-18 11:53,17.00,1.00,48.74,20.70,2900.00,32.20
GRI,2025-01-18 12:53,17.00,2.00,51.06,18.40,3200.00,32.20
GRI,2025-01-18 13:53,18.00,0.00,44.55,21.85,3200.00,29.90
GRI,2025-01-18 14:53,19.00,1.00,44.72,19.55,3800.00,32.20
GRI,2025-01-18 15:53,19.00,2.00,46.85,19.55,3700.00,33.35
GRI,2025-01-18 16:53,16.00,-1.00,46.34,17.25,11000.00,32.20
GRI,2025-01-18 17:53,13.00,-3.00,48.06,18.40,11000.00,29.90
GRI,2025-01-18 18:53,11.00,0.00,60.50,17.25,M,29.90
GRI,2025-01-18 19:53,10.00,1.00,66.29,16.10,M,M
GRI,2025-01-18 20:51,10.40,1.40,66.35,13.80,2800.00,M
GRI,2025-01-18 20:53,10.00,2.00,69.45,13.80,2800.00,M
GRI,2025-01-18 21:44,11.00,0.00,60.50,16.10,3000.00,M
GRI,2025-01-18 21:53,10.00,0.00,63.26,11.50,3000.00,M
GRI,2025-01-18 22:53,12.00,1.00,60.65,9.20,3500.00,M
GRI,2025-01-18 23:53,12.00,1.00,60.65,10.35,3600.00,M
GRI,2025-01-19 00:53,10.00,-2.00,57.57,16.10,2700.00,M
GRI,2025-01-19 01:53,8.00,-4.00,57.26,17.25,2900.00,M
GRI,2025-01-19 02:51,8.60,1.40,71.92,13.80,2200.00,M
GRI,2025-01-19 02:53,7.00,1.00,75.88,16.10,2200.00,M
GRI,2025-01-19 03:13,5.00,-6.00,59.60,14.95,1900.00,32.20
GRI,2025-01-19 03:53,3.00,-5.00,68.58,11.50,M,32.20
GRI,2025-01-19 04:53,1.00,-7.00,68.32,9.20,M,M
GRI,2025-01-19 05:53,-1.00,-9.00,68.06,9.20,M,M
GRI,2025-01-19 06:53,-2.00,-9.00,71.35,9.20,M,M
GRI,2025-01-19 07:53,-3.00,-9.00,74.83,8.05,M,M
GRI,2025-01-19 08:53,0.00,-8.00,68.19,13.80,M,M
GRI,2025-01-19 09:53,2.00,-8.00,62.11,12.65,M,M
GRI,2025-01-19 10:53,5.00,-9.00,51.50,10.35,M,M
GRI,2025-01-19 11:53,7.00,-14.00,36.67,11.50,M,M
GRI,2025-01-19 12:53,10.00,-14.00,32.04,8.05,M,M
GRI,2025-01-19 13:53,11.00,-14.00,30.64,12.65,M,M
GRI,2025-01-19 14:53,13.00,-15.00,26.67,12.65,M,M
GRI,2025-01-19 15:53,13.00,-15.00,26.67,10.35,M,M
GRI,2025-01-19 16:53,12.00,-16.00,26.49,11.50,M,M
GRI,2025-01-19 17:53,7.00,-14.00,36.67,6.90,M,M
GRI,2025-01-19 18:53,6.00,-12.00,42.42,0.00,M,M
GRI,2025-01-19 19:53,4.00,-12.00,46.49,0.00,M,M
GRI,2025-01-19 20:53,5.00,-11.00,46.67,3.45,M,M
GRI,2025-01-19 21:53,5.00,-11.00,46.67,0.00,M,M
GRI,2025-01-19 22:53,-1.00,-10.00,64.79,4.60,8000.00,M
GRI,2025-01-19 23:53,1.00,-9.00,61.96,5.75,7000.00,M
GRI,2025-01-20 00:53,1.00,-10.00,58.99,6.90,7500.00,M
GRI,2025-01-20 01:53,-2.00,-10.00,67.93,5.75,6500.00,M
GRI,2025-01-20 02:53,-3.00,-10.00,71.23,5.75,7000.00,M
GRI,2025-01-20 03:53,0.00,-9.00,64.93,8.05,6500.00,M
GRI,2025-01-20 04:53,1.00,-9.00,61.96,12.65,7500.00,M
GRI,2025-01-20 05:53,-1.00,-11.00,61.67,10.35,M,M
GRI,2025-01-20 06:53,-3.00,-12.00,64.51,6.90,M,M
GRI,2025-01-20 07:53,-3.00,-12.00,64.51,9.20,M,M
GRI,2025-01-20 08:53,0.00,-10.00,61.82,11.50,M,M
GRI,2025-01-20 09:53,3.00,-10.00,53.76,18.40,M,M
GRI,2025-01-20 10:53,5.00,-13.00,42.24,19.55,M,33.35
GRI,2025-01-20 11:53,7.00,-14.00,36.67,19.55,M,35.65
GRI,2025-01-20 12:53,7.00,-16.00,33.15,23.00,4600.00,39.10
GRI,2025-01-20 13:53,6.00,-16.00,34.69,20.70,4800.00,37.95
GRI,2025-01-20 14:53,5.00,-16.00,36.31,24.15,4500.00,36.80
GRI,2025-01-20 15:53,4.00,-21.00,29.38,19.55,5500.00,36.80
GRI,2025-01-20 16:53,1.00,-21.00,33.77,18.40,5000.00,33.35
GRI,2025-01-20 17:53,-1.00,-22.00,35.20,16.10,M,32.20
GRI,2025-01-20 18:53,-3.00,-21.00,40.77,10.35,M,M
GRI,2025-01-20 19:53,-6.00,-20.00,49.60,6.90,M,M
GRI,2025-01-20 20:53,-7.00,-20.00,52.06,4.60,M,M
GRI,2025-01-20 21:53,-9.00,-19.00,60.45,4.60,M,M
GRI,2025-01-20 22:53,-9.00,-19.00,60.45,3.45,M,M
GRI,2025-01-20 23:53,-9.00,-18.00,63.65,3.45,M,M
GRI,2025-01-21 00:53,-10.00,-18.00,66.86,6.90,M,M
GRI,2025-01-21 01:53,-10.00,-19.00,63.50,6.90,M,M
GRI,2025-01-21 02:53,-9.00,-18.00,63.65,8.05,M,M
GRI,2025-01-21 03:53,-8.00,-18.00,60.61,4.60,M,M
GRI,2025-01-21 04:53,-6.00,-17.00,57.89,9.20,M,M
GRI,2025-01-21 05:53,-6.00,-17.00,57.89,10.35,M,M
GRI,2025-01-21 06:53,-7.00,-16.00,63.94,9.20,M,M
GRI,2025-01-21 07:53,-6.00,-15.00,64.08,8.05,M,M
GRI,2025-01-21 08:53,-2.00,-13.00,58.52,10.35,M,M
GRI,2025-01-21 09:53,5.00,-12.00,44.40,14.95,M,M
GRI,2025-01-21 10:53,12.00,-8.00,39.47,14.95,M,M
GRI,2025-01-21 11:53,17.00,-7.00,33.30,18.40,M,29.90
GRI,2025-01-21 12:53,23.00,-5.00,28.40,16.10,M,31.05
GRI,2025-01-21 13:53,26.00,-4.00,26.29,21.85,M,32.20
GRI,2025-01-21 14:53,29.00,-3.00,24.37,23.00,M,33.35
GRI,2025-01-21 15:53,33.00,-4.00,19.76,21.85,12000.00,34.50
GRI,2025-01-21 16:53,32.00,-4.00,20.57,16.10,11000.00,M
GRI,2025-01-21 17:53,32.00,-4.00,20.57,17.25,10000.00,M
GRI,2025-01-21 18:53,27.00,5.00,38.44,14.95,11000.00,M
GRI,2025-01-21 19:53,27.00,7.00,42.11,17.25,10000.00,M
GRI,2025-01-21 20:53,28.00,9.00,44.23,14.95,9500.00,M
GRI,2025-01-21 21:53,29.00,10.00,44.40,17.25,9500.00,M
GRI,2025-01-21 22:53,30.00,9.00,40.75,13.80,9000.00,M
GRI,2025-01-21 23:53,29.00,7.00,38.79,9.20,11000.00,M
GRI,2025-01-22 00:53,30.00,6.00,35.58,12.65,10000.00,M
GRI,2025-01-22 01:53,28.00,6.00,38.61,10.35,12000.00,M
GRI,2025-01-22 02:53,27.00,7.00,42.11,10.35,10000.00,M
GRI,2025-01-22 03:53,28.00,9.00,44.23,11.50,9000.00,M
GRI,2025-01-22 04:53,29.00,10.00,44.40,10.35,11000.00,M
GRI,2025-01-22 05:53,31.00,16.00,53.31,16.10,M,29.90
GRI,2025-01-22 06:53,29.00,16.00,57.83,14.95,11000.00,M
GRI,2025-01-22 07:53,28.00,18.00,65.69,11.50,M,M
GRI,2025-01-22 08:53,30.00,18.00,60.53,14.95,12000.00,M
GRI,2025-01-22 09:53,33.00,18.00,53.62,24.15,3500.00,31.05
GRI,2025-01-22 10:53,36.00,20.00,51.83,24.15,3200.00,37.95
GRI,2025-01-22 11:53,36.00,19.00,49.66,24.15,3400.00,36.80
GRI,2025-01-22 12:53,36.00,17.00,45.57,20.70,4200.00,36.80
GRI,2025-01-22 13:53,36.00,17.00,45.57,20.70,5500.00,39.10
GRI,2025-01-22 14:53,36.00,21.00,54.08,20.70,2200.00,37.95
GRI,2025-01-22 15:53,35.00,19.00,51.67,21.85,5000.00,40.25
GRI,2025-01-22 16:53,34.00,22.00,61.09,24.15,2800.00,35.65
GRI,2025-01-22 17:01,32.00,25.00,75.07,17.25,2800.00,M
GRI,2025-01-22 17:09,32.00,22.00,66.20,16.10,2600.00,M
GRI,2025-01-22 17:53,32.00,22.00,66.20,11.50,4100.00,M
GRI,2025-01-22 18:53,30.00,21.00,68.81,10.35,3300.00,M
GRI,2025-01-22 19:53,30.00,22.00,71.78,9.20,3500.00,M
GRI,2025-01-22 20:53,26.00,20.00,77.71,9.20,6000.00,M
GRI,2025-01-22 21:53,27.00,21.00,77.80,11.50,3700.00,M
GRI,2025-01-22 22:53,27.00,20.00,74.57,11.50,3400.00,M
GRI,2025-01-22 23:18,28.00,21.00,74.67,12.65,2400.00,M
GRI,2025-01-22 23:31,25.00,21.00,84.53,20.70,1300.00,39.10
GRI,2025-01-22 23:34,25.00,21.00,84.53,19.55,2200.00,39.10
GRI,2025-01-22 23:51,24.80,19.40,79.62,17.21,2900.00,39.10
GRI,2025-01-22 23:53,24.00,20.00,84.46,17.25,2400.00,39.10
GRI,2025-01-23 00:00,24.00,19.00,80.93,18.40,2100.00,M
GRI,2025-01-23 00:53,23.00,15.00,70.99,19.55,5000.00,M
GRI,2025-01-23 01:26,22.00,13.00,67.83,17.25,2300.00,31.05
GRI,2025-01-23 01:42,22.00,13.00,67.83,14.95,2500.00,31.05
GRI,2025-01-23 01:53,21.00,13.00,70.76,16.10,2300.00,31.05
GRI,2025-01-23 02:37,21.00,14.00,73.94,14.95,1600.00,M
GRI,2025-01-23 02:51,19.40,12.20,73.13,16.10,1899.00,M
GRI,2025-01-23 02:53,19.00,14.00,80.52,13.80,1900.00,M
GRI,2025-01-23 03:02,19.00,13.00,77.06,12.65,1900.00,M
GRI,2025-01-23 03:14,18.00,12.00,76.97,13.80,2700.00,M
GRI,2025-01-23 03:53,17.00,10.00,73.52,10.35,3100.00,M
GRI,2025-01-23 04:53,17.00,9.00,70.30,10.35,3200.00,M
GRI,2025-01-23 05:10,16.00,9.00,73.41,9.20,2900.00,M
GRI,2025-01-23 05:42,16.00,10.00,76.77,11.50,3100.00,M
GRI,2025-01-23 05:53,16.00,9.00,73.41,11.50,3100.00,M
GRI,2025-01-23 06:53,16.00,10.00,76.77,5.75,3000.00,M
GRI,2025-01-23 07:04,16.00,11.00,80.27,8.05,2800.00,M
GRI,2025-01-23 07:46,17.00,7.00,64.23,19.55,3000.00,M
GRI,2025-01-23 07:53,17.00,7.00,64.23,21.85,3000.00,31.05
GRI,2025-01-23 08:35,17.00,6.00,61.38,18.40,2900.00,33.35
GRI,2025-01-23 08:53,17.00,6.00,61.38,17.25,2900.00,33.35
GRI,2025-01-23 09:07,17.00,6.00,61.38,16.10,2900.00,M
GRI,2025-01-23 09:38,18.00,7.00,61.52,16.10,2800.00,M
GRI,2025-01-23 09:53,20.00,8.00,59.08,14.95,2700.00,M
GRI,2025-01-23 10:49,21.20,8.60,57.69,14.95,2800.00,M
GRI,2025-01-23 10:51,19.40,8.60,62.28,17.21,2798.00,M
GRI,2025-01-23 10:53,20.00,8.00,59.08,16.10,2900.00,M
GRI,2025-01-23 11:21,22.00,8.00,54.28,17.25,3000.00,M
GRI,2025-01-23 11:53,23.00,8.00,52.04,19.55,M,32.20
GRI,2025-01-23 12:53,24.00,7.00,47.70,18.40,3300.00,31.05
GRI,2025-01-23 13:53,26.00,8.00,45.92,10.35,3700.00,M
GRI,2025-01-23 14:53,24.00,8.00,49.90,11.50,3800.00,M
GRI,2025-01-23 15:53,25.00,8.00,47.86,12.65,4100.00,M
GRI,2025-01-23 16:53,24.00,9.00,52.20,10.35,3900.00,M
GRI,2025-01-23 17:53,23.00,10.00,56.93,5.75,4000.00,M
GRI,2025-01-23 18:53,23.00,11.00,59.52,6.90,3600.00,M
GRI,2025-01-23 19:53,21.00,12.00,67.71,6.90,3500.00,M
GRI,2025-01-23 20:53,17.00,10.00,73.52,3.45,M,M
GRI,2025-01-23 21:53,16.00,9.00,73.41,6.90,M,M
GRI,2025-01-23 22:53,12.00,6.00,76.38,8.05,M,M
GRI,2025-01-23 23:53,13.00,7.00,76.48,8.05,M,M
GRI,2025-01-24 00:53,15.00,7.00,70.06,8.05,M,M
GRI,2025-01-24 01:53,15.00,7.00,70.06,8.05,M,M
GRI,2025-01-24 02:53,16.00,8.00,70.18,11.50,M,M
GRI,2025-01-24 03:53,18.00,10.00,70.41,13.80,M,M
GRI,2025-01-24 04:53,19.00,12.00,73.73,11.50,M,M
GRI,2025-01-24 05:53,20.00,12.00,70.65,12.65,M,M
GRI,2025-01-24 06:53,20.00,12.00,70.65,13.80,9500.00,M
GRI,2025-01-24 07:53,21.00,11.00,64.77,11.50,11000.00,M
GRI,2025-01-24 08:53,22.00,10.00,59.38,18.40,M,M
GRI,2025-01-24 09:53,25.00,10.00,52.36,17.25,M,M
GRI,2025-01-24 10:53,34.00,12.00,39.65,16.10,M,M
GRI,2025-01-24 11:53,41.00,14.00,32.88,13.80,M,M
GRI,2025-01-24 12:53,44.00,16.00,31.97,20.70,M,M
GRI,2025-01-24 13:53,46.00,17.00,30.94,17.25,M,35.65
GRI,2025-01-24 14:53,46.00,21.00,36.72,23.00,M,34.50
GRI,2025-01-24 15:53,45.00,22.00,39.79,16.10,M,33.35
GRI,2025-01-24 16:53,41.00,23.00,48.39,12.65,M,M
GRI,2025-01-24 17:53,33.00,22.00,63.59,8.05,11000.00,M
GRI,2025-01-24 18:53,34.00,23.00,63.72,8.05,11000.00,M
GRI,2025-01-24 19:53,33.00,23.00,66.32,5.75,7500.00,M
GRI,2025-01-24 20:53,35.00,23.00,61.23,8.05,6000.00,M
GRI,2025-01-24 21:53,35.00,23.00,61.23,12.65,4800.00,M
GRI,2025-01-24 22:53,35.00,22.00,58.70,4.60,5000.00,M
GRI,2025-01-24 23:53,34.00,22.00,61.09,4.60,5000.00,M
GRI,2025-01-25 00:53,34.00,23.00,63.72,8.05,5500.00,M
GRI,2025-01-25 01:53,33.00,23.00,66.32,9.20,6000.00,M
GRI,2025-01-25 02:53,32.00,21.00,63.45,11.50,7500.00,M
GRI,2025-01-25 03:53,30.00,19.00,63.18,9.20,M,M
GRI,2025-01-25 04:53,28.00,18.00,65.69,12.65,12000.00,M
GRI,2025-01-25 05:53,26.00,17.00,68.32,11.50,12000.00,M
GRI,2025-01-25 06:53,22.00,15.00,74.05,8.05,11000.00,M
GRI,2025-01-25 07:53,20.00,15.00,80.60,9.20,12000.00,M
GRI,2025-01-25 08:53,23.00,16.00,74.15,4.60,M,M
GRI,2025-01-25 09:53,30.00,16.00,55.52,13.80,11000.00,M
GRI,2025-01-25 10:53,34.00,13.00,41.44,25.30,10000.00,35.65
GRI,2025-01-25 11:53,36.00,11.00,35.03,24.15,10000.00,35.65
GRI,2025-01-25 12:53,35.00,12.00,38.10,21.85,M,33.35
GRI,2025-01-25 13:53,35.00,12.00,38.10,18.40,11000.00,32.20
GRI,2025-01-25 14:53,36.00,11.00,35.03,16.10,11000.00,29.90
GRI,2025-01-25 15:53,35.00,13.00,39.82,12.65,12000.00,M
GRI,2025-01-25 16:53,33.00,12.00,41.27,10.35,M,M
GRI,2025-01-25 17:53,30.00,13.00,48.69,9.20,M,M
GRI,2025-01-25 18:53,28.00,13.00,52.84,11.50,M,M
GRI,2025-01-25 19:53,25.00,12.00,57.23,10.35,M,M
GRI,2025-01-25 20:53,20.00,11.00,67.58,9.20,M,M
GRI,2025-01-25 21:53,19.00,10.00,67.46,8.05,M,M
GRI,2025-01-25 22:53,20.00,11.00,67.58,3.45,M,M
GRI,2025-01-25 23:53,18.00,11.00,73.62,4.60,11000.00,M
GRI,2025-01-26 00:53,19.00,11.00,70.53,5.75,11000.00,M
GRI,2025-01-26 01:53,19.00,11.00,70.53,6.90,M,M
GRI,2025-01-26 02:53,19.00,11.00,70.53,4.60,M,M
GRI,2025-01-26 03:53,18.00,10.00,70.41,4.60,M,M
GRI,2025-01-26 04:53,17.00,11.00,76.87,4.60,M,M
GRI,2025-01-26 05:53,16.00,10.00,76.77,4.60,M,M
GRI,2025-01-26 06:53,13.00,8.00,80.02,4.60,M,M
GRI,2025-01-26 07:53,12.00,7.00,79.93,5.75,M,M
GRI,2025-01-26 08:53,14.00,9.00,80.10,5.75,8000.00,M
GRI,2025-01-26 09:53,20.00,10.00,64.64,5.75,M,M
GRI,2025-01-26 10:53,26.00,9.00,48.03,6.90,9500.00,M
GRI,2025-01-26 11:53,30.00,7.00,37.24,10.35,10000.00,M
GRI,2025-01-26 12:53,31.00,7.00,35.76,8.05,9000.00,M
GRI,2025-01-26 13:53,33.00,7.00,32.99,6.90,9000.00,M
GRI,2025-01-26 14:53,36.00,9.00,32.03,9.20,8500.00,M
GRI,2025-01-26 15:53,37.00,10.00,32.20,12.65,7500.00,M
GRI,2025-01-26 16:53,33.00,12.00,41.27,8.05,7500.00,M
GRI,2025-01-26 17:53,27.00,12.00,52.68,5.75,M,M
GRI,2025-01-26 18:53,26.00,12.00,54.90,5.75,M,M
GRI,2025-01-26 19:53,23.00,11.00,59.52,6.90,M,M
GRI,2025-01-26 20:53,21.00,11.00,64.77,8.05,M,M
GRI,2025-01-26 21:53,21.00,11.00,64.77,8.05,M,M
GRI,2025-01-26 22:53,18.00,11.00,73.62,8.05,M,M
GRI,2025-01-26 23:53,20.00,12.00,70.65,6.90,M,M
GRI,2025-01-27 00:53,19.00,12.00,73.73,9.20,M,M
GRI,2025-01-27 01:53,18.00,12.00,76.97,10.35,M,M
GRI,2025-01-27 02:53,20.00,13.00,73.84,10.35,M,M
GRI,2025-01-27 03:53,20.00,12.00,70.65,10.35,M,M
GRI,2025-01-27 04:53,18.00,12.00,76.97,8.05,M,M
GRI,2025-01-27 05:53,18.00,12.00,76.97,11.50,M,M
GRI,2025-01-27 06:53,17.00,11.00,76.87,11.50,M,M
GRI,2025-01-27 07:53,16.00,10.00,76.77,12.65,M,M
GRI,2025-01-27 08:53,20.00,11.00,67.58,18.40,M,M
GRI,2025-01-27 09:53,27.00,14.00,57.53,21.85,M,M
GRI,2025-01-27 10:53,35.00,15.00,43.47,21.85,M,M
GRI,2025-01-27 11:53,44.00,13.00,28.04,21.85,M,33.35
GRI,2025-01-27 12:53,49.00,11.00,21.25,23.00,M,33.35
GRI,2025-01-27 13:53,51.00,9.00,18.04,21.85,M,32.20
GRI,2025-01-27 14:53,53.00,9.00,16.75,20.70,M,M
GRI,2025-01-27 15:53,54.00,10.00,16.89,17.25,M,M
GRI,2025-01-27 16:53,52.00,11.00,19.01,11.50,M,M
GRI,2025-01-27 17:53,40.00,11.00,29.94,9.20,M,M
GRI,2025-01-27 18:53,43.00,13.00,29.13,9.20,M,M
GRI,2025-01-27 19:53,40.00,13.00,32.71,10.35,M,M
GRI,2025-01-27 20:53,37.00,14.00,38.44,8.05,M,M
GRI,2025-01-27 21:53,38.00,17.00,42.11,10.35,M,M
GRI,2025-01-27 22:53,35.00,18.00,49.50,9.20,M,M
GRI,2025-01-27 23:53,27.00,17.00,65.56,4.60,M,M
GRI,2025-01-28 00:53,28.00,18.00,65.69,6.90,M,M
GRI,2025-01-28 01:53,25.00,18.00,74.36,8.05,M,M
GRI,2025-01-28 02:53,25.00,19.00,77.62,9.20,M,M
GRI,2025-01-28 03:53,25.00,19.00,77.62,6.90,M,M
GRI,2025-01-28 04:53,24.00,19.00,80.93,6.90,M,M
GRI,2025-01-28 05:53,24.00,19.00,80.93,9.20,M,M
GRI,2025-01-28 06:53,24.00,19.00,80.93,11.50,M,M
GRI,2025-01-28 07:53,26.00,20.00,77.71,10.35,M,M
GRI,2025-01-28 08:53,28.00,21.00,74.67,11.50,M,M
GRI,2025-01-28 09:53,35.00,23.00,61.23,13.80,M,M
GRI,2025-01-28 10:53,45.00,23.00,41.50,13.80,M,M
GRI,2025-01-28 11:53,48.00,21.00,34.05,14.95,M,M
GRI,2025-01-28 12:53,51.00,21.00,30.45,17.25,M,M
GRI,2025-01-28 13:53,55.00,19.00,24.14,18.40,M,M
GRI,2025-01-28 14:53,59.00,16.00,18.36,16.10,M,M
GRI,2025-01-28 15:53,60.00,17.00,18.50,16.10,M,31.05
GRI,2025-01-28 16:53,58.00,16.00,19.03,10.35,M,M
GRI,2025-01-28 17:53,45.00,15.00,29.46,10.35,M,M
GRI,2025-01-28 18:53,41.00,16.00,35.88,8.05,M,M
GRI,2025-01-28 19:53,35.00,16.00,45.40,5.75,M,M
GRI,2025-01-28 20:53,34.00,16.00,47.25,8.05,M,M
GRI,2025-01-28 21:53,33.00,17.00,51.36,5.75,M,M
GRI,2025-01-28 22:53,30.00,17.00,57.98,6.90,M,M
GRI,2025-01-28 23:53,31.00,19.00,60.67,9.20,M,M
GRI,2025-01-29 00:53,29.00,19.00,65.81,6.90,M,M
GRI,2025-01-29 01:53,28.00,19.00,68.57,8.05,M,M
GRI,2025-01-29 02:53,27.00,19.00,71.45,10.35,M,M
GRI,2025-01-29 03:53,25.00,18.00,74.36,6.90,M,M
GRI,2025-01-29 04:53,24.00,18.00,77.53,5.75,M,M
GRI,2025-01-29 05:53,21.00,17.00,84.26,5.75,M,M
GRI,2025-01-29 06:53,23.00,18.00,80.85,5.75,M,M
GRI,2025-01-29 07:53,23.00,17.00,77.44,5.75,M,M
GRI,2025-01-29 08:53,29.00,20.00,68.69,4.60,M,M
GRI,2025-01-29 09:53,37.00,23.00,56.57,5.75,M,M
GRI,2025-01-29 10:53,43.00,23.00,44.80,3.45,M,M
GRI,2025-01-29 11:53,48.00,21.00,34.05,4.60,M,M
GRI,2025-01-29 12:53,52.00,18.00,25.82,8.05,M,M
GRI,2025-01-29 13:53,56.00,16.00,20.46,10.35,M,M
GRI,2025-01-29 14:53,57.00,16.00,19.73,5.75,M,M
GRI,2025-01-29 15:53,57.00,17.00,20.60,9.20,M,M
GRI,2025-01-29 16:53,55.00,19.00,24.14,6.90,M,M
GRI,2025-01-29 17:53,45.00,18.00,33.55,10.35,M,M
GRI,2025-01-29 18:53,43.00,17.00,34.69,6.90,M,M
GRI,2025-01-29 19:53,37.00,19.00,47.74,9.20,M,M
GRI,2025-01-29 20:53,34.00,19.00,53.77,5.75,M,M
GRI,2025-01-29 21:53,35.00,19.00,51.67,5.75,M,M
GRI,2025-01-29 22:53,33.00,19.00,55.97,3.45,M,M
GRI,2025-01-29 23:53,31.00,20.00,63.32,5.75,8000.00,M
GRI,2025-01-30 00:53,32.00,20.00,60.81,5.75,M,M
GRI,2025-01-30 01:53,30.00,20.00,65.94,3.45,M,M
GRI,2025-01-30 02:53,34.00,25.00,69.28,0.00,8500.00,M
GRI,2025-01-30 03:53,34.00,26.00,72.22,0.00,3100.00,M
GRI,2025-01-30 04:20,36.00,28.00,72.43,5.75,1600.00,M
GRI,2025-01-30 04:53,33.00,27.00,78.34,5.75,1600.00,M
GRI,2025-01-30 05:17,34.00,28.00,78.43,6.90,1300.00,M
GRI,2025-01-30 05:53,35.00,28.00,75.36,0.00,1100.00,M
GRI,2025-01-30 06:40,35.00,28.00,75.36,0.00,800.00,M
GRI,2025-01-30 06:53,35.00,29.00,78.51,0.00,600.00,M
GRI,2025-01-30 07:05,34.00,30.00,85.11,0.00,400.00,M
GRI,2025-01-30 07:14,33.00,32.00,96.06,0.00,400.00,M
GRI,2025-01-30 07:38,33.00,32.00,96.06,8.05,300.00,M
GRI,2025-01-30 07:51,32.00,32.00,100.00,6.93,400.00,M
GRI,2025-01-30 07:53,32.00,32.00,100.00,6.90,400.00,M
GRI,2025-01-30 08:32,34.00,33.00,96.08,0.00,300.00,M
GRI,2025-01-30 08:51,33.80,33.80,100.00,0.00,400.00,M
GRI,2025-01-30 08:53,34.00,34.00,100.00,0.00,400.00,M
GRI,2025-01-30 09:42,36.00,35.00,96.11,5.75,300.00,M
GRI,2025-01-30 09:46,36.00,35.00,96.11,5.75,300.00,M
GRI,2025-01-30 09:51,35.60,35.60,100.00,5.81,298.00,M
GRI,2025-01-30 09:53,36.00,35.00,96.11,6.90,300.00,M
GRI,2025-01-30 10:07,36.00,36.00,100.00,4.60,300.00,M
GRI,2025-01-30 10:16,37.00,36.00,96.13,3.45,1400.00,M
GRI,2025-01-30 10:37,38.00,37.00,96.14,5.75,300.00,M
GRI,2025-01-30 10:51,39.20,37.40,93.19,6.93,298.00,M
GRI,2025-01-30 10:53,39.00,38.00,96.16,6.90,300.00,M
GRI,2025-01-30 11:18,40.00,38.00,92.49,5.75,400.00,M
GRI,2025-01-30 11:53,41.00,39.00,92.52,6.90,2500.00,M
GRI,2025-01-30 12:18,41.00,39.00,92.52,8.05,600.00,M
GRI,2025-01-30 12:27,41.00,39.00,92.52,10.35,700.00,M
GRI,2025-01-30 12:40,42.00,39.00,89.01,8.05,700.00,M
GRI,2025-01-30 12:53,43.00,38.00,82.37,10.35,1200.00,M
GRI,2025-01-30 13:53,44.00,35.00,70.42,11.50,1000.00,M
GRI,2025-01-30 14:53,47.00,31.00,53.52,4.60,1400.00,M
GRI,2025-01-30 15:02,47.00,32.00,55.73,4.60,1600.00,M
GRI,2025-01-30 15:53,48.00,32.00,53.67,8.05,1700.00,M
GRI,2025-01-30 16:15,48.00,32.00,53.67,0.00,1400.00,M
GRI,2025-01-30 16:22,48.00,32.00,53.67,3.35,1601.00,M
GRI,2025-01-30 16:53,47.00,32.00,55.73,8.05,1699.00,M
GRI,2025-01-30 17:15,46.00,31.00,55.58,3.35,1699.00,M
GRI,2025-01-30 17:29,46.00,31.00,55.58,0.00,2201.00,M
GRI,2025-01-30 17:53,44.00,31.00,59.97,4.69,2598.00,M
GRI,2025-01-30 18:15,45.00,32.00,60.11,3.35,3198.00,M
GRI,2025-01-30 18:53,45.00,33.00,62.58,5.81,4199.00,M
GRI,2025-01-30 19:53,41.00,38.00,88.97,3.35,4399.00,M
GRI,2025-01-30 20:53,39.00,38.00,96.16,6.93,7001.00,M
GRI,2025-01-30 20:55,39.20,33.80,80.79,80.50,M,M
GRI,2025-01-30 21:53,37.00,35.00,92.39,8.05,9501.00,M
GRI,2025-01-30 21:55,37.40,33.80,86.69,103.50,M,M
GRI,2025-01-30 22:53,39.00,31.00,72.75,11.40,8500.00,M
GRI,2025-01-30 23:53,36.00,29.00,75.46,14.98,9501.00,M
GRI,2025-01-31 00:53,35.00,27.00,72.32,11.40,M,M
GRI,2025-01-31 01:53,30.00,25.00,81.40,12.74,M,M
GRI,2025-01-31 02:53,31.00,25.00,78.16,5.81,M,M
GRI,2025-01-31 03:53,31.00,25.00,78.16,11.40,M,M
GRI,2025-01-31 04:53,31.00,25.00,78.16,14.95,M,M
GRI,2025-01-31 05:53,29.00,24.00,81.32,10.35,M,M
GRI,2025-01-31 06:53,27.00,23.00,84.66,11.50,M,M
GRI,2025-01-31 07:53,29.00,24.00,81.32,14.95,M,M
GRI,2025-01-31 08:53,31.00,25.00,78.16,11.50,M,M
GRI,2025-01-31 09:53,33.00,27.00,78.34,18.40,M,31.05
GRI,2025-01-31 10:53,38.00,29.00,69.74,13.80,M,M
GRI,2025-01-31 11:53,43.00,29.00,57.44,17.25,M,M
GRI,2025-01-31 12:53,47.00,27.00,45.45,18.40,M,31.05
GRI,2025-01-31 13:53,48.00,26.00,42.00,13.80,M,M
GRI,2025-01-31 14:53,50.00,23.00,34.39,14.95,M,M
GRI,2025-01-31 15:53,50.00,22.00,32.97,10.35,M,M
GRI,2025-01-31 16:53,48.00,22.00,35.53,5.75,M,M
GRI,2025-01-31 17:53,41.00,22.00,46.39,0.00,M,M
GRI,2025-01-31 18:53,36.00,22.00,56.42,6.90,M,M
GRI,2025-01-31 19:53,34.00,22.00,61.09,8.05,M,M
GRI,2025-01-31 20:53,32.00,22.00,66.20,6.90,M,M
GRI,2025-01-31 21:53,31.00,22.00,68.92,5.75,M,M
GRI,2025-01-31 22:53,31.00,22.00,68.92,8.05,M,M
GRI,2025-01-31 23:53,34.00,23.00,63.72,10.35,M,M
GRI,2025-02-01 00:53,32.00,23.00,69.04,12.65,M,M
GRI,2025-02-01 01:53,35.00,23.00,61.23,13.80,M,M
GRI,2025-02-01 02:53,34.00,23.00,63.72,14.95,M,M
GRI,2025-02-01 03:53,34.00,23.00,63.72,13.80,M,M
GRI,2025-02-01 04:53,34.00,25.00,69.28,14.95,M,31.05
GRI,2025-02-01 05:53,33.00,26.00,75.17,13.80,M,M
GRI,2025-02-01 06:53,33.00,27.00,78.34,8.05,M,M
GRI,2025-02-01 07:53,34.00,28.00,78.43,10.35,M,M
GRI,2025-02-01 08:53,35.00,29.00,78.51,4.60,M,M
GRI,2025-02-01 09:53,36.00,30.00,78.60,10.35,M,M
GRI,2025-02-01 10:53,38.00,31.00,75.65,16.10,M,M
GRI,2025-02-01 11:53,40.00,32.00,72.85,14.95,M,M
GRI,2025-02-01 12:53,42.00,31.00,64.75,13.80,M,M
GRI,2025-02-01 13:53,45.00,32.00,60.11,13.80,M,M
GRI,2025-02-01 14:53,47.00,31.00,53.52,11.50,M,M
GRI,2025-02-01 15:53,48.00,31.00,51.54,9.20,M,M
GRI,2025-02-01 16:53,47.00,32.00,55.73,8.05,M,M
GRI,2025-02-01 17:53,45.00,33.00,62.58,9.20,M,M
GRI,2025-02-01 18:53,45.00,32.00,60.11,8.05,M,M
GRI,2025-02-01 19:53,45.00,31.00,57.73,11.50,12000.00,M
GRI,2025-02-01 20:53,45.00,31.00,57.73,10.35,11000.00,M
GRI,2025-02-01 21:53,45.00,29.00,53.22,11.50,M,M
GRI,2025-02-01 22:53,44.00,28.00,53.07,12.65,M,M
GRI,2025-02-01 23:53,42.00,28.00,57.30,6.90,12000.00,M
GRI,2025-02-02 00:53,42.00,28.00,57.30,8.05,11000.00,M
GRI,2025-02-02 01:53,42.00,28.00,57.30,8.05,11000.00,M
GRI,2025-02-02 02:53,39.00,28.00,64.37,9.20,M,M
GRI,2025-02-02 03:53,38.00,27.00,64.24,8.05,M,M
GRI,2025-02-02 04:53,36.00,27.00,69.51,6.90,M,M
GRI,2025-02-02 05:53,35.00,27.00,72.32,9.20,M,M
GRI,2025-02-02 06:53,35.00,27.00,72.32,8.05,M,M
GRI,2025-02-02 07:53,31.00,26.00,81.48,8.05,M,M
GRI,2025-02-02 08:53,39.00,29.00,67.06,10.35,M,M
GRI,2025-02-02 09:53,44.00,29.00,55.29,10.35,M,M
GRI,2025-02-02 10:53,52.00,31.00,44.42,6.90,M,M
GRI,2025-02-02 11:53,55.00,30.00,38.21,6.90,12000.00,M
GRI,2025-02-02 12:53,56.00,30.00,36.85,5.75,12000.00,M
GRI,2025-02-02 13:53,57.00,30.00,35.54,3.45,12000.00,M
GRI,2025-02-02 14:53,58.00,30.00,34.28,3.45,M,M
GRI,2025-02-02 15:53,58.00,31.00,35.70,4.60,12000.00,M
GRI,2025-02-02 16:53,58.00,30.00,34.28,5.75,M,M
GRI,2025-02-02 17:53,50.00,29.00,44.10,4.60,M,M
GRI,2025-02-02 18:53,47.00,30.00,51.39,5.75,M,M
GRI,2025-02-02 19:53,46.00,31.00,55.58,3.45,M,M
GRI,2025-02-02 20:53,46.00,31.00,55.58,6.90,M,M
GRI,2025-02-02 21:53,45.00,32.00,60.11,6.90,M,M
GRI,2025-02-02 22:53,42.00,32.00,67.42,8.05,M,M
GRI,2025-02-02 23:53,42.00,33.00,70.19,5.75,M,M
GRI,2025-02-03 00:53,33.00,30.00,88.58,0.00,M,M
GRI,2025-02-03 01:53,40.00,32.00,72.85,4.60,M,M
GRI,2025-02-03 02:53,39.00,32.00,75.75,4.60,M,M
GRI,2025-02-03 03:53,36.00,30.00,78.60,0.00,M,M
GRI,2025-02-03 04:53,36.00,31.00,81.86,8.05,M,M
GRI,2025-02-03 05:53,33.00,29.00,85.04,9.20,M,M
GRI,2025-02-03 06:53,28.00,24.00,84.72,23.00,M,35.65
GRI,2025-02-03 07:53,26.00,19.00,74.46,16.10,M,34.50
GRI,2025-02-03 08:53,26.00,17.00,68.32,19.55,M,35.65
GRI,2025-02-03 09:53,28.00,17.00,62.91,26.45,M,39.10
GRI,2025-02-03 10:53,29.00,18.00,63.05,26.45,M,40.25
GRI,2025-02-03 11:53,31.00,18.00,58.12,24.15,M,37.95
GRI,2025-02-03 12:53,33.00,17.00,51.36,23.00,M,40.25
GRI,2025-02-03 13:53,29.00,16.00,57.83,25.30,M,36.80
GRI,2025-02-03 14:53,29.00,15.00,55.36,20.70,M,36.80
GRI,2025-02-03 15:53,27.00,13.00,55.06,25.30,M,39.10
GRI,2025-02-03 16:32,23.00,12.00,62.23,17.25,2300.00,36.80
GRI,2025-02-03 16:53,21.00,11.00,64.77,20.70,2300.00,36.80
GRI,2025-02-03 17:53,18.00,10.00,70.41,23.00,2000.00,34.50
GRI,2025-02-03 18:53,17.00,9.00,70.30,19.55,1900.00,31.05
GRI,2025-02-03 19:53,16.00,9.00,73.41,19.55,1700.00,31.05
GRI,2025-02-03 20:53,15.00,8.00,73.30,19.55,1600.00,M
GRI,2025-02-03 21:34,15.00,9.00,76.68,18.40,1400.00,M
GRI,2025-02-03 21:53,15.00,9.00,76.68,18.40,1400.00,M
GRI,2025-02-03 22:19,14.00,9.00,80.10,17.25,1500.00,M
GRI,2025-02-03 22:29,14.00,9.00,80.10,17.25,1400.00,M
GRI,2025-02-03 22:53,14.00,9.00,80.10,13.80,1200.00,M
GRI,2025-02-03 23:53,13.00,9.00,83.70,14.95,1100.00,M
GRI,2025-02-04 00:53,13.00,9.00,83.70,14.95,1000.00,M
GRI,2025-02-04 01:53,12.00,7.00,79.93,12.65,1100.00,M
GRI,2025-02-04 02:51,10.40,6.80,85.05,13.86,1499.00,M
GRI,2025-02-04 02:53,11.00,6.00,79.85,16.10,1500.00,M
GRI,2025-02-04 03:53,11.00,5.00,76.28,13.80,1700.00,M
GRI,2025-02-04 04:53,11.00,4.00,72.86,11.50,1900.00,M
GRI,2025-02-04 05:53,10.00,2.00,69.45,13.80,2800.00,M
GRI,2025-02-04 06:03,10.00,2.00,69.45,11.50,3000.00,M
GRI,2025-02-04 06:53,10.00,1.00,66.29,10.35,3200.00,M
GRI,2025-02-04 07:53,9.00,-1.00,63.12,14.95,3200.00,M
GRI,2025-02-04 08:53,9.00,-2.00,60.21,13.80,4400.00,M
GRI,2025-02-04 09:53,10.00,-1.00,60.36,12.65,4400.00,M
GRI,2025-02-04 10:53,12.00,-1.00,55.22,13.80,4400.00,M
GRI,2025-02-04 11:53,16.00,-1.00,46.34,11.50,4400.00,M
GRI,2025-02-04 12:53,17.00,-1.00,44.37,10.35,4300.00,M
GRI,2025-02-04 13:53,18.00,-1.00,42.50,13.80,4300.00,M
GRI,2025-02-04 14:53,20.00,0.00,40.89,11.50,4300.00,M
GRI,2025-02-04 15:53,19.00,0.00,42.67,12.65,M,M
GRI,2025-02-04 16:53,19.00,0.00,42.67,12.65,M,M
GRI,2025-02-04 17:35,19.00,0.00,42.67,12.65,2500.00,M
GRI,2025-02-04 17:53,18.00,-1.00,42.50,12.65,2500.00,M
GRI,2025-02-04 18:53,17.00,0.00,46.51,9.20,2300.00,M
GRI,2025-02-04 19:53,17.00,0.00,46.51,11.50,2300.00,M
GRI,2025-02-04 20:53,17.00,1.00,48.74,11.50,2500.00,M
GRI,2025-02-04 21:53,16.00,2.00,53.32,10.35,2700.00,M
GRI,2025-02-04 22:53,16.00,1.00,50.90,12.65,2800.00,M
GRI,2025-02-04 23:53,16.00,1.00,50.90,10.35,2800.00,M
GRI,2025-02-05 00:53,16.00,2.00,53.32,11.50,2700.00,M
GRI,2025-02-05 01:53,16.00,2.00,53.32,10.35,2600.00,M
GRI,2025-02-05 02:53,16.00,3.00,55.85,10.35,2600.00,M
GRI,2025-02-05 03:53,16.00,3.00,55.85,10.35,2400.00,M
GRI,2025-02-05 04:53,17.00,3.00,53.48,8.05,2300.00,M
GRI,2025-02-05 05:53,17.00,4.00,56.01,8.05,2100.00,M
GRI,2025-02-05 06:53,17.00,5.00,58.64,9.20,1600.00,M
GRI,2025-02-05 07:22,17.00,6.00,61.38,8.05,1400.00,M
GRI,2025-02-05 07:53,17.00,7.00,64.23,12.65,1300.00,M
GRI,2025-02-05 08:53,18.00,10.00,70.41,8.05,1300.00,M
GRI,2025-02-05 09:53,19.00,12.00,73.73,9.20,1300.00,M
GRI,2025-02-05 10:53,20.00,14.00,77.16,9.20,1300.00,M
GRI,2025-02-05 11:51,21.20,15.80,79.31,10.28,898.00,M
GRI,2025-02-05 11:53,21.00,16.00,80.69,9.20,900.00,M
GRI,2025-02-05 12:13,22.00,17.00,80.77,11.50,1000.00,M
GRI,2025-02-05 12:53,22.00,17.00,80.77,10.35,1000.00,M
GRI,2025-02-05 13:01,23.00,18.00,80.85,6.90,900.00,M
GRI,2025-02-05 13:53,24.00,18.00,77.53,9.20,900.00,M
GRI,2025-02-05 14:05,24.00,19.00,80.93,10.35,1000.00,M
GRI,2025-02-05 14:35,24.00,20.00,84.46,10.35,900.00,M
GRI,2025-02-05 14:53,23.00,20.00,88.08,10.35,800.00,M
GRI,2025-02-05 15:53,24.00,21.00,88.13,8.05,600.00,M
GRI,2025-02-05 16:53,24.00,21.00,88.13,13.80,900.00,M
GRI,2025-02-05 17:53,24.00,22.00,91.94,8.05,700.00,M
GRI,2025-02-05 18:53,25.00,21.00,84.53,6.90,1000.00,M
GRI,2025-02-05 19:53,26.00,21.00,81.09,9.20,1300.00,M
GRI,2025-02-05 20:53,25.00,21.00,84.53,5.75,1300.00,M
GRI,2025-02-05 21:17,24.00,21.00,88.13,4.60,1300.00,M
GRI,2025-02-05 21:53,22.00,20.00,91.87,3.45,1200.00,M
GRI,2025-02-05 22:10,20.00,18.00,91.79,0.00,1100.00,M
GRI,2025-02-05 22:53,23.00,20.00,88.08,3.45,1100.00,M
GRI,2025-02-05 23:24,21.00,20.00,95.84,4.60,900.00,M
GRI,2025-02-05 23:40,20.00,19.00,95.82,4.60,900.00,M
GRI,2025-02-05 23:53,20.00,19.00,95.82,5.75,M,M
GRI,2025-02-06 00:53,19.00,18.00,95.80,5.75,M,M
GRI,2025-02-06 01:53,21.00,16.00,80.69,13.80,M,M
GRI,2025-02-06 02:53,21.00,14.00,73.94,14.95,M,M
GRI,2025-02-06 03:53,19.00,11.00,70.53,12.65,M,M
GRI,2025-02-06 04:53,17.00,8.00,67.20,10.35,M,M
GRI,2025-02-06 05:53,14.00,7.00,73.19,8.05,M,M
GRI,2025-02-06 06:53,14.00,7.00,73.19,8.05,M,M
GRI,2025-02-06 07:53,13.00,7.00,76.48,6.90,M,M
GRI,2025-02-06 08:53,19.00,9.00,64.50,12.65,M,M
GRI,2025-02-06 09:53,25.00,9.00,50.07,9.20,M,M
GRI,2025-02-06 10:53,31.00,8.00,37.41,8.05,M,M
GRI,2025-02-06 11:53,37.00,9.00,30.79,8.05,M,M
GRI,2025-02-06 13:53,M,M,M,M,M,M
GRI,2025-02-06 14:53,46.00,2.00,15.80,6.90,M,M
GRI,2025-02-06 15:53,47.00,2.00,15.21,10.35,M,M
GRI,2025-02-06 16:53,46.00,2.00,15.80,6.90,M,M
GRI,2025-02-06 17:53,41.00,3.00,20.04,0.00,M,M
GRI,2025-02-06 18:53,32.00,5.00,31.35,3.45,M,M
GRI,2025-02-06 19:53,30.00,8.00,38.96,5.75,M,M
GRI,2025-02-06 20:53,32.00,7.00,34.34,6.90,M,M
GRI,2025-02-06 21:53,25.00,11.00,54.75,9.20,M,M
GRI,2025-02-06 22:53,27.00,11.00,50.39,9.20,M,M
GRI,2025-02-06 23:53,25.00,11.00,54.75,8.05,M,M
GRI,2025-02-07 00:53,24.00,11.00,57.08,6.90,M,M
GRI,2025-02-07 01:53,21.00,11.00,64.77,4.60,M,M
GRI,2025-02-07 02:53,25.00,12.00,57.23,4.60,9000.00,M
GRI,2025-02-07 03:53,24.00,10.00,54.59,6.90,8500.00,M
GRI,2025-02-07 04:53,23.00,10.00,56.93,8.05,M,M
GRI,2025-02-07 05:53,25.00,10.00,52.36,9.20,M,M
GRI,2025-02-07 06:53,21.00,10.00,61.95,6.90,M,M
GRI,2025-02-07 07:53,22.00,11.00,62.09,9.20,M,M
GRI,2025-02-07 08:53,25.00,12.00,57.23,8.05,M,M
GRI,2025-02-07 09:53,32.00,15.00,49.02,11.50,M,M
GRI,2025-02-07 10:53,38.00,15.00,38.61,23.00,M,29.90
GRI,2025-02-07 11:53,42.00,14.00,31.64,19.55,M,33.35
GRI,2025-02-07 12:53,43.00,12.00,27.87,19.55,M,35.65
GRI,2025-02-07 13:53,44.00,11.00,25.66,23.00,4900.00,36.80
GRI,2025-02-07 14:53,44.00,10.00,24.54,21.85,4500.00,34.50
GRI,2025-02-07 15:53,43.00,12.00,27.87,18.40,4200.00,31.05
GRI,2025-02-07 16:53,41.00,13.00,31.47,18.40,3700.00,29.90
GRI,2025-02-07 17:53,40.00,16.00,37.30,14.95,3400.00,M
GRI,2025-02-07 18:53,38.00,16.00,40.33,14.95,3200.00,M
GRI,2025-02-07 19:51,37.40,15.80,40.93,10.35,2900.00,M
GRI,2025-02-07 19:53,37.00,16.00,41.95,12.65,2900.00,M
GRI,2025-02-07 20:53,36.00,17.00,45.57,12.65,2800.00,M
GRI,2025-02-07 21:53,35.00,19.00,51.67,11.50,2600.00,M
GRI,2025-02-07 22:53,34.00,20.00,56.12,11.50,2100.00,M
GRI,2025-02-07 23:53,33.00,21.00,60.95,0.00,2500.00,M
GRI,2025-02-08 00:53,33.00,20.00,58.41,3.45,2800.00,M
GRI,2025-02-08 01:15,32.00,20.00,60.81,0.00,3100.00,M
GRI,2025-02-08 01:53,32.00,20.00,60.81,0.00,3200.00,M
GRI,2025-02-08 02:53,28.00,19.00,68.57,3.45,3000.00,M
GRI,2025-02-08 03:06,27.00,18.00,68.45,3.45,2900.00,M
GRI,2025-02-08 03:53,28.00,20.00,71.56,0.00,2900.00,M
GRI,2025-02-08 04:21,29.00,20.00,68.69,5.75,3000.00,M
GRI,2025-02-08 04:53,28.00,14.00,55.21,27.60,3300.00,35.65
GRI,2025-02-08 05:53,24.00,13.00,62.36,20.70,3200.00,36.80
GRI,2025-02-08 06:31,22.00,12.00,64.90,27.60,2900.00,34.50
GRI,2025-02-08 06:53,22.00,11.00,62.09,23.00,2800.00,35.65
GRI,2025-02-08 07:09,22.00,10.00,59.38,20.70,2800.00,36.80
GRI,2025-02-08 07:53,20.00,10.00,64.64,20.70,10000.00,37.95
GRI,2025-02-08 08:53,20.00,8.00,59.08,29.90,10000.00,41.40
GRI,2025-02-08 09:53,21.00,9.00,59.23,25.30,12000.00,42.55
GRI,2025-02-08 10:53,23.00,9.00,54.44,27.60,M,40.25
GRI,2025-02-08 11:53,27.00,10.00,48.20,21.85,M,37.95
GRI,2025-02-08 12:53,29.00,9.00,42.45,21.85,M,34.50
GRI,2025-02-08 13:53,30.00,9.00,40.75,19.55,M,33.35
GRI,2025-02-08 14:53,31.00,9.00,39.13,17.25,M,35.65
GRI,2025-02-08 15:53,30.00,9.00,40.75,14.95,M,M
GRI,2025-02-08 16:53,28.00,8.00,42.28,14.95,M,M
GRI,2025-02-08 17:53,25.00,8.00,47.86,10.35,M,M
GRI,2025-02-08 18:53,20.00,8.00,59.08,8.05,M,M
GRI,2025-02-08 19:53,16.00,7.00,67.07,4.60,M,M
GRI,2025-02-08 20:53,12.00,7.00,79.93,8.05,M,M
GRI,2025-02-08 21:53,13.00,6.00,73.08,3.45,M,M
GRI,2025-02-08 22:53,13.00,7.00,76.48,6.90,M,M
GRI,2025-02-08 23:53,16.00,10.00,76.77,4.60,M,M
GRI,2025-02-09 00:53,16.00,10.00,76.77,4.60,M,M
GRI,2025-02-09 01:53,14.00,8.00,76.58,5.75,12000.00,M
GRI,2025-02-09 02:53,14.00,8.00,76.58,5.75,12000.00,M
GRI,2025-02-09 03:53,15.00,10.00,80.19,3.45,12000.00,M
GRI,2025-02-09 04:53,17.00,11.00,76.87,6.90,11000.00,M
GRI,2025-02-09 05:53,17.00,11.00,76.87,3.45,10000.00,M
GRI,2025-02-09 06:53,18.00,11.00,73.62,0.00,7000.00,M
GRI,2025-02-09 07:53,19.00,12.00,73.73,3.45,4800.00,M
GRI,2025-02-09 08:09,19.00,13.00,77.06,4.60,3000.00,M
GRI,2025-02-09 08:16,19.00,14.00,80.52,4.60,2400.00,M
GRI,2025-02-09 08:42,19.00,15.00,84.12,6.90,2700.00,M
GRI,2025-02-09 08:50,19.40,15.80,85.63,8.05,3100.00,M
GRI,2025-02-09 08:53,19.00,15.00,84.12,9.20,3100.00,M
GRI,2025-02-09 09:24,21.00,16.00,80.69,12.65,4500.00,M
GRI,2025-02-09 09:53,21.00,17.00,84.26,14.95,6000.00,M
GRI,2025-02-09 10:53,25.00,19.00,77.62,9.20,8000.00,M
GRI,2025-02-09 11:53,28.00,20.00,71.56,11.50,1500.00,M
GRI,2025-02-09 12:53,32.00,21.00,63.45,10.35,2000.00,M
GRI,2025-02-09 13:01,33.00,21.00,60.95,12.65,2000.00,M
GRI,2025-02-09 13:09,33.00,21.00,60.95,11.50,2000.00,M
GRI,2025-02-09 13:51,33.80,21.20,59.53,10.28,2001.00,M
GRI,2025-02-09 13:53,34.00,21.00,58.56,9.20,2000.00,M
GRI,2025-02-09 14:53,36.00,21.00,54.08,4.60,M,M
GRI,2025-02-09 15:53,37.00,20.00,49.82,4.60,M,M
GRI,2025-02-09 16:53,38.00,20.00,47.90,4.60,M,M
GRI,2025-02-09 17:53,34.00,19.00,53.77,3.45,M,M
GRI,2025-02-09 18:53,25.00,17.00,71.22,4.60,M,M
GRI,2025-02-09 19:53,23.00,18.00,80.85,5.75,M,M
GRI,2025-02-09 20:53,24.00,18.00,77.53,6.90,M,M
GRI,2025-02-09 21:53,21.00,17.00,84.26,4.60,M,M
GRI,2025-02-09 22:53,22.00,17.00,80.77,8.05,M,M
GRI,2025-02-09 23:53,21.00,16.00,80.69,8.05,M,M
GRI,2025-02-10 00:53,19.00,14.00,80.52,8.05,M,M
GRI,2025-02-10 01:53,20.00,15.00,80.60,8.05,M,M
GRI,2025-02-10 02:53,21.00,14.00,73.94,6.90,M,M
GRI,2025-02-10 03:53,19.00,14.00,80.52,4.60,M,M
GRI,2025-02-10 04:53,16.00,12.00,83.91,0.00,11000.00,M
GRI,2025-02-10 05:53,19.00,15.00,84.12,3.45,11000.00,M
GRI,2025-02-10 06:53,20.00,16.00,84.19,3.45,4800.00,M
GRI,2025-02-10 07:53,22.00,16.00,77.34,5.75,4300.00,M
GRI,2025-02-10 08:53,24.00,16.00,71.11,5.75,4000.00,M
GRI,2025-02-10 09:53,28.00,17.00,62.91,8.05,4200.00,M
GRI,2025-02-10 10:53,31.00,16.00,53.31,9.20,4400.00,M
GRI,2025-02-10 11:53,33.00,14.00,45.07,12.65,4500.00,M
GRI,2025-02-10 12:53,36.00,14.00,39.99,11.50,4800.00,M
GRI,2025-02-10 13:53,38.00,13.00,35.37,12.65,4900.00,M
GRI,2025-02-10 14:53,38.00,13.00,35.37,5.75,5500.00,M
GRI,2025-02-10 15:53,37.00,13.00,36.79,8.05,4200.00,M
GRI,2025-02-10 16:53,37.00,13.00,36.79,5.75,4000.00,M
GRI,2025-02-10 17:35,31.00,15.00,51.04,20.70,4400.00,M
GRI,2025-02-10 17:53,31.00,15.00,51.04,13.80,4300.00,M
GRI,2025-02-10 18:53,23.00,17.00,77.44,18.40,4500.00,32.20
GRI,2025-02-10 19:18,21.00,15.00,77.25,20.70,1400.00,34.50
GRI,2025-02-10 19:53,19.00,13.00,77.06,24.15,1400.00,34.50
GRI,2025-02-10 20:39,16.00,9.00,73.41,24.15,1500.00,37.95
GRI,2025-02-10 20:53,16.00,9.00,73.41,24.15,1700.00,37.95
GRI,2025-02-10 21:53,14.00,8.00,76.58,20.70,1700.00,36.80
GRI,2025-02-10 22:53,14.00,6.00,69.94,19.55,2000.00,33.35
GRI,2025-02-10 23:53,13.00,6.00,73.08,18.40,2400.00,33.35
GRI,2025-02-11 00:51,10.40,5.00,78.35,18.33,2598.00,33.35
GRI,2025-02-11 00:53,11.00,4.00,72.86,20.70,2600.00,33.35
GRI,2025-02-11 01:53,10.00,4.00,76.18,18.40,2800.00,M
GRI,2025-02-11 02:53,9.00,2.00,72.64,13.80,1500.00,M
GRI,2025-02-11 03:53,8.00,1.00,72.52,17.25,1700.00,M
GRI,2025-02-11 04:53,7.00,1.00,75.88,18.40,1700.00,M
GRI,2025-02-11 05:23,7.00,0.00,72.41,18.40,1700.00,M
GRI,2025-02-11 05:51,6.80,1.40,78.01,18.33,1699.00,M
GRI,2025-02-11 05:53,7.00,1.00,75.88,17.25,1700.00,M
GRI,2025-02-11 06:53,6.00,0.00,75.78,16.10,1600.00,M
GRI,2025-02-11 07:51,5.00,-2.20,71.50,19.67,1601.00,M
GRI,2025-02-11 07:53,5.00,-1.00,75.67,20.70,1600.00,M
GRI,2025-02-11 08:53,5.00,-4.00,65.62,17.25,3300.00,M
GRI,2025-02-11 09:53,5.00,-5.00,62.55,17.25,3400.00,M
GRI,2025-02-11 10:53,6.00,-6.00,56.94,12.65,3400.00,M
GRI,2025-02-11 11:53,9.00,-4.00,54.74,11.50,3300.00,M
GRI,2025-02-11 12:53,10.00,-4.00,52.34,12.65,3300.00,M
GRI,2025-02-11 13:53,10.00,-2.00,57.57,12.65,5000.00,M
GRI,2025-02-11 14:53,10.00,0.00,63.26,13.80,3600.00,M
GRI,2025-02-11 15:10,10.00,0.00,63.26,13.80,2800.00,M
GRI,2025-02-11 15:19,10.00,0.00,63.26,14.95,2600.00,M
GRI,2025-02-11 15:34,9.00,1.00,69.33,12.65,2600.00,M
GRI,2025-02-11 15:48,10.40,1.40,66.35,16.10,3100.00,M
GRI,2025-02-11 15:53,9.00,1.00,69.33,13.80,3500.00,M
GRI,2025-02-11 16:01,9.00,1.00,69.33,12.65,3500.00,M
GRI,2025-02-11 16:17,9.00,1.00,69.33,13.80,4100.00,M
GRI,2025-02-11 16:53,8.00,2.00,75.98,13.80,1600.00,M
GRI,2025-02-11 17:08,8.00,2.00,75.98,13.80,2900.00,M
GRI,2025-02-11 17:18,7.00,2.00,79.50,13.80,2300.00,M
GRI,2025-02-11 17:48,6.80,1.40,78.01,13.80,2700.00,M
GRI,2025-02-11 17:51,6.80,1.40,78.01,14.98,2900.00,M
GRI,2025-02-11 17:53,7.00,2.00,79.50,14.95,3100.00,M
GRI,2025-02-11 18:53,6.00,0.00,75.78,14.95,1300.00,M
GRI,2025-02-11 19:53,5.00,-3.00,68.83,14.95,6500.00,M
GRI,2025-02-11 20:53,4.00,-2.00,75.57,12.65,6000.00,M
GRI,2025-02-11 21:33,4.00,-1.00,79.23,10.35,2800.00,M
GRI,2025-02-11 21:44,4.00,-1.00,79.23,10.35,1700.00,M
GRI,2025-02-11 21:51,3.20,-0.40,84.56,9.17,1400.00,M
GRI,2025-02-11 21:53,4.00,0.00,83.04,9.20,1300.00,M
GRI,2025-02-11 22:37,4.00,-1.00,79.23,9.20,1700.00,M
GRI,2025-02-11 22:51,3.20,-0.40,84.56,10.35,2500.00,M
GRI,2025-02-11 22:53,4.00,-1.00,79.23,11.50,2700.00,M
GRI,2025-02-11 23:45,4.00,-1.00,79.23,9.20,3300.00,M
GRI,2025-02-11 23:51,3.20,-0.40,84.56,10.28,3300.00,M
GRI,2025-02-11 23:53,4.00,-1.00,79.23,10.35,3300.00,M
GRI,2025-02-12 00:23,3.00,-1.00,82.97,10.35,3200.00,M
GRI,2025-02-12 00:32,4.00,-1.00,79.23,9.20,3400.00,M
GRI,2025-02-12 00:51,3.20,-0.40,84.56,9.17,2798.00,M
GRI,2025-02-12 00:53,3.00,-1.00,82.97,10.35,2600.00,M
GRI,2025-02-12 01:10,3.00,-1.00,82.97,12.65,2200.00,M
GRI,2025-02-12 01:17,3.00,-2.00,79.14,10.35,2100.00,M
GRI,2025-02-12 01:51,3.20,-2.20,77.67,10.28,2099.00,M
GRI,2025-02-12 01:53,3.00,-2.00,79.14,8.05,1900.00,M
GRI,2025-02-12 02:29,3.00,-1.00,82.97,6.90,1300.00,M
GRI,2025-02-12 02:53,3.00,-2.00,79.14,8.05,1200.00,M
GRI,2025-02-12 03:08,3.00,-2.00,79.14,8.05,1600.00,M
GRI,2025-02-12 03:18,3.00,-1.00,82.97,9.20,1600.00,M
GRI,2025-02-12 03:53,3.00,-2.00,79.14,11.50,1800.00,M
GRI,2025-02-12 04:17,2.00,-2.00,82.89,12.65,2100.00,M
GRI,2025-02-12 04:32,2.00,-2.00,82.89,11.50,2100.00,M
GRI,2025-02-12 04:53,2.00,-2.00,82.89,11.50,2100.00,M
GRI,2025-02-12 05:03,2.00,-3.00,79.04,12.65,2500.00,M
GRI,2025-02-12 05:18,2.00,-2.00,82.89,11.50,2300.00,M
GRI,2025-02-12 05:42,2.00,-2.00,82.89,12.65,2700.00,M
GRI,2025-02-12 05:51,1.40,-2.20,84.43,12.74,3100.00,M
GRI,2025-02-12 05:53,2.00,-3.00,79.04,13.80,3100.00,M
GRI,2025-02-12 06:08,2.00,-3.00,79.04,12.65,3300.00,M
GRI,2025-02-12 06:15,2.00,-3.00,79.04,13.80,2900.00,M
GRI,2025-02-12 06:25,2.00,-3.00,79.04,11.50,2500.00,M
GRI,2025-02-12 06:41,2.00,-3.00,79.04,13.80,2500.00,M
GRI,2025-02-12 06:53,2.00,-3.00,79.04,12.65,2600.00,M
GRI,2025-02-12 07:06,2.00,-3.00,79.04,12.65,2600.00,M
GRI,2025-02-12 07:22,2.00,-3.00,79.04,11.50,2500.00,M
GRI,2025-02-12 07:40,1.00,-3.00,82.81,12.65,2100.00,M
GRI,2025-02-12 07:53,2.00,-3.00,79.04,10.35,1800.00,M
GRI,2025-02-12 08:02,2.00,-3.00,79.04,12.65,1700.00,M
GRI,2025-02-12 08:53,2.00,-3.00,79.04,16.10,1600.00,M
GRI,2025-02-12 09:27,2.00,-4.00,75.36,13.80,2000.00,M
GRI,2025-02-12 09:53,2.00,-3.00,79.04,12.65,1900.00,M
GRI,2025-02-12 10:34,3.00,-3.00,75.46,13.80,1900.00,M
GRI,2025-02-12 10:53,3.00,-3.00,75.46,12.65,2300.00,M
GRI,2025-02-12 11:48,3.20,-2.20,77.67,16.10,3500.00,M
GRI,2025-02-12 11:53,4.00,-2.00,75.57,14.95,3500.00,M
GRI,2025-02-12 12:21,5.00,-1.00,75.67,14.95,2400.00,M
GRI,2025-02-12 12:53,6.00,-1.00,72.29,16.10,2400.00,M
GRI,2025-02-12 13:01,6.00,0.00,75.78,14.95,2400.00,M
GRI,2025-02-12 13:17,7.00,0.00,72.41,16.10,2700.00,M
GRI,2025-02-12 13:53,8.00,1.00,72.52,14.95,2800.00,M
GRI,2025-02-12 14:17,9.00,1.00,69.33,16.10,2200.00,M
GRI,2025-02-12 14:51,8.60,1.40,71.92,13.86,2798.00,M
GRI,2025-02-12 14:53,9.00,2.00,72.64,17.25,2800.00,M
GRI,2025-02-12 15:41,10.00,2.00,69.45,16.10,2000.00,M
GRI,2025-02-12 15:53,11.00,2.00,66.43,13.80,1900.00,M
GRI,2025-02-12 16:53,10.00,1.00,66.29,11.50,1900.00,M
GRI,2025-02-12 17:41,8.00,0.00,69.21,8.05,2400.00,M
GRI,2025-02-12 17:53,8.00,1.00,72.52,8.05,2500.00,M
GRI,2025-02-12 18:53,10.00,1.00,66.29,10.35,2500.00,M
GRI,2025-02-12 19:27,7.00,0.00,72.41,12.65,2500.00,M
GRI,2025-02-12 19:53,5.00,-2.00,72.18,9.20,M,M
GRI,2025-02-12 20:53,2.00,-4.00,75.36,8.05,M,M
GRI,2025-02-12 21:53,-3.00,-7.00,82.50,6.90,M,M
GRI,2025-02-12 22:53,-4.00,-9.00,78.48,8.05,M,M
GRI,2025-02-12 23:53,-8.00,-11.00,86.28,5.75,M,M
GRI,2025-02-13 00:53,-11.00,-15.00,81.85,8.05,M,M
GRI,2025-02-13 01:53,-10.00,-13.00,86.15,8.05,M,M
GRI,2025-02-13 02:53,-12.00,-16.00,81.77,8.05,M,M
GRI,2025-02-13 03:53,-14.00,-18.00,81.60,6.90,M,M
GRI,2025-02-13 04:53,-13.00,-16.00,85.95,6.90,M,M
GRI,2025-02-13 05:53,-11.00,-15.00,81.85,4.60,M,M
GRI,2025-02-13 06:53,-10.00,-13.00,86.15,3.45,M,M
GRI,2025-02-13 07:53,-10.00,-14.00,81.93,5.75,M,M
GRI,2025-02-13 08:53,-1.00,-7.00,75.04,8.05,M,M
GRI,2025-02-13 09:53,5.00,-4.00,65.62,11.50,M,M
GRI,2025-02-13 10:53,8.00,-2.00,62.98,16.10,M,M
GRI,2025-02-13 11:53,12.00,1.00,60.65,16.10,M,M
GRI,2025-02-13 12:53,15.00,4.00,61.09,16.10,M,M
GRI,2025-02-13 13:53,18.00,6.00,58.79,14.95,M,M
GRI,2025-02-13 14:53,20.00,6.00,53.96,19.55,M,M
GRI,2025-02-13 15:53,19.00,8.00,61.66,14.95,M,M
GRI,2025-02-13 16:53,19.00,8.00,61.66,12.65,M,M
GRI,2025-02-13 17:53,17.00,7.00,64.23,8.05,M,M
GRI,2025-02-13 18:53,15.00,7.00,70.06,10.35,M,M
GRI,2025-02-13 19:53,14.00,7.00,73.19,13.80,M,M
GRI,2025-02-13 20:53,12.00,6.00,76.38,10.35,M,M
GRI,2025-02-13 21:53,12.00,6.00,76.38,14.95,M,M
GRI,2025-02-13 22:53,10.00,5.00,79.76,10.35,M,M
GRI,2025-02-13 23:53,13.00,7.00,76.48,13.80,M,M
GRI,2025-02-14 00:53,13.00,8.00,80.02,14.95,M,M
GRI,2025-02-14 01:53,14.00,8.00,76.58,16.10,M,M
GRI,2025-02-14 02:53,14.00,7.00,73.19,16.10,M,M
GRI,2025-02-14 03:53,14.00,8.00,76.58,13.80,M,M
GRI,2025-02-14 04:53,15.00,9.00,76.68,14.95,M,M
GRI,2025-02-14 05:53,14.00,8.00,76.58,17.25,M,M
GRI,2025-02-14 06:53,16.00,10.00,76.77,19.55,M,M
GRI,2025-02-14 07:53,16.00,11.00,80.27,23.00,M,31.05
GRI,2025-02-14 08:53,17.00,12.00,80.36,14.95,11000.00,32.20
GRI,2025-02-14 09:53,20.00,14.00,77.16,13.80,11000.00,M
GRI,2025-02-14 10:53,24.00,17.00,74.26,16.10,M,32.20
GRI,2025-02-14 11:53,28.00,20.00,71.56,14.95,M,31.05
GRI,2025-02-14 12:53,30.00,21.00,68.81,23.00,M,32.20
GRI,2025-02-14 13:53,31.00,22.00,68.92,19.55,M,31.05
GRI,2025-02-14 14:53,33.00,24.00,69.16,12.65,M,M
GRI,2025-02-14 15:53,34.00,25.00,69.28,9.20,M,M
GRI,2025-02-14 16:53,33.00,25.00,72.11,4.60,M,M
GRI,2025-02-14 17:53,32.00,26.00,78.25,4.60,M,M
GRI,2025-02-14 18:53,29.00,25.00,84.79,6.90,M,M
GRI,2025-02-14 19:53,29.00,25.00,84.79,4.60,12000.00,M
GRI,2025-02-14 20:49,28.40,26.60,92.86,6.90,2900.00,M
GRI,2025-02-14 20:53,30.00,26.00,84.85,8.05,2900.00,M
GRI,2025-02-14 21:53,31.00,27.00,84.92,9.20,3000.00,M
GRI,2025-02-14 22:53,31.00,26.00,81.48,16.10,5000.00,M
GRI,2025-02-14 23:53,30.00,25.00,81.40,13.80,2300.00,M
GRI,2025-02-15 00:53,28.00,23.00,81.25,13.80,1400.00,M
GRI,2025-02-15 01:06,27.00,22.00,81.17,17.25,1400.00,M
GRI,2025-02-15 01:53,25.00,22.00,88.18,17.25,1100.00,M
GRI,2025-02-15 02:01,25.00,22.00,88.18,18.40,900.00,M
GRI,2025-02-15 02:16,24.00,22.00,91.94,19.55,1600.00,M
GRI,2025-02-15 02:23,24.00,22.00,91.94,18.40,1400.00,M
GRI,2025-02-15 02:53,23.00,21.00,91.90,18.40,1100.00,M
GRI,2025-02-15 03:14,22.00,20.00,91.87,20.70,800.00,29.90
GRI,2025-02-15 03:44,21.00,19.00,91.83,10.35,1000.00,33.35
GRI,2025-02-15 03:53,21.00,19.00,91.83,11.50,1000.00,33.35
GRI,2025-02-15 04:19,21.00,18.00,87.97,20.70,1000.00,M
GRI,2025-02-15 04:28,21.00,17.00,84.26,14.95,800.00,M
GRI,2025-02-15 04:40,20.00,17.00,87.92,18.40,2000.00,M
GRI,2025-02-15 04:53,20.00,17.00,87.92,18.40,2600.00,M
GRI,2025-02-15 05:07,20.00,17.00,87.92,17.25,1200.00,M
GRI,2025-02-15 05:28,20.00,16.00,84.19,20.70,1400.00,M
GRI,2025-02-15 05:37,19.00,15.00,84.12,23.00,1400.00,33.35
GRI,2025-02-15 05:53,18.00,15.00,87.81,23.00,1300.00,33.35
GRI,2025-02-15 06:14,17.00,14.00,87.76,20.70,900.00,35.65
GRI,2025-02-15 06:53,16.00,12.00,83.91,23.00,900.00,35.65
GRI,2025-02-15 07:51,14.00,10.40,85.28,21.91,1000.00,33.35
GRI,2025-02-15 07:53,14.00,10.00,83.77,19.55,1000.00,33.35
GRI,2025-02-15 08:53,14.00,10.00,83.77,23.00,1100.00,33.35
GRI,2025-02-15 09:53,14.00,9.00,80.10,25.30,1100.00,34.50
GRI,2025-02-15 10:53,15.00,10.00,80.19,23.00,1200.00,35.65
GRI,2025-02-15 11:53,13.00,7.00,76.48,23.00,1300.00,34.50
GRI,2025-02-15 12:30,14.00,8.00,76.58,19.55,1500.00,M
GRI,2025-02-15 12:53,14.00,7.00,73.19,20.70,1500.00,29.90
GRI,2025-02-15 13:53,14.00,8.00,76.58,18.40,1500.00,31.05
GRI,2025-02-15 14:53,15.00,8.00,73.30,24.15,1600.00,32.20
GRI,2025-02-15 15:53,15.00,8.00,73.30,20.70,1700.00,34.50
GRI,2025-02-15 16:23,14.00,7.00,73.19,24.15,1900.00,34.50
GRI,2025-02-15 16:53,14.00,7.00,73.19,24.15,3200.00,35.65
GRI,2025-02-15 17:53,12.00,6.00,76.38,21.85,3400.00,36.80
GRI,2025-02-15 18:53,11.00,4.00,72.86,16.10,3600.00,31.05
GRI,2025-02-15 19:53,10.00,3.00,72.75,19.55,3700.00,32.20
GRI,2025-02-15 20:53,8.00,1.00,72.52,19.55,4300.00,29.90
GRI,2025-02-15 21:36,8.00,1.00,72.52,13.80,2200.00,M
GRI,2025-02-15 21:53,8.00,1.00,72.52,13.80,2300.00,M
GRI,2025-02-15 22:24,8.00,1.00,72.52,11.50,2500.00,M
GRI,2025-02-15 22:53,8.00,2.00,75.98,12.65,2100.00,M
GRI,2025-02-15 23:53,8.00,1.00,72.52,14.95,5500.00,M
GRI,2025-02-16 00:53,6.00,-2.00,68.96,12.65,M,M
GRI,2025-02-16 01:53,5.00,-2.00,72.18,18.40,5000.00,M
GRI,2025-02-16 02:53,2.00,-4.00,75.36,16.10,M,M
GRI,2025-02-16 03:53,2.00,-5.00,71.83,16.10,M,M
GRI,2025-02-16 04:53,1.00,-6.00,71.71,13.80,M,M
GRI,2025-02-16 05:53,-1.00,-7.00,75.04,16.10,M,M
GRI,2025-02-16 06:53,-2.00,-8.00,74.93,16.10,M,M
GRI,2025-02-16 07:53,-3.00,-9.00,74.83,12.65,M,M
GRI,2025-02-16 08:53,-1.00,-9.00,68.06,17.25,M,M
GRI,2025-02-16 09:53,1.00,-8.00,65.07,14.95,M,M
GRI,2025-02-16 10:53,3.00,-7.00,62.26,16.10,M,M
GRI,2025-02-16 11:53,5.00,-6.00,59.60,12.65,M,M
GRI,2025-02-16 12:53,7.00,-4.00,59.91,11.50,M,M
GRI,2025-02-16 13:53,8.00,-4.00,57.26,10.35,M,M
GRI,2025-02-16 14:53,10.00,-3.00,54.90,10.35,M,M
GRI,2025-02-16 15:53,10.00,-2.00,57.57,9.20,M,M
GRI,2025-02-16 16:53,11.00,-2.00,55.06,6.90,M,M
GRI,2025-02-16 17:53,8.00,-2.00,62.98,4.60,12000.00,M
GRI,2025-02-16 18:53,6.00,-1.00,72.29,0.00,11000.00,M
GRI,2025-02-16 19:53,5.00,-3.00,68.83,0.00,11000.00,M
GRI,2025-02-16 20:53,6.00,-2.00,68.96,5.75,8500.00,M
GRI,2025-02-16 21:53,8.00,0.00,69.21,4.60,6000.00,M
GRI,2025-02-16 22:53,10.00,1.00,66.29,0.00,3600.00,M
GRI,2025-02-16 23:09,10.00,3.00,72.75,3.45,2800.00,M
GRI,2025-02-16 23:25,9.00,4.00,79.67,3.45,2200.00,M
GRI,2025-02-16 23:41,9.00,5.00,83.41,3.45,2400.00,M
GRI,2025-02-16 23:53,9.00,5.00,83.41,3.45,2800.00,M
GRI,2025-02-17 00:03,9.00,5.00,83.41,3.45,3200.00,M
GRI,2025-02-17 00:28,9.00,6.00,87.31,0.00,2600.00,M
GRI,2025-02-17 00:39,9.00,6.00,87.31,0.00,2000.00,M
GRI,2025-02-17 00:53,9.00,6.00,87.31,0.00,1900.00,M
GRI,2025-02-17 01:14,9.00,6.00,87.31,0.00,2500.00,M
GRI,2025-02-17 01:30,9.00,6.00,87.31,3.45,2300.00,M
GRI,2025-02-17 01:45,9.00,5.00,83.41,4.60,3600.00,M
GRI,2025-02-17 01:53,9.00,6.00,87.31,5.75,4400.00,M
GRI,2025-02-17 02:53,7.00,3.00,83.27,10.35,3200.00,M
GRI,2025-02-17 02:58,7.00,3.00,83.27,10.35,2800.00,M
GRI,2025-02-17 03:05,7.00,3.00,83.27,10.35,2200.00,M
GRI,2025-02-17 03:33,7.00,3.00,83.27,8.05,2800.00,M
GRI,2025-02-17 03:39,7.00,3.00,83.27,10.35,3000.00,M
GRI,2025-02-17 03:46,7.00,3.00,83.27,11.50,3200.00,M
GRI,2025-02-17 03:51,6.80,1.40,78.01,9.17,3398.00,M
GRI,2025-02-17 03:53,7.00,2.00,79.50,10.35,3400.00,M
GRI,2025-02-17 04:53,6.00,2.00,83.19,8.05,4300.00,M
GRI,2025-02-17 05:53,6.00,1.00,79.41,13.80,4000.00,M
GRI,2025-02-17 06:53,5.00,0.00,79.32,12.65,3700.00,M
GRI,2025-02-17 07:19,4.00,-1.00,79.23,12.65,3300.00,M
GRI,2025-02-17 07:36,4.00,-1.00,79.23,12.65,3300.00,M
GRI,2025-02-17 07:50,3.20,-2.20,77.67,11.50,3500.00,M
GRI,2025-02-17 07:51,3.00,-2.00,79.14,11.50,3500.00,M
GRI,2025-02-17 08:01,3.00,-2.00,79.14,11.50,3300.00,M
GRI,2025-02-17 08:17,2.00,-3.00,79.04,14.95,5000.00,M
GRI,2025-02-17 08:48,1.40,-2.20,84.43,12.65,3100.00,M
GRI,2025-02-17 08:53,2.00,-3.00,79.04,12.65,3600.00,M
GRI,2025-02-17 09:18,2.00,-3.00,79.04,14.95,2500.00,M
GRI,2025-02-17 09:27,2.00,-3.00,79.04,16.10,2000.00,M
GRI,2025-02-17 09:48,3.20,-2.20,77.67,14.95,1700.00,M
GRI,2025-02-17 09:53,3.00,-3.00,75.46,13.80,1700.00,M
GRI,2025-02-17 10:12,3.00,-3.00,75.46,13.80,2500.00,M
GRI,2025-02-17 10:26,3.00,-4.00,71.95,13.80,3200.00,M
GRI,2025-02-17 10:53,3.00,-4.00,71.95,13.80,3700.00,M
GRI,2025-02-17 11:46,3.00,-4.00,71.95,17.25,3300.00,M
GRI,2025-02-17 11:53,3.00,-4.00,71.95,14.95,3000.00,M
GRI,2025-02-17 12:19,3.00,-4.00,71.95,17.25,3400.00,M
GRI,2025-02-17 12:32,2.00,-5.00,71.83,16.10,3900.00,M
GRI,2025-02-17 12:53,2.00,-6.00,68.45,14.95,4500.00,M
GRI,2025-02-17 13:43,1.00,-6.00,71.71,16.10,4000.00,M
GRI,2025-02-17 13:53,1.00,-7.00,68.32,19.55,3800.00,M
GRI,2025-02-17 14:10,1.00,-7.00,68.32,17.25,2800.00,M
GRI,2025-02-17 14:40,0.00,-7.00,71.59,17.25,2700.00,M
GRI,2025-02-17 14:51,-0.40,-7.60,70.85,16.10,2700.00,M
GRI,2025-02-17 14:53,0.00,-8.00,68.19,16.10,2700.00,M
GRI,2025-02-17 15:16,-1.00,-7.00,75.04,16.10,2800.00,M
GRI,2025-02-17 15:32,-1.00,-7.00,75.04,17.25,2200.00,M
GRI,2025-02-17 15:42,-2.00,-8.00,74.93,16.10,2000.00,M
GRI,2025-02-17 15:53,-2.00,-8.00,74.93,14.95,1600.00,M
GRI,2025-02-17 16:02,-2.00,-9.00,71.35,17.25,1800.00,M
GRI,2025-02-17 16:33,-3.00,-9.00,74.83,13.80,1900.00,M
GRI,2025-02-17 16:43,-3.00,-9.00,74.83,16.10,2200.00,M
GRI,2025-02-17 16:51,-4.00,-9.40,76.96,16.10,2401.00,M
GRI,2025-02-17 16:53,-4.00,-10.00,74.72,14.95,2600.00,M
GRI,2025-02-17 17:09,-4.00,-10.00,74.72,16.10,2800.00,M
GRI,2025-02-17 17:53,-4.00,-11.00,71.11,14.95,6500.00,M
GRI,2025-02-17 18:53,-4.00,-12.00,67.67,14.95,6000.00,M
GRI,2025-02-17 19:53,-6.00,-13.00,70.87,16.10,6000.00,M
GRI,2025-02-17 20:53,-6.00,-14.00,67.40,13.80,6000.00,M
GRI,2025-02-17 21:53,-7.00,-14.00,70.74,16.10,6000.00,M
GRI,2025-02-17 22:53,-7.00,-15.00,67.26,14.95,6000.00,M
GRI,2025-02-17 23:53,-7.00,-15.00,67.26,14.95,6000.00,M
GRI,2025-02-18 00:53,-7.00,-15.00,67.26,16.10,6000.00,M
GRI,2025-02-18 01:51,-7.60,-14.80,69.96,10.28,5498.00,M
GRI,2025-02-18 01:53,-8.00,-15.00,70.62,12.65,5500.00,M
GRI,2025-02-18 02:00,-8.00,-15.00,70.62,13.80,5500.00,M
GRI,2025-02-18 02:53,-9.00,-17.00,66.99,17.25,6000.00,M
GRI,2025-02-18 03:53,-9.00,-18.00,63.65,14.95,6500.00,M
GRI,2025-02-18 04:53,-9.00,-18.00,63.65,11.50,6500.00,M
GRI,2025-02-18 05:53,-9.00,-18.00,63.65,14.95,6000.00,M
GRI,2025-02-18 06:53,-9.00,-17.00,66.99,14.95,3600.00,M
GRI,2025-02-18 07:13,-9.00,-16.00,70.50,10.35,3300.00,M
GRI,2025-02-18 07:34,-9.00,-16.00,70.50,12.65,2700.00,M
GRI,2025-02-18 07:44,-9.00,-16.00,70.50,12.65,2300.00,M
GRI,2025-02-18 07:53,-9.00,-15.00,74.16,12.65,2000.00,M
GRI,2025-02-18 08:01,-9.00,-15.00,74.16,13.80,1900.00,M
GRI,2025-02-18 08:22,-9.00,-15.00,74.16,11.50,2100.00,M
GRI,2025-02-18 08:48,-7.60,-14.80,69.96,12.65,3700.00,M
GRI,2025-02-18 08:51,-7.60,-14.80,69.96,12.74,4199.00,M
GRI,2025-02-18 08:53,-8.00,-15.00,70.62,13.80,4400.00,M
GRI,2025-02-18 09:04,-8.00,-15.00,70.62,11.50,5000.00,M
GRI,2025-02-18 09:53,-8.00,-15.00,70.62,13.80,4200.00,M
GRI,2025-02-18 10:10,-8.00,-15.00,70.62,13.80,4000.00,M
GRI,2025-02-18 10:41,-8.00,-15.00,70.62,13.80,3300.00,M
GRI,2025-02-18 10:51,-7.60,-14.80,69.96,16.10,2998.00,M
GRI,2025-02-18 10:53,-8.00,-15.00,70.62,14.95,2900.00,M
GRI,2025-02-18 11:02,-8.00,-15.00,70.62,17.25,3400.00,M
GRI,2025-02-18 11:19,-7.00,-15.00,67.26,13.80,3600.00,M
GRI,2025-02-18 11:32,-7.00,-15.00,67.26,10.35,2700.00,M
GRI,2025-02-18 11:44,-7.00,-14.00,70.74,11.50,2400.00,M
GRI,2025-02-18 11:53,-6.00,-14.00,67.40,11.50,2200.00,M
GRI,2025-02-18 12:06,-6.00,-14.00,67.40,13.80,2600.00,M
GRI,2025-02-18 12:12,-6.00,-14.00,67.40,11.50,2600.00,M
GRI,2025-02-18 12:53,-5.00,-14.00,64.23,12.65,4300.00,M
GRI,2025-02-18 13:15,-5.00,-13.00,67.53,12.65,3600.00,M
GRI,2025-02-18 13:24,-5.00,-14.00,64.23,11.50,3600.00,M
GRI,2025-02-18 13:38,-4.00,-12.00,67.67,11.50,3400.00,M
GRI,2025-02-18 13:51,-5.80,-13.00,70.19,11.40,3599.00,M
GRI,2025-02-18 13:53,-5.00,-13.00,67.53,10.35,3600.00,M
GRI,2025-02-18 14:53,-3.00,-12.00,64.51,13.80,4600.00,M
GRI,2025-02-18 15:53,-4.00,-13.00,64.37,13.80,7000.00,M
GRI,2025-02-18 16:53,-4.00,-14.00,61.22,14.95,6000.00,M
GRI,2025-02-18 17:53,-3.00,-13.00,61.37,11.50,8000.00,M
GRI,2025-02-18 18:53,-5.00,-14.00,64.23,12.65,4800.00,M
GRI,2025-02-18 19:53,-5.00,-12.00,70.99,10.35,7500.00,M
GRI,2025-02-18 20:53,-5.00,-11.00,74.61,10.35,5500.00,M
GRI,2025-02-18 21:28,-4.00,-10.00,74.72,12.65,3000.00,M
GRI,2025-02-18 21:36,-4.00,-10.00,74.72,13.80,2800.00,M
GRI,2025-02-18 21:47,-4.00,-9.40,76.96,13.80,3000.00,M
GRI,2025-02-18 21:53,-4.00,-11.00,71.11,13.80,3200.00,M
GRI,2025-02-18 22:53,-5.00,-11.00,74.61,12.65,4600.00,M
GRI,2025-02-18 23:14,-5.00,-11.00,74.61,9.20,3000.00,M
GRI,2025-02-18 23:19,-5.00,-11.00,74.61,10.35,2800.00,M
GRI,2025-02-18 23:53,-7.00,-13.00,74.39,10.35,2500.00,M
GRI,2025-02-19 00:02,-7.00,-13.00,74.39,8.05,2600.00,M
GRI,2025-02-19 00:53,-5.00,-11.00,74.61,9.20,9000.00,M
GRI,2025-02-19 01:53,-5.00,-11.00,74.61,11.50,3200.00,M
GRI,2025-02-19 02:53,-4.00,-10.00,74.72,12.65,4200.00,M
GRI,2025-02-19 03:04,-4.00,-10.00,74.72,12.65,3600.00,M
GRI,2025-02-19 03:26,-4.00,-10.00,74.72,13.80,2800.00,M
GRI,2025-02-19 03:41,-4.00,-9.00,78.48,11.50,2400.00,M
GRI,2025-02-19 03:53,-4.00,-10.00,74.72,11.50,3000.00,M
GRI,2025-02-19 04:00,-4.00,-10.00,74.72,13.80,3800.00,M
GRI,2025-02-19 04:53,-4.00,-10.00,74.72,11.50,3600.00,M
GRI,2025-02-19 05:53,-3.00,-10.00,71.23,9.20,7500.00,M
GRI,2025-02-19 06:53,-4.00,-9.00,78.48,10.35,8500.00,M
GRI,2025-02-19 07:53,-6.00,-13.00,70.87,13.80,4700.00,M
GRI,2025-02-19 08:53,-6.00,-13.00,70.87,12.65,M,M
GRI,2025-02-19 09:53,-6.00,-15.00,64.08,14.95,M,M
GRI,2025-02-19 10:53,-6.00,-16.00,60.91,14.95,M,M
GRI,2025-02-19 11:53,-5.00,-16.00,58.05,14.95,M,M
GRI,2025-02-19 12:53,-4.00,-15.00,58.21,9.20,M,M
GRI,2025-02-19 13:53,-3.00,-15.00,55.49,10.35,M,M
GRI,2025-02-19 14:53,-2.00,-14.00,55.66,11.50,M,M
GRI,2025-02-19 15:53,-1.00,-14.00,53.09,12.65,M,M
GRI,2025-02-19 16:53,-1.00,-14.00,53.09,9.20,M,M
GRI,2025-02-19 17:53,-4.00,-15.00,58.21,6.90,M,M
GRI,2025-02-19 18:53,-9.00,-18.00,63.65,4.60,M,M
GRI,2025-02-19 19:53,-11.00,-18.00,70.24,4.60,M,M
GRI,2025-02-19 20:53,-12.00,-19.00,70.12,8.05,M,M
GRI,2025-02-19 21:53,-16.00,-21.00,77.30,6.90,M,M
GRI,2025-02-19 22:53,-18.00,-23.00,77.09,6.90,M,M
GRI,2025-02-19 23:53,-19.00,-23.00,81.17,5.75,M,M
GRI,2025-02-20 00:53,-19.00,-23.00,81.17,8.05,M,M
GRI,2025-02-20 01:53,-21.00,-26.00,76.78,5.75,M,M
GRI,2025-02-20 02:53,-19.00,-23.00,81.17,8.05,M,M
GRI,2025-02-20 03:53,-22.00,-26.00,80.90,6.90,M,M
GRI,2025-02-20 04:53,-21.00,-26.00,76.78,11.50,M,M
GRI,2025-02-20 05:53,-22.00,-28.00,72.64,6.90,M,M
GRI,2025-02-20 06:53,-21.00,-26.00,76.78,5.75,M,M
GRI,2025-02-20 07:53,-22.00,-27.00,76.67,5.75,M,M
GRI,2025-02-20 08:53,-18.00,-24.00,73.12,5.75,M,M
GRI,2025-02-20 09:53,-12.00,-20.00,66.58,6.90,M,M
GRI,2025-02-20 10:53,-6.00,-16.00,60.91,4.60,M,M
GRI,2025-02-20 11:53,-2.00,-14.00,55.66,0.00,M,M
GRI,2025-02-20 12:53,3.00,-11.00,51.16,0.00,M,M
GRI,2025-02-20 13:53,3.00,-10.00,53.76,3.45,M,M
GRI,2025-02-20 14:53,5.00,-11.00,46.67,0.00,M,M
GRI,2025-02-20 15:53,5.00,-9.00,51.50,3.45,M,M
GRI,2025-02-20 16:53,3.00,-12.00,48.68,6.90,M,M
GRI,2025-02-20 17:53,0.00,-12.00,55.98,5.75,M,M
GRI,2025-02-20 18:53,-3.00,-12.00,64.51,4.60,M,M
GRI,2025-02-20 19:53,-8.00,-14.00,74.28,3.45,M,M
GRI,2025-02-20 20:53,-3.00,-11.00,67.80,5.75,M,M
GRI,2025-02-20 21:53,-8.00,-12.00,82.10,4.60,M,M
GRI,2025-02-20 22:53,-6.00,-12.00,74.50,5.75,M,M
GRI,2025-02-20 23:53,-8.00,-13.00,78.10,6.90,M,M
GRI,2025-02-21 00:53,-9.00,-14.00,78.00,5.75,M,M
GRI,2025-02-21 01:53,-9.00,-15.00,74.16,6.90,M,M
GRI,2025-02-21 02:53,-7.00,-14.00,70.74,5.75,M,M
GRI,2025-02-21 03:53,-5.00,-13.00,67.53,10.35,M,M
GRI,2025-02-21 04:53,-3.00,-12.00,64.51,12.65,M,M
GRI,2025-02-21 05:53,-3.00,-12.00,64.51,11.50,M,M
GRI,2025-02-21 06:53,-3.00,-11.00,67.80,9.20,M,M
GRI,2025-02-21 07:53,0.00,-10.00,61.82,13.80,M,M
GRI,2025-02-21 08:53,5.00,-8.00,54.09,18.40,M,M
GRI,2025-02-21 09:53,9.00,-5.00,52.17,20.70,M,M
GRI,2025-02-21 10:53,12.00,-2.00,52.67,13.80,M,M
GRI,2025-02-21 11:53,15.00,2.00,55.69,20.70,M,M
GRI,2025-02-21 12:53,17.00,5.00,58.64,17.25,M,M
GRI,2025-02-21 13:53,18.00,6.00,58.79,17.25,M,M
GRI,2025-02-21 14:53,19.00,8.00,61.66,16.10,M,M
GRI,2025-02-21 15:53,20.00,8.00,59.08,16.10,M,M
GRI,2025-02-21 16:53,19.00,8.00,61.66,17.25,M,M
GRI,2025-02-21 17:53,19.00,8.00,61.66,10.35,M,M
GRI,2025-02-21 18:53,17.00,7.00,64.23,11.50,M,M
GRI,2025-02-21 19:53,16.00,7.00,67.07,16.10,M,M
GRI,2025-02-21 20:53,16.00,7.00,67.07,14.95,M,M
GRI,2025-02-21 21:53,15.00,7.00,70.06,16.10,M,M
GRI,2025-02-21 22:53,15.00,7.00,70.06,14.95,M,M
GRI,2025-02-21 23:53,15.00,8.00,73.30,17.25,M,M
GRI,2025-02-22 00:53,15.00,8.00,73.30,16.10,M,M
GRI,2025-02-22 01:53,15.00,8.00,73.30,18.40,M,M
GRI,2025-02-22 02:53,16.00,8.00,70.18,17.25,M,M
GRI,2025-02-22 03:53,14.00,8.00,76.58,11.50,M,M
GRI,2025-02-22 04:53,13.00,7.00,76.48,9.20,M,M
GRI,2025-02-22 05:53,11.00,7.00,83.56,9.20,M,M
GRI,2025-02-22 06:53,10.00,5.00,79.76,6.90,M,M
GRI,2025-02-22 07:53,11.00,7.00,83.56,6.90,M,M
GRI,2025-02-22 08:53,18.00,11.00,73.62,6.90,M,M
GRI,2025-02-22 09:53,26.00,17.00,68.32,8.05,M,M
GRI,2025-02-22 10:53,32.00,20.00,60.81,5.75,M,M
GRI,2025-02-22 11:53,35.00,23.00,61.23,9.20,M,M
GRI,2025-02-22 12:53,38.00,26.00,61.64,11.50,M,M
GRI,2025-02-22 13:53,39.00,27.00,61.78,13.80,M,M
GRI,2025-02-22 14:53,41.00,28.00,59.55,10.35,M,M
GRI,2025-02-22 15:53,42.00,28.00,57.30,12.65,M,M
GRI,2025-02-22 16:53,42.00,30.00,62.18,10.35,M,M
GRI,2025-02-22 17:53,40.00,31.00,69.97,10.35,M,M
GRI,2025-02-22 18:53,38.00,29.00,69.74,11.50,M,M
GRI,2025-02-22 19:53,36.00,29.00,75.46,9.20,M,M
GRI,2025-02-22 20:53,36.00,29.00,75.46,10.35,M,M
GRI,2025-02-22 21:53,34.00,28.00,78.43,8.05,M,M
GRI,2025-02-22 22:53,33.00,28.00,81.63,8.05,M,M
GRI,2025-02-22 23:53,32.00,27.00,81.55,8.05,M,M
GRI,2025-02-23 00:53,32.00,27.00,81.55,5.75,M,M
GRI,2025-02-23 01:53,29.00,25.00,84.79,6.90,M,M
GRI,2025-02-23 02:53,30.00,26.00,84.85,5.75,M,M
GRI,2025-02-23 03:53,26.00,23.00,88.23,3.45,M,M
GRI,2025-02-23 04:53,28.00,24.00,84.72,6.90,M,M
GRI,2025-02-23 05:53,30.00,23.00,74.87,8.05,M,M
GRI,2025-02-23 06:53,30.00,24.00,78.07,9.20,M,M
GRI,2025-02-23 07:53,31.00,24.00,74.97,9.20,M,M
GRI,2025-02-23 08:53,34.00,25.00,69.28,9.20,M,M
GRI,2025-02-23 09:53,38.00,27.00,64.24,10.35,M,M
GRI,2025-02-23 10:53,42.00,28.00,57.30,9.20,M,M
GRI,2025-02-23 11:53,46.00,31.00,55.58,8.05,M,M
GRI,2025-02-23 12:53,49.00,32.00,51.70,9.20,M,M
GRI,2025-02-23 13:53,52.00,34.00,50.12,6.90,M,M
GRI,2025-02-23 14:53,52.00,36.00,54.26,12.65,M,M
GRI,2025-02-23 15:53,54.00,36.00,50.42,12.65,M,M
GRI,2025-02-23 16:53,52.00,36.00,54.26,8.05,M,M
GRI,2025-02-23 17:53,48.00,35.00,60.52,9.20,M,M
GRI,2025-02-23 18:53,42.00,35.00,76.03,9.20,M,M
GRI,2025-02-23 19:53,42.00,33.00,70.19,10.35,M,M
GRI,2025-02-23 20:53,44.00,33.00,65.01,13.80,M,M
GRI,2025-02-23 21:53,44.00,33.00,65.01,12.65,M,M
GRI,2025-02-23 22:53,45.00,32.00,60.11,14.95,M,M
GRI,2025-02-23 23:53,44.00,32.00,62.44,16.10,M,M
GRI,2025-02-24 00:53,43.00,32.00,64.88,12.65,M,M
GRI,2025-02-24 01:53,42.00,32.00,67.42,11.50,M,M
GRI,2025-02-24 02:53,40.00,33.00,75.84,9.20,M,M
GRI,2025-02-24 03:53,42.00,33.00,70.19,6.90,M,M
GRI,2025-02-24 04:53,39.00,32.00,75.75,8.05,M,M
GRI,2025-02-24 05:53,37.00,31.00,78.69,6.90,M,M
GRI,2025-02-24 06:53,36.00,31.00,81.86,5.75,M,M
GRI,2025-02-24 07:53,38.00,31.00,75.65,10.35,M,M
GRI,2025-02-24 08:53,44.00,33.00,65.01,6.90,M,M
GRI,2025-02-24 09:53,50.00,36.00,58.44,6.90,M,M
GRI,2025-02-24 10:53,54.00,36.00,50.42,9.20,M,M
GRI,2025-02-24 11:53,59.00,35.00,40.45,6.90,M,M
GRI,2025-02-24 12:53,63.00,37.00,37.99,6.90,M,M
GRI,2025-02-24 13:53,65.00,38.00,36.84,14.95,M,M
GRI,2025-02-24 14:53,67.00,37.00,33.04,12.65,M,M
GRI,2025-02-24 15:53,68.00,34.00,28.34,14.95,M,M
GRI,2025-02-24 16:53,66.00,33.00,29.18,12.65,M,M
GRI,2025-02-24 17:53,58.00,32.00,37.18,8.05,M,M
GRI,2025-02-24 18:53,46.00,31.00,55.58,3.45,M,M
GRI,2025-02-24 19:53,42.00,29.00,59.69,8.05,M,M
GRI,2025-02-24 20:53,39.00,28.00,64.37,5.75,M,M
GRI,2025-02-24 21:53,38.00,27.00,64.24,6.90,M,M
GRI,2025-02-24 22:53,38.00,26.00,61.64,8.05,M,M
GRI,2025-02-24 23:53,38.00,27.00,64.24,8.05,M,M
GRI,2025-02-25 00:53,33.00,26.00,75.17,4.60,M,M
GRI,2025-02-25 01:53,32.00,26.00,78.25,8.05,M,M
GRI,2025-02-25 02:53,32.00,25.00,75.07,8.05,M,M
GRI,2025-02-25 03:53,29.00,24.00,81.32,0.00,M,M
GRI,2025-02-25 04:53,30.00,25.00,81.40,3.45,M,M
GRI,2025-02-25 05:53,28.00,24.00,84.72,6.90,M,M
GRI,2025-02-25 06:53,28.00,24.00,84.72,0.00,M,M
GRI,2025-02-25 07:53,31.00,26.00,81.48,3.45,M,M
GRI,2025-02-25 08:53,41.00,30.00,64.63,4.60,M,M
GRI,2025-02-25 09:53,47.00,29.00,49.34,8.05,M,M
GRI,2025-02-25 10:53,52.00,29.00,40.95,13.80,M,M
GRI,2025-02-25 11:53,56.00,30.00,36.85,18.40,M,M
GRI,2025-02-25 12:53,57.00,33.00,40.12,18.40,M,M
GRI,2025-02-25 13:53,59.00,35.00,40.45,19.55,M,31.05
GRI,2025-02-25 14:53,65.00,37.00,35.42,19.55,M,32.20
GRI,2025-02-25 15:53,66.00,39.00,37.00,14.95,M,36.80
GRI,2025-02-25 16:53,64.00,39.00,39.67,11.50,M,M
GRI,2025-02-25 17:53,61.00,40.00,45.85,10.35,M,M
GRI,2025-02-25 18:53,55.00,40.00,56.88,10.35,M,M
GRI,2025-02-25 19:53,56.00,39.00,52.75,21.85,M,36.80
GRI,2025-02-25 20:10,59.00,34.00,38.87,28.75,M,42.55
GRI,2025-02-25 20:53,55.00,31.00,39.80,13.80,M,42.55
GRI,2025-02-25 21:53,45.00,31.00,57.73,10.35,M,M
GRI,2025-02-25 22:53,50.00,32.00,49.81,16.10,M,M
GRI,2025-02-25 23:53,47.00,33.00,58.01,11.50,M,M
GRI,2025-02-26 00:53,44.00,33.00,65.01,10.35,M,M
GRI,2025-02-26 01:53,44.00,33.00,65.01,10.35,11000.00,M
GRI,2025-02-26 02:53,43.00,33.00,67.54,12.65,12000.00,M
GRI,2025-02-26 03:53,42.00,33.00,70.19,13.80,M,M
GRI,2025-02-26 04:53,40.00,31.00,69.97,12.65,M,M
GRI,2025-02-26 05:53,37.00,30.00,75.56,13.80,M,M
GRI,2025-02-26 06:53,36.00,28.00,72.43,12.65,M,M
GRI,2025-02-26 07:53,37.00,28.00,69.63,12.65,M,M
GRI,2025-02-26 08:53,43.00,28.00,55.14,17.25,M,M
GRI,2025-02-26 09:53,47.00,28.00,47.36,19.55,M,29.90
GRI,2025-02-26 10:53,52.00,29.00,40.95,20.70,M,29.90
GRI,2025-02-26 11:53,54.00,29.00,38.05,26.45,M,35.65
GRI,2025-02-26 12:53,57.00,29.00,34.12,19.55,M,35.65
GRI,2025-02-26 13:53,58.00,28.00,31.59,21.85,M,41.40
GRI,2025-02-26 14:53,58.00,27.00,30.32,21.85,M,37.95
GRI,2025-02-26 15:53,58.00,25.00,27.91,20.70,M,33.35
GRI,2025-02-26 16:53,57.00,26.00,30.16,14.95,M,29.90
GRI,2025-02-26 17:53,54.00,27.00,35.05,13.80,8500.00,M
GRI,2025-02-26 18:53,44.00,28.00,53.07,8.05,M,M
GRI,2025-02-26 19:53,41.00,27.00,57.15,8.05,M,M
GRI,2025-02-26 20:53,37.00,26.00,64.11,9.20,M,M
GRI,2025-02-26 21:53,36.00,26.00,66.69,8.05,M,M
GRI,2025-02-26 22:53,33.00,25.00,72.11,9.20,M,M
GRI,2025-02-26 23:53,33.00,26.00,75.17,8.05,M,M
GRI,2025-02-27 00:53,34.00,25.00,69.28,9.20,M,M
GRI,2025-02-27 01:53,34.00,25.00,69.28,10.35,M,M
GRI,2025-02-27 02:53,33.00,25.00,72.11,9.20,M,M
GRI,2025-02-27 03:53,33.00,25.00,72.11,10.35,M,M
GRI,2025-02-27 04:53,32.00,25.00,75.07,9.20,M,M
GRI,2025-02-27 05:53,32.00,25.00,75.07,12.65,M,M
GRI,2025-02-27 06:53,31.00,25.00,78.16,9.20,M,M
GRI,2025-02-27 07:53,33.00,25.00,72.11,10.35,M,M
GRI,2025-02-27 08:53,39.00,27.00,61.78,12.65,M,M
GRI,2025-02-27 09:53,45.00,27.00,49.02,10.35,M,M
GRI,2025-02-27 10:53,50.00,28.00,42.33,8.05,M,M
GRI,2025-02-27 11:53,54.00,29.00,38.05,8.05,M,M
GRI,2025-02-27 12:53,57.00,27.00,31.43,11.50,M,M
GRI,2025-02-27 13:53,60.00,25.00,25.98,16.10,M,M
GRI,2025-02-27 14:53,61.00,25.00,25.07,12.65,M,M
GRI,2025-02-27 15:53,62.00,23.00,22.26,20.70,M,M
GRI,2025-02-27 16:53,61.00,21.00,21.19,16.10,M,M
GRI,2025-02-27 17:53,58.00,23.00,25.67,9.20,M,M
GRI,2025-02-27 18:53,54.00,23.00,29.67,4.60,M,M
GRI,2025-02-27 19:53,45.00,25.00,45.12,5.75,M,M
GRI,2025-02-27 20:53,40.00,25.00,54.69,8.05,M,M
GRI,2025-02-27 21:53,41.00,24.00,50.46,9.20,M,M
GRI,2025-02-27 22:53,43.00,23.00,44.80,9.20,M,M
GRI,2025-02-27 23:53,47.00,21.00,35.36,16.10,M,M
GRI,2025-02-28 00:53,46.00,20.00,35.19,13.80,M,M
GRI,2025-02-28 01:53,44.00,21.00,39.62,12.65,M,M
GRI,2025-02-28 02:53,40.00,22.00,48.22,13.80,M,M
GRI,2025-02-28 03:53,40.00,22.00,48.22,12.65,M,M
GRI,2025-02-28 04:53,39.00,23.00,52.30,12.65,M,M
GRI,2025-02-28 05:53,37.00,23.00,56.57,11.50,M,M
GRI,2025-02-28 06:53,36.00,23.00,58.85,11.50,M,M
GRI,2025-02-28 07:53,38.00,24.00,56.71,10.35,M,M
GRI,2025-02-28 08:53,47.00,25.00,41.83,14.95,M,M
GRI,2025-02-28 09:53,54.00,26.00,33.63,14.95,M,M
GRI,2025-02-28 10:53,59.00,24.00,25.82,18.40,M,M
GRI,2025-02-28 11:53,62.00,19.00,18.79,24.15,M,42.55
GRI,2025-02-28 12:53,64.00,22.00,19.89,27.60,M,39.10
GRI,2025-02-28 13:53,61.00,25.00,25.07,20.70,M,37.95
GRI,2025-02-28 14:53,61.00,25.00,25.07,20.70,M,34.50
GRI,2025-02-28 15:53,60.00,23.00,23.90,21.85,M,36.80
GRI,2025-02-28 16:53,58.00,23.00,25.67,17.25,M,35.65
GRI,2025-02-28 17:53,55.00,23.00,28.61,13.80,M,M
GRI,2025-02-28 18:53,43.00,23.00,44.80,6.90,M,M
GRI,2025-02-28 19:53,39.00,24.00,54.54,8.05,M,M
GRI,2025-02-28 20:53,44.00,24.00,44.96,9.20,M,M
GRI,2025-02-28 21:53,35.00,23.00,61.23,6.90,M,M
GRI,2025-02-28 22:53,36.00,27.00,69.51,9.20,M,M
GRI,2025-02-28 23:53,30.00,25.00,81.40,6.90,M,M
GRI,2025-03-01 00:53,29.00,25.00,84.79,3.45,M,M
GRI,2025-03-01 01:53,24.00,22.00,91.94,5.75,M,M
GRI,2025-03-01 02:53,25.00,23.00,91.97,6.90,M,M
GRI,2025-03-01 03:53,26.00,23.00,88.23,8.05,M,M
GRI,2025-03-01 04:53,28.00,24.00,84.72,10.35,M,M
GRI,2025-03-01 05:53,28.00,23.00,81.25,5.75,9000.00,M
GRI,2025-03-01 06:53,27.00,22.00,81.17,3.45,9000.00,M
GRI,2025-03-01 07:53,28.00,23.00,81.25,5.75,9000.00,M
GRI,2025-03-01 08:53,29.00,23.00,77.98,10.35,9000.00,M
GRI,2025-03-01 09:53,30.00,22.00,71.78,10.35,M,M
GRI,2025-03-01 10:53,33.00,19.00,55.97,8.05,8500.00,M
GRI,2025-03-01 11:53,35.00,18.00,49.50,6.90,8500.00,M
GRI,2025-03-01 12:53,37.00,20.00,49.82,6.90,M,M
GRI,2025-03-01 13:53,40.00,21.00,46.23,9.20,M,M
GRI,2025-03-01 14:53,41.00,20.00,42.62,10.35,M,M
GRI,2025-03-01 15:53,43.00,21.00,41.17,9.20,M,M
GRI,2025-03-01 16:53,43.00,21.00,41.17,9.20,M,M
GRI,2025-03-01 17:53,41.00,21.00,44.47,6.90,M,M
GRI,2025-03-01 18:53,36.00,20.00,51.83,6.90,M,M
GRI,2025-03-01 19:53,32.00,19.00,58.27,8.05,M,M
GRI,2025-03-01 20:53,31.00,18.00,58.12,8.05,M,M
GRI,2025-03-01 21:53,30.00,17.00,57.98,9.20,M,M
GRI,2025-03-01 22:53,30.00,16.00,55.52,9.20,M,M
GRI,2025-03-01 23:53,28.00,16.00,60.25,9.20,M,M
GRI,2025-03-02 00:53,27.00,15.00,60.10,10.35,M,M
GRI,2025-03-02 01:53,27.00,13.00,55.06,10.35,M,M
GRI,2025-03-02 02:53,26.00,13.00,57.38,11.50,M,M
GRI,2025-03-02 03:53,26.00,13.00,57.38,10.35,M,M
GRI,2025-03-02 04:53,26.00,14.00,59.96,11.50,M,M
GRI,2025-03-02 05:53,25.00,14.00,62.50,9.20,M,M
GRI,2025-03-02 06:53,24.00,14.00,65.17,10.35,M,M
GRI,2025-03-02 07:53,26.00,15.00,62.64,12.65,M,M
GRI,2025-03-02 08:53,31.00,17.00,55.67,11.50,M,M
GRI,2025-03-02 09:53,37.00,19.00,47.74,13.80,M,M
GRI,2025-03-02 10:53,43.00,21.00,41.17,16.10,M,M
GRI,2025-03-02 11:53,49.00,23.00,35.69,19.55,M,M
GRI,2025-03-02 12:53,53.00,24.00,32.10,19.55,M,31.05
GRI,2025-03-02 13:53,55.00,26.00,32.42,19.55,M,31.05
GRI,2025-03-02 14:53,58.00,28.00,31.59,21.85,M,29.90
GRI,2025-03-02 15:53,58.00,29.00,32.91,16.10,M,29.90
GRI,2025-03-02 16:53,55.00,30.00,38.21,12.65,M,M
GRI,2025-03-02 17:53,54.00,30.00,39.63,11.50,M,M
GRI,2025-03-02 18:53,50.00,30.00,45.93,11.50,M,M
GRI,2025-03-02 19:53,49.00,31.00,49.65,11.50,M,M
GRI,2025-03-02 20:53,47.00,32.00,55.73,10.35,M,M
GRI,2025-03-02 21:53,46.00,33.00,60.25,14.95,M,M
GRI,2025-03-02 22:53,45.00,32.00,60.11,14.95,M,M
GRI,2025-03-02 23:53,43.00,33.00,67.54,11.50,M,M
GRI,2025-03-03 00:53,45.00,37.00,73.37,12.65,M,M
GRI,2025-03-03 01:53,45.00,40.00,82.51,10.35,1400.00,M
GRI,2025-03-03 02:53,46.00,42.00,85.83,12.65,1100.00,M
GRI,2025-03-03 03:17,45.00,42.00,89.15,12.65,1200.00,M
GRI,2025-03-03 03:53,44.00,42.00,92.61,13.80,M,M
GRI,2025-03-03 04:32,45.00,42.00,89.15,18.40,800.00,29.90
GRI,2025-03-03 04:41,45.00,43.00,92.65,20.70,800.00,31.05
GRI,2025-03-03 04:53,46.00,43.00,89.20,16.10,1100.00,31.05
GRI,2025-03-03 05:53,46.00,43.00,89.20,14.95,1000.00,M
GRI,2025-03-03 06:18,45.00,43.00,92.65,10.35,900.00,M
GRI,2025-03-03 06:38,44.00,42.00,92.61,11.50,900.00,M
GRI,2025-03-03 06:53,43.00,41.00,92.58,11.50,M,M
GRI,2025-03-03 07:38,41.00,40.00,96.19,11.50,400.00,M
GRI,2025-03-03 07:53,41.00,40.00,96.19,11.50,300.00,M
GRI,2025-03-03 08:00,41.00,40.00,96.19,11.50,300.00,M
GRI,2025-03-03 08:11,41.00,40.00,96.19,14.95,300.00,M
GRI,2025-03-03 08:53,42.00,41.00,96.21,13.80,200.00,M
GRI,2025-03-03 09:02,43.00,41.00,92.58,11.50,200.00,M
GRI,2025-03-03 09:11,43.00,42.00,96.23,13.80,300.00,M
GRI,2025-03-03 09:53,45.00,42.00,89.15,14.95,500.00,M
GRI,2025-03-03 10:53,46.00,42.00,85.83,16.10,700.00,M
GRI,2025-03-03 11:53,46.00,42.00,85.83,16.10,800.00,M
GRI,2025-03-03 12:41,47.00,42.00,82.65,16.10,1000.00,M
GRI,2025-03-03 12:53,47.00,42.00,82.65,14.95,1000.00,M
GRI,2025-03-03 13:53,49.00,42.00,76.67,14.95,1400.00,M
GRI,2025-03-03 14:14,49.00,42.00,76.67,16.10,1500.00,M
GRI,2025-03-03 14:53,49.00,42.00,76.67,14.95,1600.00,M
GRI,2025-03-03 15:53,50.00,42.00,73.87,16.10,1800.00,M
GRI,2025-03-03 16:53,49.00,43.00,79.68,11.50,1700.00,M
GRI,2025-03-03 17:53,49.00,43.00,79.68,9.20,1500.00,M
GRI,2025-03-03 18:53,49.00,43.00,79.68,10.35,1900.00,M
GRI,2025-03-03 19:41,48.00,43.00,82.72,4.60,2600.00,M
GRI,2025-03-03 19:53,48.00,43.00,82.72,5.75,2200.00,M
GRI,2025-03-03 20:13,48.00,43.00,82.72,4.60,2200.00,M
GRI,2025-03-03 20:53,47.00,43.00,85.89,5.75,2100.00,M
GRI,2025-03-03 21:53,47.00,44.00,89.24,4.60,1500.00,M
GRI,2025-03-03 22:53,47.00,44.00,89.24,9.20,1700.00,M
GRI,2025-03-03 23:32,47.00,45.00,92.71,6.90,1300.00,M
GRI,2025-03-03 23:40,48.00,46.00,92.74,6.90,1300.00,M
GRI,2025-03-03 23:47,46.40,46.40,100.00,8.05,1200.00,M
GRI,2025-03-03 23:53,47.00,46.00,96.29,9.20,1300.00,M
GRI,2025-03-04 00:02,47.00,46.00,96.29,5.75,1100.00,M
GRI,2025-03-04 00:20,47.00,46.00,96.29,4.60,900.00,M
GRI,2025-03-04 00:45,48.00,47.00,96.31,5.75,600.00,M
GRI,2025-03-04 00:53,48.00,47.00,96.31,9.20,1200.00,M
GRI,2025-03-04 01:13,48.00,47.00,96.31,5.75,400.00,M
GRI,2025-03-04 01:23,48.00,47.00,96.31,4.60,400.00,M
GRI,2025-03-04 01:53,47.00,47.00,100.00,9.20,300.00,M
GRI,2025-03-04 02:12,47.00,47.00,100.00,10.35,200.00,M
GRI,2025-03-04 02:30,47.00,47.00,100.00,14.95,200.00,M
GRI,2025-03-04 02:53,47.00,47.00,100.00,13.80,200.00,M
GRI,2025-03-04 03:14,47.00,46.00,96.29,11.50,200.00,M
GRI,2025-03-04 03:30,47.00,47.00,100.00,11.50,200.00,M
GRI,2025-03-04 03:53,47.00,47.00,100.00,6.90,200.00,M
GRI,2025-03-04 04:03,48.00,47.00,96.31,6.90,200.00,M
GRI,2025-03-04 04:11,48.00,48.00,100.00,10.35,200.00,M
GRI,2025-03-04 04:26,50.00,50.00,100.00,13.80,200.00,M
GRI,2025-03-04 04:40,50.00,50.00,100.00,11.50,200.00,M
GRI,2025-03-04 04:53,50.00,50.00,100.00,12.65,200.00,M
GRI,2025-03-04 05:14,50.00,49.00,96.34,10.35,200.00,M
GRI,2025-03-04 05:21,49.00,49.00,100.00,10.35,200.00,M
GRI,2025-03-04 05:50,48.20,48.20,100.00,9.20,200.00,M
GRI,2025-03-04 05:53,49.00,48.00,96.32,9.20,200.00,M
GRI,2025-03-04 06:53,47.00,47.00,100.00,M,200.00,M
GRI,2025-03-04 07:03,48.00,48.00,100.00,4.60,200.00,M
GRI,2025-03-04 07:13,48.00,48.00,100.00,0.00,200.00,M
GRI,2025-03-04 07:31,47.00,47.00,100.00,9.20,300.00,M
GRI,2025-03-04 07:37,47.00,46.00,96.29,9.20,300.00,M
GRI,2025-03-04 07:53,46.00,46.00,100.00,12.65,300.00,M
GRI,2025-03-04 08:29,48.00,47.00,96.31,12.65,200.00,M
GRI,2025-03-04 08:53,48.00,48.00,100.00,12.65,400.00,M
GRI,2025-03-04 09:53,44.00,43.00,96.24,23.00,400.00,34.50
GRI,2025-03-04 10:12,44.00,43.00,96.24,23.00,500.00,35.65
GRI,2025-03-04 10:53,40.00,39.00,96.18,28.75,700.00,48.30
GRI,2025-03-04 11:53,35.00,34.00,96.09,26.45,800.00,49.45
GRI,2025-03-04 12:53,33.00,32.00,96.06,31.05,800.00,48.30
GRI,2025-03-04 13:53,32.00,31.00,96.04,33.35,900.00,54.05
GRI,2025-03-04 14:20,32.00,30.00,92.22,32.20,1100.00,54.05
GRI,2025-03-04 14:50,32.00,28.40,86.39,32.20,1100.00,54.05
GRI,2025-03-04 14:53,32.00,30.00,92.22,27.60,1100.00,54.05
GRI,2025-03-04 15:08,32.00,29.00,88.53,28.75,1300.00,54.05
GRI,2025-03-04 15:16,32.00,29.00,88.53,34.50,1300.00,55.20
GRI,2025-03-04 15:25,32.00,29.00,88.53,39.10,1100.00,55.20
GRI,2025-03-04 15:32,32.00,29.00,88.53,36.80,1100.00,55.20
GRI,2025-03-04 15:49,32.00,28.40,86.39,37.95,1300.00,55.20
GRI,2025-03-04 15:53,32.00,29.00,88.53,33.35,1300.00,55.20
GRI,2025-03-04 16:18,32.00,29.00,88.53,34.50,1100.00,51.75
GRI,2025-03-04 16:27,32.00,29.00,88.53,32.20,1000.00,55.20
GRI,2025-03-04 16:53,32.00,29.00,88.53,39.10,1100.00,70.15
GRI,2025-03-04 17:06,32.00,28.00,84.98,39.10,900.00,59.80
GRI,2025-03-04 17:17,32.00,28.00,84.98,40.25,1500.00,59.80
GRI,2025-03-04 17:27,32.00,28.00,84.98,46.00,1500.00,59.80
GRI,2025-03-04 17:41,32.00,28.00,84.98,34.50,1700.00,59.80
GRI,2025-03-04 17:49,32.00,26.60,80.22,43.70,2000.00,60.95
GRI,2025-03-04 17:53,32.00,27.00,81.55,40.25,2000.00,60.95
GRI,2025-03-04 18:53,32.00,27.00,81.55,36.80,1800.00,65.55
GRI,2025-03-04 19:53,32.00,25.00,75.07,40.25,2200.00,63.25
GRI,2025-03-04 20:21,32.00,24.00,72.00,32.20,2500.00,58.65
GRI,2025-03-04 20:43,32.00,24.00,72.00,35.65,2600.00,58.65
GRI,2025-03-04 20:53,32.00,24.00,72.00,36.80,2800.00,58.65
GRI,2025-03-04 21:15,32.00,23.00,69.04,39.10,3100.00,57.50
GRI,2025-03-04 21:53,31.00,23.00,71.89,36.80,3000.00,63.25
GRI,2025-03-04 22:53,30.00,20.00,65.94,37.95,M,57.50
GRI,2025-03-04 23:53,29.00,20.00,68.69,37.95,M,63.25
GRI,2025-03-05 00:53,27.00,19.00,71.45,37.95,2500.00,58.65
GRI,2025-03-05 01:20,27.00,19.00,71.45,32.20,2800.00,51.75
GRI,2025-03-05 01:53,27.00,19.00,71.45,31.05,2700.00,51.75
GRI,2025-03-05 02:53,29.00,18.00,63.05,35.65,2900.00,58.65
GRI,2025-03-05 03:06,28.00,16.00,60.25,36.80,3400.00,57.50
GRI,2025-03-05 03:53,27.00,17.00,65.56,37.95,3400.00,60.95
GRI,2025-03-05 04:53,27.00,17.00,65.56,33.35,3200.00,52.90
GRI,2025-03-05 05:38,26.00,18.00,71.33,27.60,2700.00,46.00
GRI,2025-03-05 05:53,26.00,18.00,71.33,26.45,2500.00,46.00
GRI,2025-03-05 06:53,25.00,17.00,71.22,28.75,2600.00,47.15
GRI,2025-03-05 07:53,24.00,16.00,71.11,24.15,2500.00,46.00
GRI,2025-03-05 08:27,25.00,16.00,68.20,23.00,2600.00,42.55
GRI,2025-03-05 08:53,24.00,14.00,65.17,33.35,2500.00,50.60
GRI,2025-03-05 09:53,26.00,15.00,62.64,34.50,M,47.15
GRI,2025-03-05 10:53,29.00,17.00,60.39,25.30,M,46.00
GRI,2025-03-05 11:53,31.00,17.00,55.67,28.75,M,41.40
GRI,2025-03-05 12:53,33.00,18.00,53.62,24.15,M,39.10
GRI,2025-03-05 13:53,35.00,17.00,47.41,21.85,M,37.95
GRI,2025-03-05 14:53,36.00,15.00,41.78,21.85,M,34.50
GRI,2025-03-05 15:53,38.00,16.00,40.33,18.40,M,31.05
GRI,2025-03-05 16:53,38.00,15.00,38.61,14.95,M,M
GRI,2025-03-05 17:53,36.00,16.00,43.64,12.65,M,M
GRI,2025-03-05 18:53,29.00,17.00,60.39,6.90,M,M
GRI,2025-03-05 19:53,28.00,18.00,65.69,4.60,M,M
GRI,2025-03-05 20:53,24.00,18.00,77.53,8.05,M,M
GRI,2025-03-05 21:53,26.00,18.00,71.33,5.75,M,M
GRI,2025-03-05 22:53,26.00,17.00,68.32,3.45,M,M
GRI,2025-03-05 23:53,27.00,18.00,68.45,4.60,M,M
GRI,2025-03-06 00:53,25.00,17.00,71.22,4.60,M,M
GRI,2025-03-06 01:53,23.00,19.00,84.39,4.60,M,M
GRI,2025-03-06 02:53,26.00,20.00,77.71,5.75,M,M
GRI,2025-03-06 03:53,29.00,21.00,71.67,5.75,M,M
GRI,2025-03-06 04:53,29.00,21.00,71.67,4.60,M,M
GRI,2025-03-06 05:53,29.00,21.00,71.67,4.60,M,M
GRI,2025-03-06 06:53,25.00,20.00,81.01,0.00,M,M
GRI,2025-03-06 07:53,29.00,24.00,81.32,0.00,M,M
GRI,2025-03-06 08:53,33.00,22.00,63.59,3.45,7500.00,M
GRI,2025-03-06 09:53,37.00,22.00,54.23,3.45,7000.00,M
GRI,2025-03-06 10:53,38.00,24.00,56.71,4.60,9000.00,M
GRI,2025-03-06 11:53,39.00,26.00,59.27,4.60,8000.00,M
GRI,2025-03-06 12:53,41.00,28.00,59.55,4.60,4900.00,M
GRI,2025-03-06 13:53,42.00,30.00,62.18,8.05,4500.00,M
GRI,2025-03-06 14:53,43.00,28.00,55.14,11.50,12000.00,M
GRI,2025-03-06 15:53,44.00,28.00,53.07,14.95,12000.00,M
GRI,2025-03-06 16:53,42.00,28.00,57.30,14.95,12000.00,M
GRI,2025-03-06 17:53,39.00,28.00,64.37,13.80,12000.00,M
GRI,2025-03-06 18:53,38.00,28.00,66.94,16.10,M,M
GRI,2025-03-06 19:53,37.00,28.00,69.63,13.80,M,M
GRI,2025-03-06 20:53,36.00,28.00,72.43,16.10,M,29.90
GRI,2025-03-06 21:53,37.00,28.00,69.63,18.40,M,M
GRI,2025-03-06 22:53,37.00,28.00,69.63,17.25,11000.00,29.90
GRI,2025-03-06 23:53,36.00,27.00,69.51,14.95,11000.00,29.90
GRI,2025-03-07 00:53,36.00,27.00,69.51,14.95,6000.00,M
GRI,2025-03-07 01:53,33.00,28.00,81.63,13.80,7000.00,M
GRI,2025-03-07 02:53,33.00,27.00,78.34,16.10,8000.00,33.35
GRI,2025-03-07 03:53,33.00,28.00,81.63,16.10,5000.00,32.20
GRI,2025-03-07 04:53,33.00,29.00,85.04,14.95,1400.00,35.65
GRI,2025-03-07 05:47,33.80,30.20,86.49,13.80,900.00,M
GRI,2025-03-07 05:53,33.00,30.00,88.58,16.10,900.00,M
GRI,2025-03-07 06:53,33.00,31.00,92.25,16.10,600.00,M
GRI,2025-03-07 07:03,33.00,31.00,92.25,16.10,700.00,M
GRI,2025-03-07 07:15,33.00,31.00,92.25,17.25,700.00,M
GRI,2025-03-07 07:53,32.00,31.00,96.04,12.65,600.00,M
GRI,2025-03-07 08:04,32.00,31.00,96.04,12.65,600.00,M
GRI,2025-03-07 08:26,33.00,31.00,92.25,14.95,600.00,M
GRI,2025-03-07 08:45,33.00,32.00,96.06,14.95,700.00,M
GRI,2025-03-07 08:53,33.00,31.00,92.25,16.10,700.00,M
GRI,2025-03-07 09:11,33.00,32.00,96.06,16.10,700.00,M
GRI,2025-03-07 09:36,33.00,32.00,96.06,17.25,800.00,M
GRI,2025-03-07 09:53,33.00,32.00,96.06,20.70,800.00,M
GRI,2025-03-07 10:10,33.00,32.00,96.06,19.55,800.00,31.05
GRI,2025-03-07 10:53,33.00,31.00,92.25,21.85,900.00,35.65
GRI,2025-03-07 11:03,34.00,31.00,88.63,24.15,1100.00,34.50
GRI,2025-03-07 11:53,35.00,32.00,88.68,21.85,1100.00,34.50
GRI,2025-03-07 12:53,36.00,32.00,85.23,19.55,1300.00,33.35
GRI,2025-03-07 13:53,36.00,31.00,81.86,20.70,1300.00,32.20
GRI,2025-03-07 14:53,36.00,29.00,75.46,19.55,1400.00,29.90
GRI,2025-03-07 15:21,36.00,29.00,75.46,20.70,1500.00,M
GRI,2025-03-07 15:53,36.00,28.00,72.43,17.25,1700.00,M
GRI,2025-03-07 16:34,37.00,26.00,64.11,19.55,1900.00,M
GRI,2025-03-07 16:53,37.00,26.00,64.11,16.10,3500.00,M
GRI,2025-03-07 17:53,34.00,24.00,66.45,17.25,M,M
GRI,2025-03-07 18:53,29.00,22.00,74.77,8.05,12000.00,M
GRI,2025-03-07 19:53,28.00,22.00,77.89,0.00,12000.00,M
GRI,2025-03-07 20:53,26.00,21.00,81.09,4.60,M,M
GRI,2025-03-07 21:53,25.00,21.00,84.53,4.60,M,M
GRI,2025-03-07 22:53,25.00,21.00,84.53,3.45,M,M
GRI,2025-03-07 23:53,25.00,21.00,84.53,4.60,M,M
GRI,2025-03-08 00:53,23.00,19.00,84.39,5.75,M,M
GRI,2025-03-08 01:53,23.00,20.00,88.08,8.05,M,M
GRI,2025-03-08 02:53,22.00,19.00,88.02,8.05,M,M
GRI,2025-03-08 03:53,20.00,17.00,87.92,5.75,M,M
GRI,2025-03-08 04:53,21.00,17.00,84.26,6.90,M,M
GRI,2025-03-08 05:53,21.00,17.00,84.26,5.75,M,M
GRI,2025-03-08 06:53,19.00,16.00,87.87,6.90,M,M
GRI,2025-03-08 07:53,26.00,20.00,77.71,9.20,M,M
GRI,2025-03-08 08:53,31.00,23.00,71.89,11.50,M,M
GRI,2025-03-08 09:53,37.00,26.00,64.11,8.05,M,M
GRI,2025-03-08 10:53,42.00,27.00,54.99,10.35,M,M
GRI,2025-03-08 11:53,48.00,25.00,40.29,10.35,M,M
GRI,2025-03-08 12:53,51.00,25.00,36.03,11.50,M,M
GRI,2025-03-08 13:53,55.00,24.00,29.83,12.65,M,M
GRI,2025-03-08 14:53,55.00,23.00,28.61,11.50,M,M
GRI,2025-03-08 15:53,57.00,21.00,24.45,10.35,M,M
GRI,2025-03-08 16:53,57.00,17.00,20.60,6.90,M,M
GRI,2025-03-08 17:53,53.00,16.00,22.82,4.60,M,M
GRI,2025-03-08 18:53,46.00,19.00,33.72,4.60,M,M
GRI,2025-03-08 19:53,40.00,20.00,44.30,3.45,M,M
GRI,2025-03-08 20:53,42.00,21.00,42.78,5.75,M,M
GRI,2025-03-08 21:53,32.00,22.00,66.20,0.00,M,M
GRI,2025-03-08 22:53,29.00,22.00,74.77,4.60,M,M
GRI,2025-03-08 23:53,28.00,21.00,74.67,8.05,M,M
GRI,2025-03-09 00:53,28.00,21.00,74.67,5.75,M,M
GRI,2025-03-09 01:53,27.00,21.00,77.80,6.90,M,M
GRI,2025-03-09 03:53,27.00,21.00,77.80,5.75,M,M
GRI,2025-03-09 04:53,27.00,20.00,74.57,6.90,M,M
GRI,2025-03-09 05:53,27.00,20.00,74.57,6.90,M,M
GRI,2025-03-09 06:53,27.00,21.00,77.80,8.05,M,M
GRI,2025-03-09 07:53,28.00,21.00,74.67,9.20,M,M
GRI,2025-03-09 08:53,33.00,25.00,72.11,6.90,M,M
GRI,2025-03-09 09:53,39.00,26.00,59.27,8.05,M,M
GRI,2025-03-09 10:53,46.00,27.00,47.20,9.20,M,M
GRI,2025-03-09 11:53,53.00,27.00,36.36,10.35,M,M
GRI,2025-03-09 12:53,59.00,24.00,25.82,13.80,M,M
GRI,2025-03-09 13:53,63.00,23.00,21.49,13.80,M,M
GRI,2025-03-09 14:53,65.00,23.00,20.04,9.20,M,M
GRI,2025-03-09 15:53,68.00,23.00,18.06,11.50,M,M
GRI,2025-03-09 16:53,68.00,25.00,19.63,9.20,M,M
GRI,2025-03-09 17:53,68.00,25.00,19.63,10.35,M,M
GRI,2025-03-09 18:53,64.00,27.00,24.51,3.45,M,M
GRI,2025-03-09 19:53,55.00,28.00,35.21,0.00,M,M
GRI,2025-03-09 20:53,48.00,28.00,45.61,3.45,M,M
GRI,2025-03-09 21:53,43.00,28.00,55.14,0.00,M,M
GRI,2025-03-09 22:53,40.00,29.00,64.50,3.45,M,M
GRI,2025-03-10 00:53,41.00,26.00,54.84,5.75,M,M
GRI,2025-03-10 01:53,40.00,27.00,59.41,8.05,M,M
GRI,2025-03-10 02:53,41.00,26.00,54.84,6.90,M,M
GRI,2025-03-10 03:53,41.00,27.00,57.15,10.35,M,M
GRI,2025-03-10 04:53,46.00,25.00,43.44,12.65,M,M
GRI,2025-03-10 05:53,43.00,24.00,46.71,13.80,M,M
GRI,2025-03-10 06:53,45.00,23.00,41.50,13.80,M,M
GRI,2025-03-10 07:53,44.00,23.00,43.11,13.80,M,M
GRI,2025-03-10 08:53,43.00,25.00,48.70,13.80,M,M
GRI,2025-03-10 09:53,52.00,26.00,36.19,12.65,M,M
GRI,2025-03-10 10:53,60.00,27.00,28.23,14.95,M,M
GRI,2025-03-10 11:53,68.00,25.00,19.63,19.55,M,32.20
GRI,2025-03-10 12:53,75.00,23.00,14.24,23.00,M,35.65
GRI,2025-03-10 13:53,78.00,22.00,12.36,20.70,M,33.35
GRI,2025-03-10 14:53,79.00,17.00,9.66,26.45,M,37.95
GRI,2025-03-10 15:53,80.00,15.00,8.57,24.15,M,39.10
GRI,2025-03-10 16:53,80.00,16.00,8.95,20.70,M,33.35
GRI,2025-03-10 17:53,79.00,16.00,9.25,16.10,M,32.20
GRI,2025-03-10 18:53,73.00,20.00,13.41,11.50,M,M
GRI,2025-03-10 19:53,62.00,21.00,20.46,8.05,M,M
GRI,2025-03-10 20:53,57.00,21.00,24.45,11.50,M,M
GRI,2025-03-10 21:53,57.00,19.00,22.46,9.20,M,M
GRI,2025-03-10 22:53,48.00,21.00,34.05,10.35,M,M
GRI,2025-03-10 23:53,42.00,24.00,48.55,6.90,M,M
GRI,2025-03-11 01:53,43.00,23.00,44.80,9.20,M,M
GRI,2025-03-11 02:53,43.00,24.00,46.71,10.35,M,M
GRI,2025-03-11 03:53,43.00,29.00,57.44,10.35,M,M
GRI,2025-03-11 04:53,41.00,30.00,64.63,12.65,M,M
GRI,2025-03-11 05:53,38.00,30.00,72.64,12.65,M,M
GRI,2025-03-11 06:53,34.00,29.00,81.71,10.35,M,M
GRI,2025-03-11 07:53,32.00,28.00,84.98,6.90,M,M
GRI,2025-03-11 08:53,34.00,29.00,81.71,14.95,M,M
GRI,2025-03-11 09:53,35.00,28.00,75.36,14.95,M,M
GRI,2025-03-11 10:53,38.00,28.00,66.94,11.50,M,M
GRI,2025-03-11 11:53,40.00,28.00,61.91,11.50,M,M
GRI,2025-03-11 12:53,44.00,28.00,53.07,9.20,M,M
GRI,2025-03-11 13:53,47.00,28.00,47.36,8.05,M,M
GRI,2025-03-11 14:53,51.00,27.00,39.14,5.75,M,M
GRI,2025-03-11 15:53,54.00,26.00,33.63,5.75,M,M
GRI,2025-03-11 16:53,55.00,26.00,32.42,6.90,M,M
GRI,2025-03-11 17:53,56.00,26.00,31.27,10.35,M,M
GRI,2025-03-11 18:53,54.00,27.00,35.05,6.90,M,M
GRI,2025-03-11 19:53,46.00,27.00,47.20,6.90,M,M
GRI,2025-03-11 20:53,41.00,27.00,57.15,5.75,M,M
GRI,2025-03-11 21:53,36.00,26.00,66.69,4.60,M,M
GRI,2025-03-11 22:53,33.00,25.00,72.11,3.45,M,M
GRI,2025-03-11 23:53,34.00,26.00,72.22,5.75,M,M
GRI,2025-03-12 00:53,34.00,27.00,75.26,5.75,M,M
GRI,2025-03-12 01:53,36.00,28.00,72.43,5.75,M,M
GRI,2025-03-12 02:53,36.00,27.00,69.51,8.05,M,M
GRI,2025-03-12 03:53,32.00,27.00,81.55,3.45,M,M
GRI,2025-03-12 04:53,29.00,25.00,84.79,0.00,M,M
GRI,2025-03-12 05:53,29.00,25.00,84.79,5.75,M,M
GRI,2025-03-12 06:53,27.00,24.00,88.28,6.90,M,M
GRI,2025-03-12 07:53,29.00,25.00,84.79,3.45,M,M
GRI,2025-03-12 08:53,35.00,30.00,81.78,4.60,M,M
GRI,2025-03-12 09:53,43.00,33.00,67.54,3.45,M,M
GRI,2025-03-12 10:53,53.00,33.00,46.41,9.20,M,M
GRI,2025-03-12 11:53,60.00,35.00,39.03,9.20,M,M
GRI,2025-03-12 12:53,64.00,35.00,33.89,6.90,M,M
GRI,2025-03-12 13:53,69.00,33.00,26.31,8.05,M,M
GRI,2025-03-12 14:53,72.00,32.00,22.82,9.20,M,M
GRI,2025-03-12 15:53,73.00,28.00,18.74,11.50,M,M
GRI,2025-03-12 16:53,74.00,24.00,15.36,10.35,M,M
GRI,2025-03-12 17:53,74.00,26.00,16.69,9.20,M,M
GRI,2025-03-12 18:53,69.00,27.00,20.61,8.05,M,M
GRI,2025-03-12 19:53,59.00,28.00,30.48,6.90,M,M
GRI,2025-03-12 20:53,55.00,28.00,35.21,8.05,M,M
GRI,2025-03-12 21:53,53.00,27.00,36.36,9.20,M,M
GRI,2025-03-12 22:53,51.00,27.00,39.14,9.20,M,M
GRI,2025-03-12 23:53,45.00,27.00,49.02,3.45,M,M
GRI,2025-03-13 00:53,39.00,28.00,64.37,3.45,M,M
GRI,2025-03-13 01:53,38.00,28.00,66.94,0.00,M,M
GRI,2025-03-13 02:53,36.00,27.00,69.51,6.90,M,M
GRI,2025-03-13 03:53,36.00,26.00,66.69,0.00,M,M
GRI,2025-03-13 04:53,35.00,27.00,72.32,3.45,M,M
GRI,2025-03-13 05:53,33.00,27.00,78.34,3.45,M,M
GRI,2025-03-13 06:53,36.00,28.00,72.43,5.75,M,M
GRI,2025-03-13 07:53,39.00,29.00,67.06,6.90,M,M
GRI,2025-03-13 08:53,43.00,32.00,64.88,6.90,M,M
GRI,2025-03-13 09:53,51.00,31.00,46.09,6.90,M,M
GRI,2025-03-13 10:53,61.00,32.00,33.40,9.20,M,M
GRI,2025-03-13 11:53,68.00,33.00,27.23,10.35,M,M
GRI,2025-03-13 12:53,72.00,34.00,24.72,16.10,M,M
GRI,2025-03-13 13:53,76.00,34.00,21.62,17.25,M,M
GRI,2025-03-13 14:53,77.00,27.00,15.74,18.40,M,31.05
GRI,2025-03-13 15:53,77.00,25.00,14.49,23.00,M,29.90
GRI,2025-03-13 16:53,76.00,25.00,14.97,23.00,M,33.35
GRI,2025-03-13 17:53,75.00,29.00,18.26,20.70,M,34.50
GRI,2025-03-13 18:53,72.00,29.00,20.20,16.10,M,33.35
GRI,2025-03-13 19:53,67.00,32.00,27.07,12.65,M,M
GRI,2025-03-13 20:53,61.00,34.00,36.19,9.20,M,M
GRI,2025-03-13 21:53,61.00,35.00,37.66,12.65,M,M
GRI,2025-03-13 22:53,59.00,35.00,40.45,12.65,M,M
GRI,2025-03-13 23:53,56.00,35.00,45.06,11.50,M,M
GRI,2025-03-14 00:53,56.00,35.00,45.06,16.10,M,M
GRI,2025-03-14 01:53,54.00,36.00,50.42,13.80,M,M
GRI,2025-03-14 02:53,51.00,35.00,54.12,13.80,M,M
GRI,2025-03-14 03:53,51.00,35.00,54.12,13.80,M,M
GRI,2025-03-14 04:53,50.00,34.00,53.97,11.50,M,M
GRI,2025-03-14 05:53,50.00,34.00,53.97,18.40,M,M
GRI,2025-03-14 06:53,49.00,33.00,53.82,14.95,M,M
GRI,2025-03-14 07:53,49.00,32.00,51.70,14.95,M,M
GRI,2025-03-14 08:53,51.00,32.00,47.99,17.25,M,M
GRI,2025-03-14 09:53,54.00,32.00,42.98,18.40,M,M
GRI,2025-03-14 10:53,61.00,30.00,30.80,16.10,M,31.05
GRI,2025-03-14 11:53,64.00,30.00,27.71,14.95,M,M
GRI,2025-03-14 12:53,68.00,31.00,25.12,18.40,M,32.20
GRI,2025-03-14 13:53,71.00,32.00,23.60,14.95,M,M
GRI,2025-03-14 14:53,71.00,30.00,21.77,16.10,M,M
GRI,2025-03-14 15:53,73.00,31.00,21.18,9.20,9500.00,32.20
GRI,2025-03-14 16:53,70.00,30.00,22.52,11.50,4000.00,M
GRI,2025-03-14 17:10,69.00,30.00,23.30,8.05,9000.00,M
GRI,2025-03-14 17:53,62.00,31.00,30.96,28.75,10000.00,42.55
GRI,2025-03-14 18:14,61.00,32.00,33.40,17.25,10000.00,36.80
GRI,2025-03-14 18:29,61.00,32.00,33.40,14.95,9000.00,36.80
GRI,2025-03-14 18:53,59.00,37.00,43.78,16.10,7000.00,36.80
GRI,2025-03-14 19:07,59.00,38.00,45.53,12.65,4900.00,M
GRI,2025-03-14 19:43,55.00,38.00,52.60,33.35,11000.00,48.30
GRI,2025-03-14 19:53,54.00,38.00,54.56,29.90,11000.00,50.60
GRI,2025-03-14 20:53,50.00,36.00,58.44,32.20,6000.00,57.50
GRI,2025-03-14 21:53,46.00,35.00,65.26,27.60,7000.00,46.00
GRI,2025-03-14 22:25,45.00,34.00,65.13,29.90,2900.00,41.40
GRI,2025-03-14 22:53,44.00,34.00,67.66,23.00,2800.00,41.40
GRI,2025-03-14 23:53,43.00,34.00,70.30,25.30,2200.00,43.70
GRI,2025-03-15 00:53,41.00,32.00,70.08,29.90,2000.00,47.15
GRI,2025-03-15 01:53,39.00,30.00,69.85,35.65,2100.00,46.00
GRI,2025-03-15 02:53,38.00,28.00,66.94,24.15,2400.00,47.15
GRI,2025-03-15 03:53,37.00,28.00,69.63,31.05,2300.00,58.65
GRI,2025-03-15 04:53,34.00,30.00,85.11,23.00,2000.00,49.45
GRI,2025-03-15 05:37,33.00,29.00,85.04,29.90,2000.00,41.40
GRI,2025-03-15 05:53,33.00,30.00,88.58,24.15,1700.00,41.40
GRI,2025-03-15 06:53,33.00,30.00,88.58,24.15,1700.00,41.40
GRI,2025-03-15 07:38,33.00,29.00,85.04,19.55,1700.00,39.10
GRI,2025-03-15 07:53,32.00,27.00,81.55,18.40,M,39.10
GRI,2025-03-15 08:53,33.00,22.00,63.59,27.60,M,36.80
GRI,2025-03-15 09:53,35.00,21.00,56.27,29.90,M,43.70
GRI,2025-03-15 10:53,36.00,20.00,51.83,25.30,M,42.55
GRI,2025-03-15 11:53,38.00,20.00,47.90,24.15,9000.00,39.10
GRI,2025-03-15 12:53,40.00,17.00,38.95,23.00,10000.00,37.95
GRI,2025-03-15 13:53,41.00,15.00,34.35,26.45,M,40.25
GRI,2025-03-15 14:53,44.00,11.00,25.66,32.20,M,47.15
GRI,2025-03-15 15:53,45.00,12.00,25.82,26.45,M,42.55
GRI,2025-03-15 16:53,45.00,7.00,20.64,25.30,M,41.40
GRI,2025-03-15 17:53,44.00,6.00,20.49,18.40,M,32.20
GRI,2025-03-15 18:53,41.00,8.00,25.18,17.25,M,M
GRI,2025-03-15 19:53,38.00,9.00,29.61,13.80,M,32.20
GRI,2025-03-15 20:53,35.00,9.00,33.33,12.65,M,M
GRI,2025-03-15 21:53,30.00,9.00,40.75,8.05,M,M
GRI,2025-03-15 22:53,28.00,10.00,46.25,8.05,M,M
GRI,2025-03-15 23:53,24.00,10.00,54.59,8.05,M,M
GRI,2025-03-16 00:53,26.00,12.00,54.90,8.05,M,M
GRI,2025-03-16 01:53,21.00,12.00,67.71,6.90,M,M
GRI,2025-03-16 02:53,21.00,12.00,67.71,5.75,M,M
GRI,2025-03-16 03:53,20.00,12.00,70.65,4.60,M,M
GRI,2025-03-16 04:53,21.00,13.00,70.76,6.90,10000.00,M
GRI,2025-03-16 05:53,23.00,15.00,70.99,6.90,10000.00,M
GRI,2025-03-16 06:53,24.00,16.00,71.11,5.75,9500.00,M
GRI,2025-03-16 07:53,24.00,16.00,71.11,3.45,9000.00,M
GRI,2025-03-16 08:53,27.00,18.00,68.45,4.60,M,M
GRI,2025-03-16 09:53,32.00,15.00,49.02,4.60,M,M
GRI,2025-03-16 10:53,35.00,14.00,41.61,0.00,M,M
GRI,2025-03-16 11:53,41.00,12.00,30.11,4.60,M,M
GRI,2025-03-16 12:53,47.00,11.00,22.90,8.05,M,M
GRI,2025-03-16 13:53,51.00,9.00,18.04,13.80,M,M
GRI,2025-03-16 14:53,54.00,11.00,17.66,12.65,M,M
GRI,2025-03-16 15:53,55.00,13.00,18.61,13.80,M,M
GRI,2025-03-16 16:53,57.00,17.00,20.60,13.80,M,M
GRI,2025-03-16 17:53,57.00,17.00,20.60,14.95,M,M
GRI,2025-03-16 18:53,56.00,18.00,22.31,13.80,M,M
GRI,2025-03-16 19:53,51.00,19.00,27.96,11.50,M,M
GRI,2025-03-16 20:53,47.00,19.00,32.47,10.35,M,M
GRI,2025-03-16 21:53,46.00,20.00,35.19,14.95,M,M
GRI,2025-03-16 22:53,44.00,20.00,37.97,17.25,M,M
GRI,2025-03-16 23:53,44.00,21.00,39.62,14.95,M,M
GRI,2025-03-17 00:53,43.00,21.00,41.17,14.95,M,M
GRI,2025-03-17 01:53,45.00,18.00,33.55,17.25,M,M
GRI,2025-03-17 02:53,44.00,17.00,33.39,16.10,M,M
GRI,2025-03-17 03:53,43.00,17.00,34.69,16.10,M,M
GRI,2025-03-17 04:53,45.00,16.00,30.77,17.25,M,M
GRI,2025-03-17 05:53,45.00,16.00,30.77,17.25,M,M
GRI,2025-03-17 06:53,44.00,15.00,30.61,14.95,M,M
GRI,2025-03-17 07:53,43.00,16.00,33.22,13.80,M,M
GRI,2025-03-17 08:53,45.00,18.00,33.55,14.95,M,M
GRI,2025-03-17 09:53,55.00,20.00,25.20,13.80,M,M
GRI,2025-03-17 10:53,63.00,23.00,21.49,13.80,M,M
GRI,2025-03-17 11:53,70.00,22.00,16.17,20.70,M,M
GRI,2025-03-17 12:53,78.00,18.00,10.42,18.40,M,M
GRI,2025-03-17 13:53,78.00,17.00,9.98,21.85,M,35.65
GRI,2025-03-17 14:53,80.00,15.00,8.57,18.40,M,34.50
GRI,2025-03-17 15:53,79.00,14.00,8.48,20.70,M,32.20
GRI,2025-03-17 16:53,80.00,14.00,8.20,16.10,M,32.20
GRI,2025-03-17 17:53,78.00,14.00,8.76,14.95,M,M
GRI,2025-03-17 18:53,74.00,18.00,11.91,4.60,M,M
GRI,2025-03-17 19:53,66.00,17.00,14.98,0.00,M,M
GRI,2025-03-17 20:53,54.00,22.00,28.45,4.60,M,M
GRI,2025-03-17 21:53,58.00,21.00,23.59,8.05,M,M
GRI,2025-03-17 22:53,59.00,25.00,26.92,9.20,M,M
GRI,2025-03-17 23:53,55.00,27.00,33.79,10.35,M,M
GRI,2025-03-18 00:53,50.00,29.00,44.10,4.60,M,M
GRI,2025-03-18 01:53,40.00,28.00,61.91,5.75,M,M
GRI,2025-03-18 02:53,39.00,28.00,64.37,5.75,M,M
GRI,2025-03-18 03:53,36.00,29.00,75.46,9.20,M,M
GRI,2025-03-18 04:53,36.00,29.00,75.46,6.90,M,M
GRI,2025-03-18 05:53,36.00,30.00,78.60,10.35,M,M
GRI,2025-03-18 06:53,37.00,32.00,81.93,10.35,M,M
GRI,2025-03-18 07:53,37.00,32.00,81.93,8.05,M,M
GRI,2025-03-18 08:53,42.00,32.00,67.42,13.80,M,M
GRI,2025-03-18 09:53,46.00,32.00,57.87,16.10,M,M
GRI,2025-03-18 10:53,49.00,32.00,51.70,13.80,M,M
GRI,2025-03-18 11:53,53.00,33.00,46.41,12.65,M,M
GRI,2025-03-18 12:53,55.00,33.00,43.14,12.65,M,M
GRI,2025-03-18 13:53,59.00,34.00,38.87,13.80,M,M
GRI,2025-03-18 14:53,62.00,35.00,36.35,12.65,M,M
GRI,2025-03-18 15:53,64.00,34.00,32.56,12.65,M,M
GRI,2025-03-18 16:53,64.00,34.00,32.56,13.80,M,M
GRI,2025-03-18 17:53,64.00,34.00,32.56,13.80,M,M
GRI,2025-03-18 18:53,61.00,34.00,36.19,18.40,M,M
GRI,2025-03-18 19:53,57.00,34.00,41.76,19.55,M,31.05
GRI,2025-03-18 20:53,51.00,32.00,47.99,27.60,12000.00,46.00
GRI,2025-03-18 21:53,47.00,33.00,58.01,36.80,11000.00,51.75
GRI,2025-03-18 22:53,45.00,32.00,60.11,37.95,10000.00,49.45
GRI,2025-03-18 23:53,39.00,33.00,78.86,26.45,6000.00,52.90
GRI,2025-03-19 00:53,36.00,32.00,85.23,29.90,6000.00,56.35
GRI,2025-03-19 01:26,35.00,31.00,85.17,24.15,1600.00,47.15
GRI,2025-03-19 01:36,34.00,31.00,88.63,25.30,1800.00,47.15
GRI,2025-03-19 01:53,34.00,31.00,88.63,27.60,1800.00,47.15
GRI,2025-03-19 02:10,33.00,31.00,92.25,33.35,1700.00,49.45
GRI,2025-03-19 02:33,33.00,31.00,92.25,34.50,900.00,54.05
GRI,2025-03-19 02:36,32.00,31.00,96.04,36.80,900.00,54.05
GRI,2025-03-19 02:49,32.00,30.20,92.97,31.05,900.00,54.05
GRI,2025-03-19 02:50,32.00,31.00,96.04,31.05,900.00,54.05
GRI,2025-03-19 02:50,M,M,M,31.05,900.00,M
GRI,2025-03-19 03:16,32.00,31.00,96.04,35.65,800.00,55.20
GRI,2025-03-19 03:39,33.00,31.00,92.25,37.95,800.00,56.35
GRI,2025-03-19 03:50,33.80,30.20,86.49,39.10,1000.00,64.40
GRI,2025-03-19 03:53,33.00,31.00,92.25,40.25,1000.00,64.40
GRI,2025-03-19 04:01,33.00,31.00,92.25,41.40,1000.00,56.35
GRI,2025-03-19 04:10,33.00,31.00,92.25,43.70,1000.00,58.65
GRI,2025-03-19 04:24,33.00,31.00,92.25,41.40,1100.00,63.25
GRI,2025-03-19 04:32,33.00,31.00,92.25,42.55,900.00,63.25
GRI,2025-03-19 04:46,33.00,31.00,92.25,37.95,900.00,65.55
GRI,2025-03-19 04:53,33.00,31.00,92.25,44.85,800.00,65.55
GRI,2025-03-19 05:06,33.00,31.00,92.25,41.40,800.00,56.35
GRI,2025-03-19 05:26,33.00,32.00,96.06,35.65,700.00,60.95
GRI,2025-03-19 05:38,33.00,32.00,96.06,35.65,500.00,60.95
GRI,2025-03-19 05:46,32.00,32.00,100.00,40.25,M,60.95
GRI,2025-03-19 05:53,32.00,32.00,100.00,36.80,M,60.95
GRI,2025-03-19 06:00,32.00,32.00,100.00,M,M,49.45
GRI,2025-03-19 06:05,32.00,32.00,100.00,33.35,M,49.45
GRI,2025-03-19 06:10,32.00,32.00,100.00,33.35,400.00,49.45
GRI,2025-03-19 06:26,31.00,31.00,100.00,39.10,500.00,56.35
GRI,2025-03-19 06:31,31.00,31.00,100.00,M,M,M
GRI,2025-03-19 06:49,30.20,30.20,100.00,35.65,M,M
GRI,2025-03-19 06:53,30.00,30.00,100.00,37.95,M,M
GRI,2025-03-19 07:10,30.00,30.00,100.00,36.80,500.00,56.35
GRI,2025-03-19 07:17,30.00,30.00,100.00,37.95,600.00,56.35
GRI,2025-03-19 07:53,29.00,29.00,100.00,35.65,600.00,59.80
GRI,2025-03-19 08:17,29.00,29.00,100.00,39.10,600.00,51.75
GRI,2025-03-19 08:25,29.00,29.00,100.00,M,M,51.75
GRI,2025-03-19 08:40,29.00,29.00,100.00,40.25,M,52.90
GRI,2025-03-19 08:53,29.00,29.00,100.00,40.25,M,52.90
GRI,2025-03-19 09:01,29.00,29.00,100.00,40.25,1000.00,54.05
GRI,2025-03-19 09:10,29.00,29.00,100.00,39.10,1000.00,54.05
GRI,2025-03-19 09:17,29.00,29.00,100.00,40.25,1000.00,54.05
GRI,2025-03-19 09:27,29.00,29.00,100.00,40.25,2100.00,62.10
GRI,2025-03-19 09:46,29.00,28.00,95.99,M,M,62.10
GRI,2025-03-19 09:53,29.00,28.00,95.99,M,M,62.10
GRI,2025-03-19 10:53,28.00,27.00,95.97,41.40,M,51.75
GRI,2025-03-19 11:01,28.00,27.00,95.97,41.40,M,54.05
GRI,2025-03-19 11:28,28.00,26.00,92.08,44.85,200.00,59.80
GRI,2025-03-19 11:37,28.00,27.00,95.97,40.25,8500.00,59.80
GRI,2025-03-19 11:53,28.00,27.00,95.97,43.70,8000.00,59.80
GRI,2025-03-19 12:25,29.00,27.00,92.12,39.10,200.00,57.50
GRI,2025-03-19 12:53,29.00,28.00,95.99,40.25,10000.00,57.50
GRI,2025-03-19 13:25,30.00,28.00,92.15,34.50,10000.00,58.65
GRI,2025-03-19 13:33,31.00,28.00,88.48,32.20,10000.00,58.65
GRI,2025-03-19 13:37,31.00,28.00,88.48,39.10,10000.00,58.65
GRI,2025-03-19 13:53,31.00,28.00,88.48,34.50,11000.00,58.65
GRI,2025-03-19 14:51,32.00,26.60,80.22,37.95,M,54.05
GRI,2025-03-19 14:53,32.00,27.00,81.55,34.50,M,54.05
GRI,2025-03-19 15:26,33.00,27.00,78.34,34.50,M,52.90
GRI,2025-03-19 15:53,34.00,26.00,72.22,34.50,M,52.90
GRI,2025-03-19 16:53,35.00,26.00,69.39,28.75,M,47.15
GRI,2025-03-19 17:53,36.00,26.00,66.69,24.15,M,39.10
GRI,2025-03-19 18:53,36.00,25.00,63.98,19.55,M,33.35
GRI,2025-03-19 19:53,35.00,24.00,63.85,14.95,M,M
GRI,2025-03-19 20:53,34.00,22.00,61.09,17.25,M,M
GRI,2025-03-19 21:53,32.00,20.00,60.81,13.80,M,M
GRI,2025-03-19 22:53,31.00,19.00,60.67,12.65,M,M
GRI,2025-03-19 23:53,29.00,18.00,63.05,11.50,M,M
GRI,2025-03-20 00:53,28.00,17.00,62.91,12.65,M,M
GRI,2025-03-20 01:53,25.00,16.00,68.20,10.35,M,M
GRI,2025-03-20 02:53,23.00,15.00,70.99,8.05,M,M
GRI,2025-03-20 03:53,20.00,15.00,80.60,9.20,M,M
GRI,2025-03-20 04:53,20.00,15.00,80.60,9.20,M,M
GRI,2025-03-20 05:53,19.00,15.00,84.12,8.05,M,M
GRI,2025-03-20 06:53,19.00,15.00,84.12,6.90,M,M
GRI,2025-03-20 07:53,20.00,15.00,80.60,9.20,M,M
GRI,2025-03-20 08:53,25.00,18.00,74.36,5.75,M,M
GRI,2025-03-20 09:53,30.00,21.00,68.81,6.90,M,M
GRI,2025-03-20 10:53,35.00,23.00,61.23,8.05,M,M
GRI,2025-03-20 11:53,38.00,25.00,59.13,8.05,M,M
GRI,2025-03-20 12:53,39.00,27.00,61.78,14.95,M,M
GRI,2025-03-20 13:53,41.00,28.00,59.55,16.10,M,M
GRI,2025-03-20 14:53,43.00,30.00,59.83,19.55,M,M
GRI,2025-03-20 15:53,46.00,30.00,53.37,21.85,M,31.05
GRI,2025-03-20 16:53,48.00,31.00,51.54,19.55,M,29.90
GRI,2025-03-20 17:53,49.00,33.00,53.82,20.70,M,31.05
GRI,2025-03-20 18:53,46.00,34.00,62.71,16.10,M,32.20
GRI,2025-03-20 19:53,46.00,34.00,62.71,17.25,M,M
GRI,2025-03-20 20:53,47.00,31.00,53.52,19.55,M,29.90
GRI,2025-03-20 21:53,46.00,28.00,49.18,14.95,M,M
GRI,2025-03-20 22:53,47.00,27.00,45.45,19.55,M,34.50
GRI,2025-03-20 23:53,49.00,26.00,40.45,17.25,M,33.35
GRI,2025-03-21 00:53,47.00,27.00,45.45,16.10,M,29.90
GRI,2025-03-21 01:53,45.00,27.00,49.02,16.10,M,M
GRI,2025-03-21 02:53,42.00,27.00,54.99,14.95,M,M
GRI,2025-03-21 03:53,37.00,28.00,69.63,9.20,M,M
GRI,2025-03-21 04:53,37.00,28.00,69.63,10.35,M,M
GRI,2025-03-21 05:53,38.00,29.00,69.74,8.05,12000.00,M
GRI,2025-03-21 06:53,36.00,28.00,72.43,10.35,12000.00,M
GRI,2025-03-21 07:53,39.00,26.00,59.27,11.50,M,M
GRI,2025-03-21 08:53,44.00,29.00,55.29,12.65,M,M
GRI,2025-03-21 09:53,49.00,30.00,47.68,17.25,M,32.20
GRI,2025-03-21 10:53,53.00,29.00,39.47,28.75,M,40.25
GRI,2025-03-21 11:53,55.00,27.00,33.79,21.85,M,41.40
GRI,2025-03-21 12:53,57.00,24.00,27.75,25.30,7500.00,40.25
GRI,2025-03-21 13:53,55.00,21.00,26.29,23.00,9000.00,42.55
GRI,2025-03-21 14:53,59.00,18.00,20.02,29.90,10000.00,46.00
GRI,2025-03-21 15:53,56.00,23.00,27.59,16.10,10000.00,44.85
GRI,2025-03-21 16:53,58.00,22.00,24.61,19.55,8000.00,40.25
GRI,2025-03-21 17:53,58.00,18.00,20.75,18.40,M,33.35
GRI,2025-03-21 18:53,55.00,21.00,26.29,10.35,M,39.10
GRI,2025-03-21 19:53,49.00,22.00,34.22,6.90,10000.00,M
GRI,2025-03-21 20:53,46.00,20.00,35.19,0.00,M,M
GRI,2025-03-21 21:53,43.00,21.00,41.17,0.00,M,M
GRI,2025-03-21 22:53,40.00,22.00,48.22,4.60,M,M
GRI,2025-03-21 23:53,37.00,24.00,58.99,4.60,M,M
GRI,2025-03-22 00:53,33.00,23.00,66.32,0.00,M,M
GRI,2025-03-22 01:53,30.00,23.00,74.87,0.00,M,M
GRI,2025-03-22 02:53,27.00,22.00,81.17,0.00,M,M
GRI,2025-03-22 03:53,29.00,22.00,74.77,0.00,M,M
GRI,2025-03-22 04:53,33.00,24.00,69.16,5.75,M,M
GRI,2025-03-22 05:53,29.00,23.00,77.98,5.75,M,M
GRI,2025-03-22 06:53,31.00,21.00,66.07,3.45,M,M
GRI,2025-03-22 07:53,31.00,21.00,66.07,5.75,M,M
GRI,2025-03-22 08:53,40.00,26.00,57.01,4.60,M,M
GRI,2025-03-22 09:53,46.00,25.00,43.44,5.75,M,M
GRI,2025-03-22 10:53,54.00,24.00,30.94,11.50,12000.00,M
GRI,2025-03-22 11:53,58.00,23.00,25.67,13.80,12000.00,M
GRI,2025-03-22 12:53,60.00,23.00,23.90,20.70,12000.00,32.20
GRI,2025-03-22 13:53,63.00,25.00,23.36,26.45,M,37.95
GRI,2025-03-22 14:53,65.00,26.00,22.71,25.30,M,42.55
GRI,2025-03-22 15:53,65.00,23.00,20.04,34.50,M,49.45
GRI,2025-03-22 16:53,66.00,23.00,19.35,23.00,M,44.85
GRI,2025-03-22 17:53,64.00,21.00,19.07,24.15,M,43.70
GRI,2025-03-22 18:53,62.00,23.00,22.26,21.85,12000.00,42.55
GRI,2025-03-22 19:53,59.00,24.00,25.82,16.10,M,32.20
GRI,2025-03-22 20:53,58.00,26.00,29.09,18.40,9000.00,32.20
GRI,2025-03-22 21:53,56.00,26.00,31.27,14.95,12000.00,32.20
GRI,2025-03-22 22:53,54.00,27.00,35.05,13.80,12000.00,M
GRI,2025-03-22 23:53,55.00,31.00,39.80,12.65,11000.00,M
GRI,2025-03-23 00:31,55.00,30.00,38.21,14.95,12000.00,33.35
GRI,2025-03-23 00:53,53.00,30.00,41.11,10.35,11000.00,33.35
GRI,2025-03-23 01:53,54.00,31.00,41.27,12.65,7000.00,M
GRI,2025-03-23 02:53,48.00,30.00,49.49,13.80,M,M
GRI,2025-03-23 03:53,47.00,30.00,51.39,17.25,M,M
GRI,2025-03-23 04:53,45.00,32.00,60.11,19.55,M,M
GRI,2025-03-23 05:53,43.00,32.00,64.88,16.10,M,M
GRI,2025-03-23 06:53,42.00,33.00,70.19,23.00,M,34.50
GRI,2025-03-23 07:53,41.00,33.00,72.96,28.75,2700.00,48.30
GRI,2025-03-23 08:53,43.00,33.00,67.54,25.30,M,46.00
GRI,2025-03-23 09:53,46.00,32.00,57.87,27.60,M,42.55
GRI,2025-03-23 10:53,49.00,28.00,43.93,26.45,M,43.70
GRI,2025-03-23 11:53,52.00,25.00,34.72,26.45,M,43.70
GRI,2025-03-23 12:53,54.00,24.00,30.94,25.30,M,47.15
GRI,2025-03-23 13:53,54.00,23.00,29.67,21.85,7000.00,41.40
GRI,2025-03-23 14:53,55.00,22.00,27.43,23.00,7500.00,39.10
GRI,2025-03-23 15:53,55.00,22.00,27.43,26.45,6000.00,35.65
GRI,2025-03-23 16:53,57.00,22.00,25.51,24.15,9000.00,37.95
GRI,2025-03-23 17:53,54.00,23.00,29.67,21.85,8500.00,34.50
GRI,2025-03-23 18:53,54.00,23.00,29.67,12.65,11000.00,29.90
GRI,2025-03-23 19:53,45.00,28.00,51.08,9.20,M,M
GRI,2025-03-23 20:53,40.00,27.00,59.41,4.60,M,M
GRI,2025-03-23 21:53,38.00,28.00,66.94,0.00,M,M
GRI,2025-03-23 22:53,36.00,28.00,72.43,6.90,M,M
GRI,2025-03-23 23:53,39.00,30.00,69.85,6.90,M,M
GRI,2025-03-24 00:53,40.00,30.00,67.18,5.75,M,M
GRI,2025-03-24 01:53,39.00,30.00,69.85,5.75,12000.00,M
GRI,2025-03-24 02:53,39.00,30.00,69.85,5.75,M,M
GRI,2025-03-24 03:53,38.00,30.00,72.64,5.75,M,M
GRI,2025-03-24 04:53,37.00,28.00,69.63,5.75,11000.00,M
GRI,2025-03-24 05:53,37.00,29.00,72.54,4.60,11000.00,M
GRI,2025-03-24 06:53,39.00,30.00,69.85,3.45,11000.00,M
GRI,2025-03-24 07:53,38.00,31.00,75.65,0.00,10000.00,M
GRI,2025-03-24 08:53,40.00,33.00,75.84,3.45,10000.00,M
GRI,2025-03-24 09:53,45.00,32.00,60.11,5.75,9000.00,M
GRI,2025-03-24 10:53,51.00,27.00,39.14,13.80,M,M
GRI,2025-03-24 11:53,54.00,26.00,33.63,17.25,M,M
GRI,2025-03-24 12:53,57.00,28.00,32.75,10.35,M,M
GRI,2025-03-24 13:53,62.00,31.00,30.96,17.25,M,M
GRI,2025-03-24 14:53,65.00,32.00,29.02,13.80,M,M
GRI,2025-03-24 15:53,68.00,31.00,25.12,26.45,M,37.95
GRI,2025-03-24 16:53,67.00,34.00,29.33,25.30,7500.00,44.85
GRI,2025-03-24 17:53,67.00,36.00,31.76,20.70,M,39.10
GRI,2025-03-24 18:53,65.00,36.00,34.05,18.40,9500.00,33.35
GRI,2025-03-24 19:53,61.00,36.00,39.19,11.50,8500.00,M
GRI,2025-03-24 20:53,56.00,38.00,50.73,6.90,M,M
GRI,2025-03-24 21:53,52.00,37.00,56.45,8.05,12000.00,M
GRI,2025-03-24 22:53,50.00,37.00,60.79,5.75,10000.00,M
GRI,2025-03-24 23:53,45.00,36.00,70.53,6.90,M,M
GRI,2025-03-25 00:53,44.00,36.00,73.27,9.20,M,M
GRI,2025-03-25 01:53,44.00,35.00,70.42,8.05,M,M
GRI,2025-03-25 02:53,44.00,36.00,73.27,8.05,M,M
GRI,2025-03-25 03:53,42.00,36.00,79.11,8.05,M,M
GRI,2025-03-25 04:53,40.00,36.00,85.48,6.90,M,M
GRI,2025-03-25 05:53,38.00,35.00,88.83,5.75,M,M
GRI,2025-03-25 06:53,42.00,37.00,82.30,6.90,11000.00,M
GRI,2025-03-25 07:53,39.00,35.00,85.42,6.90,12000.00,M
GRI,2025-03-25 08:53,46.00,38.00,73.47,8.05,M,M
GRI,2025-03-25 09:53,52.00,39.00,61.06,5.75,M,M
GRI,2025-03-25 10:53,55.00,37.00,50.58,3.45,M,M
GRI,2025-03-25 11:53,59.00,39.00,47.35,4.60,M,M
GRI,2025-03-25 12:53,60.00,40.00,47.51,5.75,9500.00,M
GRI,2025-03-25 13:53,62.00,41.00,46.00,6.90,10000.00,M
GRI,2025-03-25 14:53,64.00,40.00,41.25,12.65,9500.00,M
GRI,2025-03-25 15:53,64.00,40.00,41.25,13.80,6000.00,M
GRI,2025-03-25 16:53,66.00,38.00,35.58,14.95,6500.00,M
GRI,2025-03-25 17:53,66.00,34.00,30.37,13.80,7000.00,M
GRI,2025-03-25 18:53,64.00,35.00,33.89,20.70,M,M
GRI,2025-03-25 19:53,55.00,33.00,43.14,9.20,M,M
GRI,2025-03-25 20:53,48.00,32.00,53.67,9.20,M,M
GRI,2025-03-25 21:53,45.00,33.00,62.58,6.90,M,M
GRI,2025-03-25 22:53,47.00,30.00,51.39,3.45,10000.00,M
GRI,2025-03-25 23:53,43.00,30.00,59.83,5.75,M,M
GRI,2025-03-26 00:53,41.00,28.00,59.55,3.45,M,M
GRI,2025-03-26 01:53,42.00,26.00,52.76,0.00,M,M
GRI,2025-03-26 02:53,37.00,26.00,64.11,0.00,M,M
GRI,2025-03-26 03:53,38.00,26.00,61.64,3.45,M,M
GRI,2025-03-26 04:53,37.00,26.00,64.11,4.60,M,M
GRI,2025-03-26 05:53,41.00,28.00,59.55,6.90,7500.00,M
GRI,2025-03-26 06:53,43.00,27.00,52.91,5.75,10000.00,M
GRI,2025-03-26 07:53,44.00,27.00,50.93,0.00,10000.00,M
GRI,2025-03-26 08:53,46.00,27.00,47.20,6.90,10000.00,M
GRI,2025-03-26 09:53,49.00,31.00,49.65,8.05,3500.00,M
GRI,2025-03-26 10:53,53.00,26.00,34.88,9.20,9000.00,M
GRI,2025-03-26 11:53,61.00,24.00,24.05,19.55,9500.00,M
GRI,2025-03-26 12:53,62.00,23.00,22.26,19.55,8500.00,32.20
GRI,2025-03-26 13:53,66.00,27.00,22.86,19.55,M,33.35
GRI,2025-03-26 14:53,68.00,30.00,24.12,21.85,12000.00,34.50
GRI,2025-03-26 15:53,68.00,32.00,26.15,18.40,12000.00,33.35
GRI,2025-03-26 16:53,70.00,34.00,26.46,24.15,M,34.50
GRI,2025-03-26 17:53,71.00,38.00,29.96,18.40,M,36.80
GRI,2025-03-26 18:53,70.00,38.00,31.00,16.10,M,31.05
GRI,2025-03-26 19:53,65.00,39.00,38.31,12.65,M,M
GRI,2025-03-26 20:53,60.00,40.00,47.51,10.35,M,M
GRI,2025-03-26 21:53,59.00,40.00,49.23,13.80,M,M
GRI,2025-03-26 22:53,60.00,40.00,47.51,16.10,M,M
GRI,2025-03-26 23:53,60.00,40.00,47.51,16.10,M,M
GRI,2025-03-27 00:53,59.00,40.00,49.23,14.95,M,M
GRI,2025-03-27 01:53,59.00,40.00,49.23,14.95,10000.00,M
GRI,2025-03-27 02:53,58.00,40.00,51.03,12.65,10000.00,M
GRI,2025-03-27 03:53,56.00,41.00,57.02,5.75,M,M
GRI,2025-03-27 04:53,44.00,38.00,79.27,0.00,M,M
GRI,2025-03-27 05:53,40.00,36.00,85.48,4.60,M,M
GRI,2025-03-27 06:53,39.00,35.00,85.42,3.45,M,M
GRI,2025-03-27 07:53,41.00,36.00,82.22,3.45,M,M
GRI,2025-03-27 08:53,51.00,41.00,68.48,9.20,M,M
GRI,2025-03-27 09:53,59.00,44.00,57.44,9.20,M,M
GRI,2025-03-27 10:53,65.00,49.00,56.13,9.20,M,M
GRI,2025-03-27 11:53,69.00,51.00,52.66,3.45,M,M
GRI,2025-03-27 12:53,72.00,52.00,49.33,6.90,M,M
GRI,2025-03-27 13:53,75.00,52.00,44.59,9.20,M,M
GRI,2025-03-27 14:53,78.00,53.00,41.88,8.05,M,M
GRI,2025-03-27 15:53,79.00,52.00,39.06,9.20,M,M
GRI,2025-03-27 16:53,80.00,52.00,37.79,11.50,M,M
GRI,2025-03-27 17:53,80.00,52.00,37.79,12.65,M,M
GRI,2025-03-27 18:53,78.00,52.00,40.36,10.35,M,M
GRI,2025-03-27 19:53,72.00,51.00,47.54,4.60,M,M
GRI,2025-03-27 20:53,65.00,50.00,58.26,6.90,M,M
GRI,2025-03-27 21:53,66.00,51.00,58.40,12.65,M,M
GRI,2025-03-27 22:53,67.00,46.00,46.78,16.10,M,M
GRI,2025-03-27 23:53,68.00,48.00,48.73,20.70,M,32.20
GRI,2025-03-28 00:53,68.00,50.00,52.51,26.45,M,39.10
GRI,2025-03-28 01:53,68.00,50.00,52.51,18.40,M,35.65
GRI,2025-03-28 02:53,67.00,49.00,52.37,25.30,M,41.40
GRI,2025-03-28 03:53,66.00,49.00,54.21,21.85,M,43.70
GRI,2025-03-28 04:53,64.00,48.00,55.99,23.00,M,34.50
GRI,2025-03-28 05:53,62.00,48.00,60.07,20.70,M,34.50
GRI,2025-03-28 06:53,61.00,49.00,64.61,17.25,M,37.95
GRI,2025-03-28 07:53,60.00,50.00,69.49,20.70,M,31.05
GRI,2025-03-28 08:53,62.00,51.00,67.18,21.85,M,35.65
GRI,2025-03-28 09:53,67.00,52.00,58.53,24.15,M,40.25
GRI,2025-03-28 10:53,72.00,52.00,49.33,27.60,M,39.10
GRI,2025-03-28 11:53,75.00,51.00,42.98,25.30,M,50.60
GRI,2025-03-28 12:53,80.00,51.00,36.42,28.75,M,47.15
GRI,2025-03-28 13:53,81.00,52.00,36.58,28.75,M,46.00
GRI,2025-03-28 14:53,83.00,52.00,34.28,27.60,M,44.85
GRI,2025-03-28 15:53,81.00,53.00,37.95,26.45,M,46.00
GRI,2025-03-28 16:53,82.00,54.00,38.11,27.60,M,46.00
GRI,2025-03-28 17:53,80.00,54.00,40.67,24.15,M,43.70
GRI,2025-03-28 18:53,76.00,54.00,46.42,20.70,M,34.50
GRI,2025-03-28 19:53,73.00,54.00,51.33,20.70,M,32.20
GRI,2025-03-28 20:53,70.00,53.00,54.78,20.70,M,29.90
GRI,2025-03-28 21:53,68.00,52.00,56.55,20.70,M,35.65
GRI,2025-03-28 22:53,66.00,54.00,65.21,16.10,11000.00,31.05
GRI,2025-03-28 23:34,66.00,55.00,67.64,5.75,3300.00,29.90
GRI,2025-03-28 23:53,66.00,55.00,67.64,9.20,3500.00,29.90
GRI,2025-03-29 00:01,65.00,55.00,70.03,8.05,3700.00,M
GRI,2025-03-29 00:22,63.00,56.00,77.89,5.75,3900.00,M
GRI,2025-03-29 00:53,64.00,56.00,75.20,4.60,4500.00,M
GRI,2025-03-29 01:53,54.00,49.00,83.13,12.65,4000.00,M
GRI,2025-03-29 02:50,50.00,46.40,87.37,16.10,700.00,M
GRI,2025-03-29 02:53,50.00,47.00,89.37,17.25,700.00,M
GRI,2025-03-29 03:06,49.00,46.00,89.33,14.95,700.00,M
GRI,2025-03-29 03:53,48.00,45.00,89.29,16.10,700.00,M
GRI,2025-03-29 04:53,46.00,44.00,92.68,12.65,700.00,31.05
GRI,2025-03-29 05:53,46.00,44.00,92.68,17.25,600.00,29.90
GRI,2025-03-29 06:53,46.00,44.00,92.68,17.25,500.00,29.90
GRI,2025-03-29 07:53,45.00,43.00,92.65,17.25,500.00,31.05
GRI,2025-03-29 08:27,44.00,42.00,92.61,19.55,600.00,32.20
GRI,2025-03-29 08:53,41.00,40.00,96.19,23.00,400.00,32.20
GRI,2025-03-29 09:53,40.00,39.00,96.18,17.25,400.00,32.20
GRI,2025-03-29 10:33,40.00,39.00,96.18,17.25,400.00,M
GRI,2025-03-29 10:53,40.00,39.00,96.18,18.40,400.00,29.90
GRI,2025-03-29 10:59,40.00,39.00,96.18,18.40,500.00,M
GRI,2025-03-29 11:53,40.00,39.00,96.18,18.40,500.00,35.65
GRI,2025-03-29 12:08,40.00,39.00,96.18,21.85,600.00,35.65
GRI,2025-03-29 12:10,40.00,39.00,96.18,25.30,400.00,35.65
GRI,2025-03-29 12:22,41.00,39.00,92.52,21.85,400.00,35.65
GRI,2025-03-29 12:41,41.00,40.00,96.19,19.55,400.00,35.65
GRI,2025-03-29 12:53,41.00,40.00,96.19,19.55,400.00,35.65
GRI,2025-03-29 13:53,40.00,39.00,96.18,13.80,400.00,M
GRI,2025-03-29 14:13,41.00,40.00,96.19,16.10,400.00,M
GRI,2025-03-29 14:24,40.00,39.00,96.18,19.55,600.00,M
GRI,2025-03-29 14:53,41.00,39.00,92.52,14.95,600.00,29.90
GRI,2025-03-29 15:21,40.00,38.00,92.49,16.10,1000.00,M
GRI,2025-03-29 15:53,40.00,38.00,92.49,14.95,1000.00,M
GRI,2025-03-29 16:22,39.00,37.00,92.45,17.25,900.00,M
GRI,2025-03-29 16:53,39.00,36.00,88.87,18.40,900.00,M
GRI,2025-03-29 17:00,39.00,36.00,88.87,17.25,1000.00,M
GRI,2025-03-29 17:29,38.00,37.00,96.14,16.10,600.00,M
GRI,2025-03-29 17:46,38.00,37.00,96.14,17.25,600.00,M
GRI,2025-03-29 17:53,38.00,36.00,92.42,18.40,600.00,M
GRI,2025-03-29 18:03,38.00,36.00,92.42,19.55,600.00,M
GRI,2025-03-29 18:09,37.00,36.00,96.13,18.40,600.00,M
GRI,2025-03-29 18:17,37.00,35.00,92.39,18.40,800.00,M
GRI,2025-03-29 18:20,37.00,35.00,92.39,17.25,800.00,M
GRI,2025-03-29 18:53,36.00,34.00,92.35,13.80,800.00,M
GRI,2025-03-29 18:59,36.00,35.00,96.11,14.95,800.00,M
GRI,2025-03-29 19:06,36.00,35.00,96.11,17.25,700.00,M
GRI,2025-03-29 19:29,36.00,34.00,92.35,19.55,800.00,29.90
GRI,2025-03-29 19:53,36.00,33.00,88.73,17.25,1200.00,29.90
GRI,2025-03-29 20:10,36.00,33.00,88.73,17.25,1200.00,M
GRI,2025-03-29 20:42,36.00,33.00,88.73,18.40,1300.00,M
GRI,2025-03-29 20:53,36.00,33.00,88.73,17.25,1300.00,M
GRI,2025-03-29 21:45,35.00,32.00,88.68,19.55,1500.00,M
GRI,2025-03-29 21:53,35.00,32.00,88.68,16.10,1300.00,31.05
GRI,2025-03-29 22:53,35.00,31.00,85.17,19.55,1400.00,M
GRI,2025-03-29 23:05,35.00,32.00,88.68,16.10,1600.00,M
GRI,2025-03-29 23:26,34.00,32.00,92.29,19.55,1300.00,31.05
GRI,2025-03-29 23:42,33.00,32.00,96.06,24.15,800.00,31.05
GRI,2025-03-29 23:53,33.00,31.00,92.25,20.70,1600.00,31.05
GRI,2025-03-30 00:16,34.00,31.00,88.63,19.55,1300.00,32.20
GRI,2025-03-30 00:53,33.00,31.00,92.25,24.15,1100.00,32.20
GRI,2025-03-30 01:53,33.00,30.00,88.58,16.10,1200.00,35.65
GRI,2025-03-30 02:53,33.00,30.00,88.58,17.25,1300.00,M
GRI,2025-03-30 03:53,33.00,29.00,85.04,18.40,1500.00,31.05
GRI,2025-03-30 04:28,33.00,29.00,85.04,16.10,1400.00,M
GRI,2025-03-30 04:53,33.00,29.00,85.04,16.10,1400.00,M
GRI,2025-03-30 05:53,33.00,29.00,85.04,19.55,1300.00,M
GRI,2025-03-30 06:53,32.00,31.00,96.04,17.25,1000.00,M
GRI,2025-03-30 07:35,32.00,30.00,92.22,20.70,900.00,M
GRI,2025-03-30 07:53,32.00,30.00,92.22,18.40,1000.00,M
GRI,2025-03-30 08:01,32.00,30.00,92.22,21.85,1400.00,M
GRI,2025-03-30 08:53,33.00,30.00,88.58,19.55,1200.00,M
GRI,2025-03-30 09:53,34.00,30.00,85.11,25.30,1400.00,33.35
GRI,2025-03-30 10:53,35.00,30.00,81.78,18.40,1200.00,33.35
GRI,2025-03-30 11:53,36.00,31.00,81.86,21.85,1300.00,33.35
GRI,2025-03-30 12:53,37.00,31.00,78.69,19.55,1200.00,31.05
GRI,2025-03-30 13:53,38.00,32.00,78.77,18.40,1200.00,32.20
GRI,2025-03-30 14:53,38.00,32.00,78.77,20.70,1300.00,31.05
GRI,2025-03-30 15:53,40.00,33.00,75.84,17.25,1300.00,M
GRI,2025-03-30 16:53,39.00,32.00,75.75,18.40,1400.00,M
GRI,2025-03-30 17:53,39.00,32.00,75.75,17.25,1400.00,M
GRI,2025-03-30 18:16,39.00,32.00,75.75,18.40,1600.00,M
GRI,2025-03-30 18:53,38.00,32.00,78.77,16.10,1500.00,M
GRI,2025-03-30 19:53,37.00,31.00,78.69,12.65,1500.00,M
GRI,2025-03-30 20:53,36.00,31.00,81.86,13.80,1400.00,M
GRI,2025-03-30 21:53,35.00,30.00,81.78,13.80,1300.00,M
GRI,2025-03-30 22:53,35.00,30.00,81.78,12.65,1400.00,M
GRI,2025-03-30 23:53,35.00,30.00,81.78,9.20,2800.00,M
GRI,2025-03-31 00:53,35.00,30.00,81.78,11.50,2700.00,M
GRI,2025-03-31 01:53,34.00,29.00,81.71,11.50,2900.00,M
GRI,2025-03-31 02:02,34.00,29.00,81.71,12.65,3000.00,M
GRI,2025-03-31 02:53,34.00,29.00,81.71,10.35,3400.00,M
GRI,2025-03-31 03:53,34.00,30.00,85.11,6.90,3700.00,M
GRI,2025-03-31 04:53,33.00,29.00,85.04,9.20,3800.00,M
GRI,2025-03-31 05:53,34.00,30.00,85.11,10.35,4000.00,M
GRI,2025-03-31 06:53,33.00,29.00,85.04,6.90,6500.00,M
GRI,2025-03-31 07:53,33.00,29.00,85.04,10.35,3800.00,M
GRI,2025-03-31 08:53,36.00,29.00,75.46,9.20,3800.00,M
GRI,2025-03-31 09:53,39.00,30.00,69.85,4.60,M,M
GRI,2025-03-31 10:53,42.00,29.00,59.69,4.60,M,M
GRI,2025-03-31 11:53,45.00,28.00,51.08,9.20,M,M
GRI,2025-03-31 12:53,47.00,26.00,43.61,6.90,M,M
GRI,2025-03-31 13:53,48.00,27.00,43.77,5.75,M,M
GRI,2025-03-31 14:53,49.00,27.00,42.16,6.90,4900.00,M
GRI,2025-03-31 15:53,51.00,28.00,40.78,6.90,9000.00,M
GRI,2025-03-31 16:53,51.00,29.00,42.49,9.20,7000.00,M
GRI,2025-03-31 17:53,51.00,29.00,42.49,9.20,7000.00,M
GRI,2025-03-31 18:53,51.00,29.00,42.49,11.50,7000.00,M
GRI,2025-03-31 19:53,46.00,29.00,51.24,6.90,M,M
GRI,2025-03-31 20:53,43.00,29.00,57.44,9.20,M,M
GRI,2025-03-31 21:53,43.00,30.00,59.83,9.20,M,M
GRI,2025-03-31 22:53,42.00,30.00,62.18,9.20,M,M
GRI,2025-03-31 23:53,42.00,30.00,62.18,11.50,5500.00,M
GRI,2025-04-01 00:53,43.00,30.00,59.83,13.80,M,M
GRI,2025-04-01 01:53,44.00,30.00,57.59,16.10,M,M
GRI,2025-04-01 02:53,42.00,35.00,76.03,17.25,4900.00,29.90
GRI,2025-04-01 03:32,43.00,35.00,73.16,16.10,2700.00,M
GRI,2025-04-01 03:53,43.00,35.00,73.16,18.40,2800.00,M
GRI,2025-04-01 04:53,43.00,36.00,76.12,11.50,6500.00,M
GRI,2025-04-01 05:53,43.00,37.00,79.19,14.95,7000.00,M
GRI,2025-04-01 06:53,43.00,37.00,79.19,16.10,7000.00,31.05
GRI,2025-04-01 07:53,43.00,37.00,79.19,25.30,8000.00,36.80
GRI,2025-04-01 08:53,43.00,37.00,79.19,26.45,M,42.55
GRI,2025-04-01 09:53,44.00,36.00,73.27,25.30,6000.00,40.25
GRI,2025-04-01 10:53,44.00,36.00,73.27,20.70,5000.00,41.40
GRI,2025-04-01 11:53,46.00,36.00,67.90,17.25,3400.00,34.50
GRI,2025-04-01 12:22,47.00,37.00,68.02,16.10,2800.00,M
GRI,2025-04-01 12:53,49.00,39.00,68.25,13.80,2800.00,M
GRI,2025-04-01 13:53,51.00,40.00,65.87,16.10,2900.00,32.20
GRI,2025-04-01 14:19,52.00,41.00,66.00,13.80,3100.00,M
GRI,2025-04-01 14:53,53.00,41.00,63.61,11.50,3300.00,M
GRI,2025-04-01 15:53,56.00,44.00,63.99,11.50,3700.00,M
GRI,2025-04-01 16:53,60.00,45.00,57.58,19.55,4700.00,M
GRI,2025-04-01 17:53,59.00,46.00,61.98,17.25,5500.00,M
GRI,2025-04-01 18:41,57.00,46.00,66.59,16.10,4800.00,M
GRI,2025-04-01 18:53,55.00,48.00,77.21,14.95,4900.00,M
GRI,2025-04-01 19:16,52.00,47.00,82.99,16.10,3600.00,M
GRI,2025-04-01 19:30,53.00,47.00,80.00,21.85,3300.00,32.20
GRI,2025-04-01 19:35,52.00,47.00,82.99,41.40,1500.00,72.45
GRI,2025-04-01 19:38,52.00,46.00,79.92,48.30,1700.00,72.45
GRI,2025-04-01 19:43,52.00,46.00,79.92,27.60,1700.00,72.45
GRI,2025-04-01 19:53,57.00,48.00,71.81,26.45,1700.00,72.45
GRI,2025-04-01 19:55,57.00,48.00,71.81,27.60,1700.00,59.80
GRI,2025-04-01 20:29,49.00,45.00,86.00,20.70,1900.00,59.80
GRI,2025-04-01 20:53,49.00,46.00,89.33,16.10,2600.00,59.80
GRI,2025-04-01 21:16,51.00,46.00,82.93,24.15,2700.00,34.50
GRI,2025-04-01 21:46,48.00,45.00,89.29,14.95,2300.00,34.50
GRI,2025-04-01 21:53,49.00,45.00,86.00,24.15,2300.00,34.50
GRI,2025-04-01 22:19,49.00,44.00,82.79,19.55,2100.00,29.90
GRI,2025-04-01 22:38,49.00,44.00,82.79,19.55,2100.00,29.90
GRI,2025-04-01 22:53,49.00,44.00,82.79,13.80,2300.00,29.90
GRI,2025-04-01 23:53,48.00,42.00,79.60,13.80,3000.00,32.20
GRI,2025-04-02 00:53,46.00,42.00,85.83,13.80,6000.00,M
GRI,2025-04-02 01:53,45.00,42.00,89.15,4.60,M,M
GRI,2025-04-02 02:53,44.00,41.00,89.11,8.05,1400.00,M
GRI,2025-04-02 03:11,43.00,41.00,92.58,8.05,2100.00,M
GRI,2025-04-02 03:38,44.00,41.00,89.11,10.35,1300.00,M
GRI,2025-04-02 03:53,44.00,41.00,89.11,12.65,1300.00,M
GRI,2025-04-02 04:42,43.00,42.00,96.23,11.50,800.00,M
GRI,2025-04-02 04:51,42.80,41.00,93.30,10.35,600.00,M
GRI,2025-04-02 04:53,43.00,42.00,96.23,10.35,700.00,M
GRI,2025-04-02 05:53,43.00,41.00,92.58,9.20,500.00,M
GRI,2025-04-02 06:34,43.00,41.00,92.58,9.20,500.00,M
GRI,2025-04-02 06:53,43.00,41.00,92.58,4.60,600.00,M
GRI,2025-04-02 07:53,43.00,42.00,96.23,5.75,500.00,M
GRI,2025-04-02 08:03,43.00,42.00,96.23,9.20,500.00,M
GRI,2025-04-02 08:19,43.00,42.00,96.23,9.20,400.00,M
GRI,2025-04-02 08:35,43.00,42.00,96.23,10.35,400.00,M
GRI,2025-04-02 08:49,42.80,42.80,100.00,11.50,500.00,M
GRI,2025-04-02 08:53,43.00,42.00,96.23,11.50,500.00,M
GRI,2025-04-02 09:53,44.00,42.00,92.61,17.25,900.00,M
GRI,2025-04-02 10:31,46.00,42.00,85.83,17.25,1000.00,M
GRI,2025-04-02 10:53,48.00,42.00,79.60,19.55,1000.00,M
GRI,2025-04-02 11:21,47.00,41.00,79.52,20.70,1700.00,29.90
GRI,2025-04-02 11:45,45.00,41.00,85.77,18.40,1400.00,29.90
GRI,2025-04-02 11:53,46.00,41.00,82.58,18.40,1200.00,29.90
GRI,2025-04-02 12:53,44.00,39.00,82.44,18.40,1400.00,M
GRI,2025-04-02 13:32,46.00,39.00,76.40,18.40,1500.00,M
GRI,2025-04-02 13:53,47.00,38.00,70.74,17.25,1800.00,M
GRI,2025-04-02 14:53,50.00,36.00,58.44,20.70,2800.00,M
GRI,2025-04-02 15:53,53.00,36.00,52.30,20.70,3700.00,31.05
GRI,2025-04-02 16:53,52.00,34.00,50.12,20.70,5000.00,31.05
GRI,2025-04-02 17:53,53.00,34.00,48.30,16.10,M,34.50
GRI,2025-04-02 18:53,51.00,33.00,49.96,17.25,M,M
GRI,2025-04-02 19:53,47.00,33.00,58.01,10.35,M,M
GRI,2025-04-02 20:53,41.00,32.00,70.08,8.05,M,M
GRI,2025-04-02 21:53,38.00,32.00,78.77,6.90,M,M
GRI,2025-04-02 22:53,37.00,31.00,78.69,5.75,M,M
GRI,2025-04-02 23:53,35.00,30.00,81.78,6.90,M,M
GRI,2025-04-03 00:53,34.00,29.00,81.71,4.60,M,M
GRI,2025-04-03 01:53,32.00,29.00,88.53,3.45,M,M
GRI,2025-04-03 02:53,31.00,28.00,88.48,6.90,M,M
GRI,2025-04-03 03:53,32.00,28.00,84.98,5.75,M,M
GRI,2025-04-03 04:53,30.00,27.00,88.44,8.05,M,M
GRI,2025-04-03 05:53,29.00,27.00,92.12,5.75,M,M
GRI,2025-04-03 06:53,28.00,26.00,92.08,5.75,M,M
GRI,2025-04-03 07:53,29.00,27.00,92.12,4.60,M,M
GRI,2025-04-03 08:53,36.00,32.00,85.23,3.45,M,M
GRI,2025-04-03 09:53,40.00,32.00,72.85,10.35,M,M
GRI,2025-04-03 10:53,43.00,31.00,62.31,5.75,M,M
GRI,2025-04-03 11:53,46.00,33.00,60.25,6.90,M,M
GRI,2025-04-03 12:53,49.00,29.00,45.77,9.20,M,M
GRI,2025-04-03 13:53,50.00,30.00,45.93,8.05,M,M
GRI,2025-04-03 14:53,54.00,30.00,39.63,5.75,M,M
GRI,2025-04-03 15:53,55.00,29.00,36.69,10.35,M,M
GRI,2025-04-03 16:53,55.00,29.00,36.69,10.35,M,M
GRI,2025-04-03 17:53,53.00,30.00,41.11,8.05,M,M
GRI,2025-04-03 18:53,53.00,30.00,41.11,9.20,12000.00,M
GRI,2025-04-03 19:53,51.00,30.00,44.26,8.05,12000.00,M
GRI,2025-04-03 20:53,48.00,31.00,51.54,8.05,12000.00,M
GRI,2025-04-03 21:53,48.00,31.00,51.54,11.50,5500.00,M
GRI,2025-04-03 22:53,48.00,32.00,53.67,13.80,7000.00,M
GRI,2025-04-03 23:53,46.00,32.00,57.87,11.50,9000.00,M
GRI,2025-04-04 00:53,46.00,33.00,60.25,12.65,12000.00,M
GRI,2025-04-04 01:53,43.00,33.00,67.54,9.20,11000.00,M
GRI,2025-04-04 02:53,41.00,34.00,75.94,4.60,3100.00,M
GRI,2025-04-04 03:38,42.00,35.00,76.03,6.90,1700.00,M
GRI,2025-04-04 03:53,43.00,35.00,73.16,5.75,1700.00,M
GRI,2025-04-04 04:33,43.00,36.00,76.12,5.75,3100.00,M
GRI,2025-04-04 04:53,41.00,36.00,82.22,5.75,3200.00,M
GRI,2025-04-04 05:53,41.00,36.00,82.22,6.90,10000.00,M
GRI,2025-04-04 06:22,42.00,36.00,79.11,6.90,2500.00,M
GRI,2025-04-04 06:53,42.00,37.00,82.30,8.05,2700.00,M
GRI,2025-04-04 07:53,41.00,39.00,92.52,6.90,3700.00,M
GRI,2025-04-04 08:45,41.00,38.00,88.97,4.60,1800.00,M
GRI,2025-04-04 08:53,42.00,38.00,85.60,4.60,1800.00,M
GRI,2025-04-04 09:53,42.00,39.00,89.01,6.90,2600.00,M
GRI,2025-04-04 10:53,43.00,39.00,85.66,8.05,2300.00,M
GRI,2025-04-04 11:53,43.00,39.00,85.66,8.05,1200.00,M
GRI,2025-04-04 12:53,43.00,40.00,89.06,10.35,1200.00,M
GRI,2025-04-04 12:59,42.00,40.00,92.55,9.20,1100.00,M
GRI,2025-04-04 13:10,42.00,41.00,96.21,9.20,900.00,M
GRI,2025-04-04 13:48,42.80,39.20,86.99,8.05,800.00,M
GRI,2025-04-04 13:53,42.00,40.00,92.55,10.35,800.00,M
GRI,2025-04-04 13:57,42.00,41.00,96.21,10.35,500.00,M
GRI,2025-04-04 14:10,42.00,41.00,96.21,9.20,600.00,M
GRI,2025-04-04 14:35,43.00,41.00,92.58,9.20,500.00,M
GRI,2025-04-04 14:53,44.00,41.00,89.11,8.05,800.00,M
GRI,2025-04-04 15:06,43.00,41.00,92.58,6.90,800.00,M
GRI,2025-04-04 15:20,44.00,41.00,89.11,8.05,700.00,M
GRI,2025-04-04 15:53,45.00,42.00,89.15,6.90,900.00,M
GRI,2025-04-04 16:33,45.00,42.00,89.15,5.75,900.00,M
GRI,2025-04-04 16:53,45.00,42.00,89.15,6.90,1100.00,M
GRI,2025-04-04 17:53,45.00,43.00,92.65,5.75,1000.00,M
GRI,2025-04-04 18:53,44.00,42.00,92.61,14.95,900.00,M
GRI,2025-04-04 19:27,42.00,39.00,89.01,21.85,1300.00,32.20
GRI,2025-04-04 19:53,41.00,39.00,92.52,24.15,1200.00,32.20
GRI,2025-04-04 20:37,40.00,37.00,88.92,23.00,1300.00,35.65
GRI,2025-04-04 20:53,40.00,37.00,88.92,28.75,1500.00,36.80
GRI,2025-04-04 21:02,38.00,36.00,92.42,21.85,900.00,37.95
GRI,2025-04-04 21:13,38.00,36.00,92.42,21.85,900.00,37.95
GRI,2025-04-04 21:53,36.00,34.00,92.35,24.15,700.00,39.10
GRI,2025-04-04 22:11,36.00,33.00,88.73,25.30,1000.00,37.95
GRI,2025-04-04 22:53,35.00,31.00,85.17,27.60,1200.00,41.40
GRI,2025-04-04 23:53,34.00,30.00,85.11,25.30,1400.00,43.70
GRI,2025-04-05 00:35,34.00,29.00,81.71,25.30,1600.00,40.25
GRI,2025-04-05 00:53,32.00,28.00,84.98,18.40,1800.00,40.25
GRI,2025-04-05 01:53,31.00,25.00,78.16,17.25,M,29.90
GRI,2025-04-05 02:53,30.00,21.00,68.81,18.40,M,M
GRI,2025-04-05 03:53,29.00,19.00,65.81,16.10,M,M
GRI,2025-04-05 04:53,27.00,19.00,71.45,13.80,M,M
GRI,2025-04-05 05:53,26.00,19.00,74.46,10.35,M,M
GRI,2025-04-05 06:53,26.00,18.00,71.33,10.35,M,M
GRI,2025-04-05 07:53,27.00,17.00,65.56,12.65,M,M
GRI,2025-04-05 08:53,28.00,17.00,62.91,16.10,M,M
GRI,2025-04-05 09:53,31.00,18.00,58.12,13.80,M,M
GRI,2025-04-05 10:53,35.00,19.00,51.67,14.95,M,M
GRI,2025-04-05 11:53,39.00,20.00,46.06,17.25,M,M
GRI,2025-04-05 12:53,42.00,22.00,44.63,18.40,M,29.90
GRI,2025-04-05 13:53,45.00,22.00,39.79,21.85,M,31.05
GRI,2025-04-05 14:53,46.00,20.00,35.19,17.25,M,32.20
GRI,2025-04-05 15:53,47.00,18.00,31.11,19.55,M,32.20
GRI,2025-04-05 16:53,47.00,18.00,31.11,20.70,M,31.05
GRI,2025-04-05 17:53,47.00,16.00,28.53,17.25,M,31.05
GRI,2025-04-05 18:53,45.00,16.00,30.77,13.80,M,M
GRI,2025-04-05 19:53,39.00,18.00,42.28,6.90,M,M
GRI,2025-04-05 20:53,32.00,20.00,60.81,6.90,M,M
GRI,2025-04-05 21:53,34.00,18.00,51.52,5.75,M,M
GRI,2025-04-05 22:53,32.00,18.00,55.82,0.00,M,M
GRI,2025-04-05 23:53,29.00,19.00,65.81,0.00,M,M
GRI,2025-04-06 00:53,27.00,19.00,71.45,0.00,M,M
GRI,2025-04-06 01:53,25.00,18.00,74.36,4.60,M,M
GRI,2025-04-06 02:53,25.00,19.00,77.62,4.60,M,M
GRI,2025-04-06 03:53,24.00,19.00,80.93,4.60,M,M
GRI,2025-04-06 04:53,25.00,18.00,74.36,6.90,M,M
GRI,2025-04-06 05:53,23.00,17.00,77.44,6.90,M,M
GRI,2025-04-06 06:53,23.00,18.00,80.85,6.90,M,M
GRI,2025-04-06 07:53,26.00,19.00,74.46,4.60,M,M
GRI,2025-04-06 08:53,34.00,22.00,61.09,9.20,M,M
GRI,2025-04-06 09:53,42.00,21.00,42.78,10.35,M,M
GRI,2025-04-06 10:53,48.00,24.00,38.64,10.35,M,M
GRI,2025-04-06 11:53,51.00,20.00,29.18,10.35,M,M
GRI,2025-04-06 12:53,54.00,19.00,25.04,6.90,M,M
GRI,2025-04-06 13:53,55.00,19.00,24.14,6.90,M,M
GRI,2025-04-06 14:53,58.00,21.00,23.59,12.65,M,M
GRI,2025-04-06 15:53,58.00,20.00,22.61,5.75,M,M
GRI,2025-04-06 16:53,58.00,20.00,22.61,9.20,M,M
GRI,2025-04-06 17:53,58.00,21.00,23.59,6.90,M,M
GRI,2025-04-06 18:53,58.00,21.00,23.59,9.20,M,M
GRI,2025-04-06 19:53,52.00,24.00,33.30,4.60,M,M
GRI,2025-04-06 20:53,48.00,22.00,35.53,5.75,M,M
GRI,2025-04-06 21:53,46.00,24.00,41.67,8.05,M,M
GRI,2025-04-06 22:53,44.00,24.00,44.96,4.60,M,M
GRI,2025-04-06 23:53,42.00,24.00,48.55,10.35,M,M
GRI,2025-04-07 00:53,43.00,21.00,41.17,11.50,M,M
GRI,2025-04-07 01:53,39.00,22.00,50.14,9.20,M,M
GRI,2025-04-07 02:53,37.00,22.00,54.23,9.20,M,M
GRI,2025-04-07 03:53,35.00,23.00,61.23,8.05,M,M
GRI,2025-04-07 04:53,31.00,22.00,68.92,9.20,M,M
GRI,2025-04-07 05:53,33.00,28.00,81.63,13.80,M,M
GRI,2025-04-07 06:53,31.00,27.00,84.92,9.20,M,M
GRI,2025-04-07 07:53,32.00,29.00,88.53,9.20,M,M
GRI,2025-04-07 08:53,35.00,26.00,69.39,14.95,M,M
GRI,2025-04-07 09:53,37.00,21.00,51.99,17.25,M,M
GRI,2025-04-07 10:53,40.00,20.00,44.30,14.95,M,M
GRI,2025-04-07 11:53,43.00,25.00,48.70,14.95,M,M
GRI,2025-04-07 12:53,46.00,23.00,39.96,12.65,M,M
GRI,2025-04-07 13:53,49.00,24.00,37.22,17.25,M,M
GRI,2025-04-07 14:53,51.00,22.00,31.77,11.50,M,M
GRI,2025-04-07 15:53,51.00,19.00,27.96,11.50,M,M
GRI,2025-04-07 16:53,51.00,16.00,24.57,6.90,M,M
GRI,2025-04-07 17:53,51.00,15.00,23.52,4.60,M,M
GRI,2025-04-07 18:53,50.00,15.00,24.41,11.50,M,M
GRI,2025-04-07 19:53,43.00,18.00,36.22,6.90,M,M
GRI,2025-04-07 20:53,40.00,17.00,38.95,8.05,M,M
GRI,2025-04-07 21:53,37.00,18.00,45.73,8.05,M,M
GRI,2025-04-07 22:53,36.00,16.00,43.64,9.20,M,M
GRI,2025-04-07 23:53,35.00,15.00,43.47,6.90,M,M
GRI,2025-04-08 00:53,33.00,14.00,45.07,8.05,M,M
GRI,2025-04-08 01:53,33.00,12.00,41.27,10.35,M,M
GRI,2025-04-08 02:53,31.00,13.00,46.75,8.05,M,M
GRI,2025-04-08 03:53,31.00,12.00,44.73,8.05,M,M
GRI,2025-04-08 04:53,31.00,13.00,46.75,10.35,M,M
GRI,2025-04-08 05:53,30.00,12.00,46.59,11.50,M,M
GRI,2025-04-08 06:53,30.00,12.00,46.59,10.35,M,M
GRI,2025-04-08 07:53,32.00,13.00,44.90,13.80,M,M
GRI,2025-04-08 08:53,37.00,15.00,40.16,18.40,M,M
GRI,2025-04-08 09:53,42.00,16.00,34.52,17.25,M,32.20
GRI,2025-04-08 10:53,48.00,17.00,28.69,19.55,M,32.20
GRI,2025-04-08 11:53,52.00,19.00,26.95,23.00,M,34.50
GRI,2025-04-08 12:53,56.00,20.00,24.30,23.00,M,36.80
GRI,2025-04-08 13:53,59.00,23.00,24.76,23.00,M,35.65
GRI,2025-04-08 14:53,63.00,27.00,25.38,21.85,M,32.20
GRI,2025-04-08 15:53,66.00,29.00,24.81,16.10,M,32.20
GRI,2025-04-08 16:53,68.00,31.00,25.12,17.25,M,33.35
GRI,2025-04-08 17:53,69.00,33.00,26.31,19.55,M,32.20
GRI,2025-04-08 18:53,67.00,35.00,30.53,16.10,M,M
GRI,2025-04-08 19:53,65.00,36.00,34.05,13.80,M,M
GRI,2025-04-08 20:53,62.00,37.00,39.35,12.65,M,M
GRI,2025-04-08 21:53,59.00,38.00,45.53,12.65,M,M
GRI,2025-04-08 22:53,57.00,39.00,50.88,14.95,M,M
GRI,2025-04-08 23:53,59.00,40.00,49.23,13.80,M,M
GRI,2025-04-09 00:53,48.00,37.00,65.51,4.60,M,M
GRI,2025-04-09 01:53,43.00,35.00,73.16,4.60,M,M
GRI,2025-04-09 02:53,42.00,36.00,79.11,0.00,M,M
GRI,2025-04-09 03:53,45.00,38.00,76.31,10.35,M,M
GRI,2025-04-09 04:53,46.00,37.00,70.64,14.95,M,M
GRI,2025-04-09 05:53,44.00,36.00,73.27,9.20,M,M
GRI,2025-04-09 06:53,42.00,35.00,76.03,8.05,M,M
GRI,2025-04-09 07:53,46.00,34.00,62.71,8.05,M,M
GRI,2025-04-09 08:53,53.00,39.00,58.85,13.80,M,M
GRI,2025-04-09 09:53,60.00,41.00,49.39,12.65,M,M
GRI,2025-04-09 10:53,64.00,41.00,42.88,18.40,M,M
GRI,2025-04-09 11:53,68.00,39.00,34.53,17.25,M,M
GRI,2025-04-09 12:53,70.00,38.00,31.00,17.25,M,M
GRI,2025-04-09 13:53,72.00,31.00,21.91,19.55,12000.00,36.80
GRI,2025-04-09 14:53,71.00,27.00,19.25,16.10,11000.00,34.50
GRI,2025-04-09 15:53,70.00,24.00,17.58,23.00,12000.00,M
GRI,2025-04-09 16:53,68.00,33.00,27.23,23.00,M,36.80
GRI,2025-04-09 17:53,69.00,31.00,24.27,14.95,M,32.20
GRI,2025-04-09 18:53,63.00,31.00,29.89,9.20,M,M
GRI,2025-04-09 19:53,61.00,32.00,33.40,0.00,M,M
GRI,2025-04-09 20:53,62.00,31.00,30.96,16.10,6500.00,36.80
GRI,2025-04-09 21:53,47.00,32.00,55.73,5.75,M,M
GRI,2025-04-09 22:53,48.00,33.00,55.87,6.90,M,M
GRI,2025-04-09 23:53,47.00,34.00,60.38,10.35,M,M
GRI,2025-04-10 00:53,45.00,34.00,65.13,8.05,M,M
GRI,2025-04-10 01:53,44.00,35.00,70.42,12.65,M,M
GRI,2025-04-10 02:53,44.00,34.00,67.66,8.05,M,M
GRI,2025-04-10 03:53,44.00,34.00,67.66,11.50,M,M
GRI,2025-04-10 04:53,46.00,34.00,62.71,12.65,12000.00,M
GRI,2025-04-10 05:53,45.00,33.00,62.58,11.50,M,M
GRI,2025-04-10 06:53,43.00,32.00,64.88,11.50,M,M
GRI,2025-04-10 07:53,45.00,32.00,60.11,12.65,M,M
GRI,2025-04-10 08:53,53.00,32.00,44.58,14.95,M,M
GRI,2025-04-10 09:53,58.00,32.00,37.18,18.40,M,M
GRI,2025-04-10 10:53,62.00,30.00,29.73,24.15,M,35.65
GRI,2025-04-10 11:53,63.00,30.00,28.70,21.85,M,35.65
GRI,2025-04-10 12:53,65.00,29.00,25.69,21.85,8000.00,40.25
GRI,2025-04-10 13:53,66.00,28.00,23.82,31.05,8500.00,41.40
GRI,2025-04-10 14:53,68.00,26.00,20.47,24.15,9000.00,40.25
GRI,2025-04-10 15:53,67.00,24.00,19.49,24.15,9500.00,43.70
GRI,2025-04-10 16:53,68.00,25.00,19.63,21.85,10000.00,39.10
GRI,2025-04-10 17:53,68.00,24.00,18.83,24.15,10000.00,37.95
GRI,2025-04-10 18:53,66.00,23.00,19.35,19.55,M,37.95
GRI,2025-04-10 19:53,60.00,25.00,25.98,12.65,M,M
GRI,2025-04-10 20:53,53.00,26.00,34.88,8.05,M,M
GRI,2025-04-10 21:53,48.00,25.00,40.29,5.75,M,M
GRI,2025-04-10 22:53,45.00,26.00,47.04,5.75,M,M
GRI,2025-04-10 23:53,42.00,26.00,52.76,8.05,M,M
GRI,2025-04-11 00:53,40.00,27.00,59.41,6.90,M,M
GRI,2025-04-11 01:53,40.00,26.00,57.01,5.75,M,M
GRI,2025-04-11 02:53,37.00,26.00,64.11,5.75,M,M
GRI,2025-04-11 03:53,35.00,26.00,69.39,4.60,M,M
GRI,2025-04-11 04:53,34.00,26.00,72.22,5.75,M,M
GRI,2025-04-11 05:53,33.00,26.00,75.17,4.60,M,M
GRI,2025-04-11 06:53,31.00,25.00,78.16,4.60,M,M
GRI,2025-04-11 07:53,37.00,29.00,72.54,0.00,M,M
GRI,2025-04-11 08:53,45.00,32.00,60.11,0.00,M,M
GRI,2025-04-11 09:53,53.00,34.00,48.30,3.45,M,M
GRI,2025-04-11 10:53,59.00,35.00,40.45,0.00,M,M
GRI,2025-04-11 11:53,63.00,33.00,32.40,M,M,M
GRI,2025-04-11 12:53,64.00,28.00,25.54,0.00,M,M
GRI,2025-04-11 13:53,67.00,27.00,22.08,6.90,M,M
GRI,2025-04-11 14:53,70.00,29.00,21.62,10.35,M,M
GRI,2025-04-11 15:53,70.00,28.00,20.75,9.20,M,M
GRI,2025-04-11 16:53,72.00,28.00,19.39,9.20,M,M
GRI,2025-04-11 17:53,72.00,29.00,20.20,13.80,M,M
GRI,2025-04-11 18:53,71.00,28.00,20.06,11.50,M,M
GRI,2025-04-11 19:53,64.00,29.00,26.60,8.05,M,M
GRI,2025-04-11 20:53,59.00,30.00,33.08,10.35,M,M
GRI,2025-04-11 21:53,60.00,29.00,30.64,12.65,M,M
GRI,2025-04-11 22:53,58.00,30.00,34.28,13.80,M,M
GRI,2025-04-11 23:53,55.00,31.00,39.80,12.65,M,M
GRI,2025-04-12 00:53,53.00,33.00,46.41,14.95,M,M
GRI,2025-04-12 01:53,53.00,33.00,46.41,17.25,M,M
GRI,2025-04-12 02:53,51.00,33.00,49.96,16.10,M,M
GRI,2025-04-12 03:53,50.00,31.00,47.83,18.40,M,M
GRI,2025-04-12 04:53,50.00,31.00,47.83,19.55,M,31.05
GRI,2025-04-12 05:53,48.00,31.00,51.54,17.25,M,31.05
GRI,2025-04-12 06:53,48.00,32.00,53.67,16.10,M,M
GRI,2025-04-12 07:53,49.00,33.00,53.82,12.65,M,M
GRI,2025-04-12 08:53,53.00,35.00,50.27,11.50,M,M
GRI,2025-04-12 09:53,62.00,36.00,37.83,16.10,M,M
GRI,2025-04-12 10:53,66.00,38.00,35.58,20.70,M,29.90
GRI,2025-04-12 11:53,70.00,39.00,32.24,21.85,M,34.50
GRI,2025-04-12 12:53,73.00,40.00,30.28,21.85,M,36.80
GRI,2025-04-12 13:53,78.00,42.00,27.69,19.55,M,33.35
GRI,2025-04-12 14:53,80.00,42.00,25.93,21.85,M,33.35
GRI,2025-04-12 15:53,80.00,42.00,25.93,23.00,M,34.50
GRI,2025-04-12 16:53,81.00,43.00,26.08,17.25,M,34.50
GRI,2025-04-12 17:53,81.00,44.00,27.09,17.25,M,29.90
GRI,2025-04-12 18:53,79.00,45.00,30.05,13.80,M,M
GRI,2025-04-12 19:53,75.00,46.00,35.64,12.65,M,M
GRI,2025-04-12 20:53,71.00,45.00,39.27,11.50,M,M
GRI,2025-04-12 21:53,68.00,45.00,43.51,9.20,M,M
GRI,2025-04-12 22:53,67.00,46.00,46.78,13.80,M,M
GRI,2025-04-12 23:53,64.00,47.00,53.92,12.65,M,M
GRI,2025-04-13 00:53,63.00,49.00,60.20,12.65,M,M
GRI,2025-04-13 01:53,64.00,50.00,60.34,13.80,M,M
GRI,2025-04-13 02:53,66.00,51.00,58.40,19.55,M,M
GRI,2025-04-13 03:53,64.00,50.00,60.34,13.80,M,M
GRI,2025-04-13 04:53,61.00,49.00,64.61,9.20,M,M
GRI,2025-04-13 05:53,56.00,48.00,74.45,0.00,M,M
GRI,2025-04-13 06:53,53.00,48.00,83.06,4.60,M,M
GRI,2025-04-13 07:53,52.00,47.00,82.99,6.90,M,M
GRI,2025-04-13 08:53,58.00,48.00,69.27,18.40,M,M
GRI,2025-04-13 09:53,61.00,42.00,49.54,20.70,M,31.05
GRI,2025-04-13 10:53,68.00,41.00,37.32,27.60,M,35.65
GRI,2025-04-13 11:53,71.00,41.00,33.68,24.15,M,37.95
GRI,2025-04-13 12:53,72.00,41.00,32.56,29.90,M,42.55
GRI,2025-04-13 13:53,73.00,42.00,32.71,23.00,M,42.55
GRI,2025-04-13 14:53,73.00,41.00,31.47,23.00,M,35.65
GRI,2025-04-13 15:53,74.00,41.00,30.43,21.85,M,33.35
GRI,2025-04-13 16:53,72.00,42.00,33.84,23.00,M,35.65
GRI,2025-04-13 17:53,71.00,41.00,33.68,24.15,6500.00,33.35
GRI,2025-04-13 18:53,68.00,38.00,33.20,20.70,M,33.35
GRI,2025-04-13 19:53,63.00,35.00,35.10,17.25,M,32.20
GRI,2025-04-13 20:53,56.00,34.00,43.30,8.05,M,M
GRI,2025-04-13 21:53,51.00,33.00,49.96,5.75,M,M
GRI,2025-04-13 22:53,54.00,32.00,42.98,8.05,M,M
GRI,2025-04-13 23:53,56.00,26.00,31.27,19.55,12000.00,43.70
GRI,2025-04-14 00:53,51.00,27.00,39.14,17.25,10000.00,42.55
GRI,2025-04-14 01:53,50.00,27.00,40.62,20.70,10000.00,41.40
GRI,2025-04-14 02:53,49.00,27.00,42.16,20.70,11000.00,41.40
GRI,2025-04-14 03:53,47.00,29.00,49.34,24.15,M,39.10
GRI,2025-04-14 04:53,46.00,30.00,53.37,24.15,M,36.80
GRI,2025-04-14 05:53,44.00,31.00,59.97,21.85,M,41.40
GRI,2025-04-14 06:53,43.00,31.00,62.31,19.55,M,29.90
GRI,2025-04-14 07:53,43.00,32.00,64.88,18.40,M,29.90
GRI,2025-04-14 08:53,45.00,32.00,60.11,23.00,M,36.80
GRI,2025-04-14 09:53,46.00,31.00,55.58,27.60,M,36.80
GRI,2025-04-14 10:53,50.00,32.00,49.81,21.85,M,39.10
GRI,2025-04-14 11:53,54.00,29.00,38.05,24.15,4900.00,37.95
GRI,2025-04-14 12:53,57.00,25.00,28.93,26.45,6000.00,40.25
GRI,2025-04-14 13:53,58.00,21.00,23.59,29.90,7500.00,40.25
GRI,2025-04-14 14:53,59.00,22.00,23.74,28.75,8000.00,43.70
GRI,2025-04-14 15:53,59.00,17.00,19.18,29.90,9000.00,51.75
GRI,2025-04-14 16:53,59.00,16.00,18.36,28.75,M,44.85
GRI,2025-04-14 17:53,57.00,14.00,18.08,19.55,11000.00,47.15
GRI,2025-04-14 18:53,56.00,16.00,20.46,25.30,11000.00,40.25
GRI,2025-04-14 19:53,52.00,17.00,24.73,21.85,M,36.80
GRI,2025-04-14 20:53,48.00,19.00,31.27,16.10,12000.00,31.05
GRI,2025-04-14 21:53,47.00,20.00,33.89,11.50,6500.00,M
GRI,2025-04-14 22:53,45.00,23.00,41.50,12.65,12000.00,M
GRI,2025-04-14 23:53,39.00,23.00,52.30,6.90,M,M
GRI,2025-04-15 00:53,35.00,22.00,58.70,6.90,M,M
GRI,2025-04-15 01:53,36.00,22.00,56.42,9.20,M,M
GRI,2025-04-15 02:53,37.00,23.00,56.57,10.35,M,M
GRI,2025-04-15 03:53,33.00,23.00,66.32,9.20,M,M
GRI,2025-04-15 04:53,32.00,22.00,66.20,9.20,M,M
GRI,2025-04-15 05:53,31.00,23.00,71.89,9.20,M,M
GRI,2025-04-15 06:53,30.00,22.00,71.78,10.35,M,M
GRI,2025-04-15 07:53,34.00,23.00,63.72,12.65,M,M
GRI,2025-04-15 08:53,42.00,23.00,46.55,14.95,M,M
GRI,2025-04-15 09:53,50.00,22.00,32.97,14.95,M,M
GRI,2025-04-15 10:53,53.00,18.00,24.88,8.05,M,M
GRI,2025-04-15 11:53,55.00,17.00,22.15,11.50,M,M
GRI,2025-04-15 12:53,58.00,16.00,19.03,10.35,M,M
GRI,2025-04-15 13:53,61.00,17.00,17.86,11.50,M,M
GRI,2025-04-15 14:53,63.00,19.00,18.14,8.05,M,M
GRI,2025-04-15 15:53,66.00,20.00,17.04,13.80,M,M
GRI,2025-04-15 16:53,67.00,22.00,17.92,17.25,M,M
GRI,2025-04-15 17:53,68.00,24.00,18.83,14.95,M,29.90
GRI,2025-04-15 18:53,66.00,24.00,20.18,13.80,M,M
GRI,2025-04-15 19:53,61.00,25.00,25.07,10.35,M,M
GRI,2025-04-15 20:53,57.00,25.00,28.93,9.20,M,M
GRI,2025-04-15 21:53,55.00,26.00,32.42,12.65,M,M
GRI,2025-04-15 22:53,54.00,25.00,32.26,17.25,M,M
GRI,2025-04-15 23:53,51.00,26.00,37.55,13.80,M,M
GRI,2025-04-16 00:53,49.00,27.00,42.16,16.10,M,M
GRI,2025-04-16 01:53,47.00,27.00,45.45,12.65,M,M
GRI,2025-04-16 02:53,47.00,28.00,47.36,13.80,M,M
GRI,2025-04-16 03:53,46.00,29.00,51.24,17.25,M,M
GRI,2025-04-16 04:53,45.00,30.00,55.43,12.65,M,M
GRI,2025-04-16 05:53,44.00,30.00,57.59,9.20,M,M
GRI,2025-04-16 06:53,44.00,31.00,59.97,11.50,M,M
GRI,2025-04-16 07:53,45.00,32.00,60.11,11.50,M,M
GRI,2025-04-16 08:53,51.00,33.00,49.96,12.65,M,M
GRI,2025-04-16 09:53,58.00,34.00,40.28,14.95,M,M
GRI,2025-04-16 10:53,64.00,36.00,35.26,12.65,M,M
GRI,2025-04-16 11:53,68.00,37.00,31.92,11.50,M,M
GRI,2025-04-16 12:53,73.00,39.00,29.12,14.95,M,M
GRI,2025-04-16 13:53,77.00,39.00,25.47,13.80,M,M
GRI,2025-04-16 14:53,78.00,38.00,23.70,13.80,M,M
GRI,2025-04-16 15:53,82.00,39.00,21.62,17.25,M,M
GRI,2025-04-16 16:53,83.00,38.00,20.13,17.25,M,M
GRI,2025-04-16 17:53,82.00,38.00,20.79,17.25,M,M
GRI,2025-04-16 18:53,80.00,40.00,23.99,18.40,M,31.05
GRI,2025-04-16 19:53,76.00,42.00,29.59,17.25,M,M
GRI,2025-04-16 20:53,71.00,43.00,36.38,14.95,M,M
GRI,2025-04-16 21:53,68.00,44.00,41.88,17.25,M,M
GRI,2025-04-16 22:53,65.00,45.00,48.28,17.25,M,M
GRI,2025-04-16 23:53,64.00,47.00,53.92,13.80,M,M
GRI,2025-04-17 00:53,65.00,50.00,58.26,16.10,M,M
GRI,2025-04-17 01:53,65.00,52.00,62.74,10.35,M,M
GRI,2025-04-17 02:53,67.00,54.00,62.99,10.35,M,M
GRI,2025-04-17 03:53,60.00,53.00,77.64,9.20,M,M
GRI,2025-04-17 04:53,64.00,55.00,72.52,12.65,M,M
GRI,2025-04-17 05:53,62.00,55.00,77.81,10.35,M,M
GRI,2025-04-17 06:53,61.00,56.00,83.59,10.35,M,M
GRI,2025-04-17 07:53,63.00,56.00,77.89,10.35,M,M
GRI,2025-04-17 08:53,66.00,57.00,72.72,18.40,M,M
GRI,2025-04-17 09:53,68.00,57.00,67.86,16.10,M,M
GRI,2025-04-17 10:26,69.00,57.00,65.57,11.50,2300.00,M
GRI,2025-04-17 10:53,69.00,57.00,65.57,9.20,2500.00,M
GRI,2025-04-17 11:21,71.00,57.00,61.24,8.05,2600.00,M
GRI,2025-04-17 11:53,72.00,57.00,59.20,5.75,M,M
GRI,2025-04-17 12:53,75.00,58.00,55.48,0.00,M,M
GRI,2025-04-17 13:53,77.00,58.00,51.90,3.45,M,M
GRI,2025-04-17 14:53,79.00,57.00,46.87,3.45,M,M
GRI,2025-04-17 15:53,80.00,58.00,47.02,16.10,6000.00,M
GRI,2025-04-17 16:40,74.00,46.00,36.85,24.15,M,34.50
GRI,2025-04-17 16:53,72.00,45.00,37.96,23.00,4400.00,34.50
GRI,2025-04-17 17:00,73.00,46.00,38.11,24.15,6000.00,32.20
GRI,2025-04-17 17:53,74.00,45.00,35.48,23.00,M,35.65
GRI,2025-04-17 18:53,66.00,41.00,39.99,23.00,M,36.80
GRI,2025-04-17 19:53,61.00,38.00,42.40,21.85,M,39.10
GRI,2025-04-17 20:53,57.00,37.00,47.04,21.85,M,37.95
GRI,2025-04-17 21:53,54.00,36.00,50.42,20.70,M,35.65
GRI,2025-04-17 22:53,50.00,35.00,56.16,29.90,M,44.85
GRI,2025-04-17 23:53,49.00,35.00,58.30,23.00,4600.00,41.40
GRI,2025-04-18 00:53,47.00,35.00,62.84,26.45,4800.00,41.40
GRI,2025-04-18 01:53,46.00,34.00,62.71,25.30,4700.00,41.40
GRI,2025-04-18 02:53,45.00,33.00,62.58,25.30,M,37.95
GRI,2025-04-18 03:53,46.00,34.00,62.71,19.55,4300.00,39.10
GRI,2025-04-18 04:53,44.00,34.00,67.66,18.40,4300.00,40.25
GRI,2025-04-18 05:53,44.00,34.00,67.66,20.70,4300.00,33.35
GRI,2025-04-18 06:22,44.00,34.00,67.66,23.00,2900.00,32.20
GRI,2025-04-18 06:53,44.00,33.00,65.01,21.85,2900.00,34.50
GRI,2025-04-18 07:12,43.00,33.00,67.54,18.40,3000.00,34.50
GRI,2025-04-18 07:53,43.00,33.00,67.54,24.15,2900.00,35.65
GRI,2025-04-18 08:53,44.00,33.00,65.01,23.00,2700.00,35.65
GRI,2025-04-18 09:53,44.00,32.00,62.44,24.15,2700.00,36.80
GRI,2025-04-18 09:59,45.00,32.00,60.11,21.85,2700.00,29.90
GRI,2025-04-18 10:53,47.00,32.00,55.73,24.15,3500.00,35.65
GRI,2025-04-18 11:53,47.00,29.00,49.34,24.15,4100.00,34.50
GRI,2025-04-18 12:53,49.00,28.00,43.93,26.45,4600.00,35.65
GRI,2025-04-18 13:53,50.00,26.00,38.97,21.85,4900.00,37.95
GRI,2025-04-18 14:53,49.00,25.00,38.81,20.70,5000.00,32.20
GRI,2025-04-18 15:53,50.00,22.00,32.97,23.00,5500.00,36.80
GRI,2025-04-18 16:53,49.00,21.00,32.80,21.85,6000.00,33.35
GRI,2025-04-18 17:53,48.00,20.00,32.64,17.25,6000.00,29.90
GRI,2025-04-18 18:53,48.00,20.00,32.64,19.55,7000.00,M
GRI,2025-04-18 19:53,45.00,22.00,39.79,12.65,6000.00,M
GRI,2025-04-18 20:53,38.00,23.00,54.39,8.05,7000.00,M
GRI,2025-04-18 21:53,34.00,22.00,61.09,6.90,M,M
GRI,2025-04-18 22:53,35.00,22.00,58.70,0.00,M,M
GRI,2025-04-18 23:53,33.00,23.00,66.32,8.05,M,M
GRI,2025-04-19 00:53,30.00,22.00,71.78,8.05,M,M
GRI,2025-04-19 01:53,33.00,23.00,66.32,8.05,M,M
GRI,2025-04-19 02:53,31.00,23.00,71.89,8.05,M,M
GRI,2025-04-19 03:53,30.00,22.00,71.78,6.90,M,M
GRI,2025-04-19 04:53,32.00,23.00,69.04,10.35,M,M
GRI,2025-04-19 05:53,29.00,22.00,74.77,3.45,9500.00,M
GRI,2025-04-19 06:53,28.00,22.00,77.89,6.90,M,M
GRI,2025-04-19 07:53,34.00,24.00,66.45,5.75,M,M
GRI,2025-04-19 08:53,40.00,24.00,52.45,0.00,M,M
GRI,2025-04-19 09:53,45.00,25.00,45.12,4.60,M,M
GRI,2025-04-19 10:53,49.00,22.00,34.22,4.60,M,M
GRI,2025-04-19 11:53,51.00,20.00,29.18,6.90,M,M
GRI,2025-04-19 12:53,53.00,21.00,28.29,6.90,M,M
GRI,2025-04-19 13:53,55.00,21.00,26.29,5.75,M,M
GRI,2025-04-19 14:53,56.00,21.00,25.35,8.05,M,M
GRI,2025-04-19 15:53,57.00,21.00,24.45,5.75,M,M
GRI,2025-04-19 16:53,57.00,20.00,23.44,0.00,M,M
GRI,2025-04-19 17:53,58.00,21.00,23.59,3.45,M,M
GRI,2025-04-19 18:53,58.00,23.00,25.67,4.60,M,M
GRI,2025-04-19 19:53,52.00,24.00,33.30,5.75,M,M
GRI,2025-04-19 20:53,49.00,24.00,37.22,6.90,M,M
GRI,2025-04-19 21:53,45.00,23.00,41.50,6.90,M,M
GRI,2025-04-19 22:53,42.00,24.00,48.55,6.90,M,M
GRI,2025-04-19 23:53,41.00,24.00,50.46,6.90,11000.00,M
GRI,2025-04-20 00:53,44.00,24.00,44.96,8.05,9500.00,M
GRI,2025-04-20 01:53,45.00,25.00,45.12,8.05,9000.00,M
GRI,2025-04-20 02:53,44.00,25.00,46.88,8.05,9000.00,M
GRI,2025-04-20 03:53,42.00,25.00,50.61,5.75,10000.00,M
GRI,2025-04-20 04:53,40.00,26.00,57.01,6.90,11000.00,M
GRI,2025-04-20 05:53,39.00,27.00,61.78,4.60,12000.00,M
GRI,2025-04-20 06:53,41.00,27.00,57.15,6.90,10000.00,M
GRI,2025-04-20 07:53,44.00,27.00,50.93,9.20,10000.00,M
GRI,2025-04-20 08:53,44.00,28.00,53.07,10.35,8500.00,M
GRI,2025-04-20 09:53,43.00,34.00,70.30,6.90,6500.00,M
GRI,2025-04-20 10:53,42.00,37.00,82.30,5.75,5500.00,M
GRI,2025-04-20 11:53,43.00,39.00,85.66,12.65,5500.00,M
GRI,2025-04-20 12:53,45.00,40.00,82.51,11.50,6500.00,M
GRI,2025-04-20 13:50,46.40,39.20,75.84,12.65,1700.00,M
GRI,2025-04-20 13:53,47.00,40.00,76.49,12.65,1900.00,M
GRI,2025-04-20 14:13,48.00,39.00,70.85,13.80,1900.00,M
GRI,2025-04-20 14:46,49.00,39.00,68.25,8.05,2200.00,M
GRI,2025-04-20 14:53,49.00,39.00,68.25,11.50,2200.00,M
GRI,2025-04-20 15:53,51.00,38.00,60.92,10.35,2700.00,M
GRI,2025-04-20 16:53,52.00,38.00,58.71,12.65,2800.00,M
GRI,2025-04-20 17:53,52.00,38.00,58.71,10.35,M,M
GRI,2025-04-20 18:53,53.00,38.00,56.59,9.20,M,M
GRI,2025-04-20 19:53,51.00,38.00,60.92,5.75,6000.00,M
GRI,2025-04-20 20:53,44.00,37.00,76.22,4.60,M,M
GRI,2025-04-20 21:53,42.00,38.00,85.60,4.60,M,M
GRI,2025-04-20 22:53,40.00,38.00,92.49,3.45,M,M
GRI,2025-04-20 23:53,36.00,34.00,92.35,6.90,M,M
GRI,2025-04-21 00:53,37.00,36.00,96.13,8.05,M,M
GRI,2025-04-21 01:53,37.00,36.00,96.13,4.60,M,M
GRI,2025-04-21 02:53,38.00,36.00,92.42,8.05,M,M
GRI,2025-04-21 03:53,38.00,36.00,92.42,8.05,M,M
GRI,2025-04-21 04:53,36.00,35.00,96.11,0.00,M,M
GRI,2025-04-21 05:53,33.00,33.00,100.00,6.90,M,M
GRI,2025-04-21 06:21,33.00,33.00,100.00,5.75,M,M
GRI,2025-04-21 06:28,32.00,32.00,100.00,6.90,M,M
GRI,2025-04-21 06:35,33.00,33.00,100.00,5.75,M,M
GRI,2025-04-21 06:53,33.00,33.00,100.00,4.60,M,M
GRI,2025-04-21 07:35,36.00,36.00,100.00,5.75,M,M
GRI,2025-04-21 07:53,38.00,37.00,96.14,4.60,M,M
GRI,2025-04-21 08:36,41.00,39.00,92.52,4.60,300.00,M
GRI,2025-04-21 08:53,43.00,40.00,89.06,4.60,M,M
GRI,2025-04-21 09:53,48.00,40.00,73.67,0.00,M,M
GRI,2025-04-21 10:53,54.00,40.00,58.99,4.60,M,M
GRI,2025-04-21 11:53,58.00,41.00,53.05,8.05,M,M
GRI,2025-04-21 12:53,66.00,40.00,38.47,8.05,M,M
GRI,2025-04-21 13:53,70.00,37.00,29.81,8.05,M,M
GRI,2025-04-21 14:53,75.00,41.00,29.43,14.95,M,M
GRI,2025-04-21 15:53,77.00,42.00,28.62,16.10,11000.00,M
GRI,2025-04-21 16:53,79.00,34.00,19.57,19.55,12000.00,M
GRI,2025-04-21 17:53,79.00,39.00,23.85,24.15,M,34.50
GRI,2025-04-21 18:53,75.00,40.00,28.31,21.85,M,34.50
GRI,2025-04-21 19:53,76.00,36.00,23.40,13.80,10000.00,48.30
GRI,2025-04-21 20:53,70.00,49.00,47.24,12.65,12000.00,M
GRI,2025-04-21 21:53,68.00,51.00,54.50,10.35,11000.00,M
GRI,2025-04-21 22:53,69.00,44.00,40.47,14.95,M,M
GRI,2025-04-21 23:53,67.00,43.00,41.72,16.10,M,M
GRI,2025-04-22 00:37,63.00,39.00,41.09,16.10,M,M
GRI,2025-04-22 00:53,61.00,39.00,44.10,16.10,M,M
GRI,2025-04-22 03:53,51.00,39.00,63.36,11.50,M,M
GRI,2025-04-22 04:53,48.00,41.00,76.58,11.50,M,M
GRI,2025-04-22 05:53,45.00,40.00,82.51,8.05,M,M
GRI,2025-04-22 06:53,45.00,39.00,79.36,4.60,M,M
GRI,2025-04-22 07:53,47.00,40.00,76.49,0.00,M,M
GRI,2025-04-22 08:53,52.00,40.00,63.48,11.50,M,M
GRI,2025-04-22 09:53,55.00,40.00,56.88,5.75,M,M
GRI,2025-04-22 10:53,61.00,38.00,42.40,12.65,M,M
GRI,2025-04-22 11:53,64.00,36.00,35.26,10.35,M,M
GRI,2025-04-22 12:53,68.00,37.00,31.92,10.35,M,M
GRI,2025-04-22 13:53,70.00,37.00,29.81,12.65,M,M
GRI,2025-04-22 14:53,71.00,38.00,29.96,10.35,M,M
GRI,2025-04-22 15:53,72.00,38.00,28.96,9.20,M,M
GRI,2025-04-22 16:53,73.00,37.00,26.92,16.10,M,31.05
GRI,2025-04-22 17:53,72.00,39.00,30.12,14.95,M,M
GRI,2025-04-22 18:53,70.00,37.00,29.81,13.80,M,M
GRI,2025-04-22 19:53,66.00,38.00,35.58,8.05,M,M
GRI,2025-04-22 20:53,59.00,38.00,45.53,6.90,M,M
GRI,2025-04-22 21:53,57.00,38.00,48.93,8.05,M,M
GRI,2025-04-22 22:53,55.00,38.00,52.60,4.60,M,M
GRI,2025-04-22 23:53,48.00,38.00,68.13,8.05,M,M
GRI,2025-04-23 00:53,45.00,37.00,73.37,6.90,M,M
GRI,2025-04-23 01:53,46.00,37.00,70.64,5.75,M,M
GRI,2025-04-23 02:53,44.00,38.00,79.27,8.05,M,M
GRI,2025-04-23 03:53,46.00,38.00,73.47,3.45,M,M
GRI,2025-04-23 04:53,47.00,40.00,76.49,4.60,6000.00,M
GRI,2025-04-23 05:53,49.00,39.00,68.25,9.20,M,M
GRI,2025-04-23 06:53,50.00,39.00,65.75,10.35,4200.00,M
GRI,2025-04-23 07:53,51.00,38.00,60.92,12.65,4300.00,M
GRI,2025-04-23 08:53,54.00,36.00,50.42,17.25,3100.00,M
GRI,2025-04-23 09:53,57.00,38.00,48.93,14.95,3200.00,M
GRI,2025-04-23 10:53,61.00,39.00,44.10,14.95,3900.00,M
GRI,2025-04-23 11:53,63.00,40.00,42.72,16.10,4500.00,M
GRI,2025-04-23 12:53,67.00,45.00,45.04,11.50,4400.00,M
GRI,2025-04-23 13:53,70.00,47.00,43.82,13.80,M,M
GRI,2025-04-23 14:53,71.00,47.00,42.35,8.05,M,M
GRI,2025-04-23 15:53,73.00,48.00,41.10,5.75,M,M
GRI,2025-04-23 16:53,74.00,50.00,42.82,12.65,6500.00,M
GRI,2025-04-23 17:53,71.00,50.00,47.39,17.25,6500.00,M
GRI,2025-04-23 18:53,70.00,50.00,49.03,17.25,6000.00,M
GRI,2025-04-23 19:53,67.00,50.00,54.35,13.80,M,M
GRI,2025-04-23 20:53,66.00,49.00,54.21,12.65,M,M
GRI,2025-04-23 21:53,61.00,54.00,77.72,8.05,10000.00,M
GRI,2025-04-23 22:53,62.00,52.00,69.71,10.35,4600.00,M
GRI,2025-04-23 23:53,58.00,51.00,77.47,6.90,8000.00,M
GRI,2025-04-24 00:53,58.00,51.00,77.47,5.75,7000.00,M
GRI,2025-04-24 01:53,55.00,40.00,56.88,10.35,M,M
GRI,2025-04-24 02:53,53.00,39.00,58.85,4.60,M,M
GRI,2025-04-24 03:53,53.00,40.00,61.19,5.75,7000.00,M
GRI,2025-04-24 04:53,52.00,41.00,66.00,8.05,9500.00,M
GRI,2025-04-24 05:53,53.00,47.00,80.00,10.35,10000.00,M
GRI,2025-04-24 06:53,53.00,49.00,86.23,13.80,8000.00,M
GRI,2025-04-24 07:37,53.00,50.00,89.51,10.35,700.00,M
GRI,2025-04-24 07:46,54.00,51.00,89.55,8.05,800.00,M
GRI,2025-04-24 07:53,54.00,51.00,89.55,11.50,800.00,M
GRI,2025-04-24 08:53,54.00,53.00,96.40,10.35,600.00,M
GRI,2025-04-24 09:03,54.00,53.00,96.40,8.05,600.00,M
GRI,2025-04-24 09:11,54.00,52.00,92.92,6.90,600.00,M
GRI,2025-04-24 09:37,53.00,52.00,96.39,8.05,500.00,M
GRI,2025-04-24 09:53,53.00,52.00,96.39,6.90,500.00,M
GRI,2025-04-24 10:04,53.00,52.00,96.39,9.20,400.00,M
GRI,2025-04-24 10:53,53.00,52.00,96.39,11.50,300.00,M
GRI,2025-04-24 11:53,55.00,53.00,92.95,10.35,300.00,M
GRI,2025-04-24 12:53,54.00,53.00,96.40,11.50,400.00,M
GRI,2025-04-24 13:53,55.00,54.00,96.42,14.95,400.00,M
GRI,2025-04-24 14:53,56.00,54.00,92.98,11.50,300.00,M
GRI,2025-04-24 15:53,57.00,55.00,93.01,8.05,400.00,M
GRI,2025-04-24 16:53,56.00,54.00,92.98,10.35,400.00,M
GRI,2025-04-24 17:53,55.00,53.00,92.95,11.50,400.00,M
GRI,2025-04-24 18:53,55.00,53.00,92.95,9.20,400.00,M
GRI,2025-04-24 19:53,53.00,52.00,96.39,13.80,500.00,M
GRI,2025-04-24 20:46,52.00,51.00,96.37,12.65,400.00,M
GRI,2025-04-24 20:53,52.00,51.00,96.37,14.95,400.00,M
GRI,2025-04-24 21:25,50.00,50.00,100.00,19.55,300.00,M
GRI,2025-04-24 21:53,50.00,49.00,96.34,19.55,200.00,M
GRI,2025-04-24 22:25,49.00,48.00,96.32,12.65,500.00,M
GRI,2025-04-24 22:53,49.00,47.00,92.77,14.95,600.00,M
GRI,2025-04-24 23:40,48.00,47.00,96.31,13.80,500.00,M
GRI,2025-04-24 23:53,48.00,47.00,96.31,12.65,600.00,M
GRI,2025-04-25 00:53,48.00,46.00,92.74,13.80,700.00,M
GRI,2025-04-25 01:53,47.00,45.00,92.71,16.10,600.00,M
GRI,2025-04-25 02:53,46.00,44.00,92.68,10.35,700.00,M
GRI,2025-04-25 03:53,45.00,44.00,96.26,17.25,900.00,M
GRI,2025-04-25 04:18,45.00,43.00,92.65,16.10,1000.00,M
GRI,2025-04-25 04:32,45.00,43.00,92.65,17.25,800.00,M
GRI,2025-04-25 04:53,45.00,43.00,92.65,20.70,800.00,M
GRI,2025-04-25 05:19,45.00,43.00,92.65,18.40,900.00,M
GRI,2025-04-25 05:53,45.00,43.00,92.65,10.35,2000.00,M
GRI,2025-04-25 06:07,44.00,42.00,92.61,10.35,900.00,M
GRI,2025-04-25 06:15,44.00,43.00,96.24,10.35,800.00,M
GRI,2025-04-25 06:53,44.00,42.00,92.61,12.65,700.00,M
GRI,2025-04-25 07:53,44.00,42.00,92.61,20.70,700.00,M
GRI,2025-04-25 08:51,44.60,42.80,93.35,14.95,1000.00,29.90
GRI,2025-04-25 08:53,45.00,42.00,89.15,18.40,1000.00,29.90
GRI,2025-04-25 09:53,46.00,42.00,85.83,19.55,1200.00,29.90
GRI,2025-04-25 10:53,48.00,43.00,82.72,17.25,1100.00,29.90
GRI,2025-04-25 11:53,48.00,43.00,82.72,19.55,1200.00,M
GRI,2025-04-25 12:53,49.00,42.00,76.67,18.40,1500.00,M
GRI,2025-04-25 13:13,49.00,43.00,79.68,16.10,1400.00,M
GRI,2025-04-25 13:31,49.00,43.00,79.68,14.95,1600.00,M
GRI,2025-04-25 13:53,50.00,43.00,76.76,12.65,1500.00,M
GRI,2025-04-25 14:53,50.00,43.00,76.76,13.80,1800.00,M
GRI,2025-04-25 15:53,50.00,44.00,79.76,12.65,1900.00,M
GRI,2025-04-25 16:53,51.00,44.00,76.85,12.65,2200.00,M
GRI,2025-04-25 17:53,51.00,44.00,76.85,11.50,2100.00,M
GRI,2025-04-25 18:53,51.00,44.00,76.85,9.20,2500.00,M
GRI,2025-04-25 19:53,50.00,44.00,79.76,8.05,2400.00,M
GRI,2025-04-25 20:27,50.00,45.00,82.86,4.60,3100.00,M
GRI,2025-04-25 20:53,49.00,45.00,86.00,3.45,3200.00,M
GRI,2025-04-25 21:53,47.00,45.00,92.71,0.00,3500.00,M
GRI,2025-04-25 22:53,47.00,44.00,89.24,3.45,12000.00,M
GRI,2025-04-25 23:53,47.00,44.00,89.24,4.60,12000.00,M
GRI,2025-04-26 00:53,45.00,43.00,92.65,5.75,11000.00,M
GRI,2025-04-26 01:53,45.00,43.00,92.65,5.75,M,M
GRI,2025-04-26 02:53,46.00,44.00,92.68,3.45,6500.00,M
GRI,2025-04-26 03:53,45.00,44.00,96.26,4.60,10000.00,M
GRI,2025-04-26 04:53,46.00,44.00,92.68,5.75,M,M
GRI,2025-04-26 05:53,44.00,43.00,96.24,3.45,M,M
GRI,2025-04-26 06:53,46.00,43.00,89.20,8.05,9500.00,M
GRI,2025-04-26 07:53,47.00,44.00,89.24,12.65,M,M
GRI,2025-04-26 08:53,47.00,43.00,85.89,12.65,M,M
GRI,2025-04-26 09:53,49.00,41.00,73.77,17.25,2100.00,M
GRI,2025-04-26 10:25,50.00,43.00,76.76,13.80,1900.00,M
GRI,2025-04-26 10:53,50.00,43.00,76.76,14.95,1900.00,M
GRI,2025-04-26 11:53,51.00,43.00,73.97,12.65,2100.00,M
GRI,2025-04-26 12:53,53.00,44.00,71.39,16.10,2100.00,M
GRI,2025-04-26 13:53,52.00,44.00,74.07,12.65,1900.00,M
GRI,2025-04-26 14:53,52.00,45.00,76.94,16.10,1800.00,M
GRI,2025-04-26 15:53,53.00,46.00,77.03,13.80,1800.00,M
GRI,2025-04-26 16:53,55.00,47.00,74.36,16.10,1700.00,M
GRI,2025-04-26 17:53,55.00,47.00,74.36,14.95,1800.00,M
GRI,2025-04-26 18:53,54.00,48.00,80.07,11.50,1700.00,M
GRI,2025-04-26 19:53,54.00,48.00,80.07,12.65,1700.00,M
GRI,2025-04-26 20:53,54.00,48.00,80.07,13.80,1600.00,M
GRI,2025-04-26 21:53,53.00,48.00,83.06,13.80,1600.00,M
GRI,2025-04-26 22:21,53.00,48.00,83.06,14.95,1400.00,M
GRI,2025-04-26 22:53,53.00,48.00,83.06,10.35,1200.00,M
GRI,2025-04-26 23:53,52.00,48.00,86.17,14.95,1100.00,M
GRI,2025-04-27 00:53,52.00,49.00,89.46,10.35,1000.00,M
GRI,2025-04-27 01:44,52.00,49.00,89.46,14.95,900.00,M
GRI,2025-04-27 01:53,52.00,49.00,89.46,11.50,900.00,M
GRI,2025-04-27 02:53,52.00,49.00,89.46,12.65,800.00,M
GRI,2025-04-27 03:53,51.00,50.00,96.36,11.50,500.00,M
GRI,2025-04-27 04:13,51.00,50.00,96.36,10.35,400.00,M
GRI,2025-04-27 04:53,51.00,51.00,100.00,10.35,300.00,M
GRI,2025-04-27 05:04,51.00,51.00,100.00,13.80,300.00,M
GRI,2025-04-27 05:13,51.00,51.00,100.00,11.50,200.00,M
GRI,2025-04-27 05:49,51.80,51.80,100.00,11.50,200.00,M
GRI,2025-04-27 05:53,52.00,51.00,96.37,12.65,200.00,M
GRI,2025-04-27 06:53,52.00,52.00,100.00,11.50,200.00,M
GRI,2025-04-27 07:10,53.00,52.00,96.39,11.50,200.00,M
GRI,2025-04-27 07:25,53.00,52.00,96.39,13.80,300.00,M
GRI,2025-04-27 07:39,53.00,52.00,96.39,13.80,300.00,M
GRI,2025-04-27 07:53,53.00,52.00,96.39,12.65,400.00,M
GRI,2025-04-27 08:12,54.00,53.00,96.40,13.80,300.00,M
GRI,2025-04-27 08:53,54.00,53.00,96.40,11.50,400.00,M
GRI,2025-04-27 09:53,55.00,54.00,96.42,16.10,300.00,M
GRI,2025-04-27 10:53,56.00,54.00,92.98,20.70,300.00,M
GRI,2025-04-27 11:40,58.00,55.00,89.72,18.40,500.00,M
GRI,2025-04-27 11:53,58.00,56.00,93.04,17.25,600.00,M
GRI,2025-04-27 12:53,60.00,57.00,89.80,18.40,600.00,32.20
GRI,2025-04-27 13:53,62.00,58.00,86.72,16.10,900.00,M
GRI,2025-04-27 14:53,67.00,60.00,78.22,16.10,900.00,M
GRI,2025-04-27 14:57,67.00,60.00,78.22,13.80,1900.00,M
GRI,2025-04-27 15:50,71.60,60.80,68.75,20.70,2300.00,31.05
GRI,2025-04-27 15:53,72.00,61.00,68.31,20.70,2300.00,31.05
GRI,2025-04-27 16:21,72.00,62.00,70.77,19.55,2800.00,31.05
GRI,2025-04-27 16:30,72.00,61.00,68.31,16.10,3100.00,31.05
GRI,2025-04-27 16:53,72.00,62.00,70.77,17.25,2500.00,31.05
GRI,2025-04-27 17:41,71.00,62.00,73.21,17.25,2800.00,31.05
GRI,2025-04-27 17:53,72.00,63.00,73.31,20.70,2800.00,31.05
GRI,2025-04-27 18:06,71.00,63.00,75.84,14.95,2800.00,M
GRI,2025-04-27 18:53,73.00,61.00,66.04,23.00,3000.00,35.65
GRI,2025-04-27 19:53,70.00,62.00,75.75,19.55,2000.00,37.95
GRI,2025-04-27 20:01,69.00,63.00,81.19,20.70,2100.00,35.65
GRI,2025-04-27 20:53,68.00,63.00,84.03,20.70,1500.00,37.95
GRI,2025-04-27 21:23,68.00,63.00,84.03,17.25,1300.00,34.50
GRI,2025-04-27 21:53,67.00,64.00,90.09,20.70,1100.00,34.50
GRI,2025-04-27 22:53,68.00,64.00,87.03,20.70,1200.00,34.50
GRI,2025-04-27 23:53,68.00,65.00,90.13,23.00,1000.00,35.65
GRI,2025-04-28 00:34,68.00,65.00,90.13,24.15,1100.00,34.50
GRI,2025-04-28 00:53,68.00,65.00,90.13,21.85,1900.00,34.50
GRI,2025-04-28 01:21,68.00,65.00,90.13,20.70,2200.00,40.25
GRI,2025-04-28 01:29,68.00,65.00,90.13,19.55,2200.00,40.25
GRI,2025-04-28 01:46,69.00,64.00,84.09,17.25,2100.00,40.25
GRI,2025-04-28 01:53,69.00,64.00,84.09,19.55,2400.00,40.25
GRI,2025-04-28 02:53,70.00,64.00,81.27,19.55,2400.00,33.35
GRI,2025-04-28 03:53,70.00,64.00,81.27,23.00,2300.00,37.95
GRI,2025-04-28 04:53,70.00,63.00,78.46,18.40,2400.00,35.65
GRI,2025-04-28 05:36,68.00,63.00,84.03,20.70,2200.00,34.50
GRI,2025-04-28 05:53,68.00,63.00,84.03,18.40,M,34.50
GRI,2025-04-28 06:53,69.00,64.00,84.09,16.10,2200.00,33.35
GRI,2025-04-28 07:10,69.00,64.00,84.09,18.40,2200.00,M
GRI,2025-04-28 07:50,69.80,64.40,82.98,17.25,1900.00,M
GRI,2025-04-28 07:53,70.00,64.00,81.27,17.25,1900.00,M
GRI,2025-04-28 08:35,70.00,64.00,81.27,20.70,1800.00,29.90
GRI,2025-04-28 08:53,71.00,64.00,78.54,19.55,1800.00,29.90
GRI,2025-04-28 09:53,75.00,63.00,66.27,27.60,3500.00,39.10
GRI,2025-04-28 10:53,78.00,60.00,53.94,20.70,M,40.25
GRI,2025-04-28 11:53,80.00,52.00,37.79,25.30,M,40.25
GRI,2025-04-28 12:53,82.00,52.00,35.41,21.85,M,39.10
GRI,2025-04-28 13:53,83.00,48.00,29.54,23.00,M,36.80
GRI,2025-04-28 14:53,85.00,43.00,22.91,25.30,M,37.95
GRI,2025-04-28 15:53,85.00,38.00,18.87,29.90,M,41.40
GRI,2025-04-28 16:53,84.00,36.00,18.01,28.75,M,44.85
GRI,2025-04-28 17:53,82.00,38.00,20.79,23.00,10000.00,41.40
GRI,2025-04-28 18:53,79.00,30.00,16.66,26.45,12000.00,37.95
GRI,2025-04-28 19:03,71.00,48.00,43.98,35.65,2600.00,47.15
GRI,2025-04-28 19:12,69.00,45.00,42.04,33.35,12000.00,47.15
GRI,2025-04-28 19:53,66.00,45.00,46.62,17.25,M,47.15
GRI,2025-04-28 20:53,62.00,48.00,60.07,23.00,M,39.10
GRI,2025-04-28 21:53,58.00,50.00,74.64,23.00,2000.00,33.35
GRI,2025-04-28 22:53,53.00,46.00,77.03,24.15,2000.00,40.25
GRI,2025-04-28 23:22,49.00,46.00,89.33,19.55,800.00,43.70
GRI,2025-04-28 23:29,48.00,46.00,92.74,20.70,800.00,43.70
GRI,2025-04-28 23:41,48.00,45.00,89.29,20.70,800.00,43.70
GRI,2025-04-28 23:53,48.00,45.00,89.29,23.00,1400.00,43.70
GRI,2025-04-29 00:13,48.00,44.00,85.95,20.70,1600.00,32.20
GRI,2025-04-29 00:26,48.00,43.00,82.72,18.40,1400.00,32.20
GRI,2025-04-29 00:38,48.00,43.00,82.72,19.55,1600.00,32.20
GRI,2025-04-29 00:53,48.00,42.00,79.60,17.25,1800.00,32.20
GRI,2025-04-29 01:53,47.00,40.00,76.49,23.00,1800.00,37.95
GRI,2025-04-29 02:53,46.00,39.00,76.40,25.30,1900.00,37.95
GRI,2025-04-29 03:35,45.00,39.00,79.36,16.10,2000.00,34.50
GRI,2025-04-29 03:53,45.00,39.00,79.36,13.80,M,34.50
GRI,2025-04-29 04:53,44.00,39.00,82.44,9.20,1900.00,M
GRI,2025-04-29 05:02,44.00,39.00,82.44,12.65,1900.00,M
GRI,2025-04-29 05:53,43.00,39.00,85.66,8.05,M,M
GRI,2025-04-29 06:53,41.00,37.00,85.54,8.05,M,M
GRI,2025-04-29 07:53,42.00,36.00,79.11,6.90,M,M
GRI,2025-04-29 08:53,46.00,36.00,67.90,9.20,M,M
GRI,2025-04-29 09:53,50.00,36.00,58.44,9.20,M,M
GRI,2025-04-29 10:53,54.00,35.00,48.46,9.20,M,M
GRI,2025-04-29 11:53,56.00,35.00,45.06,6.90,M,M
GRI,2025-04-29 12:53,58.00,35.00,41.92,8.05,M,M
GRI,2025-04-29 13:53,61.00,33.00,34.77,6.90,M,M
GRI,2025-04-29 14:53,64.00,32.00,30.05,4.60,M,M
GRI,2025-04-29 15:53,65.00,26.00,22.71,4.60,M,M
GRI,2025-04-29 16:53,66.00,28.00,23.82,5.75,M,M
GRI,2025-04-29 17:53,67.00,27.00,22.08,6.90,M,M
GRI,2025-04-29 18:53,66.00,26.00,21.93,4.60,M,M
GRI,2025-04-29 19:53,62.00,27.00,26.29,6.90,M,M
GRI,2025-04-29 20:53,57.00,26.00,30.16,8.05,M,M
GRI,2025-04-29 21:53,54.00,24.00,30.94,8.05,M,M
GRI,2025-04-29 22:53,53.00,24.00,32.10,8.05,M,M
GRI,2025-04-29 23:53,48.00,26.00,42.00,6.90,M,M
GRI,2025-04-30 00:53,47.00,25.00,41.83,6.90,M,M
GRI,2025-04-30 01:53,47.00,25.00,41.83,4.60,M,M
GRI,2025-04-30 02:53,50.00,28.00,42.33,6.90,12000.00,M
GRI,2025-04-30 03:53,48.00,32.00,53.67,5.75,12000.00,M
GRI,2025-04-30 04:53,47.00,33.00,58.01,3.45,11000.00,M
GRI,2025-04-30 05:53,46.00,34.00,62.71,5.75,11000.00,M
GRI,2025-04-30 06:53,48.00,38.00,68.13,4.60,M,M
GRI,2025-04-30 07:53,51.00,43.00,73.97,3.45,M,M
GRI,2025-04-30 08:53,57.00,48.00,71.81,13.80,M,M
GRI,2025-04-30 09:53,58.00,50.00,74.64,12.65,9500.00,M
GRI,2025-04-30 10:53,61.00,52.00,72.22,8.05,6500.00,M
GRI,2025-04-30 11:32,60.00,52.00,74.83,9.20,1700.00,M
GRI,2025-04-30 11:53,59.00,52.00,77.55,11.50,1700.00,M
GRI,2025-04-30 12:07,58.00,52.00,80.38,11.50,1400.00,M
GRI,2025-04-30 12:53,58.00,53.00,83.39,10.35,1100.00,M
GRI,2025-04-30 13:38,61.00,53.00,74.93,11.50,1500.00,M
GRI,2025-04-30 13:53,60.00,53.00,77.64,8.05,1600.00,M
GRI,2025-04-30 14:53,60.00,54.00,80.53,12.65,1400.00,M
GRI,2025-04-30 15:14,60.00,53.00,77.64,8.05,1400.00,M
GRI,2025-04-30 15:45,60.00,54.00,80.53,11.50,1700.00,M
GRI,2025-04-30 15:53,61.00,54.00,77.72,8.05,1700.00,M
GRI,2025-04-30 16:53,62.00,53.00,72.32,12.65,2200.00,M
GRI,2025-04-30 17:53,64.00,53.00,67.41,11.50,10000.00,M
GRI,2025-04-30 18:53,62.00,52.00,69.71,8.05,2900.00,M
GRI,2025-04-30 19:53,61.00,54.00,77.72,10.35,M,M
GRI,2025-04-30 20:53,56.00,54.00,92.98,4.60,M,M
GRI,2025-04-30 21:53,53.00,52.00,96.39,0.00,M,M
GRI,2025-04-30 22:26,53.00,52.00,96.39,3.45,1100.00,M
GRI,2025-04-30 22:53,56.00,54.00,92.98,6.90,1100.00,M
GRI,2025-04-30 23:45,56.00,55.00,96.43,0.00,1500.00,M
GRI,2025-04-30 23:53,56.00,55.00,96.43,0.00,1500.00,M
GRI,2025-05-01 00:16,57.00,54.00,89.68,13.80,800.00,M
GRI,2025-05-01 00:40,55.00,51.00,86.34,13.80,1200.00,M
GRI,2025-05-01 00:53,54.00,51.00,89.55,9.20,3500.00,M
GRI,2025-05-01 01:53,53.00,51.00,92.89,8.05,9000.00,M
GRI,2025-05-01 02:53,51.00,50.00,96.36,8.05,12000.00,M
GRI,2025-05-01 03:53,53.00,50.00,89.51,12.65,11000.00,M
GRI,2025-05-01 04:53,52.00,47.00,82.99,14.95,M,M
GRI,2025-05-01 05:53,51.00,47.00,86.12,11.50,M,M
GRI,2025-05-01 06:53,51.00,46.00,82.93,12.65,3800.00,M
GRI,2025-05-01 07:53,52.00,47.00,82.99,13.80,M,M
GRI,2025-05-01 08:53,55.00,47.00,74.36,18.40,M,29.90
GRI,2025-05-01 09:39,58.00,48.00,69.27,19.55,2400.00,34.50
GRI,2025-05-01 09:53,58.00,47.00,66.71,24.15,2200.00,34.50
GRI,2025-05-01 10:19,58.00,45.00,61.85,24.15,3000.00,34.50
GRI,2025-05-01 10:53,58.00,44.00,59.54,21.85,3200.00,34.50
GRI,2025-05-01 11:53,65.00,45.00,48.28,19.55,4100.00,35.65
GRI,2025-05-01 12:53,66.00,41.00,39.99,19.55,4900.00,33.35
GRI,2025-05-01 13:53,69.00,38.00,32.08,21.85,6000.00,36.80
GRI,2025-05-01 14:53,67.00,39.00,35.74,16.10,7000.00,29.90
GRI,2025-05-01 15:53,69.00,38.00,32.08,9.20,6500.00,M
GRI,2025-05-01 16:53,68.00,37.00,31.92,16.10,7000.00,M
GRI,2025-05-01 17:53,70.00,35.00,27.54,12.65,7500.00,M
GRI,2025-05-01 18:53,68.00,35.00,29.49,9.20,M,M
GRI,2025-05-01 19:53,64.00,36.00,35.26,8.05,M,M
GRI,2025-05-01 20:53,59.00,38.00,45.53,5.75,12000.00,M
GRI,2025-05-01 21:53,56.00,43.00,61.59,16.10,10000.00,34.50
GRI,2025-05-01 22:53,54.00,43.00,66.24,12.65,9000.00,M
GRI,2025-05-01 23:53,53.00,44.00,71.39,5.75,8000.00,M
GRI,2025-05-02 00:53,52.00,47.00,82.99,8.05,6000.00,M
GRI,2025-05-02 01:53,51.00,47.00,86.12,6.90,6500.00,M
GRI,2025-05-02 02:53,49.00,45.00,86.00,8.05,5500.00,M
GRI,2025-05-02 03:53,47.00,43.00,85.89,10.35,M,M
GRI,2025-05-02 04:53,45.00,43.00,92.65,9.20,7500.00,M
GRI,2025-05-02 05:53,45.00,43.00,92.65,8.05,4100.00,M
GRI,2025-05-02 06:53,46.00,44.00,92.68,9.20,3900.00,M
GRI,2025-05-02 07:53,48.00,43.00,82.72,13.80,3900.00,M
GRI,2025-05-02 08:10,48.00,42.00,79.60,17.25,2400.00,M
GRI,2025-05-02 08:53,47.00,44.00,89.24,13.80,2000.00,M
GRI,2025-05-02 09:07,46.00,44.00,92.68,14.95,800.00,M
GRI,2025-05-02 09:16,46.00,44.00,92.68,17.25,800.00,M
GRI,2025-05-02 09:23,46.00,44.00,92.68,11.50,800.00,M
GRI,2025-05-02 09:30,46.00,45.00,96.28,11.50,800.00,M
GRI,2025-05-02 09:49,46.40,44.60,93.40,16.10,800.00,M
GRI,2025-05-02 09:53,46.00,44.00,92.68,13.80,800.00,M
GRI,2025-05-02 10:04,47.00,44.00,89.24,12.65,800.00,M
GRI,2025-05-02 10:18,47.00,44.00,89.24,12.65,800.00,M
GRI,2025-05-02 10:48,46.40,42.80,87.19,14.95,1500.00,M
GRI,2025-05-02 10:53,47.00,43.00,85.89,14.95,1500.00,M
GRI,2025-05-02 11:04,47.00,43.00,85.89,14.95,1400.00,M
GRI,2025-05-02 11:39,48.00,43.00,82.72,11.50,1500.00,M
GRI,2025-05-02 11:53,48.00,43.00,82.72,17.25,1500.00,M
GRI,2025-05-02 12:46,47.00,43.00,85.89,16.10,1700.00,M
GRI,2025-05-02 12:53,48.00,43.00,82.72,13.80,1700.00,M
GRI,2025-05-02 13:53,52.00,44.00,74.07,6.90,8500.00,M
GRI,2025-05-02 14:53,56.00,43.00,61.59,5.75,7500.00,M
GRI,2025-05-02 15:07,57.00,42.00,57.16,4.60,10000.00,M
GRI,2025-05-02 15:17,53.00,43.00,68.71,16.10,2200.00,M
GRI,2025-05-02 15:28,51.00,42.00,71.18,5.75,3100.00,M
GRI,2025-05-02 15:44,54.00,44.00,68.82,3.45,3500.00,M
GRI,2025-05-02 15:53,54.00,44.00,68.82,0.00,9500.00,M
GRI,2025-05-02 16:53,59.00,44.00,57.44,4.60,5500.00,M
GRI,2025-05-02 17:53,63.00,39.00,41.09,13.80,6000.00,M
GRI,2025-05-02 18:53,60.00,32.00,34.61,17.25,M,M
GRI,2025-05-02 19:53,56.00,37.00,48.77,9.20,M,M
GRI,2025-05-02 20:53,49.00,39.00,68.25,6.90,M,M
GRI,2025-05-02 21:53,46.00,37.00,70.64,5.75,M,M
GRI,2025-05-02 22:53,44.00,37.00,76.22,5.75,M,M
GRI,2025-05-02 23:53,42.00,36.00,79.11,5.75,M,M
GRI,2025-05-03 00:53,41.00,36.00,82.22,4.60,M,M
GRI,2025-05-03 01:53,41.00,36.00,82.22,5.75,M,M
GRI,2025-05-03 02:53,40.00,35.00,82.15,5.75,M,M
GRI,2025-05-03 03:53,38.00,35.00,88.83,5.75,M,M
GRI,2025-05-03 04:53,37.00,34.00,88.78,6.90,M,M
GRI,2025-05-03 05:53,37.00,34.00,88.78,4.60,M,M
GRI,2025-05-03 06:53,37.00,34.00,88.78,4.60,M,M
GRI,2025-05-03 07:53,42.00,38.00,85.60,4.60,6000.00,M
GRI,2025-05-03 08:53,49.00,42.00,76.67,5.75,6500.00,M
GRI,2025-05-03 09:53,56.00,40.00,54.85,5.75,M,M
GRI,2025-05-03 10:53,60.00,38.00,43.94,6.90,M,M
GRI,2025-05-03 11:53,63.00,36.00,36.52,9.20,M,M
GRI,2025-05-03 12:53,64.00,36.00,35.26,0.00,M,M
GRI,2025-05-03 13:53,67.00,35.00,30.53,5.75,M,M
GRI,2025-05-03 14:53,68.00,35.00,29.49,5.75,M,M
GRI,2025-05-03 15:53,69.00,34.00,27.38,4.60,M,M
GRI,2025-05-03 16:53,70.00,33.00,25.42,0.00,M,M
GRI,2025-05-03 17:53,70.00,31.00,23.45,0.00,M,M
GRI,2025-05-03 18:53,69.00,33.00,26.31,5.75,M,M
GRI,2025-05-03 19:53,64.00,38.00,38.15,8.05,M,M
GRI,2025-05-03 20:53,58.00,37.00,45.38,5.75,M,M
GRI,2025-05-03 21:53,56.00,36.00,46.88,5.75,M,M
GRI,2025-05-03 22:53,54.00,38.00,54.56,9.20,M,M
GRI,2025-05-03 23:53,53.00,38.00,56.59,8.05,M,M
GRI,2025-05-04 00:53,50.00,39.00,65.75,5.75,M,M
GRI,2025-05-04 01:53,46.00,38.00,73.47,6.90,M,M
GRI,2025-05-04 02:53,44.00,39.00,82.44,6.90,M,M
GRI,2025-05-04 03:53,43.00,38.00,82.37,6.90,M,M
GRI,2025-05-04 04:53,45.00,38.00,76.31,8.05,M,M
GRI,2025-05-04 05:53,45.00,38.00,76.31,4.60,M,M
GRI,2025-05-04 06:53,45.00,38.00,76.31,4.60,M,M
GRI,2025-05-04 07:53,50.00,41.00,71.07,4.60,M,M
GRI,2025-05-04 08:53,57.00,41.00,54.99,5.75,M,M
GRI,2025-05-04 09:53,62.00,40.00,44.25,8.05,M,M
GRI,2025-05-04 10:53,67.00,40.00,37.16,4.60,M,M
GRI,2025-05-04 11:53,69.00,39.00,33.36,11.50,M,M
GRI,2025-05-04 12:53,71.00,37.00,28.81,11.50,M,M
GRI,2025-05-04 13:53,73.00,35.00,24.87,11.50,M,M
GRI,2025-05-04 14:53,74.00,36.00,25.02,16.10,M,M
GRI,2025-05-04 15:53,75.00,36.00,24.20,17.25,M,M
GRI,2025-05-04 16:53,75.00,36.00,24.20,10.35,M,M
GRI,2025-05-04 17:53,75.00,36.00,24.20,8.05,M,M
GRI,2025-05-04 18:53,72.00,35.00,25.73,12.65,M,M
GRI,2025-05-04 19:53,69.00,37.00,30.84,8.05,M,M
GRI,2025-05-04 20:53,61.00,37.00,40.77,6.90,M,M
GRI,2025-05-04 21:53,58.00,37.00,45.38,5.75,M,M
GRI,2025-05-04 22:53,55.00,37.00,50.58,5.75,M,M
GRI,2025-05-04 23:53,55.00,38.00,52.60,6.90,M,M
GRI,2025-05-05 00:53,54.00,38.00,54.56,6.90,M,M
GRI,2025-05-05 01:53,52.00,38.00,58.71,8.05,M,M
GRI,2025-05-05 02:53,48.00,39.00,70.85,6.90,M,M
GRI,2025-05-05 03:53,48.00,38.00,68.13,5.75,M,M
GRI,2025-05-05 04:53,46.00,38.00,73.47,5.75,M,M
GRI,2025-05-05 05:53,46.00,38.00,73.47,5.75,M,M
GRI,2025-05-05 06:53,46.00,38.00,73.47,3.45,M,M
GRI,2025-05-05 07:53,53.00,42.00,66.12,0.00,M,M
GRI,2025-05-05 08:53,64.00,45.00,49.99,6.90,M,M
GRI,2025-05-05 09:53,67.00,42.00,40.15,8.05,M,M
GRI,2025-05-05 10:53,71.00,39.00,31.16,10.35,M,M
GRI,2025-05-05 11:53,72.00,38.00,28.96,9.20,M,M
GRI,2025-05-05 12:53,74.00,36.00,25.02,8.05,M,M
GRI,2025-05-05 13:53,75.00,35.00,23.26,5.75,M,M
GRI,2025-05-05 14:53,78.00,35.00,21.05,6.90,M,M
GRI,2025-05-05 15:53,77.00,34.00,20.91,5.75,M,M
GRI,2025-05-05 16:53,78.00,34.00,20.23,8.05,M,M
GRI,2025-05-05 17:53,78.00,35.00,21.05,11.50,M,M
GRI,2025-05-05 18:53,76.00,35.00,22.49,6.90,M,M
GRI,2025-05-05 19:53,71.00,36.00,27.69,6.90,M,M
GRI,2025-05-05 20:53,66.00,35.00,31.60,8.05,M,M
GRI,2025-05-05 21:53,62.00,38.00,40.93,5.75,M,M
GRI,2025-05-05 22:53,57.00,39.00,50.88,4.60,M,M
GRI,2025-05-05 23:53,57.00,40.00,52.90,5.75,M,M
GRI,2025-05-06 00:53,52.00,40.00,63.48,5.75,M,M
GRI,2025-05-06 01:53,54.00,39.00,56.74,0.00,M,M
GRI,2025-05-06 02:53,48.00,39.00,70.85,0.00,M,M
GRI,2025-05-06 03:53,46.00,40.00,79.44,0.00,M,M
GRI,2025-05-06 04:53,46.00,39.00,76.40,0.00,M,M
GRI,2025-05-06 05:53,46.00,39.00,76.40,0.00,M,M
GRI,2025-05-06 06:53,46.00,39.00,76.40,0.00,M,M
GRI,2025-05-06 07:53,51.00,43.00,73.97,0.00,M,M
GRI,2025-05-06 08:53,62.00,42.00,47.82,5.75,M,M
GRI,2025-05-06 09:53,68.00,41.00,37.32,6.90,M,M
GRI,2025-05-06 10:53,73.00,40.00,30.28,6.90,M,M
GRI,2025-05-06 11:53,76.00,40.00,27.38,4.60,M,M
GRI,2025-05-06 12:53,75.00,38.00,26.18,5.75,M,M
GRI,2025-05-06 13:53,76.00,39.00,26.34,8.05,M,M
GRI,2025-05-06 14:53,77.00,38.00,24.50,8.05,M,M
GRI,2025-05-06 15:53,78.00,40.00,25.62,10.35,8500.00,M
GRI,2025-05-06 16:53,77.00,39.00,25.47,16.10,M,M
GRI,2025-05-06 17:53,76.00,38.00,25.32,12.65,M,M
GRI,2025-05-06 18:53,73.00,37.00,26.92,10.35,M,M
GRI,2025-05-06 19:53,70.00,38.00,31.00,8.05,M,M
GRI,2025-05-06 20:53,66.00,39.00,37.00,6.90,M,M
GRI,2025-05-06 21:53,63.00,40.00,42.72,4.60,M,M
GRI,2025-05-06 22:53,62.00,41.00,46.00,5.75,M,M
GRI,2025-05-06 23:53,62.00,41.00,46.00,8.05,M,M
GRI,2025-05-07 00:53,59.00,43.00,55.28,5.75,M,M
GRI,2025-05-07 01:53,57.00,43.00,59.40,4.60,M,M
GRI,2025-05-07 02:53,55.00,42.00,61.46,0.00,M,M
GRI,2025-05-07 03:53,52.00,43.00,71.28,4.60,M,M
GRI,2025-05-07 04:53,52.00,43.00,71.28,5.75,M,M
GRI,2025-05-07 05:53,49.00,42.00,76.67,6.90,M,M
GRI,2025-05-07 06:53,46.00,42.00,85.83,6.90,M,M
GRI,2025-05-07 07:53,53.00,45.00,74.16,5.75,M,M
GRI,2025-05-07 08:53,60.00,46.00,59.80,5.75,M,M
GRI,2025-05-07 09:53,63.00,47.00,55.85,8.05,7000.00,M
GRI,2025-05-07 10:53,67.00,46.00,46.78,9.20,M,M
GRI,2025-05-07 11:53,71.00,44.00,37.80,16.10,M,M
GRI,2025-05-07 12:53,71.00,43.00,36.38,14.95,M,32.20
GRI,2025-05-07 13:53,73.00,44.00,35.32,17.25,6500.00,M
GRI,2025-05-07 14:53,75.00,43.00,31.79,19.55,6500.00,34.50
GRI,2025-05-07 15:53,76.00,41.00,28.47,18.40,M,33.35
GRI,2025-05-07 16:53,76.00,40.00,27.38,19.55,8000.00,31.05
GRI,2025-05-07 17:53,75.00,37.00,25.17,17.25,M,31.05
GRI,2025-05-07 18:53,73.00,33.00,22.96,16.10,M,33.35
GRI,2025-05-07 19:53,71.00,34.00,25.58,12.65,M,M
GRI,2025-05-07 20:53,64.00,37.00,36.68,6.90,M,M
GRI,2025-05-07 21:53,58.00,38.00,47.20,4.60,M,M
GRI,2025-05-07 22:53,54.00,39.00,56.74,4.60,M,M
GRI,2025-05-07 23:53,51.00,41.00,68.48,0.00,M,M
GRI,2025-05-08 00:53,51.00,40.00,65.87,4.60,M,M
GRI,2025-05-08 01:53,49.00,41.00,73.77,5.75,M,M
GRI,2025-05-08 02:53,47.00,41.00,79.52,5.75,M,M
GRI,2025-05-08 03:53,49.00,42.00,76.67,4.60,M,M
GRI,2025-05-08 04:53,48.00,41.00,76.58,3.45,M,M
GRI,2025-05-08 05:53,45.00,42.00,89.15,6.90,M,M
GRI,2025-05-08 06:53,48.00,43.00,82.72,5.75,11000.00,M
GRI,2025-05-08 07:53,56.00,45.00,66.48,3.45,M,M
GRI,2025-05-08 08:53,63.00,46.00,53.78,8.05,M,M
GRI,2025-05-08 09:53,67.00,47.00,48.58,6.90,M,M
GRI,2025-05-08 10:53,71.00,46.00,40.78,3.45,M,M
GRI,2025-05-08 11:53,72.00,45.00,37.96,6.90,M,M
GRI,2025-05-08 12:53,76.00,45.00,33.19,10.35,M,M
GRI,2025-05-08 13:53,77.00,44.00,30.90,5.75,7000.00,M
GRI,2025-05-08 14:53,77.00,42.00,28.62,4.60,11000.00,M
GRI,2025-05-08 15:53,77.00,47.00,34.63,5.75,M,33.35
GRI,2025-05-08 16:53,79.00,43.00,27.84,5.75,10000.00,M
GRI,2025-05-08 17:53,79.00,42.00,26.79,10.35,M,M
GRI,2025-05-08 18:53,76.00,43.00,30.75,6.90,8000.00,M
GRI,2025-05-08 19:53,75.00,50.00,41.41,0.00,M,M
GRI,2025-05-08 20:53,69.00,44.00,40.47,0.00,M,M
GRI,2025-05-08 21:53,60.00,46.00,59.80,0.00,M,M
GRI,2025-05-08 22:53,62.00,44.00,51.63,4.60,M,M
GRI,2025-05-08 23:53,58.00,47.00,66.71,0.00,M,M
GRI,2025-05-09 00:53,55.00,46.00,71.60,0.00,M,M
GRI,2025-05-09 01:53,52.00,46.00,79.92,4.60,M,M
GRI,2025-05-09 02:53,52.00,46.00,79.92,4.60,M,M
GRI,2025-05-09 03:53,54.00,45.00,71.50,5.75,M,M
GRI,2025-05-09 04:53,54.00,45.00,71.50,3.45,M,M
GRI,2025-05-09 05:53,50.00,44.00,79.76,0.00,M,M
GRI,2025-05-09 06:53,46.00,43.00,89.20,0.00,M,M
GRI,2025-05-09 07:53,56.00,47.00,71.70,0.00,M,M
GRI,2025-05-09 08:53,61.00,46.00,57.72,3.45,M,M
GRI,2025-05-09 09:53,70.00,48.00,45.50,6.90,M,M
GRI,2025-05-09 10:53,76.00,45.00,33.19,9.20,M,M
GRI,2025-05-09 11:53,80.00,44.00,27.99,10.35,M,M
GRI,2025-05-09 12:53,83.00,41.00,22.62,14.95,M,M
GRI,2025-05-09 13:53,83.00,40.00,21.76,8.05,M,M
GRI,2025-05-09 14:53,85.00,38.00,18.87,9.20,M,M
GRI,2025-05-09 15:53,84.00,37.00,18.74,4.60,M,M
GRI,2025-05-09 16:53,84.00,38.00,19.49,6.90,10000.00,M
GRI,2025-05-09 17:53,85.00,38.00,18.87,6.90,10000.00,M
GRI,2025-05-09 18:53,84.00,37.00,18.74,8.05,M,M
GRI,2025-05-09 19:53,80.00,39.00,23.08,4.60,M,M
GRI,2025-05-09 20:53,74.00,40.00,29.28,0.00,M,M
GRI,2025-05-09 21:53,67.00,41.00,38.63,0.00,M,M
GRI,2025-05-09 22:53,63.00,44.00,49.84,6.90,M,M
GRI,2025-05-09 23:53,66.00,42.00,41.57,9.20,M,M
GRI,2025-05-10 00:53,65.00,43.00,44.73,11.50,M,M
GRI,2025-05-10 01:53,66.00,44.00,44.88,12.65,M,M
GRI,2025-05-10 02:53,66.00,45.00,46.62,11.50,M,M
GRI,2025-05-10 03:53,62.00,48.00,60.07,9.20,M,M
GRI,2025-05-10 04:53,57.00,48.00,71.81,8.05,M,M
GRI,2025-05-10 05:53,56.00,48.00,74.45,6.90,M,M
GRI,2025-05-10 06:53,55.00,47.00,74.36,4.60,M,M
GRI,2025-05-10 07:53,62.00,49.00,62.36,9.20,M,M
GRI,2025-05-10 08:53,70.00,47.00,43.82,8.05,M,M
GRI,2025-05-10 09:53,77.00,46.00,33.34,4.60,M,M
GRI,2025-05-10 10:53,83.00,42.00,23.51,0.00,M,M
GRI,2025-05-10 11:53,84.00,38.00,19.49,5.75,M,M
GRI,2025-05-10 12:53,86.00,37.00,17.57,3.45,M,M
GRI,2025-05-10 13:53,87.00,36.00,16.36,8.05,12000.00,M
GRI,2025-05-10 14:53,87.00,37.00,17.02,9.20,11000.00,M
GRI,2025-05-10 15:53,85.00,38.00,18.87,9.20,M,M
GRI,2025-05-10 16:53,88.00,36.00,15.85,5.75,M,M
GRI,2025-05-10 17:53,86.00,38.00,18.28,5.75,M,M
GRI,2025-05-10 18:53,85.00,40.00,20.40,5.75,M,M
GRI,2025-05-10 19:53,81.00,43.00,26.08,5.75,M,M
GRI,2025-05-10 20:53,74.00,43.00,32.87,6.90,M,M
GRI,2025-05-10 21:53,73.00,43.00,34.00,9.20,M,M
GRI,2025-05-10 22:53,69.00,45.00,42.04,9.20,M,M
GRI,2025-05-10 23:53,68.00,45.00,43.51,10.35,M,M
GRI,2025-05-11 00:53,67.00,45.00,45.04,11.50,M,M
GRI,2025-05-11 01:53,67.00,45.00,45.04,10.35,M,M
GRI,2025-05-11 02:53,65.00,45.00,48.28,11.50,M,M
GRI,2025-05-11 03:53,66.00,43.00,43.20,13.80,M,M
GRI,2025-05-11 04:53,63.00,43.00,47.97,11.50,M,M
GRI,2025-05-11 05:53,62.00,44.00,51.63,12.65,M,M
GRI,2025-05-11 06:53,62.00,44.00,51.63,9.20,M,M
GRI,2025-05-11 07:53,64.00,45.00,49.99,9.20,M,M
GRI,2025-05-11 08:53,71.00,44.00,37.80,10.35,M,M
GRI,2025-05-11 09:53,78.00,43.00,28.77,14.95,M,M
GRI,2025-05-11 10:53,82.00,40.00,22.48,20.70,M,M
GRI,2025-05-11 11:53,83.00,37.00,19.35,14.95,M,M
GRI,2025-05-11 12:53,84.00,35.00,17.31,12.65,M,29.90
GRI,2025-05-11 13:53,86.00,35.00,16.23,20.70,M,29.90
GRI,2025-05-11 14:53,87.00,34.00,15.11,20.70,M,32.20
GRI,2025-05-11 15:53,86.00,33.00,14.99,18.40,M,34.50
GRI,2025-05-11 16:53,86.00,33.00,14.99,19.55,M,32.20
GRI,2025-05-11 17:53,85.00,34.00,16.11,20.70,M,32.20
GRI,2025-05-11 18:53,83.00,36.00,18.60,16.10,M,M
GRI,2025-05-11 19:53,80.00,37.00,21.34,12.65,M,M
GRI,2025-05-11 20:53,74.00,39.00,28.16,9.20,M,M
GRI,2025-05-11 21:53,69.00,39.00,33.36,8.05,M,M
GRI,2025-05-11 22:53,65.00,40.00,39.83,9.20,M,M
GRI,2025-05-11 23:53,64.00,41.00,42.88,8.05,M,M
GRI,2025-05-12 00:53,60.00,42.00,51.33,9.20,M,M
GRI,2025-05-12 01:53,60.00,42.00,51.33,9.20,M,M
GRI,2025-05-12 02:53,58.00,42.00,55.14,8.05,M,M
GRI,2025-05-12 03:53,54.00,43.00,66.24,6.90,M,M
GRI,2025-05-12 04:53,52.00,43.00,71.28,8.05,M,M
GRI,2025-05-12 05:53,52.00,44.00,74.07,6.90,M,M
GRI,2025-05-12 06:53,53.00,44.00,71.39,6.90,M,M
GRI,2025-05-12 07:53,60.00,45.00,57.58,8.05,M,M
GRI,2025-05-12 08:53,67.00,45.00,45.04,10.35,M,M
GRI,2025-05-12 09:53,74.00,44.00,34.15,14.95,M,M
GRI,2025-05-12 10:53,78.00,43.00,28.77,13.80,M,M
GRI,2025-05-12 11:53,81.00,41.00,24.14,14.95,M,M
GRI,2025-05-12 12:53,84.00,40.00,21.07,19.55,M,M
GRI,2025-05-12 13:53,84.00,40.00,21.07,14.95,M,M
GRI,2025-05-12 14:53,85.00,38.00,18.87,16.10,M,31.05
GRI,2025-05-12 15:53,86.00,38.00,18.28,16.10,M,29.90
GRI,2025-05-12 16:53,85.00,38.00,18.87,16.10,M,M
GRI,2025-05-12 17:53,85.00,37.00,18.14,14.95,M,M
GRI,2025-05-12 18:53,83.00,41.00,22.62,13.80,M,M
GRI,2025-05-12 19:53,80.00,41.00,24.94,12.65,M,M
GRI,2025-05-12 20:53,73.00,42.00,32.71,8.05,M,M
GRI,2025-05-12 21:53,66.00,43.00,43.20,6.90,M,M
GRI,2025-05-12 22:53,68.00,44.00,41.88,9.20,M,M
GRI,2025-05-12 23:53,66.00,44.00,44.88,10.35,M,M
GRI,2025-05-13 00:53,67.00,45.00,45.04,14.95,M,M
GRI,2025-05-13 01:53,62.00,45.00,53.63,11.50,M,M
GRI,2025-05-13 02:53,59.00,45.00,59.67,10.35,M,M
GRI,2025-05-13 03:53,57.00,45.00,64.12,9.20,M,M
GRI,2025-05-13 04:53,56.00,46.00,69.05,8.05,M,M
GRI,2025-05-13 05:53,52.00,45.00,76.94,6.90,M,M
GRI,2025-05-13 06:53,54.00,46.00,74.26,5.75,M,M
GRI,2025-05-13 07:53,62.00,48.00,60.07,10.35,M,M
GRI,2025-05-13 08:53,70.00,50.00,49.06,13.80,M,M
GRI,2025-05-13 09:53,76.00,49.00,38.63,19.55,M,M
GRI,2025-05-13 10:53,79.00,49.00,34.99,14.95,M,M
GRI,2025-05-13 11:53,82.00,49.00,31.73,20.70,M,34.50
GRI,2025-05-13 12:53,84.00,47.00,27.60,20.70,M,29.90
GRI,2025-05-13 13:53,85.00,47.00,26.73,18.40,M,29.90
GRI,2025-05-13 14:53,87.00,47.00,25.08,18.40,M,29.90
GRI,2025-05-13 15:53,88.00,44.00,21.68,14.95,M,31.05
GRI,2025-05-13 16:53,88.00,45.00,22.53,18.40,M,31.05
GRI,2025-05-13 17:53,87.00,46.00,24.15,14.95,M,29.90
GRI,2025-05-13 18:53,85.00,47.00,26.73,18.40,M,M
GRI,2025-05-13 19:53,81.00,47.00,30.41,12.65,M,29.90
GRI,2025-05-13 20:53,76.00,50.00,40.10,10.35,M,M
GRI,2025-05-13 21:53,72.00,50.00,45.84,8.05,M,M
GRI,2025-05-13 22:53,71.00,51.00,49.22,8.05,M,M
GRI,2025-05-13 23:53,70.00,52.00,52.83,10.35,M,M
GRI,2025-05-14 00:53,68.00,53.00,58.70,10.35,M,M
GRI,2025-05-14 01:53,66.00,53.00,62.89,9.20,M,M
GRI,2025-05-14 02:53,64.00,53.00,67.43,9.20,M,M
GRI,2025-05-14 03:53,63.00,53.00,69.83,9.20,M,M
GRI,2025-05-14 04:53,63.00,54.00,72.44,11.50,M,M
GRI,2025-05-14 05:53,62.00,54.00,75.03,11.50,M,M
GRI,2025-05-14 06:53,62.00,55.00,77.82,10.35,M,M
GRI,2025-05-14 07:53,66.00,57.00,72.74,12.65,M,M
GRI,2025-05-14 08:53,71.00,59.00,65.84,14.95,M,M
GRI,2025-05-14 09:53,76.00,60.00,57.69,11.50,4600.00,M
GRI,2025-05-14 10:53,81.00,61.00,50.72,14.95,M,M
GRI,2025-05-14 11:53,82.00,60.00,47.39,19.55,4700.00,31.05
GRI,2025-05-14 12:53,83.00,59.00,44.27,14.95,4900.00,31.05
GRI,2025-05-14 13:53,86.00,59.00,40.22,19.55,5000.00,34.50
GRI,2025-05-14 14:53,90.00,59.00,35.45,14.95,6000.00,29.90
GRI,2025-05-14 15:53,90.00,58.00,34.20,17.25,6500.00,33.35
GRI,2025-05-14 16:53,88.00,60.00,39.12,16.10,7000.00,31.05
GRI,2025-05-14 17:53,88.00,59.00,37.75,16.10,7000.00,32.20
GRI,2025-05-14 18:53,86.00,61.00,43.19,19.55,7500.00,34.50
GRI,2025-05-14 19:53,83.00,63.00,51.02,20.70,7500.00,35.65
GRI,2025-05-14 20:53,81.00,64.00,56.37,19.55,6000.00,34.50
GRI,2025-05-14 21:53,79.00,65.00,62.31,17.25,M,29.90
GRI,2025-05-14 22:53,77.00,65.00,66.55,18.40,M,M
GRI,2025-05-14 23:53,75.00,65.00,71.12,18.40,M,M
GRI,2025-05-15 00:14,74.00,58.00,57.42,16.10,3100.00,32.20
GRI,2025-05-15 00:22,71.00,55.00,57.00,12.65,3300.00,32.20
GRI,2025-05-15 00:53,69.00,55.00,61.02,12.65,3900.00,32.20
GRI,2025-05-15 01:53,63.00,55.00,75.13,13.80,7000.00,M
GRI,2025-05-15 02:53,60.00,54.00,80.54,13.80,M,M
GRI,2025-05-15 03:53,58.00,53.00,83.40,13.80,M,M
GRI,2025-05-15 04:53,57.00,49.00,74.55,24.15,M,39.10
GRI,2025-05-15 05:53,58.00,47.00,66.72,28.75,M,40.25
GRI,2025-05-15 06:53,56.00,46.00,69.05,19.55,M,41.40
GRI,2025-05-15 07:53,59.00,46.00,61.99,28.75,M,41.40
GRI,2025-05-15 08:53,64.00,46.00,51.94,32.20,M,47.15
GRI,2025-05-15 09:53,68.00,46.00,45.22,27.60,4600.00,47.15
GRI,2025-05-15 10:53,69.00,45.00,42.06,27.60,4900.00,48.30
GRI,2025-05-15 11:53,69.00,45.00,42.06,26.45,4900.00,47.15
GRI,2025-05-15 12:53,72.00,43.00,35.19,26.45,5000.00,44.85
GRI,2025-05-15 13:53,72.00,42.00,33.86,19.55,6000.00,37.95
GRI,2025-05-15 14:53,71.00,41.00,33.70,14.95,6500.00,34.50
GRI,2025-05-15 15:53,77.00,40.00,26.52,24.15,M,33.35
GRI,2025-05-15 16:53,74.00,39.00,28.18,25.30,M,39.10
GRI,2025-05-15 17:53,76.00,38.00,25.35,19.55,M,34.50
GRI,2025-05-15 18:53,75.00,37.00,25.20,26.45,M,34.50
GRI,2025-05-15 19:53,74.00,34.00,23.13,19.55,M,29.90
GRI,2025-05-15 20:53,67.00,36.00,31.77,8.05,M,M
GRI,2025-05-15 21:53,64.00,37.00,36.68,10.35,M,M
GRI,2025-05-15 22:53,63.00,37.00,37.99,10.35,M,M
GRI,2025-05-15 23:53,63.00,36.00,36.52,13.80,M,M
GRI,2025-05-16 00:53,63.00,36.00,36.52,12.65,M,M
GRI,2025-05-16 01:53,62.00,37.00,39.35,14.95,11000.00,M
GRI,2025-05-16 02:53,61.00,38.00,42.41,14.95,M,M
GRI,2025-05-16 03:53,59.00,38.00,45.53,18.40,M,32.20
GRI,2025-05-16 04:53,58.00,38.00,47.19,20.70,M,31.05
GRI,2025-05-16 05:53,57.00,37.00,47.04,20.70,M,32.20
GRI,2025-05-16 06:53,57.00,37.00,47.04,23.00,M,33.35
GRI,2025-05-16 07:53,58.00,37.00,45.37,21.85,M,37.95
GRI,2025-05-16 08:53,62.00,37.00,39.35,29.90,M,41.40
GRI,2025-05-16 09:53,64.00,37.00,36.68,31.05,M,46.00
GRI,2025-05-16 10:53,67.00,35.00,30.53,27.60,M,47.15
GRI,2025-05-16 11:53,66.00,36.00,32.89,29.90,6500.00,49.45
GRI,2025-05-16 12:53,69.00,35.00,28.51,33.35,7000.00,50.60
GRI,2025-05-16 13:53,65.00,36.00,34.05,21.85,7500.00,43.70
GRI,2025-05-16 14:53,65.00,40.00,39.84,33.35,6500.00,57.50
GRI,2025-05-16 15:53,65.00,37.00,35.43,32.20,5000.00,50.60
GRI,2025-05-16 16:53,65.00,37.00,35.43,32.20,7000.00,54.05
GRI,2025-05-16 17:53,63.00,38.00,39.52,26.45,7000.00,49.45
GRI,2025-05-16 18:53,61.00,38.00,42.41,31.05,6000.00,48.30
GRI,2025-05-16 19:53,60.00,38.00,43.94,26.45,M,44.85
GRI,2025-05-16 20:53,57.00,38.00,48.92,14.95,M,40.25
GRI,2025-05-16 21:53,55.00,39.00,54.70,8.05,M,M
GRI,2025-05-16 22:53,52.00,39.00,61.05,8.05,M,M
GRI,2025-05-16 23:53,49.00,39.00,68.24,6.90,M,M
GRI,2025-05-17 00:53,49.00,40.00,70.96,5.75,M,M
GRI,2025-05-17 01:53,49.00,40.00,70.96,10.35,M,M
GRI,2025-05-17 02:53,47.00,39.00,73.56,9.20,M,M
GRI,2025-05-17 03:53,47.00,39.00,73.56,10.35,M,M
GRI,2025-05-17 04:53,45.00,38.00,76.30,11.50,M,M
GRI,2025-05-17 05:53,45.00,38.00,76.30,9.20,M,M
GRI,2025-05-17 06:53,46.00,38.00,73.46,12.65,M,M
GRI,2025-05-17 07:53,50.00,40.00,68.36,13.80,M,M
GRI,2025-05-17 08:53,54.00,41.00,61.32,18.40,M,M
GRI,2025-05-17 09:53,58.00,39.00,49.08,16.10,M,M
GRI,2025-05-17 10:53,63.00,38.00,39.52,16.10,M,M
GRI,2025-05-17 11:53,66.00,36.00,32.89,8.05,M,M
GRI,2025-05-17 12:53,68.00,37.00,31.93,5.75,M,M
GRI,2025-05-17 13:53,70.00,36.00,28.67,3.45,M,M
GRI,2025-05-17 14:53,73.00,35.00,24.89,11.50,M,M
GRI,2025-05-17 15:53,74.00,32.00,21.34,6.90,M,M
GRI,2025-05-17 16:53,75.00,33.00,21.49,11.50,M,M
GRI,2025-05-17 17:53,75.00,33.00,21.49,9.20,M,M
GRI,2025-05-17 18:53,74.00,32.00,21.34,10.35,M,M
GRI,2025-05-17 19:53,68.00,33.00,27.23,9.20,M,M
GRI,2025-05-17 20:53,62.00,35.00,36.36,8.05,M,M
GRI,2025-05-17 21:53,60.00,36.00,40.61,8.05,M,M
GRI,2025-05-17 22:53,56.00,37.00,48.77,10.35,M,M
GRI,2025-05-17 23:53,57.00,35.00,43.45,10.35,M,M
GRI,2025-05-18 00:53,53.00,36.00,52.30,9.20,M,M
GRI,2025-05-18 01:53,53.00,37.00,54.40,11.50,9000.00,M
GRI,2025-05-18 02:53,51.00,37.00,58.57,10.35,M,M
GRI,2025-05-18 03:53,48.00,37.00,65.50,9.20,M,M
GRI,2025-05-18 04:53,48.00,37.00,65.50,10.35,M,M
GRI,2025-05-18 05:53,46.00,37.00,70.62,9.20,M,M
GRI,2025-05-18 06:53,47.00,37.00,68.01,12.65,M,M
GRI,2025-05-18 07:53,49.00,37.00,63.09,13.80,M,M
GRI,2025-05-18 08:53,55.00,38.00,52.60,17.25,M,M
GRI,2025-05-18 09:53,59.00,38.00,45.53,18.40,M,M
GRI,2025-05-18 10:53,65.00,38.00,36.85,18.40,M,M
GRI,2025-05-18 11:53,69.00,38.00,32.10,20.70,M,35.65
GRI,2025-05-18 12:53,73.00,40.00,30.30,23.00,M,35.65
GRI,2025-05-18 13:53,75.00,42.00,30.62,25.30,5500.00,36.80
GRI,2025-05-18 14:53,78.00,43.00,28.81,25.30,5500.00,41.40
GRI,2025-05-18 15:53,78.00,45.00,31.10,21.85,5500.00,46.00
GRI,2025-05-18 16:53,76.00,46.00,34.51,24.15,5500.00,41.40
GRI,2025-05-18 17:53,76.00,47.00,35.84,26.45,5500.00,42.55
GRI,2025-05-18 18:53,74.00,47.00,38.31,19.55,4800.00,39.10
GRI,2025-05-18 19:46,69.00,53.00,56.72,23.00,5000.00,36.80
GRI,2025-05-18 19:53,69.00,53.00,56.72,20.70,5000.00,36.80
GRI,2025-05-18 20:04,67.00,55.00,65.36,29.90,4900.00,43.70
GRI,2025-05-18 20:21,65.00,56.00,72.64,28.75,4000.00,46.00
GRI,2025-05-18 20:53,64.00,56.00,75.22,26.45,11000.00,46.00
GRI,2025-05-18 21:13,63.00,56.00,77.91,29.90,7000.00,44.85
GRI,2025-05-18 21:44,62.00,56.00,80.70,25.30,4100.00,44.85
GRI,2025-05-18 21:53,61.00,56.00,83.60,29.90,4100.00,49.45
GRI,2025-05-18 22:17,59.00,56.00,89.77,31.05,3000.00,59.80
GRI,2025-05-18 22:53,58.00,55.00,89.73,35.65,5000.00,59.80
GRI,2025-05-18 23:13,58.00,55.00,89.73,26.45,6000.00,46.00
GRI,2025-05-18 23:24,57.00,54.00,89.68,32.20,5500.00,46.00
GRI,2025-05-18 23:51,55.40,53.60,93.65,25.30,3000.00,46.00
GRI,2025-05-18 23:53,56.00,53.00,89.64,26.45,3000.00,46.00
GRI,2025-05-19 00:08,56.00,54.00,92.98,29.90,3200.00,44.85
GRI,2025-05-19 00:42,56.00,54.00,92.98,29.90,800.00,47.15
GRI,2025-05-19 00:53,56.00,54.00,92.98,24.15,800.00,47.15
GRI,2025-05-19 01:03,56.00,54.00,92.98,20.70,800.00,32.20
GRI,2025-05-19 01:10,56.00,54.00,92.98,20.70,700.00,34.50
GRI,2025-05-19 01:22,56.00,54.00,92.98,12.65,700.00,34.50
GRI,2025-05-19 01:32,56.00,53.00,89.64,26.45,700.00,35.65
GRI,2025-05-19 01:36,54.00,52.00,92.92,23.00,700.00,35.65
GRI,2025-05-19 01:42,54.00,53.00,96.40,18.40,1000.00,35.65
GRI,2025-05-19 01:45,54.00,53.00,96.40,20.70,700.00,35.65
GRI,2025-05-19 01:53,55.00,54.00,96.42,18.40,700.00,35.65
GRI,2025-05-19 02:07,55.00,54.00,96.42,16.10,3200.00,M
GRI,2025-05-19 02:17,54.00,53.00,96.40,13.80,3600.00,M
GRI,2025-05-19 02:21,54.00,53.00,96.40,12.65,4000.00,M
GRI,2025-05-19 02:50,53.60,51.80,93.60,13.80,4800.00,M
GRI,2025-05-19 02:53,54.00,52.00,92.92,13.80,4600.00,M
GRI,2025-05-19 03:14,54.00,52.00,92.92,12.65,4300.00,M
GRI,2025-05-19 03:29,55.00,53.00,92.95,12.65,4300.00,M
GRI,2025-05-19 03:53,55.00,53.00,92.95,18.40,4300.00,M
GRI,2025-05-19 04:38,55.00,53.00,92.95,12.65,700.00,M
GRI,2025-05-19 04:53,55.00,54.00,96.42,13.80,500.00,M
GRI,2025-05-19 05:12,56.00,55.00,96.44,16.10,400.00,M
GRI,2025-05-19 05:40,58.00,56.00,93.04,11.50,500.00,M
GRI,2025-05-19 05:53,58.00,57.00,96.47,10.35,500.00,M
GRI,2025-05-19 06:39,59.00,58.00,96.48,16.10,400.00,M
GRI,2025-05-19 06:53,60.00,59.00,96.50,18.40,400.00,M
GRI,2025-05-19 07:22,60.00,59.00,96.50,13.80,500.00,M
GRI,2025-05-19 07:53,61.00,60.00,96.51,12.65,500.00,M
GRI,2025-05-19 08:08,61.00,60.00,96.51,11.50,600.00,M
GRI,2025-05-19 08:26,62.00,60.00,93.16,12.65,600.00,M
GRI,2025-05-19 08:53,63.00,61.00,93.19,14.95,600.00,M
GRI,2025-05-19 09:53,64.00,62.00,93.22,14.95,600.00,M
GRI,2025-05-19 10:53,67.00,64.00,90.10,12.65,800.00,M
GRI,2025-05-19 11:04,67.00,64.00,90.10,13.80,1000.00,M
GRI,2025-05-19 11:45,71.00,65.00,81.37,13.80,1200.00,M
GRI,2025-05-19 11:53,72.00,65.00,78.66,13.80,1400.00,M
GRI,2025-05-19 12:37,74.00,64.00,71.02,11.50,1900.00,M
GRI,2025-05-19 12:53,74.00,62.00,66.20,10.35,2700.00,M
GRI,2025-05-19 13:13,73.00,62.00,68.46,8.05,2700.00,M
GRI,2025-05-19 13:33,70.00,64.00,81.29,13.80,3100.00,M
GRI,2025-05-19 13:39,68.00,64.00,87.05,9.20,2300.00,M
GRI,2025-05-19 13:48,68.00,64.40,88.28,9.20,2600.00,M
GRI,2025-05-19 13:53,69.00,65.00,87.10,10.35,2300.00,M
GRI,2025-05-19 14:10,71.00,66.00,84.24,13.80,1600.00,M
GRI,2025-05-19 14:43,71.00,64.00,78.57,17.25,1900.00,M
GRI,2025-05-19 14:53,72.00,63.00,73.34,19.55,1900.00,M
GRI,2025-05-19 15:36,74.00,62.00,66.20,16.10,2100.00,M
GRI,2025-05-19 15:50,73.40,62.60,68.99,17.25,2300.00,M
GRI,2025-05-19 15:51,73.00,61.00,66.08,18.40,2300.00,M
GRI,2025-05-19 16:32,74.00,59.00,59.51,17.25,2800.00,M
GRI,2025-05-19 16:53,74.00,58.00,57.42,16.10,M,M
GRI,2025-05-19 17:53,75.00,55.00,49.82,16.10,M,M
GRI,2025-05-19 18:53,73.00,55.00,53.28,16.10,M,M
GRI,2025-05-19 19:53,70.00,54.00,56.86,20.70,M,M
GRI,2025-05-19 20:53,67.00,52.00,58.56,14.95,4100.00,29.90
GRI,2025-05-19 21:44,65.00,55.00,70.05,16.10,2900.00,M
GRI,2025-05-19 21:53,64.00,54.00,69.94,17.25,2900.00,M
GRI,2025-05-19 22:53,60.00,48.00,64.50,18.40,M,29.90
GRI,2025-05-19 23:53,55.00,43.00,63.87,24.15,M,33.35
GRI,2025-05-20 00:53,53.00,40.00,61.19,16.10,4100.00,34.50
GRI,2025-05-20 01:53,51.00,41.00,68.48,20.70,4400.00,31.05
GRI,2025-05-20 02:53,48.00,41.00,76.58,18.40,M,31.05
GRI,2025-05-20 03:46,48.00,41.00,76.58,19.55,1900.00,31.05
GRI,2025-05-20 03:53,48.00,41.00,76.58,19.55,1900.00,31.05
GRI,2025-05-20 04:53,47.00,41.00,79.51,17.25,2000.00,31.05
GRI,2025-05-20 05:53,46.00,40.00,79.43,19.55,2100.00,31.05
GRI,2025-05-20 06:20,45.00,39.00,79.35,20.70,1900.00,34.50
GRI,2025-05-20 06:53,45.00,39.00,79.35,17.25,M,34.50
GRI,2025-05-20 07:53,47.00,38.00,70.74,23.00,2200.00,34.50
GRI,2025-05-20 08:17,48.00,38.00,68.12,20.70,2200.00,32.20
GRI,2025-05-20 08:53,48.00,38.00,68.12,24.15,2400.00,34.50
GRI,2025-05-20 09:39,50.00,39.00,65.75,26.45,2300.00,39.10
GRI,2025-05-20 09:53,50.00,39.00,65.75,28.75,2400.00,39.10
GRI,2025-05-20 10:53,53.00,40.00,61.19,29.90,2600.00,41.40
GRI,2025-05-20 11:53,55.00,42.00,61.46,26.45,2700.00,40.25
GRI,2025-05-20 12:26,57.00,42.00,57.16,23.00,3000.00,40.25
GRI,2025-05-20 12:41,58.00,42.00,55.14,24.15,2900.00,40.25
GRI,2025-05-20 12:53,57.00,42.00,57.16,26.45,3100.00,40.25
GRI,2025-05-20 13:53,59.00,43.00,55.29,20.70,3600.00,39.10
GRI,2025-05-20 14:53,59.00,42.00,53.20,21.85,4200.00,36.80
GRI,2025-05-20 15:53,59.00,41.00,51.18,26.45,4400.00,37.95
GRI,2025-05-20 16:53,59.00,41.00,51.18,21.85,4800.00,33.35
GRI,2025-05-20 17:53,59.00,40.00,49.24,18.40,5500.00,31.05
GRI,2025-05-20 18:53,59.00,40.00,49.24,21.85,5000.00,34.50
GRI,2025-05-20 19:53,57.00,39.00,50.88,18.40,4800.00,M
GRI,2025-05-20 20:53,54.00,39.00,56.73,10.35,M,M
GRI,2025-05-20 21:53,49.00,41.00,73.76,6.90,M,M
GRI,2025-05-20 22:53,49.00,40.00,70.96,9.20,M,M
GRI,2025-05-20 23:53,46.00,40.00,79.43,6.90,M,M
GRI,2025-05-21 00:53,45.00,40.00,82.50,8.05,M,M
GRI,2025-05-21 01:53,44.00,40.00,85.71,8.05,M,M
GRI,2025-05-21 02:53,44.00,39.00,82.43,5.75,M,M
GRI,2025-05-21 03:53,43.00,39.00,85.65,9.20,M,M
GRI,2025-05-21 04:53,43.00,39.00,85.65,10.35,M,M
GRI,2025-05-21 05:53,43.00,40.00,89.05,10.35,M,M
GRI,2025-05-21 06:53,44.00,40.00,85.71,9.20,M,M
GRI,2025-05-21 07:53,48.00,41.00,76.58,9.20,M,M
GRI,2025-05-21 08:53,53.00,42.00,66.11,12.65,M,M
GRI,2025-05-21 09:53,56.00,42.00,59.26,10.35,M,M
GRI,2025-05-21 10:53,60.00,43.00,53.35,5.75,M,M
GRI,2025-05-21 11:53,63.00,44.00,49.85,9.20,M,M
GRI,2025-05-21 12:53,67.00,43.00,41.74,10.35,4900.00,M
GRI,2025-05-21 13:53,69.00,43.00,38.97,9.20,6000.00,M
GRI,2025-05-21 14:53,68.00,42.00,38.81,12.65,11000.00,M
GRI,2025-05-21 15:53,55.00,50.00,83.20,0.00,6000.00,39.10
GRI,2025-05-21 16:53,64.00,50.00,60.35,3.45,M,M
GRI,2025-05-21 17:53,67.00,45.00,45.06,4.60,M,M
GRI,2025-05-21 18:19,68.00,44.00,41.90,3.45,M,M
GRI,2025-05-21 18:53,67.00,47.00,48.60,12.65,M,M
GRI,2025-05-21 19:53,66.00,46.00,48.45,4.60,M,M
GRI,2025-05-21 20:53,59.00,49.00,69.39,4.60,M,M
GRI,2025-05-21 21:53,56.00,48.00,74.46,8.05,11000.00,M
GRI,2025-05-21 22:53,52.00,48.00,86.18,5.75,M,M
GRI,2025-05-21 23:53,52.00,48.00,86.18,6.90,M,M
GRI,2025-05-22 00:53,51.00,48.00,89.42,3.45,7000.00,M
GRI,2025-05-22 01:53,50.00,47.00,89.37,5.75,7500.00,M
GRI,2025-05-22 02:53,48.00,46.00,92.74,0.00,M,M
GRI,2025-05-22 03:53,46.00,45.00,96.28,4.60,M,M
GRI,2025-05-22 04:53,46.00,44.00,92.68,0.00,M,M
GRI,2025-05-22 05:53,43.00,42.00,96.23,6.90,M,M
GRI,2025-05-22 06:53,46.00,44.00,92.68,6.90,M,M
GRI,2025-05-22 07:53,50.00,46.00,86.06,8.05,M,M
GRI,2025-05-22 08:53,53.00,45.00,74.16,8.05,M,M
GRI,2025-05-22 09:53,55.00,44.00,66.36,6.90,M,M
GRI,2025-05-22 10:53,58.00,46.00,64.25,3.45,M,M
GRI,2025-05-22 11:53,61.00,46.00,57.73,5.75,3100.00,M
GRI,2025-05-22 12:53,64.00,46.00,51.94,8.05,3800.00,M
GRI,2025-05-22 13:53,65.00,43.00,44.74,8.05,4800.00,M
GRI,2025-05-22 14:53,68.00,42.00,38.81,9.20,6000.00,M
GRI,2025-05-22 15:53,69.00,39.00,33.38,14.95,6500.00,M
GRI,2025-05-22 16:53,71.00,38.00,29.98,13.80,M,M
GRI,2025-05-22 17:53,70.00,40.00,33.54,12.65,6500.00,M
GRI,2025-05-22 18:53,67.00,40.00,37.17,9.20,6500.00,M
GRI,2025-05-22 19:53,64.00,41.00,42.89,10.35,M,M
GRI,2025-05-22 20:53,58.00,43.00,57.30,6.90,M,M
GRI,2025-05-22 21:53,54.00,43.00,66.24,8.05,M,M
GRI,2025-05-22 22:53,53.00,43.00,68.71,6.90,M,M
GRI,2025-05-22 23:53,52.00,43.00,71.28,6.90,M,M
GRI,2025-05-23 00:53,50.00,43.00,76.76,8.05,M,M
GRI,2025-05-23 01:53,49.00,43.00,79.68,4.60,M,M
GRI,2025-05-23 02:53,49.00,43.00,79.68,3.45,M,M
GRI,2025-05-23 03:53,50.00,42.00,73.86,8.05,M,M
GRI,2025-05-23 04:53,51.00,43.00,73.96,6.90,M,M
GRI,2025-05-23 05:53,52.00,42.00,68.59,8.05,6000.00,M
GRI,2025-05-23 06:53,50.00,45.00,82.86,8.05,5000.00,M
GRI,2025-05-23 07:53,51.00,44.00,76.85,12.65,9500.00,M
GRI,2025-05-23 08:53,51.00,45.00,79.84,9.20,6000.00,M
GRI,2025-05-23 09:53,51.00,47.00,86.12,10.35,6500.00,M
GRI,2025-05-23 10:53,56.00,48.00,74.46,12.65,4500.00,M
GRI,2025-05-23 11:53,58.00,46.00,64.25,8.05,4900.00,M
GRI,2025-05-23 12:25,57.00,48.00,71.81,11.50,9000.00,M
GRI,2025-05-23 12:40,55.00,51.00,86.35,8.05,9000.00,M
GRI,2025-05-23 12:53,54.00,51.00,89.55,12.65,8500.00,M
GRI,2025-05-23 13:31,54.00,51.00,89.55,6.90,8000.00,M
GRI,2025-05-23 13:53,55.00,51.00,86.35,10.35,8000.00,M
GRI,2025-05-23 14:53,55.00,49.00,80.16,13.80,7000.00,M
GRI,2025-05-23 15:53,55.00,50.00,83.20,12.65,5500.00,M
GRI,2025-05-23 16:53,56.00,50.00,80.23,14.95,5500.00,M
GRI,2025-05-23 17:53,55.00,50.00,83.20,13.80,6000.00,M
GRI,2025-05-23 18:53,56.00,49.00,77.30,14.95,6000.00,M
GRI,2025-05-23 19:53,56.00,49.00,77.30,12.65,5500.00,M
GRI,2025-05-23 20:53,55.00,49.00,80.16,11.50,6000.00,M
GRI,2025-05-23 21:53,54.00,50.00,86.29,11.50,5500.00,M
GRI,2025-05-23 22:53,54.00,50.00,86.29,10.35,4900.00,M
GRI,2025-05-23 23:53,53.00,49.00,86.23,9.20,9500.00,M
GRI,2025-05-24 00:53,52.00,49.00,89.46,9.20,M,M
GRI,2025-05-24 01:53,51.00,49.00,92.83,8.05,M,M
GRI,2025-05-24 02:53,48.00,47.00,96.31,4.60,4600.00,M
GRI,2025-05-24 03:53,49.00,48.00,96.32,5.75,4500.00,M
GRI,2025-05-24 04:53,51.00,49.00,92.83,10.35,4500.00,M
GRI,2025-05-24 05:53,51.00,49.00,92.83,9.20,4700.00,M
GRI,2025-05-24 06:53,51.00,49.00,92.83,9.20,M,M
GRI,2025-05-24 07:32,52.00,50.00,92.86,9.20,900.00,M
GRI,2025-05-24 07:53,53.00,50.00,89.51,10.35,900.00,M
GRI,2025-05-24 08:53,54.00,49.00,83.13,10.35,4900.00,M
GRI,2025-05-24 09:53,56.00,50.00,80.23,9.20,5500.00,M
GRI,2025-05-24 10:53,58.00,51.00,77.47,8.05,5500.00,M
GRI,2025-05-24 11:53,59.00,51.00,74.75,9.20,6000.00,M
GRI,2025-05-24 12:53,64.00,52.00,64.99,11.50,M,M
GRI,2025-05-24 13:53,68.00,51.00,54.53,17.25,M,M
GRI,2025-05-24 14:53,68.00,50.00,52.54,14.95,8500.00,M
GRI,2025-05-24 15:53,70.00,52.00,52.83,16.10,8500.00,M
GRI,2025-05-24 16:53,61.00,54.00,77.73,16.10,11000.00,M
GRI,2025-05-24 17:53,59.00,54.00,83.47,16.10,12000.00,M
GRI,2025-05-24 18:53,57.00,53.00,86.46,18.40,10000.00,M
GRI,2025-05-24 19:09,56.00,54.00,92.98,17.25,800.00,M
GRI,2025-05-24 19:48,55.40,53.60,93.65,13.80,700.00,M
GRI,2025-05-24 19:53,55.00,54.00,96.42,12.65,700.00,M
GRI,2025-05-24 20:49,55.40,53.60,93.65,14.95,600.00,M
GRI,2025-05-24 20:53,55.00,53.00,92.95,16.10,600.00,M
GRI,2025-05-24 21:21,55.00,53.00,92.95,14.95,900.00,M
GRI,2025-05-24 21:35,55.00,53.00,92.95,13.80,900.00,M
GRI,2025-05-24 21:53,55.00,53.00,92.95,13.80,10000.00,M
GRI,2025-05-24 22:53,55.00,53.00,92.95,9.20,9500.00,M
GRI,2025-05-24 23:53,54.00,53.00,96.40,9.20,4700.00,M
GRI,2025-05-25 00:53,54.00,53.00,96.40,11.50,2500.00,M
GRI,2025-05-25 01:46,54.00,53.00,96.40,11.50,700.00,M
GRI,2025-05-25 01:53,54.00,53.00,96.40,12.65,700.00,M
GRI,2025-05-25 02:53,53.00,52.00,96.39,11.50,600.00,M
GRI,2025-05-25 03:28,53.00,52.00,96.39,10.35,600.00,M
GRI,2025-05-25 03:53,53.00,52.00,96.39,8.05,600.00,M
GRI,2025-05-25 04:53,53.00,52.00,96.39,11.50,500.00,M
GRI,2025-05-25 05:53,53.00,52.00,96.39,9.20,500.00,M
GRI,2025-05-25 06:26,52.00,51.00,96.37,12.65,400.00,M
GRI,2025-05-25 06:53,52.00,51.00,96.37,10.35,400.00,M
GRI,2025-05-25 07:53,52.00,51.00,96.37,12.65,400.00,M
GRI,2025-05-25 08:05,52.00,51.00,96.37,12.65,400.00,M
GRI,2025-05-25 08:42,52.00,51.00,96.37,12.65,400.00,M
GRI,2025-05-25 08:53,52.00,51.00,96.37,12.65,400.00,M
GRI,2025-05-25 09:04,52.00,51.00,96.37,12.65,500.00,M
GRI,2025-05-25 09:53,53.00,51.00,92.89,13.80,700.00,M
GRI,2025-05-25 10:44,55.00,52.00,89.60,14.95,1000.00,M
GRI,2025-05-25 10:53,55.00,52.00,89.60,13.80,1000.00,M
GRI,2025-05-25 11:53,56.00,53.00,89.64,13.80,1000.00,M
GRI,2025-05-25 12:53,59.00,54.00,83.47,16.10,1500.00,M
GRI,2025-05-25 13:53,58.00,53.00,83.40,12.65,1700.00,M
GRI,2025-05-25 14:53,60.00,52.00,74.84,13.80,2300.00,M
GRI,2025-05-25 15:53,61.00,52.00,72.23,13.80,2600.00,M
GRI,2025-05-25 16:51,60.80,51.80,72.21,10.35,3000.00,M
GRI,2025-05-25 16:53,61.00,52.00,72.23,13.80,3000.00,M
GRI,2025-05-25 17:53,62.00,51.00,67.19,12.65,4700.00,M
GRI,2025-05-25 18:53,63.00,52.00,67.31,9.20,4900.00,M
GRI,2025-05-25 19:53,61.00,52.00,72.23,6.90,4900.00,M
GRI,2025-05-25 20:53,59.00,53.00,80.47,5.75,6500.00,M
GRI,2025-05-25 21:53,58.00,53.00,83.40,5.75,7000.00,M
GRI,2025-05-25 22:53,57.00,52.00,83.34,5.75,7000.00,M
GRI,2025-05-25 23:53,59.00,51.00,74.75,10.35,5000.00,M
GRI,2025-05-26 00:53,57.00,52.00,83.34,8.05,12000.00,M
GRI,2025-05-26 01:53,55.00,51.00,86.35,6.90,3500.00,M
GRI,2025-05-26 02:53,55.00,51.00,86.35,5.75,M,M
GRI,2025-05-26 03:53,55.00,52.00,89.60,6.90,10000.00,M
GRI,2025-05-26 04:53,55.00,52.00,89.60,6.90,4200.00,M
GRI,2025-05-26 05:53,54.00,52.00,92.92,8.05,4500.00,M
GRI,2025-05-26 06:53,54.00,52.00,92.92,8.05,4800.00,M
GRI,2025-05-26 07:53,54.00,52.00,92.92,9.20,4800.00,M
GRI,2025-05-26 08:53,54.00,52.00,92.92,11.50,9000.00,M
GRI,2025-05-26 09:53,55.00,52.00,89.60,10.35,8000.00,M
GRI,2025-05-26 10:53,55.00,52.00,89.60,9.20,6500.00,M
GRI,2025-05-26 11:53,55.00,53.00,92.95,10.35,5500.00,M
GRI,2025-05-26 12:17,55.00,53.00,92.95,9.20,900.00,M
GRI,2025-05-26 12:34,55.00,53.00,92.95,10.35,800.00,M
GRI,2025-05-26 12:43,55.00,53.00,92.95,11.50,1000.00,M
GRI,2025-05-26 12:53,55.00,53.00,92.95,11.50,700.00,M
GRI,2025-05-26 13:01,55.00,54.00,96.42,10.35,1000.00,M
GRI,2025-05-26 13:09,55.00,54.00,96.42,12.65,900.00,M
GRI,2025-05-26 13:15,55.00,54.00,96.42,11.50,800.00,M
GRI,2025-05-26 13:28,55.00,54.00,96.42,11.50,800.00,M
GRI,2025-05-26 13:39,55.00,54.00,96.42,12.65,700.00,M
GRI,2025-05-26 13:53,55.00,54.00,96.42,11.50,900.00,M
GRI,2025-05-26 14:02,55.00,54.00,96.42,11.50,700.00,M
GRI,2025-05-26 14:09,56.00,54.00,92.98,10.35,800.00,M
GRI,2025-05-26 14:15,56.00,54.00,92.98,12.65,800.00,M
GRI,2025-05-26 14:33,56.00,53.00,89.64,16.10,1000.00,M
GRI,2025-05-26 14:46,56.00,53.00,89.64,13.80,900.00,M
GRI,2025-05-26 14:53,55.00,52.00,89.60,12.65,1000.00,M
GRI,2025-05-26 15:29,55.00,53.00,92.95,14.95,1100.00,M
GRI,2025-05-26 15:50,55.40,53.60,93.65,12.65,1100.00,M
GRI,2025-05-26 15:53,55.00,53.00,92.95,13.80,1100.00,M
GRI,2025-05-26 16:00,55.00,53.00,92.95,13.80,900.00,M
GRI,2025-05-26 16:49,55.40,51.80,87.65,13.80,700.00,M
GRI,2025-05-26 16:53,54.00,52.00,92.92,14.95,700.00,M
GRI,2025-05-26 17:36,53.00,52.00,96.39,18.40,900.00,M
GRI,2025-05-26 17:53,53.00,51.00,92.89,13.80,900.00,M
GRI,2025-05-26 18:04,53.00,51.00,92.89,16.10,1100.00,M
GRI,2025-05-26 18:20,53.00,50.00,89.51,18.40,900.00,29.90
GRI,2025-05-26 18:53,52.00,49.00,89.46,20.70,1700.00,29.90
GRI,2025-05-26 19:10,52.00,50.00,92.86,16.10,900.00,M
GRI,2025-05-26 19:21,51.00,49.00,92.83,13.80,800.00,M
GRI,2025-05-26 19:53,51.00,49.00,92.83,16.10,700.00,M
GRI,2025-05-26 20:53,50.00,48.00,92.80,14.95,800.00,M
GRI,2025-05-26 21:13,50.00,48.00,92.80,17.25,1000.00,M
GRI,2025-05-26 21:53,50.00,48.00,92.80,10.35,1200.00,M
GRI,2025-05-26 22:05,50.00,48.00,92.80,9.20,900.00,M
GRI,2025-05-26 22:31,50.00,48.00,92.80,11.50,1000.00,M
GRI,2025-05-26 22:53,50.00,49.00,96.34,10.35,900.00,M
GRI,2025-05-26 23:53,50.00,49.00,96.34,11.50,700.00,M
GRI,2025-05-27 00:53,50.00,49.00,96.34,9.20,800.00,M
GRI,2025-05-27 01:53,50.00,49.00,96.34,6.90,800.00,M
GRI,2025-05-27 02:00,50.00,49.00,96.34,4.60,600.00,M
GRI,2025-05-27 02:14,50.00,50.00,100.00,6.90,400.00,M
GRI,2025-05-27 02:26,50.00,50.00,100.00,5.75,500.00,M
GRI,2025-05-27 02:53,51.00,50.00,96.36,4.60,500.00,M
GRI,2025-05-27 03:36,50.00,49.00,96.34,9.20,600.00,M
GRI,2025-05-27 03:53,50.00,49.00,96.34,8.05,500.00,M
GRI,2025-05-27 04:15,50.00,49.00,96.34,6.90,500.00,M
GRI,2025-05-27 04:33,50.00,49.00,96.34,4.60,400.00,M
GRI,2025-05-27 04:40,50.00,49.00,96.34,5.75,400.00,M
GRI,2025-05-27 04:51,50.00,48.20,93.50,4.60,500.00,M
GRI,2025-05-27 04:53,50.00,49.00,96.34,4.60,500.00,M
GRI,2025-05-27 05:29,50.00,49.00,96.34,4.60,400.00,M
GRI,2025-05-27 05:53,50.00,49.00,96.34,3.45,500.00,M
GRI,2025-05-27 06:19,50.00,50.00,100.00,4.60,500.00,M
GRI,2025-05-27 06:31,50.00,50.00,100.00,4.60,500.00,M
GRI,2025-05-27 06:40,50.00,50.00,100.00,5.75,500.00,M
GRI,2025-05-27 06:53,50.00,50.00,100.00,5.75,500.00,M
GRI,2025-05-27 07:27,51.00,50.00,96.36,5.75,400.00,M
GRI,2025-05-27 07:38,51.00,50.00,96.36,8.05,400.00,M
GRI,2025-05-27 07:53,51.00,50.00,96.36,8.05,400.00,M
GRI,2025-05-27 08:07,51.00,50.00,96.36,M,500.00,M
GRI,2025-05-27 08:34,51.00,50.00,96.36,5.75,500.00,M
GRI,2025-05-27 08:53,51.00,50.00,96.36,5.75,500.00,M
GRI,2025-05-27 09:02,51.00,50.00,96.36,5.75,400.00,M
GRI,2025-05-27 09:12,51.00,50.00,96.36,8.05,400.00,M
GRI,2025-05-27 09:25,51.00,50.00,96.36,9.20,500.00,M
GRI,2025-05-27 09:34,52.00,50.00,92.86,8.05,700.00,M
GRI,2025-05-27 09:45,52.00,50.00,92.86,9.20,700.00,M
GRI,2025-05-27 09:53,52.00,50.00,92.86,9.20,500.00,M
GRI,2025-05-27 10:00,53.00,51.00,92.89,9.20,500.00,M
GRI,2025-05-27 10:21,53.00,51.00,92.89,10.35,600.00,M
GRI,2025-05-27 10:53,53.00,50.00,89.51,10.35,1100.00,M
GRI,2025-05-27 11:00,53.00,51.00,92.89,6.90,800.00,M
GRI,2025-05-27 11:31,53.00,51.00,92.89,6.90,900.00,M
GRI,2025-05-27 11:53,52.00,51.00,96.37,6.90,600.00,M
GRI,2025-05-27 12:07,53.00,52.00,96.39,6.90,500.00,M
GRI,2025-05-27 12:34,54.00,51.00,89.55,6.90,600.00,M
GRI,2025-05-27 12:43,54.00,51.00,89.55,6.90,800.00,M
GRI,2025-05-27 12:53,53.00,51.00,92.89,5.75,700.00,M
GRI,2025-05-27 13:35,55.00,51.00,86.35,3.45,1300.00,M
GRI,2025-05-27 13:45,56.00,51.00,83.27,5.75,1000.00,M
GRI,2025-05-27 13:53,56.00,52.00,86.40,6.90,1300.00,M
GRI,2025-05-27 14:37,58.00,52.00,80.39,8.05,1400.00,M
GRI,2025-05-27 14:48,57.20,51.80,82.13,4.60,1400.00,M
GRI,2025-05-27 14:53,58.00,51.00,77.47,6.90,1600.00,M
GRI,2025-05-27 15:42,57.00,51.00,80.31,6.90,2800.00,M
GRI,2025-05-27 15:53,57.00,51.00,80.31,3.45,2600.00,M
GRI,2025-05-27 16:53,58.00,51.00,77.47,5.75,1900.00,M
GRI,2025-05-27 17:23,56.00,51.00,83.27,8.05,1600.00,M
GRI,2025-05-27 17:53,57.00,51.00,80.31,6.90,3000.00,M
GRI,2025-05-27 18:53,57.00,51.00,80.31,5.75,4800.00,M
GRI,2025-05-27 19:53,56.00,51.00,83.27,4.60,1600.00,M
GRI,2025-05-27 20:53,55.00,51.00,86.35,3.45,4400.00,M
GRI,2025-05-27 21:53,55.00,52.00,89.60,0.00,3200.00,M
GRI,2025-05-27 22:53,54.00,52.00,92.92,0.00,6000.00,M
GRI,2025-05-27 23:53,54.00,52.00,92.92,3.45,6500.00,M
GRI,2025-05-28 00:53,53.00,52.00,96.39,3.45,6500.00,M
GRI,2025-05-28 01:53,52.00,51.00,96.37,5.75,7000.00,M
GRI,2025-05-28 02:35,50.00,50.00,100.00,0.00,M,M
GRI,2025-05-28 02:41,49.00,49.00,100.00,0.00,M,M
GRI,2025-05-28 02:45,49.00,49.00,100.00,0.00,400.00,M
GRI,2025-05-28 02:53,48.00,48.00,100.00,0.00,300.00,M
GRI,2025-05-28 03:04,48.00,48.00,100.00,0.00,400.00,M
GRI,2025-05-28 03:13,48.00,48.00,100.00,0.00,500.00,M
GRI,2025-05-28 03:18,47.00,47.00,100.00,0.00,400.00,M
GRI,2025-05-28 03:26,46.00,46.00,100.00,3.45,500.00,M
GRI,2025-05-28 03:33,46.00,46.00,100.00,3.45,400.00,M
GRI,2025-05-28 03:53,47.00,47.00,100.00,4.60,500.00,M
GRI,2025-05-28 04:06,49.00,48.00,96.32,0.00,500.00,M
GRI,2025-05-28 04:16,49.00,49.00,100.00,3.45,1000.00,M
GRI,2025-05-28 04:23,48.00,48.00,100.00,3.45,600.00,M
GRI,2025-05-28 04:30,47.00,47.00,100.00,3.45,400.00,M
GRI,2025-05-28 04:53,46.00,46.00,100.00,4.60,200.00,M
GRI,2025-05-28 05:10,46.00,46.00,100.00,0.00,200.00,M
GRI,2025-05-28 05:42,48.00,48.00,100.00,0.00,200.00,M
GRI,2025-05-28 05:53,48.00,48.00,100.00,0.00,200.00,M
GRI,2025-05-28 06:09,48.00,48.00,100.00,0.00,200.00,M
GRI,2025-05-28 06:37,49.00,49.00,100.00,0.00,200.00,M
GRI,2025-05-28 06:53,49.00,49.00,100.00,0.00,200.00,M
GRI,2025-05-28 07:53,51.00,50.00,96.36,3.45,200.00,M
GRI,2025-05-28 08:07,51.00,51.00,100.00,0.00,200.00,M
GRI,2025-05-28 08:21,51.00,51.00,100.00,0.00,200.00,M
GRI,2025-05-28 08:30,51.00,51.00,100.00,0.00,200.00,M
GRI,2025-05-28 08:45,52.00,51.00,96.37,0.00,200.00,M
GRI,2025-05-28 08:53,52.00,51.00,96.37,3.45,300.00,M
GRI,2025-05-28 09:11,53.00,52.00,96.39,3.45,500.00,M
GRI,2025-05-28 09:23,53.00,52.00,96.39,5.75,500.00,M
GRI,2025-05-28 09:53,53.00,51.00,92.89,6.90,700.00,M
GRI,2025-05-28 10:53,53.00,49.00,86.23,3.45,2400.00,M
GRI,2025-05-28 11:53,58.00,50.00,74.65,4.60,2000.00,M
GRI,2025-05-28 12:53,60.00,50.00,69.50,3.45,2100.00,M
GRI,2025-05-28 13:16,60.00,50.00,69.50,5.75,2300.00,M
GRI,2025-05-28 13:51,60.80,48.20,63.16,3.45,2500.00,M
GRI,2025-05-28 13:53,61.00,49.00,64.62,5.75,2500.00,M
GRI,2025-05-28 14:53,60.00,50.00,69.50,0.00,8000.00,M
GRI,2025-05-28 15:53,58.00,52.00,80.39,0.00,7500.00,M
GRI,2025-05-28 16:53,58.00,53.00,83.40,3.45,7000.00,M
GRI,2025-05-28 17:53,57.00,54.00,89.68,4.60,7000.00,M
GRI,2025-05-28 18:53,56.00,53.00,89.64,3.45,6500.00,M
GRI,2025-05-28 19:53,56.00,53.00,89.64,3.45,6000.00,M
GRI,2025-05-28 20:53,55.00,54.00,96.42,5.75,7000.00,M
GRI,2025-05-28 21:53,55.00,54.00,96.42,3.45,7500.00,M
GRI,2025-05-28 22:53,54.00,54.00,100.00,3.45,8000.00,M
GRI,2025-05-28 23:53,54.00,54.00,100.00,3.45,7000.00,M
GRI,2025-05-29 00:53,55.00,53.00,92.95,4.60,7000.00,M
GRI,2025-05-29 01:53,54.00,52.00,92.92,5.75,10000.00,M
GRI,2025-05-29 02:53,51.00,50.00,96.36,5.75,10000.00,M
GRI,2025-05-29 03:53,52.00,51.00,96.37,5.75,8000.00,M
GRI,2025-05-29 04:53,51.00,50.00,96.36,5.75,11000.00,M
GRI,2025-05-29 05:53,49.00,48.00,96.32,3.45,9000.00,M
GRI,2025-05-29 06:53,50.00,49.00,96.34,3.45,8500.00,M
GRI,2025-05-29 07:53,53.00,51.00,92.89,4.60,6000.00,M
GRI,2025-05-29 08:53,56.00,52.00,86.40,6.90,9500.00,M
GRI,2025-05-29 09:53,59.00,52.00,77.56,5.75,1100.00,M
GRI,2025-05-29 10:53,62.00,53.00,72.34,5.75,1500.00,M
GRI,2025-05-29 11:07,63.00,52.00,67.31,6.90,1900.00,M
GRI,2025-05-29 11:41,63.00,52.00,67.31,5.75,2200.00,M
GRI,2025-05-29 11:53,64.00,50.00,60.35,6.90,3000.00,M
GRI,2025-05-29 12:53,66.00,51.00,58.42,4.60,3100.00,M
GRI,2025-05-29 13:53,68.00,48.00,48.76,5.75,4200.00,M
GRI,2025-05-29 14:27,68.00,47.00,46.96,4.60,4500.00,M
GRI,2025-05-29 14:42,62.00,47.00,57.87,23.00,4700.00,31.05
GRI,2025-05-29 14:53,51.00,47.00,86.12,19.55,4000.00,37.95
GRI,2025-05-29 14:55,51.00,47.00,86.12,16.10,4300.00,M
GRI,2025-05-29 15:18,58.00,50.00,74.65,6.90,4300.00,M
GRI,2025-05-29 15:28,59.00,51.00,74.75,5.75,5500.00,M
GRI,2025-05-29 15:53,63.00,50.00,62.51,3.45,10000.00,M
GRI,2025-05-29 16:53,64.00,48.00,56.01,8.05,11000.00,M
GRI,2025-05-29 17:53,66.00,49.00,54.23,14.95,M,M
GRI,2025-05-29 18:53,58.00,52.00,80.39,0.00,6000.00,M
GRI,2025-05-29 19:53,60.00,52.00,74.84,0.00,M,M
GRI,2025-05-29 20:53,57.00,53.00,86.46,4.60,10000.00,M
GRI,2025-05-29 21:53,55.00,52.00,89.60,4.60,M,M
GRI,2025-05-29 22:53,53.00,51.00,92.89,4.60,M,M
GRI,2025-05-29 23:53,52.00,50.00,92.86,3.45,M,M
GRI,2025-05-30 00:53,51.00,50.00,96.36,3.45,M,M
GRI,2025-05-30 01:53,50.00,49.00,96.34,4.60,M,M
GRI,2025-05-30 02:53,48.00,47.00,96.31,5.75,M,M
GRI,2025-05-30 03:53,49.00,47.00,92.77,6.90,M,M
GRI,2025-05-30 04:53,47.00,46.00,96.29,4.60,M,M
GRI,2025-05-30 05:53,47.00,46.00,96.29,4.60,M,M
GRI,2025-05-30 06:53,49.00,47.00,92.77,3.45,M,M
GRI,2025-05-30 07:53,54.00,51.00,89.55,5.75,M,M
GRI,2025-05-30 08:53,60.00,51.00,72.13,8.05,M,M
GRI,2025-05-30 09:53,64.00,51.00,62.64,8.05,M,M
GRI,2025-05-30 10:53,68.00,48.00,48.76,4.60,M,M
GRI,2025-05-30 11:53,71.00,46.00,40.81,0.00,M,M
GRI,2025-05-30 12:53,72.00,46.00,39.45,4.60,M,M
GRI,2025-05-30 13:53,74.00,48.00,39.78,5.75,M,M
GRI,2025-05-30 14:53,77.00,48.00,36.00,5.75,M,M
GRI,2025-05-30 15:53,77.00,48.00,36.00,12.65,M,M
GRI,2025-05-30 16:53,78.00,47.00,33.54,6.90,M,M
GRI,2025-05-30 17:53,78.00,48.00,34.83,4.60,M,M
GRI,2025-05-30 18:53,78.00,49.00,36.16,5.75,M,M
GRI,2025-05-30 19:53,77.00,53.00,43.34,3.45,M,M
GRI,2025-05-30 20:53,70.00,54.00,56.86,4.60,M,M
GRI,2025-05-30 21:53,68.00,53.00,58.70,4.60,M,M
GRI,2025-05-30 22:53,64.00,53.00,67.43,8.05,M,M
GRI,2025-05-30 23:53,62.00,53.00,72.34,8.05,M,M
GRI,2025-05-31 00:53,61.00,53.00,74.94,8.05,M,M
GRI,2025-05-31 01:53,61.00,52.00,72.23,9.20,M,M
GRI,2025-05-31 02:53,60.00,52.00,74.84,8.05,M,M
GRI,2025-05-31 03:53,59.00,52.00,77.56,8.05,M,M
GRI,2025-05-31 04:53,58.00,52.00,80.39,8.05,M,M
GRI,2025-05-31 05:53,57.00,52.00,83.34,8.05,M,M
GRI,2025-05-31 06:53,56.00,52.00,86.40,4.60,M,M
GRI,2025-05-31 07:53,62.00,53.00,72.34,10.35,M,M
GRI,2025-05-31 08:53,68.00,53.00,58.70,19.55,M,M
GRI,2025-05-31 09:53,73.00,54.00,51.37,19.55,M,M
GRI,2025-05-31 10:53,76.00,55.00,48.19,19.55,9000.00,29.90
GRI,2025-05-31 11:53,79.00,52.00,39.11,21.85,M,34.50
GRI,2025-05-31 12:53,81.00,52.00,36.64,24.15,M,35.65
GRI,2025-05-31 13:53,80.00,52.00,37.85,20.70,6000.00,34.50
GRI,2025-05-31 14:53,80.00,52.00,37.85,17.25,6500.00,33.35
GRI,2025-05-31 15:53,81.00,49.00,32.78,17.25,7000.00,31.05
GRI,2025-05-31 16:53,79.00,50.00,36.32,17.25,7000.00,M
GRI,2025-05-31 17:53,79.00,49.00,34.99,11.50,7000.00,M
GRI,2025-05-31 18:25,76.00,53.00,44.80,18.40,M,37.95
GRI,2025-05-31 18:40,74.00,51.00,44.48,12.65,M,37.95
GRI,2025-05-31 18:53,74.00,50.00,42.86,13.80,M,37.95
GRI,2025-05-31 19:53,72.00,50.00,45.84,8.05,M,M
GRI,2025-05-31 20:53,66.00,51.00,58.42,6.90,M,M
GRI,2025-05-31 21:53,64.00,51.00,62.64,5.75,M,M
GRI,2025-05-31 22:53,61.00,51.00,69.61,5.75,M,M
GRI,2025-05-31 23:53,58.00,51.00,77.47,5.75,M,M
GRI,2025-06-01 00:53,57.00,51.00,80.31,6.90,M,M
GRI,2025-06-01 01:53,56.00,50.00,80.23,4.60,M,M
GRI,2025-06-01 02:53,55.00,50.00,83.20,5.75,M,M
GRI,2025-06-01 03:53,55.00,50.00,83.20,5.75,M,M
GRI,2025-06-01 04:53,54.00,50.00,86.29,6.90,M,M
GRI,2025-06-01 05:53,53.00,49.00,86.23,6.90,M,M
GRI,2025-06-01 06:53,53.00,49.00,86.23,3.45,M,M
GRI,2025-06-01 07:53,59.00,51.00,74.75,5.75,M,M
GRI,2025-06-01 08:53,64.00,53.00,67.43,8.05,M,M
GRI,2025-06-01 09:53,71.00,53.00,52.98,6.90,M,M
GRI,2025-06-01 10:53,75.00,52.00,44.64,3.45,M,M
GRI,2025-06-01 11:53,77.00,52.00,41.77,3.45,M,M
GRI,2025-06-01 12:53,79.00,52.00,39.11,8.05,M,M
GRI,2025-06-01 13:53,83.00,54.00,36.96,8.05,M,M
GRI,2025-06-01 14:53,83.00,51.00,33.09,6.90,M,M
GRI,2025-06-01 15:53,85.00,52.00,32.20,14.95,M,M
GRI,2025-06-01 16:53,85.00,51.00,31.04,14.95,M,M
GRI,2025-06-01 17:53,85.00,50.00,29.91,12.65,M,M
GRI,2025-06-01 18:53,83.00,52.00,34.34,13.80,M,M
GRI,2025-06-01 19:53,81.00,52.00,36.64,12.65,M,M
GRI,2025-06-01 20:53,76.00,52.00,43.18,10.35,M,M
GRI,2025-06-01 21:53,74.00,52.00,46.16,9.20,M,M
GRI,2025-06-01 22:53,72.00,52.00,49.37,9.20,M,M
GRI,2025-06-01 23:53,70.00,53.00,54.81,9.20,M,M
GRI,2025-06-02 00:53,68.00,53.00,58.70,10.35,M,M
GRI,2025-06-02 01:53,67.00,52.00,58.56,11.50,M,M
GRI,2025-06-02 02:53,65.00,53.00,65.12,11.50,M,M
GRI,2025-06-02 03:53,64.00,53.00,67.43,10.35,M,M
GRI,2025-06-02 04:53,66.00,52.00,60.62,11.50,M,M
GRI,2025-06-02 05:53,65.00,52.00,62.76,11.50,M,M
GRI,2025-06-02 06:53,65.00,53.00,65.12,11.50,M,M
GRI,2025-06-02 07:53,68.00,54.00,60.89,9.20,6000.00,M
GRI,2025-06-02 08:53,74.00,58.00,57.42,18.40,M,M
GRI,2025-06-02 09:53,78.00,60.00,54.00,18.40,M,29.90
GRI,2025-06-02 10:53,82.00,62.00,50.87,14.95,M,29.90
GRI,2025-06-02 11:53,85.00,61.00,44.58,14.95,M,34.50
GRI,2025-06-02 12:53,88.00,61.00,40.53,18.40,M,33.35
GRI,2025-06-02 13:53,89.00,61.00,39.28,20.70,M,36.80
GRI,2025-06-02 14:53,90.00,60.00,36.73,20.70,M,35.65
GRI,2025-06-02 15:53,90.00,59.00,35.45,19.55,M,35.65
GRI,2025-06-02 16:53,88.00,58.00,36.42,20.70,M,31.05
GRI,2025-06-02 17:53,89.00,60.00,37.91,21.85,M,31.05
GRI,2025-06-02 18:53,85.00,57.00,38.64,14.95,M,29.90
GRI,2025-06-02 19:53,82.00,57.00,42.56,13.80,M,M
GRI,2025-06-02 20:53,80.00,58.00,47.08,6.90,M,M
GRI,2025-06-02 21:53,76.00,59.00,55.67,8.05,M,M
GRI,2025-06-02 22:53,77.00,60.00,55.81,16.10,4900.00,M
GRI,2025-06-02 23:02,77.00,61.00,57.83,17.25,4500.00,M
GRI,2025-06-02 23:17,69.00,65.00,87.10,M,2200.00,34.50
GRI,2025-06-02 23:31,65.00,63.00,93.24,12.65,2000.00,34.50
GRI,2025-06-02 23:45,66.00,64.00,93.27,10.35,2000.00,34.50
GRI,2025-06-02 23:53,66.00,64.00,93.27,6.90,1800.00,34.50
GRI,2025-06-03 00:05,65.00,64.00,96.57,14.95,1600.00,M
GRI,2025-06-03 00:15,65.00,64.00,96.57,10.35,1400.00,M
GRI,2025-06-03 00:22,65.00,64.00,96.57,9.20,700.00,M
GRI,2025-06-03 00:41,66.00,63.00,90.06,20.70,800.00,M
GRI,2025-06-03 00:53,64.00,62.00,93.22,19.55,800.00,29.90
GRI,2025-06-03 01:13,63.00,61.00,93.19,19.55,800.00,32.20
GRI,2025-06-03 01:53,61.00,59.00,93.13,14.95,800.00,37.95
GRI,2025-06-03 02:53,60.00,57.00,89.81,16.10,3800.00,M
GRI,2025-06-03 03:53,59.00,57.00,93.07,11.50,900.00,M
GRI,2025-06-03 04:25,58.00,56.00,93.04,16.10,900.00,M
GRI,2025-06-03 04:37,57.00,55.00,93.01,19.55,700.00,M
GRI,2025-06-03 04:41,57.00,55.00,93.01,17.25,700.00,M
GRI,2025-06-03 04:53,57.00,55.00,93.01,12.65,700.00,M
GRI,2025-06-03 05:00,56.00,55.00,96.44,13.80,700.00,M
GRI,2025-06-03 05:10,56.00,55.00,96.44,16.10,700.00,M
GRI,2025-06-03 05:53,55.00,53.00,92.95,16.10,800.00,29.90
GRI,2025-06-03 06:13,54.00,52.00,92.92,18.40,1000.00,31.05
GRI,2025-06-03 06:53,53.00,51.00,92.89,21.85,800.00,32.20
GRI,2025-06-03 07:05,53.00,51.00,92.89,20.70,800.00,34.50
GRI,2025-06-03 07:27,53.00,51.00,92.89,23.00,800.00,34.50
GRI,2025-06-03 07:53,53.00,51.00,92.89,21.85,800.00,34.50
GRI,2025-06-03 08:38,53.00,51.00,92.89,20.70,1000.00,33.35
GRI,2025-06-03 08:53,53.00,51.00,92.89,23.00,1100.00,33.35
GRI,2025-06-03 09:53,53.00,51.00,92.89,20.70,1300.00,29.90
GRI,2025-06-03 10:00,53.00,50.00,89.51,19.55,1000.00,29.90
GRI,2025-06-03 10:12,53.00,51.00,92.89,16.10,1500.00,29.90
GRI,2025-06-03 10:33,53.00,50.00,89.51,17.25,1300.00,29.90
GRI,2025-06-03 10:53,53.00,50.00,89.51,18.40,1300.00,29.90
GRI,2025-06-03 11:25,53.00,51.00,92.89,14.95,1100.00,29.90
GRI,2025-06-03 11:53,54.00,51.00,89.55,17.25,1300.00,29.90
GRI,2025-06-03 12:53,53.00,50.00,89.51,16.10,5500.00,M
GRI,2025-06-03 13:53,53.00,50.00,89.51,11.50,4900.00,M
GRI,2025-06-03 14:53,56.00,53.00,89.64,11.50,6500.00,M
GRI,2025-06-03 15:53,58.00,51.00,77.47,13.80,10000.00,M
GRI,2025-06-03 16:53,61.00,49.00,64.62,12.65,6500.00,M
GRI,2025-06-03 17:53,63.00,48.00,58.01,13.80,M,M
GRI,2025-06-03 18:53,63.00,48.00,58.01,11.50,10000.00,M
GRI,2025-06-03 19:53,64.00,49.00,58.15,10.35,M,M
GRI,2025-06-03 20:53,58.00,51.00,77.47,0.00,M,M
GRI,2025-06-03 21:53,54.00,51.00,89.55,4.60,M,M
GRI,2025-06-03 22:53,54.00,50.00,86.29,6.90,M,M
GRI,2025-06-03 23:53,52.00,49.00,89.46,8.05,M,M
GRI,2025-06-04 00:53,52.00,48.00,86.18,6.90,M,M
GRI,2025-06-04 01:53,51.00,47.00,86.12,8.05,M,M
GRI,2025-06-04 02:53,49.00,46.00,89.33,5.75,M,M
GRI,2025-06-04 03:53,49.00,46.00,89.33,8.05,M,M
GRI,2025-06-04 04:53,48.00,45.00,89.28,4.60,M,M
GRI,2025-06-04 05:53,48.00,45.00,89.28,4.60,M,M
GRI,2025-06-04 06:53,49.00,46.00,89.33,5.75,M,M
GRI,2025-06-04 07:53,54.00,48.00,80.08,6.90,M,M
GRI,2025-06-04 08:53,58.00,48.00,69.28,6.90,M,M
GRI,2025-06-04 09:53,62.00,49.00,62.38,4.60,M,M
GRI,2025-06-04 10:53,64.00,49.00,58.15,4.60,M,M
GRI,2025-06-04 11:53,67.00,46.00,46.80,0.00,M,M
GRI,2025-06-04 12:53,68.00,46.00,45.22,3.45,12000.00,M
GRI,2025-06-04 13:53,70.00,41.00,34.87,4.60,M,M
GRI,2025-06-04 14:53,72.00,44.00,36.56,5.75,M,M
GRI,2025-06-04 15:53,72.00,44.00,36.56,4.60,6500.00,M
GRI,2025-06-04 16:53,71.00,47.00,42.38,5.75,7000.00,M
GRI,2025-06-04 17:53,71.00,44.00,37.82,4.60,9500.00,M
GRI,2025-06-04 18:53,70.00,47.00,43.85,9.20,9000.00,M
GRI,2025-06-04 19:53,69.00,50.00,50.77,5.75,M,M
GRI,2025-06-04 20:53,66.00,51.00,58.42,4.60,10000.00,M
GRI,2025-06-04 21:53,62.00,51.00,67.19,5.75,9500.00,M
GRI,2025-06-04 22:53,62.00,51.00,67.19,4.60,8500.00,M
GRI,2025-06-04 23:53,62.00,51.00,67.19,3.45,8000.00,M
GRI,2025-06-05 00:53,60.00,54.00,80.54,0.00,8000.00,M
GRI,2025-06-05 01:53,60.00,56.00,86.62,0.00,8000.00,M
GRI,2025-06-05 02:53,60.00,56.00,86.62,0.00,8000.00,M
GRI,2025-06-05 03:53,59.00,55.00,86.57,3.45,M,M
GRI,2025-06-05 04:53,57.00,54.00,89.68,4.60,9000.00,M
GRI,2025-06-05 05:53,58.00,54.00,86.51,0.00,8500.00,M
GRI,2025-06-05 06:53,59.00,53.00,80.47,5.75,8000.00,M
GRI,2025-06-05 07:53,60.00,54.00,80.54,3.45,8000.00,M
GRI,2025-06-05 08:53,61.00,55.00,80.62,3.45,8500.00,M
GRI,2025-06-05 09:53,63.00,54.00,72.44,5.75,9500.00,M
GRI,2025-06-05 10:53,64.00,53.00,67.43,10.35,9500.00,M
GRI,2025-06-05 11:53,65.00,53.00,65.12,9.20,9000.00,M
GRI,2025-06-05 12:53,64.00,54.00,69.94,6.90,9000.00,M
GRI,2025-06-05 13:53,67.00,56.00,67.78,10.35,8000.00,M
GRI,2025-06-05 14:53,63.00,57.00,80.77,8.05,2700.00,M
GRI,2025-06-05 15:53,64.00,57.00,77.99,11.50,3800.00,M
GRI,2025-06-05 16:53,64.00,56.00,75.22,9.20,5000.00,M
GRI,2025-06-05 17:48,60.80,57.20,87.93,0.00,3100.00,M
GRI,2025-06-05 17:53,60.00,56.00,86.62,0.00,3100.00,M
GRI,2025-06-05 18:00,60.00,57.00,89.81,3.45,3100.00,M
GRI,2025-06-05 18:42,59.00,57.00,93.07,6.90,2700.00,M
GRI,2025-06-05 18:53,58.00,56.00,93.04,6.90,2600.00,M
GRI,2025-06-05 19:07,58.00,56.00,93.04,6.90,2100.00,M
GRI,2025-06-05 19:27,57.00,56.00,96.45,5.75,1900.00,M
GRI,2025-06-05 19:39,57.00,56.00,96.45,5.75,1900.00,M
GRI,2025-06-05 19:53,58.00,56.00,93.04,3.45,1900.00,M
GRI,2025-06-05 20:02,58.00,56.00,93.04,0.00,1900.00,M
GRI,2025-06-05 20:14,58.00,56.00,93.04,5.75,1800.00,M
GRI,2025-06-05 20:53,58.00,57.00,96.47,5.75,2300.00,M
GRI,2025-06-05 20:59,58.00,57.00,96.47,4.60,600.00,M
GRI,2025-06-05 21:11,58.00,57.00,96.47,6.90,600.00,M
GRI,2025-06-05 21:15,58.00,57.00,96.47,6.90,600.00,M
GRI,2025-06-05 21:51,57.20,57.20,100.00,6.90,500.00,M
GRI,2025-06-05 21:53,58.00,57.00,96.47,5.75,500.00,M
GRI,2025-06-05 22:23,58.00,57.00,96.47,5.75,400.00,M
GRI,2025-06-05 22:53,59.00,58.00,96.48,4.60,400.00,M
GRI,2025-06-05 23:53,58.00,57.00,96.47,5.75,400.00,M
GRI,2025-06-06 00:21,58.00,57.00,96.47,5.75,400.00,M
GRI,2025-06-06 00:30,58.00,57.00,96.47,6.90,400.00,M
GRI,2025-06-06 00:53,58.00,57.00,96.47,4.60,400.00,M
GRI,2025-06-06 01:53,58.00,57.00,96.47,9.20,400.00,M
GRI,2025-06-06 02:16,58.00,56.00,93.04,6.90,500.00,M
GRI,2025-06-06 02:53,58.00,57.00,96.47,6.90,600.00,M
GRI,2025-06-06 03:53,58.00,57.00,96.47,8.05,600.00,M
GRI,2025-06-06 04:53,58.00,57.00,96.47,5.75,600.00,M
GRI,2025-06-06 05:53,57.00,56.00,96.45,4.60,600.00,M
GRI,2025-06-06 06:03,57.00,56.00,96.45,4.60,600.00,M
GRI,2025-06-06 06:27,57.00,57.00,100.00,5.75,400.00,M
GRI,2025-06-06 06:38,58.00,57.00,96.47,6.90,500.00,M
GRI,2025-06-06 06:53,58.00,57.00,96.47,6.90,500.00,M
GRI,2025-06-06 07:19,58.00,57.00,96.47,5.75,600.00,M
GRI,2025-06-06 07:43,59.00,57.00,93.07,5.75,400.00,M
GRI,2025-06-06 07:53,59.00,57.00,93.07,5.75,400.00,M
GRI,2025-06-06 08:28,59.00,57.00,93.07,5.75,500.00,M
GRI,2025-06-06 08:53,60.00,57.00,89.81,6.90,600.00,M
GRI,2025-06-06 09:53,62.00,57.00,83.67,8.05,1400.00,M
GRI,2025-06-06 10:37,63.00,56.00,77.91,5.75,1400.00,M
GRI,2025-06-06 10:53,65.00,57.00,75.32,4.60,1400.00,M
GRI,2025-06-06 11:53,66.00,54.00,65.24,4.60,2000.00,M
GRI,2025-06-06 12:40,68.00,56.00,65.48,6.90,2800.00,M
GRI,2025-06-06 12:53,68.00,55.00,63.15,6.90,2800.00,M
GRI,2025-06-06 13:53,70.00,55.00,58.97,6.90,3900.00,M
GRI,2025-06-06 14:53,71.00,55.00,57.00,3.45,3500.00,M
GRI,2025-06-06 15:53,71.00,54.00,54.96,3.45,3900.00,M
GRI,2025-06-06 16:53,71.00,56.00,59.11,8.05,4000.00,M
GRI,2025-06-06 17:53,70.00,56.00,61.15,9.20,3900.00,M
GRI,2025-06-06 18:53,70.00,56.00,61.15,5.75,4100.00,M
GRI,2025-06-06 19:53,69.00,56.00,63.27,3.45,4300.00,M
GRI,2025-06-06 20:53,67.00,60.00,78.24,0.00,11000.00,M
GRI,2025-06-06 21:53,64.00,60.00,86.84,6.90,10000.00,M
GRI,2025-06-06 22:53,64.00,59.00,83.80,5.75,10000.00,M
GRI,2025-06-06 23:53,64.00,59.00,83.80,0.00,9000.00,M
GRI,2025-06-07 00:53,63.00,59.00,86.79,0.00,8000.00,M
GRI,2025-06-07 01:53,62.00,58.00,86.73,4.60,10000.00,M
GRI,2025-06-07 02:53,60.00,58.00,93.10,3.45,7500.00,M
GRI,2025-06-07 03:53,62.00,57.00,83.67,3.45,5500.00,M
GRI,2025-06-07 04:53,61.00,59.00,93.13,11.50,3400.00,M
GRI,2025-06-07 05:06,62.00,57.00,83.67,6.90,3400.00,M
GRI,2025-06-07 05:15,61.00,58.00,89.85,6.90,3700.00,M
GRI,2025-06-07 05:53,60.00,59.00,96.50,6.90,4700.00,M
GRI,2025-06-07 06:22,60.00,59.00,96.50,3.45,3200.00,M
GRI,2025-06-07 06:34,60.00,59.00,96.50,0.00,3200.00,M
GRI,2025-06-07 06:53,60.00,59.00,96.50,0.00,3000.00,M
GRI,2025-06-07 07:32,60.00,59.00,96.50,4.60,1100.00,M
GRI,2025-06-07 07:53,60.00,59.00,96.50,8.05,1100.00,M
GRI,2025-06-07 08:53,62.00,59.00,89.89,5.75,7000.00,M
GRI,2025-06-07 09:53,66.00,59.00,78.16,3.45,7000.00,M
GRI,2025-06-07 10:53,70.00,60.00,70.59,6.90,1600.00,M
GRI,2025-06-07 11:53,72.00,57.00,59.24,9.20,2000.00,M
GRI,2025-06-07 12:53,74.00,57.00,55.39,9.20,4300.00,M
GRI,2025-06-07 13:53,75.00,57.00,53.57,6.90,4300.00,M
GRI,2025-06-07 14:53,76.00,57.00,51.81,5.75,4500.00,M
GRI,2025-06-07 15:53,79.00,57.00,46.93,8.05,M,M
GRI,2025-06-07 16:53,78.00,57.00,48.50,6.90,M,M
GRI,2025-06-07 17:53,79.00,53.00,40.57,10.35,6000.00,M
GRI,2025-06-07 18:53,80.00,53.00,39.27,5.75,M,M
GRI,2025-06-07 19:53,79.00,53.00,40.57,0.00,M,M
GRI,2025-06-07 20:53,72.00,59.00,63.65,5.75,M,M
GRI,2025-06-07 21:53,68.00,59.00,72.95,6.90,M,M
GRI,2025-06-07 22:53,66.00,58.00,75.41,6.90,M,M
GRI,2025-06-07 23:53,66.00,57.00,72.74,8.05,M,M
GRI,2025-06-08 00:53,65.00,56.00,72.64,6.90,M,M
GRI,2025-06-08 01:53,64.00,57.00,77.99,12.65,M,M
GRI,2025-06-08 02:53,61.00,56.00,83.60,6.90,M,M
GRI,2025-06-08 03:53,64.00,56.00,75.22,11.50,M,M
GRI,2025-06-08 04:53,61.00,55.00,80.62,0.00,11000.00,M
GRI,2025-06-08 05:53,61.00,53.00,74.94,9.20,11000.00,M
GRI,2025-06-08 06:53,62.00,51.00,67.19,13.80,M,M
GRI,2025-06-08 07:53,62.00,45.00,53.65,18.40,3100.00,M
GRI,2025-06-08 08:53,60.00,44.00,55.43,18.40,4300.00,M
GRI,2025-06-08 09:53,57.00,47.00,69.16,11.50,6500.00,M
GRI,2025-06-08 10:53,58.00,45.00,61.85,9.20,3700.00,M
GRI,2025-06-08 11:53,56.00,46.00,69.05,10.35,9000.00,M
GRI,2025-06-08 12:53,56.00,46.00,69.05,6.90,9500.00,M
GRI,2025-06-08 13:53,55.00,49.00,80.16,11.50,10000.00,M
GRI,2025-06-08 14:53,58.00,49.00,71.92,11.50,11000.00,M
GRI,2025-06-08 15:53,61.00,48.00,62.25,14.95,10000.00,M
GRI,2025-06-08 16:53,67.00,49.00,52.39,14.95,12000.00,M
GRI,2025-06-08 17:53,68.00,46.00,45.22,16.10,12000.00,M
GRI,2025-06-08 18:53,69.00,48.00,47.11,13.80,11000.00,M
GRI,2025-06-08 19:53,68.00,48.00,48.76,12.65,M,M
GRI,2025-06-08 20:53,65.00,49.00,56.15,9.20,M,M
GRI,2025-06-08 21:53,61.00,50.00,67.08,11.50,M,M
GRI,2025-06-08 22:53,61.00,49.00,64.62,9.20,10000.00,M
GRI,2025-06-08 23:53,58.00,50.00,74.65,9.20,11000.00,M
GRI,2025-06-09 00:53,57.00,50.00,77.39,8.05,11000.00,M
GRI,2025-06-09 01:53,56.00,48.00,74.46,6.90,11000.00,M
GRI,2025-06-09 02:53,53.00,47.00,80.00,8.05,M,M
GRI,2025-06-09 03:53,55.00,45.00,68.94,10.35,M,M
GRI,2025-06-09 04:53,54.00,44.00,68.82,11.50,M,M
GRI,2025-06-09 05:53,53.00,42.00,66.11,10.35,M,M
GRI,2025-06-09 06:53,54.00,41.00,61.32,10.35,M,M
GRI,2025-06-09 07:53,57.00,42.00,57.16,12.65,M,M
GRI,2025-06-09 08:53,62.00,43.00,49.70,11.50,M,M
GRI,2025-06-09 09:53,67.00,41.00,38.65,18.40,M,M
GRI,2025-06-09 10:53,70.00,42.00,36.24,24.15,M,35.65
GRI,2025-06-09 11:53,71.00,41.00,33.70,20.70,M,32.20
GRI,2025-06-09 12:53,73.00,42.00,32.74,21.85,M,29.90
GRI,2025-06-09 13:53,74.00,41.00,30.46,14.95,M,34.50
GRI,2025-06-09 14:53,76.00,42.00,29.62,23.00,M,31.05
GRI,2025-06-09 15:53,78.00,41.00,26.67,19.55,M,31.05
GRI,2025-06-09 16:53,78.00,40.00,25.66,19.55,M,29.90
GRI,2025-06-09 17:53,78.00,40.00,25.66,14.95,M,M
GRI,2025-06-09 18:53,77.00,41.00,27.57,11.50,M,M
GRI,2025-06-09 19:53,74.00,42.00,31.66,6.90,M,M
GRI,2025-06-09 20:53,69.00,44.00,40.49,0.00,M,M
GRI,2025-06-09 21:53,66.00,46.00,48.45,0.00,M,M
GRI,2025-06-09 22:53,59.00,51.00,74.75,3.45,M,M
GRI,2025-06-09 23:53,57.00,48.00,71.81,3.45,M,M
GRI,2025-06-10 00:53,56.00,51.00,83.27,0.00,M,M
GRI,2025-06-10 01:53,56.00,49.00,77.30,4.60,M,M
GRI,2025-06-10 02:53,53.00,49.00,86.23,4.60,M,M
GRI,2025-06-10 03:53,53.00,47.00,80.00,4.60,M,M
GRI,2025-06-10 04:53,54.00,44.00,68.82,5.75,M,M
GRI,2025-06-10 05:53,52.00,44.00,74.06,5.75,M,M
GRI,2025-06-10 06:53,55.00,43.00,63.87,3.45,M,M
GRI,2025-06-10 07:53,61.00,50.00,67.08,3.45,M,M
GRI,2025-06-10 08:53,68.00,45.00,43.53,3.45,M,M
GRI,2025-06-10 09:53,73.00,44.00,35.35,10.35,M,M
GRI,2025-06-10 10:53,78.00,47.00,33.54,10.35,M,M
GRI,2025-06-10 11:53,82.00,47.00,29.44,10.35,M,M
GRI,2025-06-10 12:53,85.00,46.00,25.74,8.05,M,M
GRI,2025-06-10 13:53,87.00,46.00,24.15,9.20,M,M
GRI,2025-06-10 14:53,89.00,43.00,20.22,9.20,M,M
GRI,2025-06-10 15:53,90.00,46.00,21.97,8.05,M,M
GRI,2025-06-10 16:53,91.00,44.00,19.74,10.35,M,M
GRI,2025-06-10 17:53,90.00,43.00,19.60,11.50,M,M
GRI,2025-06-10 18:53,89.00,45.00,21.83,8.05,M,M
GRI,2025-06-10 19:53,83.00,47.00,28.50,8.05,M,M
GRI,2025-06-10 20:53,78.00,47.00,33.54,9.20,M,M
GRI,2025-06-10 21:53,76.00,48.00,37.21,11.50,M,M
GRI,2025-06-10 22:53,74.00,47.00,38.31,11.50,M,M
GRI,2025-06-10 23:53,72.00,47.00,40.97,13.80,M,M
GRI,2025-06-11 00:53,71.00,49.00,45.69,12.65,M,M
GRI,2025-06-11 01:53,71.00,52.00,51.07,14.95,M,M
GRI,2025-06-11 02:53,68.00,53.00,58.70,12.65,M,M
GRI,2025-06-11 03:53,66.00,54.00,65.24,10.35,M,M
GRI,2025-06-11 04:53,64.00,55.00,72.54,10.35,M,M
GRI,2025-06-11 05:53,62.00,55.00,77.82,8.05,M,M
GRI,2025-06-11 06:53,64.00,56.00,75.22,9.20,M,M
GRI,2025-06-11 07:53,71.00,57.00,61.28,12.65,M,M
GRI,2025-06-11 08:53,76.00,59.00,55.67,14.95,M,M
GRI,2025-06-11 09:53,82.00,61.00,49.10,12.65,M,M
GRI,2025-06-11 10:53,87.00,57.00,36.26,18.40,M,M
GRI,2025-06-11 11:53,90.00,55.00,30.69,16.10,M,29.90
GRI,2025-06-11 12:53,91.00,53.00,27.65,18.40,M,29.90
GRI,2025-06-11 13:53,92.00,53.00,26.80,17.25,M,29.90
GRI,2025-06-11 14:53,92.00,52.00,25.83,14.95,M,M
GRI,2025-06-11 15:53,92.00,52.00,25.83,17.25,M,M
GRI,2025-06-11 16:53,92.00,54.00,27.80,18.40,9500.00,31.05
GRI,2025-06-11 17:53,91.00,53.00,27.65,19.55,M,M
GRI,2025-06-11 18:53,89.00,54.00,30.53,12.65,M,M
GRI,2025-06-11 19:53,86.00,52.00,31.19,13.80,M,M
GRI,2025-06-11 20:53,82.00,53.00,36.80,17.25,M,M
GRI,2025-06-11 21:53,78.00,54.00,43.49,11.50,M,M
GRI,2025-06-11 22:53,76.00,54.00,46.47,16.10,M,M
GRI,2025-06-11 23:53,74.00,54.00,49.67,14.95,M,M
GRI,2025-06-12 00:53,72.00,56.00,57.14,13.80,M,M
GRI,2025-06-12 01:53,71.00,56.00,59.11,14.95,M,M
GRI,2025-06-12 02:53,70.00,57.00,63.40,13.80,M,M
GRI,2025-06-12 03:53,69.00,57.00,65.60,14.95,M,M
GRI,2025-06-12 04:53,66.00,58.00,75.41,9.20,M,M
GRI,2025-06-12 05:53,64.00,58.00,80.85,8.05,M,M
GRI,2025-06-12 06:53,65.00,59.00,80.92,6.90,M,M
GRI,2025-06-12 07:53,66.00,60.00,81.00,9.20,M,M
GRI,2025-06-12 08:53,69.00,62.00,78.41,9.20,M,M
GRI,2025-06-12 09:53,72.00,63.00,73.34,8.05,M,M
GRI,2025-06-12 10:53,77.00,62.00,59.91,9.20,M,M
GRI,2025-06-12 11:53,79.00,60.00,52.25,18.40,M,M
GRI,2025-06-12 12:53,80.00,61.00,52.40,16.10,M,M
GRI,2025-06-12 13:53,81.00,62.00,52.55,19.55,M,M
GRI,2025-06-12 14:53,81.00,62.00,52.55,20.70,4500.00,29.90
GRI,2025-06-12 15:53,83.00,62.00,49.25,16.10,M,33.35
GRI,2025-06-12 16:53,83.00,61.00,47.54,20.70,M,29.90
GRI,2025-06-12 17:53,83.00,60.00,45.88,19.55,M,29.90
GRI,2025-06-12 18:53,81.00,61.00,50.72,13.80,M,29.90
GRI,2025-06-12 19:53,79.00,60.00,52.25,11.50,M,M
GRI,2025-06-12 20:53,75.00,60.00,59.64,8.05,M,M
GRI,2025-06-12 21:53,73.00,60.00,63.78,8.05,M,M
GRI,2025-06-12 22:53,72.00,59.00,63.65,9.20,M,M
GRI,2025-06-12 23:53,71.00,60.00,68.23,12.65,M,M
GRI,2025-06-13 00:53,70.00,60.00,70.59,13.80,M,M
GRI,2025-06-13 01:53,69.00,60.00,73.05,8.05,M,M
GRI,2025-06-13 02:53,69.00,60.00,73.05,9.20,M,M
GRI,2025-06-13 03:53,67.00,61.00,81.07,11.50,M,M
GRI,2025-06-13 04:53,67.00,60.00,78.24,12.65,M,M
GRI,2025-06-13 05:53,65.00,60.00,83.86,8.05,M,M
GRI,2025-06-13 06:53,65.00,61.00,86.89,0.00,M,M
GRI,2025-06-13 07:53,70.00,62.00,75.78,5.75,13000.00,M
GRI,2025-06-13 08:53,71.00,63.00,75.87,9.20,13000.00,M
GRI,2025-06-13 09:53,73.00,64.00,73.44,9.20,13000.00,M
GRI,2025-06-13 10:53,74.00,64.00,71.02,10.35,11000.00,M
GRI,2025-06-13 11:53,78.00,65.00,64.39,10.35,10000.00,M
GRI,2025-06-13 12:53,83.00,62.00,49.25,5.75,M,M
GRI,2025-06-13 13:53,85.00,60.00,43.03,5.75,M,M
GRI,2025-06-13 14:53,86.00,58.00,38.80,6.90,M,M
GRI,2025-06-13 15:53,89.00,57.00,34.04,4.60,M,M
GRI,2025-06-13 16:53,88.00,59.00,37.75,8.05,M,M
GRI,2025-06-13 17:53,88.00,59.00,37.75,4.60,M,M
GRI,2025-06-13 18:53,87.00,62.00,43.34,8.05,M,M
GRI,2025-06-13 19:53,84.00,62.00,47.69,8.05,M,M
GRI,2025-06-13 20:53,80.00,64.00,58.24,6.90,M,M
GRI,2025-06-13 21:53,77.00,63.00,62.06,10.35,M,M
GRI,2025-06-13 22:53,76.00,62.00,61.93,9.20,M,M
GRI,2025-06-13 23:53,73.00,62.00,68.46,8.05,M,M
GRI,2025-06-14 00:53,71.00,61.00,70.70,8.05,M,M
GRI,2025-06-14 01:53,72.00,61.00,68.35,10.35,M,M
GRI,2025-06-14 02:53,70.00,62.00,75.78,9.20,M,M
GRI,2025-06-14 03:53,69.00,63.00,81.22,4.60,11000.00,M
GRI,2025-06-14 04:53,68.00,63.00,84.05,5.75,M,M
GRI,2025-06-14 05:53,68.00,63.00,84.05,8.05,M,M
GRI,2025-06-14 06:53,69.00,64.00,84.12,5.75,M,M
GRI,2025-06-14 07:53,72.00,65.00,78.66,9.20,M,M
GRI,2025-06-14 08:53,76.00,68.00,76.32,12.65,M,M
GRI,2025-06-14 09:53,80.00,69.00,69.23,9.20,M,M
GRI,2025-06-14 10:53,83.00,69.00,62.81,6.90,M,M
GRI,2025-06-14 11:53,85.00,65.00,51.31,9.20,M,M
GRI,2025-06-14 12:53,86.00,66.00,51.46,10.35,M,M
GRI,2025-06-14 13:53,87.00,67.00,51.60,12.65,4500.00,M
GRI,2025-06-14 14:53,87.00,67.00,51.60,9.20,4800.00,M
GRI,2025-06-14 15:53,86.00,67.00,53.27,12.65,M,M
GRI,2025-06-14 16:53,87.00,66.00,49.85,11.50,M,M
GRI,2025-06-14 17:53,87.00,67.00,51.60,6.90,4900.00,M
GRI,2025-06-14 18:53,87.00,66.00,49.85,11.50,M,M
GRI,2025-06-14 19:53,84.00,66.00,54.85,4.60,M,M
GRI,2025-06-14 20:53,81.00,67.00,62.56,5.75,M,M
GRI,2025-06-14 21:53,80.00,67.00,64.63,9.20,5500.00,M
GRI,2025-06-14 22:53,78.00,68.00,71.43,10.35,M,M
GRI,2025-06-14 23:53,75.00,67.00,76.23,8.05,M,M
GRI,2025-06-15 00:53,72.00,67.00,84.30,6.90,M,M
GRI,2025-06-15 01:53,71.00,67.00,87.21,4.60,M,M
GRI,2025-06-15 02:53,70.00,66.00,87.16,3.45,M,M
GRI,2025-06-15 03:53,68.00,66.00,93.33,0.00,M,M
GRI,2025-06-15 04:53,67.00,65.00,93.30,5.75,M,M
GRI,2025-06-15 05:53,67.00,64.00,90.10,8.05,M,M
GRI,2025-06-15 06:53,67.00,64.00,90.10,6.90,M,M
GRI,2025-06-15 07:53,72.00,65.00,78.66,0.00,M,M
GRI,2025-06-15 08:53,76.00,64.00,66.43,5.75,M,M
GRI,2025-06-15 09:53,78.00,64.00,62.18,6.90,M,M
GRI,2025-06-15 10:53,81.00,65.00,58.37,6.90,3200.00,M
GRI,2025-06-15 11:53,82.00,66.00,58.51,9.20,3700.00,M
GRI,2025-06-15 12:53,86.00,65.00,49.70,8.05,4400.00,M
GRI,2025-06-15 13:53,86.00,63.00,46.34,10.35,5000.00,M
GRI,2025-06-15 14:53,88.00,64.00,45.05,12.65,5000.00,M
GRI,2025-06-15 15:53,89.00,64.00,43.65,12.65,6000.00,M
GRI,2025-06-15 16:53,90.00,63.00,40.85,10.35,M,M
GRI,2025-06-15 17:53,90.00,63.00,40.85,10.35,M,M
GRI,2025-06-15 18:53,89.00,63.00,42.15,10.35,M,M
GRI,2025-06-15 19:53,86.00,63.00,46.34,8.05,M,M
GRI,2025-06-15 20:53,80.00,64.00,58.24,5.75,M,M
GRI,2025-06-15 21:53,79.00,63.00,58.10,8.05,M,M
GRI,2025-06-15 22:53,79.00,62.00,56.09,11.50,M,M
GRI,2025-06-15 23:53,78.00,62.00,57.97,11.50,M,M
GRI,2025-06-16 00:53,76.00,63.00,64.15,12.65,M,M
GRI,2025-06-16 01:53,76.00,63.00,64.15,12.65,7000.00,M
GRI,2025-06-16 02:53,73.00,63.00,70.91,8.05,M,M
GRI,2025-06-16 03:53,74.00,63.00,68.57,12.65,11000.00,M
GRI,2025-06-16 04:53,75.00,63.00,66.32,13.80,M,M
GRI,2025-06-16 05:53,75.00,62.00,64.02,17.25,M,29.90
GRI,2025-06-16 06:53,74.00,62.00,66.20,14.95,M,M
GRI,2025-06-16 07:53,75.00,63.00,66.32,8.05,M,M
GRI,2025-06-16 08:53,74.00,64.00,71.02,3.45,3200.00,M
GRI,2025-06-16 09:53,77.00,64.00,64.27,8.05,M,M
GRI,2025-06-16 10:53,82.00,65.00,56.51,9.20,M,M
GRI,2025-06-16 11:53,85.00,66.00,53.12,9.20,M,M
GRI,2025-06-16 12:53,88.00,63.00,43.50,11.50,M,M
GRI,2025-06-16 13:53,90.00,62.00,39.43,17.25,M,M
GRI,2025-06-16 14:53,92.00,62.00,37.05,17.25,M,M
GRI,2025-06-16 15:53,92.00,62.00,37.05,17.25,M,31.05
GRI,2025-06-16 16:53,93.00,63.00,37.21,16.10,M,31.05
GRI,2025-06-16 17:53,92.00,64.00,39.75,18.40,M,29.90
GRI,2025-06-16 18:53,91.00,64.00,41.00,13.80,M,29.90
GRI,2025-06-16 19:53,88.00,64.00,45.05,12.65,M,M
GRI,2025-06-16 20:53,85.00,63.00,47.84,9.20,7000.00,M
GRI,2025-06-16 21:31,77.00,59.00,53.86,40.25,6500.00,55.20
GRI,2025-06-16 21:53,69.00,62.00,78.41,9.20,3700.00,55.20
GRI,2025-06-16 22:03,66.00,63.00,90.06,23.00,800.00,35.65
GRI,2025-06-16 22:07,65.00,63.00,93.24,35.65,800.00,51.75
GRI,2025-06-16 22:09,65.00,64.00,96.57,43.70,800.00,58.65
GRI,2025-06-16 22:28,67.00,65.00,93.30,27.60,800.00,58.65
GRI,2025-06-16 22:34,67.00,65.00,93.30,27.60,1500.00,58.65
GRI,2025-06-16 22:39,67.00,65.00,93.30,24.15,1500.00,58.65
GRI,2025-06-16 22:53,67.00,65.00,93.30,23.00,2800.00,58.65
GRI,2025-06-16 23:12,66.00,63.00,90.06,6.90,11000.00,32.20
GRI,2025-06-16 23:20,67.00,64.00,90.10,14.95,11000.00,32.20
GRI,2025-06-16 23:27,67.00,64.00,90.10,11.50,10000.00,32.20
GRI,2025-06-16 23:53,66.00,63.00,90.06,8.05,9500.00,32.20
GRI,2025-06-17 00:12,66.00,63.00,90.06,12.65,11000.00,M
GRI,2025-06-17 00:53,64.00,61.00,89.98,20.70,10000.00,31.05
GRI,2025-06-17 01:11,64.00,61.00,89.98,19.55,5000.00,M
GRI,2025-06-17 01:53,65.00,60.00,83.86,13.80,11000.00,33.35
GRI,2025-06-17 02:53,65.00,58.00,78.08,17.25,9500.00,41.40
GRI,2025-06-17 03:53,65.00,58.00,78.08,14.95,M,M
GRI,2025-06-17 04:53,68.00,56.00,65.48,16.10,M,M
GRI,2025-06-17 05:53,69.00,56.00,63.27,12.65,M,M
GRI,2025-06-17 06:53,65.00,59.00,80.92,12.65,M,M
GRI,2025-06-17 07:53,65.00,59.00,80.92,13.80,M,M
GRI,2025-06-17 08:53,68.00,62.00,81.15,4.60,M,M
GRI,2025-06-17 09:53,68.00,62.00,81.15,11.50,M,M
GRI,2025-06-17 10:53,71.00,62.00,73.24,13.80,M,M
GRI,2025-06-17 11:41,74.00,62.00,66.20,18.40,3800.00,M
GRI,2025-06-17 11:53,73.00,61.00,66.08,21.85,3800.00,M
GRI,2025-06-17 12:53,74.00,60.00,61.67,17.25,4900.00,29.90
GRI,2025-06-17 13:53,77.00,63.00,62.06,16.10,M,M
GRI,2025-06-17 14:53,76.00,61.00,59.78,11.50,M,M
GRI,2025-06-17 15:53,78.00,61.00,55.95,0.00,M,M
GRI,2025-06-17 16:53,78.00,62.00,57.97,5.75,M,M
GRI,2025-06-17 17:53,80.00,60.00,50.57,3.45,M,M
GRI,2025-06-17 18:53,80.00,62.00,54.29,4.60,M,M
GRI,2025-06-17 19:53,77.00,62.00,59.91,5.75,M,M
GRI,2025-06-17 20:53,74.00,63.00,68.57,8.05,4800.00,M
GRI,2025-06-17 21:53,72.00,63.00,73.34,6.90,M,M
GRI,2025-06-17 22:53,70.00,65.00,84.18,3.45,M,M
GRI,2025-06-17 23:53,69.00,65.00,87.10,5.75,M,M
GRI,2025-06-18 00:53,67.00,65.00,93.30,4.60,M,M
GRI,2025-06-18 01:53,68.00,65.00,90.14,3.45,11000.00,M
GRI,2025-06-18 02:53,67.00,65.00,93.30,3.45,M,M
GRI,2025-06-18 03:53,67.00,65.00,93.30,0.00,M,M
GRI,2025-06-18 04:51,66.20,64.40,93.93,13.80,700.00,M
GRI,2025-06-18 04:53,66.00,64.00,93.27,12.65,900.00,M
GRI,2025-06-18 05:30,65.00,62.00,90.02,6.90,4700.00,M
GRI,2025-06-18 05:45,65.00,63.00,93.24,5.75,4700.00,M
GRI,2025-06-18 05:53,65.00,63.00,93.24,6.90,4900.00,M
GRI,2025-06-18 06:07,65.00,63.00,93.24,6.90,4800.00,M
GRI,2025-06-18 06:38,64.00,60.00,86.84,12.65,4800.00,M
GRI,2025-06-18 06:53,64.00,61.00,89.98,12.65,4800.00,M
GRI,2025-06-18 07:11,64.00,61.00,89.98,9.20,5000.00,M
GRI,2025-06-18 07:48,64.40,62.60,93.89,16.10,1100.00,M
GRI,2025-06-18 07:49,64.00,62.00,93.22,17.25,1100.00,M
GRI,2025-06-18 07:52,64.00,62.00,93.22,20.70,1100.00,M
GRI,2025-06-18 08:01,64.00,61.00,89.98,16.10,1100.00,M
GRI,2025-06-18 08:12,63.00,61.00,93.19,14.95,1100.00,M
GRI,2025-06-18 08:53,62.00,60.00,93.16,12.65,10000.00,M
GRI,2025-06-18 09:53,67.00,62.00,83.99,16.10,M,M
GRI,2025-06-18 10:53,70.00,61.00,73.15,12.65,7500.00,M
GRI,2025-06-18 11:53,72.00,62.00,70.81,13.80,2300.00,M
GRI,2025-06-18 12:53,69.00,62.00,78.41,5.75,6500.00,M
GRI,2025-06-18 13:53,71.00,62.00,73.24,0.00,7500.00,M
GRI,2025-06-18 14:53,75.00,59.00,57.55,3.45,M,M
GRI,2025-06-18 15:53,78.00,60.00,54.00,9.20,3600.00,M
GRI,2025-06-18 16:53,78.00,61.00,55.95,5.75,3900.00,M
GRI,2025-06-18 17:53,79.00,60.00,52.25,10.35,M,M
GRI,2025-06-18 18:53,79.00,58.00,48.65,13.80,M,M
GRI,2025-06-18 19:53,77.00,59.00,53.86,6.90,M,M
GRI,2025-06-18 20:53,74.00,61.00,63.90,3.45,M,M
GRI,2025-06-18 21:53,71.00,62.00,73.24,0.00,M,M
GRI,2025-06-18 22:53,66.00,61.00,83.93,3.45,M,M
GRI,2025-06-18 23:53,67.00,61.00,81.07,3.45,M,M
GRI,2025-06-19 00:53,65.00,61.00,86.89,4.60,M,M
GRI,2025-06-19 01:53,64.00,60.00,86.84,5.75,M,M
GRI,2025-06-19 02:53,63.00,60.00,89.94,4.60,M,M
GRI,2025-06-19 03:53,64.00,60.00,86.84,4.60,M,M
GRI,2025-06-19 04:53,62.00,59.00,89.89,5.75,M,M
GRI,2025-06-19 05:53,63.00,59.00,86.79,6.90,M,M
GRI,2025-06-19 06:53,66.00,60.00,81.00,8.05,M,M
GRI,2025-06-19 07:53,69.00,61.00,75.69,6.90,M,M
GRI,2025-06-19 08:53,75.00,62.00,64.02,6.90,M,M
GRI,2025-06-19 09:53,79.00,62.00,56.09,6.90,M,M
GRI,2025-06-19 10:53,81.00,63.00,54.43,11.50,M,M
GRI,2025-06-19 11:53,84.00,64.00,51.16,11.50,M,M
GRI,2025-06-19 12:53,87.00,66.00,49.85,14.95,M,M
GRI,2025-06-19 13:53,88.00,66.00,48.30,14.95,M,M
GRI,2025-06-19 14:53,89.00,64.00,43.65,21.85,M,32.20
GRI,2025-06-19 15:53,90.00,65.00,43.80,16.10,M,29.90
GRI,2025-06-19 16:53,91.00,63.00,39.59,20.70,M,37.95
GRI,2025-06-19 17:53,91.00,61.00,36.89,19.55,M,32.20
GRI,2025-06-19 18:53,90.00,63.00,40.85,19.55,M,32.20
GRI,2025-06-19 19:53,87.00,63.00,44.89,18.40,M,29.90
GRI,2025-06-19 20:53,84.00,66.00,54.85,16.10,M,M
GRI,2025-06-19 21:53,82.00,66.00,58.51,16.10,M,M
GRI,2025-06-19 22:53,81.00,65.00,58.37,18.40,M,29.90
GRI,2025-06-19 23:14,81.00,65.00,58.37,13.80,M,29.90
GRI,2025-06-19 23:50,77.00,64.40,65.17,12.65,M,29.90
GRI,2025-06-19 23:53,77.00,64.00,64.27,10.35,M,29.90
GRI,2025-06-20 00:53,76.00,65.00,68.79,12.65,M,M
GRI,2025-06-20 01:53,75.00,66.00,73.64,16.10,M,M
GRI,2025-06-20 02:53,75.00,68.00,78.90,14.95,M,M
GRI,2025-06-20 03:53,77.00,69.00,76.41,16.10,M,M
GRI,2025-06-20 04:53,78.00,68.00,71.43,16.10,M,M
GRI,2025-06-20 05:53,77.00,69.00,76.41,16.10,M,M
GRI,2025-06-20 06:53,78.00,69.00,73.93,19.55,M,32.20
GRI,2025-06-20 07:53,80.00,69.00,69.23,19.55,M,36.80
GRI,2025-06-20 08:53,83.00,69.00,62.81,21.85,M,34.50
GRI,2025-06-20 09:53,86.00,69.00,57.06,25.30,M,34.50
GRI,2025-06-20 10:53,89.00,68.00,50.14,23.00,M,37.95
GRI,2025-06-20 11:53,93.00,69.00,45.81,20.70,M,39.10
GRI,2025-06-20 12:53,95.00,69.00,43.07,16.10,M,37.95
GRI,2025-06-20 13:53,96.00,66.00,37.68,27.60,M,40.25
GRI,2025-06-20 14:53,97.00,65.00,35.30,26.45,M,41.40
GRI,2025-06-20 15:53,98.00,63.00,31.93,26.45,M,46.00
GRI,2025-06-20 16:53,98.00,62.00,30.82,25.30,M,46.00
GRI,2025-06-20 17:53,96.00,64.00,35.14,26.45,M,44.85
GRI,2025-06-20 18:53,94.00,65.00,38.69,27.60,M,42.55
GRI,2025-06-20 19:53,91.00,65.00,42.46,21.85,M,39.10
GRI,2025-06-20 20:53,89.00,66.00,46.80,20.70,M,34.50
GRI,2025-06-20 21:53,87.00,64.00,46.49,19.55,M,34.50
GRI,2025-06-20 22:53,86.00,65.00,49.70,24.15,M,39.10
GRI,2025-06-20 23:53,85.00,65.00,51.31,24.15,M,41.40
GRI,2025-06-21 00:53,84.00,66.00,54.85,21.85,M,41.40
GRI,2025-06-21 01:53,82.00,67.00,60.57,23.00,M,37.95
GRI,2025-06-21 02:53,82.00,67.00,60.57,24.15,M,36.80
GRI,2025-06-21 03:53,81.00,67.00,62.56,23.00,M,34.50
GRI,2025-06-21 04:53,80.00,66.00,62.44,20.70,M,34.50
GRI,2025-06-21 05:53,80.00,66.00,62.44,21.85,M,34.50
GRI,2025-06-21 06:53,79.00,65.00,62.31,21.85,M,36.80
GRI,2025-06-21 07:53,81.00,64.00,56.37,24.15,M,37.95
GRI,2025-06-21 08:53,83.00,64.00,52.84,27.60,M,41.40
GRI,2025-06-21 09:53,86.00,64.00,47.99,23.00,M,40.25
GRI,2025-06-21 10:53,89.00,65.00,45.20,26.45,M,44.85
GRI,2025-06-21 11:53,91.00,66.00,43.96,27.60,M,49.45
GRI,2025-06-21 12:53,93.00,66.00,41.31,28.75,M,44.85
GRI,2025-06-21 13:53,96.00,67.00,39.00,24.15,M,44.85
GRI,2025-06-21 14:53,97.00,68.00,39.16,24.15,M,41.40
GRI,2025-06-21 15:53,97.00,67.00,37.83,24.15,M,44.85
GRI,2025-06-21 16:53,97.00,68.00,39.16,24.15,M,42.55
GRI,2025-06-21 17:53,96.00,67.00,39.00,29.90,M,43.70
GRI,2025-06-21 18:53,94.00,69.00,44.42,19.55,M,42.55
GRI,2025-06-21 19:53,91.00,69.00,48.74,21.85,M,36.80
GRI,2025-06-21 20:53,88.00,68.00,51.75,20.70,M,34.50
GRI,2025-06-21 21:53,87.00,67.00,51.60,21.85,M,37.95
GRI,2025-06-21 22:53,85.00,67.00,54.99,21.85,M,36.80
GRI,2025-06-21 23:53,84.00,67.00,56.78,19.55,M,35.65
GRI,2025-06-22 00:53,82.00,67.00,60.57,21.85,M,36.80
GRI,2025-06-22 01:53,81.00,68.00,64.76,18.40,M,35.65
GRI,2025-06-22 02:53,79.00,67.00,66.78,20.70,M,33.35
GRI,2025-06-22 03:53,78.00,67.00,69.01,23.00,M,33.35
GRI,2025-06-22 04:53,78.00,66.00,66.67,19.55,M,33.35
GRI,2025-06-22 05:53,77.00,65.00,66.55,18.40,M,32.20
GRI,2025-06-22 06:53,77.00,65.00,66.55,23.00,M,32.20
GRI,2025-06-22 07:53,79.00,66.00,64.51,25.30,M,41.40
GRI,2025-06-22 08:53,81.00,66.00,60.44,25.30,M,42.55
GRI,2025-06-22 09:53,83.00,66.00,56.65,27.60,M,48.30
GRI,2025-06-22 10:53,86.00,67.00,53.27,24.15,M,43.70
GRI,2025-06-22 11:53,88.00,67.00,50.00,29.90,M,43.70
GRI,2025-06-22 12:53,91.00,68.00,47.10,27.60,M,44.85
GRI,2025-06-22 13:53,92.00,68.00,45.66,25.30,M,42.55
GRI,2025-06-22 14:53,93.00,69.00,45.81,27.60,M,42.55
GRI,2025-06-22 15:53,93.00,67.00,42.77,31.05,M,47.15
GRI,2025-06-22 16:53,93.00,68.00,44.27,28.75,M,42.55
GRI,2025-06-22 17:53,92.00,69.00,47.25,26.45,M,43.70
GRI,2025-06-22 18:53,91.00,68.00,47.10,29.90,M,44.85
GRI,2025-06-22 19:53,89.00,68.00,50.14,23.00,M,43.70
GRI,2025-06-22 20:53,87.00,67.00,51.60,28.75,M,44.85
GRI,2025-06-22 21:53,86.00,66.00,51.46,25.30,M,39.10
GRI,2025-06-22 22:53,84.00,66.00,54.85,27.60,M,37.95
GRI,2025-06-22 23:53,83.00,66.00,56.65,25.30,M,42.55
GRI,2025-06-23 00:53,82.00,65.00,56.51,26.45,M,39.10
GRI,2025-06-23 01:53,80.00,65.00,60.30,17.25,M,37.95
GRI,2025-06-23 02:53,79.00,65.00,62.31,12.65,M,31.05
GRI,2025-06-23 03:13,79.00,65.00,62.31,11.50,M,M
GRI,2025-06-23 03:28,78.00,66.00,66.67,10.35,5000.00,M
GRI,2025-06-23 03:38,76.00,67.00,73.73,8.05,5000.00,M
GRI,2025-06-23 03:53,76.00,67.00,73.73,8.05,5500.00,M
GRI,2025-06-23 04:31,69.00,67.00,93.36,14.95,1200.00,M
GRI,2025-06-23 04:53,69.00,66.00,90.18,14.95,5000.00,M
GRI,2025-06-23 05:22,68.00,66.00,93.33,12.65,1100.00,M
GRI,2025-06-23 05:53,68.00,65.00,90.14,8.05,1200.00,M
GRI,2025-06-23 06:29,68.00,65.00,90.14,8.05,1000.00,M
GRI,2025-06-23 06:53,68.00,66.00,93.33,8.05,1100.00,M
GRI,2025-06-23 07:53,69.00,66.00,90.18,12.65,1100.00,M
GRI,2025-06-23 08:53,69.00,66.00,90.18,13.80,1000.00,M
GRI,2025-06-23 09:16,69.00,65.00,87.10,14.95,900.00,M
GRI,2025-06-23 09:53,68.00,65.00,90.14,16.10,900.00,M
GRI,2025-06-23 10:51,62.60,62.60,100.00,19.55,800.00,M
GRI,2025-06-23 10:53,63.00,62.00,96.54,18.40,800.00,M
GRI,2025-06-23 11:18,63.00,61.00,93.19,16.10,700.00,M
GRI,2025-06-23 11:46,62.00,61.00,96.53,14.95,600.00,33.35
GRI,2025-06-23 11:53,62.00,60.00,93.16,12.65,600.00,33.35
GRI,2025-06-23 12:01,62.00,61.00,96.53,16.10,600.00,M
GRI,2025-06-23 12:28,62.00,59.00,89.89,18.40,700.00,M
GRI,2025-06-23 12:53,63.00,60.00,89.94,13.80,1100.00,M
GRI,2025-06-23 13:51,64.40,60.80,88.10,14.95,1200.00,M
GRI,2025-06-23 13:53,65.00,60.00,83.86,14.95,1200.00,M
GRI,2025-06-23 14:02,66.00,61.00,83.93,14.95,1200.00,M
GRI,2025-06-23 14:39,67.00,61.00,81.07,18.40,1500.00,M
GRI,2025-06-23 14:53,68.00,61.00,78.33,16.10,1500.00,M
GRI,2025-06-23 15:53,68.00,61.00,78.33,17.25,1700.00,M
GRI,2025-06-23 16:32,68.00,61.00,78.33,18.40,1900.00,M
GRI,2025-06-23 16:53,69.00,61.00,75.69,14.95,1900.00,M
GRI,2025-06-23 17:03,68.00,61.00,78.33,18.40,1900.00,M
GRI,2025-06-23 17:25,68.00,61.00,78.33,11.50,2300.00,M
GRI,2025-06-23 17:53,71.00,62.00,73.24,16.10,2400.00,M
GRI,2025-06-23 18:53,71.00,61.00,70.70,14.95,6000.00,M
GRI,2025-06-23 19:53,70.00,62.00,75.78,12.65,M,M
GRI,2025-06-23 20:53,70.00,62.00,75.78,10.35,2200.00,M
GRI,2025-06-23 21:09,70.00,62.00,75.78,10.35,2300.00,M
GRI,2025-06-23 21:53,69.00,64.00,84.12,5.75,2300.00,M
GRI,2025-06-23 22:08,68.00,64.00,87.05,3.45,2400.00,M
GRI,2025-06-23 22:53,68.00,65.00,90.14,6.90,1900.00,M
GRI,2025-06-23 23:53,68.00,66.00,93.33,5.75,1600.00,M
GRI,2025-06-24 00:25,68.00,66.00,93.33,4.60,1400.00,M
GRI,2025-06-24 00:53,66.00,63.00,90.06,10.35,1400.00,M
GRI,2025-06-24 01:53,66.00,63.00,90.06,8.05,1400.00,M
GRI,2025-06-24 02:53,65.00,62.00,90.02,6.90,1100.00,M
GRI,2025-06-24 03:44,64.00,61.00,89.98,5.75,900.00,M
GRI,2025-06-24 03:53,64.00,61.00,89.98,0.00,900.00,M
GRI,2025-06-24 04:53,65.00,62.00,90.02,4.60,700.00,M
GRI,2025-06-24 05:53,65.00,63.00,93.24,3.45,600.00,M
GRI,2025-06-24 06:26,65.00,63.00,93.24,3.45,400.00,M
GRI,2025-06-24 06:39,65.00,64.00,96.57,4.60,300.00,M
GRI,2025-06-24 06:53,65.00,64.00,96.57,5.75,300.00,M
GRI,2025-06-24 07:00,65.00,64.00,96.57,3.45,300.00,M
GRI,2025-06-24 07:53,66.00,65.00,96.59,0.00,200.00,M
GRI,2025-06-24 08:13,67.00,66.00,96.60,0.00,200.00,M
GRI,2025-06-24 08:31,67.00,66.00,96.60,3.45,200.00,M
GRI,2025-06-24 08:44,68.00,66.00,93.33,0.00,200.00,M
GRI,2025-06-24 08:53,68.00,66.00,93.33,0.00,200.00,M
GRI,2025-06-24 09:21,68.00,66.00,93.33,0.00,300.00,M
GRI,2025-06-24 09:53,70.00,67.00,90.22,0.00,400.00,M
GRI,2025-06-24 10:08,70.00,68.00,93.38,0.00,500.00,M
GRI,2025-06-24 10:53,71.00,68.00,90.26,0.00,700.00,M
GRI,2025-06-24 11:49,73.40,69.80,88.53,3.45,1000.00,M
GRI,2025-06-24 11:53,74.00,69.00,84.43,3.45,1000.00,M
GRI,2025-06-24 12:37,75.00,69.00,81.65,0.00,1500.00,M
GRI,2025-06-24 12:53,77.00,70.00,79.06,5.75,1800.00,M
GRI,2025-06-24 13:53,77.00,70.00,79.06,8.05,1500.00,M
GRI,2025-06-24 14:53,80.00,71.00,74.12,5.75,4500.00,M
GRI,2025-06-24 15:53,80.00,71.00,74.12,6.90,2000.00,M
GRI,2025-06-24 16:53,81.00,71.00,71.74,0.00,2400.00,M
GRI,2025-06-24 17:53,81.00,72.00,74.21,10.35,2400.00,M
GRI,2025-06-24 18:11,81.00,71.00,71.74,8.05,2400.00,M
GRI,2025-06-24 18:53,80.00,70.00,71.64,9.20,3400.00,M
GRI,2025-06-24 19:53,80.00,71.00,74.12,10.35,4100.00,M
GRI,2025-06-24 20:53,78.00,70.00,76.49,9.20,M,M
GRI,2025-06-24 21:53,75.00,71.00,87.41,8.05,11000.00,M
GRI,2025-06-24 22:53,74.00,71.00,90.38,9.20,6500.00,M
GRI,2025-06-24 23:53,73.00,71.00,93.47,14.95,800.00,M
GRI,2025-06-25 00:34,73.00,71.00,93.47,14.95,1500.00,M
GRI,2025-06-25 00:53,73.00,71.00,93.47,10.35,1700.00,M
GRI,2025-06-25 01:53,70.00,68.00,93.38,17.25,5500.00,M
GRI,2025-06-25 02:53,70.00,68.00,93.38,5.75,5000.00,M
GRI,2025-06-25 03:53,70.00,68.00,93.38,4.60,5500.00,M
GRI,2025-06-25 04:53,70.00,68.00,93.38,5.75,1600.00,M
GRI,2025-06-25 05:28,70.00,69.00,96.64,3.45,2200.00,M
GRI,2025-06-25 05:53,69.00,68.00,96.63,5.75,1400.00,M
GRI,2025-06-25 06:53,70.00,69.00,96.64,9.20,12000.00,M
GRI,2025-06-25 07:53,73.00,69.00,87.31,16.10,M,M
GRI,2025-06-25 08:53,77.00,69.00,76.41,13.80,M,M
GRI,2025-06-25 09:53,81.00,69.00,67.01,14.95,M,M
GRI,2025-06-25 10:53,83.00,69.00,62.81,14.95,10000.00,M
GRI,2025-06-25 11:53,84.00,70.00,62.94,12.65,11000.00,M
GRI,2025-06-25 12:53,85.00,70.00,60.95,11.50,3600.00,M
GRI,2025-06-25 13:53,85.00,70.00,60.95,9.20,4000.00,M
GRI,2025-06-25 14:38,87.00,70.00,57.19,9.20,4200.00,M
GRI,2025-06-25 14:53,88.00,70.00,55.41,9.20,4100.00,M
GRI,2025-06-25 15:13,85.00,70.00,60.95,5.75,4300.00,M
GRI,2025-06-25 15:29,72.00,63.00,73.34,8.05,2100.00,62.10
GRI,2025-06-25 15:34,72.00,65.00,78.66,10.35,2100.00,62.10
GRI,2025-06-25 15:45,72.00,66.00,81.44,6.90,1800.00,62.10
GRI,2025-06-25 15:53,72.00,67.00,84.30,4.60,1800.00,62.10
GRI,2025-06-25 16:00,71.00,67.00,87.21,14.95,1600.00,M
GRI,2025-06-25 16:13,73.00,69.00,87.31,12.65,1800.00,M
GRI,2025-06-25 16:33,73.00,69.00,87.31,5.75,4100.00,M
GRI,2025-06-25 16:53,73.00,69.00,87.31,11.50,2300.00,M
GRI,2025-06-25 17:53,74.00,68.00,81.58,8.05,6000.00,M
GRI,2025-06-25 18:53,70.00,67.00,90.22,12.65,4900.00,M
GRI,2025-06-25 19:50,69.80,68.00,94.02,6.90,900.00,M
GRI,2025-06-25 19:53,69.00,68.00,96.63,9.20,1000.00,M
GRI,2025-06-25 20:08,69.00,68.00,96.63,M,700.00,M
GRI,2025-06-25 20:16,69.00,68.00,96.63,8.05,600.00,M
GRI,2025-06-25 20:23,69.00,68.00,96.63,6.90,600.00,M
GRI,2025-06-25 20:31,68.00,67.00,96.61,8.05,500.00,M
GRI,2025-06-25 20:42,68.00,67.00,96.61,6.90,800.00,M
GRI,2025-06-25 20:53,68.00,67.00,96.61,9.20,1000.00,M
GRI,2025-06-25 21:03,68.00,67.00,96.61,5.75,1100.00,M
GRI,2025-06-25 21:08,68.00,67.00,96.61,9.20,900.00,M
GRI,2025-06-25 21:10,68.00,67.00,96.61,11.50,700.00,M
GRI,2025-06-25 21:18,69.00,67.00,93.36,13.80,700.00,M
GRI,2025-06-25 21:26,69.00,67.00,93.36,11.50,900.00,M
GRI,2025-06-25 21:43,68.00,67.00,96.61,11.50,6500.00,M
GRI,2025-06-25 21:53,68.00,67.00,96.61,6.90,2800.00,M
GRI,2025-06-25 22:19,69.00,67.00,93.36,9.20,2500.00,M
GRI,2025-06-25 22:25,69.00,67.00,93.36,M,1400.00,M
GRI,2025-06-25 22:29,69.00,67.00,93.36,10.35,1200.00,M
GRI,2025-06-25 22:37,69.00,67.00,93.36,13.80,1400.00,M
GRI,2025-06-25 22:53,69.00,68.00,96.63,4.60,1400.00,M
GRI,2025-06-25 23:01,69.00,68.00,96.63,3.45,1800.00,M
GRI,2025-06-25 23:34,70.00,69.00,96.64,10.35,1100.00,M
GRI,2025-06-25 23:53,68.00,67.00,96.61,20.70,1700.00,34.50
GRI,2025-06-26 00:00,68.00,67.00,96.61,9.20,500.00,M
GRI,2025-06-26 00:09,67.00,66.00,96.60,11.50,1900.00,M
GRI,2025-06-26 00:16,67.00,66.00,96.60,9.20,500.00,M
GRI,2025-06-26 00:24,67.00,66.00,96.60,0.00,500.00,M
GRI,2025-06-26 00:31,68.00,67.00,96.61,26.45,2300.00,34.50
GRI,2025-06-26 00:33,68.00,66.00,93.33,18.40,2100.00,34.50
GRI,2025-06-26 00:38,68.00,66.00,93.33,10.35,1900.00,34.50
GRI,2025-06-26 00:53,68.00,67.00,96.61,12.65,800.00,34.50
GRI,2025-06-26 01:00,68.00,67.00,96.61,18.40,600.00,M
GRI,2025-06-26 01:03,68.00,66.00,93.33,17.25,2500.00,M
GRI,2025-06-26 01:11,68.00,66.00,93.33,14.95,3500.00,M
GRI,2025-06-26 01:22,68.00,66.00,93.33,13.80,4100.00,M
GRI,2025-06-26 01:30,68.00,66.00,93.33,14.95,4700.00,M
GRI,2025-06-26 01:45,68.00,67.00,96.61,11.50,8000.00,M
GRI,2025-06-26 01:53,68.00,67.00,96.61,10.35,8000.00,M
GRI,2025-06-26 02:53,68.00,67.00,96.61,6.90,4800.00,M
GRI,2025-06-26 03:53,68.00,67.00,96.61,12.65,2800.00,M
GRI,2025-06-26 04:53,68.00,67.00,96.61,9.20,3100.00,M
GRI,2025-06-26 05:01,68.00,67.00,96.61,9.20,2500.00,M
GRI,2025-06-26 05:10,68.00,67.00,96.61,5.75,1700.00,M
GRI,2025-06-26 05:23,68.00,67.00,96.61,9.20,700.00,M
GRI,2025-06-26 05:38,69.00,67.00,93.36,12.65,1000.00,M
GRI,2025-06-26 05:45,68.00,67.00,96.61,11.50,800.00,M
GRI,2025-06-26 05:53,68.00,67.00,96.61,9.20,600.00,M
GRI,2025-06-26 06:06,68.00,67.00,96.61,8.05,600.00,M
GRI,2025-06-26 06:16,68.00,67.00,96.61,6.90,600.00,M
GRI,2025-06-26 06:53,69.00,67.00,93.36,8.05,3300.00,M
GRI,2025-06-26 07:02,69.00,67.00,93.36,6.90,600.00,M
GRI,2025-06-26 07:15,69.00,67.00,93.36,8.05,600.00,M
GRI,2025-06-26 07:37,69.00,68.00,96.63,5.75,700.00,M
GRI,2025-06-26 07:53,69.00,68.00,96.63,5.75,800.00,M
GRI,2025-06-26 08:05,70.00,68.00,93.38,5.75,800.00,M
GRI,2025-06-26 08:12,70.00,68.00,93.38,6.90,1200.00,M
GRI,2025-06-26 08:41,70.00,68.00,93.38,5.75,800.00,M
GRI,2025-06-26 08:50,69.80,68.00,94.02,5.75,800.00,M
GRI,2025-06-26 08:53,71.00,69.00,93.41,4.60,800.00,M
GRI,2025-06-26 09:31,73.00,69.00,87.31,8.05,800.00,M
GRI,2025-06-26 09:48,73.40,69.80,88.53,9.20,1200.00,M
GRI,2025-06-26 09:53,74.00,69.00,84.43,9.20,1200.00,M
GRI,2025-06-26 10:02,73.00,68.00,84.37,11.50,1200.00,M
GRI,2025-06-26 10:17,76.00,68.00,76.32,11.50,1300.00,M
GRI,2025-06-26 10:41,76.00,68.00,76.32,11.50,1600.00,M
GRI,2025-06-26 10:53,75.00,68.00,78.90,11.50,1800.00,M
GRI,2025-06-26 11:12,77.00,68.00,73.83,11.50,1800.00,M
GRI,2025-06-26 11:53,78.00,68.00,71.43,11.50,2300.00,M
GRI,2025-06-26 12:05,78.00,68.00,71.43,13.80,2500.00,M
GRI,2025-06-26 12:48,78.80,68.00,69.58,8.05,2300.00,M
GRI,2025-06-26 12:53,79.00,68.00,69.12,6.90,2300.00,M
GRI,2025-06-26 13:53,82.00,68.00,62.69,11.50,2600.00,M
GRI,2025-06-26 14:53,82.00,66.00,58.51,6.90,3000.00,M
GRI,2025-06-26 15:53,83.00,67.00,58.64,4.60,3700.00,M
GRI,2025-06-26 16:53,85.00,68.00,56.92,9.20,3800.00,M
GRI,2025-06-26 17:53,83.00,67.00,58.64,11.50,M,M
GRI,2025-06-26 18:53,83.00,66.00,56.65,10.35,M,M
GRI,2025-06-26 19:53,81.00,67.00,62.56,8.05,M,M
GRI,2025-06-26 20:53,76.00,69.00,78.98,5.75,M,M
GRI,2025-06-26 21:53,75.00,69.00,81.65,3.45,M,M
GRI,2025-06-26 22:53,72.00,69.00,90.30,8.05,M,M
GRI,2025-06-26 23:53,71.00,68.00,90.26,5.75,M,M
GRI,2025-06-27 00:53,70.00,67.00,90.22,3.45,M,M
GRI,2025-06-27 01:53,68.00,67.00,96.61,3.45,M,M
GRI,2025-06-27 02:53,68.00,66.00,93.33,0.00,M,M
GRI,2025-06-27 03:53,66.00,66.00,100.00,0.00,M,M
GRI,2025-06-27 04:53,65.00,64.00,96.57,4.60,M,M
GRI,2025-06-27 05:53,67.00,65.00,93.30,8.05,M,M
GRI,2025-06-27 06:53,67.00,65.00,93.30,5.75,M,M
GRI,2025-06-27 07:53,69.00,66.00,90.18,9.20,M,M
GRI,2025-06-27 08:53,73.00,67.00,81.51,11.50,M,M
GRI,2025-06-27 09:53,76.00,69.00,78.98,12.65,M,M
GRI,2025-06-27 10:53,79.00,70.00,74.02,11.50,M,M
GRI,2025-06-27 11:53,82.00,72.00,71.84,13.80,M,M
GRI,2025-06-27 12:53,84.00,73.00,69.67,11.50,M,M
GRI,2025-06-27 13:53,86.00,74.00,67.58,14.95,M,M
GRI,2025-06-27 14:53,87.00,74.00,65.47,16.10,M,M
GRI,2025-06-27 15:53,88.00,73.00,61.34,18.40,3700.00,M
GRI,2025-06-27 16:53,89.00,70.00,53.70,16.10,M,M
GRI,2025-06-27 17:53,89.00,70.00,53.70,13.80,M,29.90
GRI,2025-06-27 18:53,88.00,71.00,57.33,11.50,M,M
GRI,2025-06-27 19:53,86.00,73.00,65.35,8.05,M,M
GRI,2025-06-27 20:53,82.00,71.00,69.45,10.35,M,M
GRI,2025-06-27 21:53,80.00,70.00,71.64,9.20,M,M
GRI,2025-06-27 22:53,78.00,69.00,73.93,9.20,M,M
GRI,2025-06-27 23:53,76.00,69.00,78.98,10.35,M,M
GRI,2025-06-28 00:53,78.00,67.00,69.01,9.20,M,M
GRI,2025-06-28 01:53,75.00,66.00,73.64,10.35,M,M
GRI,2025-06-28 02:53,75.00,66.00,73.64,11.50,M,M
GRI,2025-06-28 03:53,75.00,66.00,73.64,12.65,M,M
GRI,2025-06-28 04:53,73.00,67.00,81.51,12.65,M,M
GRI,2025-06-28 05:53,71.00,67.00,87.21,6.90,M,M
GRI,2025-06-28 06:53,71.00,67.00,87.21,9.20,M,M
GRI,2025-06-28 07:53,72.00,68.00,87.26,11.50,M,M
GRI,2025-06-28 08:53,76.00,69.00,78.98,13.80,M,M
GRI,2025-06-28 09:53,80.00,71.00,74.12,11.50,M,M
GRI,2025-06-28 10:53,83.00,72.00,69.56,13.80,M,M
GRI,2025-06-28 11:53,85.00,72.00,65.23,13.80,M,M
GRI,2025-06-28 12:53,87.00,74.00,65.47,18.40,M,M
GRI,2025-06-28 13:53,87.00,72.00,61.21,13.80,M,M
GRI,2025-06-28 14:53,88.00,70.00,55.41,18.40,M,M
GRI,2025-06-28 15:53,91.00,72.00,53.98,14.95,M,M
GRI,2025-06-28 16:53,90.00,70.00,52.04,16.10,M,M
GRI,2025-06-28 17:53,90.00,70.00,52.04,16.10,M,M
GRI,2025-06-28 18:53,89.00,72.00,57.47,13.80,M,M
GRI,2025-06-28 19:53,87.00,73.00,63.31,10.35,M,M
GRI,2025-06-28 20:53,83.00,73.00,71.94,11.50,M,M
GRI,2025-06-28 21:53,81.00,72.00,74.21,12.65,M,M
GRI,2025-06-28 22:53,79.00,72.00,79.22,13.80,M,M
GRI,2025-06-28 23:53,78.00,71.00,79.14,14.95,M,M
GRI,2025-06-29 00:53,77.00,71.00,81.79,13.80,M,M
GRI,2025-06-29 01:53,76.00,72.00,87.46,11.50,M,M
GRI,2025-06-29 02:53,75.00,72.00,90.42,12.65,M,M
GRI,2025-06-29 03:53,74.00,72.00,93.49,8.05,M,M
GRI,2025-06-29 04:16,75.00,72.00,90.42,12.65,800.00,M
GRI,2025-06-29 04:32,75.00,72.00,90.42,13.80,800.00,M
GRI,2025-06-29 04:46,76.00,72.00,87.46,13.80,1500.00,M
GRI,2025-06-29 04:53,76.00,70.00,81.72,12.65,1500.00,M
GRI,2025-06-29 05:09,73.00,68.00,84.37,5.75,2000.00,M
GRI,2025-06-29 05:53,72.00,64.00,75.96,16.10,3300.00,M
GRI,2025-06-29 06:53,70.00,62.00,75.78,10.35,6000.00,M
GRI,2025-06-29 07:53,71.00,62.00,73.24,13.80,M,M
GRI,2025-06-29 08:53,73.00,65.00,76.05,12.65,M,29.90
GRI,2025-06-29 09:53,74.00,64.00,71.02,14.95,2000.00,M
GRI,2025-06-29 10:53,75.00,66.00,73.64,16.10,1500.00,M
GRI,2025-06-29 11:53,76.00,65.00,68.79,9.20,2000.00,31.05
GRI,2025-06-29 12:53,79.00,66.00,64.51,4.60,2900.00,M
GRI,2025-06-29 13:07,80.00,66.00,62.44,4.60,2800.00,M
GRI,2025-06-29 13:48,80.60,66.20,61.65,5.75,3000.00,M
GRI,2025-06-29 13:53,80.00,67.00,64.63,6.90,3000.00,M
GRI,2025-06-29 14:53,81.00,67.00,62.56,5.75,3000.00,M
GRI,2025-06-29 15:53,81.00,67.00,62.56,6.90,M,M
GRI,2025-06-29 16:53,85.00,69.00,58.91,4.60,M,M
GRI,2025-06-29 17:53,84.00,70.00,62.94,5.75,M,M
GRI,2025-06-29 18:53,83.00,70.00,65.00,4.60,M,M
GRI,2025-06-29 19:53,82.00,70.00,67.13,8.05,M,M
GRI,2025-06-29 20:53,79.00,71.00,76.58,4.60,M,M
GRI,2025-06-29 21:53,76.00,71.00,84.55,0.00,M,M
GRI,2025-06-29 22:53,74.00,70.00,87.36,3.45,M,M
GRI,2025-06-29 23:53,73.00,71.00,93.47,4.60,4600.00,M
GRI,2025-06-30 00:53,72.00,70.00,93.44,4.60,4300.00,M
GRI,2025-06-30 01:53,72.00,70.00,93.44,0.00,4100.00,M
GRI,2025-06-30 02:53,72.00,70.00,93.44,6.90,9000.00,M
GRI,2025-06-30 03:53,72.00,70.00,93.44,4.60,4700.00,M
GRI,2025-06-30 04:01,72.00,70.00,93.44,5.75,4700.00,M
GRI,2025-06-30 04:53,71.00,70.00,96.66,9.20,6000.00,M
GRI,2025-06-30 05:01,71.00,70.00,96.66,17.25,700.00,M
GRI,2025-06-30 05:15,68.00,66.00,93.33,10.35,900.00,M
GRI,2025-06-30 05:22,68.00,66.00,93.33,12.65,900.00,M
GRI,2025-06-30 05:53,66.00,64.00,93.27,10.35,6500.00,31.05
GRI,2025-06-30 06:53,66.00,64.00,93.27,3.45,M,M
GRI,2025-06-30 07:53,67.00,64.00,90.10,4.60,M,M
GRI,2025-06-30 08:53,69.00,65.00,87.10,9.20,M,M
GRI,2025-06-30 09:53,73.00,68.00,84.37,11.50,3500.00,M
GRI,2025-06-30 10:53,76.00,65.00,68.79,9.20,M,M
GRI,2025-06-30 11:53,80.00,67.00,64.63,13.80,M,M
GRI,2025-06-30 12:53,82.00,63.00,52.69,14.95,3300.00,M
GRI,2025-06-30 13:53,83.00,58.00,42.72,16.10,M,M
GRI,2025-06-30 14:53,84.00,53.00,34.50,13.80,M,M
GRI,2025-06-30 15:53,85.00,56.00,37.27,12.65,M,M
GRI,2025-06-30 16:53,84.00,53.00,34.50,10.35,7500.00,M
GRI,2025-06-30 17:53,83.00,52.00,34.34,12.65,8000.00,M
GRI,2025-06-30 18:53,82.00,53.00,36.80,12.65,M,M
GRI,2025-06-30 19:53,79.00,57.00,46.93,8.05,M,M
GRI,2025-06-30 20:53,75.00,60.00,59.64,4.60,M,M
GRI,2025-06-30 21:53,72.00,60.00,65.96,3.45,M,M
GRI,2025-06-30 22:53,69.00,60.00,73.05,0.00,M,M
GRI,2025-06-30 23:53,66.00,61.00,83.93,0.00,M,M
GRI,2025-07-01 00:53,66.00,60.00,81.00,0.00,M,M
GRI,2025-07-01 01:53,64.00,60.00,86.84,3.45,M,M
GRI,2025-07-01 02:53,63.00,59.00,86.79,3.45,M,M
GRI,2025-07-01 03:53,62.00,58.00,86.73,0.00,M,M
GRI,2025-07-01 04:53,60.00,57.00,89.81,3.45,M,M
GRI,2025-07-01 05:53,60.00,57.00,89.81,0.00,M,M
GRI,2025-07-01 06:53,62.00,58.00,86.73,0.00,M,M
GRI,2025-07-01 07:53,67.00,59.00,75.50,0.00,M,M
GRI,2025-07-01 08:53,73.00,61.00,66.08,3.45,M,M
GRI,2025-07-01 09:53,78.00,58.00,50.27,5.75,M,M
GRI,2025-07-01 10:53,80.00,56.00,43.81,6.90,M,M
GRI,2025-07-01 11:53,82.00,54.00,38.17,8.05,M,M
GRI,2025-07-01 12:53,83.00,54.00,36.96,8.05,M,M
GRI,2025-07-01 13:53,84.00,55.00,37.11,8.05,M,M
GRI,2025-07-01 14:53,85.00,54.00,34.66,0.00,M,M
GRI,2025-07-01 15:53,85.00,59.00,41.52,10.35,M,M
GRI,2025-07-01 16:53,85.00,58.00,40.06,8.05,M,M
GRI,2025-07-01 17:53,84.00,58.00,41.36,8.05,M,M
GRI,2025-07-01 18:53,83.00,57.00,41.21,9.20,M,M
GRI,2025-07-01 19:53,81.00,60.00,48.95,8.05,M,M
GRI,2025-07-01 20:53,77.00,63.00,62.06,6.90,M,M
GRI,2025-07-01 21:53,74.00,62.00,66.20,6.90,10000.00,M
GRI,2025-07-01 22:53,73.00,61.00,66.08,9.20,M,M
GRI,2025-07-01 23:53,73.00,58.00,59.38,11.50,M,M
GRI,2025-07-02 00:53,73.00,58.00,59.38,13.80,11000.00,M
GRI,2025-07-02 01:53,72.00,58.00,61.41,13.80,M,M
GRI,2025-07-02 02:24,72.00,59.00,63.65,9.20,7500.00,M
GRI,2025-07-02 02:34,71.00,59.00,65.84,10.35,8000.00,M
GRI,2025-07-02 02:53,71.00,61.00,70.70,23.00,4600.00,31.05
GRI,2025-07-02 03:16,67.00,62.00,83.99,17.25,4800.00,31.05
GRI,2025-07-02 03:25,66.00,62.00,86.95,12.65,5000.00,31.05
GRI,2025-07-02 03:53,65.00,62.00,90.02,11.50,5000.00,31.05
GRI,2025-07-02 04:00,65.00,62.00,90.02,9.20,3500.00,M
GRI,2025-07-02 04:53,64.00,63.00,96.56,6.90,M,M
GRI,2025-07-02 05:53,65.00,64.00,96.57,11.50,10000.00,M
GRI,2025-07-02 06:53,67.00,63.00,87.00,14.95,M,31.05
GRI,2025-07-02 07:53,69.00,64.00,84.12,13.80,M,M
GRI,2025-07-02 08:53,73.00,65.00,76.05,10.35,M,M
GRI,2025-07-02 09:53,79.00,67.00,66.78,13.80,M,M
GRI,2025-07-02 10:53,83.00,67.00,58.64,10.35,M,M
GRI,2025-07-02 11:53,85.00,68.00,56.92,10.35,M,M
GRI,2025-07-02 12:53,87.00,66.00,49.85,9.20,M,M
GRI,2025-07-02 13:53,89.00,68.00,50.14,6.90,M,M
GRI,2025-07-02 14:53,91.00,68.00,47.10,13.80,5500.00,M
GRI,2025-07-02 15:53,91.00,64.00,41.00,12.65,M,M
GRI,2025-07-02 16:53,91.00,62.00,38.22,16.10,M,M
GRI,2025-07-02 17:53,90.00,62.00,39.43,14.95,M,M
GRI,2025-07-02 18:53,89.00,64.00,43.65,5.75,M,M
GRI,2025-07-02 19:53,86.00,68.00,55.13,5.75,M,M
GRI,2025-07-02 20:53,80.00,67.00,64.63,5.75,M,M
GRI,2025-07-02 21:53,78.00,64.00,62.18,8.05,M,M
GRI,2025-07-02 22:53,75.00,65.00,71.12,8.05,M,M
GRI,2025-07-02 23:53,74.00,65.00,73.54,9.20,M,M
GRI,2025-07-03 00:53,73.00,64.00,73.44,10.35,M,M
GRI,2025-07-03 01:53,75.00,64.00,68.68,10.35,M,M
GRI,2025-07-03 02:53,75.00,65.00,71.12,11.50,M,M
GRI,2025-07-03 03:53,75.00,65.00,71.12,12.65,M,M
GRI,2025-07-03 04:53,73.00,65.00,76.05,11.50,M,M
GRI,2025-07-03 05:53,72.00,65.00,78.66,9.20,M,M
GRI,2025-07-03 06:53,71.00,66.00,84.24,5.75,M,M
GRI,2025-07-03 07:53,75.00,66.00,73.64,9.20,M,M
GRI,2025-07-03 08:53,78.00,67.00,69.01,10.35,M,M
GRI,2025-07-03 09:53,81.00,68.00,64.76,10.35,M,M
GRI,2025-07-03 10:53,84.00,70.00,62.94,9.20,M,M
GRI,2025-07-03 11:53,86.00,71.00,61.08,12.65,M,M
GRI,2025-07-03 12:53,88.00,70.00,55.41,17.25,M,M
GRI,2025-07-03 13:53,88.00,70.00,55.41,16.10,M,M
GRI,2025-07-03 14:53,90.00,70.00,52.04,18.40,M,29.90
GRI,2025-07-03 15:53,89.00,70.00,53.70,16.10,4600.00,29.90
GRI,2025-07-03 16:53,90.00,68.00,48.59,18.40,5000.00,M
GRI,2025-07-03 17:53,90.00,67.00,46.95,19.55,M,M
GRI,2025-07-03 18:53,89.00,68.00,50.14,12.65,M,M
GRI,2025-07-03 19:53,86.00,69.00,57.06,11.50,M,M
GRI,2025-07-03 20:53,82.00,70.00,67.13,8.05,M,M
GRI,2025-07-03 21:53,80.00,69.00,69.23,10.35,M,M
GRI,2025-07-03 22:53,79.00,69.00,71.54,11.50,M,M
GRI,2025-07-03 23:53,76.00,69.00,78.98,10.35,M,M
GRI,2025-07-04 00:53,75.00,69.00,81.65,9.20,M,M
GRI,2025-07-04 01:53,74.00,69.00,84.43,11.50,M,M
GRI,2025-07-04 02:53,73.00,68.00,84.37,14.95,M,M
GRI,2025-07-04 03:53,72.00,68.00,87.26,10.35,M,M
GRI,2025-07-04 04:53,71.00,68.00,90.26,10.35,M,M
GRI,2025-07-04 05:53,70.00,67.00,90.22,10.35,M,M
GRI,2025-07-04 06:53,70.00,67.00,90.22,9.20,M,M
GRI,2025-07-04 07:53,73.00,67.00,81.51,12.65,M,M
GRI,2025-07-04 08:53,76.00,68.00,76.32,13.80,M,M
GRI,2025-07-04 09:53,79.00,69.00,71.54,13.80,M,M
GRI,2025-07-04 10:53,81.00,70.00,69.34,17.25,2500.00,M
GRI,2025-07-04 11:53,82.00,69.00,64.88,14.95,3200.00,29.90
GRI,2025-07-04 12:53,84.00,69.00,60.82,17.25,3200.00,M
GRI,2025-07-04 13:53,84.00,69.00,60.82,19.55,3300.00,31.05
GRI,2025-07-04 14:53,83.00,69.00,62.81,16.10,3400.00,33.35
GRI,2025-07-04 15:53,84.00,70.00,62.94,18.40,3600.00,M
GRI,2025-07-04 16:53,83.00,71.00,67.24,10.35,9500.00,M
GRI,2025-07-04 17:30,81.00,71.00,71.74,10.35,4000.00,M
GRI,2025-07-04 17:42,76.00,72.00,87.46,14.95,2600.00,31.05
GRI,2025-07-04 17:53,74.00,71.00,90.38,5.75,2600.00,31.05
GRI,2025-07-04 17:58,74.00,71.00,90.38,20.70,1600.00,31.05
GRI,2025-07-04 18:14,74.00,71.00,90.38,12.65,3600.00,31.05
GRI,2025-07-04 18:30,74.00,71.00,90.38,10.35,7000.00,31.05
GRI,2025-07-04 18:53,75.00,72.00,90.42,5.75,M,31.05
GRI,2025-07-04 19:53,75.00,72.00,90.42,5.75,6000.00,M
GRI,2025-07-04 20:53,75.00,73.00,93.52,5.75,8000.00,M
GRI,2025-07-04 21:53,76.00,72.00,87.46,8.05,6500.00,M
GRI,2025-07-04 22:53,75.00,72.00,90.42,5.75,4900.00,M
GRI,2025-07-04 23:53,74.00,71.00,90.38,5.75,4200.00,M
GRI,2025-07-05 00:53,75.00,71.00,87.41,8.05,8000.00,M
GRI,2025-07-05 01:53,74.00,71.00,90.38,5.75,8500.00,M
GRI,2025-07-05 02:53,74.00,72.00,93.49,6.90,5000.00,M
GRI,2025-07-05 03:37,74.00,72.00,93.49,4.60,900.00,M
GRI,2025-07-05 03:53,74.00,71.00,90.38,9.20,1000.00,M
GRI,2025-07-05 04:53,72.00,71.00,96.67,9.20,M,M
GRI,2025-07-05 05:53,70.00,69.00,96.64,3.45,M,M
GRI,2025-07-05 06:53,69.00,67.00,93.36,5.75,M,M
GRI,2025-07-05 07:53,70.00,65.00,84.18,13.80,M,M
GRI,2025-07-05 08:53,74.00,64.00,71.02,10.35,M,M
GRI,2025-07-05 09:53,77.00,64.00,64.27,14.95,M,M
GRI,2025-07-05 10:53,80.00,65.00,60.30,12.65,M,M
GRI,2025-07-05 11:53,83.00,67.00,58.64,12.65,M,M
GRI,2025-07-05 12:53,84.00,69.00,60.82,8.05,M,M
GRI,2025-07-05 13:53,87.00,68.00,53.41,10.35,M,M
GRI,2025-07-05 14:53,88.00,68.00,51.75,11.50,4000.00,M
GRI,2025-07-05 15:53,87.00,68.00,53.41,11.50,4400.00,M
GRI,2025-07-05 16:53,88.00,68.00,51.75,13.80,4500.00,M
GRI,2025-07-05 17:53,87.00,68.00,53.41,13.80,4600.00,M
GRI,2025-07-05 18:53,86.00,68.00,55.13,11.50,4900.00,M
GRI,2025-07-05 19:53,84.00,70.00,62.94,6.90,4900.00,M
GRI,2025-07-05 20:53,79.00,70.00,74.02,4.60,M,M
GRI,2025-07-05 21:53,76.00,70.00,81.72,3.45,M,M
GRI,2025-07-05 22:53,74.00,68.00,81.58,3.45,M,M
GRI,2025-07-05 23:53,73.00,68.00,84.37,3.45,M,M
GRI,2025-07-06 00:53,72.00,69.00,90.30,0.00,M,M
GRI,2025-07-06 01:53,70.00,68.00,93.38,5.75,M,M
GRI,2025-07-06 02:53,69.00,67.00,93.36,4.60,M,M
GRI,2025-07-06 03:53,68.00,67.00,96.61,0.00,M,M
GRI,2025-07-06 04:53,68.00,66.00,93.33,5.75,M,M
GRI,2025-07-06 05:16,68.00,66.00,93.33,8.05,2700.00,M
GRI,2025-07-06 05:26,68.00,66.00,93.33,8.05,2700.00,M
GRI,2025-07-06 05:53,68.00,66.00,93.33,8.05,M,M
GRI,2025-07-06 06:53,69.00,67.00,93.36,4.60,M,M
GRI,2025-07-06 07:45,69.00,68.00,96.63,0.00,600.00,M
GRI,2025-07-06 07:53,69.00,68.00,96.63,0.00,600.00,M
GRI,2025-07-06 08:53,72.00,69.00,90.30,4.60,600.00,M
GRI,2025-07-06 09:39,75.00,70.00,84.49,0.00,1000.00,M
GRI,2025-07-06 09:53,76.00,69.00,78.98,0.00,1100.00,M
GRI,2025-07-06 10:53,79.00,70.00,74.02,4.60,1600.00,M
GRI,2025-07-06 11:05,79.00,70.00,74.02,5.75,1800.00,M
GRI,2025-07-06 11:33,79.00,69.00,71.54,6.90,1900.00,M
GRI,2025-07-06 11:53,80.00,68.00,66.90,6.90,2100.00,M
GRI,2025-07-06 12:17,81.00,69.00,67.01,6.90,2500.00,M
GRI,2025-07-06 12:38,82.00,68.00,62.69,10.35,2600.00,M
GRI,2025-07-06 12:53,82.00,68.00,62.69,8.05,2600.00,M
GRI,2025-07-06 13:53,81.00,70.00,69.34,19.55,2600.00,M
GRI,2025-07-06 14:53,77.00,61.00,57.83,20.70,3100.00,40.25
GRI,2025-07-06 15:53,78.00,59.00,52.11,16.10,M,32.20
GRI,2025-07-06 16:06,76.00,62.00,61.93,16.10,M,M
GRI,2025-07-06 16:53,77.00,64.00,64.27,10.35,M,M
GRI,2025-07-06 17:53,78.00,64.00,62.18,9.20,M,M
GRI,2025-07-06 18:53,77.00,66.00,68.90,8.05,M,M
GRI,2025-07-06 19:53,78.00,65.00,64.39,0.00,M,M
GRI,2025-07-06 20:53,74.00,67.00,78.82,4.60,M,M
GRI,2025-07-06 21:53,69.00,67.00,93.36,8.05,M,M
GRI,2025-07-06 22:53,70.00,67.00,90.22,3.45,M,M
GRI,2025-07-06 23:53,69.00,67.00,93.36,3.45,M,M
GRI,2025-07-07 00:53,68.00,67.00,96.61,0.00,M,M
GRI,2025-07-07 01:53,67.00,66.00,96.60,3.45,M,M
GRI,2025-07-07 02:53,68.00,67.00,96.61,0.00,M,M
GRI,2025-07-07 03:53,69.00,67.00,93.36,4.60,11000.00,M
GRI,2025-07-07 04:53,68.00,66.00,93.33,3.45,M,M
GRI,2025-07-07 05:53,68.00,66.00,93.33,0.00,11000.00,M
GRI,2025-07-07 06:53,69.00,67.00,93.36,4.60,M,M
GRI,2025-07-07 07:53,70.00,68.00,93.38,3.45,M,M
GRI,2025-07-07 08:53,74.00,70.00,87.36,8.05,M,M
GRI,2025-07-07 09:53,78.00,70.00,76.49,10.35,M,M
GRI,2025-07-07 10:53,81.00,72.00,74.21,8.05,M,M
GRI,2025-07-07 11:53,84.00,72.00,67.36,10.35,M,M
GRI,2025-07-07 12:53,86.00,71.00,61.08,9.20,3100.00,M
GRI,2025-07-07 13:53,87.00,70.00,57.19,9.20,3600.00,M
GRI,2025-07-07 14:53,88.00,71.00,57.33,13.80,3600.00,M
GRI,2025-07-07 15:53,89.00,70.00,53.70,16.10,M,M
GRI,2025-07-07 16:00,87.00,69.00,55.27,13.80,12000.00,M
GRI,2025-07-07 16:21,84.00,70.00,62.94,16.10,M,M
GRI,2025-07-07 16:40,80.00,71.00,74.12,12.65,2500.00,M
GRI,2025-07-07 16:53,81.00,68.00,64.76,11.50,2700.00,M
GRI,2025-07-07 17:53,76.00,68.00,76.32,8.05,6500.00,M
GRI,2025-07-07 18:06,76.00,69.00,78.98,3.45,4100.00,M
GRI,2025-07-07 18:36,79.00,72.00,79.22,6.90,3900.00,M
GRI,2025-07-07 18:50,80.60,71.60,74.17,5.75,3600.00,M
GRI,2025-07-07 18:53,80.00,70.00,71.64,3.45,3600.00,M
GRI,2025-07-07 19:53,80.00,72.00,76.67,5.75,M,M
GRI,2025-07-07 20:53,78.00,73.00,84.67,4.60,M,M
GRI,2025-07-07 21:53,77.00,71.00,81.79,4.60,M,M
GRI,2025-07-07 22:53,76.00,70.00,81.72,6.90,8000.00,M
GRI,2025-07-07 23:53,69.00,64.00,84.12,27.60,1500.00,37.95
GRI,2025-07-08 00:14,66.00,65.00,96.59,20.70,1100.00,41.40
GRI,2025-07-08 00:22,66.00,65.00,96.59,20.70,1100.00,41.40
GRI,2025-07-08 00:30,66.00,65.00,96.59,20.70,900.00,41.40
GRI,2025-07-08 00:39,66.00,65.00,96.59,18.40,600.00,41.40
GRI,2025-07-08 00:53,67.00,65.00,93.30,17.25,700.00,41.40
GRI,2025-07-08 00:55,67.00,65.00,93.30,19.55,700.00,M
GRI,2025-07-08 01:53,66.00,61.00,83.93,14.95,7500.00,32.20
GRI,2025-07-08 02:53,65.00,60.00,83.86,9.20,8500.00,M
GRI,2025-07-08 03:53,64.00,60.00,86.84,11.50,M,M
GRI,2025-07-08 04:53,63.00,60.00,89.94,6.90,M,M
GRI,2025-07-08 05:53,63.00,60.00,89.94,4.60,M,M
GRI,2025-07-08 06:53,62.00,61.00,96.53,0.00,M,M
GRI,2025-07-08 07:53,67.00,61.00,81.07,0.00,M,M
GRI,2025-07-08 08:53,71.00,63.00,75.87,5.75,M,M
GRI,2025-07-08 09:53,74.00,64.00,71.02,8.05,M,M
GRI,2025-07-08 10:53,76.00,65.00,68.79,M,M,M
GRI,2025-07-08 11:53,80.00,68.00,66.90,5.75,M,M
GRI,2025-07-08 12:53,82.00,68.00,62.69,4.60,M,M
GRI,2025-07-08 13:53,84.00,66.00,54.85,3.45,M,M
GRI,2025-07-08 14:53,86.00,68.00,55.13,5.75,M,M
GRI,2025-07-08 15:53,86.00,68.00,55.13,8.05,M,M
GRI,2025-07-08 16:53,86.00,69.00,57.06,8.05,M,M
GRI,2025-07-08 17:53,86.00,69.00,57.06,10.35,M,M
GRI,2025-07-08 18:53,84.00,70.00,62.94,8.05,M,M
GRI,2025-07-08 19:53,83.00,71.00,67.24,5.75,M,M
GRI,2025-07-08 20:53,79.00,72.00,79.22,5.75,M,M
GRI,2025-07-08 21:53,76.00,71.00,84.55,4.60,M,M
GRI,2025-07-08 22:53,75.00,70.00,84.49,5.75,M,M
GRI,2025-07-08 23:53,74.00,69.00,84.43,8.05,M,M
GRI,2025-07-09 00:53,73.00,69.00,87.31,6.90,M,M
GRI,2025-07-09 01:53,72.00,69.00,90.30,8.05,M,M
GRI,2025-07-09 02:53,71.00,68.00,90.26,5.75,M,M
GRI,2025-07-09 03:53,70.00,68.00,93.38,4.60,10000.00,M
GRI,2025-07-09 04:53,69.00,68.00,96.63,6.90,M,M
GRI,2025-07-09 05:53,68.00,67.00,96.61,5.75,M,M
GRI,2025-07-09 06:53,70.00,67.00,90.22,6.90,M,M
GRI,2025-07-09 07:53,72.00,68.00,87.26,9.20,10000.00,M
GRI,2025-07-09 08:53,77.00,69.00,76.41,9.20,M,M
GRI,2025-07-09 09:53,81.00,70.00,69.34,11.50,11000.00,M
GRI,2025-07-09 10:53,85.00,71.00,63.06,11.50,M,M
GRI,2025-07-09 11:53,87.00,72.00,61.21,11.50,M,M
GRI,2025-07-09 12:53,89.00,71.00,55.55,13.80,M,M
GRI,2025-07-09 13:53,90.00,71.00,53.84,17.25,M,M
GRI,2025-07-09 14:53,91.00,71.00,52.18,10.35,M,M
GRI,2025-07-09 15:53,92.00,72.00,52.32,14.95,M,M
GRI,2025-07-09 16:53,93.00,69.00,45.81,12.65,M,29.90
GRI,2025-07-09 17:53,91.00,73.00,55.83,11.50,M,M
GRI,2025-07-09 18:53,89.00,71.00,55.55,14.95,M,M
GRI,2025-07-09 19:53,87.00,72.00,61.21,11.50,M,M
GRI,2025-07-09 20:53,83.00,72.00,69.56,11.50,M,M
GRI,2025-07-09 21:53,81.00,71.00,71.74,11.50,M,M
GRI,2025-07-09 22:53,80.00,69.00,69.23,12.65,M,M
GRI,2025-07-09 23:53,84.00,65.00,52.98,17.25,4300.00,58.65
GRI,2025-07-10 00:00,80.00,59.00,48.80,21.85,5500.00,40.25
GRI,2025-07-10 00:24,76.00,61.00,59.78,19.55,6000.00,40.25
GRI,2025-07-10 00:39,69.00,64.00,84.12,14.95,4500.00,40.25
GRI,2025-07-10 00:46,69.00,65.00,87.10,8.05,4500.00,40.25
GRI,2025-07-10 00:53,69.00,65.00,87.10,11.50,4500.00,40.25
GRI,2025-07-10 01:13,69.00,65.00,87.10,21.85,9000.00,34.50
GRI,2025-07-10 01:33,71.00,63.00,75.87,12.65,5500.00,43.70
GRI,2025-07-10 01:46,71.00,62.00,73.24,19.55,5500.00,43.70
GRI,2025-07-10 01:53,71.00,62.00,73.24,19.55,M,43.70
GRI,2025-07-10 02:53,77.00,57.00,50.12,11.50,M,32.20
GRI,2025-07-10 03:35,73.00,61.00,66.08,M,12000.00,33.35
GRI,2025-07-10 03:53,70.00,63.00,78.49,14.95,12000.00,33.35
GRI,2025-07-10 04:53,70.00,64.00,81.29,3.45,6500.00,M
GRI,2025-07-10 05:53,71.00,62.00,73.24,4.60,12000.00,M
GRI,2025-07-10 06:05,71.00,62.00,73.24,8.05,11000.00,M
GRI,2025-07-10 06:31,67.00,63.00,87.00,19.55,5000.00,46.00
GRI,2025-07-10 06:41,67.00,64.00,90.10,18.40,5000.00,46.00
GRI,2025-07-10 06:53,68.00,65.00,90.14,19.55,6000.00,46.00
GRI,2025-07-10 07:53,74.00,67.00,78.82,18.40,10000.00,33.35
GRI,2025-07-10 08:53,76.00,68.00,76.32,24.15,M,35.65
GRI,2025-07-10 09:53,80.00,65.00,60.30,20.70,M,35.65
GRI,2025-07-10 10:53,85.00,66.00,53.12,26.45,M,39.10
GRI,2025-07-10 11:53,87.00,70.00,57.19,19.55,M,35.65
GRI,2025-07-10 12:53,88.00,71.00,57.33,19.55,M,33.35
GRI,2025-07-10 13:53,87.00,72.00,61.21,18.40,M,36.80
GRI,2025-07-10 14:53,84.00,72.00,67.36,14.95,M,31.05
GRI,2025-07-10 15:53,85.00,72.00,65.23,14.95,M,M
GRI,2025-07-10 16:30,86.00,71.00,61.08,13.80,M,M
GRI,2025-07-10 16:53,84.00,70.00,62.94,16.10,6000.00,M
GRI,2025-07-10 17:26,83.00,70.00,65.00,6.90,6000.00,M
GRI,2025-07-10 17:53,82.00,70.00,67.13,9.20,6000.00,M
GRI,2025-07-10 18:01,83.00,69.00,62.81,3.45,6000.00,M
GRI,2025-07-10 18:20,73.00,67.00,81.51,37.95,4400.00,62.10
GRI,2025-07-10 18:41,73.00,68.00,84.37,23.00,4400.00,62.10
GRI,2025-07-10 18:53,73.00,68.00,84.37,23.00,4400.00,62.10
GRI,2025-07-10 19:05,M,M,M,M,M,M
GRI,2025-07-10 19:33,76.00,66.00,71.23,21.85,6500.00,36.80
GRI,2025-07-10 19:48,73.40,66.20,78.23,12.65,10000.00,36.80
GRI,2025-07-10 19:53,74.00,66.00,76.14,10.35,10000.00,36.80
GRI,2025-07-10 20:13,73.00,66.00,78.74,6.90,4100.00,M
GRI,2025-07-10 20:34,74.00,66.00,76.14,6.90,4100.00,M
GRI,2025-07-10 20:53,75.00,67.00,76.23,12.65,1300.00,M
GRI,2025-07-10 21:09,75.00,67.00,76.23,4.60,1500.00,M
GRI,2025-07-10 21:17,72.00,69.00,90.30,9.20,1300.00,M
GRI,2025-07-10 21:28,72.00,68.00,87.26,6.90,10000.00,M
GRI,2025-07-10 21:48,75.20,66.20,73.66,4.60,10000.00,M
GRI,2025-07-10 21:53,76.00,67.00,73.73,0.00,10000.00,M
GRI,2025-07-10 22:05,74.00,68.00,81.58,8.05,11000.00,M
GRI,2025-07-10 22:20,73.00,68.00,84.37,6.90,M,M
GRI,2025-07-10 22:53,72.00,68.00,87.26,6.90,M,M
GRI,2025-07-10 23:53,72.00,68.00,87.26,5.75,M,M
GRI,2025-07-11 00:53,71.00,70.00,96.66,8.05,9500.00,M
GRI,2025-07-11 01:53,70.00,69.00,96.64,3.45,8500.00,M
GRI,2025-07-11 02:50,71.60,69.80,94.07,8.05,4000.00,M
GRI,2025-07-11 02:53,71.00,69.00,93.41,6.90,4000.00,M
GRI,2025-07-11 03:10,70.00,69.00,96.64,3.45,4000.00,M
GRI,2025-07-11 03:39,70.00,69.00,96.64,0.00,200.00,M
GRI,2025-07-11 03:53,69.00,69.00,100.00,0.00,200.00,M
GRI,2025-07-11 04:08,68.00,68.00,100.00,8.05,200.00,M
GRI,2025-07-11 04:15,68.00,68.00,100.00,13.80,200.00,M
GRI,2025-07-11 04:25,68.00,67.00,96.61,14.95,200.00,M
GRI,2025-07-11 04:32,68.00,67.00,96.61,18.40,200.00,M
GRI,2025-07-11 04:53,67.00,66.00,96.60,18.40,300.00,M
GRI,2025-07-11 05:23,67.00,65.00,93.30,13.80,500.00,M
GRI,2025-07-11 05:53,66.00,64.00,93.27,9.20,800.00,M
GRI,2025-07-11 06:06,66.00,64.00,93.27,10.35,800.00,M
GRI,2025-07-11 06:50,66.20,64.40,93.93,4.60,3100.00,M
GRI,2025-07-11 06:53,66.00,64.00,93.27,5.75,3100.00,M
GRI,2025-07-11 07:11,66.00,64.00,93.27,8.05,1000.00,M
GRI,2025-07-11 07:53,67.00,63.00,87.00,9.20,1100.00,M
GRI,2025-07-11 08:39,69.00,63.00,81.22,10.35,1300.00,M
GRI,2025-07-11 08:53,70.00,63.00,78.49,9.20,1300.00,M
GRI,2025-07-11 09:53,73.00,64.00,73.44,13.80,1600.00,M
GRI,2025-07-11 10:53,73.00,63.00,70.91,13.80,2200.00,M
GRI,2025-07-11 11:53,72.00,63.00,73.34,12.65,2100.00,M
GRI,2025-07-11 12:39,74.00,64.00,71.02,12.65,2100.00,M
GRI,2025-07-11 12:53,75.00,65.00,71.12,14.95,3100.00,M
GRI,2025-07-11 13:53,78.00,66.00,66.67,14.95,2700.00,M
GRI,2025-07-11 14:53,80.00,65.00,60.30,12.65,M,M
GRI,2025-07-11 15:53,82.00,67.00,60.57,12.65,M,M
GRI,2025-07-11 16:53,83.00,65.00,54.71,11.50,M,M
GRI,2025-07-11 17:53,83.00,66.00,56.65,10.35,M,M
GRI,2025-07-11 18:53,82.00,66.00,58.51,6.90,M,M
GRI,2025-07-11 19:53,81.00,66.00,60.44,4.60,M,M
GRI,2025-07-11 20:53,77.00,71.00,81.79,3.45,5500.00,M
GRI,2025-07-11 21:53,72.00,67.00,84.30,10.35,3800.00,M
GRI,2025-07-11 22:53,71.00,65.00,81.37,11.50,7000.00,M
GRI,2025-07-11 23:53,69.00,63.00,81.22,9.20,7500.00,M
GRI,2025-07-12 00:53,69.00,61.00,75.69,8.05,9000.00,M
GRI,2025-07-12 01:42,68.00,62.00,81.15,9.20,8000.00,M
GRI,2025-07-12 01:53,68.00,61.00,78.33,8.05,8000.00,M
GRI,2025-07-12 02:53,65.00,61.00,86.89,9.20,11000.00,M
GRI,2025-07-12 03:53,64.00,60.00,86.84,5.75,4700.00,M
GRI,2025-07-12 04:53,63.00,60.00,89.94,8.05,M,M
GRI,2025-07-12 05:53,62.00,58.00,86.73,6.90,M,M
GRI,2025-07-12 06:53,61.00,57.00,86.68,8.05,12000.00,M
GRI,2025-07-12 07:53,62.00,57.00,83.67,9.20,M,M
GRI,2025-07-12 08:53,66.00,57.00,72.74,9.20,M,M
GRI,2025-07-12 09:53,67.00,57.00,70.27,10.35,M,M
GRI,2025-07-12 10:53,69.00,57.00,65.60,10.35,M,M
GRI,2025-07-12 11:53,73.00,57.00,57.28,8.05,M,M
GRI,2025-07-12 12:53,74.00,54.00,49.67,6.90,M,M
GRI,2025-07-12 13:53,75.00,54.00,48.04,0.00,M,M
GRI,2025-07-12 14:53,76.00,56.00,49.97,4.60,M,M
GRI,2025-07-12 15:53,78.00,55.00,45.11,5.75,M,M
GRI,2025-07-12 16:53,78.00,56.00,46.78,4.60,M,M
GRI,2025-07-12 17:53,77.00,55.00,46.62,3.45,M,M
GRI,2025-07-12 18:53,75.00,58.00,55.53,12.65,M,M
GRI,2025-07-12 19:53,73.00,60.00,63.78,5.75,M,M
GRI,2025-07-12 20:53,69.00,61.00,75.69,4.60,M,M
GRI,2025-07-12 21:53,67.00,60.00,78.24,5.75,M,M
GRI,2025-07-12 22:53,65.00,60.00,83.86,4.60,M,M
GRI,2025-07-12 23:53,64.00,60.00,86.84,6.90,M,M
GRI,2025-07-13 00:53,63.00,59.00,86.79,5.75,M,M
GRI,2025-07-13 01:53,62.00,58.00,86.73,5.75,M,M
GRI,2025-07-13 02:53,61.00,58.00,89.85,5.75,M,M
GRI,2025-07-13 03:53,61.00,58.00,89.85,4.60,M,M
GRI,2025-07-13 04:53,60.00,58.00,93.10,5.75,M,M
GRI,2025-07-13 05:53,61.00,58.00,89.85,6.90,M,M
GRI,2025-07-13 06:53,62.00,59.00,89.89,4.60,6000.00,M
GRI,2025-07-13 07:53,66.00,61.00,83.93,8.05,6000.00,M
GRI,2025-07-13 08:53,71.00,63.00,75.87,10.35,M,M
GRI,2025-07-13 09:53,74.00,62.00,66.20,12.65,M,M
GRI,2025-07-13 10:53,77.00,63.00,62.06,9.20,M,M
GRI,2025-07-13 11:53,80.00,65.00,60.30,9.20,M,M
GRI,2025-07-13 12:53,81.00,65.00,58.37,12.65,10000.00,M
GRI,2025-07-13 13:53,83.00,66.00,56.65,9.20,M,M
GRI,2025-07-13 14:53,85.00,67.00,54.99,10.35,M,M
GRI,2025-07-13 15:53,84.00,66.00,54.85,6.90,4300.00,M
GRI,2025-07-13 16:53,86.00,67.00,53.27,11.50,4600.00,M
GRI,2025-07-13 17:53,87.00,65.00,48.15,9.20,M,M
GRI,2025-07-13 18:53,85.00,65.00,51.31,9.20,M,M
GRI,2025-07-13 19:53,83.00,65.00,54.71,9.20,M,M
GRI,2025-07-13 20:53,78.00,68.00,71.43,5.75,M,M
GRI,2025-07-13 21:53,75.00,67.00,76.23,9.20,M,M
GRI,2025-07-13 22:53,74.00,65.00,73.54,8.05,M,M
GRI,2025-07-13 23:53,72.00,63.00,73.34,9.20,M,M
GRI,2025-07-14 00:53,72.00,62.00,70.81,10.35,M,M
GRI,2025-07-14 01:53,71.00,61.00,70.70,9.20,M,M
GRI,2025-07-14 02:53,71.00,60.00,68.23,8.05,M,M
GRI,2025-07-14 03:53,69.00,60.00,73.05,8.05,M,M
GRI,2025-07-14 04:53,68.00,59.00,72.95,5.75,M,M
GRI,2025-07-14 05:53,65.00,60.00,83.86,4.60,M,M
GRI,2025-07-14 06:53,66.00,61.00,83.93,3.45,M,M
GRI,2025-07-14 07:53,71.00,61.00,70.70,4.60,M,M
GRI,2025-07-14 08:53,76.00,63.00,64.15,4.60,M,M
GRI,2025-07-14 09:53,80.00,64.00,58.24,3.45,M,M
GRI,2025-07-14 10:53,84.00,66.00,54.85,4.60,M,M
GRI,2025-07-14 11:53,87.00,68.00,53.41,6.90,M,M
GRI,2025-07-14 12:53,89.00,69.00,51.89,9.20,M,M
GRI,2025-07-14 13:53,89.00,69.00,51.89,10.35,M,M
GRI,2025-07-14 14:53,90.00,70.00,52.04,12.65,M,M
GRI,2025-07-14 15:53,90.00,69.00,50.29,14.95,M,M
GRI,2025-07-14 16:53,91.00,66.00,43.96,12.65,M,M
GRI,2025-07-14 17:53,90.00,67.00,46.95,11.50,M,M
GRI,2025-07-14 18:53,88.00,70.00,55.41,12.65,M,M
GRI,2025-07-14 19:53,85.00,69.00,58.91,13.80,M,M
GRI,2025-07-14 20:53,81.00,68.00,64.76,12.65,M,M
GRI,2025-07-14 21:53,78.00,65.00,64.39,8.05,M,M
GRI,2025-07-14 22:53,77.00,63.00,62.06,11.50,M,M
GRI,2025-07-14 23:53,77.00,61.00,57.83,12.65,M,M
GRI,2025-07-15 00:53,75.00,62.00,64.02,11.50,M,M
GRI,2025-07-15 01:53,74.00,62.00,66.20,10.35,M,M
GRI,2025-07-15 02:53,72.00,62.00,70.81,8.05,M,M
GRI,2025-07-15 03:53,70.00,62.00,75.78,6.90,M,M
GRI,2025-07-15 04:53,69.00,62.00,78.41,6.90,M,M
GRI,2025-07-15 05:53,70.00,62.00,75.78,8.05,M,M
GRI,2025-07-15 06:53,70.00,63.00,78.49,8.05,M,M
GRI,2025-07-15 07:53,74.00,64.00,71.02,10.35,M,M
GRI,2025-07-15 08:53,78.00,66.00,66.67,13.80,M,M
GRI,2025-07-15 09:53,81.00,68.00,64.76,16.10,M,M
GRI,2025-07-15 10:53,84.00,70.00,62.94,13.80,M,M
GRI,2025-07-15 11:53,87.00,70.00,57.19,13.80,M,M
GRI,2025-07-15 12:53,88.00,70.00,55.41,19.55,M,M
GRI,2025-07-15 13:53,90.00,71.00,53.84,14.95,M,M
GRI,2025-07-15 14:53,90.00,73.00,57.60,11.50,M,M
GRI,2025-07-15 15:53,90.00,73.00,57.60,12.65,M,M
GRI,2025-07-15 16:53,90.00,72.00,55.69,16.10,M,M
GRI,2025-07-15 17:53,89.00,72.00,57.47,14.95,M,M
GRI,2025-07-15 18:53,88.00,72.00,59.30,13.80,M,M
GRI,2025-07-15 19:53,84.00,72.00,67.36,11.50,M,M
GRI,2025-07-15 20:53,82.00,72.00,71.84,10.35,M,M
GRI,2025-07-15 21:53,78.00,65.00,64.39,33.35,3500.00,50.60
GRI,2025-07-15 22:31,68.00,64.00,87.05,27.60,5500.00,57.50
GRI,2025-07-15 22:53,68.00,64.00,87.05,25.30,7000.00,57.50
GRI,2025-07-15 23:27,66.00,64.00,93.27,21.85,4100.00,49.45
GRI,2025-07-15 23:33,65.00,64.00,96.57,21.85,3300.00,49.45
GRI,2025-07-15 23:53,65.00,63.00,93.24,11.50,3100.00,49.45
GRI,2025-07-16 00:03,65.00,63.00,93.24,13.80,4200.00,M
GRI,2025-07-16 00:14,65.00,63.00,93.24,10.35,4600.00,M
GRI,2025-07-16 00:28,65.00,64.00,96.57,8.05,800.00,M
GRI,2025-07-16 00:46,65.00,64.00,96.57,10.35,9500.00,M
GRI,2025-07-16 00:53,65.00,64.00,96.57,11.50,9500.00,M
GRI,2025-07-16 01:26,66.00,63.00,90.06,11.50,11000.00,M
GRI,2025-07-16 01:40,66.00,63.00,90.06,12.65,6500.00,M
GRI,2025-07-16 01:53,66.00,63.00,90.06,11.50,6500.00,M
GRI,2025-07-16 02:29,65.00,63.00,93.24,12.65,8500.00,M
GRI,2025-07-16 02:53,65.00,63.00,93.24,12.65,9000.00,M
GRI,2025-07-16 03:40,65.00,63.00,93.24,8.05,8500.00,M
GRI,2025-07-16 03:53,65.00,63.00,93.24,10.35,8500.00,M
GRI,2025-07-16 04:53,63.00,62.00,96.54,8.05,1200.00,M
GRI,2025-07-16 05:53,63.00,61.00,93.19,3.45,M,M
GRI,2025-07-16 06:53,64.00,62.00,93.22,6.90,5000.00,M
GRI,2025-07-16 07:17,64.00,63.00,96.56,8.05,900.00,M
GRI,2025-07-16 07:23,64.00,62.00,93.22,8.05,700.00,M
GRI,2025-07-16 07:53,64.00,63.00,96.56,10.35,600.00,M
GRI,2025-07-16 08:53,67.00,64.00,90.10,6.90,900.00,M
GRI,2025-07-16 08:57,67.00,64.00,90.10,5.75,1100.00,M
GRI,2025-07-16 09:39,68.00,63.00,84.05,9.20,1500.00,M
GRI,2025-07-16 09:53,68.00,64.00,87.05,9.20,1700.00,M
GRI,2025-07-16 10:51,68.00,62.60,82.88,11.50,1300.00,M
GRI,2025-07-16 10:53,68.00,63.00,84.05,13.80,1300.00,M
GRI,2025-07-16 11:26,70.00,63.00,78.49,14.95,1500.00,M
GRI,2025-07-16 11:53,70.00,64.00,81.29,11.50,1600.00,M
GRI,2025-07-16 12:53,71.00,64.00,78.57,9.20,1700.00,M
GRI,2025-07-16 13:53,72.00,64.00,75.96,9.20,2000.00,M
GRI,2025-07-16 14:53,71.00,63.00,75.87,12.65,2100.00,M
GRI,2025-07-16 15:53,71.00,63.00,75.87,13.80,2400.00,M
GRI,2025-07-16 16:53,72.00,63.00,73.34,12.65,1700.00,M
GRI,2025-07-16 17:53,69.00,62.00,78.41,13.80,1900.00,M
GRI,2025-07-16 18:53,68.00,62.00,81.15,10.35,2000.00,M
GRI,2025-07-16 19:53,67.00,62.00,83.99,10.35,1900.00,M
GRI,2025-07-16 20:53,66.00,61.00,83.93,12.65,1800.00,M
GRI,2025-07-16 21:53,65.00,60.00,83.86,12.65,1600.00,M
GRI,2025-07-16 22:53,65.00,60.00,83.86,12.65,2200.00,M
GRI,2025-07-16 23:53,63.00,59.00,86.79,10.35,2900.00,M
GRI,2025-07-17 00:11,62.00,59.00,89.89,4.60,2900.00,M
GRI,2025-07-17 00:53,61.00,59.00,93.13,4.60,M,M
GRI,2025-07-17 01:37,61.00,59.00,93.13,4.60,1800.00,M
GRI,2025-07-17 01:53,62.00,60.00,93.16,4.60,1600.00,M
GRI,2025-07-17 02:14,62.00,60.00,93.16,4.60,1400.00,M
GRI,2025-07-17 02:39,61.00,59.00,93.13,6.90,1300.00,M
GRI,2025-07-17 02:53,61.00,59.00,93.13,8.05,M,M
GRI,2025-07-17 03:40,61.00,59.00,93.13,8.05,2900.00,M
GRI,2025-07-17 03:53,61.00,59.00,93.13,8.05,2800.00,M
GRI,2025-07-17 04:53,61.00,59.00,93.13,9.20,2800.00,M
GRI,2025-07-17 05:45,61.00,59.00,93.13,10.35,800.00,M
GRI,2025-07-17 05:53,61.00,59.00,93.13,9.20,1000.00,M
GRI,2025-07-17 06:02,61.00,59.00,93.13,8.05,900.00,M
GRI,2025-07-17 06:12,61.00,59.00,93.13,8.05,900.00,M
GRI,2025-07-17 06:48,60.80,59.00,93.79,9.20,1000.00,M
GRI,2025-07-17 06:53,61.00,59.00,93.13,8.05,1000.00,M
GRI,2025-07-17 07:53,62.00,59.00,89.89,9.20,1000.00,M
GRI,2025-07-17 08:53,63.00,57.00,80.77,11.50,1200.00,M
GRI,2025-07-17 09:53,67.00,58.00,72.85,10.35,1600.00,M
GRI,2025-07-17 10:19,67.00,57.00,70.27,11.50,1900.00,M
GRI,2025-07-17 10:53,67.00,57.00,70.27,9.20,2200.00,M
GRI,2025-07-17 11:53,67.00,57.00,70.27,6.90,2400.00,M
GRI,2025-07-17 12:53,69.00,59.00,70.49,5.75,2500.00,M
GRI,2025-07-17 13:53,70.00,58.00,65.72,3.45,2300.00,M
GRI,2025-07-17 14:53,71.00,60.00,68.23,6.90,2800.00,M
GRI,2025-07-17 15:53,71.00,59.00,65.84,5.75,2800.00,M
GRI,2025-07-17 16:53,71.00,61.00,70.70,9.20,2900.00,M
GRI,2025-07-17 17:53,71.00,61.00,70.70,9.20,2800.00,M
GRI,2025-07-17 18:53,70.00,62.00,75.78,10.35,2100.00,M
GRI,2025-07-17 19:53,69.00,62.00,78.41,5.75,3000.00,M
GRI,2025-07-17 20:53,68.00,63.00,84.05,5.75,3000.00,M
GRI,2025-07-17 21:53,68.00,63.00,84.05,6.90,3000.00,M
GRI,2025-07-17 22:53,68.00,63.00,84.05,6.90,2400.00,M
GRI,2025-07-17 23:53,66.00,63.00,90.06,6.90,3000.00,M
GRI,2025-07-18 00:53,66.00,63.00,90.06,6.90,3000.00,M
GRI,2025-07-18 01:51,66.20,62.60,88.19,6.90,2800.00,M
GRI,2025-07-18 01:53,66.00,63.00,90.06,6.90,2800.00,M
GRI,2025-07-18 02:53,66.00,63.00,90.06,9.20,2500.00,M
GRI,2025-07-18 03:53,66.00,64.00,93.27,6.90,2600.00,M
GRI,2025-07-18 04:53,67.00,65.00,93.30,9.20,1300.00,M
GRI,2025-07-18 05:14,67.00,65.00,93.30,9.20,3000.00,M
GRI,2025-07-18 05:31,67.00,65.00,93.30,11.50,700.00,M
GRI,2025-07-18 05:53,67.00,65.00,93.30,9.20,700.00,M
GRI,2025-07-18 06:53,67.00,66.00,96.60,12.65,500.00,M
GRI,2025-07-18 07:11,67.00,66.00,96.60,11.50,400.00,M
GRI,2025-07-18 07:53,68.00,66.00,93.33,14.95,400.00,M
GRI,2025-07-18 08:39,70.00,67.00,90.22,16.10,600.00,M
GRI,2025-07-18 08:53,70.00,67.00,90.22,11.50,600.00,M
GRI,2025-07-18 09:50,71.60,68.00,88.45,12.65,1000.00,M
GRI,2025-07-18 09:53,73.00,68.00,84.37,16.10,1000.00,M
GRI,2025-07-18 10:53,76.00,69.00,78.98,14.95,1200.00,M
GRI,2025-07-18 11:17,76.00,69.00,78.98,14.95,1600.00,M
GRI,2025-07-18 11:53,78.00,70.00,76.49,13.80,1800.00,M
GRI,2025-07-18 12:53,80.00,71.00,74.12,12.65,1900.00,M
GRI,2025-07-18 13:53,82.00,72.00,71.84,11.50,2200.00,M
GRI,2025-07-18 14:21,82.00,73.00,74.31,11.50,2200.00,M
GRI,2025-07-18 14:53,83.00,73.00,71.94,16.10,2300.00,M
GRI,2025-07-18 15:53,84.00,74.00,72.04,13.80,2100.00,M
GRI,2025-07-18 16:11,84.00,74.00,72.04,12.65,2100.00,M
GRI,2025-07-18 16:53,83.00,74.00,74.40,17.25,2300.00,M
GRI,2025-07-18 17:53,83.00,75.00,76.93,13.80,2300.00,M
GRI,2025-07-18 18:53,84.00,74.00,72.04,9.20,2900.00,M
GRI,2025-07-18 19:53,84.00,75.00,74.49,8.05,M,M
GRI,2025-07-18 20:53,81.00,75.00,82.07,6.90,4100.00,M
GRI,2025-07-18 21:53,80.00,75.00,84.79,11.50,M,M
GRI,2025-07-18 22:53,78.00,75.00,90.54,11.50,M,M
GRI,2025-07-18 23:53,77.00,75.00,93.57,9.20,M,M
GRI,2025-07-19 00:53,76.00,74.00,93.55,9.20,M,M
GRI,2025-07-19 01:53,73.00,61.00,66.08,11.50,1300.00,39.10
GRI,2025-07-19 02:53,70.00,63.00,78.49,3.45,M,M
GRI,2025-07-19 03:53,70.00,64.00,81.29,6.90,M,M
GRI,2025-07-19 04:53,71.00,67.00,87.21,6.90,M,M
GRI,2025-07-19 05:53,69.00,68.00,96.63,4.60,M,M
GRI,2025-07-19 06:53,68.00,66.00,93.33,4.60,M,M
GRI,2025-07-19 07:53,71.00,67.00,87.21,3.45,M,M
GRI,2025-07-19 08:53,75.00,69.00,81.65,4.60,M,M
GRI,2025-07-19 09:53,78.00,71.00,79.14,5.75,M,M
GRI,2025-07-19 10:53,82.00,72.00,71.84,10.35,1700.00,M
GRI,2025-07-19 11:11,82.00,72.00,71.84,12.65,1800.00,M
GRI,2025-07-19 11:53,82.00,72.00,71.84,10.35,2100.00,M
GRI,2025-07-19 12:21,83.00,72.00,69.56,10.35,1900.00,M
GRI,2025-07-19 12:53,84.00,72.00,67.36,11.50,2100.00,M
GRI,2025-07-19 13:53,86.00,72.00,63.19,11.50,M,M
GRI,2025-07-19 14:53,87.00,72.00,61.21,12.65,3000.00,M
GRI,2025-07-19 15:53,87.00,73.00,63.31,11.50,2800.00,M
GRI,2025-07-19 16:16,86.00,74.00,67.58,10.35,2800.00,M
GRI,2025-07-19 16:23,85.00,74.00,69.77,9.20,2800.00,M
GRI,2025-07-19 16:53,86.00,74.00,67.58,9.20,3300.00,M
GRI,2025-07-19 17:53,84.00,74.00,72.04,9.20,5000.00,M
GRI,2025-07-19 18:53,81.00,76.00,84.85,4.60,M,M
GRI,2025-07-19 19:53,79.00,76.00,90.58,10.35,M,M
GRI,2025-07-19 20:53,78.00,76.00,93.60,4.60,10000.00,M
GRI,2025-07-19 21:16,78.00,76.00,93.60,5.75,9500.00,M
GRI,2025-07-19 21:31,78.00,76.00,93.60,8.05,10000.00,M
GRI,2025-07-19 21:53,78.00,75.00,90.54,8.05,11000.00,M
GRI,2025-07-19 22:53,74.00,68.00,81.58,13.80,3000.00,34.50
GRI,2025-07-19 23:53,73.00,66.00,78.74,12.65,M,M
GRI,2025-07-20 00:53,70.00,67.00,90.22,5.75,M,M
GRI,2025-07-20 01:53,70.00,67.00,90.22,6.90,M,M
GRI,2025-07-20 02:53,69.00,67.00,93.36,0.00,M,M
GRI,2025-07-20 03:53,70.00,66.00,87.16,3.45,M,M
GRI,2025-07-20 04:53,68.00,66.00,93.33,0.00,M,M
GRI,2025-07-20 05:53,68.00,67.00,96.61,0.00,200.00,M
GRI,2025-07-20 06:07,68.00,67.00,96.61,3.45,200.00,M
GRI,2025-07-20 06:11,68.00,67.00,96.61,4.60,200.00,M
GRI,2025-07-20 06:16,68.00,68.00,100.00,5.75,200.00,M
GRI,2025-07-20 06:25,69.00,69.00,100.00,6.90,200.00,M
GRI,2025-07-20 06:36,70.00,69.00,96.64,6.90,200.00,M
GRI,2025-07-20 06:53,70.00,70.00,100.00,8.05,200.00,M
GRI,2025-07-20 07:08,71.00,70.00,96.66,10.35,200.00,M
GRI,2025-07-20 07:13,71.00,71.00,100.00,10.35,200.00,M
GRI,2025-07-20 07:22,71.00,70.00,96.66,8.05,200.00,M
GRI,2025-07-20 07:30,71.00,70.00,96.66,10.35,200.00,M
GRI,2025-07-20 07:53,70.00,69.00,96.64,10.35,200.00,M
GRI,2025-07-20 08:53,74.00,69.00,84.43,8.05,900.00,M
GRI,2025-07-20 09:03,74.00,70.00,87.36,11.50,1000.00,M
GRI,2025-07-20 09:16,74.00,70.00,87.36,9.20,900.00,M
GRI,2025-07-20 09:53,75.00,70.00,84.49,9.20,800.00,M
GRI,2025-07-20 10:36,78.00,72.00,81.86,3.45,900.00,M
GRI,2025-07-20 10:53,79.00,71.00,76.58,0.00,M,M
GRI,2025-07-20 11:53,83.00,70.00,65.00,5.75,M,M
GRI,2025-07-20 12:53,85.00,72.00,65.23,3.45,M,M
GRI,2025-07-20 13:53,86.00,72.00,63.19,5.75,M,M
GRI,2025-07-20 14:53,87.00,71.00,59.17,6.90,M,M
GRI,2025-07-20 15:53,88.00,71.00,57.33,5.75,M,M
GRI,2025-07-20 16:53,88.00,73.00,61.34,9.20,M,M
GRI,2025-07-20 17:53,87.00,73.00,63.31,9.20,M,M
GRI,2025-07-20 18:53,87.00,74.00,65.47,8.05,M,M
GRI,2025-07-20 19:53,85.00,75.00,72.14,6.90,M,M
GRI,2025-07-20 20:53,82.00,76.00,82.14,6.90,M,M
GRI,2025-07-20 21:53,79.00,75.00,87.61,5.75,M,M
GRI,2025-07-20 22:53,78.00,75.00,90.54,5.75,M,M
GRI,2025-07-20 23:53,77.00,73.00,87.51,5.75,M,M
GRI,2025-07-21 00:53,76.00,73.00,90.46,8.05,M,M
GRI,2025-07-21 01:53,75.00,73.00,93.52,9.20,M,M
GRI,2025-07-21 02:53,76.00,73.00,90.46,8.05,2900.00,M
GRI,2025-07-21 03:53,74.00,73.00,96.70,6.90,M,M
GRI,2025-07-21 04:53,74.00,72.00,93.49,9.20,M,M
GRI,2025-07-21 05:53,74.00,72.00,93.49,6.90,M,M
GRI,2025-07-21 06:53,74.00,72.00,93.49,5.75,M,M
GRI,2025-07-21 07:05,74.00,72.00,93.49,4.60,500.00,M
GRI,2025-07-21 07:14,74.00,72.00,93.49,5.75,500.00,M
GRI,2025-07-21 07:53,75.00,73.00,93.52,5.75,500.00,M
GRI,2025-07-21 08:02,75.00,73.00,93.52,6.90,400.00,M
GRI,2025-07-21 08:53,77.00,74.00,90.50,8.05,500.00,M
GRI,2025-07-21 09:53,78.00,74.00,87.56,9.20,600.00,M
GRI,2025-07-21 10:53,80.00,74.00,82.00,11.50,900.00,M
GRI,2025-07-21 11:13,81.00,74.00,79.38,10.35,1000.00,M
GRI,2025-07-21 11:53,84.00,75.00,74.49,14.95,1400.00,M
GRI,2025-07-21 12:12,83.00,75.00,76.93,14.95,1600.00,M
GRI,2025-07-21 12:53,84.00,73.00,69.67,16.10,1800.00,M
GRI,2025-07-21 13:53,83.00,73.00,71.94,13.80,2100.00,M
GRI,2025-07-21 14:53,83.00,72.00,69.56,17.25,M,M
GRI,2025-07-21 15:53,80.00,72.00,76.67,12.65,M,M
GRI,2025-07-21 16:53,77.00,70.00,79.06,14.95,M,M
GRI,2025-07-21 17:53,76.00,68.00,76.32,14.95,M,M
GRI,2025-07-21 18:53,76.00,67.00,73.73,12.65,M,M
GRI,2025-07-21 19:53,73.00,67.00,81.51,11.50,M,M
GRI,2025-07-21 20:53,72.00,66.00,81.44,9.20,M,M
GRI,2025-07-21 21:53,70.00,64.00,81.29,6.90,M,M
GRI,2025-07-21 22:53,72.00,63.00,73.34,6.90,M,M
GRI,2025-07-21 23:53,72.00,63.00,73.34,8.05,M,M
GRI,2025-07-22 00:53,69.00,64.00,84.12,3.45,M,M
GRI,2025-07-22 01:53,67.00,65.00,93.30,5.75,M,M
GRI,2025-07-22 02:53,67.00,65.00,93.30,4.60,M,M
GRI,2025-07-22 03:53,66.00,64.00,93.27,3.45,M,M
GRI,2025-07-22 04:53,65.00,64.00,96.57,3.45,M,M
GRI,2025-07-22 05:53,65.00,63.00,93.24,5.75,M,M
GRI,2025-07-22 06:53,65.00,64.00,96.57,0.00,M,M
GRI,2025-07-22 07:53,67.00,65.00,93.30,5.75,M,M
GRI,2025-07-22 08:26,68.00,66.00,93.33,8.05,600.00,M
GRI,2025-07-22 08:35,69.00,67.00,93.36,8.05,500.00,M
GRI,2025-07-22 08:53,69.00,68.00,96.63,9.20,500.00,M
GRI,2025-07-22 09:00,70.00,68.00,93.38,10.35,400.00,M
GRI,2025-07-22 09:36,74.00,69.00,84.43,6.90,400.00,M
GRI,2025-07-22 09:53,75.00,69.00,81.65,5.75,M,M
GRI,2025-07-22 10:53,80.00,69.00,69.23,6.90,M,M
GRI,2025-07-22 11:53,82.00,69.00,64.88,11.50,M,M
GRI,2025-07-22 12:53,86.00,68.00,55.13,14.95,M,M
GRI,2025-07-22 13:53,86.00,69.00,57.06,11.50,M,M
GRI,2025-07-22 14:53,86.00,71.00,61.08,13.80,M,M
GRI,2025-07-22 15:53,84.00,73.00,69.67,9.20,M,M
GRI,2025-07-22 16:53,84.00,69.00,60.82,13.80,M,M
GRI,2025-07-22 17:53,81.00,70.00,69.34,8.05,M,M
GRI,2025-07-22 18:53,80.00,69.00,69.23,8.05,M,M
GRI,2025-07-22 19:53,79.00,70.00,74.02,8.05,M,M
GRI,2025-07-22 20:53,77.00,70.00,79.06,9.20,M,M
GRI,2025-07-22 21:53,77.00,71.00,81.79,6.90,M,M
GRI,2025-07-22 22:53,77.00,72.00,84.61,10.35,M,M
GRI,2025-07-22 23:53,77.00,73.00,87.51,9.20,M,M
GRI,2025-07-23 00:53,78.00,73.00,84.67,12.65,M,M
GRI,2025-07-23 01:53,78.00,72.00,81.86,12.65,M,M
GRI,2025-07-23 02:53,78.00,70.00,76.49,13.80,M,M
GRI,2025-07-23 03:53,77.00,69.00,76.41,13.80,M,M
GRI,2025-07-23 04:53,76.00,67.00,73.73,16.10,M,M
GRI,2025-07-23 05:53,75.00,65.00,71.12,14.95,M,M
GRI,2025-07-23 06:53,74.00,64.00,71.02,13.80,M,M
GRI,2025-07-23 07:53,76.00,63.00,64.15,12.65,M,M
GRI,2025-07-23 08:53,78.00,65.00,64.39,13.80,M,M
GRI,2025-07-23 09:53,81.00,67.00,62.56,13.80,M,M
GRI,2025-07-23 10:53,83.00,67.00,58.64,16.10,M,M
GRI,2025-07-23 11:53,86.00,69.00,57.06,9.20,M,M
GRI,2025-07-23 12:53,85.00,70.00,60.95,10.35,11000.00,M
GRI,2025-07-23 13:41,87.00,70.00,57.19,4.60,11000.00,M
GRI,2025-07-23 13:53,88.00,71.00,57.33,4.60,11000.00,M
GRI,2025-07-23 14:22,88.00,73.00,61.34,10.35,11000.00,M
GRI,2025-07-23 14:53,89.00,73.00,59.44,10.35,3000.00,M
GRI,2025-07-23 15:53,90.00,74.00,59.57,9.20,3000.00,M
GRI,2025-07-23 16:53,90.00,74.00,59.57,11.50,4300.00,M
GRI,2025-07-23 17:53,91.00,72.00,53.98,10.35,5500.00,M
GRI,2025-07-23 18:53,85.00,75.00,72.14,8.05,5500.00,M
GRI,2025-07-23 19:51,73.40,62.60,68.99,34.50,3000.00,51.75
GRI,2025-07-23 19:53,72.00,63.00,73.34,36.80,3000.00,51.75
GRI,2025-07-23 20:14,67.00,65.00,93.30,31.05,1100.00,51.75
GRI,2025-07-23 20:18,68.00,66.00,93.33,26.45,2500.00,51.75
GRI,2025-07-23 20:24,69.00,67.00,93.36,32.20,2200.00,51.75
GRI,2025-07-23 20:53,69.00,65.00,87.10,23.00,5500.00,51.75
GRI,2025-07-23 21:04,69.00,65.00,87.10,18.40,4800.00,32.20
GRI,2025-07-23 21:21,68.00,65.00,90.14,21.85,7000.00,32.20
GRI,2025-07-23 21:50,69.80,64.40,83.00,19.55,7000.00,32.20
GRI,2025-07-23 21:53,70.00,64.00,81.29,24.15,7000.00,32.20
GRI,2025-07-23 22:00,71.00,64.00,78.57,23.00,9500.00,31.05
GRI,2025-07-23 22:22,70.00,64.00,81.29,18.40,9000.00,33.35
GRI,2025-07-23 22:37,69.00,65.00,87.10,13.80,8000.00,33.35
GRI,2025-07-23 22:53,69.00,64.00,84.12,8.05,8500.00,33.35
GRI,2025-07-23 23:09,69.00,65.00,87.10,3.45,9000.00,M
GRI,2025-07-23 23:53,69.00,66.00,90.18,5.75,8500.00,M
GRI,2025-07-24 00:53,69.00,67.00,93.36,11.50,M,M
GRI,2025-07-24 01:53,68.00,66.00,93.33,5.75,M,M
GRI,2025-07-24 02:53,67.00,66.00,96.60,4.60,M,M
GRI,2025-07-24 03:53,67.00,66.00,96.60,4.60,M,M
GRI,2025-07-24 04:53,66.00,65.00,96.59,0.00,M,M
GRI,2025-07-24 05:53,66.00,65.00,96.59,4.60,10000.00,M
GRI,2025-07-24 06:28,65.00,64.00,96.57,3.45,400.00,M
GRI,2025-07-24 06:39,65.00,65.00,100.00,5.75,400.00,M
GRI,2025-07-24 06:53,66.00,65.00,96.59,5.75,300.00,M
GRI,2025-07-24 07:00,66.00,65.00,96.59,4.60,300.00,M
GRI,2025-07-24 07:08,67.00,66.00,96.60,6.90,300.00,M
GRI,2025-07-24 07:38,67.00,67.00,100.00,8.05,1200.00,M
GRI,2025-07-24 07:53,68.00,67.00,96.61,5.75,1000.00,M
GRI,2025-07-24 07:55,68.00,67.00,96.61,5.75,800.00,M
GRI,2025-07-24 08:53,70.00,67.00,90.22,4.60,M,M
GRI,2025-07-24 09:13,70.00,67.00,90.22,5.75,600.00,M
GRI,2025-07-24 09:53,73.00,68.00,84.37,3.45,M,M
GRI,2025-07-24 10:23,73.00,68.00,84.37,9.20,1500.00,M
GRI,2025-07-24 10:39,73.00,68.00,84.37,8.05,1300.00,M
GRI,2025-07-24 10:53,74.00,68.00,81.58,10.35,1300.00,M
GRI,2025-07-24 11:53,76.00,67.00,73.73,9.20,1600.00,M
GRI,2025-07-24 12:53,78.00,69.00,73.93,8.05,2300.00,M
GRI,2025-07-24 13:53,80.00,68.00,66.90,9.20,2100.00,M
GRI,2025-07-24 14:53,80.00,70.00,71.64,12.65,2300.00,M
GRI,2025-07-24 15:53,80.00,69.00,69.23,6.90,2700.00,M
GRI,2025-07-24 16:11,82.00,69.00,64.88,9.20,2400.00,M
GRI,2025-07-24 16:53,82.00,69.00,64.88,8.05,2800.00,M
GRI,2025-07-24 17:53,82.00,69.00,64.88,8.05,4300.00,M
GRI,2025-07-24 18:53,81.00,69.00,67.01,8.05,4300.00,M
GRI,2025-07-24 19:53,79.00,70.00,74.02,5.75,4500.00,M
GRI,2025-07-24 20:53,76.00,70.00,81.72,4.60,M,M
GRI,2025-07-24 21:53,72.00,70.00,93.44,3.45,M,M
GRI,2025-07-24 22:53,70.00,69.00,96.64,0.00,M,M
GRI,2025-07-24 23:43,70.00,69.00,96.64,3.45,1700.00,M
GRI,2025-07-24 23:53,71.00,70.00,96.66,3.45,1700.00,M
GRI,2025-07-25 00:21,71.00,70.00,96.66,3.45,2300.00,M
GRI,2025-07-25 00:36,71.00,70.00,96.66,3.45,2900.00,M
GRI,2025-07-25 00:53,71.00,70.00,96.66,3.45,2100.00,M
GRI,2025-07-25 01:05,71.00,70.00,96.66,3.45,2100.00,M
GRI,2025-07-25 01:50,69.80,69.80,100.00,0.00,2500.00,M
GRI,2025-07-25 01:53,70.00,69.00,96.64,0.00,2500.00,M
GRI,2025-07-25 02:01,70.00,69.00,96.64,3.45,2500.00,M
GRI,2025-07-25 02:23,70.00,69.00,96.64,3.45,2900.00,M
GRI,2025-07-25 02:44,69.00,69.00,100.00,4.60,600.00,M
GRI,2025-07-25 02:46,69.00,68.00,96.63,4.60,600.00,M
GRI,2025-07-25 02:53,69.00,68.00,96.63,3.45,600.00,M
GRI,2025-07-25 02:56,69.00,68.00,96.63,3.45,600.00,M
GRI,2025-07-25 03:03,68.00,68.00,100.00,3.45,600.00,M
GRI,2025-07-25 03:53,68.00,68.00,100.00,3.45,M,M
GRI,2025-07-25 04:04,68.00,68.00,100.00,3.45,300.00,M
GRI,2025-07-25 04:12,68.00,68.00,100.00,3.45,300.00,M
GRI,2025-07-25 04:14,68.00,67.00,96.61,3.45,100.00,M
GRI,2025-07-25 04:22,68.00,67.00,96.61,0.00,100.00,M
GRI,2025-07-25 04:24,68.00,68.00,100.00,0.00,200.00,M
GRI,2025-07-25 04:38,69.00,68.00,96.63,4.60,200.00,M
GRI,2025-07-25 04:46,69.00,68.00,96.63,5.75,200.00,M
GRI,2025-07-25 04:53,69.00,68.00,96.63,0.00,200.00,M
GRI,2025-07-25 05:16,69.00,69.00,100.00,4.60,200.00,M
GRI,2025-07-25 05:37,69.00,69.00,100.00,4.60,200.00,M
GRI,2025-07-25 05:53,69.00,69.00,100.00,4.60,200.00,M
GRI,2025-07-25 06:15,70.00,69.00,96.64,8.05,200.00,M
GRI,2025-07-25 06:42,70.00,70.00,100.00,4.60,200.00,M
GRI,2025-07-25 06:53,70.00,70.00,100.00,4.60,200.00,M
GRI,2025-07-25 07:01,70.00,70.00,100.00,3.45,200.00,M
GRI,2025-07-25 07:53,71.00,70.00,96.66,5.75,300.00,M
GRI,2025-07-25 08:53,73.00,70.00,90.34,9.20,700.00,M
GRI,2025-07-25 09:53,74.00,70.00,87.36,8.05,700.00,M
GRI,2025-07-25 10:53,77.00,70.00,79.06,5.75,1200.00,M
GRI,2025-07-25 11:53,79.00,70.00,74.02,8.05,1700.00,M
GRI,2025-07-25 12:46,79.00,70.00,74.02,9.20,2100.00,M
GRI,2025-07-25 12:53,80.00,69.00,69.23,9.20,2100.00,M
GRI,2025-07-25 13:53,79.00,70.00,74.02,9.20,2000.00,M
GRI,2025-07-25 14:53,81.00,70.00,69.34,12.65,2600.00,M
GRI,2025-07-25 15:53,79.00,70.00,74.02,11.50,1900.00,M
GRI,2025-07-25 16:53,78.00,70.00,76.49,9.20,1800.00,M
GRI,2025-07-25 17:53,78.00,70.00,76.49,10.35,1700.00,M
GRI,2025-07-25 18:53,77.00,69.00,76.41,8.05,1800.00,M
GRI,2025-07-25 19:53,77.00,68.00,73.83,4.60,2500.00,M
GRI,2025-07-25 20:53,73.00,69.00,87.31,4.60,1800.00,M
GRI,2025-07-25 21:53,71.00,69.00,93.41,3.45,M,M
GRI,2025-07-25 22:53,70.00,69.00,96.64,5.75,M,M
GRI,2025-07-25 23:53,69.00,68.00,96.63,4.60,M,M
GRI,2025-07-26 00:53,69.00,68.00,96.63,3.45,300.00,M
GRI,2025-07-26 01:04,70.00,69.00,96.64,4.60,300.00,M
GRI,2025-07-26 01:28,70.00,69.00,96.64,5.75,300.00,M
GRI,2025-07-26 01:42,70.00,69.00,96.64,4.60,200.00,M
GRI,2025-07-26 01:53,70.00,69.00,96.64,4.60,200.00,M
GRI,2025-07-26 02:35,70.00,69.00,96.64,4.60,300.00,M
GRI,2025-07-26 02:53,70.00,69.00,96.64,4.60,200.00,M
GRI,2025-07-26 03:41,69.00,68.00,96.63,3.45,200.00,M
GRI,2025-07-26 03:53,69.00,68.00,96.63,3.45,200.00,M
GRI,2025-07-26 04:01,69.00,68.00,96.63,0.00,200.00,M
GRI,2025-07-26 04:10,68.00,68.00,100.00,3.45,200.00,M
GRI,2025-07-26 04:22,68.00,68.00,100.00,3.45,200.00,M
GRI,2025-07-26 04:33,68.00,68.00,100.00,0.00,200.00,M
GRI,2025-07-26 04:44,68.00,68.00,100.00,0.00,200.00,M
GRI,2025-07-26 04:53,68.00,68.00,100.00,0.00,200.00,M
GRI,2025-07-26 05:53,68.00,68.00,100.00,0.00,200.00,M
GRI,2025-07-26 06:53,67.00,67.00,100.00,0.00,200.00,M
GRI,2025-07-26 07:53,68.00,67.00,96.61,4.60,200.00,M
GRI,2025-07-26 08:08,67.00,67.00,100.00,4.60,200.00,M
GRI,2025-07-26 08:31,68.00,68.00,100.00,4.60,200.00,M
GRI,2025-07-26 08:39,68.00,68.00,100.00,5.75,200.00,M
GRI,2025-07-26 08:53,69.00,68.00,96.63,4.60,200.00,M
GRI,2025-07-26 09:44,70.00,69.00,96.64,4.60,400.00,M
GRI,2025-07-26 09:53,70.00,69.00,96.64,4.60,400.00,M
GRI,2025-07-26 10:05,73.00,70.00,90.34,4.60,500.00,M
GRI,2025-07-26 10:53,79.00,71.00,76.58,6.90,M,M
GRI,2025-07-26 11:53,83.00,72.00,69.56,4.60,M,M
GRI,2025-07-26 12:53,86.00,74.00,67.58,10.35,M,M
GRI,2025-07-26 13:53,87.00,74.00,65.47,10.35,M,M
GRI,2025-07-26 14:53,88.00,74.00,63.43,12.65,M,M
GRI,2025-07-26 15:53,90.00,71.00,53.84,11.50,M,M
GRI,2025-07-26 16:53,91.00,72.00,53.98,12.65,M,M
GRI,2025-07-26 17:53,90.00,72.00,55.69,13.80,M,M
GRI,2025-07-26 18:53,88.00,71.00,57.33,9.20,M,M
GRI,2025-07-26 19:53,85.00,75.00,72.14,9.20,M,M
GRI,2025-07-26 20:53,81.00,75.00,82.07,4.60,M,M
GRI,2025-07-26 21:53,78.00,75.00,90.54,4.60,M,M
GRI,2025-07-26 22:53,78.00,74.00,87.56,9.20,M,M
GRI,2025-07-26 23:53,77.00,73.00,87.51,6.90,M,M
GRI,2025-07-27 00:53,75.00,72.00,90.42,5.75,M,M
GRI,2025-07-27 01:53,75.00,72.00,90.42,8.05,M,M
GRI,2025-07-27 02:53,74.00,72.00,93.49,5.75,M,M
GRI,2025-07-27 03:53,74.00,72.00,93.49,3.45,9000.00,M
GRI,2025-07-27 04:53,73.00,71.00,93.47,5.75,M,M
GRI,2025-07-27 05:53,72.00,71.00,96.67,4.60,M,M
GRI,2025-07-27 06:53,73.00,71.00,93.47,5.75,M,M
GRI,2025-07-27 07:53,77.00,72.00,84.61,5.75,M,M
GRI,2025-07-27 08:53,80.00,73.00,79.30,10.35,M,M
GRI,2025-07-27 09:53,83.00,73.00,71.94,10.35,M,M
GRI,2025-07-27 10:53,87.00,74.00,65.47,12.65,M,M
GRI,2025-07-27 11:53,89.00,76.00,65.70,12.65,M,M
GRI,2025-07-27 12:53,91.00,77.00,63.80,14.95,M,M
GRI,2025-07-27 13:53,91.00,76.00,61.72,13.80,M,M
GRI,2025-07-27 14:53,94.00,77.00,58.13,17.25,M,M
GRI,2025-07-27 15:53,95.00,74.00,51.02,16.10,M,M
GRI,2025-07-27 16:53,96.00,72.00,46.26,16.10,M,32.20
GRI,2025-07-27 17:53,95.00,73.00,49.34,13.80,M,M
GRI,2025-07-27 18:53,93.00,73.00,52.47,11.50,M,M
GRI,2025-07-27 19:53,90.00,75.00,61.59,8.05,M,M
GRI,2025-07-27 20:53,86.00,77.00,74.68,11.50,M,M
GRI,2025-07-27 21:53,84.00,76.00,77.01,9.20,M,M
GRI,2025-07-27 22:53,83.00,75.00,76.93,12.65,M,M
GRI,2025-07-27 23:53,81.00,74.00,79.38,13.80,M,M
GRI,2025-07-28 00:53,80.00,73.00,79.30,14.95,M,M
GRI,2025-07-28 01:53,79.00,72.00,79.22,12.65,M,M
GRI,2025-07-28 02:53,79.00,71.00,76.58,11.50,M,M
GRI,2025-07-28 03:53,78.00,71.00,79.14,12.65,M,M
GRI,2025-07-28 04:53,78.00,70.00,76.49,12.65,M,M
GRI,2025-07-28 05:53,76.00,70.00,81.72,9.20,M,M
GRI,2025-07-28 06:53,75.00,70.00,84.49,14.95,M,M
GRI,2025-07-28 07:48,78.80,71.60,78.67,16.10,M,M
GRI,2025-07-28 07:53,78.00,72.00,81.86,14.95,M,M
GRI,2025-07-28 08:01,77.00,71.00,81.79,16.10,M,M
GRI,2025-07-28 08:53,79.00,72.00,79.22,16.10,M,M
GRI,2025-07-28 09:53,83.00,72.00,69.56,14.95,M,M
GRI,2025-07-28 10:53,85.00,73.00,67.47,13.80,M,M
GRI,2025-07-28 11:53,88.00,73.00,61.34,16.10,M,M
GRI,2025-07-28 12:53,90.00,73.00,57.60,13.80,M,M
GRI,2025-07-28 13:53,92.00,75.00,57.87,17.25,M,M
GRI,2025-07-28 14:53,95.00,76.00,54.54,18.40,M,M
GRI,2025-07-28 15:53,96.00,74.00,49.48,18.40,M,31.05
GRI,2025-07-28 16:53,96.00,71.00,44.72,17.25,M,M
GRI,2025-07-28 17:53,95.00,72.00,47.70,16.10,M,M
GRI,2025-07-28 18:53,93.00,72.00,50.73,11.50,M,M
GRI,2025-07-28 19:53,89.00,72.00,57.47,9.20,M,M
GRI,2025-07-28 20:53,84.00,74.00,72.04,6.90,M,M
GRI,2025-07-28 21:53,81.00,74.00,79.38,8.05,M,M
GRI,2025-07-28 22:53,80.00,73.00,79.30,8.05,M,M
GRI,2025-07-28 23:53,79.00,71.00,76.58,8.05,M,M
GRI,2025-07-29 00:53,77.00,71.00,81.79,4.60,M,M
GRI,2025-07-29 01:53,78.00,71.00,79.14,9.20,M,M
GRI,2025-07-29 02:53,76.00,71.00,84.55,3.45,M,M
GRI,2025-07-29 03:53,75.00,70.00,84.49,5.75,M,M
GRI,2025-07-29 04:53,73.00,70.00,90.34,5.75,M,M
GRI,2025-07-29 05:53,72.00,70.00,93.44,4.60,M,M
GRI,2025-07-29 06:53,72.00,70.00,93.44,5.75,M,M
GRI,2025-07-29 07:53,75.00,71.00,87.41,5.75,M,M
GRI,2025-07-29 08:53,78.00,71.00,79.14,6.90,M,M
GRI,2025-07-29 09:53,83.00,72.00,69.56,4.60,M,M
GRI,2025-07-29 10:53,86.00,71.00,61.08,5.75,M,M
GRI,2025-07-29 11:53,88.00,73.00,61.34,3.45,M,M
GRI,2025-07-29 12:53,90.00,72.00,55.69,0.00,M,M
GRI,2025-07-29 13:53,92.00,74.00,55.97,9.20,M,M
GRI,2025-07-29 14:53,93.00,75.00,56.10,8.05,M,M
GRI,2025-07-29 15:53,94.00,77.00,58.13,6.90,M,M
GRI,2025-07-29 16:53,94.00,77.00,58.13,11.50,M,M
GRI,2025-07-29 17:53,92.00,77.00,61.84,10.35,M,M
GRI,2025-07-29 18:53,89.00,76.00,65.70,9.20,M,M
GRI,2025-07-29 19:53,86.00,76.00,72.24,5.75,M,M
GRI,2025-07-29 20:53,85.00,77.00,77.10,8.05,M,M
GRI,2025-07-29 21:48,77.00,64.40,65.17,26.45,3200.00,51.75
GRI,2025-07-29 21:49,76.00,65.00,68.79,33.35,3200.00,51.75
GRI,2025-07-29 22:01,72.00,66.00,81.44,27.60,3100.00,54.05
GRI,2025-07-29 22:09,71.00,67.00,87.21,27.60,3600.00,54.05
GRI,2025-07-29 22:38,69.00,66.00,90.18,18.40,8000.00,54.05
GRI,2025-07-29 22:53,70.00,66.00,87.16,11.50,5500.00,54.05
GRI,2025-07-29 23:09,69.00,67.00,93.36,12.65,2600.00,M
GRI,2025-07-29 23:17,69.00,66.00,90.18,19.55,2200.00,M
GRI,2025-07-29 23:26,68.00,66.00,93.33,17.25,2500.00,M
GRI,2025-07-29 23:34,69.00,67.00,93.36,18.40,2500.00,M
GRI,2025-07-29 23:45,69.00,67.00,93.36,11.50,5000.00,M
GRI,2025-07-29 23:53,69.00,67.00,93.36,10.35,4300.00,M
GRI,2025-07-30 00:01,69.00,67.00,93.36,10.35,3500.00,M
GRI,2025-07-30 00:20,69.00,67.00,93.36,11.50,3700.00,M
GRI,2025-07-30 00:53,69.00,68.00,96.63,13.80,9000.00,M
GRI,2025-07-30 01:32,68.00,66.00,93.33,16.10,700.00,36.80
GRI,2025-07-30 01:44,68.00,66.00,93.33,8.05,700.00,36.80
GRI,2025-07-30 01:53,68.00,66.00,93.33,5.75,800.00,36.80
GRI,2025-07-30 02:13,68.00,66.00,93.33,11.50,1000.00,M
GRI,2025-07-30 02:27,68.00,66.00,93.33,10.35,1000.00,M
GRI,2025-07-30 02:53,67.00,66.00,96.60,11.50,3500.00,M
GRI,2025-07-30 03:02,67.00,66.00,96.60,13.80,600.00,M
GRI,2025-07-30 03:53,67.00,66.00,96.60,8.05,700.00,M
GRI,2025-07-30 04:53,67.00,66.00,96.60,10.35,700.00,M
GRI,2025-07-30 05:53,68.00,66.00,93.33,8.05,700.00,M
GRI,2025-07-30 06:53,68.00,66.00,93.33,6.90,800.00,M
GRI,2025-07-30 07:53,68.00,66.00,93.33,5.75,1000.00,M
GRI,2025-07-30 08:28,69.00,66.00,90.18,4.60,800.00,M
GRI,2025-07-30 08:41,70.00,65.00,84.18,4.60,900.00,M
GRI,2025-07-30 08:53,70.00,66.00,87.16,3.45,1500.00,M
GRI,2025-07-30 09:53,70.00,65.00,84.18,0.00,1300.00,M
GRI,2025-07-30 10:53,72.00,66.00,81.44,5.75,M,M
GRI,2025-07-30 11:53,72.00,65.00,78.66,3.45,11000.00,M
GRI,2025-07-30 12:53,73.00,67.00,81.51,4.60,1500.00,M
GRI,2025-07-30 13:53,75.00,67.00,76.23,6.90,9000.00,M
GRI,2025-07-30 14:53,77.00,67.00,71.33,4.60,1900.00,M
GRI,2025-07-30 15:53,77.00,64.00,64.27,0.00,12000.00,M
GRI,2025-07-30 16:53,79.00,63.00,58.10,0.00,M,M
GRI,2025-07-30 17:53,81.00,64.00,56.37,4.60,5500.00,M
GRI,2025-07-30 18:53,78.00,68.00,71.43,4.60,3600.00,M
GRI,2025-07-30 19:53,74.00,68.00,81.58,10.35,3000.00,M
GRI,2025-07-30 20:42,72.00,69.00,90.30,10.35,900.00,M
GRI,2025-07-30 20:53,71.00,68.00,90.26,5.75,900.00,M
GRI,2025-07-30 21:53,71.00,68.00,90.26,5.75,4200.00,M
GRI,2025-07-30 22:53,71.00,69.00,93.41,3.45,4900.00,M
GRI,2025-07-30 23:53,69.00,68.00,96.63,4.60,M,M
GRI,2025-07-31 00:53,70.00,69.00,96.64,0.00,4800.00,M
GRI,2025-07-31 01:41,70.00,69.00,96.64,0.00,2600.00,M
GRI,2025-07-31 01:53,70.00,69.00,96.64,3.45,700.00,M
GRI,2025-07-31 02:18,70.00,69.00,96.64,4.60,600.00,M
GRI,2025-07-31 02:53,70.00,69.00,96.64,5.75,500.00,M
GRI,2025-07-31 03:50,68.00,66.20,93.98,10.35,300.00,M
GRI,2025-07-31 03:53,68.00,67.00,96.61,11.50,300.00,M
GRI,2025-07-31 04:53,67.00,66.00,96.60,8.05,200.00,M
GRI,2025-07-31 05:53,68.00,66.00,93.33,8.05,400.00,M
GRI,2025-07-31 06:15,68.00,66.00,93.33,9.20,500.00,M
GRI,2025-07-31 06:53,68.00,66.00,93.33,9.20,700.00,M
GRI,2025-07-31 07:53,67.00,65.00,93.30,8.05,700.00,M
GRI,2025-07-31 08:43,68.00,65.00,90.14,11.50,1000.00,M
GRI,2025-07-31 08:53,68.00,65.00,90.14,9.20,1000.00,M
GRI,2025-07-31 09:53,70.00,65.00,84.18,10.35,1200.00,M
GRI,2025-07-31 10:53,71.00,65.00,81.37,10.35,1300.00,M
GRI,2025-07-31 11:53,71.00,65.00,81.37,10.35,1200.00,M
GRI,2025-07-31 12:30,71.00,65.00,81.37,10.35,1500.00,M
GRI,2025-07-31 12:53,71.00,65.00,81.37,10.35,1500.00,M
GRI,2025-07-31 13:53,70.00,65.00,84.18,9.20,1500.00,M
GRI,2025-07-31 14:53,72.00,65.00,78.66,9.20,1900.00,M
GRI,2025-07-31 15:48,69.80,66.20,88.36,9.20,700.00,M
GRI,2025-07-31 15:53,69.00,67.00,93.36,8.05,700.00,M
GRI,2025-07-31 16:53,72.00,67.00,84.30,4.60,4100.00,M
GRI,2025-07-31 17:53,72.00,65.00,78.66,8.05,3800.00,M
GRI,2025-07-31 18:53,74.00,63.00,68.57,12.65,7000.00,M
GRI,2025-07-31 19:53,72.00,64.00,75.96,8.05,3700.00,M
GRI,2025-07-31 20:53,70.00,64.00,81.29,6.90,7500.00,M
GRI,2025-07-31 21:53,68.00,65.00,90.14,3.45,7500.00,M
GRI,2025-07-31 22:53,66.00,64.00,93.27,4.60,M,M
GRI,2025-07-31 23:53,64.00,63.00,96.56,4.60,M,M
GRI,2025-08-01 00:53,64.00,62.00,93.22,4.60,M,M
GRI,2025-08-01 01:53,63.00,62.00,96.54,3.45,7500.00,M
GRI,2025-08-01 02:53,63.00,61.00,93.19,5.75,M,M
GRI,2025-08-01 03:53,63.00,61.00,93.19,6.90,2700.00,M
GRI,2025-08-01 04:31,63.00,61.00,93.19,6.90,2800.00,M
GRI,2025-08-01 04:53,63.00,61.00,93.19,8.05,7500.00,M
GRI,2025-08-01 05:53,64.00,60.00,86.84,6.90,8000.00,M
GRI,2025-08-01 06:53,63.00,59.00,86.79,9.20,M,M
GRI,2025-08-01 07:53,64.00,59.00,83.80,8.05,M,M
GRI,2025-08-01 08:53,65.00,59.00,80.92,9.20,M,M
GRI,2025-08-01 09:53,66.00,59.00,78.16,5.75,M,M
GRI,2025-08-01 10:53,69.00,59.00,70.49,9.20,M,M
GRI,2025-08-01 11:53,70.00,58.00,65.72,12.65,10000.00,M
GRI,2025-08-01 12:53,68.00,57.00,67.89,9.20,M,M
GRI,2025-08-01 13:53,68.00,57.00,67.89,10.35,M,M
GRI,2025-08-01 14:53,70.00,57.00,63.40,10.35,M,M
GRI,2025-08-01 15:53,72.00,58.00,61.41,11.50,M,M
GRI,2025-08-01 16:53,73.00,58.00,59.38,11.50,M,M
GRI,2025-08-01 17:53,72.00,57.00,59.24,9.20,M,M
GRI,2025-08-01 18:53,71.00,56.00,59.11,9.20,M,M
GRI,2025-08-01 19:53,68.00,58.00,70.38,9.20,M,M
GRI,2025-08-01 20:53,64.00,57.00,77.99,5.75,M,M
GRI,2025-08-01 21:53,62.00,58.00,86.73,4.60,M,M
GRI,2025-08-01 22:53,61.00,57.00,86.68,5.75,M,M
GRI,2025-08-01 23:53,60.00,56.00,86.62,5.75,M,M
GRI,2025-08-02 00:53,60.00,56.00,86.62,9.20,M,M
GRI,2025-08-02 01:53,60.00,57.00,89.81,6.90,M,M
GRI,2025-08-02 02:53,60.00,57.00,89.81,9.20,12000.00,M
GRI,2025-08-02 03:53,60.00,57.00,89.81,5.75,9500.00,M
GRI,2025-08-02 04:53,60.00,57.00,89.81,10.35,M,M
GRI,2025-08-02 05:53,60.00,55.00,83.54,17.25,M,M
GRI,2025-08-02 06:53,60.00,55.00,83.54,8.05,11000.00,M
GRI,2025-08-02 07:53,61.00,56.00,83.60,3.45,12000.00,M
GRI,2025-08-02 08:53,63.00,57.00,80.77,6.90,M,M
GRI,2025-08-02 09:53,65.00,57.00,75.32,6.90,M,M
GRI,2025-08-02 10:53,68.00,59.00,72.95,10.35,M,M
GRI,2025-08-02 11:53,72.00,62.00,70.81,11.50,M,M
GRI,2025-08-02 12:53,74.00,63.00,68.57,11.50,2000.00,M
GRI,2025-08-02 13:53,76.00,63.00,64.15,12.65,2500.00,M
GRI,2025-08-02 14:53,76.00,61.00,59.78,17.25,3000.00,M
GRI,2025-08-02 15:53,76.00,61.00,59.78,13.80,3200.00,M
GRI,2025-08-02 16:53,76.00,62.00,61.93,16.10,3100.00,M
GRI,2025-08-02 17:53,76.00,62.00,61.93,12.65,3100.00,M
GRI,2025-08-02 18:53,75.00,62.00,64.02,13.80,M,M
GRI,2025-08-02 19:53,73.00,63.00,70.91,9.20,M,M
GRI,2025-08-02 20:53,69.00,63.00,81.22,5.75,M,M
GRI,2025-08-02 21:53,67.00,63.00,87.00,9.20,M,M
GRI,2025-08-02 22:53,67.00,62.00,83.99,12.65,M,M
GRI,2025-08-02 23:53,66.00,62.00,86.95,12.65,M,M
GRI,2025-08-03 00:08,66.00,61.00,83.93,12.65,M,M
GRI,2025-08-03 00:23,66.00,61.00,83.93,13.80,7000.00,M
GRI,2025-08-03 00:35,65.00,62.00,90.02,13.80,4200.00,M
GRI,2025-08-03 00:50,64.40,62.60,93.89,12.65,4200.00,M
GRI,2025-08-03 00:53,65.00,62.00,90.02,13.80,4200.00,M
GRI,2025-08-03 01:11,65.00,62.00,90.02,10.35,7000.00,M
GRI,2025-08-03 01:28,65.00,61.00,86.89,10.35,7000.00,M
GRI,2025-08-03 01:36,65.00,61.00,86.89,8.05,7000.00,M
GRI,2025-08-03 01:53,65.00,61.00,86.89,11.50,6500.00,M
GRI,2025-08-03 02:00,65.00,61.00,86.89,8.05,6500.00,M
GRI,2025-08-03 02:18,64.00,61.00,89.98,10.35,6000.00,M
GRI,2025-08-03 02:53,64.00,61.00,89.98,12.65,6000.00,M
GRI,2025-08-03 03:44,63.00,60.00,89.94,8.05,10000.00,M
GRI,2025-08-03 03:53,63.00,60.00,89.94,5.75,6000.00,M
GRI,2025-08-03 04:18,63.00,60.00,89.94,16.10,2200.00,M
GRI,2025-08-03 04:53,63.00,60.00,89.94,9.20,6500.00,M
GRI,2025-08-03 05:43,64.00,60.00,86.84,8.05,1800.00,M
GRI,2025-08-03 05:53,64.00,61.00,89.98,9.20,1800.00,M
GRI,2025-08-03 06:26,63.00,60.00,89.94,9.20,1700.00,M
GRI,2025-08-03 06:53,63.00,61.00,93.19,3.45,M,M
GRI,2025-08-03 07:11,64.00,61.00,89.98,3.45,1700.00,M
GRI,2025-08-03 07:53,63.00,61.00,93.19,10.35,1600.00,M
GRI,2025-08-03 08:15,64.00,61.00,89.98,5.75,1600.00,M
GRI,2025-08-03 08:53,64.00,60.00,86.84,11.50,3100.00,M
GRI,2025-08-03 09:53,65.00,59.00,80.92,14.95,M,M
GRI,2025-08-03 10:53,66.00,58.00,75.41,18.40,10000.00,M
GRI,2025-08-03 11:53,67.00,58.00,72.85,11.50,10000.00,M
GRI,2025-08-03 12:53,71.00,62.00,73.24,12.65,M,M
GRI,2025-08-03 13:53,75.00,64.00,68.68,13.80,M,M
GRI,2025-08-03 14:53,76.00,66.00,71.23,13.80,2300.00,M
GRI,2025-08-03 15:53,79.00,66.00,64.51,16.10,2600.00,M
GRI,2025-08-03 16:53,78.00,67.00,69.01,12.65,3000.00,M
GRI,2025-08-03 17:53,76.00,67.00,73.73,12.65,3500.00,M
GRI,2025-08-03 18:53,75.00,67.00,76.23,12.65,M,M
GRI,2025-08-03 19:53,73.00,66.00,78.74,12.65,3600.00,M
GRI,2025-08-03 20:53,70.00,65.00,84.18,6.90,M,M
GRI,2025-08-03 21:53,69.00,65.00,87.10,8.05,M,M
GRI,2025-08-03 22:53,67.00,63.00,87.00,12.65,6500.00,M
GRI,2025-08-03 23:53,66.00,64.00,93.27,14.95,900.00,M
GRI,2025-08-04 00:01,67.00,65.00,93.30,11.50,1100.00,M
GRI,2025-08-04 00:12,67.00,64.00,90.10,13.80,1100.00,M
GRI,2025-08-04 00:28,67.00,64.00,90.10,13.80,1600.00,M
GRI,2025-08-04 00:53,66.00,63.00,90.06,12.65,9000.00,29.90
GRI,2025-08-04 01:53,65.00,63.00,93.24,10.35,M,M
GRI,2025-08-04 02:53,63.00,61.00,93.19,8.05,M,M
GRI,2025-08-04 03:53,62.00,61.00,96.53,9.20,M,M
GRI,2025-08-04 04:53,62.00,60.00,93.16,8.05,M,M
GRI,2025-08-04 05:53,62.00,60.00,93.16,6.90,M,M
GRI,2025-08-04 06:53,62.00,60.00,93.16,8.05,M,M
GRI,2025-08-04 07:36,64.00,61.00,89.98,8.05,1700.00,M
GRI,2025-08-04 07:53,64.00,61.00,89.98,8.05,1600.00,M
GRI,2025-08-04 08:38,66.00,61.00,83.93,9.20,1600.00,M
GRI,2025-08-04 08:53,67.00,61.00,81.07,9.20,M,M
GRI,2025-08-04 09:53,69.00,63.00,81.22,8.05,1400.00,M
GRI,2025-08-04 10:53,72.00,64.00,75.96,6.90,1500.00,M
GRI,2025-08-04 11:53,75.00,64.00,68.68,4.60,1800.00,M
GRI,2025-08-04 12:02,75.00,65.00,71.12,4.60,1900.00,M
GRI,2025-08-04 12:53,76.00,65.00,68.79,5.75,2200.00,M
GRI,2025-08-04 13:27,78.00,67.00,69.01,8.05,2500.00,M
GRI,2025-08-04 13:53,79.00,67.00,66.78,9.20,2600.00,M
GRI,2025-08-04 14:45,81.00,68.00,64.76,11.50,2900.00,M
GRI,2025-08-04 14:53,80.00,66.00,62.44,9.20,3100.00,M
GRI,2025-08-04 15:53,80.00,67.00,64.63,9.20,3100.00,M
GRI,2025-08-04 16:53,81.00,68.00,64.76,11.50,3200.00,M
GRI,2025-08-04 17:53,81.00,68.00,64.76,14.95,M,M
GRI,2025-08-04 18:53,80.00,69.00,69.23,10.35,M,M
GRI,2025-08-04 19:53,78.00,70.00,76.49,8.05,M,M
GRI,2025-08-04 20:53,74.00,69.00,84.43,9.20,M,M
GRI,2025-08-04 21:53,72.00,68.00,87.26,9.20,M,M
GRI,2025-08-04 22:53,70.00,66.00,87.16,9.20,M,M
GRI,2025-08-04 23:53,69.00,65.00,87.10,11.50,M,M
GRI,2025-08-05 00:53,68.00,64.00,87.05,11.50,M,M
GRI,2025-08-05 01:53,66.00,63.00,90.06,10.35,M,M
GRI,2025-08-05 02:53,66.00,62.00,86.95,11.50,M,M
GRI,2025-08-05 03:53,65.00,61.00,86.89,12.65,M,M
GRI,2025-08-05 04:53,64.00,61.00,89.98,11.50,M,M
GRI,2025-08-05 05:53,64.00,60.00,86.84,10.35,M,M
GRI,2025-08-05 06:53,64.00,60.00,86.84,11.50,M,M
GRI,2025-08-05 07:53,67.00,60.00,78.24,11.50,M,M
GRI,2025-08-05 08:53,71.00,62.00,73.24,14.95,M,M
GRI,2025-08-05 09:53,72.00,63.00,73.34,16.10,M,M
GRI,2025-08-05 10:53,75.00,65.00,71.12,16.10,M,M
GRI,2025-08-05 11:53,78.00,67.00,69.01,17.25,M,29.90
GRI,2025-08-05 12:53,79.00,68.00,69.12,16.10,M,M
GRI,2025-08-05 13:53,81.00,69.00,67.01,14.95,M,M
GRI,2025-08-05 14:53,83.00,69.00,62.81,16.10,M,33.35
GRI,2025-08-05 15:53,83.00,70.00,65.00,18.40,3100.00,39.10
GRI,2025-08-05 16:53,84.00,69.00,60.82,17.25,M,35.65
GRI,2025-08-05 17:53,82.00,68.00,62.69,12.65,4200.00,29.90
GRI,2025-08-05 18:53,81.00,69.00,67.01,16.10,8000.00,29.90
GRI,2025-08-05 19:53,79.00,69.00,71.54,14.95,8500.00,M
GRI,2025-08-05 20:53,78.00,68.00,71.43,17.25,M,M
GRI,2025-08-05 21:53,76.00,67.00,73.73,14.95,M,M
GRI,2025-08-05 22:53,75.00,67.00,76.23,14.95,M,29.90
GRI,2025-08-05 23:53,75.00,66.00,73.64,17.25,6000.00,29.90
GRI,2025-08-06 00:53,74.00,67.00,78.82,14.95,M,M
GRI,2025-08-06 01:53,73.00,67.00,81.51,12.65,M,M
GRI,2025-08-06 02:53,71.00,67.00,87.21,10.35,M,M
GRI,2025-08-06 03:53,70.00,66.00,87.16,9.20,M,M
GRI,2025-08-06 04:53,71.00,67.00,87.21,12.65,M,M
GRI,2025-08-06 05:53,70.00,67.00,90.22,12.65,M,M
GRI,2025-08-06 06:53,70.00,67.00,90.22,12.65,M,M
GRI,2025-08-06 07:26,69.00,67.00,93.36,10.35,900.00,36.80
GRI,2025-08-06 07:51,71.60,66.20,83.12,19.55,2000.00,36.80
GRI,2025-08-06 07:53,70.00,67.00,90.22,16.10,2000.00,36.80
GRI,2025-08-06 08:01,70.00,66.00,87.16,17.25,2000.00,M
GRI,2025-08-06 08:53,70.00,65.00,84.18,14.95,3700.00,M
GRI,2025-08-06 09:53,72.00,66.00,81.44,17.25,3300.00,M
GRI,2025-08-06 10:15,72.00,66.00,81.44,18.40,2900.00,31.05
GRI,2025-08-06 10:53,71.00,65.00,81.37,23.00,2800.00,32.20
GRI,2025-08-06 11:32,73.00,65.00,76.05,18.40,3000.00,31.05
GRI,2025-08-06 11:53,73.00,65.00,76.05,21.85,3000.00,31.05
GRI,2025-08-06 12:53,77.00,66.00,68.90,19.55,3200.00,32.20
GRI,2025-08-06 13:53,80.00,68.00,66.90,19.55,M,32.20
GRI,2025-08-06 14:53,82.00,69.00,64.88,19.55,M,31.05
GRI,2025-08-06 15:53,82.00,70.00,67.13,14.95,2700.00,M
GRI,2025-08-06 16:25,81.00,71.00,71.74,11.50,2900.00,M
GRI,2025-08-06 16:53,81.00,71.00,71.74,10.35,2700.00,M
GRI,2025-08-06 17:16,82.00,72.00,71.84,10.35,2600.00,M
GRI,2025-08-06 17:42,80.00,72.00,76.67,4.60,2900.00,M
GRI,2025-08-06 17:53,81.00,72.00,74.21,8.05,2900.00,M
GRI,2025-08-06 18:53,81.00,72.00,74.21,10.35,5000.00,M
GRI,2025-08-06 19:53,79.00,72.00,79.22,9.20,M,M
GRI,2025-08-06 20:53,77.00,72.00,84.61,8.05,M,M
GRI,2025-08-06 21:53,76.00,71.00,84.55,8.05,M,M
GRI,2025-08-06 22:53,75.00,70.00,84.49,10.35,M,M
GRI,2025-08-06 23:53,74.00,70.00,87.36,8.05,M,M
GRI,2025-08-07 00:53,73.00,70.00,90.34,9.20,M,M
GRI,2025-08-07 01:53,73.00,69.00,87.31,10.35,M,M
GRI,2025-08-07 02:53,72.00,69.00,90.30,8.05,M,M
GRI,2025-08-07 03:53,71.00,68.00,90.26,6.90,M,M
GRI,2025-08-07 04:53,69.00,68.00,96.63,0.00,M,M
GRI,2025-08-07 05:53,67.00,66.00,96.60,3.45,M,M
GRI,2025-08-07 06:53,65.00,64.00,96.57,0.00,M,M
GRI,2025-08-07 07:53,69.00,68.00,96.63,0.00,M,M
GRI,2025-08-07 08:53,75.00,70.00,84.49,8.05,M,M
GRI,2025-08-07 09:53,78.00,70.00,76.49,0.00,M,M
GRI,2025-08-07 10:53,81.00,72.00,74.21,5.75,M,M
GRI,2025-08-07 11:53,81.00,73.00,76.76,12.65,M,M
GRI,2025-08-07 12:53,81.00,73.00,76.76,11.50,M,M
GRI,2025-08-07 13:53,84.00,74.00,72.04,10.35,2000.00,M
GRI,2025-08-07 14:53,85.00,74.00,69.77,14.95,2300.00,M
GRI,2025-08-07 15:53,86.00,75.00,69.88,14.95,M,M
GRI,2025-08-07 16:53,87.00,74.00,65.47,13.80,M,M
GRI,2025-08-07 17:53,86.00,74.00,67.58,13.80,M,M
GRI,2025-08-07 18:53,83.00,74.00,74.40,9.20,M,M
GRI,2025-08-07 19:53,81.00,73.00,76.76,6.90,M,M
GRI,2025-08-07 20:53,78.00,73.00,84.67,3.45,M,M
GRI,2025-08-07 21:53,76.00,73.00,90.46,8.05,M,M
GRI,2025-08-07 22:53,75.00,73.00,93.52,8.05,M,M
GRI,2025-08-07 23:53,75.00,72.00,90.42,6.90,M,M
GRI,2025-08-08 00:53,75.00,72.00,90.42,9.20,M,M
GRI,2025-08-08 01:53,75.00,70.00,84.49,9.20,M,M
GRI,2025-08-08 02:53,73.00,69.00,87.31,6.90,M,M
GRI,2025-08-08 03:53,72.00,68.00,87.26,8.05,M,M
GRI,2025-08-08 04:53,71.00,66.00,84.24,8.05,M,M
GRI,2025-08-08 05:53,70.00,65.00,84.18,9.20,M,M
GRI,2025-08-08 06:53,71.00,64.00,78.57,9.20,M,M
GRI,2025-08-08 07:53,70.00,65.00,84.18,6.90,M,M
GRI,2025-08-08 08:53,76.00,66.00,71.23,8.05,M,M
GRI,2025-08-08 09:53,79.00,67.00,66.78,11.50,M,M
GRI,2025-08-08 10:53,84.00,68.00,58.77,13.80,M,M
GRI,2025-08-08 11:53,83.00,70.00,65.00,6.90,M,M
GRI,2025-08-08 12:31,83.00,69.00,62.81,11.50,M,M
GRI,2025-08-08 12:53,85.00,70.00,60.95,9.20,M,M
GRI,2025-08-08 13:53,86.00,72.00,63.19,5.75,M,M
GRI,2025-08-08 14:53,90.00,73.00,57.60,13.80,M,M
GRI,2025-08-08 15:53,91.00,73.00,55.83,8.05,M,M
GRI,2025-08-08 16:53,94.00,72.00,49.19,8.05,M,M
GRI,2025-08-08 17:53,93.00,73.00,52.47,4.60,M,M
GRI,2025-08-08 18:53,93.00,71.00,49.04,0.00,M,M
GRI,2025-08-08 19:53,85.00,78.00,79.68,6.90,M,M
GRI,2025-08-08 20:53,81.00,77.00,87.71,6.90,M,M
GRI,2025-08-08 21:53,79.00,77.00,93.63,11.50,M,M
GRI,2025-08-08 22:53,79.00,73.00,81.93,13.80,M,M
GRI,2025-08-08 23:53,77.00,72.00,84.61,16.10,M,M
GRI,2025-08-09 00:53,78.00,72.00,81.86,11.50,4800.00,M
GRI,2025-08-09 01:53,76.00,72.00,87.46,9.20,M,M
GRI,2025-08-09 02:53,75.00,71.00,87.41,10.35,M,M
GRI,2025-08-09 03:01,75.00,72.00,90.42,6.90,M,M
GRI,2025-08-09 03:19,76.00,72.00,87.46,27.60,1400.00,49.45
GRI,2025-08-09 03:39,75.00,72.00,90.42,6.90,1600.00,49.45
GRI,2025-08-09 03:53,75.00,72.00,90.42,8.05,11000.00,49.45
GRI,2025-08-09 04:02,75.00,72.00,90.42,16.10,11000.00,M
GRI,2025-08-09 04:14,74.00,72.00,93.49,13.80,11000.00,M
GRI,2025-08-09 04:53,75.00,69.00,81.65,20.70,7000.00,33.35
GRI,2025-08-09 05:02,75.00,67.00,76.23,18.40,7000.00,39.10
GRI,2025-08-09 05:17,77.00,64.00,64.27,23.00,9000.00,39.10
GRI,2025-08-09 05:36,76.00,63.00,64.15,9.20,M,39.10
GRI,2025-08-09 05:51,73.40,64.40,73.48,11.50,9500.00,39.10
GRI,2025-08-09 05:53,74.00,64.00,71.02,11.50,9500.00,39.10
GRI,2025-08-09 06:53,72.00,65.00,78.66,0.00,M,M
GRI,2025-08-09 07:53,72.00,68.00,87.26,10.35,6500.00,M
GRI,2025-08-09 08:53,72.00,69.00,90.30,12.65,500.00,M
GRI,2025-08-09 09:53,75.00,69.00,81.65,4.60,1700.00,M
GRI,2025-08-09 10:53,75.00,71.00,87.41,6.90,1000.00,M
GRI,2025-08-09 11:13,75.00,71.00,87.41,5.75,1000.00,M
GRI,2025-08-09 11:53,78.00,71.00,79.14,9.20,1300.00,M
GRI,2025-08-09 12:53,80.00,71.00,74.12,9.20,1400.00,M
GRI,2025-08-09 12:58,81.00,71.00,71.74,8.05,2000.00,M
GRI,2025-08-09 13:53,83.00,71.00,67.24,8.05,2100.00,M
GRI,2025-08-09 14:53,82.00,72.00,71.84,9.20,2300.00,M
GRI,2025-08-09 15:01,84.00,72.00,67.36,9.20,2300.00,M
GRI,2025-08-09 15:12,83.00,71.00,67.24,8.05,2300.00,M
GRI,2025-08-09 15:19,84.00,72.00,67.36,9.20,2500.00,M
GRI,2025-08-09 15:53,83.00,72.00,69.56,11.50,2300.00,M
GRI,2025-08-09 16:53,83.00,72.00,69.56,9.20,2500.00,M
GRI,2025-08-09 17:53,82.00,72.00,71.84,8.05,11000.00,M
GRI,2025-08-09 18:53,81.00,72.00,74.21,8.05,2400.00,M
GRI,2025-08-09 19:53,78.00,74.00,87.56,5.75,12000.00,M
GRI,2025-08-09 20:36,77.00,73.00,87.51,6.90,2700.00,M
GRI,2025-08-09 20:53,76.00,73.00,90.46,5.75,2700.00,M
GRI,2025-08-09 21:15,75.00,72.00,90.42,5.75,3000.00,M
GRI,2025-08-09 21:53,75.00,72.00,90.42,8.05,2600.00,M
GRI,2025-08-09 22:17,75.00,72.00,90.42,8.05,2000.00,M
GRI,2025-08-09 22:35,75.00,72.00,90.42,9.20,2100.00,M
GRI,2025-08-09 22:53,75.00,72.00,90.42,10.35,M,M
GRI,2025-08-09 23:53,74.00,71.00,90.38,10.35,M,M
GRI,2025-08-10 00:30,74.00,72.00,93.49,11.50,800.00,M
GRI,2025-08-10 00:53,74.00,72.00,93.49,8.05,4200.00,M
GRI,2025-08-10 01:31,74.00,72.00,93.49,5.75,6000.00,M
GRI,2025-08-10 01:45,74.00,72.00,93.49,9.20,5500.00,M
GRI,2025-08-10 01:53,75.00,72.00,90.42,6.90,8000.00,M
GRI,2025-08-10 02:53,74.00,72.00,93.49,10.35,700.00,M
GRI,2025-08-10 03:53,69.00,68.00,96.63,8.05,9000.00,M
GRI,2025-08-10 04:53,68.00,65.00,90.14,3.45,M,M
GRI,2025-08-10 05:53,68.00,66.00,93.33,8.05,M,M
GRI,2025-08-10 06:53,68.00,65.00,90.14,4.60,1200.00,32.20
GRI,2025-08-10 07:53,67.00,64.00,90.10,3.45,M,M
GRI,2025-08-10 08:53,70.00,65.00,84.18,3.45,M,M
GRI,2025-08-10 09:53,71.00,65.00,81.37,6.90,M,M
GRI,2025-08-10 10:53,75.00,67.00,76.23,4.60,M,M
GRI,2025-08-10 11:53,80.00,68.00,66.90,5.75,1600.00,M
GRI,2025-08-10 12:38,80.00,68.00,66.90,0.00,2600.00,M
GRI,2025-08-10 12:53,80.00,68.00,66.90,4.60,2600.00,M
GRI,2025-08-10 13:03,80.00,66.00,62.44,3.45,2600.00,M
GRI,2025-08-10 13:53,80.00,67.00,64.63,5.75,3100.00,M
GRI,2025-08-10 14:53,83.00,68.00,60.70,9.20,4400.00,M
GRI,2025-08-10 15:53,83.00,67.00,58.64,6.90,M,M
GRI,2025-08-10 16:53,83.00,67.00,58.64,5.75,M,M
GRI,2025-08-10 17:53,82.00,68.00,62.69,9.20,M,M
GRI,2025-08-10 18:53,80.00,67.00,64.63,9.20,M,M
GRI,2025-08-10 19:53,76.00,68.00,76.32,6.90,M,M
GRI,2025-08-10 20:53,72.00,68.00,87.26,4.60,M,M
GRI,2025-08-10 21:53,71.00,67.00,87.21,3.45,M,M
GRI,2025-08-10 22:53,67.00,66.00,96.60,4.60,M,M
GRI,2025-08-10 23:53,67.00,66.00,96.60,0.00,M,M
GRI,2025-08-11 00:53,66.00,64.00,93.27,0.00,M,M
GRI,2025-08-11 01:53,65.00,64.00,96.57,4.60,M,M
GRI,2025-08-11 02:53,65.00,64.00,96.57,0.00,M,M
GRI,2025-08-11 03:17,64.00,64.00,100.00,6.90,200.00,M
GRI,2025-08-11 03:27,65.00,64.00,96.57,3.45,200.00,M
GRI,2025-08-11 03:53,65.00,65.00,100.00,0.00,200.00,M
GRI,2025-08-11 04:01,65.00,64.00,96.57,0.00,100.00,M
GRI,2025-08-11 04:22,66.00,65.00,96.59,4.60,200.00,M
GRI,2025-08-11 04:30,67.00,66.00,96.60,5.75,200.00,M
GRI,2025-08-11 04:53,67.00,65.00,93.30,5.75,2600.00,M
GRI,2025-08-11 05:04,67.00,64.00,90.10,4.60,2800.00,M
GRI,2025-08-11 05:53,67.00,64.00,90.10,6.90,3800.00,M
GRI,2025-08-11 06:38,68.00,66.00,93.33,5.75,2900.00,M
GRI,2025-08-11 06:53,68.00,66.00,93.33,5.75,2500.00,M
GRI,2025-08-11 07:32,68.00,66.00,93.33,0.00,900.00,M
GRI,2025-08-11 07:53,69.00,66.00,90.18,3.45,900.00,M
GRI,2025-08-11 08:00,69.00,66.00,90.18,3.45,900.00,M
GRI,2025-08-11 08:07,69.00,67.00,93.36,3.45,2900.00,M
GRI,2025-08-11 08:30,69.00,67.00,93.36,0.00,1000.00,M
GRI,2025-08-11 08:53,70.00,67.00,90.22,4.60,900.00,M
GRI,2025-08-11 09:29,70.00,64.00,81.29,8.05,800.00,M
GRI,2025-08-11 09:38,70.00,65.00,84.18,8.05,700.00,M
GRI,2025-08-11 09:53,71.00,66.00,84.24,10.35,900.00,M
GRI,2025-08-11 10:02,71.00,66.00,84.24,10.35,900.00,M
GRI,2025-08-11 10:53,73.00,67.00,81.51,5.75,900.00,M
GRI,2025-08-11 11:00,74.00,68.00,81.58,6.90,1000.00,M
GRI,2025-08-11 11:37,73.00,68.00,84.37,6.90,1200.00,M
GRI,2025-08-11 11:46,74.00,68.00,81.58,6.90,1200.00,M
GRI,2025-08-11 11:53,73.00,68.00,84.37,5.75,1300.00,M
GRI,2025-08-11 12:07,70.00,63.00,78.49,12.65,1300.00,M
GRI,2025-08-11 12:16,67.00,62.00,83.99,10.35,1300.00,M
GRI,2025-08-11 12:36,66.00,64.00,93.27,6.90,2000.00,M
GRI,2025-08-11 12:53,68.00,65.00,90.14,4.60,5500.00,M
GRI,2025-08-11 13:05,69.00,66.00,90.18,5.75,4200.00,M
GRI,2025-08-11 13:53,73.00,65.00,76.05,8.05,4100.00,M
GRI,2025-08-11 14:53,74.00,66.00,76.14,10.35,10000.00,M
GRI,2025-08-11 15:53,77.00,65.00,66.55,3.45,8500.00,M
GRI,2025-08-11 16:53,76.00,66.00,71.23,6.90,11000.00,M
GRI,2025-08-11 17:53,77.00,66.00,68.90,3.45,M,M
GRI,2025-08-11 18:53,75.00,66.00,73.64,3.45,M,M
GRI,2025-08-11 19:53,74.00,67.00,78.82,4.60,11000.00,M
GRI,2025-08-11 20:53,72.00,68.00,87.26,0.00,11000.00,M
GRI,2025-08-11 21:53,68.00,67.00,96.61,3.45,11000.00,M
GRI,2025-08-11 22:53,68.00,67.00,96.61,0.00,M,M
GRI,2025-08-11 23:53,66.00,66.00,100.00,0.00,M,M
GRI,2025-08-12 00:53,65.00,64.00,96.57,0.00,M,M
GRI,2025-08-12 01:53,66.00,65.00,96.59,3.45,M,M
GRI,2025-08-12 02:53,64.00,63.00,96.56,0.00,M,M
GRI,2025-08-12 03:53,63.00,63.00,100.00,4.60,300.00,M
GRI,2025-08-12 04:53,64.00,63.00,96.56,4.60,M,M
GRI,2025-08-12 05:53,63.00,62.00,96.54,4.60,M,M
GRI,2025-08-12 06:53,62.00,62.00,100.00,3.45,M,M
GRI,2025-08-12 07:53,64.00,63.00,96.56,3.45,M,M
GRI,2025-08-12 08:53,69.00,66.00,90.18,9.20,M,M
GRI,2025-08-12 09:53,74.00,66.00,76.14,8.05,M,M
GRI,2025-08-12 10:53,78.00,67.00,69.01,9.20,M,M
GRI,2025-08-12 11:53,80.00,66.00,62.44,6.90,M,M
GRI,2025-08-12 12:53,82.00,67.00,60.57,8.05,M,M
GRI,2025-08-12 13:53,82.00,66.00,58.51,5.75,3300.00,M
GRI,2025-08-12 14:53,83.00,68.00,60.70,6.90,3600.00,M
GRI,2025-08-12 15:53,83.00,67.00,58.64,11.50,3700.00,M
GRI,2025-08-12 16:53,83.00,67.00,58.64,14.95,3600.00,M
GRI,2025-08-12 17:53,82.00,65.00,56.51,11.50,M,M
GRI,2025-08-12 18:53,80.00,64.00,58.24,8.05,M,M
GRI,2025-08-12 19:53,77.00,67.00,71.33,5.75,M,M
GRI,2025-08-12 20:53,72.00,67.00,84.30,3.45,M,M
GRI,2025-08-12 21:53,71.00,66.00,84.24,3.45,M,M
GRI,2025-08-12 22:53,69.00,66.00,90.18,0.00,M,M
GRI,2025-08-12 23:53,68.00,66.00,93.33,4.60,M,M
GRI,2025-08-13 00:53,68.00,65.00,90.14,5.75,M,M
GRI,2025-08-13 01:53,69.00,65.00,87.10,8.05,M,M
GRI,2025-08-13 02:53,68.00,64.00,87.05,6.90,M,M
GRI,2025-08-13 03:53,65.00,63.00,93.24,5.75,M,M
GRI,2025-08-13 04:53,66.00,64.00,93.27,6.90,M,M
GRI,2025-08-13 05:53,67.00,64.00,90.10,5.75,M,M
GRI,2025-08-13 06:53,66.00,64.00,93.27,3.45,M,M
GRI,2025-08-13 07:53,68.00,65.00,90.14,5.75,M,M
GRI,2025-08-13 08:53,73.00,66.00,78.74,8.05,M,M
GRI,2025-08-13 09:53,78.00,66.00,66.67,5.75,M,M
GRI,2025-08-13 10:53,82.00,68.00,62.69,9.20,M,M
GRI,2025-08-13 11:53,84.00,68.00,58.77,12.65,M,M
GRI,2025-08-13 12:53,86.00,69.00,57.06,13.80,M,M
GRI,2025-08-13 13:53,87.00,68.00,53.41,11.50,3300.00,M
GRI,2025-08-13 14:53,88.00,67.00,50.00,14.95,M,M
GRI,2025-08-13 15:53,88.00,67.00,50.00,18.40,M,M
GRI,2025-08-13 16:53,87.00,67.00,51.60,17.25,M,M
GRI,2025-08-13 17:53,86.00,67.00,53.27,12.65,M,M
GRI,2025-08-13 18:53,84.00,70.00,62.94,12.65,M,M
GRI,2025-08-13 19:53,81.00,69.00,67.01,12.65,M,M
GRI,2025-08-13 20:53,77.00,67.00,71.33,11.50,M,M
GRI,2025-08-13 21:53,75.00,68.00,78.90,9.20,M,M
GRI,2025-08-13 22:53,74.00,68.00,81.58,13.80,M,M
GRI,2025-08-13 23:53,73.00,67.00,81.51,12.65,M,M
GRI,2025-08-14 00:53,73.00,66.00,78.74,14.95,M,M
GRI,2025-08-14 01:53,73.00,66.00,78.74,12.65,M,M
GRI,2025-08-14 02:53,74.00,66.00,76.14,17.25,7500.00,M
GRI,2025-08-14 03:01,73.00,67.00,81.51,16.10,2400.00,M
GRI,2025-08-14 03:20,68.00,65.00,90.14,23.00,2900.00,34.50
GRI,2025-08-14 03:29,68.00,65.00,90.14,16.10,3000.00,34.50
GRI,2025-08-14 03:53,67.00,65.00,93.30,12.65,M,34.50
GRI,2025-08-14 04:53,68.00,64.00,87.05,14.95,12000.00,M
GRI,2025-08-14 05:53,69.00,64.00,84.12,13.80,5000.00,M
GRI,2025-08-14 06:53,69.00,64.00,84.12,13.80,9500.00,29.90
GRI,2025-08-14 07:53,71.00,65.00,81.37,18.40,M,29.90
GRI,2025-08-14 08:53,74.00,66.00,76.14,14.95,M,32.20
GRI,2025-08-14 09:53,79.00,67.00,66.78,20.70,M,29.90
GRI,2025-08-14 10:53,83.00,68.00,60.70,21.85,M,32.20
GRI,2025-08-14 11:53,85.00,68.00,56.92,21.85,M,36.80
GRI,2025-08-14 12:53,88.00,68.00,51.75,21.85,M,34.50
GRI,2025-08-14 13:53,90.00,69.00,50.29,23.00,M,35.65
GRI,2025-08-14 14:53,91.00,68.00,47.10,23.00,M,35.65
GRI,2025-08-14 15:53,92.00,67.00,44.11,21.85,M,36.80
GRI,2025-08-14 16:53,92.00,67.00,44.11,20.70,M,32.20
GRI,2025-08-14 17:53,91.00,69.00,48.74,13.80,M,29.90
GRI,2025-08-14 18:53,89.00,70.00,53.70,11.50,M,M
GRI,2025-08-14 19:53,84.00,73.00,69.67,6.90,M,M
GRI,2025-08-14 20:53,81.00,71.00,71.74,9.20,M,M
GRI,2025-08-14 21:53,80.00,70.00,71.64,11.50,M,M
GRI,2025-08-14 22:53,79.00,69.00,71.54,14.95,M,M
GRI,2025-08-14 23:53,77.00,69.00,76.41,10.35,M,M
GRI,2025-08-15 00:53,76.00,69.00,78.98,13.80,M,M
GRI,2025-08-15 01:53,76.00,68.00,76.32,17.25,M,M
GRI,2025-08-15 02:53,74.00,68.00,81.58,16.10,M,M
GRI,2025-08-15 03:53,73.00,68.00,84.37,16.10,M,M
GRI,2025-08-15 04:53,73.00,68.00,84.37,13.80,M,M
GRI,2025-08-15 05:53,73.00,68.00,84.37,10.35,M,M
GRI,2025-08-15 06:53,74.00,67.00,78.82,11.50,M,M
GRI,2025-08-15 07:53,77.00,67.00,71.33,13.80,M,M
GRI,2025-08-15 08:53,78.00,68.00,71.43,9.20,M,M
GRI,2025-08-15 09:53,82.00,68.00,62.69,11.50,M,M
GRI,2025-08-15 10:53,85.00,70.00,60.95,10.35,M,M
GRI,2025-08-15 11:53,87.00,70.00,57.19,9.20,M,M
GRI,2025-08-15 12:53,89.00,70.00,53.70,9.20,M,M
GRI,2025-08-15 13:53,90.00,72.00,55.69,10.35,M,M
GRI,2025-08-15 14:53,92.00,73.00,54.12,11.50,M,M
GRI,2025-08-15 15:53,92.00,74.00,55.97,12.65,M,M
GRI,2025-08-15 16:53,93.00,76.00,58.00,11.50,M,M
GRI,2025-08-15 17:53,93.00,78.00,61.97,11.50,M,M
GRI,2025-08-15 18:53,92.00,74.00,55.97,10.35,M,M
GRI,2025-08-15 19:53,87.00,76.00,69.99,6.90,M,M
GRI,2025-08-15 20:53,81.00,74.00,79.38,5.75,M,M
GRI,2025-08-15 21:53,80.00,73.00,79.30,8.05,M,M
GRI,2025-08-15 22:53,79.00,72.00,79.22,11.50,M,M
GRI,2025-08-15 23:53,78.00,71.00,79.14,10.35,M,M
GRI,2025-08-16 00:53,77.00,71.00,81.79,11.50,M,M
GRI,2025-08-16 01:53,76.00,71.00,84.55,10.35,M,M
GRI,2025-08-16 02:53,75.00,71.00,87.41,11.50,M,M
GRI,2025-08-16 03:53,77.00,69.00,76.41,11.50,M,M
GRI,2025-08-16 04:53,77.00,68.00,73.83,11.50,M,M
GRI,2025-08-16 05:53,77.00,67.00,71.33,13.80,M,M
GRI,2025-08-16 06:53,75.00,67.00,76.23,10.35,M,M
GRI,2025-08-16 07:53,76.00,68.00,76.32,11.50,M,M
GRI,2025-08-16 08:53,80.00,68.00,66.90,13.80,M,M
GRI,2025-08-16 09:53,84.00,68.00,58.77,17.25,M,29.90
GRI,2025-08-16 10:53,87.00,68.00,53.41,14.95,M,31.05
GRI,2025-08-16 11:53,91.00,68.00,47.10,18.40,M,M
GRI,2025-08-16 12:53,93.00,69.00,45.81,12.65,M,M
GRI,2025-08-16 13:53,94.00,70.00,45.96,14.95,M,M
GRI,2025-08-16 14:53,96.00,70.00,43.23,20.70,M,29.90
GRI,2025-08-16 15:53,97.00,69.00,40.52,19.55,M,32.20
GRI,2025-08-16 16:53,97.00,68.00,39.16,20.70,M,32.20
GRI,2025-08-16 17:53,95.00,71.00,46.11,14.95,M,M
GRI,2025-08-16 18:53,91.00,71.00,52.18,12.65,M,M
GRI,2025-08-16 19:53,88.00,72.00,59.30,10.35,M,M
GRI,2025-08-16 20:53,84.00,74.00,72.04,10.35,M,M
GRI,2025-08-16 21:53,83.00,71.00,67.24,10.35,M,M
GRI,2025-08-16 22:53,82.00,69.00,64.88,12.65,M,M
GRI,2025-08-16 23:53,81.00,68.00,64.76,13.80,M,M
GRI,2025-08-17 00:53,79.00,67.00,66.78,12.65,M,M
GRI,2025-08-17 01:53,77.00,66.00,68.90,11.50,M,M
GRI,2025-08-17 02:53,75.00,66.00,73.64,8.05,M,M
GRI,2025-08-17 03:53,74.00,66.00,76.14,8.05,10000.00,M
GRI,2025-08-17 04:53,75.00,66.00,73.64,8.05,10000.00,M
GRI,2025-08-17 05:53,72.00,66.00,81.44,6.90,M,M
GRI,2025-08-17 06:53,71.00,66.00,84.24,9.20,M,M
GRI,2025-08-17 07:53,74.00,67.00,78.82,9.20,M,M
GRI,2025-08-17 08:53,76.00,67.00,73.73,10.35,9000.00,M
GRI,2025-08-17 09:53,80.00,69.00,69.23,14.95,9500.00,M
GRI,2025-08-17 10:53,82.00,70.00,67.13,12.65,9000.00,M
GRI,2025-08-17 11:53,88.00,70.00,55.41,14.95,M,M
GRI,2025-08-17 12:53,90.00,70.00,52.04,16.10,M,M
GRI,2025-08-17 13:53,91.00,72.00,53.98,13.80,10000.00,M
GRI,2025-08-17 14:53,93.00,71.00,49.04,16.10,M,M
GRI,2025-08-17 15:53,93.00,72.00,50.73,13.80,12000.00,M
GRI,2025-08-17 16:53,93.00,71.00,49.04,16.10,M,M
GRI,2025-08-17 17:53,92.00,71.00,50.58,13.80,M,M
GRI,2025-08-17 18:53,90.00,72.00,55.69,9.20,M,M
GRI,2025-08-17 19:53,86.00,72.00,63.19,10.35,M,M
GRI,2025-08-17 20:53,83.00,71.00,67.24,10.35,M,M
GRI,2025-08-17 21:53,82.00,71.00,69.45,9.20,M,M
GRI,2025-08-17 22:53,81.00,70.00,69.34,11.50,M,M
GRI,2025-08-17 23:53,80.00,69.00,69.23,10.35,M,M
GRI,2025-08-18 00:53,78.00,69.00,73.93,9.20,9500.00,M
GRI,2025-08-18 01:53,78.00,70.00,76.49,9.20,9500.00,M
GRI,2025-08-18 02:53,76.00,70.00,81.72,6.90,M,M
GRI,2025-08-18 03:53,74.00,64.00,71.02,16.10,2900.00,34.50
GRI,2025-08-18 04:53,69.00,63.00,81.22,13.80,M,M
GRI,2025-08-18 05:53,69.00,65.00,87.10,8.05,M,M
GRI,2025-08-18 06:53,69.00,66.00,90.18,5.75,M,M
GRI,2025-08-18 07:53,70.00,66.00,87.16,9.20,M,M
GRI,2025-08-18 09:53,80.00,70.00,71.64,10.35,M,M
GRI,2025-08-18 10:53,84.00,71.00,65.11,6.90,M,M
GRI,2025-08-18 11:53,88.00,71.00,57.33,0.00,M,M
GRI,2025-08-18 12:53,89.00,72.00,57.47,8.05,M,M
GRI,2025-08-18 13:53,88.00,72.00,59.30,3.45,M,M
GRI,2025-08-18 14:53,91.00,72.00,53.98,5.75,M,M
GRI,2025-08-18 15:53,92.00,73.00,54.12,6.90,3300.00,M
GRI,2025-08-18 16:53,89.00,73.00,59.44,8.05,3300.00,M
GRI,2025-08-18 17:53,90.00,72.00,55.69,5.75,M,M
GRI,2025-08-18 18:53,88.00,74.00,63.43,8.05,3200.00,M
GRI,2025-08-18 19:53,84.00,76.00,77.01,6.90,M,M
GRI,2025-08-18 20:53,79.00,75.00,87.61,5.75,M,M
GRI,2025-08-18 21:53,76.00,74.00,93.55,3.45,M,M
GRI,2025-08-18 22:53,77.00,75.00,93.57,4.60,M,M
GRI,2025-08-18 23:53,76.00,74.00,93.55,6.90,M,M
GRI,2025-08-19 00:53,76.00,74.00,93.55,3.45,M,M
GRI,2025-08-19 01:53,76.00,74.00,93.55,0.00,3600.00,M
GRI,2025-08-19 02:53,75.00,73.00,93.52,3.45,M,M
GRI,2025-08-19 03:53,75.00,73.00,93.52,5.75,M,M
GRI,2025-08-19 04:53,73.00,72.00,96.69,4.60,M,M
GRI,2025-08-19 05:53,71.00,70.00,96.66,5.75,M,M
GRI,2025-08-19 06:53,71.00,71.00,100.00,3.45,M,M
GRI,2025-08-19 07:53,72.00,71.00,96.67,3.45,300.00,M
GRI,2025-08-19 08:14,74.00,72.00,93.49,0.00,200.00,M
GRI,2025-08-19 08:23,74.00,72.00,93.49,0.00,200.00,M
GRI,2025-08-19 08:53,76.00,73.00,90.46,3.45,M,M
GRI,2025-08-19 09:24,79.00,74.00,84.73,4.60,600.00,M
GRI,2025-08-19 09:53,81.00,74.00,79.38,0.00,800.00,M
GRI,2025-08-19 10:45,82.00,75.00,79.45,5.75,1500.00,M
GRI,2025-08-19 10:53,82.00,75.00,79.45,5.75,1500.00,M
GRI,2025-08-19 11:53,85.00,75.00,72.14,4.60,1700.00,M
GRI,2025-08-19 12:00,87.00,74.00,65.47,6.90,1900.00,M
GRI,2025-08-19 12:53,88.00,73.00,61.34,5.75,2500.00,M
GRI,2025-08-19 13:53,88.00,72.00,59.30,6.90,3100.00,M
GRI,2025-08-19 14:53,91.00,71.00,52.18,5.75,M,M
GRI,2025-08-19 15:53,91.00,71.00,52.18,6.90,M,M
GRI,2025-08-19 16:53,90.00,71.00,53.84,5.75,M,M
GRI,2025-08-19 17:53,90.00,72.00,55.69,11.50,M,M
GRI,2025-08-19 18:53,87.00,71.00,59.17,6.90,M,M
GRI,2025-08-19 19:53,84.00,73.00,69.67,4.60,M,M
GRI,2025-08-19 20:53,78.00,73.00,84.67,3.45,M,M
GRI,2025-08-19 21:53,76.00,72.00,87.46,4.60,M,M
GRI,2025-08-19 22:53,76.00,72.00,87.46,0.00,M,M
GRI,2025-08-19 23:53,74.00,70.00,87.36,0.00,M,M
GRI,2025-08-20 00:53,72.00,70.00,93.44,4.60,M,M
GRI,2025-08-20 01:53,72.00,70.00,93.44,5.75,M,M
GRI,2025-08-20 02:53,72.00,70.00,93.44,0.00,M,M
GRI,2025-08-20 03:53,69.00,67.00,93.36,0.00,M,M
GRI,2025-08-20 04:43,68.00,67.00,96.61,3.45,2900.00,M
GRI,2025-08-20 04:53,69.00,67.00,93.36,3.45,2900.00,M
GRI,2025-08-20 05:08,69.00,68.00,96.63,3.45,2900.00,M
GRI,2025-08-20 05:53,68.00,67.00,96.61,0.00,M,M
GRI,2025-08-20 06:53,68.00,67.00,96.61,0.00,M,M
GRI,2025-08-20 07:53,71.00,69.00,93.41,0.00,M,M
GRI,2025-08-20 08:53,75.00,71.00,87.41,4.60,M,M
GRI,2025-08-20 09:53,80.00,72.00,76.67,4.60,M,M
GRI,2025-08-20 10:53,84.00,71.00,65.11,4.60,M,M
GRI,2025-08-20 11:53,87.00,70.00,57.19,8.05,M,M
GRI,2025-08-20 12:53,87.00,69.00,55.27,9.20,3900.00,M
GRI,2025-08-20 13:53,88.00,69.00,53.55,8.05,M,M
GRI,2025-08-20 14:53,89.00,68.00,50.14,4.60,4200.00,M
GRI,2025-08-20 15:53,89.00,68.00,50.14,8.05,4000.00,M
GRI,2025-08-20 16:53,90.00,68.00,48.59,10.35,M,M
GRI,2025-08-20 17:53,88.00,67.00,50.00,8.05,M,M
GRI,2025-08-20 18:53,86.00,69.00,57.06,8.05,M,M
GRI,2025-08-20 19:53,83.00,70.00,65.00,5.75,M,M
GRI,2025-08-20 20:53,77.00,71.00,81.79,4.60,M,M
GRI,2025-08-20 21:53,76.00,71.00,84.55,3.45,M,M
GRI,2025-08-20 22:53,72.00,69.00,90.30,0.00,M,M
GRI,2025-08-20 23:53,72.00,69.00,90.30,4.60,M,M
GRI,2025-08-21 00:53,71.00,68.00,90.26,5.75,M,M
GRI,2025-08-21 01:53,70.00,67.00,90.22,4.60,M,M
GRI,2025-08-21 02:53,70.00,67.00,90.22,5.75,M,M
GRI,2025-08-21 03:53,67.00,65.00,93.30,0.00,M,M
GRI,2025-08-21 04:53,68.00,65.00,90.14,4.60,M,M
GRI,2025-08-21 05:53,68.00,65.00,90.14,3.45,M,M
GRI,2025-08-21 06:53,67.00,65.00,93.30,3.45,M,M
GRI,2025-08-21 07:53,71.00,67.00,87.21,3.45,M,M
GRI,2025-08-21 08:53,77.00,68.00,73.83,6.90,M,M
GRI,2025-08-21 09:53,83.00,68.00,60.70,10.35,M,M
GRI,2025-08-21 10:53,86.00,68.00,55.13,10.35,M,M
GRI,2025-08-21 11:53,88.00,67.00,50.00,11.50,M,M
GRI,2025-08-21 12:53,89.00,67.00,48.45,8.05,M,M
GRI,2025-08-21 13:53,89.00,67.00,48.45,11.50,4600.00,M
GRI,2025-08-21 14:53,89.00,68.00,50.14,10.35,4800.00,M
GRI,2025-08-21 15:53,89.00,68.00,50.14,6.90,5500.00,M
GRI,2025-08-21 16:53,86.00,70.00,59.04,8.05,5500.00,M
GRI,2025-08-21 17:53,89.00,70.00,53.70,10.35,6000.00,M
GRI,2025-08-21 18:53,86.00,70.00,59.04,9.20,M,M
GRI,2025-08-21 19:53,83.00,70.00,65.00,6.90,M,M
GRI,2025-08-21 20:53,79.00,70.00,74.02,6.90,M,M
GRI,2025-08-21 21:53,77.00,68.00,73.83,8.05,M,M
GRI,2025-08-21 22:53,76.00,66.00,71.23,9.20,M,M
GRI,2025-08-21 23:53,75.00,66.00,73.64,9.20,M,M
GRI,2025-08-22 00:53,73.00,67.00,81.51,10.35,M,M
GRI,2025-08-22 01:53,71.00,66.00,84.24,10.35,M,M
GRI,2025-08-22 02:53,70.00,66.00,87.16,10.35,M,M
GRI,2025-08-22 03:53,69.00,66.00,90.18,10.35,M,M
GRI,2025-08-22 04:53,68.00,66.00,93.33,8.05,M,M
GRI,2025-08-22 05:53,67.00,65.00,93.30,9.20,M,M
GRI,2025-08-22 06:53,67.00,65.00,93.30,8.05,M,M
GRI,2025-08-22 07:53,69.00,66.00,90.18,10.35,M,M
GRI,2025-08-22 08:53,74.00,67.00,78.82,8.05,M,M
GRI,2025-08-22 09:53,77.00,66.00,68.90,8.05,M,M
GRI,2025-08-22 10:53,81.00,66.00,60.44,9.20,M,M
GRI,2025-08-22 11:53,86.00,66.00,51.46,9.20,M,M
GRI,2025-08-22 12:53,91.00,65.00,42.46,9.20,M,M
GRI,2025-08-22 13:53,89.00,65.00,45.20,8.05,M,M
GRI,2025-08-22 14:16,88.00,68.00,51.75,14.95,9000.00,M
GRI,2025-08-22 14:53,86.00,68.00,55.13,16.10,M,M
GRI,2025-08-22 15:53,83.00,68.00,60.70,12.65,M,M
GRI,2025-08-22 16:53,82.00,68.00,62.69,9.20,M,M
GRI,2025-08-22 17:53,82.00,69.00,64.88,13.80,M,M
GRI,2025-08-22 18:53,81.00,70.00,69.34,9.20,M,M
GRI,2025-08-22 19:53,78.00,70.00,76.49,8.05,M,M
GRI,2025-08-22 20:53,75.00,68.00,78.90,10.35,M,M
GRI,2025-08-22 21:53,72.00,68.00,87.26,8.05,M,M
GRI,2025-08-22 22:53,71.00,68.00,90.26,4.60,M,M
GRI,2025-08-22 23:53,71.00,67.00,87.21,6.90,M,M
GRI,2025-08-23 00:53,70.00,67.00,90.22,4.60,M,M
GRI,2025-08-23 01:53,69.00,67.00,93.36,5.75,12000.00,M
GRI,2025-08-23 02:53,69.00,65.00,87.10,6.90,12000.00,M
GRI,2025-08-23 03:53,67.00,65.00,93.30,5.75,M,M
GRI,2025-08-23 04:53,66.00,64.00,93.27,8.05,M,M
GRI,2025-08-23 05:53,66.00,64.00,93.27,10.35,M,M
GRI,2025-08-23 06:53,63.00,60.00,89.94,12.65,M,M
GRI,2025-08-23 07:53,62.00,55.00,77.82,8.05,M,M
GRI,2025-08-23 08:53,64.00,52.00,64.99,12.65,M,M
GRI,2025-08-23 09:53,67.00,51.00,56.44,14.95,M,M
GRI,2025-08-23 10:53,70.00,50.00,49.06,12.65,M,M
GRI,2025-08-23 11:53,73.00,48.00,41.13,10.35,M,M
GRI,2025-08-23 12:53,75.00,48.00,38.47,16.10,M,M
GRI,2025-08-23 13:53,76.00,50.00,40.10,14.95,M,M
GRI,2025-08-23 14:53,78.00,50.00,37.53,9.20,M,M
GRI,2025-08-23 15:53,79.00,51.00,37.69,10.35,M,M
GRI,2025-08-23 16:53,80.00,49.00,33.86,11.50,M,M
GRI,2025-08-23 17:53,79.00,50.00,36.32,6.90,M,M
GRI,2025-08-23 18:53,76.00,51.00,41.61,6.90,M,M
GRI,2025-08-23 19:53,71.00,56.00,59.11,3.45,M,M
GRI,2025-08-23 20:53,67.00,57.00,70.27,4.60,M,M
GRI,2025-08-23 21:53,67.00,57.00,70.27,3.45,10000.00,M
GRI,2025-08-23 22:53,65.00,56.00,72.64,0.00,10000.00,M
GRI,2025-08-23 23:53,65.00,56.00,72.64,3.45,10000.00,M
GRI,2025-08-24 00:53,62.00,56.00,80.70,4.60,M,M
GRI,2025-08-24 01:53,62.00,55.00,77.82,3.45,9500.00,M
GRI,2025-08-24 02:40,62.00,56.00,80.70,3.45,10000.00,M
GRI,2025-08-24 02:53,62.00,57.00,83.67,4.60,9500.00,M
GRI,2025-08-24 03:11,62.00,57.00,83.67,4.60,9000.00,M
GRI,2025-08-24 03:53,61.00,54.00,77.73,6.90,9500.00,M
GRI,2025-08-24 04:53,56.00,53.00,89.64,5.75,M,M
GRI,2025-08-24 05:53,59.00,55.00,86.57,0.00,8500.00,M
GRI,2025-08-24 06:53,60.00,55.00,83.54,4.60,7500.00,M
GRI,2025-08-24 07:53,59.00,56.00,89.77,6.90,6000.00,M
GRI,2025-08-24 08:53,61.00,54.00,77.73,5.75,8500.00,M
GRI,2025-08-24 09:53,62.00,53.00,72.34,4.60,5500.00,M
GRI,2025-08-24 10:53,63.00,54.00,72.44,3.45,6000.00,M
GRI,2025-08-24 11:53,64.00,54.00,69.94,4.60,6000.00,M
GRI,2025-08-24 12:53,67.00,53.00,60.75,3.45,6500.00,M
GRI,2025-08-24 13:53,69.00,51.00,52.69,6.90,7000.00,M
GRI,2025-08-24 14:53,69.00,54.00,58.83,6.90,7000.00,M
GRI,2025-08-24 15:53,69.00,52.00,54.67,5.75,5500.00,M
GRI,2025-08-24 16:53,68.00,52.00,56.58,3.45,6000.00,M
GRI,2025-08-24 17:53,69.00,50.00,50.77,0.00,5500.00,M
GRI,2025-08-24 18:53,69.00,49.00,48.91,0.00,6000.00,M
GRI,2025-08-24 19:53,68.00,52.00,56.58,0.00,5500.00,M
GRI,2025-08-24 20:53,65.00,55.00,70.05,3.45,6000.00,M
GRI,2025-08-24 21:53,64.00,56.00,75.22,0.00,6000.00,M
GRI,2025-08-24 22:53,65.00,57.00,75.32,0.00,6000.00,M
GRI,2025-08-24 23:53,64.00,57.00,77.99,0.00,6000.00,M
GRI,2025-08-25 00:53,61.00,54.00,77.73,8.05,6000.00,M
GRI,2025-08-25 01:53,58.00,51.00,77.47,4.60,9500.00,M
GRI,2025-08-25 02:53,56.00,51.00,83.27,5.75,M,M
GRI,2025-08-25 03:53,52.00,50.00,92.86,0.00,M,M
GRI,2025-08-25 04:53,52.00,50.00,92.86,0.00,M,M
GRI,2025-08-25 05:53,51.00,50.00,96.36,0.00,M,M
GRI,2025-08-25 06:53,55.00,51.00,86.35,0.00,3400.00,M
GRI,2025-08-25 07:53,56.00,50.00,80.23,0.00,3600.00,M
GRI,2025-08-25 08:53,61.00,49.00,64.62,5.75,M,M
GRI,2025-08-25 09:53,62.00,52.00,69.72,4.60,M,M
GRI,2025-08-25 10:53,68.00,50.00,52.54,6.90,M,M
GRI,2025-08-25 11:53,69.00,50.00,50.77,5.75,M,M
GRI,2025-08-25 12:53,71.00,51.00,49.22,6.90,3900.00,M
GRI,2025-08-25 13:53,73.00,52.00,47.73,3.45,4200.00,M
GRI,2025-08-25 14:53,72.00,52.00,49.37,6.90,4400.00,M
GRI,2025-08-25 15:53,75.00,52.00,44.64,5.75,7000.00,M
GRI,2025-08-25 16:53,73.00,52.00,47.73,3.45,4600.00,M
GRI,2025-08-25 17:53,72.00,53.00,51.22,5.75,9000.00,M
GRI,2025-08-25 18:53,73.00,53.00,49.52,5.75,M,M
GRI,2025-08-25 19:53,69.00,55.00,61.02,4.60,M,M
GRI,2025-08-25 20:53,63.00,56.00,77.91,5.75,M,M
GRI,2025-08-25 21:53,63.00,56.00,77.91,5.75,M,M
GRI,2025-08-25 22:53,62.00,55.00,77.82,5.75,4900.00,M
GRI,2025-08-25 23:53,63.00,57.00,80.77,4.60,3400.00,M
GRI,2025-08-26 00:53,64.00,57.00,77.99,3.45,3200.00,M
GRI,2025-08-26 01:53,63.00,58.00,83.73,3.45,3500.00,M
GRI,2025-08-26 02:53,62.00,59.00,89.89,0.00,11000.00,M
GRI,2025-08-26 03:53,60.00,58.00,93.10,4.60,10000.00,M
GRI,2025-08-26 04:53,57.00,56.00,96.45,5.75,M,M
GRI,2025-08-26 05:53,55.00,53.00,92.95,3.45,M,M
GRI,2025-08-26 06:53,55.00,55.00,100.00,4.60,M,M
GRI,2025-08-26 07:53,58.00,56.00,93.04,3.45,M,M
GRI,2025-08-26 08:53,65.00,58.00,78.08,8.05,5500.00,M
GRI,2025-08-26 09:53,67.00,59.00,75.50,9.20,6000.00,M
GRI,2025-08-26 10:53,68.00,59.00,72.95,9.20,6000.00,M
GRI,2025-08-26 11:53,74.00,58.00,57.42,16.10,2700.00,M
GRI,2025-08-26 12:19,73.00,55.00,53.28,14.95,2700.00,M
GRI,2025-08-26 12:53,74.00,56.00,53.42,11.50,3300.00,M
GRI,2025-08-26 13:53,76.00,56.00,49.97,12.65,3600.00,M
GRI,2025-08-26 14:53,78.00,56.00,46.78,13.80,4200.00,M
GRI,2025-08-26 15:53,79.00,56.00,45.26,11.50,4600.00,M
GRI,2025-08-26 16:53,79.00,55.00,43.65,14.95,4800.00,M
GRI,2025-08-26 17:53,77.00,55.00,46.62,14.95,4800.00,M
GRI,2025-08-26 18:53,76.00,55.00,48.19,13.80,5000.00,M
GRI,2025-08-26 19:53,74.00,55.00,51.52,10.35,5000.00,M
GRI,2025-08-26 20:53,67.00,56.00,67.78,6.90,M,M
GRI,2025-08-26 21:53,65.00,57.00,75.32,5.75,M,M
GRI,2025-08-26 22:53,64.00,57.00,77.99,9.20,M,M
GRI,2025-08-26 23:53,64.00,56.00,75.22,8.05,M,M
GRI,2025-08-27 00:53,64.00,56.00,75.22,9.20,M,M
GRI,2025-08-27 01:53,62.00,56.00,80.70,9.20,M,M
GRI,2025-08-27 02:53,62.00,55.00,77.82,9.20,M,M
GRI,2025-08-27 03:53,62.00,54.00,75.03,10.35,M,M
GRI,2025-08-27 04:53,62.00,53.00,72.34,11.50,M,M
GRI,2025-08-27 05:53,60.00,53.00,77.65,9.20,M,M
GRI,2025-08-27 06:53,60.00,52.00,74.84,10.35,M,M
GRI,2025-08-27 07:53,60.00,52.00,74.84,8.05,M,M
GRI,2025-08-27 08:53,66.00,53.00,62.89,10.35,M,M
GRI,2025-08-27 09:53,69.00,53.00,56.72,13.80,7000.00,M
GRI,2025-08-27 10:53,74.00,50.00,42.86,13.80,M,M
GRI,2025-08-27 11:53,74.00,50.00,42.86,14.95,5000.00,M
GRI,2025-08-27 12:53,74.00,51.00,44.48,10.35,5500.00,M
GRI,2025-08-27 13:53,77.00,55.00,46.62,11.50,4800.00,M
GRI,2025-08-27 14:53,79.00,57.00,46.93,13.80,4800.00,M
GRI,2025-08-27 15:53,76.00,58.00,53.71,11.50,4200.00,M
GRI,2025-08-27 16:53,75.00,61.00,61.80,11.50,3300.00,M
GRI,2025-08-27 17:53,73.00,61.00,66.08,10.35,2900.00,M
GRI,2025-08-27 18:53,71.00,61.00,70.70,10.35,2900.00,M
GRI,2025-08-27 19:00,71.00,61.00,70.70,9.20,3800.00,M
GRI,2025-08-27 19:29,70.00,61.00,73.15,10.35,2500.00,M
GRI,2025-08-27 19:53,69.00,61.00,75.69,11.50,2400.00,M
GRI,2025-08-27 20:53,66.00,62.00,86.95,9.20,1300.00,M
GRI,2025-08-27 21:49,64.40,62.60,93.89,9.20,900.00,M
GRI,2025-08-27 21:53,65.00,62.00,90.02,8.05,900.00,M
GRI,2025-08-27 22:53,65.00,61.00,86.89,8.05,900.00,M
GRI,2025-08-27 23:53,65.00,62.00,90.02,8.05,800.00,M
GRI,2025-08-28 00:53,65.00,62.00,90.02,6.90,900.00,M
GRI,2025-08-28 01:27,65.00,62.00,90.02,5.75,900.00,M
GRI,2025-08-28 01:35,65.00,62.00,90.02,5.75,900.00,M
GRI,2025-08-28 01:53,65.00,61.00,86.89,6.90,900.00,M
GRI,2025-08-28 02:53,65.00,62.00,90.02,4.60,800.00,M
GRI,2025-08-28 03:53,65.00,62.00,90.02,5.75,800.00,M
GRI,2025-08-28 04:53,64.00,62.00,93.22,5.75,700.00,M
GRI,2025-08-28 05:23,64.00,62.00,93.22,3.45,700.00,M
GRI,2025-08-28 05:53,64.00,62.00,93.22,3.45,700.00,M
GRI,2025-08-28 06:39,63.00,62.00,96.54,3.45,600.00,M
GRI,2025-08-28 06:53,63.00,62.00,96.54,3.45,2500.00,M
GRI,2025-08-28 07:00,63.00,62.00,96.54,3.45,700.00,M
GRI,2025-08-28 07:08,64.00,62.00,93.22,3.45,700.00,M
GRI,2025-08-28 07:53,64.00,62.00,93.22,3.45,600.00,M
GRI,2025-08-28 08:53,65.00,62.00,90.02,3.45,600.00,M
GRI,2025-08-28 09:53,67.00,62.00,83.99,4.60,900.00,M
GRI,2025-08-28 10:53,69.00,63.00,81.22,6.90,900.00,M
GRI,2025-08-28 11:00,69.00,63.00,81.22,4.60,1100.00,M
GRI,2025-08-28 11:53,70.00,63.00,78.49,8.05,1500.00,M
GRI,2025-08-28 12:43,70.00,62.00,75.78,9.20,1300.00,M
GRI,2025-08-28 12:53,70.00,63.00,78.49,8.05,1500.00,M
GRI,2025-08-28 13:53,70.00,63.00,78.49,8.05,1500.00,M
GRI,2025-08-28 14:53,71.00,63.00,75.87,8.05,1600.00,M
GRI,2025-08-28 15:53,70.00,63.00,78.49,8.05,1600.00,M
GRI,2025-08-28 16:53,70.00,63.00,78.49,4.60,2300.00,M
GRI,2025-08-28 17:53,70.00,63.00,78.49,5.75,2700.00,M
GRI,2025-08-28 18:53,71.00,64.00,78.57,3.45,2800.00,M
GRI,2025-08-28 19:53,70.00,64.00,81.29,4.60,2600.00,M
GRI,2025-08-28 20:53,70.00,64.00,81.29,5.75,2900.00,M
GRI,2025-08-28 21:35,69.00,64.00,84.12,3.45,3000.00,M
GRI,2025-08-28 21:53,68.00,64.00,87.05,4.60,3200.00,M
GRI,2025-08-28 22:53,68.00,64.00,87.05,0.00,3600.00,M
GRI,2025-08-28 23:53,68.00,64.00,87.05,3.45,3500.00,M
GRI,2025-08-29 00:53,67.00,63.00,87.00,4.60,4300.00,M
GRI,2025-08-29 01:53,67.00,64.00,90.10,5.75,4700.00,M
GRI,2025-08-29 02:53,67.00,64.00,90.10,3.45,4200.00,M
GRI,2025-08-29 03:53,67.00,64.00,90.10,3.45,1900.00,M
GRI,2025-08-29 04:53,67.00,65.00,93.30,3.45,4100.00,M
GRI,2025-08-29 05:53,67.00,64.00,90.10,4.60,4700.00,M
GRI,2025-08-29 06:53,67.00,64.00,90.10,3.45,4900.00,M
GRI,2025-08-29 07:53,67.00,64.00,90.10,3.45,3700.00,M
GRI,2025-08-29 08:16,67.00,65.00,93.30,5.75,2800.00,M
GRI,2025-08-29 08:53,67.00,65.00,93.30,5.75,1000.00,M
GRI,2025-08-29 09:00,67.00,65.00,93.30,5.75,800.00,M
GRI,2025-08-29 09:40,67.00,65.00,93.30,5.75,600.00,M
GRI,2025-08-29 09:53,67.00,65.00,93.30,8.05,1000.00,M
GRI,2025-08-29 10:24,68.00,66.00,93.33,5.75,700.00,M
GRI,2025-08-29 10:53,68.00,66.00,93.33,6.90,600.00,M
GRI,2025-08-29 11:53,70.00,66.00,87.16,8.05,900.00,M
GRI,2025-08-29 12:15,71.00,66.00,84.24,8.05,1100.00,M
GRI,2025-08-29 12:53,71.00,66.00,84.24,6.90,1100.00,M
GRI,2025-08-29 13:00,72.00,65.00,78.66,6.90,1500.00,M
GRI,2025-08-29 13:53,73.00,65.00,76.05,11.50,2000.00,M
GRI,2025-08-29 14:45,75.00,65.00,71.12,9.20,2000.00,M
GRI,2025-08-29 14:53,75.00,65.00,71.12,10.35,2000.00,M
GRI,2025-08-29 15:53,76.00,65.00,68.79,10.35,2200.00,M
GRI,2025-08-29 16:06,76.00,65.00,68.79,10.35,2200.00,M
GRI,2025-08-29 16:20,76.00,65.00,68.79,10.35,2200.00,M
GRI,2025-08-29 16:27,77.00,65.00,66.55,11.50,2200.00,M
GRI,2025-08-29 16:42,77.00,65.00,66.55,12.65,2600.00,M
GRI,2025-08-29 16:53,78.00,65.00,64.39,12.65,2400.00,M
GRI,2025-08-29 17:53,76.00,66.00,71.23,11.50,5500.00,M
GRI,2025-08-29 18:53,75.00,65.00,71.12,14.95,M,M
GRI,2025-08-29 19:53,72.00,65.00,78.66,10.35,M,M
GRI,2025-08-29 20:53,70.00,65.00,84.18,8.05,5000.00,M
GRI,2025-08-29 21:53,69.00,65.00,87.10,5.75,11000.00,M
GRI,2025-08-29 22:53,68.00,65.00,90.14,9.20,12000.00,M
GRI,2025-08-29 23:53,68.00,65.00,90.14,12.65,10000.00,M
GRI,2025-08-30 00:53,67.00,65.00,93.30,5.75,12000.00,M
GRI,2025-08-30 01:53,67.00,65.00,93.30,8.05,12000.00,M
GRI,2025-08-30 02:53,67.00,65.00,93.30,6.90,M,M
GRI,2025-08-30 03:46,66.00,65.00,96.59,4.60,700.00,M
GRI,2025-08-30 03:53,66.00,65.00,96.59,5.75,700.00,M
GRI,2025-08-30 04:31,65.00,64.00,96.57,4.60,700.00,M
GRI,2025-08-30 04:53,64.00,64.00,100.00,4.60,1200.00,M
GRI,2025-08-30 05:53,64.00,63.00,96.56,6.90,200.00,M
GRI,2025-08-30 06:04,64.00,63.00,96.56,6.90,200.00,M
GRI,2025-08-30 06:53,65.00,64.00,96.57,5.75,200.00,M
GRI,2025-08-30 07:23,65.00,64.00,96.57,6.90,200.00,M
GRI,2025-08-30 07:53,65.00,64.00,96.57,5.75,200.00,M
GRI,2025-08-30 08:16,65.00,65.00,100.00,5.75,200.00,M
GRI,2025-08-30 08:27,65.00,65.00,100.00,4.60,200.00,M
GRI,2025-08-30 08:35,66.00,65.00,96.59,4.60,200.00,M
GRI,2025-08-30 08:53,66.00,65.00,96.59,4.60,300.00,M
GRI,2025-08-30 09:03,66.00,65.00,96.59,4.60,300.00,M
GRI,2025-08-30 09:42,67.00,65.00,93.30,8.05,500.00,M
GRI,2025-08-30 09:53,67.00,66.00,96.60,5.75,500.00,M
GRI,2025-08-30 10:07,67.00,66.00,96.60,5.75,500.00,M
GRI,2025-08-30 10:53,68.00,66.00,93.33,9.20,800.00,M
GRI,2025-08-30 11:53,68.00,66.00,93.33,12.65,600.00,M
GRI,2025-08-30 12:09,68.00,66.00,93.33,10.35,800.00,M
GRI,2025-08-30 12:30,67.00,66.00,96.60,10.35,2800.00,M
GRI,2025-08-30 12:40,67.00,66.00,96.60,9.20,700.00,M
GRI,2025-08-30 12:53,67.00,66.00,96.60,11.50,800.00,M
GRI,2025-08-30 13:09,67.00,66.00,96.60,9.20,700.00,M
GRI,2025-08-30 13:53,67.00,65.00,93.30,11.50,800.00,M
GRI,2025-08-30 14:53,68.00,65.00,90.14,6.90,900.00,M
GRI,2025-08-30 15:03,68.00,65.00,90.14,11.50,1000.00,M
GRI,2025-08-30 15:12,69.00,65.00,87.10,8.05,900.00,M
GRI,2025-08-30 15:22,69.00,65.00,87.10,6.90,1200.00,M
GRI,2025-08-30 15:53,69.00,65.00,87.10,11.50,1200.00,M
GRI,2025-08-30 16:46,70.00,64.00,81.29,10.35,1300.00,M
GRI,2025-08-30 16:53,70.00,64.00,81.29,8.05,1300.00,M
GRI,2025-08-30 17:53,69.00,64.00,84.12,9.20,1900.00,M
GRI,2025-08-30 18:23,68.00,65.00,90.14,5.75,1700.00,M
GRI,2025-08-30 18:45,68.00,65.00,90.14,6.90,1000.00,M
GRI,2025-08-30 18:53,67.00,65.00,93.30,5.75,1000.00,M
GRI,2025-08-30 19:33,66.00,64.00,93.27,5.75,1900.00,M
GRI,2025-08-30 19:53,66.00,65.00,96.59,4.60,1600.00,M
GRI,2025-08-30 20:03,66.00,64.00,93.27,3.45,1400.00,M
GRI,2025-08-30 20:27,66.00,65.00,96.59,13.80,300.00,M
GRI,2025-08-30 20:37,64.00,63.00,96.56,11.50,800.00,M
GRI,2025-08-30 20:53,64.00,62.00,93.22,10.35,1400.00,M
GRI,2025-08-30 21:00,64.00,62.00,93.22,9.20,1900.00,M
GRI,2025-08-30 21:53,63.00,62.00,96.54,4.60,700.00,M
GRI,2025-08-30 22:48,64.40,62.60,93.89,4.60,800.00,M
GRI,2025-08-30 22:53,64.00,62.00,93.22,3.45,800.00,M
GRI,2025-08-30 23:53,65.00,64.00,96.57,3.45,500.00,M
GRI,2025-08-31 00:53,65.00,64.00,96.57,8.05,600.00,M
GRI,2025-08-31 01:51,64.40,62.60,93.89,9.20,1000.00,M
GRI,2025-08-31 01:53,64.00,62.00,93.22,8.05,700.00,M
GRI,2025-08-31 02:05,64.00,62.00,93.22,8.05,900.00,M
GRI,2025-08-31 02:53,63.00,62.00,96.54,8.05,700.00,M
GRI,2025-08-31 03:40,63.00,62.00,96.54,6.90,400.00,M
GRI,2025-08-31 03:53,63.00,62.00,96.54,5.75,400.00,M
GRI,2025-08-31 04:53,63.00,62.00,96.54,5.75,400.00,M
GRI,2025-08-31 05:53,63.00,62.00,96.54,4.60,400.00,M
GRI,2025-08-31 06:53,63.00,62.00,96.54,5.75,300.00,M
GRI,2025-08-31 07:53,63.00,63.00,100.00,4.60,200.00,M
GRI,2025-08-31 08:53,64.00,63.00,96.56,6.90,300.00,M
GRI,2025-08-31 09:53,64.00,62.00,93.22,9.20,600.00,M
GRI,2025-08-31 10:22,64.00,62.00,93.22,11.50,800.00,M
GRI,2025-08-31 10:36,64.00,62.00,93.22,10.35,800.00,M
GRI,2025-08-31 10:53,64.00,62.00,93.22,8.05,600.00,M
GRI,2025-08-31 11:53,65.00,62.00,90.02,8.05,800.00,M
GRI,2025-08-31 12:49,66.20,62.60,88.19,6.90,1000.00,M
GRI,2025-08-31 12:53,66.00,62.00,86.95,6.90,1000.00,M
GRI,2025-08-31 13:53,68.00,62.00,81.15,4.60,1300.00,M
GRI,2025-08-31 14:02,68.00,62.00,81.15,4.60,1300.00,M
GRI,2025-08-31 14:53,69.00,62.00,78.41,4.60,1800.00,M
GRI,2025-08-31 15:53,70.00,62.00,75.78,5.75,1700.00,M
GRI,2025-08-31 16:53,71.00,62.00,73.24,3.45,5000.00,M
GRI,2025-08-31 17:35,70.00,63.00,78.49,8.05,1900.00,M
GRI,2025-08-31 17:53,69.00,63.00,81.22,8.05,2200.00,M
GRI,2025-08-31 18:07,69.00,63.00,81.22,6.90,2700.00,M
GRI,2025-08-31 18:40,69.00,63.00,81.22,5.75,2800.00,M
GRI,2025-08-31 18:53,69.00,63.00,81.22,4.60,3700.00,M
GRI,2025-08-31 19:53,67.00,64.00,90.10,5.75,4100.00,M
GRI,2025-08-31 20:45,66.00,64.00,93.27,3.45,1800.00,M
GRI,2025-08-31 20:53,66.00,64.00,93.27,3.45,1200.00,M
GRI,2025-08-31 21:20,66.00,64.00,93.27,4.60,1200.00,M
GRI,2025-08-31 21:38,66.00,64.00,93.27,4.60,1400.00,M
GRI,2025-08-31 21:51,64.40,64.40,100.00,4.60,1900.00,M
GRI,2025-08-31 21:53,65.00,64.00,96.57,4.60,1900.00,M
GRI,2025-08-31 22:19,65.00,64.00,96.57,3.45,800.00,M
GRI,2025-08-31 22:30,65.00,64.00,96.57,3.45,800.00,M
GRI,2025-08-31 22:53,65.00,64.00,96.57,3.45,800.00,M
GRI,2025-08-31 23:11,65.00,64.00,96.57,4.60,800.00,M
GRI,2025-08-31 23:18,65.00,64.00,96.57,3.45,800.00,M
GRI,2025-08-31 23:53,65.00,64.00,96.57,3.45,2100.00,M
GRI,2025-09-01 00:15,64.00,63.00,96.56,3.45,700.00,M
GRI,2025-09-01 00:43,64.00,63.00,96.56,3.45,700.00,M
GRI,2025-09-01 00:53,64.00,64.00,100.00,3.45,600.00,M
GRI,2025-09-01 01:53,64.00,63.00,96.56,0.00,500.00,M
GRI,2025-09-01 02:53,64.00,64.00,100.00,4.60,500.00,M
GRI,2025-09-01 03:03,64.00,64.00,100.00,3.45,300.00,M
GRI,2025-09-01 03:32,64.00,63.00,96.56,6.90,400.00,M
GRI,2025-09-01 03:53,64.00,63.00,96.56,8.05,400.00,M
GRI,2025-09-01 04:18,63.00,62.00,96.54,5.75,500.00,M
GRI,2025-09-01 04:26,63.00,62.00,96.54,4.60,400.00,M
GRI,2025-09-01 04:37,63.00,63.00,100.00,4.60,200.00,M
GRI,2025-09-01 04:53,63.00,62.00,96.54,3.45,300.00,M
GRI,2025-09-01 05:06,63.00,62.00,96.54,3.45,300.00,M
GRI,2025-09-01 05:53,64.00,63.00,96.56,4.60,400.00,M
GRI,2025-09-01 06:03,64.00,63.00,96.56,3.45,500.00,M
GRI,2025-09-01 06:22,64.00,63.00,96.56,0.00,500.00,M
GRI,2025-09-01 06:32,64.00,63.00,96.56,0.00,500.00,M
GRI,2025-09-01 06:45,64.00,63.00,96.56,0.00,400.00,M
GRI,2025-09-01 06:53,64.00,63.00,96.56,0.00,400.00,M
GRI,2025-09-01 07:21,64.00,63.00,96.56,3.45,400.00,M
GRI,2025-09-01 07:53,64.00,63.00,96.56,3.45,500.00,M
GRI,2025-09-01 07:59,64.00,63.00,96.56,3.45,500.00,M
GRI,2025-09-01 08:46,64.00,63.00,96.56,3.45,400.00,M
GRI,2025-09-01 08:53,64.00,63.00,96.56,0.00,400.00,M
GRI,2025-09-01 09:01,65.00,63.00,93.24,3.45,400.00,M
GRI,2025-09-01 09:22,65.00,63.00,93.24,4.60,700.00,M
GRI,2025-09-01 09:42,66.00,63.00,90.06,5.75,700.00,M
GRI,2025-09-01 09:53,67.00,63.00,87.00,8.05,1300.00,M
GRI,2025-09-01 09:56,67.00,63.00,87.00,6.90,800.00,M
GRI,2025-09-01 10:10,66.00,63.00,90.06,8.05,1200.00,M
GRI,2025-09-01 10:48,66.20,62.60,88.19,5.75,900.00,M
GRI,2025-09-01 10:53,67.00,63.00,87.00,5.75,900.00,M
GRI,2025-09-01 11:53,68.00,62.00,81.15,9.20,1400.00,M
GRI,2025-09-01 12:53,69.00,61.00,75.69,6.90,2900.00,M
GRI,2025-09-01 13:03,70.00,62.00,75.78,6.90,3100.00,M
GRI,2025-09-01 13:53,72.00,62.00,70.81,6.90,1900.00,M
GRI,2025-09-01 14:06,69.00,62.00,78.41,8.05,1800.00,M
GRI,2025-09-01 14:15,69.00,62.00,78.41,9.20,1800.00,M
GRI,2025-09-01 14:53,72.00,63.00,73.34,8.05,6000.00,M
GRI,2025-09-01 15:15,70.00,63.00,78.49,8.05,1700.00,M
GRI,2025-09-01 15:53,69.00,63.00,81.22,12.65,1500.00,M
GRI,2025-09-01 16:53,66.00,64.00,93.27,13.80,800.00,M
GRI,2025-09-01 17:02,66.00,63.00,90.06,11.50,1100.00,M
GRI,2025-09-01 17:53,65.00,62.00,90.02,10.35,1100.00,M
GRI,2025-09-01 17:55,65.00,62.00,90.02,12.65,800.00,M
GRI,2025-09-01 18:44,63.00,61.00,93.19,12.65,1000.00,M
GRI,2025-09-01 18:53,63.00,61.00,93.19,10.35,1000.00,M
GRI,2025-09-01 19:02,63.00,61.00,93.19,9.20,900.00,M
GRI,2025-09-01 19:05,63.00,61.00,93.19,9.20,900.00,M
GRI,2025-09-01 19:53,62.00,60.00,93.16,10.35,800.00,M
GRI,2025-09-01 20:20,62.00,60.00,93.16,8.05,1000.00,M
GRI,2025-09-01 20:29,62.00,60.00,93.16,6.90,800.00,M
GRI,2025-09-01 20:53,62.00,60.00,93.16,6.90,800.00,M
GRI,2025-09-01 21:53,62.00,60.00,93.16,6.90,900.00,M
GRI,2025-09-01 22:00,62.00,60.00,93.16,6.90,700.00,M
GRI,2025-09-01 22:53,62.00,59.00,89.89,3.45,1400.00,M
GRI,2025-09-01 23:53,61.00,59.00,93.13,0.00,1400.00,M
GRI,2025-09-02 00:53,61.00,59.00,93.13,4.60,1400.00,M
GRI,2025-09-02 01:10,61.00,60.00,96.51,5.75,900.00,M
GRI,2025-09-02 01:20,61.00,60.00,96.51,3.45,900.00,M
GRI,2025-09-02 01:47,60.80,60.80,100.00,4.60,800.00,M
GRI,2025-09-02 01:53,61.00,60.00,96.51,3.45,600.00,M
GRI,2025-09-02 02:00,60.00,59.00,96.50,3.45,600.00,M
GRI,2025-09-02 02:42,61.00,60.00,96.51,0.00,1100.00,M
GRI,2025-09-02 02:53,61.00,60.00,96.51,0.00,1100.00,M
GRI,2025-09-02 03:12,61.00,60.00,96.51,0.00,900.00,M
GRI,2025-09-02 03:19,61.00,60.00,96.51,3.45,700.00,M
GRI,2025-09-02 03:51,60.80,59.00,93.79,4.60,700.00,M
GRI,2025-09-02 03:53,61.00,59.00,93.13,4.60,700.00,M
GRI,2025-09-02 04:38,61.00,59.00,93.13,5.75,1100.00,M
GRI,2025-09-02 04:53,61.00,59.00,93.13,3.45,1200.00,M
GRI,2025-09-02 05:19,60.00,59.00,96.50,3.45,1600.00,M
GRI,2025-09-02 05:53,61.00,59.00,93.13,0.00,1700.00,M
GRI,2025-09-02 06:53,60.00,59.00,96.50,0.00,2100.00,M
GRI,2025-09-02 07:53,61.00,59.00,93.13,4.60,2000.00,M
GRI,2025-09-02 08:53,62.00,59.00,89.89,0.00,1900.00,M
GRI,2025-09-02 09:53,63.00,59.00,86.79,0.00,900.00,M
GRI,2025-09-02 10:53,65.00,57.00,75.32,4.60,1500.00,M
GRI,2025-09-02 11:53,66.00,57.00,72.74,4.60,1800.00,M
GRI,2025-09-02 12:53,69.00,57.00,65.60,0.00,2100.00,M
GRI,2025-09-02 13:24,70.00,58.00,65.72,5.75,2400.00,M
GRI,2025-09-02 13:53,71.00,58.00,63.53,6.90,2500.00,M
GRI,2025-09-02 14:53,74.00,59.00,59.51,6.90,M,M
GRI,2025-09-02 15:53,74.00,58.00,57.42,11.50,M,M
GRI,2025-09-02 16:53,76.00,58.00,53.71,8.05,M,M
GRI,2025-09-02 17:53,76.00,58.00,53.71,10.35,M,M
GRI,2025-09-02 18:53,74.00,59.00,59.51,9.20,M,M
GRI,2025-09-02 19:53,69.00,60.00,73.05,5.75,M,M
GRI,2025-09-02 20:53,65.00,60.00,83.86,5.75,M,M
GRI,2025-09-02 21:53,64.00,60.00,86.84,8.05,M,M
GRI,2025-09-02 22:53,64.00,59.00,83.80,5.75,M,M
GRI,2025-09-02 23:53,64.00,59.00,83.80,6.90,8500.00,M
GRI,2025-09-03 00:53,63.00,59.00,86.79,8.05,M,M
GRI,2025-09-03 01:53,63.00,59.00,86.79,6.90,M,M
GRI,2025-09-03 02:53,59.00,57.00,93.07,5.75,M,M
GRI,2025-09-03 03:53,62.00,59.00,89.89,10.35,M,M
GRI,2025-09-03 04:53,63.00,59.00,86.79,9.20,M,M
GRI,2025-09-03 05:53,60.00,58.00,93.10,6.90,M,M
GRI,2025-09-03 06:53,59.00,58.00,96.48,3.45,M,M
GRI,2025-09-03 07:53,61.00,59.00,93.13,4.60,11000.00,M
GRI,2025-09-03 08:53,64.00,61.00,89.98,5.75,M,M
GRI,2025-09-03 09:53,69.00,62.00,78.41,10.35,M,M
GRI,2025-09-03 10:53,74.00,58.00,57.42,11.50,M,M
GRI,2025-09-03 11:53,76.00,59.00,55.67,12.65,M,M
GRI,2025-09-03 12:43,73.00,59.00,61.54,20.70,2900.00,M
GRI,2025-09-03 12:53,73.00,59.00,61.54,16.10,3100.00,M
GRI,2025-09-03 13:40,70.00,58.00,65.72,20.70,2900.00,M
GRI,2025-09-03 13:53,71.00,57.00,61.28,16.10,3300.00,29.90
GRI,2025-09-03 14:53,70.00,58.00,65.72,11.50,3500.00,M
GRI,2025-09-03 15:53,68.00,57.00,67.89,10.35,3100.00,M
GRI,2025-09-03 16:53,66.00,56.00,70.16,12.65,2400.00,M
GRI,2025-09-03 17:53,64.00,50.00,60.35,14.95,7000.00,M
GRI,2025-09-03 18:53,61.00,47.00,59.95,10.35,7500.00,M
GRI,2025-09-03 19:53,57.00,48.00,71.81,8.05,M,M
GRI,2025-09-03 20:53,53.00,49.00,86.23,3.45,M,M
GRI,2025-09-03 21:53,52.00,48.00,86.18,0.00,M,M
GRI,2025-09-03 22:53,52.00,49.00,89.46,0.00,M,M
GRI,2025-09-03 23:53,49.00,47.00,92.77,0.00,M,M
GRI,2025-09-04 00:53,50.00,48.00,92.80,0.00,M,M
GRI,2025-09-04 01:53,47.00,46.00,96.29,5.75,M,M
GRI,2025-09-04 02:53,48.00,46.00,92.74,8.05,M,M
GRI,2025-09-04 03:53,47.00,46.00,96.29,4.60,M,M
GRI,2025-09-04 04:53,49.00,47.00,92.77,0.00,M,M
GRI,2025-09-04 05:53,47.00,46.00,96.29,0.00,M,M
GRI,2025-09-04 06:53,48.00,46.00,92.74,4.60,M,M
GRI,2025-09-04 07:53,50.00,48.00,92.80,3.45,5000.00,M
GRI,2025-09-04 08:53,55.00,50.00,83.20,10.35,5000.00,M
GRI,2025-09-04 09:53,58.00,49.00,71.92,11.50,4700.00,M
GRI,2025-09-04 10:53,63.00,48.00,58.01,14.95,5000.00,M
GRI,2025-09-04 11:53,66.00,49.00,54.23,16.10,M,M
GRI,2025-09-04 12:53,67.00,48.00,50.47,19.55,3900.00,M
GRI,2025-09-04 13:53,70.00,51.00,50.92,14.95,3500.00,M
GRI,2025-09-04 14:53,70.00,51.00,50.92,19.55,M,M
GRI,2025-09-04 15:53,70.00,52.00,52.83,18.40,M,M
GRI,2025-09-04 16:53,71.00,55.00,57.00,18.40,M,M
GRI,2025-09-04 17:53,72.00,57.00,59.24,11.50,M,M
GRI,2025-09-04 18:53,71.00,59.00,65.84,8.05,M,M
GRI,2025-09-04 19:53,68.00,60.00,75.59,6.90,M,M
GRI,2025-09-04 20:53,69.00,57.00,65.60,10.35,M,M
GRI,2025-09-04 21:53,66.00,47.00,50.31,12.65,M,M
GRI,2025-09-04 22:53,58.00,47.00,66.72,8.05,M,M
GRI,2025-09-04 23:53,58.00,48.00,69.28,6.90,12000.00,M
GRI,2025-09-05 00:53,57.00,48.00,71.81,8.05,M,M
GRI,2025-09-05 01:53,58.00,48.00,69.28,5.75,12000.00,M
GRI,2025-09-05 02:53,57.00,49.00,74.55,6.90,12000.00,M
GRI,2025-09-05 03:53,57.00,47.00,69.16,6.90,12000.00,M
GRI,2025-09-05 04:53,56.00,44.00,63.99,5.75,11000.00,M
GRI,2025-09-05 05:53,55.00,45.00,68.94,9.20,12000.00,M
GRI,2025-09-05 06:53,56.00,42.00,59.26,9.20,12000.00,M
GRI,2025-09-05 07:53,55.00,42.00,61.46,8.05,12000.00,M
GRI,2025-09-05 08:53,55.00,42.00,61.46,9.20,M,M
GRI,2025-09-05 09:53,57.00,41.00,54.99,11.50,12000.00,M
GRI,2025-09-05 10:53,60.00,40.00,47.51,11.50,12000.00,M
GRI,2025-09-05 11:53,61.00,40.00,45.85,12.65,M,M
GRI,2025-09-05 12:53,64.00,40.00,41.26,12.65,M,M
GRI,2025-09-05 13:53,66.00,39.00,37.01,16.10,6000.00,M
GRI,2025-09-05 14:53,68.00,39.00,34.54,12.65,12000.00,M
GRI,2025-09-05 15:53,69.00,39.00,33.38,17.25,6500.00,M
GRI,2025-09-05 16:53,69.00,38.00,32.10,14.95,8000.00,M
GRI,2025-09-05 17:53,70.00,38.00,31.02,9.20,8000.00,M
GRI,2025-09-05 18:53,68.00,38.00,33.22,6.90,M,M
GRI,2025-09-05 19:53,61.00,41.00,47.67,0.00,M,M
GRI,2025-09-05 20:53,56.00,44.00,63.99,0.00,9000.00,M
GRI,2025-09-05 21:53,53.00,46.00,77.03,0.00,8500.00,M
GRI,2025-09-05 22:53,52.00,44.00,74.06,0.00,M,M
GRI,2025-09-05 23:53,48.00,43.00,82.72,3.45,M,M
GRI,2025-09-06 00:53,47.00,42.00,82.65,6.90,7500.00,M
GRI,2025-09-06 01:53,46.00,41.00,82.57,4.60,M,M
GRI,2025-09-06 02:53,43.00,40.00,89.05,6.90,M,M
GRI,2025-09-06 03:53,44.00,40.00,85.71,3.45,7500.00,M
GRI,2025-09-06 04:53,44.00,41.00,89.10,0.00,7500.00,M
GRI,2025-09-06 05:53,43.00,40.00,89.05,5.75,M,M
GRI,2025-09-06 06:53,42.00,39.00,89.01,4.60,M,M
GRI,2025-09-06 07:53,45.00,41.00,85.77,5.75,M,M
GRI,2025-09-06 08:53,50.00,43.00,76.76,3.45,M,M
GRI,2025-09-06 09:53,56.00,43.00,61.59,0.00,M,M
GRI,2025-09-06 10:53,62.00,41.00,46.01,3.45,M,M
GRI,2025-09-06 11:53,65.00,38.00,36.85,6.90,M,M
GRI,2025-09-06 12:53,66.00,37.00,34.22,3.45,M,M
GRI,2025-09-06 13:53,69.00,36.00,29.66,5.75,M,M
GRI,2025-09-06 14:53,71.00,38.00,29.98,5.75,M,M
GRI,2025-09-06 15:53,72.00,37.00,27.86,4.60,M,M
GRI,2025-09-06 16:53,73.00,38.00,28.02,5.75,M,M
GRI,2025-09-06 17:53,72.00,38.00,28.98,6.90,M,M
GRI,2025-09-06 18:53,71.00,38.00,29.98,4.60,M,M
GRI,2025-09-06 19:53,64.00,44.00,48.14,4.60,M,M
GRI,2025-09-06 20:53,57.00,46.00,66.60,6.90,M,M
GRI,2025-09-06 21:53,56.00,46.00,69.05,5.75,M,M
GRI,2025-09-06 22:53,54.00,45.00,71.50,5.75,M,M
GRI,2025-09-06 23:53,52.00,45.00,76.94,6.90,M,M
GRI,2025-09-07 00:53,53.00,44.00,71.39,8.05,M,M
GRI,2025-09-07 01:53,53.00,44.00,71.39,9.20,M,M
GRI,2025-09-07 02:53,52.00,44.00,74.06,5.75,M,M
GRI,2025-09-07 03:53,51.00,44.00,76.85,4.60,M,M
GRI,2025-09-07 04:53,44.00,42.00,92.61,5.75,M,M
GRI,2025-09-07 05:53,45.00,43.00,92.64,4.60,M,M
GRI,2025-09-07 06:53,45.00,43.00,92.64,0.00,M,M
GRI,2025-09-07 07:53,49.00,45.00,86.00,3.45,M,M
GRI,2025-09-07 08:53,54.00,46.00,74.26,4.60,M,M
GRI,2025-09-07 09:53,60.00,49.00,66.96,4.60,M,M
GRI,2025-09-07 10:53,67.00,53.00,60.75,6.90,M,M
GRI,2025-09-07 11:53,71.00,55.00,57.00,5.75,M,M
GRI,2025-09-07 12:53,75.00,55.00,49.82,10.35,M,M
GRI,2025-09-07 13:53,77.00,56.00,48.35,9.20,M,M
GRI,2025-09-07 14:53,78.00,56.00,46.78,9.20,4200.00,M
GRI,2025-09-07 15:53,79.00,55.00,43.65,11.50,4600.00,M
GRI,2025-09-07 16:53,80.00,54.00,40.73,11.50,M,M
GRI,2025-09-07 17:53,78.00,53.00,41.93,11.50,M,M
GRI,2025-09-07 18:53,74.00,51.00,44.48,6.90,M,M
GRI,2025-09-07 19:53,70.00,54.00,56.86,6.90,M,M
GRI,2025-09-07 20:53,68.00,53.00,58.70,11.50,M,M
GRI,2025-09-07 21:53,67.00,54.00,63.02,9.20,5500.00,M
GRI,2025-09-07 22:53,67.00,52.00,58.56,13.80,6000.00,M
GRI,2025-09-07 23:53,64.00,52.00,64.99,11.50,M,M
GRI,2025-09-08 00:53,63.00,53.00,69.83,11.50,7000.00,M
GRI,2025-09-08 01:53,63.00,54.00,72.44,11.50,7500.00,M
GRI,2025-09-08 02:53,62.00,55.00,77.82,10.35,6000.00,M
GRI,2025-09-08 03:53,63.00,55.00,75.13,12.65,6000.00,M
GRI,2025-09-08 04:53,63.00,55.00,75.13,14.95,6000.00,M
GRI,2025-09-08 05:53,62.00,55.00,77.82,12.65,M,M
GRI,2025-09-08 06:53,61.00,54.00,77.73,14.95,M,M
GRI,2025-09-08 07:53,62.00,55.00,77.82,13.80,M,M
GRI,2025-09-08 08:53,64.00,56.00,75.22,14.95,M,M
GRI,2025-09-08 09:53,70.00,56.00,61.15,20.70,M,41.40
GRI,2025-09-08 10:53,71.00,57.00,61.28,21.85,M,40.25
GRI,2025-09-08 11:53,73.00,60.00,63.78,21.85,2400.00,35.65
GRI,2025-09-08 12:53,75.00,60.00,59.64,21.85,3700.00,35.65
GRI,2025-09-08 13:53,77.00,57.00,50.12,23.00,M,37.95
GRI,2025-09-08 14:53,79.00,59.00,50.42,19.55,M,36.80
GRI,2025-09-08 15:53,79.00,61.00,54.14,20.70,3200.00,29.90
GRI,2025-09-08 16:44,76.00,61.00,59.78,19.55,2900.00,31.05
GRI,2025-09-08 16:53,76.00,61.00,59.78,19.55,2900.00,31.05
GRI,2025-09-08 17:53,73.00,61.00,66.08,16.10,2500.00,29.90
GRI,2025-09-08 18:53,72.00,61.00,68.35,17.25,2600.00,M
GRI,2025-09-08 19:53,70.00,62.00,75.78,12.65,2500.00,M
GRI,2025-09-08 20:53,69.00,61.00,75.69,13.80,2400.00,M
GRI,2025-09-08 21:13,67.00,60.00,78.24,10.35,2600.00,M
GRI,2025-09-08 21:53,66.00,61.00,83.93,11.50,2800.00,M
GRI,2025-09-08 22:32,64.00,59.00,83.80,9.20,3000.00,M
GRI,2025-09-08 22:53,63.00,59.00,86.79,11.50,1200.00,M
GRI,2025-09-08 23:11,63.00,60.00,89.94,9.20,1000.00,M
GRI,2025-09-08 23:21,63.00,60.00,89.94,10.35,900.00,M
GRI,2025-09-08 23:53,62.00,59.00,89.89,5.75,800.00,M
GRI,2025-09-09 00:10,62.00,59.00,89.89,5.75,800.00,M
GRI,2025-09-09 00:42,61.00,59.00,93.13,13.80,800.00,M
GRI,2025-09-09 00:47,60.80,59.00,93.79,13.80,800.00,M
GRI,2025-09-09 00:53,61.00,59.00,93.13,13.80,900.00,M
GRI,2025-09-09 01:13,61.00,59.00,93.13,11.50,M,M
GRI,2025-09-09 01:45,60.00,59.00,96.50,16.10,500.00,M
GRI,2025-09-09 01:53,60.00,59.00,96.50,14.95,500.00,M
GRI,2025-09-09 02:53,60.00,58.00,93.10,10.35,M,M
GRI,2025-09-09 03:14,60.00,58.00,93.10,6.90,800.00,M
GRI,2025-09-09 03:25,60.00,58.00,93.10,6.90,800.00,M
GRI,2025-09-09 03:53,60.00,58.00,93.10,10.35,600.00,M
GRI,2025-09-09 04:28,60.00,59.00,96.50,8.05,400.00,M
GRI,2025-09-09 04:35,60.00,59.00,96.50,5.75,400.00,M
GRI,2025-09-09 04:53,60.00,59.00,96.50,9.20,1700.00,M
GRI,2025-09-09 05:53,60.00,59.00,96.50,6.90,1800.00,M
GRI,2025-09-09 06:13,60.00,58.00,93.10,8.05,800.00,M
GRI,2025-09-09 06:25,60.00,58.00,93.10,9.20,700.00,M
GRI,2025-09-09 06:53,60.00,58.00,93.10,8.05,600.00,M
GRI,2025-09-09 07:53,60.00,58.00,93.10,6.90,600.00,M
GRI,2025-09-09 08:53,60.00,59.00,96.50,6.90,500.00,M
GRI,2025-09-09 09:53,61.00,59.00,93.13,10.35,600.00,M
GRI,2025-09-09 10:22,62.00,59.00,89.89,8.05,700.00,M
GRI,2025-09-09 10:53,63.00,59.00,86.79,5.75,700.00,M
GRI,2025-09-09 11:33,65.00,60.00,83.86,5.75,800.00,M
GRI,2025-09-09 11:53,66.00,60.00,81.00,4.60,1000.00,M
GRI,2025-09-09 12:53,69.00,60.00,73.05,9.20,1800.00,M
GRI,2025-09-09 13:21,72.00,61.00,68.35,6.90,1800.00,M
GRI,2025-09-09 13:53,73.00,61.00,66.08,6.90,2000.00,M
GRI,2025-09-09 14:53,75.00,63.00,66.32,5.75,M,M
GRI,2025-09-09 15:53,78.00,63.00,60.04,6.90,M,M
GRI,2025-09-09 16:53,79.00,64.00,60.17,5.75,M,M
GRI,2025-09-09 17:53,78.00,64.00,62.18,4.60,M,M
GRI,2025-09-09 18:53,77.00,66.00,68.90,6.90,M,M
GRI,2025-09-09 19:53,71.00,66.00,84.24,5.75,M,M
GRI,2025-09-09 20:53,68.00,65.00,90.14,4.60,M,M
GRI,2025-09-09 21:53,67.00,65.00,93.30,4.60,M,M
GRI,2025-09-09 22:53,67.00,64.00,90.10,4.60,M,M
GRI,2025-09-09 23:53,66.00,63.00,90.06,4.60,M,M
GRI,2025-09-10 00:53,64.00,62.00,93.22,5.75,M,M
GRI,2025-09-10 01:53,63.00,62.00,96.54,5.75,M,M
GRI,2025-09-10 02:53,64.00,62.00,93.22,5.75,M,M
GRI,2025-09-10 03:53,63.00,61.00,93.19,5.75,M,M
GRI,2025-09-10 04:53,61.00,59.00,93.13,3.45,M,M
GRI,2025-09-10 05:53,60.00,59.00,96.50,3.45,M,M
GRI,2025-09-10 06:53,58.00,57.00,96.47,0.00,M,M
GRI,2025-09-10 07:53,59.00,58.00,96.48,0.00,M,M
GRI,2025-09-10 08:53,63.00,60.00,89.94,4.60,M,M
GRI,2025-09-10 09:53,67.00,62.00,83.99,4.60,M,M
GRI,2025-09-10 10:53,71.00,63.00,75.87,3.45,M,M
GRI,2025-09-10 11:53,75.00,63.00,66.32,11.50,M,M
GRI,2025-09-10 12:53,78.00,64.00,62.18,10.35,M,M
GRI,2025-09-10 13:53,81.00,65.00,58.37,9.20,M,M
GRI,2025-09-10 14:53,82.00,65.00,56.51,10.35,M,M
GRI,2025-09-10 15:53,84.00,66.00,54.85,10.35,M,M
GRI,2025-09-10 16:53,83.00,66.00,56.65,11.50,M,M
GRI,2025-09-10 17:53,83.00,66.00,56.65,12.65,M,M
GRI,2025-09-10 18:53,81.00,66.00,60.44,10.35,M,M
GRI,2025-09-10 19:53,76.00,67.00,73.73,5.75,M,M
GRI,2025-09-10 20:53,73.00,66.00,78.74,8.05,M,M
GRI,2025-09-10 21:53,70.00,66.00,87.16,6.90,M,M
GRI,2025-09-10 22:53,71.00,65.00,81.37,11.50,M,M
GRI,2025-09-10 23:53,69.00,65.00,87.10,5.75,M,M
GRI,2025-09-11 00:53,66.00,64.00,93.27,5.75,M,M
GRI,2025-09-11 01:53,66.00,63.00,90.06,6.90,M,M
GRI,2025-09-11 02:53,63.00,62.00,96.54,5.75,M,M
GRI,2025-09-11 03:53,61.00,61.00,100.00,5.75,M,M
GRI,2025-09-11 04:53,61.00,60.00,96.51,4.60,M,M
GRI,2025-09-11 05:53,61.00,60.00,96.51,3.45,M,M
GRI,2025-09-11 06:53,61.00,61.00,100.00,5.75,M,M
GRI,2025-09-11 07:53,63.00,62.00,96.54,6.90,M,M
GRI,2025-09-11 08:53,67.00,64.00,90.10,8.05,M,M
GRI,2025-09-11 09:53,71.00,65.00,81.37,10.35,M,M
GRI,2025-09-11 10:53,77.00,65.00,66.55,14.95,M,M
GRI,2025-09-11 11:53,80.00,64.00,58.24,17.25,M,M
GRI,2025-09-11 12:53,83.00,63.00,51.02,12.65,M,M
GRI,2025-09-11 13:53,84.00,63.00,49.40,18.40,M,M
GRI,2025-09-11 14:53,84.00,64.00,51.16,16.10,M,M
GRI,2025-09-11 15:53,83.00,64.00,52.84,13.80,M,M
GRI,2025-09-11 16:53,86.00,65.00,49.70,14.95,M,M
GRI,2025-09-11 17:53,85.00,66.00,53.12,11.50,M,M
GRI,2025-09-11 18:53,83.00,67.00,58.64,9.20,M,M
GRI,2025-09-11 19:53,78.00,68.00,71.43,5.75,M,M
GRI,2025-09-11 20:53,76.00,67.00,73.73,8.05,M,M
GRI,2025-09-11 21:53,74.00,66.00,76.14,10.35,M,M
GRI,2025-09-11 22:53,75.00,67.00,76.23,12.65,M,M
GRI,2025-09-11 23:53,74.00,67.00,78.82,14.95,M,M
GRI,2025-09-12 00:53,73.00,66.00,78.74,13.80,M,M
GRI,2025-09-12 01:53,72.00,65.00,78.66,13.80,M,M
GRI,2025-09-12 02:53,71.00,64.00,78.57,12.65,M,M
GRI,2025-09-12 03:53,70.00,64.00,81.29,12.65,M,M
GRI,2025-09-12 04:53,69.00,62.00,78.41,11.50,M,M
GRI,2025-09-12 05:53,67.00,61.00,81.07,9.20,M,M
GRI,2025-09-12 06:53,66.00,61.00,83.93,6.90,M,M
GRI,2025-09-12 07:53,66.00,61.00,83.93,9.20,M,M
GRI,2025-09-12 08:53,71.00,60.00,68.23,11.50,M,M
GRI,2025-09-12 09:53,76.00,60.00,57.69,9.20,M,M
GRI,2025-09-12 10:53,79.00,61.00,54.14,9.20,M,M
GRI,2025-09-12 11:53,87.00,62.00,43.34,8.05,M,M
GRI,2025-09-12 12:53,92.00,62.00,37.05,10.35,M,M
GRI,2025-09-12 13:53,94.00,62.00,34.83,13.80,M,M
GRI,2025-09-12 14:53,95.00,61.00,32.60,13.80,M,M
GRI,2025-09-12 15:53,96.00,61.00,31.62,12.65,M,M
GRI,2025-09-12 16:53,96.00,58.00,28.41,16.10,M,M
GRI,2025-09-12 17:53,94.00,63.00,36.08,9.20,M,M
GRI,2025-09-12 18:53,91.00,62.00,38.22,9.20,M,M
GRI,2025-09-12 19:53,84.00,58.00,41.36,11.50,M,M
GRI,2025-09-12 20:53,79.00,60.00,52.25,10.35,M,M
GRI,2025-09-12 21:53,80.00,60.00,50.57,13.80,M,M
GRI,2025-09-12 22:53,78.00,61.00,55.95,13.80,M,M
GRI,2025-09-12 23:53,75.00,61.00,61.80,12.65,M,M
GRI,2025-09-13 00:53,76.00,60.00,57.69,13.80,M,M
GRI,2025-09-13 01:53,75.00,59.00,57.55,12.65,M,M
GRI,2025-09-13 02:53,74.00,58.00,57.42,12.65,M,M
GRI,2025-09-13 03:53,74.00,57.00,55.39,13.80,M,M
GRI,2025-09-13 04:53,71.00,58.00,63.53,12.65,M,M
GRI,2025-09-13 05:53,69.00,58.00,68.01,14.95,M,M
GRI,2025-09-13 06:53,67.00,58.00,72.85,10.35,M,M
GRI,2025-09-13 07:53,72.00,58.00,61.41,17.25,M,M
GRI,2025-09-13 08:53,75.00,59.00,57.55,18.40,M,M
GRI,2025-09-13 09:53,79.00,59.00,50.42,14.95,M,M
GRI,2025-09-13 10:53,83.00,58.00,42.72,19.55,M,M
GRI,2025-09-13 11:53,85.00,61.00,44.58,13.80,M,M
GRI,2025-09-13 12:53,92.00,60.00,34.51,17.25,M,M
GRI,2025-09-13 13:53,94.00,59.00,31.31,19.55,M,32.20
GRI,2025-09-13 14:53,93.00,58.00,31.15,24.15,M,33.35
GRI,2025-09-13 15:53,92.00,58.00,32.13,17.25,M,31.05
GRI,2025-09-13 16:53,91.00,57.00,31.98,16.10,M,31.05
GRI,2025-09-13 17:53,92.00,58.00,32.13,12.65,M,31.05
GRI,2025-09-13 18:53,87.00,59.00,38.96,10.35,M,M
GRI,2025-09-13 19:53,81.00,59.00,47.24,10.35,M,M
GRI,2025-09-13 20:53,79.00,59.00,50.42,12.65,M,M
GRI,2025-09-13 21:53,77.00,61.00,57.83,11.50,M,M
GRI,2025-09-13 22:53,75.00,62.00,64.02,12.65,M,M
GRI,2025-09-13 23:53,72.00,63.00,73.34,11.50,M,M
GRI,2025-09-14 00:53,71.00,62.00,73.24,10.35,M,M
GRI,2025-09-14 01:53,71.00,63.00,75.87,10.35,7000.00,M
GRI,2025-09-14 02:53,70.00,63.00,78.49,8.05,7500.00,M
GRI,2025-09-14 03:53,70.00,63.00,78.49,5.75,7000.00,M
GRI,2025-09-14 04:53,67.00,63.00,87.00,5.75,M,M
GRI,2025-09-14 05:53,68.00,63.00,84.05,8.05,10000.00,M
GRI,2025-09-14 06:53,69.00,64.00,84.12,12.65,9000.00,M
GRI,2025-09-14 07:53,70.00,64.00,81.29,11.50,9500.00,M
GRI,2025-09-14 08:53,71.00,64.00,78.57,12.65,9500.00,M
GRI,2025-09-14 09:53,73.00,63.00,70.91,12.65,9000.00,M
GRI,2025-09-14 10:53,68.00,65.00,90.14,10.35,10000.00,M
GRI,2025-09-14 11:53,68.00,62.00,81.15,16.10,7500.00,M
GRI,2025-09-14 12:53,67.00,62.00,83.99,9.20,6000.00,M
GRI,2025-09-14 13:00,68.00,62.00,81.15,11.50,8500.00,M
GRI,2025-09-14 13:19,69.00,63.00,81.22,9.20,M,M
GRI,2025-09-14 13:53,72.00,64.00,75.96,12.65,11000.00,M
GRI,2025-09-14 14:53,74.00,64.00,71.02,14.95,5000.00,M
GRI,2025-09-14 15:53,77.00,64.00,64.27,13.80,M,M
GRI,2025-09-14 16:53,79.00,64.00,60.17,12.65,3700.00,M
GRI,2025-09-14 17:53,79.00,62.00,56.09,16.10,3800.00,31.05
GRI,2025-09-14 18:53,78.00,63.00,60.04,11.50,M,M
GRI,2025-09-14 19:53,72.00,64.00,75.96,18.40,8000.00,31.05
GRI,2025-09-14 20:12,67.00,55.00,65.36,20.70,3900.00,39.10
GRI,2025-09-14 20:34,62.00,58.00,86.73,18.40,6000.00,39.10
GRI,2025-09-14 20:46,61.00,59.00,93.13,10.35,4700.00,39.10
GRI,2025-09-14 20:53,61.00,59.00,93.13,8.05,4600.00,39.10
GRI,2025-09-14 21:20,61.00,59.00,93.13,5.75,5500.00,M
GRI,2025-09-14 21:34,61.00,59.00,93.13,6.90,6000.00,M
GRI,2025-09-14 21:53,60.00,59.00,96.50,3.45,6500.00,M
GRI,2025-09-14 22:15,61.00,59.00,93.13,10.35,9000.00,M
GRI,2025-09-14 22:22,61.00,59.00,93.13,10.35,7500.00,M
GRI,2025-09-14 22:53,60.00,59.00,96.50,8.05,10000.00,M
GRI,2025-09-14 23:53,60.00,59.00,96.50,11.50,M,M
GRI,2025-09-15 00:53,60.00,58.00,93.10,8.05,11000.00,M
GRI,2025-09-15 01:53,60.00,58.00,93.10,5.75,M,M
GRI,2025-09-15 02:53,59.00,57.00,93.07,0.00,M,M
GRI,2025-09-15 03:53,57.00,56.00,96.45,0.00,M,M
GRI,2025-09-15 04:53,57.00,57.00,100.00,0.00,M,M
GRI,2025-09-15 05:49,55.40,55.40,100.00,3.45,200.00,M
GRI,2025-09-15 05:53,55.00,55.00,100.00,3.45,200.00,M
GRI,2025-09-15 06:53,56.00,56.00,100.00,5.75,200.00,M
GRI,2025-09-15 06:57,57.00,57.00,100.00,5.75,200.00,M
GRI,2025-09-15 07:19,58.00,57.00,96.47,4.60,100.00,M
GRI,2025-09-15 07:35,57.00,57.00,100.00,5.75,100.00,M
GRI,2025-09-15 07:44,57.00,57.00,100.00,5.75,200.00,M
GRI,2025-09-15 07:53,58.00,57.00,96.47,5.75,200.00,M
GRI,2025-09-15 08:05,58.00,58.00,100.00,5.75,200.00,M
GRI,2025-09-15 08:09,58.00,58.00,100.00,5.75,200.00,M
GRI,2025-09-15 08:18,59.00,58.00,96.48,4.60,200.00,M
GRI,2025-09-15 08:22,59.00,58.00,96.48,5.75,200.00,M
GRI,2025-09-15 08:28,59.00,58.00,96.48,4.60,200.00,M
GRI,2025-09-15 08:53,61.00,60.00,96.51,4.60,200.00,M
GRI,2025-09-15 09:53,67.00,61.00,81.07,8.05,M,M
GRI,2025-09-15 10:53,74.00,61.00,63.90,9.20,M,M
GRI,2025-09-15 11:53,77.00,59.00,53.86,8.05,M,M
GRI,2025-09-15 12:53,79.00,59.00,50.42,6.90,M,M
GRI,2025-09-15 13:53,82.00,59.00,45.73,9.20,M,M
GRI,2025-09-15 14:53,84.00,59.00,42.87,9.20,M,M
GRI,2025-09-15 15:53,86.00,58.00,38.80,10.35,M,M
GRI,2025-09-15 16:53,86.00,57.00,37.43,9.20,M,M
GRI,2025-09-15 17:53,85.00,59.00,41.52,8.05,M,M
GRI,2025-09-15 18:53,82.00,60.00,47.39,4.60,M,M
GRI,2025-09-15 19:53,73.00,63.00,70.91,5.75,M,M
GRI,2025-09-15 20:53,70.00,63.00,78.49,5.75,M,M
GRI,2025-09-15 21:53,68.00,63.00,84.05,5.75,M,M
GRI,2025-09-15 22:53,69.00,62.00,78.41,4.60,M,M
GRI,2025-09-15 23:53,68.00,62.00,81.15,8.05,M,M
GRI,2025-09-16 00:53,69.00,63.00,81.22,6.90,M,M
GRI,2025-09-16 01:53,67.00,63.00,87.00,6.90,M,M
GRI,2025-09-16 02:53,66.00,63.00,90.06,5.75,M,M
GRI,2025-09-16 03:53,66.00,63.00,90.06,5.75,M,M
GRI,2025-09-16 04:53,64.00,62.00,93.22,3.45,M,M
GRI,2025-09-16 05:53,63.00,62.00,96.54,4.60,M,M
GRI,2025-09-16 06:53,62.00,61.00,96.53,3.45,M,M
GRI,2025-09-16 07:53,64.00,62.00,93.22,0.00,M,M
GRI,2025-09-16 08:53,69.00,64.00,84.12,4.60,M,M
GRI,2025-09-16 09:53,75.00,65.00,71.12,0.00,M,M
GRI,2025-09-16 10:53,79.00,66.00,64.51,4.60,M,M
GRI,2025-09-16 11:53,83.00,65.00,54.71,4.60,M,M
GRI,2025-09-16 12:53,86.00,66.00,51.46,8.05,M,M
GRI,2025-09-16 13:53,87.00,65.00,48.15,8.05,M,M
GRI,2025-09-16 14:53,88.00,63.00,43.50,10.35,5000.00,M
GRI,2025-09-16 15:53,89.00,63.00,42.15,6.90,M,M
GRI,2025-09-16 16:53,89.00,60.00,37.91,12.65,M,M
GRI,2025-09-16 17:53,86.00,64.00,47.99,6.90,M,M
GRI,2025-09-16 18:53,82.00,65.00,56.51,3.45,M,M
GRI,2025-09-16 19:53,78.00,65.00,64.39,4.60,M,M
GRI,2025-09-16 20:53,75.00,66.00,73.64,0.00,M,M
GRI,2025-09-16 21:53,68.00,57.00,67.89,24.15,6000.00,49.45
GRI,2025-09-16 22:04,66.00,58.00,75.41,25.30,5500.00,39.10
GRI,2025-09-16 22:19,64.00,59.00,83.80,17.25,6500.00,39.10
GRI,2025-09-16 22:53,65.00,58.00,78.08,21.85,5000.00,39.10
GRI,2025-09-16 23:20,65.00,58.00,78.08,19.55,5000.00,35.65
GRI,2025-09-16 23:32,64.00,58.00,80.85,21.85,5500.00,35.65
GRI,2025-09-16 23:53,63.00,59.00,86.79,18.40,5500.00,35.65
GRI,2025-09-17 00:16,63.00,59.00,86.79,14.95,6000.00,M
GRI,2025-09-17 00:29,62.00,60.00,93.16,12.65,6000.00,M
GRI,2025-09-17 00:53,62.00,60.00,93.16,12.65,5000.00,M
GRI,2025-09-17 01:16,62.00,60.00,93.16,23.00,6500.00,29.90
GRI,2025-09-17 01:53,62.00,60.00,93.16,26.45,1100.00,35.65
GRI,2025-09-17 02:00,62.00,60.00,93.16,16.10,1100.00,43.70
GRI,2025-09-17 02:24,63.00,60.00,89.94,23.00,1100.00,43.70
GRI,2025-09-17 02:34,63.00,59.00,86.79,13.80,1300.00,43.70
GRI,2025-09-17 02:53,62.00,60.00,93.16,4.60,1300.00,43.70
GRI,2025-09-17 02:59,62.00,60.00,93.16,6.90,1700.00,M
GRI,2025-09-17 03:53,61.00,60.00,96.51,17.25,8500.00,M
GRI,2025-09-17 04:53,62.00,60.00,93.16,12.65,6000.00,31.05
GRI,2025-09-17 05:53,62.00,61.00,96.53,6.90,8000.00,M
GRI,2025-09-17 06:53,62.00,61.00,96.53,4.60,7000.00,M
GRI,2025-09-17 07:35,63.00,61.00,93.19,0.00,900.00,M
GRI,2025-09-17 07:53,63.00,61.00,93.19,0.00,800.00,M
GRI,2025-09-17 08:53,63.00,62.00,96.54,3.45,700.00,M
GRI,2025-09-17 09:05,64.00,62.00,93.22,0.00,600.00,M
GRI,2025-09-17 09:53,65.00,62.00,90.02,5.75,500.00,M
GRI,2025-09-17 10:53,69.00,62.00,78.41,4.60,2100.00,M
GRI,2025-09-17 11:53,69.00,61.00,75.69,9.20,6000.00,M
GRI,2025-09-17 12:53,69.00,61.00,75.69,11.50,2900.00,M
GRI,2025-09-17 13:38,70.00,61.00,73.15,8.05,1800.00,M
GRI,2025-09-17 13:53,69.00,61.00,75.69,10.35,2000.00,M
GRI,2025-09-17 14:15,67.00,62.00,83.99,9.20,1700.00,M
GRI,2025-09-17 14:37,68.00,62.00,81.15,6.90,1500.00,M
GRI,2025-09-17 14:44,70.00,61.00,73.15,5.75,1600.00,M
GRI,2025-09-17 14:53,70.00,60.00,70.59,4.60,1600.00,M
GRI,2025-09-17 15:37,71.00,61.00,70.70,5.75,1700.00,M
GRI,2025-09-17 15:53,72.00,60.00,65.96,4.60,2000.00,M
GRI,2025-09-17 16:53,74.00,58.00,57.42,6.90,3100.00,M
GRI,2025-09-17 17:53,72.00,61.00,68.35,6.90,3100.00,M
GRI,2025-09-17 18:53,72.00,59.00,63.65,6.90,3400.00,M
GRI,2025-09-17 19:53,67.00,61.00,81.07,4.60,M,M
GRI,2025-09-17 20:53,65.00,60.00,83.86,0.00,M,M
GRI,2025-09-17 21:53,62.00,60.00,93.16,3.45,M,M
GRI,2025-09-17 22:53,62.00,59.00,89.89,3.45,M,M
GRI,2025-09-17 23:53,62.00,59.00,89.89,4.60,M,M
GRI,2025-09-18 00:53,60.00,59.00,96.50,0.00,M,M
GRI,2025-09-18 01:53,60.00,58.00,93.10,0.00,M,M
GRI,2025-09-18 02:53,60.00,58.00,93.10,6.90,4300.00,M
GRI,2025-09-18 03:53,61.00,58.00,89.85,8.05,9000.00,M
GRI,2025-09-18 04:53,59.00,57.00,93.07,4.60,M,M
GRI,2025-09-18 05:53,59.00,57.00,93.07,5.75,11000.00,M
GRI,2025-09-18 06:53,60.00,58.00,93.10,3.45,5500.00,M
GRI,2025-09-18 07:53,60.00,58.00,93.10,5.75,10000.00,M
GRI,2025-09-18 08:53,63.00,58.00,83.73,0.00,M,M
GRI,2025-09-18 09:53,64.00,58.00,80.85,0.00,7500.00,M
GRI,2025-09-18 10:53,66.00,58.00,75.41,4.60,3700.00,M
GRI,2025-09-18 11:53,67.00,59.00,75.50,6.90,4300.00,M
GRI,2025-09-18 12:53,71.00,57.00,61.28,6.90,9500.00,M
GRI,2025-09-18 13:53,70.00,58.00,65.72,6.90,11000.00,M
GRI,2025-09-18 14:53,71.00,58.00,63.53,9.20,M,M
GRI,2025-09-18 15:53,73.00,56.00,55.24,9.20,M,M
GRI,2025-09-18 16:53,73.00,55.00,53.28,12.65,M,M
GRI,2025-09-18 17:53,70.00,59.00,68.12,9.20,3700.00,M
GRI,2025-09-18 18:53,68.00,58.00,70.38,17.25,4200.00,M
GRI,2025-09-18 19:53,64.00,58.00,80.85,9.20,M,M
GRI,2025-09-18 20:53,62.00,57.00,83.67,8.05,M,M
GRI,2025-09-18 21:53,60.00,56.00,86.62,5.75,M,M
GRI,2025-09-18 22:53,58.00,55.00,89.73,4.60,M,M
GRI,2025-09-18 23:53,56.00,54.00,92.98,5.75,M,M
GRI,2025-09-19 00:53,57.00,54.00,89.68,6.90,M,M
GRI,2025-09-19 01:53,55.00,53.00,92.95,5.75,M,M
GRI,2025-09-19 02:53,55.00,52.00,89.60,6.90,M,M
GRI,2025-09-19 03:53,54.00,52.00,92.92,8.05,M,M
GRI,2025-09-19 04:53,54.00,52.00,92.92,8.05,M,M
GRI,2025-09-19 05:53,51.00,50.00,96.36,3.45,M,M
GRI,2025-09-19 06:53,51.00,50.00,96.36,4.60,M,M
GRI,2025-09-19 07:53,52.00,50.00,92.86,3.45,M,M
GRI,2025-09-19 08:53,58.00,53.00,83.40,9.20,10000.00,M
GRI,2025-09-19 09:53,61.00,54.00,77.73,9.20,M,M
GRI,2025-09-19 10:53,65.00,53.00,65.12,10.35,8000.00,M
GRI,2025-09-19 11:53,68.00,53.00,58.70,9.20,8000.00,M
GRI,2025-09-19 12:53,62.00,53.00,72.34,6.90,7000.00,M
GRI,2025-09-19 13:49,59.00,55.40,87.84,5.75,7000.00,M
GRI,2025-09-19 13:53,59.00,56.00,89.77,3.45,7500.00,M
GRI,2025-09-19 14:44,59.00,56.00,89.77,8.05,4500.00,M
GRI,2025-09-19 14:53,59.00,57.00,93.07,3.45,4500.00,M
GRI,2025-09-19 15:05,59.00,57.00,93.07,5.75,5000.00,M
GRI,2025-09-19 15:53,59.00,57.00,93.07,9.20,8000.00,M
GRI,2025-09-19 16:53,59.00,57.00,93.07,0.00,6000.00,M
GRI,2025-09-19 17:53,59.00,58.00,96.48,0.00,5500.00,M
GRI,2025-09-19 18:53,60.00,58.00,93.10,0.00,5000.00,M
GRI,2025-09-19 19:53,60.00,59.00,96.50,3.45,4700.00,M
GRI,2025-09-19 20:53,60.00,58.00,93.10,0.00,5000.00,M
GRI,2025-09-19 21:53,59.00,58.00,96.48,0.00,4900.00,M
GRI,2025-09-19 22:53,59.00,57.00,93.07,4.60,4900.00,M
GRI,2025-09-19 23:53,57.00,56.00,96.45,0.00,4600.00,M
GRI,2025-09-20 00:53,57.00,56.00,96.45,3.45,6500.00,M
GRI,2025-09-20 01:53,54.00,53.00,96.40,0.00,M,M
GRI,2025-09-20 02:53,55.00,54.00,96.42,0.00,7000.00,M
GRI,2025-09-20 03:53,54.00,54.00,100.00,0.00,M,M
GRI,2025-09-20 04:53,52.00,52.00,100.00,3.45,M,M
GRI,2025-09-20 05:53,51.00,51.00,100.00,3.45,M,M
GRI,2025-09-20 06:53,51.00,51.00,100.00,0.00,3700.00,M
GRI,2025-09-20 07:53,52.00,50.00,92.86,0.00,M,M
GRI,2025-09-20 08:53,57.00,54.00,89.68,3.45,M,M
GRI,2025-09-20 09:53,62.00,57.00,83.67,3.45,M,M
GRI,2025-09-20 10:53,65.00,56.00,72.64,4.60,M,M
GRI,2025-09-20 11:53,68.00,56.00,65.48,0.00,M,M
GRI,2025-09-20 12:53,71.00,57.00,61.28,4.60,M,M
GRI,2025-09-20 13:53,73.00,55.00,53.28,0.00,M,M
GRI,2025-09-20 14:53,75.00,55.00,49.82,4.60,4100.00,M
GRI,2025-09-20 15:53,77.00,55.00,46.62,4.60,4500.00,M
GRI,2025-09-20 16:53,77.00,56.00,48.35,5.75,5000.00,M
GRI,2025-09-20 17:53,76.00,55.00,48.19,3.45,M,M
GRI,2025-09-20 18:53,73.00,59.00,61.54,0.00,M,M
GRI,2025-09-20 19:53,66.00,61.00,83.93,0.00,M,M
GRI,2025-09-20 20:53,63.00,59.00,86.79,3.45,M,M
GRI,2025-09-20 21:53,61.00,58.00,89.85,3.45,M,M
GRI,2025-09-20 22:53,61.00,57.00,86.68,3.45,M,M
GRI,2025-09-20 23:53,60.00,56.00,86.62,6.90,M,M
GRI,2025-09-21 00:53,61.00,56.00,83.60,6.90,M,M
GRI,2025-09-21 01:53,62.00,57.00,83.67,6.90,M,M
GRI,2025-09-21 02:53,61.00,58.00,89.85,6.90,M,M
GRI,2025-09-21 03:53,61.00,58.00,89.85,6.90,M,M
GRI,2025-09-21 04:53,59.00,58.00,96.48,5.75,M,M
GRI,2025-09-21 05:53,59.00,58.00,96.48,4.60,M,M
GRI,2025-09-21 06:53,60.00,59.00,96.50,5.75,M,M
GRI,2025-09-21 07:53,61.00,59.00,93.13,9.20,3100.00,M
GRI,2025-09-21 08:53,62.00,60.00,93.16,8.05,M,M
GRI,2025-09-21 09:53,64.00,62.00,93.22,10.35,M,M
GRI,2025-09-21 10:53,67.00,61.00,81.07,13.80,10000.00,M
GRI,2025-09-21 11:53,72.00,63.00,73.34,13.80,10000.00,M
GRI,2025-09-21 12:53,78.00,61.00,55.95,14.95,11000.00,M
GRI,2025-09-21 13:53,82.00,59.00,45.73,14.95,M,M
GRI,2025-09-21 14:53,82.00,58.00,44.12,5.75,M,M
GRI,2025-09-21 15:53,84.00,54.00,35.79,10.35,M,M
GRI,2025-09-21 16:53,83.00,54.00,36.96,10.35,M,M
GRI,2025-09-21 17:53,82.00,55.00,39.59,8.05,M,M
GRI,2025-09-21 18:53,77.00,61.00,57.83,10.35,M,M
GRI,2025-09-21 19:53,72.00,63.00,73.34,9.20,M,M
GRI,2025-09-21 20:53,69.00,63.00,81.22,8.05,M,M
GRI,2025-09-21 21:53,68.00,62.00,81.15,9.20,M,M
GRI,2025-09-21 22:53,67.00,62.00,83.99,11.50,M,M
GRI,2025-09-21 23:53,67.00,62.00,83.99,13.80,M,M
GRI,2025-09-22 00:53,67.00,63.00,87.00,11.50,M,M
GRI,2025-09-22 01:53,65.00,62.00,90.02,10.35,M,M
GRI,2025-09-22 02:53,65.00,62.00,90.02,9.20,M,M
GRI,2025-09-22 03:53,64.00,62.00,93.22,8.05,M,M
GRI,2025-09-22 04:53,63.00,61.00,93.19,9.20,M,M
GRI,2025-09-22 05:53,64.00,61.00,89.98,5.75,M,M
GRI,2025-09-22 06:53,62.00,60.00,93.16,3.45,M,M
GRI,2025-09-22 07:53,62.00,61.00,96.53,3.45,12000.00,M
GRI,2025-09-22 08:53,64.00,62.00,93.22,5.75,700.00,M
GRI,2025-09-22 09:53,66.00,63.00,90.06,8.05,M,M
GRI,2025-09-22 10:53,74.00,65.00,73.54,8.05,M,M
GRI,2025-09-22 11:53,78.00,65.00,64.39,6.90,M,M
GRI,2025-09-22 12:53,82.00,65.00,56.51,8.05,M,M
GRI,2025-09-22 13:53,85.00,65.00,51.31,10.35,M,M
GRI,2025-09-22 14:53,88.00,64.00,45.05,9.20,M,M
GRI,2025-09-22 15:53,87.00,62.00,43.34,11.50,M,M
GRI,2025-09-22 16:53,86.00,62.00,44.74,8.05,M,M
GRI,2025-09-22 17:53,85.00,63.00,47.84,8.05,M,M
GRI,2025-09-22 18:53,79.00,66.00,64.51,4.60,M,M
GRI,2025-09-22 19:53,77.00,66.00,68.90,8.05,6000.00,M
GRI,2025-09-22 20:53,76.00,66.00,71.23,9.20,M,M
GRI,2025-09-22 21:53,74.00,66.00,76.14,6.90,M,M
GRI,2025-09-22 22:53,72.00,64.00,75.96,5.75,M,M
GRI,2025-09-22 23:53,72.00,58.00,61.41,8.05,M,M
GRI,2025-09-23 00:53,70.00,61.00,73.15,8.05,9000.00,M
GRI,2025-09-23 01:53,68.00,60.00,75.59,4.60,M,M
GRI,2025-09-23 02:53,66.00,59.00,78.16,5.75,M,M
GRI,2025-09-23 03:53,66.00,60.00,81.00,8.05,11000.00,M
GRI,2025-09-23 04:53,67.00,63.00,87.00,12.65,11000.00,M
GRI,2025-09-23 05:53,66.00,63.00,90.06,4.60,11000.00,M
GRI,2025-09-23 06:53,65.00,61.00,86.89,5.75,11000.00,M
GRI,2025-09-23 07:48,64.40,60.80,88.10,10.35,1300.00,M
GRI,2025-09-23 07:53,64.00,60.00,86.84,10.35,1300.00,M
GRI,2025-09-23 08:53,63.00,60.00,89.94,6.90,1200.00,M
GRI,2025-09-23 09:53,63.00,61.00,93.19,4.60,1200.00,M
GRI,2025-09-23 10:53,63.00,61.00,93.19,5.75,1200.00,M
GRI,2025-09-23 11:31,64.00,61.00,89.98,9.20,1200.00,M
GRI,2025-09-23 11:53,64.00,61.00,89.98,9.20,1500.00,M
GRI,2025-09-23 12:53,66.00,62.00,86.95,11.50,1300.00,M
GRI,2025-09-23 13:16,66.00,61.00,83.93,18.40,1300.00,M
GRI,2025-09-23 13:53,68.00,60.00,75.59,14.95,1700.00,M
GRI,2025-09-23 14:27,68.00,60.00,75.59,10.35,1900.00,M
GRI,2025-09-23 14:53,70.00,60.00,70.59,12.65,2000.00,M
GRI,2025-09-23 15:14,70.00,60.00,70.59,11.50,2200.00,M
GRI,2025-09-23 15:53,72.00,60.00,65.96,12.65,2200.00,M
GRI,2025-09-23 16:53,71.00,60.00,68.23,14.95,2600.00,M
GRI,2025-09-23 17:53,70.00,57.00,63.40,12.65,3500.00,M
GRI,2025-09-23 18:53,68.00,58.00,70.38,8.05,M,M
GRI,2025-09-23 19:53,63.00,58.00,83.73,5.75,6000.00,M
GRI,2025-09-23 20:53,64.00,58.00,80.85,8.05,M,M
GRI,2025-09-24 00:53,57.00,54.00,89.68,6.90,M,M
GRI,2025-09-24 01:53,58.00,54.00,86.51,5.75,M,M
GRI,2025-09-24 02:53,57.00,54.00,89.68,5.75,M,M
GRI,2025-09-24 03:53,58.00,54.00,86.51,6.90,M,M
GRI,2025-09-24 04:53,56.00,54.00,92.98,4.60,M,M
GRI,2025-09-24 05:53,56.00,54.00,92.98,5.75,M,M
GRI,2025-09-24 06:53,55.00,53.00,92.95,4.60,M,M
GRI,2025-09-24 07:53,54.00,52.00,92.92,4.60,9500.00,M
GRI,2025-09-24 08:53,58.00,54.00,86.51,5.75,8000.00,M
GRI,2025-09-24 09:53,63.00,56.00,77.91,4.60,5000.00,M
GRI,2025-09-24 10:53,66.00,56.00,70.16,3.45,11000.00,M
GRI,2025-09-24 11:53,71.00,56.00,59.11,3.45,11000.00,M
GRI,2025-09-24 12:53,76.00,55.00,48.19,5.75,M,M
GRI,2025-09-24 13:53,76.00,56.00,49.97,8.05,4500.00,M
GRI,2025-09-24 14:53,80.00,55.00,42.25,11.50,5500.00,M
GRI,2025-09-24 15:53,81.00,54.00,39.43,11.50,6000.00,M
GRI,2025-09-24 16:53,78.00,53.00,41.93,13.80,6500.00,M
GRI,2025-09-24 17:53,75.00,56.00,51.67,10.35,10000.00,M
GRI,2025-09-24 18:53,72.00,57.00,59.24,4.60,M,M
GRI,2025-09-24 19:53,66.00,57.00,72.74,4.60,M,M
GRI,2025-09-24 20:53,64.00,56.00,75.22,5.75,M,M
GRI,2025-09-24 21:53,62.00,56.00,80.70,0.00,M,M
GRI,2025-09-24 22:53,59.00,56.00,89.77,0.00,M,M
GRI,2025-09-24 23:53,60.00,56.00,86.62,0.00,M,M
GRI,2025-09-25 00:53,58.00,55.00,89.73,0.00,M,M
GRI,2025-09-25 01:53,56.00,54.00,92.98,5.75,M,M
GRI,2025-09-25 02:53,55.00,54.00,96.42,4.60,M,M
GRI,2025-09-25 03:53,55.00,53.00,92.95,3.45,M,M
GRI,2025-09-25 04:53,55.00,53.00,92.95,5.75,M,M
GRI,2025-09-25 05:53,54.00,53.00,96.40,4.60,M,M
GRI,2025-09-25 06:53,54.00,52.00,92.92,3.45,M,M
GRI,2025-09-25 07:53,54.00,52.00,92.92,4.60,M,M
GRI,2025-09-25 08:53,59.00,55.00,86.57,4.60,M,M
GRI,2025-09-25 09:53,66.00,58.00,75.41,3.45,M,M
GRI,2025-09-25 10:53,73.00,58.00,59.38,4.60,M,M
GRI,2025-09-25 11:53,77.00,56.00,48.35,8.05,M,M
GRI,2025-09-25 12:53,80.00,53.00,39.27,3.45,M,M
GRI,2025-09-25 13:53,82.00,50.00,32.94,4.60,M,M
GRI,2025-09-25 14:53,84.00,50.00,30.88,6.90,M,M
GRI,2025-09-25 15:53,83.00,49.00,30.72,0.00,M,M
GRI,2025-09-25 16:53,83.00,47.00,28.50,3.45,M,M
GRI,2025-09-25 17:53,83.00,48.00,29.59,3.45,M,M
GRI,2025-09-25 18:53,79.00,51.00,37.69,0.00,M,M
GRI,2025-09-25 19:53,71.00,54.00,54.96,0.00,M,M
GRI,2025-09-25 20:53,66.00,53.00,62.89,0.00,M,M
GRI,2025-09-25 21:53,64.00,54.00,69.94,3.45,M,M
GRI,2025-09-25 22:53,64.00,54.00,69.94,3.45,M,M
GRI,2025-09-25 23:53,61.00,53.00,74.94,3.45,M,M
GRI,2025-09-26 00:53,61.00,53.00,74.94,3.45,M,M
GRI,2025-09-26 01:53,60.00,53.00,77.65,4.60,M,M
GRI,2025-09-26 02:53,58.00,53.00,83.40,6.90,M,M
GRI,2025-09-26 03:53,57.00,52.00,83.34,5.75,M,M
GRI,2025-09-26 04:53,55.00,50.00,83.20,5.75,M,M
GRI,2025-09-26 05:53,58.00,51.00,77.47,9.20,M,M
GRI,2025-09-26 06:53,58.00,51.00,77.47,8.05,M,M
GRI,2025-09-26 07:53,58.00,52.00,80.39,8.05,M,M
GRI,2025-09-26 08:53,65.00,54.00,67.55,9.20,M,M
GRI,2025-09-26 09:53,71.00,53.00,52.98,9.20,M,M
GRI,2025-09-26 10:53,77.00,54.00,44.95,12.65,M,M
GRI,2025-09-26 11:53,80.00,52.00,37.85,11.50,M,M
GRI,2025-09-26 12:53,82.00,51.00,34.18,13.80,M,M
GRI,2025-09-26 13:53,84.00,50.00,30.88,16.10,M,M
GRI,2025-09-26 14:53,84.00,50.00,30.88,17.25,M,M
GRI,2025-09-26 15:53,85.00,50.00,29.91,16.10,M,M
GRI,2025-09-26 16:53,84.00,49.00,29.75,13.80,M,M
GRI,2025-09-26 17:53,81.00,50.00,34.02,11.50,M,M
GRI,2025-09-26 18:53,76.00,51.00,41.61,8.05,M,M
GRI,2025-09-26 19:53,69.00,51.00,52.69,8.05,M,M
GRI,2025-09-26 20:53,67.00,52.00,58.56,6.90,M,M
GRI,2025-09-26 21:53,67.00,53.00,60.75,9.20,M,M
GRI,2025-09-26 22:53,67.00,53.00,60.75,11.50,M,M
GRI,2025-09-26 23:53,65.00,54.00,67.55,9.20,M,M
GRI,2025-09-27 00:53,63.00,55.00,75.13,8.05,M,M
GRI,2025-09-27 01:53,62.00,55.00,77.82,0.00,M,M
GRI,2025-09-27 02:53,58.00,54.00,86.51,0.00,M,M
GRI,2025-09-27 03:53,58.00,54.00,86.51,4.60,M,M
GRI,2025-09-27 04:53,58.00,53.00,83.40,6.90,M,M
GRI,2025-09-27 05:53,58.00,52.00,80.39,6.90,M,M
GRI,2025-09-27 06:53,56.00,49.00,77.30,6.90,M,M
GRI,2025-09-27 07:53,54.00,47.00,77.12,5.75,M,M
GRI,2025-09-27 08:53,60.00,47.00,62.12,9.20,M,M
GRI,2025-09-27 09:53,66.00,45.00,46.64,14.95,M,M
GRI,2025-09-27 10:53,70.00,42.00,36.24,12.65,M,M
GRI,2025-09-27 11:53,75.00,40.00,28.34,16.10,M,M
GRI,2025-09-27 12:53,77.00,40.00,26.52,13.80,M,M
GRI,2025-09-27 13:53,78.00,39.00,24.67,10.35,M,M
GRI,2025-09-27 14:53,80.00,39.00,23.11,13.80,M,M
GRI,2025-09-27 15:53,81.00,38.00,21.51,10.35,M,M
GRI,2025-09-27 16:53,81.00,40.00,23.26,10.35,M,M
GRI,2025-09-27 17:53,79.00,39.00,23.88,9.20,M,M
GRI,2025-09-27 18:53,73.00,43.00,34.02,4.60,M,M
GRI,2025-09-27 19:53,64.00,47.00,53.94,3.45,M,M
GRI,2025-09-27 20:53,62.00,45.00,53.65,0.00,M,M
GRI,2025-09-27 21:53,59.00,48.00,66.84,0.00,M,M
GRI,2025-09-27 22:53,56.00,48.00,74.46,0.00,M,M
GRI,2025-09-27 23:53,55.00,47.00,74.36,0.00,M,M
GRI,2025-09-28 00:53,51.00,45.00,79.84,3.45,M,M
GRI,2025-09-28 01:53,52.00,46.00,79.92,0.00,M,M
GRI,2025-09-28 02:53,52.00,46.00,79.92,0.00,M,M
GRI,2025-09-28 03:53,51.00,44.00,76.85,0.00,M,M
GRI,2025-09-28 04:53,50.00,44.00,79.76,0.00,M,M
GRI,2025-09-28 05:53,50.00,45.00,82.86,0.00,M,M
GRI,2025-09-28 06:53,52.00,42.00,68.59,3.45,M,M
GRI,2025-09-28 07:53,50.00,44.00,79.76,3.45,M,M
GRI,2025-09-28 08:53,61.00,44.00,53.50,5.75,M,M
GRI,2025-09-28 09:53,68.00,46.00,45.22,10.35,M,M
GRI,2025-09-28 10:53,74.00,50.00,42.86,10.35,M,M
GRI,2025-09-28 11:53,79.00,53.00,40.57,11.50,M,M
GRI,2025-09-28 12:53,84.00,56.00,38.49,11.50,M,M
GRI,2025-09-28 13:53,85.00,56.00,37.27,13.80,M,M
GRI,2025-09-28 14:53,88.00,57.00,35.13,11.50,M,M
GRI,2025-09-28 15:53,88.00,57.00,35.13,12.65,M,M
GRI,2025-09-28 16:53,89.00,55.00,31.66,16.10,M,M
GRI,2025-09-28 17:53,87.00,55.00,33.73,10.35,M,M
GRI,2025-09-28 18:53,82.00,57.00,42.56,8.05,M,M
GRI,2025-09-28 19:53,74.00,57.00,55.39,4.60,M,M
GRI,2025-09-28 20:53,73.00,57.00,57.28,6.90,M,M
GRI,2025-09-28 21:53,72.00,57.00,59.24,8.05,M,M
GRI,2025-09-28 22:53,72.00,56.00,57.14,10.35,M,M
GRI,2025-09-28 23:53,69.00,56.00,63.27,8.05,M,M
GRI,2025-09-29 00:53,68.00,57.00,67.89,9.20,M,M
GRI,2025-09-29 01:53,65.00,57.00,75.32,8.05,M,M
GRI,2025-09-29 02:53,64.00,57.00,77.99,8.05,M,M
GRI,2025-09-29 03:53,60.00,56.00,86.62,8.05,M,M
GRI,2025-09-29 04:53,60.00,56.00,86.62,8.05,M,M
GRI,2025-09-29 05:53,59.00,55.00,86.57,4.60,M,M
GRI,2025-09-29 06:53,57.00,54.00,89.68,5.75,M,M
GRI,2025-09-29 07:53,59.00,56.00,89.77,6.90,M,M
GRI,2025-09-29 08:53,64.00,58.00,80.85,5.75,M,M
GRI,2025-09-29 09:53,72.00,59.00,63.65,5.75,M,M
GRI,2025-09-29 10:53,78.00,57.00,48.50,8.05,M,M
GRI,2025-09-29 11:53,81.00,57.00,43.96,9.20,M,M
GRI,2025-09-29 12:53,84.00,56.00,38.49,11.50,M,M
GRI,2025-09-29 13:53,84.00,56.00,38.49,11.50,M,M
GRI,2025-09-29 14:53,86.00,55.00,34.82,13.80,M,M
GRI,2025-09-29 15:53,86.00,54.00,33.57,12.65,M,M
GRI,2025-09-29 16:53,85.00,53.00,33.41,14.95,M,M
GRI,2025-09-29 17:53,83.00,55.00,38.33,12.65,M,M
GRI,2025-09-29 18:53,78.00,56.00,46.78,8.05,M,M
GRI,2025-09-29 19:53,75.00,57.00,53.57,9.20,6500.00,M
GRI,2025-09-29 20:53,73.00,55.00,53.28,10.35,M,M
GRI,2025-09-29 21:53,72.00,54.00,53.13,9.20,M,M
GRI,2025-09-29 22:53,69.00,54.00,58.83,8.05,M,M
GRI,2025-09-29 23:53,66.00,54.00,65.24,10.35,M,M
GRI,2025-09-30 00:53,65.00,54.00,67.55,6.90,M,M
GRI,2025-09-30 01:53,65.00,55.00,70.05,10.35,M,M
GRI,2025-09-30 02:53,64.00,56.00,75.22,8.05,M,M
GRI,2025-09-30 03:53,64.00,56.00,75.22,11.50,M,M
GRI,2025-09-30 04:53,63.00,57.00,80.77,9.20,M,M
GRI,2025-09-30 05:53,63.00,57.00,80.77,9.20,M,M
GRI,2025-09-30 06:53,63.00,57.00,80.77,10.35,M,M
GRI,2025-09-30 07:53,63.00,57.00,80.77,8.05,M,M
GRI,2025-09-30 08:53,65.00,57.00,75.32,12.65,M,M
GRI,2025-09-30 09:53,67.00,57.00,70.27,12.65,M,M
GRI,2025-09-30 10:53,70.00,57.00,63.40,10.35,M,M
GRI,2025-09-30 11:53,72.00,58.00,61.41,11.50,M,M
GRI,2025-09-30 12:53,74.00,58.00,57.42,13.80,M,M
GRI,2025-09-30 13:53,74.00,57.00,55.39,13.80,M,M
GRI,2025-09-30 14:53,75.00,57.00,53.57,9.20,M,M
GRI,2025-09-30 15:53,77.00,54.00,44.95,17.25,M,M
GRI,2025-09-30 16:53,77.00,55.00,46.62,13.80,M,M
GRI,2025-09-30 17:53,76.00,55.00,48.19,10.35,M,M
GRI,2025-09-30 18:53,74.00,55.00,51.52,8.05,M,M
GRI,2025-09-30 19:53,71.00,54.00,54.96,8.05,M,M
GRI,2025-09-30 20:53,70.00,56.00,61.15,10.35,M,M
GRI,2025-09-30 21:53,67.00,55.00,65.36,11.50,M,M
GRI,2025-09-30 22:53,66.00,55.00,67.66,11.50,M,M
GRI,2025-09-30 23:53,65.00,55.00,70.05,12.65,M,M
GRI,2025-10-01 00:53,65.00,55.00,70.05,11.50,M,M
GRI,2025-10-01 01:53,64.00,54.00,69.94,11.50,M,M
GRI,2025-10-01 02:53,63.00,54.00,72.44,10.35,M,M
GRI,2025-10-01 03:53,62.00,54.00,75.03,9.20,M,M
GRI,2025-10-01 04:53,61.00,54.00,77.73,9.20,M,M
GRI,2025-10-01 05:53,61.00,54.00,77.73,5.75,9000.00,M
GRI,2025-10-01 06:53,61.00,54.00,77.73,0.00,7500.00,M
GRI,2025-10-01 07:53,62.00,56.00,80.70,4.60,7000.00,M
GRI,2025-10-01 08:53,62.00,57.00,83.67,10.35,6000.00,M
GRI,2025-10-01 09:53,61.00,58.00,89.85,9.20,3700.00,M
GRI,2025-10-01 10:53,63.00,58.00,83.73,6.90,2900.00,M
GRI,2025-10-01 11:02,63.00,58.00,83.73,8.05,9000.00,M
GRI,2025-10-01 11:09,64.00,58.00,80.85,8.05,9000.00,M
GRI,2025-10-01 11:53,65.00,59.00,80.92,8.05,M,M
GRI,2025-10-01 12:53,74.00,61.00,63.90,12.65,M,M
GRI,2025-10-01 13:53,79.00,58.00,48.65,14.95,M,M
GRI,2025-10-01 14:53,81.00,56.00,42.40,16.10,M,M
GRI,2025-10-01 15:53,82.00,57.00,42.56,14.95,M,M
GRI,2025-10-01 16:53,81.00,57.00,43.96,11.50,12000.00,M
GRI,2025-10-01 17:53,78.00,58.00,50.27,11.50,6000.00,M
GRI,2025-10-01 18:53,75.00,59.00,57.55,9.20,M,M
GRI,2025-10-01 19:53,73.00,58.00,59.38,8.05,M,M
GRI,2025-10-01 20:53,68.00,57.00,67.89,8.05,M,M
GRI,2025-10-01 21:53,67.00,57.00,70.27,8.05,M,M
GRI,2025-10-01 22:53,67.00,57.00,70.27,8.05,M,M
GRI,2025-10-01 23:53,67.00,57.00,70.27,11.50,M,M
GRI,2025-10-02 00:53,67.00,57.00,70.27,11.50,M,M
GRI,2025-10-02 01:53,65.00,57.00,75.32,10.35,M,M
GRI,2025-10-02 02:53,64.00,56.00,75.22,8.05,M,M
GRI,2025-10-02 03:53,61.00,56.00,83.60,8.05,M,M
GRI,2025-10-02 04:53,60.00,56.00,86.62,5.75,M,M
GRI,2025-10-02 05:53,59.00,56.00,89.77,4.60,M,M
GRI,2025-10-02 06:53,57.00,55.00,93.01,3.45,M,M
GRI,2025-10-02 07:53,55.00,54.00,96.42,0.00,M,M
GRI,2025-10-02 08:53,63.00,57.00,80.77,3.45,M,M
GRI,2025-10-02 09:53,68.00,57.00,67.89,9.20,M,M
GRI,2025-10-02 10:53,73.00,59.00,61.54,9.20,M,M
GRI,2025-10-02 11:53,78.00,60.00,54.00,6.90,M,M
GRI,2025-10-02 12:53,81.00,59.00,47.24,10.35,M,M
GRI,2025-10-02 13:53,85.00,59.00,41.52,8.05,M,M
GRI,2025-10-02 14:53,86.00,59.00,40.22,8.05,M,M
GRI,2025-10-02 15:53,87.00,59.00,38.96,8.05,M,M
GRI,2025-10-02 16:53,86.00,59.00,40.22,6.90,M,M
GRI,2025-10-02 17:53,84.00,59.00,42.87,9.20,M,M
GRI,2025-10-02 18:53,79.00,60.00,52.25,5.75,M,M
GRI,2025-10-02 19:53,72.00,60.00,65.96,6.90,M,M
GRI,2025-10-02 20:53,68.00,60.00,75.59,5.75,M,M
GRI,2025-10-02 21:53,67.00,60.00,78.24,4.60,M,M
GRI,2025-10-02 22:53,64.00,60.00,86.84,0.00,M,M
GRI,2025-10-02 23:53,64.00,58.00,80.85,4.60,M,M
GRI,2025-10-03 00:53,66.00,59.00,78.16,8.05,M,M
GRI,2025-10-03 01:53,67.00,59.00,75.50,11.50,M,M
GRI,2025-10-03 02:53,66.00,59.00,78.16,11.50,M,M
GRI,2025-10-03 03:53,64.00,59.00,83.80,10.35,M,M
GRI,2025-10-03 04:53,62.00,58.00,86.73,6.90,M,M
GRI,2025-10-03 05:53,62.00,58.00,86.73,6.90,M,M
GRI,2025-10-03 06:53,61.00,58.00,89.85,6.90,M,M
GRI,2025-10-03 07:53,62.00,58.00,86.73,8.05,M,M
GRI,2025-10-03 08:53,66.00,59.00,78.16,10.35,M,M
GRI,2025-10-03 09:53,71.00,60.00,68.23,9.20,M,M
GRI,2025-10-03 10:53,77.00,60.00,55.81,12.65,M,M
GRI,2025-10-03 11:53,81.00,60.00,48.95,13.80,M,M
GRI,2025-10-03 12:53,86.00,58.00,38.80,13.80,M,M
GRI,2025-10-03 13:53,88.00,58.00,36.42,17.25,M,M
GRI,2025-10-03 14:53,89.00,58.00,35.29,14.95,M,M
GRI,2025-10-03 15:53,88.00,58.00,36.42,18.40,M,M
GRI,2025-10-03 16:53,88.00,58.00,36.42,18.40,M,M
GRI,2025-10-03 17:53,86.00,58.00,38.80,12.65,M,M
GRI,2025-10-03 18:53,82.00,58.00,44.12,11.50,M,M
GRI,2025-10-03 19:53,79.00,58.00,48.65,13.80,M,M
GRI,2025-10-03 20:53,77.00,58.00,51.96,17.25,M,M
GRI,2025-10-03 21:53,74.00,59.00,59.51,13.80,M,M
GRI,2025-10-03 22:53,73.00,59.00,61.54,12.65,M,M
GRI,2025-10-03 23:53,71.00,59.00,65.84,12.65,M,M
GRI,2025-10-04 00:53,70.00,60.00,70.59,14.95,M,M
GRI,2025-10-04 01:53,70.00,60.00,70.59,13.80,M,M
GRI,2025-10-04 02:53,71.00,60.00,68.23,16.10,M,M
GRI,2025-10-04 03:53,70.00,60.00,70.59,17.25,M,M
GRI,2025-10-04 04:53,69.00,59.00,70.49,14.95,M,M
GRI,2025-10-04 05:53,68.00,60.00,75.59,14.95,M,M
GRI,2025-10-04 06:53,68.00,60.00,75.59,14.95,M,M
GRI,2025-10-04 07:53,67.00,60.00,78.24,14.95,M,M
GRI,2025-10-04 08:53,69.00,60.00,73.05,18.40,M,M
GRI,2025-10-04 09:53,74.00,59.00,59.51,20.70,M,35.65
GRI,2025-10-04 10:53,79.00,59.00,50.42,21.85,M,37.95
GRI,2025-10-04 11:53,82.00,58.00,44.12,20.70,M,36.80
GRI,2025-10-04 12:53,85.00,58.00,40.06,25.30,M,36.80
GRI,2025-10-04 13:53,87.00,58.00,37.59,23.00,12000.00,35.65
GRI,2025-10-04 14:53,88.00,59.00,37.75,27.60,M,40.25
GRI,2025-10-04 15:53,88.00,57.00,35.13,23.00,M,39.10
GRI,2025-10-04 16:53,87.00,58.00,37.59,25.30,M,39.10
GRI,2025-10-04 17:53,84.00,59.00,42.87,23.00,M,37.95
GRI,2025-10-04 18:53,81.00,59.00,47.24,18.40,M,40.25
GRI,2025-10-04 19:53,78.00,59.00,52.11,19.55,M,33.35
GRI,2025-10-04 20:53,77.00,59.00,53.86,18.40,M,36.80
GRI,2025-10-04 21:53,75.00,58.00,55.53,18.40,M,37.95
GRI,2025-10-04 22:53,73.00,57.00,57.28,19.55,M,40.25
GRI,2025-10-04 23:53,72.00,54.00,53.13,23.00,M,35.65
GRI,2025-10-05 00:53,71.00,53.00,52.98,20.70,M,34.50
GRI,2025-10-05 01:53,71.00,52.00,51.07,21.85,12000.00,36.80
GRI,2025-10-05 02:53,71.00,52.00,51.07,19.55,M,36.80
GRI,2025-10-05 03:53,71.00,52.00,51.07,25.30,12000.00,39.10
GRI,2025-10-05 04:53,69.00,52.00,54.67,19.55,11000.00,37.95
GRI,2025-10-05 05:53,67.00,51.00,56.44,13.80,M,M
GRI,2025-10-05 06:53,67.00,51.00,56.44,13.80,M,M
GRI,2025-10-05 07:53,66.00,51.00,58.42,16.10,M,M
GRI,2025-10-05 08:53,66.00,52.00,60.62,16.10,5500.00,M
GRI,2025-10-05 09:53,68.00,53.00,58.70,12.65,5500.00,M
GRI,2025-10-05 10:53,74.00,54.00,49.67,18.40,5500.00,M
GRI,2025-10-05 11:53,77.00,55.00,46.62,16.10,8000.00,M
GRI,2025-10-05 12:53,78.00,55.00,45.11,10.35,5500.00,M
GRI,2025-10-05 13:53,74.00,55.00,51.52,13.80,4700.00,M
GRI,2025-10-05 14:53,74.00,53.00,47.89,8.05,6000.00,M
GRI,2025-10-05 15:53,74.00,48.00,39.78,11.50,5500.00,M
GRI,2025-10-05 16:53,73.00,48.00,41.13,8.05,6000.00,M
GRI,2025-10-05 17:53,73.00,48.00,41.13,13.80,7000.00,M
GRI,2025-10-05 18:53,66.00,50.00,56.29,20.70,6500.00,31.05
GRI,2025-10-05 19:53,62.00,49.00,62.38,24.15,7500.00,31.05
GRI,2025-10-05 20:53,60.00,50.00,69.50,12.65,6500.00,33.35
GRI,2025-10-05 21:53,58.00,50.00,74.65,12.65,7000.00,M
GRI,2025-10-05 22:53,57.00,49.00,74.55,12.65,7500.00,M
GRI,2025-10-05 23:34,56.00,48.00,74.46,5.75,7000.00,M
GRI,2025-10-05 23:49,55.40,50.00,82.00,13.80,2500.00,M
GRI,2025-10-05 23:53,54.00,50.00,86.29,16.10,2500.00,M
GRI,2025-10-06 00:22,54.00,49.00,83.13,8.05,9000.00,M
GRI,2025-10-06 00:53,54.00,49.00,83.13,10.35,9000.00,M
GRI,2025-10-06 01:53,53.00,49.00,86.23,10.35,4300.00,M
GRI,2025-10-06 02:53,52.00,47.00,82.99,6.90,4300.00,M
GRI,2025-10-06 03:53,52.00,47.00,82.99,8.05,4200.00,M
GRI,2025-10-06 04:53,51.00,46.00,82.93,9.20,4000.00,M
GRI,2025-10-06 05:53,51.00,46.00,82.93,10.35,3900.00,M
GRI,2025-10-06 06:53,49.00,47.00,92.77,14.95,4700.00,M
GRI,2025-10-06 07:53,48.00,47.00,96.31,12.65,4600.00,M
GRI,2025-10-06 08:53,49.00,47.00,92.77,8.05,5000.00,M
GRI,2025-10-06 09:53,49.00,46.00,89.33,13.80,3800.00,M
GRI,2025-10-06 10:14,49.00,46.00,89.33,10.35,3800.00,M
GRI,2025-10-06 10:53,49.00,46.00,89.33,12.65,3800.00,M
GRI,2025-10-06 11:53,50.00,46.00,86.06,11.50,1300.00,M
GRI,2025-10-06 12:53,51.00,46.00,82.93,9.20,6000.00,M
GRI,2025-10-06 13:23,53.00,46.00,77.03,10.35,1600.00,M
GRI,2025-10-06 13:49,53.60,46.40,76.51,10.35,1700.00,M
GRI,2025-10-06 13:53,54.00,45.00,71.50,9.20,1700.00,M
GRI,2025-10-06 14:53,54.00,46.00,74.26,12.65,2200.00,M
GRI,2025-10-06 15:13,55.00,46.00,71.60,10.35,2200.00,M
GRI,2025-10-06 15:53,54.00,45.00,71.50,8.05,5000.00,M
GRI,2025-10-06 16:53,55.00,44.00,66.36,10.35,4900.00,M
GRI,2025-10-06 17:53,55.00,45.00,68.94,6.90,4700.00,M
GRI,2025-10-06 18:53,54.00,46.00,74.26,5.75,4600.00,M
GRI,2025-10-06 19:53,54.00,46.00,74.26,3.45,4900.00,M
GRI,2025-10-06 20:53,53.00,47.00,80.00,0.00,9000.00,M
GRI,2025-10-06 21:53,52.00,47.00,82.99,0.00,9000.00,M
GRI,2025-10-06 22:53,49.00,47.00,92.77,4.60,M,M
GRI,2025-10-06 23:53,48.00,45.00,89.28,4.60,M,M
GRI,2025-10-07 00:53,46.00,44.00,92.68,5.75,M,M
GRI,2025-10-07 01:53,45.00,44.00,96.26,3.45,M,M
GRI,2025-10-07 02:53,44.00,42.00,92.61,5.75,M,M
GRI,2025-10-07 03:53,43.00,41.00,92.58,3.45,8000.00,M
GRI,2025-10-07 04:53,44.00,42.00,92.61,4.60,M,M
GRI,2025-10-07 05:53,43.00,41.00,92.58,5.75,M,M
GRI,2025-10-07 06:53,42.00,40.00,92.55,0.00,M,M
GRI,2025-10-07 07:53,41.00,40.00,96.19,4.60,M,M
GRI,2025-10-07 08:53,46.00,42.00,85.83,3.45,M,M
GRI,2025-10-07 09:53,51.00,44.00,76.85,3.45,M,M
GRI,2025-10-07 10:53,56.00,44.00,63.99,0.00,M,M
GRI,2025-10-07 11:53,61.00,42.00,49.55,0.00,M,M
GRI,2025-10-07 12:53,63.00,40.00,42.73,3.45,M,M
GRI,2025-10-07 13:53,64.00,39.00,39.68,5.75,5500.00,M
GRI,2025-10-07 14:53,66.00,40.00,38.48,4.60,5500.00,M
GRI,2025-10-07 15:53,68.00,40.00,35.92,9.20,5500.00,M
GRI,2025-10-07 16:53,67.00,40.00,37.17,4.60,M,M
GRI,2025-10-07 17:53,66.00,40.00,38.48,8.05,M,M
GRI,2025-10-07 18:53,63.00,43.00,47.98,0.00,M,M
GRI,2025-10-07 19:53,55.00,44.00,66.36,4.60,M,M
GRI,2025-10-07 20:53,53.00,44.00,71.39,4.60,M,M
GRI,2025-10-07 21:53,52.00,44.00,74.06,4.60,M,M
GRI,2025-10-07 22:53,49.00,44.00,82.79,5.75,M,M
GRI,2025-10-07 23:53,50.00,42.00,73.86,6.90,M,M
GRI,2025-10-08 00:53,49.00,42.00,76.67,6.90,M,M
GRI,2025-10-08 01:53,49.00,42.00,76.67,8.05,M,M
GRI,2025-10-08 02:53,48.00,42.00,79.59,6.90,M,M
GRI,2025-10-08 03:53,47.00,42.00,82.65,4.60,M,M
GRI,2025-10-08 04:53,47.00,42.00,82.65,5.75,M,M
GRI,2025-10-08 05:53,46.00,42.00,85.83,5.75,M,M
GRI,2025-10-08 06:53,47.00,42.00,82.65,5.75,7500.00,M
GRI,2025-10-08 07:53,50.00,44.00,79.76,6.90,7500.00,M
GRI,2025-10-08 08:53,54.00,45.00,71.50,5.75,7000.00,M
GRI,2025-10-08 09:53,59.00,45.00,59.68,10.35,7000.00,M
GRI,2025-10-08 10:53,63.00,44.00,49.85,11.50,7000.00,M
GRI,2025-10-08 11:53,65.00,43.00,44.74,12.65,7000.00,M
GRI,2025-10-08 12:53,66.00,42.00,41.58,14.95,M,M
GRI,2025-10-08 13:53,68.00,43.00,40.33,17.25,M,M
GRI,2025-10-08 14:53,69.00,44.00,40.49,13.80,M,M
GRI,2025-10-08 15:53,68.00,44.00,41.90,12.65,M,M
GRI,2025-10-08 16:53,66.00,45.00,46.64,10.35,6000.00,M
GRI,2025-10-08 17:53,65.00,45.00,48.29,9.20,5500.00,M
GRI,2025-10-08 18:53,63.00,45.00,51.79,9.20,6500.00,M
GRI,2025-10-08 19:53,62.00,45.00,53.65,9.20,4900.00,M
GRI,2025-10-08 20:53,61.00,45.00,55.58,9.20,5000.00,M
GRI,2025-10-08 21:53,60.00,46.00,59.81,8.05,4900.00,M
GRI,2025-10-08 22:53,59.00,47.00,64.37,8.05,6500.00,M
GRI,2025-10-08 23:53,58.00,46.00,64.25,9.20,6000.00,M
GRI,2025-10-09 00:53,59.00,46.00,61.99,11.50,5500.00,M
GRI,2025-10-09 01:53,60.00,46.00,59.81,11.50,5500.00,M
GRI,2025-10-09 02:53,60.00,47.00,62.12,14.95,4100.00,M
GRI,2025-10-09 03:53,60.00,48.00,64.50,13.80,4300.00,M
GRI,2025-10-09 04:53,60.00,47.00,62.12,14.95,4000.00,M
GRI,2025-10-09 05:53,58.00,47.00,66.72,10.35,M,M
GRI,2025-10-09 06:53,58.00,47.00,66.72,11.50,M,M
GRI,2025-10-09 07:53,57.00,47.00,69.16,11.50,M,M
GRI,2025-10-09 08:53,59.00,48.00,66.84,14.95,M,M
GRI,2025-10-09 09:53,64.00,52.00,64.99,14.95,M,M
GRI,2025-10-09 10:53,68.00,55.00,63.15,18.40,M,M
GRI,2025-10-09 11:53,73.00,58.00,59.38,19.55,M,M
GRI,2025-10-09 12:53,76.00,60.00,57.69,13.80,M,M
GRI,2025-10-09 13:53,77.00,60.00,55.81,14.95,M,M
GRI,2025-10-09 14:53,80.00,61.00,52.40,13.80,M,M
GRI,2025-10-09 15:53,79.00,61.00,54.14,13.80,M,M
GRI,2025-10-09 16:53,83.00,62.00,49.25,16.10,7000.00,M
GRI,2025-10-09 17:53,82.00,62.00,50.87,9.20,M,M
GRI,2025-10-09 18:53,77.00,63.00,62.06,3.45,5000.00,M
GRI,2025-10-09 19:53,70.00,61.00,73.15,9.20,5500.00,M
GRI,2025-10-09 20:53,66.00,59.00,78.16,5.75,M,M
GRI,2025-10-09 21:53,61.00,59.00,93.13,5.75,M,M
GRI,2025-10-09 22:53,61.00,58.00,89.85,0.00,M,M
GRI,2025-10-09 23:53,60.00,57.00,89.81,0.00,M,M
GRI,2025-10-10 00:53,58.00,56.00,93.04,0.00,M,M
GRI,2025-10-10 01:53,56.00,55.00,96.44,5.75,M,M
GRI,2025-10-10 02:53,54.00,54.00,100.00,0.00,M,M
GRI,2025-10-10 03:53,53.00,52.00,96.39,6.90,M,M
GRI,2025-10-10 04:53,51.00,50.00,96.36,5.75,M,M
GRI,2025-10-10 05:53,51.00,49.00,92.83,8.05,M,M
GRI,2025-10-10 06:53,48.00,47.00,96.31,4.60,M,M
GRI,2025-10-10 07:53,48.00,47.00,96.31,4.60,M,M
GRI,2025-10-10 08:53,53.00,50.00,89.51,4.60,M,M
GRI,2025-10-10 09:53,61.00,54.00,77.73,10.35,M,M
GRI,2025-10-10 10:53,68.00,53.00,58.70,11.50,M,M
GRI,2025-10-10 11:53,72.00,49.00,44.17,14.95,M,M
GRI,2025-10-10 12:53,74.00,47.00,38.31,14.95,M,M
GRI,2025-10-10 13:53,76.00,42.00,29.62,11.50,M,M
GRI,2025-10-10 14:53,77.00,40.00,26.52,11.50,M,M
GRI,2025-10-10 15:53,76.00,42.00,29.62,13.80,M,M
GRI,2025-10-10 16:53,77.00,42.00,28.65,12.65,M,M
GRI,2025-10-10 17:53,73.00,42.00,32.74,6.90,M,M
GRI,2025-10-10 18:53,65.00,44.00,46.49,6.90,M,M
GRI,2025-10-10 19:53,61.00,45.00,55.58,8.05,M,M
GRI,2025-10-10 20:53,61.00,46.00,57.73,6.90,M,M
GRI,2025-10-10 21:53,60.00,44.00,55.43,6.90,M,M
GRI,2025-10-10 22:53,58.00,44.00,59.54,6.90,M,M
GRI,2025-10-10 23:53,57.00,44.00,61.72,6.90,M,M
GRI,2025-10-11 00:53,58.00,44.00,59.54,8.05,M,M
GRI,2025-10-11 01:53,57.00,43.00,59.40,8.05,M,M
GRI,2025-10-11 02:53,57.00,42.00,57.16,9.20,M,M
GRI,2025-10-11 03:53,58.00,41.00,53.05,10.35,M,M
GRI,2025-10-11 04:53,58.00,42.00,55.14,11.50,M,M
GRI,2025-10-11 05:53,58.00,42.00,55.14,10.35,M,M
GRI,2025-10-11 06:53,58.00,42.00,55.14,11.50,M,M
GRI,2025-10-11 07:53,56.00,45.00,66.48,9.20,M,M
GRI,2025-10-11 08:53,57.00,47.00,69.16,9.20,M,M
GRI,2025-10-11 09:53,61.00,53.00,74.94,14.95,M,M
GRI,2025-10-11 10:53,66.00,56.00,70.16,17.25,M,32.20
GRI,2025-10-11 11:53,69.00,58.00,68.01,18.40,M,31.05
GRI,2025-10-11 12:53,74.00,59.00,59.51,18.40,M,29.90
GRI,2025-10-11 13:53,77.00,59.00,53.86,16.10,M,31.05
GRI,2025-10-11 14:53,80.00,59.00,48.80,17.25,M,34.50
GRI,2025-10-11 15:53,82.00,58.00,44.12,20.70,M,32.20
GRI,2025-10-11 16:53,81.00,58.00,45.57,20.70,M,39.10
GRI,2025-10-11 17:53,80.00,59.00,48.80,16.10,M,35.65
GRI,2025-10-11 18:53,77.00,59.00,53.86,14.95,M,31.05
GRI,2025-10-11 19:53,74.00,60.00,61.67,11.50,M,M
GRI,2025-10-11 20:53,72.00,60.00,65.96,14.95,M,M
GRI,2025-10-11 21:53,72.00,60.00,65.96,19.55,M,32.20
GRI,2025-10-11 22:53,71.00,61.00,70.70,19.55,M,32.20
GRI,2025-10-11 23:53,71.00,61.00,70.70,21.85,M,34.50
GRI,2025-10-12 00:53,71.00,61.00,70.70,25.30,M,43.70
GRI,2025-10-12 01:53,69.00,61.00,75.69,21.85,11000.00,43.70
GRI,2025-10-12 02:53,68.00,60.00,75.59,18.40,10000.00,39.10
GRI,2025-10-12 03:53,68.00,60.00,75.59,16.10,9500.00,35.65
GRI,2025-10-12 04:53,67.00,59.00,75.50,18.40,12000.00,32.20
GRI,2025-10-12 05:53,68.00,57.00,67.89,20.70,M,29.90
GRI,2025-10-12 06:53,67.00,57.00,70.27,19.55,M,31.05
GRI,2025-10-12 07:53,66.00,56.00,70.16,16.10,M,29.90
GRI,2025-10-12 08:53,68.00,56.00,65.48,14.95,M,M
GRI,2025-10-12 09:53,72.00,54.00,53.13,16.10,M,M
GRI,2025-10-12 10:53,76.00,54.00,46.47,16.10,M,31.05
GRI,2025-10-12 11:53,78.00,54.00,43.49,16.10,M,29.90
GRI,2025-10-12 12:53,82.00,56.00,41.05,13.80,M,M
GRI,2025-10-12 13:53,83.00,56.00,39.74,13.80,M,M
GRI,2025-10-12 14:53,84.00,56.00,38.49,10.35,M,M
GRI,2025-10-12 15:53,85.00,57.00,38.64,11.50,6000.00,M
GRI,2025-10-12 16:53,79.00,48.00,33.70,26.45,6000.00,35.65
GRI,2025-10-12 17:53,73.00,48.00,41.13,25.30,M,39.10
GRI,2025-10-12 18:53,70.00,44.00,39.13,18.40,6000.00,36.80
GRI,2025-10-12 19:53,68.00,34.00,28.35,14.95,7000.00,34.50
GRI,2025-10-12 20:53,65.00,43.00,44.74,13.80,7000.00,M
GRI,2025-10-12 21:53,63.00,42.00,46.17,17.25,7000.00,M
GRI,2025-10-12 22:53,60.00,42.00,51.34,13.80,8500.00,M
GRI,2025-10-12 23:53,58.00,40.00,51.03,11.50,10000.00,M
GRI,2025-10-13 00:53,53.00,41.00,63.61,8.05,9500.00,M
GRI,2025-10-13 01:53,49.00,41.00,73.76,6.90,8000.00,M
GRI,2025-10-13 02:53,50.00,42.00,73.86,9.20,8000.00,M
GRI,2025-10-13 03:53,53.00,41.00,63.61,11.50,7000.00,M
GRI,2025-10-13 04:53,52.00,41.00,65.99,10.35,5500.00,M
GRI,2025-10-13 05:53,52.00,40.00,63.48,13.80,8000.00,M
GRI,2025-10-13 06:53,49.00,39.00,68.24,10.35,M,M
GRI,2025-10-13 07:53,49.00,37.00,63.09,10.35,8000.00,M
GRI,2025-10-13 08:53,49.00,37.00,63.09,13.80,M,M
GRI,2025-10-13 09:53,51.00,35.00,54.10,13.80,M,M
GRI,2025-10-13 10:53,54.00,34.00,46.56,11.50,M,M
GRI,2025-10-13 11:53,58.00,33.00,38.70,11.50,M,M
GRI,2025-10-13 12:53,60.00,33.00,36.03,9.20,10000.00,M
GRI,2025-10-13 13:53,61.00,32.00,33.40,14.95,9500.00,M
GRI,2025-10-13 14:53,60.00,30.00,31.91,13.80,9000.00,M
GRI,2025-10-13 15:53,60.00,31.00,33.23,11.50,7500.00,M
GRI,2025-10-13 16:53,60.00,31.00,33.23,11.50,7000.00,M
GRI,2025-10-13 17:53,60.00,33.00,36.03,9.20,6000.00,M
GRI,2025-10-13 18:53,59.00,33.00,37.33,8.05,5500.00,M
GRI,2025-10-13 19:53,54.00,42.00,63.74,5.75,4500.00,M
GRI,2025-10-13 20:53,54.00,43.00,66.24,5.75,3800.00,M
GRI,2025-10-13 21:53,54.00,42.00,63.74,4.60,3800.00,M
GRI,2025-10-13 22:53,54.00,42.00,63.74,3.45,3700.00,M
GRI,2025-10-13 23:53,54.00,43.00,66.24,4.60,3600.00,M
GRI,2025-10-14 00:53,55.00,41.00,59.13,5.75,3600.00,M
GRI,2025-10-14 01:53,56.00,39.00,52.75,8.05,3600.00,M
GRI,2025-10-14 02:53,54.00,41.00,61.32,6.90,3100.00,M
GRI,2025-10-14 03:11,55.00,40.00,56.87,6.90,2900.00,M
GRI,2025-10-14 03:53,55.00,39.00,54.70,10.35,2400.00,M
GRI,2025-10-14 04:53,53.00,42.00,66.11,8.05,1900.00,M
GRI,2025-10-14 05:53,50.00,45.00,82.86,6.90,1900.00,M
GRI,2025-10-14 06:40,49.00,46.00,89.33,8.05,1400.00,M
GRI,2025-10-14 06:53,49.00,47.00,92.77,9.20,1400.00,M
GRI,2025-10-14 07:35,49.00,47.00,92.77,9.20,1500.00,M
GRI,2025-10-14 07:53,49.00,47.00,92.77,11.50,1500.00,M
GRI,2025-10-14 08:37,49.00,47.00,92.77,11.50,1400.00,M
GRI,2025-10-14 08:53,49.00,47.00,92.77,8.05,1300.00,M
GRI,2025-10-14 09:31,49.00,48.00,96.32,8.05,800.00,M
GRI,2025-10-14 09:53,49.00,48.00,96.32,8.05,600.00,M
GRI,2025-10-14 10:38,50.00,49.00,96.34,6.90,400.00,M
GRI,2025-10-14 10:53,50.00,49.00,96.34,5.75,400.00,M
GRI,2025-10-14 11:53,51.00,50.00,96.36,6.90,400.00,M
GRI,2025-10-14 12:53,53.00,52.00,96.39,5.75,400.00,M
GRI,2025-10-14 13:53,55.00,54.00,96.42,4.60,400.00,M
GRI,2025-10-14 14:53,57.00,55.00,93.01,5.75,300.00,M
GRI,2025-10-14 15:36,57.00,57.00,100.00,6.90,300.00,M
GRI,2025-10-14 15:53,58.00,57.00,96.47,6.90,200.00,M
GRI,2025-10-14 16:36,58.00,58.00,100.00,5.75,200.00,M
GRI,2025-10-14 16:53,59.00,58.00,96.48,3.45,200.00,M
GRI,2025-10-14 17:09,59.00,58.00,96.48,5.75,200.00,M
GRI,2025-10-14 17:35,59.00,59.00,100.00,4.60,300.00,M
GRI,2025-10-14 17:46,60.00,59.00,96.50,4.60,300.00,M
GRI,2025-10-14 17:53,60.00,59.00,96.50,5.75,200.00,M
GRI,2025-10-14 18:00,60.00,59.00,96.50,4.60,200.00,M
GRI,2025-10-14 18:10,60.00,59.00,96.50,4.60,200.00,M
GRI,2025-10-14 18:53,59.00,59.00,100.00,5.75,200.00,M
GRI,2025-10-14 19:35,59.00,59.00,100.00,5.75,200.00,M
GRI,2025-10-14 19:53,59.00,59.00,100.00,5.75,200.00,M
GRI,2025-10-14 20:02,59.00,59.00,100.00,5.75,200.00,M
GRI,2025-10-14 20:15,59.00,59.00,100.00,8.05,200.00,M
GRI,2025-10-14 20:23,59.00,59.00,100.00,5.75,200.00,M
GRI,2025-10-14 20:33,59.00,59.00,100.00,8.05,200.00,M
GRI,2025-10-14 20:53,59.00,58.00,96.48,8.05,200.00,M
GRI,2025-10-14 21:53,59.00,58.00,96.48,6.90,200.00,M
GRI,2025-10-14 22:53,59.00,59.00,100.00,5.75,200.00,M
GRI,2025-10-14 23:53,59.00,59.00,100.00,4.60,200.00,M
GRI,2025-10-15 00:53,58.00,58.00,100.00,4.60,200.00,M
GRI,2025-10-15 01:31,59.00,58.00,96.48,4.60,200.00,M
GRI,2025-10-15 01:53,58.00,58.00,100.00,4.60,300.00,M
GRI,2025-10-15 02:26,58.00,58.00,100.00,5.75,200.00,M
GRI,2025-10-15 02:53,58.00,58.00,100.00,4.60,200.00,M
GRI,2025-10-15 03:53,58.00,58.00,100.00,5.75,200.00,M
GRI,2025-10-15 04:30,59.00,59.00,100.00,5.75,200.00,M
GRI,2025-10-15 04:53,59.00,59.00,100.00,3.45,200.00,M
GRI,2025-10-15 05:30,59.00,59.00,100.00,3.45,200.00,M
GRI,2025-10-15 05:53,60.00,59.00,96.50,4.60,8500.00,M
GRI,2025-10-15 06:53,61.00,61.00,100.00,3.45,9000.00,M
GRI,2025-10-15 07:53,62.00,61.00,96.53,8.05,8000.00,M
GRI,2025-10-15 08:53,64.00,61.00,89.98,11.50,9000.00,M
GRI,2025-10-15 09:53,65.00,60.00,83.86,13.80,9500.00,M
GRI,2025-10-15 10:53,66.00,61.00,83.93,10.35,4900.00,M
GRI,2025-10-15 11:53,64.00,61.00,89.98,11.50,10000.00,M
GRI,2025-10-15 12:53,68.00,63.00,84.05,14.95,11000.00,M
GRI,2025-10-15 13:53,77.00,62.00,59.91,19.55,M,29.90
GRI,2025-10-15 14:53,79.00,61.00,54.14,19.55,M,31.05
GRI,2025-10-15 15:53,80.00,60.00,50.57,18.40,M,34.50
GRI,2025-10-15 16:53,78.00,60.00,54.00,18.40,M,29.90
GRI,2025-10-15 17:53,77.00,58.00,51.96,17.25,M,M
GRI,2025-10-15 18:53,75.00,57.00,53.57,13.80,M,M
GRI,2025-10-15 19:53,72.00,58.00,61.41,11.50,M,M
GRI,2025-10-15 20:53,71.00,57.00,61.28,13.80,M,M
GRI,2025-10-15 21:53,68.00,56.00,65.48,9.20,M,M
GRI,2025-10-15 22:53,67.00,57.00,70.27,11.50,M,M
GRI,2025-10-15 23:53,66.00,58.00,75.41,11.50,M,M
GRI,2025-10-16 00:53,65.00,58.00,78.08,11.50,M,M
GRI,2025-10-16 01:53,64.00,58.00,80.85,8.05,M,M
GRI,2025-10-16 02:53,63.00,58.00,83.73,10.35,M,M
GRI,2025-10-16 03:53,63.00,58.00,83.73,9.20,M,M
GRI,2025-10-16 04:53,62.00,58.00,86.73,14.95,M,M
GRI,2025-10-16 05:53,62.00,58.00,86.73,12.65,M,M
GRI,2025-10-16 06:53,62.00,57.00,83.67,16.10,M,M
GRI,2025-10-16 07:53,61.00,57.00,86.68,16.10,M,M
GRI,2025-10-16 08:53,63.00,58.00,83.73,14.95,M,M
GRI,2025-10-16 09:53,70.00,56.00,61.15,16.10,M,M
GRI,2025-10-16 13:53,81.00,52.00,36.64,24.15,M,36.80
GRI,2025-10-16 16:53,80.00,47.00,31.41,20.70,M,35.65
GRI,2025-10-16 17:53,77.00,47.00,34.67,13.80,M,31.05
GRI,2025-10-16 18:53,73.40,48.20,40.89,9.20,11000.00,M
GRI,2025-10-16 21:17,71.60,48.20,43.45,19.55,M,M
GRI,2025-10-16 21:53,68.00,48.20,49.12,16.10,M,M
GRI,2025-10-16 22:53,66.20,51.80,59.76,13.80,11000.00,M
GRI,2025-10-17 04:54,59.00,51.80,76.99,5.75,M,M
GRI,2025-10-17 04:57,59.00,51.80,76.99,5.75,M,M
GRI,2025-10-17 05:00,59.00,51.80,76.99,5.75,M,M
GRI,2025-10-17 07:53,55.00,54.00,96.42,5.75,1900.00,M
GRI,2025-10-17 08:42,57.00,55.00,93.01,5.75,1800.00,M
GRI,2025-10-17 08:53,57.00,54.00,89.68,6.90,1800.00,M
GRI,2025-10-17 09:53,60.00,49.00,66.96,9.20,M,M
GRI,2025-10-17 10:53,66.00,44.00,44.90,13.80,M,M
GRI,2025-10-17 11:53,69.00,42.00,37.50,13.80,M,M
GRI,2025-10-17 12:53,71.00,42.00,35.03,12.65,M,M
GRI,2025-10-17 13:53,72.00,41.00,32.58,8.05,M,M
GRI,2025-10-17 14:53,75.20,41.00,29.26,11.50,M,M
GRI,2025-10-17 15:53,75.00,41.00,29.46,5.75,M,M
GRI,2025-10-17 16:53,75.00,41.00,29.46,6.90,M,M
GRI,2025-10-17 17:53,72.00,40.00,31.34,8.05,M,M
GRI,2025-10-17 18:53,62.00,42.00,47.82,8.05,M,M
GRI,2025-10-17 19:53,59.00,43.00,55.29,5.75,M,M
GRI,2025-10-17 20:53,53.00,42.00,66.11,6.90,M,M
GRI,2025-10-17 21:53,55.00,40.00,56.87,5.75,M,M
GRI,2025-10-17 22:53,53.00,41.00,63.61,8.05,M,M
GRI,2025-10-17 23:53,53.00,40.00,61.19,6.90,M,M
GRI,2025-10-18 00:53,51.00,40.00,65.87,6.90,M,M
GRI,2025-10-18 01:53,48.00,40.00,73.66,8.05,M,M
GRI,2025-10-18 02:53,51.00,40.00,65.87,6.90,M,M
GRI,2025-10-18 03:53,49.00,39.00,68.24,6.90,M,M
GRI,2025-10-18 04:53,48.00,39.00,70.85,3.45,M,M
GRI,2025-10-18 05:53,46.00,39.00,76.39,6.90,M,M
GRI,2025-10-18 06:53,46.00,41.00,82.57,0.00,M,M
GRI,2025-10-18 07:53,44.00,41.00,89.10,0.00,M,M
GRI,2025-10-18 08:53,50.00,42.00,73.86,6.90,M,M
GRI,2025-10-18 09:53,54.00,42.00,63.74,12.65,M,M
GRI,2025-10-18 10:53,56.00,42.00,59.26,13.80,10000.00,M
GRI,2025-10-18 11:53,60.00,43.00,53.35,17.25,M,M
GRI,2025-10-18 12:53,64.00,42.00,44.58,24.15,4200.00,29.90
GRI,2025-10-18 13:53,64.00,38.00,38.16,28.75,5000.00,42.55
GRI,2025-10-18 14:53,59.00,40.00,49.24,25.30,6000.00,40.25
GRI,2025-10-18 15:53,57.00,40.00,52.90,26.45,4100.00,41.40
GRI,2025-10-18 16:53,56.00,41.00,57.02,21.85,4100.00,34.50
GRI,2025-10-18 17:53,55.00,39.00,54.70,27.60,4000.00,35.65
GRI,2025-10-18 18:53,53.00,37.00,54.40,16.10,12000.00,36.80
GRI,2025-10-18 19:53,49.00,36.00,60.64,6.90,M,M
GRI,2025-10-18 20:53,44.00,34.00,67.65,6.90,M,M
GRI,2025-10-18 21:53,43.00,32.00,64.86,10.35,M,M
GRI,2025-10-18 22:53,42.00,31.00,64.74,9.20,M,M
GRI,2025-10-18 23:53,41.00,31.00,67.29,10.35,M,M
GRI,2025-10-19 00:53,39.00,31.00,72.73,9.20,M,M
GRI,2025-10-19 01:53,38.00,30.00,72.62,11.50,M,M
GRI,2025-10-19 02:53,34.00,29.00,81.69,6.90,M,M
GRI,2025-10-19 03:53,37.00,29.00,72.52,12.65,M,M
GRI,2025-10-19 04:53,37.00,28.00,69.60,12.65,M,M
GRI,2025-10-19 05:53,37.00,28.00,69.60,10.35,M,M
GRI,2025-10-19 06:53,37.00,28.00,69.60,10.35,M,M
GRI,2025-10-19 07:53,35.00,28.00,75.34,9.20,M,M
GRI,2025-10-19 08:53,39.00,29.00,67.04,8.05,M,M
GRI,2025-10-19 09:53,48.00,30.00,49.48,8.05,M,M
GRI,2025-10-19 10:53,55.00,30.00,38.20,6.90,M,M
GRI,2025-10-19 11:53,60.00,25.00,25.97,13.80,M,M
GRI,2025-10-19 12:53,63.00,25.00,23.36,16.10,M,M
GRI,2025-10-19 13:53,64.00,26.00,23.51,14.95,M,M
GRI,2025-10-19 14:53,66.00,25.00,21.04,13.80,M,31.05
GRI,2025-10-19 15:53,67.00,27.00,22.08,13.80,M,M
GRI,2025-10-19 16:53,66.00,28.00,23.82,17.25,M,M
GRI,2025-10-19 17:53,65.00,27.00,23.66,16.10,M,M
GRI,2025-10-19 18:53,60.00,29.00,30.63,10.35,M,M
GRI,2025-10-19 19:53,57.00,31.00,37.00,11.50,M,M
GRI,2025-10-19 20:53,56.00,31.00,38.37,14.95,M,M
GRI,2025-10-19 21:53,55.00,32.00,41.43,14.95,M,M
GRI,2025-10-19 22:53,54.00,33.00,44.73,16.10,M,M
GRI,2025-10-19 23:53,53.00,34.00,48.29,17.25,M,M
GRI,2025-10-20 00:53,53.00,33.00,46.40,17.25,M,M
GRI,2025-10-20 01:53,52.00,33.00,48.14,14.95,M,M
GRI,2025-10-20 02:53,53.00,32.00,44.57,14.95,M,M
GRI,2025-10-20 03:53,51.00,32.00,47.98,11.50,M,M
GRI,2025-10-20 04:53,49.00,33.00,53.80,9.20,M,M
GRI,2025-10-20 05:53,48.00,33.00,55.86,6.90,M,M
GRI,2025-10-20 06:53,44.00,33.00,64.99,3.45,M,M
GRI,2025-10-20 07:53,44.00,34.00,67.65,8.05,M,M
GRI,2025-10-20 08:53,48.00,37.00,65.50,10.35,M,M
GRI,2025-10-20 09:53,56.00,41.00,57.02,13.80,M,M
GRI,2025-10-20 10:53,60.00,39.00,45.69,28.75,M,41.40
GRI,2025-10-20 11:53,59.00,41.00,51.18,21.85,5500.00,40.25
GRI,2025-10-20 12:53,60.00,40.00,47.51,19.55,4700.00,37.95
GRI,2025-10-20 13:53,61.00,38.00,42.41,18.40,4700.00,33.35
GRI,2025-10-20 14:53,66.00,34.00,30.37,21.85,6000.00,39.10
GRI,2025-10-20 15:53,65.00,30.00,26.76,27.60,9000.00,40.25
GRI,2025-10-20 16:53,66.00,28.00,23.82,25.30,9500.00,40.25
GRI,2025-10-20 17:53,62.00,28.00,27.39,24.15,10000.00,37.95
GRI,2025-10-20 18:53,58.00,29.00,32.90,13.80,M,36.80
GRI,2025-10-20 19:53,52.00,29.00,40.93,6.90,M,M
GRI,2025-10-20 20:53,47.00,30.00,51.37,4.60,M,M
GRI,2025-10-20 21:53,45.00,31.00,57.71,9.20,M,M
GRI,2025-10-20 22:53,46.00,32.00,57.85,10.35,9500.00,M
GRI,2025-10-20 23:53,46.00,33.00,60.23,11.50,M,M
GRI,2025-10-21 00:53,44.00,34.00,67.65,11.50,M,M
GRI,2025-10-21 01:53,42.00,34.00,73.05,10.35,M,M
GRI,2025-10-21 02:53,42.00,34.00,73.05,14.95,M,M
GRI,2025-10-21 03:53,43.00,33.00,67.53,13.80,M,M
GRI,2025-10-21 04:53,41.00,33.00,72.94,11.50,M,M
GRI,2025-10-21 05:53,41.00,32.00,70.06,12.65,M,M
GRI,2025-10-21 06:53,42.00,31.00,64.74,13.80,M,M
GRI,2025-10-21 07:53,42.00,31.00,64.74,16.10,M,M
GRI,2025-10-21 08:53,45.00,31.00,57.71,14.95,M,M
GRI,2025-10-21 09:53,48.00,32.00,53.65,20.70,M,M
GRI,2025-10-21 10:53,52.00,30.00,42.64,28.75,M,39.10
GRI,2025-10-21 11:53,55.00,28.00,35.20,26.45,M,39.10
GRI,2025-10-21 12:53,57.00,28.00,32.74,18.40,M,35.65
GRI,2025-10-21 13:53,59.00,28.00,30.47,20.70,M,34.50
GRI,2025-10-21 14:53,61.00,27.00,27.23,21.85,M,35.65
GRI,2025-10-21 15:53,63.00,27.00,25.38,20.70,M,32.20
GRI,2025-10-21 16:53,62.00,26.00,25.22,18.40,M,34.50
GRI,2025-10-21 17:53,61.00,28.00,28.38,11.50,M,29.90
GRI,2025-10-21 18:53,52.00,28.00,39.29,6.90,M,M
GRI,2025-10-21 19:53,48.00,30.00,49.48,0.00,M,M
GRI,2025-10-21 20:53,44.00,32.00,62.43,3.45,M,M
GRI,2025-10-21 21:53,44.00,31.00,59.95,0.00,M,M
GRI,2025-10-21 22:53,39.00,32.00,75.73,3.45,M,M
GRI,2025-10-21 23:53,37.00,31.00,78.67,0.00,M,M
GRI,2025-10-22 00:53,37.00,31.00,78.67,0.00,M,M
GRI,2025-10-22 01:53,34.00,30.00,85.10,3.45,M,M
GRI,2025-10-22 02:53,35.00,30.00,81.77,4.60,M,M
GRI,2025-10-22 03:53,36.00,30.00,78.58,6.90,M,M
GRI,2025-10-22 04:53,34.00,30.00,85.10,8.05,M,M
GRI,2025-10-22 05:53,35.00,29.00,78.50,6.90,M,M
GRI,2025-10-22 06:53,35.00,29.00,78.50,8.05,M,M
GRI,2025-10-22 07:53,34.00,29.00,81.69,6.90,M,M
GRI,2025-10-22 08:53,40.00,31.00,69.95,8.05,M,M
GRI,2025-10-22 09:53,48.00,33.00,55.86,9.20,M,M
GRI,2025-10-22 10:53,58.00,34.00,40.28,9.20,M,M
GRI,2025-10-22 11:53,62.00,31.00,30.96,13.80,M,M
GRI,2025-10-22 12:53,64.00,28.00,25.53,17.25,M,M
GRI,2025-10-22 13:53,66.00,30.00,25.85,12.65,M,M
GRI,2025-10-22 14:53,67.00,30.00,24.97,11.50,M,M
GRI,2025-10-22 15:53,67.00,29.00,23.97,14.95,M,M
GRI,2025-10-22 16:53,65.00,29.00,25.69,12.65,M,M
GRI,2025-10-22 17:53,63.00,29.00,27.55,11.50,M,M
GRI,2025-10-22 18:53,52.00,27.00,37.70,8.05,M,M
GRI,2025-10-22 19:53,46.00,27.00,47.17,5.75,M,M
GRI,2025-10-22 20:53,42.00,28.00,57.28,5.75,M,M
GRI,2025-10-22 21:53,43.00,29.00,57.42,0.00,M,M
GRI,2025-10-22 22:53,42.00,28.00,57.28,4.60,M,M
GRI,2025-10-22 23:53,41.00,28.00,59.53,0.00,M,M
GRI,2025-10-23 00:53,37.00,28.00,69.60,0.00,M,M
GRI,2025-10-23 01:53,36.00,28.00,72.41,0.00,M,M
GRI,2025-10-23 02:53,34.00,29.00,81.69,0.00,M,M
GRI,2025-10-23 03:53,34.00,28.00,78.41,0.00,M,M
GRI,2025-10-23 04:53,32.00,28.00,84.97,0.00,M,M
GRI,2025-10-23 05:53,32.00,27.00,81.54,0.00,M,M
GRI,2025-10-23 06:53,32.00,28.00,84.97,0.00,M,M
GRI,2025-10-23 07:53,29.00,25.00,84.78,0.00,M,M
GRI,2025-10-23 08:53,36.00,31.00,81.84,0.00,M,M
GRI,2025-10-23 09:53,48.00,33.00,55.86,6.90,M,M
GRI,2025-10-23 10:53,55.00,29.00,36.67,9.20,M,M
GRI,2025-10-23 11:53,60.00,30.00,31.91,13.80,M,M
GRI,2025-10-23 12:53,63.00,28.00,26.44,13.80,M,M
GRI,2025-10-23 13:53,64.00,24.00,21.63,14.95,M,M
GRI,2025-10-23 14:53,65.00,26.00,22.70,13.80,M,M
GRI,2025-10-23 15:53,65.00,27.00,23.66,11.50,M,M
GRI,2025-10-23 16:53,64.00,27.00,24.50,12.65,M,M
GRI,2025-10-23 17:53,61.00,29.00,29.57,10.35,M,M
GRI,2025-10-23 18:53,54.00,30.00,39.62,5.75,M,M
GRI,2025-10-23 19:53,51.00,29.00,42.47,6.90,M,M
GRI,2025-10-23 20:53,48.00,30.00,49.48,5.75,6000.00,M
GRI,2025-10-23 21:53,49.00,31.00,49.63,4.60,6000.00,M
GRI,2025-10-23 22:53,50.00,32.00,49.79,6.90,6000.00,M
GRI,2025-10-23 23:53,53.00,31.00,42.80,11.50,5500.00,M
GRI,2025-10-24 00:53,54.00,32.00,42.96,8.05,5500.00,M
GRI,2025-10-24 01:53,53.00,32.00,44.57,8.05,5000.00,M
GRI,2025-10-24 02:53,53.00,32.00,44.57,9.20,5500.00,M
GRI,2025-10-24 03:53,53.00,32.00,44.57,6.90,6000.00,M
GRI,2025-10-24 04:53,51.00,33.00,49.95,6.90,6000.00,M
GRI,2025-10-24 05:53,48.00,34.00,58.14,8.05,6500.00,M
GRI,2025-10-24 06:53,48.00,34.00,58.14,4.60,7000.00,M
GRI,2025-10-24 07:38,47.00,35.00,62.83,5.75,1700.00,M
GRI,2025-10-24 07:53,47.00,35.00,62.83,6.90,1600.00,M
GRI,2025-10-24 08:20,47.00,35.00,62.83,6.90,1400.00,M
GRI,2025-10-24 08:28,48.00,35.00,60.51,9.20,1400.00,M
GRI,2025-10-24 08:53,50.00,35.00,56.15,9.20,2100.00,M
GRI,2025-10-24 09:40,50.00,36.00,58.42,11.50,1400.00,M
GRI,2025-10-24 09:53,50.00,36.00,58.42,9.20,1400.00,M
GRI,2025-10-24 10:53,51.00,38.00,60.92,13.80,1400.00,M
GRI,2025-10-24 11:00,51.00,38.00,60.92,12.65,1500.00,M
GRI,2025-10-24 11:53,51.00,40.00,65.87,10.35,1600.00,M
GRI,2025-10-24 12:53,51.00,42.00,71.17,9.20,1700.00,M
GRI,2025-10-24 13:26,50.00,45.00,82.86,5.75,1400.00,M
GRI,2025-10-24 13:37,49.00,46.00,89.33,5.75,900.00,M
GRI,2025-10-24 13:45,49.00,47.00,92.77,5.75,900.00,M
GRI,2025-10-24 13:53,49.00,47.00,92.77,6.90,900.00,M
GRI,2025-10-24 14:01,50.00,48.00,92.80,8.05,800.00,M
GRI,2025-10-24 14:44,50.00,48.00,92.80,6.90,800.00,M
GRI,2025-10-24 14:53,50.00,48.00,92.80,6.90,700.00,M
GRI,2025-10-24 15:53,51.00,49.00,92.83,5.75,900.00,M
GRI,2025-10-24 16:49,51.80,48.20,87.47,8.05,1000.00,M
GRI,2025-10-24 16:53,52.00,49.00,89.46,8.05,1000.00,M
GRI,2025-10-24 17:09,52.00,49.00,89.46,8.05,900.00,M
GRI,2025-10-24 17:53,51.00,48.00,89.42,10.35,900.00,M
GRI,2025-10-24 18:53,51.00,49.00,92.83,8.05,600.00,M
GRI,2025-10-24 19:26,50.00,49.00,96.34,6.90,300.00,M
GRI,2025-10-24 19:53,50.00,49.00,96.34,5.75,400.00,M
GRI,2025-10-24 20:14,50.00,49.00,96.34,5.75,500.00,M
GRI,2025-10-24 20:53,50.00,49.00,96.34,8.05,500.00,M
GRI,2025-10-24 21:53,50.00,49.00,96.34,5.75,500.00,M
GRI,2025-10-24 22:34,50.00,49.00,96.34,6.90,400.00,M
GRI,2025-10-24 22:53,50.00,49.00,96.34,6.90,400.00,M
GRI,2025-10-24 23:53,50.00,49.00,96.34,6.90,400.00,M
GRI,2025-10-25 00:53,50.00,49.00,96.34,5.75,300.00,M
GRI,2025-10-25 01:01,50.00,49.00,96.34,5.75,200.00,M
GRI,2025-10-25 01:12,50.00,49.00,96.34,6.90,200.00,M
GRI,2025-10-25 01:27,50.00,49.00,96.34,4.60,200.00,M
GRI,2025-10-25 01:53,50.00,49.00,96.34,4.60,300.00,M
GRI,2025-10-25 02:53,50.00,50.00,100.00,4.60,300.00,M
GRI,2025-10-25 03:16,50.00,50.00,100.00,4.60,300.00,M
GRI,2025-10-25 03:26,50.00,50.00,100.00,3.45,200.00,M
GRI,2025-10-25 03:42,50.00,50.00,100.00,4.60,200.00,M
GRI,2025-10-25 03:53,50.00,50.00,100.00,3.45,200.00,M
GRI,2025-10-25 04:06,50.00,50.00,100.00,3.45,200.00,M
GRI,2025-10-25 04:16,50.00,50.00,100.00,0.00,300.00,M
GRI,2025-10-25 04:25,50.00,50.00,100.00,3.45,200.00,M
GRI,2025-10-25 04:53,51.00,50.00,96.36,3.45,200.00,M
GRI,2025-10-25 05:31,50.00,50.00,100.00,0.00,200.00,M
GRI,2025-10-25 05:53,50.00,50.00,100.00,4.60,300.00,M
GRI,2025-10-25 06:53,51.00,50.00,96.36,4.60,300.00,M
GRI,2025-10-25 07:00,51.00,50.00,96.36,4.60,300.00,M
GRI,2025-10-25 07:53,51.00,50.00,96.36,3.45,300.00,M
GRI,2025-10-25 08:24,51.00,50.00,96.36,0.00,300.00,M
GRI,2025-10-25 08:46,51.00,51.00,100.00,3.45,300.00,M
GRI,2025-10-25 08:53,51.00,51.00,100.00,3.45,300.00,M
GRI,2025-10-25 09:53,52.00,51.00,96.37,5.75,300.00,M
GRI,2025-10-25 10:21,52.00,51.00,96.37,6.90,300.00,M
GRI,2025-10-25 10:30,52.00,51.00,96.37,8.05,300.00,M
GRI,2025-10-25 10:53,52.00,51.00,96.37,6.90,400.00,M
GRI,2025-10-25 11:53,52.00,52.00,100.00,9.20,400.00,M
GRI,2025-10-25 12:53,52.00,51.00,96.37,8.05,300.00,M
GRI,2025-10-25 13:53,53.00,51.00,92.89,8.05,500.00,M
GRI,2025-10-25 14:53,53.00,51.00,92.89,5.75,500.00,M
GRI,2025-10-25 15:14,53.00,51.00,92.89,9.20,400.00,M
GRI,2025-10-25 15:53,53.00,51.00,92.89,6.90,400.00,M
GRI,2025-10-25 16:25,52.00,51.00,96.37,9.20,300.00,M
GRI,2025-10-25 16:39,52.00,51.00,96.37,6.90,300.00,M
GRI,2025-10-25 16:53,52.00,51.00,96.37,9.20,300.00,M
GRI,2025-10-25 17:00,52.00,51.00,96.37,8.05,300.00,M
GRI,2025-10-25 17:53,52.00,51.00,96.37,6.90,400.00,M
GRI,2025-10-25 18:53,52.00,51.00,96.37,9.20,300.00,M
GRI,2025-10-25 19:09,51.00,51.00,100.00,6.90,200.00,M
GRI,2025-10-25 19:53,52.00,51.00,96.37,8.05,200.00,M
GRI,2025-10-25 20:05,52.00,51.00,96.37,6.90,200.00,M
GRI,2025-10-25 20:22,52.00,51.00,96.37,9.20,200.00,M
GRI,2025-10-25 20:53,52.00,51.00,96.37,12.65,400.00,M
GRI,2025-10-25 21:22,52.00,51.00,96.37,12.65,300.00,M
GRI,2025-10-25 21:53,52.00,51.00,96.37,12.65,300.00,M
GRI,2025-10-25 22:03,51.00,51.00,100.00,9.20,300.00,M
GRI,2025-10-25 22:10,51.00,50.00,96.36,10.35,300.00,M
GRI,2025-10-25 22:53,51.00,50.00,96.36,6.90,400.00,M
GRI,2025-10-25 23:08,51.00,50.00,96.36,6.90,400.00,M
GRI,2025-10-25 23:26,51.00,50.00,96.36,8.05,400.00,M
GRI,2025-10-25 23:53,51.00,50.00,96.36,9.20,400.00,M
GRI,2025-10-26 00:03,51.00,50.00,96.36,8.05,400.00,M
GRI,2025-10-26 00:53,51.00,50.00,96.36,9.20,400.00,M
GRI,2025-10-26 01:43,50.00,49.00,96.34,10.35,400.00,M
GRI,2025-10-26 01:53,50.00,49.00,96.34,10.35,400.00,M
GRI,2025-10-26 02:11,50.00,49.00,96.34,8.05,500.00,M
GRI,2025-10-26 02:53,50.00,49.00,96.34,10.35,700.00,M
GRI,2025-10-26 03:53,50.00,48.00,92.80,9.20,700.00,M
GRI,2025-10-26 04:53,50.00,48.00,92.80,10.35,600.00,M
GRI,2025-10-26 05:38,49.00,49.00,100.00,10.35,400.00,M
GRI,2025-10-26 05:53,49.00,49.00,100.00,9.20,400.00,M
GRI,2025-10-26 06:53,49.00,48.00,96.32,8.05,400.00,M
GRI,2025-10-26 07:41,49.00,48.00,96.32,10.35,400.00,M
GRI,2025-10-26 07:48,48.20,48.20,100.00,11.50,400.00,M
GRI,2025-10-26 07:53,49.00,49.00,100.00,9.20,300.00,M
GRI,2025-10-26 08:53,50.00,49.00,96.34,12.65,400.00,M
GRI,2025-10-26 09:53,51.00,49.00,92.83,12.65,400.00,M
GRI,2025-10-26 10:01,51.00,49.00,92.83,11.50,600.00,M
GRI,2025-10-26 10:53,51.00,49.00,92.83,8.05,600.00,M
GRI,2025-10-26 11:53,51.00,49.00,92.83,9.20,500.00,M
GRI,2025-10-26 12:00,51.00,50.00,96.36,10.35,500.00,M
GRI,2025-10-26 12:33,51.00,50.00,96.36,9.20,600.00,M
GRI,2025-10-26 12:53,52.00,50.00,92.86,11.50,600.00,M
GRI,2025-10-26 13:03,52.00,51.00,96.37,10.35,600.00,M
GRI,2025-10-26 13:53,52.00,50.00,92.86,10.35,600.00,M
GRI,2025-10-26 14:53,52.00,50.00,92.86,13.80,700.00,M
GRI,2025-10-26 15:53,53.00,49.00,86.23,9.20,900.00,M
GRI,2025-10-26 16:45,53.00,49.00,86.23,5.75,1300.00,M
GRI,2025-10-26 16:53,53.00,49.00,86.23,6.90,1300.00,M
GRI,2025-10-26 17:07,53.00,49.00,86.23,8.05,1600.00,M
GRI,2025-10-26 17:53,53.00,49.00,86.23,6.90,1800.00,M
GRI,2025-10-26 18:53,53.00,49.00,86.23,6.90,2000.00,M
GRI,2025-10-26 19:53,53.00,48.00,83.06,5.75,1700.00,M
GRI,2025-10-26 20:53,52.00,48.00,86.18,6.90,1400.00,M
GRI,2025-10-26 21:32,51.00,49.00,92.83,9.20,800.00,M
GRI,2025-10-26 21:48,51.80,50.00,93.55,8.05,800.00,M
GRI,2025-10-26 21:53,51.00,50.00,96.36,8.05,600.00,M
GRI,2025-10-26 22:53,51.00,50.00,96.36,8.05,500.00,M
GRI,2025-10-26 23:20,51.00,50.00,96.36,8.05,500.00,M
GRI,2025-10-26 23:45,50.00,50.00,100.00,8.05,500.00,M
GRI,2025-10-26 23:53,50.00,50.00,100.00,6.90,500.00,M
GRI,2025-10-27 00:00,50.00,50.00,100.00,8.05,400.00,M
GRI,2025-10-27 00:07,50.00,49.00,96.34,8.05,400.00,M
GRI,2025-10-27 00:53,50.00,49.00,96.34,8.05,400.00,M
GRI,2025-10-27 01:53,50.00,49.00,96.34,10.35,400.00,M
GRI,2025-10-27 02:31,50.00,49.00,96.34,10.35,300.00,M
GRI,2025-10-27 02:53,50.00,49.00,96.34,11.50,300.00,M
GRI,2025-10-27 03:44,50.00,49.00,96.34,5.75,400.00,M
GRI,2025-10-27 03:53,50.00,49.00,96.34,5.75,300.00,M
GRI,2025-10-27 04:13,50.00,49.00,96.34,5.75,300.00,M
GRI,2025-10-27 04:34,50.00,49.00,96.34,5.75,400.00,M
GRI,2025-10-27 04:53,50.00,49.00,96.34,5.75,400.00,M
GRI,2025-10-27 05:53,50.00,49.00,96.34,5.75,400.00,M
GRI,2025-10-27 06:53,49.00,48.00,96.32,6.90,400.00,M
GRI,2025-10-27 07:53,49.00,48.00,96.32,10.35,300.00,M
GRI,2025-10-27 08:21,49.00,48.00,96.32,10.35,300.00,M
GRI,2025-10-27 08:53,49.00,48.00,96.32,10.35,400.00,M
GRI,2025-10-27 09:14,49.00,48.00,96.32,10.35,300.00,M
GRI,2025-10-27 09:36,49.00,48.00,96.32,10.35,300.00,M
GRI,2025-10-27 09:53,49.00,48.00,96.32,11.50,200.00,M
GRI,2025-10-27 10:53,50.00,48.00,92.80,13.80,400.00,M
GRI,2025-10-27 11:00,50.00,48.00,92.80,12.65,400.00,M
GRI,2025-10-27 11:16,50.00,48.00,92.80,11.50,500.00,M
GRI,2025-10-27 11:41,50.00,49.00,96.34,13.80,400.00,M
GRI,2025-10-27 11:53,50.00,49.00,96.34,9.20,400.00,M
GRI,2025-10-27 12:18,50.00,49.00,96.34,12.65,500.00,M
GRI,2025-10-27 12:53,51.00,49.00,92.83,9.20,400.00,M
GRI,2025-10-27 13:13,51.00,49.00,92.83,9.20,500.00,M
GRI,2025-10-27 13:53,52.00,49.00,89.46,10.35,600.00,M
GRI,2025-10-27 14:53,54.00,50.00,86.29,9.20,1200.00,M
GRI,2025-10-27 15:53,54.00,49.00,83.13,8.05,1400.00,M
GRI,2025-10-27 16:53,54.00,49.00,83.13,8.05,1500.00,M
GRI,2025-10-27 17:41,53.00,49.00,86.23,5.75,1400.00,M
GRI,2025-10-27 17:53,53.00,49.00,86.23,5.75,1400.00,M
GRI,2025-10-27 18:53,53.00,50.00,89.51,9.20,1100.00,M
GRI,2025-10-27 19:53,52.00,50.00,92.86,8.05,1200.00,M
GRI,2025-10-27 20:35,52.00,50.00,92.86,8.05,900.00,M
GRI,2025-10-27 20:53,52.00,50.00,92.86,6.90,900.00,M
GRI,2025-10-27 21:44,52.00,50.00,92.86,5.75,700.00,M
GRI,2025-10-27 21:53,52.00,51.00,96.37,5.75,700.00,M
GRI,2025-10-27 21:59,52.00,51.00,96.37,5.75,700.00,M
GRI,2025-10-27 22:08,51.00,51.00,100.00,5.75,600.00,M
GRI,2025-10-27 22:16,51.00,51.00,100.00,6.90,600.00,M
GRI,2025-10-27 22:53,52.00,51.00,96.37,4.60,500.00,M
GRI,2025-10-27 23:20,52.00,51.00,96.37,4.60,600.00,M
GRI,2025-10-27 23:32,52.00,51.00,96.37,4.60,600.00,M
GRI,2025-10-27 23:46,52.00,51.00,96.37,3.45,800.00,M
GRI,2025-10-27 23:53,52.00,51.00,96.37,4.60,800.00,M
GRI,2025-10-28 00:14,52.00,51.00,96.37,3.45,500.00,M
GRI,2025-10-28 00:35,52.00,51.00,96.37,0.00,600.00,M
GRI,2025-10-28 00:53,52.00,51.00,96.37,6.90,600.00,M
GRI,2025-10-28 01:02,52.00,51.00,96.37,5.75,600.00,M
GRI,2025-10-28 01:53,51.00,50.00,96.36,6.90,2000.00,M
GRI,2025-10-28 02:53,51.00,50.00,96.36,4.60,5000.00,M
GRI,2025-10-28 03:31,51.00,50.00,96.36,20.70,800.00,33.35
GRI,2025-10-28 03:53,48.00,46.00,92.74,17.25,1000.00,33.35
GRI,2025-10-28 04:28,46.00,43.00,89.19,17.25,2000.00,M
GRI,2025-10-28 04:50,46.40,42.80,87.18,17.25,2000.00,M
GRI,2025-10-28 04:53,46.00,43.00,89.19,13.80,2200.00,M
GRI,2025-10-28 05:53,45.00,41.00,85.77,14.95,3700.00,M
GRI,2025-10-28 06:53,44.00,40.00,85.71,16.10,8000.00,M
GRI,2025-10-28 07:53,44.00,39.00,82.43,16.10,11000.00,M
GRI,2025-10-28 08:53,44.00,40.00,85.71,14.95,12000.00,M
GRI,2025-10-28 09:53,45.00,39.00,79.35,17.25,M,M
GRI,2025-10-28 10:53,45.00,38.00,76.30,18.40,M,29.90
GRI,2025-10-28 11:53,48.00,37.00,65.50,19.55,M,29.90
GRI,2025-10-28 12:53,53.00,35.00,50.26,20.70,M,32.20
GRI,2025-10-28 13:53,58.00,30.00,34.27,26.45,M,44.85
GRI,2025-10-28 14:53,58.00,25.00,27.89,29.90,M,43.70
GRI,2025-10-28 15:53,57.00,23.00,26.59,27.60,M,44.85
GRI,2025-10-28 16:53,54.00,25.00,32.24,26.45,M,46.00
GRI,2025-10-28 17:53,52.00,28.00,39.29,26.45,M,44.85
GRI,2025-10-28 18:53,49.00,29.00,45.75,17.25,M,40.25
GRI,2025-10-28 19:53,48.00,30.00,49.48,18.40,8500.00,34.50
GRI,2025-10-28 20:53,47.00,29.00,49.32,17.25,M,M
GRI,2025-10-28 21:53,45.00,28.00,51.06,17.25,M,M
GRI,2025-10-28 22:53,46.00,26.00,45.26,21.85,9000.00,35.65
GRI,2025-10-28 23:53,44.00,27.00,50.90,18.40,M,33.35
GRI,2025-10-29 00:53,44.00,27.00,50.90,20.70,M,34.50
GRI,2025-10-29 01:53,44.00,27.00,50.90,19.55,M,37.95
GRI,2025-10-29 02:53,44.00,27.00,50.90,19.55,12000.00,33.35
GRI,2025-10-29 03:53,42.00,26.00,52.74,19.55,10000.00,37.95
GRI,2025-10-29 04:53,41.00,27.00,57.13,19.55,M,33.35
GRI,2025-10-29 05:53,39.00,28.00,64.35,18.40,M,31.05
GRI,2025-10-29 06:53,37.00,28.00,69.60,14.95,M,M
GRI,2025-10-29 07:53,35.00,28.00,75.34,16.10,M,M
GRI,2025-10-29 08:53,37.00,28.00,69.60,16.10,M,M
GRI,2025-10-29 09:53,42.00,29.00,59.67,17.25,M,29.90
GRI,2025-10-29 10:53,45.00,29.00,53.20,23.00,M,31.05
GRI,2025-10-29 11:53,49.00,28.00,43.91,21.85,M,35.65
GRI,2025-10-29 12:53,50.00,27.00,40.60,18.40,M,32.20
GRI,2025-10-29 13:53,53.00,26.00,34.87,17.25,M,M
GRI,2025-10-29 14:53,53.00,25.00,33.45,17.25,M,M
GRI,2025-10-29 15:53,53.00,25.00,33.45,13.80,M,M
GRI,2025-10-29 16:53,53.00,25.00,33.45,12.65,M,M
GRI,2025-10-29 17:53,50.00,25.00,37.37,8.05,M,M
GRI,2025-10-29 18:53,42.00,26.00,52.74,4.60,M,M
GRI,2025-10-29 19:53,38.00,27.00,64.22,0.00,M,M
GRI,2025-10-29 20:53,36.00,27.00,69.49,0.00,M,M
GRI,2025-10-29 21:53,34.00,28.00,78.41,0.00,M,M
GRI,2025-10-29 22:53,32.00,28.00,84.97,4.60,M,M
GRI,2025-10-29 23:53,32.00,27.00,81.54,0.00,M,M
GRI,2025-10-30 00:53,30.00,28.00,92.14,0.00,M,M
GRI,2025-10-30 01:53,28.00,25.00,88.32,3.45,M,M
GRI,2025-10-30 02:53,27.00,23.00,84.65,0.00,M,M
GRI,2025-10-30 03:53,27.00,25.00,92.04,0.00,M,M
GRI,2025-10-30 04:53,28.00,27.00,95.96,4.60,M,M
GRI,2025-10-30 05:53,27.00,24.00,88.27,0.00,M,M
GRI,2025-10-30 06:53,26.00,23.00,88.22,4.60,M,M
GRI,2025-10-30 07:53,26.00,23.00,88.22,4.60,M,M
GRI,2025-10-30 08:53,29.00,25.00,84.78,0.00,9000.00,M
GRI,2025-10-30 09:53,40.00,30.00,67.16,12.65,9000.00,M
GRI,2025-10-30 10:53,46.00,29.00,51.22,14.95,12000.00,M
GRI,2025-10-30 11:53,52.00,28.00,39.29,14.95,M,M
GRI,2025-10-30 12:53,58.00,30.00,34.27,16.10,M,M
GRI,2025-10-30 13:53,60.00,29.00,30.63,21.85,M,33.35
GRI,2025-10-30 14:53,62.00,29.00,28.54,24.15,M,37.95
GRI,2025-10-30 15:53,61.00,27.00,27.23,23.00,M,37.95
GRI,2025-10-30 16:53,60.00,26.00,27.07,18.40,M,35.65
GRI,2025-10-30 17:53,57.00,26.00,30.14,14.95,M,32.20
GRI,2025-10-30 18:53,47.00,27.00,45.43,6.90,M,M
GRI,2025-10-30 19:53,43.00,27.00,52.89,8.05,M,M
GRI,2025-10-30 20:53,41.00,27.00,57.13,5.75,M,M
GRI,2025-10-30 21:53,39.00,28.00,64.35,8.05,M,M
GRI,2025-10-30 22:53,37.00,28.00,69.60,10.35,M,M
GRI,2025-10-30 23:53,37.00,28.00,69.60,8.05,M,M
GRI,2025-10-31 00:53,33.00,27.00,78.32,8.05,M,M
GRI,2025-10-31 01:53,35.00,27.00,72.30,8.05,M,M
GRI,2025-10-31 02:53,35.00,27.00,72.30,9.20,M,M
GRI,2025-10-31 03:53,34.00,27.00,75.25,9.20,M,M
GRI,2025-10-31 04:53,34.00,27.00,75.25,9.20,M,M
GRI,2025-10-31 05:53,32.00,26.00,78.23,8.05,M,M
GRI,2025-10-31 06:53,33.00,27.00,78.32,9.20,10000.00,M
GRI,2025-10-31 07:53,34.00,27.00,75.25,9.20,9000.00,M
GRI,2025-10-31 08:53,37.00,28.00,69.60,10.35,M,M
GRI,2025-10-31 09:53,44.00,30.00,57.57,11.50,11000.00,M
GRI,2025-10-31 10:53,45.00,28.00,51.06,16.10,11000.00,M
GRI,2025-10-31 11:53,48.00,27.00,43.75,19.55,10000.00,31.05
GRI,2025-10-31 12:53,48.00,27.00,43.75,16.10,M,M
GRI,2025-10-31 13:53,50.00,26.00,38.95,23.00,10000.00,32.20
GRI,2025-10-31 14:53,51.00,24.00,34.53,24.15,M,33.35
GRI,2025-10-31 15:53,51.00,24.00,34.53,19.55,M,35.65
GRI,2025-10-31 16:53,50.00,23.00,34.37,18.40,4000.00,33.35
GRI,2025-10-31 17:53,48.00,24.00,38.62,17.25,4000.00,M
GRI,2025-10-31 18:53,44.00,23.00,43.09,11.50,M,M
GRI,2025-10-31 19:53,41.00,24.00,50.43,10.35,M,M
GRI,2025-10-31 20:53,34.00,24.00,66.42,6.90,M,M
GRI,2025-10-31 21:53,38.00,26.00,61.62,8.05,8000.00,M
GRI,2025-10-31 22:53,40.00,27.00,59.39,11.50,9000.00,M
GRI,2025-10-31 23:53,38.00,28.00,66.92,8.05,9500.00,M
GRI,2025-11-01 00:53,36.00,29.00,75.44,8.05,10000.00,M
GRI,2025-11-01 01:53,37.00,29.00,72.52,8.05,10000.00,M
GRI,2025-11-01 02:53,33.00,29.00,85.03,6.90,1900.00,M
GRI,2025-11-01 03:34,36.00,31.00,81.84,10.35,2200.00,M
GRI,2025-11-01 03:53,35.00,30.00,81.77,8.05,2100.00,M
GRI,2025-11-01 04:05,36.00,31.00,81.84,9.20,2100.00,M
GRI,2025-11-01 04:28,34.00,30.00,85.10,9.20,2100.00,M
GRI,2025-11-01 04:53,31.00,29.00,92.18,6.90,M,M
GRI,2025-11-01 05:53,30.00,28.00,92.14,8.05,M,M
GRI,2025-11-01 06:53,29.00,28.00,95.98,8.05,1600.00,M
GRI,2025-11-01 07:53,32.00,30.00,92.21,6.90,4200.00,M
GRI,2025-11-01 08:53,35.00,32.00,88.67,9.20,4100.00,M
GRI,2025-11-01 09:53,38.00,31.00,75.64,12.65,M,M
GRI,2025-11-01 10:53,41.00,26.00,54.81,10.35,M,M
GRI,2025-11-01 11:53,43.00,24.00,46.69,12.65,M,M
GRI,2025-11-01 12:53,44.00,24.00,44.93,13.80,4100.00,M
GRI,2025-11-01 13:53,45.00,24.00,43.25,8.05,M,M
GRI,2025-11-01 14:53,46.00,24.00,41.64,9.20,M,M
GRI,2025-11-01 15:53,48.00,24.00,38.62,9.20,M,M
GRI,2025-11-01 16:53,48.00,24.00,38.62,5.75,M,M
GRI,2025-11-01 17:53,47.00,24.00,40.10,0.00,M,M
GRI,2025-11-01 18:53,38.00,25.00,59.11,4.60,M,M
GRI,2025-11-01 19:53,35.00,25.00,66.55,4.60,M,M
GRI,2025-11-01 20:53,34.00,26.00,72.20,6.90,M,M
GRI,2025-11-01 21:53,32.00,25.00,75.05,6.90,M,M
GRI,2025-11-01 22:53,32.00,25.00,75.05,6.90,M,M
GRI,2025-11-01 23:53,33.00,26.00,75.15,11.50,M,M
GRI,2025-11-02 00:53,32.00,26.00,78.23,9.20,M,M
GRI,2025-11-02 01:53,33.00,26.00,75.15,10.35,M,M
GRI,2025-11-02 01:53,34.00,25.00,69.26,11.50,M,M
GRI,2025-11-02 02:53,34.00,26.00,72.20,11.50,M,M
GRI,2025-11-02 03:53,35.00,26.00,69.37,12.65,M,M
GRI,2025-11-02 04:53,35.00,27.00,72.30,14.95,M,M
GRI,2025-11-02 05:53,37.00,28.00,69.60,16.10,M,M
GRI,2025-11-02 06:53,37.40,28.40,69.65,13.80,M,M
GRI,2025-11-02 07:53,37.40,30.20,74.97,13.80,M,M
GRI,2025-11-02 08:53,43.00,31.00,62.29,18.40,M,M
GRI,2025-11-02 09:53,48.00,32.00,53.65,14.95,M,M
GRI,2025-11-02 10:53,53.00,33.00,46.40,14.95,M,M
GRI,2025-11-02 11:53,57.00,33.00,40.11,18.40,M,M
GRI,2025-11-02 12:53,61.00,33.00,34.77,20.70,M,M
GRI,2025-11-02 13:53,66.00,34.00,30.37,20.70,M,31.05
GRI,2025-11-02 14:53,68.00,34.00,28.35,16.10,M,M
GRI,2025-11-02 15:53,69.00,35.00,28.51,14.95,M,M
GRI,2025-11-02 16:53,66.00,36.00,32.89,9.20,M,M
GRI,2025-11-02 17:53,59.00,37.00,43.78,4.60,M,M
GRI,2025-11-02 18:53,48.00,35.00,60.51,8.05,M,M
GRI,2025-11-02 19:53,50.00,37.00,60.78,6.90,M,M
GRI,2025-11-02 20:53,42.00,35.00,76.02,8.05,M,M
GRI,2025-11-02 21:53,43.00,36.00,76.11,8.05,M,M
GRI,2025-11-02 22:53,43.00,35.00,73.15,8.05,M,M
GRI,2025-11-02 23:53,53.00,31.00,42.80,20.70,M,29.90
GRI,2025-11-03 00:53,46.00,29.00,51.22,9.20,M,M
GRI,2025-11-03 01:53,45.00,29.00,53.20,12.65,M,M
GRI,2025-11-03 02:53,40.00,28.00,61.89,6.90,M,M
GRI,2025-11-03 03:53,42.00,28.00,57.28,10.35,M,M
GRI,2025-11-03 04:53,40.00,28.00,61.89,10.35,M,M
GRI,2025-11-03 05:53,35.00,28.00,75.34,6.90,M,M
GRI,2025-11-03 06:53,33.00,28.00,81.62,5.75,M,M
GRI,2025-11-03 07:53,36.00,29.00,75.44,5.75,M,M
GRI,2025-11-03 08:53,45.00,31.00,57.71,4.60,M,M
GRI,2025-11-03 09:53,52.00,32.00,46.24,5.75,M,M
GRI,2025-11-03 10:53,57.00,21.00,24.44,6.90,M,M
GRI,2025-11-03 11:53,60.00,19.00,20.15,6.90,M,M
GRI,2025-11-03 12:53,62.00,21.00,20.45,9.20,M,M
GRI,2025-11-03 13:53,62.00,20.00,19.59,8.05,M,M
GRI,2025-11-03 14:53,62.00,19.00,18.77,9.20,M,M
GRI,2025-11-03 15:53,62.00,20.00,19.59,8.05,M,M
GRI,2025-11-03 16:53,56.00,22.00,26.43,6.90,M,M
GRI,2025-11-03 17:53,53.00,23.00,30.76,6.90,10000.00,M
GRI,2025-11-03 18:53,51.00,23.00,33.11,4.60,M,M
GRI,2025-11-03 19:53,49.00,25.00,38.79,4.60,M,M
GRI,2025-11-03 20:53,48.00,25.00,40.27,4.60,M,M
GRI,2025-11-03 21:53,49.00,25.00,38.79,9.20,M,M
GRI,2025-11-03 22:53,49.00,27.00,42.14,10.35,M,M
GRI,2025-11-03 23:53,48.00,27.00,43.75,9.20,M,M
GRI,2025-11-04 00:53,45.00,27.00,49.00,8.05,M,M
GRI,2025-11-04 01:53,46.00,28.00,49.16,8.05,M,M
GRI,2025-11-04 02:53,45.00,30.00,55.41,10.35,M,M
GRI,2025-11-04 03:53,44.00,32.00,62.43,5.75,M,M
GRI,2025-11-04 04:53,41.00,31.00,67.29,6.90,M,M
GRI,2025-11-04 05:53,38.00,31.00,75.64,4.60,M,M
GRI,2025-11-04 06:53,37.00,32.00,81.92,5.75,M,M
GRI,2025-11-04 07:53,40.00,34.00,78.93,4.60,M,M
GRI,2025-11-04 08:53,46.00,37.00,70.62,8.05,M,M
GRI,2025-11-04 09:53,53.00,40.00,61.19,9.20,M,M
GRI,2025-11-04 10:53,59.00,43.00,55.29,9.20,M,M
GRI,2025-11-04 11:53,64.00,43.00,46.33,11.50,M,M
GRI,2025-11-04 12:53,69.00,42.00,37.50,14.95,M,M
GRI,2025-11-04 13:53,72.00,41.00,32.58,13.80,M,M
GRI,2025-11-04 14:53,74.00,39.00,28.18,13.80,M,M
GRI,2025-11-04 15:53,74.00,38.00,27.10,16.10,M,M
GRI,2025-11-04 16:53,71.00,39.00,31.18,12.65,M,M
GRI,2025-11-04 17:53,64.00,43.00,46.33,12.65,M,M
GRI,2025-11-04 18:53,60.00,43.00,53.35,11.50,M,M
GRI,2025-11-04 19:53,57.00,43.00,59.40,13.80,M,M
GRI,2025-11-04 20:53,56.00,44.00,63.99,13.80,M,M
GRI,2025-11-04 21:53,54.00,43.00,66.24,12.65,M,M
GRI,2025-11-04 22:53,52.00,38.00,58.71,6.90,M,M
GRI,2025-11-04 23:53,48.00,36.00,62.96,6.90,M,M
GRI,2025-11-05 00:53,49.00,35.00,58.28,10.35,M,M
GRI,2025-11-05 01:53,48.00,34.00,58.14,11.50,M,M
GRI,2025-11-05 02:53,46.00,32.00,57.85,9.20,M,M
GRI,2025-11-05 03:53,45.00,34.00,65.12,10.35,M,M
GRI,2025-11-05 04:53,45.00,35.00,67.77,16.10,M,M
GRI,2025-11-05 05:53,43.00,34.00,70.29,11.50,M,M
GRI,2025-11-05 06:53,42.00,34.00,73.05,12.65,M,M
GRI,2025-11-05 07:53,42.00,34.00,73.05,12.65,M,M
GRI,2025-11-05 08:53,45.00,32.00,60.09,17.25,M,M
GRI,2025-11-05 09:53,49.00,30.00,47.66,16.10,M,M
GRI,2025-11-05 10:53,52.00,28.00,39.29,14.95,M,M
GRI,2025-11-05 11:53,54.00,26.00,33.61,16.10,M,M
GRI,2025-11-05 12:53,55.00,26.00,32.41,9.20,M,M
GRI,2025-11-05 13:53,56.00,26.00,31.25,9.20,M,M
GRI,2025-11-05 14:53,56.00,25.00,29.98,5.75,M,M
GRI,2025-11-05 15:53,56.00,25.00,29.98,6.90,M,M
GRI,2025-11-05 16:53,54.00,25.00,32.24,6.90,M,M
GRI,2025-11-05 17:53,47.00,26.00,43.58,4.60,M,M
GRI,2025-11-05 18:53,45.00,26.00,47.01,4.60,M,M
GRI,2025-11-05 19:53,44.00,26.00,48.84,8.05,M,M
GRI,2025-11-05 20:53,42.00,25.00,50.59,8.05,M,M
GRI,2025-11-05 21:53,43.00,25.00,48.68,9.20,M,M
GRI,2025-11-05 22:53,42.00,26.00,52.74,10.35,M,M
GRI,2025-11-05 23:53,40.00,27.00,59.39,4.60,M,M
GRI,2025-11-06 00:53,38.00,27.00,64.22,6.90,M,M
GRI,2025-11-06 01:53,37.00,27.00,66.80,8.05,M,M
GRI,2025-11-06 02:53,36.00,28.00,72.41,5.75,M,M
GRI,2025-11-06 03:53,40.00,28.00,61.89,12.65,M,M
GRI,2025-11-06 04:53,39.00,29.00,67.04,13.80,M,M
GRI,2025-11-06 05:53,40.00,31.00,69.95,17.25,M,M
GRI,2025-11-06 06:53,40.00,32.00,72.84,13.80,M,M
GRI,2025-11-06 07:53,41.00,34.00,75.92,11.50,M,M
GRI,2025-11-06 08:53,45.00,35.00,67.77,16.10,M,M
GRI,2025-11-06 09:53,49.00,37.00,63.09,14.95,9000.00,M
GRI,2025-11-06 10:53,56.00,38.00,50.72,14.95,9000.00,M
GRI,2025-11-06 11:53,58.00,39.00,49.08,14.95,10000.00,M
GRI,2025-11-06 12:53,60.00,39.00,45.69,14.95,M,M
GRI,2025-11-06 13:53,61.00,39.00,44.10,13.80,10000.00,M
GRI,2025-11-06 14:53,58.00,38.00,47.19,17.25,M,M
GRI,2025-11-06 15:53,57.00,38.00,48.92,12.65,M,M
GRI,2025-11-06 16:53,55.00,38.00,52.60,10.35,M,M
GRI,2025-11-06 17:53,48.00,37.00,65.50,6.90,M,M
GRI,2025-11-06 18:53,44.00,36.00,73.25,3.45,M,M
GRI,2025-11-06 19:53,45.00,37.00,73.36,10.35,M,M
GRI,2025-11-06 20:53,43.00,36.00,76.11,6.90,11000.00,M
GRI,2025-11-06 21:53,45.00,37.00,73.36,10.35,11000.00,M
GRI,2025-11-06 22:53,41.00,35.00,79.01,5.75,M,M
GRI,2025-11-06 23:53,40.00,36.00,85.47,6.90,12000.00,M
GRI,2025-11-07 00:53,39.00,35.00,85.41,8.05,M,M
GRI,2025-11-07 01:53,42.00,35.00,76.02,11.50,M,M
GRI,2025-11-07 02:53,42.00,33.00,70.18,11.50,M,M
GRI,2025-11-07 03:53,40.00,33.00,75.83,10.35,M,M
GRI,2025-11-07 04:53,43.00,34.00,70.29,10.35,M,M
GRI,2025-11-07 05:53,45.00,34.00,65.12,10.35,10000.00,M
GRI,2025-11-07 06:53,41.00,35.00,79.01,11.50,12000.00,M
GRI,2025-11-07 07:53,43.00,35.00,73.15,8.05,M,M
GRI,2025-11-07 08:53,50.00,36.00,58.42,16.10,M,M
GRI,2025-11-07 09:53,57.00,35.00,43.45,14.95,M,M
GRI,2025-11-07 10:53,60.00,31.00,33.23,20.70,M,31.05
GRI,2025-11-07 11:53,63.00,29.00,27.55,25.30,M,32.20
GRI,2025-11-07 12:53,64.00,27.00,24.50,20.70,M,34.50
GRI,2025-11-07 13:53,65.00,27.00,23.66,20.70,M,33.35
GRI,2025-11-07 14:53,65.00,25.00,21.78,19.55,M,33.35
GRI,2025-11-07 15:53,64.00,24.00,21.63,16.10,M,M
GRI,2025-11-07 16:53,59.00,25.00,26.91,5.75,M,M
GRI,2025-11-07 17:53,50.00,27.00,40.60,3.45,M,M
GRI,2025-11-07 18:53,48.00,27.00,43.75,0.00,M,M
GRI,2025-11-07 19:53,45.00,27.00,49.00,3.45,M,M
GRI,2025-11-07 20:53,45.00,30.00,55.41,4.60,M,M
GRI,2025-11-07 21:53,47.00,29.00,49.32,9.20,M,M
GRI,2025-11-07 22:53,44.00,34.00,67.65,9.20,M,M
GRI,2025-11-07 23:53,43.00,34.00,70.29,9.20,M,M
GRI,2025-11-08 01:53,43.00,35.00,73.15,10.35,6500.00,M
GRI,2025-11-08 02:53,43.00,37.00,79.18,13.80,6500.00,M
GRI,2025-11-08 03:53,44.00,37.00,76.21,5.75,9000.00,M
GRI,2025-11-08 04:53,43.00,37.00,79.18,0.00,7000.00,M
GRI,2025-11-08 05:53,41.00,38.00,88.96,10.35,7000.00,M
GRI,2025-11-08 06:53,39.00,35.00,85.41,11.50,5500.00,M
GRI,2025-11-08 07:44,37.00,33.00,85.28,13.80,1100.00,M
GRI,2025-11-08 07:53,36.00,33.00,88.72,13.80,1200.00,M
GRI,2025-11-08 08:26,37.00,33.00,85.28,14.95,1400.00,M
GRI,2025-11-08 08:28,37.00,34.00,88.77,18.40,1200.00,M
GRI,2025-11-08 08:53,39.00,34.00,82.07,19.55,1200.00,M
GRI,2025-11-08 09:43,43.00,34.00,70.29,20.70,1400.00,29.90
GRI,2025-11-08 09:53,43.00,34.00,70.29,16.10,1500.00,29.90
GRI,2025-11-08 10:53,49.00,35.00,58.28,18.40,M,M
GRI,2025-11-08 11:53,53.00,32.00,44.57,19.55,4500.00,31.05
GRI,2025-11-08 12:53,53.00,29.00,39.45,23.00,5500.00,36.80
GRI,2025-11-08 13:53,50.00,33.00,51.84,20.70,4300.00,34.50
GRI,2025-11-08 14:53,48.00,36.00,62.96,27.60,3400.00,43.70
GRI,2025-11-08 15:53,47.00,32.00,55.71,20.70,4300.00,36.80
GRI,2025-11-08 16:53,45.00,35.00,67.77,16.10,2900.00,35.65
GRI,2025-11-08 17:41,42.00,37.00,82.29,23.00,2500.00,35.65
GRI,2025-11-08 17:53,42.00,38.00,85.59,20.70,2500.00,35.65
GRI,2025-11-08 18:53,40.00,34.00,78.93,23.00,1700.00,33.35
GRI,2025-11-08 19:53,37.00,32.00,81.92,18.40,1400.00,32.20
GRI,2025-11-08 20:53,35.00,29.00,78.50,24.15,1400.00,31.05
GRI,2025-11-08 21:06,35.00,29.00,78.50,21.85,1600.00,31.05
GRI,2025-11-08 21:53,34.00,27.00,75.25,21.85,1800.00,32.20
GRI,2025-11-08 22:53,31.00,24.00,74.95,23.00,2100.00,35.65
GRI,2025-11-08 23:38,30.00,20.00,65.92,17.25,2300.00,39.10
GRI,2025-11-08 23:53,29.00,21.00,71.65,17.25,2300.00,39.10
GRI,2025-11-09 00:41,29.00,21.00,71.65,16.10,2100.00,33.35
GRI,2025-11-09 00:53,29.00,21.00,71.65,20.70,2100.00,33.35
GRI,2025-11-09 01:53,29.00,21.00,71.65,16.10,2100.00,31.05
GRI,2025-11-09 05:53,24.80,17.60,73.68,12.65,12000.00,M
GRI,2025-11-09 06:41,24.80,17.60,73.68,14.95,2200.00,M
GRI,2025-11-09 06:53,24.80,17.60,73.68,16.10,2100.00,M
GRI,2025-11-09 07:13,24.80,17.60,73.68,12.65,2100.00,M
GRI,2025-11-09 07:53,24.80,17.60,73.68,13.80,2100.00,M
GRI,2025-11-09 08:53,26.60,15.80,63.24,16.10,2000.00,M
GRI,2025-11-09 09:53,26.60,14.00,58.46,20.70,2100.00,M
GRI,2025-11-09 10:53,30.00,14.00,50.84,16.10,M,M
GRI,2025-11-09 11:53,33.00,12.00,41.23,14.95,M,M
GRI,2025-11-09 12:53,35.00,10.00,34.82,17.25,M,M
GRI,2025-11-09 13:53,38.00,8.00,28.27,16.10,M,32.20
GRI,2025-11-09 14:53,38.00,7.00,27.02,14.95,M,M
GRI,2025-11-09 15:53,37.00,7.00,28.10,17.25,M,M
GRI,2025-11-09 16:53,34.00,6.00,30.25,13.80,M,M
GRI,2025-11-09 17:53,29.00,7.00,38.75,8.05,M,M
GRI,2025-11-09 18:53,26.00,8.00,45.88,5.75,M,M
GRI,2025-11-09 19:53,22.00,8.00,54.25,4.60,M,M
GRI,2025-11-09 20:53,20.00,9.00,61.78,6.90,M,M
GRI,2025-11-09 21:53,19.00,9.00,64.48,8.05,M,M
GRI,2025-11-10 06:53,12.20,8.60,85.15,4.60,M,M
GRI,2025-11-10 07:53,15.80,10.40,78.82,5.75,M,M
GRI,2025-11-10 08:53,21.20,14.00,73.30,3.45,M,M
GRI,2025-11-10 09:53,27.00,16.00,62.75,0.00,M,M
GRI,2025-11-10 10:53,31.00,16.00,53.28,6.90,M,M
GRI,2025-11-10 11:53,34.00,15.00,45.20,10.35,M,M
GRI,2025-11-10 12:53,37.00,13.00,36.75,8.05,M,M
GRI,2025-11-10 13:53,40.00,14.00,34.15,12.65,M,M
GRI,2025-11-10 14:53,41.00,13.00,31.44,12.65,M,M
GRI,2025-11-10 15:53,41.00,12.00,30.08,13.80,M,M
GRI,2025-11-10 16:53,39.00,14.00,35.51,11.50,M,M
GRI,2025-11-10 17:53,38.00,16.00,40.30,12.65,M,M
GRI,2025-11-10 18:53,37.00,15.00,40.13,14.95,M,M
GRI,2025-11-10 19:53,36.00,17.00,45.54,12.65,M,M
GRI,2025-11-10 20:53,35.00,17.00,47.38,12.65,M,M
GRI,2025-11-11 05:53,36.00,24.00,61.34,9.20,M,M
GRI,2025-11-11 06:53,35.00,25.00,66.55,6.90,M,M
GRI,2025-11-11 07:53,37.00,26.00,64.09,10.35,M,M
GRI,2025-11-11 08:53,47.00,28.00,47.34,9.20,M,M
GRI,2025-11-11 09:53,57.00,30.00,35.53,9.20,M,M
GRI,2025-11-11 10:53,64.00,32.00,30.05,10.35,M,M
GRI,2025-11-11 11:53,68.00,32.00,26.16,14.95,M,M
GRI,2025-11-11 12:53,70.00,32.00,24.43,14.95,M,M
GRI,2025-11-11 13:53,70.00,33.00,25.43,12.65,M,M
GRI,2025-11-11 14:53,71.00,33.00,24.58,14.95,M,M
GRI,2025-11-11 15:53,70.00,33.00,25.43,14.95,M,M
GRI,2025-11-11 16:53,62.00,34.00,34.93,8.05,M,M
GRI,2025-11-11 17:53,55.00,33.00,43.13,6.90,M,M
GRI,2025-11-11 18:53,48.00,33.00,55.86,5.75,M,M
GRI,2025-11-11 19:53,44.00,31.00,59.95,6.90,M,M
GRI,2025-11-11 20:53,40.00,31.00,69.95,8.05,M,M
GRI,2025-11-11 21:53,42.00,32.00,67.41,6.90,M,M
GRI,2025-11-11 22:53,41.00,31.00,67.29,8.05,M,M
GRI,2025-11-11 23:53,40.00,31.00,69.95,9.20,M,M
GRI,2025-11-12 00:53,40.00,31.00,69.95,9.20,M,M
GRI,2025-11-12 02:53,37.00,29.00,72.52,9.20,M,M
GRI,2025-11-12 04:53,36.00,29.00,75.44,10.35,M,M
GRI,2025-11-12 05:53,34.00,28.00,78.41,8.05,M,M
GRI,2025-11-12 06:53,35.00,28.00,75.34,6.90,M,M
GRI,2025-11-12 07:53,37.00,29.00,72.52,5.75,M,M
GRI,2025-11-12 08:53,44.00,31.00,59.95,6.90,M,M
GRI,2025-11-12 09:53,53.00,32.00,44.57,4.60,M,M
GRI,2025-11-12 10:53,60.00,32.00,34.60,4.60,M,M
GRI,2025-11-12 11:53,62.00,31.00,30.96,5.75,M,M
GRI,2025-11-12 12:53,64.00,30.00,27.71,4.60,M,M
GRI,2025-11-12 13:53,64.00,30.00,27.71,0.00,M,M
GRI,2025-11-12 14:53,65.00,31.00,27.87,5.75,M,M
GRI,2025-11-12 15:53,65.00,30.00,26.76,5.75,M,M
GRI,2025-11-12 16:53,58.00,31.00,35.70,5.75,M,M
GRI,2025-11-12 17:53,53.00,32.00,44.57,6.90,M,M
GRI,2025-11-12 18:53,50.00,31.00,47.82,6.90,M,M
GRI,2025-11-12 19:53,46.00,31.00,55.56,6.90,M,M
GRI,2025-11-12 20:53,47.00,32.00,55.71,9.20,M,M
GRI,2025-11-12 21:53,48.00,32.00,53.65,9.20,M,M
GRI,2025-11-12 22:53,45.00,32.00,60.09,6.90,M,M
GRI,2025-11-12 23:53,45.00,33.00,62.56,8.05,M,M
GRI,2025-11-13 00:53,47.00,33.00,58.00,10.35,M,M
GRI,2025-11-13 01:53,46.00,34.00,62.69,5.75,M,M
GRI,2025-11-13 02:53,45.00,34.00,65.12,6.90,M,M
GRI,2025-11-13 03:53,44.00,34.00,67.65,8.05,M,M
GRI,2025-11-13 04:53,42.00,34.00,73.05,6.90,M,M
GRI,2025-11-13 05:53,40.00,33.00,75.83,5.75,M,M
GRI,2025-11-13 06:53,41.00,34.00,75.92,10.35,M,M
GRI,2025-11-13 07:53,41.00,34.00,75.92,3.45,M,M
GRI,2025-11-13 08:53,44.00,35.00,70.40,4.60,M,M
GRI,2025-11-13 09:53,51.00,36.00,56.30,9.20,M,M
GRI,2025-11-13 10:53,59.00,37.00,43.78,10.35,M,M
GRI,2025-11-13 11:53,61.00,37.00,40.77,6.90,M,M
GRI,2025-11-13 12:53,65.00,37.00,35.43,6.90,M,M
GRI,2025-11-13 13:53,69.00,37.00,30.86,0.00,M,M
GRI,2025-11-13 14:53,71.00,37.00,28.82,3.45,M,M
GRI,2025-11-13 15:53,71.00,37.00,28.82,6.90,M,M
GRI,2025-11-13 16:53,65.00,37.00,35.43,6.90,M,M
GRI,2025-11-13 17:53,58.00,36.00,43.62,3.45,M,M
GRI,2025-11-13 18:53,59.00,36.00,42.08,8.05,M,M
GRI,2025-11-13 19:53,57.00,37.00,47.04,6.90,M,M
GRI,2025-11-13 20:53,52.00,37.00,56.44,6.90,M,M
GRI,2025-11-13 21:53,50.00,37.00,60.78,9.20,M,M
GRI,2025-11-13 22:53,48.00,37.00,65.50,8.05,M,M
GRI,2025-11-13 23:53,47.00,37.00,68.01,6.90,M,M
GRI,2025-11-14 00:53,44.00,36.00,73.25,6.90,M,M
GRI,2025-11-14 01:53,44.00,37.00,76.21,8.05,M,M
GRI,2025-11-14 02:53,45.00,37.00,73.36,6.90,M,M
GRI,2025-11-14 03:53,43.00,36.00,76.11,5.75,M,M
GRI,2025-11-14 04:53,41.00,35.00,79.01,8.05,M,M
GRI,2025-11-14 05:53,42.00,34.00,73.05,5.75,M,M
GRI,2025-11-14 06:53,38.00,33.00,81.99,5.75,M,M
GRI,2025-11-14 07:53,44.00,36.00,73.25,6.90,M,M
GRI,2025-11-14 08:53,52.00,37.00,56.44,6.90,M,M
GRI,2025-11-14 09:53,62.00,36.00,37.83,11.50,M,M
GRI,2025-11-14 10:53,71.00,35.00,26.63,5.75,M,M
GRI,2025-11-14 11:53,77.00,35.00,21.78,9.20,M,M
GRI,2025-11-14 12:53,81.00,32.00,16.94,13.80,M,M
GRI,2025-11-14 13:53,84.00,28.00,13.06,14.95,M,M
GRI,2025-11-14 14:53,84.00,27.00,12.54,16.10,M,M
GRI,2025-11-14 15:53,82.00,28.00,13.93,10.35,M,M
GRI,2025-11-14 16:53,77.00,25.00,14.49,12.65,M,M
GRI,2025-11-14 17:53,71.00,31.00,22.68,12.65,M,M
GRI,2025-11-14 18:53,68.00,33.00,27.23,13.80,M,M
GRI,2025-11-14 19:53,65.00,36.00,34.05,12.65,M,M
GRI,2025-11-14 20:53,63.00,37.00,37.99,14.95,M,M
GRI,2025-11-14 21:53,62.00,36.00,37.83,12.65,M,M
GRI,2025-11-14 22:53,56.00,36.00,46.88,10.35,M,M
GRI,2025-11-14 23:53,58.00,36.00,43.62,12.65,M,M
GRI,2025-11-15 00:53,60.00,36.00,40.61,14.95,M,M
GRI,2025-11-15 01:53,62.00,34.00,34.93,13.80,M,M
GRI,2025-11-15 02:53,56.00,35.00,45.05,8.05,M,M
GRI,2025-11-15 03:53,53.00,34.00,48.29,4.60,M,M
GRI,2025-11-15 04:53,55.00,33.00,43.13,16.10,M,M
GRI,2025-11-15 05:53,51.00,35.00,54.10,9.20,M,M
GRI,2025-11-15 06:53,50.00,36.00,58.42,5.75,M,M
GRI,2025-11-15 07:53,47.00,37.00,68.01,8.05,M,M
GRI,2025-11-15 08:53,55.00,39.00,54.70,10.35,M,M
GRI,2025-11-15 09:53,62.00,41.00,46.01,10.35,M,M
GRI,2025-11-15 10:53,66.00,41.00,40.01,10.35,M,M
GRI,2025-11-15 11:53,68.00,42.00,38.81,10.35,M,M
GRI,2025-11-15 12:53,69.00,40.00,34.70,12.65,M,M
GRI,2025-11-15 13:53,69.00,40.00,34.70,10.35,M,M
GRI,2025-11-15 14:53,68.00,39.00,34.54,6.90,M,M
GRI,2025-11-15 15:53,66.00,40.00,38.48,4.60,M,M
GRI,2025-11-15 16:53,61.00,40.00,45.85,6.90,M,M
GRI,2025-11-15 17:53,51.00,39.00,63.35,6.90,M,M
GRI,2025-11-15 18:53,51.00,41.00,68.48,9.20,M,M
GRI,2025-11-15 19:53,47.00,39.00,73.56,8.05,M,M
GRI,2025-11-15 20:53,46.00,38.00,73.46,9.20,M,M
GRI,2025-11-15 21:53,43.00,37.00,79.18,5.75,M,M
GRI,2025-11-15 22:53,41.00,36.00,82.21,3.45,M,M
GRI,2025-11-15 23:53,41.00,36.00,82.21,3.45,M,M
GRI,2025-11-16 00:53,36.00,34.00,92.35,5.75,M,M
GRI,2025-11-16 01:53,36.00,33.00,88.72,3.45,M,M
GRI,2025-11-16 02:53,35.00,32.00,88.67,0.00,M,M
GRI,2025-11-16 03:53,35.00,32.00,88.67,0.00,M,M
GRI,2025-11-16 04:53,31.00,30.00,96.02,4.60,M,M
GRI,2025-11-16 05:53,31.00,29.00,92.18,4.60,M,M
GRI,2025-11-16 06:53,33.00,32.00,96.05,0.00,M,M
GRI,2025-11-16 07:53,32.00,31.00,96.04,0.00,M,M
GRI,2025-11-16 08:53,39.00,34.00,82.07,4.60,M,M
GRI,2025-11-16 09:53,45.00,34.00,65.12,6.90,M,M
GRI,2025-11-16 10:53,50.00,35.00,56.15,9.20,M,M
GRI,2025-11-16 11:53,55.00,36.00,48.61,8.05,M,M
GRI,2025-11-16 12:53,59.00,37.00,43.78,11.50,M,M
GRI,2025-11-16 13:53,58.00,38.00,47.19,12.65,M,M
GRI,2025-11-16 14:53,60.00,38.00,43.94,10.35,M,M
GRI,2025-11-16 15:53,60.00,39.00,45.69,12.65,M,M
GRI,2025-11-16 16:53,57.00,38.00,48.92,10.35,M,M
GRI,2025-11-16 17:53,52.00,37.00,56.44,6.90,M,M
GRI,2025-11-16 18:53,50.00,36.00,58.42,10.35,M,M
GRI,2025-11-16 19:53,48.00,34.00,58.14,11.50,M,M
GRI,2025-11-16 20:53,46.00,32.00,57.85,11.50,M,M
GRI,2025-11-16 21:53,44.00,31.00,59.95,9.20,M,M
GRI,2025-11-16 22:53,40.00,31.00,69.95,6.90,M,M
GRI,2025-11-16 23:53,38.00,30.00,72.62,6.90,M,M
GRI,2025-11-17 00:53,39.00,29.00,67.04,10.35,M,M
GRI,2025-11-17 01:53,38.00,29.00,69.72,8.05,M,M
GRI,2025-11-17 02:53,38.00,29.00,69.72,8.05,M,M
GRI,2025-11-17 03:53,39.00,29.00,67.04,11.50,M,M
GRI,2025-11-17 04:53,39.00,27.00,61.75,9.20,M,M
GRI,2025-11-17 05:53,39.00,27.00,61.75,11.50,M,M
GRI,2025-11-17 06:53,39.00,26.00,59.25,12.65,11000.00,M
GRI,2025-11-17 07:53,41.00,28.00,59.53,10.35,1200.00,M
GRI,2025-11-17 08:53,44.00,31.00,59.95,10.35,1200.00,M
GRI,2025-11-17 09:53,49.00,35.00,58.28,14.95,1200.00,M
GRI,2025-11-17 10:53,52.00,40.00,63.48,12.65,1400.00,M
GRI,2025-11-17 11:15,53.00,41.00,63.61,17.25,1500.00,M
GRI,2025-11-17 11:53,55.00,42.00,61.46,13.80,1500.00,M
GRI,2025-11-17 12:53,56.00,44.00,63.99,14.95,2000.00,M
GRI,2025-11-17 13:53,56.00,44.00,63.99,12.65,2100.00,M
GRI,2025-11-17 14:53,57.00,46.00,66.60,12.65,2300.00,M
GRI,2025-11-17 15:53,57.00,43.00,59.40,8.05,2500.00,M
GRI,2025-11-17 16:53,56.00,44.00,63.99,8.05,2100.00,M
GRI,2025-11-17 17:53,55.00,43.00,63.87,3.45,2500.00,M
GRI,2025-11-17 18:53,54.00,40.00,58.99,6.90,2800.00,M
GRI,2025-11-17 19:53,50.00,40.00,68.36,0.00,2600.00,M
GRI,2025-11-17 20:14,49.00,39.00,68.24,3.45,2400.00,M
GRI,2025-11-17 20:53,44.00,37.00,76.21,5.75,M,M
GRI,2025-11-17 21:53,40.00,35.00,82.14,6.90,M,M
GRI,2025-11-17 22:53,38.00,33.00,81.99,4.60,M,M
GRI,2025-11-17 23:53,37.00,34.00,88.77,3.45,M,M
GRI,2025-11-18 00:53,37.00,34.00,88.77,6.90,M,M
GRI,2025-11-18 01:53,40.00,37.00,88.91,5.75,11000.00,M
GRI,2025-11-18 02:53,38.00,36.00,92.42,6.90,12000.00,M
GRI,2025-11-18 03:53,36.00,35.00,96.11,0.00,7500.00,M
GRI,2025-11-18 04:53,35.00,35.00,100.00,6.90,7000.00,M
GRI,2025-11-18 05:53,34.00,33.00,96.07,9.20,7000.00,M
GRI,2025-11-18 06:53,33.00,32.00,96.05,8.05,M,M
GRI,2025-11-18 07:46,36.00,34.00,92.35,8.05,2100.00,M
GRI,2025-11-18 07:53,37.00,35.00,92.38,8.05,2100.00,M
GRI,2025-11-18 08:53,40.00,37.00,88.91,11.50,1700.00,M
GRI,2025-11-18 09:15,41.00,38.00,88.96,10.35,1900.00,M
GRI,2025-11-18 09:27,42.00,38.00,85.59,12.65,1900.00,M
GRI,2025-11-18 09:37,42.00,38.00,85.59,13.80,900.00,M
GRI,2025-11-18 09:53,43.00,38.00,82.36,14.95,1100.00,M
GRI,2025-11-18 10:53,43.00,37.00,79.18,12.65,1400.00,M
GRI,2025-11-18 11:53,44.00,36.00,73.25,12.65,1500.00,M
GRI,2025-11-18 12:53,45.00,36.00,70.51,12.65,1800.00,M
GRI,2025-11-18 13:53,44.00,37.00,76.21,12.65,1600.00,M
GRI,2025-11-18 14:53,45.00,36.00,70.51,9.20,1800.00,M
GRI,2025-11-18 15:53,45.00,36.00,70.51,8.05,2200.00,M
GRI,2025-11-18 16:53,44.00,36.00,73.25,8.05,2700.00,M
GRI,2025-11-18 17:53,44.00,36.00,73.25,8.05,2700.00,M
GRI,2025-11-18 18:53,43.00,36.00,76.11,5.75,2500.00,M
GRI,2025-11-18 19:53,43.00,36.00,76.11,0.00,2400.00,M
GRI,2025-11-18 20:53,42.00,36.00,79.10,5.75,2400.00,M
GRI,2025-11-18 21:53,42.00,36.00,79.10,0.00,2200.00,M
GRI,2025-11-18 22:53,42.00,36.00,79.10,0.00,2200.00,M
GRI,2025-11-18 23:53,42.00,36.00,79.10,0.00,2200.00,M
GRI,2025-11-19 00:53,41.00,37.00,85.53,5.75,2200.00,M
GRI,2025-11-19 01:53,41.00,37.00,85.53,5.75,2100.00,M
GRI,2025-11-19 02:53,41.00,36.00,82.21,8.05,2100.00,M
GRI,2025-11-19 03:53,41.00,36.00,82.21,6.90,2000.00,M
GRI,2025-11-19 04:53,39.00,36.00,88.87,5.75,1900.00,M
GRI,2025-11-19 05:09,37.00,35.00,92.38,4.60,1900.00,M
GRI,2025-11-19 05:53,36.00,34.00,92.35,4.60,M,M
GRI,2025-11-19 06:53,34.00,33.00,96.07,6.90,M,M
GRI,2025-11-19 07:30,35.00,34.00,96.09,6.90,10000.00,M
GRI,2025-11-19 07:53,35.00,34.00,96.09,5.75,10000.00,M
GRI,2025-11-19 08:28,37.00,36.00,96.12,6.90,M,M
GRI,2025-11-19 08:53,39.00,36.00,88.87,11.50,M,M
GRI,2025-11-19 09:53,42.00,37.00,82.29,12.65,M,M
GRI,2025-11-19 10:53,46.00,37.00,70.62,11.50,1200.00,M
GRI,2025-11-19 11:53,48.00,38.00,68.12,9.20,2800.00,M
GRI,2025-11-19 12:53,46.00,38.00,73.46,11.50,9000.00,M
GRI,2025-11-19 13:53,51.00,39.00,63.35,10.35,M,M
GRI,2025-11-19 14:53,51.00,39.00,63.35,13.80,M,M
GRI,2025-11-19 15:53,50.00,39.00,65.75,13.80,M,M
GRI,2025-11-19 16:53,47.00,39.00,73.56,10.35,M,M
GRI,2025-11-19 17:53,43.00,38.00,82.36,8.05,M,M
GRI,2025-11-19 18:53,42.00,38.00,85.59,9.20,M,M
GRI,2025-11-19 19:53,41.00,38.00,88.96,10.35,M,M
GRI,2025-11-19 20:53,37.00,35.00,92.38,6.90,M,M
GRI,2025-11-19 21:53,38.00,36.00,92.42,4.60,M,M
GRI,2025-11-19 22:53,34.00,33.00,96.07,4.60,M,M
GRI,2025-11-19 23:53,35.00,33.00,92.32,5.75,M,M
GRI,2025-11-20 00:53,35.00,34.00,96.09,8.05,M,M
GRI,2025-11-20 01:53,38.00,36.00,92.42,9.20,M,M
GRI,2025-11-20 02:53,35.00,33.00,92.32,6.90,M,M
GRI,2025-11-20 03:53,34.00,33.00,96.07,6.90,M,M
GRI,2025-11-20 04:53,32.00,31.00,96.04,9.20,M,M
GRI,2025-11-20 05:53,35.00,34.00,96.09,9.20,M,M
GRI,2025-11-20 06:53,34.00,33.00,96.07,8.05,M,M
GRI,2025-11-20 07:53,33.00,32.00,96.05,4.60,500.00,M
GRI,2025-11-20 08:14,35.00,34.00,96.09,10.35,3500.00,M
GRI,2025-11-20 08:29,36.00,35.00,96.11,11.50,200.00,M
GRI,2025-11-20 08:48,35.60,35.60,100.00,12.65,200.00,M
GRI,2025-11-20 08:53,37.00,36.00,96.12,12.65,200.00,M
GRI,2025-11-20 09:53,40.00,39.00,96.18,8.05,300.00,M
GRI,2025-11-20 10:07,40.00,40.00,100.00,8.05,200.00,M
GRI,2025-11-20 10:53,42.00,41.00,96.21,10.35,200.00,M
GRI,2025-11-20 11:04,42.00,41.00,96.21,10.35,200.00,M
GRI,2025-11-20 11:14,42.00,41.00,96.21,8.05,200.00,M
GRI,2025-11-20 11:23,42.00,41.00,96.21,10.35,200.00,M
GRI,2025-11-20 11:39,42.00,42.00,100.00,8.05,200.00,M
GRI,2025-11-20 11:49,42.80,41.00,93.29,9.20,200.00,M
GRI,2025-11-20 11:50,42.00,41.00,96.21,10.35,200.00,M
GRI,2025-11-20 11:58,43.00,42.00,96.23,8.05,200.00,M
GRI,2025-11-20 12:46,43.00,42.00,96.23,9.20,300.00,M
GRI,2025-11-20 12:53,43.00,42.00,96.23,9.20,300.00,M
GRI,2025-11-20 13:00,43.00,41.00,92.58,9.20,300.00,M
GRI,2025-11-20 13:53,44.00,42.00,92.61,12.65,400.00,M
GRI,2025-11-20 14:18,45.00,42.00,89.15,11.50,500.00,M
GRI,2025-11-20 14:53,46.00,42.00,85.83,12.65,600.00,M
GRI,2025-11-20 15:53,46.00,42.00,85.83,9.20,600.00,M
GRI,2025-11-20 16:53,45.00,41.00,85.77,10.35,800.00,M
GRI,2025-11-20 17:53,44.00,41.00,89.10,10.35,800.00,M
GRI,2025-11-20 18:53,43.00,40.00,89.05,6.90,1100.00,M
GRI,2025-11-20 19:24,41.00,39.00,92.51,5.75,1100.00,M
GRI,2025-11-20 19:53,41.00,39.00,92.51,6.90,M,M
GRI,2025-11-20 20:53,42.00,40.00,92.55,13.80,M,M
GRI,2025-11-20 21:53,42.00,39.00,89.01,12.65,800.00,M
GRI,2025-11-20 22:53,41.00,39.00,92.51,11.50,800.00,M
GRI,2025-11-20 23:53,41.00,38.00,88.96,M,800.00,M
GRI,2025-11-21 00:04,41.00,38.00,88.96,10.35,900.00,M
GRI,2025-11-21 00:53,41.00,39.00,92.51,8.05,700.00,M
GRI,2025-11-21 01:53,41.00,39.00,92.51,12.65,900.00,M
GRI,2025-11-21 02:53,41.00,38.00,88.96,11.50,800.00,M
GRI,2025-11-21 03:53,41.00,38.00,88.96,11.50,700.00,M
GRI,2025-11-21 04:53,40.00,38.00,92.48,16.10,700.00,M
GRI,2025-11-21 05:53,40.00,37.00,88.91,13.80,900.00,M
GRI,2025-11-21 06:24,40.00,37.00,88.91,12.65,1000.00,M
GRI,2025-11-21 06:53,40.00,37.00,88.91,14.95,1000.00,M
GRI,2025-11-21 07:53,40.00,37.00,88.91,12.65,1100.00,M
GRI,2025-11-21 08:53,40.00,37.00,88.91,14.95,1000.00,M
GRI,2025-11-21 09:00,40.00,38.00,92.48,13.80,1400.00,M
GRI,2025-11-21 09:07,40.00,38.00,92.48,13.80,800.00,M
GRI,2025-11-21 09:22,40.00,38.00,92.48,11.50,800.00,M
GRI,2025-11-21 09:53,40.00,38.00,92.48,13.80,800.00,M
GRI,2025-11-21 10:53,40.00,39.00,96.18,12.65,700.00,M
GRI,2025-11-21 11:53,41.00,39.00,92.51,11.50,800.00,M
GRI,2025-11-21 12:11,41.00,38.00,88.96,12.65,800.00,M
GRI,2025-11-21 12:53,41.00,38.00,88.96,11.50,900.00,M
GRI,2025-11-21 13:53,42.00,39.00,89.01,6.90,800.00,M
GRI,2025-11-21 14:53,42.00,38.00,85.59,8.05,7500.00,M
GRI,2025-11-21 15:53,42.00,39.00,89.01,8.05,12000.00,M
GRI,2025-11-21 16:53,42.00,39.00,89.01,4.60,6000.00,M
GRI,2025-11-21 17:53,40.00,38.00,92.48,4.60,6000.00,M
GRI,2025-11-21 18:53,38.00,36.00,92.42,3.45,M,M
GRI,2025-11-21 19:53,36.00,36.00,100.00,3.45,M,M
GRI,2025-11-21 20:53,37.00,35.00,92.38,0.00,M,M
GRI,2025-11-21 21:53,37.00,36.00,96.12,3.45,M,M
GRI,2025-11-21 22:53,35.00,34.00,96.09,5.75,M,M
GRI,2025-11-21 23:53,35.00,34.00,96.09,5.75,M,M
GRI,2025-11-22 00:53,36.00,34.00,92.35,6.90,M,M
GRI,2025-11-22 01:53,37.00,34.00,88.77,6.90,M,M
GRI,2025-11-22 02:53,40.00,36.00,85.47,12.65,M,M
GRI,2025-11-22 03:53,40.00,39.00,96.18,12.65,M,M
GRI,2025-11-22 04:53,40.00,38.00,92.48,12.65,M,M
GRI,2025-11-22 05:53,41.00,38.00,88.96,13.80,M,M
GRI,2025-11-22 06:53,39.00,37.00,92.45,11.50,M,M
GRI,2025-11-22 07:53,40.00,37.00,88.91,11.50,M,M
GRI,2025-11-22 08:53,45.00,39.00,79.35,14.95,M,M
GRI,2025-11-22 09:53,48.00,41.00,76.58,12.65,M,M
GRI,2025-11-22 10:53,53.00,44.00,71.39,13.80,M,M
GRI,2025-11-22 11:53,57.00,43.00,59.40,16.10,M,M
GRI,2025-11-22 12:53,61.00,43.00,51.49,12.65,M,M
GRI,2025-11-22 13:53,63.00,39.00,41.10,13.80,M,M
GRI,2025-11-22 14:53,64.00,32.00,30.05,13.80,M,M
GRI,2025-11-22 15:53,59.00,33.00,37.33,8.05,M,M
GRI,2025-11-22 16:53,55.00,35.00,46.72,4.60,M,M
GRI,2025-11-22 17:53,49.00,33.00,53.80,4.60,M,M
GRI,2025-11-22 18:53,42.00,33.00,70.18,4.60,M,M
GRI,2025-11-22 19:53,41.00,31.00,67.29,0.00,M,M
GRI,2025-11-22 20:53,37.00,30.00,75.54,0.00,M,M
GRI,2025-11-22 21:53,37.00,31.00,78.67,3.45,M,M
GRI,2025-11-22 22:53,34.00,29.00,81.69,4.60,M,M
GRI,2025-11-22 23:53,31.00,28.00,88.48,3.45,M,M
GRI,2025-11-23 00:53,31.00,27.00,84.90,3.45,M,M
GRI,2025-11-23 01:53,30.00,27.00,88.43,5.75,M,M
GRI,2025-11-23 02:53,32.00,28.00,84.97,4.60,M,M
GRI,2025-11-23 03:53,29.00,26.00,88.37,4.60,M,M
GRI,2025-11-23 04:53,25.00,23.00,91.97,0.00,M,M
GRI,2025-11-23 05:53,26.00,24.00,92.00,0.00,M,M
GRI,2025-11-23 06:53,26.00,24.00,92.00,3.45,M,M
GRI,2025-11-23 07:53,27.00,26.00,95.95,0.00,M,M
GRI,2025-11-23 08:53,36.00,32.00,85.22,0.00,M,M
GRI,2025-11-23 09:53,46.00,35.00,65.24,10.35,M,M
GRI,2025-11-23 10:53,54.00,37.00,52.45,12.65,M,M
GRI,2025-11-23 11:53,58.00,39.00,49.08,13.80,M,M
GRI,2025-11-23 12:53,61.00,42.00,49.55,13.80,M,M
GRI,2025-11-23 13:53,62.00,44.00,51.64,11.50,M,M
GRI,2025-11-23 14:53,62.00,43.00,49.70,11.50,M,M
GRI,2025-11-23 15:53,60.00,44.00,55.43,8.05,M,M
GRI,2025-11-23 16:53,54.00,44.00,68.82,5.75,M,M
GRI,2025-11-23 17:53,55.00,43.00,63.87,9.20,M,M
GRI,2025-11-23 18:53,53.00,45.00,74.16,10.35,M,M
GRI,2025-11-23 19:53,52.00,46.00,79.92,10.35,M,M
GRI,2025-11-23 20:53,54.00,47.00,77.12,12.65,M,M
GRI,2025-11-23 21:53,54.00,47.00,77.12,11.50,11000.00,M
GRI,2025-11-23 22:53,52.00,46.00,79.92,12.65,M,M
GRI,2025-11-23 23:53,52.00,47.00,82.99,8.05,10000.00,M
GRI,2025-11-24 00:53,51.00,47.00,86.12,8.05,7500.00,M
GRI,2025-11-24 01:53,49.00,47.00,92.77,6.90,5000.00,M
GRI,2025-11-24 02:50,48.20,46.40,93.45,5.75,2800.00,M
GRI,2025-11-24 02:53,49.00,47.00,92.77,5.75,2800.00,M
GRI,2025-11-24 03:53,48.00,47.00,96.31,6.90,2600.00,M
GRI,2025-11-24 04:53,48.00,47.00,96.31,6.90,2200.00,M
GRI,2025-11-24 05:04,48.00,47.00,96.31,6.90,2300.00,M
GRI,2025-11-24 05:39,48.00,48.00,100.00,6.90,300.00,M
GRI,2025-11-24 05:53,48.00,48.00,100.00,8.05,400.00,M
GRI,2025-11-24 06:02,48.00,48.00,100.00,9.20,400.00,M
GRI,2025-11-24 06:53,48.00,48.00,100.00,6.90,300.00,M
GRI,2025-11-24 07:18,48.00,48.00,100.00,4.60,200.00,M
GRI,2025-11-24 07:28,48.00,48.00,100.00,5.75,200.00,M
GRI,2025-11-24 07:51,48.20,48.20,100.00,3.45,200.00,M
GRI,2025-11-24 07:53,48.00,48.00,100.00,0.00,200.00,M
GRI,2025-11-24 08:19,48.00,48.00,100.00,3.45,200.00,M
GRI,2025-11-24 08:51,48.20,48.20,100.00,4.60,200.00,M
GRI,2025-11-24 08:52,49.00,48.00,96.32,5.75,200.00,M
GRI,2025-11-24 09:29,50.00,49.00,96.34,9.20,300.00,M
GRI,2025-11-24 09:53,51.00,49.00,92.83,12.65,400.00,M
GRI,2025-11-24 10:00,51.00,50.00,96.36,13.80,400.00,M
GRI,2025-11-24 10:53,53.00,49.00,86.23,6.90,600.00,M
GRI,2025-11-24 10:59,54.00,49.00,83.13,4.60,800.00,M
GRI,2025-11-24 11:53,53.00,48.00,83.06,4.60,800.00,M
GRI,2025-11-24 12:53,53.00,48.00,83.06,5.75,1200.00,M
GRI,2025-11-24 13:53,54.00,48.00,80.08,5.75,1200.00,M
GRI,2025-11-24 14:00,54.00,48.00,80.08,6.90,2200.00,M
GRI,2025-11-24 14:53,54.00,48.00,80.08,6.90,2600.00,M
GRI,2025-11-24 15:19,54.00,48.00,80.08,4.60,1900.00,M
GRI,2025-11-24 15:50,53.60,48.20,81.87,4.60,2200.00,M
GRI,2025-11-24 15:53,54.00,47.00,77.12,4.60,2200.00,M
GRI,2025-11-24 16:10,54.00,47.00,77.12,3.45,2200.00,M
GRI,2025-11-24 16:53,53.00,48.00,83.06,4.60,3400.00,M
GRI,2025-11-24 17:53,52.00,47.00,82.99,0.00,3400.00,M
GRI,2025-11-24 18:38,51.00,47.00,86.12,3.45,2900.00,M
GRI,2025-11-24 18:53,51.00,48.00,89.42,4.60,2800.00,M
GRI,2025-11-24 19:01,51.00,48.00,89.42,4.60,3000.00,M
GRI,2025-11-24 19:33,51.00,48.00,89.42,4.60,2800.00,M
GRI,2025-11-24 19:53,51.00,48.00,89.42,4.60,2800.00,M
GRI,2025-11-24 20:53,50.00,47.00,89.37,4.60,3900.00,M
GRI,2025-11-24 21:53,49.00,48.00,96.32,3.45,2400.00,M
GRI,2025-11-24 22:17,49.00,47.00,92.77,0.00,2300.00,M
GRI,2025-11-24 22:53,46.00,46.00,100.00,0.00,3900.00,M
GRI,2025-11-24 23:21,45.00,45.00,100.00,0.00,M,M
GRI,2025-11-24 23:32,46.00,46.00,100.00,0.00,M,M
GRI,2025-11-24 23:48,42.80,42.80,100.00,3.45,M,M
GRI,2025-11-24 23:53,41.00,41.00,100.00,3.45,M,M
GRI,2025-11-25 00:23,41.00,41.00,100.00,5.75,12000.00,M
GRI,2025-11-25 00:51,39.20,39.20,100.00,5.75,M,M
GRI,2025-11-25 00:53,40.00,40.00,100.00,6.90,M,M
GRI,2025-11-25 01:22,40.00,40.00,100.00,5.75,M,M
GRI,2025-11-25 01:32,40.00,40.00,100.00,5.75,M,M
GRI,2025-11-25 01:41,40.00,40.00,100.00,4.60,M,M
GRI,2025-11-25 01:53,40.00,40.00,100.00,5.75,M,M
GRI,2025-11-25 02:06,40.00,40.00,100.00,3.45,11000.00,M
GRI,2025-11-25 02:11,39.00,39.00,100.00,0.00,200.00,M
GRI,2025-11-25 02:18,39.00,39.00,100.00,3.45,200.00,M
GRI,2025-11-25 02:25,39.00,39.00,100.00,4.60,100.00,M
GRI,2025-11-25 02:32,38.00,38.00,100.00,5.75,200.00,M
GRI,2025-11-25 02:38,37.00,37.00,100.00,6.90,100.00,M
GRI,2025-11-25 02:41,37.00,37.00,100.00,6.90,100.00,M
GRI,2025-11-25 02:49,39.20,39.20,100.00,5.75,200.00,M
GRI,2025-11-25 02:53,40.00,39.00,96.18,4.60,200.00,M
GRI,2025-11-25 03:01,40.00,40.00,100.00,5.75,M,M
GRI,2025-11-25 03:15,36.00,36.00,100.00,6.90,M,M
GRI,2025-11-25 03:23,38.00,37.00,96.14,8.05,M,M
GRI,2025-11-25 03:31,37.00,36.00,96.12,6.90,M,M
GRI,2025-11-25 03:38,39.00,38.00,96.16,6.90,M,M
GRI,2025-11-25 03:53,36.00,36.00,100.00,4.60,M,M
GRI,2025-11-25 04:00,36.00,36.00,100.00,3.45,M,M
GRI,2025-11-25 04:53,38.00,37.00,96.14,14.95,M,M
GRI,2025-11-25 05:53,40.00,36.00,85.47,21.85,M,31.05
GRI,2025-11-25 06:53,41.00,36.00,82.21,21.85,M,31.05
GRI,2025-11-25 07:53,41.00,35.00,79.01,19.55,11000.00,31.05
GRI,2025-11-25 08:53,42.00,31.00,64.74,28.75,M,43.70
GRI,2025-11-25 09:53,44.00,25.00,46.85,33.35,M,54.05
GRI,2025-11-25 10:53,44.00,21.00,39.59,37.95,M,56.35
GRI,2025-11-25 11:53,46.00,20.00,35.17,33.35,M,54.05
GRI,2025-11-25 12:53,45.00,19.00,35.00,36.80,M,58.65
GRI,2025-11-25 13:53,43.00,20.00,39.43,37.95,5000.00,54.05
GRI,2025-11-25 14:53,42.00,20.00,40.97,39.10,M,58.65
GRI,2025-11-25 15:53,41.00,19.00,40.80,35.65,5000.00,56.35
GRI,2025-11-25 16:53,38.00,19.00,45.87,26.45,5500.00,55.20
GRI,2025-11-25 17:53,36.00,21.00,54.05,21.85,M,41.40
GRI,2025-11-25 18:53,35.00,20.00,53.90,16.10,4700.00,36.80
GRI,2025-11-25 19:53,35.00,20.00,53.90,29.90,4700.00,47.15
GRI,2025-11-25 20:53,35.00,18.00,49.47,26.45,4500.00,42.55
GRI,2025-11-25 21:53,32.00,18.00,55.79,16.10,M,40.25
GRI,2025-11-25 22:53,31.00,19.00,60.64,14.95,M,M
GRI,2025-11-25 23:53,29.00,18.00,63.02,14.95,M,M
GRI,2025-11-26 00:53,28.00,18.00,65.66,11.50,M,M
GRI,2025-11-26 01:53,27.00,17.00,65.53,13.80,M,M
GRI,2025-11-26 02:53,26.00,17.00,68.30,12.65,M,M
GRI,2025-11-26 03:53,25.00,18.00,74.34,11.50,M,M
GRI,2025-11-26 04:53,22.00,17.00,80.75,10.35,M,M
GRI,2025-11-26 05:53,21.00,17.00,84.25,9.20,M,M
GRI,2025-11-26 06:53,19.00,16.00,87.85,6.90,M,M
GRI,2025-11-26 07:53,19.00,15.00,84.11,9.20,M,M
GRI,2025-11-26 08:53,24.00,18.00,77.51,12.65,M,M
GRI,2025-11-26 09:53,28.00,19.00,68.54,13.80,M,M
GRI,2025-11-26 10:53,32.00,19.00,58.24,11.50,M,M
GRI,2025-11-26 11:53,37.00,17.00,43.77,13.80,M,M
GRI,2025-11-26 12:53,39.00,13.00,33.98,11.50,M,M
GRI,2025-11-26 13:53,41.00,12.00,30.08,14.95,M,M
GRI,2025-11-26 14:53,41.00,14.00,32.85,11.50,M,M
GRI,2025-11-26 15:53,39.00,13.00,33.98,11.50,M,M
GRI,2025-11-26 16:53,37.00,15.00,40.13,6.90,11000.00,M
GRI,2025-11-26 17:53,36.00,16.00,43.60,3.45,8000.00,M
GRI,2025-11-26 18:53,35.00,17.00,47.38,8.05,9000.00,M
GRI,2025-11-26 19:53,33.00,17.00,51.32,9.20,8000.00,M
GRI,2025-11-26 20:53,30.00,17.00,57.95,6.90,M,M
GRI,2025-11-26 21:53,27.00,17.00,65.53,4.60,M,M
GRI,2025-11-26 22:53,22.00,16.00,77.32,4.60,M,M
GRI,2025-11-26 23:53,22.00,16.00,77.32,3.45,M,M
GRI,2025-11-27 00:53,24.00,17.00,74.24,5.75,9000.00,M
GRI,2025-11-27 01:53,25.00,18.00,74.34,5.75,9500.00,M
GRI,2025-11-27 02:53,26.00,19.00,74.44,4.60,9500.00,M
GRI,2025-11-27 03:53,27.00,18.00,68.42,6.90,9000.00,M
GRI,2025-11-27 04:53,28.00,18.00,65.66,8.05,5500.00,M
GRI,2025-11-27 05:53,29.00,17.00,60.36,8.05,8500.00,M
GRI,2025-11-27 06:53,27.00,17.00,65.53,10.35,9000.00,M
GRI,2025-11-27 07:53,27.00,17.00,65.53,9.20,9000.00,M
GRI,2025-11-27 08:53,27.00,18.00,68.42,5.75,12000.00,M
GRI,2025-11-27 09:53,31.00,19.00,60.64,0.00,M,M
GRI,2025-11-27 10:53,35.00,21.00,56.24,5.75,M,M
GRI,2025-11-27 11:53,39.00,21.00,48.03,6.90,M,M
GRI,2025-11-27 12:53,42.00,22.00,44.60,11.50,M,M
GRI,2025-11-27 13:53,42.80,23.00,45.11,11.50,M,M
GRI,2025-11-27 14:53,44.00,22.00,41.31,11.50,M,M
GRI,2025-11-27 15:53,43.00,21.00,41.14,11.50,M,M
GRI,2025-11-27 16:53,38.00,20.00,47.87,11.50,M,M
GRI,2025-11-27 17:53,29.00,19.00,65.79,9.20,M,M
GRI,2025-11-27 18:53,25.00,17.00,71.20,4.60,M,M
GRI,2025-11-27 19:53,25.00,18.00,74.34,5.75,M,M
GRI,2025-11-27 20:53,M,M,M,M,M,M
GRI,2025-11-27 21:53,M,M,M,M,M,M
GRI,2025-11-27 22:53,M,M,M,M,M,M
GRI,2025-11-27 23:53,M,M,M,M,M,M
GRI,2025-11-28 00:53,M,M,M,M,M,M
GRI,2025-11-28 01:53,M,M,M,M,M,M
GRI,2025-11-28 04:30,23.00,15.80,73.49,4.60,10000.00,M
GRI,2025-11-28 04:55,23.00,17.60,79.45,4.60,10000.00,M
GRI,2025-11-28 05:33,23.00,17.60,79.45,4.60,10000.00,M
GRI,2025-11-28 05:55,23.00,15.80,73.49,4.60,7500.00,M
GRI,2025-11-28 06:53,23.00,17.60,79.45,9.20,7000.00,M
GRI,2025-11-28 07:53,23.00,17.60,79.45,12.65,7000.00,M
GRI,2025-11-28 08:53,24.80,17.60,73.68,13.80,6500.00,M
GRI,2025-11-28 09:53,24.80,17.60,73.68,12.65,6500.00,M
GRI,2025-11-28 10:53,26.60,17.60,68.37,16.10,5500.00,M
GRI,2025-11-28 11:53,26.60,17.60,68.37,14.95,5000.00,M
GRI,2025-11-28 12:53,26.60,17.60,68.37,14.95,4400.00,M
GRI,2025-11-28 13:53,28.40,17.60,63.49,17.25,4100.00,M
GRI,2025-11-28 14:53,28.40,17.60,63.49,13.80,3500.00,M
GRI,2025-11-28 15:53,28.40,19.40,68.59,12.65,3300.00,M
GRI,2025-11-28 16:53,28.40,19.40,68.59,11.50,3300.00,M
GRI,2025-11-28 17:53,28.40,19.40,68.59,11.50,3200.00,M
GRI,2025-11-28 18:53,26.60,21.20,79.76,11.50,3500.00,M
GRI,2025-11-28 19:53,26.60,21.20,79.76,12.65,4000.00,M
GRI,2025-11-28 20:53,26.60,21.20,79.76,42.55,M,M
GRI,2025-11-28 21:53,26.60,21.20,79.76,14.95,1400.00,M
GRI,2025-11-28 22:53,26.60,21.20,79.76,10.35,1000.00,M
GRI,2025-11-28 23:53,24.80,23.00,92.74,12.65,800.00,M
GRI,2025-11-29 00:53,24.80,24.80,100.00,13.80,600.00,M
GRI,2025-11-29 03:53,24.80,21.20,85.95,12.65,800.00,M
GRI,2025-11-29 04:53,23.00,21.20,92.68,16.10,900.00,M
GRI,2025-11-29 05:51,23.00,21.20,92.68,12.65,1300.00,M
GRI,2025-11-29 06:53,23.00,21.20,92.68,16.10,2200.00,M
GRI,2025-11-29 07:27,23.00,21.20,92.68,14.95,2900.00,M
GRI,2025-11-29 07:40,24.80,21.20,85.95,14.95,3300.00,M
GRI,2025-11-29 07:53,24.80,21.20,85.95,18.40,1000.00,M
GRI,2025-11-29 08:53,24.80,19.40,79.60,19.55,1500.00,M
GRI,2025-11-29 09:53,24.80,19.40,79.60,21.85,1700.00,M
GRI,2025-11-29 10:03,24.80,19.40,79.60,27.60,1700.00,M
GRI,2025-11-29 10:28,24.80,19.40,79.60,25.30,1900.00,M
GRI,2025-11-29 10:53,24.80,17.60,73.68,27.60,2200.00,M
GRI,2025-11-29 11:53,26.60,17.60,68.37,23.00,2700.00,M
GRI,2025-11-29 12:53,26.60,17.60,68.37,25.30,3200.00,M
GRI,2025-11-29 13:39,24.80,17.60,73.68,32.20,2700.00,M
GRI,2025-11-29 13:53,24.80,17.60,73.68,32.20,2900.00,M
GRI,2025-11-29 14:00,24.80,15.80,68.15,31.05,2800.00,M
GRI,2025-11-29 14:16,24.80,15.80,68.15,26.45,2900.00,M
GRI,2025-11-29 14:24,24.80,15.80,68.15,27.60,2900.00,M
GRI,2025-11-29 14:53,24.80,15.80,68.15,34.50,2900.00,M
GRI,2025-11-29 15:53,23.00,12.20,62.75,26.45,2800.00,M
GRI,2025-11-29 16:53,21.20,12.20,67.71,20.70,2900.00,M
GRI,2025-11-29 17:53,21.20,12.20,67.71,20.70,2600.00,M
GRI,2025-11-29 18:53,19.40,12.20,73.10,21.85,2500.00,M
GRI,2025-11-29 19:53,19.40,10.40,67.48,23.00,2500.00,M
GRI,2025-11-29 20:48,17.60,10.40,72.91,21.85,2700.00,M
GRI,2025-11-29 20:51,17.60,10.40,72.91,21.85,2700.00,M
GRI,2025-11-29 21:50,19.40,10.40,67.48,19.55,2800.00,M
GRI,2025-11-29 22:30,19.40,10.40,67.48,20.70,2700.00,M
GRI,2025-11-29 22:50,17.60,10.40,72.91,20.70,2600.00,M
GRI,2025-11-29 23:50,17.60,8.60,67.26,18.40,2600.00,M
GRI,2025-11-30 05:53,6.80,1.40,78.00,9.20,M,M
GRI,2025-11-30 06:53,6.80,1.40,78.00,10.35,M,M
GRI,2025-11-30 07:53,3.20,-0.40,84.55,10.35,M,M
GRI,2025-11-30 08:32,5.00,-0.40,77.83,9.20,2500.00,M
GRI,2025-11-30 08:53,6.80,-0.40,71.69,11.50,2500.00,M
GRI,2025-11-30 09:53,8.60,3.20,78.17,11.50,2100.00,M
GRI,2025-11-30 10:53,12.20,5.00,72.31,9.20,2100.00,M
GRI,2025-11-30 11:53,12.20,6.80,78.50,11.50,1800.00,M
GRI,2025-11-30 12:53,14.00,6.80,72.51,8.05,1900.00,M
GRI,2025-11-30 13:53,15.80,6.80,67.03,4.60,1900.00,M
GRI,2025-11-30 14:53,15.80,6.80,67.03,4.60,1900.00,M
GRI,2025-11-30 15:53,15.80,8.60,72.71,5.75,2000.00,M
GRI,2025-11-30 16:53,15.80,8.60,72.71,9.20,2000.00,M
GRI,2025-11-30 20:53,14.00,8.60,39.67,0.00,2100.00,M
GRI,2025-11-30 21:53,12.20,8.60,85.15,0.00,1900.00,M
GRI,2025-11-30 22:52,14.00,8.60,78.66,0.00,1900.00,M
GRI,2025-12-01 06:53,15.80,10.40,78.82,6.90,6500.00,M
GRI,2025-12-01 07:53,15.80,10.40,78.82,6.90,4800.00,M
GRI,2025-12-01 08:53,14.00,10.40,85.27,6.90,4800.00,M
GRI,2025-12-01 09:53,17.60,12.20,78.98,8.05,6000.00,M
GRI,2025-12-01 10:53,19.40,12.20,73.10,12.65,7500.00,M
GRI,2025-12-01 12:53,21.20,15.80,79.30,14.95,M,M
GRI,2025-12-01 13:53,23.00,15.80,73.49,18.40,M,M
GRI,2025-12-01 14:53,24.80,17.60,73.68,14.95,M,M
GRI,2025-12-01 15:53,24.80,17.60,73.68,13.80,M,M
GRI,2025-12-01 16:53,21.20,15.80,79.30,6.90,M,M
GRI,2025-12-01 17:53,19.40,15.80,85.61,6.90,M,M
GRI,2025-12-01 20:11,17.60,12.20,78.98,9.20,M,M
GRI,2025-12-01 20:53,19.40,15.80,85.61,10.35,M,M
GRI,2025-12-01 21:53,19.40,15.80,85.61,11.50,M,M
GRI,2025-12-01 22:52,19.40,14.00,79.14,11.50,M,M
GRI,2025-12-02 06:53,15.80,10.40,78.82,9.20,M,M
GRI,2025-12-02 07:53,14.00,8.60,78.66,4.60,M,M
GRI,2025-12-02 08:53,23.00,14.00,67.93,10.35,M,M
GRI,2025-12-02 09:53,28.40,17.60,63.49,11.50,M,M
GRI,2025-12-02 10:53,33.80,21.20,59.50,12.65,M,M
GRI,2025-12-02 11:53,37.00,21.00,51.96,16.10,M,M
GRI,2025-12-02 12:53,38.00,22.00,52.11,17.25,M,M
GRI,2025-12-02 13:53,41.00,25.00,52.58,12.65,M,M
GRI,2025-12-02 14:53,39.00,26.00,59.25,12.65,M,M
GRI,2025-12-02 15:53,38.00,27.00,64.22,12.65,12000.00,M
GRI,2025-12-02 16:53,38.00,28.00,66.92,10.35,11000.00,M
GRI,2025-12-02 17:53,37.00,28.00,69.60,9.20,10000.00,M
GRI,2025-12-02 18:53,36.00,28.00,72.41,3.45,10000.00,M
GRI,2025-12-02 19:53,34.00,29.00,81.69,5.75,11000.00,M
GRI,2025-12-02 20:53,33.00,29.00,85.03,0.00,11000.00,M
GRI,2025-12-02 21:53,31.00,28.00,88.48,3.45,M,M
GRI,2025-12-02 22:53,30.00,28.00,92.14,0.00,M,M
GRI,2025-12-02 23:53,31.00,28.00,88.48,5.75,M,M
GRI,2025-12-03 00:53,31.00,28.00,88.48,6.90,M,M
GRI,2025-12-03 01:53,34.00,29.00,81.69,10.35,M,M
GRI,2025-12-03 02:23,34.00,30.00,85.10,8.05,2200.00,M
GRI,2025-12-03 02:53,33.00,30.00,88.57,8.05,1900.00,M
GRI,2025-12-03 03:06,34.00,31.00,88.62,9.20,2000.00,M
GRI,2025-12-03 03:53,35.00,32.00,88.67,9.20,2100.00,M
GRI,2025-12-03 04:02,36.00,32.00,85.22,9.20,1900.00,M
GRI,2025-12-03 04:53,36.00,32.00,85.22,9.20,1600.00,M
GRI,2025-12-03 05:53,35.00,32.00,88.67,9.20,1800.00,M
GRI,2025-12-03 06:53,33.00,31.00,92.25,8.05,4300.00,M
GRI,2025-12-03 07:53,33.00,31.00,92.25,9.20,3000.00,M
GRI,2025-12-03 08:53,34.00,31.00,88.62,14.95,1300.00,M
GRI,2025-12-03 09:32,33.00,28.00,81.62,14.95,1100.00,M
GRI,2025-12-03 09:53,33.00,28.00,81.62,16.10,1900.00,M
GRI,2025-12-03 10:53,33.00,27.00,78.32,12.65,1500.00,M
GRI,2025-12-03 11:53,31.00,25.00,78.15,16.10,1700.00,M
GRI,2025-12-03 12:35,29.00,23.00,77.97,17.25,1400.00,M
GRI,2025-12-03 12:53,28.00,22.00,77.88,17.25,1500.00,M
GRI,2025-12-03 13:53,27.00,21.00,77.78,18.40,1500.00,M
GRI,2025-12-03 14:53,26.00,20.00,77.69,17.25,1700.00,M
GRI,2025-12-03 15:53,24.00,18.00,77.51,17.25,1800.00,M
GRI,2025-12-03 16:53,23.00,16.00,74.13,14.95,1700.00,M
GRI,2025-12-03 17:53,21.20,15.80,79.30,13.80,1500.00,M
GRI,2025-12-03 18:20,19.40,15.80,85.61,12.65,1400.00,M
GRI,2025-12-03 18:53,19.40,15.80,85.61,13.80,1400.00,M
GRI,2025-12-03 19:46,19.40,14.00,79.14,13.80,1500.00,M
GRI,2025-12-03 19:53,19.40,14.00,79.14,13.80,1500.00,M
GRI,2025-12-03 21:04,17.60,12.20,78.98,10.35,1500.00,M
GRI,2025-12-03 21:54,17.60,12.20,78.98,9.20,1500.00,M
GRI,2025-12-03 22:56,15.80,10.40,78.82,9.20,1600.00,M
GRI,2025-12-04 06:53,12.20,8.60,85.15,8.05,1000.00,M
GRI,2025-12-04 07:05,12.20,8.60,85.15,8.05,900.00,M
GRI,2025-12-04 07:53,12.20,10.40,92.31,10.35,800.00,M
GRI,2025-12-04 08:29,14.00,10.40,85.27,10.35,800.00,M
GRI,2025-12-04 08:53,15.80,10.40,78.82,12.65,900.00,M
GRI,2025-12-04 09:53,17.60,10.40,72.91,16.10,1200.00,M
GRI,2025-12-04 10:14,19.40,14.00,79.14,17.25,2200.00,M
GRI,2025-12-04 10:25,19.40,14.00,79.14,16.10,2200.00,M
GRI,2025-12-04 10:53,21.20,15.80,79.30,17.25,1100.00,M
GRI,2025-12-04 11:26,21.20,17.60,85.73,18.40,1100.00,M
GRI,2025-12-04 11:53,23.00,17.60,79.45,14.95,M,M
GRI,2025-12-04 12:05,24.80,17.60,73.68,14.95,1400.00,M
GRI,2025-12-04 13:53,28.40,21.20,74.06,18.40,1600.00,M
GRI,2025-12-04 14:53,30.20,21.20,68.81,17.25,1700.00,M
GRI,2025-12-04 15:53,32.00,21.20,63.97,14.95,2300.00,M
GRI,2025-12-04 16:53,30.20,21.20,68.81,13.80,2500.00,M
GRI,2025-12-04 17:53,28.40,21.20,74.06,16.10,M,M
GRI,2025-12-04 18:53,28.40,21.20,74.06,17.25,M,M
GRI,2025-12-04 19:53,30.20,23.00,74.24,14.95,M,M
GRI,2025-12-04 20:58,30.20,23.00,74.24,17.25,M,M
GRI,2025-12-04 22:03,30.20,24.80,80.06,14.95,M,M
GRI,2025-12-05 05:53,26.60,23.00,86.06,10.35,M,M
GRI,2025-12-05 06:53,28.40,21.20,74.06,12.65,M,M
GRI,2025-12-05 07:53,28.40,21.20,74.06,12.65,9500.00,M
GRI,2025-12-05 08:53,30.00,23.00,74.85,11.50,M,M
GRI,2025-12-05 09:53,37.00,25.00,61.48,13.80,M,M
GRI,2025-12-05 10:53,42.00,27.00,54.96,12.65,M,M
GRI,2025-12-05 11:53,47.00,30.00,51.37,11.50,M,M
GRI,2025-12-05 12:53,49.00,29.00,45.75,16.10,4700.00,M
GRI,2025-12-05 13:53,50.00,27.00,40.60,21.85,5500.00,33.35
GRI,2025-12-05 14:53,48.00,28.00,45.59,13.80,7000.00,31.05
GRI,2025-12-05 15:53,48.00,25.00,40.27,18.40,7000.00,32.20
GRI,2025-12-05 16:53,43.00,26.00,50.75,11.50,8500.00,M
GRI,2025-12-05 17:53,39.00,27.00,61.75,10.35,7000.00,M
GRI,2025-12-05 18:53,36.00,27.00,69.49,8.05,M,M
GRI,2025-12-05 19:53,36.00,27.00,69.49,9.20,M,M
GRI,2025-12-05 20:53,33.00,26.00,75.15,5.75,M,M
GRI,2025-12-05 21:53,28.00,24.00,84.71,4.60,M,M
GRI,2025-12-05 22:53,24.00,21.00,88.12,5.75,M,M
GRI,2025-12-05 23:53,27.00,25.00,92.04,0.00,M,M
GRI,2025-12-06 00:53,26.00,24.00,92.00,5.75,M,M
GRI,2025-12-06 01:53,26.00,24.00,92.00,5.75,M,M
GRI,2025-12-06 02:53,24.00,23.00,95.89,4.60,M,M
GRI,2025-12-06 03:53,24.00,22.00,91.93,8.05,M,M
GRI,2025-12-06 04:53,26.00,24.00,92.00,9.20,M,M
GRI,2025-12-06 05:53,30.00,27.00,88.43,11.50,8500.00,M
GRI,2025-12-06 06:53,31.00,27.00,84.90,11.50,8000.00,M
GRI,2025-12-06 07:53,32.00,28.00,84.97,16.10,8000.00,M
GRI,2025-12-06 08:53,32.00,28.00,84.97,16.10,6500.00,M
GRI,2025-12-06 09:53,32.00,29.00,88.53,14.95,4300.00,M
GRI,2025-12-06 10:53,34.00,30.00,85.10,17.25,5000.00,29.90
GRI,2025-12-06 11:53,36.00,31.00,81.84,16.10,6000.00,M
GRI,2025-12-06 12:53,40.00,31.00,69.95,10.35,7500.00,M
GRI,2025-12-06 13:53,45.00,30.00,55.41,13.80,7500.00,M
GRI,2025-12-06 14:53,47.00,31.00,53.50,9.20,M,M
GRI,2025-12-06 15:53,48.00,31.00,51.53,6.90,M,M
GRI,2025-12-06 16:53,43.00,31.00,62.29,9.20,M,M
GRI,2025-12-06 17:53,34.00,28.00,78.41,6.90,M,M
GRI,2025-12-06 18:53,32.00,29.00,88.53,8.05,M,M
GRI,2025-12-06 19:53,30.00,28.00,92.14,8.05,M,M
GRI,2025-12-06 20:37,36.00,31.00,81.84,17.25,2700.00,M
GRI,2025-12-06 20:53,36.00,31.00,81.84,17.25,2500.00,M
GRI,2025-12-06 21:53,34.00,29.00,81.69,20.70,1500.00,31.05
GRI,2025-12-06 22:53,32.00,27.00,81.54,23.00,1600.00,34.50
GRI,2025-12-06 23:13,32.00,27.00,81.54,21.85,1400.00,33.35
GRI,2025-12-06 23:53,30.00,25.00,81.39,23.00,1300.00,34.50
GRI,2025-12-07 00:53,28.00,24.00,84.71,20.70,1000.00,31.05
GRI,2025-12-07 01:09,27.00,24.00,88.27,24.15,900.00,29.90
GRI,2025-12-07 01:35,27.00,23.00,84.65,19.55,1000.00,29.90
GRI,2025-12-07 01:53,27.00,24.00,88.27,18.40,1000.00,29.90
GRI,2025-12-07 02:53,27.00,24.00,88.27,16.10,1100.00,M
GRI,2025-12-07 03:53,27.00,24.00,88.27,13.80,800.00,M
GRI,2025-12-07 04:53,26.00,23.00,88.22,10.35,800.00,M
GRI,2025-12-07 05:53,25.00,22.00,88.17,11.50,1000.00,M
GRI,2025-12-07 06:22,25.00,22.00,88.17,10.35,900.00,M
GRI,2025-12-07 06:53,25.00,22.00,88.17,12.65,800.00,M
GRI,2025-12-07 07:53,24.00,21.00,88.12,12.65,800.00,M
GRI,2025-12-07 08:53,24.00,20.00,84.45,11.50,800.00,M
GRI,2025-12-07 09:53,24.00,21.00,88.12,11.50,900.00,M
GRI,2025-12-07 10:44,25.00,20.00,80.99,9.20,1000.00,M
GRI,2025-12-07 10:53,25.00,20.00,80.99,8.05,1000.00,M
GRI,2025-12-07 11:28,24.00,21.00,88.12,5.75,800.00,M
GRI,2025-12-07 11:53,24.00,21.00,88.12,4.60,800.00,M
GRI,2025-12-07 12:53,25.00,21.00,84.51,3.45,900.00,M
GRI,2025-12-07 13:09,26.00,21.00,81.07,3.45,1000.00,M
GRI,2025-12-07 13:53,26.00,21.00,81.07,3.45,1100.00,M
GRI,2025-12-07 14:53,27.00,22.00,81.15,6.90,1200.00,M
GRI,2025-12-07 15:53,27.00,22.00,81.15,9.20,1300.00,M
GRI,2025-12-07 16:28,27.00,22.00,81.15,9.20,1600.00,M
GRI,2025-12-07 16:53,27.00,22.00,81.15,9.20,1800.00,M
GRI,2025-12-07 18:53,28.40,23.00,79.91,9.20,1900.00,M
GRI,2025-12-07 19:53,28.40,24.80,86.16,9.20,1800.00,M
GRI,2025-12-07 22:19,27.00,23.00,84.65,10.35,1500.00,M
GRI,2025-12-07 22:53,26.00,23.00,88.22,10.35,M,M
GRI,2025-12-07 23:46,26.00,23.00,88.22,10.35,900.00,M
GRI,2025-12-07 23:53,26.00,23.00,88.22,9.20,900.00,M
GRI,2025-12-08 06:53,24.80,24.80,100.00,8.05,300.00,M
GRI,2025-12-08 07:53,24.80,24.80,100.00,10.35,200.00,M
GRI,2025-12-08 08:53,26.60,24.80,92.80,6.90,300.00,M
GRI,2025-12-08 09:00,26.60,24.80,92.80,6.90,300.00,M
GRI,2025-12-08 09:39,26.60,26.60,100.00,10.35,300.00,M
GRI,2025-12-08 09:53,28.00,26.00,92.07,12.65,400.00,M
GRI,2025-12-08 10:53,34.00,27.00,75.25,11.50,M,M
GRI,2025-12-08 11:53,42.00,28.00,57.28,13.80,M,M
GRI,2025-12-08 12:53,45.00,27.00,49.00,16.10,M,M
GRI,2025-12-08 13:53,49.00,29.00,45.75,11.50,M,M
GRI,2025-12-08 14:53,53.00,28.00,37.87,13.80,M,M
GRI,2025-12-08 15:53,55.00,28.00,35.20,12.65,M,M
GRI,2025-12-08 16:53,49.00,28.00,43.91,4.60,M,M
GRI,2025-12-08 17:53,44.00,28.00,53.04,4.60,M,M
GRI,2025-12-08 18:53,41.00,27.00,57.13,8.05,M,M
GRI,2025-12-08 19:53,39.00,28.00,64.35,5.75,M,M
GRI,2025-12-08 20:53,39.00,28.00,64.35,6.90,10000.00,M
GRI,2025-12-08 21:53,41.00,29.00,62.02,9.20,11000.00,M
GRI,2025-12-08 22:53,40.00,28.00,61.89,4.60,11000.00,M
GRI,2025-12-08 23:53,38.00,28.00,66.92,9.20,8500.00,M
GRI,2025-12-09 00:53,37.00,28.00,69.60,6.90,M,M
GRI,2025-12-09 01:53,39.00,28.00,64.35,4.60,M,M
GRI,2025-12-09 02:53,37.00,26.00,64.09,4.60,M,M
GRI,2025-12-09 03:53,33.00,26.00,75.15,0.00,M,M
GRI,2025-12-09 04:53,28.00,23.00,81.23,4.60,M,M
GRI,2025-12-09 05:53,30.00,24.00,78.06,8.05,M,M
GRI,2025-12-09 06:53,33.00,25.00,72.09,10.35,M,M
GRI,2025-12-09 07:53,35.00,25.00,66.55,12.65,M,M
GRI,2025-12-09 08:53,41.00,27.00,57.13,13.80,M,M
GRI,2025-12-09 09:53,46.00,27.00,47.17,16.10,M,M
GRI,2025-12-09 10:53,50.00,28.00,42.31,13.80,M,31.05
GRI,2025-12-09 11:53,57.00,28.00,32.74,14.95,M,M
GRI,2025-12-09 12:53,62.00,27.00,26.29,23.00,M,31.05
GRI,2025-12-09 13:53,61.00,28.00,28.38,16.10,12000.00,31.05
GRI,2025-12-09 14:53,61.00,28.00,28.38,18.40,M,29.90
GRI,2025-12-09 15:53,60.00,29.00,30.63,14.95,M,M
GRI,2025-12-09 16:53,55.00,30.00,38.20,10.35,M,M
GRI,2025-12-09 17:53,52.00,30.00,42.64,11.50,M,M
GRI,2025-12-09 18:53,52.00,30.00,42.64,11.50,M,M
GRI,2025-12-09 19:53,50.00,31.00,47.82,10.35,M,M
GRI,2025-12-09 20:53,55.00,33.00,43.13,28.75,7000.00,43.70
GRI,2025-12-09 21:53,54.00,33.00,44.73,29.90,9000.00,54.05
GRI,2025-12-09 22:53,50.00,30.00,45.91,31.05,12000.00,46.00
GRI,2025-12-09 23:53,46.00,22.00,38.28,26.45,M,49.45
GRI,2025-12-10 00:53,45.00,22.00,39.76,23.00,M,46.00
GRI,2025-12-10 01:53,43.00,23.00,44.77,21.85,M,44.85
GRI,2025-12-10 02:53,41.00,22.00,46.36,26.45,M,44.85
GRI,2025-12-10 03:53,41.00,23.00,48.36,33.35,M,49.45
GRI,2025-12-10 04:53,40.00,24.00,52.43,32.20,M,55.20
GRI,2025-12-10 05:53,39.00,25.00,56.84,28.75,M,41.40
GRI,2025-12-10 06:53,35.00,26.00,69.37,11.50,M,35.65
GRI,2025-12-10 07:53,34.00,26.00,72.20,13.80,M,M
GRI,2025-12-10 08:53,39.00,26.00,59.25,21.85,M,34.50
GRI,2025-12-10 09:53,40.00,27.00,59.39,14.95,3100.00,M
GRI,2025-12-10 10:53,41.00,26.00,54.81,18.40,M,33.35
GRI,2025-12-10 11:53,41.00,23.00,48.36,17.25,M,29.90
GRI,2025-12-10 12:53,43.00,20.00,39.43,13.80,M,M
GRI,2025-12-10 13:53,44.00,18.00,34.83,12.65,M,M
GRI,2025-12-10 14:53,44.00,17.00,33.36,9.20,M,M
GRI,2025-12-10 15:53,43.00,17.00,34.66,4.60,12000.00,M
GRI,2025-12-10 16:53,40.00,18.00,40.64,0.00,12000.00,M
GRI,2025-12-10 17:53,39.00,19.00,44.11,0.00,11000.00,M
GRI,2025-12-10 18:53,37.00,23.00,56.54,3.45,10000.00,M
GRI,2025-12-10 19:53,37.00,22.00,54.21,0.00,7000.00,M
GRI,2025-12-10 20:53,38.00,21.00,49.95,0.00,5500.00,M
GRI,2025-12-10 21:53,37.00,24.00,58.96,5.75,7500.00,M
GRI,2025-12-10 22:53,36.00,22.00,56.39,9.20,6500.00,M
GRI,2025-12-10 23:53,35.00,21.00,56.24,10.35,7000.00,M
GRI,2025-12-11 00:53,33.00,21.00,60.92,8.05,9500.00,M
GRI,2025-12-11 01:53,31.00,22.00,68.90,6.90,9000.00,M
GRI,2025-12-11 02:53,30.00,22.00,71.76,8.05,9500.00,M
GRI,2025-12-11 03:53,31.00,22.00,68.90,9.20,11000.00,M
GRI,2025-12-11 04:53,31.00,22.00,68.90,9.20,10000.00,M
GRI,2025-12-11 05:53,30.00,23.00,74.85,9.20,10000.00,M
GRI,2025-12-11 06:53,29.00,23.00,77.97,9.20,11000.00,M
GRI,2025-12-11 07:53,29.00,23.00,77.97,9.20,12000.00,M
GRI,2025-12-11 08:53,29.00,24.00,81.31,8.05,12000.00,M
GRI,2025-12-11 09:53,31.00,25.00,78.15,6.90,12000.00,M
GRI,2025-12-11 10:53,34.00,25.00,69.26,8.05,M,M
GRI,2025-12-11 11:53,36.00,26.00,66.67,3.45,M,M
GRI,2025-12-11 12:53,37.00,27.00,66.80,5.75,M,M
GRI,2025-12-11 13:53,39.00,27.00,61.75,3.45,M,M
GRI,2025-12-11 14:53,41.00,28.00,59.53,4.60,M,M
GRI,2025-12-11 15:53,41.00,28.00,59.53,10.35,M,M
GRI,2025-12-11 16:53,37.00,27.00,66.80,10.35,M,M
GRI,2025-12-11 17:53,34.00,26.00,72.20,6.90,M,M
GRI,2025-12-11 18:53,30.00,25.00,81.39,5.75,M,M
GRI,2025-12-11 19:53,28.00,24.00,84.71,6.90,12000.00,M
GRI,2025-12-11 20:53,28.00,24.00,84.71,5.75,M,M
GRI,2025-12-11 21:53,26.00,23.00,88.22,8.05,M,M
GRI,2025-12-11 22:19,28.00,24.00,84.71,4.60,2100.00,M
GRI,2025-12-11 22:51,28.40,24.80,86.16,0.00,2100.00,M
GRI,2025-12-11 22:53,28.00,24.00,84.71,0.00,2200.00,M
GRI,2025-12-11 23:19,29.00,25.00,84.78,5.75,2800.00,M
GRI,2025-12-11 23:53,30.00,25.00,81.39,5.75,2700.00,M
GRI,2025-12-12 00:53,30.00,25.00,81.39,5.75,2800.00,M
GRI,2025-12-12 01:53,31.00,25.00,78.15,5.75,2500.00,M
GRI,2025-12-12 02:53,31.00,25.00,78.15,5.75,1600.00,M
GRI,2025-12-12 03:53,31.00,25.00,78.15,0.00,2100.00,M
GRI,2025-12-12 04:02,31.00,26.00,81.46,0.00,2100.00,M
GRI,2025-12-12 04:53,32.00,27.00,81.54,0.00,1500.00,M
GRI,2025-12-12 05:53,32.00,28.00,84.97,0.00,1100.00,M
GRI,2025-12-12 06:53,32.00,29.00,88.53,5.75,1200.00,M
GRI,2025-12-12 07:53,33.00,29.00,85.03,3.45,1000.00,M
GRI,2025-12-12 08:53,33.00,30.00,88.57,4.60,1000.00,M
GRI,2025-12-12 09:43,33.00,30.00,88.57,10.35,900.00,M
GRI,2025-12-12 09:53,34.00,30.00,85.10,10.35,800.00,M
GRI,2025-12-12 10:08,34.00,28.00,78.41,16.10,1000.00,M
GRI,2025-12-12 10:17,34.00,28.00,78.41,13.80,900.00,M
GRI,2025-12-12 10:25,34.00,27.00,75.25,13.80,1600.00,M
GRI,2025-12-12 10:53,34.00,25.00,69.26,16.10,1700.00,M
GRI,2025-12-12 11:53,32.00,23.00,69.02,17.25,1900.00,M
GRI,2025-12-12 12:53,31.00,24.00,74.95,14.95,1600.00,M
GRI,2025-12-12 13:53,30.00,22.00,71.76,17.25,1700.00,M
GRI,2025-12-12 14:29,29.00,23.00,77.97,17.25,1400.00,M
GRI,2025-12-12 14:53,28.00,22.00,77.88,16.10,1200.00,M
GRI,2025-12-12 15:31,28.00,20.00,71.54,16.10,1200.00,M
GRI,2025-12-12 15:53,27.00,20.00,74.54,12.65,1500.00,M
GRI,2025-12-12 16:03,25.00,19.00,77.60,16.10,1500.00,M
GRI,2025-12-12 16:11,25.00,18.00,74.34,14.95,1400.00,M
GRI,2025-12-12 16:21,24.00,17.00,74.24,14.95,1500.00,M
GRI,2025-12-12 16:53,23.00,16.00,74.13,16.10,1500.00,M
GRI,2025-12-12 17:53,21.00,12.00,67.68,14.95,1800.00,M
GRI,2025-12-12 18:04,21.00,12.00,67.68,14.95,1900.00,M
GRI,2025-12-12 18:53,20.00,11.00,67.56,12.65,3000.00,M
GRI,2025-12-12 19:53,19.00,10.00,67.43,11.50,2800.00,M
GRI,2025-12-12 20:53,18.00,9.00,67.31,12.65,2800.00,M
GRI,2025-12-12 21:53,17.00,9.00,70.27,12.65,2700.00,M
GRI,2025-12-12 22:53,17.00,6.00,61.35,8.05,2500.00,M
GRI,2025-12-12 23:53,16.00,7.00,67.05,6.90,2400.00,M
GRI,2025-12-13 00:53,16.00,9.00,73.39,8.05,2100.00,M
GRI,2025-12-13 01:53,15.00,10.00,80.17,5.75,1600.00,M
GRI,2025-12-13 02:00,15.00,11.00,83.83,5.75,1400.00,M
GRI,2025-12-13 02:53,15.00,11.00,83.83,6.90,1300.00,M
GRI,2025-12-13 03:23,15.00,12.00,87.64,6.90,900.00,M
GRI,2025-12-13 03:53,15.00,13.00,91.60,6.90,700.00,M
GRI,2025-12-13 04:34,15.00,13.00,91.60,8.05,600.00,M
GRI,2025-12-13 04:53,15.00,13.00,91.60,8.05,600.00,M
GRI,2025-12-13 05:37,14.00,12.00,91.56,10.35,600.00,M
GRI,2025-12-13 05:53,14.00,12.00,91.56,11.50,600.00,M
GRI,2025-12-13 06:13,14.00,12.00,91.56,9.20,600.00,M
GRI,2025-12-13 06:37,14.00,12.00,91.56,10.35,500.00,M
GRI,2025-12-13 06:53,14.00,12.00,91.56,11.50,500.00,M
GRI,2025-12-13 07:47,12.20,10.40,92.31,10.35,800.00,M
GRI,2025-12-13 07:53,13.00,11.00,91.52,9.20,800.00,M
GRI,2025-12-13 08:12,13.00,11.00,91.52,10.35,900.00,M
GRI,2025-12-13 08:19,13.00,11.00,91.52,11.50,800.00,M
GRI,2025-12-13 08:32,13.00,11.00,91.52,10.35,1000.00,M
GRI,2025-12-13 08:53,13.00,11.00,91.52,12.65,700.00,M
GRI,2025-12-13 09:09,13.00,10.00,87.53,11.50,1100.00,M
GRI,2025-12-13 09:19,13.00,11.00,91.52,14.95,800.00,M
GRI,2025-12-13 09:29,13.00,10.00,87.53,12.65,900.00,M
GRI,2025-12-13 09:46,13.00,10.00,87.53,12.65,1100.00,M
GRI,2025-12-13 09:53,13.00,10.00,87.53,14.95,1100.00,M
GRI,2025-12-13 10:53,12.00,9.00,87.47,13.80,1300.00,M
GRI,2025-12-13 11:00,12.00,9.00,87.47,17.25,1100.00,M
GRI,2025-12-13 11:04,12.00,9.00,87.47,14.95,1100.00,M
GRI,2025-12-13 11:17,12.00,9.00,87.47,9.20,1100.00,M
GRI,2025-12-13 11:32,12.00,8.00,83.62,10.35,1100.00,M
GRI,2025-12-13 11:53,12.00,9.00,87.47,11.50,1100.00,M
GRI,2025-12-13 12:20,12.00,8.00,83.62,13.80,1300.00,M
GRI,2025-12-13 12:53,12.00,8.00,83.62,19.55,1300.00,M
GRI,2025-12-13 13:00,12.00,8.00,83.62,18.40,1300.00,M
GRI,2025-12-13 13:53,12.00,7.00,79.92,16.10,1400.00,M
GRI,2025-12-13 14:00,12.00,7.00,79.92,11.50,1600.00,M
GRI,2025-12-13 14:28,12.00,7.00,79.92,12.65,1600.00,M
GRI,2025-12-13 14:53,13.00,7.00,76.46,13.80,1600.00,M
GRI,2025-12-13 15:16,14.00,8.00,76.56,16.10,1800.00,M
GRI,2025-12-13 15:53,13.00,7.00,76.46,11.50,2000.00,M
GRI,2025-12-13 16:44,10.00,4.00,76.17,8.05,1100.00,M
GRI,2025-12-13 16:53,9.00,4.00,79.66,8.05,M,M
GRI,2025-12-13 17:53,5.00,1.00,83.11,6.90,M,M
GRI,2025-12-13 18:53,5.00,1.00,83.11,4.60,2300.00,M
GRI,2025-12-13 19:53,4.00,0.00,83.03,5.75,M,M
GRI,2025-12-13 20:53,3.00,-1.00,82.96,4.60,M,M
GRI,2025-12-13 21:53,2.00,-2.00,82.88,8.05,M,M
GRI,2025-12-13 22:53,3.00,-1.00,82.96,6.90,M,M
GRI,2025-12-13 23:53,1.00,-3.00,82.81,6.90,M,M
GRI,2025-12-14 00:53,0.00,-4.00,82.73,5.75,M,M
GRI,2025-12-14 01:53,1.00,-3.00,82.81,8.05,M,M
GRI,2025-12-14 02:53,1.00,-3.00,82.81,4.60,M,M
GRI,2025-12-14 03:53,0.00,-3.00,86.78,4.60,M,M
GRI,2025-12-14 04:53,0.00,-3.00,86.78,3.45,M,M
GRI,2025-12-14 05:53,2.00,-2.00,82.88,3.45,M,M
GRI,2025-12-14 06:53,1.00,-3.00,82.81,4.60,M,M
GRI,2025-12-14 07:53,4.00,0.00,83.03,6.90,M,M
GRI,2025-12-14 08:53,8.00,2.00,75.97,10.35,M,M
GRI,2025-12-14 09:53,11.00,5.00,76.27,12.65,M,M
GRI,2025-12-14 10:53,13.00,7.00,76.46,16.10,M,M
GRI,2025-12-14 11:53,16.00,9.00,73.39,14.95,M,M
GRI,2025-12-14 12:53,19.00,11.00,70.51,16.10,M,M
GRI,2025-12-14 13:53,22.00,14.00,70.86,16.10,M,29.90
GRI,2025-12-14 14:53,23.00,14.00,67.93,19.55,2100.00,M
GRI,2025-12-14 15:53,24.00,15.00,68.05,17.25,2100.00,32.20
GRI,2025-12-14 16:53,23.00,16.00,74.13,19.55,2000.00,32.20
GRI,2025-12-14 17:53,23.00,18.00,80.83,19.55,1600.00,35.65
GRI,2025-12-14 18:30,23.00,17.00,77.42,12.65,1600.00,M
GRI,2025-12-14 18:53,22.00,17.00,80.75,12.65,M,M
GRI,2025-12-14 19:53,21.00,16.00,80.67,11.50,M,M
GRI,2025-12-14 20:53,22.00,15.00,74.03,12.65,M,M
GRI,2025-12-14 21:53,23.00,14.00,67.93,13.80,M,M
GRI,2025-12-14 22:53,23.00,14.00,67.93,16.10,M,M
GRI,2025-12-14 23:53,24.00,15.00,68.05,18.40,M,M
GRI,2025-12-15 00:53,25.00,16.00,68.18,14.95,M,29.90
GRI,2025-12-15 01:53,25.00,17.00,71.20,13.80,M,M
GRI,2025-12-15 02:53,24.00,17.00,74.24,16.10,M,M
GRI,2025-12-15 03:53,24.00,17.00,74.24,13.80,M,M
GRI,2025-12-15 04:53,23.00,18.00,80.83,16.10,M,M
GRI,2025-12-15 05:53,24.00,19.00,80.91,12.65,M,M
GRI,2025-12-15 06:53,24.00,20.00,84.45,12.65,M,M
GRI,2025-12-15 07:53,23.00,20.00,88.07,11.50,M,M
GRI,2025-12-15 08:53,26.00,20.00,77.69,10.35,M,M
GRI,2025-12-15 09:53,31.00,23.00,71.87,8.05,M,M
GRI,2025-12-15 10:53,40.00,26.00,56.98,6.90,M,M
GRI,2025-12-15 11:53,49.00,27.00,42.14,8.05,M,M
GRI,2025-12-15 12:53,54.00,28.00,36.51,6.90,M,M
GRI,2025-12-15 13:53,60.00,27.00,28.22,8.05,M,M
GRI,2025-12-15 14:53,62.00,25.00,24.19,5.75,M,M
GRI,2025-12-15 15:53,62.00,24.00,23.20,0.00,M,M
GRI,2025-12-15 16:53,56.00,25.00,29.98,0.00,M,M
GRI,2025-12-15 17:53,44.00,25.00,46.85,0.00,M,M
GRI,2025-12-15 18:53,36.00,24.00,61.34,3.45,M,M
GRI,2025-12-15 19:53,33.00,24.00,69.14,0.00,M,M
GRI,2025-12-15 20:53,36.00,26.00,66.67,9.20,M,M
GRI,2025-12-15 21:53,33.00,25.00,72.09,6.90,M,M
GRI,2025-12-15 22:53,34.00,24.00,66.42,5.75,M,M
GRI,2025-12-15 23:53,30.00,25.00,81.39,4.60,M,M
GRI,2025-12-16 00:53,28.00,23.00,81.23,4.60,M,M
GRI,2025-12-16 01:53,30.00,25.00,81.39,3.45,M,M
GRI,2025-12-16 02:53,33.00,26.00,75.15,5.75,M,M
GRI,2025-12-16 03:53,25.00,22.00,88.17,10.35,M,M
GRI,2025-12-16 04:53,32.00,25.00,75.05,8.05,M,M
GRI,2025-12-16 05:53,28.00,23.00,81.23,6.90,M,M
GRI,2025-12-16 06:53,28.00,22.00,77.88,5.75,M,M
GRI,2025-12-16 07:53,26.00,22.00,84.58,5.75,M,M
GRI,2025-12-16 08:53,36.00,23.00,58.82,11.50,M,M
GRI,2025-12-16 09:53,43.00,24.00,46.69,13.80,M,M
GRI,2025-12-16 10:53,53.00,24.00,32.08,14.95,M,M
GRI,2025-12-16 11:53,59.00,22.00,23.73,14.95,M,M
GRI,2025-12-16 12:53,59.00,23.00,24.75,6.90,M,M
GRI,2025-12-16 13:53,59.00,24.00,25.81,5.75,M,M
GRI,2025-12-16 14:53,62.00,24.00,23.20,8.05,M,M
GRI,2025-12-16 15:53,63.00,26.00,24.35,4.60,M,M
GRI,2025-12-16 16:53,53.00,26.00,34.87,3.45,M,M
GRI,2025-12-16 17:53,47.00,25.00,41.81,10.35,M,M
GRI,2025-12-16 18:53,42.00,26.00,52.74,9.20,M,M
GRI,2025-12-16 19:53,40.00,27.00,59.39,3.45,M,M
GRI,2025-12-16 20:53,37.00,26.00,64.09,6.90,M,M
GRI,2025-12-16 21:53,35.00,25.00,66.55,5.75,M,M
GRI,2025-12-16 22:53,32.00,25.00,75.05,6.90,M,M
GRI,2025-12-16 23:53,33.00,25.00,72.09,4.60,M,M
GRI,2025-12-17 00:53,31.00,24.00,74.95,4.60,M,M
GRI,2025-12-17 01:53,29.00,23.00,77.97,3.45,M,M
GRI,2025-12-17 02:53,29.00,23.00,77.97,3.45,M,M
GRI,2025-12-17 03:53,27.00,23.00,84.65,4.60,M,M
GRI,2025-12-17 04:53,26.00,22.00,84.58,5.75,M,M
GRI,2025-12-17 05:53,29.00,23.00,77.97,4.60,M,M
GRI,2025-12-17 06:53,28.00,23.00,81.23,6.90,M,M
GRI,2025-12-17 07:53,30.00,24.00,78.06,10.35,M,M
GRI,2025-12-17 08:53,37.00,26.00,64.09,10.35,M,M
GRI,2025-12-17 09:53,42.00,26.00,52.74,9.20,M,M
GRI,2025-12-17 10:53,50.00,29.00,44.08,12.65,M,M
GRI,2025-12-17 11:53,52.00,30.00,42.64,14.95,M,33.35
GRI,2025-12-17 12:53,54.00,29.00,38.03,11.50,M,M
GRI,2025-12-17 13:53,54.00,28.00,36.51,18.40,M,M
GRI,2025-12-17 14:53,55.00,28.00,35.20,16.10,M,29.90
GRI,2025-12-17 15:53,54.00,29.00,38.03,16.10,M,M
GRI,2025-12-17 16:53,51.00,29.00,42.47,16.10,M,33.35
GRI,2025-12-17 17:53,46.00,30.00,53.35,19.55,M,32.20
GRI,2025-12-17 18:53,47.00,32.00,55.71,16.10,M,M
GRI,2025-12-17 19:53,46.00,33.00,60.23,16.10,12000.00,M
GRI,2025-12-17 20:53,49.00,36.00,60.64,25.30,7000.00,34.50
GRI,2025-12-17 21:53,49.00,38.00,65.62,23.00,12000.00,35.65
GRI,2025-12-17 22:25,50.00,38.00,63.22,26.45,3100.00,49.45
GRI,2025-12-17 22:53,46.00,40.00,79.43,9.20,3800.00,49.45
GRI,2025-12-17 23:53,46.00,40.00,79.43,4.60,6500.00,M
GRI,2025-12-18 00:53,46.00,40.00,79.43,18.40,4300.00,M
GRI,2025-12-18 01:10,49.00,43.00,79.68,33.35,2400.00,58.65
GRI,2025-12-18 01:23,42.00,38.00,85.59,33.35,2200.00,58.65
GRI,2025-12-18 01:34,42.00,36.00,79.10,35.65,2200.00,58.65
GRI,2025-12-18 01:53,41.00,36.00,82.21,23.00,4300.00,58.65
GRI,2025-12-18 02:53,41.00,33.00,72.94,29.90,3800.00,49.45
GRI,2025-12-18 03:53,38.00,33.00,81.99,5.75,11000.00,41.40
GRI,2025-12-18 04:53,36.00,32.00,85.22,12.65,M,M
GRI,2025-12-18 05:53,36.00,30.00,78.58,16.10,M,M
GRI,2025-12-18 06:53,35.00,27.00,72.30,13.80,M,M
GRI,2025-12-18 07:53,35.00,23.00,61.20,18.40,M,M
GRI,2025-12-18 08:53,35.00,26.00,69.37,28.75,4500.00,54.05
GRI,2025-12-18 09:00,34.00,25.00,69.26,25.30,4500.00,43.70
GRI,2025-12-18 09:53,28.00,12.00,50.52,26.45,9500.00,57.50
GRI,2025-12-18 10:53,27.00,11.00,50.36,36.80,3900.00,55.20
GRI,2025-12-18 11:53,26.00,7.00,43.85,32.20,4100.00,56.35
GRI,2025-12-18 12:53,28.00,8.00,42.25,32.20,M,59.80
GRI,2025-12-18 13:53,29.00,9.00,42.42,34.50,M,56.35
GRI,2025-12-18 14:53,31.00,10.00,40.89,33.35,M,55.20
GRI,2025-12-18 15:53,33.00,12.00,41.23,36.80,M,49.45
GRI,2025-12-18 16:53,32.00,9.00,37.55,19.55,M,48.30
GRI,2025-12-18 17:53,30.00,12.00,46.55,16.10,M,31.05
GRI,2025-12-18 18:53,28.00,13.00,52.81,13.80,M,M
GRI,2025-12-18 19:53,28.00,12.00,50.52,17.25,M,M
GRI,2025-12-18 20:53,25.00,13.00,59.79,12.65,M,M
GRI,2025-12-18 21:53,20.00,11.00,67.56,8.05,M,M
GRI,2025-12-18 22:53,20.00,12.00,70.63,10.35,M,M
GRI,2025-12-18 23:53,17.00,11.00,76.85,4.60,M,M
GRI,2025-12-19 00:53,19.00,12.00,73.71,10.35,M,M
GRI,2025-12-19 01:53,19.00,12.00,73.71,3.45,M,M
GRI,2025-12-19 02:53,15.00,11.00,83.83,8.05,M,M
GRI,2025-12-19 03:53,17.00,11.00,76.85,4.60,M,M
GRI,2025-12-19 04:53,15.00,11.00,83.83,8.05,M,M
GRI,2025-12-19 05:53,17.00,12.00,80.34,8.05,M,M
GRI,2025-12-19 06:53,19.00,13.00,77.04,10.35,M,M
GRI,2025-12-19 07:53,20.00,13.00,73.82,11.50,M,M
GRI,2025-12-19 08:53,23.00,14.00,67.93,18.40,M,M
GRI,2025-12-19 09:53,29.00,16.00,57.80,20.70,M,29.90
GRI,2025-12-19 10:53,36.00,17.00,45.54,21.85,M,31.05
GRI,2025-12-19 11:53,41.00,16.00,35.85,21.85,M,36.80
GRI,2025-12-19 12:53,43.00,17.00,34.66,19.55,M,36.80
GRI,2025-12-19 13:53,46.00,18.00,32.28,20.70,M,34.50
GRI,2025-12-19 14:53,49.00,18.00,28.83,14.95,M,33.35
GRI,2025-12-19 15:53,48.00,17.00,28.67,14.95,M,33.35
GRI,2025-12-19 16:53,47.00,17.00,29.77,16.10,M,M
GRI,2025-12-19 17:53,45.00,17.00,32.11,17.25,M,29.90
GRI,2025-12-19 18:53,45.00,18.00,33.53,18.40,M,29.90
GRI,2025-12-19 19:53,44.00,19.00,36.36,17.25,M,29.90
GRI,2025-12-19 20:53,45.00,20.00,36.53,20.70,M,29.90
GRI,2025-12-19 21:53,46.00,20.00,35.17,21.85,M,31.05
GRI,2025-12-19 22:53,48.00,21.00,34.03,21.85,M,34.50
GRI,2025-12-19 23:53,49.00,21.00,32.78,18.40,M,35.65
GRI,2025-12-20 00:53,48.00,22.00,35.50,14.95,M,M
GRI,2025-12-20 01:53,48.00,23.00,37.03,14.95,11000.00,M
GRI,2025-12-20 02:53,46.00,25.00,43.42,16.10,M,29.90
GRI,2025-12-20 03:53,44.00,27.00,50.90,21.85,M,40.25
GRI,2025-12-20 04:53,42.00,26.00,52.74,20.70,M,31.05
GRI,2025-12-20 05:53,39.00,24.00,54.51,12.65,M,M
GRI,2025-12-20 06:53,38.00,24.00,56.69,12.65,M,M
GRI,2025-12-20 07:53,36.00,25.00,63.96,13.80,M,M
GRI,2025-12-20 08:53,38.00,25.00,59.11,17.25,8000.00,M
GRI,2025-12-20 09:53,40.00,23.00,50.27,14.95,12000.00,M
GRI,2025-12-20 10:53,43.00,22.00,42.92,16.10,M,M
GRI,2025-12-20 11:53,44.00,18.00,34.83,16.10,M,M
GRI,2025-12-20 12:53,46.00,13.00,25.96,14.95,M,M
GRI,2025-12-20 13:53,47.00,11.00,22.88,13.80,M,M
GRI,2025-12-20 14:53,47.00,10.00,21.88,11.50,M,M
GRI,2025-12-20 15:53,46.00,10.00,22.72,8.05,M,M
GRI,2025-12-20 16:53,43.00,10.00,25.47,3.45,M,M
GRI,2025-12-20 17:53,37.00,13.00,36.75,0.00,8000.00,M
GRI,2025-12-20 18:53,33.00,14.00,45.04,8.05,M,M
GRI,2025-12-20 19:53,36.00,13.00,38.24,5.75,M,M
GRI,2025-12-20 20:53,30.00,13.00,48.66,6.90,M,M
GRI,2025-12-20 21:53,31.00,13.00,46.72,6.90,M,M
GRI,2025-12-20 22:53,27.00,14.00,57.50,9.20,M,M
GRI,2025-12-20 23:53,25.00,14.00,62.47,8.05,M,M
GRI,2025-12-21 00:53,26.00,16.00,65.40,6.90,M,M
GRI,2025-12-21 01:53,26.00,17.00,68.30,9.20,M,M
GRI,2025-12-21 02:53,30.00,18.00,60.50,9.20,M,M
GRI,2025-12-21 03:53,31.00,18.00,58.09,8.05,M,M
GRI,2025-12-21 04:53,31.00,17.00,55.64,10.35,M,M
GRI,2025-12-21 05:53,32.00,17.00,53.43,10.35,M,M
GRI,2025-12-21 06:53,31.00,18.00,58.09,11.50,M,M
GRI,2025-12-21 07:53,31.00,17.00,55.64,11.50,M,M
GRI,2025-12-21 08:53,33.00,17.00,51.32,12.65,M,M
GRI,2025-12-21 09:53,38.00,17.00,42.08,13.80,M,M
GRI,2025-12-21 10:53,41.00,16.00,35.85,16.10,M,M
GRI,2025-12-21 11:53,44.00,13.00,28.01,18.40,M,32.20
GRI,2025-12-21 12:53,45.00,12.00,25.80,20.70,M,35.65
GRI,2025-12-21 13:53,46.00,15.00,28.34,16.10,M,29.90
GRI,2025-12-21 14:53,48.00,16.00,27.45,16.10,M,29.90
GRI,2025-12-21 15:53,47.00,16.00,28.50,16.10,M,M
GRI,2025-12-21 16:53,44.00,16.00,31.94,10.35,M,M
GRI,2025-12-21 17:53,38.00,16.00,40.30,6.90,M,M
GRI,2025-12-21 18:53,38.00,17.00,42.08,10.35,M,M
GRI,2025-12-21 19:53,38.00,17.00,42.08,14.95,M,M
GRI,2025-12-21 20:53,38.00,18.00,43.94,13.80,M,M
GRI,2025-12-21 21:53,38.00,20.00,47.87,11.50,M,M
GRI,2025-12-21 22:53,38.00,22.00,52.11,16.10,M,M
GRI,2025-12-21 23:53,38.00,24.00,56.69,16.10,M,M
GRI,2025-12-22 00:53,39.00,26.00,59.25,16.10,M,M
GRI,2025-12-22 01:53,39.00,27.00,61.75,14.95,M,M
GRI,2025-12-22 02:53,38.00,27.00,64.22,13.80,M,M
GRI,2025-12-22 03:53,36.00,27.00,69.49,11.50,M,M
GRI,2025-12-22 04:53,35.00,27.00,72.30,11.50,M,M
GRI,2025-12-22 05:53,33.00,27.00,78.32,12.65,M,M
GRI,2025-12-22 06:53,34.00,28.00,78.41,9.20,M,M
GRI,2025-12-22 07:53,32.00,28.00,84.97,8.05,M,M
GRI,2025-12-22 08:53,36.00,29.00,75.44,11.50,M,M
GRI,2025-12-22 09:53,41.00,31.00,67.29,10.35,M,M
GRI,2025-12-22 10:53,46.00,32.00,57.85,13.80,M,M
GRI,2025-12-22 11:53,51.00,33.00,49.95,10.35,M,M
GRI,2025-12-22 12:53,56.00,34.00,43.29,10.35,M,M
GRI,2025-12-22 13:53,59.00,34.00,38.86,12.65,M,M
GRI,2025-12-22 14:53,62.00,35.00,36.36,12.65,M,M
GRI,2025-12-22 15:53,63.00,33.00,32.40,10.35,M,M
GRI,2025-12-22 16:53,58.00,32.00,37.17,8.05,M,M
GRI,2025-12-22 17:53,52.00,33.00,48.14,10.35,M,M
GRI,2025-12-22 18:53,53.00,33.00,46.40,9.20,M,M
GRI,2025-12-22 19:53,50.00,32.00,49.79,10.35,M,M
GRI,2025-12-22 20:53,48.00,33.00,55.86,10.35,M,M
GRI,2025-12-22 21:53,42.00,32.00,67.41,4.60,M,M
GRI,2025-12-22 22:53,41.00,32.00,70.06,3.45,M,M
GRI,2025-12-22 23:53,38.00,30.00,72.62,10.35,M,M
GRI,2025-12-23 00:53,44.00,32.00,62.43,8.05,M,M
GRI,2025-12-23 01:53,46.00,32.00,57.85,13.80,M,M
GRI,2025-12-23 02:53,41.00,32.00,70.06,8.05,M,M
GRI,2025-12-23 03:53,36.00,30.00,78.58,0.00,M,M
GRI,2025-12-23 04:53,38.00,31.00,75.64,8.05,M,M
GRI,2025-12-23 05:53,37.00,30.00,75.54,0.00,M,M
GRI,2025-12-23 06:53,32.00,28.00,84.97,3.45,M,M
GRI,2025-12-23 07:53,33.00,29.00,85.03,9.20,M,M
GRI,2025-12-23 08:53,36.00,30.00,78.58,4.60,M,M
GRI,2025-12-23 09:53,39.00,32.00,75.73,3.45,M,M
GRI,2025-12-23 10:53,47.00,34.00,60.37,10.35,M,M
GRI,2025-12-23 11:53,49.00,35.00,58.28,5.75,M,M
GRI,2025-12-23 12:53,52.00,35.00,52.14,4.60,M,M
GRI,2025-12-23 13:53,54.00,36.00,50.41,5.75,M,M
GRI,2025-12-23 14:53,55.00,36.00,48.61,4.60,M,M
GRI,2025-12-23 15:53,54.00,36.00,50.41,3.45,M,M
GRI,2025-12-23 16:53,50.00,36.00,58.42,5.75,M,M
GRI,2025-12-23 17:53,41.00,32.00,70.06,9.20,M,M
GRI,2025-12-23 18:53,43.00,34.00,70.29,9.20,M,M
GRI,2025-12-23 19:53,40.00,33.00,75.83,9.20,M,M
GRI,2025-12-23 20:53,37.00,31.00,78.67,6.90,M,M
GRI,2025-12-23 21:53,36.00,31.00,81.84,5.75,M,M
GRI,2025-12-23 22:53,35.00,30.00,81.77,3.45,M,M
GRI,2025-12-23 23:53,36.00,31.00,81.84,5.75,M,M
GRI,2025-12-24 00:53,37.00,31.00,78.67,4.60,M,M
GRI,2025-12-24 01:53,34.00,31.00,88.62,0.00,M,M
GRI,2025-12-24 02:43,32.00,29.00,88.53,5.75,500.00,M
GRI,2025-12-24 02:53,35.00,31.00,85.16,4.60,500.00,M
GRI,2025-12-24 03:53,34.00,31.00,88.62,5.75,400.00,M
GRI,2025-12-24 04:09,35.00,33.00,92.32,11.50,400.00,M
GRI,2025-12-24 04:23,36.00,35.00,96.11,8.05,300.00,M
GRI,2025-12-24 04:32,36.00,35.00,96.11,8.05,300.00,M
GRI,2025-12-24 04:44,37.00,36.00,96.12,6.90,200.00,M
GRI,2025-12-24 04:53,37.00,37.00,100.00,6.90,200.00,M
GRI,2025-12-24 05:53,39.00,39.00,100.00,8.05,200.00,M
GRI,2025-12-24 06:24,40.00,39.00,96.18,8.05,200.00,M
GRI,2025-12-24 06:53,40.00,39.00,96.18,3.45,200.00,M
GRI,2025-12-24 07:28,39.00,39.00,100.00,6.90,200.00,M
GRI,2025-12-24 07:53,38.00,38.00,100.00,4.60,300.00,M
GRI,2025-12-24 08:53,38.00,37.00,96.14,3.45,200.00,M
GRI,2025-12-24 09:33,40.00,40.00,100.00,10.35,200.00,M
GRI,2025-12-24 09:48,41.00,39.20,93.24,6.90,200.00,M
GRI,2025-12-24 09:53,41.00,40.00,96.19,8.05,200.00,M
GRI,2025-12-24 10:11,41.00,41.00,100.00,4.60,200.00,M
GRI,2025-12-24 10:53,43.00,42.00,96.23,6.90,M,M
GRI,2025-12-24 11:53,50.00,42.00,73.86,8.05,M,M
GRI,2025-12-24 12:53,56.00,44.00,63.99,5.75,M,M
GRI,2025-12-24 13:53,60.00,45.00,57.59,5.75,M,M
GRI,2025-12-24 14:53,62.00,44.00,51.64,4.60,M,M
GRI,2025-12-24 15:53,62.00,43.00,49.70,5.75,M,M
GRI,2025-12-24 16:53,56.00,42.00,59.26,0.00,M,M
GRI,2025-12-24 17:53,48.00,41.00,76.58,4.60,M,M
GRI,2025-12-24 18:53,46.00,40.00,79.43,9.20,M,M
GRI,2025-12-24 19:53,44.00,42.00,92.61,9.20,M,M
GRI,2025-12-24 20:53,42.00,41.00,96.21,0.00,M,M
GRI,2025-12-24 21:19,38.00,38.00,100.00,3.45,M,M
GRI,2025-12-24 21:32,38.00,38.00,100.00,0.00,M,M
GRI,2025-12-24 21:42,37.00,37.00,100.00,3.45,300.00,M
GRI,2025-12-24 21:49,37.40,37.40,100.00,0.00,M,M
GRI,2025-12-24 21:53,37.00,37.00,100.00,0.00,M,M
GRI,2025-12-24 22:53,36.00,36.00,100.00,0.00,M,M
GRI,2025-12-24 23:06,36.00,36.00,100.00,0.00,300.00,M
GRI,2025-12-24 23:15,35.00,35.00,100.00,3.45,M,M
GRI,2025-12-24 23:28,35.00,35.00,100.00,0.00,M,M
GRI,2025-12-24 23:31,34.00,34.00,100.00,0.00,300.00,M
GRI,2025-12-24 23:53,34.00,34.00,100.00,0.00,200.00,M
GRI,2025-12-25 00:04,34.00,34.00,100.00,0.00,200.00,M
GRI,2025-12-25 00:19,33.00,33.00,100.00,0.00,300.00,M
GRI,2025-12-25 00:33,33.00,33.00,100.00,3.45,200.00,M
GRI,2025-12-25 00:53,33.00,33.00,100.00,0.00,100.00,M
GRI,2025-12-25 00:56,33.00,33.00,100.00,0.00,200.00,M
GRI,2025-12-25 01:53,31.00,31.00,100.00,0.00,200.00,M
GRI,2025-12-25 02:05,31.00,31.00,100.00,0.00,200.00,M
GRI,2025-12-25 02:39,29.00,29.00,100.00,4.60,100.00,M
GRI,2025-12-25 02:45,30.00,29.00,96.00,4.60,200.00,M
GRI,2025-12-25 02:53,31.00,30.00,96.02,3.45,200.00,M
GRI,2025-12-25 03:53,30.00,29.00,96.00,4.60,200.00,M
GRI,2025-12-25 04:00,29.00,29.00,100.00,5.75,200.00,M
GRI,2025-12-25 04:06,29.00,29.00,100.00,4.60,200.00,M
GRI,2025-12-25 04:15,29.00,28.00,95.98,5.75,200.00,M
GRI,2025-12-25 04:27,30.00,29.00,96.00,4.60,200.00,M
GRI,2025-12-25 04:53,30.00,30.00,100.00,3.45,200.00,M
GRI,2025-12-25 05:20,31.00,31.00,100.00,6.90,200.00,M
GRI,2025-12-25 05:32,31.00,31.00,100.00,9.20,200.00,M
GRI,2025-12-25 05:53,31.00,30.00,96.02,6.90,200.00,M
GRI,2025-12-25 06:53,32.00,32.00,100.00,6.90,200.00,M
GRI,2025-12-25 07:53,35.00,35.00,100.00,5.75,200.00,M
GRI,2025-12-25 08:53,38.00,37.00,96.14,0.00,200.00,M
GRI,2025-12-25 09:53,39.00,39.00,100.00,11.50,200.00,M
GRI,2025-12-25 10:53,41.00,41.00,100.00,9.20,200.00,M
GRI,2025-12-25 11:53,43.00,43.00,100.00,6.90,200.00,M
GRI,2025-12-25 12:53,44.00,44.00,100.00,12.65,300.00,M
GRI,2025-12-25 13:12,44.00,44.00,100.00,10.35,300.00,M
GRI,2025-12-25 13:31,45.00,44.00,96.26,10.35,200.00,M
GRI,2025-12-25 13:53,45.00,44.00,96.26,11.50,200.00,M
GRI,2025-12-25 14:00,45.00,45.00,100.00,8.05,200.00,M
GRI,2025-12-25 14:10,45.00,45.00,100.00,8.05,200.00,M
GRI,2025-12-25 14:53,46.00,45.00,96.28,5.75,200.00,M
GRI,2025-12-25 15:43,46.00,45.00,96.28,6.90,200.00,M
GRI,2025-12-25 15:53,46.00,45.00,96.28,8.05,200.00,M
GRI,2025-12-25 16:53,45.00,45.00,100.00,8.05,300.00,M
GRI,2025-12-25 17:34,45.00,44.00,96.26,8.05,200.00,M
GRI,2025-12-25 17:45,45.00,45.00,100.00,6.90,200.00,M
GRI,2025-12-25 17:53,45.00,45.00,100.00,6.90,200.00,M
GRI,2025-12-25 18:25,45.00,44.00,96.26,6.90,200.00,M
GRI,2025-12-25 18:33,45.00,44.00,96.26,6.90,200.00,M
GRI,2025-12-25 18:40,44.00,44.00,100.00,9.20,200.00,M
GRI,2025-12-25 18:53,44.00,44.00,100.00,5.75,300.00,M
GRI,2025-12-25 19:41,43.00,43.00,100.00,8.05,200.00,M
GRI,2025-12-25 19:53,43.00,43.00,100.00,9.20,200.00,M
GRI,2025-12-25 20:09,43.00,43.00,100.00,8.05,200.00,M
GRI,2025-12-25 20:53,43.00,42.00,96.23,10.35,200.00,M
GRI,2025-12-25 21:33,41.00,41.00,100.00,10.35,300.00,M
GRI,2025-12-25 21:45,41.00,40.00,96.19,9.20,200.00,M
GRI,2025-12-25 21:53,40.00,40.00,100.00,9.20,200.00,M
GRI,2025-12-25 22:53,40.00,37.00,88.91,13.80,M,M
GRI,2025-12-25 23:53,40.00,36.00,85.47,12.65,M,M
GRI,2025-12-26 00:53,43.00,37.00,79.18,13.80,M,M
GRI,2025-12-26 01:53,43.00,36.00,76.11,10.35,M,M
GRI,2025-12-26 02:53,44.00,35.00,70.40,13.80,M,M
GRI,2025-12-26 03:53,42.00,34.00,73.05,10.35,M,M
GRI,2025-12-26 04:53,40.00,33.00,75.83,11.50,M,M
GRI,2025-12-26 05:53,37.00,32.00,81.92,9.20,M,M
GRI,2025-12-26 06:53,34.00,31.00,88.62,8.05,M,M
GRI,2025-12-26 07:53,34.00,31.00,88.62,6.90,M,M
GRI,2025-12-26 08:53,39.00,33.00,78.84,8.05,M,M
GRI,2025-12-26 09:53,47.00,36.00,65.37,6.90,M,M
GRI,2025-12-26 10:53,54.00,37.00,52.45,3.45,M,M
GRI,2025-12-26 11:53,59.00,39.00,47.35,8.05,M,M
GRI,2025-12-26 12:53,64.00,37.00,36.68,0.00,M,M
GRI,2025-12-26 13:53,67.00,37.00,33.05,8.05,M,M
GRI,2025-12-26 14:53,69.00,36.00,29.66,12.65,M,M
GRI,2025-12-26 15:53,67.00,36.00,31.77,11.50,M,M
GRI,2025-12-26 16:53,60.00,33.00,36.03,9.20,M,M
GRI,2025-12-26 17:53,55.00,32.00,41.43,8.05,M,M
GRI,2025-12-26 18:53,52.00,32.00,46.24,8.05,M,M
GRI,2025-12-26 19:53,49.00,31.00,49.63,10.35,M,M
GRI,2025-12-26 20:53,49.00,35.00,58.28,8.05,M,M
GRI,2025-12-26 21:53,49.00,35.00,58.28,10.35,M,M
GRI,2025-12-26 22:53,47.00,35.00,62.83,10.35,M,M
GRI,2025-12-26 23:53,47.00,35.00,62.83,10.35,M,M
GRI,2025-12-27 00:53,46.00,36.00,67.89,9.20,M,M
GRI,2025-12-27 01:53,46.00,36.00,67.89,10.35,M,M
GRI,2025-12-27 02:53,48.00,37.00,65.50,12.65,M,M
GRI,2025-12-27 03:53,48.00,38.00,68.12,11.50,M,M
GRI,2025-12-27 04:53,44.00,37.00,76.21,6.90,M,M
GRI,2025-12-27 05:53,38.00,36.00,92.42,3.45,M,M
GRI,2025-12-27 06:53,38.00,35.00,88.82,0.00,M,M
GRI,2025-12-27 07:53,36.00,34.00,92.35,0.00,M,M
GRI,2025-12-27 08:53,36.00,34.00,92.35,3.45,M,M
GRI,2025-12-27 09:53,45.00,37.00,73.36,6.90,M,M
GRI,2025-12-27 10:53,49.00,37.00,63.09,8.05,M,M
GRI,2025-12-27 11:53,55.00,36.00,48.61,5.75,M,M
GRI,2025-12-27 12:53,62.00,35.00,36.36,6.90,M,M
GRI,2025-12-27 13:53,64.00,34.00,32.56,9.20,M,M
GRI,2025-12-27 14:53,61.00,33.00,34.77,6.90,M,M
GRI,2025-12-27 15:53,60.00,34.00,37.50,4.60,M,M
GRI,2025-12-27 16:53,56.00,35.00,45.05,5.75,M,M
GRI,2025-12-27 17:53,52.00,35.00,52.14,5.75,M,M
GRI,2025-12-27 18:53,50.00,34.00,53.95,0.00,M,M
GRI,2025-12-27 19:53,45.00,34.00,65.12,0.00,M,M
GRI,2025-12-27 20:53,42.00,33.00,70.18,4.60,M,M
GRI,2025-12-27 21:53,41.00,33.00,72.94,0.00,M,M
GRI,2025-12-27 22:53,43.00,35.00,73.15,4.60,8000.00,M
GRI,2025-12-27 23:53,48.00,38.00,68.12,5.75,10000.00,M
GRI,2025-12-28 00:53,48.00,39.00,70.85,9.20,7000.00,M
GRI,2025-12-28 01:53,46.00,32.00,57.85,34.50,6500.00,51.75
GRI,2025-12-28 02:53,35.00,31.00,85.16,28.75,7500.00,55.20
GRI,2025-12-28 03:28,35.00,30.00,81.77,31.05,1600.00,52.90
GRI,2025-12-28 03:53,33.00,28.00,81.62,33.35,1700.00,52.90
GRI,2025-12-28 04:39,29.00,23.00,77.97,39.10,1900.00,50.60
GRI,2025-12-28 04:53,27.00,21.00,77.78,36.80,1900.00,52.90
GRI,2025-12-28 05:09,25.00,19.00,77.60,28.75,2000.00,47.15
GRI,2025-12-28 05:53,21.00,15.00,77.23,34.50,1900.00,49.45
GRI,2025-12-28 06:53,19.00,13.00,77.04,27.60,6000.00,51.75
GRI,2025-12-28 07:19,17.00,11.00,76.85,25.30,3600.00,48.30
GRI,2025-12-28 07:53,16.00,10.00,76.75,31.05,1600.00,48.30
GRI,2025-12-28 08:18,15.00,9.00,76.66,29.90,1700.00,52.90
GRI,2025-12-28 08:38,14.00,8.00,76.56,33.35,1700.00,52.90
GRI,2025-12-28 08:53,12.00,8.00,83.62,35.65,1700.00,54.05
GRI,2025-12-28 09:10,12.00,8.00,83.62,24.15,1400.00,48.30
GRI,2025-12-28 09:17,13.00,8.00,80.00,23.00,1400.00,48.30
GRI,2025-12-28 09:25,12.00,7.00,79.92,29.90,1700.00,48.30
GRI,2025-12-28 09:49,12.20,5.00,72.31,25.30,3200.00,48.30
GRI,2025-12-28 09:53,12.00,4.00,69.68,31.05,3200.00,48.30
GRI,2025-12-28 10:53,12.00,1.00,60.63,33.35,12000.00,51.75
GRI,2025-12-28 11:53,13.00,0.00,55.35,28.75,M,46.00
GRI,2025-12-28 12:53,14.00,-2.00,48.20,31.05,M,46.00
GRI,2025-12-28 13:53,17.00,1.00,48.71,20.70,M,42.55
GRI,2025-12-28 14:53,18.00,1.00,46.65,26.45,M,42.55
GRI,2025-12-28 15:53,19.00,2.00,46.82,23.00,M,41.40
GRI,2025-12-28 16:53,18.00,2.00,48.88,26.45,M,40.25
GRI,2025-12-28 17:53,14.00,1.00,55.51,18.40,7000.00,37.95
GRI,2025-12-28 18:53,13.00,1.00,58.01,24.15,6500.00,35.65
GRI,2025-12-28 19:53,14.00,7.00,73.17,28.75,2600.00,49.45
GRI,2025-12-28 20:06,13.00,7.00,76.46,26.45,2600.00,35.65
GRI,2025-12-28 20:25,12.00,0.00,57.86,24.15,2700.00,39.10
GRI,2025-12-28 20:53,11.00,0.00,60.48,24.15,3400.00,40.25
GRI,2025-12-28 21:53,12.00,1.00,60.63,18.40,3800.00,36.80
GRI,2025-12-28 22:53,11.00,0.00,60.48,18.40,M,36.80
GRI,2025-12-28 23:53,12.00,2.00,63.52,21.85,3300.00,34.50
GRI,2025-12-29 00:53,11.00,1.00,63.38,25.30,2200.00,41.40
GRI,2025-12-29 01:53,11.00,1.00,63.38,28.75,M,37.95
GRI,2025-12-29 02:53,11.00,2.00,66.41,24.15,M,36.80
GRI,2025-12-29 03:53,10.00,1.00,66.27,24.15,M,39.10
GRI,2025-12-29 04:53,10.00,1.00,66.27,21.85,M,39.10
GRI,2025-12-29 05:53,9.00,1.00,69.31,16.10,M,34.50
GRI,2025-12-29 06:53,9.00,1.00,69.31,16.10,M,29.90
GRI,2025-12-29 07:53,9.00,1.00,69.31,13.80,M,M
GRI,2025-12-29 08:53,10.00,2.00,69.44,13.80,M,M
GRI,2025-12-29 09:53,13.00,2.00,60.77,18.40,M,M
GRI,2025-12-29 10:53,16.00,4.00,58.46,19.55,M,29.90
GRI,2025-12-29 11:53,20.00,6.00,53.93,16.10,M,M
GRI,2025-12-29 12:53,23.00,7.00,49.71,13.80,M,M
GRI,2025-12-29 13:53,26.00,8.00,45.88,11.50,M,M
GRI,2025-12-29 14:53,27.00,8.00,44.02,10.35,M,M
GRI,2025-12-29 15:53,29.00,9.00,42.42,9.20,M,M
GRI,2025-12-29 16:53,27.00,9.00,46.05,3.45,M,M
GRI,2025-12-29 17:53,22.00,8.00,54.25,3.45,M,M
GRI,2025-12-29 18:53,20.00,9.00,61.78,0.00,M,M
GRI,2025-12-29 19:53,19.00,9.00,64.48,6.90,M,M
GRI,2025-12-29 20:53,19.00,10.00,67.43,3.45,M,M
GRI,2025-12-29 21:53,19.00,9.00,64.48,4.60,M,M
GRI,2025-12-29 22:53,19.00,9.00,64.48,5.75,M,M
GRI,2025-12-29 23:53,21.00,10.00,61.92,11.50,M,M
GRI,2025-12-30 00:53,21.00,9.00,59.20,11.50,M,M
GRI,2025-12-30 01:53,19.00,9.00,64.48,11.50,M,M
GRI,2025-12-30 02:53,19.00,8.00,61.64,8.05,M,M
GRI,2025-12-30 03:53,17.00,8.00,67.18,9.20,M,M
GRI,2025-12-30 04:53,16.00,8.00,70.16,5.75,M,M
GRI,2025-12-30 05:53,19.00,9.00,64.48,6.90,M,M
GRI,2025-12-30 06:53,17.00,8.00,67.18,6.90,M,M
GRI,2025-12-30 07:53,19.00,9.00,64.48,8.05,M,M
GRI,2025-12-30 08:53,22.00,10.00,59.35,9.20,M,M
GRI,2025-12-30 09:53,28.00,13.00,52.81,11.50,M,M
GRI,2025-12-30 10:53,34.00,16.00,47.22,13.80,M,M
GRI,2025-12-30 11:53,40.00,20.00,44.27,11.50,M,M
GRI,2025-12-30 12:53,47.00,21.00,35.33,12.65,M,M
GRI,2025-12-30 13:53,51.00,20.00,29.16,16.10,M,M
GRI,2025-12-30 14:53,51.00,22.00,31.75,18.40,M,M
GRI,2025-12-30 15:53,50.00,23.00,34.37,16.10,M,M
GRI,2025-12-30 16:53,45.00,24.00,43.25,9.20,M,M
GRI,2025-12-30 17:53,36.00,22.00,56.39,8.05,M,M
GRI,2025-12-30 18:53,34.00,22.00,61.06,9.20,M,M
GRI,2025-12-30 19:53,35.00,22.00,58.67,10.35,M,M
GRI,2025-12-30 20:53,28.00,20.00,71.54,10.35,M,M
GRI,2025-12-30 21:53,28.00,21.00,74.65,9.20,M,M
GRI,2025-12-30 22:53,26.00,21.00,81.07,8.05,M,M
GRI,2025-12-30 23:53,26.00,21.00,81.07,9.20,M,M
GRI,2025-12-31 00:53,29.00,22.00,74.75,10.35,M,M
GRI,2025-12-31 01:53,28.00,22.00,77.88,9.20,M,M
GRI,2025-12-31 02:53,26.00,21.00,81.07,9.20,M,M
GRI,2025-12-31 03:53,25.00,20.00,80.99,10.35,M,M
GRI,2025-12-31 04:53,24.00,19.00,80.91,8.05,M,M
GRI,2025-12-31 05:53,24.00,19.00,80.91,6.90,M,M
GRI,2025-12-31 06:53,25.00,20.00,80.99,8.05,M,M
GRI,2025-12-31 07:53,25.00,20.00,80.99,10.35,M,M
GRI,2025-12-31 08:53,29.00,22.00,74.75,6.90,M,M
GRI,2025-12-31 09:53,35.00,24.00,63.82,9.20,M,M
GRI,2025-12-31 10:53,44.00,26.00,48.84,10.35,M,M
GRI,2025-12-31 11:53,49.00,25.00,38.79,12.65,M,M
GRI,2025-12-31 12:53,53.00,25.00,33.45,16.10,M,M
GRI,2025-12-31 13:53,59.00,23.00,24.75,16.10,M,M
GRI,2025-12-31 14:53,61.00,24.00,24.04,16.10,M,M
GRI,2025-12-31 15:53,60.00,25.00,25.97,11.50,M,M
GRI,2025-12-31 16:53,56.00,26.00,31.25,10.35,M,M
GRI,2025-12-31 17:53,49.00,25.00,38.79,9.20,M,M
GRI,2025-12-31 18:53,44.00,25.00,46.85,10.35,M,M
GRI,2025-12-31 19:53,36.00,25.00,63.96,10.35,M,M
GRI,2025-12-31 20:53,35.00,26.00,69.37,11.50,M,M
GRI,2025-12-31 21:53,29.00,24.00,81.31,10.35,M,M
GRI,2025-12-31 22:23,29.00,27.00,92.11,11.50,800.00,M
GRI,2025-12-31 22:31,29.00,27.00,92.11,11.50,800.00,M
GRI,2025-12-31 22:53,30.00,27.00,88.43,9.20,800.00,M
GRI,2025-12-31 23:53,29.00,27.00,92.11,11.50,500.00,M
GRI,2026-01-01 00:53,28.00,26.00,92.07,10.35,500.00,M
GRI,2026-01-01 01:53,27.00,26.00,95.95,4.60,500.00,M
GRI,2026-01-01 02:18,27.00,26.00,95.95,6.90,400.00,M
GRI,2026-01-01 02:53,27.00,25.00,92.04,5.75,400.00,M
GRI,2026-01-01 03:53,26.00,25.00,95.93,4.60,300.00,M
GRI,2026-01-01 04:53,26.00,25.00,95.93,6.90,300.00,M
GRI,2026-01-01 05:14,26.00,25.00,95.93,4.60,200.00,M
GRI,2026-01-01 05:53,26.00,25.00,95.93,4.60,200.00,M
GRI,2026-01-01 06:20,26.00,25.00,95.93,6.90,200.00,M
GRI,2026-01-01 06:53,26.00,25.00,95.93,8.05,300.00,M
GRI,2026-01-01 07:53,26.00,25.00,95.93,8.05,300.00,M
GRI,2026-01-01 08:53,26.00,25.00,95.93,8.05,200.00,M
GRI,2026-01-01 09:49,26.60,26.60,100.00,9.20,200.00,M
GRI,2026-01-01 09:53,27.00,26.00,95.95,10.35,200.00,M
GRI,2026-01-01 10:28,27.00,26.00,95.95,11.50,500.00,M
GRI,2026-01-01 10:53,28.00,27.00,95.96,9.20,500.00,M
GRI,2026-01-01 11:46,32.00,28.00,84.97,10.35,800.00,M
GRI,2026-01-01 11:53,33.00,28.00,81.62,6.90,800.00,M
GRI,2026-01-01 12:53,39.00,29.00,67.04,9.20,M,M
GRI,2026-01-01 13:53,43.00,29.00,57.42,10.35,M,M
GRI,2026-01-01 14:53,45.00,29.00,53.20,9.20,M,M
GRI,2026-01-01 15:53,45.00,29.00,53.20,4.60,M,M
GRI,2026-01-01 16:53,41.00,28.00,59.53,0.00,M,M
GRI,2026-01-01 17:53,37.00,28.00,69.60,0.00,M,M
GRI,2026-01-01 18:53,32.00,25.00,75.05,0.00,M,M
GRI,2026-01-01 19:53,31.00,25.00,78.15,6.90,M,M
GRI,2026-01-01 20:53,34.00,27.00,75.25,10.35,M,M
GRI,2026-01-01 21:53,31.00,26.00,81.46,10.35,M,M
GRI,2026-01-01 22:53,28.00,25.00,88.32,11.50,M,M
GRI,2026-01-01 23:53,26.00,24.00,92.00,10.35,M,M
GRI,2026-01-02 00:12,25.00,23.00,91.97,11.50,600.00,M
GRI,2026-01-02 00:29,25.00,24.00,95.91,10.35,600.00,M
GRI,2026-01-02 00:42,26.00,24.00,92.00,10.35,400.00,M
GRI,2026-01-02 00:53,26.00,24.00,92.00,10.35,400.00,M
GRI,2026-01-02 01:28,26.00,25.00,95.93,10.35,300.00,M
GRI,2026-01-02 01:48,26.60,26.60,100.00,9.20,200.00,M
GRI,2026-01-02 01:53,27.00,26.00,95.95,9.20,200.00,M
GRI,2026-01-02 02:13,27.00,26.00,95.95,11.50,300.00,M
GRI,2026-01-02 02:28,27.00,26.00,95.95,10.35,300.00,M
GRI,2026-01-02 02:53,27.00,26.00,95.95,8.05,200.00,M
GRI,2026-01-02 03:41,27.00,26.00,95.95,6.90,200.00,M
GRI,2026-01-02 03:51,26.60,26.60,100.00,6.90,200.00,M
GRI,2026-01-02 03:53,27.00,26.00,95.95,6.90,200.00,M
GRI,2026-01-02 04:07,26.00,26.00,100.00,8.05,200.00,M
GRI,2026-01-02 04:53,27.00,26.00,95.95,9.20,300.00,M
GRI,2026-01-02 05:53,27.00,26.00,95.95,6.90,300.00,M
GRI,2026-01-02 06:53,26.00,25.00,95.93,6.90,200.00,M
GRI,2026-01-02 07:48,26.60,24.80,92.80,9.20,200.00,M
GRI,2026-01-02 07:53,26.00,25.00,95.93,8.05,300.00,M
GRI,2026-01-02 08:27,26.00,25.00,95.93,8.05,300.00,M
GRI,2026-01-02 08:53,26.00,25.00,95.93,3.45,300.00,M
GRI,2026-01-02 09:06,26.00,25.00,95.93,4.60,300.00,M
GRI,2026-01-02 09:20,26.00,26.00,100.00,3.45,300.00,M
GRI,2026-01-02 09:30,26.00,25.00,95.93,4.60,300.00,M
GRI,2026-01-02 09:38,26.00,25.00,95.93,3.45,300.00,M
GRI,2026-01-02 09:51,26.60,24.80,92.80,5.75,300.00,M
GRI,2026-01-02 09:53,26.00,25.00,95.93,5.75,300.00,M
GRI,2026-01-02 10:08,26.00,26.00,100.00,5.75,300.00,M
GRI,2026-01-02 10:20,26.00,25.00,95.93,8.05,200.00,M
GRI,2026-01-02 10:35,26.00,25.00,95.93,4.60,300.00,M
GRI,2026-01-02 10:53,27.00,26.00,95.95,9.20,200.00,M
GRI,2026-01-02 11:11,27.00,26.00,95.95,9.20,300.00,M
GRI,2026-01-02 11:26,27.00,26.00,95.95,6.90,300.00,M
GRI,2026-01-02 11:53,27.00,26.00,95.95,8.05,400.00,M
GRI,2026-01-02 12:20,27.00,26.00,95.95,9.20,500.00,M
GRI,2026-01-02 12:53,27.00,26.00,95.95,10.35,500.00,M
GRI,2026-01-02 13:23,27.00,26.00,95.95,5.75,500.00,M
GRI,2026-01-02 13:53,28.00,27.00,95.96,9.20,600.00,M
GRI,2026-01-02 14:05,28.00,26.00,92.07,9.20,600.00,M
GRI,2026-01-02 14:53,28.00,26.00,92.07,11.50,600.00,M
GRI,2026-01-02 15:25,28.00,27.00,95.96,10.35,600.00,M
GRI,2026-01-02 15:40,28.00,26.00,92.07,8.05,600.00,M
GRI,2026-01-02 15:53,28.00,27.00,95.96,9.20,600.00,M
GRI,2026-01-02 16:53,28.00,27.00,95.96,5.75,600.00,M
GRI,2026-01-02 17:53,28.00,27.00,95.96,5.75,600.00,M
GRI,2026-01-02 18:53,28.00,27.00,95.96,8.05,500.00,M
GRI,2026-01-02 19:53,28.00,26.00,92.07,10.35,600.00,M
GRI,2026-01-02 20:53,27.00,26.00,95.95,6.90,700.00,M
GRI,2026-01-02 21:53,27.00,26.00,95.95,4.60,500.00,M
GRI,2026-01-02 22:53,27.00,25.00,92.04,0.00,500.00,M
GRI,2026-01-02 23:53,27.00,25.00,92.04,0.00,700.00,M
GRI,2026-01-03 00:53,27.00,25.00,92.04,3.45,700.00,M
GRI,2026-01-03 01:53,27.00,25.00,92.04,0.00,600.00,M
GRI,2026-01-03 02:06,27.00,25.00,92.04,0.00,700.00,M
GRI,2026-01-03 02:14,27.00,25.00,92.04,0.00,700.00,M
GRI,2026-01-03 02:37,27.00,24.00,88.27,0.00,700.00,M
GRI,2026-01-03 02:53,27.00,25.00,92.04,0.00,700.00,M
GRI,2026-01-03 03:26,27.00,25.00,92.04,4.60,1400.00,M
GRI,2026-01-03 03:53,27.00,25.00,92.04,5.75,1200.00,M
GRI,2026-01-03 04:53,28.00,26.00,92.07,6.90,1300.00,M
GRI,2026-01-03 05:23,28.00,26.00,92.07,6.90,900.00,M
GRI,2026-01-03 05:30,28.00,26.00,92.07,6.90,700.00,M
GRI,2026-01-03 05:53,29.00,27.00,92.11,6.90,700.00,M
GRI,2026-01-03 06:33,29.00,28.00,95.98,5.75,1000.00,M
GRI,2026-01-03 06:53,30.00,28.00,92.14,6.90,900.00,M
GRI,2026-01-03 07:53,30.00,29.00,96.00,5.75,700.00,M
GRI,2026-01-03 08:20,31.00,29.00,92.18,8.05,600.00,M
GRI,2026-01-03 08:53,31.00,30.00,96.02,9.20,500.00,M
GRI,2026-01-03 09:02,31.00,30.00,96.02,10.35,400.00,M
GRI,2026-01-03 09:45,32.00,31.00,96.04,11.50,300.00,M
GRI,2026-01-03 09:53,32.00,31.00,96.04,11.50,300.00,M
GRI,2026-01-03 10:10,32.00,32.00,100.00,14.95,300.00,M
GRI,2026-01-03 10:45,34.00,33.00,96.07,10.35,300.00,M
GRI,2026-01-03 10:53,34.00,33.00,96.07,9.20,300.00,M
GRI,2026-01-03 11:36,38.00,35.00,88.82,4.60,500.00,M
GRI,2026-01-03 11:53,39.00,35.00,85.41,4.60,600.00,M
GRI,2026-01-03 12:53,44.00,36.00,73.25,4.60,M,M
GRI,2026-01-03 13:53,48.00,36.00,62.96,4.60,M,M
GRI,2026-01-03 14:53,50.00,36.00,58.42,4.60,M,M
GRI,2026-01-03 15:53,51.00,36.00,56.30,4.60,M,M
GRI,2026-01-03 16:53,49.00,36.00,60.64,3.45,M,M
GRI,2026-01-03 17:53,44.00,34.00,67.65,4.60,M,M
GRI,2026-01-03 18:53,39.00,32.00,75.73,5.75,M,M
GRI,2026-01-03 19:53,33.00,29.00,85.03,3.45,M,M
GRI,2026-01-03 20:53,30.00,28.00,92.14,4.60,M,M
GRI,2026-01-03 21:53,31.00,28.00,88.48,4.60,M,M
GRI,2026-01-03 22:53,32.00,28.00,84.97,8.05,M,M
GRI,2026-01-03 23:53,32.00,29.00,88.53,5.75,M,M
GRI,2026-01-04 00:53,31.00,29.00,92.18,6.90,M,M
GRI,2026-01-04 01:53,31.00,29.00,92.18,11.50,M,M
GRI,2026-01-04 02:53,32.00,29.00,88.53,11.50,M,M
GRI,2026-01-04 03:53,32.00,29.00,88.53,12.65,M,M
GRI,2026-01-04 04:53,33.00,29.00,85.03,11.50,M,M
GRI,2026-01-04 05:53,34.00,30.00,85.10,13.80,M,M
GRI,2026-01-04 06:53,36.00,31.00,81.84,16.10,M,M
GRI,2026-01-04 07:53,36.00,31.00,81.84,16.10,M,M
GRI,2026-01-04 08:53,37.00,32.00,81.92,12.65,M,M
GRI,2026-01-04 09:53,39.00,32.00,75.73,11.50,M,M
GRI,2026-01-04 10:53,47.00,34.00,60.37,11.50,M,M
GRI,2026-01-04 11:53,51.00,35.00,54.10,18.40,M,M
GRI,2026-01-04 12:53,56.00,36.00,46.88,18.40,M,29.90
GRI,2026-01-04 13:53,59.00,35.00,40.44,16.10,M,M
GRI,2026-01-04 14:53,61.00,35.00,37.66,13.80,M,M
GRI,2026-01-04 15:53,60.00,35.00,39.03,9.20,M,M
GRI,2026-01-04 16:53,58.00,35.00,41.92,6.90,M,M
GRI,2026-01-04 17:53,51.00,34.00,51.99,6.90,M,M
GRI,2026-01-04 18:53,48.00,34.00,58.14,5.75,M,M
GRI,2026-01-04 19:53,45.00,33.00,62.56,6.90,M,M
GRI,2026-01-04 20:53,43.00,32.00,64.86,6.90,M,M
GRI,2026-01-04 21:53,44.00,33.00,64.99,9.20,M,M
GRI,2026-01-04 22:53,42.00,31.00,64.74,8.05,M,M
GRI,2026-01-04 23:53,41.00,30.00,64.61,8.05,M,M
GRI,2026-01-05 00:53,35.00,29.00,78.50,0.00,M,M
GRI,2026-01-05 01:53,33.00,28.00,81.62,5.75,M,M
GRI,2026-01-05 02:53,31.00,27.00,84.90,0.00,M,M
GRI,2026-01-05 03:53,29.00,26.00,88.37,4.60,M,M
GRI,2026-01-05 04:53,31.00,27.00,84.90,3.45,M,M
GRI,2026-01-05 05:53,30.00,27.00,88.43,0.00,M,M
GRI,2026-01-05 06:53,32.00,28.00,84.97,3.45,M,M
GRI,2026-01-05 07:53,31.00,27.00,84.90,0.00,M,M
GRI,2026-01-05 08:53,34.00,29.00,81.69,0.00,M,M
GRI,2026-01-05 09:53,38.00,32.00,78.76,4.60,M,M
GRI,2026-01-05 10:53,44.00,34.00,67.65,3.45,M,M
GRI,2026-01-05 11:53,45.00,35.00,67.77,3.45,M,M
GRI,2026-01-05 12:53,48.00,34.00,58.14,0.00,M,M
GRI,2026-01-05 13:53,50.00,34.00,53.95,0.00,M,M
GRI,2026-01-05 14:53,52.00,35.00,52.14,3.45,M,M
GRI,2026-01-05 15:53,53.00,35.00,50.26,0.00,M,M
GRI,2026-01-05 16:53,49.00,36.00,60.64,3.45,M,M
GRI,2026-01-05 17:53,42.00,35.00,76.02,4.60,M,M
GRI,2026-01-05 18:53,40.00,34.00,78.93,4.60,M,M
GRI,2026-01-05 19:53,33.00,31.00,92.25,0.00,M,M
GRI,2026-01-05 20:53,33.00,29.00,85.03,4.60,M,M
GRI,2026-01-05 21:53,31.00,29.00,92.18,4.60,M,M
GRI,2026-01-05 22:53,31.00,28.00,88.48,8.05,M,M
GRI,2026-01-05 23:53,34.00,30.00,85.10,10.35,M,M
GRI,2026-01-06 00:53,34.00,29.00,81.69,10.35,M,M
GRI,2026-01-06 01:53,35.00,29.00,78.50,11.50,M,M
GRI,2026-01-06 02:53,33.00,28.00,81.62,8.05,M,M
GRI,2026-01-06 03:53,34.00,28.00,78.41,10.35,M,M
GRI,2026-01-06 04:53,32.00,27.00,81.54,9.20,M,M
GRI,2026-01-06 05:53,33.00,28.00,81.62,12.65,M,M
GRI,2026-01-06 06:53,32.00,27.00,81.54,11.50,M,M
GRI,2026-01-06 07:53,30.00,26.00,84.84,9.20,M,M
GRI,2026-01-06 08:53,34.00,28.00,78.41,8.05,M,M
GRI,2026-01-06 09:53,40.00,31.00,69.95,11.50,M,M
GRI,2026-01-06 10:53,49.00,33.00,53.80,10.35,M,M
GRI,2026-01-06 11:53,55.00,32.00,41.43,14.95,M,M
GRI,2026-01-06 12:53,59.00,28.00,30.47,14.95,M,M
GRI,2026-01-06 13:53,60.00,24.00,24.91,18.40,M,M
GRI,2026-01-06 14:53,60.00,22.00,22.90,18.40,M,M
GRI,2026-01-06 15:53,60.00,21.00,21.95,13.80,M,M
GRI,2026-01-06 16:53,54.00,22.00,28.43,6.90,M,M
GRI,2026-01-06 17:53,46.00,21.00,36.69,4.60,M,M
GRI,2026-01-06 18:53,39.00,21.00,48.03,3.45,M,M
GRI,2026-01-06 19:53,37.00,22.00,54.21,0.00,M,M
GRI,2026-01-06 20:53,37.00,22.00,54.21,0.00,M,M
GRI,2026-01-06 21:53,33.00,21.00,60.92,4.60,M,M
GRI,2026-01-06 22:53,37.00,22.00,54.21,6.90,M,M
GRI,2026-01-06 23:53,36.00,22.00,56.39,5.75,M,M
GRI,2026-01-07 00:53,37.00,21.00,51.96,6.90,M,M
GRI,2026-01-07 01:53,34.00,21.00,58.53,9.20,M,M
GRI,2026-01-07 02:53,31.00,20.00,63.29,8.05,M,M
GRI,2026-01-07 03:53,34.00,20.00,56.09,5.75,M,M
GRI,2026-01-07 04:53,32.00,19.00,58.24,4.60,M,M
GRI,2026-01-07 05:53,32.00,19.00,58.24,6.90,M,M
GRI,2026-01-07 06:53,30.00,19.00,63.16,8.05,M,M
GRI,2026-01-07 07:53,34.00,20.00,56.09,10.35,M,M
GRI,2026-01-07 08:53,33.00,20.00,58.38,8.05,M,M
GRI,2026-01-07 09:53,42.00,22.00,44.60,9.20,M,M
GRI,2026-01-07 10:53,53.00,22.00,29.49,9.20,M,M
GRI,2026-01-07 11:53,61.00,21.00,21.18,6.90,M,M
GRI,2026-01-07 12:53,64.00,18.00,16.77,14.95,M,M
GRI,2026-01-07 13:53,64.00,22.00,19.88,13.80,M,M
GRI,2026-01-07 14:53,64.00,20.00,18.27,10.35,M,M
GRI,2026-01-07 15:53,64.00,19.00,17.50,11.50,M,M
GRI,2026-01-07 16:53,58.00,20.00,22.59,8.05,M,M
GRI,2026-01-07 17:53,53.00,18.00,24.86,9.20,M,M
GRI,2026-01-07 18:53,47.00,22.00,36.86,9.20,M,M
GRI,2026-01-07 19:53,43.00,24.00,46.69,8.05,M,M
GRI,2026-01-07 20:53,37.00,24.00,58.96,8.05,M,M
GRI,2026-01-07 21:53,39.00,24.00,54.51,9.20,M,M
GRI,2026-01-07 22:53,36.00,24.00,61.34,4.60,M,M
GRI,2026-01-07 23:53,35.00,24.00,63.82,0.00,M,M
GRI,2026-01-08 00:53,33.00,24.00,69.14,5.75,M,M
GRI,2026-01-08 01:53,31.00,23.00,71.87,0.00,M,M
GRI,2026-01-08 02:53,32.00,24.00,71.98,0.00,M,M
GRI,2026-01-08 03:53,33.00,25.00,72.09,6.90,M,M
GRI,2026-01-08 04:53,35.00,26.00,69.37,0.00,M,M
GRI,2026-01-08 05:53,37.00,26.00,64.09,11.50,M,M
GRI,2026-01-08 06:53,37.00,26.00,64.09,9.20,11000.00,M
GRI,2026-01-08 07:53,37.00,26.00,64.09,9.20,11000.00,M
GRI,2026-01-08 08:53,41.00,26.00,54.81,11.50,9500.00,M
GRI,2026-01-08 09:53,41.00,28.00,59.53,16.10,7000.00,M
GRI,2026-01-08 10:53,40.00,30.00,67.16,19.55,5500.00,M
GRI,2026-01-08 11:53,40.00,32.00,72.84,17.25,5500.00,33.35
GRI,2026-01-08 12:53,40.00,33.00,75.83,18.40,4300.00,M
GRI,2026-01-08 13:53,38.00,33.00,81.99,17.25,3700.00,M
GRI,2026-01-08 14:53,37.00,33.00,85.28,21.85,3400.00,31.05
GRI,2026-01-08 15:45,36.00,32.00,85.22,19.55,2800.00,33.35
GRI,2026-01-08 15:53,36.00,32.00,85.22,20.70,2900.00,33.35
GRI,2026-01-08 16:53,36.00,31.00,81.84,18.40,2800.00,31.05
GRI,2026-01-08 17:19,34.00,31.00,88.62,20.70,1200.00,29.90
GRI,2026-01-08 17:53,33.00,31.00,92.25,17.25,1200.00,29.90
GRI,2026-01-08 17:56,33.00,31.00,92.25,16.10,1200.00,M
GRI,2026-01-08 18:02,33.00,31.00,92.25,17.25,1200.00,M
GRI,2026-01-08 18:53,33.00,31.00,92.25,17.25,1200.00,29.90
GRI,2026-01-08 19:08,33.00,31.00,92.25,12.65,1200.00,M
GRI,2026-01-08 19:18,33.00,30.00,88.57,14.95,4100.00,M
GRI,2026-01-08 19:53,35.00,28.00,75.34,12.65,3300.00,M
GRI,2026-01-08 20:53,35.00,26.00,69.37,13.80,3500.00,M
GRI,2026-01-08 21:53,34.00,25.00,69.26,13.80,9500.00,M
GRI,2026-01-08 22:53,32.00,24.00,71.98,11.50,M,M
GRI,2026-01-08 23:53,31.00,23.00,71.87,11.50,M,M
GRI,2026-01-09 00:53,30.00,22.00,71.76,13.80,M,M
GRI,2026-01-09 01:53,28.00,20.00,71.54,10.35,M,M
GRI,2026-01-09 02:53,25.00,19.00,77.60,5.75,M,M
GRI,2026-01-09 03:53,23.00,18.00,80.83,4.60,M,M
GRI,2026-01-09 04:53,22.00,17.00,80.75,8.05,M,M
GRI,2026-01-09 05:53,22.00,17.00,80.75,8.05,M,M
GRI,2026-01-09 06:53,20.00,16.00,84.18,6.90,M,M
GRI,2026-01-09 07:53,21.00,16.00,80.67,11.50,M,M
GRI,2026-01-09 08:53,23.00,18.00,80.83,5.75,M,M
GRI,2026-01-09 09:53,26.00,20.00,77.69,9.20,M,M
GRI,2026-01-09 10:53,27.00,21.00,77.78,6.90,M,M
GRI,2026-01-09 11:53,32.00,24.00,71.98,5.75,M,M
GRI,2026-01-09 12:53,34.00,24.00,66.42,4.60,11000.00,M
GRI,2026-01-09 13:53,37.00,24.00,58.96,8.05,10000.00,M
GRI,2026-01-09 14:53,37.00,24.00,58.96,8.05,11000.00,M
GRI,2026-01-09 15:53,36.00,24.00,61.34,5.75,9000.00,M
GRI,2026-01-09 16:53,35.00,26.00,69.37,3.45,10000.00,M
GRI,2026-01-09 17:53,33.00,27.00,78.32,0.00,10000.00,M
GRI,2026-01-09 18:53,33.00,23.00,66.30,6.90,11000.00,M
GRI,2026-01-09 19:53,31.00,20.00,63.29,4.60,4800.00,M
GRI,2026-01-09 20:53,30.00,21.00,68.78,6.90,10000.00,M
GRI,2026-01-09 21:53,33.00,21.00,60.92,13.80,9500.00,M
GRI,2026-01-09 22:53,31.00,21.00,66.04,12.65,M,M
GRI,2026-01-09 23:53,27.00,18.00,68.42,9.20,M,M
GRI,2026-01-10 00:53,24.00,17.00,74.24,10.35,M,M
GRI,2026-01-10 01:53,22.00,15.00,74.03,8.05,M,M
GRI,2026-01-10 02:53,20.00,14.00,77.14,9.20,M,M
GRI,2026-01-10 03:53,19.00,13.00,77.04,9.20,M,M
GRI,2026-01-10 04:53,19.00,11.00,70.51,10.35,M,M
GRI,2026-01-10 05:53,20.00,11.00,67.56,10.35,M,M
GRI,2026-01-10 06:53,23.00,13.00,65.01,11.50,M,M
GRI,2026-01-10 07:53,25.00,13.00,59.79,14.95,M,M
GRI,2026-01-10 08:53,26.00,14.00,59.93,16.10,M,M
GRI,2026-01-10 09:53,31.00,17.00,55.64,13.80,10000.00,M
GRI,2026-01-10 10:53,38.00,19.00,45.87,14.95,8500.00,M
GRI,2026-01-10 11:53,43.00,20.00,39.43,18.40,M,M
GRI,2026-01-10 12:53,44.00,20.00,37.95,14.95,7000.00,31.05
GRI,2026-01-10 13:00,46.00,21.00,36.69,14.95,7000.00,M
GRI,2026-01-10 13:53,41.00,19.00,40.80,18.40,7000.00,M
GRI,2026-01-10 14:53,40.00,21.00,46.20,16.10,7000.00,M
GRI,2026-01-10 15:53,36.00,23.00,58.82,14.95,7000.00,M
GRI,2026-01-10 16:53,32.00,24.00,71.98,16.10,5000.00,M
GRI,2026-01-10 17:53,28.00,22.00,77.88,14.95,6500.00,M
GRI,2026-01-10 18:53,28.00,22.00,77.88,11.50,8000.00,M
GRI,2026-01-10 19:53,28.00,21.00,74.65,10.35,7000.00,M
GRI,2026-01-10 20:53,26.00,21.00,81.07,8.05,6500.00,M
GRI,2026-01-10 21:53,25.00,20.00,80.99,6.90,6000.00,M
GRI,2026-01-10 22:53,23.00,19.00,84.38,8.05,M,M
GRI,2026-01-10 23:53,20.00,17.00,87.91,5.75,M,M
GRI,2026-01-11 00:53,20.00,17.00,87.91,5.75,M,M
GRI,2026-01-11 01:53,20.00,17.00,87.91,4.60,M,M
GRI,2026-01-11 02:53,18.00,16.00,91.71,4.60,M,M
GRI,2026-01-11 03:53,19.00,16.00,87.85,3.45,M,M
GRI,2026-01-11 04:53,17.00,15.00,91.67,4.60,M,M
GRI,2026-01-11 05:53,19.00,17.00,91.75,6.90,M,M
GRI,2026-01-11 06:53,18.00,16.00,91.71,5.75,M,M
GRI,2026-01-11 07:53,18.00,15.00,87.80,5.75,M,M
GRI,2026-01-11 08:53,24.00,19.00,80.91,11.50,M,M
GRI,2026-01-11 09:53,27.00,20.00,74.54,12.65,M,M
GRI,2026-01-11 10:53,31.00,22.00,68.90,14.95,M,M
GRI,2026-01-11 11:53,33.00,24.00,69.14,14.95,M,M
GRI,2026-01-11 12:53,38.00,24.00,56.69,13.80,M,M
GRI,2026-01-11 13:53,40.00,25.00,54.66,12.65,M,M
GRI,2026-01-11 14:53,43.00,26.00,50.75,13.80,M,M
GRI,2026-01-11 15:53,45.00,26.00,47.01,12.65,M,M
GRI,2026-01-11 16:53,43.00,25.00,48.68,8.05,M,M
GRI,2026-01-11 17:53,36.00,25.00,63.96,10.35,M,M
GRI,2026-01-11 18:53,33.00,25.00,72.09,8.05,M,M
GRI,2026-01-11 19:53,36.00,26.00,66.67,9.20,M,M
GRI,2026-01-11 20:53,35.00,25.00,66.55,10.35,M,M
GRI,2026-01-11 21:53,37.00,23.00,56.54,11.50,M,M
GRI,2026-01-11 22:53,35.00,21.00,56.24,10.35,M,M
GRI,2026-01-11 23:53,31.00,20.00,63.29,9.20,M,M
GRI,2026-01-12 00:53,29.00,19.00,65.79,8.05,M,M
GRI,2026-01-12 01:53,28.00,19.00,68.54,10.35,M,M
GRI,2026-01-12 02:53,28.00,18.00,65.66,6.90,M,M
GRI,2026-01-12 03:53,26.00,18.00,71.31,6.90,M,M
GRI,2026-01-12 04:53,26.00,18.00,71.31,9.20,M,M
GRI,2026-01-12 05:53,24.00,16.00,71.08,8.05,M,M
GRI,2026-01-12 06:53,23.00,16.00,74.13,6.90,M,M
GRI,2026-01-12 07:53,23.00,17.00,77.42,6.90,M,M
GRI,2026-01-12 08:53,28.00,19.00,68.54,4.60,M,M
GRI,2026-01-12 09:53,35.00,20.00,53.90,6.90,M,M
GRI,2026-01-12 10:53,44.00,20.00,37.95,6.90,M,M
GRI,2026-01-12 11:53,50.00,20.00,30.26,0.00,M,M
GRI,2026-01-12 12:53,56.00,16.00,20.44,4.60,M,M
GRI,2026-01-12 13:53,60.00,16.00,17.71,6.90,M,M
GRI,2026-01-12 14:53,64.00,17.00,16.06,9.20,M,M
GRI,2026-01-12 15:53,63.00,21.00,19.74,4.60,M,M
GRI,2026-01-12 16:53,56.00,22.00,26.43,5.75,M,M
GRI,2026-01-12 17:53,49.00,22.00,34.20,8.05,M,M
GRI,2026-01-12 18:53,42.00,23.00,46.52,9.20,M,M
GRI,2026-01-12 19:53,46.00,24.00,41.64,10.35,M,M
GRI,2026-01-12 20:53,42.00,23.00,46.52,9.20,M,M
GRI,2026-01-12 21:53,42.00,23.00,46.52,10.35,M,M
GRI,2026-01-12 22:53,41.00,23.00,48.36,11.50,M,M
GRI,2026-01-12 23:53,41.00,23.00,48.36,9.20,M,M
GRI,2026-01-13 00:53,42.00,23.00,46.52,10.35,M,M
GRI,2026-01-13 01:53,44.00,23.00,43.09,12.65,M,M
GRI,2026-01-13 02:53,43.00,23.00,44.77,11.50,M,M
GRI,2026-01-13 03:53,42.00,24.00,48.52,11.50,M,M
GRI,2026-01-13 04:53,41.00,24.00,50.43,10.35,M,M
GRI,2026-01-13 05:53,41.00,25.00,52.58,10.35,M,M
GRI,2026-01-13 06:53,41.00,26.00,54.81,10.35,M,M
GRI,2026-01-13 07:53,42.00,26.00,52.74,11.50,M,M
GRI,2026-01-13 08:53,44.00,27.00,50.90,10.35,M,M
GRI,2026-01-13 09:53,47.00,28.00,47.34,12.65,M,M
GRI,2026-01-13 10:53,50.00,29.00,44.08,11.50,M,M
GRI,2026-01-13 11:53,52.00,29.00,40.93,12.65,10000.00,M
GRI,2026-01-13 12:53,54.00,30.00,39.62,9.20,10000.00,M
GRI,2026-01-13 13:53,53.00,33.00,46.40,13.80,6500.00,M
GRI,2026-01-13 14:53,53.00,36.00,52.30,11.50,6500.00,M
GRI,2026-01-13 15:53,51.00,36.00,56.30,12.65,6000.00,M
GRI,2026-01-13 16:53,45.00,41.00,85.77,14.95,5000.00,M
GRI,2026-01-13 17:53,45.00,41.00,85.77,14.95,5000.00,M
GRI,2026-01-13 18:53,43.00,39.00,85.65,12.65,M,M
GRI,2026-01-13 19:53,41.00,38.00,88.96,12.65,7000.00,M
GRI,2026-01-13 20:53,40.00,36.00,85.47,13.80,4100.00,M
GRI,2026-01-13 21:53,38.00,35.00,88.82,11.50,M,M
GRI,2026-01-13 22:53,39.00,35.00,85.41,16.10,M,M
GRI,2026-01-13 23:53,40.00,35.00,82.14,18.40,M,M
GRI,2026-01-14 00:53,39.00,34.00,82.07,14.95,M,31.05
GRI,2026-01-14 01:53,39.00,34.00,82.07,14.95,5000.00,M
GRI,2026-01-14 02:53,40.00,34.00,78.93,16.10,5000.00,29.90
GRI,2026-01-14 03:12,40.00,34.00,78.93,21.85,2700.00,31.05
GRI,2026-01-14 03:23,40.00,34.00,78.93,20.70,2700.00,31.05
GRI,2026-01-14 03:53,40.00,34.00,78.93,17.25,2200.00,31.05
GRI,2026-01-14 04:01,39.00,34.00,82.07,14.95,2100.00,M
GRI,2026-01-14 04:53,39.00,35.00,85.41,18.40,1800.00,M
GRI,2026-01-14 05:25,38.00,34.00,85.35,18.40,1500.00,M
GRI,2026-01-14 05:39,38.00,34.00,85.35,23.00,1800.00,34.50
GRI,2026-01-14 05:53,38.00,34.00,85.35,21.85,1500.00,34.50
GRI,2026-01-14 06:53,37.00,34.00,88.77,16.10,1800.00,29.90
GRI,2026-01-14 07:07,34.00,32.00,92.28,23.00,900.00,41.40
GRI,2026-01-14 07:26,34.00,30.00,85.10,23.00,1000.00,41.40
GRI,2026-01-14 07:53,32.00,27.00,81.54,17.25,5000.00,41.40
GRI,2026-01-14 08:53,31.00,23.00,71.87,20.70,M,34.50
GRI,2026-01-14 09:53,31.00,22.00,68.90,23.00,M,35.65
GRI,2026-01-14 10:53,32.00,20.00,60.78,20.70,M,32.20
GRI,2026-01-14 11:53,33.00,19.00,55.94,18.40,M,32.20
GRI,2026-01-14 12:53,34.00,18.00,51.48,19.55,M,M
GRI,2026-01-14 13:53,35.00,19.00,51.64,20.70,M,M
GRI,2026-01-14 14:53,36.00,18.00,47.54,17.25,M,M
GRI,2026-01-14 15:53,35.00,17.00,47.38,14.95,M,M
GRI,2026-01-14 16:53,33.00,18.00,53.59,14.95,M,M
GRI,2026-01-14 17:53,26.00,16.00,65.40,9.20,M,M
GRI,2026-01-14 18:53,24.00,16.00,71.08,4.60,M,M
GRI,2026-01-14 19:53,22.00,14.00,70.86,5.75,M,M
GRI,2026-01-14 20:53,21.00,13.00,70.74,0.00,M,M
GRI,2026-01-14 21:53,21.00,13.00,70.74,0.00,M,M
GRI,2026-01-14 22:53,21.00,13.00,70.74,0.00,M,M
GRI,2026-01-14 23:53,18.00,13.00,80.42,4.60,M,M
GRI,2026-01-15 00:53,18.00,13.00,80.42,6.90,M,M
GRI,2026-01-15 01:53,20.00,13.00,73.82,4.60,M,M
GRI,2026-01-15 02:53,22.00,15.00,74.03,6.90,M,M
GRI,2026-01-15 03:53,21.00,16.00,80.67,8.05,12000.00,M
GRI,2026-01-15 04:53,24.00,19.00,80.91,9.20,8500.00,M
GRI,2026-01-15 05:53,25.00,20.00,80.99,10.35,8500.00,M
GRI,2026-01-15 06:53,24.00,20.00,84.45,12.65,M,M
GRI,2026-01-15 07:53,25.00,21.00,84.51,10.35,M,M
GRI,2026-01-15 08:53,29.00,22.00,74.75,13.80,M,M
GRI,2026-01-15 09:53,31.00,23.00,71.87,17.25,M,M
GRI,2026-01-15 10:53,35.00,26.00,69.37,17.25,M,M
GRI,2026-01-15 11:53,39.00,27.00,61.75,14.95,M,M
GRI,2026-01-15 12:53,51.00,27.00,39.12,11.50,M,M
GRI,2026-01-15 13:53,55.00,26.00,32.41,20.70,12000.00,33.35
GRI,2026-01-15 14:53,55.00,27.00,33.78,24.15,M,40.25
GRI,2026-01-15 15:53,53.00,26.00,34.87,18.40,M,34.50
GRI,2026-01-15 16:53,51.00,25.00,36.01,11.50,M,M
GRI,2026-01-15 17:53,45.00,25.00,45.10,10.35,M,M
GRI,2026-01-15 18:53,38.00,24.00,56.69,5.75,M,M
GRI,2026-01-15 19:53,39.00,24.00,54.51,5.75,11000.00,M
GRI,2026-01-15 20:53,34.00,23.00,63.69,8.05,10000.00,M
GRI,2026-01-15 21:23,44.00,26.00,48.84,24.15,8500.00,42.55
GRI,2026-01-15 21:51,37.40,33.80,86.69,32.20,2300.00,56.35
GRI,2026-01-15 21:53,38.00,34.00,85.35,24.15,1500.00,56.35
GRI,2026-01-15 22:15,37.00,34.00,88.77,13.80,1500.00,46.00
GRI,2026-01-15 22:53,37.00,33.00,85.28,14.95,10000.00,46.00
GRI,2026-01-15 23:53,37.00,31.00,78.67,23.00,5000.00,35.65
GRI,2026-01-16 00:53,36.00,26.00,66.67,20.70,4600.00,29.90
GRI,2026-01-16 01:53,34.00,24.00,66.42,17.25,M,31.05
GRI,2026-01-16 02:53,32.00,23.00,69.02,16.10,M,M
GRI,2026-01-16 03:53,31.00,22.00,68.90,16.10,5000.00,M
GRI,2026-01-16 04:53,29.00,21.00,71.65,17.25,M,M
GRI,2026-01-16 05:53,31.00,22.00,68.90,19.55,10000.00,M
GRI,2026-01-16 06:53,33.00,24.00,69.14,24.15,7000.00,36.80
GRI,2026-01-16 07:53,33.00,23.00,66.30,28.75,3500.00,40.25
GRI,2026-01-16 08:53,33.00,19.00,55.94,20.70,4300.00,43.70
GRI,2026-01-16 09:53,34.00,19.00,53.74,25.30,4400.00,42.55
GRI,2026-01-16 10:53,35.00,17.00,47.38,40.25,5000.00,56.35
GRI,2026-01-16 11:53,34.00,16.00,47.22,41.40,7000.00,62.10
GRI,2026-01-16 12:53,34.00,13.00,41.40,36.80,4700.00,58.65
GRI,2026-01-16 13:53,33.00,14.00,45.04,31.05,4600.00,52.90
GRI,2026-01-16 14:53,31.00,14.00,48.82,28.75,5000.00,49.45
GRI,2026-01-16 15:53,30.00,14.00,50.84,25.30,3700.00,44.85
GRI,2026-01-16 16:53,28.00,18.00,65.66,28.75,2800.00,41.40
GRI,2026-01-16 16:59,26.00,21.00,81.07,20.70,2200.00,31.05
GRI,2026-01-16 17:28,26.00,19.00,74.44,26.45,2800.00,41.40
GRI,2026-01-16 17:31,26.00,19.00,74.44,27.60,2400.00,41.40
GRI,2026-01-16 17:53,26.00,17.00,68.30,20.70,5500.00,41.40
GRI,2026-01-16 18:21,23.00,16.00,74.13,28.75,3200.00,43.70
GRI,2026-01-16 18:28,22.00,18.00,84.31,21.85,2500.00,43.70
GRI,2026-01-16 18:33,22.00,18.00,84.31,23.00,2600.00,43.70
GRI,2026-01-16 18:51,23.00,12.20,62.75,27.60,3100.00,44.85
GRI,2026-01-16 18:53,23.00,12.00,62.20,31.05,3600.00,44.85
GRI,2026-01-16 19:53,19.00,7.00,58.91,33.35,4200.00,46.00
GRI,2026-01-16 20:53,19.00,5.00,53.77,35.65,4200.00,51.75
GRI,2026-01-16 21:53,19.00,6.00,56.29,26.45,M,48.30
GRI,2026-01-16 22:53,19.00,11.00,70.51,20.70,3300.00,37.95
GRI,2026-01-16 23:53,17.00,9.00,70.27,13.80,4000.00,M
GRI,2026-01-17 00:53,19.00,9.00,64.48,12.65,3400.00,M
GRI,2026-01-17 01:32,16.00,13.00,87.69,11.50,2700.00,M
GRI,2026-01-17 01:53,15.00,12.00,87.64,9.20,2700.00,M
GRI,2026-01-17 02:24,15.00,11.00,83.83,11.50,1300.00,M
GRI,2026-01-17 02:41,14.00,11.00,87.58,10.35,1400.00,M
GRI,2026-01-17 02:47,14.00,8.60,78.66,18.40,1600.00,M
GRI,2026-01-17 02:53,13.00,5.00,69.80,14.95,1600.00,M
GRI,2026-01-17 03:03,13.00,5.00,69.80,17.25,1600.00,M
GRI,2026-01-17 03:51,12.20,5.00,72.31,21.85,2900.00,34.50
GRI,2026-01-17 03:53,12.00,5.00,72.95,24.15,3400.00,34.50
GRI,2026-01-17 04:53,10.00,-2.00,57.55,31.05,5500.00,44.85
GRI,2026-01-17 05:53,6.00,-4.00,62.68,28.75,2500.00,46.00
GRI,2026-01-17 06:53,4.00,-5.00,65.48,28.75,2400.00,39.10
GRI,2026-01-17 07:03,4.00,-5.00,65.48,24.15,2100.00,35.65
GRI,2026-01-17 07:18,4.00,-5.00,65.48,21.85,2100.00,35.65
GRI,2026-01-17 07:53,3.00,-7.00,62.25,24.15,M,42.55
GRI,2026-01-17 08:53,3.00,-9.00,56.46,29.90,M,43.70
GRI,2026-01-17 09:53,4.00,-9.00,53.91,28.75,2900.00,44.85
GRI,2026-01-17 10:53,5.00,-9.00,51.49,29.90,M,43.70
GRI,2026-01-17 11:53,7.00,-8.00,49.36,23.00,3000.00,42.55
GRI,2026-01-17 12:53,9.00,-8.00,45.10,25.30,M,36.80
GRI,2026-01-17 13:53,10.00,-7.00,45.27,24.15,M,37.95
GRI,2026-01-17 14:53,12.00,-7.00,41.42,21.85,M,35.65
GRI,2026-01-17 15:53,12.00,-7.00,41.42,19.55,M,31.05
GRI,2026-01-17 16:53,11.00,-6.00,45.45,18.40,M,M
GRI,2026-01-17 17:53,9.00,-5.00,52.16,10.35,M,M
GRI,2026-01-17 18:53,6.00,-4.00,62.68,8.05,M,M
GRI,2026-01-17 19:53,6.00,-3.00,65.74,5.75,M,M
GRI,2026-01-17 20:53,6.00,-2.00,68.94,5.75,M,M
GRI,2026-01-17 21:53,5.00,-1.00,75.66,5.75,M,M
GRI,2026-01-17 22:53,9.00,-1.00,63.10,9.20,11000.00,M
GRI,2026-01-17 23:53,11.00,1.00,63.38,11.50,11000.00,M
GRI,2026-01-18 00:53,14.00,1.00,55.51,16.10,10000.00,M
GRI,2026-01-18 01:53,16.00,3.00,55.82,17.25,7000.00,M
GRI,2026-01-18 02:53,17.00,3.00,53.46,13.80,9500.00,M
GRI,2026-01-18 03:53,19.00,3.00,49.04,14.95,9000.00,M
GRI,2026-01-18 04:53,20.00,4.00,49.21,14.95,8500.00,M
GRI,2026-01-18 05:53,22.00,5.00,47.33,12.65,6000.00,M
GRI,2026-01-18 06:53,23.00,8.00,52.01,12.65,M,M
GRI,2026-01-18 07:53,30.00,16.00,55.49,11.50,3500.00,M
GRI,2026-01-18 08:53,35.00,23.00,61.20,18.40,3300.00,31.05
GRI,2026-01-18 09:53,38.00,24.00,56.69,10.35,3700.00,M
GRI,2026-01-18 10:53,41.00,25.00,52.58,20.70,3700.00,M
GRI,2026-01-18 11:53,42.00,25.00,50.59,20.70,4100.00,42.55
GRI,2026-01-18 12:53,40.00,25.00,54.66,21.85,4100.00,37.95
GRI,2026-01-18 13:53,38.00,28.00,66.92,20.70,3300.00,42.55
GRI,2026-01-18 14:53,39.00,25.00,56.84,24.15,3600.00,43.70
GRI,2026-01-18 15:53,39.00,23.00,52.27,25.30,4600.00,37.95
GRI,2026-01-18 16:53,37.00,17.00,43.77,36.80,4100.00,50.60
GRI,2026-01-18 17:53,33.00,20.00,58.38,24.15,4100.00,50.60
GRI,2026-01-18 18:53,29.00,15.00,55.33,21.85,3800.00,41.40
GRI,2026-01-18 19:53,24.00,13.00,62.34,21.85,3300.00,40.25
GRI,2026-01-18 20:53,22.00,10.00,59.35,25.30,M,37.95
GRI,2026-01-18 21:53,20.00,10.00,64.61,13.80,3000.00,37.95
GRI,2026-01-18 22:15,20.00,11.00,67.56,9.20,2800.00,M
GRI,2026-01-18 22:35,19.00,5.00,53.77,24.15,2800.00,36.80
GRI,2026-01-18 22:53,18.00,5.00,56.13,20.70,M,37.95
GRI,2026-01-18 23:53,16.00,6.00,64.07,18.40,M,35.65
GRI,2026-01-19 00:53,15.00,5.00,63.93,18.40,M,34.50
GRI,2026-01-19 01:17,14.00,4.00,63.80,12.65,2800.00,M
GRI,2026-01-19 01:41,13.00,3.00,63.66,16.10,2700.00,M
GRI,2026-01-19 01:53,13.00,3.00,63.66,13.80,M,M
GRI,2026-01-19 02:38,13.00,3.00,63.66,12.65,2500.00,M
GRI,2026-01-19 02:53,12.00,3.00,66.54,12.65,1700.00,M
GRI,2026-01-19 03:31,10.00,0.00,63.24,18.40,2400.00,M
GRI,2026-01-19 03:53,10.00,-1.00,60.34,20.70,M,M
GRI,2026-01-19 04:53,8.00,-1.00,66.01,13.80,M,M
GRI,2026-01-19 05:53,7.00,-1.00,69.07,11.50,M,M
GRI,2026-01-19 06:53,5.00,-2.00,72.17,9.20,M,M
GRI,2026-01-19 07:53,3.00,-3.00,75.46,4.60,M,M
GRI,2026-01-19 08:53,5.00,-1.00,75.66,8.05,M,M
GRI,2026-01-19 09:53,9.00,-3.00,57.40,13.80,M,M
GRI,2026-01-19 10:53,13.00,-6.00,41.60,12.65,M,M
GRI,2026-01-19 11:53,16.00,-5.00,38.28,12.65,M,M
GRI,2026-01-19 12:53,20.00,-2.00,37.18,13.80,3700.00,M
GRI,2026-01-19 13:53,22.00,2.00,41.21,14.95,M,M
GRI,2026-01-19 14:53,24.00,3.00,39.68,13.80,M,M
GRI,2026-01-19 15:53,26.00,4.00,38.23,11.50,M,M
GRI,2026-01-19 16:53,25.00,5.00,41.73,5.75,M,M
GRI,2026-01-19 17:53,20.00,5.00,51.52,4.60,M,M
GRI,2026-01-19 18:53,17.00,5.00,58.61,5.75,M,M
GRI,2026-01-19 19:53,18.00,7.00,61.49,4.60,M,M
GRI,2026-01-19 20:53,21.00,8.00,56.59,9.20,8000.00,M
GRI,2026-01-19 21:53,20.00,7.00,56.44,6.90,M,M
GRI,2026-01-19 22:53,15.00,7.00,70.04,8.05,M,M
GRI,2026-01-19 23:53,17.00,7.00,64.21,9.20,M,M
GRI,2026-01-20 00:53,18.00,8.00,64.34,9.20,M,M
GRI,2026-01-20 01:53,13.00,7.00,76.46,6.90,M,M
GRI,2026-01-20 02:53,11.00,6.00,79.83,3.45,M,M
GRI,2026-01-20 03:53,10.00,5.00,79.75,5.75,M,M
GRI,2026-01-20 04:53,10.00,4.00,76.17,5.75,M,M
GRI,2026-01-20 05:53,10.00,3.00,72.73,5.75,M,M
GRI,2026-01-20 06:53,11.00,5.00,76.27,5.75,M,M
GRI,2026-01-20 07:53,10.00,4.00,76.17,0.00,M,M
GRI,2026-01-20 08:53,13.00,5.00,69.80,8.05,M,M
GRI,2026-01-20 09:53,19.00,7.00,58.91,10.35,M,M
GRI,2026-01-20 10:53,25.00,10.00,52.33,16.10,M,M
GRI,2026-01-20 11:53,31.00,11.00,42.76,13.80,M,M
GRI,2026-01-20 12:53,35.00,12.00,38.07,14.95,M,M
GRI,2026-01-20 13:53,37.00,14.00,38.41,12.65,M,M
GRI,2026-01-20 14:53,39.00,16.00,38.75,10.35,M,M
GRI,2026-01-20 15:53,42.00,19.00,39.26,9.20,M,M
GRI,2026-01-20 16:53,40.00,21.00,46.20,10.35,M,M
GRI,2026-01-20 17:53,35.00,22.00,58.67,6.90,M,M
GRI,2026-01-20 18:53,36.00,22.00,56.39,5.75,M,M
GRI,2026-01-20 19:38,33.00,21.00,60.92,9.20,M,M
GRI,2026-01-20 19:53,34.00,21.00,58.53,13.80,M,M
GRI,2026-01-20 20:53,33.00,17.00,51.32,17.25,10000.00,31.05
GRI,2026-01-20 21:53,36.00,22.00,56.39,24.15,9500.00,33.35
GRI,2026-01-20 22:53,33.00,21.00,60.92,13.80,3400.00,39.10
GRI,2026-01-20 23:53,31.00,18.00,58.09,21.85,3500.00,32.20
GRI,2026-01-21 00:53,28.00,17.00,62.89,14.95,M,M
GRI,2026-01-21 01:53,24.00,15.00,68.05,10.35,M,M
GRI,2026-01-21 02:53,20.00,13.00,73.82,8.05,M,M
GRI,2026-01-21 03:53,20.00,14.00,77.14,10.35,M,M
GRI,2026-01-21 04:53,19.00,13.00,77.04,9.20,M,M
GRI,2026-01-21 05:53,19.00,11.00,70.51,12.65,M,M
GRI,2026-01-21 06:53,20.00,12.00,70.63,16.10,M,M
GRI,2026-01-21 07:53,21.00,12.00,67.68,13.80,M,M
GRI,2026-01-21 08:53,25.00,14.00,62.47,20.70,M,29.90
GRI,2026-01-21 09:53,31.00,17.00,55.64,18.40,M,31.05
GRI,2026-01-21 10:53,38.00,18.00,43.94,25.30,M,36.80
GRI,2026-01-21 11:53,43.00,16.00,33.19,26.45,M,37.95
GRI,2026-01-21 12:53,47.00,11.00,22.88,31.05,M,47.15
GRI,2026-01-21 13:53,43.00,9.00,24.36,36.80,M,50.60
GRI,2026-01-21 14:53,40.00,3.00,20.80,26.45,M,47.15
GRI,2026-01-21 15:53,36.00,-1.00,20.19,25.30,M,41.40
GRI,2026-01-21 16:53,34.00,3.00,26.36,14.95,M,33.35
GRI,2026-01-21 17:53,28.00,3.00,33.62,11.50,M,M
GRI,2026-01-21 18:53,25.00,4.00,39.86,5.75,M,M
GRI,2026-01-21 19:53,20.00,5.00,51.52,4.60,M,M
GRI,2026-01-21 20:53,21.00,6.00,51.69,4.60,M,M
GRI,2026-01-21 21:53,21.00,6.00,51.69,4.60,M,M
GRI,2026-01-21 22:53,18.00,6.00,58.76,0.00,M,M
GRI,2026-01-21 23:53,15.00,6.00,66.92,8.05,M,M
GRI,2026-01-22 00:53,16.00,6.00,64.07,5.75,M,M
GRI,2026-01-22 01:53,14.00,5.00,66.79,6.90,M,M
GRI,2026-01-22 02:53,14.00,4.00,63.80,6.90,M,M
GRI,2026-01-22 03:53,16.00,4.00,58.46,4.60,M,M
GRI,2026-01-22 04:53,12.00,4.00,69.68,5.75,11000.00,M
GRI,2026-01-22 05:53,12.00,2.00,63.52,5.75,M,M
GRI,2026-01-22 06:53,11.00,2.00,66.41,5.75,M,M
GRI,2026-01-22 07:53,13.00,4.00,66.67,4.60,11000.00,M
GRI,2026-01-22 08:53,18.00,6.00,58.76,3.45,11000.00,M
GRI,2026-01-22 09:53,20.00,7.00,56.44,4.60,9000.00,M
GRI,2026-01-22 10:53,26.00,5.00,40.03,8.05,10000.00,M
GRI,2026-01-22 11:53,31.00,5.00,32.61,10.35,9500.00,M
GRI,2026-01-22 12:53,30.00,5.00,33.96,11.50,9000.00,M
GRI,2026-01-22 13:53,33.00,4.00,28.73,8.05,M,M
GRI,2026-01-22 14:04,33.00,4.00,28.73,11.50,M,M
GRI,2026-01-22 14:53,33.00,5.00,30.08,11.50,M,M
GRI,2026-01-22 15:53,31.00,7.00,35.72,19.55,M,M
GRI,2026-01-22 16:53,27.00,7.00,42.07,17.25,M,M
GRI,2026-01-22 17:53,22.00,6.00,49.54,10.35,M,M
GRI,2026-01-22 18:53,19.00,5.00,53.77,11.50,M,M
GRI,2026-01-22 19:53,17.00,5.00,58.61,11.50,M,M
GRI,2026-01-22 20:53,14.00,3.00,60.92,11.50,M,M
GRI,2026-01-22 21:53,13.00,0.00,55.35,18.40,M,M
GRI,2026-01-22 22:53,11.00,-2.00,55.04,17.25,M,31.05
GRI,2026-01-22 23:53,9.00,-3.00,57.40,16.10,M,M
GRI,2026-01-23 00:53,8.00,-5.00,54.56,19.55,9000.00,M
GRI,2026-01-23 01:53,4.00,-8.00,56.62,17.25,8000.00,M
GRI,2026-01-23 02:53,2.00,-13.00,48.51,19.55,5500.00,31.05
GRI,2026-01-23 03:53,-1.00,-16.00,47.99,23.00,4000.00,33.35
GRI,2026-01-23 04:31,-2.00,-12.00,61.52,19.55,3200.00,35.65
GRI,2026-01-23 04:49,-2.20,-11.20,64.63,17.25,4300.00,35.65
GRI,2026-01-23 04:53,-2.00,-12.00,61.52,18.40,4600.00,35.65
GRI,2026-01-23 05:31,-2.00,-10.00,67.93,16.10,4200.00,M
GRI,2026-01-23 05:42,-2.00,-9.00,71.35,14.95,4600.00,M
GRI,2026-01-23 05:53,-2.00,-11.00,64.65,18.40,5500.00,M
GRI,2026-01-23 06:38,-4.00,-12.00,67.67,19.55,5000.00,M
GRI,2026-01-23 06:53,-4.00,-11.00,71.11,16.10,4400.00,M
GRI,2026-01-23 07:18,-4.00,-13.00,64.37,17.25,4200.00,M
GRI,2026-01-23 07:53,-5.00,-15.00,61.08,16.10,4400.00,M
GRI,2026-01-23 08:53,-5.00,-16.00,58.06,14.95,4500.00,M
GRI,2026-01-23 09:53,-5.00,-15.00,61.08,13.80,4900.00,M
GRI,2026-01-23 10:53,-4.00,-16.00,55.34,17.25,6000.00,M
GRI,2026-01-23 11:53,-3.00,-16.00,52.76,13.80,5000.00,M
GRI,2026-01-23 12:53,-2.00,-17.00,47.81,11.50,7500.00,M
GRI,2026-01-23 13:53,-1.00,-17.00,45.60,5.75,5000.00,M
GRI,2026-01-23 14:53,-1.00,-18.00,43.33,4.60,7500.00,M
GRI,2026-01-23 15:53,0.00,-16.00,45.78,10.35,7000.00,M
GRI,2026-01-23 16:53,0.00,-16.00,45.78,10.35,5000.00,M
GRI,2026-01-23 17:53,-2.00,-12.00,61.52,10.35,3600.00,M
GRI,2026-01-23 18:00,-2.00,-11.00,64.65,9.20,3600.00,M
GRI,2026-01-23 18:08,-2.00,-11.00,64.65,9.20,3400.00,M
GRI,2026-01-23 18:53,-2.00,-9.00,71.35,6.90,3200.00,M
GRI,2026-01-23 19:09,-2.00,-9.00,71.35,6.90,2800.00,M
GRI,2026-01-23 19:34,-2.00,-8.00,74.93,6.90,2700.00,M
GRI,2026-01-23 19:53,-2.00,-8.00,74.93,5.75,2700.00,M
GRI,2026-01-23 20:01,-2.00,-8.00,74.93,6.90,3100.00,M
GRI,2026-01-23 20:43,-2.00,-8.00,74.93,5.75,2900.00,M
GRI,2026-01-23 20:50,-2.20,-7.60,77.14,6.90,2900.00,M
GRI,2026-01-23 20:53,-2.00,-8.00,74.93,5.75,3100.00,M
GRI,2026-01-23 21:01,-2.00,-8.00,74.93,8.05,3500.00,M
GRI,2026-01-23 21:37,-2.00,-8.00,74.93,8.05,2900.00,M
GRI,2026-01-23 21:53,-2.00,-8.00,74.93,6.90,2700.00,M
GRI,2026-01-23 22:32,-2.00,-8.00,74.93,8.05,3000.00,M
GRI,2026-01-23 22:46,-2.00,-9.00,71.35,8.05,3600.00,M
GRI,2026-01-23 22:53,-2.00,-8.00,74.93,10.35,3800.00,M
GRI,2026-01-23 23:53,-2.00,-8.00,74.93,8.05,3600.00,M
GRI,2026-01-24 00:44,-2.00,-8.00,74.93,9.20,2600.00,M
GRI,2026-01-24 00:53,-2.00,-8.00,74.93,8.05,2400.00,M
GRI,2026-01-24 01:04,-2.00,-8.00,74.93,8.05,2200.00,M
GRI,2026-01-24 01:53,-2.00,-8.00,74.93,8.05,3200.00,M
GRI,2026-01-24 02:00,-2.00,-8.00,74.93,8.05,2800.00,M
GRI,2026-01-24 02:08,-2.00,-7.00,78.67,8.05,2800.00,M
GRI,2026-01-24 02:16,-2.00,-7.00,78.67,6.90,2700.00,M
GRI,2026-01-24 02:23,-2.00,-8.00,74.93,6.90,2700.00,M
GRI,2026-01-24 02:40,-2.00,-7.00,78.67,5.75,2700.00,M
GRI,2026-01-24 02:53,-2.00,-8.00,74.93,9.20,2300.00,M
GRI,2026-01-24 03:16,-3.00,-8.00,78.58,8.05,2900.00,M
GRI,2026-01-24 03:25,-3.00,-8.00,78.58,6.90,3100.00,M
GRI,2026-01-24 03:53,-3.00,-8.00,78.58,6.90,3500.00,M
GRI,2026-01-24 04:11,-3.00,-9.00,74.82,5.75,3900.00,M
GRI,2026-01-24 04:25,-3.00,-8.00,78.58,6.90,4100.00,M
GRI,2026-01-24 04:37,-3.00,-8.00,78.58,6.90,4700.00,M
GRI,2026-01-24 04:53,-3.00,-9.00,74.82,4.60,6500.00,M
GRI,2026-01-24 05:53,-3.00,-10.00,71.23,6.90,5500.00,M
GRI,2026-01-24 06:53,-3.00,-9.00,74.82,5.75,3200.00,M
GRI,2026-01-24 07:53,-4.00,-10.00,74.72,5.75,M,M
GRI,2026-01-24 08:53,-3.00,-9.00,74.82,6.90,800.00,M
GRI,2026-01-24 09:53,-3.00,-9.00,74.82,4.60,M,M
GRI,2026-01-24 10:53,-1.00,-8.00,71.47,4.60,M,M
GRI,2026-01-24 11:53,1.00,-7.00,68.31,3.45,M,M
GRI,2026-01-24 12:53,2.00,-7.00,65.20,3.45,M,M
GRI,2026-01-24 13:53,2.00,-5.00,71.82,0.00,M,M
GRI,2026-01-24 14:53,4.00,-4.00,68.69,3.45,M,M
GRI,2026-01-24 15:53,4.00,-4.00,68.69,3.45,M,M
GRI,2026-01-24 16:53,4.00,-4.00,68.69,4.60,M,M
GRI,2026-01-24 17:53,2.00,-4.00,75.35,3.45,M,M
GRI,2026-01-24 18:53,0.00,-5.00,78.85,5.75,M,M
GRI,2026-01-24 19:53,-3.00,-7.00,82.50,4.60,M,M
GRI,2026-01-24 20:53,-3.00,-7.00,82.50,5.75,M,M
GRI,2026-01-24 21:53,-5.00,-8.00,86.47,4.60,M,M
GRI,2026-01-24 22:53,-7.00,-11.00,82.18,3.45,M,M
GRI,2026-01-24 23:53,-7.00,-10.00,86.35,6.90,M,M
GRI,2026-01-25 00:53,-6.00,-10.00,82.26,3.45,M,M
GRI,2026-01-25 01:53,-6.00,-10.00,82.26,4.60,M,M
GRI,2026-01-25 02:53,-6.00,-10.00,82.26,6.90,M,M
GRI,2026-01-25 03:53,-7.00,-11.00,82.18,8.05,M,M
GRI,2026-01-25 04:53,-9.00,-13.00,82.02,5.75,M,M
GRI,2026-01-25 05:53,-8.00,-12.00,82.10,4.60,M,M
GRI,2026-01-25 06:53,-7.00,-11.00,82.18,10.35,M,M
GRI,2026-01-25 07:53,-8.00,-12.00,82.10,5.75,M,M
GRI,2026-01-25 08:53,-2.00,-7.00,78.67,9.20,M,M
GRI,2026-01-25 09:53,4.00,-2.00,75.56,6.90,M,M
GRI,2026-01-25 10:53,12.00,4.00,69.68,17.25,M,M
GRI,2026-01-25 11:53,17.00,7.00,64.21,17.25,M,M
GRI,2026-01-25 12:53,19.00,7.00,58.91,16.10,2500.00,M
GRI,2026-01-25 13:15,19.00,7.00,58.91,16.10,2700.00,M
GRI,2026-01-25 13:53,18.00,7.00,61.49,18.40,2800.00,M
GRI,2026-01-25 14:46,19.00,7.00,58.91,17.25,3000.00,M
GRI,2026-01-25 14:53,18.00,6.00,58.76,18.40,2100.00,M
GRI,2026-01-25 15:53,15.00,3.00,58.31,14.95,3000.00,M
GRI,2026-01-25 16:53,14.00,3.00,60.92,17.25,3500.00,M
GRI,2026-01-25 17:53,10.00,0.00,63.24,16.10,3900.00,M
GRI,2026-01-25 18:53,7.00,-2.00,65.88,13.80,M,M
GRI,2026-01-25 19:53,5.00,-4.00,65.61,11.50,M,M
GRI,2026-01-25 20:53,2.00,-6.00,68.44,12.65,M,M
GRI,2026-01-25 21:53,1.00,-7.00,68.31,11.50,M,M
GRI,2026-01-25 22:53,-6.00,-11.00,78.30,5.75,M,M
GRI,2026-01-25 23:53,-5.00,-10.00,78.39,6.90,M,M
GRI,2026-01-26 00:53,-7.00,-12.00,78.20,6.90,M,M
GRI,2026-01-26 01:53,-9.00,-14.00,78.01,8.05,M,M
GRI,2026-01-26 02:53,-8.00,-13.00,78.11,6.90,M,M
GRI,2026-01-26 03:53,-9.00,-14.00,78.01,6.90,M,M
GRI,2026-01-26 04:53,-8.00,-13.00,78.11,8.05,M,M
GRI,2026-01-26 05:53,-4.00,-10.00,74.72,9.20,M,M
GRI,2026-01-26 06:53,-3.00,-10.00,71.23,12.65,M,M
GRI,2026-01-26 07:53,1.00,-6.00,71.71,13.80,M,M
GRI,2026-01-26 08:53,6.00,-1.00,72.28,20.70,M,M
GRI,2026-01-26 09:53,12.00,2.00,63.52,18.40,M,31.05
GRI,2026-01-26 10:53,17.00,5.00,58.61,21.85,M,31.05
GRI,2026-01-26 11:53,21.00,7.00,54.09,21.85,M,33.35
GRI,2026-01-26 12:53,25.00,10.00,52.33,23.00,M,34.50
GRI,2026-01-26 13:53,29.00,13.00,50.68,29.90,M,36.80
GRI,2026-01-26 14:53,32.00,13.00,44.87,25.30,M,37.95
GRI,2026-01-26 15:53,35.00,16.00,45.37,12.65,M,32.20
GRI,2026-01-26 16:53,35.00,17.00,47.38,16.10,M,M
GRI,2026-01-26 17:53,32.00,17.00,53.43,12.65,M,M
GRI,2026-01-26 18:53,31.00,16.00,53.28,12.65,M,M
GRI,2026-01-26 19:53,28.00,17.00,62.89,13.80,M,M
GRI,2026-01-26 20:53,27.00,16.00,62.75,14.95,M,M
GRI,2026-01-26 21:53,25.00,14.00,62.47,11.50,M,M
GRI,2026-01-26 22:53,23.00,14.00,67.93,11.50,M,M
GRI,2026-01-26 23:53,22.00,14.00,70.86,12.65,M,M
GRI,2026-01-27 00:53,18.00,12.00,76.95,6.90,M,M
GRI,2026-01-27 01:53,16.00,10.00,76.75,9.20,M,M
GRI,2026-01-27 02:53,15.00,9.00,76.66,5.75,M,M
GRI,2026-01-27 03:53,13.00,9.00,83.69,6.90,M,M
GRI,2026-01-27 04:53,14.00,8.00,76.56,8.05,M,M
GRI,2026-01-27 05:53,18.00,10.00,70.39,8.05,M,M
GRI,2026-01-27 06:53,15.00,9.00,76.66,9.20,M,M
GRI,2026-01-27 07:53,12.00,6.00,76.36,6.90,M,M
GRI,2026-01-27 08:53,17.00,7.00,64.21,9.20,12000.00,M
GRI,2026-01-27 09:53,19.00,7.00,58.91,12.65,M,M
GRI,2026-01-27 10:53,22.00,7.00,51.85,11.50,10000.00,M
GRI,2026-01-27 11:53,22.00,4.00,45.20,11.50,11000.00,M
GRI,2026-01-27 12:53,24.00,2.00,37.88,10.35,8000.00,M
GRI,2026-01-27 13:53,25.00,4.00,39.86,8.05,8000.00,M
GRI,2026-01-27 14:53,26.00,4.00,38.23,8.05,8000.00,M
GRI,2026-01-27 15:53,26.00,3.00,36.51,4.60,7000.00,M
GRI,2026-01-27 16:53,28.00,4.00,35.20,3.45,10000.00,M
GRI,2026-01-27 17:53,25.00,6.00,43.68,3.45,10000.00,M
GRI,2026-01-27 18:53,24.00,5.00,43.51,5.75,M,M
GRI,2026-01-27 19:53,19.00,5.00,53.77,8.05,10000.00,M
GRI,2026-01-27 20:53,19.00,8.00,61.64,9.20,M,M
GRI,2026-01-27 21:53,14.00,7.00,73.17,8.05,M,M
GRI,2026-01-27 22:53,15.00,8.00,73.28,6.90,M,M
GRI,2026-01-27 23:53,15.00,10.00,80.17,6.90,9500.00,M
GRI,2026-01-28 00:53,15.00,10.00,80.17,5.75,M,M
GRI,2026-01-28 01:53,14.00,9.00,80.09,0.00,M,M
GRI,2026-01-28 02:53,14.00,10.00,83.76,4.60,M,M
GRI,2026-01-28 03:53,12.00,9.00,87.47,5.75,M,M
GRI,2026-01-28 04:53,11.00,8.00,87.42,4.60,M,M
GRI,2026-01-28 05:53,10.00,6.00,83.47,5.75,M,M
GRI,2026-01-28 06:53,8.00,4.00,83.33,4.60,M,M
GRI,2026-01-28 07:53,8.00,4.00,83.33,8.05,M,M
GRI,2026-01-28 08:53,16.00,9.00,73.39,9.20,M,M
GRI,2026-01-28 09:53,25.00,13.00,59.79,5.75,M,M
GRI,2026-01-28 10:53,31.00,15.00,51.01,3.45,M,M
GRI,2026-01-28 11:53,35.00,19.00,51.64,4.60,M,M
GRI,2026-01-28 12:53,38.00,20.00,47.87,4.60,M,M
GRI,2026-01-28 13:53,40.00,20.00,44.27,6.90,M,M
GRI,2026-01-28 14:53,42.00,23.00,46.52,8.05,M,M
GRI,2026-01-28 15:53,38.00,24.00,56.69,11.50,M,M
GRI,2026-01-28 16:53,34.00,23.00,63.69,11.50,M,M
GRI,2026-01-28 17:53,30.00,22.00,71.76,8.05,M,M
GRI,2026-01-28 18:53,29.00,21.00,71.65,10.35,M,M
GRI,2026-01-28 19:53,28.00,19.00,68.54,9.20,M,M
GRI,2026-01-28 20:53,27.00,18.00,68.42,10.35,M,M
GRI,2026-01-28 21:53,25.00,11.00,54.72,14.95,M,M
GRI,2026-01-28 22:53,24.00,7.00,47.66,11.50,M,M
GRI,2026-01-28 23:53,21.00,7.00,54.09,9.20,M,M
GRI,2026-01-29 00:53,17.00,8.00,67.18,6.90,M,M
GRI,2026-01-29 01:53,16.00,9.00,73.39,5.75,M,M
GRI,2026-01-29 02:53,18.00,9.00,67.31,8.05,M,M
GRI,2026-01-29 03:53,18.00,10.00,70.39,9.20,11000.00,M
GRI,2026-01-29 04:53,19.00,10.00,67.43,8.05,8000.00,M
GRI,2026-01-29 05:53,19.00,9.00,64.48,11.50,6000.00,M
GRI,2026-01-29 06:53,19.00,9.00,64.48,13.80,4900.00,M
GRI,2026-01-29 07:38,17.00,14.00,87.75,10.35,3500.00,M
GRI,2026-01-29 07:53,17.00,14.00,87.75,10.35,2800.00,M
GRI,2026-01-29 08:53,17.00,14.00,87.75,8.05,3600.00,M
GRI,2026-01-29 09:16,18.00,14.00,84.04,8.05,5000.00,M
GRI,2026-01-29 09:25,18.00,14.00,84.04,8.05,5000.00,M
GRI,2026-01-29 09:50,17.60,14.00,85.50,9.20,4000.00,M
GRI,2026-01-29 09:53,18.00,14.00,84.04,9.20,4000.00,M
GRI,2026-01-29 10:16,19.00,14.00,80.51,10.35,4400.00,M
GRI,2026-01-29 10:29,19.00,14.00,80.51,9.20,1000.00,M
GRI,2026-01-29 10:53,19.00,15.00,84.11,3.45,1000.00,M
GRI,2026-01-29 11:30,20.00,14.00,77.14,3.45,1200.00,M
GRI,2026-01-29 11:53,20.00,15.00,80.59,0.00,1200.00,M
GRI,2026-01-29 12:00,20.00,14.00,77.14,0.00,1200.00,M
GRI,2026-01-29 12:12,20.00,15.00,80.59,0.00,1300.00,M
GRI,2026-01-29 12:53,22.00,16.00,77.32,0.00,1300.00,M
GRI,2026-01-29 13:53,23.00,17.00,77.42,0.00,1400.00,M
GRI,2026-01-29 14:53,24.00,17.00,74.24,0.00,1700.00,M
GRI,2026-01-29 15:11,24.00,17.00,74.24,0.00,1700.00,M
GRI,2026-01-29 15:31,24.00,17.00,74.24,0.00,1700.00,M
GRI,2026-01-29 15:53,25.00,18.00,74.34,0.00,1800.00,M
GRI,2026-01-29 16:53,25.00,18.00,74.34,5.75,4800.00,M
GRI,2026-01-29 17:53,24.00,18.00,77.51,5.75,3700.00,M
GRI,2026-01-29 18:53,24.00,18.00,77.51,6.90,4000.00,M
GRI,2026-01-29 19:53,24.00,18.00,77.51,6.90,4000.00,M
GRI,2026-01-29 20:53,23.00,18.00,80.83,6.90,4000.00,M
GRI,2026-01-29 21:53,23.00,18.00,80.83,5.75,3700.00,M
GRI,2026-01-29 22:53,23.00,19.00,84.38,3.45,4000.00,M
GRI,2026-01-29 23:53,21.00,18.00,87.96,3.45,3900.00,M
GRI,2026-01-30 00:53,19.00,17.00,91.75,0.00,3700.00,M
GRI,2026-01-30 01:53,18.00,16.00,91.71,0.00,3400.00,M
GRI,2026-01-30 02:53,20.00,17.00,87.91,0.00,3300.00,M
GRI,2026-01-30 03:53,21.00,18.00,87.96,5.75,900.00,M
GRI,2026-01-30 04:00,21.00,19.00,91.82,8.05,900.00,M
GRI,2026-01-30 04:28,21.00,18.00,87.96,11.50,1100.00,M
GRI,2026-01-30 04:53,20.00,17.00,87.91,8.05,1300.00,M
GRI,2026-01-30 05:24,20.00,17.00,87.91,6.90,1000.00,M
GRI,2026-01-30 05:36,20.00,17.00,87.91,8.05,1000.00,M
GRI,2026-01-30 05:53,20.00,17.00,87.91,8.05,1000.00,M
GRI,2026-01-30 06:16,20.00,17.00,87.91,12.65,800.00,M
GRI,2026-01-30 06:53,18.00,13.00,80.42,10.35,1000.00,M
GRI,2026-01-30 07:50,17.60,10.40,72.91,10.35,1600.00,M
GRI,2026-01-30 07:53,17.00,11.00,76.85,9.20,1600.00,M
GRI,2026-01-30 08:18,17.00,11.00,76.85,8.05,2200.00,M
GRI,2026-01-30 08:53,16.00,12.00,83.90,11.50,2900.00,M
GRI,2026-01-30 09:10,16.00,12.00,83.90,12.65,1100.00,M
GRI,2026-01-30 09:29,16.00,11.00,80.26,14.95,1300.00,M
GRI,2026-01-30 09:39,15.00,11.00,83.83,13.80,3000.00,M
GRI,2026-01-30 09:41,15.00,11.00,83.83,13.80,2800.00,M
GRI,2026-01-30 09:53,15.00,11.00,83.83,14.95,2400.00,M
GRI,2026-01-30 10:08,15.00,9.00,76.66,14.95,2400.00,M
GRI,2026-01-30 10:14,15.00,9.00,76.66,13.80,2600.00,M
GRI,2026-01-30 10:53,16.00,9.00,73.39,14.95,1800.00,M
GRI,2026-01-30 11:27,16.00,7.00,67.05,19.55,2300.00,M
GRI,2026-01-30 11:40,15.00,7.00,70.04,16.10,2100.00,M
GRI,2026-01-30 11:53,16.00,7.00,67.05,18.40,2300.00,M
GRI,2026-01-30 12:15,16.00,8.00,70.16,18.40,2100.00,M
GRI,2026-01-30 12:40,16.00,7.00,67.05,19.55,2100.00,M
GRI,2026-01-30 12:48,15.80,8.60,72.71,19.55,2100.00,M
GRI,2026-01-30 12:53,16.00,7.00,67.05,18.40,2100.00,M
GRI,2026-01-30 13:53,14.00,6.00,69.92,18.40,2100.00,M
GRI,2026-01-30 14:53,13.00,5.00,69.80,17.25,2300.00,31.05
GRI,2026-01-30 15:31,13.00,4.00,66.67,21.85,2200.00,29.90
GRI,2026-01-30 15:53,13.00,3.00,63.66,18.40,2300.00,29.90
GRI,2026-01-30 16:53,11.00,1.00,63.38,17.25,2300.00,M
GRI,2026-01-30 17:53,7.00,0.00,72.39,10.35,2300.00,M
GRI,2026-01-30 18:53,1.00,-4.00,78.95,9.20,2200.00,M
GRI,2026-01-30 19:53,0.00,-4.00,82.73,8.05,M,M
GRI,2026-01-30 20:53,2.00,-3.00,79.04,8.05,M,M
GRI,2026-01-30 21:53,2.00,-4.00,75.35,5.75,M,M
GRI,2026-01-30 22:53,0.00,-5.00,78.85,4.60,M,M
GRI,2026-01-30 23:53,-2.00,-7.00,78.67,4.60,M,M
GRI,2026-01-31 00:53,-4.00,-7.00,86.53,6.90,M,M
GRI,2026-01-31 01:53,-4.00,-8.00,82.42,3.45,M,M
GRI,2026-01-31 02:53,-5.00,-8.00,86.47,5.75,M,M
GRI,2026-01-31 03:53,-5.00,-9.00,82.34,3.45,M,M
GRI,2026-01-31 04:53,-5.00,-9.00,82.34,4.60,M,M
GRI,2026-01-31 05:53,-4.00,-7.00,86.53,4.60,M,M
GRI,2026-01-31 06:53,-4.00,-8.00,82.42,5.75,M,M
GRI,2026-01-31 07:53,-1.00,-5.00,82.65,6.90,M,M
GRI,2026-01-31 08:53,3.00,-2.00,79.13,9.20,M,M
GRI,2026-01-31 09:53,7.00,1.00,75.86,13.80,10000.00,M
GRI,2026-01-31 10:53,11.00,3.00,69.56,11.50,10000.00,M
GRI,2026-01-31 11:53,14.00,4.00,63.80,14.95,9500.00,M
GRI,2026-01-31 12:53,14.00,4.00,63.80,14.95,9000.00,M
GRI,2026-01-31 13:53,16.00,4.00,58.46,13.80,6500.00,M
GRI,2026-01-31 14:53,17.00,4.00,55.98,16.10,4000.00,M
GRI,2026-01-31 15:23,17.00,4.00,55.98,14.95,2700.00,M
GRI,2026-01-31 15:31,17.00,6.00,61.35,16.10,2300.00,M
GRI,2026-01-31 15:53,16.00,8.00,70.16,14.95,1900.00,M
GRI,2026-01-31 16:32,16.00,9.00,73.39,16.10,3000.00,M
GRI,2026-01-31 16:39,16.00,10.00,76.75,11.50,2700.00,M
GRI,2026-01-31 16:53,15.00,11.00,83.83,11.50,1600.00,M
GRI,2026-01-31 17:17,15.00,11.00,83.83,12.65,3000.00,M
GRI,2026-01-31 17:24,15.00,11.00,83.83,13.80,3700.00,M
GRI,2026-01-31 17:53,16.00,11.00,80.26,17.25,6000.00,M
GRI,2026-01-31 18:53,15.00,10.00,80.17,14.95,4800.00,M
GRI,2026-01-31 19:12,15.00,10.00,80.17,16.10,3000.00,M
GRI,2026-01-31 19:21,15.00,10.00,80.17,17.25,2800.00,M
GRI,2026-01-31 19:51,15.80,10.40,78.82,17.25,2600.00,M
GRI,2026-01-31 19:53,15.00,11.00,83.83,17.25,2600.00,M
GRI,2026-01-31 20:00,15.00,10.00,80.17,16.10,2600.00,M
GRI,2026-01-31 20:43,15.00,11.00,83.83,17.25,2600.00,M
GRI,2026-01-31 20:51,15.80,10.40,78.82,14.95,2200.00,M
GRI,2026-01-31 20:53,15.00,11.00,83.83,18.40,2000.00,M
GRI,2026-01-31 20:59,15.00,11.00,83.83,17.25,1800.00,M
GRI,2026-01-31 21:53,16.00,12.00,83.90,12.65,4800.00,M
GRI,2026-01-31 22:53,16.00,10.00,76.75,12.65,M,M
GRI,2026-01-31 23:53,15.00,10.00,80.17,12.65,M,M
GRI,2026-02-01 00:53,16.00,9.00,73.39,12.65,M,M
GRI,2026-02-01 01:53,16.00,9.00,73.39,12.65,M,M
GRI,2026-02-01 02:53,16.00,9.00,73.39,13.80,M,M
GRI,2026-02-01 03:53,17.00,11.00,76.85,11.50,M,M
GRI,2026-02-01 04:53,17.00,12.00,80.34,10.35,M,M
GRI,2026-02-01 05:53,19.00,15.00,84.11,10.35,M,M
GRI,2026-02-01 06:53,22.00,18.00,84.31,12.65,M,M
GRI,2026-02-01 07:53,23.00,19.00,84.38,9.20,M,M
GRI,2026-02-01 08:53,28.00,22.00,77.88,10.35,10000.00,M
GRI,2026-02-01 09:53,34.00,26.00,72.20,12.65,M,M
GRI,2026-02-01 10:53,40.00,28.00,61.89,10.35,M,M
GRI,2026-02-01 11:53,46.00,31.00,55.56,9.20,M,M
GRI,2026-02-01 12:53,48.00,31.00,51.53,11.50,M,M
GRI,2026-02-01 13:53,49.00,30.00,47.66,9.20,M,M
GRI,2026-02-01 14:53,51.00,28.00,40.76,11.50,M,M
GRI,2026-02-01 15:53,52.00,28.00,39.29,11.50,M,M
GRI,2026-02-01 16:53,49.00,29.00,45.75,6.90,M,M
GRI,2026-02-01 17:53,40.00,27.00,59.39,4.60,M,M
GRI,2026-02-01 18:53,33.00,26.00,75.15,10.35,M,M
GRI,2026-02-01 19:53,32.00,28.00,84.97,9.20,M,M
GRI,2026-02-01 20:53,29.00,27.00,92.11,8.05,M,M
GRI,2026-02-01 21:53,29.00,27.00,92.11,5.75,M,M
GRI,2026-02-01 22:53,27.00,26.00,95.95,3.45,M,M
GRI,2026-02-01 23:53,27.00,25.00,92.04,8.05,M,M
GRI,2026-02-02 00:53,27.00,25.00,92.04,6.90,M,M
GRI,2026-02-02 01:53,26.00,25.00,95.93,5.75,M,M
GRI,2026-02-02 02:53,23.00,22.00,95.87,0.00,M,M
GRI,2026-02-02 03:08,20.00,19.00,95.81,0.00,M,M
GRI,2026-02-02 03:20,20.00,19.00,95.81,0.00,M,M
GRI,2026-02-02 03:35,19.00,19.00,100.00,0.00,M,M
GRI,2026-02-02 03:48,19.40,19.40,100.00,0.00,M,M
GRI,2026-02-02 03:53,19.00,18.00,95.79,0.00,M,M
GRI,2026-02-02 04:53,18.00,18.00,100.00,4.60,M,M
GRI,2026-02-02 05:12,18.00,17.00,95.78,0.00,M,M
GRI,2026-02-02 05:18,19.00,18.00,95.79,3.45,M,M
GRI,2026-02-02 05:53,19.00,17.00,91.75,4.60,M,M
GRI,2026-02-02 06:53,22.00,21.00,95.85,5.75,M,M
GRI,2026-02-02 07:53,25.00,24.00,95.91,10.35,M,M
GRI,2026-02-02 08:53,28.00,26.00,92.07,10.35,M,M
GRI,2026-02-02 09:53,31.00,28.00,88.48,8.05,M,M
GRI,2026-02-02 10:53,34.00,30.00,85.10,10.35,M,M
GRI,2026-02-02 11:53,37.00,30.00,75.54,12.65,M,M
GRI,2026-02-02 12:53,41.00,31.00,67.29,8.05,M,M
GRI,2026-02-02 13:53,41.00,30.00,64.61,3.45,M,M
GRI,2026-02-02 14:53,42.00,31.00,64.74,4.60,M,M
GRI,2026-02-02 15:53,40.00,32.00,72.84,9.20,2500.00,M
GRI,2026-02-02 16:53,39.00,31.00,72.73,9.20,M,M
GRI,2026-02-02 17:53,33.00,29.00,85.03,6.90,M,M
GRI,2026-02-02 18:53,31.00,28.00,88.48,5.75,M,M
GRI,2026-02-02 19:53,31.00,27.00,84.90,3.45,M,M
GRI,2026-02-02 20:53,29.00,27.00,92.11,0.00,M,M
GRI,2026-02-02 21:53,27.00,25.00,92.04,8.05,M,M
GRI,2026-02-02 22:53,27.00,25.00,92.04,5.75,M,M
GRI,2026-02-02 23:53,27.00,25.00,92.04,9.20,M,M
GRI,2026-02-03 00:53,29.00,26.00,88.37,8.05,6500.00,M
GRI,2026-02-03 01:53,31.00,28.00,88.48,6.90,5000.00,M
GRI,2026-02-03 02:53,31.00,28.00,88.48,5.75,4100.00,M
GRI,2026-02-03 03:53,30.00,27.00,88.43,0.00,6000.00,M
GRI,2026-02-03 04:53,26.00,25.00,95.93,9.20,M,M
GRI,2026-02-03 05:53,30.00,28.00,92.14,8.05,3200.00,M
GRI,2026-02-03 06:53,34.00,32.00,92.28,10.35,2700.00,M
GRI,2026-02-03 07:53,35.00,33.00,92.32,10.35,1900.00,M
GRI,2026-02-03 08:53,35.00,30.00,81.77,14.95,2100.00,M
GRI,2026-02-03 09:53,34.00,30.00,85.10,12.65,1000.00,M
GRI,2026-02-03 10:31,34.00,29.00,81.69,13.80,1200.00,M
GRI,2026-02-03 10:53,34.00,29.00,81.69,12.65,1200.00,M
GRI,2026-02-03 11:53,36.00,29.00,75.44,10.35,1700.00,M
GRI,2026-02-03 12:53,37.00,28.00,69.60,13.80,1800.00,M
GRI,2026-02-03 13:10,37.00,28.00,69.60,13.80,1800.00,M
GRI,2026-02-03 13:53,38.00,28.00,66.92,11.50,1900.00,M
GRI,2026-02-03 14:12,38.00,28.00,66.92,12.65,2000.00,M
GRI,2026-02-03 14:22,38.00,28.00,66.92,10.35,2000.00,M
GRI,2026-02-03 14:53,38.00,28.00,66.92,10.35,2900.00,M
GRI,2026-02-03 15:53,38.00,28.00,66.92,9.20,2400.00,M
GRI,2026-02-03 16:53,37.00,28.00,69.60,8.05,2400.00,M
GRI,2026-02-03 17:53,35.00,28.00,75.34,4.60,2200.00,M
GRI,2026-02-03 18:53,34.00,27.00,75.25,3.45,2500.00,M
GRI,2026-02-03 19:53,32.00,27.00,81.54,3.45,2500.00,M
GRI,2026-02-03 20:53,33.00,28.00,81.62,3.45,2400.00,M
GRI,2026-02-03 21:53,34.00,28.00,78.41,5.75,2200.00,M
GRI,2026-02-03 22:53,34.00,29.00,81.69,4.60,1900.00,M
GRI,2026-02-03 23:53,34.00,29.00,81.69,4.60,2000.00,M
GRI,2026-02-04 00:53,33.00,29.00,85.03,3.45,1700.00,M
GRI,2026-02-04 01:53,32.00,29.00,88.53,6.90,1500.00,M
GRI,2026-02-04 02:31,30.00,27.00,88.43,9.20,1500.00,M
GRI,2026-02-04 02:53,28.00,26.00,92.07,6.90,3600.00,M
GRI,2026-02-04 03:53,28.00,25.00,88.32,5.75,3400.00,M
GRI,2026-02-04 04:53,28.00,26.00,92.07,6.90,5000.00,M
GRI,2026-02-04 05:53,26.00,24.00,92.00,4.60,5500.00,M
GRI,2026-02-04 06:53,27.00,25.00,92.04,6.90,M,M
GRI,2026-02-04 07:15,31.00,29.00,92.18,11.50,1300.00,M
GRI,2026-02-04 07:53,33.00,30.00,88.57,9.20,1900.00,M
GRI,2026-02-04 08:53,34.00,31.00,88.62,11.50,1800.00,M
GRI,2026-02-04 09:53,35.00,31.00,85.16,10.35,1700.00,M
GRI,2026-02-04 10:53,35.00,29.00,78.50,14.95,1400.00,M
GRI,2026-02-04 11:53,35.00,29.00,78.50,13.80,1500.00,M
GRI,2026-02-04 12:16,36.00,29.00,75.44,12.65,1400.00,M
GRI,2026-02-04 12:24,36.00,29.00,75.44,12.65,1600.00,M
GRI,2026-02-04 12:53,37.00,28.00,69.60,16.10,2000.00,M
GRI,2026-02-04 13:53,39.00,28.00,64.35,12.65,2400.00,M
GRI,2026-02-04 14:43,41.00,28.00,59.53,10.35,2400.00,M
GRI,2026-02-04 14:53,41.00,27.00,57.13,8.05,2400.00,M
GRI,2026-02-04 15:53,42.00,27.00,54.96,6.90,M,M
GRI,2026-02-04 16:53,39.00,27.00,61.75,9.20,M,M
GRI,2026-02-04 17:53,32.00,25.00,75.05,5.75,M,M
GRI,2026-02-04 18:53,28.00,24.00,84.71,5.75,M,M
GRI,2026-02-04 19:53,26.00,23.00,88.22,6.90,M,M
GRI,2026-02-04 20:53,25.00,23.00,91.97,8.05,M,M
GRI,2026-02-04 21:53,26.00,24.00,92.00,9.20,M,M
GRI,2026-02-04 22:53,28.00,25.00,88.32,11.50,M,M
GRI,2026-02-04 23:53,29.00,25.00,84.78,10.35,M,M
GRI,2026-02-05 00:53,30.00,25.00,81.39,12.65,M,M
GRI,2026-02-05 01:53,32.00,26.00,78.23,13.80,11000.00,M
GRI,2026-02-05 02:53,33.00,26.00,75.15,14.95,M,M
GRI,2026-02-05 03:53,34.00,24.00,66.42,17.25,M,M
GRI,2026-02-05 04:53,32.00,23.00,69.02,13.80,M,M
GRI,2026-02-05 05:53,33.00,22.00,63.56,12.65,M,M
GRI,2026-02-05 06:53,34.00,23.00,63.69,12.65,M,M
GRI,2026-02-05 07:53,37.00,26.00,64.09,13.80,M,M
GRI,2026-02-05 08:53,40.00,28.00,61.89,10.35,M,M
GRI,2026-02-05 09:53,50.00,31.00,47.82,14.95,M,M
GRI,2026-02-05 10:53,57.00,32.00,38.53,17.25,M,M
GRI,2026-02-05 11:53,59.00,32.00,35.86,17.25,M,M
GRI,2026-02-05 12:53,64.00,32.00,30.05,18.40,M,M
GRI,2026-02-05 13:53,65.00,32.00,29.02,13.80,M,M
GRI,2026-02-05 14:53,67.00,31.00,26.00,19.55,M,M
GRI,2026-02-05 15:53,66.00,31.00,26.92,19.55,M,M
GRI,2026-02-05 16:53,64.00,31.00,28.86,14.95,M,M
GRI,2026-02-05 17:53,55.00,31.00,39.78,8.05,M,M
GRI,2026-02-05 18:53,48.00,30.00,49.48,8.05,M,M
GRI,2026-02-05 19:53,44.00,29.00,55.26,10.35,M,M
GRI,2026-02-05 20:53,43.00,30.00,59.81,11.50,M,M
GRI,2026-02-05 21:53,42.00,30.00,62.16,10.35,M,M
GRI,2026-02-05 22:53,43.00,30.00,59.81,11.50,M,M
GRI,2026-02-05 23:53,41.00,30.00,64.61,11.50,M,M
GRI,2026-02-06 00:53,38.00,28.00,66.92,10.35,M,M
GRI,2026-02-06 01:53,42.00,29.00,59.67,14.95,M,M
GRI,2026-02-06 02:53,41.00,28.00,59.53,11.50,M,M
GRI,2026-02-06 03:53,45.00,31.00,57.71,16.10,M,M
GRI,2026-02-06 04:53,43.00,33.00,67.53,14.95,M,M
GRI,2026-02-06 05:53,41.00,33.00,72.94,17.25,M,M
GRI,2026-02-06 06:53,40.00,33.00,75.83,18.40,M,29.90
GRI,2026-02-06 07:53,37.00,32.00,81.92,16.10,M,M
GRI,2026-02-06 08:29,38.00,33.00,81.99,13.80,1700.00,M
GRI,2026-02-06 08:53,39.00,33.00,78.84,14.95,1600.00,M
GRI,2026-02-06 09:53,41.00,33.00,72.94,20.70,1700.00,29.90
GRI,2026-02-06 10:53,44.00,33.00,64.99,20.70,2000.00,M
GRI,2026-02-06 11:53,47.00,32.00,55.71,18.40,2700.00,M
GRI,2026-02-06 12:53,49.00,32.00,51.68,18.40,M,M
GRI,2026-02-06 13:53,50.00,32.00,49.79,14.95,M,29.90
GRI,2026-02-06 14:53,51.00,31.00,46.07,14.95,M,M
GRI,2026-02-06 15:53,49.00,31.00,49.63,12.65,M,M
GRI,2026-02-06 16:53,48.00,30.00,49.48,12.65,M,M
GRI,2026-02-06 17:53,40.00,29.00,64.48,5.75,M,M
GRI,2026-02-06 18:53,36.00,29.00,75.44,11.50,M,M
GRI,2026-02-06 19:53,31.00,27.00,84.90,6.90,M,M
GRI,2026-02-06 20:53,30.00,27.00,88.43,3.45,M,M
GRI,2026-02-06 21:53,28.00,27.00,95.96,8.05,M,M
GRI,2026-02-06 22:53,26.00,25.00,95.93,4.60,M,M
GRI,2026-02-06 23:53,28.00,26.00,92.07,3.45,M,M
GRI,2026-02-07 00:53,23.00,22.00,95.87,4.60,M,M
GRI,2026-02-07 01:53,24.00,22.00,91.93,6.90,M,M
GRI,2026-02-07 02:53,26.00,25.00,95.93,4.60,M,M
GRI,2026-02-07 03:53,25.00,24.00,95.91,5.75,M,M
GRI,2026-02-07 04:53,26.00,24.00,92.00,6.90,M,M
GRI,2026-02-07 05:53,29.00,25.00,84.78,11.50,M,M
GRI,2026-02-07 06:53,28.00,25.00,88.32,10.35,M,M
GRI,2026-02-07 07:53,28.00,25.00,88.32,10.35,M,M
GRI,2026-02-07 08:53,31.00,27.00,84.90,14.95,M,M
GRI,2026-02-07 09:53,36.00,29.00,75.44,17.25,M,M
GRI,2026-02-07 10:53,41.00,30.00,64.61,18.40,M,M
GRI,2026-02-07 11:53,46.00,32.00,57.85,20.70,M,32.20
GRI,2026-02-07 12:53,48.00,32.00,53.65,24.15,M,33.35
GRI,2026-02-07 13:53,51.00,32.00,47.98,24.15,M,34.50
GRI,2026-02-07 14:53,52.00,33.00,48.14,18.40,M,35.65
GRI,2026-02-07 15:53,55.00,34.00,44.89,19.55,M,32.20
GRI,2026-02-07 16:53,53.00,34.00,48.29,14.95,M,29.90
GRI,2026-02-07 17:53,49.00,34.00,56.00,10.35,M,M
GRI,2026-02-07 18:53,44.00,33.00,64.99,8.05,M,M
GRI,2026-02-07 19:53,40.00,32.00,72.84,8.05,M,M
GRI,2026-02-07 20:53,40.00,33.00,75.83,4.60,M,M
GRI,2026-02-07 21:53,39.00,33.00,78.84,6.90,M,M
GRI,2026-02-07 22:53,32.00,29.00,88.53,6.90,M,M
GRI,2026-02-07 23:53,34.00,30.00,85.10,8.05,M,M
GRI,2026-02-08 00:53,36.00,30.00,78.58,9.20,M,M
GRI,2026-02-08 01:53,32.00,27.00,81.54,10.35,M,M
GRI,2026-02-08 02:53,31.00,25.00,78.15,10.35,M,M
GRI,2026-02-08 03:53,31.00,24.00,74.95,8.05,M,M
GRI,2026-02-08 04:53,31.00,23.00,71.87,9.20,M,M
GRI,2026-02-08 05:53,31.00,23.00,71.87,11.50,M,M
GRI,2026-02-08 06:53,29.00,22.00,74.75,9.20,M,M
GRI,2026-02-08 07:53,31.00,22.00,68.90,10.35,M,M
GRI,2026-02-08 08:53,36.00,24.00,61.34,9.20,M,M
GRI,2026-02-08 09:53,46.00,27.00,47.17,12.65,M,M
GRI,2026-02-08 10:53,54.00,27.00,35.03,8.05,M,M
GRI,2026-02-08 11:53,59.00,26.00,28.06,8.05,M,M
GRI,2026-02-08 12:53,64.00,23.00,20.74,11.50,M,M
GRI,2026-02-08 13:53,66.00,24.00,20.17,10.35,M,M
GRI,2026-02-08 14:53,69.00,23.00,17.45,8.05,M,M
GRI,2026-02-08 15:53,70.00,22.00,16.16,4.60,M,M
GRI,2026-02-08 16:53,68.00,22.00,17.31,4.60,M,M
GRI,2026-02-08 17:53,56.00,25.00,29.98,4.60,M,M
GRI,2026-02-08 18:53,51.00,23.00,33.11,5.75,M,M
GRI,2026-02-08 19:53,47.00,23.00,38.45,6.90,M,M
GRI,2026-02-08 20:53,47.00,23.00,38.45,9.20,M,M
GRI,2026-02-08 21:53,45.00,24.00,43.25,9.20,M,M
GRI,2026-02-08 22:53,45.00,24.00,43.25,10.35,M,M
GRI,2026-02-08 23:53,42.00,24.00,48.52,10.35,M,M
GRI,2026-02-09 00:53,46.00,24.00,41.64,11.50,M,M
GRI,2026-02-09 01:53,39.00,23.00,52.27,6.90,M,M
GRI,2026-02-09 02:53,43.00,23.00,44.77,8.05,M,M
GRI,2026-02-09 03:53,39.00,23.00,52.27,9.20,M,M
GRI,2026-02-09 04:53,37.00,23.00,56.54,8.05,M,M
GRI,2026-02-09 05:53,37.00,23.00,56.54,5.75,M,M
GRI,2026-02-09 06:53,35.00,22.00,58.67,5.75,M,M
GRI,2026-02-09 07:53,36.00,24.00,61.34,5.75,M,M
GRI,2026-02-09 08:53,44.00,24.00,44.93,9.20,M,M
GRI,2026-02-09 09:53,52.00,23.00,31.91,8.05,M,M
GRI,2026-02-09 10:53,60.00,23.00,23.88,12.65,M,M
GRI,2026-02-09 11:53,65.00,24.00,20.89,11.50,M,M
GRI,2026-02-09 12:53,72.00,24.00,16.43,10.35,M,M
GRI,2026-02-09 13:53,74.00,25.00,16.02,8.05,M,M
GRI,2026-02-09 14:53,76.00,23.00,13.78,16.10,M,M
GRI,2026-02-09 15:53,74.00,24.00,15.36,16.10,M,M
GRI,2026-02-09 16:53,70.00,27.00,19.92,12.65,M,M
GRI,2026-02-09 17:53,64.00,27.00,24.50,4.60,M,M
GRI,2026-02-09 18:53,52.00,27.00,37.70,4.60,M,M
GRI,2026-02-09 19:53,49.00,26.00,40.43,4.60,M,M
GRI,2026-02-09 20:53,51.00,27.00,39.12,19.55,M,M
GRI,2026-02-09 21:53,42.00,29.00,59.67,12.65,M,31.05
GRI,2026-02-09 22:53,39.00,30.00,69.84,13.80,M,M
GRI,2026-02-09 23:53,39.00,31.00,72.73,19.55,M,M
GRI,2026-02-10 00:53,38.00,30.00,72.62,17.25,M,M
GRI,2026-02-10 01:53,36.00,30.00,78.58,14.95,M,M
GRI,2026-02-10 02:53,36.00,26.00,66.67,18.40,M,M
GRI,2026-02-10 03:53,35.00,25.00,66.55,16.10,M,M
GRI,2026-02-10 04:53,34.00,25.00,69.26,12.65,M,M
GRI,2026-02-10 05:53,34.00,25.00,69.26,12.65,M,M
GRI,2026-02-10 06:53,34.00,25.00,69.26,11.50,M,M
GRI,2026-02-10 07:53,36.00,25.00,63.96,12.65,M,M
GRI,2026-02-10 08:53,37.00,26.00,64.09,13.80,M,M
GRI,2026-02-10 09:53,39.00,27.00,61.75,17.25,M,M
GRI,2026-02-10 10:53,40.00,27.00,59.39,14.95,M,M
GRI,2026-02-10 11:53,47.00,26.00,43.58,16.10,M,M
GRI,2026-02-10 12:53,48.00,24.00,38.62,17.25,M,M
GRI,2026-02-10 13:53,48.00,25.00,40.27,16.10,M,M
GRI,2026-02-10 14:53,49.00,24.00,37.20,13.80,M,M
GRI,2026-02-10 15:53,49.00,22.00,34.20,13.80,M,M
GRI,2026-02-10 16:53,48.00,21.00,34.03,12.65,M,M
GRI,2026-02-10 17:53,42.00,21.00,42.75,9.20,M,M
GRI,2026-02-10 18:53,32.00,19.00,58.24,9.20,M,M
GRI,2026-02-10 19:53,32.00,19.00,58.24,5.75,M,M
GRI,2026-02-10 20:53,29.00,19.00,65.79,4.60,M,M
GRI,2026-02-10 21:53,28.00,18.00,65.66,3.45,M,M
GRI,2026-02-10 22:53,26.00,18.00,71.31,0.00,M,M
GRI,2026-02-10 23:53,26.00,18.00,71.31,3.45,M,M
GRI,2026-02-11 00:53,23.00,18.00,80.83,4.60,M,M
GRI,2026-02-11 01:53,20.00,16.00,84.18,5.75,M,M
GRI,2026-02-11 02:53,23.00,17.00,77.42,3.45,M,M
GRI,2026-02-11 03:53,19.00,14.00,80.51,4.60,M,M
GRI,2026-02-11 04:53,18.00,14.00,84.04,5.75,M,M
GRI,2026-02-11 05:53,20.00,15.00,80.59,4.60,M,M
GRI,2026-02-11 06:53,18.00,13.00,80.42,3.45,M,M
GRI,2026-02-11 07:53,18.00,14.00,84.04,3.45,M,M
GRI,2026-02-11 08:53,29.00,22.00,74.75,4.60,10000.00,M
GRI,2026-02-11 09:53,37.00,24.00,58.96,8.05,10000.00,M
GRI,2026-02-11 10:53,42.00,24.00,48.52,12.65,10000.00,M
GRI,2026-02-11 11:53,46.00,23.00,39.93,13.80,M,M
GRI,2026-02-11 12:53,49.00,20.00,31.41,9.20,M,M
GRI,2026-02-11 13:53,50.00,20.00,30.26,11.50,11000.00,M
GRI,2026-02-11 14:53,51.00,19.00,27.94,11.50,12000.00,M
GRI,2026-02-11 15:53,50.00,18.00,27.78,10.35,M,M
GRI,2026-02-11 16:53,50.00,19.00,29.00,12.65,M,M
GRI,2026-02-11 17:53,45.00,20.00,36.53,10.35,M,M
GRI,2026-02-11 18:53,42.00,21.00,42.75,9.20,M,M
GRI,2026-02-11 19:53,40.00,22.00,48.20,10.35,12000.00,M
GRI,2026-02-11 20:53,39.00,24.00,54.51,10.35,11000.00,M
GRI,2026-02-11 21:53,38.00,24.00,56.69,11.50,11000.00,M
GRI,2026-02-11 22:53,39.00,23.00,52.27,11.50,M,M
GRI,2026-02-11 23:53,39.00,24.00,54.51,13.80,12000.00,M
GRI,2026-02-12 00:53,39.00,23.00,52.27,13.80,11000.00,M
GRI,2026-02-12 01:53,38.00,23.00,54.36,11.50,11000.00,M
GRI,2026-02-12 02:53,34.00,23.00,63.69,10.35,12000.00,M
GRI,2026-02-12 03:53,32.00,23.00,69.02,8.05,M,M
GRI,2026-02-12 04:53,32.00,23.00,69.02,6.90,M,M
GRI,2026-02-12 05:53,31.00,22.00,68.90,6.90,M,M
GRI,2026-02-12 06:53,30.00,22.00,71.76,6.90,M,M
GRI,2026-02-12 07:53,30.00,22.00,71.76,8.05,M,M
GRI,2026-02-12 08:53,36.00,24.00,61.34,13.80,M,M
GRI,2026-02-12 09:53,42.00,25.00,50.59,9.20,M,M
GRI,2026-02-12 10:53,48.00,25.00,40.27,9.20,M,M
GRI,2026-02-12 11:53,52.00,25.00,34.70,10.35,M,M
GRI,2026-02-12 12:53,57.00,26.00,30.14,10.35,M,M
GRI,2026-02-12 13:53,61.00,25.00,25.06,13.80,M,M
GRI,2026-02-12 14:53,61.00,21.00,21.18,13.80,M,M
GRI,2026-02-12 15:53,62.00,21.00,20.45,12.65,M,M
GRI,2026-02-12 16:53,58.00,20.00,22.59,11.50,M,M
GRI,2026-02-12 17:53,51.00,21.00,30.43,5.75,M,M
GRI,2026-02-12 18:53,44.00,19.00,36.36,4.60,M,M
GRI,2026-02-12 19:53,44.00,20.00,37.95,0.00,M,M
GRI,2026-02-12 20:53,38.00,20.00,47.87,0.00,M,M
GRI,2026-02-12 21:53,36.00,20.00,51.80,0.00,M,M
GRI,2026-02-12 22:53,31.00,20.00,63.29,3.45,M,M
GRI,2026-02-12 23:53,31.00,20.00,63.29,0.00,M,M
GRI,2026-02-13 00:53,28.00,18.00,65.66,3.45,M,M
GRI,2026-02-13 01:53,26.00,17.00,68.30,4.60,M,M
GRI,2026-02-13 02:53,27.00,17.00,65.53,3.45,M,M
GRI,2026-02-13 03:53,25.00,17.00,71.20,3.45,M,M
GRI,2026-02-13 04:53,24.00,16.00,71.08,3.45,M,M
GRI,2026-02-13 05:53,25.00,17.00,71.20,3.45,M,M
GRI,2026-02-13 06:53,25.00,17.00,71.20,5.75,M,M
GRI,2026-02-13 07:53,25.00,18.00,74.34,4.60,M,M
GRI,2026-02-13 08:53,33.00,23.00,66.30,3.45,9000.00,M
GRI,2026-02-13 09:53,47.00,25.00,41.81,8.05,9000.00,M
GRI,2026-02-13 10:53,53.00,26.00,34.87,10.35,9000.00,M
GRI,2026-02-13 11:53,58.00,25.00,27.89,13.80,8000.00,M
GRI,2026-02-13 12:53,63.00,23.00,21.48,13.80,M,M
GRI,2026-02-13 13:53,63.00,21.00,19.74,13.80,10000.00,M
GRI,2026-02-13 14:53,64.00,19.00,17.50,10.35,M,M
GRI,2026-02-13 15:53,63.00,17.00,16.63,13.80,M,M
GRI,2026-02-13 16:53,61.00,19.00,19.45,10.35,10000.00,M
GRI,2026-02-13 17:53,56.00,20.00,24.28,5.75,11000.00,M
GRI,2026-02-13 18:53,54.00,18.00,23.97,4.60,11000.00,M
GRI,2026-02-13 19:53,51.00,19.00,27.94,5.75,10000.00,M
GRI,2026-02-13 20:53,49.00,19.00,30.10,9.20,11000.00,M
GRI,2026-02-13 21:53,46.00,20.00,35.17,8.05,11000.00,M
GRI,2026-02-13 22:53,48.00,19.00,31.25,9.20,10000.00,M
GRI,2026-02-13 23:53,49.00,19.00,30.10,6.90,10000.00,M
GRI,2026-02-14 00:53,46.00,20.00,35.17,4.60,M,M
GRI,2026-02-14 01:53,41.00,23.00,48.36,0.00,9000.00,M
GRI,2026-02-14 02:53,43.00,23.00,44.77,0.00,9000.00,M
GRI,2026-02-14 03:53,40.00,24.00,52.43,4.60,10000.00,M
GRI,2026-02-14 04:53,41.00,25.00,52.58,3.45,9000.00,M
GRI,2026-02-14 05:53,41.00,25.00,52.58,0.00,11000.00,M
GRI,2026-02-14 06:53,41.00,27.00,57.13,0.00,10000.00,M
GRI,2026-02-14 07:53,41.00,29.00,62.02,0.00,11000.00,M
GRI,2026-02-14 08:53,44.00,28.00,53.04,3.45,4400.00,M
GRI,2026-02-14 09:53,49.00,40.00,70.96,3.45,12000.00,M
GRI,2026-02-14 10:53,50.00,41.00,71.06,3.45,6500.00,M
GRI,2026-02-14 11:53,52.00,43.00,71.28,0.00,M,M
GRI,2026-02-14 12:53,55.00,45.00,68.94,4.60,M,M
GRI,2026-02-14 13:46,57.00,46.00,66.60,8.05,2500.00,M
GRI,2026-02-14 13:53,58.00,46.00,64.25,6.90,2500.00,M
GRI,2026-02-14 14:16,58.00,45.00,61.85,5.75,2500.00,M
GRI,2026-02-14 14:53,59.00,44.00,57.44,4.60,3000.00,M
GRI,2026-02-14 15:53,61.00,42.00,49.55,M,M,M
GRI,2026-02-14 15:56,61.00,42.00,49.55,8.05,M,M
GRI,2026-02-14 16:53,60.00,41.00,49.39,4.60,M,M
GRI,2026-02-14 17:53,55.00,40.00,56.87,5.75,M,M
GRI,2026-02-14 18:53,50.00,40.00,68.36,0.00,M,M
GRI,2026-02-14 19:53,44.00,39.00,82.43,4.60,M,M
GRI,2026-02-14 20:53,44.00,39.00,82.43,4.60,M,M
GRI,2026-02-14 21:53,45.00,39.00,79.35,5.75,M,M
GRI,2026-02-14 22:53,39.00,36.00,88.87,4.60,M,M
GRI,2026-02-14 23:53,36.00,34.00,92.35,8.05,M,M
GRI,2026-02-15 00:53,36.00,35.00,96.11,8.05,M,M
GRI,2026-02-15 01:53,36.00,34.00,92.35,6.90,M,M
GRI,2026-02-15 02:53,34.00,32.00,92.28,8.05,M,M
GRI,2026-02-15 03:53,31.00,29.00,92.18,5.75,M,M
GRI,2026-02-15 04:53,31.00,27.00,84.90,6.90,M,M
GRI,2026-02-15 05:53,29.00,26.00,88.37,8.05,M,M
GRI,2026-02-15 06:53,29.00,25.00,84.78,6.90,M,M
GRI,2026-02-15 07:53,28.00,24.00,84.71,8.05,M,M
GRI,2026-02-15 08:53,36.00,29.00,75.44,5.75,M,M
GRI,2026-02-15 09:53,47.00,29.00,49.32,0.00,M,M
GRI,2026-02-15 10:53,54.00,36.00,50.41,3.45,M,M
GRI,2026-02-15 11:53,61.00,42.00,49.55,11.50,M,M
GRI,2026-02-15 12:53,62.00,42.00,47.82,13.80,M,M
GRI,2026-02-15 13:53,64.00,39.00,39.68,14.95,M,M
GRI,2026-02-15 14:53,64.00,40.00,41.26,14.95,M,M
GRI,2026-02-15 15:53,63.00,39.00,41.10,16.10,M,29.90
GRI,2026-02-15 16:53,62.00,40.00,44.26,14.95,M,M
GRI,2026-02-15 17:53,59.00,44.00,57.44,14.95,M,M
GRI,2026-02-15 18:53,56.00,44.00,63.99,13.80,M,M
GRI,2026-02-15 19:53,53.00,45.00,74.16,14.95,M,M
GRI,2026-02-15 20:53,49.00,44.00,82.79,12.65,M,M
GRI,2026-02-15 21:53,54.00,43.00,66.24,17.25,M,M
GRI,2026-02-15 22:53,53.00,41.00,63.61,16.10,M,M
GRI,2026-02-15 23:53,49.00,40.00,70.96,14.95,M,M
GRI,2026-02-16 00:53,47.00,39.00,73.56,14.95,M,M
GRI,2026-02-16 01:53,46.00,38.00,73.46,13.80,M,M
GRI,2026-02-16 02:53,44.00,38.00,79.27,11.50,M,M
GRI,2026-02-16 03:53,43.00,38.00,82.36,9.20,M,M
GRI,2026-02-16 04:53,43.00,38.00,82.36,10.35,M,M
GRI,2026-02-16 05:53,40.00,37.00,88.91,4.60,M,M
GRI,2026-02-16 06:53,36.00,35.00,96.11,6.90,M,M
GRI,2026-02-16 07:53,33.00,32.00,96.05,0.00,M,M
GRI,2026-02-16 08:53,41.00,38.00,88.96,0.00,M,M
GRI,2026-02-16 09:53,47.00,39.00,73.56,4.60,M,M
GRI,2026-02-16 10:53,52.00,40.00,63.48,5.75,M,M
GRI,2026-02-16 11:53,59.00,40.00,49.24,0.00,M,M
GRI,2026-02-16 12:53,64.00,38.00,38.16,0.00,M,M
GRI,2026-02-16 13:53,67.00,35.00,30.53,0.00,M,M
GRI,2026-02-16 14:53,69.00,32.00,25.28,3.45,M,M
GRI,2026-02-16 15:53,68.00,32.00,26.16,4.60,M,M
GRI,2026-02-16 16:53,67.00,31.00,26.00,4.60,M,M
GRI,2026-02-16 17:53,59.00,34.00,38.86,6.90,M,M
GRI,2026-02-16 18:53,57.00,37.00,47.04,9.20,M,M
GRI,2026-02-16 19:53,55.00,40.00,56.87,10.35,M,M
GRI,2026-02-16 20:53,52.00,41.00,65.99,11.50,M,M
GRI,2026-02-16 21:53,49.00,41.00,73.76,9.20,M,M
GRI,2026-02-16 22:53,47.00,40.00,76.49,5.75,M,M
GRI,2026-02-16 23:53,45.00,39.00,79.35,4.60,M,M
GRI,2026-02-17 00:53,45.00,39.00,79.35,6.90,M,M
GRI,2026-02-17 01:53,49.00,40.00,70.96,11.50,M,M
GRI,2026-02-17 02:53,49.00,41.00,73.76,8.05,M,M
GRI,2026-02-17 03:53,46.00,41.00,82.57,6.90,M,M
GRI,2026-02-17 04:53,43.00,40.00,89.05,9.20,M,M
GRI,2026-02-17 05:53,43.00,40.00,89.05,11.50,M,M
GRI,2026-02-17 06:53,44.00,41.00,89.10,9.20,M,M
GRI,2026-02-17 07:53,45.00,43.00,92.64,12.65,M,M
GRI,2026-02-17 08:53,46.00,44.00,92.68,9.20,M,M
GRI,2026-02-17 09:53,52.00,46.00,79.92,14.95,M,M
GRI,2026-02-17 10:53,58.00,45.00,61.85,18.40,M,M
GRI,2026-02-17 11:53,66.00,39.00,37.01,17.25,M,M
GRI,2026-02-17 12:53,70.00,40.00,33.54,18.40,M,M
GRI,2026-02-17 13:53,72.00,37.00,27.86,21.85,M,32.20
GRI,2026-02-17 14:53,74.00,34.00,23.13,20.70,M,36.80
GRI,2026-02-17 15:53,76.00,30.00,18.41,25.30,M,42.55
GRI,2026-02-17 16:53,72.00,28.00,19.40,40.25,3400.00,55.20
GRI,2026-02-17 17:53,67.00,24.00,19.49,27.60,12000.00,54.05
GRI,2026-02-17 18:53,63.00,22.00,20.59,23.00,12000.00,39.10
GRI,2026-02-17 19:53,58.00,15.00,18.21,17.25,M,31.05
GRI,2026-02-17 20:53,55.00,16.00,21.20,14.95,4600.00,M
GRI,2026-02-17 21:53,57.00,16.00,19.71,19.55,M,33.35
GRI,2026-02-17 22:53,56.00,17.00,21.35,25.30,M,35.65
GRI,2026-02-17 23:53,53.00,18.00,24.86,19.55,M,36.80
GRI,2026-02-18 00:53,48.00,31.00,51.53,16.10,M,M
GRI,2026-02-18 01:53,45.00,31.00,57.71,12.65,M,M
GRI,2026-02-18 02:53,42.00,30.00,62.16,13.80,M,M
GRI,2026-02-18 03:53,40.00,29.00,64.48,13.80,M,M
GRI,2026-02-18 04:53,38.00,22.00,52.11,10.35,M,M
GRI,2026-02-18 05:53,36.00,20.00,51.80,10.35,M,M
GRI,2026-02-18 06:53,36.00,18.00,47.54,11.50,M,M
GRI,2026-02-18 07:53,35.00,18.00,49.47,12.65,M,M
GRI,2026-02-18 08:53,41.00,18.00,39.09,12.65,M,M
GRI,2026-02-18 09:53,46.00,18.00,32.28,11.50,M,M
GRI,2026-02-18 10:53,52.00,16.00,23.66,12.65,M,M
GRI,2026-02-18 11:53,56.00,9.00,15.00,14.95,M,M
GRI,2026-02-18 12:53,58.00,10.00,14.60,9.20,M,M
GRI,2026-02-18 13:53,59.00,13.00,16.09,11.50,M,M
GRI,2026-02-18 14:53,58.00,16.00,19.02,14.95,M,M
GRI,2026-02-18 15:53,58.00,16.00,19.02,10.35,M,M
GRI,2026-02-18 16:53,58.00,16.00,19.02,5.75,M,M
GRI,2026-02-18 17:53,53.00,18.00,24.86,5.75,M,M
GRI,2026-02-18 18:53,44.00,17.00,33.36,4.60,M,M
GRI,2026-02-18 19:53,42.00,18.00,37.61,10.35,12000.00,M
GRI,2026-02-18 20:53,39.00,18.00,42.25,9.20,M,M
GRI,2026-02-18 21:53,39.00,15.00,37.10,17.25,M,M
GRI,2026-02-18 22:53,35.00,16.00,45.37,20.70,M,29.90
GRI,2026-02-18 23:53,30.00,16.00,55.49,14.95,M,29.90
GRI,2026-02-19 00:53,28.00,16.00,60.22,17.25,M,M
GRI,2026-02-19 01:53,26.00,15.00,62.61,18.40,M,M
GRI,2026-02-19 02:53,24.00,15.00,68.05,21.85,M,29.90
GRI,2026-02-19 03:53,22.00,14.00,70.86,18.40,M,31.05
GRI,2026-02-19 04:53,20.00,13.00,73.82,24.15,M,35.65
GRI,2026-02-19 05:53,19.00,12.00,73.71,25.30,11000.00,35.65
GRI,2026-02-19 06:53,18.00,11.00,73.60,25.30,11000.00,35.65
GRI,2026-02-19 07:53,18.00,10.00,70.39,24.15,11000.00,40.25
GRI,2026-02-19 08:53,18.00,10.00,70.39,26.45,1800.00,35.65
GRI,2026-02-19 09:03,18.00,10.00,70.39,20.70,1900.00,32.20
GRI,2026-02-19 09:45,19.00,10.00,67.43,26.45,1900.00,39.10
GRI,2026-02-19 09:53,19.00,10.00,67.43,26.45,1800.00,39.10
GRI,2026-02-19 10:53,21.00,9.00,59.20,25.30,7500.00,37.95
GRI,2026-02-19 11:34,20.00,8.00,59.06,25.30,2200.00,37.95
GRI,2026-02-19 11:53,20.00,9.00,61.78,29.90,2200.00,39.10
GRI,2026-02-19 12:29,20.00,8.00,59.06,27.60,2400.00,37.95
GRI,2026-02-19 12:53,20.00,7.00,56.44,24.15,2400.00,41.40
GRI,2026-02-19 13:53,19.00,7.00,58.91,27.60,2500.00,42.55
GRI,2026-02-19 14:53,19.00,7.00,58.91,32.20,2700.00,41.40
GRI,2026-02-19 15:22,18.00,10.00,70.39,29.90,2400.00,41.40
GRI,2026-02-19 15:27,17.00,10.00,73.50,29.90,2000.00,41.40
GRI,2026-02-19 15:33,17.00,11.00,76.85,28.75,1800.00,41.40
GRI,2026-02-19 15:51,15.80,12.20,85.39,25.30,1400.00,41.40
GRI,2026-02-19 15:53,16.00,12.00,83.90,23.00,1400.00,41.40
GRI,2026-02-19 16:06,16.00,12.00,83.90,25.30,1700.00,35.65
GRI,2026-02-19 16:43,16.00,12.00,83.90,20.70,1900.00,35.65
GRI,2026-02-19 16:53,16.00,12.00,83.90,21.85,1400.00,35.65
GRI,2026-02-19 17:01,16.00,12.00,83.90,23.00,1100.00,33.35
GRI,2026-02-19 17:15,16.00,13.00,87.69,20.70,800.00,33.35
GRI,2026-02-19 17:29,16.00,13.00,87.69,19.55,1000.00,33.35
GRI,2026-02-19 17:48,15.80,12.20,85.39,19.55,1600.00,33.35
GRI,2026-02-19 17:53,16.00,13.00,87.69,20.70,1700.00,33.35
GRI,2026-02-19 18:31,16.00,12.00,83.90,20.70,1800.00,M
GRI,2026-02-19 18:53,15.00,12.00,87.64,19.55,2100.00,31.05
GRI,2026-02-19 18:58,15.00,12.00,87.64,19.55,2100.00,M
GRI,2026-02-19 19:53,15.00,12.00,87.64,19.55,1800.00,29.90
GRI,2026-02-19 20:53,15.00,11.00,83.83,18.40,2600.00,33.35
GRI,2026-02-19 21:07,15.00,11.00,83.83,18.40,3000.00,29.90
GRI,2026-02-19 21:17,15.00,10.00,80.17,18.40,3600.00,29.90
GRI,2026-02-19 21:53,15.00,10.00,80.17,16.10,5000.00,29.90
GRI,2026-02-19 22:53,15.00,10.00,80.17,14.95,6500.00,M
GRI,2026-02-19 23:44,15.00,11.00,83.83,14.95,3600.00,M
GRI,2026-02-19 23:53,15.00,11.00,83.83,14.95,3600.00,M
GRI,2026-02-20 00:53,14.00,8.00,76.56,13.80,5000.00,M
GRI,2026-02-20 01:53,12.00,6.00,76.36,10.35,M,M
GRI,2026-02-20 02:53,10.00,5.00,79.75,11.50,M,M
GRI,2026-02-20 03:53,9.00,4.00,79.66,10.35,M,M
GRI,2026-02-20 04:53,8.00,3.00,79.57,11.50,M,M
GRI,2026-02-20 05:53,4.00,-1.00,79.22,9.20,M,M
GRI,2026-02-20 06:53,3.00,-2.00,79.13,6.90,M,M
GRI,2026-02-20 07:53,5.00,0.00,79.31,10.35,M,M
GRI,2026-02-20 08:53,7.00,0.00,72.39,14.95,M,M
GRI,2026-02-20 09:53,11.00,3.00,69.56,10.35,M,M
GRI,2026-02-20 10:53,14.00,3.00,60.92,14.95,M,M
GRI,2026-02-20 11:53,15.00,4.00,61.06,17.25,M,M
GRI,2026-02-20 12:53,17.00,5.00,58.61,13.80,M,M
GRI,2026-02-20 13:53,18.00,6.00,58.76,10.35,M,M
GRI,2026-02-20 14:53,20.00,8.00,59.06,5.75,M,M
GRI,2026-02-20 15:53,21.00,8.00,56.59,5.75,M,M
GRI,2026-02-20 16:53,20.00,7.00,56.44,5.75,M,M
GRI,2026-02-20 17:53,20.00,8.00,59.06,4.60,10000.00,M
GRI,2026-02-20 18:53,20.00,10.00,64.61,6.90,9000.00,M
GRI,2026-02-20 19:53,19.00,10.00,67.43,4.60,10000.00,M
GRI,2026-02-20 20:53,19.00,10.00,67.43,0.00,10000.00,M
GRI,2026-02-20 21:53,19.00,11.00,70.51,8.05,7500.00,M
GRI,2026-02-20 22:53,19.00,11.00,70.51,8.05,8500.00,M
GRI,2026-02-20 23:53,19.00,12.00,73.71,8.05,10000.00,M
GRI,2026-02-21 00:53,19.00,12.00,73.71,8.05,8500.00,M
GRI,2026-02-21 01:53,19.00,13.00,77.04,6.90,11000.00,M
GRI,2026-02-21 02:53,19.00,13.00,77.04,6.90,10000.00,M
GRI,2026-02-21 03:53,18.00,13.00,80.42,4.60,11000.00,M
GRI,2026-02-21 04:53,17.00,12.00,80.34,5.75,5000.00,M
GRI,2026-02-21 05:53,17.00,12.00,80.34,5.75,11000.00,M
GRI,2026-02-21 06:53,16.00,11.00,80.26,4.60,4500.00,M
GRI,2026-02-21 07:53,15.00,10.00,80.17,4.60,4500.00,M
GRI,2026-02-21 08:53,21.00,13.00,70.74,0.00,3400.00,M
GRI,2026-02-21 09:53,24.00,13.00,62.34,0.00,3100.00,M
GRI,2026-02-21 10:53,26.00,15.00,62.61,5.75,2900.00,M
GRI,2026-02-21 11:06,28.00,16.00,60.22,4.60,2900.00,M
GRI,2026-02-21 11:28,27.00,17.00,65.53,4.60,2900.00,M
GRI,2026-02-21 11:53,28.00,16.00,60.22,5.75,M,M
GRI,2026-02-21 12:53,29.00,17.00,60.36,4.60,M,M
GRI,2026-02-21 13:53,31.00,17.00,55.64,8.05,M,M
GRI,2026-02-21 14:53,34.00,17.00,49.31,10.35,M,M
GRI,2026-02-21 15:53,35.00,16.00,45.37,12.65,M,M
GRI,2026-02-21 16:53,34.00,15.00,45.20,5.75,M,M
GRI,2026-02-21 17:53,32.00,17.00,53.43,8.05,M,M
GRI,2026-02-21 18:53,28.00,18.00,65.66,5.75,12000.00,M
GRI,2026-02-21 19:53,27.00,18.00,68.42,10.35,M,M
GRI,2026-02-21 20:53,27.00,23.00,84.65,12.65,7500.00,M
GRI,2026-02-21 21:53,25.00,13.00,59.79,13.80,M,M
GRI,2026-02-21 22:53,22.00,12.00,64.88,6.90,M,M
GRI,2026-02-21 23:53,19.00,12.00,73.71,6.90,M,M
GRI,2026-02-22 00:53,18.00,11.00,73.60,9.20,M,M
GRI,2026-02-22 01:53,16.00,11.00,80.26,10.35,M,M
GRI,2026-02-22 02:53,16.00,9.00,73.39,10.35,M,M
GRI,2026-02-22 03:53,15.00,7.00,70.04,12.65,M,M
GRI,2026-02-22 04:53,13.00,4.00,66.67,12.65,M,M
GRI,2026-02-22 05:53,11.00,1.00,63.38,11.50,M,M
GRI,2026-02-22 06:53,9.00,0.00,66.14,11.50,M,M
GRI,2026-02-22 07:53,9.00,0.00,66.14,13.80,M,M
GRI,2026-02-22 08:53,11.00,0.00,60.48,14.95,M,M
GRI,2026-02-22 09:53,14.00,1.00,55.51,12.65,M,M
GRI,2026-02-22 10:53,17.00,3.00,53.46,12.65,M,31.05
GRI,2026-02-22 11:53,20.00,4.00,49.21,14.95,M,M
GRI,2026-02-22 12:53,23.00,5.00,45.37,14.95,M,M
GRI,2026-02-22 13:53,26.00,7.00,43.85,11.50,M,M
GRI,2026-02-22 14:53,29.00,8.00,40.55,11.50,M,M
GRI,2026-02-22 15:53,29.00,8.00,40.55,11.50,M,M
GRI,2026-02-22 16:53,29.00,8.00,40.55,9.20,M,M
GRI,2026-02-22 17:53,26.00,8.00,45.88,8.05,M,M
GRI,2026-02-22 18:53,21.00,9.00,59.20,3.45,M,M
GRI,2026-02-22 19:53,17.00,8.00,67.18,3.45,M,M
GRI,2026-02-22 20:53,17.00,8.00,67.18,4.60,M,M
GRI,2026-02-22 21:53,16.00,7.00,67.05,6.90,M,M
GRI,2026-02-22 22:53,14.00,5.00,66.79,4.60,M,M
GRI,2026-02-22 23:53,15.00,3.00,58.31,4.60,M,M
GRI,2026-02-23 00:53,12.00,2.00,63.52,3.45,M,M
GRI,2026-02-23 01:53,10.00,2.00,69.44,3.45,M,M
GRI,2026-02-23 02:53,10.00,2.00,69.44,4.60,M,M
GRI,2026-02-23 03:53,11.00,1.00,63.38,3.45,M,M
GRI,2026-02-23 04:53,8.00,2.00,75.97,4.60,M,M
GRI,2026-02-23 05:53,7.00,1.00,75.86,0.00,M,M
GRI,2026-02-23 06:53,7.00,0.00,72.39,3.45,M,M
GRI,2026-02-23 07:53,7.00,1.00,75.86,4.60,M,M
GRI,2026-02-23 08:53,10.00,3.00,72.73,6.90,M,M
GRI,2026-02-23 09:53,16.00,6.00,64.07,9.20,M,M
GRI,2026-02-23 10:53,20.00,7.00,56.44,10.35,M,M
GRI,2026-02-23 11:53,26.00,8.00,45.88,11.50,M,M
GRI,2026-02-23 12:53,32.00,10.40,42.70,12.65,M,M
GRI,2026-02-23 13:53,33.00,9.00,36.07,14.95,M,M
GRI,2026-02-23 14:53,37.00,9.00,30.76,17.25,M,M
GRI,2026-02-23 15:53,39.00,9.00,28.44,14.95,M,M
GRI,2026-02-23 16:53,39.00,11.00,31.10,17.25,M,32.20
GRI,2026-02-23 17:53,35.00,12.00,38.07,12.65,M,31.05
GRI,2026-02-23 18:53,32.00,13.00,44.87,11.50,M,M
GRI,2026-02-23 19:53,31.00,13.00,46.72,11.50,M,M
GRI,2026-02-23 20:53,30.00,13.00,48.66,11.50,M,M
GRI,2026-02-23 21:53,31.00,14.00,48.82,14.95,M,M
GRI,2026-02-23 22:53,29.00,15.00,55.33,11.50,M,M
GRI,2026-02-23 23:53,31.00,17.00,55.64,13.80,M,M
GRI,2026-02-24 00:53,35.00,19.00,51.64,14.95,M,M
GRI,2026-02-24 01:53,34.00,19.00,53.74,14.95,M,M
GRI,2026-02-24 02:53,32.00,19.00,58.24,12.65,M,M
GRI,2026-02-24 03:53,32.00,20.00,60.78,11.50,M,M
GRI,2026-02-24 04:53,33.00,20.00,58.38,16.10,M,M
GRI,2026-02-24 05:53,33.00,21.00,60.92,14.95,M,32.20
GRI,2026-02-24 06:53,34.00,21.00,58.53,16.10,M,M
GRI,2026-02-24 07:53,38.00,21.00,49.95,13.80,M,M
GRI,2026-02-24 08:53,43.00,22.00,42.92,13.80,M,M
GRI,2026-02-24 09:53,49.00,24.00,37.20,17.25,M,M
GRI,2026-02-24 10:53,51.00,25.00,36.01,13.80,M,M
GRI,2026-02-24 11:53,52.00,26.00,36.17,12.65,M,M
GRI,2026-02-24 12:53,55.00,27.00,33.78,17.25,11000.00,M
GRI,2026-02-24 13:53,58.00,27.00,30.31,19.55,12000.00,M
GRI,2026-02-24 14:53,58.00,27.00,30.31,17.25,M,M
GRI,2026-02-24 15:53,56.00,28.00,33.94,13.80,M,M
GRI,2026-02-24 16:53,54.00,27.00,35.03,14.95,M,M
GRI,2026-02-24 17:53,49.00,28.00,43.91,8.05,M,M
GRI,2026-02-24 18:53,42.00,27.00,54.96,4.60,M,M
GRI,2026-02-24 19:53,38.00,26.00,61.62,4.60,M,M
GRI,2026-02-24 20:53,35.00,25.00,66.55,4.60,M,M
GRI,2026-02-24 21:53,33.00,25.00,72.09,5.75,M,M
GRI,2026-02-24 22:53,37.00,27.00,66.80,4.60,11000.00,M
GRI,2026-02-24 23:53,37.00,28.00,69.60,3.45,10000.00,M
GRI,2026-02-25 00:53,36.00,27.00,69.49,5.75,11000.00,M
GRI,2026-02-25 01:53,37.00,28.00,69.60,5.75,10000.00,M
GRI,2026-02-25 02:53,37.00,28.00,69.60,3.45,10000.00,M
GRI,2026-02-25 03:53,37.00,29.00,72.52,3.45,9000.00,M
GRI,2026-02-25 04:53,35.00,28.00,75.34,3.45,10000.00,M
GRI,2026-02-25 05:53,35.00,28.00,75.34,0.00,12000.00,M
GRI,2026-02-25 06:53,33.00,28.00,81.62,0.00,10000.00,M
GRI,2026-02-25 07:53,33.00,28.00,81.62,5.75,M,M
GRI,2026-02-25 08:53,37.00,29.00,72.52,6.90,M,M
GRI,2026-02-25 09:53,39.00,29.00,67.04,8.05,M,M
GRI,2026-02-25 10:53,42.00,29.00,59.67,10.35,9500.00,M
GRI,2026-02-25 11:53,41.00,28.00,59.53,10.35,10000.00,M
GRI,2026-02-25 12:53,48.00,29.00,47.50,12.65,M,M
GRI,2026-02-25 13:53,52.00,30.00,42.64,8.05,12000.00,M
GRI,2026-02-25 14:53,54.00,30.00,39.62,9.20,12000.00,M
GRI,2026-02-25 15:53,58.00,29.00,32.90,11.50,11000.00,M
GRI,2026-02-25 16:53,47.00,32.00,55.71,14.95,6500.00,M
GRI,2026-02-25 17:53,42.00,37.00,82.29,9.20,4900.00,M
GRI,2026-02-25 18:53,41.00,38.00,88.96,13.80,6000.00,M
GRI,2026-02-25 19:53,41.00,37.00,85.53,8.05,10000.00,M
GRI,2026-02-25 20:53,33.00,30.00,88.57,11.50,M,M
GRI,2026-02-25 21:53,29.00,27.00,92.11,0.00,M,M
GRI,2026-02-25 22:53,27.00,26.00,95.95,0.00,M,M
GRI,2026-02-25 23:53,26.00,25.00,95.93,3.45,M,M
GRI,2026-02-26 00:53,24.00,23.00,95.89,4.60,M,M
GRI,2026-02-26 01:53,24.00,24.00,100.00,3.45,M,M
GRI,2026-02-26 02:53,24.00,23.00,95.89,3.45,M,M
GRI,2026-02-26 03:53,26.00,25.00,95.93,5.75,M,M
GRI,2026-02-26 04:53,25.00,24.00,95.91,8.05,M,M
GRI,2026-02-26 05:53,27.00,26.00,95.95,5.75,M,M
GRI,2026-02-26 06:53,25.00,24.00,95.91,5.75,M,M
GRI,2026-02-26 07:53,28.00,26.00,92.07,5.75,M,M
GRI,2026-02-26 08:53,35.00,31.00,85.16,4.60,M,M
GRI,2026-02-26 09:53,42.00,35.00,76.02,5.75,M,M
GRI,2026-02-26 10:53,51.00,37.00,58.57,8.05,M,M
GRI,2026-02-26 11:53,59.00,33.00,37.33,13.80,M,M
GRI,2026-02-26 12:53,61.00,35.00,37.66,13.80,M,M
GRI,2026-02-26 13:53,63.00,32.00,31.12,12.65,M,M
GRI,2026-02-26 14:53,65.00,25.00,21.78,18.40,M,29.90
GRI,2026-02-26 15:53,64.00,22.00,19.88,19.55,M,M
GRI,2026-02-26 16:53,62.00,22.00,21.33,17.25,M,M
GRI,2026-02-26 17:53,57.00,24.00,27.73,6.90,M,M
GRI,2026-02-26 18:53,50.00,24.00,35.84,0.00,M,M
GRI,2026-02-26 19:53,43.00,24.00,46.69,0.00,M,M
GRI,2026-02-26 20:53,46.00,24.00,41.64,5.75,M,M
GRI,2026-02-26 21:53,40.00,25.00,54.66,6.90,M,M
GRI,2026-02-26 22:53,39.00,25.00,56.84,9.20,M,M
GRI,2026-02-26 23:53,39.00,24.00,54.51,8.05,M,M
GRI,2026-02-27 00:53,39.00,25.00,56.84,6.90,M,M
GRI,2026-02-27 01:53,43.00,27.00,52.89,11.50,M,M
GRI,2026-02-27 02:53,40.00,25.00,54.66,11.50,M,M
GRI,2026-02-27 03:53,41.00,23.00,48.36,14.95,M,M
GRI,2026-02-27 04:53,40.00,23.00,50.27,12.65,M,M
GRI,2026-02-27 05:53,37.00,23.00,56.54,11.50,M,M
GRI,2026-02-27 06:53,36.00,23.00,58.82,11.50,M,M
GRI,2026-02-27 07:53,37.00,24.00,58.96,11.50,M,M
GRI,2026-02-27 08:53,45.00,25.00,45.10,14.95,M,M
GRI,2026-02-27 09:53,53.00,24.00,32.08,16.10,M,M
GRI,2026-02-27 10:53,60.00,23.00,23.88,13.80,M,M
GRI,2026-02-27 11:53,65.00,20.00,17.64,9.20,M,M
GRI,2026-02-27 12:53,67.00,18.00,15.11,13.80,M,M
GRI,2026-02-27 13:53,69.00,19.00,14.72,13.80,M,M
GRI,2026-02-27 14:53,69.00,17.00,13.51,11.50,M,M
GRI,2026-02-27 15:53,67.00,17.00,14.47,13.80,M,M
GRI,2026-02-27 16:53,65.00,18.00,16.19,12.65,M,M
GRI,2026-02-27 17:53,59.00,19.00,20.89,9.20,M,M
GRI,2026-02-27 18:53,46.00,18.00,32.28,8.05,M,M
GRI,2026-02-27 19:53,47.00,19.00,32.44,6.90,M,M
GRI,2026-02-27 20:53,45.00,19.00,35.00,8.05,M,M
GRI,2026-02-27 21:53,44.00,21.00,39.59,10.35,M,M
GRI,2026-02-27 22:53,42.00,21.00,42.75,8.05,M,M
GRI,2026-02-27 23:53,41.00,21.00,44.44,9.20,M,M
GRI,2026-02-28 00:53,36.00,21.00,54.05,5.75,M,M
GRI,2026-02-28 01:53,31.00,20.00,63.29,3.45,M,M
GRI,2026-02-28 02:53,29.00,20.00,68.66,8.05,M,M
GRI,2026-02-28 03:53,27.00,20.00,74.54,6.90,M,M
GRI,2026-02-28 04:53,28.00,22.00,77.88,11.50,M,M
GRI,2026-02-28 05:53,28.00,22.00,77.88,11.50,M,M
GRI,2026-02-28 06:53,25.00,22.00,88.17,9.20,M,M
GRI,2026-02-28 07:53,27.00,23.00,84.65,14.95,M,M
GRI,2026-02-28 08:53,31.00,21.00,66.04,18.40,M,M
GRI,2026-02-28 09:53,34.00,21.00,58.53,12.65,M,M
GRI,2026-02-28 10:53,37.00,20.00,49.79,10.35,M,M
GRI,2026-02-28 11:53,40.00,20.00,44.27,8.05,M,M
GRI,2026-02-28 12:53,42.00,20.00,40.97,11.50,M,M
GRI,2026-02-28 13:53,44.00,20.00,37.95,11.50,M,M
GRI,2026-02-28 14:53,45.00,19.00,35.00,16.10,M,M
GRI,2026-02-28 15:53,45.00,17.00,32.11,16.10,M,M
GRI,2026-02-28 16:53,44.00,15.00,30.58,16.10,M,M
GRI,2026-02-28 17:53,41.00,15.00,34.32,11.50,M,M
GRI,2026-02-28 18:53,35.00,15.00,43.44,10.35,M,M
GRI,2026-02-28 19:53,31.00,15.00,51.01,10.35,M,M
GRI,2026-02-28 20:53,27.00,14.00,57.50,8.05,M,M
GRI,2026-02-28 21:53,27.00,15.00,60.07,8.05,M,M
GRI,2026-02-28 22:53,28.00,19.00,68.54,10.35,M,M
GRI,2026-02-28 23:53,26.00,19.00,74.44,11.50,M,M
GRI,2026-03-01 00:53,24.00,19.00,80.91,11.50,M,M
GRI,2026-03-01 01:53,24.00,19.00,80.91,11.50,M,M
GRI,2026-03-01 02:53,23.00,19.00,84.38,9.20,M,M
GRI,2026-03-01 03:53,22.00,19.00,88.01,6.90,M,M
GRI,2026-03-01 04:25,21.00,18.00,87.96,10.35,800.00,M
GRI,2026-03-01 04:38,21.00,19.00,91.82,9.20,800.00,M
GRI,2026-03-01 04:53,21.00,19.00,91.82,11.50,800.00,M
GRI,2026-03-01 05:53,20.00,18.00,91.79,8.05,700.00,M
GRI,2026-03-01 06:53,20.00,17.00,87.91,10.35,700.00,M
GRI,2026-03-01 07:53,20.00,17.00,87.91,13.80,600.00,M
GRI,2026-03-01 08:53,21.00,18.00,87.96,12.65,700.00,M
GRI,2026-03-01 09:53,21.00,18.00,87.96,10.35,800.00,M
GRI,2026-03-01 10:53,23.00,19.00,84.38,9.20,800.00,M
GRI,2026-03-01 11:18,24.00,19.00,80.91,10.35,1100.00,M
GRI,2026-03-01 11:53,25.00,19.00,77.60,10.35,1100.00,M
GRI,2026-03-01 12:53,28.00,19.00,68.54,8.05,7000.00,M
GRI,2026-03-01 13:53,29.00,19.00,65.79,11.50,2700.00,M
GRI,2026-03-01 14:14,31.00,19.00,60.64,10.35,2600.00,M
GRI,2026-03-01 14:21,31.00,19.00,60.64,10.35,2600.00,M
GRI,2026-03-01 14:43,32.00,18.00,55.79,11.50,2600.00,M
GRI,2026-03-01 14:53,32.00,18.00,55.79,11.50,2600.00,M
GRI,2026-03-01 15:37,33.00,18.00,53.59,9.20,2800.00,M
GRI,2026-03-01 15:53,32.00,18.00,55.79,11.50,5000.00,M
GRI,2026-03-01 16:53,32.00,18.00,55.79,10.35,4300.00,M
GRI,2026-03-01 17:49,30.20,17.60,58.98,8.05,2300.00,M
GRI,2026-03-01 17:53,31.00,18.00,58.09,8.05,2300.00,M
GRI,2026-03-01 18:53,30.00,18.00,60.50,6.90,4500.00,M
GRI,2026-03-01 19:53,30.00,19.00,63.16,5.75,4400.00,M
GRI,2026-03-01 20:53,29.00,18.00,63.02,5.75,3700.00,M
GRI,2026-03-01 21:53,31.00,18.00,58.09,4.60,3200.00,M
GRI,2026-03-01 22:08,31.00,19.00,60.64,3.45,2600.00,M
GRI,2026-03-01 22:53,31.00,19.00,60.64,5.75,2000.00,M
GRI,2026-03-01 23:53,31.00,19.00,60.64,3.45,2000.00,M
GRI,2026-03-02 00:53,31.00,19.00,60.64,3.45,2000.00,M
GRI,2026-03-02 01:53,31.00,20.00,63.29,3.45,1900.00,M
GRI,2026-03-02 02:53,31.00,21.00,66.04,3.45,1900.00,M
GRI,2026-03-02 03:53,31.00,22.00,68.90,4.60,1800.00,M
GRI,2026-03-02 04:53,31.00,22.00,68.90,3.45,2100.00,M
GRI,2026-03-02 05:53,31.00,22.00,68.90,6.90,2100.00,M
GRI,2026-03-02 06:53,30.00,24.00,78.06,8.05,1900.00,M
GRI,2026-03-02 07:18,30.00,25.00,81.39,8.05,1400.00,M
GRI,2026-03-02 07:53,30.00,26.00,84.84,9.20,1000.00,M
GRI,2026-03-02 08:21,30.00,28.00,92.14,5.75,900.00,M
GRI,2026-03-02 08:46,31.00,27.00,84.90,6.90,800.00,M
GRI,2026-03-02 08:53,31.00,27.00,84.90,6.90,800.00,M
GRI,2026-03-02 09:53,33.00,27.00,78.32,8.05,1300.00,M
GRI,2026-03-02 10:53,34.00,29.00,81.69,9.20,1000.00,M
GRI,2026-03-02 11:23,35.00,29.00,78.50,11.50,900.00,M
GRI,2026-03-02 11:53,35.00,30.00,81.77,11.50,900.00,M
GRI,2026-03-02 12:53,37.00,31.00,78.67,10.35,1100.00,M
GRI,2026-03-02 13:53,38.00,32.00,78.76,10.35,1200.00,M
GRI,2026-03-02 14:53,40.00,33.00,75.83,10.35,1700.00,M
GRI,2026-03-02 15:00,41.00,33.00,72.94,8.05,1600.00,M
GRI,2026-03-02 15:53,42.00,33.00,70.18,9.20,1600.00,M
GRI,2026-03-02 16:53,42.00,35.00,76.02,9.20,1500.00,M
GRI,2026-03-02 17:25,40.00,36.00,85.47,10.35,1300.00,M
GRI,2026-03-02 17:41,39.00,37.00,92.45,8.05,1200.00,M
GRI,2026-03-02 17:53,39.00,37.00,92.45,9.20,700.00,M
GRI,2026-03-02 18:17,38.00,37.00,96.14,5.75,800.00,M
GRI,2026-03-02 18:53,38.00,37.00,96.14,8.05,500.00,M
GRI,2026-03-02 19:53,38.00,38.00,100.00,6.90,400.00,M
GRI,2026-03-02 20:14,39.00,38.00,96.16,5.75,400.00,M
GRI,2026-03-02 20:22,39.00,38.00,96.16,5.75,400.00,M
GRI,2026-03-02 20:53,39.00,38.00,96.16,8.05,300.00,M
GRI,2026-03-02 21:06,39.00,38.00,96.16,6.90,300.00,M
GRI,2026-03-02 21:34,38.00,38.00,100.00,10.35,400.00,M
GRI,2026-03-02 21:53,38.00,37.00,96.14,10.35,400.00,M
GRI,2026-03-02 22:53,38.00,37.00,96.14,9.20,200.00,M
GRI,2026-03-02 23:53,38.00,37.00,96.14,10.35,200.00,M
GRI,2026-03-03 00:20,38.00,37.00,96.14,9.20,200.00,M
GRI,2026-03-03 00:48,37.40,37.40,100.00,9.20,200.00,M
GRI,2026-03-03 00:53,38.00,37.00,96.14,8.05,200.00,M
GRI,2026-03-03 01:21,38.00,37.00,96.14,6.90,200.00,M
GRI,2026-03-03 01:40,38.00,37.00,96.14,6.90,200.00,M
GRI,2026-03-03 01:53,38.00,37.00,96.14,5.75,200.00,M
GRI,2026-03-03 02:43,38.00,37.00,96.14,3.45,300.00,M
GRI,2026-03-03 02:53,38.00,37.00,96.14,3.45,300.00,M
GRI,2026-03-03 03:53,38.00,37.00,96.14,0.00,300.00,M
GRI,2026-03-03 04:53,38.00,37.00,96.14,0.00,300.00,M
GRI,2026-03-03 05:19,38.00,37.00,96.14,0.00,300.00,M
GRI,2026-03-03 05:53,38.00,37.00,96.14,0.00,300.00,M
GRI,2026-03-03 06:17,38.00,37.00,96.14,0.00,300.00,M
GRI,2026-03-03 06:27,38.00,37.00,96.14,0.00,300.00,M
GRI,2026-03-03 06:40,38.00,37.00,96.14,3.45,300.00,M
GRI,2026-03-03 06:53,38.00,37.00,96.14,3.45,300.00,M
GRI,2026-03-03 07:28,38.00,37.00,96.14,0.00,200.00,M
GRI,2026-03-03 07:46,38.00,37.00,96.14,0.00,200.00,M
GRI,2026-03-03 07:53,38.00,37.00,96.14,0.00,200.00,M
GRI,2026-03-03 08:14,38.00,37.00,96.14,0.00,200.00,M
GRI,2026-03-03 08:26,38.00,38.00,100.00,0.00,200.00,M
GRI,2026-03-03 08:33,38.00,38.00,100.00,0.00,200.00,M
GRI,2026-03-03 08:53,39.00,38.00,96.16,0.00,300.00,M
GRI,2026-03-03 09:24,40.00,39.00,96.18,0.00,400.00,M
GRI,2026-03-03 09:39,40.00,38.00,92.48,0.00,600.00,M
GRI,2026-03-03 09:53,41.00,36.00,82.21,4.60,800.00,M
GRI,2026-03-03 10:53,41.00,37.00,85.53,6.90,1200.00,M
GRI,2026-03-03 11:53,41.00,37.00,85.53,5.75,1100.00,M
GRI,2026-03-03 12:53,42.00,37.00,82.29,6.90,1100.00,M
GRI,2026-03-03 13:53,42.00,37.00,82.29,6.90,1100.00,M
GRI,2026-03-03 14:53,43.00,37.00,79.18,9.20,1200.00,M
GRI,2026-03-03 15:53,43.00,37.00,79.18,8.05,1300.00,M
GRI,2026-03-03 16:53,43.00,36.00,76.11,10.35,1400.00,M
GRI,2026-03-03 17:53,43.00,37.00,79.18,9.20,1400.00,M
GRI,2026-03-03 18:53,42.00,37.00,82.29,5.75,1400.00,M
GRI,2026-03-03 19:53,43.00,37.00,79.18,10.35,1500.00,M
GRI,2026-03-03 20:53,42.00,38.00,85.59,0.00,1700.00,M
GRI,2026-03-03 21:53,42.00,37.00,82.29,4.60,1700.00,M
GRI,2026-03-03 22:53,41.00,37.00,85.53,0.00,1600.00,M
GRI,2026-03-03 23:53,41.00,37.00,85.53,4.60,2000.00,M
GRI,2026-03-04 00:53,41.00,37.00,85.53,4.60,1600.00,M
GRI,2026-03-04 01:53,41.00,37.00,85.53,5.75,2100.00,M
GRI,2026-03-04 02:53,40.00,37.00,88.91,4.60,1900.00,M
GRI,2026-03-04 03:27,40.00,37.00,88.91,3.45,1400.00,M
GRI,2026-03-04 03:53,40.00,37.00,88.91,3.45,1300.00,M
GRI,2026-03-04 04:26,40.00,37.00,88.91,0.00,1500.00,M
GRI,2026-03-04 04:53,40.00,37.00,88.91,4.60,600.00,M
GRI,2026-03-04 05:03,40.00,37.00,88.91,4.60,600.00,M
GRI,2026-03-04 05:50,39.20,37.40,93.19,4.60,1000.00,M
GRI,2026-03-04 05:53,40.00,38.00,92.48,3.45,1000.00,M
GRI,2026-03-04 06:11,40.00,38.00,92.48,4.60,800.00,M
GRI,2026-03-04 06:53,40.00,38.00,92.48,0.00,700.00,M
GRI,2026-03-04 07:53,39.00,36.00,88.87,4.60,700.00,M
GRI,2026-03-04 08:53,41.00,37.00,85.53,5.75,600.00,M
GRI,2026-03-04 09:20,41.00,37.00,85.53,6.90,800.00,M
GRI,2026-03-04 09:53,42.00,37.00,82.29,8.05,2200.00,M
GRI,2026-03-04 10:53,45.00,37.00,73.36,5.75,1200.00,M
GRI,2026-03-04 11:53,47.00,38.00,70.74,6.90,1600.00,M
GRI,2026-03-04 12:53,50.00,38.00,63.22,4.60,2300.00,M
GRI,2026-03-04 13:53,52.00,38.00,58.71,0.00,2700.00,M
GRI,2026-03-04 13:55,52.00,38.00,58.71,0.00,2700.00,M
GRI,2026-03-04 14:53,53.00,38.00,56.59,0.00,M,M
GRI,2026-03-04 15:53,54.00,37.00,52.45,0.00,M,M
GRI,2026-03-04 16:53,56.00,37.00,48.77,8.05,M,M
GRI,2026-03-04 17:53,53.00,37.00,54.40,8.05,M,M
GRI,2026-03-04 18:53,45.00,37.00,73.36,8.05,M,M
GRI,2026-03-04 19:53,43.00,37.00,79.18,9.20,M,M
GRI,2026-03-04 20:53,40.00,36.00,85.47,9.20,M,M
GRI,2026-03-04 21:53,39.00,36.00,88.87,9.20,M,M
GRI,2026-03-04 22:53,36.00,34.00,92.35,6.90,M,M
GRI,2026-03-04 23:53,34.00,34.00,100.00,5.75,M,M
GRI,2026-03-05 00:39,34.00,33.00,96.07,6.90,M,M
GRI,2026-03-05 00:53,33.00,33.00,100.00,5.75,M,M
GRI,2026-03-05 01:12,33.00,33.00,100.00,6.90,M,M
GRI,2026-03-05 01:53,33.00,32.00,96.05,6.90,M,M
GRI,2026-03-05 02:53,32.00,32.00,100.00,8.05,M,M
GRI,2026-03-05 03:53,33.00,33.00,100.00,8.05,M,M
GRI,2026-03-05 04:36,35.00,34.00,96.09,11.50,200.00,M
GRI,2026-03-05 04:53,35.00,34.00,96.09,10.35,200.00,M
GRI,2026-03-05 05:16,34.00,34.00,100.00,10.35,200.00,M
GRI,2026-03-05 05:32,34.00,33.00,96.07,11.50,200.00,M
GRI,2026-03-05 05:45,35.00,34.00,96.09,13.80,200.00,M
GRI,2026-03-05 05:53,35.00,35.00,100.00,13.80,200.00,M
GRI,2026-03-05 06:02,35.00,34.00,96.09,11.50,200.00,M
GRI,2026-03-05 06:53,36.00,35.00,96.11,12.65,200.00,M
GRI,2026-03-05 07:11,36.00,35.00,96.11,12.65,200.00,M
GRI,2026-03-05 07:26,35.00,35.00,100.00,9.20,200.00,M
GRI,2026-03-05 07:53,36.00,36.00,100.00,10.35,200.00,M
GRI,2026-03-05 08:53,39.00,39.00,100.00,13.80,200.00,M
GRI,2026-03-05 09:08,40.00,39.00,96.18,12.65,200.00,M
GRI,2026-03-05 09:28,41.00,40.00,96.19,16.10,200.00,M
GRI,2026-03-05 09:53,41.00,41.00,100.00,16.10,200.00,M
GRI,2026-03-05 10:14,42.00,41.00,96.21,14.95,200.00,M
GRI,2026-03-05 10:48,44.60,42.80,93.35,17.25,500.00,M
GRI,2026-03-05 10:53,46.00,42.00,85.83,13.80,500.00,M
GRI,2026-03-05 11:18,49.00,42.00,76.67,17.25,600.00,M
GRI,2026-03-05 11:53,53.00,43.00,68.71,18.40,M,M
GRI,2026-03-05 12:53,53.00,43.00,68.71,19.55,1400.00,31.05
GRI,2026-03-05 13:53,56.00,42.00,59.26,19.55,M,32.20
GRI,2026-03-05 14:53,57.00,41.00,54.99,17.25,M,29.90
GRI,2026-03-05 15:53,60.00,40.00,47.51,23.00,M,34.50
GRI,2026-03-05 16:53,59.00,41.00,51.18,21.85,4400.00,35.65
GRI,2026-03-05 17:53,57.00,42.00,57.16,16.10,4400.00,M
GRI,2026-03-05 18:32,57.00,44.00,61.72,12.65,2500.00,M
GRI,2026-03-05 18:53,57.00,45.00,64.12,14.95,2300.00,M
GRI,2026-03-05 19:53,56.00,49.00,77.30,12.65,1700.00,31.05
GRI,2026-03-05 20:39,56.00,51.00,83.27,18.40,1300.00,M
GRI,2026-03-05 20:53,56.00,51.00,83.27,16.10,1200.00,M
GRI,2026-03-05 21:53,55.00,53.00,92.95,17.25,900.00,M
GRI,2026-03-05 22:49,53.60,53.60,100.00,11.50,400.00,M
GRI,2026-03-05 22:53,54.00,53.00,96.40,10.35,400.00,M
GRI,2026-03-05 23:16,54.00,53.00,96.40,10.35,500.00,M
GRI,2026-03-05 23:31,54.00,53.00,96.40,10.35,400.00,M
GRI,2026-03-05 23:53,54.00,53.00,96.40,9.20,400.00,M
GRI,2026-03-06 00:04,54.00,53.00,96.40,9.20,400.00,M
GRI,2026-03-06 00:53,54.00,53.00,96.40,4.60,400.00,M
GRI,2026-03-06 01:18,54.00,53.00,96.40,5.75,300.00,M
GRI,2026-03-06 01:25,54.00,53.00,96.40,5.75,300.00,M
GRI,2026-03-06 01:48,53.60,53.60,100.00,8.05,300.00,M
GRI,2026-03-06 01:53,53.00,53.00,100.00,6.90,300.00,M
GRI,2026-03-06 02:03,54.00,53.00,96.40,8.05,400.00,M
GRI,2026-03-06 02:27,54.00,53.00,96.40,0.00,300.00,M
GRI,2026-03-06 02:53,53.00,53.00,100.00,0.00,300.00,M
GRI,2026-03-06 03:53,53.00,53.00,100.00,5.75,300.00,M
GRI,2026-03-06 04:03,53.00,53.00,100.00,6.90,300.00,M
GRI,2026-03-06 04:17,53.00,53.00,100.00,10.35,300.00,M
GRI,2026-03-06 04:45,54.00,54.00,100.00,8.05,300.00,M
GRI,2026-03-06 04:53,54.00,54.00,100.00,8.05,300.00,M
GRI,2026-03-06 05:03,54.00,54.00,100.00,8.05,200.00,M
GRI,2026-03-06 05:30,54.00,53.00,96.40,5.75,200.00,M
GRI,2026-03-06 05:38,54.00,53.00,96.40,4.60,200.00,M
GRI,2026-03-06 05:49,53.60,53.60,100.00,5.75,200.00,M
GRI,2026-03-06 05:53,53.00,53.00,100.00,4.60,200.00,M
GRI,2026-03-06 06:41,53.00,53.00,100.00,5.75,200.00,M
GRI,2026-03-06 06:51,53.60,53.60,100.00,4.60,200.00,M
GRI,2026-03-06 06:53,53.00,53.00,100.00,3.45,200.00,M
GRI,2026-03-06 07:53,54.00,53.00,96.40,3.45,200.00,M
GRI,2026-03-06 08:33,49.00,49.00,100.00,28.75,200.00,35.65
GRI,2026-03-06 08:53,41.00,40.00,96.19,24.15,300.00,35.65
GRI,2026-03-06 09:53,37.00,36.00,96.12,20.70,300.00,35.65
GRI,2026-03-06 10:53,35.00,34.00,96.09,19.55,500.00,M
GRI,2026-03-06 11:53,35.00,34.00,96.09,19.55,500.00,M
GRI,2026-03-06 12:42,34.00,32.00,92.28,19.55,600.00,29.90
GRI,2026-03-06 12:53,33.00,32.00,96.05,19.55,600.00,29.90
GRI,2026-03-06 13:53,33.00,32.00,96.05,21.85,500.00,29.90
GRI,2026-03-06 14:53,32.00,31.00,96.04,24.15,500.00,32.20
GRI,2026-03-06 15:00,32.00,31.00,96.04,21.85,600.00,32.20
GRI,2026-03-06 15:12,32.00,31.00,96.04,23.00,600.00,32.20
GRI,2026-03-06 15:53,31.00,30.00,96.02,19.55,600.00,33.35
GRI,2026-03-06 16:00,31.00,29.00,92.18,26.45,600.00,34.50
GRI,2026-03-06 16:53,31.00,28.00,88.48,19.55,800.00,35.65
GRI,2026-03-06 17:53,30.00,28.00,92.14,21.85,800.00,32.20
GRI,2026-03-06 18:53,30.00,27.00,88.43,19.55,900.00,31.05
GRI,2026-03-06 19:05,30.00,27.00,88.43,19.55,1000.00,M
GRI,2026-03-06 19:53,29.00,26.00,88.37,19.55,1100.00,29.90
GRI,2026-03-06 20:53,29.00,26.00,88.37,13.80,1100.00,34.50
GRI,2026-03-06 21:53,28.00,26.00,92.07,20.70,1000.00,29.90
GRI,2026-03-06 22:53,29.00,25.00,84.78,13.80,1100.00,32.20
GRI,2026-03-06 23:53,29.00,25.00,84.78,16.10,1300.00,M
GRI,2026-03-07 00:13,29.00,24.00,81.31,16.10,1500.00,M
GRI,2026-03-07 00:32,29.00,25.00,84.78,19.55,1400.00,M
GRI,2026-03-07 00:43,29.00,25.00,84.78,17.25,1500.00,M
GRI,2026-03-07 00:53,29.00,24.00,81.31,17.25,1500.00,M
GRI,2026-03-07 01:53,30.00,24.00,78.06,17.25,1700.00,29.90
GRI,2026-03-07 02:16,30.00,25.00,81.39,18.40,3100.00,M
GRI,2026-03-07 02:36,30.00,26.00,84.84,18.40,1600.00,M
GRI,2026-03-07 02:53,31.00,26.00,81.46,16.10,1600.00,M
GRI,2026-03-07 03:44,32.00,27.00,81.54,17.25,1700.00,M
GRI,2026-03-07 03:53,32.00,27.00,81.54,19.55,1700.00,31.05
GRI,2026-03-07 04:53,30.00,25.00,81.39,16.10,M,29.90
GRI,2026-03-07 05:53,30.00,25.00,81.39,16.10,M,M
GRI,2026-03-07 06:53,28.00,23.00,81.23,10.35,M,M
GRI,2026-03-07 07:53,30.00,24.00,78.06,12.65,M,M
GRI,2026-03-07 08:53,35.00,25.00,66.55,14.95,M,M
GRI,2026-03-07 09:53,39.00,25.00,56.84,17.25,M,M
GRI,2026-03-07 10:53,44.00,23.00,43.09,11.50,M,M
GRI,2026-03-07 11:53,48.00,23.00,37.03,6.90,M,M
GRI,2026-03-07 12:53,50.00,22.00,32.95,9.20,M,M
GRI,2026-03-07 13:53,53.00,20.00,27.09,8.05,M,M
GRI,2026-03-07 14:53,56.00,18.00,22.29,10.35,M,M
GRI,2026-03-07 15:53,58.00,16.00,19.02,12.65,M,M
GRI,2026-03-07 16:53,58.00,16.00,19.02,12.65,M,M
GRI,2026-03-07 17:53,56.00,15.00,19.57,16.10,M,M
GRI,2026-03-07 18:53,51.00,14.00,22.49,13.80,M,M
GRI,2026-03-07 19:53,49.00,14.00,24.23,11.50,M,M
GRI,2026-03-07 20:53,46.00,14.00,27.13,16.10,M,M
GRI,2026-03-07 21:53,44.00,16.00,31.94,14.95,M,M
GRI,2026-03-07 22:53,43.00,16.00,33.19,19.55,M,M
GRI,2026-03-07 23:53,44.00,17.00,33.36,20.70,M,29.90
GRI,2026-03-08 00:53,44.00,17.00,33.36,20.70,M,34.50
GRI,2026-03-08 01:53,44.00,17.00,33.36,18.40,M,32.20
GRI,2026-03-08 03:53,41.00,18.00,39.09,14.95,M,31.05
GRI,2026-03-08 04:53,42.00,20.00,40.97,16.10,M,M
GRI,2026-03-08 05:53,40.00,21.00,46.20,17.25,M,M
GRI,2026-03-08 06:53,38.00,21.00,49.95,13.80,M,M
GRI,2026-03-08 07:53,37.00,23.00,56.54,16.10,M,M
GRI,2026-03-08 08:53,40.00,24.00,52.43,13.80,M,M
GRI,2026-03-08 09:53,46.00,27.00,47.17,13.80,M,M
GRI,2026-03-08 10:53,55.00,30.00,38.20,13.80,M,M
GRI,2026-03-08 11:53,62.00,30.00,29.73,11.50,M,M
GRI,2026-03-08 12:53,69.00,30.00,23.31,16.10,M,M
GRI,2026-03-08 13:53,71.00,28.00,20.06,26.45,M,36.80
GRI,2026-03-08 14:53,72.00,29.00,20.21,26.45,M,37.95
GRI,2026-03-08 15:53,75.00,26.00,16.15,23.00,M,36.80
GRI,2026-03-08 16:53,74.00,22.00,14.12,23.00,M,36.80
GRI,2026-03-08 17:53,75.00,23.00,14.25,18.40,M,36.80
GRI,2026-03-08 18:53,71.00,25.00,17.72,16.10,M,M
GRI,2026-03-08 19:53,67.00,27.00,22.08,10.35,M,M
GRI,2026-03-08 20:53,63.00,28.00,26.44,11.50,M,M
GRI,2026-03-08 21:53,61.00,27.00,27.23,12.65,M,M
GRI,2026-03-08 22:53,60.00,23.00,23.88,13.80,M,M
GRI,2026-03-08 23:53,57.00,21.00,24.44,18.40,M,M
GRI,2026-03-09 00:53,56.00,20.00,24.28,20.70,M,M
GRI,2026-03-09 01:53,55.00,20.00,25.18,17.25,M,M
GRI,2026-03-09 02:53,53.00,21.00,28.27,12.65,M,M
GRI,2026-03-09 03:53,50.00,22.00,32.95,12.65,M,M
GRI,2026-03-09 04:53,49.00,24.00,37.20,10.35,M,M
GRI,2026-03-09 05:53,48.00,25.00,40.27,11.50,M,M
GRI,2026-03-09 06:53,44.00,26.00,48.84,9.20,M,M
GRI,2026-03-09 07:53,44.00,28.00,53.04,11.50,M,M
GRI,2026-03-09 08:53,48.00,29.00,47.50,9.20,M,M
GRI,2026-03-09 09:53,58.00,32.00,37.17,11.50,M,M
GRI,2026-03-09 10:53,63.00,33.00,32.40,9.20,M,M
GRI,2026-03-09 11:53,67.00,33.00,28.19,6.90,M,M
GRI,2026-03-09 12:53,71.00,34.00,25.59,9.20,M,M
GRI,2026-03-09 13:53,75.00,33.00,21.49,10.35,M,M
GRI,2026-03-09 14:53,77.00,33.00,20.11,18.40,M,M
GRI,2026-03-09 15:53,76.00,32.00,19.96,13.80,M,M
GRI,2026-03-09 16:53,76.00,31.00,19.17,16.10,M,M
GRI,2026-03-09 17:53,75.00,30.00,19.03,10.35,M,M
GRI,2026-03-09 18:53,71.00,31.00,22.68,5.75,M,M
GRI,2026-03-09 19:53,63.00,30.00,28.70,5.75,M,M
GRI,2026-03-09 20:53,58.00,30.00,34.27,5.75,M,M
GRI,2026-03-09 21:53,52.00,30.00,42.64,4.60,M,M
GRI,2026-03-09 22:53,51.00,32.00,47.98,6.90,M,M
GRI,2026-03-09 23:53,54.00,31.00,41.26,10.35,M,M
GRI,2026-03-10 00:53,56.00,31.00,38.37,10.35,M,M
GRI,2026-03-10 01:53,47.00,30.00,51.37,4.60,M,M
GRI,2026-03-10 02:53,39.00,29.00,67.04,4.60,M,M
GRI,2026-03-10 03:53,45.00,38.00,76.30,18.40,M,M
GRI,2026-03-10 04:53,40.00,36.00,85.47,26.45,M,34.50
GRI,2026-03-10 05:42,36.00,32.00,85.22,19.55,1100.00,31.05
GRI,2026-03-10 05:53,35.00,32.00,88.67,20.70,1100.00,32.20
GRI,2026-03-10 06:39,32.00,28.00,84.97,17.25,1000.00,33.35
GRI,2026-03-10 06:53,31.00,27.00,84.90,19.55,M,33.35
GRI,2026-03-10 07:53,30.00,26.00,84.84,13.80,M,M
GRI,2026-03-10 08:53,32.00,26.00,78.23,16.10,M,M
GRI,2026-03-10 09:53,37.00,26.00,64.09,19.55,M,M
GRI,2026-03-10 10:53,41.00,27.00,57.13,16.10,M,M
GRI,2026-03-10 11:53,45.00,28.00,51.06,17.25,M,M
GRI,2026-03-10 12:53,51.00,30.00,44.24,10.35,M,M
GRI,2026-03-10 13:53,55.00,30.00,38.20,12.65,M,M
GRI,2026-03-10 14:53,54.00,30.00,39.62,14.95,M,M
GRI,2026-03-10 15:53,56.00,31.00,38.37,16.10,M,M
GRI,2026-03-10 16:53,55.00,30.00,38.20,17.25,M,M
GRI,2026-03-10 17:53,53.00,28.00,37.87,19.55,M,31.05
GRI,2026-03-10 18:53,51.00,29.00,42.47,14.95,M,M
GRI,2026-03-10 19:53,46.00,28.00,49.16,20.70,M,M
GRI,2026-03-10 20:53,42.00,27.00,54.96,18.40,M,M
GRI,2026-03-10 21:53,39.00,26.00,59.25,19.55,M,M
GRI,2026-03-10 22:53,37.00,27.00,66.80,17.25,M,31.05
GRI,2026-03-10 23:53,36.00,27.00,69.49,12.65,M,M
GRI,2026-03-11 00:53,36.00,27.00,69.49,16.10,M,M
GRI,2026-03-11 01:53,36.00,27.00,69.49,19.55,11000.00,29.90
GRI,2026-03-11 02:15,35.00,27.00,72.30,17.25,1900.00,M
GRI,2026-03-11 02:53,35.00,28.00,75.34,17.25,1700.00,M
GRI,2026-03-11 03:17,33.00,29.00,85.03,16.10,1700.00,M
GRI,2026-03-11 03:24,32.00,30.00,92.21,13.80,1000.00,M
GRI,2026-03-11 03:42,32.00,31.00,96.04,13.80,500.00,M
GRI,2026-03-11 03:49,32.00,30.20,92.97,13.80,500.00,M
GRI,2026-03-11 03:53,32.00,31.00,96.04,12.65,500.00,M
GRI,2026-03-11 04:21,31.00,30.00,96.02,14.95,600.00,M
GRI,2026-03-11 04:38,31.00,30.00,96.02,14.95,600.00,M
GRI,2026-03-11 04:53,31.00,30.00,96.02,14.95,600.00,M
GRI,2026-03-11 05:49,30.20,28.40,92.91,16.10,800.00,M
GRI,2026-03-11 05:50,M,M,M,17.25,800.00,M
GRI,2026-03-11 05:50,30.00,29.00,96.00,17.25,800.00,M
GRI,2026-03-11 06:05,30.00,29.00,96.00,19.55,600.00,M
GRI,2026-03-11 06:12,30.00,29.00,96.00,17.25,600.00,M
GRI,2026-03-11 06:32,30.00,29.00,96.00,18.40,700.00,M
GRI,2026-03-11 06:51,30.20,28.40,92.91,19.55,1000.00,M
GRI,2026-03-11 06:53,30.00,28.00,92.14,19.55,1000.00,M
GRI,2026-03-11 07:20,30.00,28.00,92.14,21.85,1100.00,31.05
GRI,2026-03-11 07:34,30.00,28.00,92.14,18.40,1100.00,31.05
GRI,2026-03-11 07:44,30.00,28.00,92.14,20.70,900.00,31.05
GRI,2026-03-11 07:53,30.00,28.00,92.14,20.70,900.00,31.05
GRI,2026-03-11 08:03,30.00,28.00,92.14,21.85,900.00,29.90
GRI,2026-03-11 08:12,30.00,28.00,92.14,20.70,900.00,29.90
GRI,2026-03-11 08:27,29.00,27.00,92.11,16.10,1100.00,29.90
GRI,2026-03-11 08:53,30.00,26.00,84.84,17.25,1300.00,29.90
GRI,2026-03-11 09:41,31.00,26.00,81.46,20.70,1600.00,32.20
GRI,2026-03-11 09:53,31.00,26.00,81.46,21.85,1500.00,32.20
GRI,2026-03-11 10:48,33.80,26.60,74.61,16.10,1600.00,31.05
GRI,2026-03-11 10:53,33.00,27.00,78.32,18.40,1700.00,31.05
GRI,2026-03-11 11:53,35.00,27.00,72.30,19.55,M,M
GRI,2026-03-11 12:53,39.00,28.00,64.35,17.25,2700.00,M
GRI,2026-03-11 13:53,43.00,28.00,55.11,18.40,2900.00,31.05
GRI,2026-03-11 14:53,44.00,26.00,48.84,21.85,M,32.20
GRI,2026-03-11 15:53,47.00,23.00,38.45,17.25,M,31.05
GRI,2026-03-11 16:53,48.00,22.00,35.50,17.25,5500.00,32.20
GRI,2026-03-11 17:53,48.00,19.00,31.25,17.25,7000.00,32.20
GRI,2026-03-11 18:53,47.00,19.00,32.44,19.55,7500.00,M
GRI,2026-03-11 19:53,40.00,21.00,46.20,8.05,M,M
GRI,2026-03-11 20:53,33.00,22.00,63.56,3.45,M,M
GRI,2026-03-11 21:53,31.00,22.00,68.90,5.75,M,M
GRI,2026-03-11 22:53,28.00,22.00,77.88,5.75,M,M
GRI,2026-03-11 23:53,30.00,22.00,71.76,6.90,M,M
GRI,2026-03-12 00:53,27.00,19.00,71.42,4.60,M,M
GRI,2026-03-12 01:53,28.00,18.00,65.66,8.05,M,M
GRI,2026-03-12 02:53,28.00,18.00,65.66,8.05,M,M
GRI,2026-03-12 03:53,31.00,18.00,58.09,10.35,M,M
GRI,2026-03-12 04:53,31.00,16.00,53.28,12.65,M,M
GRI,2026-03-12 05:53,33.00,14.00,45.04,16.10,M,M
GRI,2026-03-12 06:53,33.00,14.00,45.04,13.80,M,M
GRI,2026-03-12 07:53,34.00,14.00,43.27,18.40,M,31.05
GRI,2026-03-12 08:53,37.00,15.00,40.13,19.55,M,32.20
GRI,2026-03-12 09:53,46.00,18.00,32.28,26.45,M,37.95
GRI,2026-03-12 10:53,51.00,18.00,26.77,28.75,M,47.15
GRI,2026-03-12 11:53,56.00,20.00,24.28,32.20,M,49.45
GRI,2026-03-12 12:53,62.00,21.00,20.45,33.35,M,51.75
GRI,2026-03-12 13:53,66.00,22.00,18.55,25.30,M,46.00
GRI,2026-03-12 14:53,70.00,23.00,16.86,24.15,M,43.70
GRI,2026-03-12 15:53,72.00,22.00,15.10,21.85,M,41.40
GRI,2026-03-12 16:53,77.00,22.00,12.78,26.45,M,48.30
GRI,2026-03-12 17:53,71.00,23.00,16.30,16.10,M,43.70
GRI,2026-03-12 18:53,72.00,25.00,17.13,18.40,4600.00,M
GRI,2026-03-12 19:53,69.00,24.00,18.19,16.10,4900.00,43.70
GRI,2026-03-12 20:53,68.00,25.00,19.63,13.80,4600.00,M
GRI,2026-03-12 21:44,65.00,28.00,24.66,27.60,4300.00,49.45
GRI,2026-03-12 21:53,64.00,28.00,25.53,18.40,4100.00,49.45
GRI,2026-03-12 22:23,59.00,31.00,34.44,28.75,M,43.70
GRI,2026-03-12 22:53,56.00,32.00,39.95,25.30,M,43.70
GRI,2026-03-12 23:53,53.00,30.00,41.10,14.95,M,32.20
GRI,2026-03-13 00:53,50.00,26.00,38.95,23.00,M,46.00
GRI,2026-03-13 01:53,48.00,23.00,37.03,17.25,M,29.90
GRI,2026-03-13 02:53,45.00,23.00,41.48,20.70,M,34.50
GRI,2026-03-13 03:53,40.00,23.00,50.27,21.85,M,36.80
GRI,2026-03-13 04:53,37.00,23.00,56.54,11.50,M,31.05
GRI,2026-03-13 05:53,36.00,21.00,54.05,13.80,M,M
GRI,2026-03-13 06:53,34.00,21.00,58.53,11.50,M,M
GRI,2026-03-13 07:53,30.00,20.00,65.92,3.45,M,M
GRI,2026-03-13 08:53,33.00,22.00,63.56,5.75,M,M
GRI,2026-03-13 09:53,38.00,22.00,52.11,10.35,M,M
GRI,2026-03-13 10:53,41.00,21.00,44.44,12.65,M,M
GRI,2026-03-13 11:53,45.00,18.00,33.53,9.20,M,M
GRI,2026-03-13 12:53,48.00,18.00,29.93,6.90,M,M
GRI,2026-03-13 13:53,48.00,18.00,29.93,0.00,M,M
GRI,2026-03-13 14:53,50.00,18.00,27.78,M,M,M
GRI,2026-03-13 15:53,51.00,19.00,27.94,3.45,M,M
GRI,2026-03-13 16:53,52.00,21.00,29.33,0.00,M,M
GRI,2026-03-13 17:53,53.00,21.00,28.27,4.60,M,M
GRI,2026-03-13 18:53,52.00,21.00,29.33,9.20,M,M
GRI,2026-03-13 19:53,47.00,22.00,36.86,6.90,M,M
GRI,2026-03-13 20:53,44.00,19.00,36.36,11.50,M,M
GRI,2026-03-13 21:53,42.00,16.00,34.49,12.65,M,M
GRI,2026-03-13 22:53,39.00,14.00,35.51,17.25,M,M
GRI,2026-03-13 23:53,37.00,14.00,38.41,14.95,M,M
GRI,2026-03-14 00:53,36.00,15.00,41.74,13.80,M,M
GRI,2026-03-14 01:53,35.00,15.00,43.44,14.95,M,M
GRI,2026-03-14 02:53,34.00,15.00,45.20,10.35,M,M
GRI,2026-03-14 03:53,32.00,16.00,51.17,8.05,M,M
GRI,2026-03-14 04:53,29.00,17.00,60.36,6.90,M,M
GRI,2026-03-14 05:53,29.00,18.00,63.02,8.05,M,M
GRI,2026-03-14 06:53,28.00,18.00,65.66,8.05,M,M
GRI,2026-03-14 07:53,29.00,19.00,65.79,8.05,M,M
GRI,2026-03-14 08:53,32.00,20.00,60.78,10.35,M,M
GRI,2026-03-14 09:53,38.00,21.00,49.95,12.65,M,M
GRI,2026-03-14 10:53,44.00,22.00,41.31,17.25,M,M
GRI,2026-03-14 11:53,48.00,24.00,38.62,17.25,M,M
GRI,2026-03-14 12:53,53.00,26.00,34.87,13.80,M,31.05
GRI,2026-03-14 13:53,56.00,27.00,32.57,12.65,M,M
GRI,2026-03-14 14:53,60.00,29.00,30.63,11.50,M,M
GRI,2026-03-14 15:53,63.00,31.00,29.89,14.95,M,M
GRI,2026-03-14 16:53,64.00,33.00,31.29,13.80,M,M
GRI,2026-03-14 17:53,66.00,35.00,31.61,12.65,M,M
GRI,2026-03-14 18:53,65.00,36.00,34.05,8.05,M,M
GRI,2026-03-14 19:53,62.00,37.00,39.35,11.50,M,M
GRI,2026-03-14 20:53,59.00,35.00,40.44,16.10,M,M
GRI,2026-03-14 21:53,55.00,34.00,44.89,11.50,M,M
GRI,2026-03-14 22:53,53.00,35.00,50.26,10.35,M,M
GRI,2026-03-14 23:53,51.00,34.00,51.99,14.95,11000.00,M
GRI,2026-03-15 00:53,50.00,34.00,53.95,16.10,11000.00,M
GRI,2026-03-15 01:53,49.00,34.00,56.00,5.75,10000.00,M
GRI,2026-03-15 02:53,47.00,34.00,60.37,4.60,11000.00,M
GRI,2026-03-15 03:53,45.00,35.00,67.77,20.70,M,29.90
GRI,2026-03-15 04:49,39.20,30.20,69.86,32.20,1900.00,42.55
GRI,2026-03-15 04:53,39.00,31.00,72.73,32.20,1900.00,46.00
GRI,2026-03-15 05:41,34.00,28.00,78.41,28.75,1300.00,50.60
GRI,2026-03-15 05:53,33.00,29.00,85.03,26.45,1100.00,50.60
GRI,2026-03-15 06:08,32.00,29.00,88.53,26.45,900.00,41.40
GRI,2026-03-15 06:48,32.00,28.40,86.38,32.20,1200.00,44.85
GRI,2026-03-15 06:53,31.00,27.00,84.90,33.35,1200.00,44.85
GRI,2026-03-15 07:53,29.00,21.00,71.65,35.65,1800.00,52.90
GRI,2026-03-15 08:53,28.00,20.00,71.54,36.80,2000.00,58.65
GRI,2026-03-15 09:08,27.00,21.00,77.78,34.50,2000.00,48.30
GRI,2026-03-15 09:53,26.00,21.00,81.07,28.75,1800.00,54.05
GRI,2026-03-15 10:26,25.00,21.00,84.51,29.90,1900.00,51.75
GRI,2026-03-15 10:53,25.00,20.00,80.99,32.20,1700.00,51.75
GRI,2026-03-15 11:10,25.00,19.00,77.60,35.65,2100.00,48.30
GRI,2026-03-15 11:35,25.00,19.00,77.60,36.80,2200.00,54.05
GRI,2026-03-15 11:53,26.00,18.00,71.31,37.95,2200.00,54.05
GRI,2026-03-15 12:01,25.00,20.00,80.99,35.65,1900.00,50.60
GRI,2026-03-15 12:37,25.00,19.00,77.60,34.50,2000.00,50.60
GRI,2026-03-15 12:53,25.00,18.00,74.34,35.65,2000.00,50.60
GRI,2026-03-15 13:53,26.00,18.00,71.31,37.95,2200.00,56.35
GRI,2026-03-15 14:26,27.00,18.00,68.42,40.25,2100.00,63.25
GRI,2026-03-15 14:53,27.00,18.00,68.42,39.10,2600.00,66.70
GRI,2026-03-15 15:53,27.00,17.00,65.53,39.10,2700.00,57.50
GRI,2026-03-15 16:53,27.00,15.00,60.07,37.95,3000.00,63.25
GRI,2026-03-15 17:53,25.00,13.00,59.79,40.25,3200.00,56.35
GRI,2026-03-15 18:53,23.00,11.00,59.50,31.05,2900.00,51.75
GRI,2026-03-15 19:53,19.00,5.00,53.77,25.30,M,47.15
GRI,2026-03-15 20:53,16.00,4.00,58.46,25.30,M,46.00
GRI,2026-03-15 21:53,14.00,3.00,60.92,23.00,M,44.85
GRI,2026-03-15 22:53,12.00,3.00,66.54,21.85,2100.00,39.10
GRI,2026-03-15 23:53,10.00,0.00,63.24,26.45,M,43.70
GRI,2026-03-16 00:53,9.00,0.00,66.14,27.60,M,40.25
GRI,2026-03-16 01:53,9.00,0.00,66.14,21.85,2600.00,36.80
GRI,2026-03-16 02:53,9.00,0.00,66.14,21.85,2600.00,37.95
GRI,2026-03-16 03:53,9.00,0.00,66.14,20.70,M,33.35
GRI,2026-03-16 04:53,8.00,-1.00,66.01,18.40,M,33.35
GRI,2026-03-16 05:53,7.00,-1.00,69.07,14.95,M,M
GRI,2026-03-16 06:53,6.00,0.00,75.76,13.80,M,M
GRI,2026-03-16 07:53,5.00,0.00,79.31,12.65,M,M
GRI,2026-03-16 08:53,8.00,1.00,72.51,14.95,M,M
GRI,2026-03-16 09:53,14.00,3.00,60.92,20.70,M,29.90
GRI,2026-03-16 10:53,19.00,3.00,49.04,21.85,M,33.35
GRI,2026-03-16 11:53,23.00,2.00,39.51,19.55,M,32.20
GRI,2026-03-16 12:53,24.00,1.00,36.16,19.55,M,29.90
GRI,2026-03-16 13:53,28.00,2.00,32.09,18.40,M,29.90
GRI,2026-03-16 14:53,30.00,1.00,28.22,18.40,M,33.35
GRI,2026-03-16 15:53,30.00,3.00,30.97,13.80,M,M
GRI,2026-03-16 16:53,31.00,3.00,29.74,17.25,M,M
GRI,2026-03-16 17:53,31.00,3.00,29.74,14.95,M,M
GRI,2026-03-16 18:53,30.00,4.00,32.44,11.50,M,M
GRI,2026-03-16 19:53,21.00,2.00,42.99,9.20,M,M
GRI,2026-03-16 20:53,18.00,3.00,51.20,8.05,M,M
GRI,2026-03-16 21:53,19.00,5.00,53.77,6.90,M,M
GRI,2026-03-16 22:53,16.00,5.00,61.21,4.60,M,M
GRI,2026-03-16 23:53,18.00,7.00,61.49,3.45,M,M
GRI,2026-03-17 00:53,18.00,6.00,58.76,4.60,M,M
GRI,2026-03-17 01:53,17.00,6.00,61.35,4.60,M,M
GRI,2026-03-17 02:53,16.00,5.00,61.21,5.75,M,M
GRI,2026-03-17 03:53,17.00,7.00,64.21,6.90,M,M
GRI,2026-03-17 04:53,20.00,7.00,56.44,9.20,M,M
GRI,2026-03-17 05:53,21.00,6.00,51.69,10.35,12000.00,M
GRI,2026-03-17 06:53,21.00,6.00,51.69,12.65,11000.00,M
GRI,2026-03-17 07:53,21.00,5.00,49.38,14.95,10000.00,M
GRI,2026-03-17 08:53,22.00,6.00,49.54,14.95,12000.00,M
GRI,2026-03-17 09:53,25.00,6.00,43.68,18.40,5500.00,M
GRI,2026-03-17 10:53,29.00,5.00,35.38,21.85,6000.00,29.90
GRI,2026-03-17 11:53,32.00,5.00,31.32,19.55,4900.00,34.50
GRI,2026-03-17 12:53,35.00,6.00,29.07,19.55,6000.00,31.05
GRI,2026-03-17 13:53,39.00,7.00,25.98,20.70,12000.00,31.05
GRI,2026-03-17 14:53,41.00,8.00,25.15,17.25,9000.00,32.20
GRI,2026-03-17 15:53,45.00,11.00,24.68,19.55,9000.00,M
GRI,2026-03-17 16:53,48.00,13.00,24.07,16.10,11000.00,29.90
GRI,2026-03-17 17:53,50.00,14.00,23.34,16.10,M,M
GRI,2026-03-17 18:53,48.00,16.00,27.45,13.80,11000.00,M
GRI,2026-03-17 19:53,48.00,17.00,28.67,12.65,11000.00,M
GRI,2026-03-17 20:53,46.00,18.00,32.28,10.35,11000.00,M
GRI,2026-03-17 21:53,46.00,19.00,33.69,13.80,M,M
GRI,2026-03-17 22:53,45.00,20.00,36.53,12.65,M,M
GRI,2026-03-17 23:53,46.00,20.00,35.17,17.25,M,M
GRI,2026-03-18 00:53,46.00,20.00,35.17,12.65,M,M
GRI,2026-03-18 01:53,47.00,21.00,35.33,9.20,M,M
GRI,2026-03-18 02:53,39.00,20.00,46.03,3.45,M,M
GRI,2026-03-18 03:53,40.00,21.00,46.20,6.90,M,M
GRI,2026-03-18 04:53,38.00,21.00,49.95,9.20,M,M
GRI,2026-03-18 05:53,38.00,23.00,54.36,10.35,M,M
GRI,2026-03-18 06:53,38.00,25.00,59.11,9.20,M,M
GRI,2026-03-18 07:53,39.00,27.00,61.75,9.20,M,M
GRI,2026-03-18 08:53,45.00,31.00,57.71,8.05,M,M
GRI,2026-03-18 09:53,55.00,33.00,43.13,12.65,M,M
GRI,2026-03-18 10:53,65.00,35.00,32.73,11.50,M,M
GRI,2026-03-18 11:53,70.00,35.00,27.55,12.65,M,M
GRI,2026-03-18 12:53,73.00,34.00,23.92,12.65,M,M
GRI,2026-03-18 13:53,76.00,34.00,21.63,16.10,M,M
GRI,2026-03-18 14:53,78.00,34.00,20.25,14.95,M,M
GRI,2026-03-18 15:53,80.00,33.00,18.22,11.50,M,M
GRI,2026-03-18 16:53,79.00,33.00,18.83,10.35,11000.00,M
GRI,2026-03-18 17:53,80.00,33.00,18.22,8.05,11000.00,M
GRI,2026-03-18 18:53,75.00,33.00,21.49,6.90,11000.00,M
GRI,2026-03-18 19:53,71.00,33.00,24.58,4.60,12000.00,M
GRI,2026-03-18 20:53,64.00,34.00,32.56,0.00,12000.00,M
GRI,2026-03-18 21:53,62.00,33.00,33.56,0.00,M,M
GRI,2026-03-18 22:53,56.00,32.00,39.95,6.90,M,M
GRI,2026-03-18 23:53,54.00,32.00,42.96,5.75,M,M
GRI,2026-03-19 00:53,51.00,32.00,47.98,0.00,M,M
GRI,2026-03-19 01:53,46.00,31.00,55.56,4.60,M,M
GRI,2026-03-19 02:53,44.00,31.00,59.95,6.90,M,M
GRI,2026-03-19 03:53,43.00,31.00,62.29,3.45,M,M
GRI,2026-03-19 04:53,42.00,31.00,64.74,4.60,M,M
GRI,2026-03-19 05:53,39.00,31.00,72.73,5.75,M,M
GRI,2026-03-19 06:53,40.00,31.00,69.95,4.60,M,M
GRI,2026-03-19 07:53,39.00,31.00,72.73,6.90,M,M
GRI,2026-03-19 08:53,48.00,34.00,58.14,8.05,M,M
GRI,2026-03-19 09:53,61.00,36.00,39.19,6.90,M,M
GRI,2026-03-19 10:53,70.00,36.00,28.67,4.60,M,M
GRI,2026-03-19 11:53,74.00,35.00,24.07,0.00,M,M
GRI,2026-03-19 12:53,76.00,35.00,22.51,4.60,M,M
GRI,2026-03-19 13:53,79.00,34.00,19.59,M,M,M
GRI,2026-03-19 14:53,83.00,34.00,17.21,4.60,M,M
GRI,2026-03-19 15:53,82.00,32.00,16.40,4.60,M,M
GRI,2026-03-19 16:53,84.00,31.00,14.77,10.35,M,M
GRI,2026-03-19 17:53,85.00,29.00,13.18,11.50,M,M
GRI,2026-03-19 18:53,81.00,29.00,15.00,6.90,M,M
GRI,2026-03-19 19:53,78.00,28.00,15.88,3.45,M,M
GRI,2026-03-19 20:53,60.00,30.00,31.91,0.00,M,M
GRI,2026-03-19 21:53,64.00,30.00,27.71,4.60,M,M
GRI,2026-03-19 22:53,64.00,30.00,27.71,11.50,M,M
GRI,2026-03-19 23:53,68.00,33.00,27.23,11.50,M,M
GRI,2026-03-20 00:53,66.00,33.00,29.18,16.10,M,M
GRI,2026-03-20 01:53,63.00,32.00,31.12,14.95,M,M
GRI,2026-03-20 02:53,62.00,32.00,32.24,16.10,M,M
GRI,2026-03-20 03:53,62.00,32.00,32.24,13.80,M,M
GRI,2026-03-20 04:53,51.00,32.00,47.98,8.05,M,M
GRI,2026-03-20 05:53,47.00,30.00,51.37,4.60,M,M
GRI,2026-03-20 06:53,46.00,31.00,55.56,9.20,M,M
GRI,2026-03-20 07:53,44.00,29.00,55.26,6.90,M,M
GRI,2026-03-20 08:53,54.00,31.00,41.26,6.90,M,M
GRI,2026-03-20 09:53,64.00,31.00,28.86,4.60,M,M
GRI,2026-03-20 10:53,72.00,31.00,21.92,6.90,M,M
GRI,2026-03-20 11:53,78.00,32.00,18.69,4.60,M,M
GRI,2026-03-20 12:53,82.00,31.00,15.75,6.90,M,M
GRI,2026-03-20 13:53,85.00,31.00,14.30,9.20,M,M
GRI,2026-03-20 14:53,87.00,31.00,13.42,12.65,M,M
GRI,2026-03-20 15:53,86.00,31.00,13.85,M,M,M
GRI,2026-03-20 16:53,87.00,30.00,12.88,3.45,M,M
GRI,2026-03-20 17:53,87.00,29.00,12.37,9.20,M,M
GRI,2026-03-20 18:53,84.00,30.00,14.18,3.45,M,M
GRI,2026-03-20 19:53,77.00,29.00,17.10,3.45,M,M
GRI,2026-03-20 20:53,67.00,32.00,27.08,5.75,M,M
GRI,2026-03-20 21:53,62.00,34.00,34.93,8.05,M,M
GRI,2026-03-20 22:53,60.00,33.00,36.03,6.90,M,M
GRI,2026-03-20 23:53,56.00,34.00,43.29,5.75,M,M
GRI,2026-03-21 00:53,58.00,30.00,34.27,9.20,M,M
GRI,2026-03-21 01:53,58.00,31.00,35.70,9.20,M,M
GRI,2026-03-21 02:53,50.00,30.00,45.91,6.90,M,M
GRI,2026-03-21 03:53,49.00,30.00,47.66,8.05,M,M
GRI,2026-03-21 04:53,51.00,30.00,44.24,0.00,M,M
GRI,2026-03-21 05:53,45.00,31.00,57.71,4.60,M,M
GRI,2026-03-21 06:53,47.00,31.00,53.50,8.05,M,M
GRI,2026-03-21 07:53,45.00,31.00,57.71,9.20,M,M
GRI,2026-03-21 08:53,59.00,29.00,31.75,12.65,M,M
GRI,2026-03-21 09:53,65.00,29.00,25.69,8.05,M,M
GRI,2026-03-21 10:53,75.00,31.00,19.82,4.60,M,M
GRI,2026-03-21 11:53,84.00,31.00,14.77,5.75,M,M
GRI,2026-03-21 12:53,92.00,28.00,10.15,11.50,M,M
GRI,2026-03-21 13:53,95.00,24.00,7.84,17.25,M,M
GRI,2026-03-21 14:53,97.00,22.00,6.78,23.00,M,34.50
GRI,2026-03-21 15:53,97.00,21.00,6.50,21.85,M,32.20
GRI,2026-03-21 16:53,96.00,20.00,6.42,21.85,M,35.65
GRI,2026-03-21 17:53,96.00,21.00,6.70,20.70,M,33.35
GRI,2026-03-21 18:53,92.00,21.00,7.58,11.50,M,31.05
GRI,2026-03-21 19:53,82.00,22.00,10.85,5.75,M,M
GRI,2026-03-21 20:53,72.00,23.00,15.75,0.00,M,M
GRI,2026-03-21 21:53,70.00,24.00,17.58,11.50,M,M
GRI,2026-03-21 22:53,71.00,23.00,16.30,12.65,M,M
GRI,2026-03-21 23:53,78.00,23.00,12.90,17.25,M,M
GRI,2026-03-22 00:53,76.00,29.00,17.67,21.85,M,35.65
GRI,2026-03-22 01:53,73.00,30.00,20.35,16.10,M,29.90
GRI,2026-03-22 02:34,73.00,31.00,21.19,M,M,37.95
GRI,2026-03-22 02:53,70.00,30.00,22.53,9.20,M,37.95
GRI,2026-03-22 03:09,61.00,44.00,53.50,33.35,M,42.55
GRI,2026-03-22 03:20,59.00,45.00,59.68,29.90,M,44.85
GRI,2026-03-22 03:53,51.00,42.00,71.17,31.05,M,48.30
GRI,2026-03-22 04:53,47.00,34.00,60.37,23.00,M,42.55
GRI,2026-03-22 05:53,47.00,31.00,53.50,27.60,M,36.80
GRI,2026-03-22 06:53,42.00,33.00,70.18,26.45,M,37.95
GRI,2026-03-22 07:53,38.00,32.00,78.76,27.60,M,44.85
GRI,2026-03-22 08:53,38.00,31.00,75.64,25.30,1400.00,47.15
GRI,2026-03-22 09:53,41.00,31.00,67.29,28.75,M,46.00
GRI,2026-03-22 10:53,44.00,30.00,57.57,29.90,M,48.30
GRI,2026-03-22 11:53,46.00,29.00,51.22,28.75,M,47.15
GRI,2026-03-22 12:53,50.00,30.00,45.91,26.45,M,43.70
GRI,2026-03-22 13:53,53.00,28.00,37.87,26.45,M,41.40
GRI,2026-03-22 14:53,54.00,28.00,36.51,26.45,M,39.10
GRI,2026-03-22 15:53,55.00,28.00,35.20,26.45,M,37.95
GRI,2026-03-22 16:53,54.00,27.00,35.03,23.00,M,35.65
GRI,2026-03-22 17:53,53.00,27.00,36.34,21.85,M,43.70
GRI,2026-03-22 18:53,50.00,27.00,40.60,14.95,M,29.90
GRI,2026-03-22 19:53,46.00,26.00,45.26,12.65,M,M
GRI,2026-03-22 20:53,40.00,26.00,56.98,8.05,M,M
GRI,2026-03-22 21:53,35.00,24.00,63.82,6.90,M,M
GRI,2026-03-22 22:53,36.00,25.00,63.96,0.00,M,M
GRI,2026-03-22 23:53,33.00,24.00,69.14,3.45,M,M