station,valid,tmpf,dwpf,relh,sped,skyl1,peak_wind_gust_mph
LNK,2025-01-01 00:54,32.00,19.00,58.27,17.25,3200.00,M
LNK,2025-01-01 01:54,31.00,19.00,60.67,9.20,3400.00,M
LNK,2025-01-01 02:54,31.00,18.00,58.12,12.65,3700.00,M
LNK,2025-01-01 03:54,31.00,19.00,60.67,8.05,3300.00,M
LNK,2025-01-01 04:54,31.00,20.00,63.32,9.20,2800.00,M
LNK,2025-01-01 05:14,30.00,20.00,65.94,6.90,2700.00,M
LNK,2025-01-01 05:54,26.00,20.00,77.71,8.05,M,M
LNK,2025-01-01 06:54,24.00,18.00,77.53,8.05,M,M
LNK,2025-01-01 07:54,23.00,17.00,77.44,5.75,M,M
LNK,2025-01-01 08:54,25.00,18.00,74.36,5.75,M,M
LNK,2025-01-01 09:54,30.00,19.00,63.18,6.90,M,M
LNK,2025-01-01 10:54,33.00,20.00,58.41,8.05,M,M
LNK,2025-01-01 11:54,35.00,20.00,53.93,11.50,M,M
LNK,2025-01-01 12:54,38.00,22.00,52.14,11.50,M,M
LNK,2025-01-01 13:54,39.00,22.00,50.14,12.65,M,M
LNK,2025-01-01 14:54,41.00,22.00,46.39,9.20,M,M
LNK,2025-01-01 15:54,40.00,25.00,54.69,11.50,M,M
LNK,2025-01-01 16:54,38.00,25.00,59.13,5.75,M,M
LNK,2025-01-01 17:54,33.00,23.00,66.32,0.00,M,M
LNK,2025-01-01 18:54,30.00,22.00,71.78,0.00,M,M
LNK,2025-01-01 19:54,29.00,21.00,71.67,0.00,M,M
LNK,2025-01-01 20:54,29.00,23.00,77.98,3.45,9000.00,M
LNK,2025-01-01 21:54,28.00,22.00,77.89,4.60,M,M
LNK,2025-01-01 22:54,28.00,22.00,77.89,6.90,M,M
LNK,2025-01-01 23:54,28.00,22.00,77.89,4.60,M,M
LNK,2025-01-02 00:54,28.00,24.00,84.72,5.75,12000.00,M
LNK,2025-01-02 01:54,30.00,25.00,81.40,6.90,12000.00,M
LNK,2025-01-02 02:54,32.00,25.00,75.07,4.60,9000.00,M
LNK,2025-01-02 03:54,32.00,26.00,78.25,10.35,4300.00,M
LNK,2025-01-02 04:54,34.00,26.00,72.22,0.00,5000.00,M
LNK,2025-01-02 05:54,30.00,24.00,78.07,0.00,11000.00,M
LNK,2025-01-02 06:54,27.00,23.00,84.66,0.00,10000.00,M
LNK,2025-01-02 07:54,22.00,20.00,91.87,3.45,10000.00,M
LNK,2025-01-02 08:54,29.00,25.00,84.79,6.90,M,M
LNK,2025-01-02 09:35,31.00,27.00,84.92,12.65,2100.00,M
LNK,2025-01-02 09:54,32.00,27.00,81.55,13.80,2000.00,M
LNK,2025-01-02 10:16,32.00,28.00,84.98,13.80,600.00,M
LNK,2025-01-02 10:45,33.00,28.00,81.63,11.50,800.00,M
LNK,2025-01-02 10:54,33.00,28.00,81.63,13.80,800.00,M
LNK,2025-01-02 11:19,34.00,27.00,75.26,12.65,1300.00,M
LNK,2025-01-02 11:54,32.00,26.00,78.25,16.10,900.00,M
LNK,2025-01-02 12:54,30.00,25.00,81.40,14.95,600.00,M
LNK,2025-01-02 13:54,33.00,26.00,75.17,13.80,1100.00,M
LNK,2025-01-02 14:54,33.00,25.00,72.11,13.80,1400.00,M
LNK,2025-01-02 15:43,32.00,24.00,72.00,13.80,1500.00,M
LNK,2025-01-02 15:54,32.00,24.00,72.00,12.65,1500.00,M
LNK,2025-01-02 16:44,29.00,22.00,74.77,10.35,1600.00,M
LNK,2025-01-02 16:54,28.00,22.00,77.89,9.20,1600.00,M
LNK,2025-01-02 17:54,25.00,20.00,81.01,6.90,M,M
LNK,2025-01-02 18:54,21.00,17.00,84.26,9.20,M,M
LNK,2025-01-02 19:54,23.00,18.00,80.85,4.60,M,M
LNK,2025-01-02 20:54,23.00,18.00,80.85,5.75,M,M
LNK,2025-01-02 21:54,19.00,15.00,84.12,0.00,M,M
LNK,2025-01-02 22:21,23.00,17.00,77.44,3.45,2100.00,M
LNK,2025-01-02 22:54,24.00,19.00,80.93,0.00,2100.00,M
LNK,2025-01-02 23:54,26.00,20.00,77.71,5.75,1800.00,M
LNK,2025-01-03 00:27,28.00,21.00,74.67,8.05,1700.00,M
LNK,2025-01-03 00:54,28.00,21.00,74.67,6.90,2600.00,M
LNK,2025-01-03 01:54,28.00,21.00,74.67,6.90,2500.00,M
LNK,2025-01-03 02:54,29.00,20.00,68.69,5.75,2200.00,M
LNK,2025-01-03 03:54,29.00,20.00,68.69,5.75,2400.00,M
LNK,2025-01-03 04:54,29.00,19.00,65.81,6.90,2300.00,M
LNK,2025-01-03 05:54,29.00,20.00,68.69,5.75,2200.00,M
LNK,2025-01-03 06:54,28.00,19.00,68.57,10.35,2200.00,M
LNK,2025-01-03 07:54,27.00,18.00,68.45,3.45,2100.00,M
LNK,2025-01-03 08:54,28.00,19.00,68.57,0.00,2100.00,M
LNK,2025-01-03 09:54,29.00,19.00,65.81,0.00,2200.00,M
LNK,2025-01-03 10:54,28.00,20.00,71.56,6.90,2100.00,M
LNK,2025-01-03 11:54,28.00,20.00,71.56,5.75,2200.00,M
LNK,2025-01-03 12:54,28.00,20.00,71.56,6.90,2100.00,M
LNK,2025-01-03 13:54,28.00,20.00,71.56,6.90,2100.00,M
LNK,2025-01-03 14:30,28.00,20.00,71.56,10.35,1800.00,M
LNK,2025-01-03 14:54,28.00,20.00,71.56,9.20,1900.00,M
LNK,2025-01-03 15:17,27.00,20.00,74.57,10.35,2100.00,M
LNK,2025-01-03 15:47,27.00,21.00,77.80,8.05,2300.00,M
LNK,2025-01-03 15:54,27.00,20.00,74.57,8.05,2300.00,M
LNK,2025-01-03 16:01,27.00,20.00,74.57,6.90,3300.00,M
LNK,2025-01-03 16:14,27.00,20.00,74.57,8.05,2900.00,M
LNK,2025-01-03 16:23,26.00,20.00,77.71,9.20,2900.00,M
LNK,2025-01-03 16:36,26.00,18.00,71.33,9.20,2700.00,M
LNK,2025-01-03 16:54,25.00,18.00,74.36,9.20,11000.00,M
LNK,2025-01-03 17:54,24.00,14.00,65.17,6.90,5000.00,M
LNK,2025-01-03 18:54,23.00,13.00,65.03,6.90,12000.00,M
LNK,2025-01-03 19:54,22.00,14.00,70.88,10.35,4800.00,M
LNK,2025-01-03 20:54,22.00,13.00,67.83,8.05,4500.00,M
LNK,2025-01-03 21:54,22.00,14.00,70.88,9.20,4700.00,M
LNK,2025-01-03 22:54,22.00,13.00,67.83,9.20,4700.00,M
LNK,2025-01-03 23:54,22.00,13.00,67.83,8.05,4900.00,M
LNK,2025-01-04 00:54,22.00,13.00,67.83,8.05,4800.00,M
LNK,2025-01-04 01:54,22.00,12.00,64.90,9.20,7000.00,M
LNK,2025-01-04 02:54,22.00,12.00,64.90,8.05,6500.00,M
LNK,2025-01-04 03:54,22.00,13.00,67.83,8.05,6000.00,M
LNK,2025-01-04 04:54,21.00,13.00,70.76,11.50,6000.00,M
LNK,2025-01-04 05:54,21.00,13.00,70.76,9.20,1800.00,M
LNK,2025-01-04 06:54,20.00,13.00,73.84,10.35,5500.00,M
LNK,2025-01-04 07:11,20.00,13.00,73.84,10.35,1700.00,M
LNK,2025-01-04 07:54,20.00,12.00,70.65,11.50,1700.00,M
LNK,2025-01-04 08:30,20.00,12.00,70.65,13.80,1800.00,M
LNK,2025-01-04 08:54,20.00,11.00,67.58,11.50,5500.00,M
LNK,2025-01-04 09:54,19.00,9.00,64.50,13.80,5000.00,M
LNK,2025-01-04 10:54,19.00,8.00,61.66,11.50,5500.00,M
LNK,2025-01-04 11:54,19.00,8.00,61.66,14.95,5500.00,M
LNK,2025-01-04 12:54,20.00,8.00,59.08,14.95,5000.00,M
LNK,2025-01-04 13:54,20.00,6.00,53.96,16.10,4300.00,M
LNK,2025-01-04 14:54,19.00,7.00,58.94,14.95,3900.00,M
LNK,2025-01-04 15:54,19.00,9.00,64.50,14.95,3800.00,M
LNK,2025-01-04 16:11,19.00,10.00,67.46,13.80,3000.00,M
LNK,2025-01-04 16:18,18.00,11.00,73.62,13.80,2600.00,M
LNK,2025-01-04 16:54,18.00,12.00,76.97,12.65,2400.00,M
LNK,2025-01-04 17:33,17.00,12.00,80.36,19.55,2500.00,M
LNK,2025-01-04 17:49,17.60,10.40,72.93,17.25,2900.00,M
LNK,2025-01-04 17:54,17.00,11.00,76.87,14.95,2700.00,M
LNK,2025-01-04 18:09,17.00,12.00,80.36,17.25,2300.00,M
LNK,2025-01-04 18:33,16.00,11.00,80.27,14.95,1200.00,M
LNK,2025-01-04 18:54,16.00,10.00,76.77,16.10,3000.00,M
LNK,2025-01-04 19:02,15.00,10.00,80.19,16.10,3000.00,M
LNK,2025-01-04 19:10,15.00,10.00,80.19,14.95,3200.00,M
LNK,2025-01-04 19:54,15.00,9.00,76.68,13.80,3600.00,M
LNK,2025-01-04 20:10,15.00,8.00,73.30,17.25,3200.00,M
LNK,2025-01-04 20:18,15.00,8.00,73.30,13.80,2800.00,M
LNK,2025-01-04 20:41,15.00,8.00,73.30,16.10,2500.00,M
LNK,2025-01-04 20:54,15.00,8.00,73.30,16.10,3100.00,M
LNK,2025-01-04 21:02,15.00,8.00,73.30,17.25,3300.00,M
LNK,2025-01-04 21:41,14.00,8.00,76.58,13.80,2900.00,M
LNK,2025-01-04 21:54,14.00,8.00,76.58,16.10,2300.00,M
LNK,2025-01-04 22:11,15.00,8.00,73.30,14.95,2200.00,M
LNK,2025-01-04 22:16,15.00,8.00,73.30,13.80,2200.00,M
LNK,2025-01-04 22:54,15.00,8.00,73.30,14.95,3400.00,M
LNK,2025-01-04 23:04,15.00,8.00,73.30,18.40,3000.00,M
LNK,2025-01-04 23:13,15.00,9.00,76.68,16.10,2800.00,M
LNK,2025-01-04 23:24,15.00,9.00,76.68,17.25,3000.00,M
LNK,2025-01-04 23:54,15.00,9.00,76.68,16.10,3000.00,M
LNK,2025-01-05 00:54,16.00,10.00,76.77,20.70,3400.00,M
LNK,2025-01-05 01:21,16.00,10.00,76.77,18.40,3200.00,M
LNK,2025-01-05 01:54,16.00,10.00,76.77,20.70,4100.00,M
LNK,2025-01-05 02:54,15.00,9.00,76.68,20.70,4500.00,29.90
LNK,2025-01-05 03:54,16.00,5.00,61.23,17.25,4000.00,31.05
LNK,2025-01-05 04:54,16.00,6.00,64.09,19.55,3800.00,32.20
LNK,2025-01-05 05:46,15.00,7.00,70.06,21.85,4200.00,31.05
LNK,2025-01-05 05:54,15.00,7.00,70.06,18.40,4200.00,31.05
LNK,2025-01-05 06:54,15.00,5.00,63.96,24.15,3300.00,33.35
LNK,2025-01-05 07:54,15.00,3.00,58.34,21.85,5000.00,33.35
LNK,2025-01-05 08:54,14.00,4.00,63.82,19.55,5500.00,31.05
LNK,2025-01-05 09:54,13.00,4.00,66.69,21.85,6000.00,M
LNK,2025-01-05 10:54,14.00,2.00,58.18,19.55,7000.00,33.35
LNK,2025-01-05 11:54,14.00,0.00,53.00,21.85,6000.00,34.50
LNK,2025-01-05 12:54,15.00,-1.00,48.40,19.55,4700.00,31.05
LNK,2025-01-05 13:54,14.00,-2.00,48.23,20.70,6500.00,29.90
LNK,2025-01-05 14:54,15.00,0.00,50.73,21.85,7500.00,31.05
LNK,2025-01-05 15:54,15.00,-1.00,48.40,16.10,8000.00,M
LNK,2025-01-05 16:54,15.00,-1.00,48.40,18.40,10000.00,M
LNK,2025-01-05 17:54,15.00,-1.00,48.40,18.40,10000.00,M
LNK,2025-01-05 18:54,15.00,0.00,50.73,19.55,11000.00,31.05
LNK,2025-01-05 19:54,13.00,0.00,55.38,20.70,M,32.20
LNK,2025-01-05 20:54,13.00,-1.00,52.83,13.80,M,29.90
LNK,2025-01-05 21:54,13.00,0.00,55.38,18.40,M,M
LNK,2025-01-05 22:54,12.00,-1.00,55.22,14.95,M,M
LNK,2025-01-05 23:54,11.00,-1.00,57.72,11.50,M,M
LNK,2025-01-06 00:54,11.00,-2.00,55.06,11.50,M,M
LNK,2025-01-06 01:54,10.00,-3.00,54.90,13.80,M,M
LNK,2025-01-06 02:54,8.00,-3.00,60.06,9.20,M,M
LNK,2025-01-06 03:54,8.00,-4.00,57.26,13.80,M,M
LNK,2025-01-06 04:54,7.00,-4.00,59.91,12.65,M,M
LNK,2025-01-06 05:54,7.00,-4.00,59.91,11.50,M,M
LNK,2025-01-06 06:54,6.00,-4.00,62.69,8.05,M,M
LNK,2025-01-06 07:54,5.00,-4.00,65.62,5.75,M,M
LNK,2025-01-06 08:54,7.00,-3.00,62.84,10.35,M,M
LNK,2025-01-06 09:54,11.00,-2.00,55.06,9.20,M,M
LNK,2025-01-06 10:54,14.00,-1.00,50.56,8.05,M,M
LNK,2025-01-06 11:54,17.00,1.00,48.74,9.20,M,M
LNK,2025-01-06 12:54,20.00,3.00,47.02,8.05,M,M
LNK,2025-01-06 13:54,23.00,5.00,45.41,8.05,M,M
LNK,2025-01-06 14:54,24.00,5.00,43.54,9.20,M,M
LNK,2025-01-06 15:54,24.00,5.00,43.54,8.05,M,M
LNK,2025-01-06 16:54,22.00,5.00,47.36,5.75,M,M
LNK,2025-01-06 17:54,20.00,5.00,51.55,4.60,M,M
LNK,2025-01-06 18:54,14.00,3.00,60.94,6.90,M,M
LNK,2025-01-06 19:54,14.00,4.00,63.82,5.75,M,M
LNK,2025-01-06 20:54,13.00,2.00,60.80,0.00,M,M
LNK,2025-01-06 21:54,9.00,1.00,69.33,4.60,M,M
LNK,2025-01-06 22:54,8.00,1.00,72.52,3.45,M,M
LNK,2025-01-06 23:54,10.00,2.00,69.45,0.00,M,M
LNK,2025-01-07 00:54,6.00,0.00,75.78,0.00,M,M
LNK,2025-01-07 01:54,7.00,1.00,75.88,0.00,10000.00,M
LNK,2025-01-07 02:54,7.00,0.00,72.41,3.45,11000.00,M
LNK,2025-01-07 03:54,8.00,1.00,72.52,6.90,12000.00,M
LNK,2025-01-07 04:54,8.00,1.00,72.52,0.00,6500.00,M
LNK,2025-01-07 05:54,6.00,0.00,75.78,3.45,12000.00,M
LNK,2025-01-07 06:54,10.00,3.00,72.75,0.00,5000.00,M
LNK,2025-01-07 07:54,13.00,5.00,69.82,0.00,6500.00,M
LNK,2025-01-07 08:54,17.00,5.00,58.64,5.75,6000.00,M
LNK,2025-01-07 09:54,20.00,7.00,56.47,11.50,4500.00,M
LNK,2025-01-07 10:54,21.00,12.00,67.71,17.25,4900.00,M
LNK,2025-01-07 11:54,22.00,9.00,56.78,18.40,6500.00,M
LNK,2025-01-07 12:54,26.00,11.00,52.52,17.25,M,M
LNK,2025-01-07 13:54,25.00,10.00,52.36,18.40,3300.00,M
LNK,2025-01-07 14:54,23.00,9.00,54.44,18.40,3200.00,32.20
LNK,2025-01-07 15:54,22.00,9.00,56.78,13.80,3400.00,M
LNK,2025-01-07 16:54,20.00,7.00,56.47,14.95,3200.00,M
LNK,2025-01-07 18:54,19.00,7.00,58.94,14.95,3200.00,M
LNK,2025-01-07 19:54,18.00,6.00,58.79,10.35,3100.00,M
LNK,2025-01-07 20:54,17.00,7.00,64.23,11.50,3000.00,M
LNK,2025-01-07 21:54,16.00,7.00,67.07,11.50,3200.00,M
LNK,2025-01-07 22:54,16.00,6.00,64.09,12.65,3300.00,M
LNK,2025-01-07 23:54,16.00,6.00,64.09,12.65,3100.00,M
LNK,2025-01-08 00:35,15.00,6.00,66.95,11.50,2900.00,M
LNK,2025-01-08 00:54,14.00,5.00,66.82,11.50,2800.00,M
LNK,2025-01-08 01:54,12.00,3.00,66.56,12.65,2900.00,M
LNK,2025-01-08 02:54,11.00,2.00,66.43,5.75,2900.00,M
LNK,2025-01-08 03:46,9.00,1.00,69.33,6.90,2700.00,M
LNK,2025-01-08 03:54,9.00,1.00,69.33,6.90,2700.00,M
LNK,2025-01-08 04:54,8.00,0.00,69.21,4.60,M,M
LNK,2025-01-08 05:54,7.00,-1.00,69.08,3.45,M,M
LNK,2025-01-08 06:54,4.00,-3.00,72.06,0.00,M,M
LNK,2025-01-08 07:54,3.00,-2.00,79.14,3.45,M,M
LNK,2025-01-08 08:54,5.00,1.00,83.12,3.45,M,M
LNK,2025-01-08 09:54,12.00,4.00,69.70,8.05,M,M
LNK,2025-01-08 10:54,16.00,6.00,64.09,9.20,M,M
LNK,2025-01-08 11:54,19.00,8.00,61.66,13.80,M,M
LNK,2025-01-08 12:54,22.00,10.00,59.38,13.80,M,M
LNK,2025-01-08 13:54,24.00,12.00,59.67,13.80,M,M
LNK,2025-01-08 14:54,25.00,13.00,59.82,12.65,M,M
LNK,2025-01-08 15:54,24.00,13.00,62.36,12.65,M,M
LNK,2025-01-08 16:54,22.00,12.00,64.90,16.10,M,M
LNK,2025-01-08 17:54,17.00,10.00,73.52,8.05,M,M
LNK,2025-01-08 18:54,14.00,8.00,76.58,11.50,M,M
LNK,2025-01-08 19:54,12.00,7.00,79.93,9.20,M,M
LNK,2025-01-08 20:54,14.00,8.00,76.58,8.05,M,M
LNK,2025-01-08 21:54,11.00,6.00,79.85,6.90,M,M
LNK,2025-01-08 22:54,13.00,9.00,83.70,6.90,M,M
LNK,2025-01-08 23:54,12.00,8.00,83.63,4.60,M,M
LNK,2025-01-09 00:54,17.00,12.00,80.36,5.75,M,M
LNK,2025-01-09 01:54,19.00,14.00,80.52,5.75,M,M
LNK,2025-01-09 02:54,18.00,14.00,84.05,4.60,M,M
LNK,2025-01-09 03:54,19.00,15.00,84.12,4.60,M,M
LNK,2025-01-09 04:54,19.00,15.00,84.12,8.05,M,M
LNK,2025-01-09 05:54,17.00,13.00,83.98,4.60,M,M
LNK,2025-01-09 06:54,17.00,12.00,80.36,5.75,M,M
LNK,2025-01-09 07:54,15.00,11.00,83.84,6.90,M,M
LNK,2025-01-09 08:54,17.00,13.00,83.98,5.75,M,M
LNK,2025-01-09 09:54,22.00,15.00,74.05,5.75,M,M
LNK,2025-01-09 10:38,24.00,17.00,74.26,12.65,2100.00,M
LNK,2025-01-09 10:54,26.00,18.00,71.33,9.20,2100.00,M
LNK,2025-01-09 11:54,29.00,20.00,68.69,5.75,2000.00,M
LNK,2025-01-09 12:44,31.00,22.00,68.92,4.60,1700.00,M
LNK,2025-01-09 12:54,31.00,22.00,68.92,6.90,1700.00,M
LNK,2025-01-09 13:18,32.00,23.00,69.04,8.05,1900.00,M
LNK,2025-01-09 13:49,33.80,24.80,69.25,5.75,1700.00,M
LNK,2025-01-09 13:54,33.00,25.00,72.11,4.60,1700.00,M
LNK,2025-01-09 14:20,34.00,27.00,75.26,5.75,1600.00,M
LNK,2025-01-09 14:54,34.00,28.00,78.43,4.60,2100.00,M
LNK,2025-01-09 15:25,34.00,28.00,78.43,4.60,1800.00,M
LNK,2025-01-09 15:54,34.00,29.00,81.71,0.00,1700.00,M
LNK,2025-01-09 16:01,34.00,29.00,81.71,3.45,1900.00,M
LNK,2025-01-09 16:39,36.00,30.00,78.60,20.70,1800.00,32.20
LNK,2025-01-09 16:54,36.00,30.00,78.60,19.55,1900.00,32.20
LNK,2025-01-09 17:25,35.00,29.00,78.51,13.80,1800.00,M
LNK,2025-01-09 17:54,34.00,30.00,85.11,8.05,1500.00,M
LNK,2025-01-09 18:06,34.00,30.00,85.11,9.20,1300.00,M
LNK,2025-01-09 18:37,34.00,31.00,88.63,16.10,1500.00,M
LNK,2025-01-09 18:54,35.00,30.00,81.78,13.80,1600.00,M
LNK,2025-01-09 19:08,35.00,30.00,81.78,17.25,1800.00,M
LNK,2025-01-09 19:54,34.00,30.00,85.11,10.35,2000.00,M
LNK,2025-01-09 20:20,34.00,29.00,81.71,12.65,2000.00,M
LNK,2025-01-09 20:54,34.00,28.00,78.43,14.95,2700.00,M
LNK,2025-01-09 21:04,34.00,28.00,78.43,14.95,2700.00,M
LNK,2025-01-09 21:43,34.00,26.00,72.22,20.70,2500.00,M
LNK,2025-01-09 21:54,34.00,26.00,72.22,13.80,2800.00,M
LNK,2025-01-09 22:54,33.00,26.00,75.17,8.05,3400.00,M
LNK,2025-01-09 23:54,33.00,25.00,72.11,8.05,3700.00,M
LNK,2025-01-10 00:54,32.00,26.00,78.25,6.90,2200.00,M
LNK,2025-01-10 01:54,31.00,25.00,78.16,10.35,3900.00,M
LNK,2025-01-10 02:54,30.00,23.00,74.87,11.50,3500.00,M
LNK,2025-01-10 03:54,29.00,22.00,74.77,11.50,3300.00,M
LNK,2025-01-10 04:35,28.00,22.00,77.89,9.20,2800.00,M
LNK,2025-01-10 04:54,27.00,21.00,77.80,10.35,2800.00,M
LNK,2025-01-10 05:08,27.00,21.00,77.80,10.35,2800.00,M
LNK,2025-01-10 05:54,25.00,19.00,77.62,9.20,M,M
LNK,2025-01-10 06:54,23.00,18.00,80.85,8.05,M,M
LNK,2025-01-10 07:54,22.00,17.00,80.77,10.35,M,M
LNK,2025-01-10 08:54,25.00,19.00,77.62,8.05,M,M
LNK,2025-01-10 09:54,28.00,20.00,71.56,12.65,M,M
LNK,2025-01-10 10:54,31.00,20.00,63.32,13.80,M,M
LNK,2025-01-10 11:54,33.00,21.00,60.95,14.95,M,M
LNK,2025-01-10 12:54,35.00,21.00,56.27,13.80,2600.00,M
LNK,2025-01-10 13:54,36.00,21.00,54.08,11.50,M,M
LNK,2025-01-10 14:54,36.00,21.00,54.08,14.95,M,M
LNK,2025-01-10 15:54,36.00,22.00,56.42,13.80,3400.00,M
LNK,2025-01-10 16:54,35.00,21.00,56.27,9.20,3600.00,M
LNK,2025-01-10 17:54,32.00,21.00,63.45,5.75,3200.00,M
LNK,2025-01-10 18:54,25.00,18.00,74.36,0.00,M,M
LNK,2025-01-10 19:54,23.00,17.00,77.44,0.00,M,M
LNK,2025-01-10 20:54,22.00,15.00,74.05,0.00,M,M
LNK,2025-01-10 21:54,21.00,15.00,77.25,0.00,M,M
LNK,2025-01-10 22:54,20.00,14.00,77.16,0.00,M,M
LNK,2025-01-10 23:54,18.00,14.00,84.05,4.60,M,M
LNK,2025-01-11 00:54,19.00,15.00,84.12,5.75,M,M
LNK,2025-01-11 01:54,19.00,15.00,84.12,3.45,M,M
LNK,2025-01-11 02:54,20.00,16.00,84.19,4.60,9500.00,M
LNK,2025-01-11 03:54,23.00,19.00,84.39,4.60,10000.00,M
LNK,2025-01-11 04:54,24.00,20.00,84.46,8.05,10000.00,M
LNK,2025-01-11 05:54,25.00,21.00,84.53,5.75,11000.00,M
LNK,2025-01-11 06:54,25.00,20.00,81.01,8.05,M,M
LNK,2025-01-11 07:54,25.00,20.00,81.01,4.60,M,M
LNK,2025-01-11 08:54,26.00,20.00,77.71,8.05,11000.00,M
LNK,2025-01-11 09:54,27.00,19.00,71.45,5.75,11000.00,M
LNK,2025-01-11 10:54,29.00,19.00,65.81,4.60,10000.00,M
LNK,2025-01-11 11:54,31.00,21.00,66.07,5.75,9500.00,M
LNK,2025-01-11 12:54,35.00,23.00,61.23,6.90,10000.00,M
LNK,2025-01-11 13:54,38.00,26.00,61.64,4.60,11000.00,M
LNK,2025-01-11 14:54,43.00,28.00,55.14,3.45,7500.00,M
LNK,2025-01-11 15:54,44.00,31.00,59.97,4.60,4300.00,M
LNK,2025-01-11 16:54,44.00,32.00,62.44,11.50,3100.00,M
LNK,2025-01-11 17:49,42.80,32.00,65.38,12.65,2900.00,M
LNK,2025-01-11 17:54,42.00,32.00,67.42,10.35,2800.00,M
LNK,2025-01-11 18:54,42.00,32.00,67.42,18.40,2900.00,M
LNK,2025-01-11 19:54,41.00,31.00,67.30,11.50,3000.00,M
LNK,2025-01-11 20:54,40.00,31.00,69.97,8.05,3300.00,M
LNK,2025-01-11 21:54,39.00,31.00,72.75,6.90,3600.00,M
LNK,2025-01-11 22:54,36.00,30.00,78.60,8.05,M,M
LNK,2025-01-11 23:54,36.00,29.00,75.46,10.35,M,M
LNK,2025-01-12 00:54,37.00,30.00,75.56,11.50,4100.00,M
LNK,2025-01-12 01:54,38.00,30.00,72.64,11.50,4100.00,M
LNK,2025-01-12 02:54,37.00,30.00,75.56,12.65,2400.00,M
LNK,2025-01-12 03:54,36.00,28.00,72.43,9.20,11000.00,M
LNK,2025-01-12 04:54,33.00,27.00,78.34,6.90,3900.00,M
LNK,2025-01-12 05:54,34.00,27.00,75.26,6.90,4700.00,M
LNK,2025-01-12 06:21,34.00,27.00,75.26,8.05,2900.00,M
LNK,2025-01-12 06:54,34.00,27.00,75.26,8.05,2800.00,M
LNK,2025-01-12 07:54,33.00,27.00,78.34,6.90,2100.00,M
LNK,2025-01-12 08:32,33.00,27.00,78.34,16.10,1500.00,M
LNK,2025-01-12 08:43,31.00,25.00,78.16,21.85,1300.00,34.50
LNK,2025-01-12 08:52,30.20,24.80,80.07,18.40,1500.00,34.50
LNK,2025-01-12 08:54,30.00,25.00,81.40,17.25,1500.00,34.50
LNK,2025-01-12 09:02,30.00,25.00,81.40,16.10,1300.00,M
LNK,2025-01-12 09:54,29.00,20.00,68.69,24.15,2100.00,34.50
LNK,2025-01-12 10:03,29.00,19.00,65.81,23.00,2300.00,31.05
LNK,2025-01-12 10:41,29.00,18.00,63.05,21.85,2200.00,34.50
LNK,2025-01-12 10:54,29.00,18.00,63.05,19.55,2200.00,34.50
LNK,2025-01-12 11:54,27.00,16.00,62.78,21.85,2500.00,33.35
LNK,2025-01-12 12:44,28.00,12.00,50.56,20.70,3100.00,32.20
LNK,2025-01-12 12:54,28.00,12.00,50.56,20.70,3200.00,33.35
LNK,2025-01-12 13:54,29.00,12.00,48.53,24.15,M,31.05
LNK,2025-01-12 14:54,27.00,9.00,46.08,23.00,M,34.50
LNK,2025-01-12 15:54,24.00,7.00,47.70,18.40,M,33.35
LNK,2025-01-12 16:54,21.00,6.00,51.72,19.55,M,M
LNK,2025-01-12 17:54,18.00,5.00,56.16,12.65,M,M
LNK,2025-01-12 18:54,16.00,5.00,61.23,9.20,M,M
LNK,2025-01-12 19:54,14.00,4.00,63.82,6.90,M,M
LNK,2025-01-12 20:54,13.00,4.00,66.69,5.75,M,M
LNK,2025-01-12 21:54,13.00,4.00,66.69,6.90,M,M
LNK,2025-01-12 22:54,12.00,3.00,66.56,5.75,M,M
LNK,2025-01-12 23:54,11.00,3.00,69.58,5.75,M,M
LNK,2025-01-13 00:54,11.00,2.00,66.43,6.90,M,M
LNK,2025-01-13 01:54,10.00,2.00,69.45,3.45,M,M
LNK,2025-01-13 02:54,8.00,1.00,72.52,4.60,M,M
LNK,2025-01-13 03:54,8.00,1.00,72.52,5.75,M,M
LNK,2025-01-13 04:54,8.00,1.00,72.52,3.45,M,M
LNK,2025-01-13 05:54,7.00,1.00,75.88,4.60,M,M
LNK,2025-01-13 06:54,7.00,1.00,75.88,5.75,M,M
LNK,2025-01-13 07:54,8.00,1.00,72.52,0.00,M,M
LNK,2025-01-13 08:54,12.00,3.00,66.56,5.75,M,M
LNK,2025-01-13 09:54,16.00,4.00,58.49,9.20,M,M
LNK,2025-01-13 10:54,19.00,5.00,53.80,6.90,M,M
LNK,2025-01-13 11:54,24.00,6.00,45.58,10.35,M,M
LNK,2025-01-13 12:54,28.00,10.00,46.25,10.35,M,M
LNK,2025-01-13 13:54,32.00,12.00,42.96,16.10,M,M
LNK,2025-01-13 14:54,34.00,12.00,39.65,13.80,M,M
LNK,2025-01-13 15:54,35.00,15.00,43.47,14.95,M,M
LNK,2025-01-13 16:54,31.00,17.00,55.67,13.80,6000.00,M
LNK,2025-01-13 17:54,27.00,15.00,60.10,6.90,M,M
LNK,2025-01-13 18:54,25.00,14.00,62.50,11.50,M,M
LNK,2025-01-13 19:54,23.00,13.00,65.03,6.90,M,M
LNK,2025-01-13 20:54,23.00,13.00,65.03,10.35,M,M
LNK,2025-01-13 21:54,21.00,14.00,73.94,5.75,M,M
LNK,2025-01-13 22:54,21.00,14.00,73.94,6.90,M,M
LNK,2025-01-13 23:54,19.00,14.00,80.52,3.45,M,M
LNK,2025-01-14 00:54,24.00,18.00,77.53,0.00,7500.00,M
LNK,2025-01-14 01:54,21.00,15.00,77.25,9.20,9500.00,M
LNK,2025-01-14 02:26,24.00,18.00,77.53,18.40,1300.00,29.90
LNK,2025-01-14 02:45,21.00,14.00,73.94,14.95,1500.00,32.20
LNK,2025-01-14 02:54,21.00,14.00,73.94,14.95,1700.00,32.20
LNK,2025-01-14 03:19,20.00,11.00,67.58,18.40,2000.00,M
LNK,2025-01-14 03:54,20.00,11.00,67.58,16.10,2300.00,M
LNK,2025-01-14 04:54,20.00,10.00,64.64,16.10,2500.00,M
LNK,2025-01-14 05:38,19.00,9.00,64.50,11.50,2900.00,M
LNK,2025-01-14 05:54,18.00,9.00,67.33,14.95,3300.00,M
LNK,2025-01-14 06:54,12.00,4.00,69.70,14.95,3700.00,M
LNK,2025-01-14 07:54,9.00,2.00,72.64,11.50,M,M
LNK,2025-01-14 08:54,10.00,2.00,69.45,10.35,9000.00,M
LNK,2025-01-14 09:54,11.00,-1.00,57.72,10.35,9000.00,M
LNK,2025-01-14 10:54,12.00,-4.00,47.89,11.50,9000.00,M
LNK,2025-01-14 11:54,14.00,-3.00,45.99,8.05,9500.00,M
LNK,2025-01-14 12:54,16.00,-2.00,44.20,5.75,10000.00,M
LNK,2025-01-14 13:54,17.00,-2.00,42.32,3.45,10000.00,M
LNK,2025-01-14 14:54,18.00,-3.00,38.66,4.60,6500.00,M
LNK,2025-01-14 15:54,18.00,-3.00,38.66,3.45,6500.00,M
LNK,2025-01-14 16:54,18.00,-3.00,38.66,5.75,5500.00,M
LNK,2025-01-14 17:54,17.00,-2.00,42.32,4.60,10000.00,M
LNK,2025-01-14 18:54,17.00,-2.00,42.32,3.45,11000.00,M
LNK,2025-01-14 19:54,17.00,-1.00,44.37,3.45,10000.00,M
LNK,2025-01-14 20:54,18.00,-1.00,42.50,6.90,8000.00,M
LNK,2025-01-14 21:54,18.00,-2.00,40.54,6.90,11000.00,M
LNK,2025-01-14 22:54,17.00,0.00,46.51,4.60,9000.00,M
LNK,2025-01-14 23:54,18.00,1.00,46.68,6.90,9500.00,M
LNK,2025-01-15 00:54,19.00,3.00,49.07,6.90,6000.00,M
LNK,2025-01-15 01:54,19.00,5.00,53.80,6.90,6000.00,M
LNK,2025-01-15 02:54,14.00,3.00,60.94,9.20,12000.00,M
LNK,2025-01-15 03:54,15.00,5.00,63.96,4.60,2200.00,M
LNK,2025-01-15 04:54,17.00,5.00,58.64,5.75,2600.00,M
LNK,2025-01-15 05:54,17.00,5.00,58.64,5.75,10000.00,M
LNK,2025-01-15 06:14,17.00,5.00,58.64,3.45,2100.00,M
LNK,2025-01-15 06:54,18.00,5.00,56.16,5.75,2000.00,M
LNK,2025-01-15 07:47,18.00,6.00,58.79,8.05,1800.00,M
LNK,2025-01-15 07:54,18.00,6.00,58.79,6.90,1800.00,M
LNK,2025-01-15 08:29,19.00,6.00,56.32,10.35,1400.00,M
LNK,2025-01-15 08:54,20.00,6.00,53.96,10.35,1100.00,M
LNK,2025-01-15 09:51,21.20,10.40,62.53,13.80,1200.00,M
LNK,2025-01-15 09:54,23.00,10.00,56.93,12.65,1200.00,M
LNK,2025-01-15 10:54,26.00,10.00,50.23,12.65,M,M
LNK,2025-01-15 11:54,29.00,12.00,48.53,10.35,M,M
LNK,2025-01-15 12:54,32.00,15.00,49.02,10.35,M,M
LNK,2025-01-15 13:54,37.00,18.00,45.73,10.35,M,M
LNK,2025-01-15 14:54,40.00,21.00,46.23,12.65,M,M
LNK,2025-01-15 15:54,41.00,23.00,48.39,13.80,M,M
LNK,2025-01-15 16:54,38.00,23.00,54.39,10.35,M,M
LNK,2025-01-15 17:54,34.00,22.00,61.09,10.35,M,M
LNK,2025-01-15 18:54,33.00,23.00,66.32,8.05,11000.00,M
LNK,2025-01-15 19:54,35.00,25.00,66.57,6.90,11000.00,M
LNK,2025-01-15 20:54,40.00,26.00,57.01,10.35,11000.00,M
LNK,2025-01-15 21:54,40.00,26.00,57.01,13.80,M,M
LNK,2025-01-15 22:54,40.00,27.00,59.41,11.50,M,M
LNK,2025-01-15 23:54,41.00,28.00,59.55,12.65,M,M
LNK,2025-01-16 00:54,39.00,28.00,64.37,11.50,M,M
LNK,2025-01-16 01:54,39.00,28.00,64.37,13.80,M,M
LNK,2025-01-16 02:54,39.00,27.00,61.78,13.80,M,M
LNK,2025-01-16 03:54,37.00,27.00,66.82,10.35,M,M
LNK,2025-01-16 04:54,37.00,27.00,66.82,12.65,M,M
LNK,2025-01-16 05:54,38.00,27.00,64.24,12.65,M,M
LNK,2025-01-16 06:54,34.00,25.00,69.28,6.90,M,M
LNK,2025-01-16 07:54,34.00,26.00,72.22,8.05,M,M
LNK,2025-01-16 08:54,37.00,26.00,64.11,9.20,M,M
LNK,2025-01-16 09:54,43.00,28.00,55.14,12.65,M,M
LNK,2025-01-16 10:54,47.00,28.00,47.36,9.20,M,M
LNK,2025-01-16 11:54,50.00,27.00,40.62,9.20,M,M
LNK,2025-01-16 12:54,52.00,27.00,37.72,0.00,M,M
LNK,2025-01-16 13:54,52.00,27.00,37.72,8.05,M,M
LNK,2025-01-16 14:54,53.00,27.00,36.36,9.20,M,M
LNK,2025-01-16 15:54,52.00,28.00,39.30,11.50,M,M
LNK,2025-01-16 16:54,50.00,29.00,44.10,11.50,M,M
LNK,2025-01-16 17:54,38.00,27.00,64.24,10.35,M,M
LNK,2025-01-16 18:54,35.00,27.00,72.32,9.20,M,M
LNK,2025-01-16 19:54,32.00,25.00,75.07,5.75,M,M
LNK,2025-01-16 20:54,32.00,26.00,78.25,10.35,M,M
LNK,2025-01-16 21:54,35.00,27.00,72.32,11.50,M,M
LNK,2025-01-16 22:54,36.00,27.00,69.51,11.50,M,M
LNK,2025-01-16 23:54,36.00,27.00,69.51,10.35,M,M
LNK,2025-01-17 00:54,36.00,27.00,69.51,11.50,M,M
LNK,2025-01-17 01:54,36.00,28.00,72.43,12.65,M,M
LNK,2025-01-17 02:54,36.00,28.00,72.43,12.65,M,M
LNK,2025-01-17 03:54,35.00,27.00,72.32,6.90,M,M
LNK,2025-01-17 04:54,32.00,25.00,75.07,6.90,M,M
LNK,2025-01-17 05:54,34.00,25.00,69.28,8.05,M,M
LNK,2025-01-17 06:54,32.00,24.00,72.00,5.75,M,M
LNK,2025-01-17 07:54,30.00,23.00,74.87,5.75,M,M
LNK,2025-01-17 08:54,34.00,26.00,72.22,0.00,M,M
LNK,2025-01-17 09:54,39.00,27.00,61.78,4.60,M,M
LNK,2025-01-17 10:54,45.00,29.00,53.22,6.90,M,M
LNK,2025-01-17 11:54,50.00,31.00,47.83,21.85,M,M
LNK,2025-01-17 12:54,53.00,32.00,44.58,24.15,M,34.50
LNK,2025-01-17 13:54,52.00,27.00,37.72,27.60,M,43.70
LNK,2025-01-17 14:54,50.00,23.00,34.39,28.75,M,44.85
LNK,2025-01-17 15:54,47.00,24.00,40.12,25.30,M,43.70
LNK,2025-01-17 16:54,43.00,24.00,46.71,23.00,M,42.55
LNK,2025-01-17 17:54,40.00,24.00,52.45,26.45,12000.00,40.25
LNK,2025-01-17 18:54,36.00,18.00,47.58,26.45,3900.00,41.40
LNK,2025-01-17 19:54,32.00,18.00,55.82,27.60,9500.00,40.25
LNK,2025-01-17 20:54,32.00,18.00,55.82,19.55,11000.00,36.80
LNK,2025-01-17 21:54,29.00,16.00,57.83,31.05,3200.00,48.30
LNK,2025-01-17 22:54,27.00,15.00,60.10,33.35,2800.00,46.00
LNK,2025-01-17 23:08,26.00,13.00,57.38,32.20,2800.00,40.25
LNK,2025-01-17 23:47,25.00,14.00,62.50,19.55,2800.00,40.25
LNK,2025-01-17 23:54,26.00,14.00,59.96,24.15,2800.00,40.25
LNK,2025-01-18 00:26,23.00,11.00,59.52,26.45,2700.00,40.25
LNK,2025-01-18 00:54,21.00,10.00,61.95,21.85,2500.00,40.25
LNK,2025-01-18 01:12,21.00,11.00,64.77,23.00,2100.00,33.35
LNK,2025-01-18 01:54,19.00,6.00,56.32,29.90,2400.00,42.55
LNK,2025-01-18 02:25,17.00,6.00,61.38,20.70,2400.00,39.10
LNK,2025-01-18 02:45,16.00,5.00,61.23,23.00,2500.00,39.10
LNK,2025-01-18 02:54,16.00,5.00,61.23,23.00,2400.00,39.10
LNK,2025-01-18 03:54,15.00,4.00,61.09,19.55,M,37.95
LNK,2025-01-18 04:54,15.00,4.00,61.09,20.70,M,33.35
LNK,2025-01-18 05:54,14.00,4.00,63.82,21.85,M,37.95
LNK,2025-01-18 06:54,13.00,5.00,69.82,16.10,M,29.90
LNK,2025-01-18 07:54,14.00,5.00,66.82,16.10,2400.00,M
LNK,2025-01-18 08:03,14.00,5.00,66.82,18.40,2300.00,M
LNK,2025-01-18 08:11,14.00,5.00,66.82,17.25,2400.00,M
LNK,2025-01-18 08:54,15.00,5.00,63.96,19.55,2400.00,M
LNK,2025-01-18 09:54,15.00,4.00,61.09,20.70,2300.00,33.35
LNK,2025-01-18 10:54,18.00,4.00,53.64,20.70,M,M
LNK,2025-01-18 11:54,20.00,2.00,44.89,19.55,M,32.20
LNK,2025-01-18 12:54,21.00,0.00,39.19,17.25,M,35.65
LNK,2025-01-18 13:54,22.00,-1.00,35.84,20.70,M,31.05
LNK,2025-01-18 14:54,20.00,0.00,40.89,23.00,M,M
LNK,2025-01-18 15:54,21.00,0.00,39.19,20.70,M,M
LNK,2025-01-18 16:54,19.00,0.00,42.67,16.10,M,32.20
LNK,2025-01-18 17:54,17.00,0.00,46.51,13.80,M,M
LNK,2025-01-18 18:54,14.00,-1.00,50.56,13.80,12000.00,M
LNK,2025-01-18 19:54,15.00,-2.00,46.16,20.70,12000.00,M
LNK,2025-01-18 20:54,13.00,-1.00,52.83,14.95,8500.00,M
LNK,2025-01-18 21:54,12.00,-1.00,55.22,12.65,9000.00,M
LNK,2025-01-18 22:54,11.00,-3.00,52.51,12.65,9000.00,M
LNK,2025-01-18 23:54,9.00,-3.00,57.41,5.75,M,M
LNK,2025-01-19 00:54,8.00,-2.00,62.98,3.45,M,M
LNK,2025-01-19 01:54,1.00,-6.00,71.71,6.90,M,M
LNK,2025-01-19 02:25,4.00,-3.00,72.06,9.20,2800.00,M
LNK,2025-01-19 02:54,4.00,-3.00,72.06,10.35,2800.00,M
LNK,2025-01-19 03:54,3.00,-6.00,65.35,11.50,M,M
LNK,2025-01-19 04:54,2.00,-9.00,59.15,12.65,M,M
LNK,2025-01-19 05:54,1.00,-11.00,56.15,13.80,M,M
LNK,2025-01-19 06:54,0.00,-11.00,58.84,8.05,M,M
LNK,2025-01-19 07:54,-1.00,-11.00,61.67,6.90,M,M
LNK,2025-01-19 08:54,1.00,-10.00,58.99,9.20,M,M
LNK,2025-01-19 09:54,4.00,-10.00,51.33,16.10,2800.00,M
LNK,2025-01-19 10:54,6.00,-10.00,46.84,14.95,M,M
LNK,2025-01-19 11:54,7.00,-9.00,47.02,13.80,M,M
LNK,2025-01-19 12:54,11.00,-8.00,41.26,6.90,M,M
LNK,2025-01-19 13:54,13.00,-9.00,35.96,6.90,M,M
LNK,2025-01-19 14:54,14.00,-9.00,34.41,12.65,M,M
LNK,2025-01-19 15:54,13.00,-9.00,35.96,5.75,M,M
LNK,2025-01-19 16:54,13.00,-10.00,34.23,8.05,M,M
LNK,2025-01-19 17:54,11.00,-10.00,37.40,4.60,M,M
LNK,2025-01-19 18:54,9.00,-10.00,40.90,3.45,M,M
LNK,2025-01-19 19:54,1.00,-11.00,56.15,3.45,M,M
LNK,2025-01-19 20:54,-1.00,-11.00,61.67,0.00,M,M
LNK,2025-01-19 21:54,-4.00,-12.00,67.67,4.60,M,M
LNK,2025-01-19 22:54,-3.00,-11.00,67.80,3.45,M,M
LNK,2025-01-19 23:54,-4.00,-12.00,67.67,8.05,M,M
LNK,2025-01-20 00:54,-4.00,-11.00,71.11,3.45,M,M
LNK,2025-01-20 01:54,-5.00,-12.00,70.99,3.45,M,M
LNK,2025-01-20 02:54,-4.00,-11.00,71.11,0.00,M,M
LNK,2025-01-20 03:54,-4.00,-12.00,67.67,0.00,M,M
LNK,2025-01-20 04:54,-4.00,-12.00,67.67,0.00,M,M
LNK,2025-01-20 05:54,-2.00,-11.00,64.65,4.60,M,M
LNK,2025-01-20 06:54,0.00,-10.00,61.82,9.20,M,M
LNK,2025-01-20 07:54,2.00,-9.00,59.15,11.50,M,M
LNK,2025-01-20 08:54,3.00,-8.00,59.30,13.80,M,M
LNK,2025-01-20 09:54,6.00,-8.00,51.67,14.95,M,M
LNK,2025-01-20 10:54,8.00,-9.00,44.94,17.25,M,M
LNK,2025-01-20 11:54,10.00,-9.00,41.08,20.70,3900.00,M
LNK,2025-01-20 12:54,10.00,-10.00,39.11,18.40,4100.00,33.35
LNK,2025-01-20 13:54,10.00,-11.00,37.22,13.80,4700.00,31.05
LNK,2025-01-20 14:54,9.00,-11.00,38.93,20.70,4900.00,29.90
LNK,2025-01-20 15:54,6.00,-15.00,36.49,23.00,4800.00,35.65
LNK,2025-01-20 16:54,4.00,-18.00,34.32,19.55,M,34.50
LNK,2025-01-20 17:54,2.00,-16.00,41.70,17.25,M,31.05
LNK,2025-01-20 18:54,-1.00,-17.00,45.60,14.95,M,M
LNK,2025-01-20 19:54,-2.00,-17.00,47.80,12.65,M,M
LNK,2025-01-20 20:54,-4.00,-19.00,47.45,10.35,M,M
LNK,2025-01-20 21:54,-6.00,-19.00,52.24,5.75,M,M
LNK,2025-01-20 22:54,-6.00,-19.00,52.24,3.45,M,M
LNK,2025-01-20 23:54,-7.00,-19.00,54.83,4.60,M,M
LNK,2025-01-21 00:54,-8.00,-19.00,57.56,5.75,M,M
LNK,2025-01-21 01:54,-9.00,-19.00,60.45,4.60,M,M
LNK,2025-01-21 02:54,-9.00,-19.00,60.45,0.00,M,M
LNK,2025-01-21 03:54,-9.00,-19.00,60.45,3.45,M,M
LNK,2025-01-21 04:54,-8.00,-18.00,60.61,3.45,M,M
LNK,2025-01-21 05:54,-10.00,-20.00,60.30,4.60,M,M
LNK,2025-01-21 06:54,-9.00,-18.00,63.65,4.60,M,M
LNK,2025-01-21 07:54,-9.00,-18.00,63.65,3.45,M,M
LNK,2025-01-21 08:54,-3.00,-12.00,64.51,9.20,M,M
LNK,2025-01-21 09:54,4.00,-10.00,51.33,13.80,M,M
LNK,2025-01-21 10:54,9.00,-8.00,45.12,18.40,M,M
LNK,2025-01-21 11:54,14.00,-8.00,36.14,17.25,M,M
LNK,2025-01-21 12:54,18.00,-7.00,31.89,18.40,M,31.05
LNK,2025-01-21 13:54,20.00,-5.00,32.25,24.15,M,32.20
LNK,2025-01-21 14:54,21.00,-3.00,34.01,19.55,M,32.20
LNK,2025-01-21 15:54,20.00,-1.00,39.01,20.70,M,32.20
LNK,2025-01-21 16:54,19.00,1.00,44.72,17.25,12000.00,33.35
LNK,2025-01-21 17:54,17.00,2.00,51.06,19.55,12000.00,32.20
LNK,2025-01-21 18:54,17.00,3.00,53.48,17.25,M,32.20
LNK,2025-01-21 19:54,18.00,5.00,56.16,17.25,12000.00,29.90
LNK,2025-01-21 20:54,20.00,6.00,53.96,14.95,10000.00,31.05
LNK,2025-01-21 21:54,22.00,8.00,54.28,19.55,8500.00,M
LNK,2025-01-21 22:54,23.00,10.00,56.93,17.25,6500.00,31.05
LNK,2025-01-21 23:54,24.00,11.00,57.08,8.05,8500.00,M
LNK,2025-01-22 00:54,24.00,12.00,59.67,10.35,M,M
LNK,2025-01-22 01:54,24.00,13.00,62.36,9.20,M,M
LNK,2025-01-22 02:54,22.00,13.00,67.83,9.20,M,M
LNK,2025-01-22 03:54,19.00,12.00,73.73,6.90,M,M
LNK,2025-01-22 04:54,20.00,13.00,73.84,5.75,M,M
LNK,2025-01-22 05:54,24.00,16.00,71.11,3.45,12000.00,M
LNK,2025-01-22 06:54,25.00,16.00,68.20,0.00,10000.00,M
LNK,2025-01-22 07:54,30.00,17.00,57.98,11.50,11000.00,M
LNK,2025-01-22 08:54,31.00,19.00,60.67,11.50,M,M
LNK,2025-01-22 09:54,33.00,21.00,60.95,11.50,4200.00,M
LNK,2025-01-22 10:54,37.00,22.00,54.23,18.40,4600.00,M
LNK,2025-01-22 11:54,38.00,20.00,47.90,19.55,4100.00,33.35
LNK,2025-01-22 12:54,39.00,20.00,46.06,20.70,4700.00,35.65
LNK,2025-01-22 13:54,38.00,21.00,49.98,18.40,4600.00,32.20
LNK,2025-01-22 14:54,39.00,20.00,46.06,16.10,4500.00,33.35
LNK,2025-01-22 15:54,37.00,23.00,56.57,16.10,7000.00,35.65
LNK,2025-01-22 16:54,36.00,21.00,54.08,12.65,6500.00,M
LNK,2025-01-22 17:54,33.00,23.00,66.32,6.90,6500.00,M
LNK,2025-01-22 18:54,33.00,23.00,66.32,3.45,6500.00,M
LNK,2025-01-22 19:54,34.00,20.00,56.12,10.35,7000.00,M
LNK,2025-01-22 20:54,33.00,23.00,66.32,10.35,7000.00,M
LNK,2025-01-22 21:54,32.00,23.00,69.04,11.50,7500.00,M
LNK,2025-01-22 22:54,32.00,23.00,69.04,21.85,2700.00,33.35
LNK,2025-01-22 23:01,31.00,22.00,68.92,25.30,2700.00,32.20
LNK,2025-01-22 23:54,27.00,17.00,65.56,23.00,2100.00,33.35
LNK,2025-01-23 00:54,22.00,10.00,59.38,21.85,2800.00,34.50
LNK,2025-01-23 01:11,21.00,9.00,59.23,24.15,2900.00,35.65
LNK,2025-01-23 01:27,20.00,7.00,56.47,21.85,2900.00,35.65
LNK,2025-01-23 01:54,19.00,6.00,56.32,21.85,7000.00,35.65
LNK,2025-01-23 02:10,19.00,6.00,56.32,21.85,2700.00,M
LNK,2025-01-23 02:35,19.00,6.00,56.32,20.70,3000.00,32.20
LNK,2025-01-23 02:54,19.00,6.00,56.32,19.55,3200.00,32.20
LNK,2025-01-23 03:54,16.00,5.00,61.23,16.10,3200.00,31.05
LNK,2025-01-23 04:54,14.00,5.00,66.82,14.95,M,M
LNK,2025-01-23 05:54,12.00,4.00,69.70,8.05,M,M
LNK,2025-01-23 06:54,14.00,3.00,60.94,12.65,3500.00,M
LNK,2025-01-23 07:54,14.00,3.00,60.94,9.20,3500.00,M
LNK,2025-01-23 08:54,15.00,4.00,61.09,8.05,3600.00,M
LNK,2025-01-23 09:54,17.00,5.00,58.64,11.50,3400.00,M
LNK,2025-01-23 10:54,20.00,5.00,51.55,14.95,3600.00,M
LNK,2025-01-23 11:54,21.00,5.00,49.41,14.95,3100.00,M
LNK,2025-01-23 12:54,22.00,6.00,49.57,13.80,3300.00,M
LNK,2025-01-23 13:54,24.00,5.00,43.54,13.80,M,M
LNK,2025-01-23 14:54,25.00,5.00,41.76,6.90,M,M
LNK,2025-01-23 15:54,26.00,4.00,38.27,10.35,M,M
LNK,2025-01-23 16:54,25.00,3.00,38.09,4.60,M,M
LNK,2025-01-23 17:54,22.00,3.00,43.20,0.00,M,M
LNK,2025-01-23 18:54,18.00,4.00,53.64,4.60,M,M
LNK,2025-01-23 19:54,19.00,5.00,53.80,0.00,4100.00,M
LNK,2025-01-23 20:54,16.00,6.00,64.09,4.60,4000.00,M
LNK,2025-01-23 21:54,15.00,5.00,63.96,6.90,3800.00,M
LNK,2025-01-23 22:54,15.00,4.00,61.09,5.75,3600.00,M
LNK,2025-01-23 23:54,12.00,2.00,63.54,5.75,M,M
LNK,2025-01-24 00:54,12.00,3.00,66.56,4.60,M,M
LNK,2025-01-24 01:54,11.00,4.00,72.86,3.45,M,M
LNK,2025-01-24 02:54,11.00,5.00,76.28,5.75,M,M
LNK,2025-01-24 03:54,9.00,4.00,79.67,5.75,M,M
LNK,2025-01-24 04:54,14.00,8.00,76.58,6.90,M,M
LNK,2025-01-24 05:54,17.00,11.00,76.87,8.05,M,M
LNK,2025-01-24 06:54,19.00,11.00,70.53,8.05,M,M
LNK,2025-01-24 07:54,21.00,13.00,70.76,12.65,12000.00,M
LNK,2025-01-24 08:54,22.00,14.00,70.88,12.65,10000.00,M
LNK,2025-01-24 09:54,25.00,14.00,62.50,18.40,11000.00,M
LNK,2025-01-24 10:54,31.00,16.00,53.31,18.40,M,M
LNK,2025-01-24 11:54,37.00,15.00,40.16,14.95,M,M
LNK,2025-01-24 12:54,41.00,16.00,35.88,14.95,M,M
LNK,2025-01-24 13:54,45.00,17.00,32.14,13.80,M,M
LNK,2025-01-24 14:54,47.00,19.00,32.47,11.50,M,M
LNK,2025-01-24 15:54,48.00,23.00,37.06,14.95,M,M
LNK,2025-01-24 16:54,46.00,24.00,41.67,13.80,M,M
LNK,2025-01-24 17:54,41.00,25.00,52.61,9.20,M,M
LNK,2025-01-24 18:54,33.00,22.00,63.59,5.75,M,M
LNK,2025-01-24 19:54,35.00,24.00,63.85,5.75,12000.00,M
LNK,2025-01-24 20:54,32.00,23.00,69.04,5.75,10000.00,M
LNK,2025-01-24 21:54,32.00,23.00,69.04,0.00,8000.00,M
LNK,2025-01-24 22:54,32.00,24.00,72.00,0.00,6500.00,M
LNK,2025-01-24 23:54,35.00,24.00,63.85,4.60,5000.00,M
LNK,2025-01-25 00:54,36.00,27.00,69.51,8.05,6000.00,M
LNK,2025-01-25 01:54,33.00,27.00,78.34,5.75,7000.00,M
LNK,2025-01-25 02:54,30.00,25.00,81.40,4.60,8500.00,M
LNK,2025-01-25 03:54,28.00,24.00,84.72,5.75,8000.00,M
LNK,2025-01-25 04:54,31.00,23.00,71.89,4.60,8000.00,M
LNK,2025-01-25 05:54,23.00,18.00,80.85,5.75,M,M
LNK,2025-01-25 06:54,22.00,16.00,77.34,3.45,M,M
LNK,2025-01-25 07:54,21.00,15.00,77.25,0.00,M,M
LNK,2025-01-25 08:54,26.00,18.00,71.33,4.60,M,M
LNK,2025-01-25 09:54,35.00,20.00,53.93,6.90,M,M
LNK,2025-01-25 10:54,39.00,18.00,42.28,18.40,M,M
LNK,2025-01-25 11:54,40.00,15.00,35.71,19.55,M,M
LNK,2025-01-25 12:54,40.00,15.00,35.71,17.25,M,31.05
LNK,2025-01-25 13:54,40.00,14.00,34.18,16.10,M,31.05
LNK,2025-01-25 14:54,39.00,13.00,34.01,16.10,M,29.90
LNK,2025-01-25 15:54,37.00,11.00,33.67,19.55,M,29.90
LNK,2025-01-25 16:54,35.00,12.00,38.10,12.65,11000.00,M
LNK,2025-01-25 17:54,31.00,8.00,37.41,13.80,12000.00,M
LNK,2025-01-25 18:54,30.00,8.00,38.96,11.50,M,M
LNK,2025-01-25 19:54,28.00,9.00,44.23,8.05,M,M
LNK,2025-01-25 20:54,24.00,9.00,52.20,5.75,M,M
LNK,2025-01-25 21:54,26.00,10.00,50.23,8.05,M,M
LNK,2025-01-25 22:54,26.00,10.00,50.23,8.05,M,M
LNK,2025-01-25 23:54,25.00,10.00,52.36,5.75,M,M
LNK,2025-01-26 00:54,23.00,10.00,56.93,6.90,M,M
LNK,2025-01-26 01:54,22.00,10.00,59.38,5.75,M,M
LNK,2025-01-26 02:54,21.00,10.00,61.95,4.60,M,M
LNK,2025-01-26 03:54,20.00,10.00,64.64,3.45,M,M
LNK,2025-01-26 04:54,20.00,10.00,64.64,0.00,M,M
LNK,2025-01-26 05:54,19.00,10.00,67.46,4.60,M,M
LNK,2025-01-26 06:54,16.00,8.00,70.18,3.45,M,M
LNK,2025-01-26 07:54,17.00,9.00,70.30,0.00,M,M
LNK,2025-01-26 08:54,18.00,10.00,70.41,0.00,M,M
LNK,2025-01-26 09:54,21.00,12.00,67.71,0.00,M,M
LNK,2025-01-26 10:54,26.00,12.00,54.90,0.00,M,M
LNK,2025-01-26 11:54,31.00,7.00,35.76,5.75,M,M
LNK,2025-01-26 12:54,33.00,5.00,30.11,6.90,9500.00,M
LNK,2025-01-26 13:54,36.00,5.00,26.72,8.05,M,M
LNK,2025-01-26 14:54,36.00,6.00,27.97,8.05,M,M
LNK,2025-01-26 15:54,37.00,8.00,29.44,10.35,M,M
LNK,2025-01-26 16:54,37.00,8.00,29.44,9.20,M,M
LNK,2025-01-26 17:54,33.00,9.00,36.10,4.60,M,M
LNK,2025-01-26 18:54,26.00,7.00,43.89,0.00,M,M
LNK,2025-01-26 19:54,26.00,8.00,45.92,4.60,M,M
LNK,2025-01-26 20:54,25.00,8.00,47.86,4.60,M,M
LNK,2025-01-26 21:54,23.00,8.00,52.04,3.45,M,M
LNK,2025-01-26 22:54,24.00,11.00,57.08,5.75,M,M
LNK,2025-01-26 23:54,21.00,10.00,61.95,0.00,M,M
LNK,2025-01-27 00:54,19.00,10.00,67.46,0.00,M,M
LNK,2025-01-27 01:54,21.00,12.00,67.71,9.20,M,M
LNK,2025-01-27 02:54,20.00,11.00,67.58,5.75,M,M
LNK,2025-01-27 03:54,17.00,9.00,70.30,4.60,M,M
LNK,2025-01-27 04:54,19.00,10.00,67.46,5.75,M,M
LNK,2025-01-27 05:54,21.00,12.00,67.71,5.75,M,M
LNK,2025-01-27 06:54,19.00,11.00,70.53,6.90,M,M
LNK,2025-01-27 07:54,19.00,11.00,70.53,6.90,M,M
LNK,2025-01-27 08:54,23.00,13.00,65.03,11.50,M,M
LNK,2025-01-27 09:54,31.00,15.00,51.04,12.65,M,M
LNK,2025-01-27 10:54,38.00,16.00,40.33,20.70,M,M
LNK,2025-01-27 11:54,45.00,18.00,33.55,21.85,M,33.35
LNK,2025-01-27 12:54,49.00,15.00,25.34,20.70,M,31.05
LNK,2025-01-27 13:54,53.00,14.00,20.92,20.70,M,31.05
LNK,2025-01-27 14:54,55.00,11.00,17.03,18.40,M,33.35
LNK,2025-01-27 15:54,56.00,10.00,15.71,14.95,M,32.20
LNK,2025-01-27 16:54,55.00,10.00,16.29,11.50,M,M
LNK,2025-01-27 17:54,50.00,11.00,20.47,6.90,M,M
LNK,2025-01-27 18:54,45.00,11.00,24.70,4.60,M,M
LNK,2025-01-27 19:54,42.00,12.00,28.97,0.00,M,M
LNK,2025-01-27 20:54,36.00,12.00,36.62,0.00,M,M
LNK,2025-01-27 21:54,32.00,13.00,44.90,0.00,M,M
LNK,2025-01-27 22:54,30.00,12.00,46.59,0.00,M,M
LNK,2025-01-27 23:54,29.00,12.00,48.53,3.45,M,M
LNK,2025-01-28 00:54,24.00,12.00,59.67,0.00,M,M
LNK,2025-01-28 01:54,22.00,14.00,70.88,5.75,M,M
LNK,2025-01-28 02:54,20.00,13.00,73.84,6.90,M,M
LNK,2025-01-28 03:54,24.00,16.00,71.11,6.90,M,M
LNK,2025-01-28 04:54,21.00,15.00,77.25,0.00,M,M
LNK,2025-01-28 05:54,25.00,17.00,71.22,0.00,M,M
LNK,2025-01-28 06:54,27.00,20.00,74.57,5.75,M,M
LNK,2025-01-28 07:54,26.00,19.00,74.46,4.60,M,M
LNK,2025-01-28 08:54,29.00,21.00,71.67,6.90,M,M
LNK,2025-01-28 09:54,37.00,24.00,58.99,9.20,M,M
LNK,2025-01-28 10:54,45.00,25.00,45.12,17.25,M,M
LNK,2025-01-28 11:54,51.00,25.00,36.03,16.10,M,M
LNK,2025-01-28 12:54,55.00,24.00,29.83,18.40,M,M
LNK,2025-01-28 13:54,58.00,24.00,26.77,21.85,M,29.90
LNK,2025-01-28 14:54,59.00,22.00,23.74,20.70,M,34.50
LNK,2025-01-28 15:54,60.00,23.00,23.90,17.25,M,M
LNK,2025-01-28 16:54,59.00,21.00,22.76,12.65,M,M
LNK,2025-01-28 17:54,52.00,19.00,26.95,6.90,M,M
LNK,2025-01-28 18:54,47.00,19.00,32.47,10.35,M,M
LNK,2025-01-28 19:54,46.00,18.00,32.30,8.05,M,M
LNK,2025-01-28 20:54,34.00,16.00,47.25,0.00,M,M
LNK,2025-01-28 21:54,38.00,18.00,43.97,4.60,M,M
LNK,2025-01-28 22:54,41.00,21.00,44.47,8.05,M,M
LNK,2025-01-28 23:54,40.00,21.00,46.23,4.60,M,M
LNK,2025-01-29 00:54,37.00,21.00,51.99,5.75,M,M
LNK,2025-01-29 01:54,28.00,17.00,62.91,0.00,M,M
LNK,2025-01-29 02:54,34.00,21.00,58.56,4.60,M,M
LNK,2025-01-29 03:54,32.00,20.00,60.81,6.90,M,M
LNK,2025-01-29 04:54,30.00,19.00,63.18,3.45,M,M
LNK,2025-01-29 05:54,25.00,17.00,71.22,4.60,M,M
LNK,2025-01-29 06:54,23.00,16.00,74.15,0.00,M,M
LNK,2025-01-29 07:54,23.00,16.00,74.15,0.00,M,M
LNK,2025-01-29 08:54,29.00,22.00,74.77,0.00,M,M
LNK,2025-01-29 09:54,38.00,24.00,56.71,3.45,M,M
LNK,2025-01-29 10:54,47.00,25.00,41.83,0.00,M,M
LNK,2025-01-29 11:54,52.00,25.00,34.72,4.60,M,M
LNK,2025-01-29 12:54,56.00,23.00,27.59,6.90,M,M
LNK,2025-01-29 13:54,57.00,21.00,24.45,4.60,M,M
LNK,2025-01-29 14:54,59.00,20.00,21.81,6.90,M,M
LNK,2025-01-29 15:54,59.00,20.00,21.81,6.90,M,M
LNK,2025-01-29 16:54,56.00,20.00,24.30,5.75,M,M
LNK,2025-01-29 17:54,46.00,19.00,33.72,11.50,M,M
LNK,2025-01-29 18:54,39.00,21.00,48.06,6.90,M,M
LNK,2025-01-29 19:54,42.00,22.00,44.63,4.60,M,M
LNK,2025-01-29 20:54,36.00,21.00,54.08,4.60,M,M
LNK,2025-01-29 21:54,34.00,20.00,56.12,0.00,M,M
LNK,2025-01-29 22:54,29.00,18.00,63.05,0.00,M,M
LNK,2025-01-29 23:54,29.00,18.00,63.05,0.00,M,M
LNK,2025-01-30 00:54,23.00,16.00,74.15,0.00,M,M
LNK,2025-01-30 01:54,28.00,20.00,71.56,3.45,9000.00,M
LNK,2025-01-30 02:54,30.00,23.00,74.87,0.00,5000.00,M
LNK,2025-01-30 03:54,33.00,27.00,78.34,0.00,4400.00,M
LNK,2025-01-30 04:54,33.00,29.00,85.04,0.00,3800.00,M
LNK,2025-01-30 05:54,32.00,27.00,81.55,6.90,8000.00,M
LNK,2025-01-30 06:27,33.00,28.00,81.63,0.00,1500.00,M
LNK,2025-01-30 06:36,33.00,28.00,81.63,0.00,1400.00,M
LNK,2025-01-30 06:54,34.00,30.00,85.11,0.00,1000.00,M
LNK,2025-01-30 07:02,34.00,29.00,81.71,3.45,800.00,M
LNK,2025-01-30 07:54,34.00,29.00,81.71,0.00,700.00,M
LNK,2025-01-30 08:54,37.00,31.00,78.69,4.60,500.00,M
LNK,2025-01-30 09:54,37.00,30.00,75.56,5.75,500.00,M
LNK,2025-01-30 10:54,40.00,34.00,78.94,0.00,500.00,M
LNK,2025-01-30 11:03,40.00,35.00,82.15,0.00,400.00,M
LNK,2025-01-30 11:33,43.00,37.00,79.19,0.00,500.00,M
LNK,2025-01-30 11:41,43.00,37.00,79.19,0.00,500.00,M
LNK,2025-01-30 11:54,44.00,38.00,79.27,3.45,500.00,M
LNK,2025-01-30 11:55,44.00,38.00,79.27,3.45,500.00,M
LNK,2025-01-30 12:54,46.00,39.00,76.40,4.60,500.00,M
LNK,2025-01-30 13:01,46.00,39.00,76.40,6.90,1300.00,M
LNK,2025-01-30 13:14,46.00,39.00,76.40,5.75,1700.00,M
LNK,2025-01-30 13:31,48.00,40.00,73.67,3.45,1900.00,M
LNK,2025-01-30 13:54,48.00,40.00,73.67,5.75,1800.00,M
LNK,2025-01-30 14:10,48.00,40.00,73.67,8.05,2000.00,M
LNK,2025-01-30 14:35,48.00,39.00,70.85,6.90,1200.00,M
LNK,2025-01-30 14:54,48.00,39.00,70.85,6.90,1400.00,M
LNK,2025-01-30 15:14,47.00,40.00,76.49,8.05,1500.00,M
LNK,2025-01-30 15:32,47.00,40.00,76.49,8.05,1400.00,M
LNK,2025-01-30 15:54,47.00,41.00,79.52,8.05,1600.00,M
LNK,2025-01-30 16:33,47.00,40.00,76.49,5.75,2000.00,M
LNK,2025-01-30 16:54,47.00,40.00,76.49,8.05,1500.00,M
LNK,2025-01-30 17:54,45.00,40.00,82.51,5.75,2300.00,M
LNK,2025-01-30 18:54,46.00,41.00,82.58,3.45,2300.00,M
LNK,2025-01-30 19:54,45.00,40.00,82.51,5.75,1800.00,M
LNK,2025-01-30 20:05,45.00,40.00,82.51,0.00,2000.00,M
LNK,2025-01-30 20:54,45.00,40.00,82.51,5.75,3000.00,M
LNK,2025-01-30 21:54,45.00,40.00,82.51,3.45,3500.00,M
LNK,2025-01-30 22:54,43.00,39.00,85.66,0.00,3900.00,M
LNK,2025-01-30 23:54,45.00,39.00,79.36,8.05,3900.00,M
LNK,2025-01-31 00:54,45.00,30.00,55.43,11.50,4100.00,M
LNK,2025-01-31 01:54,44.00,26.00,48.86,14.95,5500.00,M
LNK,2025-01-31 02:54,42.00,26.00,52.76,11.50,6000.00,M
LNK,2025-01-31 03:54,40.00,25.00,54.69,18.40,7000.00,M
LNK,2025-01-31 04:54,36.00,24.00,61.37,18.40,M,M
LNK,2025-01-31 05:54,34.00,25.00,69.28,14.95,M,M
LNK,2025-01-31 06:54,34.00,25.00,69.28,14.95,M,M
LNK,2025-01-31 07:54,33.00,26.00,75.17,13.80,M,M
LNK,2025-01-31 08:54,35.00,26.00,69.39,14.95,M,M
LNK,2025-01-31 09:54,38.00,27.00,64.24,19.55,M,M
LNK,2025-01-31 10:54,42.00,27.00,54.99,19.55,M,M
LNK,2025-01-31 11:54,47.00,28.00,47.36,20.70,M,32.20
LNK,2025-01-31 12:54,52.00,28.00,39.30,21.85,M,29.90
LNK,2025-01-31 13:54,52.00,27.00,37.72,19.55,M,31.05
LNK,2025-01-31 14:54,53.00,24.00,32.10,18.40,M,M
LNK,2025-01-31 15:54,52.00,24.00,33.30,16.10,M,M
LNK,2025-01-31 16:54,51.00,23.00,33.13,11.50,M,M
LNK,2025-01-31 17:54,40.00,21.00,46.23,5.75,M,M
LNK,2025-01-31 18:54,32.00,19.00,58.27,3.45,M,M
LNK,2025-01-31 19:54,30.00,18.00,60.53,4.60,M,M
LNK,2025-01-31 20:54,29.00,17.00,60.39,0.00,M,M
LNK,2025-01-31 21:54,29.00,19.00,65.81,3.45,M,M
LNK,2025-01-31 22:54,23.00,16.00,74.15,0.00,M,M
LNK,2025-01-31 23:54,20.00,13.00,73.84,3.45,M,M
LNK,2025-02-01 00:54,25.00,16.00,68.20,0.00,M,M
LNK,2025-02-01 01:54,28.00,19.00,68.57,0.00,M,M
LNK,2025-02-01 02:54,23.00,16.00,74.15,3.45,M,M
LNK,2025-02-01 03:54,34.00,25.00,69.28,11.50,M,M
LNK,2025-02-01 04:54,36.00,25.00,63.98,12.65,M,M
LNK,2025-02-01 05:54,35.00,25.00,66.57,12.65,M,M
LNK,2025-02-01 06:54,37.00,29.00,72.54,17.25,M,M
LNK,2025-02-01 07:54,38.00,31.00,75.65,19.55,M,M
LNK,2025-02-01 08:54,39.00,29.00,67.06,17.25,M,31.05
LNK,2025-02-01 09:54,42.00,32.00,67.42,13.80,M,M
LNK,2025-02-01 10:54,44.00,33.00,65.01,19.55,M,29.90
LNK,2025-02-01 11:54,43.00,33.00,67.54,19.55,2200.00,33.35
LNK,2025-02-01 12:08,43.00,33.00,67.54,16.10,2200.00,M
LNK,2025-02-01 12:54,44.00,34.00,67.66,18.40,2100.00,M
LNK,2025-02-01 13:54,43.00,34.00,70.30,14.95,2200.00,M
LNK,2025-02-01 14:54,46.00,35.00,65.26,17.25,2500.00,M
LNK,2025-02-01 15:25,46.00,35.00,65.26,13.80,2600.00,M
LNK,2025-02-01 15:54,46.00,35.00,65.26,13.80,2600.00,M
LNK,2025-02-01 16:54,45.00,36.00,70.53,10.35,M,M
LNK,2025-02-01 17:54,43.00,35.00,73.16,8.05,M,M
LNK,2025-02-01 18:54,42.00,35.00,76.03,8.05,M,M
LNK,2025-02-01 19:54,41.00,35.00,79.02,6.90,M,M
LNK,2025-02-01 20:54,40.00,35.00,82.15,5.75,M,M
LNK,2025-02-01 21:54,40.00,35.00,82.15,5.75,M,M
LNK,2025-02-01 22:54,38.00,34.00,85.35,3.45,M,M
LNK,2025-02-01 23:54,39.00,35.00,85.42,0.00,M,M
LNK,2025-02-02 00:54,38.00,33.00,82.00,5.75,M,M
LNK,2025-02-02 01:54,37.00,33.00,85.29,3.45,M,M
LNK,2025-02-02 02:54,35.00,32.00,88.68,4.60,11000.00,M
LNK,2025-02-02 03:54,36.00,31.00,81.86,0.00,M,M
LNK,2025-02-02 04:54,33.00,28.00,81.63,3.45,M,M
LNK,2025-02-02 05:54,31.00,27.00,84.92,0.00,M,M
LNK,2025-02-02 06:54,30.00,26.00,84.85,5.75,M,M
LNK,2025-02-02 07:54,27.00,23.00,84.66,3.45,M,M
LNK,2025-02-02 08:54,37.00,30.00,75.56,0.00,M,M
LNK,2025-02-02 09:54,47.00,32.00,55.73,0.00,M,M
LNK,2025-02-02 10:54,53.00,32.00,44.58,6.90,M,M
LNK,2025-02-02 11:54,57.00,33.00,40.12,5.75,M,M
LNK,2025-02-02 12:54,59.00,33.00,37.34,6.90,M,M
LNK,2025-02-02 13:54,61.00,33.00,34.77,5.75,M,M
LNK,2025-02-02 14:54,61.00,33.00,34.77,8.05,M,M
LNK,2025-02-02 15:54,62.00,34.00,34.93,4.60,M,M
LNK,2025-02-02 16:54,59.00,35.00,40.45,3.45,M,M
LNK,2025-02-02 17:54,56.00,33.00,41.60,4.60,M,M
LNK,2025-02-02 18:54,50.00,32.00,49.81,4.60,M,M
LNK,2025-02-02 19:54,50.00,34.00,53.97,0.00,M,M
LNK,2025-02-02 20:54,49.00,34.00,56.02,3.45,M,M
LNK,2025-02-02 21:54,39.00,29.00,67.06,0.00,M,M
LNK,2025-02-02 22:54,34.00,28.00,78.43,6.90,M,M
LNK,2025-02-02 23:54,40.00,33.00,75.84,0.00,M,M
LNK,2025-02-03 00:54,36.00,29.00,75.46,0.00,M,M
LNK,2025-02-03 01:54,37.00,30.00,75.56,0.00,M,M
LNK,2025-02-03 02:54,35.00,28.00,75.36,0.00,M,M
LNK,2025-02-03 03:54,36.00,32.00,85.23,3.45,M,M
LNK,2025-02-03 04:54,31.00,25.00,78.16,0.00,M,M
LNK,2025-02-03 05:54,32.00,26.00,78.25,3.45,M,M
LNK,2025-02-03 06:54,28.00,24.00,84.72,3.45,M,M
LNK,2025-02-03 07:54,36.00,31.00,81.86,12.65,M,M
LNK,2025-02-03 08:54,35.00,27.00,72.32,16.10,M,29.90
LNK,2025-02-03 09:54,36.00,25.00,63.98,20.70,M,M
LNK,2025-02-03 10:54,38.00,25.00,59.13,21.85,1900.00,33.35
LNK,2025-02-03 11:03,37.00,25.00,61.50,25.30,1800.00,33.35
LNK,2025-02-03 11:42,37.00,25.00,61.50,21.85,1900.00,34.50
LNK,2025-02-03 11:54,37.00,25.00,61.50,21.85,2000.00,34.50
LNK,2025-02-03 12:54,36.00,24.00,61.37,23.00,2100.00,32.20
LNK,2025-02-03 13:54,35.00,23.00,61.23,20.70,2300.00,33.35
LNK,2025-02-03 14:19,35.00,22.00,58.70,20.70,2400.00,32.20
LNK,2025-02-03 14:54,33.00,21.00,60.95,24.15,2400.00,34.50
LNK,2025-02-03 15:54,31.00,18.00,58.12,27.60,2300.00,34.50
LNK,2025-02-03 16:54,27.00,17.00,65.56,24.15,2000.00,33.35
LNK,2025-02-03 17:24,25.00,17.00,71.22,17.25,1800.00,35.65
LNK,2025-02-03 17:54,24.00,16.00,71.11,19.55,1600.00,35.65
LNK,2025-02-03 18:43,22.00,15.00,74.05,21.85,1300.00,31.05
LNK,2025-02-03 18:54,22.00,14.00,70.88,23.00,1300.00,31.05
LNK,2025-02-03 19:54,21.00,14.00,73.94,19.55,1400.00,29.90
LNK,2025-02-03 20:54,20.00,14.00,77.16,17.25,1200.00,29.90
LNK,2025-02-03 21:54,20.00,13.00,73.84,20.70,1200.00,M
LNK,2025-02-03 22:54,19.00,12.00,73.73,18.40,1400.00,M
LNK,2025-02-03 23:07,19.00,12.00,73.73,19.55,1500.00,M
LNK,2025-02-03 23:54,18.00,11.00,73.62,17.25,1800.00,M
LNK,2025-02-04 00:04,18.00,11.00,73.62,21.85,2000.00,M
LNK,2025-02-04 00:54,17.00,9.00,70.30,21.85,2300.00,M
LNK,2025-02-04 01:54,15.00,7.00,70.06,17.25,2700.00,M
LNK,2025-02-04 02:54,15.00,7.00,70.06,13.80,M,M
LNK,2025-02-04 03:54,14.00,6.00,69.94,13.80,M,M
LNK,2025-02-04 04:54,13.00,5.00,69.82,17.25,M,M
LNK,2025-02-04 05:54,12.00,4.00,69.70,10.35,M,M
LNK,2025-02-04 06:54,12.00,3.00,66.56,12.65,M,M
LNK,2025-02-04 07:54,11.00,3.00,69.58,11.50,M,M
LNK,2025-02-04 08:54,12.00,0.00,57.88,14.95,M,M
LNK,2025-02-04 09:54,15.00,0.00,50.73,16.10,M,M
LNK,2025-02-04 10:54,16.00,0.00,48.57,13.80,M,M
LNK,2025-02-04 11:54,18.00,0.00,44.55,13.80,M,M
LNK,2025-02-04 12:54,23.00,1.00,37.74,11.50,M,M
LNK,2025-02-04 13:54,25.00,1.00,34.71,13.80,M,M
LNK,2025-02-04 14:54,26.00,1.00,33.30,16.10,M,M
LNK,2025-02-04 15:54,25.00,0.00,33.12,13.80,M,M
LNK,2025-02-04 16:54,24.00,2.00,37.92,14.95,M,M
LNK,2025-02-04 17:54,23.00,2.00,39.54,8.05,M,M
LNK,2025-02-04 18:54,21.00,3.00,45.06,9.20,M,M
LNK,2025-02-04 19:54,20.00,3.00,47.02,10.35,M,M
LNK,2025-02-04 20:54,19.00,2.00,46.85,10.35,M,M
LNK,2025-02-04 21:54,19.00,2.00,46.85,9.20,3500.00,M
LNK,2025-02-04 22:54,20.00,3.00,47.02,10.35,3400.00,M
LNK,2025-02-04 23:54,20.00,3.00,47.02,10.35,3100.00,M
LNK,2025-02-05 00:35,20.00,3.00,47.02,8.05,2900.00,M
LNK,2025-02-05 00:54,20.00,3.00,47.02,8.05,3000.00,M
LNK,2025-02-05 01:16,20.00,4.00,49.24,5.75,2900.00,M
LNK,2025-02-05 01:54,20.00,4.00,49.24,6.90,2800.00,M
LNK,2025-02-05 02:54,20.00,5.00,51.55,11.50,2300.00,M
LNK,2025-02-05 03:26,20.00,9.00,61.80,12.65,1600.00,M
LNK,2025-02-05 03:54,20.00,11.00,67.58,10.35,1700.00,M
LNK,2025-02-05 04:54,20.00,14.00,77.16,8.05,1000.00,M
LNK,2025-02-05 05:24,20.00,14.00,77.16,6.90,900.00,M
LNK,2025-02-05 05:54,20.00,14.00,77.16,4.60,1600.00,M
LNK,2025-02-05 06:32,20.00,14.00,77.16,6.90,1400.00,M
LNK,2025-02-05 06:54,20.00,14.00,77.16,5.75,1200.00,M
LNK,2025-02-05 07:33,19.00,16.00,87.87,4.60,800.00,M
LNK,2025-02-05 07:49,19.40,17.60,92.57,6.90,700.00,M
LNK,2025-02-05 07:54,20.00,16.00,84.19,8.05,700.00,M
LNK,2025-02-05 08:54,20.00,18.00,91.79,4.60,500.00,M
LNK,2025-02-05 09:18,21.00,18.00,87.97,6.90,500.00,M
LNK,2025-02-05 09:54,22.00,19.00,88.02,6.90,500.00,M
LNK,2025-02-05 10:52,21.20,19.40,92.63,5.75,500.00,M
LNK,2025-02-05 10:54,22.00,20.00,91.87,5.75,500.00,M
LNK,2025-02-05 11:25,23.00,20.00,88.08,5.75,500.00,M
LNK,2025-02-05 11:54,24.00,21.00,88.13,6.90,500.00,M
LNK,2025-02-05 12:54,24.00,22.00,91.94,5.75,500.00,M
LNK,2025-02-05 13:37,25.00,22.00,88.18,4.60,400.00,M
LNK,2025-02-05 13:54,25.00,22.00,88.18,5.75,400.00,M
LNK,2025-02-05 14:47,25.00,23.00,91.97,5.75,500.00,M
LNK,2025-02-05 14:54,25.00,23.00,91.97,4.60,400.00,M
LNK,2025-02-05 15:09,26.00,23.00,88.23,5.75,500.00,M
LNK,2025-02-05 15:36,26.00,24.00,92.01,4.60,500.00,M
LNK,2025-02-05 15:54,26.00,24.00,92.01,4.60,400.00,M
LNK,2025-02-05 16:10,26.00,24.00,92.01,6.90,500.00,M
LNK,2025-02-05 16:54,27.00,25.00,92.05,4.60,500.00,M
LNK,2025-02-05 17:16,27.00,25.00,92.05,3.45,400.00,M
LNK,2025-02-05 17:35,27.00,25.00,92.05,3.45,400.00,M
LNK,2025-02-05 17:44,27.00,26.00,95.95,3.45,500.00,M
LNK,2025-02-05 17:54,27.00,26.00,95.95,3.45,500.00,M
LNK,2025-02-05 18:11,27.00,26.00,95.95,4.60,400.00,M
LNK,2025-02-05 18:21,27.00,26.00,95.95,3.45,500.00,M
LNK,2025-02-05 18:54,28.00,26.00,92.08,5.75,500.00,M
LNK,2025-02-05 19:12,28.00,26.00,92.08,4.60,500.00,M
LNK,2025-02-05 19:35,28.00,26.00,92.08,4.60,500.00,M
LNK,2025-02-05 19:54,28.00,26.00,92.08,4.60,400.00,M
LNK,2025-02-05 20:37,28.00,26.00,92.08,5.75,500.00,M
LNK,2025-02-05 20:40,28.00,26.00,92.08,5.75,500.00,M
LNK,2025-02-05 20:54,28.00,27.00,95.97,4.60,500.00,M
LNK,2025-02-05 21:54,29.00,26.00,88.38,0.00,1500.00,M
LNK,2025-02-05 22:13,28.00,25.00,88.33,0.00,1400.00,M
LNK,2025-02-05 22:54,29.00,26.00,88.38,3.45,1200.00,M
LNK,2025-02-05 23:54,30.00,26.00,84.85,8.05,1100.00,M
LNK,2025-02-06 00:39,30.00,25.00,81.40,8.05,1500.00,M
LNK,2025-02-06 00:54,30.00,25.00,81.40,5.75,1600.00,M
LNK,2025-02-06 01:35,29.00,24.00,81.32,3.45,1600.00,M
LNK,2025-02-06 01:54,27.00,24.00,88.28,0.00,M,M
LNK,2025-02-06 02:54,25.00,23.00,91.97,3.45,M,M
LNK,2025-02-06 03:54,25.00,21.00,84.53,11.50,M,M
LNK,2025-02-06 04:54,24.00,17.00,74.26,10.35,M,M
LNK,2025-02-06 05:54,22.00,15.00,74.05,11.50,M,M
LNK,2025-02-06 06:54,20.00,13.00,73.84,10.35,M,M
LNK,2025-02-06 07:54,19.00,12.00,73.73,10.35,M,M
LNK,2025-02-06 08:54,22.00,12.00,64.90,5.75,M,M
LNK,2025-02-06 09:54,25.00,15.00,65.30,5.75,M,M
LNK,2025-02-06 10:54,29.00,17.00,60.39,3.45,M,M
LNK,2025-02-06 11:54,34.00,19.00,53.77,4.60,M,M
LNK,2025-02-06 12:54,39.00,20.00,46.06,6.90,M,M
LNK,2025-02-06 13:54,42.00,17.00,36.05,3.45,M,M
LNK,2025-02-06 14:54,47.00,12.00,23.94,8.05,M,M
LNK,2025-02-06 15:54,48.00,8.00,19.28,5.75,M,M
LNK,2025-02-06 16:54,48.00,7.00,18.43,9.20,M,M
LNK,2025-02-06 17:54,41.00,6.00,23.00,3.45,M,M
LNK,2025-02-06 18:54,34.00,6.00,30.28,0.00,M,M
LNK,2025-02-06 19:54,27.00,9.00,46.08,0.00,M,M
LNK,2025-02-06 20:54,30.00,10.00,42.62,9.20,M,M
LNK,2025-02-06 21:54,30.00,10.00,42.62,4.60,M,M
LNK,2025-02-06 22:54,27.00,10.00,48.20,4.60,M,M
LNK,2025-02-06 23:54,24.00,9.00,52.20,0.00,M,M
LNK,2025-02-07 00:54,22.00,10.00,59.38,0.00,M,M
LNK,2025-02-07 01:54,21.00,11.00,64.77,4.60,9500.00,M
LNK,2025-02-07 02:54,20.00,9.00,61.80,3.45,M,M
LNK,2025-02-07 03:54,19.00,9.00,64.50,0.00,9500.00,M
LNK,2025-02-07 04:54,16.00,8.00,70.18,8.05,M,M
LNK,2025-02-07 05:54,15.00,8.00,73.30,4.60,M,M
LNK,2025-02-07 06:54,15.00,8.00,73.30,3.45,M,M
LNK,2025-02-07 07:54,20.00,10.00,64.64,4.60,M,M
LNK,2025-02-07 08:54,26.00,14.00,59.96,8.05,M,M
LNK,2025-02-07 09:54,31.00,14.00,48.85,8.05,M,M
LNK,2025-02-07 10:54,38.00,12.00,33.84,14.95,M,M
LNK,2025-02-07 11:54,41.00,13.00,31.47,13.80,M,M
LNK,2025-02-07 12:54,43.00,12.00,27.87,16.10,6000.00,M
LNK,2025-02-07 13:54,44.00,11.00,25.66,11.50,6000.00,M
LNK,2025-02-07 14:54,44.00,11.00,25.66,12.65,6000.00,M
LNK,2025-02-07 15:54,44.00,11.00,25.66,13.80,M,M
LNK,2025-02-07 16:54,42.00,12.00,28.97,16.10,M,M
LNK,2025-02-07 17:54,38.00,13.00,35.37,13.80,M,M
LNK,2025-02-07 18:54,37.00,15.00,40.16,11.50,3100.00,M
LNK,2025-02-07 19:54,37.00,15.00,40.16,11.50,3100.00,M
LNK,2025-02-07 20:54,37.00,16.00,41.95,13.80,3100.00,M
LNK,2025-02-07 21:54,36.00,17.00,45.57,12.65,3200.00,M
LNK,2025-02-07 22:54,36.00,18.00,47.58,10.35,3000.00,M
LNK,2025-02-07 23:08,36.00,18.00,47.58,10.35,2800.00,M
LNK,2025-02-07 23:54,35.00,19.00,51.67,9.20,2800.00,M
LNK,2025-02-08 00:54,35.00,19.00,51.67,0.00,2500.00,M
LNK,2025-02-08 01:54,34.00,19.00,53.77,4.60,2300.00,M
LNK,2025-02-08 02:43,34.00,19.00,53.77,4.60,2500.00,M
LNK,2025-02-08 02:54,34.00,19.00,53.77,4.60,2400.00,M
LNK,2025-02-08 03:54,34.00,19.00,53.77,8.05,2400.00,M
LNK,2025-02-08 04:09,33.00,19.00,55.97,6.90,2600.00,M
LNK,2025-02-08 04:54,33.00,20.00,58.41,4.60,4100.00,M
LNK,2025-02-08 05:54,30.00,19.00,63.18,5.75,4500.00,M
LNK,2025-02-08 06:54,31.00,19.00,60.67,8.05,4700.00,M
LNK,2025-02-08 07:54,29.00,18.00,63.05,19.55,4500.00,31.05
LNK,2025-02-08 08:54,29.00,16.00,57.83,24.15,11000.00,32.20
LNK,2025-02-08 09:54,27.00,13.00,55.06,24.15,11000.00,35.65
LNK,2025-02-08 10:54,27.00,13.00,55.06,23.00,4500.00,37.95
LNK,2025-02-08 11:54,30.00,14.00,50.88,23.00,4400.00,33.35
LNK,2025-02-08 12:54,32.00,15.00,49.02,25.30,2700.00,39.10
LNK,2025-02-08 13:54,34.00,15.00,45.24,18.40,M,34.50
LNK,2025-02-08 14:54,34.00,14.00,43.30,20.70,M,33.35
LNK,2025-02-08 15:54,33.00,13.00,43.13,18.40,M,31.05
LNK,2025-02-08 16:54,31.00,12.00,44.73,20.70,M,M
LNK,2025-02-08 17:54,27.00,11.00,50.39,10.35,M,M
LNK,2025-02-08 18:54,23.00,11.00,59.52,13.80,M,M
LNK,2025-02-08 19:54,21.00,10.00,61.95,11.50,M,M
LNK,2025-02-08 20:54,17.00,8.00,67.20,9.20,M,M
LNK,2025-02-08 21:54,14.00,8.00,76.58,6.90,M,M
LNK,2025-02-08 22:54,11.00,6.00,79.85,9.20,M,M
LNK,2025-02-08 23:54,16.00,9.00,73.41,4.60,M,M
LNK,2025-02-09 00:54,15.00,9.00,76.68,3.45,M,M
LNK,2025-02-09 01:54,15.00,8.00,73.30,3.45,M,M
LNK,2025-02-09 02:54,11.00,6.00,79.85,3.45,M,M
LNK,2025-02-09 03:54,9.00,4.00,79.67,5.75,M,M
LNK,2025-02-09 04:54,10.00,6.00,83.49,3.45,M,M
LNK,2025-02-09 05:54,14.00,7.00,73.19,0.00,12000.00,M
LNK,2025-02-09 06:54,14.00,8.00,76.58,5.75,M,M
LNK,2025-02-09 07:54,13.00,7.00,76.48,5.75,11000.00,M
LNK,2025-02-09 08:54,16.00,9.00,73.41,3.45,M,M
LNK,2025-02-09 09:54,19.00,11.00,70.53,0.00,8000.00,M
LNK,2025-02-09 10:54,24.00,10.00,54.59,4.60,M,M
LNK,2025-02-09 11:54,28.00,10.00,46.25,4.60,M,M
LNK,2025-02-09 12:54,31.00,11.00,42.79,6.90,4000.00,M
LNK,2025-02-09 13:54,34.00,11.00,37.93,4.60,M,M
LNK,2025-02-09 14:54,36.00,12.00,36.62,3.45,M,M
LNK,2025-02-09 15:54,37.00,15.00,40.16,4.60,M,M
LNK,2025-02-09 16:54,37.00,17.00,43.80,0.00,M,M
LNK,2025-02-09 17:54,34.00,16.00,47.25,0.00,M,M
LNK,2025-02-09 18:54,28.00,15.00,57.68,3.45,M,M
LNK,2025-02-09 19:54,28.00,14.00,55.21,3.45,M,M
LNK,2025-02-09 20:54,17.00,9.00,70.30,0.00,M,M
LNK,2025-02-09 21:54,16.00,9.00,73.41,0.00,M,M
LNK,2025-02-09 22:54,14.00,8.00,76.58,0.00,M,M
LNK,2025-02-09 23:54,13.00,5.00,69.82,0.00,M,M
LNK,2025-02-10 00:54,15.00,7.00,70.06,3.45,M,M
LNK,2025-02-10 01:54,9.00,4.00,79.67,0.00,M,M
LNK,2025-02-10 02:54,9.00,3.00,76.08,5.75,M,M
LNK,2025-02-10 03:54,7.00,2.00,79.50,4.60,M,M
LNK,2025-02-10 04:54,13.00,6.00,73.08,0.00,M,M
LNK,2025-02-10 05:54,10.00,4.00,76.18,5.75,M,M
LNK,2025-02-10 06:54,14.00,9.00,80.10,4.60,11000.00,M
LNK,2025-02-10 07:54,16.00,10.00,76.77,0.00,12000.00,M
LNK,2025-02-10 08:54,19.00,13.00,77.06,3.45,11000.00,M
LNK,2025-02-10 09:54,24.00,16.00,71.11,3.45,11000.00,M
LNK,2025-02-10 10:54,28.00,16.00,60.25,4.60,6000.00,M
LNK,2025-02-10 11:54,31.00,15.00,51.04,4.60,6500.00,M
LNK,2025-02-10 12:54,35.00,14.00,41.61,10.35,7000.00,M
LNK,2025-02-10 13:54,36.00,12.00,36.62,11.50,7500.00,M
LNK,2025-02-10 14:54,37.00,12.00,35.20,10.35,9000.00,M
LNK,2025-02-10 15:54,37.00,14.00,38.44,8.05,11000.00,M
LNK,2025-02-10 16:54,36.00,13.00,38.27,9.20,6000.00,M
LNK,2025-02-10 17:54,34.00,14.00,43.30,11.50,11000.00,M
LNK,2025-02-10 18:54,32.00,14.00,46.92,6.90,6500.00,M
LNK,2025-02-10 19:54,31.00,14.00,48.85,8.05,10000.00,M
LNK,2025-02-10 20:54,27.00,14.00,57.53,19.55,10000.00,M
LNK,2025-02-10 21:54,23.00,15.00,70.99,17.25,M,M
LNK,2025-02-10 22:34,21.00,14.00,73.94,24.15,1300.00,32.20
LNK,2025-02-10 22:54,20.00,13.00,73.84,20.70,1400.00,32.20
LNK,2025-02-10 23:50,17.60,10.40,72.93,19.55,1500.00,33.35
LNK,2025-02-10 23:54,17.00,9.00,70.30,23.00,1500.00,33.35
LNK,2025-02-11 00:54,14.00,7.00,73.19,20.70,1700.00,32.20
LNK,2025-02-11 01:26,14.00,6.00,69.94,18.40,1600.00,M
LNK,2025-02-11 01:54,14.00,6.00,69.94,16.10,1300.00,29.90
LNK,2025-02-11 02:54,12.00,6.00,76.38,17.25,M,M
LNK,2025-02-11 03:16,12.00,6.00,76.38,18.40,2100.00,M
LNK,2025-02-11 03:54,12.00,5.00,72.97,19.55,1500.00,M
LNK,2025-02-11 04:16,12.00,5.00,72.97,13.80,1700.00,M
LNK,2025-02-11 04:54,12.00,5.00,72.97,18.40,1700.00,M
LNK,2025-02-11 05:47,11.00,3.00,69.58,23.00,1900.00,29.90
LNK,2025-02-11 05:54,11.00,3.00,69.58,17.25,1900.00,29.90
LNK,2025-02-11 06:47,9.00,2.00,72.64,16.10,1900.00,M
LNK,2025-02-11 06:54,9.00,2.00,72.64,18.40,1900.00,M
LNK,2025-02-11 07:54,9.00,1.00,69.33,19.55,4500.00,M
LNK,2025-02-11 08:54,9.00,0.00,66.16,17.25,4400.00,M
LNK,2025-02-11 09:54,9.00,-2.00,60.21,14.95,4500.00,M
LNK,2025-02-11 10:54,13.00,-4.00,45.82,17.25,9000.00,M
LNK,2025-02-11 11:54,15.00,-4.00,41.97,14.95,9000.00,M
LNK,2025-02-11 12:54,17.00,-4.00,38.48,17.25,3700.00,M
LNK,2025-02-11 13:54,17.00,-4.00,38.48,20.70,4000.00,M
LNK,2025-02-11 14:54,17.00,-3.00,40.36,16.10,4000.00,M
LNK,2025-02-11 15:54,16.00,-4.00,40.18,18.40,5000.00,M
LNK,2025-02-11 16:19,14.00,0.00,53.00,14.95,3500.00,M
LNK,2025-02-11 16:31,14.00,0.00,53.00,19.55,3700.00,M
LNK,2025-02-11 16:54,13.00,0.00,55.38,17.25,4800.00,M
LNK,2025-02-11 17:54,11.00,-2.00,55.06,16.10,4100.00,M
LNK,2025-02-11 18:54,11.00,-2.00,55.06,18.40,7000.00,M
LNK,2025-02-11 19:54,11.00,-3.00,52.51,16.10,7000.00,M
LNK,2025-02-11 20:54,10.00,0.00,63.26,13.80,6000.00,M
LNK,2025-02-11 21:54,10.00,1.00,66.29,10.35,5500.00,M
LNK,2025-02-11 22:54,9.00,3.00,76.08,9.20,4700.00,M
LNK,2025-02-11 23:24,9.00,3.00,76.08,11.50,2800.00,M
LNK,2025-02-11 23:33,9.00,3.00,76.08,11.50,1900.00,M
LNK,2025-02-11 23:42,9.00,3.00,76.08,12.65,1500.00,M
LNK,2025-02-11 23:49,8.60,3.20,78.18,12.65,1300.00,M
LNK,2025-02-11 23:54,9.00,3.00,76.08,12.65,1300.00,M
LNK,2025-02-12 00:09,9.00,3.00,76.08,12.65,1600.00,M
LNK,2025-02-12 00:26,9.00,3.00,76.08,12.65,2000.00,M
LNK,2025-02-12 00:35,8.00,3.00,79.58,13.80,2400.00,M
LNK,2025-02-12 00:54,8.00,3.00,79.58,10.35,2600.00,M
LNK,2025-02-12 01:01,8.00,3.00,79.58,11.50,2700.00,M
LNK,2025-02-12 01:09,8.00,3.00,79.58,13.80,2500.00,M
LNK,2025-02-12 01:43,8.00,2.00,75.98,13.80,2300.00,M
LNK,2025-02-12 01:54,8.00,2.00,75.98,14.95,2500.00,M
LNK,2025-02-12 02:15,8.00,2.00,75.98,12.65,2400.00,M
LNK,2025-02-12 02:32,8.00,2.00,75.98,12.65,2100.00,M
LNK,2025-02-12 02:40,8.00,2.00,75.98,13.80,1900.00,M
LNK,2025-02-12 02:47,8.00,2.00,75.98,13.80,1500.00,M
LNK,2025-02-12 02:54,8.00,2.00,75.98,10.35,1300.00,M
LNK,2025-02-12 03:38,7.00,2.00,79.50,16.10,1000.00,M
LNK,2025-02-12 03:52,6.80,1.40,78.01,11.50,1100.00,M
LNK,2025-02-12 03:54,7.00,2.00,79.50,12.65,1200.00,M
LNK,2025-02-12 04:27,7.00,2.00,79.50,16.10,1600.00,M
LNK,2025-02-12 04:43,7.00,1.00,75.88,13.80,2200.00,M
LNK,2025-02-12 04:54,7.00,1.00,75.88,17.25,2800.00,M
LNK,2025-02-12 05:04,7.00,1.00,75.88,14.95,3200.00,M
LNK,2025-02-12 05:33,7.00,1.00,75.88,13.80,2800.00,M
LNK,2025-02-12 05:54,6.00,1.00,79.41,11.50,2200.00,M
LNK,2025-02-12 06:07,6.00,1.00,79.41,13.80,1800.00,M
LNK,2025-02-12 06:23,6.00,0.00,75.78,11.50,1400.00,M
LNK,2025-02-12 06:36,6.00,1.00,79.41,12.65,1600.00,M
LNK,2025-02-12 06:54,6.00,0.00,75.78,12.65,1400.00,M
LNK,2025-02-12 07:39,5.00,0.00,79.32,14.95,1200.00,M
LNK,2025-02-12 07:54,5.00,0.00,79.32,12.65,1200.00,M
LNK,2025-02-12 08:50,6.80,-0.40,71.71,13.80,1600.00,M
LNK,2025-02-12 08:54,6.00,0.00,75.78,12.65,1800.00,M
LNK,2025-02-12 09:02,6.00,0.00,75.78,16.10,2200.00,M
LNK,2025-02-12 09:10,6.00,0.00,75.78,16.10,2600.00,M
LNK,2025-02-12 09:23,6.00,0.00,75.78,18.40,2000.00,M
LNK,2025-02-12 09:26,6.00,0.00,75.78,16.10,1800.00,M
LNK,2025-02-12 09:41,6.00,1.00,79.41,14.95,1300.00,M
LNK,2025-02-12 09:54,6.00,1.00,79.41,17.25,1400.00,M
LNK,2025-02-12 10:18,7.00,1.00,75.88,17.25,1600.00,M
LNK,2025-02-12 10:29,7.00,1.00,75.88,17.25,2500.00,M
LNK,2025-02-12 10:35,7.00,1.00,75.88,20.70,3200.00,M
LNK,2025-02-12 10:54,8.00,1.00,72.52,19.55,3700.00,M
LNK,2025-02-12 11:04,8.00,1.00,72.52,19.55,3500.00,M
LNK,2025-02-12 11:12,8.00,1.00,72.52,16.10,2800.00,M
LNK,2025-02-12 11:26,8.00,1.00,72.52,20.70,2400.00,M
LNK,2025-02-12 11:36,9.00,1.00,69.33,18.40,2400.00,M
LNK,2025-02-12 11:54,9.00,2.00,72.64,17.25,2200.00,M
LNK,2025-02-12 12:18,10.00,2.00,69.45,18.40,2400.00,M
LNK,2025-02-12 12:30,10.00,2.00,69.45,17.25,2600.00,M
LNK,2025-02-12 12:51,10.40,3.20,72.12,14.95,2800.00,M
LNK,2025-02-12 12:54,11.00,3.00,69.58,16.10,2700.00,M
LNK,2025-02-12 13:27,11.00,3.00,69.58,17.25,2100.00,M
LNK,2025-02-12 13:54,11.00,4.00,72.86,17.25,1800.00,M
LNK,2025-02-12 14:17,11.00,4.00,72.86,18.40,1900.00,M
LNK,2025-02-12 14:33,11.00,4.00,72.86,16.10,1800.00,M
LNK,2025-02-12 14:44,11.00,4.00,72.86,20.70,1500.00,M
LNK,2025-02-12 14:54,11.00,4.00,72.86,19.55,1500.00,M
LNK,2025-02-12 15:24,10.00,2.00,69.45,20.70,2300.00,M
LNK,2025-02-12 15:44,11.00,2.00,66.43,19.55,1800.00,M
LNK,2025-02-12 15:54,11.00,3.00,69.58,19.55,1400.00,M
LNK,2025-02-12 16:54,10.00,2.00,69.45,17.25,3000.00,29.90
LNK,2025-02-12 17:01,10.00,2.00,69.45,21.85,2100.00,M
LNK,2025-02-12 17:51,8.60,1.40,71.92,16.10,2400.00,M
LNK,2025-02-12 17:54,8.00,1.00,72.52,14.95,2200.00,M
LNK,2025-02-12 18:54,6.00,-1.00,72.29,8.05,M,M
LNK,2025-02-12 19:54,5.00,-2.00,72.18,8.05,M,M
LNK,2025-02-12 20:54,0.00,-4.00,82.74,0.00,M,M
LNK,2025-02-12 21:54,-2.00,-6.00,82.58,3.45,M,M
LNK,2025-02-12 22:54,-3.00,-7.00,82.50,5.75,M,M
LNK,2025-02-12 23:54,1.00,-4.00,78.95,11.50,M,M
LNK,2025-02-13 00:54,-1.00,-7.00,75.04,5.75,M,M
LNK,2025-02-13 01:54,0.00,-7.00,71.59,6.90,M,M
LNK,2025-02-13 02:54,-2.00,-8.00,74.93,3.45,M,M
LNK,2025-02-13 03:54,-3.00,-10.00,71.23,6.90,M,M
LNK,2025-02-13 04:54,-4.00,-11.00,71.11,4.60,M,M
LNK,2025-02-13 05:54,-9.00,-14.00,78.00,0.00,M,M
LNK,2025-02-13 07:54,-8.00,-14.00,74.28,4.60,M,M
LNK,2025-02-13 08:54,-6.00,-11.00,78.29,4.60,M,M
LNK,2025-02-13 09:54,-2.00,-7.00,78.67,3.45,M,M
LNK,2025-02-13 10:54,4.00,-2.00,75.57,0.00,M,M
LNK,2025-02-13 11:54,11.00,-1.00,57.72,8.05,M,M
LNK,2025-02-13 12:54,13.00,1.00,58.03,12.65,M,M
LNK,2025-02-13 13:54,16.00,4.00,58.49,16.10,M,M
LNK,2025-02-13 14:54,18.00,5.00,56.16,19.55,M,M
LNK,2025-02-13 15:54,19.00,6.00,56.32,12.65,M,M
LNK,2025-02-13 16:54,18.00,6.00,58.79,11.50,M,M
LNK,2025-02-13 17:54,16.00,5.00,61.23,11.50,M,M
LNK,2025-02-13 18:54,14.00,4.00,63.82,13.80,M,M
LNK,2025-02-13 19:54,12.00,3.00,66.56,12.65,M,M
LNK,2025-02-13 20:54,10.00,2.00,69.45,8.05,M,M
LNK,2025-02-13 21:54,8.00,1.00,72.52,6.90,M,M
LNK,2025-02-13 22:54,8.00,1.00,72.52,6.90,M,M
LNK,2025-02-13 23:54,6.00,-1.00,72.29,6.90,M,M
LNK,2025-02-14 00:54,6.00,0.00,75.78,8.05,M,M
LNK,2025-02-14 01:54,12.00,5.00,72.97,10.35,M,M
LNK,2025-02-14 02:54,14.00,6.00,69.94,14.95,M,M
LNK,2025-02-14 03:54,15.00,6.00,66.95,11.50,M,M
LNK,2025-02-14 04:54,16.00,6.00,64.09,13.80,M,M
LNK,2025-02-14 05:54,16.00,6.00,64.09,12.65,M,M
LNK,2025-02-14 06:54,18.00,10.00,70.41,13.80,M,M
LNK,2025-02-14 07:54,19.00,10.00,67.46,13.80,4700.00,M
LNK,2025-02-14 08:54,20.00,12.00,70.65,14.95,4200.00,M
LNK,2025-02-14 09:54,25.00,16.00,68.20,16.10,4100.00,M
LNK,2025-02-14 10:54,28.00,20.00,71.56,20.70,7500.00,31.05
LNK,2025-02-14 11:54,29.00,21.00,71.67,19.55,11000.00,35.65
LNK,2025-02-14 12:54,33.00,25.00,72.11,21.85,2800.00,M
LNK,2025-02-14 13:13,34.00,25.00,69.28,21.85,2700.00,34.50
LNK,2025-02-14 13:54,34.00,26.00,72.22,16.10,2600.00,34.50
LNK,2025-02-14 14:54,36.00,27.00,69.51,12.65,2700.00,M
LNK,2025-02-14 15:54,38.00,28.00,66.94,16.10,2800.00,35.65
LNK,2025-02-14 16:10,38.00,28.00,66.94,19.55,2800.00,M
LNK,2025-02-14 16:21,38.00,28.00,66.94,14.95,2800.00,M
LNK,2025-02-14 16:54,38.00,29.00,69.74,13.80,M,M
LNK,2025-02-14 17:54,36.00,28.00,72.43,8.05,M,M
LNK,2025-02-14 18:54,35.00,28.00,75.36,6.90,M,M
LNK,2025-02-14 19:54,30.00,25.00,81.40,5.75,M,M
LNK,2025-02-14 20:54,31.00,26.00,81.48,5.75,M,M
LNK,2025-02-14 21:54,32.00,26.00,78.25,3.45,12000.00,M
LNK,2025-02-14 22:54,32.00,26.00,78.25,0.00,8500.00,M
LNK,2025-02-14 23:54,31.00,26.00,81.48,4.60,4600.00,M
LNK,2025-02-15 00:54,31.00,26.00,81.48,8.05,3300.00,M
LNK,2025-02-15 01:14,31.00,25.00,78.16,8.05,2900.00,M
LNK,2025-02-15 01:51,30.20,24.80,80.07,9.20,3100.00,M
LNK,2025-02-15 01:54,31.00,25.00,78.16,10.35,2900.00,M
LNK,2025-02-15 02:46,31.00,25.00,78.16,9.20,1800.00,M
LNK,2025-02-15 02:54,31.00,25.00,78.16,9.20,1900.00,M
LNK,2025-02-15 03:54,31.00,26.00,81.48,16.10,1200.00,M
LNK,2025-02-15 04:54,28.00,23.00,81.25,20.70,1100.00,35.65
LNK,2025-02-15 05:39,27.00,22.00,81.17,17.25,1100.00,M
LNK,2025-02-15 05:48,26.60,21.20,79.77,19.55,1100.00,M
LNK,2025-02-15 05:54,27.00,22.00,81.17,18.40,1200.00,M
LNK,2025-02-15 06:09,26.00,22.00,84.59,17.25,1300.00,M
LNK,2025-02-15 06:25,26.00,22.00,84.59,21.85,1300.00,29.90
LNK,2025-02-15 06:34,25.00,22.00,88.18,18.40,800.00,29.90
LNK,2025-02-15 06:43,25.00,21.00,84.53,19.55,800.00,33.35
LNK,2025-02-15 06:52,24.80,21.20,85.96,19.55,1100.00,33.35
LNK,2025-02-15 06:54,25.00,21.00,84.53,19.55,1100.00,33.35
LNK,2025-02-15 07:54,24.00,20.00,84.46,18.40,1300.00,M
LNK,2025-02-15 08:01,24.00,19.00,80.93,19.55,1400.00,M
LNK,2025-02-15 08:25,24.00,19.00,80.93,21.85,1500.00,29.90
LNK,2025-02-15 08:37,24.00,19.00,80.93,23.00,1500.00,29.90
LNK,2025-02-15 08:54,23.00,19.00,84.39,21.85,1500.00,31.05
LNK,2025-02-15 09:22,23.00,18.00,80.85,23.00,2000.00,32.20
LNK,2025-02-15 09:31,23.00,18.00,80.85,26.45,2100.00,32.20
LNK,2025-02-15 09:54,23.00,18.00,80.85,20.70,1400.00,32.20
LNK,2025-02-15 10:09,23.00,18.00,80.85,21.85,1400.00,M
LNK,2025-02-15 10:23,23.00,18.00,80.85,26.45,1500.00,32.20
LNK,2025-02-15 10:31,23.00,17.00,77.44,21.85,1500.00,34.50
LNK,2025-02-15 10:54,23.00,17.00,77.44,24.15,1400.00,37.95
LNK,2025-02-15 11:54,22.00,16.00,77.34,23.00,1400.00,33.35
LNK,2025-02-15 12:54,21.00,15.00,77.25,21.85,1400.00,34.50
LNK,2025-02-15 13:38,20.00,13.00,73.84,26.45,1500.00,35.65
LNK,2025-02-15 13:54,20.00,13.00,73.84,21.85,1500.00,35.65
LNK,2025-02-15 14:54,17.00,10.00,73.52,25.30,1600.00,35.65
LNK,2025-02-15 15:27,17.00,9.00,70.30,24.15,1800.00,35.65
LNK,2025-02-15 15:40,17.00,9.00,70.30,24.15,2400.00,35.65
LNK,2025-02-15 15:54,17.00,10.00,73.52,21.85,2500.00,35.65
LNK,2025-02-15 16:54,16.00,8.00,70.18,23.00,2200.00,29.90
LNK,2025-02-15 17:54,15.00,7.00,70.06,18.40,2200.00,33.35
LNK,2025-02-15 18:08,15.00,7.00,70.06,19.55,2200.00,31.05
LNK,2025-02-15 18:24,14.00,7.00,73.19,21.85,2900.00,31.05
LNK,2025-02-15 18:54,14.00,7.00,73.19,19.55,2700.00,31.05
LNK,2025-02-15 19:54,14.00,6.00,69.94,14.95,2300.00,31.05
LNK,2025-02-15 20:54,13.00,5.00,69.82,19.55,2300.00,M
LNK,2025-02-15 21:54,13.00,5.00,69.82,16.10,2300.00,M
LNK,2025-02-15 22:19,12.00,4.00,69.70,13.80,1800.00,M
LNK,2025-02-15 22:47,12.00,4.00,69.70,18.40,1700.00,M
LNK,2025-02-15 22:54,12.00,4.00,69.70,16.10,1700.00,M
LNK,2025-02-15 23:20,12.00,4.00,69.70,18.40,1700.00,M
LNK,2025-02-15 23:42,12.00,4.00,69.70,12.65,2300.00,M
LNK,2025-02-15 23:54,12.00,4.00,69.70,16.10,2100.00,M
LNK,2025-02-16 00:54,12.00,2.00,63.54,19.55,2800.00,M
LNK,2025-02-16 01:42,9.00,0.00,66.16,11.50,2800.00,M
LNK,2025-02-16 01:54,9.00,-1.00,63.12,12.65,7000.00,M
LNK,2025-02-16 02:17,9.00,-1.00,63.12,12.65,2900.00,M
LNK,2025-02-16 02:27,9.00,-1.00,63.12,16.10,3000.00,M
LNK,2025-02-16 02:54,9.00,-1.00,63.12,12.65,3100.00,M
LNK,2025-02-16 03:54,8.00,-2.00,62.98,13.80,6000.00,M
LNK,2025-02-16 04:54,7.00,-4.00,59.91,12.65,6000.00,M
LNK,2025-02-16 05:54,5.00,-5.00,62.55,8.05,M,M
LNK,2025-02-16 06:54,4.00,-4.00,68.70,8.05,M,M
LNK,2025-02-16 07:54,5.00,-4.00,65.62,8.05,M,M
LNK,2025-02-16 08:54,6.00,-3.00,65.76,12.65,1500.00,M
LNK,2025-02-16 09:54,7.00,-3.00,62.84,14.95,1800.00,M
LNK,2025-02-16 10:54,9.00,-2.00,60.21,13.80,M,M
LNK,2025-02-16 11:54,10.00,-1.00,60.36,11.50,M,M
LNK,2025-02-16 12:54,11.00,-1.00,57.72,14.95,M,M
LNK,2025-02-16 13:54,13.00,0.00,55.38,11.50,M,M
LNK,2025-02-16 14:54,13.00,1.00,58.03,8.05,M,M
LNK,2025-02-16 15:54,14.00,0.00,53.00,9.20,M,M
LNK,2025-02-16 16:54,13.00,0.00,55.38,11.50,M,M
LNK,2025-02-16 17:54,12.00,0.00,57.88,9.20,M,M
LNK,2025-02-16 18:54,11.00,-1.00,57.72,4.60,M,M
LNK,2025-02-16 19:54,10.00,-1.00,60.36,0.00,M,M
LNK,2025-02-16 20:54,7.00,-1.00,69.08,0.00,M,M
LNK,2025-02-16 21:54,5.00,-3.00,68.83,0.00,M,M
LNK,2025-02-16 22:54,7.00,0.00,72.41,4.60,M,M
LNK,2025-02-16 23:54,8.00,0.00,69.21,3.45,10000.00,M
LNK,2025-02-17 00:54,9.00,1.00,69.33,0.00,6000.00,M
LNK,2025-02-17 01:54,9.00,2.00,72.64,3.45,5000.00,M
LNK,2025-02-17 02:54,9.00,2.00,72.64,5.75,3700.00,M
LNK,2025-02-17 03:02,9.00,3.00,76.08,6.90,3300.00,M
LNK,2025-02-17 03:16,9.00,3.00,76.08,6.90,2900.00,M
LNK,2025-02-17 03:37,8.00,3.00,79.58,5.75,2300.00,M
LNK,2025-02-17 03:52,8.60,3.20,78.18,5.75,1700.00,M
LNK,2025-02-17 03:54,8.00,3.00,79.58,6.90,1700.00,M
LNK,2025-02-17 04:28,8.00,2.00,75.98,5.75,2000.00,M
LNK,2025-02-17 04:54,8.00,3.00,79.58,4.60,2900.00,M
LNK,2025-02-17 05:04,8.00,3.00,79.58,3.45,3600.00,M
LNK,2025-02-17 05:16,8.00,3.00,79.58,4.60,5500.00,M
LNK,2025-02-17 05:42,8.00,3.00,79.58,5.75,3300.00,M
LNK,2025-02-17 05:54,8.00,3.00,79.58,6.90,3700.00,M
LNK,2025-02-17 06:08,8.00,2.00,75.98,6.90,3600.00,M
LNK,2025-02-17 06:20,8.00,2.00,75.98,9.20,3000.00,M
LNK,2025-02-17 06:28,8.00,2.00,75.98,12.65,2400.00,M
LNK,2025-02-17 06:54,6.00,1.00,79.41,11.50,1800.00,M
LNK,2025-02-17 07:32,6.00,0.00,75.78,12.65,1400.00,M
LNK,2025-02-17 07:44,5.00,0.00,79.32,10.35,1800.00,M
LNK,2025-02-17 07:51,5.00,-0.40,77.84,12.65,2200.00,M
LNK,2025-02-17 07:54,5.00,0.00,79.32,10.35,2200.00,M
LNK,2025-02-17 08:02,5.00,-1.00,75.67,12.65,2600.00,M
LNK,2025-02-17 08:14,5.00,-1.00,75.67,12.65,3000.00,M
LNK,2025-02-17 08:25,5.00,-1.00,75.67,11.50,2800.00,M
LNK,2025-02-17 08:54,5.00,-1.00,75.67,14.95,3400.00,M
LNK,2025-02-17 09:54,5.00,-1.00,75.67,11.50,3800.00,M
LNK,2025-02-17 10:17,5.00,-2.00,72.18,14.95,1600.00,M
LNK,2025-02-17 10:29,5.00,-1.00,75.67,13.80,1500.00,M
LNK,2025-02-17 10:37,5.00,-1.00,75.67,14.95,1800.00,M
LNK,2025-02-17 10:54,5.00,-1.00,75.67,14.95,1400.00,M
LNK,2025-02-17 11:01,5.00,-1.00,75.67,13.80,1600.00,M
LNK,2025-02-17 11:15,5.00,-2.00,72.18,13.80,1800.00,M
LNK,2025-02-17 11:25,5.00,-2.00,72.18,12.65,2400.00,M
LNK,2025-02-17 11:54,5.00,-3.00,68.83,11.50,6500.00,M
LNK,2025-02-17 12:54,5.00,-4.00,65.62,14.95,6000.00,M
LNK,2025-02-17 13:54,4.00,-4.00,68.70,16.10,4600.00,M
LNK,2025-02-17 14:32,4.00,-3.00,72.06,16.10,3700.00,M
LNK,2025-02-17 14:39,4.00,-4.00,68.70,16.10,3700.00,M
LNK,2025-02-17 14:50,3.20,-4.00,71.29,18.40,3500.00,M
LNK,2025-02-17 14:54,4.00,-4.00,68.70,17.25,3500.00,M
LNK,2025-02-17 15:08,4.00,-4.00,68.70,16.10,3500.00,M
LNK,2025-02-17 15:54,3.00,-5.00,68.58,18.40,4700.00,M
LNK,2025-02-17 16:24,2.00,-5.00,71.83,17.25,4100.00,M
LNK,2025-02-17 16:42,2.00,-5.00,71.83,17.25,3300.00,M
LNK,2025-02-17 16:54,1.00,-6.00,71.71,18.40,3000.00,M
LNK,2025-02-17 17:01,1.00,-6.00,71.71,16.10,2800.00,M
LNK,2025-02-17 17:09,1.00,-6.00,71.71,16.10,3300.00,M
LNK,2025-02-17 17:38,0.00,-7.00,71.59,19.55,3800.00,M
LNK,2025-02-17 17:54,0.00,-7.00,71.59,18.40,3300.00,M
LNK,2025-02-17 18:18,0.00,-7.00,71.59,18.40,3200.00,M
LNK,2025-02-17 18:26,0.00,-7.00,71.59,16.10,3200.00,M
LNK,2025-02-17 18:54,0.00,-7.00,71.59,16.10,3400.00,M
LNK,2025-02-17 19:54,0.00,-8.00,68.19,16.10,1600.00,M
LNK,2025-02-17 20:30,0.00,-7.00,71.59,12.65,900.00,M
LNK,2025-02-17 20:39,-1.00,-8.00,71.47,13.80,900.00,M
LNK,2025-02-17 20:47,-1.00,-8.00,71.47,12.65,900.00,M
LNK,2025-02-17 20:54,-1.00,-8.00,71.47,16.10,900.00,M
LNK,2025-02-17 21:54,-2.00,-9.00,71.35,19.55,1500.00,M
LNK,2025-02-17 22:54,-2.00,-11.00,64.65,13.80,6500.00,M
LNK,2025-02-17 23:54,-3.00,-13.00,61.37,14.95,6500.00,M
LNK,2025-02-18 00:54,-4.00,-13.00,64.37,17.25,7000.00,M
LNK,2025-02-18 01:54,-4.00,-14.00,61.22,17.25,7000.00,M
LNK,2025-02-18 02:54,-4.00,-15.00,58.21,18.40,7500.00,M
LNK,2025-02-18 03:54,-5.00,-15.00,61.07,20.70,8000.00,M
LNK,2025-02-18 04:54,-6.00,-15.00,64.08,19.55,7000.00,M
LNK,2025-02-18 05:54,-6.00,-15.00,64.08,17.25,7500.00,M
LNK,2025-02-18 06:54,-7.00,-15.00,67.26,11.50,11000.00,M
LNK,2025-02-18 07:54,-6.00,-14.00,67.40,13.80,7500.00,M
LNK,2025-02-18 08:54,-5.00,-14.00,64.23,13.80,8000.00,M
LNK,2025-02-18 09:54,-6.00,-14.00,67.40,11.50,8000.00,M
LNK,2025-02-18 10:54,-5.00,-14.00,64.23,14.95,5000.00,M
LNK,2025-02-18 11:34,-5.00,-14.00,64.23,10.35,3600.00,M
LNK,2025-02-18 11:44,-5.00,-14.00,64.23,10.35,2800.00,M
LNK,2025-02-18 11:54,-4.00,-13.00,64.37,12.65,2200.00,M
LNK,2025-02-18 12:54,-4.00,-11.00,71.11,13.80,2200.00,M
LNK,2025-02-18 13:54,-3.00,-11.00,67.80,12.65,3300.00,M
LNK,2025-02-18 14:05,-3.00,-11.00,67.80,14.95,3300.00,M
LNK,2025-02-18 14:20,-2.00,-11.00,64.65,11.50,3500.00,M
LNK,2025-02-18 14:54,-1.00,-11.00,61.67,14.95,4000.00,M
LNK,2025-02-18 15:54,0.00,-11.00,58.84,16.10,7000.00,M
LNK,2025-02-18 16:54,0.00,-11.00,58.84,17.25,6000.00,M
LNK,2025-02-18 17:54,0.00,-11.00,58.84,13.80,7000.00,M
LNK,2025-02-18 18:54,1.00,-11.00,56.15,17.25,5500.00,M
LNK,2025-02-18 19:54,0.00,-11.00,58.84,9.20,6500.00,M
LNK,2025-02-18 20:54,1.00,-9.00,61.96,12.65,9500.00,M
LNK,2025-02-18 21:54,1.00,-9.00,61.96,13.80,6000.00,M
LNK,2025-02-18 22:54,1.00,-9.00,61.96,13.80,5000.00,M
LNK,2025-02-18 23:54,0.00,-9.00,64.93,14.95,7000.00,M
LNK,2025-02-19 00:54,-1.00,-9.00,68.06,13.80,2900.00,M
LNK,2025-02-19 01:19,-2.00,-9.00,71.35,10.35,2500.00,M
LNK,2025-02-19 01:54,-2.00,-9.00,71.35,11.50,M,M
LNK,2025-02-19 02:54,-1.00,-9.00,68.06,11.50,5000.00,M
LNK,2025-02-19 03:54,-1.00,-9.00,68.06,11.50,7000.00,M
LNK,2025-02-19 04:54,0.00,-10.00,61.82,13.80,6000.00,M
LNK,2025-02-19 05:54,0.00,-9.00,64.93,16.10,3800.00,M
LNK,2025-02-19 06:54,0.00,-8.00,68.19,16.10,9500.00,M
LNK,2025-02-19 07:54,-1.00,-10.00,64.79,12.65,6000.00,M
LNK,2025-02-19 08:54,0.00,-9.00,64.93,10.35,M,M
LNK,2025-02-19 09:54,0.00,-9.00,64.93,16.10,M,M
LNK,2025-02-19 10:54,1.00,-9.00,61.96,12.65,M,M
LNK,2025-02-19 11:54,2.00,-9.00,59.15,11.50,M,M
LNK,2025-02-19 12:54,3.00,-9.00,56.47,11.50,M,M
LNK,2025-02-19 13:54,4.00,-9.00,53.92,10.35,M,M
LNK,2025-02-19 14:54,4.00,-9.00,53.92,11.50,M,M
LNK,2025-02-19 15:54,3.00,-9.00,56.47,11.50,M,M
LNK,2025-02-19 16:54,2.00,-10.00,56.31,11.50,M,M
LNK,2025-02-19 17:54,0.00,-12.00,55.98,11.50,M,M
LNK,2025-02-19 18:54,-3.00,-14.00,58.36,5.75,M,M
LNK,2025-02-19 19:54,-4.00,-14.00,61.22,5.75,M,M
LNK,2025-02-19 20:54,-7.00,-16.00,63.94,3.45,M,M
LNK,2025-02-19 21:54,-10.00,-18.00,66.86,0.00,M,M
LNK,2025-02-19 22:54,-11.00,-18.00,70.24,5.75,M,M
LNK,2025-02-19 23:54,-9.00,-17.00,66.99,6.90,M,M
LNK,2025-02-20 00:54,-13.00,-20.00,69.99,0.00,M,M
LNK,2025-02-20 01:54,-13.00,-20.00,69.99,0.00,M,M
LNK,2025-02-20 02:54,-16.00,-22.00,73.36,6.90,M,M
LNK,2025-02-20 03:54,-15.00,-23.00,66.16,8.05,M,M
LNK,2025-02-20 04:54,-13.00,-21.00,66.44,3.45,M,M
LNK,2025-02-20 05:54,-13.00,-23.00,59.83,0.00,M,M
LNK,2025-02-20 06:54,-13.00,-21.00,66.44,4.60,M,M
LNK,2025-02-20 07:54,-12.00,-19.00,70.12,0.00,M,M
LNK,2025-02-20 08:54,-9.00,-16.00,70.50,5.75,M,M
LNK,2025-02-20 09:54,-4.00,-15.00,58.21,5.75,M,M
LNK,2025-02-20 10:54,2.00,-12.00,50.99,0.00,M,M
LNK,2025-02-20 11:54,4.00,-10.00,51.33,4.60,M,M
LNK,2025-02-20 12:54,9.00,-11.00,38.93,3.45,M,M
LNK,2025-02-20 13:54,9.00,-6.00,49.72,9.20,M,M
LNK,2025-02-20 14:54,10.00,-7.00,45.29,8.05,M,M
LNK,2025-02-20 15:54,12.00,-7.00,41.44,0.00,M,M
LNK,2025-02-20 16:54,11.00,-6.00,45.47,3.45,M,M
LNK,2025-02-20 17:54,9.00,-9.00,42.96,0.00,M,M
LNK,2025-02-20 18:54,6.00,-9.00,49.20,4.60,M,M
LNK,2025-02-20 19:54,1.00,-11.00,56.15,0.00,M,M
LNK,2025-02-20 20:54,-1.00,-12.00,58.68,0.00,M,M
LNK,2025-02-20 21:54,-8.00,-16.00,67.13,0.00,M,M
LNK,2025-02-20 22:54,-10.00,-16.00,74.05,0.00,M,M
LNK,2025-02-20 23:54,-11.00,-17.00,73.94,0.00,M,M
LNK,2025-02-21 00:54,-9.00,-15.00,74.16,0.00,M,M
LNK,2025-02-21 01:54,-13.00,-19.00,73.71,0.00,M,M
LNK,2025-02-21 02:54,-12.00,-18.00,73.82,0.00,M,M
LNK,2025-02-21 03:54,-16.00,-22.00,73.36,3.45,M,M
LNK,2025-02-21 04:54,-16.00,-22.00,73.36,4.60,M,M
LNK,2025-02-21 05:54,-14.00,-20.00,73.59,0.00,M,M
LNK,2025-02-21 06:54,-12.00,-19.00,70.12,0.00,M,M
LNK,2025-02-21 07:54,-12.00,-18.00,73.82,0.00,M,M
LNK,2025-02-21 08:54,-5.00,-11.00,74.61,4.60,M,M
LNK,2025-02-21 09:54,6.00,-5.00,59.76,9.20,M,M
LNK,2025-02-21 10:54,13.00,-1.00,52.83,12.65,M,M
LNK,2025-02-21 11:54,15.00,-1.00,48.40,12.65,M,M
LNK,2025-02-21 12:54,18.00,2.00,48.91,14.95,M,M
LNK,2025-02-21 13:54,20.00,2.00,44.89,14.95,M,M
LNK,2025-02-21 14:54,22.00,4.00,45.24,13.80,M,M
LNK,2025-02-21 15:54,23.00,3.00,41.42,14.95,M,M
LNK,2025-02-21 16:54,23.00,4.00,43.37,16.10,M,M
LNK,2025-02-21 17:54,21.00,5.00,49.41,11.50,M,M
LNK,2025-02-21 18:54,19.00,5.00,53.80,9.20,M,M
LNK,2025-02-21 19:54,13.00,2.00,60.80,8.05,M,M
LNK,2025-02-21 20:54,15.00,4.00,61.09,10.35,M,M
LNK,2025-02-21 21:54,15.00,4.00,61.09,11.50,M,M
LNK,2025-02-21 22:54,14.00,4.00,63.82,11.50,M,M
LNK,2025-02-21 23:54,14.00,3.00,60.94,10.35,M,M
LNK,2025-02-22 00:54,13.00,3.00,63.68,8.05,M,M
LNK,2025-02-22 01:54,13.00,3.00,63.68,6.90,M,M
LNK,2025-02-22 02:54,11.00,2.00,66.43,6.90,M,M
LNK,2025-02-22 03:54,12.00,3.00,66.56,5.75,M,M
LNK,2025-02-22 04:54,13.00,3.00,63.68,8.05,M,M
LNK,2025-02-22 05:54,13.00,3.00,63.68,8.05,M,M
LNK,2025-02-22 06:54,12.00,3.00,66.56,4.60,M,M
LNK,2025-02-22 07:54,11.00,4.00,72.86,4.60,M,M
LNK,2025-02-22 08:54,16.00,7.00,67.07,5.75,M,M
LNK,2025-02-22 09:54,21.00,11.00,64.77,9.20,M,M
LNK,2025-02-22 10:54,25.00,14.00,62.50,8.05,M,M
LNK,2025-02-22 11:54,29.00,17.00,60.39,6.90,M,M
LNK,2025-02-22 12:54,32.00,20.00,60.81,10.35,M,M
LNK,2025-02-22 13:54,37.00,24.00,58.99,11.50,M,M
LNK,2025-02-22 14:54,41.00,27.00,57.15,11.50,M,M
LNK,2025-02-22 15:54,42.00,29.00,59.69,10.35,M,M
LNK,2025-02-22 16:54,42.00,29.00,59.69,10.35,M,M
LNK,2025-02-22 17:54,40.00,28.00,61.91,9.20,M,M
LNK,2025-02-22 18:54,37.00,28.00,69.63,4.60,M,M
LNK,2025-02-22 19:54,35.00,28.00,75.36,4.60,M,M
LNK,2025-02-22 20:54,30.00,26.00,84.85,6.90,M,M
LNK,2025-02-22 21:54,30.00,26.00,84.85,5.75,M,M
LNK,2025-02-22 22:54,30.00,26.00,84.85,4.60,M,M
LNK,2025-02-22 23:54,31.00,27.00,84.92,4.60,M,M
LNK,2025-02-23 00:54,29.00,25.00,84.79,5.75,M,M
LNK,2025-02-23 01:54,28.00,25.00,88.33,4.60,M,M
LNK,2025-02-23 02:54,27.00,24.00,88.28,6.90,M,M
LNK,2025-02-23 03:54,25.00,23.00,91.97,6.90,M,M
LNK,2025-02-23 04:54,25.00,23.00,91.97,4.60,M,M
LNK,2025-02-23 05:54,26.00,22.00,84.59,0.00,M,M
LNK,2025-02-23 06:54,26.00,23.00,88.23,0.00,M,M
LNK,2025-02-23 07:54,26.00,24.00,92.01,3.45,M,M
LNK,2025-02-23 08:54,33.00,28.00,81.63,5.75,M,M
LNK,2025-02-23 09:54,39.00,29.00,67.06,6.90,M,M
LNK,2025-02-23 10:54,43.00,30.00,59.83,10.35,M,M
LNK,2025-02-23 11:54,47.00,32.00,55.73,10.35,M,M
LNK,2025-02-23 12:54,50.00,34.00,53.97,6.90,M,M
LNK,2025-02-23 13:54,53.00,36.00,52.30,8.05,M,M
LNK,2025-02-23 14:54,56.00,37.00,48.77,5.75,M,M
LNK,2025-02-23 15:54,58.00,37.00,45.38,8.05,M,M
LNK,2025-02-23 16:54,57.00,38.00,48.93,5.75,M,M
LNK,2025-02-23 17:54,52.00,37.00,56.45,5.75,M,M
LNK,2025-02-23 18:54,46.00,34.00,62.71,4.60,M,M
LNK,2025-02-23 19:54,43.00,33.00,67.54,4.60,M,M
LNK,2025-02-23 20:54,40.00,32.00,72.85,3.45,M,M
LNK,2025-02-23 21:54,39.00,31.00,72.75,6.90,M,M
LNK,2025-02-23 22:54,44.00,35.00,70.42,9.20,M,M
LNK,2025-02-23 23:54,44.00,35.00,70.42,8.05,M,M
LNK,2025-02-24 00:54,43.00,34.00,70.30,3.45,M,M
LNK,2025-02-24 01:54,44.00,33.00,65.01,6.90,M,M
LNK,2025-02-24 02:54,43.00,32.00,64.88,5.75,M,M
LNK,2025-02-24 03:54,42.00,32.00,67.42,3.45,M,M
LNK,2025-02-24 04:54,40.00,33.00,75.84,3.45,12000.00,M
LNK,2025-02-24 05:54,39.00,32.00,75.75,3.45,M,M
LNK,2025-02-24 06:54,38.00,31.00,75.65,4.60,M,M
LNK,2025-02-24 07:54,40.00,33.00,75.84,0.00,M,M
LNK,2025-02-24 08:54,48.00,35.00,60.52,0.00,M,M
LNK,2025-02-24 09:54,52.00,37.00,56.45,0.00,M,M
LNK,2025-02-24 10:54,58.00,38.00,47.20,0.00,M,M
LNK,2025-02-24 11:54,61.00,38.00,42.40,5.75,M,M
LNK,2025-02-24 12:54,65.00,40.00,39.83,8.05,M,M
LNK,2025-02-24 13:54,65.00,40.00,39.83,8.05,M,M
LNK,2025-02-24 14:54,67.00,39.00,35.74,11.50,M,M
LNK,2025-02-24 15:54,67.00,39.00,35.74,13.80,M,M
LNK,2025-02-24 16:54,65.00,40.00,39.83,11.50,M,M
LNK,2025-02-24 17:54,63.00,39.00,41.09,8.05,M,M
LNK,2025-02-24 18:54,56.00,39.00,52.75,5.75,M,M
LNK,2025-02-24 19:54,51.00,38.00,60.92,3.45,M,M
LNK,2025-02-24 20:54,52.00,34.00,50.12,8.05,M,M
LNK,2025-02-24 21:54,50.00,29.00,44.10,5.75,M,M
LNK,2025-02-24 22:54,49.00,28.00,43.93,9.20,M,M
LNK,2025-02-24 23:54,43.00,27.00,52.91,4.60,M,M
LNK,2025-02-25 00:54,32.00,25.00,75.07,0.00,M,M
LNK,2025-02-25 01:54,35.00,26.00,69.39,0.00,M,M
LNK,2025-02-25 02:54,38.00,28.00,66.94,8.05,M,M
LNK,2025-02-25 03:54,30.00,24.00,78.07,0.00,M,M
LNK,2025-02-25 04:54,29.00,24.00,81.32,0.00,M,M
LNK,2025-02-25 05:54,30.00,24.00,78.07,0.00,M,M
LNK,2025-02-25 06:54,29.00,23.00,77.98,0.00,M,M
LNK,2025-02-25 07:54,32.00,26.00,78.25,0.00,M,M
LNK,2025-02-25 08:54,37.00,29.00,72.54,0.00,M,M
LNK,2025-02-25 09:54,45.00,32.00,60.11,4.60,M,M
LNK,2025-02-25 10:54,52.00,35.00,52.15,8.05,M,M
LNK,2025-02-25 11:54,58.00,36.00,43.62,13.80,M,M
LNK,2025-02-25 12:54,61.00,35.00,37.66,14.95,M,M
LNK,2025-02-25 13:54,62.00,35.00,36.35,17.25,M,29.90
LNK,2025-02-25 14:54,63.00,36.00,36.52,19.55,M,M
LNK,2025-02-25 15:54,65.00,37.00,35.42,16.10,M,32.20
LNK,2025-02-25 16:54,64.00,38.00,38.15,11.50,M,M
LNK,2025-02-25 17:54,56.00,37.00,48.77,10.35,M,M
LNK,2025-02-25 18:54,51.00,37.00,58.58,10.35,M,M
LNK,2025-02-25 19:54,50.00,37.00,60.79,9.20,M,M
LNK,2025-02-25 20:54,61.00,42.00,49.54,23.00,3900.00,47.15
LNK,2025-02-25 21:54,57.00,40.00,52.90,8.05,M,31.05
LNK,2025-02-25 22:54,52.00,38.00,58.71,8.05,M,M
LNK,2025-02-25 23:54,53.00,34.00,48.30,16.10,M,M
LNK,2025-02-26 00:54,51.00,36.00,56.31,13.80,M,M
LNK,2025-02-26 01:54,49.00,36.00,60.66,13.80,M,M
LNK,2025-02-26 02:54,48.00,36.00,62.97,11.50,M,M
LNK,2025-02-26 03:54,48.00,36.00,62.97,13.80,11000.00,M
LNK,2025-02-26 04:54,47.00,35.00,62.84,9.20,11000.00,M
LNK,2025-02-26 05:54,46.00,34.00,62.71,11.50,M,M
LNK,2025-02-26 06:54,43.00,33.00,67.54,10.35,M,M
LNK,2025-02-26 07:54,43.00,33.00,67.54,14.95,M,M
LNK,2025-02-26 08:54,46.00,33.00,60.25,17.25,M,M
LNK,2025-02-26 09:54,49.00,34.00,56.02,19.55,M,M
LNK,2025-02-26 10:54,54.00,34.00,46.57,18.40,M,29.90
LNK,2025-02-26 11:54,56.00,34.00,43.30,19.55,M,29.90
LNK,2025-02-26 12:54,58.00,31.00,35.70,18.40,M,31.05
LNK,2025-02-26 13:54,59.00,32.00,35.87,19.55,M,31.05
LNK,2025-02-26 14:54,60.00,31.00,33.24,19.55,M,29.90
LNK,2025-02-26 15:54,61.00,32.00,33.40,17.25,M,31.05
LNK,2025-02-26 16:54,60.00,30.00,31.92,13.80,M,M
LNK,2025-02-26 17:54,57.00,30.00,35.54,9.20,M,M
LNK,2025-02-26 18:54,52.00,31.00,44.42,4.60,M,M
LNK,2025-02-26 19:54,41.00,28.00,59.55,0.00,M,M
LNK,2025-02-26 20:54,34.00,26.00,72.22,4.60,M,M
LNK,2025-02-26 21:54,32.00,25.00,75.07,5.75,M,M
LNK,2025-02-26 22:54,32.00,25.00,75.07,0.00,M,M
LNK,2025-02-26 23:54,33.00,26.00,75.17,4.60,M,M
LNK,2025-02-27 00:54,30.00,23.00,74.87,3.45,M,M
LNK,2025-02-27 01:54,31.00,24.00,74.97,4.60,M,M
LNK,2025-02-27 02:54,40.00,28.00,61.91,8.05,M,M
LNK,2025-02-27 03:54,41.00,28.00,59.55,10.35,M,M
LNK,2025-02-27 04:54,40.00,28.00,61.91,10.35,M,M
LNK,2025-02-27 05:54,40.00,28.00,61.91,12.65,M,M
LNK,2025-02-27 06:54,35.00,26.00,69.39,4.60,M,M
LNK,2025-02-27 07:54,40.00,29.00,64.50,9.20,M,M
LNK,2025-02-27 08:54,46.00,30.00,53.37,11.50,M,M
LNK,2025-02-27 09:54,48.00,30.00,49.49,13.80,M,M
LNK,2025-02-27 10:54,52.00,28.00,39.30,12.65,M,M
LNK,2025-02-27 11:54,55.00,26.00,32.42,6.90,M,M
LNK,2025-02-27 12:54,57.00,27.00,31.43,8.05,M,M
LNK,2025-02-27 13:54,60.00,28.00,29.41,6.90,M,M
LNK,2025-02-27 14:54,61.00,26.00,26.14,11.50,M,M
LNK,2025-02-27 15:54,61.00,28.00,28.38,11.50,M,M
LNK,2025-02-27 16:54,62.00,28.00,27.40,10.35,M,M
LNK,2025-02-27 17:54,59.00,28.00,30.48,3.45,M,M
LNK,2025-02-27 18:54,49.00,27.00,42.16,4.60,M,M
LNK,2025-02-27 19:54,47.00,27.00,45.45,0.00,M,M
LNK,2025-02-27 20:54,47.00,28.00,47.36,0.00,M,M
LNK,2025-02-27 21:54,45.00,27.00,49.02,3.45,M,M
LNK,2025-02-27 22:54,43.00,26.00,50.77,3.45,M,M
LNK,2025-02-27 23:54,47.00,27.00,45.45,12.65,M,M
LNK,2025-02-28 00:54,47.00,26.00,43.61,11.50,M,M
LNK,2025-02-28 01:54,44.00,25.00,46.88,5.75,M,M
LNK,2025-02-28 02:54,41.00,24.00,50.46,0.00,M,M
LNK,2025-02-28 03:54,43.00,25.00,48.70,8.05,M,M
LNK,2025-02-28 04:54,45.00,24.00,43.28,4.60,M,M
LNK,2025-02-28 05:54,43.00,24.00,46.71,5.75,M,M
LNK,2025-02-28 06:54,40.00,23.00,50.30,0.00,M,M
LNK,2025-02-28 07:54,45.00,25.00,45.12,8.05,M,M
LNK,2025-02-28 08:54,51.00,26.00,37.55,10.35,M,M
LNK,2025-02-28 09:54,58.00,28.00,31.59,14.95,M,M
LNK,2025-02-28 10:54,63.00,24.00,22.41,19.55,M,29.90
LNK,2025-02-28 11:54,64.00,25.00,22.56,21.85,M,41.40
LNK,2025-02-28 12:54,64.00,28.00,25.54,26.45,M,42.55
LNK,2025-02-28 13:54,62.00,27.00,26.29,17.25,M,39.10
LNK,2025-02-28 14:54,63.00,24.00,22.41,21.85,M,39.10
LNK,2025-02-28 15:54,62.00,24.00,23.21,20.70,M,36.80
LNK,2025-02-28 16:54,60.00,24.00,24.92,25.30,M,35.65
LNK,2025-02-28 17:54,58.00,26.00,29.09,14.95,M,32.20
LNK,2025-02-28 18:54,53.00,26.00,34.88,10.35,M,M
LNK,2025-02-28 19:54,45.00,25.00,45.12,3.45,M,M
LNK,2025-02-28 20:54,42.00,26.00,52.76,8.05,M,M
LNK,2025-02-28 21:54,42.00,29.00,59.69,13.80,M,M
LNK,2025-02-28 22:54,39.00,27.00,61.78,12.65,M,M
LNK,2025-02-28 23:54,34.00,25.00,69.28,6.90,M,M
LNK,2025-03-01 00:54,35.00,25.00,66.57,9.20,M,M
LNK,2025-03-01 01:54,34.00,23.00,63.72,11.50,M,M
LNK,2025-03-01 02:54,32.00,22.00,66.20,10.35,M,M
LNK,2025-03-01 03:54,25.00,19.00,77.62,6.90,M,M
LNK,2025-03-01 04:54,29.00,21.00,71.67,11.50,M,M
LNK,2025-03-01 05:54,28.00,20.00,71.56,9.20,M,M
LNK,2025-03-01 06:54,27.00,20.00,74.57,5.75,10000.00,M
LNK,2025-03-01 07:54,28.00,20.00,71.56,8.05,10000.00,M
LNK,2025-03-01 08:54,30.00,17.00,57.98,16.10,10000.00,M
LNK,2025-03-01 09:54,32.00,17.00,53.46,13.80,M,M
LNK,2025-03-01 10:54,34.00,15.00,45.24,6.90,M,M
LNK,2025-03-01 11:54,36.00,14.00,39.99,6.90,M,M
LNK,2025-03-01 12:54,39.00,15.00,37.13,12.65,9500.00,M
LNK,2025-03-01 13:54,39.00,13.00,34.01,M,9500.00,M
LNK,2025-03-01 14:54,40.00,10.00,28.64,4.60,M,M
LNK,2025-03-01 15:54,41.00,10.00,27.55,5.75,M,M
LNK,2025-03-01 16:54,42.00,9.00,25.34,M,M,M
LNK,2025-03-01 17:54,40.00,11.00,29.94,8.05,M,M
LNK,2025-03-01 18:54,38.00,7.00,27.05,6.90,M,M
LNK,2025-03-01 19:54,36.00,7.00,29.27,9.20,M,M
LNK,2025-03-01 20:54,35.00,7.00,30.45,6.90,M,M
LNK,2025-03-01 21:54,34.00,8.00,33.16,5.75,M,M
LNK,2025-03-01 22:54,34.00,10.00,36.27,8.05,M,M
LNK,2025-03-01 23:54,33.00,9.00,36.10,5.75,M,M
LNK,2025-03-02 00:54,31.00,10.00,40.93,5.75,M,M
LNK,2025-03-02 01:54,31.00,10.00,40.93,6.90,M,M
LNK,2025-03-02 02:54,29.00,10.00,44.40,5.75,M,M
LNK,2025-03-02 03:54,29.00,12.00,48.53,6.90,M,M
LNK,2025-03-02 04:54,29.00,11.00,46.42,8.05,M,M
LNK,2025-03-02 05:54,29.00,10.00,44.40,6.90,M,M
LNK,2025-03-02 06:54,28.00,11.00,48.36,8.05,M,M
LNK,2025-03-02 07:54,30.00,12.00,46.59,8.05,M,M
LNK,2025-03-02 08:54,34.00,13.00,41.44,13.80,M,M
LNK,2025-03-02 09:54,40.00,15.00,35.71,14.95,M,M
LNK,2025-03-02 10:54,46.00,17.00,30.94,13.80,M,M
LNK,2025-03-02 11:54,51.00,19.00,27.96,18.40,M,M
LNK,2025-03-02 12:54,56.00,22.00,26.45,20.70,M,29.90
LNK,2025-03-02 13:54,58.00,23.00,25.67,18.40,M,M
LNK,2025-03-02 14:54,61.00,25.00,25.07,19.55,M,29.90
LNK,2025-03-02 15:54,61.00,26.00,26.14,18.40,M,M
LNK,2025-03-02 16:54,60.00,26.00,27.08,20.70,M,M
LNK,2025-03-02 17:54,55.00,27.00,33.79,16.10,M,M
LNK,2025-03-02 18:54,52.00,27.00,37.72,12.65,M,M
LNK,2025-03-02 19:54,51.00,27.00,39.14,11.50,M,M
LNK,2025-03-02 20:54,49.00,28.00,43.93,10.35,M,M
LNK,2025-03-02 21:54,47.00,28.00,47.36,10.35,M,M
LNK,2025-03-02 22:54,43.00,28.00,55.14,8.05,M,M
LNK,2025-03-02 23:54,45.00,30.00,55.43,11.50,M,M
LNK,2025-03-03 00:54,47.00,31.00,53.52,13.80,M,M
LNK,2025-03-03 01:54,46.00,32.00,57.87,10.35,M,M
LNK,2025-03-03 02:54,44.00,33.00,65.01,11.50,M,M
LNK,2025-03-03 03:54,42.00,33.00,70.19,10.35,M,M
LNK,2025-03-03 04:54,40.00,32.00,72.85,10.35,M,M
LNK,2025-03-03 05:54,44.00,35.00,70.42,11.50,M,M
LNK,2025-03-03 06:54,42.00,34.00,73.06,11.50,M,M
LNK,2025-03-03 07:54,43.00,34.00,70.30,8.05,M,M
LNK,2025-03-03 08:54,48.00,34.00,58.16,11.50,M,M
LNK,2025-03-03 09:54,54.00,39.00,56.74,17.25,M,M
LNK,2025-03-03 10:25,53.00,40.00,61.19,19.55,2300.00,M
LNK,2025-03-03 10:54,55.00,41.00,59.13,21.85,2500.00,M
LNK,2025-03-03 11:15,56.00,40.00,54.85,16.10,2500.00,M
LNK,2025-03-03 11:54,55.00,40.00,56.88,14.95,M,M
LNK,2025-03-03 12:54,57.00,40.00,52.90,18.40,3100.00,M
LNK,2025-03-03 13:54,57.00,41.00,54.99,23.00,3400.00,33.35
LNK,2025-03-03 14:54,59.00,42.00,53.20,21.85,3500.00,32.20
LNK,2025-03-03 15:54,58.00,43.00,57.30,18.40,3500.00,29.90
LNK,2025-03-03 16:54,57.00,43.00,59.40,11.50,3500.00,31.05
LNK,2025-03-03 17:54,57.00,43.00,59.40,20.70,3500.00,31.05
LNK,2025-03-03 18:54,56.00,43.00,61.59,8.05,3300.00,M
LNK,2025-03-03 19:54,55.00,44.00,66.36,8.05,3300.00,M
LNK,2025-03-03 20:54,53.00,44.00,71.39,9.20,3900.00,M
LNK,2025-03-03 21:29,53.00,45.00,74.16,5.75,2700.00,M
LNK,2025-03-03 21:54,54.00,46.00,74.26,9.20,2500.00,M
LNK,2025-03-03 22:30,53.00,47.00,80.00,10.35,1800.00,M
LNK,2025-03-03 22:54,53.00,47.00,80.00,8.05,1400.00,M
LNK,2025-03-03 23:18,52.00,48.00,86.17,6.90,900.00,M
LNK,2025-03-03 23:30,51.00,49.00,92.83,9.20,700.00,M
LNK,2025-03-03 23:54,51.00,49.00,92.83,3.45,600.00,M
LNK,2025-03-04 00:13,51.00,49.00,92.83,6.90,500.00,M
LNK,2025-03-04 00:20,51.00,49.00,92.83,5.75,500.00,M
LNK,2025-03-04 00:28,51.00,49.00,92.83,9.20,500.00,M
LNK,2025-03-04 00:54,51.00,49.00,92.83,4.60,500.00,M
LNK,2025-03-04 01:08,51.00,49.00,92.83,5.75,600.00,M
LNK,2025-03-04 01:54,51.00,49.00,92.83,10.35,1000.00,M
LNK,2025-03-04 02:21,51.00,49.00,92.83,10.35,900.00,M
LNK,2025-03-04 02:44,51.00,50.00,96.36,4.60,1000.00,M
LNK,2025-03-04 02:54,52.00,50.00,92.86,10.35,1000.00,M
LNK,2025-03-04 03:54,53.00,51.00,92.89,10.35,1300.00,M
LNK,2025-03-04 04:54,54.00,52.00,92.92,10.35,1100.00,M
LNK,2025-03-04 05:54,53.00,52.00,96.39,8.05,1100.00,M
LNK,2025-03-04 06:54,53.00,51.00,92.89,0.00,1500.00,M
LNK,2025-03-04 07:14,52.00,50.00,92.86,3.45,1900.00,M
LNK,2025-03-04 07:25,53.00,51.00,92.89,5.75,1800.00,M
LNK,2025-03-04 07:54,53.00,51.00,92.89,9.20,1600.00,M
LNK,2025-03-04 08:29,54.00,52.00,92.92,5.75,2000.00,M
LNK,2025-03-04 08:54,54.00,54.00,100.00,0.00,2000.00,M
LNK,2025-03-04 09:54,56.00,53.00,89.64,5.75,2100.00,M
LNK,2025-03-04 10:54,57.00,53.00,86.45,5.75,2200.00,M
LNK,2025-03-04 11:07,57.00,53.00,86.45,4.60,2200.00,M
LNK,2025-03-04 11:18,57.00,53.00,86.45,4.60,2200.00,M
LNK,2025-03-04 11:32,57.00,53.00,86.45,8.05,900.00,M
LNK,2025-03-04 11:40,57.00,53.00,86.45,8.05,900.00,M
LNK,2025-03-04 11:54,57.00,53.00,86.45,8.05,900.00,M
LNK,2025-03-04 12:40,58.00,53.00,83.39,4.60,1000.00,M
LNK,2025-03-04 12:47,58.00,52.00,80.38,5.75,1200.00,M
LNK,2025-03-04 12:54,55.00,50.00,83.20,31.05,1000.00,39.10
LNK,2025-03-04 13:01,49.00,45.00,86.00,34.50,800.00,48.30
LNK,2025-03-04 13:54,43.00,40.00,89.06,31.05,800.00,48.30
LNK,2025-03-04 14:54,40.00,36.00,85.48,33.35,900.00,48.30
LNK,2025-03-04 15:05,40.00,36.00,85.48,32.20,1000.00,42.55
LNK,2025-03-04 15:54,37.00,33.00,85.29,33.35,1400.00,55.20
LNK,2025-03-04 16:05,37.00,32.00,81.93,36.80,1500.00,54.05
LNK,2025-03-04 16:54,34.00,31.00,88.63,31.05,1500.00,54.05
LNK,2025-03-04 16:58,34.00,31.00,88.63,34.50,1400.00,47.15
LNK,2025-03-04 17:14,34.00,31.00,88.63,35.65,700.00,51.75
LNK,2025-03-04 17:20,33.00,31.00,92.25,35.65,900.00,51.75
LNK,2025-03-04 17:46,33.00,30.00,88.58,32.20,800.00,51.75
LNK,2025-03-04 17:54,33.00,30.00,88.58,32.20,800.00,51.75
LNK,2025-03-04 18:19,33.00,30.00,88.58,41.40,800.00,55.20
LNK,2025-03-04 18:54,33.00,30.00,88.58,36.80,900.00,56.35
LNK,2025-03-04 19:49,32.00,28.40,86.39,37.95,600.00,64.40
LNK,2025-03-04 19:54,32.00,30.00,92.22,31.05,600.00,64.40
LNK,2025-03-04 20:23,31.00,29.00,92.19,36.80,1100.00,60.95
LNK,2025-03-04 20:25,31.00,29.00,92.19,34.50,800.00,60.95
LNK,2025-03-04 20:44,32.00,28.00,84.98,36.80,1900.00,60.95
LNK,2025-03-04 20:54,32.00,27.00,81.55,37.95,1900.00,60.95
LNK,2025-03-04 21:16,32.00,27.00,81.55,34.50,2100.00,54.05
LNK,2025-03-04 21:54,32.00,27.00,81.55,36.80,1900.00,54.05
LNK,2025-03-04 22:04,32.00,26.00,78.25,35.65,1800.00,52.90
LNK,2025-03-04 22:26,31.00,26.00,81.48,36.80,2000.00,55.20
LNK,2025-03-04 22:54,31.00,25.00,78.16,35.65,2100.00,55.20
LNK,2025-03-04 23:20,30.00,24.00,78.07,35.65,2100.00,55.20
LNK,2025-03-04 23:25,30.00,24.00,78.07,37.95,2300.00,55.20
LNK,2025-03-04 23:33,30.00,24.00,78.07,33.35,2300.00,55.20
LNK,2025-03-04 23:42,30.00,24.00,78.07,32.20,2300.00,55.20
LNK,2025-03-04 23:52,30.20,24.80,80.07,29.90,2300.00,55.20
LNK,2025-03-04 23:54,30.00,24.00,78.07,35.65,2300.00,55.20
LNK,2025-03-05 00:24,29.00,22.00,74.77,32.20,2300.00,50.60
LNK,2025-03-05 00:54,29.00,21.00,71.67,29.90,2500.00,59.80
LNK,2025-03-05 01:54,28.00,20.00,71.56,33.35,2100.00,56.35
LNK,2025-03-05 02:54,29.00,19.00,65.81,34.50,2800.00,55.20
LNK,2025-03-05 03:54,26.00,17.00,68.32,36.80,9000.00,58.65
LNK,2025-03-05 04:35,26.00,17.00,68.32,29.90,2900.00,52.90
LNK,2025-03-05 04:54,26.00,17.00,68.32,28.75,2900.00,52.90
LNK,2025-03-05 05:41,25.00,15.00,65.30,31.05,2900.00,60.95
LNK,2025-03-05 05:54,24.00,15.00,68.08,33.35,2700.00,60.95
LNK,2025-03-05 06:09,24.00,15.00,68.08,33.35,2500.00,49.45
LNK,2025-03-05 06:54,25.00,16.00,68.20,32.20,2600.00,49.45
LNK,2025-03-05 07:54,26.00,16.00,65.43,29.90,2700.00,49.45
LNK,2025-03-05 08:26,28.00,17.00,62.91,35.65,2900.00,52.90
LNK,2025-03-05 08:54,28.00,16.00,60.25,34.50,M,54.05
LNK,2025-03-05 09:54,30.00,18.00,60.53,32.20,M,51.75
LNK,2025-03-05 10:54,32.00,19.00,58.27,27.60,M,46.00
LNK,2025-03-05 11:54,33.00,19.00,55.97,26.45,M,44.85
LNK,2025-03-05 12:54,35.00,21.00,56.27,24.15,M,41.40
LNK,2025-03-05 13:54,36.00,21.00,54.08,20.70,M,40.25
LNK,2025-03-05 14:54,38.00,21.00,49.98,20.70,M,37.95
LNK,2025-03-05 15:54,39.00,20.00,46.06,19.55,M,37.95
LNK,2025-03-05 16:54,38.00,18.00,43.97,18.40,M,34.50
LNK,2025-03-05 17:54,37.00,18.00,45.73,17.25,M,M
LNK,2025-03-05 18:54,34.00,19.00,53.77,8.05,M,M
LNK,2025-03-05 19:54,32.00,19.00,58.27,0.00,M,M
LNK,2025-03-05 20:54,30.00,19.00,63.18,4.60,M,M
LNK,2025-03-05 21:54,29.00,18.00,63.05,4.60,M,M
LNK,2025-03-05 22:54,28.00,18.00,65.69,4.60,M,M
LNK,2025-03-05 23:54,22.00,15.00,74.05,0.00,M,M
LNK,2025-03-06 00:54,24.00,17.00,74.26,4.60,M,M
LNK,2025-03-06 01:54,26.00,18.00,71.33,0.00,M,M
LNK,2025-03-06 02:54,24.00,18.00,77.53,3.45,M,M
LNK,2025-03-06 03:54,22.00,17.00,80.77,0.00,M,M
LNK,2025-03-06 04:54,22.00,17.00,80.77,0.00,M,M
LNK,2025-03-06 05:54,23.00,17.00,77.44,3.45,M,M
LNK,2025-03-06 06:54,22.00,17.00,80.77,3.45,M,M
LNK,2025-03-06 07:54,26.00,21.00,81.09,0.00,M,M
LNK,2025-03-06 08:54,31.00,23.00,71.89,3.45,M,M
LNK,2025-03-06 09:54,38.00,25.00,59.13,5.75,M,M
LNK,2025-03-06 10:54,45.00,23.00,41.50,10.35,M,M
LNK,2025-03-06 11:54,45.00,24.00,43.28,11.50,12000.00,M
LNK,2025-03-06 12:54,44.00,24.00,44.96,9.20,9000.00,M
LNK,2025-03-06 13:54,44.00,26.00,48.86,10.35,5500.00,M
LNK,2025-03-06 14:54,43.00,26.00,50.77,10.35,6000.00,M
LNK,2025-03-06 15:54,43.00,25.00,48.70,9.20,5000.00,M
LNK,2025-03-06 16:54,43.00,25.00,48.70,10.35,5500.00,M
LNK,2025-03-06 17:54,41.00,27.00,57.15,9.20,5500.00,M
LNK,2025-03-06 18:54,40.00,28.00,61.91,11.50,9000.00,M
LNK,2025-03-06 19:54,39.00,29.00,67.06,10.35,10000.00,M
LNK,2025-03-06 20:54,39.00,28.00,64.37,6.90,8500.00,M
LNK,2025-03-06 21:54,38.00,28.00,66.94,8.05,8000.00,M
LNK,2025-03-06 22:54,38.00,28.00,66.94,10.35,8000.00,M
LNK,2025-03-06 23:54,37.00,28.00,69.63,11.50,9000.00,M
LNK,2025-03-07 00:54,37.00,28.00,69.63,12.65,9000.00,M
LNK,2025-03-07 01:54,37.00,28.00,69.63,9.20,7000.00,M
LNK,2025-03-07 02:54,37.00,28.00,69.63,10.35,7000.00,M
LNK,2025-03-07 03:54,37.00,28.00,69.63,10.35,7000.00,M
LNK,2025-03-07 04:54,37.00,28.00,69.63,9.20,7000.00,M
LNK,2025-03-07 05:54,37.00,28.00,69.63,13.80,7000.00,M
LNK,2025-03-07 06:54,36.00,29.00,75.46,12.65,5500.00,M
LNK,2025-03-07 07:54,37.00,31.00,78.69,19.55,7500.00,M
LNK,2025-03-07 08:54,38.00,32.00,78.77,16.10,1600.00,29.90
LNK,2025-03-07 09:04,38.00,32.00,78.77,14.95,1400.00,M
LNK,2025-03-07 09:41,38.00,33.00,82.00,16.10,1200.00,M
LNK,2025-03-07 09:54,39.00,33.00,78.86,16.10,3900.00,M
LNK,2025-03-07 10:18,39.00,34.00,82.08,16.10,1100.00,M
LNK,2025-03-07 10:54,37.00,34.00,88.78,18.40,800.00,M
LNK,2025-03-07 11:54,38.00,35.00,88.83,19.55,900.00,M
LNK,2025-03-07 12:31,39.00,35.00,85.42,19.55,1000.00,29.90
LNK,2025-03-07 12:54,38.00,34.00,85.35,20.70,1000.00,29.90
LNK,2025-03-07 13:54,39.00,34.00,82.08,21.85,1100.00,M
LNK,2025-03-07 14:54,39.00,34.00,82.08,18.40,1000.00,M
LNK,2025-03-07 15:54,39.00,34.00,82.08,17.25,1100.00,M
LNK,2025-03-07 16:54,38.00,33.00,82.00,16.10,1200.00,M
LNK,2025-03-07 17:54,37.00,31.00,78.69,11.50,1200.00,M
LNK,2025-03-07 18:16,37.00,30.00,75.56,12.65,1500.00,M
LNK,2025-03-07 18:54,36.00,29.00,75.46,12.65,1800.00,M
LNK,2025-03-07 19:32,34.00,28.00,78.43,11.50,1700.00,M
LNK,2025-03-07 19:54,33.00,27.00,78.34,11.50,M,M
LNK,2025-03-07 20:54,32.00,27.00,81.55,4.60,M,M
LNK,2025-03-07 21:54,31.00,26.00,81.48,4.60,M,M
LNK,2025-03-07 22:54,31.00,24.00,74.97,4.60,M,M
LNK,2025-03-07 23:54,30.00,22.00,71.78,5.75,M,M
LNK,2025-03-08 00:54,28.00,21.00,74.67,4.60,M,M
LNK,2025-03-08 01:54,22.00,18.00,84.33,3.45,M,M
LNK,2025-03-08 02:54,25.00,20.00,81.01,3.45,M,M
LNK,2025-03-08 03:54,23.00,19.00,84.39,0.00,M,M
LNK,2025-03-08 04:54,22.00,17.00,80.77,0.00,M,M
LNK,2025-03-08 05:54,23.00,18.00,80.85,0.00,M,M
LNK,2025-03-08 06:54,16.00,13.00,87.70,4.60,M,M
LNK,2025-03-08 07:54,24.00,21.00,88.13,4.60,M,M
LNK,2025-03-08 08:54,30.00,23.00,74.87,3.45,M,M
LNK,2025-03-08 09:54,37.00,26.00,64.11,5.75,M,M
LNK,2025-03-08 10:54,42.00,26.00,52.76,6.90,M,M
LNK,2025-03-08 11:54,48.00,24.00,38.64,9.20,M,M
LNK,2025-03-08 12:54,52.00,25.00,34.72,11.50,M,M
LNK,2025-03-08 13:54,55.00,22.00,27.43,12.65,M,M
LNK,2025-03-08 14:54,57.00,21.00,24.45,9.20,M,M
LNK,2025-03-08 15:54,58.00,22.00,24.61,8.05,M,M
LNK,2025-03-08 16:54,58.00,25.00,27.91,6.90,M,M
LNK,2025-03-08 17:54,56.00,24.00,28.77,3.45,M,M
LNK,2025-03-08 18:54,50.00,24.00,35.86,3.45,M,M
LNK,2025-03-08 19:54,40.00,23.00,50.30,0.00,M,M
LNK,2025-03-08 20:54,33.00,23.00,66.32,3.45,M,M
LNK,2025-03-08 21:54,35.00,24.00,63.85,0.00,M,M
LNK,2025-03-08 22:54,29.00,21.00,71.67,0.00,M,M
LNK,2025-03-08 23:54,29.00,21.00,71.67,0.00,M,M
LNK,2025-03-09 00:54,27.00,20.00,74.57,0.00,M,M
LNK,2025-03-09 01:54,25.00,20.00,81.01,0.00,M,M
LNK,2025-03-09 03:54,26.00,20.00,77.71,0.00,M,M
LNK,2025-03-09 04:54,27.00,20.00,74.57,0.00,M,M
LNK,2025-03-09 05:54,28.00,22.00,77.89,0.00,M,M
LNK,2025-03-09 06:54,24.00,19.00,80.93,5.75,M,M
LNK,2025-03-09 07:54,26.00,21.00,81.09,0.00,M,M
LNK,2025-03-09 08:54,31.00,25.00,78.16,0.00,M,M
LNK,2025-03-09 09:54,39.00,27.00,61.78,4.60,M,M
LNK,2025-03-09 10:54,49.00,29.00,45.77,5.75,M,M
LNK,2025-03-09 11:54,58.00,27.00,30.32,10.35,M,M
LNK,2025-03-09 12:54,62.00,25.00,24.20,14.95,M,M
LNK,2025-03-09 13:54,65.00,26.00,22.71,12.65,M,M
LNK,2025-03-09 14:54,67.00,24.00,19.49,12.65,M,M
LNK,2025-03-09 15:54,68.00,26.00,20.47,12.65,M,M
LNK,2025-03-09 16:54,69.00,26.00,19.77,11.50,M,M
LNK,2025-03-09 17:54,69.00,26.00,19.77,10.35,M,M
LNK,2025-03-09 18:54,66.00,27.00,22.86,6.90,M,M
LNK,2025-03-09 19:54,56.00,27.00,32.59,3.45,M,M
LNK,2025-03-09 20:54,49.00,26.00,40.45,0.00,M,M
LNK,2025-03-09 21:54,39.00,26.00,59.27,0.00,M,M
LNK,2025-03-09 22:54,35.00,26.00,69.39,3.45,M,M
LNK,2025-03-09 23:54,37.00,27.00,66.82,3.45,M,M
LNK,2025-03-10 00:54,34.00,25.00,69.28,0.00,M,M
LNK,2025-03-10 01:54,33.00,25.00,72.11,0.00,M,M
LNK,2025-03-10 02:54,33.00,25.00,72.11,4.60,M,M
LNK,2025-03-10 03:54,32.00,24.00,72.00,4.60,M,M
LNK,2025-03-10 04:54,32.00,25.00,75.07,5.75,M,M
LNK,2025-03-10 05:54,33.00,25.00,72.11,4.60,M,M
LNK,2025-03-10 06:54,31.00,24.00,74.97,4.60,M,M
LNK,2025-03-10 07:54,31.00,24.00,74.97,5.75,M,M
LNK,2025-03-10 08:54,40.00,30.00,67.18,5.75,M,M
LNK,2025-03-10 09:54,51.00,30.00,44.26,5.75,M,M
LNK,2025-03-10 10:54,61.00,29.00,29.57,10.35,M,M
LNK,2025-03-10 11:54,68.00,29.00,23.16,12.65,M,M
LNK,2025-03-10 12:54,74.00,28.00,18.12,16.10,M,M
LNK,2025-03-10 13:54,78.00,27.00,15.22,19.55,M,M
LNK,2025-03-10 14:54,82.00,21.00,10.39,21.85,M,36.80
LNK,2025-03-10 15:54,82.00,20.00,9.96,25.30,M,36.80
LNK,2025-03-10 16:54,83.00,19.00,9.24,20.70,M,35.65
LNK,2025-03-10 17:54,82.00,21.00,10.39,17.25,M,35.65
LNK,2025-03-10 18:54,79.00,23.00,12.47,11.50,M,M
LNK,2025-03-10 19:54,72.00,23.00,15.75,8.05,M,M
LNK,2025-03-10 20:54,66.00,24.00,20.18,6.90,M,M
LNK,2025-03-10 21:54,55.00,24.00,29.83,0.00,M,M
LNK,2025-03-10 22:54,55.00,23.00,28.61,0.00,M,M
LNK,2025-03-10 23:54,49.00,24.00,37.22,0.00,M,M
LNK,2025-03-11 00:54,46.00,24.00,41.67,0.00,M,M
LNK,2025-03-11 01:54,39.00,24.00,54.54,0.00,M,M
LNK,2025-03-11 02:54,40.00,25.00,54.69,0.00,M,M
LNK,2025-03-11 03:54,33.00,24.00,69.16,9.20,M,M
LNK,2025-03-11 04:54,45.00,33.00,62.58,17.25,M,M
LNK,2025-03-11 05:54,41.00,31.00,67.30,11.50,M,M
LNK,2025-03-11 06:54,39.00,31.00,72.75,10.35,M,M
LNK,2025-03-11 07:54,36.00,29.00,75.46,12.65,M,M
LNK,2025-03-11 08:54,38.00,29.00,69.74,20.70,M,M
LNK,2025-03-11 09:54,40.00,29.00,64.50,17.25,M,M
LNK,2025-03-11 10:54,43.00,29.00,57.44,16.10,M,M
LNK,2025-03-11 11:54,46.00,30.00,53.37,12.65,M,M
LNK,2025-03-11 12:54,50.00,31.00,47.83,10.35,M,M
LNK,2025-03-11 13:54,52.00,31.00,44.42,11.50,M,M
LNK,2025-03-11 14:54,54.00,31.00,41.27,10.35,M,M
LNK,2025-03-11 15:54,57.00,30.00,35.54,8.05,M,M
LNK,2025-03-11 16:54,58.00,29.00,32.91,9.20,M,M
LNK,2025-03-11 17:54,58.00,29.00,32.91,10.35,M,M
LNK,2025-03-11 18:54,55.00,29.00,36.69,10.35,M,M
LNK,2025-03-11 19:54,47.00,27.00,45.45,4.60,M,M
LNK,2025-03-11 20:54,45.00,28.00,51.08,4.60,M,M
LNK,2025-03-11 21:54,35.00,25.00,66.57,4.60,M,M
LNK,2025-03-11 22:54,33.00,25.00,72.11,0.00,M,M
LNK,2025-03-11 23:54,34.00,26.00,72.22,5.75,M,M
LNK,2025-03-12 00:54,35.00,27.00,72.32,6.90,M,M
LNK,2025-03-12 01:54,30.00,25.00,81.40,0.00,M,M
LNK,2025-03-12 02:54,29.00,24.00,81.32,5.75,M,M
LNK,2025-03-12 03:54,28.00,24.00,84.72,4.60,M,M
LNK,2025-03-12 04:54,28.00,23.00,81.25,4.60,M,M
LNK,2025-03-12 05:54,29.00,24.00,81.32,5.75,M,M
LNK,2025-03-12 06:54,27.00,23.00,84.66,4.60,M,M
LNK,2025-03-12 07:54,27.00,23.00,84.66,6.90,M,M
LNK,2025-03-12 08:54,32.00,26.00,78.25,4.60,M,M
LNK,2025-03-12 09:54,38.00,31.00,75.65,0.00,M,M
LNK,2025-03-12 10:54,45.00,33.00,62.58,0.00,M,M
LNK,2025-03-12 11:54,52.00,36.00,54.26,0.00,M,M
LNK,2025-03-12 12:54,60.00,37.00,42.24,4.60,M,M
LNK,2025-03-12 13:54,68.00,38.00,33.20,4.60,M,M
LNK,2025-03-12 14:54,71.00,34.00,25.58,8.05,M,M
LNK,2025-03-12 15:54,74.00,33.00,22.20,4.60,M,M
LNK,2025-03-12 16:54,74.00,32.00,21.33,8.05,M,M
LNK,2025-03-12 17:54,74.00,32.00,21.33,4.60,M,M
LNK,2025-03-12 18:54,70.00,33.00,25.42,5.75,M,M
LNK,2025-03-12 19:54,59.00,32.00,35.87,5.75,M,M
LNK,2025-03-12 20:54,55.00,33.00,43.14,0.00,M,M
LNK,2025-03-12 21:54,49.00,33.00,53.82,0.00,M,M
LNK,2025-03-12 22:54,42.00,30.00,62.18,3.45,M,M
LNK,2025-03-12 23:54,42.00,30.00,62.18,0.00,M,M
LNK,2025-03-13 00:54,39.00,29.00,67.06,0.00,M,M
LNK,2025-03-13 01:54,36.00,28.00,72.43,0.00,M,M
LNK,2025-03-13 02:54,36.00,29.00,75.46,4.60,M,M
LNK,2025-03-13 03:54,37.00,31.00,78.69,5.75,M,M
LNK,2025-03-13 04:54,32.00,26.00,78.25,5.75,M,M
LNK,2025-03-13 05:54,33.00,27.00,78.34,0.00,M,M
LNK,2025-03-13 06:54,28.00,24.00,84.72,0.00,M,M
LNK,2025-03-13 07:54,31.00,27.00,84.92,0.00,M,M
LNK,2025-03-13 08:54,37.00,31.00,78.69,0.00,M,M
LNK,2025-03-13 09:54,45.00,34.00,65.13,0.00,M,M
LNK,2025-03-13 10:54,56.00,37.00,48.77,4.60,M,M
LNK,2025-03-13 11:54,67.00,41.00,38.63,9.20,M,M
LNK,2025-03-13 12:54,75.00,42.00,30.59,9.20,M,M
LNK,2025-03-13 13:54,78.00,38.00,23.70,11.50,M,M
LNK,2025-03-13 14:54,79.00,36.00,21.19,13.80,M,M
LNK,2025-03-13 15:54,80.00,35.00,19.71,16.10,M,M
LNK,2025-03-13 16:54,80.00,35.00,19.71,17.25,M,M
LNK,2025-03-13 17:54,77.00,39.00,25.47,16.10,M,M
LNK,2025-03-13 18:54,74.00,37.00,26.03,14.95,M,M
LNK,2025-03-13 19:54,67.00,36.00,31.76,10.35,M,29.90
LNK,2025-03-13 20:54,68.00,38.00,33.20,10.35,M,M
LNK,2025-03-13 21:54,65.00,38.00,36.84,11.50,M,M
LNK,2025-03-13 22:54,64.00,39.00,39.67,16.10,M,M
LNK,2025-03-13 23:54,61.00,40.00,45.85,13.80,M,M
LNK,2025-03-14 00:54,62.00,41.00,46.00,17.25,M,M
LNK,2025-03-14 01:54,62.00,40.00,44.25,20.70,M,29.90
LNK,2025-03-14 02:54,61.00,39.00,44.10,18.40,M,M
LNK,2025-03-14 03:54,59.00,38.00,45.53,16.10,M,29.90
LNK,2025-03-14 04:54,58.00,38.00,47.20,18.40,M,M
LNK,2025-03-14 05:54,58.00,37.00,45.38,21.85,M,31.05
LNK,2025-03-14 06:54,56.00,37.00,48.77,20.70,M,32.20
LNK,2025-03-14 07:54,54.00,37.00,52.45,18.40,M,31.05
LNK,2025-03-14 08:54,57.00,38.00,48.93,16.10,M,M
LNK,2025-03-14 09:54,63.00,37.00,37.99,24.15,M,31.05
LNK,2025-03-14 10:54,67.00,35.00,30.53,19.55,M,33.35
LNK,2025-03-14 11:54,68.00,34.00,28.34,24.15,3800.00,46.00
LNK,2025-03-14 12:54,73.00,37.00,26.92,24.15,3300.00,35.65
LNK,2025-03-14 13:54,75.00,38.00,26.18,26.45,M,37.95
LNK,2025-03-14 14:54,75.00,43.00,31.79,24.15,12000.00,42.55
LNK,2025-03-14 15:54,74.00,41.00,30.43,23.00,4300.00,39.10
LNK,2025-03-14 16:16,73.00,43.00,34.00,18.40,9500.00,M
LNK,2025-03-14 16:28,64.00,47.00,53.92,17.25,7500.00,34.50
LNK,2025-03-14 16:54,58.00,46.00,64.24,26.45,4400.00,39.10
LNK,2025-03-14 17:11,59.00,41.00,51.18,13.80,6000.00,31.05
LNK,2025-03-14 17:35,58.00,40.00,51.03,10.35,7500.00,31.05
LNK,2025-03-14 17:54,59.00,39.00,47.35,11.50,6500.00,31.05
LNK,2025-03-14 18:54,57.00,40.00,52.90,0.00,10000.00,M
LNK,2025-03-14 19:54,57.00,40.00,52.90,3.45,9500.00,M
LNK,2025-03-14 20:54,52.00,40.00,63.48,19.55,5000.00,39.10
LNK,2025-03-14 21:01,51.00,41.00,68.48,10.35,5000.00,M
LNK,2025-03-14 21:54,53.00,39.00,58.85,11.50,7000.00,M
LNK,2025-03-14 22:54,53.00,40.00,61.19,6.90,6000.00,M
LNK,2025-03-14 23:25,47.00,42.00,82.65,31.05,6000.00,46.00
LNK,2025-03-14 23:54,46.00,41.00,82.58,27.60,2300.00,49.45
LNK,2025-03-15 00:54,43.00,37.00,79.19,20.70,1500.00,43.70
LNK,2025-03-15 01:54,43.00,35.00,73.16,26.45,4500.00,37.95
LNK,2025-03-15 02:18,42.00,35.00,76.03,18.40,2300.00,40.25
LNK,2025-03-15 02:54,42.00,35.00,76.03,23.00,1900.00,40.25
LNK,2025-03-15 03:54,41.00,33.00,72.96,25.30,1900.00,39.10
LNK,2025-03-15 04:01,40.00,33.00,75.84,27.60,1800.00,46.00
LNK,2025-03-15 04:54,39.00,32.00,75.75,20.70,1600.00,46.00
LNK,2025-03-15 05:54,37.00,29.00,72.54,28.75,1800.00,40.25
LNK,2025-03-15 06:04,37.00,29.00,72.54,25.30,2000.00,39.10
LNK,2025-03-15 06:54,37.00,28.00,69.63,23.00,2100.00,49.45
LNK,2025-03-15 07:54,37.00,27.00,66.82,25.30,2300.00,36.80
LNK,2025-03-15 08:54,36.00,27.00,69.51,16.10,2100.00,34.50
LNK,2025-03-15 09:54,37.00,29.00,72.54,13.80,2000.00,M
LNK,2025-03-15 10:10,36.00,28.00,72.43,17.25,1800.00,M
LNK,2025-03-15 10:18,36.00,27.00,69.51,19.55,2000.00,M
LNK,2025-03-15 10:54,37.00,26.00,64.11,20.70,2600.00,M
LNK,2025-03-15 11:23,37.00,25.00,61.50,20.70,2800.00,35.65
LNK,2025-03-15 11:54,39.00,26.00,59.27,21.85,7000.00,35.65
LNK,2025-03-15 12:54,42.00,25.00,50.61,25.30,M,34.50
LNK,2025-03-15 13:54,44.00,24.00,44.96,23.00,M,35.65
LNK,2025-03-15 14:54,47.00,23.00,38.48,23.00,M,39.10
LNK,2025-03-15 15:54,47.00,23.00,38.48,23.00,10000.00,35.65
LNK,2025-03-15 16:54,48.00,22.00,35.53,19.55,11000.00,31.05
LNK,2025-03-15 17:54,45.00,22.00,39.79,21.85,M,34.50
LNK,2025-03-15 18:54,42.00,21.00,42.78,24.15,M,40.25
LNK,2025-03-15 19:54,38.00,20.00,47.90,17.25,M,34.50
LNK,2025-03-15 20:54,36.00,22.00,56.42,10.35,M,M
LNK,2025-03-15 21:54,36.00,21.00,54.08,11.50,M,M
LNK,2025-03-15 22:54,35.00,21.00,56.27,9.20,M,M
LNK,2025-03-15 23:54,35.00,20.00,53.93,11.50,M,M
LNK,2025-03-16 00:54,33.00,20.00,58.41,13.80,M,M
LNK,2025-03-16 01:54,31.00,20.00,63.32,9.20,M,M
LNK,2025-03-16 02:54,30.00,20.00,65.94,8.05,M,M
LNK,2025-03-16 03:54,29.00,19.00,65.81,5.75,M,M
LNK,2025-03-16 04:54,26.00,18.00,71.33,5.75,M,M
LNK,2025-03-16 05:54,28.00,18.00,65.69,3.45,M,M
LNK,2025-03-16 06:54,26.00,17.00,68.32,5.75,M,M
LNK,2025-03-16 07:54,25.00,17.00,71.22,3.45,M,M
LNK,2025-03-16 08:54,28.00,18.00,65.69,5.75,M,M
LNK,2025-03-16 09:54,32.00,17.00,53.46,5.75,M,M
LNK,2025-03-16 10:54,36.00,18.00,47.58,4.60,M,M
LNK,2025-03-16 11:54,41.00,17.00,37.47,0.00,M,M
LNK,2025-03-16 12:54,45.00,14.00,28.20,3.45,M,M
LNK,2025-03-16 13:54,49.00,16.00,26.47,5.75,M,M
LNK,2025-03-16 14:54,53.00,15.00,21.85,10.35,M,M
LNK,2025-03-16 15:54,55.00,10.00,16.29,6.90,M,M
LNK,2025-03-16 16:54,56.00,11.00,16.42,5.75,M,M
LNK,2025-03-16 17:54,57.00,13.00,17.30,13.80,M,M
LNK,2025-03-16 18:54,54.00,14.00,20.16,13.80,M,M
LNK,2025-03-16 19:54,44.00,16.00,31.97,9.20,M,M
LNK,2025-03-16 20:54,43.00,18.00,36.22,10.35,M,M
LNK,2025-03-16 21:54,46.00,17.00,30.94,13.80,M,M
LNK,2025-03-16 22:54,43.00,18.00,36.22,11.50,M,M
LNK,2025-03-16 23:54,43.00,18.00,36.22,11.50,M,M
LNK,2025-03-17 00:54,45.00,19.00,35.02,13.80,M,M
LNK,2025-03-17 01:54,45.00,20.00,36.55,16.10,M,M
LNK,2025-03-17 02:54,42.00,21.00,42.78,12.65,M,M
LNK,2025-03-17 03:54,41.00,22.00,46.39,13.80,M,M
LNK,2025-03-17 04:54,42.00,22.00,44.63,9.20,M,M
LNK,2025-03-17 05:54,42.00,22.00,44.63,11.50,M,M
LNK,2025-03-17 06:54,43.00,22.00,42.95,11.50,M,M
LNK,2025-03-17 07:54,42.00,22.00,44.63,8.05,M,M
LNK,2025-03-17 08:54,47.00,24.00,40.12,10.35,M,M
LNK,2025-03-17 09:54,54.00,25.00,32.26,12.65,M,M
LNK,2025-03-17 10:54,60.00,26.00,27.08,11.50,M,M
LNK,2025-03-17 11:54,67.00,26.00,21.18,10.35,M,M
LNK,2025-03-17 12:54,73.00,26.00,17.26,17.25,M,M
LNK,2025-03-17 13:54,80.00,23.00,12.07,19.55,M,M
LNK,2025-03-17 14:54,82.00,23.00,11.31,20.70,M,32.20
LNK,2025-03-17 15:54,85.00,17.00,7.95,23.00,M,33.35
LNK,2025-03-17 16:54,84.00,15.00,7.52,18.40,M,40.25
LNK,2025-03-17 17:54,83.00,17.00,8.48,19.55,M,31.05
LNK,2025-03-17 18:54,79.00,22.00,11.96,11.50,M,29.90
LNK,2025-03-17 19:54,63.00,26.00,24.35,9.20,M,M
LNK,2025-03-17 20:54,67.00,28.00,23.01,12.65,M,M
LNK,2025-03-17 21:54,59.00,29.00,31.76,8.05,M,M
LNK,2025-03-17 22:54,56.00,29.00,35.38,9.20,M,M
LNK,2025-03-17 23:54,56.00,30.00,36.85,4.60,M,M
LNK,2025-03-18 00:54,54.00,32.00,42.98,5.75,M,M
LNK,2025-03-18 01:54,51.00,31.00,46.09,0.00,M,M
LNK,2025-03-18 02:54,41.00,31.00,67.30,0.00,M,M
LNK,2025-03-18 03:54,48.00,32.00,53.67,0.00,M,M
LNK,2025-03-18 04:54,44.00,32.00,62.44,10.35,M,M
LNK,2025-03-18 05:54,42.00,31.00,64.75,3.45,M,M
LNK,2025-03-18 06:54,44.00,32.00,62.44,6.90,M,M
LNK,2025-03-18 07:54,39.00,31.00,72.75,4.60,M,M
LNK,2025-03-18 08:54,44.00,35.00,70.42,8.05,M,M
LNK,2025-03-18 09:54,51.00,37.00,58.58,5.75,M,M
LNK,2025-03-18 10:54,56.00,37.00,48.77,3.45,M,M
LNK,2025-03-18 11:54,61.00,37.00,40.77,6.90,M,M
LNK,2025-03-18 12:54,63.00,37.00,37.99,8.05,M,M
LNK,2025-03-18 13:54,67.00,37.00,33.04,4.60,M,M
LNK,2025-03-18 14:54,68.00,37.00,31.92,5.75,M,M
LNK,2025-03-18 15:54,72.00,37.00,27.85,3.45,M,M
LNK,2025-03-18 16:54,73.00,37.00,26.92,9.20,M,M
LNK,2025-03-18 17:54,71.00,37.00,28.81,9.20,M,M
LNK,2025-03-18 18:54,68.00,37.00,31.92,10.35,M,M
LNK,2025-03-18 19:54,61.00,39.00,44.10,12.65,M,M
LNK,2025-03-18 20:54,59.00,40.00,49.23,20.70,M,M
LNK,2025-03-18 21:54,56.00,38.00,50.73,24.15,M,36.80
LNK,2025-03-18 22:54,51.00,33.00,49.96,27.60,M,43.70
LNK,2025-03-18 23:54,48.00,31.00,51.54,34.50,8000.00,49.45
LNK,2025-03-19 00:22,45.00,32.00,60.11,27.60,7000.00,47.15
LNK,2025-03-19 00:43,43.00,33.00,67.54,26.45,9000.00,47.15
LNK,2025-03-19 00:54,43.00,33.00,67.54,19.55,8000.00,47.15
LNK,2025-03-19 01:18,41.00,33.00,72.96,24.15,5500.00,34.50
LNK,2025-03-19 01:33,40.00,33.00,75.84,25.30,3200.00,36.80
LNK,2025-03-19 01:54,40.00,33.00,75.84,19.55,4900.00,36.80
LNK,2025-03-19 02:12,39.00,32.00,75.75,25.30,3700.00,40.25
LNK,2025-03-19 02:54,38.00,32.00,78.77,28.75,6000.00,41.40
LNK,2025-03-19 03:22,38.00,32.00,78.77,31.05,1800.00,44.85
LNK,2025-03-19 03:54,38.00,32.00,78.77,29.90,1600.00,50.60
LNK,2025-03-19 04:18,37.00,32.00,81.93,28.75,1400.00,44.85
LNK,2025-03-19 04:30,37.00,32.00,81.93,25.30,1400.00,48.30
LNK,2025-03-19 04:54,36.00,32.00,85.23,33.35,1400.00,48.30
LNK,2025-03-19 05:54,35.00,31.00,85.17,31.05,1100.00,48.30
LNK,2025-03-19 06:09,35.00,31.00,85.17,40.25,900.00,55.20
LNK,2025-03-19 06:17,35.00,31.00,85.17,40.25,1200.00,55.20
LNK,2025-03-19 06:24,35.00,31.00,85.17,35.65,1200.00,55.20
LNK,2025-03-19 06:32,34.00,31.00,88.63,35.65,1100.00,56.35
LNK,2025-03-19 06:41,34.00,31.00,88.63,39.10,1100.00,60.95
LNK,2025-03-19 06:52,33.80,30.20,86.49,42.55,900.00,60.95
LNK,2025-03-19 06:54,34.00,31.00,88.63,40.25,900.00,60.95
LNK,2025-03-19 07:04,34.00,31.00,88.63,40.25,1100.00,60.95
LNK,2025-03-19 07:11,34.00,31.00,88.63,48.30,900.00,63.25
LNK,2025-03-19 07:25,34.00,31.00,88.63,41.40,700.00,63.25
LNK,2025-03-19 07:42,34.00,31.00,88.63,33.35,600.00,63.25
LNK,2025-03-19 07:54,34.00,31.00,88.63,29.90,600.00,63.25
LNK,2025-03-19 08:02,34.00,31.00,88.63,28.75,600.00,46.00
LNK,2025-03-19 08:29,33.00,31.00,92.25,32.20,500.00,49.45
LNK,2025-03-19 08:38,33.00,31.00,92.25,32.20,500.00,49.45
LNK,2025-03-19 08:50,33.80,32.00,93.03,32.20,400.00,51.75
LNK,2025-03-19 08:54,33.00,32.00,96.06,29.90,400.00,51.75
LNK,2025-03-19 09:13,33.00,32.00,96.06,32.20,500.00,52.90
LNK,2025-03-19 09:31,33.00,33.00,100.00,33.35,500.00,52.90
LNK,2025-03-19 09:46,33.00,33.00,100.00,36.80,500.00,52.90
LNK,2025-03-19 09:54,33.00,33.00,100.00,37.95,400.00,52.90
LNK,2025-03-19 10:04,33.00,33.00,100.00,37.95,500.00,56.35
LNK,2025-03-19 10:36,33.00,32.00,96.06,39.10,700.00,60.95
LNK,2025-03-19 10:54,34.00,32.00,92.29,39.10,800.00,60.95
LNK,2025-03-19 11:08,33.00,32.00,96.06,37.95,800.00,73.60
LNK,2025-03-19 11:27,33.00,32.00,96.06,M,M,73.60
LNK,2025-03-19 11:34,33.00,32.00,96.06,M,M,73.60
LNK,2025-03-19 11:54,M,M,M,M,M,73.60
LNK,2025-03-19 12:54,M,M,M,M,M,M
LNK,2025-03-19 13:54,M,M,M,M,M,M
LNK,2025-03-19 14:54,M,M,M,M,M,M
LNK,2025-03-19 15:54,M,M,M,M,M,M
LNK,2025-03-19 16:54,M,M,M,M,M,M
LNK,2025-03-19 17:54,M,M,M,M,M,M
LNK,2025-03-19 18:54,M,M,M,M,M,M
LNK,2025-03-19 19:54,M,M,M,M,M,M
LNK,2025-03-19 20:54,M,M,M,M,M,M
LNK,2025-03-19 21:54,M,M,M,M,M,M
LNK,2025-03-19 22:54,M,M,M,M,M,M
LNK,2025-03-19 23:54,M,M,M,M,M,M
LNK,2025-03-20 00:54,M,M,M,M,M,M
LNK,2025-03-20 01:54,M,M,M,M,M,M
LNK,2025-03-20 02:54,M,M,M,M,M,M
LNK,2025-03-20 03:54,M,M,M,M,M,M
LNK,2025-03-20 04:54,26.00,M,M,M,M,M
LNK,2025-03-20 05:54,M,M,M,M,M,M
LNK,2025-03-20 06:54,21.00,14.00,73.94,M,M,M
LNK,2025-03-20 07:54,M,M,M,M,M,M
LNK,2025-03-20 08:54,23.00,16.00,74.15,M,M,M
LNK,2025-03-20 09:54,28.00,18.00,65.69,6.90,M,M
LNK,2025-03-20 10:54,31.00,21.00,66.07,5.75,M,M
LNK,2025-03-20 11:54,35.00,23.00,61.23,8.05,M,M
LNK,2025-03-20 12:54,38.00,25.00,59.13,8.05,M,M
LNK,2025-03-20 13:54,41.00,25.00,52.61,11.50,M,M
LNK,2025-03-20 14:54,43.00,26.00,50.77,8.05,M,M
LNK,2025-03-20 15:54,46.00,29.00,51.24,10.35,M,M
LNK,2025-03-20 16:54,49.00,29.00,45.77,9.20,M,M
LNK,2025-03-20 17:54,51.00,29.00,42.49,16.10,M,M
LNK,2025-03-20 18:54,50.00,30.00,45.93,12.65,M,M
LNK,2025-03-20 19:54,44.00,30.00,57.59,10.35,M,M
LNK,2025-03-20 20:54,39.00,30.00,69.85,11.50,M,M
LNK,2025-03-20 21:54,39.00,30.00,69.85,12.65,M,M
LNK,2025-03-20 22:54,37.00,29.00,72.54,10.35,M,M
LNK,2025-03-20 23:54,45.00,30.00,55.43,14.95,M,M
LNK,2025-03-21 00:54,46.00,30.00,53.37,19.55,M,M
LNK,2025-03-21 01:54,46.00,29.00,51.24,18.40,M,31.05
LNK,2025-03-21 02:54,45.00,29.00,53.22,13.80,M,M
LNK,2025-03-21 03:54,44.00,29.00,55.29,13.80,M,M
LNK,2025-03-21 04:54,43.00,29.00,57.44,12.65,M,M
LNK,2025-03-21 05:54,41.00,29.00,62.04,6.90,M,M
LNK,2025-03-21 06:54,40.00,28.00,61.91,0.00,M,M
LNK,2025-03-21 07:54,41.00,29.00,62.04,0.00,M,M
LNK,2025-03-21 08:54,41.00,30.00,64.63,4.60,M,M
LNK,2025-03-21 09:54,43.00,31.00,62.31,5.75,M,M
LNK,2025-03-21 10:54,47.00,32.00,55.73,11.50,M,M
LNK,2025-03-21 11:54,53.00,37.00,54.41,16.10,M,M
LNK,2025-03-21 12:54,56.00,38.00,50.73,23.00,M,32.20
LNK,2025-03-21 13:54,58.00,37.00,45.38,21.85,M,36.80
LNK,2025-03-21 14:54,59.00,35.00,40.45,21.85,M,40.25
LNK,2025-03-21 15:54,57.00,31.00,37.01,26.45,M,42.55
LNK,2025-03-21 16:54,55.00,32.00,41.44,25.30,M,42.55
LNK,2025-03-21 17:54,56.00,32.00,39.96,13.80,M,34.50
LNK,2025-03-21 18:54,56.00,32.00,39.96,11.50,M,M
LNK,2025-03-21 19:54,52.00,32.00,46.25,4.60,M,M
LNK,2025-03-21 20:54,45.00,31.00,57.73,0.00,M,M
LNK,2025-03-21 21:54,45.00,32.00,60.11,0.00,M,M
LNK,2025-03-21 22:54,41.00,31.00,67.30,3.45,M,M
LNK,2025-03-21 23:54,35.00,29.00,78.51,0.00,M,M
LNK,2025-03-22 00:54,32.00,27.00,81.55,0.00,M,M
LNK,2025-03-22 01:54,30.00,27.00,88.44,3.45,M,M
LNK,2025-03-22 02:54,29.00,25.00,84.79,0.00,M,M
LNK,2025-03-22 03:54,30.00,26.00,84.85,0.00,M,M
LNK,2025-03-22 04:54,30.00,26.00,84.85,0.00,M,M
LNK,2025-03-22 05:54,28.00,24.00,84.72,0.00,M,M
LNK,2025-03-22 06:54,28.00,25.00,88.33,0.00,M,M
LNK,2025-03-22 07:54,27.00,24.00,88.28,0.00,M,M
LNK,2025-03-22 08:54,35.00,30.00,81.78,0.00,M,M
LNK,2025-03-22 09:54,43.00,33.00,67.54,11.50,M,M
LNK,2025-03-22 10:54,52.00,36.00,54.26,11.50,M,M
LNK,2025-03-22 11:54,60.00,31.00,33.24,10.35,M,M
LNK,2025-03-22 12:54,63.00,26.00,24.35,17.25,M,M
LNK,2025-03-22 13:54,63.00,26.00,24.35,21.85,10000.00,M
LNK,2025-03-22 14:54,66.00,25.00,21.04,24.15,M,33.35
LNK,2025-03-22 15:54,69.00,25.00,18.97,28.75,M,39.10
LNK,2025-03-22 16:54,69.00,24.00,18.19,20.70,M,40.25
LNK,2025-03-22 17:54,66.00,24.00,20.18,27.60,M,42.55
LNK,2025-03-22 18:54,65.00,24.00,20.89,16.10,M,36.80
LNK,2025-03-22 19:54,61.00,26.00,26.14,13.80,11000.00,M
LNK,2025-03-22 20:54,59.00,26.00,28.07,17.25,12000.00,M
LNK,2025-03-22 21:54,57.00,28.00,32.75,11.50,M,M
LNK,2025-03-22 22:54,58.00,28.00,31.59,12.65,7500.00,M
LNK,2025-03-22 23:54,57.00,28.00,32.75,16.10,M,M
LNK,2025-03-23 00:54,52.00,28.00,39.30,11.50,M,M
LNK,2025-03-23 01:54,55.00,28.00,35.21,13.80,11000.00,M
LNK,2025-03-23 02:54,56.00,33.00,41.60,13.80,12000.00,M
LNK,2025-03-23 03:54,55.00,34.00,44.90,12.65,M,M
LNK,2025-03-23 04:54,52.00,32.00,46.25,20.70,M,32.20
LNK,2025-03-23 05:54,50.00,34.00,53.97,14.95,12000.00,29.90
LNK,2025-03-23 06:54,48.00,36.00,62.97,17.25,M,32.20
LNK,2025-03-23 07:54,48.00,35.00,60.52,21.85,M,36.80
LNK,2025-03-23 08:54,50.00,35.00,56.16,18.40,3600.00,34.50
LNK,2025-03-23 09:54,49.00,34.00,56.02,25.30,3100.00,51.75
LNK,2025-03-23 10:54,52.00,33.00,48.15,25.30,3600.00,48.30
LNK,2025-03-23 11:54,54.00,30.00,39.63,28.75,M,41.40
LNK,2025-03-23 12:54,57.00,25.00,28.93,25.30,M,46.00
LNK,2025-03-23 13:54,58.00,23.00,25.67,28.75,M,42.55
LNK,2025-03-23 14:54,59.00,20.00,21.81,31.05,M,46.00
LNK,2025-03-23 15:54,60.00,24.00,24.92,20.70,8000.00,44.85
LNK,2025-03-23 16:54,59.00,25.00,26.92,20.70,7500.00,37.95
LNK,2025-03-23 17:54,58.00,28.00,31.59,20.70,9000.00,42.55
LNK,2025-03-23 18:54,56.00,27.00,32.59,18.40,M,32.20
LNK,2025-03-23 19:54,53.00,27.00,36.36,13.80,12000.00,M
LNK,2025-03-23 20:54,50.00,28.00,42.33,10.35,11000.00,M
LNK,2025-03-23 21:54,47.00,29.00,49.34,9.20,M,M
LNK,2025-03-23 22:54,46.00,29.00,51.24,5.75,12000.00,M
LNK,2025-03-23 23:54,45.00,29.00,53.22,4.60,M,M
LNK,2025-03-24 00:54,46.00,28.00,49.18,8.05,M,M
LNK,2025-03-24 01:54,40.00,28.00,61.91,6.90,M,M
LNK,2025-03-24 02:54,37.00,28.00,69.63,5.75,11000.00,M
LNK,2025-03-24 03:54,37.00,27.00,66.82,0.00,11000.00,M
LNK,2025-03-24 04:54,36.00,27.00,69.51,0.00,M,M
LNK,2025-03-24 05:54,33.00,26.00,75.17,0.00,M,M
LNK,2025-03-24 06:54,36.00,28.00,72.43,0.00,M,M
LNK,2025-03-24 07:54,37.00,29.00,72.54,3.45,10000.00,M
LNK,2025-03-24 08:54,41.00,31.00,67.30,8.05,M,M
LNK,2025-03-24 09:54,45.00,32.00,60.11,4.60,10000.00,M
LNK,2025-03-24 10:54,49.00,32.00,51.70,9.20,8000.00,M
LNK,2025-03-24 11:54,54.00,31.00,41.27,10.35,9500.00,M
LNK,2025-03-24 12:54,58.00,29.00,32.91,10.35,9000.00,M
LNK,2025-03-24 13:54,60.00,27.00,28.23,8.05,9500.00,M
LNK,2025-03-24 14:54,62.00,27.00,26.29,6.90,M,M
LNK,2025-03-24 15:54,64.00,29.00,26.60,9.20,M,M
LNK,2025-03-24 16:54,66.00,31.00,26.92,17.25,M,M
LNK,2025-03-24 17:54,67.00,32.00,27.07,6.90,M,M
LNK,2025-03-24 18:54,65.00,33.00,30.21,8.05,M,M
LNK,2025-03-24 19:54,61.00,33.00,34.77,12.65,M,M
LNK,2025-03-24 20:54,50.00,32.00,49.81,6.90,M,M
LNK,2025-03-24 21:54,52.00,33.00,48.15,3.45,M,M
LNK,2025-03-24 22:54,50.00,33.00,51.85,0.00,M,M
LNK,2025-03-24 23:54,47.00,33.00,58.01,4.60,M,M
LNK,2025-03-25 00:54,38.00,31.00,75.65,3.45,M,M
LNK,2025-03-25 01:54,39.00,32.00,75.75,4.60,M,M
LNK,2025-03-25 02:54,39.00,32.00,75.75,6.90,M,M
LNK,2025-03-25 03:54,38.00,31.00,75.65,0.00,M,M
LNK,2025-03-25 04:54,35.00,30.00,81.78,0.00,M,M
LNK,2025-03-25 05:54,35.00,29.00,78.51,0.00,M,M
LNK,2025-03-25 06:54,33.00,29.00,85.04,0.00,11000.00,M
LNK,2025-03-25 07:54,39.00,34.00,82.08,0.00,M,M
LNK,2025-03-25 08:54,45.00,37.00,73.37,4.60,M,M
LNK,2025-03-25 09:54,49.00,39.00,68.25,0.00,M,M
LNK,2025-03-25 10:54,57.00,38.00,48.93,6.90,M,M
LNK,2025-03-25 11:54,59.00,35.00,40.45,6.90,10000.00,M
LNK,2025-03-25 12:54,60.00,36.00,40.61,8.05,7000.00,M
LNK,2025-03-25 13:54,60.00,37.00,42.24,8.05,7000.00,M
LNK,2025-03-25 14:54,64.00,36.00,35.26,3.45,8000.00,M
LNK,2025-03-25 15:54,63.00,36.00,36.52,9.20,8000.00,M
LNK,2025-03-25 16:54,63.00,36.00,36.52,4.60,8000.00,M
LNK,2025-03-25 17:54,65.00,36.00,34.05,4.60,M,M
LNK,2025-03-25 18:54,64.00,37.00,36.68,4.60,9500.00,M
LNK,2025-03-25 19:54,61.00,36.00,39.19,6.90,M,M
LNK,2025-03-25 20:54,50.00,34.00,53.97,5.75,M,M
LNK,2025-03-25 21:54,46.00,33.00,60.25,5.75,9000.00,M
LNK,2025-03-25 22:54,48.00,33.00,55.87,5.75,M,M
LNK,2025-03-25 23:54,45.00,29.00,53.22,12.65,M,M
LNK,2025-03-26 00:54,45.00,28.00,51.08,6.90,M,M
LNK,2025-03-26 01:54,44.00,27.00,50.93,0.00,M,M
LNK,2025-03-26 02:54,36.00,26.00,66.69,3.45,M,M
LNK,2025-03-26 03:54,35.00,26.00,69.39,0.00,M,M
LNK,2025-03-26 04:54,31.00,25.00,78.16,0.00,M,M
LNK,2025-03-26 05:54,29.00,23.00,77.98,3.45,M,M
LNK,2025-03-26 06:54,31.00,26.00,81.48,3.45,M,M
LNK,2025-03-26 07:54,33.00,27.00,78.34,0.00,M,M
LNK,2025-03-26 08:54,39.00,32.00,75.75,0.00,M,M
LNK,2025-03-26 09:54,45.00,30.00,55.43,0.00,12000.00,M
LNK,2025-03-26 10:54,49.00,31.00,49.65,5.75,7500.00,M
LNK,2025-03-26 11:54,53.00,32.00,44.58,6.90,10000.00,M
LNK,2025-03-26 12:54,59.00,29.00,31.76,12.65,10000.00,M
LNK,2025-03-26 13:54,64.00,27.00,24.51,13.80,11000.00,M
LNK,2025-03-26 14:54,67.00,26.00,21.18,11.50,9500.00,M
LNK,2025-03-26 15:54,69.00,28.00,21.48,16.10,M,M
LNK,2025-03-26 16:54,70.00,30.00,22.52,13.80,M,M
LNK,2025-03-26 17:54,69.00,31.00,24.27,14.95,12000.00,M
LNK,2025-03-26 18:54,66.00,32.00,28.03,14.95,M,M
LNK,2025-03-26 19:54,61.00,32.00,33.40,11.50,12000.00,M
LNK,2025-03-26 20:54,60.00,33.00,36.03,10.35,11000.00,M
LNK,2025-03-26 21:54,61.00,32.00,33.40,10.35,4500.00,M
LNK,2025-03-26 22:54,58.00,33.00,38.70,11.50,M,M
LNK,2025-03-26 23:54,56.00,33.00,41.60,6.90,12000.00,M
LNK,2025-03-27 00:54,54.00,33.00,44.74,9.20,M,M
LNK,2025-03-27 01:54,53.00,34.00,48.30,9.20,11000.00,M
LNK,2025-03-27 02:54,52.00,33.00,48.15,6.90,11000.00,M
LNK,2025-03-27 03:54,50.00,33.00,51.85,3.45,M,M
LNK,2025-03-27 04:54,49.00,33.00,53.82,5.75,M,M
LNK,2025-03-27 05:54,49.00,32.00,51.70,6.90,12000.00,M
LNK,2025-03-27 06:54,47.00,32.00,55.73,4.60,M,M
LNK,2025-03-27 07:54,47.00,33.00,58.01,4.60,M,M
LNK,2025-03-27 08:54,52.00,34.00,50.12,8.05,M,M
LNK,2025-03-27 09:54,59.00,40.00,49.23,11.50,M,M
LNK,2025-03-27 10:54,66.00,47.00,50.29,12.65,M,M
LNK,2025-03-27 11:54,72.00,52.00,49.33,11.50,M,M
LNK,2025-03-27 12:54,74.00,54.00,49.63,6.90,M,M
LNK,2025-03-27 13:54,77.00,55.00,46.57,6.90,M,M
LNK,2025-03-27 14:54,80.00,56.00,43.75,9.20,M,M
LNK,2025-03-27 15:54,82.00,56.00,40.98,10.35,M,M
LNK,2025-03-27 16:54,83.00,55.00,38.26,13.80,M,M
LNK,2025-03-27 17:54,82.00,56.00,40.98,11.50,M,M
LNK,2025-03-27 18:54,79.00,56.00,45.20,8.05,M,M
LNK,2025-03-27 19:54,75.00,55.00,49.78,8.05,M,M
LNK,2025-03-27 20:54,76.00,56.00,49.92,12.65,6500.00,M
LNK,2025-03-27 21:54,74.00,56.00,53.37,13.80,M,M
LNK,2025-03-27 22:54,73.00,50.00,44.29,17.25,M,M
LNK,2025-03-27 23:54,69.00,48.00,47.09,13.80,M,M
LNK,2025-03-28 00:54,69.00,49.00,48.88,14.95,M,M
LNK,2025-03-28 01:54,70.00,51.00,50.89,18.40,M,31.05
LNK,2025-03-28 02:54,70.00,52.00,52.80,21.85,M,33.35
LNK,2025-03-28 03:54,70.00,53.00,54.78,26.45,M,44.85
LNK,2025-03-28 04:54,69.00,53.00,56.69,21.85,M,40.25
LNK,2025-03-28 05:54,67.00,53.00,60.73,20.70,M,37.95
LNK,2025-03-28 06:54,66.00,54.00,65.21,21.85,M,34.50
LNK,2025-03-28 07:54,65.00,53.00,65.09,20.70,M,34.50
LNK,2025-03-28 08:54,66.00,53.00,62.87,21.85,M,32.20
LNK,2025-03-28 09:54,70.00,54.00,56.82,20.70,M,37.95
LNK,2025-03-28 10:54,74.00,54.00,49.63,23.00,M,37.95
LNK,2025-03-28 11:54,78.00,55.00,45.05,27.60,M,36.80
LNK,2025-03-28 12:54,80.00,54.00,40.67,31.05,M,42.55
LNK,2025-03-28 13:54,81.00,54.00,39.37,25.30,M,40.25
LNK,2025-03-28 14:54,82.00,54.00,38.11,26.45,M,43.70
LNK,2025-03-28 15:54,81.00,55.00,40.83,26.45,M,44.85
LNK,2025-03-28 16:54,81.00,54.00,39.37,27.60,M,43.70
LNK,2025-03-28 17:54,79.00,54.00,42.03,27.60,M,42.55
LNK,2025-03-28 18:54,77.00,54.00,44.90,21.85,M,39.10
LNK,2025-03-28 19:54,74.00,55.00,51.47,19.55,M,34.50
LNK,2025-03-28 20:54,70.00,56.00,61.11,17.25,M,31.05
LNK,2025-03-28 21:54,68.00,56.00,65.45,21.85,M,35.65
LNK,2025-03-28 22:54,65.00,56.00,72.62,24.15,M,37.95
LNK,2025-03-28 23:54,64.00,55.00,72.52,18.40,M,31.05
LNK,2025-03-29 00:54,64.00,55.00,72.52,8.05,M,31.05
LNK,2025-03-29 01:21,64.00,55.00,72.52,4.60,2500.00,M
LNK,2025-03-29 01:54,64.00,55.00,72.52,5.75,2500.00,M
LNK,2025-03-29 02:54,64.00,55.00,72.52,3.45,2600.00,M
LNK,2025-03-29 03:39,63.00,56.00,77.89,4.60,2600.00,M
LNK,2025-03-29 03:54,63.00,56.00,77.89,6.90,2600.00,M
LNK,2025-03-29 04:54,63.00,56.00,77.89,5.75,2300.00,M
LNK,2025-03-29 05:54,56.00,49.00,77.29,12.65,2000.00,M
LNK,2025-03-29 06:32,53.00,47.00,80.00,11.50,1700.00,M
LNK,2025-03-29 06:54,53.00,48.00,83.06,9.20,1600.00,M
LNK,2025-03-29 07:04,52.00,48.00,86.17,9.20,1400.00,M
LNK,2025-03-29 07:23,51.00,48.00,89.42,11.50,900.00,M
LNK,2025-03-29 07:54,50.00,47.00,89.37,6.90,800.00,M
LNK,2025-03-29 08:54,50.00,46.00,86.06,12.65,700.00,M
LNK,2025-03-29 09:54,49.00,47.00,92.77,11.50,500.00,M
LNK,2025-03-29 10:45,49.00,46.00,89.33,14.95,400.00,M
LNK,2025-03-29 10:54,48.00,45.00,89.29,16.10,400.00,M
LNK,2025-03-29 11:54,46.00,44.00,92.68,14.95,400.00,M
LNK,2025-03-29 12:13,46.00,43.00,89.20,14.95,500.00,M
LNK,2025-03-29 12:54,45.00,43.00,92.65,10.35,500.00,M
LNK,2025-03-29 13:54,45.00,43.00,92.65,12.65,500.00,M
LNK,2025-03-29 14:10,45.00,43.00,92.65,11.50,400.00,M
LNK,2025-03-29 14:54,46.00,44.00,92.68,10.35,400.00,M
LNK,2025-03-29 15:54,47.00,44.00,89.24,11.50,400.00,M
LNK,2025-03-29 16:54,47.00,44.00,89.24,8.05,500.00,M
LNK,2025-03-29 17:31,48.00,46.00,92.74,10.35,400.00,M
LNK,2025-03-29 17:54,48.00,45.00,89.29,13.80,400.00,M
LNK,2025-03-29 18:29,46.00,44.00,92.68,14.95,500.00,M
LNK,2025-03-29 18:54,46.00,43.00,89.20,13.80,500.00,M
LNK,2025-03-29 19:54,44.00,41.00,89.11,20.70,700.00,M
LNK,2025-03-29 20:54,42.00,39.00,89.01,20.70,600.00,31.05
LNK,2025-03-29 21:54,40.00,37.00,88.92,14.95,900.00,29.90
LNK,2025-03-29 22:32,40.00,37.00,88.92,16.10,1100.00,M
LNK,2025-03-29 22:54,40.00,37.00,88.92,16.10,1000.00,M
LNK,2025-03-29 23:54,40.00,36.00,85.48,14.95,1100.00,M
LNK,2025-03-30 00:54,39.00,35.00,85.42,13.80,1100.00,M
LNK,2025-03-30 01:05,39.00,35.00,85.42,14.95,1500.00,M
LNK,2025-03-30 01:54,39.00,34.00,82.08,21.85,1500.00,M
LNK,2025-03-30 02:52,37.40,33.80,86.69,16.10,1400.00,31.05
LNK,2025-03-30 02:54,38.00,33.00,82.00,17.25,1600.00,31.05
LNK,2025-03-30 03:54,38.00,32.00,78.77,12.65,1800.00,31.05
LNK,2025-03-30 04:54,38.00,32.00,78.77,12.65,1700.00,M
LNK,2025-03-30 05:54,38.00,32.00,78.77,12.65,1700.00,M
LNK,2025-03-30 06:54,38.00,32.00,78.77,13.80,1500.00,M
LNK,2025-03-30 07:25,37.00,33.00,85.29,13.80,1400.00,M
LNK,2025-03-30 07:54,37.00,32.00,81.93,11.50,1600.00,M
LNK,2025-03-30 08:01,37.00,31.00,78.69,13.80,1600.00,M
LNK,2025-03-30 08:54,38.00,31.00,75.65,13.80,1800.00,M
LNK,2025-03-30 09:54,39.00,31.00,72.75,17.25,1900.00,M
LNK,2025-03-30 10:16,38.00,31.00,75.65,18.40,1800.00,M
LNK,2025-03-30 10:50,39.20,32.00,75.16,13.80,1600.00,M
LNK,2025-03-30 10:54,39.00,32.00,75.75,17.25,1600.00,M
LNK,2025-03-30 11:11,40.00,32.00,72.85,19.55,1600.00,29.90
LNK,2025-03-30 11:22,39.00,32.00,75.75,18.40,1600.00,29.90
LNK,2025-03-30 11:34,39.00,32.00,75.75,20.70,1600.00,29.90
LNK,2025-03-30 11:54,40.00,31.00,69.97,19.55,2000.00,29.90
LNK,2025-03-30 12:03,40.00,32.00,72.85,14.95,2100.00,M
LNK,2025-03-30 12:54,40.00,32.00,72.85,18.40,1700.00,M
LNK,2025-03-30 13:54,40.00,31.00,69.97,19.55,1700.00,M
LNK,2025-03-30 14:54,40.00,32.00,72.85,17.25,1600.00,M
LNK,2025-03-30 15:23,40.00,32.00,72.85,20.70,1400.00,29.90
LNK,2025-03-30 15:54,40.00,32.00,72.85,19.55,1300.00,29.90
LNK,2025-03-30 16:28,41.00,32.00,70.08,18.40,1500.00,M
LNK,2025-03-30 16:54,41.00,32.00,70.08,12.65,1500.00,M
LNK,2025-03-30 17:54,40.00,32.00,72.85,13.80,1500.00,M
LNK,2025-03-30 18:20,39.00,32.00,75.75,12.65,1400.00,M
LNK,2025-03-30 18:54,39.00,32.00,75.75,13.80,1400.00,M
LNK,2025-03-30 19:54,39.00,32.00,75.75,13.80,1400.00,M
LNK,2025-03-30 20:54,39.00,32.00,75.75,14.95,1300.00,M
LNK,2025-03-30 21:54,39.00,32.00,75.75,14.95,1500.00,M
LNK,2025-03-30 22:54,39.00,32.00,75.75,12.65,1500.00,M
LNK,2025-03-30 23:44,38.00,32.00,78.77,10.35,1900.00,M
LNK,2025-03-30 23:54,38.00,32.00,78.77,8.05,1900.00,M
LNK,2025-03-31 00:05,38.00,32.00,78.77,6.90,1900.00,M
LNK,2025-03-31 00:54,37.00,32.00,81.93,4.60,M,M
LNK,2025-03-31 01:54,38.00,32.00,78.77,0.00,3800.00,M
LNK,2025-03-31 02:54,39.00,33.00,78.86,11.50,3900.00,M
LNK,2025-03-31 03:54,39.00,33.00,78.86,8.05,4600.00,M
LNK,2025-03-31 04:54,39.00,32.00,75.75,9.20,4700.00,M
LNK,2025-03-31 05:54,37.00,31.00,78.69,10.35,M,M
LNK,2025-03-31 06:54,36.00,31.00,81.86,8.05,M,M
LNK,2025-03-31 07:54,35.00,30.00,81.78,6.90,M,M
LNK,2025-03-31 08:54,38.00,31.00,75.65,11.50,M,M
LNK,2025-03-31 09:54,42.00,31.00,64.75,9.20,M,M
LNK,2025-03-31 10:54,46.00,31.00,55.58,10.35,9500.00,M
LNK,2025-03-31 11:54,49.00,30.00,47.68,11.50,M,M
LNK,2025-03-31 12:54,51.00,29.00,42.49,9.20,M,M
LNK,2025-03-31 13:54,52.00,29.00,40.95,8.05,M,M
LNK,2025-03-31 14:54,52.00,30.00,42.65,M,M,M
LNK,2025-03-31 15:54,53.00,28.00,37.88,0.00,M,M
LNK,2025-03-31 16:54,54.00,28.00,36.52,4.60,M,M
LNK,2025-03-31 17:54,54.00,29.00,38.05,6.90,M,M
LNK,2025-03-31 18:54,53.00,29.00,39.47,5.75,M,M
LNK,2025-03-31 19:54,49.00,28.00,43.93,5.75,M,M
LNK,2025-03-31 20:54,49.00,28.00,43.93,8.05,M,M
LNK,2025-03-31 21:54,47.00,30.00,51.39,8.05,M,M
LNK,2025-03-31 22:54,47.00,30.00,51.39,11.50,M,M
LNK,2025-03-31 23:54,47.00,30.00,51.39,13.80,M,M
LNK,2025-04-01 00:54,46.00,29.00,51.24,9.20,M,M
LNK,2025-04-01 01:54,47.00,31.00,53.52,13.80,4400.00,M
LNK,2025-04-01 02:54,47.00,31.00,53.52,12.65,M,M
LNK,2025-04-01 03:54,46.00,31.00,55.58,12.65,11000.00,M
LNK,2025-04-01 04:54,45.00,33.00,62.58,9.20,12000.00,M
LNK,2025-04-01 05:54,43.00,32.00,64.88,10.35,10000.00,M
LNK,2025-04-01 06:54,44.00,33.00,65.01,10.35,8500.00,M
LNK,2025-04-01 07:54,44.00,33.00,65.01,12.65,10000.00,M
LNK,2025-04-01 08:54,44.00,33.00,65.01,16.10,10000.00,M
LNK,2025-04-01 09:54,46.00,34.00,62.71,19.55,7500.00,29.90
LNK,2025-04-01 10:54,49.00,35.00,58.30,23.00,7500.00,36.80
LNK,2025-04-01 11:54,52.00,36.00,54.26,19.55,4500.00,35.65
LNK,2025-04-01 12:54,53.00,37.00,54.41,24.15,3900.00,35.65
LNK,2025-04-01 13:54,54.00,39.00,56.74,19.55,3600.00,36.80
LNK,2025-04-01 14:54,55.00,41.00,59.13,18.40,3400.00,32.20
LNK,2025-04-01 15:54,56.00,42.00,59.26,19.55,3300.00,36.80
LNK,2025-04-01 16:54,56.00,42.00,59.26,19.55,3100.00,33.35
LNK,2025-04-01 17:54,56.00,42.00,59.26,13.80,3300.00,31.05
LNK,2025-04-01 18:54,56.00,42.00,59.26,17.25,3400.00,M
LNK,2025-04-01 19:54,56.00,42.00,59.26,13.80,3400.00,31.05
LNK,2025-04-01 20:54,56.00,42.00,59.26,18.40,3500.00,32.20
LNK,2025-04-01 21:54,56.00,42.00,59.26,18.40,3200.00,M
LNK,2025-04-01 22:54,57.00,43.00,59.40,13.80,M,M
LNK,2025-04-01 23:54,53.00,43.00,68.71,6.90,M,M
LNK,2025-04-02 00:50,53.60,44.60,71.45,13.80,2700.00,M
LNK,2025-04-02 00:54,53.00,45.00,74.16,12.65,2700.00,M
LNK,2025-04-02 01:24,54.00,44.00,68.82,11.50,2300.00,M
LNK,2025-04-02 01:54,52.00,45.00,76.94,10.35,2100.00,M
LNK,2025-04-02 02:20,50.00,44.00,79.76,6.90,1700.00,M
LNK,2025-04-02 02:36,48.00,44.00,85.95,9.20,1300.00,M
LNK,2025-04-02 02:54,49.00,46.00,89.33,9.20,1000.00,M
LNK,2025-04-02 03:14,47.00,44.00,89.24,11.50,900.00,M
LNK,2025-04-02 03:54,46.00,44.00,92.68,14.95,500.00,M
LNK,2025-04-02 04:01,46.00,43.00,89.20,11.50,500.00,M
LNK,2025-04-02 04:17,46.00,44.00,92.68,11.50,400.00,M
LNK,2025-04-02 04:54,47.00,45.00,92.71,4.60,400.00,M
LNK,2025-04-02 05:54,50.00,48.00,92.80,4.60,300.00,M
LNK,2025-04-02 06:54,52.00,51.00,96.37,8.05,300.00,M
LNK,2025-04-02 07:34,53.00,51.00,92.89,11.50,500.00,M
LNK,2025-04-02 07:54,53.00,51.00,92.89,10.35,700.00,M
LNK,2025-04-02 08:14,48.00,46.00,92.74,13.80,300.00,M
LNK,2025-04-02 08:37,45.00,43.00,92.65,8.05,300.00,M
LNK,2025-04-02 08:54,45.00,43.00,92.65,9.20,1100.00,M
LNK,2025-04-02 09:11,45.00,43.00,92.65,8.05,500.00,M
LNK,2025-04-02 09:21,46.00,43.00,89.20,10.35,800.00,M
LNK,2025-04-02 09:54,47.00,44.00,89.24,10.35,600.00,M
LNK,2025-04-02 10:45,48.00,44.00,85.95,14.95,1100.00,M
LNK,2025-04-02 10:54,49.00,44.00,82.79,16.10,1100.00,M
LNK,2025-04-02 11:34,50.00,44.00,79.76,18.40,1500.00,M
LNK,2025-04-02 11:54,50.00,44.00,79.76,19.55,1400.00,M
LNK,2025-04-02 12:34,51.00,42.00,71.18,14.95,1800.00,33.35
LNK,2025-04-02 12:54,51.00,42.00,71.18,16.10,2000.00,33.35
LNK,2025-04-02 13:42,55.00,43.00,63.86,16.10,2500.00,29.90
LNK,2025-04-02 13:54,56.00,42.00,59.26,17.25,2500.00,29.90
LNK,2025-04-02 14:54,54.00,42.00,63.74,13.80,2900.00,M
LNK,2025-04-02 15:54,54.00,42.00,63.74,20.70,2600.00,M
LNK,2025-04-02 16:54,56.00,39.00,52.75,20.70,3700.00,31.05
LNK,2025-04-02 17:54,56.00,37.00,48.77,21.85,4200.00,32.20
LNK,2025-04-02 18:54,55.00,35.00,46.73,19.55,M,29.90
LNK,2025-04-02 19:54,52.00,35.00,52.15,11.50,M,M
LNK,2025-04-02 20:54,50.00,35.00,56.16,10.35,M,M
LNK,2025-04-02 21:54,47.00,34.00,60.38,11.50,M,M
LNK,2025-04-02 22:54,45.00,33.00,62.58,8.05,M,M
LNK,2025-04-02 23:54,44.00,32.00,62.44,6.90,M,M
LNK,2025-04-03 00:54,42.00,31.00,64.75,9.20,M,M
LNK,2025-04-03 01:54,41.00,31.00,67.30,9.20,M,M
LNK,2025-04-03 02:54,40.00,30.00,67.18,5.75,M,M
LNK,2025-04-03 03:54,38.00,30.00,72.64,5.75,M,M
LNK,2025-04-03 04:54,35.00,28.00,75.36,0.00,M,M
LNK,2025-04-03 05:54,36.00,29.00,75.46,3.45,M,M
LNK,2025-04-03 06:54,35.00,29.00,78.51,3.45,M,M
LNK,2025-04-03 07:54,33.00,30.00,88.58,3.45,M,M
LNK,2025-04-03 08:54,39.00,30.00,69.85,0.00,M,M
LNK,2025-04-03 09:54,42.00,33.00,70.19,5.75,M,M
LNK,2025-04-03 10:54,45.00,33.00,62.58,6.90,M,M
LNK,2025-04-03 11:54,48.00,32.00,53.67,5.75,M,M
LNK,2025-04-03 12:54,51.00,32.00,47.99,5.75,M,M
LNK,2025-04-03 13:54,51.00,32.00,47.99,4.60,M,M
LNK,2025-04-03 14:54,53.00,33.00,46.41,8.05,M,M
LNK,2025-04-03 15:54,55.00,32.00,41.44,0.00,M,M
LNK,2025-04-03 16:54,55.00,33.00,43.14,4.60,M,M
LNK,2025-04-03 17:54,55.00,33.00,43.14,4.60,M,M
LNK,2025-04-03 18:54,54.00,33.00,44.74,6.90,M,M
LNK,2025-04-03 19:54,53.00,33.00,46.41,6.90,M,M
LNK,2025-04-03 20:54,49.00,34.00,56.02,6.90,M,M
LNK,2025-04-03 21:54,50.00,34.00,53.97,6.90,M,M
LNK,2025-04-03 22:54,50.00,34.00,53.97,8.05,12000.00,M
LNK,2025-04-03 23:54,49.00,34.00,56.02,6.90,12000.00,M
LNK,2025-04-04 00:54,48.00,35.00,60.52,6.90,12000.00,M
LNK,2025-04-04 01:54,46.00,35.00,65.26,6.90,11000.00,M
LNK,2025-04-04 02:54,41.00,34.00,75.94,5.75,M,M
LNK,2025-04-04 03:54,39.00,33.00,78.86,4.60,M,M
LNK,2025-04-04 04:54,39.00,35.00,85.42,0.00,M,M
LNK,2025-04-04 05:54,40.00,35.00,82.15,3.45,8500.00,M
LNK,2025-04-04 06:54,42.00,35.00,76.03,5.75,7500.00,M
LNK,2025-04-04 07:54,42.00,36.00,79.11,6.90,5000.00,M
LNK,2025-04-04 08:54,43.00,36.00,76.12,4.60,4600.00,M
LNK,2025-04-04 09:54,44.00,37.00,76.22,8.05,4500.00,M
LNK,2025-04-04 10:54,45.00,38.00,76.31,8.05,4400.00,M
LNK,2025-04-04 11:54,45.00,40.00,82.51,6.90,4700.00,M
LNK,2025-04-04 12:54,46.00,41.00,82.58,5.75,4700.00,M
LNK,2025-04-04 13:54,47.00,42.00,82.65,4.60,1300.00,M
LNK,2025-04-04 14:54,49.00,41.00,73.77,3.45,6000.00,M
LNK,2025-04-04 15:29,49.00,42.00,76.67,5.75,1800.00,M
LNK,2025-04-04 15:36,50.00,42.00,73.87,4.60,1800.00,M
LNK,2025-04-04 15:54,49.00,41.00,73.77,4.60,1700.00,M
LNK,2025-04-04 16:08,50.00,41.00,71.07,5.75,1800.00,M
LNK,2025-04-04 16:26,50.00,42.00,73.87,6.90,2000.00,M
LNK,2025-04-04 16:54,51.00,42.00,71.18,5.75,2100.00,M
LNK,2025-04-04 17:21,51.00,40.00,65.87,8.05,2400.00,M
LNK,2025-04-04 17:28,51.00,41.00,68.48,9.20,2500.00,M
LNK,2025-04-04 17:54,51.00,40.00,65.87,10.35,2900.00,M
LNK,2025-04-04 18:54,51.00,39.00,63.36,8.05,4600.00,M
LNK,2025-04-04 19:54,50.00,39.00,65.75,8.05,4800.00,M
LNK,2025-04-04 20:54,49.00,40.00,70.96,14.95,3800.00,M
LNK,2025-04-04 21:54,48.00,41.00,76.58,19.55,2100.00,M
LNK,2025-04-04 22:09,48.00,40.00,73.67,18.40,1900.00,M
LNK,2025-04-04 22:39,47.00,39.00,73.57,23.00,1800.00,33.35
LNK,2025-04-04 22:54,46.00,40.00,79.44,19.55,1700.00,33.35
LNK,2025-04-04 23:14,44.00,39.00,82.44,23.00,1300.00,34.50
LNK,2025-04-04 23:54,42.00,36.00,79.11,25.30,1300.00,34.50
LNK,2025-04-05 00:54,41.00,35.00,79.02,21.85,1300.00,35.65
LNK,2025-04-05 01:54,39.00,34.00,82.08,19.55,1200.00,34.50
LNK,2025-04-05 02:54,37.00,32.00,81.93,21.85,1200.00,37.95
LNK,2025-04-05 03:38,37.00,31.00,78.69,20.70,1400.00,35.65
LNK,2025-04-05 03:54,37.00,30.00,75.56,24.15,1600.00,35.65
LNK,2025-04-05 04:03,37.00,30.00,75.56,25.30,3300.00,36.80
LNK,2025-04-05 04:54,36.00,29.00,75.46,20.70,4300.00,37.95
LNK,2025-04-05 05:54,34.00,25.00,69.28,19.55,5000.00,29.90
LNK,2025-04-05 06:54,32.00,24.00,72.00,16.10,M,M
LNK,2025-04-05 07:54,32.00,23.00,69.04,19.55,M,M
LNK,2025-04-05 08:54,35.00,24.00,63.85,19.55,M,29.90
LNK,2025-04-05 09:54,36.00,23.00,58.85,18.40,M,29.90
LNK,2025-04-05 10:54,39.00,20.00,46.06,18.40,M,M
LNK,2025-04-05 11:54,40.00,19.00,42.45,20.70,M,31.05
LNK,2025-04-05 12:54,44.00,20.00,37.97,18.40,M,33.35
LNK,2025-04-05 13:54,46.00,19.00,33.72,21.85,M,34.50
LNK,2025-04-05 14:54,47.00,17.00,29.79,11.50,M,33.35
LNK,2025-04-05 15:54,50.00,16.00,25.50,25.30,M,34.50
LNK,2025-04-05 16:54,50.00,17.00,26.63,18.40,M,32.20
LNK,2025-04-05 17:54,49.00,15.00,25.34,18.40,M,31.05
LNK,2025-04-05 18:54,47.00,16.00,28.53,19.55,M,M
LNK,2025-04-05 19:54,42.00,17.00,36.05,12.65,M,M
LNK,2025-04-05 20:54,34.00,17.00,49.34,8.05,M,M
LNK,2025-04-05 21:54,35.00,17.00,47.41,6.90,M,M
LNK,2025-04-05 22:54,29.00,17.00,60.39,6.90,M,M
LNK,2025-04-05 23:54,32.00,17.00,53.46,5.75,M,M
LNK,2025-04-06 00:54,28.00,18.00,65.69,4.60,M,M
LNK,2025-04-06 01:54,26.00,17.00,68.32,4.60,M,M
LNK,2025-04-06 02:54,25.00,17.00,71.22,4.60,M,M
LNK,2025-04-06 03:54,24.00,17.00,74.26,0.00,M,M
LNK,2025-04-06 04:54,22.00,16.00,77.34,0.00,M,M
LNK,2025-04-06 05:54,21.00,15.00,77.25,0.00,M,M
LNK,2025-04-06 06:54,21.00,15.00,77.25,4.60,M,M
LNK,2025-04-06 07:54,26.00,19.00,74.46,0.00,M,M
LNK,2025-04-06 08:54,32.00,23.00,69.04,0.00,M,M
LNK,2025-04-06 09:54,42.00,23.00,46.55,6.90,M,M
LNK,2025-04-06 10:54,47.00,20.00,33.89,3.45,M,M
LNK,2025-04-06 11:54,51.00,20.00,29.18,8.05,M,M
LNK,2025-04-06 12:54,52.00,21.00,29.35,4.60,M,M
LNK,2025-04-06 13:54,55.00,20.00,25.20,10.35,M,M
LNK,2025-04-06 14:54,56.00,20.00,24.30,0.00,M,M
LNK,2025-04-06 15:54,59.00,20.00,21.81,0.00,M,M
LNK,2025-04-06 16:54,60.00,19.00,20.17,6.90,M,M
LNK,2025-04-06 17:54,60.00,19.00,20.17,6.90,M,M
LNK,2025-04-06 18:54,58.00,19.00,21.66,5.75,M,M
LNK,2025-04-06 19:54,54.00,24.00,30.94,5.75,M,M
LNK,2025-04-06 20:54,52.00,22.00,30.62,5.75,M,M
LNK,2025-04-06 21:54,45.00,25.00,45.12,6.90,M,M
LNK,2025-04-06 22:54,46.00,22.00,38.31,3.45,M,M
LNK,2025-04-06 23:54,43.00,22.00,42.95,3.45,M,M
LNK,2025-04-07 00:54,39.00,23.00,52.30,3.45,M,M
LNK,2025-04-07 01:54,40.00,22.00,48.22,3.45,M,M
LNK,2025-04-07 02:54,37.00,22.00,54.23,4.60,M,M
LNK,2025-04-07 03:54,38.00,22.00,52.14,3.45,M,M
LNK,2025-04-07 04:54,40.00,23.00,50.30,6.90,M,M
LNK,2025-04-07 05:54,37.00,27.00,66.82,11.50,M,M
LNK,2025-04-07 06:54,35.00,25.00,66.57,12.65,M,M
LNK,2025-04-07 07:54,35.00,22.00,58.70,12.65,M,M
LNK,2025-04-07 08:54,38.00,19.00,45.90,14.95,M,M
LNK,2025-04-07 09:54,40.00,21.00,46.23,17.25,M,M
LNK,2025-04-07 10:54,42.00,20.00,41.00,17.25,M,M
LNK,2025-04-07 11:54,45.00,19.00,35.02,19.55,M,29.90
LNK,2025-04-07 12:54,48.00,19.00,31.27,17.25,M,M
LNK,2025-04-07 13:54,48.00,18.00,29.96,16.10,M,M
LNK,2025-04-07 14:54,50.00,17.00,26.63,14.95,M,M
LNK,2025-04-07 15:54,51.00,18.00,26.79,13.80,M,M
LNK,2025-04-07 16:54,51.00,17.00,25.66,11.50,M,M
LNK,2025-04-07 17:54,51.00,16.00,24.57,14.95,M,M
LNK,2025-04-07 18:54,49.00,15.00,25.34,9.20,M,M
LNK,2025-04-07 19:54,42.00,15.00,33.05,8.05,M,M
LNK,2025-04-07 20:54,38.00,14.00,36.96,8.05,M,M
LNK,2025-04-07 21:54,38.00,12.00,33.84,3.45,M,M
LNK,2025-04-07 22:54,35.00,13.00,39.82,0.00,M,M
LNK,2025-04-07 23:54,28.00,15.00,57.68,3.45,M,M
LNK,2025-04-08 00:54,29.00,17.00,60.39,0.00,M,M
LNK,2025-04-08 01:54,25.00,16.00,68.20,3.45,M,M
LNK,2025-04-08 02:54,23.00,15.00,70.99,5.75,M,M
LNK,2025-04-08 03:54,29.00,16.00,57.83,0.00,M,M
LNK,2025-04-08 04:54,28.00,16.00,60.25,0.00,M,M
LNK,2025-04-08 05:54,22.00,14.00,70.88,4.60,M,M
LNK,2025-04-08 06:54,23.00,15.00,70.99,0.00,M,M
LNK,2025-04-08 07:54,30.00,17.00,57.98,3.45,M,M
LNK,2025-04-08 08:54,37.00,17.00,43.80,13.80,M,M
LNK,2025-04-08 09:54,45.00,17.00,32.14,16.10,M,M
LNK,2025-04-08 10:54,49.00,18.00,28.86,16.10,M,M
LNK,2025-04-08 11:54,52.00,18.00,25.82,16.10,M,M
LNK,2025-04-08 12:54,56.00,21.00,25.35,19.55,M,M
LNK,2025-04-08 13:54,59.00,23.00,24.76,19.55,M,29.90
LNK,2025-04-08 14:54,62.00,25.00,24.20,19.55,M,34.50
LNK,2025-04-08 15:54,65.00,27.00,23.67,24.15,M,34.50
LNK,2025-04-08 16:54,65.00,28.00,24.66,17.25,M,36.80
LNK,2025-04-08 17:54,65.00,29.00,25.69,18.40,4200.00,29.90
LNK,2025-04-08 18:54,64.00,31.00,28.86,16.10,M,31.05
LNK,2025-04-08 19:54,61.00,31.00,32.08,12.65,M,M
LNK,2025-04-08 20:54,60.00,31.00,33.24,11.50,M,M
LNK,2025-04-08 21:54,59.00,32.00,35.87,13.80,M,M
LNK,2025-04-08 22:54,58.00,35.00,41.92,17.25,M,M
LNK,2025-04-08 23:54,56.00,35.00,45.06,13.80,M,M
LNK,2025-04-09 00:54,54.00,36.00,50.42,12.65,M,M
LNK,2025-04-09 01:54,51.00,35.00,54.12,10.35,M,M
LNK,2025-04-09 02:54,45.00,34.00,65.13,5.75,M,M
LNK,2025-04-09 03:54,47.00,35.00,62.84,0.00,M,M
LNK,2025-04-09 04:54,38.00,32.00,78.77,0.00,M,M
LNK,2025-04-09 05:54,42.00,34.00,73.06,6.90,M,M
LNK,2025-04-09 06:54,41.00,34.00,75.94,6.90,M,M
LNK,2025-04-09 07:54,45.00,36.00,70.53,4.60,M,M
LNK,2025-04-09 08:54,50.00,37.00,60.79,12.65,M,M
LNK,2025-04-09 09:54,57.00,35.00,43.46,11.50,M,M
LNK,2025-04-09 10:54,65.00,37.00,35.42,12.65,M,M
LNK,2025-04-09 11:54,70.00,41.00,34.85,17.25,M,M
LNK,2025-04-09 12:54,72.00,42.00,33.84,16.10,M,M
LNK,2025-04-09 13:54,74.00,41.00,30.43,12.65,M,M
LNK,2025-04-09 14:54,75.00,38.00,26.18,16.10,8000.00,32.20
LNK,2025-04-09 15:54,75.00,35.00,23.26,20.70,9000.00,32.20
LNK,2025-04-09 16:54,75.00,32.00,20.63,18.40,M,34.50
LNK,2025-04-09 17:54,74.00,26.00,16.69,14.95,11000.00,M
LNK,2025-04-09 18:54,72.00,26.00,17.85,10.35,7500.00,M
LNK,2025-04-09 19:54,69.00,29.00,22.37,9.20,M,M
LNK,2025-04-09 20:54,63.00,28.00,26.45,4.60,M,M
LNK,2025-04-09 21:54,53.00,30.00,41.11,0.00,M,M
LNK,2025-04-09 22:54,49.00,30.00,47.68,3.45,M,M
LNK,2025-04-09 23:54,43.00,30.00,59.83,4.60,M,M
LNK,2025-04-10 00:54,50.00,31.00,47.83,5.75,M,M
LNK,2025-04-10 01:54,51.00,32.00,47.99,5.75,M,M
LNK,2025-04-10 02:54,51.00,32.00,47.99,6.90,M,M
LNK,2025-04-10 03:54,52.00,33.00,48.15,10.35,M,M
LNK,2025-04-10 04:54,53.00,33.00,46.41,16.10,M,M
LNK,2025-04-10 05:54,52.00,33.00,48.15,14.95,M,M
LNK,2025-04-10 06:54,50.00,33.00,51.85,13.80,M,M
LNK,2025-04-10 07:54,50.00,33.00,51.85,13.80,M,M
LNK,2025-04-10 08:54,55.00,35.00,46.73,17.25,M,M
LNK,2025-04-10 09:54,59.00,36.00,42.08,24.15,M,33.35
LNK,2025-04-10 10:54,62.00,36.00,37.83,20.70,M,34.50
LNK,2025-04-10 11:54,65.00,35.00,32.72,23.00,6000.00,36.80
LNK,2025-04-10 12:54,67.00,34.00,29.33,17.25,7000.00,36.80
LNK,2025-04-10 13:54,68.00,32.00,26.15,24.15,8500.00,39.10
LNK,2025-04-10 14:54,70.00,29.00,21.62,23.00,9000.00,42.55
LNK,2025-04-10 15:54,70.00,29.00,21.62,16.10,9500.00,36.80
LNK,2025-04-10 16:54,69.00,26.00,19.77,24.15,10000.00,39.10
LNK,2025-04-10 17:54,70.00,27.00,19.92,28.75,10000.00,36.80
LNK,2025-04-10 18:54,67.00,27.00,22.08,19.55,10000.00,36.80
LNK,2025-04-10 19:54,64.00,29.00,26.60,16.10,10000.00,31.05
LNK,2025-04-10 20:54,54.00,30.00,39.63,8.05,M,M
LNK,2025-04-10 21:54,50.00,30.00,45.93,4.60,M,M
LNK,2025-04-10 22:54,52.00,31.00,44.42,4.60,M,M
LNK,2025-04-10 23:54,41.00,29.00,62.04,5.75,M,M
LNK,2025-04-11 00:54,38.00,29.00,69.74,5.75,M,M
LNK,2025-04-11 01:54,38.00,30.00,72.64,4.60,M,M
LNK,2025-04-11 02:54,36.00,29.00,75.46,5.75,M,M
LNK,2025-04-11 03:54,39.00,30.00,69.85,6.90,M,M
LNK,2025-04-11 04:54,38.00,30.00,72.64,3.45,M,M
LNK,2025-04-11 05:54,33.00,28.00,81.63,3.45,M,M
LNK,2025-04-11 06:54,34.00,29.00,81.71,4.60,M,M
LNK,2025-04-11 07:54,37.00,31.00,78.69,4.60,M,M
LNK,2025-04-11 08:54,45.00,35.00,67.78,4.60,M,M
LNK,2025-04-11 09:54,53.00,40.00,61.19,4.60,M,M
LNK,2025-04-11 10:54,57.00,40.00,52.90,3.45,M,M
LNK,2025-04-11 11:54,62.00,38.00,40.93,6.90,M,M
LNK,2025-04-11 12:54,64.00,37.00,36.68,4.60,M,M
LNK,2025-04-11 13:54,65.00,34.00,31.44,3.45,M,M
LNK,2025-04-11 14:54,68.00,33.00,27.23,0.00,M,M
LNK,2025-04-11 15:54,67.00,33.00,28.18,5.75,M,M
LNK,2025-04-11 16:54,69.00,32.00,25.27,0.00,M,M
LNK,2025-04-11 17:54,69.00,33.00,26.31,6.90,M,M
LNK,2025-04-11 18:54,67.00,33.00,28.18,9.20,M,M
LNK,2025-04-11 19:54,60.00,33.00,36.03,6.90,M,M
LNK,2025-04-11 20:54,60.00,29.00,30.64,9.20,M,M
LNK,2025-04-11 21:54,57.00,30.00,35.54,6.90,M,M
LNK,2025-04-11 22:54,53.00,31.00,42.81,8.05,M,M
LNK,2025-04-11 23:54,51.00,32.00,47.99,8.05,M,M
LNK,2025-04-12 00:54,48.00,31.00,51.54,9.20,M,M
LNK,2025-04-12 01:54,47.00,33.00,58.01,9.20,M,M
LNK,2025-04-12 02:54,47.00,33.00,58.01,9.20,M,M
LNK,2025-04-12 03:54,47.00,33.00,58.01,10.35,M,M
LNK,2025-04-12 04:54,47.00,34.00,60.38,11.50,M,M
LNK,2025-04-12 05:54,48.00,34.00,58.16,11.50,M,M
LNK,2025-04-12 06:54,49.00,35.00,58.30,12.65,M,M
LNK,2025-04-12 07:54,52.00,37.00,56.45,13.80,M,M
LNK,2025-04-12 08:54,56.00,37.00,48.77,17.25,M,M
LNK,2025-04-12 09:54,63.00,37.00,37.99,27.60,M,37.95
LNK,2025-04-12 10:54,69.00,38.00,32.08,26.45,M,35.65
LNK,2025-04-12 11:54,73.00,38.00,28.00,27.60,M,41.40
LNK,2025-04-12 12:54,76.00,39.00,26.34,23.00,M,42.55
LNK,2025-04-12 13:54,79.00,40.00,24.79,25.30,M,42.55
LNK,2025-04-12 14:54,82.00,42.00,24.29,25.30,M,41.40
LNK,2025-04-12 15:54,82.00,42.00,24.29,25.30,M,43.70
LNK,2025-04-12 16:54,82.00,43.00,25.24,28.75,M,41.40
LNK,2025-04-12 17:54,80.00,43.00,26.94,19.55,M,43.70
LNK,2025-04-12 18:54,79.00,44.00,28.93,23.00,M,37.95
LNK,2025-04-12 19:54,77.00,44.00,30.90,16.10,M,32.20
LNK,2025-04-12 20:54,72.00,45.00,37.96,9.20,M,M
LNK,2025-04-12 21:54,70.00,43.00,37.64,11.50,M,M
LNK,2025-04-12 22:54,68.00,44.00,41.88,14.95,M,M
LNK,2025-04-12 23:54,66.00,45.00,46.62,14.95,M,M
LNK,2025-04-13 00:54,66.00,45.00,46.62,19.55,M,M
LNK,2025-04-13 01:54,66.00,46.00,48.43,17.25,M,M
LNK,2025-04-13 02:54,66.00,46.00,48.43,18.40,M,M
LNK,2025-04-13 03:54,64.00,46.00,51.93,10.35,M,M
LNK,2025-04-13 04:54,61.00,46.00,57.72,11.50,M,M
LNK,2025-04-13 05:54,61.00,47.00,59.94,5.75,M,M
LNK,2025-04-13 06:54,60.00,47.00,62.11,5.75,M,M
LNK,2025-04-13 07:54,60.00,48.00,64.49,0.00,M,M
LNK,2025-04-13 08:54,64.00,48.00,55.99,0.00,M,M
LNK,2025-04-13 09:54,67.00,49.00,52.37,0.00,M,M
LNK,2025-04-13 10:54,73.00,51.00,45.96,13.80,M,M
LNK,2025-04-13 11:54,76.00,52.00,43.13,21.85,M,M
LNK,2025-04-13 12:54,79.00,45.00,30.05,25.30,M,33.35
LNK,2025-04-13 13:54,80.00,43.00,26.94,26.45,M,37.95
LNK,2025-04-13 14:54,80.00,42.00,25.93,24.15,M,36.80
LNK,2025-04-13 15:54,78.00,43.00,28.77,18.40,M,37.95
LNK,2025-04-13 16:54,79.00,43.00,27.84,21.85,M,35.65
LNK,2025-04-13 17:54,77.00,42.00,28.62,20.70,M,33.35
LNK,2025-04-13 18:54,76.00,43.00,30.75,16.10,M,M
LNK,2025-04-13 19:54,71.00,43.00,36.38,17.25,M,33.35
LNK,2025-04-13 20:54,67.00,43.00,41.72,19.55,M,M
LNK,2025-04-13 21:54,65.00,38.00,36.84,17.25,M,31.05
LNK,2025-04-13 22:54,61.00,38.00,42.40,9.20,M,M
LNK,2025-04-13 23:54,57.00,38.00,48.93,9.20,M,M
LNK,2025-04-14 00:54,60.00,28.00,29.41,27.60,M,36.80
LNK,2025-04-14 01:54,56.00,28.00,33.96,24.15,M,44.85
LNK,2025-04-14 02:54,54.00,30.00,39.63,13.80,11000.00,35.65
LNK,2025-04-14 03:54,53.00,30.00,41.11,14.95,11000.00,33.35
LNK,2025-04-14 04:54,51.00,31.00,46.09,14.95,12000.00,34.50
LNK,2025-04-14 05:54,50.00,32.00,49.81,16.10,M,29.90
LNK,2025-04-14 06:54,48.00,32.00,53.67,16.10,M,M
LNK,2025-04-14 07:54,49.00,33.00,53.82,18.40,M,29.90
LNK,2025-04-14 08:54,49.00,33.00,53.82,19.55,M,31.05
LNK,2025-04-14 09:54,53.00,34.00,48.30,20.70,M,34.50
LNK,2025-04-14 10:54,54.00,32.00,42.98,21.85,M,32.20
LNK,2025-04-14 11:54,57.00,33.00,40.12,19.55,4700.00,34.50
LNK,2025-04-14 12:54,60.00,32.00,34.61,21.85,5500.00,32.20
LNK,2025-04-14 13:54,61.00,30.00,30.80,18.40,6500.00,36.80
LNK,2025-04-14 14:54,64.00,28.00,25.54,21.85,7500.00,42.55
LNK,2025-04-14 15:54,64.00,25.00,22.56,24.15,8500.00,39.10
LNK,2025-04-14 16:54,62.00,24.00,23.21,19.55,M,41.40
LNK,2025-04-14 17:54,62.00,18.00,18.00,29.90,10000.00,43.70
LNK,2025-04-14 18:54,60.00,14.00,16.24,32.20,M,50.60
LNK,2025-04-14 19:54,53.00,28.00,37.88,18.40,M,43.70
LNK,2025-04-14 20:54,51.00,28.00,40.78,14.95,M,M
LNK,2025-04-14 21:54,44.00,28.00,53.07,8.05,M,M
LNK,2025-04-14 22:54,47.00,30.00,51.39,12.65,M,M
LNK,2025-04-14 23:54,45.00,30.00,55.43,10.35,M,M
LNK,2025-04-15 00:54,43.00,29.00,57.44,6.90,M,M
LNK,2025-04-15 01:54,41.00,28.00,59.55,9.20,M,M
LNK,2025-04-15 02:54,41.00,27.00,57.15,9.20,M,M
LNK,2025-04-15 03:54,40.00,26.00,57.01,12.65,M,M
LNK,2025-04-15 04:54,41.00,25.00,52.61,13.80,M,M
LNK,2025-04-15 05:54,41.00,24.00,50.46,8.05,M,M
LNK,2025-04-15 06:54,38.00,24.00,56.71,6.90,M,M
LNK,2025-04-15 07:54,40.00,25.00,54.69,8.05,M,M
LNK,2025-04-15 08:54,47.00,26.00,43.61,8.05,M,M
LNK,2025-04-15 09:54,53.00,25.00,33.46,13.80,M,M
LNK,2025-04-15 10:54,57.00,23.00,26.61,16.10,M,M
LNK,2025-04-15 11:54,59.00,24.00,25.82,11.50,M,M
LNK,2025-04-15 12:54,61.00,22.00,22.11,10.35,M,M
LNK,2025-04-15 13:54,63.00,18.00,17.37,11.50,M,M
LNK,2025-04-15 14:54,65.00,17.00,15.51,11.50,M,M
LNK,2025-04-15 15:54,67.00,17.00,14.47,13.80,M,M
LNK,2025-04-15 16:54,68.00,18.00,14.60,10.35,M,M
LNK,2025-04-15 17:54,67.00,19.00,15.77,4.60,M,M
LNK,2025-04-15 18:54,67.00,19.00,15.77,9.20,M,M
LNK,2025-04-15 19:54,59.00,25.00,26.92,5.75,M,M
LNK,2025-04-15 20:54,54.00,25.00,32.26,6.90,M,M
LNK,2025-04-15 21:54,48.00,25.00,40.29,9.20,M,M
LNK,2025-04-15 22:54,47.00,25.00,41.83,6.90,M,M
LNK,2025-04-15 23:54,48.00,25.00,40.29,6.90,M,M
LNK,2025-04-16 00:54,44.00,25.00,46.88,6.90,M,M
LNK,2025-04-16 01:54,46.00,25.00,43.44,6.90,M,M
LNK,2025-04-16 02:54,43.00,26.00,50.77,10.35,M,M
LNK,2025-04-16 03:54,42.00,26.00,52.76,10.35,M,M
LNK,2025-04-16 04:54,44.00,28.00,53.07,10.35,M,M
LNK,2025-04-16 05:54,47.00,29.00,49.34,10.35,M,M
LNK,2025-04-16 06:54,48.00,30.00,49.49,10.35,M,M
LNK,2025-04-16 07:54,53.00,32.00,44.58,13.80,M,M
LNK,2025-04-16 08:54,59.00,33.00,37.34,14.95,M,M
LNK,2025-04-16 09:54,63.00,33.00,32.40,24.15,M,34.50
LNK,2025-04-16 10:54,67.00,34.00,29.33,21.85,M,33.35
LNK,2025-04-16 11:54,71.00,38.00,29.96,18.40,M,32.20
LNK,2025-04-16 12:54,75.00,39.00,27.23,19.55,M,32.20
LNK,2025-04-16 13:54,76.00,40.00,27.38,21.85,M,34.50
LNK,2025-04-16 14:54,78.00,40.00,25.62,20.70,M,34.50
LNK,2025-04-16 15:54,80.00,43.00,26.94,21.85,M,35.65
LNK,2025-04-16 16:54,81.00,44.00,27.09,20.70,M,34.50
LNK,2025-04-16 17:54,80.00,45.00,29.08,23.00,M,33.35
LNK,2025-04-16 18:54,77.00,46.00,33.34,13.80,M,31.05
LNK,2025-04-16 19:54,73.00,46.00,38.11,14.95,M,M
LNK,2025-04-16 20:54,68.00,46.00,45.19,9.20,M,M
LNK,2025-04-16 21:54,68.00,47.00,46.93,11.50,M,M
LNK,2025-04-16 22:54,68.00,48.00,48.73,14.95,M,M
LNK,2025-04-16 23:54,66.00,47.00,50.29,16.10,M,M
LNK,2025-04-17 00:54,66.00,49.00,54.21,13.80,M,M
LNK,2025-04-17 01:54,67.00,51.00,56.41,16.10,M,M
LNK,2025-04-17 02:54,65.00,52.00,62.74,12.65,M,M
LNK,2025-04-17 03:54,65.00,54.00,67.52,12.65,M,M
LNK,2025-04-17 04:54,69.00,58.00,67.97,20.70,M,29.90
LNK,2025-04-17 05:54,66.00,57.00,72.72,11.50,M,M
LNK,2025-04-17 06:54,63.00,56.00,77.89,11.50,M,M
LNK,2025-04-17 07:54,65.00,57.00,75.30,16.10,M,M
LNK,2025-04-17 08:54,69.00,58.00,67.97,23.00,M,32.20
LNK,2025-04-17 09:54,73.00,59.00,61.50,24.15,M,36.80
LNK,2025-04-17 10:54,74.00,59.00,59.46,20.70,3100.00,33.35
LNK,2025-04-17 11:54,75.00,59.00,57.50,17.25,3300.00,M
LNK,2025-04-17 12:54,76.00,60.00,57.64,16.10,3800.00,M
LNK,2025-04-17 13:54,80.00,60.00,50.51,16.10,4000.00,M
LNK,2025-04-17 14:54,82.00,60.00,47.32,18.40,M,32.20
LNK,2025-04-17 15:54,84.00,60.00,44.35,14.95,M,M
LNK,2025-04-17 16:54,87.00,59.00,38.88,13.80,6000.00,M
LNK,2025-04-17 17:54,84.00,59.00,42.80,13.80,7000.00,M
LNK,2025-04-17 18:17,84.00,57.00,39.83,16.10,M,M
LNK,2025-04-17 18:51,82.40,57.20,42.25,28.75,7500.00,50.60
LNK,2025-04-17 18:54,79.00,58.00,48.59,23.00,7000.00,50.60
LNK,2025-04-17 19:00,77.00,60.00,55.75,21.85,7500.00,40.25
LNK,2025-04-17 19:22,71.00,60.00,68.20,17.25,4900.00,40.25
LNK,2025-04-17 19:54,67.00,54.00,62.99,23.00,5500.00,40.25
LNK,2025-04-17 20:54,64.00,45.00,49.99,20.70,8500.00,32.20
LNK,2025-04-17 21:54,59.00,42.00,53.20,14.95,M,34.50
LNK,2025-04-17 22:54,57.00,44.00,61.72,17.25,M,29.90
LNK,2025-04-17 23:54,57.00,43.00,59.40,16.10,2800.00,M
LNK,2025-04-18 00:54,56.00,42.00,59.26,28.75,3300.00,40.25
LNK,2025-04-18 01:54,54.00,41.00,61.32,25.30,5000.00,36.80
LNK,2025-04-18 02:54,51.00,40.00,65.87,16.10,3200.00,43.70
LNK,2025-04-18 03:54,50.00,40.00,68.37,20.70,2900.00,42.55
LNK,2025-04-18 04:54,49.00,39.00,68.25,20.70,2900.00,42.55
LNK,2025-04-18 05:54,49.00,38.00,65.63,23.00,2700.00,34.50
LNK,2025-04-18 06:54,48.00,38.00,68.13,21.85,2700.00,35.65
LNK,2025-04-18 07:54,49.00,38.00,65.63,24.15,2800.00,34.50
LNK,2025-04-18 08:45,48.00,37.00,65.51,24.15,3000.00,34.50
LNK,2025-04-18 08:54,48.00,37.00,65.51,24.15,3000.00,35.65
LNK,2025-04-18 09:54,48.00,36.00,62.97,20.70,3200.00,36.80
LNK,2025-04-18 10:07,49.00,36.00,60.66,24.15,2700.00,32.20
LNK,2025-04-18 10:54,50.00,36.00,58.44,18.40,2800.00,32.20
LNK,2025-04-18 11:45,52.00,37.00,56.45,25.30,3100.00,31.05
LNK,2025-04-18 11:54,53.00,36.00,52.30,21.85,3400.00,31.05
LNK,2025-04-18 12:54,53.00,36.00,52.30,21.85,4000.00,31.05
LNK,2025-04-18 13:54,55.00,36.00,48.62,19.55,4700.00,31.05
LNK,2025-04-18 14:54,56.00,36.00,46.88,21.85,4900.00,31.05
LNK,2025-04-18 15:54,55.00,33.00,43.14,21.85,5000.00,35.65
LNK,2025-04-18 16:54,55.00,33.00,43.14,20.70,5000.00,36.80
LNK,2025-04-18 17:54,54.00,32.00,42.98,17.25,5000.00,29.90
LNK,2025-04-18 18:54,52.00,29.00,40.95,14.95,5500.00,M
LNK,2025-04-18 19:54,50.00,29.00,44.10,23.00,5500.00,M
LNK,2025-04-18 20:54,49.00,28.00,43.93,17.25,5500.00,M
LNK,2025-04-18 21:54,49.00,29.00,45.77,13.80,5500.00,M
LNK,2025-04-18 22:54,47.00,29.00,49.34,10.35,7500.00,M
LNK,2025-04-18 23:54,46.00,29.00,51.24,3.45,M,M
LNK,2025-04-19 00:54,44.00,28.00,53.07,4.60,M,M
LNK,2025-04-19 01:54,43.00,29.00,57.44,9.20,M,M
LNK,2025-04-19 02:54,41.00,29.00,62.04,6.90,M,M
LNK,2025-04-19 03:54,43.00,27.00,52.91,12.65,M,M
LNK,2025-04-19 04:54,40.00,28.00,61.91,6.90,M,M
LNK,2025-04-19 05:54,40.00,27.00,59.41,8.05,M,M
LNK,2025-04-19 06:54,37.00,26.00,64.11,4.60,M,M
LNK,2025-04-19 07:54,41.00,27.00,57.15,6.90,M,M
LNK,2025-04-19 08:54,45.00,29.00,53.22,6.90,M,M
LNK,2025-04-19 09:54,50.00,30.00,45.93,10.35,M,M
LNK,2025-04-19 10:54,52.00,27.00,37.72,8.05,M,M
LNK,2025-04-19 11:54,54.00,26.00,33.63,11.50,M,M
LNK,2025-04-19 12:54,55.00,25.00,31.11,6.90,M,M
LNK,2025-04-19 13:54,57.00,26.00,30.16,12.65,M,M
LNK,2025-04-19 14:54,59.00,26.00,28.07,9.20,M,M
LNK,2025-04-19 15:54,59.00,25.00,26.92,6.90,M,M
LNK,2025-04-19 16:54,59.00,26.00,28.07,6.90,M,M
LNK,2025-04-19 17:54,60.00,27.00,28.23,8.05,M,M
LNK,2025-04-19 18:54,58.00,27.00,30.32,4.60,M,M
LNK,2025-04-19 19:54,53.00,27.00,36.36,8.05,M,M
LNK,2025-04-19 20:54,46.00,27.00,47.20,6.90,M,M
LNK,2025-04-19 21:54,45.00,27.00,49.02,9.20,M,M
LNK,2025-04-19 22:54,49.00,27.00,42.16,5.75,M,M
LNK,2025-04-19 23:54,48.00,26.00,42.00,5.75,M,M
LNK,2025-04-20 00:54,48.00,26.00,42.00,6.90,M,M
LNK,2025-04-20 01:54,46.00,26.00,45.29,8.05,M,M
LNK,2025-04-20 02:54,44.00,27.00,50.93,8.05,M,M
LNK,2025-04-20 03:54,46.00,28.00,49.18,10.35,M,M
LNK,2025-04-20 04:54,47.00,28.00,47.36,10.35,7000.00,M
LNK,2025-04-20 05:54,47.00,29.00,49.34,14.95,6000.00,M
LNK,2025-04-20 06:54,47.00,30.00,51.39,13.80,5000.00,M
LNK,2025-04-20 07:54,47.00,31.00,53.52,9.20,5000.00,M
LNK,2025-04-20 08:54,47.00,34.00,60.38,6.90,4800.00,M
LNK,2025-04-20 09:54,45.00,37.00,73.37,9.20,2600.00,M
LNK,2025-04-20 10:03,45.00,39.00,79.36,11.50,1900.00,M
LNK,2025-04-20 10:12,44.00,39.00,82.44,10.35,1900.00,M
LNK,2025-04-20 10:24,44.00,40.00,85.71,11.50,1900.00,M
LNK,2025-04-20 10:41,44.00,40.00,85.71,9.20,1800.00,M
LNK,2025-04-20 10:49,44.60,39.20,81.20,9.20,700.00,M
LNK,2025-04-20 10:54,44.00,41.00,89.11,8.05,700.00,M
LNK,2025-04-20 11:04,44.00,41.00,89.11,9.20,800.00,M
LNK,2025-04-20 11:38,45.00,41.00,85.77,11.50,800.00,M
LNK,2025-04-20 11:40,45.00,41.00,85.77,10.35,800.00,M
LNK,2025-04-20 11:54,44.00,41.00,89.11,11.50,800.00,M
LNK,2025-04-20 12:54,44.00,41.00,89.11,11.50,800.00,M
LNK,2025-04-20 13:44,44.00,41.00,89.11,17.25,1100.00,M
LNK,2025-04-20 13:54,45.00,42.00,89.15,16.10,1000.00,M
LNK,2025-04-20 14:08,47.00,43.00,85.89,18.40,900.00,M
LNK,2025-04-20 14:54,48.00,44.00,85.95,18.40,900.00,M
LNK,2025-04-20 15:18,47.00,43.00,85.89,18.40,1100.00,M
LNK,2025-04-20 15:54,48.00,43.00,82.72,16.10,1000.00,M
LNK,2025-04-20 16:54,47.00,43.00,85.89,16.10,900.00,M
LNK,2025-04-20 17:54,48.00,43.00,82.72,13.80,900.00,M
LNK,2025-04-20 18:54,48.00,45.00,89.29,11.50,900.00,M
LNK,2025-04-20 19:15,48.00,44.00,85.95,10.35,1000.00,M
LNK,2025-04-20 19:54,48.00,44.00,85.95,13.80,1100.00,M
LNK,2025-04-20 20:39,47.00,44.00,89.24,9.20,1500.00,M
LNK,2025-04-20 20:54,47.00,44.00,89.24,10.35,1700.00,M
LNK,2025-04-20 21:03,47.00,44.00,89.24,9.20,800.00,M
LNK,2025-04-20 21:32,47.00,44.00,89.24,8.05,1000.00,M
LNK,2025-04-20 21:54,48.00,43.00,82.72,9.20,1900.00,M
LNK,2025-04-20 22:11,47.00,43.00,85.89,5.75,2000.00,M
LNK,2025-04-20 22:54,47.00,43.00,85.89,5.75,4500.00,M
LNK,2025-04-20 23:44,45.00,41.00,85.77,0.00,1100.00,M
LNK,2025-04-20 23:54,45.00,42.00,89.15,3.45,1000.00,M
LNK,2025-04-21 00:43,43.00,40.00,89.06,4.60,1000.00,M
LNK,2025-04-21 00:54,43.00,40.00,89.06,M,M,M
LNK,2025-04-21 01:54,41.00,38.00,88.97,0.00,M,M
LNK,2025-04-21 02:54,41.00,38.00,88.97,3.45,M,M
LNK,2025-04-21 03:54,38.00,35.00,88.83,0.00,M,M
LNK,2025-04-21 04:54,36.00,34.00,92.35,3.45,M,M
LNK,2025-04-21 05:54,34.00,32.00,92.29,4.60,M,M
LNK,2025-04-21 06:54,37.00,35.00,92.39,0.00,M,M
LNK,2025-04-21 07:54,38.00,37.00,96.14,3.45,M,M
LNK,2025-04-21 08:54,45.00,42.00,89.15,0.00,M,M
LNK,2025-04-21 09:54,52.00,45.00,76.94,6.90,M,M
LNK,2025-04-21 10:54,59.00,48.00,66.83,6.90,M,M
LNK,2025-04-21 11:54,64.00,50.00,60.34,13.80,M,M
LNK,2025-04-21 12:54,64.00,50.00,60.34,13.80,M,M
LNK,2025-04-21 13:54,69.00,51.00,52.66,11.50,M,M
LNK,2025-04-21 14:54,73.00,48.00,41.10,12.65,M,M
LNK,2025-04-21 15:54,75.00,46.00,35.64,14.95,M,M
LNK,2025-04-21 16:54,76.00,47.00,35.80,13.80,M,M
LNK,2025-04-21 17:54,76.00,46.00,34.47,16.10,M,M
LNK,2025-04-21 18:54,75.00,46.00,35.64,20.70,M,M
LNK,2025-04-21 19:54,71.00,46.00,40.78,14.95,M,M
LNK,2025-04-21 20:54,68.00,47.00,46.93,12.65,M,M
LNK,2025-04-21 21:54,63.00,48.00,57.99,6.90,M,M
LNK,2025-04-21 22:54,64.00,51.00,62.62,10.35,M,M
LNK,2025-04-21 23:54,62.00,51.00,67.18,6.90,M,M
LNK,2025-04-22 00:54,62.00,52.00,69.71,3.45,M,M
LNK,2025-04-22 01:54,56.00,50.00,80.23,0.00,M,M
LNK,2025-04-22 02:54,54.00,50.00,86.29,8.05,M,M
LNK,2025-04-22 03:54,56.00,51.00,83.26,4.60,M,M
LNK,2025-04-22 04:54,56.00,51.00,83.26,5.75,M,M
LNK,2025-04-22 05:54,51.00,46.00,82.93,12.65,M,M
LNK,2025-04-22 06:54,50.00,44.00,79.76,10.35,M,M
LNK,2025-04-22 07:54,51.00,44.00,76.85,11.50,M,M
LNK,2025-04-22 08:54,56.00,46.00,69.05,14.95,M,M
LNK,2025-04-22 09:54,56.00,43.00,61.59,13.80,11000.00,M
LNK,2025-04-22 10:54,58.00,42.00,55.14,9.20,11000.00,M
LNK,2025-04-22 11:54,65.00,43.00,44.73,13.80,M,M
LNK,2025-04-22 12:54,69.00,42.00,37.48,14.95,M,M
LNK,2025-04-22 13:54,70.00,43.00,37.64,12.65,M,M
LNK,2025-04-22 14:54,73.00,41.00,31.47,16.10,M,M
LNK,2025-04-22 15:54,71.00,40.00,32.40,13.80,M,M
LNK,2025-04-22 16:54,71.00,37.00,28.81,12.65,M,M
LNK,2025-04-22 17:54,70.00,41.00,34.85,9.20,M,M
LNK,2025-04-22 18:54,69.00,43.00,38.95,9.20,M,M
LNK,2025-04-22 19:54,68.00,41.00,37.32,10.35,M,M
LNK,2025-04-22 20:54,60.00,41.00,49.39,9.20,M,M
LNK,2025-04-22 21:54,59.00,42.00,53.20,6.90,M,M
LNK,2025-04-22 22:54,62.00,42.00,47.82,5.75,M,M
LNK,2025-04-22 23:54,60.00,42.00,51.33,0.00,7000.00,M
LNK,2025-04-23 00:54,57.00,42.00,57.16,5.75,M,M
LNK,2025-04-23 01:54,53.00,43.00,68.71,5.75,M,M
LNK,2025-04-23 02:54,50.00,42.00,73.87,4.60,M,M
LNK,2025-04-23 03:54,53.00,43.00,68.71,3.45,M,M
LNK,2025-04-23 04:54,46.00,41.00,82.58,4.60,M,M
LNK,2025-04-23 05:54,50.00,43.00,76.76,9.20,5500.00,M
LNK,2025-04-23 06:54,51.00,43.00,73.97,9.20,5500.00,M
LNK,2025-04-23 07:54,54.00,45.00,71.50,4.60,6000.00,M
LNK,2025-04-23 08:54,59.00,46.00,61.98,5.75,6000.00,M
LNK,2025-04-23 09:54,63.00,47.00,55.85,11.50,M,M
LNK,2025-04-23 10:54,66.00,49.00,54.21,5.75,5500.00,M
LNK,2025-04-23 11:54,70.00,50.00,49.03,8.05,6500.00,M
LNK,2025-04-23 12:54,73.00,52.00,47.69,5.75,6500.00,M
LNK,2025-04-23 13:54,75.00,52.00,44.59,3.45,M,M
LNK,2025-04-23 14:54,77.00,53.00,43.29,4.60,6000.00,M
LNK,2025-04-23 15:54,78.00,54.00,43.44,5.75,8000.00,M
LNK,2025-04-23 16:54,72.00,50.00,45.81,23.00,6000.00,33.35
LNK,2025-04-23 17:06,71.00,49.00,45.66,21.85,6000.00,29.90
LNK,2025-04-23 17:28,68.00,53.00,58.67,20.70,6000.00,31.05
LNK,2025-04-23 17:43,65.00,56.00,72.62,9.20,6000.00,31.05
LNK,2025-04-23 17:54,65.00,56.00,72.62,5.75,6000.00,31.05
LNK,2025-04-23 18:11,65.00,56.00,72.62,14.95,6000.00,M
LNK,2025-04-23 18:26,65.00,56.00,72.62,13.80,4600.00,M
LNK,2025-04-23 18:54,65.00,56.00,72.62,9.20,11000.00,M
LNK,2025-04-23 19:54,64.00,53.00,67.41,6.90,M,M
LNK,2025-04-23 20:54,61.00,52.00,72.22,3.45,M,M
LNK,2025-04-23 21:54,61.00,52.00,72.22,0.00,M,M
LNK,2025-04-23 22:54,57.00,52.00,83.33,8.05,11000.00,M
LNK,2025-04-23 23:54,58.00,53.00,83.39,6.90,11000.00,M
LNK,2025-04-24 00:54,57.00,52.00,83.33,5.75,11000.00,M
LNK,2025-04-24 01:54,60.00,52.00,74.83,3.45,8000.00,M
LNK,2025-04-24 02:54,59.00,52.00,77.55,4.60,8500.00,M
LNK,2025-04-24 03:54,58.00,53.00,83.39,5.75,10000.00,M
LNK,2025-04-24 04:54,57.00,53.00,86.45,5.75,4200.00,M
LNK,2025-04-24 05:54,56.00,53.00,89.64,10.35,11000.00,M
LNK,2025-04-24 06:19,56.00,54.00,92.98,3.45,400.00,M
LNK,2025-04-24 06:28,56.00,54.00,92.98,3.45,500.00,M
LNK,2025-04-24 06:54,56.00,53.00,89.64,3.45,500.00,M
LNK,2025-04-24 07:06,55.00,53.00,92.95,5.75,500.00,M
LNK,2025-04-24 07:54,57.00,55.00,93.01,3.45,9000.00,M
LNK,2025-04-24 08:54,61.00,57.00,86.67,3.45,3100.00,M
LNK,2025-04-24 09:54,63.00,55.00,75.11,8.05,7500.00,M
LNK,2025-04-24 10:54,68.00,57.00,67.86,8.05,6500.00,M
LNK,2025-04-24 11:54,70.00,58.00,65.69,8.05,5500.00,M
LNK,2025-04-24 12:19,70.00,58.00,65.69,4.60,2800.00,M
LNK,2025-04-24 12:54,69.00,58.00,67.97,0.00,2800.00,M
LNK,2025-04-24 13:19,70.00,59.00,68.09,5.75,2800.00,M
LNK,2025-04-24 13:54,70.00,59.00,68.09,9.20,3000.00,M
LNK,2025-04-24 14:54,72.00,58.00,61.37,3.45,3000.00,M
LNK,2025-04-24 15:21,66.00,61.00,83.91,12.65,3800.00,M
LNK,2025-04-24 15:50,62.60,60.80,93.83,21.85,900.00,M
LNK,2025-04-24 15:52,62.60,59.00,88.00,19.55,900.00,M
LNK,2025-04-24 15:54,62.00,59.00,89.89,19.55,900.00,M
LNK,2025-04-24 15:57,61.00,58.00,89.84,16.10,1100.00,M
LNK,2025-04-24 16:03,61.00,59.00,93.12,9.20,1100.00,M
LNK,2025-04-24 16:11,61.00,58.00,89.84,18.40,900.00,M
LNK,2025-04-24 16:14,60.00,58.00,93.10,18.40,900.00,M
LNK,2025-04-24 16:26,59.00,57.00,93.07,18.40,2200.00,M
LNK,2025-04-24 16:41,60.00,57.00,89.80,14.95,7500.00,M
LNK,2025-04-24 16:54,60.00,57.00,89.80,11.50,6500.00,M
LNK,2025-04-24 17:54,59.00,57.00,93.07,4.60,10000.00,M
LNK,2025-04-24 18:30,58.00,56.00,93.04,8.05,700.00,M
LNK,2025-04-24 18:54,58.00,55.00,89.72,9.20,600.00,M
LNK,2025-04-24 19:54,58.00,55.00,89.72,6.90,600.00,M
LNK,2025-04-24 20:01,58.00,55.00,89.72,6.90,700.00,M
LNK,2025-04-24 20:54,57.00,55.00,93.01,9.20,700.00,M
LNK,2025-04-24 21:54,57.00,55.00,93.01,10.35,700.00,M
LNK,2025-04-24 22:54,57.00,54.00,89.68,12.65,600.00,M
LNK,2025-04-24 23:54,57.00,54.00,89.68,9.20,600.00,M
LNK,2025-04-25 00:54,55.00,53.00,92.95,19.55,400.00,M
LNK,2025-04-25 01:54,53.00,51.00,92.89,13.80,400.00,M
LNK,2025-04-25 02:09,53.00,50.00,89.51,16.10,500.00,M
LNK,2025-04-25 02:54,52.00,49.00,89.46,16.10,600.00,M
LNK,2025-04-25 03:54,51.00,47.00,86.12,18.40,600.00,M
LNK,2025-04-25 04:54,50.00,46.00,86.06,16.10,700.00,M
LNK,2025-04-25 05:54,49.00,46.00,89.33,14.95,700.00,M
LNK,2025-04-25 06:54,48.00,45.00,89.29,11.50,600.00,M
LNK,2025-04-25 07:54,48.00,45.00,89.29,14.95,600.00,M
LNK,2025-04-25 08:54,50.00,45.00,82.86,17.25,900.00,M
LNK,2025-04-25 09:01,50.00,45.00,82.86,20.70,1000.00,M
LNK,2025-04-25 09:54,50.00,45.00,82.86,23.00,1200.00,32.20
LNK,2025-04-25 10:54,51.00,45.00,79.84,21.85,1100.00,32.20
LNK,2025-04-25 11:54,53.00,46.00,77.03,20.70,1300.00,29.90
LNK,2025-04-25 12:54,54.00,46.00,74.26,16.10,1400.00,M
LNK,2025-04-25 13:34,54.00,46.00,74.26,14.95,1500.00,M
LNK,2025-04-25 13:54,55.00,47.00,74.36,14.95,1600.00,M
LNK,2025-04-25 14:46,55.00,46.00,71.60,13.80,1900.00,M
LNK,2025-04-25 14:54,55.00,46.00,71.60,14.95,1900.00,M
LNK,2025-04-25 15:54,55.00,46.00,71.60,14.95,2100.00,M
LNK,2025-04-25 16:54,56.00,46.00,69.05,12.65,2500.00,M
LNK,2025-04-25 17:54,56.00,46.00,69.05,11.50,2600.00,M
LNK,2025-04-25 18:54,55.00,45.00,68.93,11.50,2600.00,M
LNK,2025-04-25 19:41,55.00,45.00,68.93,10.35,3000.00,M
LNK,2025-04-25 19:54,55.00,44.00,66.36,8.05,3400.00,M
LNK,2025-04-25 20:54,52.00,44.00,74.07,5.75,3900.00,M
LNK,2025-04-25 21:54,48.00,42.00,79.60,4.60,M,M
LNK,2025-04-25 22:54,49.00,44.00,82.79,0.00,M,M
LNK,2025-04-25 23:54,44.00,41.00,89.11,3.45,M,M
LNK,2025-04-26 00:54,46.00,43.00,89.20,3.45,M,M
LNK,2025-04-26 01:54,47.00,44.00,89.24,0.00,M,M
LNK,2025-04-26 02:54,46.00,43.00,89.20,4.60,M,M
LNK,2025-04-26 03:54,42.00,40.00,92.55,3.45,M,M
LNK,2025-04-26 04:54,42.00,40.00,92.55,6.90,M,M
LNK,2025-04-26 05:54,47.00,43.00,85.89,5.75,11000.00,M
LNK,2025-04-26 06:54,48.00,44.00,85.95,8.05,11000.00,M
LNK,2025-04-26 07:54,49.00,44.00,82.79,12.65,2000.00,M
LNK,2025-04-26 08:29,49.00,43.00,79.68,12.65,2500.00,M
LNK,2025-04-26 08:54,51.00,44.00,76.85,10.35,2400.00,M
LNK,2025-04-26 09:22,52.00,44.00,74.07,14.95,2400.00,M
LNK,2025-04-26 09:34,53.00,43.00,68.71,14.95,2200.00,M
LNK,2025-04-26 09:54,53.00,43.00,68.71,16.10,2000.00,M
LNK,2025-04-26 10:54,54.00,43.00,66.24,10.35,2500.00,M
LNK,2025-04-26 11:54,56.00,44.00,63.99,12.65,2600.00,M
LNK,2025-04-26 12:54,57.00,44.00,61.72,13.80,2700.00,M
LNK,2025-04-26 13:20,57.00,44.00,61.72,12.65,3000.00,M
LNK,2025-04-26 13:28,58.00,45.00,61.85,14.95,2800.00,M
LNK,2025-04-26 13:46,58.00,45.00,61.85,13.80,3000.00,M
LNK,2025-04-26 13:54,58.00,45.00,61.85,13.80,2900.00,M
LNK,2025-04-26 14:04,59.00,45.00,59.67,13.80,3100.00,M
LNK,2025-04-26 14:54,60.00,46.00,59.80,10.35,3300.00,M
LNK,2025-04-26 15:54,62.00,47.00,57.85,14.95,3300.00,M
LNK,2025-04-26 16:54,62.00,47.00,57.85,17.25,M,M
LNK,2025-04-26 17:54,61.00,48.00,62.23,13.80,3100.00,M
LNK,2025-04-26 18:54,59.00,47.00,64.36,12.65,3000.00,M
LNK,2025-04-26 19:34,59.00,47.00,64.36,12.65,2900.00,M
LNK,2025-04-26 19:54,58.00,47.00,66.71,9.20,2800.00,M
LNK,2025-04-26 20:54,56.00,46.00,69.05,11.50,M,M
LNK,2025-04-26 21:54,56.00,47.00,71.70,10.35,M,M
LNK,2025-04-26 22:54,53.00,46.00,77.03,8.05,2500.00,M
LNK,2025-04-26 23:36,51.00,46.00,82.93,5.75,2400.00,M
LNK,2025-04-26 23:54,53.00,47.00,80.00,5.75,2300.00,M
LNK,2025-04-27 00:54,55.00,48.00,77.21,8.05,2000.00,M
LNK,2025-04-27 01:54,55.00,48.00,77.21,9.20,2100.00,M
LNK,2025-04-27 02:26,55.00,48.00,77.21,9.20,1800.00,M
LNK,2025-04-27 02:54,55.00,48.00,77.21,10.35,1600.00,M
LNK,2025-04-27 03:21,55.00,48.00,77.21,10.35,1400.00,M
LNK,2025-04-27 03:54,54.00,49.00,83.13,9.20,1200.00,M
LNK,2025-04-27 04:52,53.60,48.20,81.87,6.90,900.00,M
LNK,2025-04-27 04:54,54.00,50.00,86.29,8.05,900.00,M
LNK,2025-04-27 05:54,54.00,51.00,89.55,6.90,700.00,M
LNK,2025-04-27 06:54,55.00,52.00,89.59,8.05,700.00,M
LNK,2025-04-27 07:54,55.00,53.00,92.95,14.95,500.00,M
LNK,2025-04-27 08:54,57.00,54.00,89.68,12.65,600.00,M
LNK,2025-04-27 09:54,58.00,54.00,86.51,10.35,700.00,M
LNK,2025-04-27 10:54,59.00,55.00,86.56,13.80,800.00,M
LNK,2025-04-27 11:54,60.00,55.00,83.53,16.10,800.00,M
LNK,2025-04-27 12:54,64.00,56.00,75.20,13.80,900.00,M
LNK,2025-04-27 13:54,64.00,57.00,77.97,16.10,900.00,M
LNK,2025-04-27 14:01,64.00,57.00,77.97,14.95,1300.00,M
LNK,2025-04-27 14:33,66.00,58.00,75.39,16.10,1500.00,M
LNK,2025-04-27 14:54,67.00,58.00,72.82,19.55,1600.00,M
LNK,2025-04-27 15:54,66.00,58.00,75.39,16.10,1700.00,M
LNK,2025-04-27 16:54,65.00,58.00,78.06,14.95,1600.00,M
LNK,2025-04-27 17:33,65.00,58.00,78.06,16.10,1400.00,M
LNK,2025-04-27 17:54,65.00,59.00,80.90,14.95,1300.00,M
LNK,2025-04-27 18:54,65.00,59.00,80.90,13.80,1200.00,M
LNK,2025-04-27 19:54,64.00,60.00,86.83,14.95,900.00,M
LNK,2025-04-27 20:54,64.00,61.00,89.97,16.10,700.00,M
LNK,2025-04-27 21:54,65.00,61.00,86.88,18.40,700.00,M
LNK,2025-04-27 22:54,65.00,62.00,90.01,14.95,500.00,M
LNK,2025-04-27 23:22,65.00,63.00,93.24,14.95,400.00,M
LNK,2025-04-27 23:54,65.00,63.00,93.24,18.40,400.00,M
LNK,2025-04-28 00:15,66.00,64.00,93.26,14.95,500.00,M
LNK,2025-04-28 00:32,67.00,64.00,90.09,16.10,700.00,M
LNK,2025-04-28 00:54,68.00,65.00,90.13,17.25,1300.00,M
LNK,2025-04-28 01:21,69.00,65.00,87.08,13.80,1600.00,M
LNK,2025-04-28 01:54,70.00,65.00,84.16,20.70,1600.00,29.90
LNK,2025-04-28 02:50,69.80,64.40,82.98,21.85,1800.00,33.35
LNK,2025-04-28 02:51,70.00,65.00,84.16,25.30,1800.00,33.35
LNK,2025-04-28 03:54,70.00,65.00,84.16,20.70,1400.00,33.35
LNK,2025-04-28 04:20,70.00,65.00,84.16,23.00,1600.00,34.50
LNK,2025-04-28 04:54,70.00,65.00,84.16,21.85,1600.00,34.50
LNK,2025-04-28 05:11,70.00,65.00,84.16,25.30,1800.00,39.10
LNK,2025-04-28 05:54,70.00,65.00,84.16,20.70,1800.00,39.10
LNK,2025-04-28 06:03,70.00,65.00,84.16,19.55,2000.00,32.20
LNK,2025-04-28 06:35,71.00,65.00,81.34,19.55,1700.00,42.55
LNK,2025-04-28 06:54,71.00,65.00,81.34,26.45,1700.00,42.55
LNK,2025-04-28 07:28,71.00,65.00,81.34,20.70,1600.00,39.10
LNK,2025-04-28 07:37,71.00,66.00,84.22,25.30,1600.00,39.10
LNK,2025-04-28 07:54,71.00,66.00,84.22,24.15,1600.00,39.10
LNK,2025-04-28 08:51,73.40,64.40,73.44,26.45,1900.00,39.10
LNK,2025-04-28 08:54,73.00,65.00,76.01,23.00,1900.00,39.10
LNK,2025-04-28 09:54,74.00,66.00,76.10,26.45,2000.00,40.25
LNK,2025-04-28 10:54,77.00,66.00,68.85,26.45,2500.00,42.55
LNK,2025-04-28 11:52,80.60,66.20,61.58,29.90,3100.00,46.00
LNK,2025-04-28 11:54,79.00,66.00,64.45,25.30,3100.00,46.00
LNK,2025-04-28 12:54,83.00,65.00,54.63,27.60,3700.00,43.70
LNK,2025-04-28 13:54,85.00,64.00,49.47,28.75,4600.00,46.00
LNK,2025-04-28 14:54,88.00,57.00,35.05,26.45,6000.00,42.55
LNK,2025-04-28 15:54,90.00,37.00,15.48,34.50,M,47.15
LNK,2025-04-28 16:54,89.00,37.00,15.97,27.60,M,48.30
LNK,2025-04-28 17:54,88.00,41.00,19.28,19.55,M,42.55
LNK,2025-04-28 18:54,85.00,34.00,16.11,20.70,M,41.40
LNK,2025-04-28 19:54,82.00,36.00,19.21,14.95,M,39.10
LNK,2025-04-28 20:54,76.00,41.00,28.47,25.30,M,55.20
LNK,2025-04-28 21:08,71.00,48.00,43.98,25.30,M,42.55
LNK,2025-04-28 21:54,67.00,50.00,54.35,14.95,M,42.55
LNK,2025-04-28 22:54,60.00,49.00,66.95,23.00,M,41.40
LNK,2025-04-28 23:54,57.00,47.00,69.16,16.10,2200.00,31.05
LNK,2025-04-29 00:04,56.00,46.00,69.05,17.25,2300.00,29.90
LNK,2025-04-29 00:54,55.00,44.00,66.36,14.95,2400.00,29.90
LNK,2025-04-29 01:54,53.00,42.00,66.12,18.40,2700.00,41.40
LNK,2025-04-29 02:54,53.00,42.00,66.12,18.40,2800.00,34.50
LNK,2025-04-29 03:54,50.00,40.00,68.37,16.10,2500.00,35.65
LNK,2025-04-29 04:54,50.00,40.00,68.37,18.40,2300.00,M
LNK,2025-04-29 05:43,46.00,39.00,76.40,6.90,2300.00,M
LNK,2025-04-29 05:54,46.00,39.00,76.40,8.05,2300.00,M
LNK,2025-04-29 06:54,45.00,39.00,79.36,4.60,M,M
LNK,2025-04-29 07:54,50.00,40.00,68.37,13.80,M,M
LNK,2025-04-29 08:54,50.00,30.00,45.93,13.80,M,M
LNK,2025-04-29 09:54,53.00,25.00,33.46,13.80,M,M
LNK,2025-04-29 10:54,56.00,24.00,28.77,12.65,M,M
LNK,2025-04-29 11:54,59.00,24.00,25.82,13.80,M,M
LNK,2025-04-29 12:54,62.00,24.00,23.21,8.05,M,M
LNK,2025-04-29 13:54,64.00,23.00,20.75,6.90,M,M
LNK,2025-04-29 14:54,65.00,18.00,16.20,0.00,M,M
LNK,2025-04-29 15:54,67.00,23.00,18.69,3.45,M,M
LNK,2025-04-29 16:54,68.00,21.00,16.60,0.00,M,M
LNK,2025-04-29 17:54,67.00,23.00,18.69,6.90,M,M
LNK,2025-04-29 18:54,66.00,27.00,22.86,8.05,M,M
LNK,2025-04-29 19:54,63.00,22.00,20.60,6.90,M,M
LNK,2025-04-29 20:54,61.00,24.00,24.05,5.75,M,M
LNK,2025-04-29 21:54,53.00,28.00,37.88,3.45,M,M
LNK,2025-04-29 22:54,55.00,31.00,39.80,0.00,M,M
LNK,2025-04-29 23:54,50.00,29.00,44.10,0.00,M,M
LNK,2025-04-30 00:54,43.00,33.00,67.54,0.00,M,M
LNK,2025-04-30 01:54,46.00,34.00,62.71,0.00,M,M
LNK,2025-04-30 02:54,43.00,34.00,70.30,3.45,M,M
LNK,2025-04-30 03:54,44.00,34.00,67.66,0.00,M,M
LNK,2025-04-30 04:54,45.00,34.00,65.13,3.45,M,M
LNK,2025-04-30 05:54,47.00,35.00,62.84,3.45,M,M
LNK,2025-04-30 06:54,49.00,37.00,63.10,0.00,11000.00,M
LNK,2025-04-30 07:54,48.00,41.00,76.58,0.00,7500.00,M
LNK,2025-04-30 08:54,51.00,45.00,79.84,4.60,5000.00,M
LNK,2025-04-30 09:54,54.00,50.00,86.29,6.90,9000.00,M
LNK,2025-04-30 10:54,55.00,52.00,89.59,6.90,5500.00,M
LNK,2025-04-30 11:54,56.00,53.00,89.64,13.80,7000.00,M
LNK,2025-04-30 12:54,61.00,56.00,83.59,12.65,9500.00,M
LNK,2025-04-30 13:54,62.00,55.00,77.81,6.90,1500.00,M
LNK,2025-04-30 14:54,63.00,56.00,77.89,6.90,3200.00,M
LNK,2025-04-30 15:32,61.00,58.00,89.84,6.90,2200.00,M
LNK,2025-04-30 15:49,62.60,59.00,88.00,10.35,800.00,M
LNK,2025-04-30 15:54,61.00,59.00,93.12,10.35,800.00,M
LNK,2025-04-30 16:04,61.00,58.00,89.84,10.35,800.00,M
LNK,2025-04-30 16:10,61.00,58.00,89.84,9.20,800.00,M
LNK,2025-04-30 16:16,60.00,58.00,93.10,8.05,900.00,M
LNK,2025-04-30 16:23,60.00,58.00,93.10,5.75,500.00,M
LNK,2025-04-30 16:54,60.00,58.00,93.10,3.45,500.00,M
LNK,2025-04-30 17:38,63.00,59.00,86.77,4.60,1200.00,M
LNK,2025-04-30 17:54,63.00,58.00,83.72,5.75,1100.00,M
LNK,2025-04-30 18:00,63.00,58.00,83.72,4.60,900.00,M
LNK,2025-04-30 18:42,63.00,58.00,83.72,5.75,1300.00,M
LNK,2025-04-30 18:54,63.00,58.00,83.72,6.90,1300.00,M
LNK,2025-04-30 19:12,63.00,58.00,83.72,9.20,1300.00,M
LNK,2025-04-30 19:39,62.00,58.00,86.72,6.90,1800.00,M
LNK,2025-04-30 19:54,62.00,58.00,86.72,4.60,3000.00,M
LNK,2025-04-30 20:54,61.00,58.00,89.84,5.75,3300.00,M
LNK,2025-04-30 21:54,61.00,58.00,89.84,3.45,4600.00,M
LNK,2025-04-30 22:54,60.00,58.00,93.10,0.00,4600.00,M
LNK,2025-04-30 23:11,61.00,58.00,89.84,4.60,1000.00,M
LNK,2025-04-30 23:54,60.00,58.00,93.10,3.45,1400.00,M
LNK,2025-05-01 00:04,59.00,58.00,96.48,0.00,1900.00,M
LNK,2025-05-01 00:16,60.00,58.00,93.10,0.00,2200.00,M
LNK,2025-05-01 00:54,60.00,58.00,93.10,0.00,5000.00,M
LNK,2025-05-01 01:24,58.00,57.00,96.46,4.60,4900.00,M
LNK,2025-05-01 01:31,58.00,57.00,96.46,4.60,300.00,M
LNK,2025-05-01 01:42,58.00,57.00,96.46,3.45,200.00,M
LNK,2025-05-01 01:49,57.20,57.20,100.00,4.60,200.00,M
LNK,2025-05-01 01:54,58.00,57.00,96.46,4.60,200.00,M
LNK,2025-05-01 02:03,59.00,58.00,96.48,4.60,200.00,M
LNK,2025-05-01 02:10,59.00,58.00,96.48,3.45,200.00,M
LNK,2025-05-01 02:22,59.00,58.00,96.48,0.00,1400.00,M
LNK,2025-05-01 02:54,59.00,58.00,96.48,0.00,1100.00,M
LNK,2025-05-01 03:19,58.00,57.00,96.46,3.45,1100.00,M
LNK,2025-05-01 03:28,58.00,56.00,93.04,3.45,1700.00,M
LNK,2025-05-01 03:54,58.00,56.00,93.04,0.00,1800.00,M
LNK,2025-05-01 04:54,58.00,55.00,89.72,0.00,M,M
LNK,2025-05-01 04:58,56.00,55.00,96.43,4.60,300.00,M
LNK,2025-05-01 05:13,56.00,55.00,96.43,5.75,M,M
LNK,2025-05-01 05:23,57.00,55.00,93.01,4.60,100.00,M
LNK,2025-05-01 05:35,56.00,55.00,96.43,3.45,100.00,M
LNK,2025-05-01 05:44,57.00,56.00,96.45,3.45,100.00,M
LNK,2025-05-01 05:54,57.00,56.00,96.45,4.60,100.00,M
LNK,2025-05-01 06:15,58.00,56.00,93.04,5.75,1700.00,M
LNK,2025-05-01 06:29,57.00,56.00,96.45,5.75,500.00,M
LNK,2025-05-01 06:40,57.00,56.00,96.45,8.05,500.00,M
LNK,2025-05-01 06:51,57.20,55.40,93.69,9.20,400.00,M
LNK,2025-05-01 06:54,58.00,56.00,93.04,9.20,400.00,M
LNK,2025-05-01 07:06,58.00,55.00,89.72,13.80,400.00,M
LNK,2025-05-01 07:13,58.00,55.00,89.72,12.65,400.00,M
LNK,2025-05-01 07:25,58.00,54.00,86.51,12.65,900.00,M
LNK,2025-05-01 07:54,57.00,53.00,86.45,12.65,3600.00,M
LNK,2025-05-01 08:31,57.00,52.00,83.33,11.50,1800.00,M
LNK,2025-05-01 08:54,57.00,51.00,80.31,12.65,1300.00,M
LNK,2025-05-01 09:47,59.00,52.00,77.55,14.95,1500.00,M
LNK,2025-05-01 09:54,59.00,52.00,77.55,11.50,1500.00,M
LNK,2025-05-01 10:35,59.00,52.00,77.55,14.95,1900.00,M
LNK,2025-05-01 10:54,59.00,52.00,77.55,20.70,1800.00,M
LNK,2025-05-01 11:45,61.00,51.00,69.60,16.10,1900.00,32.20
LNK,2025-05-01 11:54,61.00,51.00,69.60,17.25,1900.00,32.20
LNK,2025-05-01 12:54,63.00,52.00,67.29,16.10,2200.00,M
LNK,2025-05-01 13:45,64.00,50.00,60.34,18.40,2600.00,M
LNK,2025-05-01 13:54,66.00,51.00,58.40,14.95,2700.00,M
LNK,2025-05-01 14:54,68.00,49.00,50.59,20.70,4400.00,32.20
LNK,2025-05-01 15:54,69.00,46.00,43.67,16.10,5500.00,29.90
LNK,2025-05-01 16:54,69.00,44.00,40.47,16.10,6500.00,M
LNK,2025-05-01 17:54,70.00,44.00,39.11,14.95,M,M
LNK,2025-05-01 18:54,69.00,46.00,43.67,6.90,M,M
LNK,2025-05-01 19:54,62.00,47.00,57.85,5.75,M,M
LNK,2025-05-01 20:54,60.00,45.00,57.58,0.00,M,M
LNK,2025-05-01 21:54,57.00,46.00,66.59,0.00,10000.00,M
LNK,2025-05-01 22:54,59.00,47.00,64.36,0.00,9500.00,M
LNK,2025-05-01 23:54,50.00,45.00,82.86,0.00,M,M
LNK,2025-05-02 00:54,52.00,45.00,76.94,4.60,11000.00,M
LNK,2025-05-02 01:54,53.00,46.00,77.03,9.20,10000.00,M
LNK,2025-05-02 02:54,56.00,44.00,63.99,14.95,6000.00,M
LNK,2025-05-02 03:54,54.00,47.00,77.12,10.35,6000.00,M
LNK,2025-05-02 04:54,52.00,49.00,89.46,4.60,5500.00,M
LNK,2025-05-02 05:54,52.00,49.00,89.46,6.90,7000.00,M
LNK,2025-05-02 06:54,50.00,47.00,89.37,6.90,M,M
LNK,2025-05-02 07:09,51.00,47.00,86.12,8.05,2200.00,M
LNK,2025-05-02 07:54,52.00,48.00,86.17,6.90,2200.00,M
LNK,2025-05-02 08:17,52.00,48.00,86.17,8.05,1800.00,M
LNK,2025-05-02 08:52,53.60,48.20,81.87,9.20,1400.00,M
LNK,2025-05-02 08:54,53.00,48.00,83.06,8.05,1400.00,M
LNK,2025-05-02 09:33,54.00,49.00,83.13,8.05,1500.00,M
LNK,2025-05-02 09:54,54.00,47.00,77.12,9.20,1700.00,M
LNK,2025-05-02 10:07,53.00,46.00,77.03,11.50,1900.00,M
LNK,2025-05-02 10:17,53.00,46.00,77.03,10.35,1800.00,M
LNK,2025-05-02 10:31,54.00,46.00,74.26,12.65,1800.00,M
LNK,2025-05-02 10:54,54.00,46.00,74.26,9.20,3800.00,M
LNK,2025-05-02 11:54,56.00,45.00,66.48,16.10,2500.00,M
LNK,2025-05-02 12:54,52.00,47.00,82.99,11.50,2800.00,M
LNK,2025-05-02 13:54,54.00,47.00,77.12,11.50,1700.00,M
LNK,2025-05-02 14:54,57.00,48.00,71.81,8.05,7000.00,M
LNK,2025-05-02 15:54,60.00,45.00,57.58,11.50,3500.00,M
LNK,2025-05-02 16:21,60.00,45.00,57.58,10.35,3500.00,M
LNK,2025-05-02 16:36,57.00,43.00,59.40,21.85,4000.00,32.20
LNK,2025-05-02 16:54,52.00,42.00,68.59,8.05,3900.00,32.20
LNK,2025-05-02 17:03,53.00,44.00,71.39,4.60,5000.00,M
LNK,2025-05-02 17:54,58.00,47.00,66.71,5.75,10000.00,M
LNK,2025-05-02 18:33,59.00,46.00,61.98,4.60,9500.00,M
LNK,2025-05-02 18:54,60.00,47.00,62.11,6.90,M,M
LNK,2025-05-02 19:54,56.00,46.00,69.05,3.45,M,M
LNK,2025-05-02 20:54,56.00,46.00,69.05,0.00,M,M
LNK,2025-05-02 21:54,51.00,46.00,82.93,4.60,M,M
LNK,2025-05-02 22:54,47.00,44.00,89.24,0.00,8000.00,M
LNK,2025-05-02 23:54,45.00,42.00,89.15,4.60,8000.00,M
LNK,2025-05-03 00:54,43.00,40.00,89.06,3.45,M,M
LNK,2025-05-03 01:54,40.00,37.00,88.92,5.75,M,M
LNK,2025-05-03 02:54,40.00,37.00,88.92,4.60,M,M
LNK,2025-05-03 03:54,40.00,37.00,88.92,4.60,M,M
LNK,2025-05-03 04:54,39.00,36.00,88.87,0.00,M,M
LNK,2025-05-03 05:54,36.00,34.00,92.35,3.45,M,M
LNK,2025-05-03 06:54,37.00,34.00,88.78,4.60,M,M
LNK,2025-05-03 07:54,44.00,39.00,82.44,0.00,M,M
LNK,2025-05-03 08:54,50.00,43.00,76.76,0.00,M,M
LNK,2025-05-03 09:54,54.00,42.00,63.74,0.00,M,M
LNK,2025-05-03 10:54,60.00,45.00,57.58,0.00,M,M
LNK,2025-05-03 11:54,63.00,45.00,51.78,3.45,M,M
LNK,2025-05-03 12:54,65.00,42.00,43.04,13.80,4600.00,M
LNK,2025-05-03 13:54,66.00,42.00,41.57,10.35,5500.00,M
LNK,2025-05-03 14:54,68.00,41.00,37.32,3.45,M,M
LNK,2025-05-03 15:54,69.00,42.00,37.48,5.75,M,M
LNK,2025-05-03 16:54,69.00,40.00,34.69,10.35,M,M
LNK,2025-05-03 17:54,69.00,40.00,34.69,9.20,M,M
LNK,2025-05-03 18:54,68.00,41.00,37.32,5.75,M,M
LNK,2025-05-03 19:54,63.00,40.00,42.72,5.75,M,M
LNK,2025-05-03 20:54,61.00,38.00,42.40,5.75,M,M
LNK,2025-05-03 21:54,59.00,39.00,47.35,3.45,M,M
LNK,2025-05-03 22:54,57.00,39.00,50.88,3.45,M,M
LNK,2025-05-03 23:54,55.00,39.00,54.70,0.00,M,M
LNK,2025-05-04 00:54,48.00,40.00,73.67,0.00,M,M
LNK,2025-05-04 01:54,43.00,38.00,82.37,0.00,M,M
LNK,2025-05-04 02:54,41.00,37.00,85.54,4.60,M,M
LNK,2025-05-04 03:54,42.00,38.00,85.60,3.45,M,M
LNK,2025-05-04 04:54,42.00,38.00,85.60,0.00,M,M
LNK,2025-05-04 05:54,41.00,37.00,85.54,0.00,M,M
LNK,2025-05-04 06:54,40.00,37.00,88.92,0.00,M,M
LNK,2025-05-04 07:54,48.00,42.00,79.60,0.00,M,M
LNK,2025-05-04 08:54,53.00,44.00,71.39,0.00,M,M
LNK,2025-05-04 09:54,60.00,45.00,57.58,0.00,M,M
LNK,2025-05-04 10:54,65.00,45.00,48.28,0.00,M,M
LNK,2025-05-04 11:54,68.00,43.00,40.31,5.75,M,M
LNK,2025-05-04 12:54,69.00,41.00,36.06,3.45,M,M
LNK,2025-05-04 13:54,72.00,41.00,32.56,5.75,M,M
LNK,2025-05-04 14:54,73.00,41.00,31.47,0.00,M,M
LNK,2025-05-04 15:54,74.00,42.00,31.63,4.60,M,M
LNK,2025-05-04 16:54,74.00,40.00,29.28,6.90,M,M
LNK,2025-05-04 17:54,76.00,41.00,28.47,3.45,M,M
LNK,2025-05-04 18:54,73.00,41.00,31.47,5.75,M,M
LNK,2025-05-04 19:54,69.00,41.00,36.06,6.90,M,M
LNK,2025-05-04 20:54,65.00,41.00,41.41,3.45,M,M
LNK,2025-05-04 21:54,65.00,41.00,41.41,3.45,M,M
LNK,2025-05-04 22:54,57.00,44.00,61.72,0.00,M,M
LNK,2025-05-04 23:54,54.00,44.00,68.82,0.00,M,M
LNK,2025-05-05 00:54,50.00,43.00,76.76,0.00,M,M
LNK,2025-05-05 01:54,46.00,40.00,79.44,0.00,M,M
LNK,2025-05-05 02:54,46.00,41.00,82.58,0.00,M,M
LNK,2025-05-05 03:54,46.00,41.00,82.58,4.60,M,M
LNK,2025-05-05 04:54,43.00,39.00,85.66,5.75,M,M
LNK,2025-05-05 05:54,44.00,40.00,85.71,5.75,M,M
LNK,2025-05-05 06:54,44.00,39.00,82.44,4.60,M,M
LNK,2025-05-05 07:54,52.00,43.00,71.28,3.45,M,M
LNK,2025-05-05 08:54,60.00,48.00,64.49,0.00,M,M
LNK,2025-05-05 09:54,68.00,48.00,48.73,0.00,M,M
LNK,2025-05-05 10:54,73.00,44.00,35.32,3.45,M,M
LNK,2025-05-05 11:54,74.00,44.00,34.15,4.60,M,M
LNK,2025-05-05 12:54,76.00,44.00,31.95,5.75,M,M
LNK,2025-05-05 13:54,76.00,42.00,29.59,6.90,M,M
LNK,2025-05-05 14:54,77.00,44.00,30.90,6.90,M,M
LNK,2025-05-05 15:54,78.00,41.00,26.64,5.75,M,M
LNK,2025-05-05 16:54,79.00,43.00,27.84,8.05,9000.00,M
LNK,2025-05-05 17:54,79.00,41.00,25.78,0.00,9000.00,M
LNK,2025-05-05 18:54,78.00,45.00,31.06,3.45,M,M
LNK,2025-05-05 19:54,75.00,41.00,29.43,3.45,M,M
LNK,2025-05-05 20:54,68.00,43.00,40.31,4.60,M,M
LNK,2025-05-05 21:54,68.00,41.00,37.32,6.90,M,M
LNK,2025-05-05 22:54,68.00,40.00,35.90,0.00,M,M
LNK,2025-05-05 23:54,63.00,43.00,47.97,0.00,M,M
LNK,2025-05-06 00:54,54.00,44.00,68.82,0.00,M,M
LNK,2025-05-06 01:54,48.00,42.00,79.60,3.45,M,M
LNK,2025-05-06 02:54,51.00,42.00,71.18,0.00,M,M
LNK,2025-05-06 03:54,51.00,43.00,73.97,0.00,M,M
LNK,2025-05-06 04:54,46.00,41.00,82.58,4.60,M,M
LNK,2025-05-06 05:54,48.00,42.00,79.60,0.00,M,M
LNK,2025-05-06 06:54,47.00,42.00,82.65,5.75,M,M
LNK,2025-05-06 07:54,54.00,47.00,77.12,0.00,M,M
LNK,2025-05-06 08:54,61.00,48.00,62.23,3.45,M,M
LNK,2025-05-06 09:54,65.00,48.00,54.07,3.45,M,M
LNK,2025-05-06 10:54,70.00,50.00,49.03,0.00,M,M
LNK,2025-05-06 11:54,73.00,47.00,39.58,6.90,M,M
LNK,2025-05-06 12:54,75.00,46.00,35.64,9.20,M,M
LNK,2025-05-06 13:54,77.00,44.00,30.90,5.75,M,M
LNK,2025-05-06 14:54,78.00,45.00,31.06,10.35,M,M
LNK,2025-05-06 15:54,78.00,45.00,31.06,13.80,M,M
LNK,2025-05-06 16:54,78.00,44.00,29.90,10.35,M,M
LNK,2025-05-06 17:54,76.00,43.00,30.75,11.50,M,M
LNK,2025-05-06 18:54,74.00,43.00,32.87,12.65,M,M
LNK,2025-05-06 19:54,72.00,42.00,33.84,9.20,M,M
LNK,2025-05-06 20:54,69.00,44.00,40.47,6.90,M,M
LNK,2025-05-06 21:54,67.00,44.00,43.35,6.90,M,M
LNK,2025-05-06 22:54,64.00,45.00,49.99,5.75,M,M
LNK,2025-05-06 23:54,65.00,45.00,48.28,6.90,M,M
LNK,2025-05-07 00:54,62.00,46.00,55.71,4.60,M,M
LNK,2025-05-07 01:54,61.00,48.00,62.23,3.45,M,M
LNK,2025-05-07 02:54,61.00,47.00,59.94,0.00,M,M
LNK,2025-05-07 03:54,58.00,47.00,66.71,0.00,M,M
LNK,2025-05-07 04:54,56.00,47.00,71.70,4.60,M,M
LNK,2025-05-07 05:54,54.00,47.00,77.12,6.90,M,M
LNK,2025-05-07 06:54,55.00,47.00,74.36,5.75,M,M
LNK,2025-05-07 07:54,57.00,49.00,74.55,8.05,M,M
LNK,2025-05-07 08:54,63.00,50.00,62.49,4.60,M,M
LNK,2025-05-07 09:54,69.00,50.00,50.74,8.05,M,M
LNK,2025-05-07 10:54,70.00,49.00,47.24,11.50,M,M
LNK,2025-05-07 11:54,72.00,46.00,39.42,8.05,M,M
LNK,2025-05-07 12:54,75.00,46.00,35.64,12.65,M,M
LNK,2025-05-07 13:54,75.00,46.00,35.64,6.90,M,M
LNK,2025-05-07 14:54,76.00,46.00,34.47,13.80,7500.00,M
LNK,2025-05-07 15:54,77.00,47.00,34.63,13.80,8000.00,M
LNK,2025-05-07 16:54,76.00,46.00,34.47,11.50,8000.00,M
LNK,2025-05-07 17:54,77.00,46.00,33.34,13.80,8000.00,32.20
LNK,2025-05-07 18:54,76.00,45.00,33.19,10.35,8500.00,M
LNK,2025-05-07 19:54,71.00,44.00,37.80,9.20,M,M
LNK,2025-05-07 20:54,64.00,45.00,49.99,6.90,M,M
LNK,2025-05-07 21:54,62.00,45.00,53.63,M,M,M
LNK,2025-05-07 22:54,62.00,47.00,57.85,0.00,M,M
LNK,2025-05-07 23:54,58.00,46.00,64.24,5.75,11000.00,M
LNK,2025-05-08 00:54,60.00,47.00,62.11,8.05,M,M
LNK,2025-05-08 01:54,61.00,48.00,62.23,6.90,9500.00,M
LNK,2025-05-08 02:54,61.00,48.00,62.23,3.45,11000.00,M
LNK,2025-05-08 03:54,56.00,49.00,77.29,5.75,10000.00,M
LNK,2025-05-08 04:54,56.00,48.00,74.45,0.00,M,M
LNK,2025-05-08 05:54,54.00,48.00,80.07,5.75,M,M
LNK,2025-05-08 06:54,53.00,48.00,83.06,4.60,M,M
LNK,2025-05-08 07:54,59.00,50.00,72.01,3.45,11000.00,M
LNK,2025-05-08 08:54,66.00,52.00,60.60,6.90,11000.00,M
LNK,2025-05-08 09:54,68.00,53.00,58.67,5.75,M,M
LNK,2025-05-08 10:54,73.00,54.00,51.33,6.90,M,M
LNK,2025-05-08 11:54,75.00,52.00,44.59,6.90,M,M
LNK,2025-05-08 12:54,77.00,52.00,41.72,11.50,M,M
LNK,2025-05-08 13:54,79.00,52.00,39.06,9.20,M,M
LNK,2025-05-08 14:54,80.00,51.00,36.42,6.90,M,M
LNK,2025-05-08 15:54,81.00,51.00,35.25,10.35,M,M
LNK,2025-05-08 16:54,81.00,51.00,35.25,10.35,M,M
LNK,2025-05-08 17:54,79.00,49.00,34.94,10.35,M,M
LNK,2025-05-08 18:54,78.00,50.00,37.48,9.20,M,M
LNK,2025-05-08 19:54,75.00,49.00,39.90,9.20,M,M
LNK,2025-05-08 20:54,70.00,48.00,45.50,5.75,M,M
LNK,2025-05-08 21:54,70.00,47.00,43.82,6.90,M,M
LNK,2025-05-08 22:54,68.00,46.00,45.19,6.90,M,M
LNK,2025-05-08 23:54,61.00,45.00,55.57,4.60,M,M
LNK,2025-05-09 00:54,63.00,44.00,49.84,0.00,M,M
LNK,2025-05-09 01:54,56.00,43.00,61.59,0.00,M,M
LNK,2025-05-09 02:54,52.00,44.00,74.07,0.00,M,M
LNK,2025-05-09 03:54,49.00,44.00,82.79,6.90,M,M
LNK,2025-05-09 04:54,49.00,43.00,79.68,5.75,M,M
LNK,2025-05-09 05:54,50.00,44.00,79.76,3.45,M,M
LNK,2025-05-09 06:54,51.00,46.00,82.93,3.45,M,M
LNK,2025-05-09 07:54,56.00,49.00,77.29,0.00,M,M
LNK,2025-05-09 08:54,63.00,50.00,62.49,0.00,M,M
LNK,2025-05-09 09:54,69.00,50.00,50.74,4.60,M,M
LNK,2025-05-09 10:54,74.00,52.00,46.11,3.45,M,M
LNK,2025-05-09 11:54,77.00,51.00,40.21,4.60,M,M
LNK,2025-05-09 12:54,81.00,51.00,35.25,4.60,M,M
LNK,2025-05-09 13:54,83.00,49.00,30.67,4.60,M,M
LNK,2025-05-09 14:54,84.00,48.00,28.60,4.60,M,M
LNK,2025-05-09 15:54,85.00,47.00,26.67,5.75,M,M
LNK,2025-05-09 16:54,84.00,46.00,26.52,9.20,M,M
LNK,2025-05-09 17:54,84.00,46.00,26.52,6.90,M,M
LNK,2025-05-09 18:54,82.00,45.00,27.24,9.20,M,M
LNK,2025-05-09 19:54,78.00,44.00,29.90,6.90,M,M
LNK,2025-05-09 20:54,74.00,44.00,34.15,6.90,M,M
LNK,2025-05-09 21:54,68.00,45.00,43.51,5.75,M,M
LNK,2025-05-09 22:54,67.00,45.00,45.04,5.75,M,M
LNK,2025-05-09 23:54,65.00,44.00,46.47,3.45,M,M
LNK,2025-05-10 00:54,66.00,43.00,43.20,4.60,M,M
LNK,2025-05-10 01:54,60.00,44.00,55.42,5.75,M,M
LNK,2025-05-10 02:54,61.00,43.00,51.48,0.00,M,M
LNK,2025-05-10 03:54,57.00,44.00,61.72,0.00,M,M
LNK,2025-05-10 04:54,54.00,44.00,68.82,0.00,M,M
LNK,2025-05-10 05:54,50.00,44.00,79.76,3.45,M,M
LNK,2025-05-10 06:54,51.00,45.00,79.84,3.45,M,M
LNK,2025-05-10 07:54,59.00,47.00,64.36,0.00,M,M
LNK,2025-05-10 08:54,65.00,52.00,62.74,0.00,M,M
LNK,2025-05-10 09:54,73.00,53.00,49.48,0.00,M,M
LNK,2025-05-10 10:54,77.00,52.00,41.72,3.45,M,M
LNK,2025-05-10 11:54,80.00,55.00,42.19,3.45,M,M
LNK,2025-05-10 12:54,84.00,52.00,33.19,4.60,M,M
LNK,2025-05-10 13:54,88.00,53.00,30.30,M,M,M
LNK,2025-05-10 14:54,87.00,50.00,28.00,M,M,M
LNK,2025-05-10 15:54,89.00,45.00,21.77,M,M,M
LNK,2025-05-10 16:54,89.00,40.00,17.96,4.60,M,M
LNK,2025-05-10 17:54,88.00,40.00,18.54,9.20,M,M
LNK,2025-05-10 18:54,86.00,47.00,25.83,3.45,M,M
LNK,2025-05-10 19:54,83.00,42.00,23.51,8.05,M,M
LNK,2025-05-10 20:54,74.00,45.00,35.48,6.90,M,M
LNK,2025-05-10 21:54,73.00,45.00,36.70,4.60,M,M
LNK,2025-05-10 22:54,66.00,48.00,52.22,9.20,M,M
LNK,2025-05-10 23:54,65.00,48.00,54.07,4.60,M,M
LNK,2025-05-11 00:54,67.00,47.00,48.58,4.60,M,M
LNK,2025-05-11 01:54,63.00,48.00,57.99,5.75,M,M
LNK,2025-05-11 02:54,62.00,46.00,55.71,3.45,M,M
LNK,2025-05-11 03:54,62.00,46.00,55.71,3.45,M,M
LNK,2025-05-11 04:54,59.00,46.00,61.98,0.00,M,M
LNK,2025-05-11 05:54,53.00,46.00,77.03,0.00,M,M
LNK,2025-05-11 06:54,55.00,47.00,74.36,0.00,M,M
LNK,2025-05-11 07:54,62.00,50.00,64.73,0.00,M,M
LNK,2025-05-11 08:54,69.00,52.00,54.64,0.00,M,M
LNK,2025-05-11 09:54,76.00,52.00,43.13,5.75,M,M
LNK,2025-05-11 10:54,82.00,48.00,30.51,6.90,M,M
LNK,2025-05-11 11:54,84.00,47.00,27.55,10.35,M,M
LNK,2025-05-11 12:54,86.00,46.00,24.88,12.65,M,M
LNK,2025-05-11 13:54,86.00,44.00,23.05,13.80,M,M
LNK,2025-05-11 14:54,87.00,47.00,25.02,13.80,M,M
LNK,2025-05-11 15:54,87.00,47.00,25.02,14.95,M,M
LNK,2025-05-11 16:54,87.00,42.00,20.68,10.35,M,M
LNK,2025-05-11 17:54,85.00,43.00,22.91,9.20,M,M
LNK,2025-05-11 18:54,83.00,43.00,24.44,13.80,M,M
LNK,2025-05-11 19:54,81.00,41.00,24.14,9.20,M,M
LNK,2025-05-11 20:54,79.00,36.00,21.19,10.35,M,M
LNK,2025-05-11 21:54,75.00,37.00,25.17,11.50,M,M
LNK,2025-05-11 22:54,70.00,39.00,32.24,10.35,M,M
LNK,2025-05-11 23:54,63.00,40.00,42.72,8.05,M,M
LNK,2025-05-12 00:54,63.00,40.00,42.72,5.75,M,M
LNK,2025-05-12 01:54,59.00,41.00,51.18,6.90,M,M
LNK,2025-05-12 02:54,59.00,41.00,51.18,4.60,M,M
LNK,2025-05-12 03:54,57.00,41.00,54.99,5.75,M,M
LNK,2025-05-12 04:54,56.00,41.00,57.02,3.45,M,M
LNK,2025-05-12 05:54,55.00,42.00,61.46,4.60,M,M
LNK,2025-05-12 06:54,56.00,44.00,63.99,4.60,M,M
LNK,2025-05-12 07:54,62.00,49.00,62.36,3.45,M,M
LNK,2025-05-12 08:54,68.00,50.00,52.51,6.90,M,M
LNK,2025-05-12 09:54,75.00,50.00,41.41,11.50,M,M
LNK,2025-05-12 10:54,79.00,50.00,36.27,12.65,M,M
LNK,2025-05-12 11:54,82.00,50.00,32.88,10.35,M,M
LNK,2025-05-12 12:54,83.00,48.00,29.54,12.65,M,M
LNK,2025-05-12 13:54,84.00,46.00,26.52,9.20,M,M
LNK,2025-05-12 14:54,85.00,46.00,25.69,10.35,M,M
LNK,2025-05-12 15:54,86.00,45.00,23.95,11.50,M,M
LNK,2025-05-12 16:54,86.00,43.00,22.19,9.20,M,M
LNK,2025-05-12 17:54,84.00,45.00,25.54,13.80,M,M
LNK,2025-05-12 18:54,84.00,43.00,23.66,13.80,M,M
LNK,2025-05-12 19:41,79.00,46.00,31.21,8.05,200.00,M
LNK,2025-05-12 19:54,79.00,45.00,30.05,8.05,M,M
LNK,2025-05-12 20:54,72.00,45.00,37.96,6.90,M,M
LNK,2025-05-12 21:54,68.00,45.00,43.51,6.90,M,M
LNK,2025-05-12 22:54,68.00,44.00,41.88,4.60,M,M
LNK,2025-05-12 23:54,63.00,43.00,47.97,6.90,M,M
LNK,2025-05-13 00:54,62.00,43.00,49.69,4.60,M,M
LNK,2025-05-13 01:54,62.00,45.00,53.63,3.45,M,M
LNK,2025-05-13 02:54,62.00,45.00,53.63,3.45,M,M
LNK,2025-05-13 03:54,61.00,45.00,55.57,3.45,M,M
LNK,2025-05-13 04:54,58.00,45.00,61.85,0.00,M,M
LNK,2025-05-13 05:54,53.00,45.00,74.16,0.00,M,M
LNK,2025-05-13 06:54,56.00,47.00,71.70,0.00,M,M
LNK,2025-05-13 07:54,63.00,50.00,62.49,3.45,M,M
LNK,2025-05-13 08:54,68.00,53.00,58.70,3.45,M,M
LNK,2025-05-13 09:54,74.00,55.00,51.52,4.60,M,M
LNK,2025-05-13 10:54,81.00,54.00,39.43,14.95,M,M
LNK,2025-05-13 11:54,83.00,53.00,35.63,16.10,M,M
LNK,2025-05-13 12:54,85.00,53.00,33.41,18.40,M,35.65
LNK,2025-05-13 13:54,86.00,52.00,31.19,12.65,M,M
LNK,2025-05-13 14:54,87.00,52.00,30.22,13.80,M,M
LNK,2025-05-13 15:54,88.00,52.00,29.28,14.95,M,M
LNK,2025-05-13 16:54,88.00,52.00,29.28,13.80,M,M
LNK,2025-05-13 17:54,86.00,52.00,31.19,14.95,M,M
LNK,2025-05-13 18:54,85.00,52.00,32.20,13.80,M,M
LNK,2025-05-13 19:54,83.00,51.00,33.09,12.65,M,M
LNK,2025-05-13 20:54,80.00,52.00,37.85,9.20,M,M
LNK,2025-05-13 21:54,77.00,52.00,41.77,10.35,M,M
LNK,2025-05-13 22:54,74.00,53.00,47.89,11.50,M,M
LNK,2025-05-13 23:54,73.00,54.00,51.37,11.50,M,M
LNK,2025-05-14 00:54,72.00,55.00,55.10,9.20,M,M
LNK,2025-05-14 01:54,68.00,55.00,63.15,6.90,M,M
LNK,2025-05-14 02:54,66.00,55.00,67.66,6.90,M,M
LNK,2025-05-14 03:54,65.00,56.00,72.64,3.45,M,M
LNK,2025-05-14 04:54,66.00,56.00,70.16,6.90,M,M
LNK,2025-05-14 05:54,66.00,56.00,70.16,8.05,M,M
LNK,2025-05-14 06:54,66.00,57.00,72.74,9.20,M,M
LNK,2025-05-14 07:54,69.00,59.00,70.49,11.50,M,M
LNK,2025-05-14 08:54,74.00,62.00,66.20,11.50,M,M
LNK,2025-05-14 09:54,77.00,62.00,59.91,13.80,M,M
LNK,2025-05-14 10:54,81.00,62.00,52.55,19.55,M,29.90
LNK,2025-05-14 11:54,85.00,62.00,46.19,17.25,5000.00,32.20
LNK,2025-05-14 12:54,86.00,61.00,43.19,20.70,5500.00,31.05
LNK,2025-05-14 13:54,87.00,60.00,40.38,20.70,6000.00,33.35
LNK,2025-05-14 14:54,88.00,60.00,39.12,19.55,M,32.20
LNK,2025-05-14 15:54,90.00,61.00,38.06,18.40,M,34.50
LNK,2025-05-14 16:54,89.00,61.00,39.28,20.70,6500.00,33.35
LNK,2025-05-14 17:54,89.00,62.00,40.69,19.55,7000.00,M
LNK,2025-05-14 18:54,87.00,63.00,44.89,13.80,6500.00,32.20
LNK,2025-05-14 19:54,86.00,63.00,46.34,14.95,6500.00,31.05
LNK,2025-05-14 20:54,84.00,65.00,52.98,20.70,8000.00,M
LNK,2025-05-14 21:54,83.00,66.00,56.65,14.95,M,M
LNK,2025-05-14 22:54,81.00,66.00,60.44,17.25,M,29.90
LNK,2025-05-14 23:54,80.00,67.00,64.63,13.80,M,M
LNK,2025-05-15 00:54,78.00,67.00,69.01,19.55,M,35.65
LNK,2025-05-15 01:54,75.00,68.00,78.90,18.40,M,33.35
LNK,2025-05-15 02:54,73.00,66.00,78.74,12.65,M,M
LNK,2025-05-15 03:54,70.00,62.00,75.78,11.50,M,M
LNK,2025-05-15 04:54,70.00,60.00,70.59,20.70,4400.00,M
LNK,2025-05-15 05:54,64.00,55.00,72.54,21.85,M,29.90
LNK,2025-05-15 06:54,62.00,50.00,64.75,19.55,M,34.50
LNK,2025-05-15 07:54,64.00,49.00,58.15,19.55,M,34.50
LNK,2025-05-15 08:54,67.00,48.00,50.47,26.45,M,35.65
LNK,2025-05-15 09:54,70.00,48.00,45.53,31.05,M,43.70
LNK,2025-05-15 10:54,73.00,47.00,39.62,28.75,3800.00,46.00
LNK,2025-05-15 11:54,75.00,46.00,35.68,24.15,3800.00,46.00
LNK,2025-05-15 12:54,76.00,47.00,35.84,26.45,6000.00,40.25
LNK,2025-05-15 13:54,76.00,46.00,34.51,20.70,6500.00,41.40
LNK,2025-05-15 14:54,78.00,43.00,28.81,24.15,7000.00,36.80
LNK,2025-05-15 15:54,77.00,43.00,29.78,18.40,8500.00,34.50
LNK,2025-05-15 16:54,80.00,43.00,26.98,16.10,M,32.20
LNK,2025-05-15 17:54,80.00,42.00,25.96,19.55,10000.00,29.90
LNK,2025-05-15 18:54,80.00,40.00,24.03,17.25,M,M
LNK,2025-05-15 19:54,77.00,42.00,28.65,9.20,M,M
LNK,2025-05-15 20:54,73.00,42.00,32.74,3.45,M,M
LNK,2025-05-15 21:54,65.00,43.00,44.74,5.75,M,M
LNK,2025-05-15 22:54,65.00,42.00,43.05,8.05,M,M
LNK,2025-05-15 23:54,65.00,42.00,43.05,8.05,M,M
LNK,2025-05-16 00:54,63.00,40.00,42.73,5.75,M,M
LNK,2025-05-16 01:54,61.00,39.00,44.10,6.90,M,M
LNK,2025-05-16 02:54,60.00,39.00,45.69,6.90,M,M
LNK,2025-05-16 03:54,58.00,39.00,49.08,8.05,M,M
LNK,2025-05-16 04:54,57.00,39.00,50.88,6.90,M,M
LNK,2025-05-16 05:54,57.00,39.00,50.88,5.75,M,M
LNK,2025-05-16 06:54,61.00,40.00,45.85,6.90,M,M
LNK,2025-05-16 07:54,63.00,40.00,42.73,11.50,11000.00,M
LNK,2025-05-16 08:54,62.00,40.00,44.26,12.65,11000.00,M
LNK,2025-05-16 09:54,67.00,40.00,37.17,19.55,M,M
LNK,2025-05-16 10:54,70.00,39.00,32.26,20.70,M,M
LNK,2025-05-16 11:54,72.00,39.00,30.14,24.15,M,37.95
LNK,2025-05-16 12:54,72.00,38.00,28.98,32.20,8000.00,46.00
LNK,2025-05-16 13:54,71.00,37.00,28.82,27.60,7500.00,46.00
LNK,2025-05-16 14:54,72.00,38.00,28.98,29.90,11000.00,47.15
LNK,2025-05-16 15:54,64.00,43.00,46.33,25.30,7500.00,50.60
LNK,2025-05-16 16:54,67.00,39.00,35.75,28.75,7000.00,50.60
LNK,2025-05-16 17:54,66.00,40.00,38.48,29.90,6500.00,48.30
LNK,2025-05-16 18:54,64.00,39.00,39.68,24.15,8000.00,49.45
LNK,2025-05-16 19:54,62.00,39.00,42.57,25.30,6500.00,47.15
LNK,2025-05-16 20:54,60.00,40.00,47.51,18.40,5000.00,43.70
LNK,2025-05-16 21:54,59.00,40.00,49.24,13.80,M,36.80
LNK,2025-05-16 22:54,58.00,41.00,53.05,20.70,M,42.55
LNK,2025-05-16 23:54,58.00,41.00,53.05,19.55,M,33.35
LNK,2025-05-17 00:54,57.00,41.00,54.99,16.10,M,M
LNK,2025-05-17 01:54,56.00,41.00,57.02,16.10,M,34.50
LNK,2025-05-17 02:54,54.00,40.00,58.99,18.40,M,33.35
LNK,2025-05-17 03:54,52.00,40.00,63.48,12.65,M,M
LNK,2025-05-17 04:54,53.00,41.00,63.61,10.35,3200.00,M
LNK,2025-05-17 05:54,50.00,41.00,71.06,10.35,M,M
LNK,2025-05-17 06:54,51.00,41.00,68.48,10.35,M,M
LNK,2025-05-17 07:54,54.00,42.00,63.74,17.25,M,M
LNK,2025-05-17 08:54,56.00,42.00,59.26,19.55,2700.00,29.90
LNK,2025-05-17 09:54,60.00,42.00,51.34,16.10,M,M
LNK,2025-05-17 10:54,62.00,41.00,46.01,13.80,M,M
LNK,2025-05-17 11:54,67.00,39.00,35.75,16.10,M,M
LNK,2025-05-17 12:54,69.00,39.00,33.38,5.75,M,M
LNK,2025-05-17 13:54,72.00,39.00,30.14,12.65,M,M
LNK,2025-05-17 14:54,75.00,38.00,26.21,9.20,M,M
LNK,2025-05-17 15:54,76.00,39.00,26.36,0.00,M,M
LNK,2025-05-17 16:54,77.00,38.00,24.52,6.90,M,M
LNK,2025-05-17 17:54,75.00,36.00,24.22,8.05,M,M
LNK,2025-05-17 18:54,74.00,37.00,26.05,12.65,M,M
LNK,2025-05-17 19:54,69.00,36.00,29.66,12.65,M,M
LNK,2025-05-17 20:54,61.00,37.00,40.77,8.05,M,M
LNK,2025-05-17 21:54,56.00,37.00,48.77,5.75,11000.00,M
LNK,2025-05-17 22:54,52.00,38.00,58.71,6.90,M,M
LNK,2025-05-17 23:54,55.00,38.00,52.60,5.75,11000.00,M
LNK,2025-05-18 00:54,56.00,37.00,48.77,4.60,11000.00,M
LNK,2025-05-18 01:54,54.00,38.00,54.55,5.75,11000.00,M
LNK,2025-05-18 02:54,50.00,37.00,60.78,5.75,11000.00,M
LNK,2025-05-18 03:54,48.00,38.00,68.12,5.75,M,M
LNK,2025-05-18 04:54,47.00,38.00,70.74,6.90,M,M
LNK,2025-05-18 05:54,46.00,38.00,73.46,6.90,M,M
LNK,2025-05-18 06:54,48.00,39.00,70.85,9.20,M,M
LNK,2025-05-18 07:54,50.00,38.00,63.22,11.50,M,M
LNK,2025-05-18 08:54,54.00,39.00,56.73,11.50,M,M
LNK,2025-05-18 09:54,59.00,40.00,49.24,10.35,M,M
LNK,2025-05-18 10:54,64.00,41.00,42.89,11.50,M,M
LNK,2025-05-18 11:54,68.00,41.00,37.34,11.50,M,M
LNK,2025-05-18 12:54,71.00,40.00,32.42,16.10,M,M
LNK,2025-05-18 13:54,76.00,41.00,28.49,18.40,M,29.90
LNK,2025-05-18 14:54,78.00,42.00,27.72,17.25,M,29.90
LNK,2025-05-18 15:54,80.00,44.00,28.03,21.85,M,33.35
LNK,2025-05-18 16:54,79.00,46.00,31.26,24.15,6000.00,34.50
LNK,2025-05-18 17:54,78.00,47.00,33.54,18.40,7000.00,33.35
LNK,2025-05-18 18:54,77.00,47.00,34.67,27.60,M,39.10
LNK,2025-05-18 19:54,76.00,46.00,34.51,14.95,5500.00,35.65
LNK,2025-05-18 20:25,71.00,50.00,47.42,17.25,5000.00,34.50
LNK,2025-05-18 20:54,67.00,53.00,60.75,11.50,5000.00,34.50
LNK,2025-05-18 21:12,66.00,52.00,60.62,10.35,5500.00,M
LNK,2025-05-18 21:54,64.00,53.00,67.43,10.35,5500.00,M
LNK,2025-05-18 22:32,61.00,53.00,74.94,10.35,4600.00,M
LNK,2025-05-18 22:47,61.00,53.00,74.94,5.75,3900.00,M
LNK,2025-05-18 22:54,60.00,53.00,77.65,8.05,3700.00,M
LNK,2025-05-18 23:11,60.00,54.00,80.54,12.65,3900.00,M
LNK,2025-05-18 23:37,59.00,53.00,80.47,20.70,3900.00,M
LNK,2025-05-18 23:54,58.00,53.00,83.40,19.55,3400.00,32.20
LNK,2025-05-19 00:11,58.00,53.00,83.40,19.55,8500.00,36.80
LNK,2025-05-19 00:35,60.00,53.00,77.65,34.50,1900.00,52.90
LNK,2025-05-19 00:43,59.00,53.00,80.47,11.50,1900.00,52.90
LNK,2025-05-19 00:47,59.00,53.00,80.47,17.25,1700.00,52.90
LNK,2025-05-19 00:54,58.00,53.00,83.40,14.95,1900.00,52.90
LNK,2025-05-19 01:39,57.00,54.00,89.68,17.25,2100.00,M
LNK,2025-05-19 01:42,57.00,54.00,89.68,14.95,1800.00,M
LNK,2025-05-19 01:54,58.00,55.00,89.73,17.25,1600.00,M
LNK,2025-05-19 02:02,58.00,55.00,89.73,17.25,1600.00,M
LNK,2025-05-19 02:14,58.00,55.00,89.73,13.80,3100.00,M
LNK,2025-05-19 02:41,57.00,55.00,93.01,19.55,3300.00,M
LNK,2025-05-19 02:54,58.00,55.00,89.73,13.80,3900.00,M
LNK,2025-05-19 03:11,58.00,56.00,93.04,12.65,3500.00,M
LNK,2025-05-19 03:54,60.00,58.00,93.10,8.05,2900.00,M
LNK,2025-05-19 04:24,61.00,58.00,89.85,14.95,3100.00,M
LNK,2025-05-19 04:52,60.80,57.20,87.93,11.50,2600.00,M
LNK,2025-05-19 04:54,61.00,58.00,89.85,8.05,2600.00,M
LNK,2025-05-19 05:54,62.00,59.00,89.89,13.80,1200.00,M
LNK,2025-05-19 06:24,62.00,58.00,86.73,18.40,1100.00,M
LNK,2025-05-19 06:54,62.00,58.00,86.73,18.40,1200.00,34.50
LNK,2025-05-19 07:54,63.00,59.00,86.79,25.30,2100.00,36.80
LNK,2025-05-19 08:31,64.00,60.00,86.84,17.25,1200.00,34.50
LNK,2025-05-19 08:54,65.00,60.00,83.86,18.40,1200.00,34.50
LNK,2025-05-19 09:54,66.00,61.00,83.93,16.10,1100.00,M
LNK,2025-05-19 10:54,67.00,62.00,83.99,13.80,1200.00,M
LNK,2025-05-19 11:54,70.00,64.00,81.29,13.80,1400.00,M
LNK,2025-05-19 12:39,74.00,65.00,73.54,20.70,1600.00,M
LNK,2025-05-19 12:54,74.00,65.00,73.54,21.85,1600.00,33.35
LNK,2025-05-19 13:04,75.00,65.00,71.12,18.40,1600.00,32.20
LNK,2025-05-19 13:41,75.00,65.00,71.12,21.85,2000.00,32.20
LNK,2025-05-19 13:54,76.00,66.00,71.23,19.55,2000.00,32.20
LNK,2025-05-19 14:45,79.00,66.00,64.51,19.55,2300.00,29.90
LNK,2025-05-19 14:54,79.00,66.00,64.51,19.55,2300.00,29.90
LNK,2025-05-19 15:23,80.00,67.00,64.63,17.25,2800.00,M
LNK,2025-05-19 15:54,79.00,67.00,66.78,24.15,2600.00,31.05
LNK,2025-05-19 16:33,81.00,68.00,64.76,19.55,2700.00,34.50
LNK,2025-05-19 16:44,81.00,68.00,64.76,17.25,2700.00,34.50
LNK,2025-05-19 16:54,81.00,67.00,62.56,17.25,2600.00,34.50
LNK,2025-05-19 17:51,75.20,68.00,78.38,25.30,1900.00,39.10
LNK,2025-05-19 17:54,76.00,68.00,76.32,21.85,1900.00,39.10
LNK,2025-05-19 18:14,74.00,67.00,78.82,17.25,1700.00,35.65
LNK,2025-05-19 18:29,74.00,67.00,78.82,9.20,1700.00,35.65
LNK,2025-05-19 18:43,71.00,67.00,87.21,20.70,1500.00,35.65
LNK,2025-05-19 18:54,71.00,66.00,84.24,20.70,1500.00,35.65
LNK,2025-05-19 19:02,71.00,63.00,75.87,16.10,1300.00,M
LNK,2025-05-19 19:29,69.00,62.00,78.41,11.50,3000.00,M
LNK,2025-05-19 19:37,69.00,64.00,84.12,10.35,2600.00,M
LNK,2025-05-19 19:50,69.80,62.60,77.93,0.00,1800.00,M
LNK,2025-05-19 19:54,70.00,64.00,81.29,4.60,1100.00,M
LNK,2025-05-19 20:03,70.00,66.00,87.16,4.60,1100.00,M
LNK,2025-05-19 20:08,70.00,66.00,87.16,3.45,1100.00,M
LNK,2025-05-19 20:19,69.00,66.00,90.18,8.05,900.00,M
LNK,2025-05-19 20:49,64.40,60.80,88.10,13.80,900.00,M
LNK,2025-05-19 20:54,64.00,61.00,89.98,10.35,1100.00,M
LNK,2025-05-19 21:09,64.00,61.00,89.98,12.65,1100.00,M
LNK,2025-05-19 21:15,64.00,61.00,89.98,10.35,1100.00,M
LNK,2025-05-19 21:41,64.00,60.00,86.84,12.65,1400.00,M
LNK,2025-05-19 21:50,62.60,59.00,88.01,14.95,1400.00,M
LNK,2025-05-19 21:54,63.00,59.00,86.79,18.40,1600.00,M
LNK,2025-05-19 22:54,63.00,57.00,80.77,4.60,M,M
LNK,2025-05-19 23:35,63.00,58.00,83.73,10.35,2200.00,M
LNK,2025-05-19 23:54,62.00,58.00,86.73,9.20,2400.00,M
LNK,2025-05-20 00:11,62.00,59.00,89.89,5.75,2400.00,M
LNK,2025-05-20 00:54,62.00,58.00,86.73,6.90,2000.00,M
LNK,2025-05-20 01:54,62.00,58.00,86.73,10.35,2200.00,M
LNK,2025-05-20 02:28,62.00,58.00,86.73,13.80,1200.00,M
LNK,2025-05-20 02:41,61.00,57.00,86.68,16.10,1200.00,M
LNK,2025-05-20 02:54,60.00,55.00,83.54,14.95,1100.00,M
LNK,2025-05-20 03:29,59.00,52.00,77.56,17.25,1500.00,29.90
LNK,2025-05-20 03:51,57.20,51.80,82.13,14.95,1900.00,29.90
LNK,2025-05-20 03:54,58.00,52.00,80.39,14.95,1700.00,29.90
LNK,2025-05-20 04:31,57.00,50.00,77.39,17.25,1900.00,M
LNK,2025-05-20 04:54,56.00,50.00,80.23,12.65,2000.00,M
LNK,2025-05-20 05:54,54.00,48.00,80.08,13.80,1900.00,M
LNK,2025-05-20 06:50,53.60,46.40,76.51,17.25,1800.00,M
LNK,2025-05-20 06:54,53.00,46.00,77.03,16.10,1800.00,M
LNK,2025-05-20 07:54,52.00,46.00,79.92,17.25,1700.00,M
LNK,2025-05-20 08:54,53.00,45.00,74.16,12.65,1700.00,M
LNK,2025-05-20 09:54,54.00,45.00,71.50,18.40,2000.00,29.90
LNK,2025-05-20 10:54,56.00,45.00,66.48,20.70,2000.00,M
LNK,2025-05-20 11:54,58.00,46.00,64.25,20.70,2300.00,31.05
LNK,2025-05-20 12:54,60.00,46.00,59.81,23.00,2400.00,31.05
LNK,2025-05-20 13:54,59.00,47.00,64.37,18.40,2300.00,32.20
LNK,2025-05-20 14:54,61.00,47.00,59.95,20.70,2900.00,31.05
LNK,2025-05-20 15:10,61.00,47.00,59.95,18.40,3100.00,M
LNK,2025-05-20 15:54,62.00,46.00,55.72,19.55,3400.00,31.05
LNK,2025-05-20 16:54,62.00,46.00,55.72,20.70,3900.00,32.20
LNK,2025-05-20 17:54,60.00,46.00,59.81,14.95,5000.00,29.90
LNK,2025-05-20 18:54,60.00,45.00,57.59,14.95,5500.00,M
LNK,2025-05-20 19:54,59.00,44.00,57.44,18.40,5000.00,M
LNK,2025-05-20 20:54,56.00,43.00,61.59,9.20,5500.00,M
LNK,2025-05-20 21:54,56.00,43.00,61.59,10.35,5000.00,M
LNK,2025-05-20 22:54,56.00,43.00,61.59,8.05,4500.00,M
LNK,2025-05-20 23:54,54.00,43.00,66.24,9.20,4300.00,M
LNK,2025-05-21 00:54,52.00,42.00,68.59,8.05,M,M
LNK,2025-05-21 01:54,50.00,42.00,73.86,6.90,M,M
LNK,2025-05-21 02:54,48.00,41.00,76.58,6.90,M,M
LNK,2025-05-21 03:54,47.00,41.00,79.51,6.90,M,M
LNK,2025-05-21 04:54,47.00,41.00,79.51,9.20,M,M
LNK,2025-05-21 05:54,48.00,41.00,76.58,10.35,M,M
LNK,2025-05-21 06:54,49.00,41.00,73.76,10.35,M,M
LNK,2025-05-21 07:54,52.00,42.00,68.59,9.20,M,M
LNK,2025-05-21 08:54,56.00,44.00,63.99,11.50,M,M
LNK,2025-05-21 09:54,60.00,44.00,55.43,16.10,M,31.05
LNK,2025-05-21 10:54,63.00,45.00,51.79,16.10,M,M
LNK,2025-05-21 11:54,66.00,47.00,50.31,14.95,3700.00,M
LNK,2025-05-21 12:54,67.00,47.00,48.60,11.50,4500.00,M
LNK,2025-05-21 13:54,70.00,45.00,40.65,13.80,5000.00,M
LNK,2025-05-21 14:54,69.00,46.00,43.69,10.35,6000.00,M
LNK,2025-05-21 15:54,71.00,47.00,42.38,11.50,7500.00,M
LNK,2025-05-21 16:54,71.00,46.00,40.81,12.65,6000.00,M
LNK,2025-05-21 17:54,69.00,49.00,48.91,8.05,4400.00,M
LNK,2025-05-21 18:54,69.00,48.00,47.11,9.20,10000.00,M
LNK,2025-05-21 19:54,64.00,50.00,60.35,8.05,M,M
LNK,2025-05-21 20:54,59.00,49.00,69.39,6.90,M,M
LNK,2025-05-21 21:54,57.00,48.00,71.81,5.75,M,M
LNK,2025-05-21 22:54,56.00,46.00,69.05,3.45,M,M
LNK,2025-05-21 23:54,52.00,44.00,74.06,4.60,M,M
LNK,2025-05-22 00:54,51.00,45.00,79.84,0.00,M,M
LNK,2025-05-22 01:54,47.00,43.00,85.89,5.75,M,M
LNK,2025-05-22 02:54,50.00,45.00,82.86,0.00,M,M
LNK,2025-05-22 03:54,44.00,42.00,92.61,4.60,M,M
LNK,2025-05-22 04:54,46.00,43.00,89.19,5.75,M,M
LNK,2025-05-22 05:54,46.00,43.00,89.19,10.35,9500.00,M
LNK,2025-05-22 06:54,50.00,45.00,82.86,8.05,8000.00,M
LNK,2025-05-22 07:54,52.00,44.00,74.06,10.35,9000.00,M
LNK,2025-05-22 08:54,55.00,43.00,63.87,16.10,7500.00,M
LNK,2025-05-22 09:54,57.00,42.00,57.16,13.80,M,M
LNK,2025-05-22 10:54,60.00,44.00,55.43,13.80,3200.00,M
LNK,2025-05-22 11:54,63.00,45.00,51.79,11.50,3300.00,M
LNK,2025-05-22 12:54,65.00,46.00,50.16,13.80,4000.00,M
LNK,2025-05-22 13:54,67.00,47.00,48.60,9.20,4400.00,M
LNK,2025-05-22 14:54,69.00,45.00,42.06,13.80,M,M
LNK,2025-05-22 15:54,69.00,45.00,42.06,16.10,5500.00,32.20
LNK,2025-05-22 16:54,69.00,44.00,40.49,16.10,M,M
LNK,2025-05-22 17:54,68.00,43.00,40.33,14.95,M,M
LNK,2025-05-22 18:54,67.00,43.00,41.74,10.35,M,M
LNK,2025-05-22 19:54,64.00,44.00,48.14,8.05,M,M
LNK,2025-05-22 20:54,56.00,43.00,61.59,8.05,M,M
LNK,2025-05-22 21:54,52.00,43.00,71.28,6.90,M,M
LNK,2025-05-22 22:54,52.00,42.00,68.59,5.75,M,M
LNK,2025-05-22 23:54,52.00,41.00,65.99,4.60,M,M
LNK,2025-05-23 00:54,48.00,42.00,79.59,4.60,M,M
LNK,2025-05-23 01:54,46.00,40.00,79.43,5.75,M,M
LNK,2025-05-23 02:54,49.00,42.00,76.67,0.00,M,M
LNK,2025-05-23 03:54,49.00,42.00,76.67,0.00,M,M
LNK,2025-05-23 04:54,50.00,43.00,76.76,0.00,M,M
LNK,2025-05-23 05:54,49.00,44.00,82.79,0.00,M,M
LNK,2025-05-23 06:54,51.00,45.00,79.84,3.45,M,M
LNK,2025-05-23 07:54,53.00,47.00,80.00,0.00,9500.00,M
LNK,2025-05-23 08:54,57.00,47.00,69.16,3.45,9000.00,M
LNK,2025-05-23 09:54,59.00,44.00,57.44,0.00,8000.00,M
LNK,2025-05-23 10:54,56.00,49.00,77.30,8.05,7500.00,M
LNK,2025-05-23 11:54,58.00,50.00,74.65,11.50,10000.00,M
LNK,2025-05-23 12:54,62.00,50.00,64.75,12.65,10000.00,M
LNK,2025-05-23 13:54,61.00,48.00,62.25,10.35,M,M
LNK,2025-05-23 14:54,60.00,50.00,69.50,13.80,10000.00,M
LNK,2025-05-23 15:54,59.00,51.00,74.75,9.20,5500.00,M
LNK,2025-05-23 16:54,60.00,51.00,72.13,11.50,9000.00,M
LNK,2025-05-23 17:54,59.00,51.00,74.75,10.35,8500.00,M
LNK,2025-05-23 18:54,58.00,51.00,77.47,6.90,8000.00,M
LNK,2025-05-23 19:54,57.00,53.00,86.46,8.05,7000.00,M
LNK,2025-05-23 20:54,57.00,53.00,86.46,6.90,6500.00,M
LNK,2025-05-23 21:54,55.00,51.00,86.35,10.35,7000.00,M
LNK,2025-05-23 22:54,56.00,50.00,80.23,9.20,6500.00,M
LNK,2025-05-23 23:54,56.00,50.00,80.23,8.05,6500.00,M
LNK,2025-05-24 00:54,57.00,49.00,74.55,11.50,6000.00,M
LNK,2025-05-24 01:54,57.00,49.00,74.55,6.90,5500.00,M
LNK,2025-05-24 02:54,56.00,50.00,80.23,5.75,5500.00,M
LNK,2025-05-24 03:54,56.00,50.00,80.23,3.45,5500.00,M
LNK,2025-05-24 04:54,55.00,50.00,83.20,6.90,6000.00,M
LNK,2025-05-24 05:54,55.00,50.00,83.20,5.75,6000.00,M
LNK,2025-05-24 06:54,55.00,51.00,86.35,9.20,6000.00,M
LNK,2025-05-24 07:54,58.00,50.00,74.65,6.90,6000.00,M
LNK,2025-05-24 08:54,61.00,50.00,67.08,11.50,6000.00,M
LNK,2025-05-24 09:54,64.00,50.00,60.35,11.50,6500.00,M
LNK,2025-05-24 10:54,66.00,50.00,56.29,12.65,6500.00,M
LNK,2025-05-24 11:54,70.00,52.00,52.83,10.35,7000.00,M
LNK,2025-05-24 12:54,70.00,52.00,52.83,5.75,M,M
LNK,2025-05-24 13:54,72.00,55.00,55.10,14.95,M,M
LNK,2025-05-24 14:54,72.00,53.00,51.22,13.80,M,M
LNK,2025-05-24 15:54,74.00,51.00,44.48,12.65,M,M
LNK,2025-05-24 16:54,72.00,53.00,51.22,16.10,M,M
LNK,2025-05-24 17:54,68.00,53.00,58.70,17.25,11000.00,M
LNK,2025-05-24 18:54,65.00,53.00,65.12,17.25,M,M
LNK,2025-05-24 19:54,62.00,52.00,69.72,19.55,M,M
LNK,2025-05-24 20:54,61.00,53.00,74.94,13.80,12000.00,M
LNK,2025-05-24 21:54,60.00,54.00,80.54,11.50,9000.00,M
LNK,2025-05-24 22:54,59.00,54.00,83.47,11.50,10000.00,M
LNK,2025-05-24 23:54,58.00,54.00,86.51,6.90,4900.00,M
LNK,2025-05-25 00:54,58.00,54.00,86.51,8.05,5000.00,M
LNK,2025-05-25 01:54,57.00,54.00,89.68,6.90,5500.00,M
LNK,2025-05-25 02:54,57.00,54.00,89.68,10.35,3900.00,M
LNK,2025-05-25 03:54,57.00,53.00,86.46,12.65,4000.00,M
LNK,2025-05-25 04:54,56.00,53.00,89.64,14.95,1000.00,M
LNK,2025-05-25 05:51,55.40,53.60,93.65,11.50,800.00,M
LNK,2025-05-25 05:54,55.00,53.00,92.95,13.80,800.00,M
LNK,2025-05-25 06:18,55.00,53.00,92.95,11.50,700.00,M
LNK,2025-05-25 06:54,55.00,53.00,92.95,14.95,700.00,M
LNK,2025-05-25 07:05,55.00,53.00,92.95,13.80,700.00,M
LNK,2025-05-25 07:54,56.00,53.00,89.64,11.50,1000.00,M
LNK,2025-05-25 08:54,56.00,53.00,89.64,11.50,4000.00,M
LNK,2025-05-25 09:54,57.00,53.00,86.46,10.35,6000.00,M
LNK,2025-05-25 10:54,59.00,53.00,80.47,14.95,7000.00,M
LNK,2025-05-25 11:54,63.00,54.00,72.44,13.80,1900.00,M
LNK,2025-05-25 12:54,66.00,54.00,65.24,14.95,2200.00,M
LNK,2025-05-25 13:49,66.20,53.60,63.85,14.95,2400.00,M
LNK,2025-05-25 13:54,67.00,55.00,65.36,16.10,2400.00,M
LNK,2025-05-25 14:38,66.00,53.00,62.89,14.95,3000.00,M
LNK,2025-05-25 14:54,67.00,53.00,60.75,16.10,3300.00,M
LNK,2025-05-25 15:54,69.00,53.00,56.72,16.10,3300.00,M
LNK,2025-05-25 16:54,68.00,53.00,58.70,12.65,3400.00,M
LNK,2025-05-25 17:54,68.00,52.00,56.58,12.65,3700.00,M
LNK,2025-05-25 18:54,69.00,52.00,54.67,9.20,4400.00,M
LNK,2025-05-25 19:54,65.00,51.00,60.49,10.35,4300.00,M
LNK,2025-05-25 20:54,63.00,52.00,67.31,6.90,6000.00,M
LNK,2025-05-25 21:54,64.00,51.00,62.64,10.35,5500.00,M
LNK,2025-05-25 22:54,64.00,51.00,62.64,8.05,6000.00,M
LNK,2025-05-25 23:54,62.00,51.00,67.19,6.90,9500.00,M
LNK,2025-05-26 00:54,59.00,52.00,77.56,8.05,6000.00,M
LNK,2025-05-26 01:54,57.00,51.00,80.31,8.05,M,M
LNK,2025-05-26 02:54,56.00,51.00,83.27,8.05,M,M
LNK,2025-05-26 03:54,57.00,52.00,83.34,5.75,M,M
LNK,2025-05-26 04:54,58.00,52.00,80.39,8.05,5000.00,M
LNK,2025-05-26 05:54,56.00,51.00,83.27,5.75,5500.00,M
LNK,2025-05-26 06:54,57.00,52.00,83.34,6.90,5000.00,M
LNK,2025-05-26 07:54,58.00,52.00,80.39,12.65,4200.00,M
LNK,2025-05-26 08:54,60.00,51.00,72.13,11.50,6000.00,M
LNK,2025-05-26 09:54,63.00,52.00,67.31,12.65,7500.00,M
LNK,2025-05-26 10:54,64.00,49.00,58.15,17.25,8000.00,M
LNK,2025-05-26 11:54,64.00,48.00,56.01,13.80,6000.00,M
LNK,2025-05-26 12:54,64.00,49.00,58.15,13.80,6000.00,M
LNK,2025-05-26 13:54,60.00,53.00,77.65,4.60,4100.00,M
LNK,2025-05-26 14:54,59.00,53.00,80.47,11.50,6500.00,M
LNK,2025-05-26 15:54,57.00,51.00,80.31,9.20,6500.00,M
LNK,2025-05-26 16:54,56.00,50.00,80.23,13.80,5500.00,M
LNK,2025-05-26 17:54,55.00,50.00,83.20,11.50,5000.00,M
LNK,2025-05-26 18:54,55.00,50.00,83.20,6.90,4900.00,M
LNK,2025-05-26 19:54,55.00,50.00,83.20,6.90,4000.00,M
LNK,2025-05-26 20:39,56.00,51.00,83.27,4.60,2100.00,M
LNK,2025-05-26 20:54,56.00,51.00,83.27,6.90,2000.00,M
LNK,2025-05-26 21:54,55.00,52.00,89.60,4.60,1200.00,M
LNK,2025-05-26 22:01,55.00,52.00,89.60,3.45,1400.00,M
LNK,2025-05-26 22:11,55.00,52.00,89.60,3.45,700.00,M
LNK,2025-05-26 22:22,55.00,52.00,89.60,5.75,800.00,M
LNK,2025-05-26 22:43,54.00,52.00,92.92,5.75,600.00,M
LNK,2025-05-26 22:54,54.00,52.00,92.92,5.75,1400.00,M
LNK,2025-05-26 23:05,54.00,52.00,92.92,5.75,800.00,M
LNK,2025-05-26 23:16,54.00,52.00,92.92,5.75,900.00,M
LNK,2025-05-26 23:54,54.00,51.00,89.55,8.05,4200.00,M
LNK,2025-05-27 00:54,54.00,51.00,89.55,5.75,4000.00,M
LNK,2025-05-27 01:26,54.00,52.00,92.92,5.75,600.00,M
LNK,2025-05-27 01:54,54.00,51.00,89.55,6.90,500.00,M
LNK,2025-05-27 02:54,54.00,51.00,89.55,6.90,900.00,M
LNK,2025-05-27 03:22,53.00,51.00,92.89,5.75,600.00,M
LNK,2025-05-27 03:29,53.00,51.00,92.89,5.75,600.00,M
LNK,2025-05-27 03:42,53.00,51.00,92.89,8.05,900.00,M
LNK,2025-05-27 03:54,53.00,51.00,92.89,8.05,700.00,M
LNK,2025-05-27 04:23,53.00,51.00,92.89,8.05,500.00,M
LNK,2025-05-27 04:52,53.60,51.80,93.60,9.20,1000.00,M
LNK,2025-05-27 04:54,53.00,51.00,92.89,8.05,1000.00,M
LNK,2025-05-27 05:02,53.00,51.00,92.89,8.05,800.00,M
LNK,2025-05-27 05:32,53.00,51.00,92.89,5.75,500.00,M
LNK,2025-05-27 05:43,53.00,51.00,92.89,6.90,1500.00,M
LNK,2025-05-27 05:54,53.00,51.00,92.89,6.90,1400.00,M
LNK,2025-05-27 06:27,53.00,51.00,92.89,6.90,700.00,M
LNK,2025-05-27 06:54,53.00,51.00,92.89,8.05,700.00,M
LNK,2025-05-27 07:04,53.00,51.00,92.89,9.20,700.00,M
LNK,2025-05-27 07:54,54.00,52.00,92.92,6.90,700.00,M
LNK,2025-05-27 08:54,55.00,52.00,89.60,8.05,700.00,M
LNK,2025-05-27 09:32,55.00,52.00,89.60,6.90,700.00,M
LNK,2025-05-27 09:40,55.00,52.00,89.60,6.90,900.00,M
LNK,2025-05-27 09:51,55.40,53.60,93.65,5.75,900.00,M
LNK,2025-05-27 09:54,56.00,52.00,86.40,6.90,900.00,M
LNK,2025-05-27 10:27,57.00,53.00,86.46,6.90,900.00,M
LNK,2025-05-27 10:54,57.00,52.00,83.34,8.05,900.00,M
LNK,2025-05-27 10:58,57.00,53.00,86.46,8.05,900.00,M
LNK,2025-05-27 11:54,57.00,53.00,86.46,9.20,1200.00,M
LNK,2025-05-27 12:28,59.00,53.00,80.47,9.20,1200.00,M
LNK,2025-05-27 12:54,60.00,53.00,77.65,5.75,1600.00,M
LNK,2025-05-27 13:54,61.00,51.00,69.61,12.65,2300.00,M
LNK,2025-05-27 14:21,61.00,51.00,69.61,9.20,2500.00,M
LNK,2025-05-27 14:54,60.00,50.00,69.50,8.05,2400.00,M
LNK,2025-05-27 15:54,60.00,50.00,69.50,8.05,3400.00,M
LNK,2025-05-27 16:54,61.00,51.00,69.61,8.05,3600.00,M
LNK,2025-05-27 17:54,61.00,51.00,69.61,10.35,3300.00,M
LNK,2025-05-27 18:54,60.00,52.00,74.84,8.05,4100.00,M
LNK,2025-05-27 19:54,59.00,52.00,77.56,5.75,4000.00,M
LNK,2025-05-27 20:54,58.00,52.00,80.39,5.75,3900.00,M
LNK,2025-05-27 21:54,57.00,52.00,83.34,4.60,4500.00,M
LNK,2025-05-27 22:54,58.00,53.00,83.40,6.90,3400.00,M
LNK,2025-05-27 23:54,55.00,51.00,86.35,3.45,7500.00,M
LNK,2025-05-28 00:54,55.00,51.00,86.35,4.60,5000.00,M
LNK,2025-05-28 01:54,49.00,47.00,92.77,6.90,8000.00,M
LNK,2025-05-28 02:29,52.00,50.00,92.86,4.60,1900.00,M
LNK,2025-05-28 02:54,50.00,48.00,92.80,6.90,1900.00,M
LNK,2025-05-28 03:43,52.00,50.00,92.86,4.60,1800.00,M
LNK,2025-05-28 03:54,51.00,49.00,92.83,5.75,1800.00,M
LNK,2025-05-28 04:03,49.00,48.00,96.32,5.75,1800.00,M
LNK,2025-05-28 04:54,49.00,48.00,96.32,0.00,3000.00,M
LNK,2025-05-28 05:52,46.40,44.60,93.40,0.00,M,M
LNK,2025-05-28 05:54,46.00,45.00,96.28,0.00,M,M
LNK,2025-05-28 06:00,47.00,44.00,89.24,0.00,200.00,M
LNK,2025-05-28 06:09,46.00,44.00,92.68,0.00,200.00,M
LNK,2025-05-28 06:11,46.00,45.00,96.28,0.00,200.00,M
LNK,2025-05-28 06:54,50.00,47.00,89.37,0.00,600.00,M
LNK,2025-05-28 07:54,54.00,51.00,89.55,3.45,M,M
LNK,2025-05-28 08:35,58.00,53.00,83.40,4.60,700.00,M
LNK,2025-05-28 08:54,58.00,52.00,80.39,4.60,700.00,M
LNK,2025-05-28 09:30,60.00,52.00,74.84,5.75,2400.00,M
LNK,2025-05-28 09:54,61.00,53.00,74.94,8.05,2400.00,M
LNK,2025-05-28 10:54,61.00,50.00,67.08,4.60,2400.00,M
LNK,2025-05-28 11:01,62.00,50.00,64.75,0.00,2200.00,M
LNK,2025-05-28 11:54,65.00,50.00,58.28,3.45,4400.00,M
LNK,2025-05-28 12:54,67.00,51.00,56.44,0.00,5000.00,M
LNK,2025-05-28 13:54,69.00,50.00,50.77,0.00,3800.00,M
LNK,2025-05-28 14:54,69.00,50.00,50.77,4.60,4300.00,M
LNK,2025-05-28 15:54,69.00,49.00,48.91,0.00,7000.00,M
LNK,2025-05-28 16:54,69.00,48.00,47.11,0.00,6500.00,M
LNK,2025-05-28 17:54,65.00,51.00,60.49,6.90,7000.00,M
LNK,2025-05-28 18:54,62.00,54.00,75.03,4.60,7500.00,M
LNK,2025-05-28 19:54,61.00,55.00,80.62,6.90,9000.00,M
LNK,2025-05-28 20:54,60.00,55.00,83.54,4.60,10000.00,M
LNK,2025-05-28 21:54,59.00,55.00,86.57,10.35,4400.00,M
LNK,2025-05-28 22:54,58.00,54.00,86.51,6.90,7000.00,M
LNK,2025-05-28 23:54,58.00,54.00,86.51,6.90,7500.00,M
LNK,2025-05-29 00:54,57.00,54.00,89.68,5.75,10000.00,M
LNK,2025-05-29 01:54,56.00,54.00,92.98,4.60,11000.00,M
LNK,2025-05-29 02:54,56.00,53.00,89.64,5.75,11000.00,M
LNK,2025-05-29 03:54,56.00,53.00,89.64,3.45,M,M
LNK,2025-05-29 04:54,56.00,53.00,89.64,6.90,M,M
LNK,2025-05-29 05:54,52.00,50.00,92.86,5.75,M,M
LNK,2025-05-29 06:54,54.00,52.00,92.92,5.75,M,M
LNK,2025-05-29 07:54,58.00,52.00,80.39,5.75,M,M
LNK,2025-05-29 08:54,61.00,53.00,74.94,5.75,M,M
LNK,2025-05-29 09:54,66.00,54.00,65.24,10.35,2500.00,M
LNK,2025-05-29 10:54,67.00,52.00,58.56,11.50,2900.00,M
LNK,2025-05-29 11:54,69.00,52.00,54.67,8.05,3900.00,M
LNK,2025-05-29 12:54,70.00,50.00,49.06,6.90,4200.00,M
LNK,2025-05-29 13:54,69.00,50.00,50.77,8.05,9000.00,M
LNK,2025-05-29 14:54,68.00,49.00,50.62,8.05,5000.00,M
LNK,2025-05-29 15:54,71.00,49.00,45.69,8.05,11000.00,M
LNK,2025-05-29 16:17,70.00,50.00,49.06,17.25,5500.00,M
LNK,2025-05-29 16:33,67.00,47.00,48.60,14.95,5500.00,M
LNK,2025-05-29 16:54,67.00,47.00,48.60,10.35,8500.00,M
LNK,2025-05-29 17:54,69.00,53.00,56.72,8.05,8500.00,M
LNK,2025-05-29 18:54,68.00,47.00,46.96,11.50,9000.00,M
LNK,2025-05-29 19:54,66.00,52.00,60.62,9.20,8000.00,M
LNK,2025-05-29 20:54,63.00,50.00,62.51,5.75,M,M
LNK,2025-05-29 21:54,60.00,51.00,72.13,4.60,M,M
LNK,2025-05-29 22:54,55.00,49.00,80.16,4.60,M,M
LNK,2025-05-29 23:54,56.00,51.00,83.27,4.60,M,M
LNK,2025-05-30 00:54,53.00,48.00,83.06,0.00,M,M
LNK,2025-05-30 01:54,51.00,48.00,89.42,4.60,M,M
LNK,2025-05-30 02:54,50.00,48.00,92.80,4.60,M,M
LNK,2025-05-30 03:54,49.00,47.00,92.77,0.00,M,M
LNK,2025-05-30 04:54,51.00,48.00,89.42,3.45,M,M
LNK,2025-05-30 05:54,47.00,45.00,92.71,4.60,M,M
LNK,2025-05-30 06:54,50.00,48.00,92.80,0.00,M,M
LNK,2025-05-30 07:54,57.00,51.00,80.31,3.45,M,M
LNK,2025-05-30 08:54,65.00,53.00,65.12,6.90,M,M
LNK,2025-05-30 09:54,70.00,51.00,50.92,8.05,M,M
LNK,2025-05-30 10:54,73.00,50.00,44.33,8.05,M,M
LNK,2025-05-30 11:54,75.00,49.00,39.94,5.75,M,M
LNK,2025-05-30 12:54,77.00,51.00,40.26,6.90,M,M
LNK,2025-05-30 13:54,77.00,49.00,37.37,8.05,M,M
LNK,2025-05-30 14:54,77.00,50.00,38.79,8.05,M,M
LNK,2025-05-30 15:54,78.00,48.00,34.83,10.35,M,M
LNK,2025-05-30 16:54,79.00,47.00,32.46,13.80,M,M
LNK,2025-05-30 17:54,78.00,44.00,29.93,9.20,M,M
LNK,2025-05-30 18:54,78.00,45.00,31.10,8.05,M,M
LNK,2025-05-30 19:54,76.00,47.00,35.84,4.60,M,M
LNK,2025-05-30 20:54,70.00,49.00,47.27,3.45,M,M
LNK,2025-05-30 21:54,67.00,50.00,54.38,0.00,M,M
LNK,2025-05-30 22:54,63.00,50.00,62.51,4.60,M,M
LNK,2025-05-30 23:54,62.00,50.00,64.75,4.60,M,M
LNK,2025-05-31 00:54,62.00,50.00,64.75,0.00,M,M
LNK,2025-05-31 01:54,60.00,50.00,69.50,0.00,M,M
LNK,2025-05-31 02:54,59.00,50.00,72.02,0.00,M,M
LNK,2025-05-31 03:54,59.00,50.00,72.02,0.00,M,M
LNK,2025-05-31 04:54,58.00,50.00,74.65,3.45,M,M
LNK,2025-05-31 05:54,55.00,50.00,83.20,4.60,M,M
LNK,2025-05-31 06:54,57.00,52.00,83.34,4.60,M,M
LNK,2025-05-31 07:54,61.00,54.00,77.73,3.45,M,M
LNK,2025-05-31 08:54,68.00,56.00,65.48,5.75,M,M
LNK,2025-05-31 09:54,73.00,57.00,57.28,6.90,M,M
LNK,2025-05-31 10:54,80.00,58.00,47.08,10.35,M,M
LNK,2025-05-31 11:54,84.00,55.00,37.11,10.35,M,M
LNK,2025-05-31 12:54,85.00,57.00,38.64,10.35,M,M
LNK,2025-05-31 13:54,86.00,56.00,36.10,10.35,6500.00,M
LNK,2025-05-31 14:54,86.00,58.00,38.80,12.65,M,M
LNK,2025-05-31 15:54,84.00,55.00,37.11,10.35,7000.00,M
LNK,2025-05-31 16:54,86.00,55.00,34.82,6.90,M,M
LNK,2025-05-31 17:37,85.00,58.00,40.06,20.70,M,M
LNK,2025-05-31 17:54,81.00,55.00,40.89,23.00,6500.00,33.35
LNK,2025-05-31 18:06,81.00,56.00,42.40,18.40,10000.00,M
LNK,2025-05-31 18:16,79.00,57.00,46.93,20.70,M,29.90
LNK,2025-05-31 18:27,75.00,56.00,51.67,19.55,M,34.50
LNK,2025-05-31 18:54,74.00,54.00,49.67,19.55,M,34.50
LNK,2025-05-31 19:54,72.00,51.00,47.58,18.40,8500.00,36.80
LNK,2025-05-31 20:54,68.00,51.00,54.53,5.75,M,M
LNK,2025-05-31 21:54,70.00,52.00,52.83,8.05,7000.00,M
LNK,2025-05-31 22:54,69.00,51.00,52.69,4.60,10000.00,M
LNK,2025-05-31 23:54,62.00,52.00,69.72,0.00,M,M
LNK,2025-06-01 00:54,59.00,52.00,77.56,3.45,M,M
LNK,2025-06-01 01:54,59.00,54.00,83.47,4.60,M,M
LNK,2025-06-01 02:54,58.00,53.00,83.40,0.00,M,M
LNK,2025-06-01 03:54,57.00,53.00,86.46,3.45,M,M
LNK,2025-06-01 04:54,57.00,53.00,86.46,0.00,M,M
LNK,2025-06-01 05:54,55.00,52.00,89.60,0.00,M,M
LNK,2025-06-01 06:54,58.00,54.00,86.51,0.00,M,M
LNK,2025-06-01 07:20,62.00,54.00,75.03,3.45,M,M
LNK,2025-06-01 07:54,64.00,55.00,72.54,0.00,M,M
LNK,2025-06-01 08:54,70.00,59.00,68.12,3.45,M,M
LNK,2025-06-01 09:54,76.00,59.00,55.67,0.00,M,M
LNK,2025-06-01 10:54,79.00,59.00,50.42,0.00,M,M
LNK,2025-06-01 11:54,82.00,58.00,44.12,0.00,M,M
LNK,2025-06-01 12:54,82.00,57.00,42.56,3.45,M,M
LNK,2025-06-01 13:54,84.00,59.00,42.87,3.45,M,M
LNK,2025-06-01 14:54,85.00,57.00,38.64,0.00,M,M
LNK,2025-06-01 15:54,85.00,58.00,40.06,5.75,M,M
LNK,2025-06-01 16:54,85.00,59.00,41.52,9.20,M,M
LNK,2025-06-01 17:54,85.00,58.00,40.06,10.35,M,M
LNK,2025-06-01 18:54,83.00,60.00,45.88,9.20,M,M
LNK,2025-06-01 19:54,80.00,60.00,50.57,5.75,M,M
LNK,2025-06-01 20:54,78.00,56.00,46.78,4.60,M,M
LNK,2025-06-01 21:54,77.00,57.00,50.12,4.60,M,M
LNK,2025-06-01 22:54,67.00,57.00,70.27,9.20,M,M
LNK,2025-06-01 23:54,66.00,57.00,72.74,6.90,M,M
LNK,2025-06-02 00:54,67.00,56.00,67.78,5.75,M,M
LNK,2025-06-02 01:54,63.00,56.00,77.91,4.60,M,M
LNK,2025-06-02 02:54,61.00,55.00,80.62,8.05,M,M
LNK,2025-06-02 03:54,61.00,56.00,83.60,5.75,M,M
LNK,2025-06-02 04:54,60.00,55.00,83.54,8.05,M,M
LNK,2025-06-02 05:54,61.00,56.00,83.60,4.60,M,M
LNK,2025-06-02 06:54,63.00,58.00,83.73,3.45,M,M
LNK,2025-06-02 07:54,69.00,61.00,75.69,8.05,M,M
LNK,2025-06-02 08:54,75.00,59.00,57.55,12.65,M,M
LNK,2025-06-02 09:54,78.00,60.00,54.00,17.25,M,M
LNK,2025-06-02 10:54,83.00,61.00,47.54,16.10,M,M
LNK,2025-06-02 11:54,86.00,61.00,43.19,16.10,M,29.90
LNK,2025-06-02 12:54,87.00,59.00,38.96,20.70,M,34.50
LNK,2025-06-02 13:54,88.00,59.00,37.75,20.70,M,32.20
LNK,2025-06-02 14:54,90.00,60.00,36.73,18.40,M,34.50
LNK,2025-06-02 15:54,90.00,60.00,36.73,23.00,M,33.35
LNK,2025-06-02 16:54,89.00,58.00,35.29,18.40,M,35.65
LNK,2025-06-02 17:54,88.00,59.00,37.75,19.55,M,34.50
LNK,2025-06-02 18:54,85.00,58.00,40.06,24.15,M,33.35
LNK,2025-06-02 19:54,82.00,60.00,47.39,10.35,M,29.90
LNK,2025-06-02 20:54,81.00,61.00,50.72,10.35,M,M
LNK,2025-06-02 21:54,79.00,61.00,54.14,9.20,M,M
LNK,2025-06-02 22:54,77.00,62.00,59.91,8.05,M,M
LNK,2025-06-02 23:54,77.00,63.00,62.06,12.65,12000.00,M
LNK,2025-06-03 00:22,78.00,64.00,62.18,20.70,3600.00,M
LNK,2025-06-03 00:54,72.00,68.00,87.26,12.65,3000.00,36.80
LNK,2025-06-03 01:11,72.00,69.00,90.30,11.50,4900.00,M
LNK,2025-06-03 01:24,73.00,69.00,87.31,10.35,5000.00,M
LNK,2025-06-03 01:54,74.00,70.00,87.36,12.65,2600.00,M
LNK,2025-06-03 02:43,70.00,67.00,90.22,12.65,1300.00,M
LNK,2025-06-03 02:50,69.80,66.20,88.36,11.50,1500.00,M
LNK,2025-06-03 02:54,69.00,66.00,90.18,11.50,1500.00,M
LNK,2025-06-03 03:54,68.00,65.00,90.14,8.05,1500.00,M
LNK,2025-06-03 04:11,67.00,65.00,93.30,11.50,1400.00,M
LNK,2025-06-03 04:36,67.00,64.00,90.10,11.50,600.00,M
LNK,2025-06-03 04:54,66.00,64.00,93.27,12.65,600.00,M
LNK,2025-06-03 05:44,65.00,64.00,96.57,8.05,500.00,M
LNK,2025-06-03 05:54,65.00,63.00,93.24,4.60,500.00,M
LNK,2025-06-03 06:54,64.00,62.00,93.22,13.80,500.00,M
LNK,2025-06-03 07:29,62.00,59.00,89.89,18.40,800.00,M
LNK,2025-06-03 07:46,61.00,58.00,89.85,17.25,1200.00,29.90
LNK,2025-06-03 07:54,61.00,58.00,89.85,14.95,1000.00,29.90
LNK,2025-06-03 08:04,61.00,57.00,86.68,24.15,1000.00,29.90
LNK,2025-06-03 08:11,60.00,57.00,89.81,23.00,1000.00,31.05
LNK,2025-06-03 08:23,60.00,56.00,86.62,21.85,1200.00,34.50
LNK,2025-06-03 08:46,59.00,56.00,89.77,20.70,1000.00,34.50
LNK,2025-06-03 08:54,59.00,55.00,86.57,16.10,1000.00,34.50
LNK,2025-06-03 09:05,58.00,55.00,89.73,17.25,1000.00,M
LNK,2025-06-03 09:18,58.00,55.00,89.73,16.10,800.00,M
LNK,2025-06-03 09:47,57.00,54.00,89.68,13.80,1100.00,M
LNK,2025-06-03 09:54,57.00,55.00,93.01,16.10,900.00,M
LNK,2025-06-03 10:01,57.00,54.00,89.68,16.10,900.00,M
LNK,2025-06-03 10:12,57.00,54.00,89.68,16.10,1000.00,M
LNK,2025-06-03 10:30,57.00,55.00,93.01,17.25,900.00,M
LNK,2025-06-03 10:54,57.00,54.00,89.68,17.25,900.00,M
LNK,2025-06-03 11:01,57.00,54.00,89.68,14.95,1000.00,M
LNK,2025-06-03 11:09,56.00,54.00,92.98,14.95,1000.00,M
LNK,2025-06-03 11:54,57.00,55.00,93.01,14.95,1100.00,M
LNK,2025-06-03 12:03,57.00,55.00,93.01,16.10,900.00,M
LNK,2025-06-03 12:10,57.00,55.00,93.01,16.10,1100.00,M
LNK,2025-06-03 12:54,57.00,55.00,93.01,14.95,1300.00,M
LNK,2025-06-03 13:54,58.00,54.00,86.51,19.55,1300.00,M
LNK,2025-06-03 14:54,58.00,54.00,86.51,18.40,1500.00,M
LNK,2025-06-03 15:01,57.00,54.00,89.68,14.95,1500.00,M
LNK,2025-06-03 15:14,57.00,53.00,86.46,17.25,1400.00,M
LNK,2025-06-03 15:54,58.00,54.00,86.51,14.95,1400.00,M
LNK,2025-06-03 16:01,59.00,54.00,83.47,14.95,2100.00,M
LNK,2025-06-03 16:10,59.00,54.00,83.47,18.40,3000.00,M
LNK,2025-06-03 16:54,59.00,52.00,77.56,11.50,3000.00,M
LNK,2025-06-03 17:54,60.00,54.00,80.54,10.35,10000.00,M
LNK,2025-06-03 18:54,60.00,55.00,83.54,9.20,3000.00,M
LNK,2025-06-03 19:54,62.00,52.00,69.72,10.35,12000.00,M
LNK,2025-06-03 20:54,60.00,54.00,80.54,4.60,M,M
LNK,2025-06-03 21:54,56.00,54.00,92.98,0.00,M,M
LNK,2025-06-03 22:54,54.00,52.00,92.92,0.00,M,M
LNK,2025-06-03 23:54,52.00,50.00,92.86,0.00,M,M
LNK,2025-06-04 00:44,51.00,50.00,96.36,0.00,M,M
LNK,2025-06-04 00:54,51.00,50.00,96.36,0.00,M,M
LNK,2025-06-04 01:54,51.00,50.00,96.36,0.00,M,M
LNK,2025-06-04 02:09,51.00,50.00,96.36,0.00,M,M
LNK,2025-06-04 02:18,51.00,50.00,96.36,0.00,M,M
LNK,2025-06-04 02:22,50.00,49.00,96.34,0.00,M,M
LNK,2025-06-04 02:29,50.00,50.00,100.00,0.00,M,M
LNK,2025-06-04 02:35,50.00,49.00,96.34,0.00,M,M
LNK,2025-06-04 02:43,51.00,50.00,96.36,0.00,M,M
LNK,2025-06-04 02:54,49.00,48.00,96.32,0.00,M,M
LNK,2025-06-04 03:03,48.00,47.00,96.31,0.00,M,M
LNK,2025-06-04 03:07,49.00,47.00,92.77,0.00,M,M
LNK,2025-06-04 03:54,48.00,47.00,96.31,3.45,M,M
LNK,2025-06-04 04:54,49.00,47.00,92.77,0.00,M,M
LNK,2025-06-04 05:54,48.00,47.00,96.31,0.00,M,M
LNK,2025-06-04 06:54,49.00,47.00,92.77,0.00,M,M
LNK,2025-06-04 07:54,55.00,51.00,86.35,0.00,M,M
LNK,2025-06-04 08:54,62.00,53.00,72.34,4.60,M,M
LNK,2025-06-04 09:54,66.00,55.00,67.66,3.45,M,M
LNK,2025-06-04 10:54,68.00,54.00,60.89,0.00,M,M
LNK,2025-06-04 11:54,71.00,53.00,52.98,5.75,M,M
LNK,2025-06-04 12:54,72.00,50.00,45.84,9.20,M,M
LNK,2025-06-04 13:54,75.00,52.00,44.64,9.20,M,M
LNK,2025-06-04 14:54,75.00,49.00,39.94,3.45,M,M
LNK,2025-06-04 15:54,75.00,49.00,39.94,0.00,M,M
LNK,2025-06-04 16:54,75.00,49.00,39.94,3.45,M,M
LNK,2025-06-04 17:54,76.00,50.00,40.10,9.20,M,M
LNK,2025-06-04 18:54,75.00,48.00,38.47,8.05,M,M
LNK,2025-06-04 19:54,72.00,50.00,45.84,6.90,M,M
LNK,2025-06-04 20:54,69.00,51.00,52.69,4.60,11000.00,M
LNK,2025-06-04 21:54,65.00,52.00,62.76,0.00,12000.00,M
LNK,2025-06-04 22:54,63.00,52.00,67.31,0.00,M,M
LNK,2025-06-04 23:54,59.00,54.00,83.47,0.00,M,M
LNK,2025-06-05 00:54,57.00,53.00,86.46,3.45,M,M
LNK,2025-06-05 01:54,57.00,54.00,89.68,6.90,M,M
LNK,2025-06-05 02:54,56.00,52.00,86.40,0.00,10000.00,M
LNK,2025-06-05 03:54,57.00,54.00,89.68,4.60,10000.00,M
LNK,2025-06-05 04:54,56.00,53.00,89.64,6.90,M,M
LNK,2025-06-05 05:54,58.00,54.00,86.51,0.00,M,M
LNK,2025-06-05 06:54,58.00,55.00,89.73,0.00,9500.00,M
LNK,2025-06-05 07:54,61.00,55.00,80.62,3.45,10000.00,M
LNK,2025-06-05 08:54,64.00,55.00,72.54,6.90,11000.00,M
LNK,2025-06-05 09:54,66.00,56.00,70.16,6.90,10000.00,M
LNK,2025-06-05 10:54,68.00,57.00,67.89,8.05,9500.00,M
LNK,2025-06-05 11:54,68.00,56.00,65.48,8.05,10000.00,M
LNK,2025-06-05 12:54,69.00,59.00,70.49,9.20,2800.00,M
LNK,2025-06-05 13:24,69.00,60.00,73.05,9.20,2700.00,M
LNK,2025-06-05 13:54,69.00,60.00,73.05,5.75,2900.00,M
LNK,2025-06-05 14:54,71.00,60.00,68.23,3.45,2500.00,M
LNK,2025-06-05 15:54,69.00,61.00,75.69,6.90,3300.00,M
LNK,2025-06-05 16:54,70.00,60.00,70.59,5.75,2700.00,M
LNK,2025-06-05 17:02,70.00,60.00,70.59,8.05,2900.00,M
LNK,2025-06-05 17:15,70.00,60.00,70.59,4.60,2800.00,M
LNK,2025-06-05 17:54,71.00,61.00,70.70,6.90,6000.00,M
LNK,2025-06-05 18:54,67.00,61.00,81.07,3.45,4200.00,M
LNK,2025-06-05 19:54,64.00,60.00,86.84,10.35,3500.00,M
LNK,2025-06-05 20:54,63.00,59.00,86.79,8.05,6000.00,M
LNK,2025-06-05 21:54,63.00,59.00,86.79,4.60,3000.00,M
LNK,2025-06-05 22:54,63.00,59.00,86.79,6.90,4200.00,M
LNK,2025-06-05 23:54,62.00,59.00,89.89,8.05,3700.00,M
LNK,2025-06-06 00:54,62.00,59.00,89.89,11.50,3800.00,M
LNK,2025-06-06 01:54,62.00,59.00,89.89,5.75,3600.00,M
LNK,2025-06-06 02:44,61.00,58.00,89.85,6.90,900.00,M
LNK,2025-06-06 02:54,61.00,58.00,89.85,9.20,700.00,M
LNK,2025-06-06 03:54,60.00,57.00,89.81,6.90,600.00,M
LNK,2025-06-06 04:54,60.00,58.00,93.10,3.45,500.00,M
LNK,2025-06-06 05:54,60.00,57.00,89.81,3.45,3900.00,M
LNK,2025-06-06 06:54,59.00,57.00,93.07,5.75,4200.00,M
LNK,2025-06-06 07:54,60.00,58.00,93.10,6.90,6000.00,M
LNK,2025-06-06 08:54,62.00,59.00,89.89,4.60,6000.00,M
LNK,2025-06-06 09:34,66.00,59.00,78.16,4.60,800.00,M
LNK,2025-06-06 09:54,66.00,59.00,78.16,4.60,1200.00,M
LNK,2025-06-06 10:54,68.00,60.00,75.59,0.00,1600.00,M
LNK,2025-06-06 11:12,69.00,60.00,73.05,0.00,1800.00,M
LNK,2025-06-06 11:54,72.00,61.00,68.35,3.45,2600.00,M
LNK,2025-06-06 12:06,73.00,61.00,66.08,5.75,2600.00,M
LNK,2025-06-06 12:31,73.00,60.00,63.78,3.45,2600.00,M
LNK,2025-06-06 12:54,72.00,60.00,65.96,3.45,2700.00,M
LNK,2025-06-06 13:05,73.00,60.00,63.78,4.60,2700.00,M
LNK,2025-06-06 13:21,74.00,59.00,59.51,4.60,2700.00,M
LNK,2025-06-06 13:54,75.00,60.00,59.64,5.75,6500.00,M
LNK,2025-06-06 14:54,77.00,61.00,57.83,5.75,3600.00,M
LNK,2025-06-06 15:54,77.00,59.00,53.86,6.90,3900.00,M
LNK,2025-06-06 16:54,75.00,60.00,59.64,8.05,4300.00,M
LNK,2025-06-06 17:54,74.00,60.00,61.67,5.75,M,M
LNK,2025-06-06 18:54,74.00,60.00,61.67,6.90,M,M
LNK,2025-06-06 19:54,72.00,60.00,65.96,5.75,6000.00,M
LNK,2025-06-06 20:54,70.00,60.00,70.59,3.45,5500.00,M
LNK,2025-06-06 21:54,68.00,59.00,72.95,3.45,12000.00,M
LNK,2025-06-06 22:54,65.00,60.00,83.86,6.90,M,M
LNK,2025-06-06 23:54,64.00,60.00,86.84,6.90,12000.00,M
LNK,2025-06-07 00:54,63.00,60.00,89.94,0.00,11000.00,M
LNK,2025-06-07 01:54,64.00,60.00,86.84,0.00,11000.00,M
LNK,2025-06-07 02:54,64.00,60.00,86.84,0.00,9500.00,M
LNK,2025-06-07 03:54,64.00,60.00,86.84,4.60,9000.00,M
LNK,2025-06-07 04:54,64.00,60.00,86.84,6.90,8500.00,M
LNK,2025-06-07 05:54,63.00,60.00,89.94,5.75,9500.00,M
LNK,2025-06-07 06:54,64.00,60.00,86.84,6.90,4900.00,M
LNK,2025-06-07 07:54,65.00,60.00,83.86,9.20,4100.00,M
LNK,2025-06-07 08:31,63.00,60.00,89.94,11.50,4300.00,M
LNK,2025-06-07 08:46,63.00,60.00,89.94,9.20,4400.00,M
LNK,2025-06-07 08:54,63.00,60.00,89.94,6.90,9000.00,M
LNK,2025-06-07 09:54,63.00,60.00,89.94,5.75,10000.00,M
LNK,2025-06-07 10:21,64.00,61.00,89.98,12.65,700.00,M
LNK,2025-06-07 10:54,67.00,62.00,83.99,6.90,11000.00,M
LNK,2025-06-07 11:54,72.00,59.00,63.65,6.90,M,M
LNK,2025-06-07 12:54,74.00,59.00,59.51,4.60,M,M
LNK,2025-06-07 13:54,75.00,59.00,57.55,0.00,M,M
LNK,2025-06-07 14:54,79.00,60.00,52.25,5.75,4100.00,M
LNK,2025-06-07 15:54,79.00,58.00,48.65,5.75,4600.00,M
LNK,2025-06-07 16:54,80.00,58.00,47.08,M,5000.00,M
LNK,2025-06-07 17:54,80.00,59.00,48.80,6.90,M,M
LNK,2025-06-07 18:54,80.00,59.00,48.80,6.90,M,M
LNK,2025-06-07 19:54,78.00,60.00,54.00,6.90,M,M
LNK,2025-06-07 20:54,72.00,61.00,68.35,5.75,M,M
LNK,2025-06-07 21:54,69.00,61.00,75.69,5.75,M,M
LNK,2025-06-07 22:54,68.00,61.00,78.33,0.00,M,M
LNK,2025-06-07 23:54,65.00,59.00,80.92,6.90,M,M
LNK,2025-06-08 00:54,66.00,59.00,78.16,3.45,M,M
LNK,2025-06-08 01:54,66.00,59.00,78.16,0.00,M,M
LNK,2025-06-08 02:54,65.00,59.00,80.92,0.00,10000.00,M
LNK,2025-06-08 03:54,69.00,61.00,75.69,5.75,M,M
LNK,2025-06-08 04:54,68.00,58.00,70.38,11.50,M,M
LNK,2025-06-08 05:54,64.00,58.00,80.85,0.00,12000.00,M
LNK,2025-06-08 06:54,66.00,58.00,75.41,5.75,12000.00,M
LNK,2025-06-08 07:54,65.00,56.00,72.64,9.20,12000.00,M
LNK,2025-06-08 08:54,67.00,52.00,58.56,10.35,10000.00,M
LNK,2025-06-08 09:54,66.00,48.00,52.24,14.95,10000.00,M
LNK,2025-06-08 10:54,64.00,48.00,56.01,16.10,10000.00,M
LNK,2025-06-08 11:54,62.00,45.00,53.65,10.35,9500.00,M
LNK,2025-06-08 12:54,59.00,49.00,69.39,6.90,9500.00,M
LNK,2025-06-08 13:54,59.00,51.00,74.75,8.05,4500.00,M
LNK,2025-06-08 14:54,59.00,51.00,74.75,9.20,10000.00,M
LNK,2025-06-08 15:54,62.00,51.00,67.19,8.05,11000.00,M
LNK,2025-06-08 16:54,63.00,48.00,58.01,12.65,10000.00,M
LNK,2025-06-08 17:54,67.00,49.00,52.39,13.80,M,M
LNK,2025-06-08 18:54,69.00,49.00,48.91,11.50,M,M
LNK,2025-06-08 19:54,68.00,49.00,50.62,11.50,M,M
LNK,2025-06-08 20:54,66.00,49.00,54.23,8.05,M,M
LNK,2025-06-08 21:54,64.00,48.00,56.01,9.20,M,M
LNK,2025-06-08 22:54,63.00,48.00,58.01,11.50,M,M
LNK,2025-06-08 23:54,61.00,48.00,62.25,11.50,M,M
LNK,2025-06-09 00:54,61.00,48.00,62.25,8.05,M,M
LNK,2025-06-09 01:54,59.00,49.00,69.39,4.60,M,M
LNK,2025-06-09 02:54,59.00,48.00,66.84,9.20,M,M
LNK,2025-06-09 03:54,58.00,47.00,66.72,11.50,M,M
LNK,2025-06-09 04:54,57.00,47.00,69.16,12.65,M,M
LNK,2025-06-09 05:54,57.00,45.00,64.12,12.65,M,M
LNK,2025-06-09 06:54,59.00,44.00,57.44,12.65,M,M
LNK,2025-06-09 07:54,63.00,43.00,47.98,13.80,M,M
LNK,2025-06-09 08:54,66.00,44.00,44.90,13.80,M,M
LNK,2025-06-09 09:54,69.00,44.00,40.49,14.95,M,M
LNK,2025-06-09 10:54,71.00,44.00,37.82,18.40,M,33.35
LNK,2025-06-09 11:54,72.00,45.00,37.99,18.40,M,31.05
LNK,2025-06-09 12:54,74.00,47.00,38.31,19.55,M,31.05
LNK,2025-06-09 13:54,75.00,48.00,38.47,17.25,M,M
LNK,2025-06-09 14:54,76.00,50.00,40.10,12.65,6000.00,M
LNK,2025-06-09 15:54,77.00,49.00,37.37,18.40,6000.00,M
LNK,2025-06-09 16:54,77.00,50.00,38.79,11.50,M,M
LNK,2025-06-09 17:54,77.00,51.00,40.26,12.65,M,M
LNK,2025-06-09 18:54,75.00,53.00,46.31,9.20,M,M
LNK,2025-06-09 19:54,71.00,54.00,54.96,8.05,M,M
LNK,2025-06-09 20:54,66.00,52.00,60.62,6.90,M,M
LNK,2025-06-09 21:54,64.00,51.00,62.64,3.45,M,M
LNK,2025-06-09 22:54,63.00,51.00,64.87,0.00,M,M
LNK,2025-06-09 23:54,58.00,50.00,74.65,0.00,M,M
LNK,2025-06-10 00:54,55.00,51.00,86.35,0.00,M,M
LNK,2025-06-10 01:54,54.00,50.00,86.29,0.00,M,M
LNK,2025-06-10 02:54,55.00,50.00,83.20,0.00,M,M
LNK,2025-06-10 03:54,55.00,51.00,86.35,0.00,M,M
LNK,2025-06-10 04:54,53.00,49.00,86.23,0.00,M,M
LNK,2025-06-10 05:54,53.00,49.00,86.23,0.00,M,M
LNK,2025-06-10 06:54,54.00,50.00,86.29,0.00,M,M
LNK,2025-06-10 07:54,58.00,54.00,86.51,3.45,M,M
LNK,2025-06-10 08:54,64.00,56.00,75.22,0.00,M,M
LNK,2025-06-10 09:54,72.00,54.00,53.13,5.75,M,M
LNK,2025-06-10 10:54,79.00,52.00,39.11,8.05,M,M
LNK,2025-06-10 11:54,81.00,51.00,35.31,4.60,M,M
LNK,2025-06-10 12:54,84.00,50.00,30.88,9.20,M,M
LNK,2025-06-10 13:54,85.00,50.00,29.91,9.20,M,M
LNK,2025-06-10 14:54,87.00,51.00,29.12,13.80,M,M
LNK,2025-06-10 15:54,88.00,52.00,29.28,10.35,M,M
LNK,2025-06-10 16:54,88.00,52.00,29.28,8.05,M,M
LNK,2025-06-10 17:54,89.00,50.00,26.34,10.35,M,M
LNK,2025-06-10 18:54,85.00,55.00,35.94,9.20,M,M
LNK,2025-06-10 19:54,82.00,55.00,39.59,9.20,M,M
LNK,2025-06-10 20:54,74.00,55.00,51.52,9.20,M,M
LNK,2025-06-10 21:54,72.00,53.00,51.22,8.05,M,M
LNK,2025-06-10 22:54,68.00,53.00,58.70,9.20,M,M
LNK,2025-06-10 23:54,68.00,52.00,56.58,5.75,M,M
LNK,2025-06-11 00:54,67.00,52.00,58.56,5.75,M,M
LNK,2025-06-11 01:54,68.00,51.00,54.53,4.60,M,M
LNK,2025-06-11 02:54,64.00,52.00,64.99,6.90,M,M
LNK,2025-06-11 03:54,64.00,52.00,64.99,5.75,M,M
LNK,2025-06-11 04:54,67.00,53.00,60.75,8.05,M,M
LNK,2025-06-11 05:54,66.00,54.00,65.24,6.90,M,M
LNK,2025-06-11 06:54,67.00,57.00,70.27,3.45,M,M
LNK,2025-06-11 07:54,72.00,60.00,65.96,9.20,M,M
LNK,2025-06-11 08:54,77.00,61.00,57.83,9.20,M,M
LNK,2025-06-11 09:54,81.00,63.00,54.43,11.50,M,M
LNK,2025-06-11 10:54,84.00,65.00,52.98,8.05,M,M
LNK,2025-06-11 11:54,88.00,67.00,50.00,11.50,M,M
LNK,2025-06-11 12:54,91.00,63.00,39.59,12.65,M,M
LNK,2025-06-11 13:54,93.00,62.00,35.92,14.95,M,M
LNK,2025-06-11 14:54,93.00,60.00,33.46,13.80,M,M
LNK,2025-06-11 15:54,93.00,59.00,32.29,14.95,M,M
LNK,2025-06-11 16:54,93.00,57.00,30.05,16.10,9500.00,M
LNK,2025-06-11 17:54,92.00,58.00,32.13,13.80,M,M
LNK,2025-06-11 18:54,89.00,58.00,35.29,14.95,M,M
LNK,2025-06-11 19:54,87.00,60.00,40.38,12.65,M,M
LNK,2025-06-11 20:54,82.00,60.00,47.39,11.50,M,M
LNK,2025-06-11 21:54,79.00,59.00,50.42,13.80,M,M
LNK,2025-06-11 22:54,78.00,59.00,52.11,12.65,M,M
LNK,2025-06-11 23:54,75.00,60.00,59.64,10.35,M,M
LNK,2025-06-12 00:54,74.00,60.00,61.67,10.35,M,M
LNK,2025-06-12 01:54,73.00,61.00,66.08,9.20,M,M
LNK,2025-06-12 02:54,71.00,60.00,68.23,6.90,M,M
LNK,2025-06-12 03:54,68.00,60.00,75.59,4.60,M,M
LNK,2025-06-12 04:54,66.00,59.00,78.16,3.45,M,M
LNK,2025-06-12 05:54,65.00,59.00,80.92,0.00,M,M
LNK,2025-06-12 06:54,64.00,59.00,83.80,0.00,M,M
LNK,2025-06-12 07:54,68.00,60.00,75.59,0.00,M,M
LNK,2025-06-12 08:54,72.00,62.00,70.81,3.45,M,M
LNK,2025-06-12 09:54,76.00,64.00,66.43,6.90,M,M
LNK,2025-06-12 10:54,80.00,65.00,60.30,9.20,M,M
LNK,2025-06-12 11:54,81.00,65.00,58.37,16.10,M,M
LNK,2025-06-12 12:54,83.00,65.00,54.71,16.10,4300.00,M
LNK,2025-06-12 13:54,85.00,63.00,47.84,18.40,4800.00,33.35
LNK,2025-06-12 14:54,85.00,63.00,47.84,16.10,4800.00,M
LNK,2025-06-12 15:54,86.00,63.00,46.34,16.10,6000.00,M
LNK,2025-06-12 16:54,85.00,63.00,47.84,18.40,5500.00,M
LNK,2025-06-12 17:54,84.00,61.00,46.04,14.95,M,M
LNK,2025-06-12 18:54,82.00,59.00,45.73,13.80,M,M
LNK,2025-06-12 19:54,80.00,58.00,47.08,11.50,M,M
LNK,2025-06-12 20:54,77.00,58.00,51.96,10.35,M,M
LNK,2025-06-12 21:54,74.00,59.00,59.51,8.05,M,M
LNK,2025-06-12 22:54,70.00,59.00,68.12,9.20,M,M
LNK,2025-06-12 23:54,68.00,59.00,72.95,6.90,M,M
LNK,2025-06-13 00:54,70.00,60.00,70.59,5.75,M,M
LNK,2025-06-13 01:54,66.00,59.00,78.16,3.45,M,M
LNK,2025-06-13 02:54,64.00,59.00,83.80,4.60,M,M
LNK,2025-06-13 03:54,67.00,60.00,78.24,0.00,M,M
LNK,2025-06-13 04:54,63.00,59.00,86.79,0.00,M,M
LNK,2025-06-13 05:54,65.00,60.00,83.86,4.60,M,M
LNK,2025-06-13 06:54,66.00,62.00,86.95,5.75,M,M
LNK,2025-06-13 07:54,70.00,64.00,81.29,8.05,M,M
LNK,2025-06-13 08:54,71.00,63.00,75.87,9.20,M,M
LNK,2025-06-13 09:54,74.00,65.00,73.54,0.00,M,M
LNK,2025-06-13 10:54,78.00,67.00,69.01,6.90,M,M
LNK,2025-06-13 11:35,81.00,67.00,62.56,3.45,2800.00,M
LNK,2025-06-13 11:49,80.60,66.20,61.65,8.05,2900.00,M
LNK,2025-06-13 11:54,80.00,66.00,62.44,M,2900.00,M
LNK,2025-06-13 12:54,82.00,66.00,58.51,8.05,M,M
LNK,2025-06-13 13:54,83.00,66.00,56.65,8.05,4000.00,M
LNK,2025-06-13 14:54,86.00,66.00,51.46,5.75,4500.00,M
LNK,2025-06-13 15:54,84.00,65.00,52.98,11.50,5000.00,M
LNK,2025-06-13 16:54,85.00,66.00,53.12,9.20,4500.00,M
LNK,2025-06-13 17:54,85.00,65.00,51.31,4.60,M,M
LNK,2025-06-13 18:54,85.00,65.00,51.31,6.90,M,M
LNK,2025-06-13 19:54,82.00,65.00,56.51,5.75,M,M
LNK,2025-06-13 20:54,78.00,65.00,64.39,5.75,M,M
LNK,2025-06-13 21:54,73.00,63.00,70.91,8.05,M,M
LNK,2025-06-13 22:54,72.00,64.00,75.96,6.90,M,M
LNK,2025-06-13 23:54,70.00,63.00,78.49,5.75,M,M
LNK,2025-06-14 00:54,72.00,64.00,75.96,3.45,M,M
LNK,2025-06-14 01:54,70.00,64.00,81.29,4.60,M,M
LNK,2025-06-14 02:54,68.00,63.00,84.05,3.45,M,M
LNK,2025-06-14 03:54,67.00,63.00,87.00,3.45,M,M
LNK,2025-06-14 04:54,67.00,63.00,87.00,0.00,M,M
LNK,2025-06-14 05:54,65.00,62.00,90.02,3.45,M,M
LNK,2025-06-14 06:54,69.00,65.00,87.10,0.00,M,M
LNK,2025-06-14 07:54,72.00,66.00,81.44,3.45,M,M
LNK,2025-06-14 08:54,76.00,68.00,76.32,8.05,M,M
LNK,2025-06-14 09:54,81.00,70.00,69.34,8.05,M,M
LNK,2025-06-14 10:54,84.00,70.00,62.94,10.35,M,M
LNK,2025-06-14 11:54,86.00,69.00,57.06,14.95,M,M
LNK,2025-06-14 12:54,88.00,68.00,51.75,13.80,4800.00,M
LNK,2025-06-14 13:54,88.00,68.00,51.75,11.50,4700.00,M
LNK,2025-06-14 14:54,88.00,67.00,50.00,9.20,5000.00,M
LNK,2025-06-14 15:54,88.00,67.00,50.00,13.80,M,M
LNK,2025-06-14 16:54,87.00,67.00,51.60,10.35,M,M
LNK,2025-06-14 17:54,89.00,67.00,48.45,9.20,M,M
LNK,2025-06-14 18:54,88.00,66.00,48.30,5.75,M,M
LNK,2025-06-14 19:54,85.00,67.00,54.99,8.05,M,M
LNK,2025-06-14 20:54,83.00,65.00,54.71,5.75,M,M
LNK,2025-06-14 21:54,80.00,66.00,62.44,8.05,M,M
LNK,2025-06-14 22:54,78.00,66.00,66.67,5.75,M,M
LNK,2025-06-14 23:54,78.00,66.00,66.67,3.45,M,M
LNK,2025-06-15 00:54,75.00,66.00,73.64,5.75,M,M
LNK,2025-06-15 01:54,74.00,66.00,76.14,3.45,M,M
LNK,2025-06-15 02:54,73.00,66.00,78.74,0.00,M,M
LNK,2025-06-15 03:54,70.00,66.00,87.16,5.75,M,M
LNK,2025-06-15 04:54,68.00,64.00,87.05,5.75,M,M
LNK,2025-06-15 05:54,69.00,65.00,87.10,0.00,M,M
LNK,2025-06-15 06:54,71.00,66.00,84.24,3.45,M,M
LNK,2025-06-15 07:54,74.00,67.00,78.82,0.00,M,M
LNK,2025-06-15 08:54,78.00,68.00,71.43,3.45,M,M
LNK,2025-06-15 09:54,82.00,67.00,60.57,5.75,M,M
LNK,2025-06-15 10:54,85.00,68.00,56.92,5.75,M,M
LNK,2025-06-15 11:54,86.00,67.00,53.27,0.00,4500.00,M
LNK,2025-06-15 12:54,88.00,66.00,48.30,4.60,4700.00,M
LNK,2025-06-15 13:54,89.00,67.00,48.45,8.05,M,M
LNK,2025-06-15 14:54,90.00,66.00,45.35,14.95,M,M
LNK,2025-06-15 15:54,91.00,64.00,41.00,4.60,M,M
LNK,2025-06-15 16:54,92.00,65.00,41.16,10.35,M,M
LNK,2025-06-15 17:54,91.00,66.00,43.96,10.35,6000.00,M
LNK,2025-06-15 18:54,91.00,65.00,42.46,5.75,6000.00,M
LNK,2025-06-15 19:54,88.00,68.00,51.75,6.90,6500.00,M
LNK,2025-06-15 20:54,84.00,66.00,54.85,10.35,M,M
LNK,2025-06-15 21:54,83.00,65.00,54.71,11.50,M,M
LNK,2025-06-15 22:54,81.00,66.00,60.44,11.50,M,M
LNK,2025-06-15 23:54,78.00,65.00,64.39,10.35,M,M
LNK,2025-06-16 00:54,75.00,65.00,71.12,9.20,M,M
LNK,2025-06-16 01:54,76.00,65.00,68.79,10.35,M,M
LNK,2025-06-16 02:54,73.00,65.00,76.05,5.75,M,M
LNK,2025-06-16 03:54,72.00,65.00,78.66,8.05,M,M
LNK,2025-06-16 04:54,70.00,64.00,81.29,6.90,M,M
LNK,2025-06-16 05:54,72.00,65.00,78.66,12.65,M,M
LNK,2025-06-16 06:54,73.00,65.00,76.05,0.00,M,M
LNK,2025-06-16 07:54,74.00,66.00,76.14,3.45,M,M
LNK,2025-06-16 08:54,77.00,67.00,71.33,5.75,M,M
LNK,2025-06-16 09:54,80.00,68.00,66.90,6.90,M,M
LNK,2025-06-16 10:54,83.00,67.00,58.64,6.90,M,M
LNK,2025-06-16 11:54,85.00,68.00,56.92,6.90,M,M
LNK,2025-06-16 12:54,88.00,68.00,51.75,14.95,M,M
LNK,2025-06-16 13:54,87.00,68.00,53.41,16.10,M,M
LNK,2025-06-16 14:54,90.00,68.00,48.59,16.10,M,M
LNK,2025-06-16 15:54,92.00,66.00,42.61,18.40,M,M
LNK,2025-06-16 16:54,92.00,65.00,41.16,20.70,M,M
LNK,2025-06-16 17:54,91.00,65.00,42.46,18.40,M,M
LNK,2025-06-16 18:54,90.00,66.00,45.35,16.10,M,M
LNK,2025-06-16 19:54,86.00,66.00,51.46,6.90,10000.00,M
LNK,2025-06-16 20:54,75.00,56.00,51.67,27.60,6500.00,50.60
LNK,2025-06-16 21:25,72.00,57.00,59.24,18.40,7500.00,47.15
LNK,2025-06-16 21:41,73.00,57.00,57.28,17.25,8000.00,47.15
LNK,2025-06-16 21:54,73.00,56.00,55.24,11.50,8500.00,47.15
LNK,2025-06-16 22:29,71.00,60.00,68.23,4.60,4200.00,M
LNK,2025-06-16 22:54,70.00,61.00,73.15,4.60,4000.00,M
LNK,2025-06-16 23:13,69.00,63.00,81.22,13.80,11000.00,M
LNK,2025-06-16 23:24,70.00,62.00,75.78,13.80,11000.00,M
LNK,2025-06-16 23:54,71.00,60.00,68.23,17.25,11000.00,M
LNK,2025-06-17 00:25,70.00,61.00,73.15,9.20,12000.00,M
LNK,2025-06-17 00:40,70.00,62.00,75.78,13.80,12000.00,M
LNK,2025-06-17 00:54,70.00,62.00,75.78,4.60,11000.00,M
LNK,2025-06-17 01:54,67.00,63.00,87.00,10.35,9000.00,M
LNK,2025-06-17 02:29,67.00,63.00,87.00,28.75,6500.00,37.95
LNK,2025-06-17 02:54,70.00,59.00,68.12,12.65,4300.00,37.95
LNK,2025-06-17 03:54,68.00,60.00,75.59,5.75,M,M
LNK,2025-06-17 04:54,69.00,61.00,75.69,14.95,8000.00,M
LNK,2025-06-17 05:54,69.00,60.00,73.05,16.10,M,M
LNK,2025-06-17 06:01,69.00,60.00,73.05,18.40,M,M
LNK,2025-06-17 06:54,69.00,60.00,73.05,0.00,M,M
LNK,2025-06-17 07:54,70.00,61.00,73.15,10.35,M,M
LNK,2025-06-17 08:54,74.00,62.00,66.20,8.05,M,M
LNK,2025-06-17 09:54,76.00,62.00,61.93,10.35,M,M
LNK,2025-06-17 10:54,79.00,64.00,60.17,0.00,M,M
LNK,2025-06-17 11:54,79.00,63.00,58.10,4.60,M,M
LNK,2025-06-17 12:54,81.00,64.00,56.37,10.35,M,M
LNK,2025-06-17 13:29,79.00,64.00,60.17,17.25,3600.00,M
LNK,2025-06-17 13:54,78.00,64.00,62.18,19.55,3400.00,M
LNK,2025-06-17 14:54,79.00,64.00,60.17,12.65,3100.00,M
LNK,2025-06-17 15:54,80.00,64.00,58.24,10.35,3900.00,M
LNK,2025-06-17 16:54,79.00,63.00,58.10,4.60,6000.00,M
LNK,2025-06-17 17:54,78.00,66.00,66.67,5.75,3400.00,M
LNK,2025-06-17 18:54,81.00,65.00,58.37,8.05,M,M
LNK,2025-06-17 19:54,79.00,63.00,58.10,4.60,M,M
LNK,2025-06-17 20:54,75.00,65.00,71.12,5.75,4400.00,M
LNK,2025-06-17 21:54,73.00,65.00,76.05,4.60,M,M
LNK,2025-06-17 22:54,72.00,65.00,78.66,3.45,M,M
LNK,2025-06-17 23:54,69.00,62.00,78.41,3.45,M,M
LNK,2025-06-18 00:54,67.00,63.00,87.00,5.75,M,M
LNK,2025-06-18 01:54,69.00,63.00,81.22,6.90,M,M
LNK,2025-06-18 02:54,67.00,62.00,83.99,3.45,M,M
LNK,2025-06-18 03:54,65.00,62.00,90.02,6.90,M,M
LNK,2025-06-18 04:54,63.00,61.00,93.19,6.90,M,M
LNK,2025-06-18 05:54,63.00,61.00,93.19,0.00,5000.00,M
LNK,2025-06-18 06:54,65.00,62.00,90.02,4.60,6000.00,M
LNK,2025-06-18 07:54,67.00,62.00,83.99,4.60,M,M
LNK,2025-06-18 08:54,71.00,63.00,75.87,12.65,4400.00,M
LNK,2025-06-18 09:54,68.00,62.00,81.15,5.75,2800.00,M
LNK,2025-06-18 10:54,67.00,63.00,87.00,9.20,10000.00,M
LNK,2025-06-18 11:54,69.00,64.00,84.12,9.20,10000.00,M
LNK,2025-06-18 12:54,73.00,65.00,76.05,10.35,1500.00,M
LNK,2025-06-18 13:54,77.00,65.00,66.55,9.20,2400.00,M
LNK,2025-06-18 14:54,78.00,64.00,62.18,9.20,10000.00,M
LNK,2025-06-18 15:54,80.00,62.00,54.29,9.20,M,M
LNK,2025-06-18 16:54,80.00,59.00,48.80,8.05,M,M
LNK,2025-06-18 17:54,82.00,60.00,47.39,9.20,6500.00,M
LNK,2025-06-18 18:54,80.00,60.00,50.57,10.35,4800.00,M
LNK,2025-06-18 19:54,80.00,60.00,50.57,9.20,M,M
LNK,2025-06-18 20:54,77.00,61.00,57.83,5.75,M,M
LNK,2025-06-18 21:54,75.00,61.00,61.80,3.45,M,M
LNK,2025-06-18 22:54,68.00,61.00,78.33,0.00,M,M
LNK,2025-06-18 23:54,68.00,61.00,78.33,0.00,M,M
LNK,2025-06-19 00:54,65.00,61.00,86.89,0.00,M,M
LNK,2025-06-19 01:54,61.00,59.00,93.13,0.00,M,M
LNK,2025-06-19 02:54,62.00,59.00,89.89,0.00,M,M
LNK,2025-06-19 03:54,63.00,59.00,86.79,0.00,M,M
LNK,2025-06-19 04:54,60.00,58.00,93.10,0.00,M,M
LNK,2025-06-19 05:54,60.00,58.00,93.10,0.00,M,M
LNK,2025-06-19 06:54,62.00,60.00,93.16,3.45,M,M
LNK,2025-06-19 07:54,67.00,63.00,87.00,4.60,M,M
LNK,2025-06-19 08:54,73.00,64.00,73.44,4.60,M,M
LNK,2025-06-19 09:54,79.00,65.00,62.31,8.05,M,M
LNK,2025-06-19 10:54,83.00,64.00,52.84,9.20,M,M
LNK,2025-06-19 11:54,85.00,64.00,49.55,10.35,M,M
LNK,2025-06-19 12:54,87.00,66.00,49.85,10.35,M,M
LNK,2025-06-19 13:54,89.00,67.00,48.45,14.95,M,M
LNK,2025-06-19 14:54,91.00,65.00,42.46,11.50,M,M
LNK,2025-06-19 15:54,92.00,64.00,39.75,12.65,M,M
LNK,2025-06-19 16:54,92.00,62.00,37.05,18.40,M,M
LNK,2025-06-19 17:54,92.00,61.00,35.76,16.10,M,M
LNK,2025-06-19 18:54,90.00,63.00,40.85,19.55,M,31.05
LNK,2025-06-19 19:54,86.00,65.00,49.70,13.80,M,M
LNK,2025-06-19 20:54,85.00,65.00,51.31,16.10,M,M
LNK,2025-06-19 21:54,83.00,66.00,56.65,13.80,M,M
LNK,2025-06-19 22:54,82.00,66.00,58.51,13.80,11000.00,M
LNK,2025-06-19 23:34,84.00,65.00,52.98,9.20,6500.00,M
LNK,2025-06-19 23:41,84.00,65.00,52.98,3.45,6500.00,M
LNK,2025-06-19 23:54,84.00,65.00,52.98,0.00,6000.00,M
LNK,2025-06-20 00:54,81.00,66.00,60.44,24.15,M,33.35
LNK,2025-06-20 01:54,80.00,65.00,60.30,17.25,M,32.20
LNK,2025-06-20 02:54,78.00,66.00,66.67,14.95,M,M
LNK,2025-06-20 03:54,76.00,67.00,73.73,10.35,M,M
LNK,2025-06-20 04:54,78.00,70.00,76.49,11.50,M,M
LNK,2025-06-20 05:54,77.00,71.00,81.79,10.35,M,M
LNK,2025-06-20 06:54,79.00,72.00,79.22,13.80,M,M
LNK,2025-06-20 07:54,83.00,72.00,69.56,14.95,M,M
LNK,2025-06-20 08:54,86.00,72.00,63.19,13.80,M,29.90
LNK,2025-06-20 09:54,89.00,71.00,55.55,21.85,M,33.35
LNK,2025-06-20 10:54,92.00,72.00,52.32,18.40,M,35.65
LNK,2025-06-20 11:54,95.00,71.00,46.11,23.00,M,31.05
LNK,2025-06-20 12:54,98.00,69.00,39.31,25.30,M,35.65
LNK,2025-06-20 13:54,101.00,68.00,34.71,25.30,M,40.25
LNK,2025-06-20 14:54,101.00,66.00,32.39,23.00,M,44.85
LNK,2025-06-20 15:54,101.00,64.00,30.21,25.30,M,43.70
LNK,2025-06-20 16:54,99.00,67.00,35.61,25.30,M,44.85
LNK,2025-06-20 17:54,98.00,67.00,36.70,27.60,M,48.30
LNK,2025-06-20 18:54,96.00,66.00,37.68,26.45,M,44.85
LNK,2025-06-20 19:54,94.00,68.00,42.92,26.45,M,42.55
LNK,2025-06-20 20:54,91.00,68.00,47.10,23.00,M,40.25
LNK,2025-06-20 21:54,89.00,69.00,51.89,21.85,M,34.50
LNK,2025-06-20 22:54,87.00,70.00,57.19,20.70,M,33.35
LNK,2025-06-20 23:54,86.00,70.00,59.04,23.00,M,39.10
LNK,2025-06-21 00:54,85.00,71.00,63.06,25.30,M,41.40
LNK,2025-06-21 01:54,84.00,71.00,65.11,21.85,M,37.95
LNK,2025-06-21 02:54,83.00,71.00,67.24,19.55,M,37.95
LNK,2025-06-21 03:54,82.00,70.00,67.13,21.85,M,36.80
LNK,2025-06-21 04:54,82.00,70.00,67.13,20.70,M,36.80
LNK,2025-06-21 05:54,82.00,69.00,64.88,21.85,M,37.95
LNK,2025-06-21 06:54,82.00,69.00,64.88,20.70,M,39.10
LNK,2025-06-21 07:54,84.00,69.00,60.82,20.70,M,36.80
LNK,2025-06-21 08:54,87.00,69.00,55.27,27.60,M,42.55
LNK,2025-06-21 09:54,89.00,69.00,51.89,31.05,M,46.00
LNK,2025-06-21 10:54,92.00,69.00,47.25,28.75,M,43.70
LNK,2025-06-21 11:54,94.00,70.00,45.96,25.30,M,39.10
LNK,2025-06-21 12:54,96.00,70.00,43.23,23.00,M,43.70
LNK,2025-06-21 13:54,97.00,69.00,40.52,25.30,M,41.40
LNK,2025-06-21 14:54,99.00,67.00,35.61,28.75,M,47.15
LNK,2025-06-21 15:54,99.00,67.00,35.61,29.90,M,47.15
LNK,2025-06-21 16:54,99.00,67.00,35.61,29.90,M,46.00
LNK,2025-06-21 17:54,98.00,68.00,37.99,26.45,M,44.85
LNK,2025-06-21 18:54,96.00,69.00,41.78,26.45,M,43.70
LNK,2025-06-21 19:54,94.00,68.00,42.92,19.55,M,42.55
LNK,2025-06-21 20:54,90.00,68.00,48.59,18.40,M,33.35
LNK,2025-06-21 21:54,88.00,69.00,53.55,16.10,M,29.90
LNK,2025-06-21 22:54,86.00,69.00,57.06,14.95,M,29.90
LNK,2025-06-21 23:54,84.00,70.00,62.94,19.55,M,M
LNK,2025-06-22 00:54,83.00,70.00,65.00,19.55,M,31.05
LNK,2025-06-22 01:54,82.00,70.00,67.13,20.70,M,35.65
LNK,2025-06-22 02:54,82.00,69.00,64.88,21.85,M,34.50
LNK,2025-06-22 03:54,81.00,69.00,67.01,23.00,M,34.50
LNK,2025-06-22 04:54,80.00,69.00,69.23,18.40,M,29.90
LNK,2025-06-22 05:54,79.00,69.00,71.54,17.25,M,32.20
LNK,2025-06-22 06:54,80.00,69.00,69.23,20.70,M,33.35
LNK,2025-06-22 07:54,82.00,69.00,64.88,25.30,M,35.65
LNK,2025-06-22 08:54,84.00,69.00,60.82,27.60,M,41.40
LNK,2025-06-22 09:54,87.00,70.00,57.19,28.75,M,41.40
LNK,2025-06-22 10:54,89.00,70.00,53.70,23.00,M,46.00
LNK,2025-06-22 11:54,91.00,70.00,50.44,28.75,M,43.70
LNK,2025-06-22 12:54,93.00,71.00,49.04,24.15,M,42.55
LNK,2025-06-22 13:54,94.00,70.00,45.96,25.30,M,47.15
LNK,2025-06-22 14:54,96.00,69.00,41.78,28.75,M,47.15
LNK,2025-06-22 15:54,97.00,68.00,39.16,33.35,M,47.15
LNK,2025-06-22 16:54,96.00,69.00,41.78,27.60,M,49.45
LNK,2025-06-22 17:54,95.00,68.00,41.62,26.45,M,50.60
LNK,2025-06-22 18:54,94.00,69.00,44.42,24.15,M,42.55
LNK,2025-06-22 19:54,91.00,68.00,47.10,23.00,M,40.25
LNK,2025-06-22 20:54,89.00,67.00,48.45,18.40,M,35.65
LNK,2025-06-22 21:54,88.00,66.00,48.30,23.00,M,32.20
LNK,2025-06-22 22:54,85.00,66.00,53.12,25.30,M,32.20
LNK,2025-06-22 23:54,84.00,66.00,54.85,23.00,M,35.65
LNK,2025-06-23 00:54,83.00,67.00,58.64,23.00,M,37.95
LNK,2025-06-23 01:54,82.00,68.00,62.69,25.30,M,42.55
LNK,2025-06-23 02:54,81.00,68.00,64.76,19.55,M,36.80
LNK,2025-06-23 03:54,80.00,68.00,66.90,19.55,M,33.35
LNK,2025-06-23 04:54,81.00,68.00,64.76,11.50,M,29.90
LNK,2025-06-23 05:54,78.00,69.00,73.93,5.75,4400.00,M
LNK,2025-06-23 06:54,76.00,71.00,84.55,9.20,4100.00,M
LNK,2025-06-23 07:54,79.00,71.00,76.58,6.90,4100.00,M
LNK,2025-06-23 08:54,82.00,71.00,69.45,12.65,4100.00,M
LNK,2025-06-23 09:54,85.00,71.00,63.06,13.80,3400.00,M
LNK,2025-06-23 10:54,82.00,71.00,69.45,11.50,2900.00,M
LNK,2025-06-23 11:54,85.00,70.00,60.95,12.65,M,M
LNK,2025-06-23 12:54,88.00,69.00,53.55,8.05,4000.00,M
LNK,2025-06-23 13:18,80.00,69.00,69.23,21.85,2500.00,M
LNK,2025-06-23 13:54,78.00,66.00,66.67,23.00,1900.00,32.20
LNK,2025-06-23 14:54,76.00,65.00,68.79,18.40,4600.00,M
LNK,2025-06-23 15:54,75.00,65.00,71.12,18.40,4600.00,M
LNK,2025-06-23 16:54,75.00,66.00,73.64,16.10,4400.00,M
LNK,2025-06-23 17:54,75.00,67.00,76.23,11.50,4700.00,M
LNK,2025-06-23 18:18,75.00,67.00,76.23,10.35,1800.00,M
LNK,2025-06-23 18:26,74.00,67.00,78.82,11.50,1800.00,M
LNK,2025-06-23 18:54,71.00,67.00,87.21,6.90,1800.00,M
LNK,2025-06-23 19:03,72.00,68.00,87.26,17.25,1600.00,M
LNK,2025-06-23 19:16,72.00,69.00,90.30,10.35,3000.00,M
LNK,2025-06-23 19:54,73.00,69.00,87.31,4.60,M,M
LNK,2025-06-23 20:18,72.00,68.00,87.26,6.90,1200.00,M
LNK,2025-06-23 20:26,71.00,68.00,90.26,5.75,1200.00,M
LNK,2025-06-23 20:54,71.00,69.00,93.41,8.05,10000.00,M
LNK,2025-06-23 21:54,72.00,69.00,90.30,3.45,6500.00,M
LNK,2025-06-23 22:54,71.00,69.00,93.41,5.75,6000.00,M
LNK,2025-06-23 23:54,71.00,69.00,93.41,0.00,1000.00,M
LNK,2025-06-24 00:28,71.00,69.00,93.41,4.60,1100.00,M
LNK,2025-06-24 00:54,71.00,69.00,93.41,3.45,1000.00,M
LNK,2025-06-24 01:12,72.00,69.00,90.30,3.45,700.00,M
LNK,2025-06-24 01:51,71.60,69.80,94.07,3.45,400.00,M
LNK,2025-06-24 01:54,72.00,70.00,93.44,4.60,400.00,M
LNK,2025-06-24 02:45,73.00,71.00,93.47,0.00,500.00,M
LNK,2025-06-24 02:54,73.00,71.00,93.47,4.60,500.00,M
LNK,2025-06-24 03:54,73.00,71.00,93.47,3.45,800.00,M
LNK,2025-06-24 04:54,74.00,71.00,90.38,3.45,600.00,M
LNK,2025-06-24 05:54,74.00,71.00,90.38,0.00,800.00,M
LNK,2025-06-24 06:54,74.00,72.00,93.49,3.45,800.00,M
LNK,2025-06-24 07:54,75.00,72.00,90.42,5.75,800.00,M
LNK,2025-06-24 08:45,76.00,72.00,87.46,5.75,800.00,M
LNK,2025-06-24 08:54,76.00,72.00,87.46,6.90,800.00,M
LNK,2025-06-24 09:54,74.00,72.00,93.49,5.75,1400.00,M
LNK,2025-06-24 10:06,73.00,71.00,93.47,10.35,900.00,M
LNK,2025-06-24 10:11,73.00,71.00,93.47,6.90,900.00,M
LNK,2025-06-24 10:15,73.00,71.00,93.47,5.75,600.00,M
LNK,2025-06-24 10:22,73.00,71.00,93.47,8.05,1000.00,M
LNK,2025-06-24 10:37,73.00,69.00,87.31,5.75,800.00,M
LNK,2025-06-24 10:54,73.00,70.00,90.34,4.60,9500.00,M
LNK,2025-06-24 11:54,77.00,71.00,81.79,3.45,M,M
LNK,2025-06-24 12:35,79.00,73.00,81.93,9.20,1200.00,M
LNK,2025-06-24 12:54,78.00,72.00,81.86,9.20,1700.00,M
LNK,2025-06-24 13:19,80.00,73.00,79.30,9.20,1900.00,M
LNK,2025-06-24 13:54,79.00,73.00,81.93,5.75,2100.00,M
LNK,2025-06-24 14:34,82.00,74.00,76.84,10.35,2100.00,M
LNK,2025-06-24 14:54,82.00,74.00,76.84,10.35,2000.00,M
LNK,2025-06-24 15:54,81.00,76.00,84.85,9.20,3800.00,M
LNK,2025-06-24 16:54,80.00,73.00,79.30,8.05,1900.00,M
LNK,2025-06-24 17:54,80.00,72.00,76.67,9.20,6500.00,M
LNK,2025-06-24 18:54,80.00,73.00,79.30,4.60,1700.00,M
LNK,2025-06-24 19:24,80.00,74.00,82.00,12.65,1600.00,M
LNK,2025-06-24 19:40,79.00,73.00,81.93,11.50,1700.00,M
LNK,2025-06-24 19:47,79.00,73.00,81.93,9.20,1500.00,M
LNK,2025-06-24 19:54,78.00,73.00,84.67,9.20,1400.00,M
LNK,2025-06-24 20:05,78.00,73.00,84.67,11.50,1400.00,M
LNK,2025-06-24 20:14,78.00,72.00,81.86,8.05,2500.00,M
LNK,2025-06-24 20:54,77.00,72.00,84.61,6.90,1400.00,M
LNK,2025-06-24 21:54,76.00,71.00,84.55,10.35,M,M
LNK,2025-06-24 22:54,76.00,72.00,87.46,8.05,M,M
LNK,2025-06-24 23:54,75.00,72.00,90.42,6.90,9500.00,M
LNK,2025-06-25 00:54,74.00,71.00,90.38,11.50,2000.00,M
LNK,2025-06-25 01:54,73.00,71.00,93.47,0.00,10000.00,M
LNK,2025-06-25 02:03,73.00,71.00,93.47,4.60,500.00,M
LNK,2025-06-25 02:54,73.00,71.00,93.47,8.05,3500.00,M
LNK,2025-06-25 03:54,72.00,70.00,93.44,4.60,3400.00,M
LNK,2025-06-25 04:54,72.00,71.00,96.67,4.60,2700.00,M
LNK,2025-06-25 05:54,72.00,70.00,93.44,6.90,2100.00,M
LNK,2025-06-25 06:54,72.00,70.00,93.44,8.05,7000.00,M
LNK,2025-06-25 07:54,74.00,72.00,93.49,10.35,9000.00,M
LNK,2025-06-25 08:54,78.00,73.00,84.67,10.35,9000.00,M
LNK,2025-06-25 09:54,83.00,73.00,71.94,11.50,M,M
LNK,2025-06-25 10:54,85.00,73.00,67.47,14.95,M,M
LNK,2025-06-25 11:54,87.00,74.00,65.47,16.10,M,M
LNK,2025-06-25 12:54,89.00,73.00,59.44,17.25,M,M
LNK,2025-06-25 13:54,91.00,73.00,55.83,18.40,4400.00,29.90
LNK,2025-06-25 14:54,93.00,73.00,52.47,19.55,M,M
LNK,2025-06-25 15:54,93.00,73.00,52.47,23.00,M,32.20
LNK,2025-06-25 16:54,92.00,72.00,52.32,21.85,5500.00,34.50
LNK,2025-06-25 17:54,92.00,71.00,50.58,16.10,5500.00,32.20
LNK,2025-06-25 18:54,90.00,71.00,53.84,20.70,M,29.90
LNK,2025-06-25 19:54,80.00,69.00,69.23,18.40,6000.00,M
LNK,2025-06-25 20:07,79.00,69.00,71.54,14.95,6000.00,M
LNK,2025-06-25 20:54,78.00,69.00,73.93,10.35,6000.00,M
LNK,2025-06-25 21:54,75.00,70.00,84.49,6.90,2400.00,M
LNK,2025-06-25 22:54,75.00,69.00,81.65,8.05,3700.00,M
LNK,2025-06-25 23:54,74.00,69.00,84.43,8.05,4400.00,M
LNK,2025-06-26 00:54,73.00,69.00,87.31,4.60,4400.00,M
LNK,2025-06-26 01:54,73.00,69.00,87.31,5.75,3500.00,M
LNK,2025-06-26 02:54,72.00,69.00,90.30,4.60,6500.00,M
LNK,2025-06-26 03:54,72.00,69.00,90.30,8.05,3800.00,M
LNK,2025-06-26 04:13,71.00,69.00,93.41,9.20,800.00,M
LNK,2025-06-26 04:54,71.00,69.00,93.41,3.45,3200.00,M
LNK,2025-06-26 05:54,71.00,70.00,96.66,0.00,M,M
LNK,2025-06-26 06:01,72.00,70.00,93.44,0.00,9000.00,M
LNK,2025-06-26 06:19,72.00,69.00,90.30,3.45,6000.00,M
LNK,2025-06-26 06:54,72.00,70.00,93.44,3.45,4800.00,M
LNK,2025-06-26 07:54,74.00,72.00,93.49,6.90,M,M
LNK,2025-06-26 08:54,77.00,72.00,84.61,12.65,12000.00,M
LNK,2025-06-26 09:54,79.00,71.00,76.58,14.95,6500.00,M
LNK,2025-06-26 10:41,83.00,72.00,69.56,14.95,2500.00,M
LNK,2025-06-26 10:54,83.00,72.00,69.56,14.95,2600.00,M
LNK,2025-06-26 11:28,84.00,72.00,67.36,16.10,2700.00,M
LNK,2025-06-26 11:54,84.00,72.00,67.36,10.35,2800.00,M
LNK,2025-06-26 12:43,83.00,72.00,69.56,12.65,2800.00,M
LNK,2025-06-26 12:54,83.00,72.00,69.56,12.65,3000.00,M
LNK,2025-06-26 13:54,84.00,71.00,65.11,8.05,4200.00,M
LNK,2025-06-26 14:54,88.00,71.00,57.33,14.95,3400.00,M
LNK,2025-06-26 15:54,89.00,69.00,51.89,13.80,3900.00,M
LNK,2025-06-26 16:54,88.00,69.00,53.55,10.35,4200.00,M
LNK,2025-06-26 17:54,88.00,69.00,53.55,10.35,M,M
LNK,2025-06-26 18:54,87.00,68.00,53.41,5.75,4500.00,M
LNK,2025-06-26 19:54,85.00,71.00,63.06,4.60,4800.00,M
LNK,2025-06-26 20:54,81.00,71.00,71.74,8.05,4700.00,M
LNK,2025-06-26 21:54,78.00,69.00,73.93,10.35,M,M
LNK,2025-06-26 22:54,76.00,69.00,78.98,5.75,M,M
LNK,2025-06-26 23:54,74.00,68.00,81.58,3.45,M,M
LNK,2025-06-27 00:54,72.00,68.00,87.26,0.00,M,M
LNK,2025-06-27 01:54,68.00,66.00,93.33,3.45,M,M
LNK,2025-06-27 02:54,68.00,65.00,90.14,3.45,M,M
LNK,2025-06-27 03:54,68.00,64.00,87.05,3.45,M,M
LNK,2025-06-27 04:54,68.00,65.00,90.14,0.00,M,M
LNK,2025-06-27 05:54,67.00,64.00,90.10,3.45,M,M
LNK,2025-06-27 06:54,68.00,65.00,90.14,3.45,M,M
LNK,2025-06-27 07:54,72.00,65.00,78.66,0.00,M,M
LNK,2025-06-27 08:54,76.00,66.00,71.23,0.00,M,M
LNK,2025-06-27 09:54,79.00,67.00,66.78,6.90,M,M
LNK,2025-06-27 10:54,83.00,69.00,62.81,0.00,M,M
LNK,2025-06-27 11:54,M,M,M,4.60,M,M
LNK,2025-06-27 12:54,86.00,70.00,59.04,9.20,M,M
LNK,2025-06-27 13:54,88.00,70.00,55.41,10.35,M,M
LNK,2025-06-27 14:54,88.00,69.00,53.55,12.65,M,M
LNK,2025-06-27 15:54,90.00,70.00,52.04,13.80,M,M
LNK,2025-06-27 16:54,90.00,69.00,50.29,12.65,M,M
LNK,2025-06-27 17:54,90.00,70.00,52.04,13.80,M,M
LNK,2025-06-27 18:54,89.00,69.00,51.89,12.65,M,M
LNK,2025-06-27 19:54,88.00,70.00,55.41,14.95,M,M
LNK,2025-06-27 20:54,85.00,70.00,60.95,13.80,M,M
LNK,2025-06-27 21:54,83.00,71.00,67.24,12.65,M,M
LNK,2025-06-27 22:54,82.00,71.00,69.45,10.35,M,M
LNK,2025-06-27 23:54,79.00,72.00,79.22,10.35,M,M
LNK,2025-06-28 00:54,77.00,72.00,84.61,8.05,M,M
LNK,2025-06-28 01:54,75.00,72.00,90.42,10.35,M,M
LNK,2025-06-28 02:54,74.00,71.00,90.38,4.60,M,M
LNK,2025-06-28 03:54,73.00,70.00,90.34,6.90,M,M
LNK,2025-06-28 04:54,73.00,70.00,90.34,5.75,M,M
LNK,2025-06-28 05:54,71.00,69.00,93.41,3.45,M,M
LNK,2025-06-28 06:54,73.00,70.00,90.34,3.45,M,M
LNK,2025-06-28 07:54,75.00,71.00,87.41,11.50,M,M
LNK,2025-06-28 08:54,79.00,72.00,79.22,11.50,M,M
LNK,2025-06-28 09:54,82.00,72.00,71.84,9.20,M,M
LNK,2025-06-28 10:54,85.00,72.00,65.23,9.20,M,M
LNK,2025-06-28 11:54,88.00,71.00,57.33,12.65,M,M
LNK,2025-06-28 12:54,90.00,71.00,53.84,14.95,M,M
LNK,2025-06-28 13:54,92.00,70.00,48.89,19.55,M,M
LNK,2025-06-28 14:54,92.00,69.00,47.25,18.40,M,M
LNK,2025-06-28 15:54,92.00,69.00,47.25,16.10,M,M
LNK,2025-06-28 16:54,92.00,70.00,48.89,17.25,M,M
LNK,2025-06-28 17:54,91.00,69.00,48.74,18.40,5000.00,31.05
LNK,2025-06-28 18:54,89.00,70.00,53.70,18.40,M,29.90
LNK,2025-06-28 19:54,87.00,70.00,57.19,16.10,M,M
LNK,2025-06-28 20:54,84.00,71.00,65.11,11.50,M,M
LNK,2025-06-28 21:54,81.00,71.00,71.74,10.35,M,M
LNK,2025-06-28 22:54,80.00,72.00,76.67,10.35,M,M
LNK,2025-06-28 23:54,79.00,72.00,79.22,11.50,M,M
LNK,2025-06-29 00:54,77.00,72.00,84.61,11.50,M,M
LNK,2025-06-29 01:54,77.00,72.00,84.61,11.50,M,M
LNK,2025-06-29 02:54,77.00,73.00,87.51,9.20,M,M
LNK,2025-06-29 03:54,76.00,73.00,90.46,9.20,M,M
LNK,2025-06-29 04:54,76.00,73.00,90.46,6.90,8500.00,M
LNK,2025-06-29 05:54,75.00,70.00,84.49,36.80,1400.00,46.00
LNK,2025-06-29 06:00,76.00,71.00,84.55,17.25,1400.00,32.20
LNK,2025-06-29 06:07,74.00,65.00,73.54,24.15,1400.00,41.40
LNK,2025-06-29 06:31,69.00,65.00,87.10,27.60,2800.00,41.40
LNK,2025-06-29 06:54,69.00,66.00,90.18,17.25,4800.00,41.40
LNK,2025-06-29 07:26,68.00,65.00,90.14,19.55,1100.00,35.65
LNK,2025-06-29 07:41,67.00,65.00,93.30,23.00,3300.00,35.65
LNK,2025-06-29 07:48,66.20,64.40,93.93,21.85,2900.00,35.65
LNK,2025-06-29 07:54,67.00,65.00,93.30,24.15,3200.00,35.65
LNK,2025-06-29 08:03,67.00,65.00,93.30,12.65,3800.00,33.35
LNK,2025-06-29 08:11,67.00,65.00,93.30,18.40,3600.00,33.35
LNK,2025-06-29 08:40,68.00,65.00,90.14,10.35,9000.00,33.35
LNK,2025-06-29 08:54,68.00,65.00,90.14,12.65,9000.00,33.35
LNK,2025-06-29 09:54,68.00,64.00,87.05,9.20,M,M
LNK,2025-06-29 10:54,73.00,65.00,76.05,8.05,M,M
LNK,2025-06-29 11:54,75.00,64.00,68.68,6.90,11000.00,M
LNK,2025-06-29 12:54,79.00,66.00,64.51,4.60,11000.00,M
LNK,2025-06-29 13:54,79.00,66.00,64.51,6.90,M,M
LNK,2025-06-29 14:54,81.00,68.00,64.76,6.90,M,M
LNK,2025-06-29 15:54,84.00,68.00,58.77,6.90,M,M
LNK,2025-06-29 16:54,85.00,68.00,56.92,5.75,M,M
LNK,2025-06-29 17:54,85.00,68.00,56.92,10.35,M,M
LNK,2025-06-29 18:54,84.00,68.00,58.77,4.60,M,M
LNK,2025-06-29 19:54,82.00,68.00,62.69,6.90,M,M
LNK,2025-06-29 20:54,80.00,69.00,69.23,6.90,M,M
LNK,2025-06-29 21:54,77.00,69.00,76.41,5.75,M,M
LNK,2025-06-29 22:54,77.00,68.00,73.83,5.75,M,M
LNK,2025-06-29 23:54,76.00,69.00,78.98,0.00,M,M
LNK,2025-06-30 00:54,71.00,69.00,93.41,5.75,M,M
LNK,2025-06-30 01:54,69.00,68.00,96.63,3.45,M,M
LNK,2025-06-30 02:54,70.00,68.00,93.38,8.05,M,M
LNK,2025-06-30 03:54,71.00,68.00,90.26,4.60,10000.00,M
LNK,2025-06-30 04:54,71.00,69.00,93.41,0.00,M,M
LNK,2025-06-30 05:54,72.00,69.00,90.30,5.75,12000.00,M
LNK,2025-06-30 06:54,72.00,70.00,93.44,4.60,3200.00,M
LNK,2025-06-30 07:54,71.00,70.00,96.66,3.45,10000.00,M
LNK,2025-06-30 08:19,72.00,70.00,93.44,3.45,2500.00,M
LNK,2025-06-30 08:37,71.00,70.00,96.66,10.35,1100.00,M
LNK,2025-06-30 08:54,72.00,70.00,93.44,10.35,1000.00,M
LNK,2025-06-30 09:02,71.00,70.00,96.66,8.05,1000.00,M
LNK,2025-06-30 09:54,72.00,68.00,87.26,8.05,12000.00,M
LNK,2025-06-30 10:54,78.00,68.00,71.43,13.80,2600.00,M
LNK,2025-06-30 11:54,80.00,71.00,74.12,16.10,1800.00,M
LNK,2025-06-30 12:54,83.00,71.00,67.24,10.35,2100.00,M
LNK,2025-06-30 13:44,84.00,66.00,54.85,14.95,M,M
LNK,2025-06-30 13:54,85.00,69.00,58.91,16.10,M,M
LNK,2025-06-30 14:02,84.00,69.00,60.82,10.35,4000.00,M
LNK,2025-06-30 14:54,86.00,63.00,46.34,14.95,M,M
LNK,2025-06-30 15:54,86.00,59.00,40.22,14.95,M,M
LNK,2025-06-30 16:54,87.00,56.00,34.97,16.10,M,M
LNK,2025-06-30 17:54,85.00,56.00,37.27,11.50,M,M
LNK,2025-06-30 18:54,83.00,57.00,41.21,11.50,M,M
LNK,2025-06-30 19:54,79.00,61.00,54.14,8.05,M,M
LNK,2025-06-30 20:54,74.00,61.00,63.90,4.60,M,M
LNK,2025-06-30 21:54,73.00,61.00,66.08,0.00,M,M
LNK,2025-06-30 22:54,70.00,60.00,70.59,0.00,M,M
LNK,2025-06-30 23:54,69.00,62.00,78.41,0.00,M,M
LNK,2025-07-01 00:54,63.00,61.00,93.19,0.00,M,M
LNK,2025-07-01 01:54,63.00,59.00,86.79,3.45,M,M
LNK,2025-07-01 02:54,61.00,59.00,93.13,4.60,M,M
LNK,2025-07-01 03:54,60.00,59.00,96.50,4.60,M,M
LNK,2025-07-01 04:54,60.00,58.00,93.10,3.45,M,M
LNK,2025-07-01 05:54,60.00,58.00,93.10,0.00,M,M
LNK,2025-07-01 06:54,64.00,57.00,77.99,3.45,M,M
LNK,2025-07-01 07:54,67.00,58.00,72.85,4.60,M,M
LNK,2025-07-01 08:54,74.00,59.00,59.51,5.75,M,M
LNK,2025-07-01 09:54,78.00,59.00,52.11,6.90,M,M
LNK,2025-07-01 10:54,82.00,58.00,44.12,3.45,M,M
LNK,2025-07-01 11:54,83.00,58.00,42.72,4.60,M,M
LNK,2025-07-01 12:54,84.00,54.00,35.79,5.75,M,M
LNK,2025-07-01 13:54,85.00,52.00,32.20,3.45,M,M
LNK,2025-07-01 14:54,86.00,54.00,33.57,5.75,M,M
LNK,2025-07-01 15:54,87.00,55.00,33.73,10.35,M,M
LNK,2025-07-01 16:54,87.00,56.00,34.97,3.45,M,M
LNK,2025-07-01 17:54,86.00,55.00,34.82,5.75,M,M
LNK,2025-07-01 18:54,85.00,54.00,34.66,5.75,M,M
LNK,2025-07-01 19:54,84.00,55.00,37.11,8.05,M,M
LNK,2025-07-01 20:54,80.00,59.00,48.80,8.05,M,M
LNK,2025-07-01 21:54,73.00,60.00,63.78,5.75,M,M
LNK,2025-07-01 22:54,71.00,60.00,68.23,5.75,M,M
LNK,2025-07-01 23:54,69.00,61.00,75.69,5.75,M,M
LNK,2025-07-02 00:54,66.00,60.00,81.00,5.75,M,M
LNK,2025-07-02 01:54,66.00,60.00,81.00,5.75,M,M
LNK,2025-07-02 02:54,65.00,60.00,83.86,5.75,11000.00,M
LNK,2025-07-02 03:54,66.00,60.00,81.00,3.45,M,M
LNK,2025-07-02 04:54,68.00,60.00,75.59,11.50,11000.00,M
LNK,2025-07-02 05:54,67.00,62.00,83.99,5.75,7000.00,M
LNK,2025-07-02 06:24,69.00,62.00,78.41,5.75,6500.00,M
LNK,2025-07-02 06:27,69.00,63.00,81.22,14.95,2000.00,34.50
LNK,2025-07-02 06:35,71.00,65.00,81.37,12.65,1400.00,34.50
LNK,2025-07-02 06:38,68.00,64.00,87.05,3.45,1800.00,34.50
LNK,2025-07-02 06:43,67.00,64.00,90.10,4.60,1800.00,34.50
LNK,2025-07-02 06:54,67.00,63.00,87.00,8.05,3200.00,34.50
LNK,2025-07-02 07:17,67.00,65.00,93.30,5.75,4600.00,M
LNK,2025-07-02 07:21,66.00,65.00,96.59,5.75,3500.00,M
LNK,2025-07-02 07:33,67.00,64.00,90.10,9.20,2700.00,M
LNK,2025-07-02 07:54,67.00,64.00,90.10,10.35,2700.00,M
LNK,2025-07-02 08:13,68.00,65.00,90.14,6.90,3700.00,M
LNK,2025-07-02 08:23,69.00,64.00,84.12,10.35,8500.00,M
LNK,2025-07-02 08:51,71.60,64.40,78.08,5.75,8500.00,M
LNK,2025-07-02 08:54,72.00,64.00,75.96,5.75,8500.00,M
LNK,2025-07-02 09:54,75.00,65.00,71.12,11.50,9500.00,M
LNK,2025-07-02 10:54,78.00,67.00,69.01,10.35,9500.00,M
LNK,2025-07-02 11:54,84.00,68.00,58.77,9.20,M,M
LNK,2025-07-02 12:54,87.00,68.00,53.41,M,M,M
LNK,2025-07-02 13:54,89.00,68.00,50.14,10.35,M,M
LNK,2025-07-02 14:54,90.00,68.00,48.59,8.05,M,M
LNK,2025-07-02 15:54,93.00,68.00,44.27,11.50,M,M
LNK,2025-07-02 16:54,93.00,65.00,39.90,14.95,M,M
LNK,2025-07-02 17:54,93.00,64.00,38.53,12.65,M,M
LNK,2025-07-02 18:54,91.00,65.00,42.46,9.20,M,M
LNK,2025-07-02 19:54,88.00,65.00,46.65,9.20,M,M
LNK,2025-07-02 20:54,81.00,69.00,67.01,8.05,M,M
LNK,2025-07-02 21:54,78.00,68.00,71.43,6.90,M,M
LNK,2025-07-02 22:54,75.00,69.00,81.65,6.90,M,M
LNK,2025-07-02 23:54,74.00,68.00,81.58,6.90,M,M
LNK,2025-07-03 00:54,73.00,67.00,81.51,8.05,M,M
LNK,2025-07-03 01:54,70.00,66.00,87.16,6.90,M,M
LNK,2025-07-03 02:54,70.00,66.00,87.16,9.20,M,M
LNK,2025-07-03 03:54,74.00,67.00,78.82,8.05,M,M
LNK,2025-07-03 04:54,74.00,67.00,78.82,6.90,M,M
LNK,2025-07-03 05:54,71.00,67.00,87.21,4.60,M,M
LNK,2025-07-03 06:54,72.00,68.00,87.26,3.45,M,M
LNK,2025-07-03 07:54,75.00,69.00,81.65,5.75,M,M
LNK,2025-07-03 08:54,80.00,69.00,69.23,9.20,M,M
LNK,2025-07-03 09:54,83.00,69.00,62.81,10.35,M,M
LNK,2025-07-03 10:54,86.00,71.00,61.08,10.35,M,M
LNK,2025-07-03 11:54,88.00,72.00,59.30,9.20,M,M
LNK,2025-07-03 12:54,90.00,70.00,52.04,14.95,M,M
LNK,2025-07-03 13:54,90.00,70.00,52.04,16.10,4800.00,M
LNK,2025-07-03 14:54,91.00,70.00,50.44,14.95,M,M
LNK,2025-07-03 15:54,91.00,69.00,48.74,18.40,5500.00,29.90
LNK,2025-07-03 16:54,92.00,69.00,47.25,20.70,5500.00,29.90
LNK,2025-07-03 17:54,91.00,68.00,47.10,18.40,M,31.05
LNK,2025-07-03 18:54,90.00,67.00,46.95,16.10,M,M
LNK,2025-07-03 19:54,88.00,67.00,50.00,11.50,M,M
LNK,2025-07-03 20:54,84.00,68.00,58.77,10.35,M,M
LNK,2025-07-03 21:54,82.00,68.00,62.69,9.20,M,M
LNK,2025-07-03 22:54,81.00,69.00,67.01,12.65,M,M
LNK,2025-07-03 23:54,78.00,70.00,76.49,9.20,M,M
LNK,2025-07-04 00:54,77.00,70.00,79.06,10.35,M,M
LNK,2025-07-04 01:54,76.00,70.00,81.72,10.35,M,M
LNK,2025-07-04 02:54,76.00,69.00,78.98,13.80,M,M
LNK,2025-07-04 03:54,73.00,69.00,87.31,9.20,M,M
LNK,2025-07-04 04:54,72.00,68.00,87.26,8.05,M,M
LNK,2025-07-04 05:54,71.00,68.00,90.26,8.05,M,M
LNK,2025-07-04 06:54,72.00,68.00,87.26,10.35,M,M
LNK,2025-07-04 07:54,75.00,68.00,78.90,13.80,M,M
LNK,2025-07-04 08:54,78.00,69.00,73.93,16.10,M,M
LNK,2025-07-04 09:54,81.00,69.00,67.01,16.10,M,M
LNK,2025-07-04 10:54,83.00,70.00,65.00,17.25,M,M
LNK,2025-07-04 11:54,85.00,69.00,58.91,14.95,3800.00,M
LNK,2025-07-04 12:54,87.00,68.00,53.41,21.85,4500.00,33.35
LNK,2025-07-04 13:54,87.00,67.00,51.60,20.70,5000.00,34.50
LNK,2025-07-04 14:54,88.00,68.00,51.75,21.85,4900.00,32.20
LNK,2025-07-04 15:54,87.00,68.00,53.41,20.70,4900.00,33.35
LNK,2025-07-04 16:54,87.00,67.00,51.60,19.55,6000.00,32.20
LNK,2025-07-04 17:54,87.00,67.00,51.60,17.25,6000.00,29.90
LNK,2025-07-04 18:54,86.00,68.00,55.13,16.10,7000.00,M
LNK,2025-07-04 19:54,83.00,70.00,65.00,14.95,5000.00,M
LNK,2025-07-04 20:28,82.00,72.00,71.84,8.05,4300.00,M
LNK,2025-07-04 20:43,81.00,72.00,74.21,6.90,4300.00,M
LNK,2025-07-04 20:54,82.00,71.00,69.45,10.35,5000.00,M
LNK,2025-07-04 21:54,81.00,71.00,71.74,11.50,M,M
LNK,2025-07-04 22:54,79.00,70.00,74.02,8.05,M,M
LNK,2025-07-04 23:54,79.00,70.00,74.02,11.50,M,M
LNK,2025-07-05 00:54,78.00,71.00,79.14,8.05,11000.00,M
LNK,2025-07-05 01:54,79.00,71.00,76.58,9.20,8000.00,M
LNK,2025-07-05 02:54,77.00,71.00,81.79,11.50,9000.00,M
LNK,2025-07-05 03:54,77.00,71.00,81.79,9.20,6000.00,M
LNK,2025-07-05 04:54,77.00,72.00,84.61,10.35,4100.00,M
LNK,2025-07-05 05:28,75.00,73.00,93.52,11.50,1700.00,M
LNK,2025-07-05 05:36,75.00,73.00,93.52,12.65,1500.00,M
LNK,2025-07-05 05:40,75.00,73.00,93.52,11.50,1500.00,M
LNK,2025-07-05 05:48,73.40,73.40,100.00,14.95,1400.00,M
LNK,2025-07-05 05:54,74.00,73.00,96.70,17.25,1200.00,M
LNK,2025-07-05 06:03,74.00,72.00,93.49,17.25,2400.00,M
LNK,2025-07-05 06:43,74.00,72.00,93.49,13.80,10000.00,M
LNK,2025-07-05 06:54,74.00,72.00,93.49,6.90,10000.00,M
LNK,2025-07-05 07:54,72.00,70.00,93.44,4.60,1700.00,M
LNK,2025-07-05 07:57,72.00,70.00,93.44,5.75,1700.00,M
LNK,2025-07-05 08:05,72.00,70.00,93.44,5.75,1300.00,M
LNK,2025-07-05 08:51,75.20,71.60,88.61,9.20,1200.00,M
LNK,2025-07-05 08:54,75.00,72.00,90.42,10.35,1200.00,M
LNK,2025-07-05 09:01,75.00,72.00,90.42,11.50,1000.00,M
LNK,2025-07-05 09:54,79.00,73.00,81.93,10.35,1200.00,M
LNK,2025-07-05 10:07,79.00,73.00,81.93,14.95,1300.00,M
LNK,2025-07-05 10:18,80.00,73.00,79.30,12.65,1600.00,M
LNK,2025-07-05 10:54,82.00,72.00,71.84,10.35,1800.00,M
LNK,2025-07-05 11:04,82.00,72.00,71.84,11.50,1800.00,M
LNK,2025-07-05 11:12,82.00,71.00,69.45,10.35,2200.00,M
LNK,2025-07-05 11:32,83.00,72.00,69.56,10.35,2200.00,M
LNK,2025-07-05 11:54,84.00,71.00,65.11,5.75,2400.00,M
LNK,2025-07-05 12:54,85.00,70.00,60.95,10.35,3000.00,M
LNK,2025-07-05 13:54,88.00,70.00,55.41,12.65,3700.00,M
LNK,2025-07-05 14:54,89.00,70.00,53.70,13.80,M,M
LNK,2025-07-05 15:54,91.00,71.00,52.18,13.80,M,M
LNK,2025-07-05 16:54,91.00,71.00,52.18,12.65,4200.00,M
LNK,2025-07-05 17:54,91.00,72.00,53.98,12.65,4700.00,M
LNK,2025-07-05 18:54,85.00,72.00,65.23,6.90,M,M
LNK,2025-07-05 19:54,84.00,72.00,67.36,4.60,M,M
LNK,2025-07-05 20:54,81.00,73.00,76.76,11.50,M,M
LNK,2025-07-05 21:54,76.00,72.00,87.46,5.75,M,M
LNK,2025-07-05 22:54,76.00,70.00,81.72,6.90,M,M
LNK,2025-07-05 23:54,77.00,70.00,79.06,5.75,M,M
LNK,2025-07-06 00:54,75.00,70.00,84.49,6.90,M,M
LNK,2025-07-06 01:54,74.00,70.00,87.36,4.60,M,M
LNK,2025-07-06 02:54,71.00,69.00,93.41,5.75,M,M
LNK,2025-07-06 03:54,70.00,69.00,96.64,8.05,M,M
LNK,2025-07-06 04:54,72.00,69.00,90.30,9.20,M,M
LNK,2025-07-06 05:54,68.00,67.00,96.61,0.00,M,M
LNK,2025-07-06 06:54,71.00,68.00,90.26,9.20,M,M
LNK,2025-07-06 07:54,73.00,70.00,90.34,9.20,M,M
LNK,2025-07-06 08:54,75.00,70.00,84.49,10.35,900.00,M
LNK,2025-07-06 09:54,78.00,71.00,79.14,0.00,1200.00,M
LNK,2025-07-06 10:54,81.00,71.00,71.74,6.90,M,M
LNK,2025-07-06 11:54,82.00,70.00,67.13,4.60,2600.00,M
LNK,2025-07-06 12:54,85.00,70.00,60.95,13.80,3200.00,M
LNK,2025-07-06 13:54,86.00,69.00,57.06,10.35,4000.00,M
LNK,2025-07-06 14:54,84.00,68.00,58.77,10.35,4000.00,M
LNK,2025-07-06 15:54,87.00,70.00,57.19,11.50,3800.00,M
LNK,2025-07-06 16:52,78.80,66.20,65.39,20.70,4100.00,33.35
LNK,2025-07-06 16:54,77.00,69.00,76.41,21.85,4100.00,33.35
LNK,2025-07-06 16:57,75.00,70.00,84.49,18.40,4100.00,M
LNK,2025-07-06 17:05,77.00,72.00,84.61,8.05,2800.00,M
LNK,2025-07-06 17:26,80.00,71.00,74.12,0.00,2700.00,M
LNK,2025-07-06 17:54,82.00,71.00,69.45,0.00,M,M
LNK,2025-07-06 18:54,84.00,68.00,58.77,0.00,M,M
LNK,2025-07-06 19:54,83.00,70.00,65.00,9.20,M,M
LNK,2025-07-06 20:54,78.00,70.00,76.49,6.90,3900.00,M
LNK,2025-07-06 21:54,74.00,69.00,84.43,6.90,M,M
LNK,2025-07-06 22:54,74.00,68.00,81.58,5.75,M,M
LNK,2025-07-06 23:54,73.00,68.00,84.37,4.60,M,M
LNK,2025-07-07 00:54,72.00,68.00,87.26,3.45,M,M
LNK,2025-07-07 01:54,70.00,67.00,90.22,3.45,M,M
LNK,2025-07-07 02:54,68.00,67.00,96.61,4.60,11000.00,M
LNK,2025-07-07 03:54,68.00,67.00,96.61,0.00,M,M
LNK,2025-07-07 04:54,68.00,66.00,93.33,4.60,M,M
LNK,2025-07-07 05:54,67.00,66.00,96.60,5.75,M,M
LNK,2025-07-07 06:54,69.00,66.00,90.18,3.45,M,M
LNK,2025-07-07 07:54,73.00,68.00,84.37,0.00,M,M
LNK,2025-07-07 08:54,77.00,68.00,73.83,0.00,M,M
LNK,2025-07-07 09:54,80.00,69.00,69.23,3.45,M,M
LNK,2025-07-07 10:54,83.00,70.00,65.00,3.45,M,M
LNK,2025-07-07 11:54,86.00,70.00,59.04,5.75,M,M
LNK,2025-07-07 12:54,86.00,71.00,61.08,0.00,M,M
LNK,2025-07-07 13:54,86.00,69.00,57.06,8.05,4100.00,M
LNK,2025-07-07 14:54,89.00,69.00,51.89,8.05,4900.00,M
LNK,2025-07-07 15:54,90.00,69.00,50.29,6.90,M,M
LNK,2025-07-07 16:54,87.00,68.00,53.41,6.90,M,M
LNK,2025-07-07 17:54,89.00,69.00,51.89,16.10,4800.00,M
LNK,2025-07-07 18:54,87.00,69.00,55.27,9.20,M,M
LNK,2025-07-07 19:54,86.00,70.00,59.04,6.90,M,M
LNK,2025-07-07 20:54,82.00,70.00,67.13,3.45,M,M
LNK,2025-07-07 21:54,82.00,70.00,67.13,4.60,M,M
LNK,2025-07-07 22:54,72.00,62.00,70.81,28.75,2500.00,42.55
LNK,2025-07-07 23:03,70.00,60.00,70.59,29.90,2400.00,47.15
LNK,2025-07-07 23:54,69.00,63.00,81.22,25.30,4300.00,47.15
LNK,2025-07-08 00:18,69.00,63.00,81.22,16.10,5000.00,33.35
LNK,2025-07-08 00:28,68.00,63.00,84.05,21.85,1500.00,33.35
LNK,2025-07-08 00:50,66.20,62.60,88.19,11.50,1700.00,33.35
LNK,2025-07-08 00:54,66.00,64.00,93.27,14.95,1700.00,33.35
LNK,2025-07-08 01:01,66.00,64.00,93.27,8.05,4200.00,M
LNK,2025-07-08 01:16,66.00,64.00,93.27,12.65,4200.00,M
LNK,2025-07-08 01:34,66.00,64.00,93.27,9.20,3600.00,M
LNK,2025-07-08 01:44,66.00,65.00,96.59,9.20,3900.00,M
LNK,2025-07-08 01:54,66.00,64.00,93.27,9.20,4500.00,M
LNK,2025-07-08 02:17,66.00,64.00,93.27,9.20,7500.00,M
LNK,2025-07-08 02:29,66.00,64.00,93.27,5.75,7500.00,M
LNK,2025-07-08 02:54,66.00,64.00,93.27,12.65,11000.00,M
LNK,2025-07-08 03:20,66.00,65.00,96.59,14.95,12000.00,M
LNK,2025-07-08 03:35,66.00,64.00,93.27,9.20,5500.00,M
LNK,2025-07-08 03:54,66.00,64.00,93.27,5.75,9000.00,M
LNK,2025-07-08 04:54,66.00,64.00,93.27,6.90,M,M
LNK,2025-07-08 05:54,65.00,63.00,93.24,0.00,12000.00,M
LNK,2025-07-08 06:54,66.00,63.00,90.06,0.00,M,M
LNK,2025-07-08 07:54,67.00,64.00,90.10,5.75,M,M
LNK,2025-07-08 08:54,68.00,65.00,90.14,4.60,M,M
LNK,2025-07-08 09:19,70.00,66.00,87.16,5.75,700.00,M
LNK,2025-07-08 09:54,72.00,66.00,81.44,8.05,900.00,M
LNK,2025-07-08 10:54,76.00,67.00,73.73,4.60,M,M
LNK,2025-07-08 11:54,80.00,68.00,66.90,4.60,M,M
LNK,2025-07-08 12:54,83.00,67.00,58.64,0.00,M,M
LNK,2025-07-08 13:54,85.00,64.00,49.55,0.00,M,M
LNK,2025-07-08 14:54,87.00,63.00,44.89,0.00,M,M
LNK,2025-07-08 15:54,88.00,63.00,43.50,M,M,M
LNK,2025-07-08 16:54,88.00,67.00,50.00,6.90,M,M
LNK,2025-07-08 17:54,88.00,66.00,48.30,8.05,M,M
LNK,2025-07-08 18:54,87.00,66.00,49.85,0.00,M,M
LNK,2025-07-08 19:54,85.00,67.00,54.99,3.45,M,M
LNK,2025-07-08 20:54,81.00,67.00,62.56,8.05,M,M
LNK,2025-07-08 21:54,79.00,69.00,71.54,6.90,M,M
LNK,2025-07-08 22:54,76.00,69.00,78.98,5.75,M,M
LNK,2025-07-08 23:54,74.00,68.00,81.58,5.75,M,M
LNK,2025-07-09 00:54,72.00,68.00,87.26,4.60,M,M
LNK,2025-07-09 01:54,71.00,68.00,90.26,4.60,M,M
LNK,2025-07-09 02:54,71.00,68.00,90.26,0.00,M,M
LNK,2025-07-09 03:54,70.00,67.00,90.22,3.45,M,M
LNK,2025-07-09 04:54,69.00,67.00,93.36,0.00,M,M
LNK,2025-07-09 05:54,68.00,66.00,93.33,0.00,M,M
LNK,2025-07-09 06:54,69.00,66.00,90.18,0.00,M,M
LNK,2025-07-09 07:54,72.00,69.00,90.30,4.60,M,M
LNK,2025-07-09 08:54,77.00,70.00,79.06,6.90,M,M
LNK,2025-07-09 09:54,81.00,70.00,69.34,8.05,M,M
LNK,2025-07-09 10:54,83.00,70.00,65.00,10.35,M,M
LNK,2025-07-09 11:54,85.00,72.00,65.23,10.35,M,M
LNK,2025-07-09 12:54,86.00,73.00,65.35,8.05,M,M
LNK,2025-07-09 13:54,90.00,73.00,57.60,12.65,M,M
LNK,2025-07-09 14:54,90.00,73.00,57.60,18.40,M,31.05
LNK,2025-07-09 15:54,91.00,73.00,55.83,14.95,M,M
LNK,2025-07-09 16:54,90.00,73.00,57.60,17.25,M,M
LNK,2025-07-09 17:54,91.00,72.00,53.98,16.10,M,M
LNK,2025-07-09 18:54,90.00,73.00,57.60,13.80,M,M
LNK,2025-07-09 19:54,88.00,71.00,57.33,11.50,M,M
LNK,2025-07-09 20:54,85.00,73.00,67.47,9.20,M,M
LNK,2025-07-09 21:54,83.00,73.00,71.94,10.35,M,M
LNK,2025-07-09 22:54,82.00,72.00,71.84,10.35,M,M
LNK,2025-07-09 23:54,80.00,71.00,74.12,10.35,M,M
LNK,2025-07-10 00:54,78.00,70.00,76.49,6.90,M,M
LNK,2025-07-10 01:52,80.60,69.80,69.77,14.95,5500.00,M
LNK,2025-07-10 01:54,81.00,69.00,67.01,16.10,5000.00,M
LNK,2025-07-10 02:08,81.00,65.00,58.37,20.70,5000.00,31.05
LNK,2025-07-10 02:23,79.00,64.00,60.17,14.95,5000.00,31.05
LNK,2025-07-10 02:42,73.00,65.00,76.05,31.05,6000.00,43.70
LNK,2025-07-10 02:52,73.40,66.20,78.23,48.30,5000.00,64.40
LNK,2025-07-10 02:54,72.00,66.00,81.44,47.15,4800.00,64.40
LNK,2025-07-10 03:06,76.00,64.00,66.43,13.80,4200.00,63.25
LNK,2025-07-10 03:16,75.00,65.00,71.12,31.05,3800.00,63.25
LNK,2025-07-10 03:24,74.00,64.00,71.02,13.80,1600.00,63.25
LNK,2025-07-10 03:54,74.00,62.00,66.20,20.70,M,63.25
LNK,2025-07-10 04:54,72.00,63.00,73.34,4.60,M,31.05
LNK,2025-07-10 05:54,71.00,63.00,75.87,3.45,M,M
LNK,2025-07-10 06:54,74.00,63.00,68.57,20.70,M,29.90
LNK,2025-07-10 07:54,86.00,53.00,32.36,29.90,10000.00,51.75
LNK,2025-07-10 08:54,84.00,58.00,41.36,16.10,M,56.35
LNK,2025-07-10 09:54,83.00,61.00,47.54,16.10,M,36.80
LNK,2025-07-10 10:07,84.00,61.00,46.04,12.65,10000.00,M
LNK,2025-07-10 10:54,85.00,62.00,46.19,10.35,M,M
LNK,2025-07-10 11:54,86.00,66.00,51.46,5.75,M,M
LNK,2025-07-10 12:54,84.00,67.00,56.78,11.50,M,M
LNK,2025-07-10 13:54,83.00,70.00,65.00,12.65,M,M
LNK,2025-07-10 14:54,90.00,66.00,45.35,11.50,M,M
LNK,2025-07-10 15:54,91.00,69.00,48.74,12.65,M,M
LNK,2025-07-10 16:54,89.00,71.00,55.55,13.80,M,M
LNK,2025-07-10 17:54,88.00,74.00,63.43,13.80,M,M
LNK,2025-07-10 18:54,87.00,77.00,72.34,10.35,M,M
LNK,2025-07-10 19:54,86.00,76.00,72.24,8.05,M,M
LNK,2025-07-10 20:54,87.00,73.00,63.31,4.60,M,M
LNK,2025-07-10 21:04,87.00,75.00,67.69,8.05,7500.00,M
LNK,2025-07-10 21:19,84.00,76.00,77.01,4.60,3100.00,M
LNK,2025-07-10 21:51,82.40,77.00,83.82,9.20,7000.00,M
LNK,2025-07-10 21:54,82.00,77.00,84.91,9.20,6500.00,M
LNK,2025-07-10 22:54,82.00,74.00,76.84,3.45,12000.00,M
LNK,2025-07-10 23:54,79.00,75.00,87.61,9.20,11000.00,M
LNK,2025-07-11 00:54,72.00,70.00,93.44,8.05,6000.00,M
LNK,2025-07-11 01:54,71.00,69.00,93.41,12.65,M,M
LNK,2025-07-11 02:54,74.00,66.00,76.14,0.00,11000.00,M
LNK,2025-07-11 03:54,69.00,68.00,96.63,10.35,M,M
LNK,2025-07-11 04:54,69.00,67.00,93.36,12.65,600.00,M
LNK,2025-07-11 05:05,69.00,67.00,93.36,16.10,600.00,M
LNK,2025-07-11 05:39,68.00,66.00,93.33,8.05,800.00,M
LNK,2025-07-11 05:49,68.00,66.20,93.98,10.35,800.00,M
LNK,2025-07-11 05:54,68.00,66.00,93.33,11.50,700.00,M
LNK,2025-07-11 06:54,68.00,66.00,93.33,6.90,700.00,M
LNK,2025-07-11 07:54,69.00,67.00,93.36,6.90,600.00,M
LNK,2025-07-11 08:54,71.00,67.00,87.21,8.05,700.00,M
LNK,2025-07-11 09:34,74.00,68.00,81.58,4.60,1000.00,M
LNK,2025-07-11 09:54,74.00,68.00,81.58,10.35,1000.00,M
LNK,2025-07-11 10:54,72.00,67.00,84.30,16.10,1400.00,M
LNK,2025-07-11 11:54,77.00,68.00,73.83,12.65,2100.00,M
LNK,2025-07-11 12:54,77.00,69.00,76.41,14.95,2200.00,M
LNK,2025-07-11 13:51,73.40,68.00,83.24,13.80,1600.00,M
LNK,2025-07-11 13:54,74.00,68.00,81.58,11.50,1600.00,M
LNK,2025-07-11 14:54,75.00,68.00,78.90,20.70,1800.00,M
LNK,2025-07-11 15:29,76.00,68.00,76.32,11.50,2200.00,M
LNK,2025-07-11 15:54,75.00,69.00,81.65,11.50,2000.00,M
LNK,2025-07-11 16:12,80.00,70.00,71.64,13.80,1900.00,M
LNK,2025-07-11 16:54,81.00,68.00,64.76,18.40,2500.00,M
LNK,2025-07-11 17:54,81.00,65.00,58.37,16.10,M,M
LNK,2025-07-11 18:54,81.00,67.00,62.56,10.35,M,M
LNK,2025-07-11 19:54,80.00,69.00,69.23,6.90,M,M
LNK,2025-07-11 20:54,79.00,69.00,71.54,5.75,M,M
LNK,2025-07-11 21:54,77.00,68.00,73.83,8.05,M,M
LNK,2025-07-11 22:54,76.00,67.00,73.73,11.50,M,M
LNK,2025-07-11 23:54,74.00,65.00,73.54,13.80,7000.00,M
LNK,2025-07-12 00:54,72.00,64.00,75.96,12.65,6000.00,M
LNK,2025-07-12 01:54,72.00,63.00,73.34,11.50,M,M
LNK,2025-07-12 02:54,71.00,63.00,75.87,9.20,3000.00,M
LNK,2025-07-12 03:54,69.00,62.00,78.41,11.50,3300.00,M
LNK,2025-07-12 04:54,69.00,62.00,78.41,14.95,3200.00,M
LNK,2025-07-12 05:54,68.00,61.00,78.33,9.20,3900.00,M
LNK,2025-07-12 06:54,67.00,61.00,81.07,9.20,M,M
LNK,2025-07-12 07:54,68.00,60.00,75.59,11.50,M,M
LNK,2025-07-12 08:54,70.00,59.00,68.12,10.35,M,M
LNK,2025-07-12 09:54,74.00,58.00,57.42,13.80,M,M
LNK,2025-07-12 10:54,76.00,59.00,55.67,10.35,M,M
LNK,2025-07-12 11:54,77.00,56.00,48.35,11.50,M,M
LNK,2025-07-12 12:54,78.00,57.00,48.50,12.65,M,M
LNK,2025-07-12 13:54,78.00,55.00,45.11,9.20,M,M
LNK,2025-07-12 14:54,77.00,57.00,50.12,11.50,M,M
LNK,2025-07-12 15:54,78.00,56.00,46.78,6.90,M,M
LNK,2025-07-12 16:54,77.00,56.00,48.35,0.00,M,M
LNK,2025-07-12 17:54,78.00,57.00,48.50,4.60,M,M
LNK,2025-07-12 18:54,77.00,57.00,50.12,3.45,M,M
LNK,2025-07-12 19:54,77.00,56.00,48.35,4.60,M,M
LNK,2025-07-12 20:54,70.00,61.00,73.15,5.75,M,M
LNK,2025-07-12 21:54,70.00,58.00,65.72,0.00,5000.00,M
LNK,2025-07-12 22:54,68.00,60.00,75.59,0.00,4700.00,M
LNK,2025-07-12 23:54,64.00,59.00,83.80,0.00,4800.00,M
LNK,2025-07-13 00:54,62.00,59.00,89.89,0.00,4100.00,M
LNK,2025-07-13 01:54,63.00,60.00,89.94,3.45,4100.00,M
LNK,2025-07-13 02:54,59.00,57.00,93.07,0.00,M,M
LNK,2025-07-13 03:54,60.00,57.00,89.81,0.00,M,M
LNK,2025-07-13 04:54,57.00,55.00,93.01,0.00,M,M
LNK,2025-07-13 05:54,55.00,54.00,96.42,0.00,M,M
LNK,2025-07-13 06:54,57.00,55.00,93.01,0.00,M,M
LNK,2025-07-13 07:54,62.00,59.00,89.89,0.00,M,M
LNK,2025-07-13 08:54,68.00,62.00,81.15,0.00,M,M
LNK,2025-07-13 09:54,75.00,63.00,66.32,6.90,M,M
LNK,2025-07-13 10:54,78.00,61.00,55.95,9.20,M,M
LNK,2025-07-13 11:54,80.00,59.00,48.80,3.45,M,M
LNK,2025-07-13 12:54,83.00,60.00,45.88,4.60,M,M
LNK,2025-07-13 13:54,85.00,60.00,43.03,3.45,M,M
LNK,2025-07-13 14:54,86.00,61.00,43.19,5.75,M,M
LNK,2025-07-13 15:54,86.00,62.00,44.74,M,M,M
LNK,2025-07-13 16:54,86.00,63.00,46.34,4.60,M,M
LNK,2025-07-13 17:54,86.00,63.00,46.34,4.60,M,M
LNK,2025-07-13 18:54,86.00,64.00,47.99,6.90,M,M
LNK,2025-07-13 19:54,84.00,65.00,52.98,5.75,M,M
LNK,2025-07-13 20:54,78.00,66.00,66.67,5.75,M,M
LNK,2025-07-13 21:54,75.00,66.00,73.64,3.45,M,M
LNK,2025-07-13 22:54,73.00,65.00,76.05,6.90,M,M
LNK,2025-07-13 23:54,71.00,65.00,81.37,8.05,M,M
LNK,2025-07-14 00:54,70.00,64.00,81.29,8.05,M,M
LNK,2025-07-14 01:54,70.00,64.00,81.29,6.90,11000.00,M
LNK,2025-07-14 02:54,68.00,63.00,84.05,4.60,11000.00,M
LNK,2025-07-14 03:54,68.00,63.00,84.05,4.60,M,M
LNK,2025-07-14 04:54,69.00,63.00,81.22,0.00,M,M
LNK,2025-07-14 05:54,68.00,63.00,84.05,3.45,M,M
LNK,2025-07-14 06:54,67.00,63.00,87.00,4.60,M,M
LNK,2025-07-14 07:54,71.00,64.00,78.57,5.75,M,M
LNK,2025-07-14 08:54,76.00,66.00,71.23,8.05,M,M
LNK,2025-07-14 09:54,81.00,67.00,62.56,4.60,M,M
LNK,2025-07-14 10:54,87.00,68.00,53.41,9.20,M,M
LNK,2025-07-14 11:54,89.00,66.00,46.80,12.65,M,M
LNK,2025-07-14 12:54,90.00,69.00,50.29,9.20,M,M
LNK,2025-07-14 13:54,92.00,68.00,45.66,12.65,M,M
LNK,2025-07-14 14:54,92.00,67.00,44.11,16.10,M,M
LNK,2025-07-14 15:54,93.00,65.00,39.90,12.65,M,M
LNK,2025-07-14 16:54,93.00,65.00,39.90,17.25,M,M
LNK,2025-07-14 17:54,92.00,64.00,39.75,14.95,M,M
LNK,2025-07-14 18:54,90.00,65.00,43.80,14.95,M,M
LNK,2025-07-14 19:54,88.00,68.00,51.75,16.10,M,M
LNK,2025-07-14 20:54,84.00,66.00,54.85,13.80,M,M
LNK,2025-07-14 21:54,80.00,67.00,64.63,8.05,M,M
LNK,2025-07-14 22:54,75.00,67.00,76.23,8.05,M,M
LNK,2025-07-14 23:54,73.00,67.00,81.51,8.05,M,M
LNK,2025-07-15 00:54,74.00,66.00,76.14,11.50,M,M
LNK,2025-07-15 01:54,72.00,65.00,78.66,9.20,M,M
LNK,2025-07-15 02:54,70.00,65.00,84.18,5.75,M,M
LNK,2025-07-15 03:54,69.00,64.00,84.12,5.75,M,M
LNK,2025-07-15 04:54,68.00,64.00,87.05,8.05,M,M
LNK,2025-07-15 05:54,68.00,63.00,84.05,4.60,M,M
LNK,2025-07-15 06:54,68.00,63.00,84.05,3.45,M,M
LNK,2025-07-15 07:54,73.00,64.00,73.44,3.45,M,M
LNK,2025-07-15 08:54,78.00,66.00,66.67,10.35,M,M
LNK,2025-07-15 09:54,83.00,69.00,62.81,9.20,M,M
LNK,2025-07-15 10:54,87.00,69.00,55.27,12.65,M,M
LNK,2025-07-15 11:54,88.00,67.00,50.00,17.25,M,M
LNK,2025-07-15 12:54,90.00,65.00,43.80,18.40,5000.00,M
LNK,2025-07-15 13:54,91.00,65.00,42.46,11.50,M,M
LNK,2025-07-15 14:54,92.00,65.00,41.16,10.35,M,M
LNK,2025-07-15 15:54,93.00,66.00,41.31,9.20,M,M
LNK,2025-07-15 16:54,93.00,67.00,42.77,9.20,M,M
LNK,2025-07-15 17:54,93.00,68.00,44.27,11.50,M,M
LNK,2025-07-15 18:54,91.00,68.00,47.10,16.10,M,M
LNK,2025-07-15 19:54,88.00,69.00,53.55,14.95,M,M
LNK,2025-07-15 20:54,85.00,70.00,60.95,13.80,M,M
LNK,2025-07-15 21:54,84.00,70.00,62.94,13.80,M,M
LNK,2025-07-15 22:54,83.00,71.00,67.24,13.80,M,M
LNK,2025-07-15 23:52,71.60,64.40,78.08,44.85,3700.00,64.40
LNK,2025-07-15 23:54,70.00,65.00,84.18,40.25,3500.00,64.40
LNK,2025-07-15 23:59,68.00,65.00,90.14,33.35,3500.00,50.60
LNK,2025-07-16 00:03,68.00,65.00,90.14,26.45,3500.00,50.60
LNK,2025-07-16 00:13,68.00,66.00,93.33,24.15,4300.00,50.60
LNK,2025-07-16 00:33,67.00,65.00,93.30,20.70,900.00,50.60
LNK,2025-07-16 00:41,67.00,65.00,93.30,17.25,3700.00,50.60
LNK,2025-07-16 00:54,66.00,64.00,93.27,5.75,4400.00,50.60
LNK,2025-07-16 00:59,67.00,65.00,93.30,3.45,4900.00,M
LNK,2025-07-16 01:09,66.00,64.00,93.27,5.75,4900.00,M
LNK,2025-07-16 01:13,66.00,64.00,93.27,3.45,4900.00,M
LNK,2025-07-16 01:16,66.00,65.00,96.59,3.45,4900.00,M
LNK,2025-07-16 01:35,66.00,65.00,96.59,0.00,6000.00,M
LNK,2025-07-16 01:41,66.00,65.00,96.59,0.00,6000.00,M
LNK,2025-07-16 01:49,66.20,64.40,93.93,3.45,5500.00,M
LNK,2025-07-16 01:54,66.00,65.00,96.59,0.00,5500.00,M
LNK,2025-07-16 02:06,66.00,65.00,96.59,6.90,5500.00,M
LNK,2025-07-16 02:30,66.00,64.00,93.27,10.35,2900.00,M
LNK,2025-07-16 02:45,66.00,65.00,96.59,11.50,6500.00,M
LNK,2025-07-16 02:54,66.00,65.00,96.59,9.20,9500.00,M
LNK,2025-07-16 03:09,66.00,65.00,96.59,13.80,8500.00,M
LNK,2025-07-16 03:37,66.00,65.00,96.59,9.20,11000.00,M
LNK,2025-07-16 03:52,66.20,64.40,93.93,6.90,11000.00,M
LNK,2025-07-16 03:54,67.00,65.00,93.30,10.35,11000.00,M
LNK,2025-07-16 04:10,67.00,65.00,93.30,3.45,6500.00,M
LNK,2025-07-16 04:25,67.00,65.00,93.30,4.60,10000.00,M
LNK,2025-07-16 04:54,67.00,65.00,93.30,0.00,8000.00,M
LNK,2025-07-16 05:20,66.00,65.00,96.59,4.60,600.00,M
LNK,2025-07-16 05:54,66.00,65.00,96.59,9.20,M,M
LNK,2025-07-16 06:54,67.00,65.00,93.30,5.75,6500.00,M
LNK,2025-07-16 07:54,67.00,65.00,93.30,10.35,M,M
LNK,2025-07-16 08:54,70.00,65.00,84.18,9.20,4900.00,M
LNK,2025-07-16 09:54,73.00,66.00,78.74,8.05,7000.00,M
LNK,2025-07-16 10:54,74.00,65.00,73.54,8.05,1800.00,M
LNK,2025-07-16 11:33,75.00,66.00,73.64,8.05,2300.00,M
LNK,2025-07-16 11:54,75.00,66.00,73.64,6.90,2400.00,M
LNK,2025-07-16 12:11,76.00,66.00,71.23,4.60,2400.00,M
LNK,2025-07-16 12:54,78.00,66.00,66.67,5.75,2300.00,M
LNK,2025-07-16 13:14,77.00,66.00,68.90,8.05,2300.00,M
LNK,2025-07-16 13:43,79.00,67.00,66.78,6.90,2300.00,M
LNK,2025-07-16 13:54,79.00,67.00,66.78,9.20,2500.00,M
LNK,2025-07-16 14:02,79.00,67.00,66.78,8.05,2400.00,M
LNK,2025-07-16 14:40,80.00,67.00,64.63,11.50,2600.00,M
LNK,2025-07-16 14:52,80.60,68.00,65.60,9.20,2600.00,M
LNK,2025-07-16 14:54,80.00,68.00,66.90,10.35,2600.00,M
LNK,2025-07-16 15:10,80.00,67.00,64.63,3.45,2600.00,M
LNK,2025-07-16 15:20,80.00,67.00,64.63,9.20,2700.00,M
LNK,2025-07-16 15:54,79.00,67.00,66.78,11.50,3200.00,M
LNK,2025-07-16 16:54,79.00,66.00,64.51,12.65,3500.00,M
LNK,2025-07-16 17:54,78.00,66.00,66.67,17.25,3700.00,M
LNK,2025-07-16 18:42,75.00,65.00,71.12,18.40,2300.00,M
LNK,2025-07-16 18:51,73.40,64.40,73.48,17.25,2300.00,M
LNK,2025-07-16 18:54,74.00,65.00,73.54,16.10,2300.00,M
LNK,2025-07-16 19:54,71.00,64.00,78.57,18.40,1800.00,M
LNK,2025-07-16 20:54,69.00,63.00,81.22,9.20,2000.00,M
LNK,2025-07-16 21:11,68.00,63.00,84.05,8.05,2400.00,M
LNK,2025-07-16 21:54,69.00,64.00,84.12,10.35,2300.00,M
LNK,2025-07-16 22:54,68.00,64.00,87.05,10.35,2800.00,M
LNK,2025-07-16 23:54,68.00,62.00,81.15,14.95,1900.00,M
LNK,2025-07-17 00:46,67.00,62.00,83.99,12.65,1700.00,M
LNK,2025-07-17 00:54,67.00,62.00,83.99,12.65,1700.00,M
LNK,2025-07-17 01:54,66.00,61.00,83.93,10.35,2900.00,M
LNK,2025-07-17 02:54,65.00,61.00,86.89,11.50,2800.00,M
LNK,2025-07-17 03:54,65.00,61.00,86.89,11.50,2700.00,M
LNK,2025-07-17 04:20,64.00,61.00,89.98,8.05,2700.00,M
LNK,2025-07-17 04:54,63.00,61.00,93.19,9.20,3000.00,M
LNK,2025-07-17 05:02,63.00,61.00,93.19,9.20,900.00,M
LNK,2025-07-17 05:38,62.00,60.00,93.16,11.50,900.00,M
LNK,2025-07-17 05:54,62.00,60.00,93.16,11.50,900.00,M
LNK,2025-07-17 06:54,61.00,57.00,86.68,10.35,M,M
LNK,2025-07-17 07:54,63.00,57.00,80.77,13.80,M,M
LNK,2025-07-17 08:54,66.00,56.00,70.16,13.80,M,M
LNK,2025-07-17 09:54,68.00,56.00,65.48,12.65,M,M
LNK,2025-07-17 10:54,71.00,58.00,63.53,12.65,M,M
LNK,2025-07-17 11:54,71.00,58.00,63.53,10.35,M,M
LNK,2025-07-17 12:54,75.00,60.00,59.64,8.05,M,M
LNK,2025-07-17 13:54,75.00,59.00,57.55,8.05,3300.00,M
LNK,2025-07-17 14:54,74.00,59.00,59.51,10.35,3900.00,M
LNK,2025-07-17 15:54,75.00,59.00,57.55,9.20,3700.00,M
LNK,2025-07-17 16:54,75.00,60.00,59.64,5.75,3700.00,M
LNK,2025-07-17 17:54,75.00,60.00,59.64,4.60,3500.00,M
LNK,2025-07-17 18:54,74.00,61.00,63.90,5.75,3800.00,M
LNK,2025-07-17 19:54,73.00,60.00,63.78,6.90,3700.00,M
LNK,2025-07-17 20:54,73.00,61.00,66.08,6.90,3600.00,M
LNK,2025-07-17 21:54,72.00,62.00,70.81,9.20,3500.00,M
LNK,2025-07-17 22:54,71.00,63.00,75.87,9.20,3800.00,M
LNK,2025-07-17 23:54,70.00,64.00,81.29,8.05,4000.00,M
LNK,2025-07-18 00:54,70.00,64.00,81.29,8.05,4000.00,M
LNK,2025-07-18 01:54,69.00,64.00,84.12,5.75,3900.00,M
LNK,2025-07-18 02:54,67.00,64.00,90.10,3.45,3600.00,M
LNK,2025-07-18 03:54,69.00,65.00,87.10,4.60,3700.00,M
LNK,2025-07-18 04:54,66.00,64.00,93.27,5.75,M,M
LNK,2025-07-18 05:54,66.00,64.00,93.27,3.45,4400.00,M
LNK,2025-07-18 06:16,66.00,65.00,96.59,3.45,900.00,M
LNK,2025-07-18 06:54,68.00,66.00,93.33,5.75,700.00,M
LNK,2025-07-18 07:54,69.00,67.00,93.36,11.50,600.00,M
LNK,2025-07-18 08:54,72.00,68.00,87.26,10.35,800.00,M
LNK,2025-07-18 09:54,77.00,70.00,79.06,10.35,1000.00,M
LNK,2025-07-18 10:28,76.00,69.00,78.98,10.35,1300.00,M
LNK,2025-07-18 10:54,79.00,70.00,74.02,13.80,1700.00,M
LNK,2025-07-18 11:50,80.60,69.80,69.77,14.95,2300.00,M
LNK,2025-07-18 11:54,80.00,70.00,71.64,11.50,2300.00,M
LNK,2025-07-18 12:19,81.00,71.00,71.74,10.35,2200.00,M
LNK,2025-07-18 12:27,82.00,71.00,69.45,13.80,2400.00,M
LNK,2025-07-18 12:54,83.00,71.00,67.24,11.50,2400.00,M
LNK,2025-07-18 13:17,82.00,71.00,69.45,14.95,2400.00,M
LNK,2025-07-18 13:26,82.00,71.00,69.45,12.65,2400.00,M
LNK,2025-07-18 13:39,82.00,72.00,71.84,12.65,2600.00,M
LNK,2025-07-18 13:54,83.00,72.00,69.56,11.50,2400.00,M
LNK,2025-07-18 14:54,83.00,72.00,69.56,13.80,2600.00,M
LNK,2025-07-18 15:50,86.00,71.60,62.34,13.80,5500.00,M
LNK,2025-07-18 15:54,86.00,73.00,65.35,16.10,2900.00,M
LNK,2025-07-18 16:54,86.00,74.00,67.58,12.65,2700.00,M
LNK,2025-07-18 17:54,84.00,74.00,72.04,12.65,2600.00,M
LNK,2025-07-18 18:54,84.00,74.00,72.04,11.50,3400.00,M
LNK,2025-07-18 19:54,83.00,74.00,74.40,10.35,2400.00,M
LNK,2025-07-18 20:54,81.00,74.00,79.38,11.50,M,M
LNK,2025-07-18 21:54,79.00,74.00,84.73,10.35,M,M
LNK,2025-07-18 22:54,78.00,74.00,87.56,6.90,M,M
LNK,2025-07-18 23:54,77.00,74.00,90.50,10.35,M,M
LNK,2025-07-19 00:54,76.00,74.00,93.55,6.90,M,M
LNK,2025-07-19 01:54,75.00,74.00,96.71,6.90,M,M
LNK,2025-07-19 02:54,75.00,73.00,93.52,0.00,M,M
LNK,2025-07-19 03:54,74.00,73.00,96.70,10.35,M,M
LNK,2025-07-19 04:54,74.00,73.00,96.70,8.05,M,M
LNK,2025-07-19 05:54,74.00,72.00,93.49,4.60,M,M
LNK,2025-07-19 06:54,74.00,71.00,90.38,0.00,M,M
LNK,2025-07-19 07:54,76.00,73.00,90.46,12.65,M,M
LNK,2025-07-19 08:54,81.00,72.00,74.21,8.05,M,M
LNK,2025-07-19 09:54,82.00,72.00,71.84,6.90,M,M
LNK,2025-07-19 10:54,84.00,72.00,67.36,4.60,2200.00,M
LNK,2025-07-19 11:54,87.00,73.00,63.31,M,M,M
LNK,2025-07-19 12:54,88.00,73.00,61.34,6.90,M,M
LNK,2025-07-19 13:54,90.00,74.00,59.57,10.35,3300.00,M
LNK,2025-07-19 14:54,91.00,75.00,59.70,11.50,3600.00,M
LNK,2025-07-19 15:54,91.00,74.00,57.73,M,3700.00,M
LNK,2025-07-19 16:54,90.00,75.00,61.59,10.35,3800.00,M
LNK,2025-07-19 17:54,88.00,75.00,65.59,10.35,3800.00,M
LNK,2025-07-19 18:54,87.00,75.00,67.69,6.90,5500.00,M
LNK,2025-07-19 19:54,85.00,75.00,72.14,8.05,M,M
LNK,2025-07-19 20:54,83.00,75.00,76.93,8.05,M,M
LNK,2025-07-19 21:54,83.00,75.00,76.93,8.05,M,M
LNK,2025-07-19 22:54,82.00,76.00,82.14,6.90,9000.00,M
LNK,2025-07-19 23:54,80.00,76.00,87.66,9.20,4800.00,M
LNK,2025-07-20 00:16,80.00,76.00,87.66,6.90,1500.00,M
LNK,2025-07-20 00:23,80.00,76.00,87.66,6.90,1200.00,M
LNK,2025-07-20 00:38,80.00,77.00,90.61,3.45,1200.00,M
LNK,2025-07-20 00:54,79.00,73.00,81.93,20.70,1400.00,29.90
LNK,2025-07-20 01:20,77.00,69.00,76.41,29.90,4700.00,40.25
LNK,2025-07-20 01:35,77.00,68.00,73.83,13.80,4700.00,40.25
LNK,2025-07-20 01:44,77.00,68.00,73.83,10.35,4200.00,40.25
LNK,2025-07-20 01:54,78.00,66.00,66.67,5.75,M,40.25
LNK,2025-07-20 02:54,78.00,66.00,66.67,4.60,M,M
LNK,2025-07-20 03:54,73.00,67.00,81.51,3.45,M,M
LNK,2025-07-20 04:54,72.00,67.00,84.30,3.45,M,M
LNK,2025-07-20 05:54,71.00,67.00,87.21,4.60,M,M
LNK,2025-07-20 06:54,74.00,70.00,87.36,8.05,M,M
LNK,2025-07-20 07:11,74.00,71.00,90.38,8.05,500.00,M
LNK,2025-07-20 07:36,75.00,72.00,90.42,6.90,600.00,M
LNK,2025-07-20 07:54,77.00,73.00,87.51,5.75,600.00,M
LNK,2025-07-20 08:21,78.00,73.00,84.67,9.20,700.00,M
LNK,2025-07-20 08:54,80.00,71.00,74.12,8.05,M,M
LNK,2025-07-20 09:54,82.00,70.00,67.13,9.20,M,M
LNK,2025-07-20 10:54,85.00,71.00,63.06,3.45,M,M
LNK,2025-07-20 11:54,88.00,72.00,59.30,6.90,M,M
LNK,2025-07-20 12:54,89.00,73.00,59.44,8.05,M,M
LNK,2025-07-20 13:54,89.00,73.00,59.44,6.90,M,M
LNK,2025-07-20 14:54,90.00,73.00,57.60,10.35,M,M
LNK,2025-07-20 15:54,90.00,74.00,59.57,10.35,M,M
LNK,2025-07-20 16:54,89.00,73.00,59.44,8.05,M,M
LNK,2025-07-20 17:54,90.00,75.00,61.59,8.05,3500.00,M
LNK,2025-07-20 18:54,88.00,74.00,63.43,13.80,M,M
LNK,2025-07-20 19:54,86.00,73.00,65.35,5.75,M,M
LNK,2025-07-20 20:54,83.00,73.00,71.94,4.60,M,M
LNK,2025-07-20 21:54,82.00,73.00,74.31,4.60,M,M
LNK,2025-07-20 22:54,81.00,73.00,76.76,6.90,M,M
LNK,2025-07-20 23:54,80.00,73.00,79.30,10.35,M,M
LNK,2025-07-21 00:54,79.00,73.00,81.93,8.05,M,M
LNK,2025-07-21 01:54,79.00,73.00,81.93,3.45,M,M
LNK,2025-07-21 02:54,78.00,72.00,81.86,4.60,M,M
LNK,2025-07-21 03:54,75.00,72.00,90.42,10.35,M,M
LNK,2025-07-21 04:54,75.00,72.00,90.42,0.00,M,M
LNK,2025-07-21 05:54,76.00,73.00,90.46,9.20,M,M
LNK,2025-07-21 06:25,76.00,73.00,90.46,6.90,800.00,M
LNK,2025-07-21 06:36,76.00,74.00,93.55,5.75,800.00,M
LNK,2025-07-21 06:54,76.00,74.00,93.55,6.90,700.00,M
LNK,2025-07-21 07:54,78.00,75.00,90.54,8.05,600.00,M
LNK,2025-07-21 08:54,81.00,75.00,82.07,11.50,800.00,M
LNK,2025-07-21 09:17,83.00,75.00,76.93,12.65,1000.00,M
LNK,2025-07-21 09:54,84.00,76.00,77.01,13.80,1500.00,M
LNK,2025-07-21 10:26,86.00,76.00,72.24,11.50,2000.00,M
LNK,2025-07-21 10:54,84.00,75.00,74.49,17.25,2200.00,M
LNK,2025-07-21 11:10,83.00,75.00,76.93,18.40,2200.00,M
LNK,2025-07-21 11:42,83.00,75.00,76.93,20.70,1900.00,M
LNK,2025-07-21 11:54,86.00,73.00,65.35,18.40,1900.00,M
LNK,2025-07-21 12:54,80.00,70.00,71.64,17.25,M,M
LNK,2025-07-21 13:54,77.00,69.00,76.41,11.50,M,M
LNK,2025-07-21 14:54,78.00,69.00,73.93,10.35,M,M
LNK,2025-07-21 15:54,77.00,70.00,79.06,5.75,M,M
LNK,2025-07-21 16:54,76.00,69.00,78.98,9.20,M,M
LNK,2025-07-21 17:54,75.00,68.00,78.90,8.05,M,M
LNK,2025-07-21 18:54,75.00,66.00,73.64,0.00,M,M
LNK,2025-07-21 19:54,75.00,64.00,68.68,5.75,M,M
LNK,2025-07-21 20:54,73.00,64.00,73.44,5.75,M,M
LNK,2025-07-21 21:54,73.00,64.00,73.44,9.20,M,M
LNK,2025-07-21 22:54,73.00,63.00,70.91,3.45,M,M
LNK,2025-07-21 23:54,72.00,63.00,73.34,5.75,M,M
LNK,2025-07-22 00:54,73.00,66.00,78.74,9.20,M,M
LNK,2025-07-22 01:54,74.00,67.00,78.82,8.05,M,M
LNK,2025-07-22 02:54,72.00,68.00,87.26,8.05,M,M
LNK,2025-07-22 03:54,72.00,69.00,90.30,8.05,M,M
LNK,2025-07-22 04:54,72.00,69.00,90.30,6.90,M,M
LNK,2025-07-22 05:54,72.00,69.00,90.30,5.75,1100.00,M
LNK,2025-07-22 05:58,72.00,69.00,90.30,5.75,900.00,M
LNK,2025-07-22 06:54,73.00,70.00,90.34,5.75,700.00,M
LNK,2025-07-22 07:54,74.00,71.00,90.38,3.45,800.00,M
LNK,2025-07-22 08:31,74.00,71.00,90.38,0.00,1000.00,M
LNK,2025-07-22 08:54,75.00,71.00,87.41,0.00,1200.00,M
LNK,2025-07-22 09:45,76.00,71.00,84.55,5.75,1500.00,M
LNK,2025-07-22 09:54,77.00,72.00,84.61,5.75,1700.00,M
LNK,2025-07-22 10:04,77.00,72.00,84.61,6.90,1100.00,M
LNK,2025-07-22 10:15,76.00,72.00,87.46,8.05,1100.00,M
LNK,2025-07-22 10:45,76.00,71.00,84.55,6.90,1300.00,M
LNK,2025-07-22 10:54,77.00,71.00,81.79,4.60,1300.00,M
LNK,2025-07-22 11:36,78.00,71.00,79.14,6.90,1700.00,M
LNK,2025-07-22 11:54,79.00,71.00,76.58,8.05,1700.00,M
LNK,2025-07-22 12:54,83.00,72.00,69.56,5.75,M,M
LNK,2025-07-22 13:54,85.00,73.00,67.47,5.75,M,M
LNK,2025-07-22 14:54,86.00,70.00,59.04,10.35,M,M
LNK,2025-07-22 15:54,86.00,69.00,57.06,11.50,M,M
LNK,2025-07-22 16:54,86.00,70.00,59.04,11.50,M,M
LNK,2025-07-22 17:54,85.00,70.00,60.95,11.50,M,M
LNK,2025-07-22 18:54,85.00,72.00,65.23,14.95,M,M
LNK,2025-07-22 19:54,85.00,74.00,69.77,10.35,M,M
LNK,2025-07-22 20:54,84.00,75.00,74.49,8.05,M,M
LNK,2025-07-22 21:54,83.00,76.00,79.53,8.05,M,M
LNK,2025-07-22 22:54,83.00,75.00,76.93,9.20,M,M
LNK,2025-07-22 23:54,81.00,75.00,82.07,11.50,M,M
LNK,2025-07-23 00:54,80.00,73.00,79.30,10.35,M,M
LNK,2025-07-23 01:54,81.00,73.00,76.76,13.80,M,M
LNK,2025-07-23 02:54,81.00,72.00,74.21,13.80,M,M
LNK,2025-07-23 03:54,79.00,71.00,76.58,12.65,M,M
LNK,2025-07-23 04:54,78.00,70.00,76.49,13.80,M,M
LNK,2025-07-23 05:54,76.00,68.00,76.32,13.80,M,M
LNK,2025-07-23 06:54,76.00,68.00,76.32,10.35,M,M
LNK,2025-07-23 07:54,78.00,68.00,71.43,13.80,M,M
LNK,2025-07-23 08:54,81.00,69.00,67.01,16.10,M,M
LNK,2025-07-23 09:54,85.00,70.00,60.95,17.25,M,M
LNK,2025-07-23 10:54,86.00,71.00,61.08,14.95,M,M
LNK,2025-07-23 11:54,88.00,72.00,59.30,18.40,M,M
LNK,2025-07-23 12:54,90.00,73.00,57.60,17.25,M,M
LNK,2025-07-23 13:54,91.00,74.00,57.73,16.10,3600.00,M
LNK,2025-07-23 14:54,92.00,74.00,55.97,13.80,M,M
LNK,2025-07-23 15:54,91.00,74.00,57.73,16.10,M,29.90
LNK,2025-07-23 16:54,93.00,76.00,58.00,19.55,4100.00,M
LNK,2025-07-23 17:54,91.00,73.00,55.83,14.95,M,M
LNK,2025-07-23 18:54,90.00,75.00,61.59,10.35,M,M
LNK,2025-07-23 19:54,87.00,75.00,67.69,9.20,M,M
LNK,2025-07-23 20:54,85.00,76.00,74.59,8.05,M,M
LNK,2025-07-23 21:54,79.00,65.00,62.31,28.75,3200.00,41.40
LNK,2025-07-23 22:02,77.00,65.00,66.55,26.45,2900.00,42.55
LNK,2025-07-23 22:54,75.00,66.00,73.64,17.25,4400.00,42.55
LNK,2025-07-23 23:54,71.00,68.00,90.26,9.20,4500.00,31.05
LNK,2025-07-24 00:43,71.00,68.00,90.26,0.00,2000.00,M
LNK,2025-07-24 00:50,69.80,66.20,88.36,16.10,2000.00,M
LNK,2025-07-24 00:54,70.00,67.00,90.22,18.40,2200.00,M
LNK,2025-07-24 00:59,69.00,67.00,93.36,13.80,2200.00,M
LNK,2025-07-24 01:03,69.00,67.00,93.36,11.50,2200.00,M
LNK,2025-07-24 01:54,70.00,68.00,93.38,11.50,4300.00,M
LNK,2025-07-24 02:54,70.00,69.00,96.64,0.00,M,M
LNK,2025-07-24 03:50,69.80,68.00,94.02,5.75,600.00,M
LNK,2025-07-24 03:54,70.00,68.00,93.38,6.90,600.00,M
LNK,2025-07-24 04:54,70.00,68.00,93.38,8.05,8000.00,M
LNK,2025-07-24 05:11,70.00,68.00,93.38,4.60,700.00,M
LNK,2025-07-24 05:54,70.00,68.00,93.38,0.00,2700.00,M
LNK,2025-07-24 06:54,70.00,68.00,93.38,6.90,11000.00,M
LNK,2025-07-24 07:54,71.00,69.00,93.41,0.00,M,M
LNK,2025-07-24 08:18,71.00,69.00,93.41,3.45,700.00,M
LNK,2025-07-24 08:54,72.00,70.00,93.44,4.60,800.00,M
LNK,2025-07-24 09:36,73.00,70.00,90.34,3.45,700.00,M
LNK,2025-07-24 09:54,73.00,69.00,87.31,0.00,1000.00,M
LNK,2025-07-24 10:05,74.00,70.00,87.36,0.00,1000.00,M
LNK,2025-07-24 10:34,74.00,70.00,87.36,0.00,1600.00,M
LNK,2025-07-24 10:54,75.00,70.00,84.49,0.00,1400.00,M
LNK,2025-07-24 11:54,76.00,71.00,84.55,4.60,1400.00,M
LNK,2025-07-24 12:06,76.00,71.00,84.55,6.90,1600.00,M
LNK,2025-07-24 12:20,76.00,71.00,84.55,8.05,1700.00,M
LNK,2025-07-24 12:39,75.00,71.00,87.41,5.75,1300.00,M
LNK,2025-07-24 12:50,75.20,71.60,88.61,0.00,1500.00,M
LNK,2025-07-24 12:54,75.00,71.00,87.41,0.00,1500.00,M
LNK,2025-07-24 13:54,77.00,71.00,81.79,3.45,1500.00,M
LNK,2025-07-24 14:54,78.00,72.00,81.86,3.45,1500.00,M
LNK,2025-07-24 15:29,79.00,72.00,79.22,5.75,1700.00,M
LNK,2025-07-24 15:45,79.00,72.00,79.22,5.75,1900.00,M
LNK,2025-07-24 15:54,81.00,72.00,74.21,5.75,1900.00,M
LNK,2025-07-24 16:54,82.00,71.00,69.45,0.00,2200.00,M
LNK,2025-07-24 17:08,82.00,71.00,69.45,0.00,2200.00,M
LNK,2025-07-24 17:20,82.00,71.00,69.45,3.45,2300.00,M
LNK,2025-07-24 17:54,82.00,71.00,69.45,5.75,2400.00,M
LNK,2025-07-24 18:54,82.00,71.00,69.45,6.90,5500.00,M
LNK,2025-07-24 19:54,81.00,71.00,71.74,8.05,M,M
LNK,2025-07-24 20:54,78.00,71.00,79.14,5.75,M,M
LNK,2025-07-24 21:54,77.00,71.00,81.79,0.00,M,M
LNK,2025-07-24 22:54,74.00,71.00,90.38,3.45,M,M
LNK,2025-07-24 23:54,72.00,71.00,96.67,3.45,M,M
LNK,2025-07-25 00:54,70.00,69.00,96.64,4.60,1700.00,M
LNK,2025-07-25 01:06,70.00,70.00,100.00,3.45,1700.00,M
LNK,2025-07-25 01:27,70.00,69.00,96.64,0.00,1700.00,M
LNK,2025-07-25 01:54,70.00,69.00,96.64,0.00,M,M
LNK,2025-07-25 02:18,70.00,69.00,96.64,5.75,1500.00,M
LNK,2025-07-25 02:25,71.00,70.00,96.66,4.60,1300.00,M
LNK,2025-07-25 02:54,70.00,69.00,96.64,3.45,1400.00,M
LNK,2025-07-25 03:02,70.00,69.00,96.64,4.60,1600.00,M
LNK,2025-07-25 03:35,71.00,70.00,96.66,3.45,300.00,M
LNK,2025-07-25 03:54,72.00,71.00,96.67,5.75,400.00,M
LNK,2025-07-25 04:14,72.00,71.00,96.67,0.00,2000.00,M
LNK,2025-07-25 04:54,73.00,71.00,93.47,0.00,2300.00,M
LNK,2025-07-25 05:03,72.00,71.00,96.67,0.00,500.00,M
LNK,2025-07-25 05:51,71.60,69.80,94.07,4.60,600.00,M
LNK,2025-07-25 05:54,71.00,70.00,96.66,4.60,600.00,M
LNK,2025-07-25 06:28,72.00,71.00,96.67,4.60,700.00,M
LNK,2025-07-25 06:54,72.00,71.00,96.67,0.00,1500.00,M
LNK,2025-07-25 07:01,72.00,71.00,96.67,3.45,500.00,M
LNK,2025-07-25 07:13,73.00,71.00,93.47,0.00,1400.00,M
LNK,2025-07-25 07:23,73.00,72.00,96.69,0.00,2900.00,M
LNK,2025-07-25 07:54,74.00,72.00,93.49,4.60,1600.00,M
LNK,2025-07-25 08:09,74.00,72.00,93.49,5.75,1600.00,M
LNK,2025-07-25 08:51,77.00,73.40,88.70,6.90,800.00,M
LNK,2025-07-25 08:54,77.00,72.00,84.61,9.20,800.00,M
LNK,2025-07-25 09:54,79.00,71.00,76.58,10.35,1700.00,M
LNK,2025-07-25 10:30,79.00,71.00,76.58,10.35,1700.00,M
LNK,2025-07-25 10:42,79.00,71.00,76.58,10.35,1700.00,M
LNK,2025-07-25 10:54,79.00,71.00,76.58,9.20,1700.00,M
LNK,2025-07-25 11:17,81.00,71.00,71.74,10.35,1900.00,M
LNK,2025-07-25 11:54,82.00,72.00,71.84,10.35,2300.00,M
LNK,2025-07-25 12:19,81.00,71.00,71.74,9.20,2300.00,M
LNK,2025-07-25 12:26,81.00,70.00,69.34,11.50,2300.00,M
LNK,2025-07-25 12:38,81.00,71.00,71.74,10.35,2300.00,M
LNK,2025-07-25 12:54,80.00,71.00,74.12,10.35,2200.00,M
LNK,2025-07-25 13:03,80.00,71.00,74.12,10.35,2200.00,M
LNK,2025-07-25 13:54,78.00,72.00,81.86,9.20,2200.00,M
LNK,2025-07-25 14:54,77.00,73.00,87.51,9.20,1200.00,M
LNK,2025-07-25 15:20,78.00,73.00,84.67,8.05,1200.00,M
LNK,2025-07-25 15:25,78.00,73.00,84.67,10.35,1200.00,M
LNK,2025-07-25 15:33,77.00,73.00,87.51,9.20,1600.00,M
LNK,2025-07-25 15:45,78.00,73.00,84.67,9.20,1400.00,M
LNK,2025-07-25 15:54,77.00,72.00,84.61,9.20,1600.00,M
LNK,2025-07-25 16:15,78.00,72.00,81.86,6.90,1800.00,M
LNK,2025-07-25 16:36,79.00,73.00,81.93,8.05,1500.00,M
LNK,2025-07-25 16:40,78.00,73.00,84.67,8.05,1500.00,M
LNK,2025-07-25 16:54,79.00,72.00,79.22,10.35,1300.00,M
LNK,2025-07-25 17:00,79.00,71.00,76.58,9.20,1500.00,M
LNK,2025-07-25 17:54,77.00,71.00,81.79,6.90,7000.00,M
LNK,2025-07-25 18:54,75.00,72.00,90.42,9.20,1200.00,M
LNK,2025-07-25 19:54,76.00,72.00,87.46,8.05,M,M
LNK,2025-07-25 20:54,74.00,71.00,90.38,6.90,M,M
LNK,2025-07-25 21:54,74.00,71.00,90.38,0.00,1400.00,M
LNK,2025-07-25 22:05,74.00,71.00,90.38,3.45,1200.00,M
LNK,2025-07-25 22:49,73.40,71.60,94.11,5.75,1500.00,M
LNK,2025-07-25 22:54,74.00,71.00,90.38,6.90,1900.00,M
LNK,2025-07-25 23:02,74.00,71.00,90.38,5.75,1600.00,M
LNK,2025-07-25 23:54,74.00,72.00,93.49,6.90,1700.00,M
LNK,2025-07-26 00:16,73.00,71.00,93.47,5.75,1700.00,M
LNK,2025-07-26 00:54,74.00,72.00,93.49,4.60,1700.00,M
LNK,2025-07-26 01:05,74.00,72.00,93.49,4.60,1400.00,M
LNK,2025-07-26 01:46,74.00,71.00,90.38,3.45,1800.00,M
LNK,2025-07-26 01:54,74.00,71.00,90.38,5.75,1200.00,M
LNK,2025-07-26 02:54,74.00,71.00,90.38,6.90,1500.00,M
LNK,2025-07-26 03:29,73.00,71.00,93.47,6.90,800.00,M
LNK,2025-07-26 03:37,73.00,71.00,93.47,3.45,1000.00,M
LNK,2025-07-26 03:54,73.00,72.00,96.69,4.60,800.00,M
LNK,2025-07-26 04:02,73.00,72.00,96.69,4.60,800.00,M
LNK,2025-07-26 04:23,73.00,72.00,96.69,0.00,800.00,M
LNK,2025-07-26 04:39,73.00,71.00,93.47,0.00,900.00,M
LNK,2025-07-26 04:54,73.00,71.00,93.47,3.45,M,M
LNK,2025-07-26 05:46,72.00,71.00,96.67,3.45,500.00,M
LNK,2025-07-26 05:54,72.00,71.00,96.67,3.45,2100.00,M
LNK,2025-07-26 06:17,72.00,71.00,96.67,0.00,1500.00,M
LNK,2025-07-26 06:38,72.00,71.00,96.67,3.45,1300.00,M
LNK,2025-07-26 06:54,72.00,71.00,96.67,3.45,1400.00,M
LNK,2025-07-26 07:35,73.00,71.00,93.47,4.60,400.00,M
LNK,2025-07-26 07:54,73.00,71.00,93.47,3.45,1300.00,M
LNK,2025-07-26 08:54,76.00,71.00,84.55,3.45,1100.00,M
LNK,2025-07-26 09:46,77.00,71.00,81.79,3.45,1100.00,M
LNK,2025-07-26 09:54,79.00,71.00,76.58,4.60,1300.00,M
LNK,2025-07-26 10:05,79.00,71.00,76.58,0.00,1300.00,M
LNK,2025-07-26 10:12,79.00,71.00,76.58,3.45,1300.00,M
LNK,2025-07-26 10:54,81.00,70.00,69.34,3.45,1300.00,M
LNK,2025-07-26 11:01,80.00,71.00,74.12,0.00,4700.00,M
LNK,2025-07-26 11:54,83.00,70.00,65.00,0.00,4700.00,M
LNK,2025-07-26 12:54,85.00,72.00,65.23,0.00,3100.00,M
LNK,2025-07-26 13:54,86.00,72.00,63.19,3.45,3300.00,M
LNK,2025-07-26 14:54,88.00,73.00,61.34,3.45,3800.00,M
LNK,2025-07-26 15:54,89.00,73.00,59.44,6.90,3600.00,M
LNK,2025-07-26 16:54,89.00,73.00,59.44,9.20,3800.00,M
LNK,2025-07-26 17:54,87.00,73.00,63.31,5.75,4900.00,M
LNK,2025-07-26 18:54,89.00,73.00,59.44,8.05,M,M
LNK,2025-07-26 19:54,86.00,74.00,67.58,6.90,M,M
LNK,2025-07-26 20:54,82.00,73.00,74.31,5.75,M,M
LNK,2025-07-26 21:54,81.00,73.00,76.76,5.75,M,M
LNK,2025-07-26 22:54,82.00,73.00,74.31,6.90,M,M
LNK,2025-07-26 23:54,78.00,73.00,84.67,5.75,M,M
LNK,2025-07-27 00:54,77.00,73.00,87.51,5.75,M,M
LNK,2025-07-27 01:54,76.00,74.00,93.55,4.60,M,M
LNK,2025-07-27 02:54,74.00,72.00,93.49,0.00,M,M
LNK,2025-07-27 03:54,71.00,71.00,100.00,3.45,M,M
LNK,2025-07-27 04:54,72.00,70.00,93.44,0.00,M,M
LNK,2025-07-27 05:54,71.00,69.00,93.41,3.45,M,M
LNK,2025-07-27 06:54,72.00,70.00,93.44,5.75,M,M
LNK,2025-07-27 07:54,78.00,75.00,90.54,9.20,M,M
LNK,2025-07-27 08:54,82.00,75.00,79.45,11.50,M,M
LNK,2025-07-27 09:54,85.00,76.00,74.59,8.05,M,M
LNK,2025-07-27 10:54,88.00,76.00,67.81,6.90,M,M
LNK,2025-07-27 11:54,89.00,77.00,67.92,9.20,M,M
LNK,2025-07-27 12:54,92.00,77.00,61.84,12.65,M,M
LNK,2025-07-27 13:54,93.00,77.00,59.96,12.65,M,M
LNK,2025-07-27 14:54,95.00,78.00,58.27,12.65,M,M
LNK,2025-07-27 15:54,95.00,79.00,60.21,17.25,M,M
LNK,2025-07-27 16:54,95.00,79.00,60.21,13.80,M,M
LNK,2025-07-27 17:13,95.00,78.00,58.27,13.80,200.00,M
LNK,2025-07-27 17:54,95.00,79.00,60.21,12.65,M,M
LNK,2025-07-27 18:54,94.00,77.00,58.13,12.65,M,M
LNK,2025-07-27 19:54,91.00,78.00,65.94,9.20,M,M
LNK,2025-07-27 20:54,88.00,78.00,72.44,10.35,M,M
LNK,2025-07-27 21:54,85.00,78.00,79.68,11.50,M,M
LNK,2025-07-27 22:54,84.00,76.00,77.01,10.35,M,M
LNK,2025-07-27 23:54,83.00,75.00,76.93,10.35,M,M
LNK,2025-07-28 00:54,83.00,75.00,76.93,10.35,M,M
LNK,2025-07-28 01:54,82.00,74.00,76.84,11.50,M,M
LNK,2025-07-28 02:54,81.00,74.00,79.38,12.65,M,M
LNK,2025-07-28 03:54,80.00,74.00,82.00,10.35,M,M
LNK,2025-07-28 04:54,81.00,74.00,79.38,23.00,2500.00,M
LNK,2025-07-28 05:54,74.00,64.00,71.02,19.55,4500.00,42.55
LNK,2025-07-28 06:54,74.00,66.00,76.14,12.65,M,M
LNK,2025-07-28 07:54,76.00,67.00,73.73,18.40,M,M
LNK,2025-07-28 08:54,80.00,69.00,69.23,14.95,M,33.35
LNK,2025-07-28 09:54,84.00,71.00,65.11,16.10,M,M
LNK,2025-07-28 10:54,86.00,73.00,65.35,17.25,M,M
LNK,2025-07-28 11:54,89.00,76.00,65.70,20.70,M,M
LNK,2025-07-28 12:54,91.00,77.00,63.80,18.40,2600.00,M
LNK,2025-07-28 13:54,92.00,78.00,63.92,17.25,M,M
LNK,2025-07-28 14:54,95.00,78.00,58.27,14.95,M,M
LNK,2025-07-28 15:54,96.00,78.00,56.51,16.10,M,M
LNK,2025-07-28 16:54,96.00,76.00,52.90,16.10,M,M
LNK,2025-07-28 17:54,95.00,75.00,52.75,17.25,M,M
LNK,2025-07-28 18:54,94.00,75.00,54.40,14.95,M,M
LNK,2025-07-28 19:54,91.00,76.00,61.72,12.65,M,M
LNK,2025-07-28 20:54,88.00,75.00,65.59,8.05,M,M
LNK,2025-07-28 21:54,85.00,77.00,77.10,8.05,M,M
LNK,2025-07-28 22:54,83.00,77.00,82.21,5.75,M,M
LNK,2025-07-28 23:54,81.00,76.00,84.85,4.60,M,M
LNK,2025-07-29 00:54,77.00,74.00,90.50,8.05,M,M
LNK,2025-07-29 01:54,80.00,77.00,90.61,12.65,M,M
LNK,2025-07-29 02:54,78.00,72.00,81.86,10.35,M,M
LNK,2025-07-29 03:54,79.00,77.00,93.63,5.75,M,M
LNK,2025-07-29 04:54,79.00,76.00,90.58,4.60,M,M
LNK,2025-07-29 05:54,79.00,75.00,87.61,6.90,M,M
LNK,2025-07-29 06:54,77.00,73.00,87.51,4.60,M,M
LNK,2025-07-29 07:54,81.00,72.00,74.21,6.90,M,M
LNK,2025-07-29 08:54,83.00,72.00,69.56,5.75,M,M
LNK,2025-07-29 09:54,86.00,74.00,67.58,4.60,M,M
LNK,2025-07-29 10:54,89.00,74.00,61.46,3.45,M,M
LNK,2025-07-29 11:54,92.00,73.00,54.12,6.90,M,M
LNK,2025-07-29 12:54,94.00,73.00,50.87,5.75,M,M
LNK,2025-07-29 13:54,97.00,74.00,48.00,8.05,M,M
LNK,2025-07-29 14:54,97.00,75.00,49.63,12.65,M,M
LNK,2025-07-29 15:54,97.00,75.00,49.63,12.65,M,M
LNK,2025-07-29 16:54,97.00,74.00,48.00,14.95,M,M
LNK,2025-07-29 17:54,96.00,75.00,51.16,11.50,M,M
LNK,2025-07-29 18:54,93.00,76.00,58.00,14.95,M,M
LNK,2025-07-29 19:54,90.00,76.00,63.67,6.90,M,M
LNK,2025-07-29 20:54,87.00,77.00,72.34,8.05,M,M
LNK,2025-07-29 21:54,86.00,77.00,74.68,12.65,M,M
LNK,2025-07-29 22:54,85.00,75.00,72.14,9.20,M,M
LNK,2025-07-29 23:54,83.00,70.00,65.00,37.95,3600.00,52.90
LNK,2025-07-30 00:03,77.00,66.00,68.90,33.35,3600.00,58.65
LNK,2025-07-30 00:54,71.00,68.00,90.26,17.25,5000.00,58.65
LNK,2025-07-30 01:09,71.00,68.00,90.26,19.55,5000.00,M
LNK,2025-07-30 01:54,70.00,68.00,93.38,11.50,4700.00,32.20
LNK,2025-07-30 02:23,70.00,68.00,93.38,11.50,5000.00,M
LNK,2025-07-30 02:54,70.00,68.00,93.38,10.35,1000.00,M
LNK,2025-07-30 03:43,69.00,68.00,96.63,16.10,8000.00,M
LNK,2025-07-30 03:54,69.00,68.00,96.63,17.25,7000.00,M
LNK,2025-07-30 04:54,69.00,67.00,93.36,4.60,3700.00,M
LNK,2025-07-30 05:54,69.00,67.00,93.36,6.90,M,M
LNK,2025-07-30 06:41,69.00,68.00,96.63,9.20,1000.00,M
LNK,2025-07-30 06:54,69.00,68.00,96.63,5.75,1000.00,M
LNK,2025-07-30 07:21,69.00,68.00,96.63,4.60,1000.00,M
LNK,2025-07-30 07:28,70.00,68.00,93.38,4.60,1300.00,M
LNK,2025-07-30 07:35,70.00,68.00,93.38,0.00,1300.00,M
LNK,2025-07-30 07:43,70.00,68.00,93.38,0.00,1200.00,M
LNK,2025-07-30 07:54,71.00,68.00,90.26,0.00,800.00,M
LNK,2025-07-30 08:54,72.00,67.00,84.30,6.90,1100.00,M
LNK,2025-07-30 09:28,73.00,66.00,78.74,4.60,1200.00,M
LNK,2025-07-30 09:54,75.00,67.00,76.23,3.45,M,M
LNK,2025-07-30 10:36,75.00,67.00,76.23,6.90,1600.00,M
LNK,2025-07-30 10:41,76.00,67.00,73.73,5.75,1900.00,M
LNK,2025-07-30 10:52,75.20,66.20,73.66,8.05,1900.00,M
LNK,2025-07-30 10:54,76.00,67.00,73.73,8.05,1900.00,M
LNK,2025-07-30 11:54,75.00,67.00,76.23,8.05,2000.00,M
LNK,2025-07-30 12:01,75.00,68.00,78.90,9.20,M,M
LNK,2025-07-30 12:54,76.00,67.00,73.73,10.35,M,M
LNK,2025-07-30 13:54,76.00,67.00,73.73,10.35,7000.00,M
LNK,2025-07-30 14:54,77.00,68.00,73.83,10.35,3900.00,M
LNK,2025-07-30 15:40,77.00,68.00,73.83,10.35,2200.00,M
LNK,2025-07-30 15:54,77.00,67.00,71.33,12.65,2400.00,M
LNK,2025-07-30 16:16,77.00,68.00,73.83,11.50,2300.00,M
LNK,2025-07-30 16:54,77.00,69.00,76.41,8.05,3600.00,M
LNK,2025-07-30 17:54,77.00,69.00,76.41,10.35,M,M
LNK,2025-07-30 18:54,79.00,69.00,71.54,5.75,M,M
LNK,2025-07-30 19:54,77.00,68.00,73.83,8.05,M,M
LNK,2025-07-30 20:54,75.00,69.00,81.65,0.00,M,M
LNK,2025-07-30 21:54,73.00,69.00,87.31,4.60,9000.00,M
LNK,2025-07-30 22:54,71.00,69.00,93.41,4.60,M,M
LNK,2025-07-30 23:54,71.00,69.00,93.41,0.00,M,M
LNK,2025-07-31 00:54,71.00,69.00,93.41,6.90,M,M
LNK,2025-07-31 01:54,69.00,68.00,96.63,4.60,M,M
LNK,2025-07-31 02:54,70.00,68.00,93.38,5.75,M,M
LNK,2025-07-31 03:54,69.00,68.00,96.63,5.75,7500.00,M
LNK,2025-07-31 04:43,70.00,68.00,93.38,8.05,1400.00,M
LNK,2025-07-31 04:54,70.00,68.00,93.38,5.75,1400.00,M
LNK,2025-07-31 05:54,71.00,69.00,93.41,9.20,500.00,M
LNK,2025-07-31 06:14,70.00,69.00,96.64,6.90,600.00,M
LNK,2025-07-31 06:18,70.00,69.00,96.64,4.60,600.00,M
LNK,2025-07-31 06:27,70.00,69.00,96.64,5.75,600.00,M
LNK,2025-07-31 06:37,70.00,69.00,96.64,5.75,900.00,M
LNK,2025-07-31 06:54,70.00,69.00,96.64,5.75,1000.00,M
LNK,2025-07-31 07:21,70.00,69.00,96.64,6.90,1000.00,M
LNK,2025-07-31 07:35,70.00,69.00,96.64,6.90,900.00,M
LNK,2025-07-31 07:54,69.00,67.00,93.36,14.95,900.00,M
LNK,2025-07-31 08:00,69.00,67.00,93.36,12.65,900.00,M
LNK,2025-07-31 08:09,69.00,67.00,93.36,10.35,900.00,M
LNK,2025-07-31 08:54,69.00,67.00,93.36,10.35,900.00,M
LNK,2025-07-31 09:01,69.00,67.00,93.36,8.05,2300.00,M
LNK,2025-07-31 09:09,69.00,67.00,93.36,6.90,700.00,M
LNK,2025-07-31 09:32,69.00,68.00,96.63,4.60,700.00,M
LNK,2025-07-31 09:39,69.00,67.00,93.36,8.05,700.00,M
LNK,2025-07-31 09:54,70.00,68.00,93.38,6.90,700.00,M
LNK,2025-07-31 09:59,70.00,68.00,93.38,6.90,700.00,M
LNK,2025-07-31 10:08,70.00,68.00,93.38,8.05,700.00,M
LNK,2025-07-31 10:54,69.00,67.00,93.36,12.65,700.00,M
LNK,2025-07-31 11:54,69.00,66.00,90.18,10.35,900.00,M
LNK,2025-07-31 12:05,71.00,67.00,87.21,10.35,1100.00,M
LNK,2025-07-31 12:15,71.00,66.00,84.24,9.20,1100.00,M
LNK,2025-07-31 12:32,71.00,66.00,84.24,12.65,1500.00,M
LNK,2025-07-31 12:41,70.00,66.00,87.16,13.80,1300.00,M
LNK,2025-07-31 12:54,72.00,66.00,81.44,6.90,1300.00,M
LNK,2025-07-31 13:06,73.00,66.00,78.74,6.90,1300.00,M
LNK,2025-07-31 13:20,75.00,66.00,73.64,10.35,1700.00,M
LNK,2025-07-31 13:45,74.00,65.00,73.54,12.65,2300.00,M
LNK,2025-07-31 13:54,74.00,65.00,73.54,12.65,2300.00,M
LNK,2025-07-31 14:03,74.00,65.00,73.54,13.80,2300.00,M
LNK,2025-07-31 14:19,75.00,65.00,71.12,10.35,2300.00,M
LNK,2025-07-31 14:30,76.00,65.00,68.79,13.80,2500.00,M
LNK,2025-07-31 14:37,77.00,65.00,66.55,9.20,2500.00,M
LNK,2025-07-31 14:54,77.00,64.00,64.27,12.65,2700.00,M
LNK,2025-07-31 15:54,78.00,63.00,60.04,13.80,3400.00,M
LNK,2025-07-31 16:54,78.00,62.00,57.97,10.35,3900.00,M
LNK,2025-07-31 17:54,78.00,61.00,55.95,5.75,4100.00,M
LNK,2025-07-31 18:54,77.00,61.00,57.83,10.35,3900.00,M
LNK,2025-07-31 19:54,75.00,62.00,64.02,9.20,M,M
LNK,2025-07-31 20:54,73.00,62.00,68.46,10.35,M,M
LNK,2025-07-31 21:54,71.00,62.00,73.24,5.75,M,M
LNK,2025-07-31 22:54,69.00,63.00,81.22,4.60,M,M
LNK,2025-07-31 23:54,66.00,62.00,86.95,6.90,M,M
LNK,2025-08-01 00:54,66.00,62.00,86.95,5.75,M,M
LNK,2025-08-01 01:54,67.00,62.00,83.99,5.75,M,M
LNK,2025-08-01 02:54,66.00,61.00,83.93,6.90,M,M
LNK,2025-08-01 03:54,66.00,60.00,81.00,4.60,M,M
LNK,2025-08-01 04:54,65.00,59.00,80.92,5.75,9000.00,M
LNK,2025-08-01 05:54,62.00,58.00,86.73,4.60,9000.00,M
LNK,2025-08-01 06:54,60.00,58.00,93.10,3.45,M,M
LNK,2025-08-01 07:54,64.00,59.00,83.80,3.45,M,M
LNK,2025-08-01 08:54,67.00,56.00,67.78,4.60,M,M
LNK,2025-08-01 09:54,71.00,54.00,54.96,4.60,M,M
LNK,2025-08-01 10:54,73.00,53.00,49.52,9.20,M,M
LNK,2025-08-01 11:54,72.00,53.00,51.22,8.05,M,M
LNK,2025-08-01 12:54,73.00,52.00,47.73,6.90,M,M
LNK,2025-08-01 13:54,73.00,53.00,49.52,11.50,M,M
LNK,2025-08-01 14:54,73.00,53.00,49.52,11.50,M,M
LNK,2025-08-01 15:54,74.00,52.00,46.16,10.35,M,M
LNK,2025-08-01 16:54,73.00,54.00,51.37,11.50,M,M
LNK,2025-08-01 17:54,72.00,54.00,53.13,10.35,11000.00,M
LNK,2025-08-01 18:54,72.00,55.00,55.10,11.50,M,M
LNK,2025-08-01 19:54,71.00,56.00,59.11,10.35,M,M
LNK,2025-08-01 20:54,68.00,57.00,67.89,8.05,M,M
LNK,2025-08-01 21:54,67.00,56.00,67.78,5.75,M,M
LNK,2025-08-01 22:54,66.00,56.00,70.16,5.75,M,M
LNK,2025-08-01 23:54,65.00,54.00,67.55,6.90,M,M
LNK,2025-08-02 00:54,64.00,54.00,69.94,4.60,M,M
LNK,2025-08-02 01:54,63.00,54.00,72.44,3.45,M,M
LNK,2025-08-02 02:54,58.00,54.00,86.51,0.00,M,M
LNK,2025-08-02 03:54,60.00,55.00,83.54,0.00,M,M
LNK,2025-08-02 04:54,58.00,54.00,86.51,0.00,M,M
LNK,2025-08-02 05:54,58.00,54.00,86.51,4.60,M,M
LNK,2025-08-02 06:54,55.00,53.00,92.95,0.00,M,M
LNK,2025-08-02 07:54,61.00,56.00,83.60,4.60,M,M
LNK,2025-08-02 08:54,67.00,56.00,67.78,5.75,M,M
LNK,2025-08-02 09:54,68.00,58.00,70.38,4.60,3300.00,M
LNK,2025-08-02 10:54,70.00,59.00,68.12,0.00,4100.00,M
LNK,2025-08-02 11:54,73.00,60.00,63.78,8.05,3800.00,M
LNK,2025-08-02 12:54,73.00,60.00,63.78,9.20,3500.00,M
LNK,2025-08-02 13:54,74.00,60.00,61.67,6.90,3000.00,M
LNK,2025-08-02 14:54,74.00,59.00,59.51,8.05,4000.00,M
LNK,2025-08-02 15:54,78.00,61.00,55.95,14.95,M,M
LNK,2025-08-02 16:54,78.00,59.00,52.11,17.25,M,M
LNK,2025-08-02 17:54,77.00,60.00,55.81,13.80,M,M
LNK,2025-08-02 18:54,76.00,61.00,59.78,13.80,3700.00,M
LNK,2025-08-02 19:54,74.00,58.00,57.42,11.50,M,M
LNK,2025-08-02 20:54,71.00,60.00,68.23,8.05,M,M
LNK,2025-08-02 21:54,69.00,60.00,73.05,9.20,M,M
LNK,2025-08-02 22:54,69.00,60.00,73.05,10.35,M,M
LNK,2025-08-02 23:54,68.00,60.00,75.59,10.35,M,M
LNK,2025-08-03 00:54,67.00,60.00,78.24,11.50,M,M
LNK,2025-08-03 01:54,66.00,59.00,78.16,12.65,M,M
LNK,2025-08-03 02:54,66.00,59.00,78.16,14.95,12000.00,M
LNK,2025-08-03 03:54,65.00,59.00,80.92,9.20,12000.00,M
LNK,2025-08-03 04:54,63.00,59.00,86.79,8.05,M,M
LNK,2025-08-03 05:54,64.00,59.00,83.80,10.35,M,M
LNK,2025-08-03 06:54,64.00,58.00,80.85,5.75,M,M
LNK,2025-08-03 07:54,65.00,58.00,78.08,5.75,8000.00,M
LNK,2025-08-03 08:54,65.00,58.00,78.08,5.75,11000.00,M
LNK,2025-08-03 09:54,65.00,59.00,80.92,8.05,7000.00,M
LNK,2025-08-03 10:54,65.00,59.00,80.92,12.65,3900.00,M
LNK,2025-08-03 11:54,65.00,59.00,80.92,4.60,7500.00,M
LNK,2025-08-03 12:54,65.00,61.00,86.89,10.35,3300.00,M
LNK,2025-08-03 13:54,67.00,61.00,81.07,8.05,M,M
LNK,2025-08-03 14:54,68.00,60.00,75.59,13.80,M,M
LNK,2025-08-03 15:54,68.00,61.00,78.33,9.20,1800.00,M
LNK,2025-08-03 16:54,70.00,61.00,73.15,6.90,M,M
LNK,2025-08-03 17:54,70.00,61.00,73.15,8.05,11000.00,M
LNK,2025-08-03 18:54,70.00,61.00,73.15,10.35,M,M
LNK,2025-08-03 19:54,68.00,61.00,78.33,11.50,M,M
LNK,2025-08-03 20:54,66.00,59.00,78.16,6.90,11000.00,M
LNK,2025-08-03 21:54,63.00,58.00,83.73,5.75,M,M
LNK,2025-08-03 22:54,64.00,58.00,80.85,5.75,11000.00,M
LNK,2025-08-03 23:54,64.00,57.00,77.99,8.05,M,M
LNK,2025-08-04 00:54,63.00,57.00,80.77,8.05,M,M
LNK,2025-08-04 01:54,64.00,58.00,80.85,8.05,M,M
LNK,2025-08-04 02:54,63.00,58.00,83.73,10.35,4700.00,M
LNK,2025-08-04 03:54,63.00,59.00,86.79,6.90,10000.00,M
LNK,2025-08-04 04:54,63.00,59.00,86.79,6.90,M,M
LNK,2025-08-04 05:54,61.00,58.00,89.85,5.75,11000.00,M
LNK,2025-08-04 06:54,60.00,58.00,93.10,0.00,M,M
LNK,2025-08-04 07:54,63.00,59.00,86.79,6.90,5500.00,M
LNK,2025-08-04 08:54,68.00,60.00,75.59,5.75,5000.00,M
LNK,2025-08-04 09:54,67.00,60.00,78.24,4.60,5000.00,M
LNK,2025-08-04 10:19,71.00,61.00,70.70,5.75,5000.00,M
LNK,2025-08-04 10:46,69.00,60.00,73.05,0.00,5000.00,M
LNK,2025-08-04 10:54,69.00,61.00,75.69,3.45,5500.00,M
LNK,2025-08-04 11:08,67.00,62.00,83.99,5.75,5000.00,M
LNK,2025-08-04 11:20,66.00,62.00,86.95,6.90,5500.00,M
LNK,2025-08-04 11:29,66.00,63.00,90.06,11.50,2800.00,M
LNK,2025-08-04 11:38,66.00,63.00,90.06,6.90,3000.00,M
LNK,2025-08-04 11:54,66.00,63.00,90.06,8.05,5000.00,M
LNK,2025-08-04 12:12,66.00,64.00,93.27,8.05,5000.00,M
LNK,2025-08-04 12:54,71.00,64.00,78.57,12.65,6000.00,M
LNK,2025-08-04 13:54,76.00,64.00,66.43,4.60,8000.00,M
LNK,2025-08-04 14:54,79.00,64.00,60.17,4.60,7500.00,M
LNK,2025-08-04 15:54,79.00,65.00,62.31,9.20,3200.00,M
LNK,2025-08-04 16:54,78.00,66.00,66.67,10.35,3100.00,M
LNK,2025-08-04 17:54,79.00,67.00,66.78,10.35,2900.00,M
LNK,2025-08-04 18:54,77.00,65.00,66.55,9.20,3700.00,M
LNK,2025-08-04 19:54,76.00,64.00,66.43,12.65,4200.00,M
LNK,2025-08-04 20:54,74.00,63.00,68.57,9.20,4500.00,M
LNK,2025-08-04 21:54,73.00,63.00,70.91,10.35,4700.00,M
LNK,2025-08-04 22:54,72.00,63.00,73.34,9.20,4400.00,M
LNK,2025-08-04 23:54,72.00,62.00,70.81,9.20,5000.00,M
LNK,2025-08-05 00:54,70.00,62.00,75.78,5.75,M,M
LNK,2025-08-05 01:54,69.00,61.00,75.69,6.90,M,M
LNK,2025-08-05 02:54,69.00,61.00,75.69,9.20,M,M
LNK,2025-08-05 03:54,66.00,60.00,81.00,8.05,M,M
LNK,2025-08-05 04:54,65.00,60.00,83.86,4.60,M,M
LNK,2025-08-05 05:54,65.00,60.00,83.86,4.60,7000.00,M
LNK,2025-08-05 06:54,65.00,61.00,86.89,4.60,5500.00,M
LNK,2025-08-05 07:54,69.00,61.00,75.69,6.90,5500.00,M
LNK,2025-08-05 08:54,71.00,61.00,70.70,12.65,5500.00,M
LNK,2025-08-05 09:54,73.00,61.00,66.08,10.35,4900.00,M
LNK,2025-08-05 10:54,76.00,63.00,64.15,14.95,4800.00,M
LNK,2025-08-05 11:54,81.00,64.00,56.37,16.10,5000.00,M
LNK,2025-08-05 12:54,83.00,66.00,56.65,17.25,M,M
LNK,2025-08-05 13:54,84.00,66.00,54.85,16.10,M,M
LNK,2025-08-05 14:54,85.00,67.00,54.99,13.80,M,M
LNK,2025-08-05 15:54,84.00,66.00,54.85,17.25,M,M
LNK,2025-08-05 16:54,83.00,65.00,54.71,21.85,M,M
LNK,2025-08-05 17:54,84.00,66.00,54.85,18.40,M,M
LNK,2025-08-05 18:54,82.00,66.00,58.51,13.80,M,M
LNK,2025-08-05 19:54,80.00,66.00,62.44,12.65,M,M
LNK,2025-08-05 20:54,77.00,67.00,71.33,12.65,M,M
LNK,2025-08-05 21:54,76.00,66.00,71.23,17.25,11000.00,M
LNK,2025-08-05 22:54,76.00,66.00,71.23,13.80,9000.00,M
LNK,2025-08-05 23:54,76.00,66.00,71.23,14.95,10000.00,M
LNK,2025-08-06 00:54,75.00,66.00,73.64,13.80,M,M
LNK,2025-08-06 01:54,74.00,65.00,73.54,13.80,M,M
LNK,2025-08-06 02:54,73.00,65.00,76.05,13.80,7000.00,M
LNK,2025-08-06 03:54,72.00,65.00,78.66,12.65,7000.00,M
LNK,2025-08-06 04:54,71.00,65.00,81.37,13.80,M,M
LNK,2025-08-06 05:54,71.00,65.00,81.37,13.80,M,M
LNK,2025-08-06 06:54,71.00,65.00,81.37,9.20,M,M
LNK,2025-08-06 07:44,71.00,66.00,84.24,27.60,2200.00,36.80
LNK,2025-08-06 07:51,71.60,66.20,83.12,29.90,2200.00,39.10
LNK,2025-08-06 07:54,72.00,66.00,81.44,39.10,2400.00,56.35
LNK,2025-08-06 08:13,70.00,66.00,87.16,20.70,2400.00,41.40
LNK,2025-08-06 08:18,69.00,66.00,90.18,26.45,1400.00,41.40
LNK,2025-08-06 08:24,68.00,66.00,93.33,27.60,1400.00,42.55
LNK,2025-08-06 08:29,67.00,65.00,93.30,26.45,1600.00,42.55
LNK,2025-08-06 08:34,67.00,65.00,93.30,23.00,2000.00,42.55
LNK,2025-08-06 08:40,67.00,65.00,93.30,18.40,1000.00,42.55
LNK,2025-08-06 08:42,67.00,65.00,93.30,19.55,1000.00,42.55
LNK,2025-08-06 08:49,66.20,64.40,93.93,17.25,800.00,42.55
LNK,2025-08-06 08:54,67.00,65.00,93.30,14.95,1000.00,42.55
LNK,2025-08-06 09:06,67.00,64.00,90.10,17.25,800.00,M
LNK,2025-08-06 09:17,68.00,64.00,87.05,14.95,6500.00,M
LNK,2025-08-06 09:54,69.00,65.00,87.10,13.80,7000.00,M
LNK,2025-08-06 10:54,74.00,66.00,76.14,18.40,M,M
LNK,2025-08-06 11:54,77.00,65.00,66.55,18.40,M,31.05
LNK,2025-08-06 12:54,82.00,66.00,58.51,23.00,M,32.20
LNK,2025-08-06 13:54,83.00,69.00,62.81,20.70,M,31.05
LNK,2025-08-06 14:54,87.00,70.00,57.19,21.85,M,35.65
LNK,2025-08-06 15:54,87.00,70.00,57.19,20.70,M,31.05
LNK,2025-08-06 16:54,86.00,70.00,59.04,14.95,M,M
LNK,2025-08-06 17:54,86.00,71.00,61.08,12.65,M,M
LNK,2025-08-06 18:54,84.00,71.00,65.11,12.65,M,M
LNK,2025-08-06 19:54,82.00,71.00,69.45,9.20,M,M
LNK,2025-08-06 20:54,82.00,71.00,69.45,11.50,6500.00,M
LNK,2025-08-06 21:54,80.00,70.00,71.64,9.20,6000.00,M
LNK,2025-08-06 22:54,82.00,68.00,62.69,9.20,6000.00,M
LNK,2025-08-06 23:54,81.00,68.00,64.76,13.80,6000.00,M
LNK,2025-08-07 00:54,80.00,69.00,69.23,11.50,8000.00,M
LNK,2025-08-07 01:54,79.00,69.00,71.54,12.65,9000.00,M
LNK,2025-08-07 02:54,77.00,69.00,76.41,9.20,9000.00,M
LNK,2025-08-07 03:54,76.00,69.00,78.98,6.90,9000.00,M
LNK,2025-08-07 04:54,75.00,69.00,81.65,5.75,M,M
LNK,2025-08-07 05:54,73.00,68.00,84.37,4.60,M,M
LNK,2025-08-07 06:54,72.00,68.00,87.26,5.75,M,M
LNK,2025-08-07 07:54,75.00,69.00,81.65,4.60,M,M
LNK,2025-08-07 08:54,78.00,70.00,76.49,4.60,M,M
LNK,2025-08-07 09:54,82.00,71.00,69.45,10.35,M,M
LNK,2025-08-07 10:54,84.00,71.00,65.11,8.05,M,M
LNK,2025-08-07 11:54,86.00,72.00,63.19,8.05,M,M
LNK,2025-08-07 12:54,87.00,73.00,63.31,12.65,3000.00,M
LNK,2025-08-07 13:54,88.00,73.00,61.34,17.25,3200.00,29.90
LNK,2025-08-07 14:54,86.00,73.00,65.35,14.95,M,M
LNK,2025-08-07 15:54,86.00,73.00,65.35,19.55,3200.00,M
LNK,2025-08-07 16:54,86.00,73.00,65.35,13.80,M,M
LNK,2025-08-07 17:54,86.00,73.00,65.35,13.80,M,M
LNK,2025-08-07 18:54,86.00,73.00,65.35,12.65,M,M
LNK,2025-08-07 19:54,84.00,74.00,72.04,9.20,M,M
LNK,2025-08-07 20:54,82.00,74.00,76.84,6.90,M,M
LNK,2025-08-07 21:54,81.00,75.00,82.07,10.35,M,M
LNK,2025-08-07 22:54,81.00,74.00,79.38,10.35,M,M
LNK,2025-08-07 23:54,80.00,74.00,82.00,9.20,M,M
LNK,2025-08-08 00:54,80.00,73.00,79.30,13.80,M,M
LNK,2025-08-08 01:54,78.00,72.00,81.86,11.50,M,M
LNK,2025-08-08 02:54,78.00,72.00,81.86,12.65,M,M
LNK,2025-08-08 03:54,76.00,72.00,87.46,11.50,M,M
LNK,2025-08-08 04:54,75.00,71.00,87.41,11.50,M,M
LNK,2025-08-08 05:54,76.00,71.00,84.55,12.65,M,M
LNK,2025-08-08 06:54,75.00,71.00,87.41,9.20,M,M
LNK,2025-08-08 07:54,78.00,71.00,79.14,12.65,M,M
LNK,2025-08-08 08:54,82.00,72.00,71.84,13.80,M,M
LNK,2025-08-08 09:54,84.00,72.00,67.36,12.65,M,M
LNK,2025-08-08 10:54,86.00,72.00,63.19,18.40,M,M
LNK,2025-08-08 11:54,88.00,72.00,59.30,14.95,M,M
LNK,2025-08-08 12:54,90.00,73.00,57.60,18.40,M,M
LNK,2025-08-08 13:54,91.00,72.00,53.98,20.70,M,M
LNK,2025-08-08 14:54,90.00,73.00,57.60,9.20,M,M
LNK,2025-08-08 15:54,93.00,73.00,52.47,13.80,M,M
LNK,2025-08-08 16:21,92.00,74.00,55.97,14.95,M,M
LNK,2025-08-08 16:36,92.00,73.00,54.12,20.70,M,M
LNK,2025-08-08 16:54,93.00,72.00,50.73,19.55,M,M
LNK,2025-08-08 17:54,94.00,74.00,52.61,19.55,M,M
LNK,2025-08-08 18:54,91.00,74.00,57.73,12.65,M,29.90
LNK,2025-08-08 19:54,90.00,74.00,59.57,10.35,M,M
LNK,2025-08-08 20:54,88.00,74.00,63.43,14.95,M,M
LNK,2025-08-08 21:54,87.00,75.00,67.69,12.65,M,M
LNK,2025-08-08 22:54,84.00,74.00,72.04,13.80,M,M
LNK,2025-08-08 23:54,84.00,73.00,69.67,16.10,M,M
LNK,2025-08-09 00:54,82.00,73.00,74.31,10.35,M,M
LNK,2025-08-09 01:54,81.00,73.00,76.76,6.90,M,M
LNK,2025-08-09 02:54,79.00,73.00,81.93,4.60,M,M
LNK,2025-08-09 03:54,81.00,73.00,76.76,9.20,M,M
LNK,2025-08-09 04:17,81.00,72.00,74.21,5.75,M,M
LNK,2025-08-09 04:25,81.00,73.00,76.76,5.75,7000.00,M
LNK,2025-08-09 04:54,79.00,73.00,81.93,40.25,2900.00,57.50
LNK,2025-08-09 05:08,71.00,66.00,84.24,49.45,3100.00,75.90
LNK,2025-08-09 05:12,70.00,67.00,90.22,55.20,3100.00,81.65
LNK,2025-08-09 05:22,68.00,66.00,93.33,57.50,2300.00,90.85
LNK,2025-08-09 05:32,70.00,64.00,81.29,36.80,2700.00,90.85
LNK,2025-08-09 05:35,71.00,65.00,81.37,34.50,2500.00,90.85
LNK,2025-08-09 05:54,71.00,64.00,78.57,36.80,8000.00,90.85
LNK,2025-08-09 06:54,75.00,67.00,76.23,10.35,7000.00,46.00
LNK,2025-08-09 07:32,74.00,69.00,84.43,M,M,M
LNK,2025-08-09 07:47,M,M,M,M,M,M
LNK,2025-08-09 07:54,M,M,M,M,M,M
LNK,2025-08-09 08:27,M,M,M,M,M,M
LNK,2025-08-09 08:54,M,M,M,3.45,M,M
LNK,2025-08-09 09:54,M,M,M,M,M,M
LNK,2025-08-09 10:54,M,M,M,M,M,M
LNK,2025-08-09 11:54,M,M,M,0.00,M,M
LNK,2025-08-09 12:54,M,M,M,8.05,M,M
LNK,2025-08-09 13:54,M,M,M,4.60,M,M
LNK,2025-08-09 14:54,M,M,M,3.45,M,M
LNK,2025-08-09 15:54,M,M,M,9.20,3200.00,M
LNK,2025-08-09 16:54,M,M,M,M,3200.00,M
LNK,2025-08-09 17:54,85.00,74.00,69.77,4.60,M,M
LNK,2025-08-09 18:54,84.00,75.00,74.49,13.80,2300.00,M
LNK,2025-08-09 19:54,82.00,76.00,82.14,8.05,M,M
LNK,2025-08-09 20:41,81.00,76.00,84.85,5.75,1900.00,M
LNK,2025-08-09 20:51,82.40,75.20,78.96,6.90,1700.00,M
LNK,2025-08-09 20:54,82.00,76.00,82.14,5.75,1700.00,M
LNK,2025-08-09 21:19,81.00,76.00,84.85,5.75,2000.00,M
LNK,2025-08-09 21:43,81.00,76.00,84.85,5.75,2500.00,M
LNK,2025-08-09 21:54,80.00,76.00,87.66,4.60,2700.00,M
LNK,2025-08-09 22:54,77.00,76.00,96.74,8.05,M,M
LNK,2025-08-09 23:54,77.00,75.00,93.57,5.75,M,M
LNK,2025-08-10 00:32,77.00,75.00,93.57,10.35,4300.00,M
LNK,2025-08-10 00:47,77.00,76.00,96.74,17.25,4100.00,M
LNK,2025-08-10 00:54,77.00,75.00,93.57,12.65,4100.00,M
LNK,2025-08-10 01:00,76.00,75.00,96.73,12.65,400.00,M
LNK,2025-08-10 01:17,77.00,75.00,93.57,20.70,400.00,M
LNK,2025-08-10 01:21,75.00,72.00,90.42,26.45,400.00,42.55
LNK,2025-08-10 01:30,71.00,66.00,84.24,21.85,400.00,42.55
LNK,2025-08-10 01:43,72.00,69.00,90.30,18.40,1400.00,42.55
LNK,2025-08-10 01:54,72.00,67.00,84.30,27.60,1200.00,42.55
LNK,2025-08-10 02:10,69.00,67.00,93.36,16.10,1600.00,31.05
LNK,2025-08-10 02:16,69.00,67.00,93.36,17.25,2000.00,31.05
LNK,2025-08-10 02:28,70.00,67.00,90.22,13.80,4400.00,31.05
LNK,2025-08-10 02:33,70.00,68.00,93.38,24.15,5000.00,32.20
LNK,2025-08-10 02:37,70.00,68.00,93.38,28.75,2800.00,40.25
LNK,2025-08-10 02:54,69.00,67.00,93.36,5.75,1000.00,40.25
LNK,2025-08-10 03:04,68.00,66.00,93.33,4.60,1700.00,M
LNK,2025-08-10 03:11,68.00,66.00,93.33,0.00,800.00,M
LNK,2025-08-10 03:22,69.00,67.00,93.36,13.80,800.00,M
LNK,2025-08-10 03:33,68.00,67.00,96.61,9.20,700.00,M
LNK,2025-08-10 03:44,68.00,67.00,96.61,9.20,700.00,M
LNK,2025-08-10 03:54,68.00,67.00,96.61,12.65,2300.00,M
LNK,2025-08-10 04:04,69.00,67.00,93.36,12.65,7000.00,M
LNK,2025-08-10 04:54,69.00,67.00,93.36,4.60,M,M
LNK,2025-08-10 05:54,69.00,68.00,96.63,3.45,5000.00,M
LNK,2025-08-10 06:06,69.00,67.00,93.36,9.20,600.00,M
LNK,2025-08-10 06:54,69.00,67.00,93.36,4.60,M,M
LNK,2025-08-10 07:54,70.00,67.00,90.22,8.05,12000.00,M
LNK,2025-08-10 08:54,71.00,66.00,84.24,0.00,M,M
LNK,2025-08-10 09:54,73.00,66.00,78.74,8.05,M,M
LNK,2025-08-10 10:54,75.00,66.00,73.64,8.05,M,M
LNK,2025-08-10 11:54,79.00,66.00,64.51,10.35,M,M
LNK,2025-08-10 12:54,82.00,67.00,60.57,12.65,M,M
LNK,2025-08-10 13:54,84.00,66.00,54.85,13.80,M,M
LNK,2025-08-10 14:54,84.00,67.00,56.78,6.90,M,M
LNK,2025-08-10 15:54,80.00,68.00,66.90,17.25,4100.00,M
LNK,2025-08-10 16:17,78.00,71.00,79.14,11.50,3500.00,M
LNK,2025-08-10 16:54,84.00,69.00,60.82,3.45,M,M
LNK,2025-08-10 17:54,84.00,69.00,60.82,0.00,M,M
LNK,2025-08-10 18:54,83.00,69.00,62.81,4.60,M,M
LNK,2025-08-10 19:54,80.00,70.00,71.64,8.05,M,M
LNK,2025-08-10 20:54,75.00,69.00,81.65,6.90,M,M
LNK,2025-08-10 21:54,75.00,68.00,78.90,0.00,M,M
LNK,2025-08-10 22:54,71.00,69.00,93.41,5.75,M,M
LNK,2025-08-10 23:54,71.00,68.00,90.26,4.60,M,M
LNK,2025-08-11 00:54,71.00,68.00,90.26,6.90,M,M
LNK,2025-08-11 01:54,68.00,67.00,96.61,5.75,M,M
LNK,2025-08-11 02:54,67.00,66.00,96.60,3.45,M,M
LNK,2025-08-11 03:54,69.00,67.00,93.36,0.00,M,M
LNK,2025-08-11 04:54,68.00,67.00,96.61,0.00,M,M
LNK,2025-08-11 05:54,68.00,66.00,93.33,0.00,M,M
LNK,2025-08-11 06:54,67.00,66.00,96.60,3.45,M,M
LNK,2025-08-11 07:54,68.00,67.00,96.61,3.45,M,M
LNK,2025-08-11 08:54,71.00,69.00,93.41,5.75,M,M
LNK,2025-08-11 09:37,71.00,69.00,93.41,3.45,900.00,M
LNK,2025-08-11 09:54,72.00,69.00,90.30,6.90,900.00,M
LNK,2025-08-11 10:54,74.00,70.00,87.36,5.75,3800.00,M
LNK,2025-08-11 11:47,74.00,70.00,87.36,14.95,1300.00,M
LNK,2025-08-11 11:54,74.00,69.00,84.43,13.80,1300.00,M
LNK,2025-08-11 12:15,73.00,70.00,90.34,8.05,1400.00,M
LNK,2025-08-11 12:32,74.00,71.00,90.38,5.75,900.00,M
LNK,2025-08-11 12:50,73.40,69.80,88.53,3.45,900.00,M
LNK,2025-08-11 12:54,74.00,70.00,87.36,6.90,900.00,M
LNK,2025-08-11 13:09,74.00,69.00,84.43,3.45,1000.00,M
LNK,2025-08-11 13:32,76.00,70.00,81.72,3.45,1500.00,M
LNK,2025-08-11 13:54,76.00,69.00,78.98,4.60,1500.00,M
LNK,2025-08-11 14:20,78.00,69.00,73.93,5.75,1700.00,M
LNK,2025-08-11 14:54,78.00,67.00,69.01,4.60,2700.00,M
LNK,2025-08-11 15:54,80.00,65.00,60.30,6.90,3500.00,M
LNK,2025-08-11 16:54,79.00,67.00,66.78,8.05,3200.00,M
LNK,2025-08-11 17:54,73.00,69.00,87.31,8.05,3100.00,M
LNK,2025-08-11 18:54,74.00,67.00,78.82,4.60,M,M
LNK,2025-08-11 19:54,75.00,65.00,71.12,0.00,M,M
LNK,2025-08-11 20:54,74.00,65.00,73.54,3.45,M,M
LNK,2025-08-11 21:54,69.00,67.00,93.36,3.45,M,M
LNK,2025-08-11 22:54,69.00,67.00,93.36,0.00,M,M
LNK,2025-08-11 23:54,68.00,66.00,93.33,0.00,M,M
LNK,2025-08-12 00:54,66.00,65.00,96.59,3.45,M,M
LNK,2025-08-12 01:54,67.00,65.00,93.30,3.45,M,M
LNK,2025-08-12 02:54,65.00,64.00,96.57,0.00,M,M
LNK,2025-08-12 03:54,64.00,63.00,96.56,3.45,M,M
LNK,2025-08-12 04:54,64.00,64.00,100.00,3.45,M,M
LNK,2025-08-12 05:54,66.00,64.00,93.27,0.00,M,M
LNK,2025-08-12 06:40,65.00,64.00,96.57,3.45,200.00,M
LNK,2025-08-12 06:54,65.00,64.00,96.57,0.00,M,M
LNK,2025-08-12 07:54,67.00,64.00,90.10,0.00,M,M
LNK,2025-08-12 08:54,71.00,67.00,87.21,0.00,M,M
LNK,2025-08-12 09:54,75.00,69.00,81.65,6.90,M,M
LNK,2025-08-12 10:54,76.00,68.00,76.32,4.60,M,M
LNK,2025-08-12 11:54,80.00,69.00,69.23,6.90,M,M
LNK,2025-08-12 12:54,82.00,67.00,60.57,6.90,M,M
LNK,2025-08-12 13:54,84.00,65.00,52.98,M,M,M
LNK,2025-08-12 14:54,85.00,67.00,54.99,3.45,4400.00,M
LNK,2025-08-12 15:54,85.00,68.00,56.92,0.00,6500.00,M
LNK,2025-08-12 16:54,86.00,68.00,55.13,11.50,4400.00,M
LNK,2025-08-12 17:54,84.00,68.00,58.77,10.35,4300.00,M
LNK,2025-08-12 18:54,83.00,66.00,56.65,9.20,M,M
LNK,2025-08-12 19:54,79.00,67.00,66.78,5.75,M,M
LNK,2025-08-12 20:54,74.00,68.00,81.58,6.90,M,M
LNK,2025-08-12 21:54,74.00,68.00,81.58,3.45,M,M
LNK,2025-08-12 22:54,73.00,65.00,76.05,0.00,M,M
LNK,2025-08-12 23:54,72.00,66.00,81.44,4.60,M,M
LNK,2025-08-13 00:54,66.00,64.00,93.27,5.75,M,M
LNK,2025-08-13 01:54,65.00,64.00,96.57,3.45,M,M
LNK,2025-08-13 02:54,64.00,63.00,96.56,3.45,M,M
LNK,2025-08-13 03:54,63.00,62.00,96.54,0.00,M,M
LNK,2025-08-13 04:54,63.00,61.00,93.19,3.45,M,M
LNK,2025-08-13 05:54,63.00,61.00,93.19,5.75,M,M
LNK,2025-08-13 06:54,63.00,61.00,93.19,5.75,M,M
LNK,2025-08-13 07:54,66.00,63.00,90.06,3.45,4700.00,M
LNK,2025-08-13 08:54,71.00,66.00,84.24,0.00,M,M
LNK,2025-08-13 09:54,78.00,68.00,71.43,8.05,M,M
LNK,2025-08-13 10:54,80.00,68.00,66.90,8.05,M,M
LNK,2025-08-13 11:54,83.00,70.00,65.00,10.35,M,M
LNK,2025-08-13 12:54,84.00,69.00,60.82,11.50,3400.00,M
LNK,2025-08-13 13:54,85.00,70.00,60.95,10.35,3600.00,M
LNK,2025-08-13 14:54,85.00,69.00,58.91,8.05,3900.00,M
LNK,2025-08-13 15:54,87.00,69.00,55.27,13.80,M,M
LNK,2025-08-13 16:54,87.00,69.00,55.27,12.65,M,M
LNK,2025-08-13 17:54,86.00,68.00,55.13,14.95,M,M
LNK,2025-08-13 18:54,84.00,68.00,58.77,13.80,M,M
LNK,2025-08-13 19:54,82.00,68.00,62.69,11.50,M,M
LNK,2025-08-13 20:54,80.00,69.00,69.23,9.20,M,M
LNK,2025-08-13 21:54,79.00,69.00,71.54,12.65,M,M
LNK,2025-08-13 22:54,77.00,69.00,76.41,10.35,M,M
LNK,2025-08-13 23:54,76.00,68.00,76.32,11.50,M,M
LNK,2025-08-14 00:54,73.00,67.00,81.51,6.90,M,M
LNK,2025-08-14 01:54,72.00,67.00,84.30,8.05,M,M
LNK,2025-08-14 02:54,72.00,67.00,84.30,3.45,M,M
LNK,2025-08-14 03:54,73.00,67.00,81.51,3.45,6000.00,M
LNK,2025-08-14 04:54,74.00,67.00,78.82,10.35,2200.00,M
LNK,2025-08-14 05:07,73.00,67.00,81.51,3.45,3100.00,M
LNK,2025-08-14 05:15,72.00,68.00,87.26,12.65,4300.00,M
LNK,2025-08-14 05:28,72.00,68.00,87.26,26.45,11000.00,33.35
LNK,2025-08-14 05:51,73.40,68.00,83.24,12.65,4600.00,36.80
LNK,2025-08-14 05:54,73.00,67.00,81.51,12.65,4600.00,36.80
LNK,2025-08-14 06:05,73.00,67.00,81.51,14.95,3700.00,M
LNK,2025-08-14 06:54,71.00,67.00,87.21,10.35,M,M
LNK,2025-08-14 07:54,71.00,68.00,90.26,8.05,M,M
LNK,2025-08-14 08:54,74.00,68.00,81.58,14.95,M,M
LNK,2025-08-14 09:54,79.00,70.00,74.02,14.95,M,M
LNK,2025-08-14 10:54,81.00,70.00,69.34,17.25,M,M
LNK,2025-08-14 11:54,84.00,70.00,62.94,19.55,M,M
LNK,2025-08-14 12:54,85.00,71.00,63.06,21.85,M,31.05
LNK,2025-08-14 13:54,88.00,71.00,57.33,20.70,M,31.05
LNK,2025-08-14 14:54,89.00,71.00,55.55,20.70,M,34.50
LNK,2025-08-14 15:54,90.00,72.00,55.69,24.15,M,34.50
LNK,2025-08-14 16:54,90.00,71.00,53.84,23.00,M,32.20
LNK,2025-08-14 17:54,89.00,71.00,55.55,18.40,M,31.05
LNK,2025-08-14 18:54,88.00,72.00,59.30,12.65,M,M
LNK,2025-08-14 19:54,85.00,71.00,63.06,12.65,M,M
LNK,2025-08-14 20:54,83.00,70.00,65.00,11.50,M,M
LNK,2025-08-14 21:54,82.00,70.00,67.13,12.65,M,M
LNK,2025-08-14 22:54,81.00,69.00,67.01,14.95,M,M
LNK,2025-08-14 23:54,79.00,69.00,71.54,16.10,M,M
LNK,2025-08-15 00:54,77.00,69.00,76.41,12.65,M,M
LNK,2025-08-15 01:54,76.00,69.00,78.98,11.50,M,M
LNK,2025-08-15 02:54,74.00,69.00,84.43,9.20,M,M
LNK,2025-08-15 03:54,74.00,69.00,84.43,8.05,M,M
LNK,2025-08-15 04:54,74.00,70.00,87.36,8.05,10000.00,M
LNK,2025-08-15 05:54,74.00,70.00,87.36,9.20,M,M
LNK,2025-08-15 06:54,76.00,70.00,81.72,13.80,11000.00,M
LNK,2025-08-15 07:54,79.00,70.00,74.02,13.80,M,M
LNK,2025-08-15 08:54,82.00,71.00,69.45,12.65,M,M
LNK,2025-08-15 09:54,84.00,72.00,67.36,11.50,M,M
LNK,2025-08-15 10:54,87.00,72.00,61.21,12.65,M,M
LNK,2025-08-15 11:54,89.00,74.00,61.46,12.65,M,M
LNK,2025-08-15 12:54,89.00,74.00,61.46,11.50,M,M
LNK,2025-08-15 13:54,91.00,74.00,57.73,10.35,M,M
LNK,2025-08-15 14:54,93.00,75.00,56.10,13.80,M,M
LNK,2025-08-15 15:54,94.00,76.00,56.24,12.65,M,M
LNK,2025-08-15 16:54,94.00,76.00,56.24,16.10,M,M
LNK,2025-08-15 17:54,93.00,76.00,58.00,17.25,M,M
LNK,2025-08-15 18:54,92.00,74.00,55.97,13.80,M,M
LNK,2025-08-15 19:54,89.00,75.00,63.55,12.65,M,M
LNK,2025-08-15 20:54,87.00,75.00,67.69,10.35,M,M
LNK,2025-08-15 21:54,85.00,74.00,69.77,13.80,M,M
LNK,2025-08-15 22:54,83.00,74.00,74.40,14.95,M,M
LNK,2025-08-15 23:54,82.00,73.00,74.31,11.50,M,M
LNK,2025-08-16 00:54,81.00,73.00,76.76,13.80,M,M
LNK,2025-08-16 01:54,78.00,73.00,84.67,12.65,M,M
LNK,2025-08-16 02:54,77.00,73.00,87.51,11.50,M,M
LNK,2025-08-16 03:54,76.00,72.00,87.46,10.35,M,M
LNK,2025-08-16 04:54,77.00,72.00,84.61,10.35,M,M
LNK,2025-08-16 05:54,79.00,71.00,76.58,11.50,M,M
LNK,2025-08-16 06:54,77.00,71.00,81.79,11.50,M,M
LNK,2025-08-16 07:54,78.00,71.00,79.14,11.50,M,M
LNK,2025-08-16 08:54,81.00,71.00,71.74,14.95,M,M
LNK,2025-08-16 09:54,84.00,71.00,65.11,13.80,M,M
LNK,2025-08-16 10:54,88.00,72.00,59.30,14.95,M,M
LNK,2025-08-16 11:54,90.00,73.00,57.60,17.25,M,M
LNK,2025-08-16 12:54,91.00,73.00,55.83,11.50,M,M
LNK,2025-08-16 13:54,93.00,73.00,52.47,14.95,M,M
LNK,2025-08-16 14:54,95.00,72.00,47.70,23.00,M,32.20
LNK,2025-08-16 15:54,95.00,72.00,47.70,18.40,M,31.05
LNK,2025-08-16 16:54,95.00,70.00,44.57,14.95,M,M
LNK,2025-08-16 17:54,94.00,72.00,49.19,19.55,M,M
LNK,2025-08-16 18:54,92.00,73.00,54.12,17.25,M,M
LNK,2025-08-16 19:54,88.00,73.00,61.34,11.50,M,M
LNK,2025-08-16 20:54,85.00,72.00,65.23,14.95,M,M
LNK,2025-08-16 21:54,83.00,71.00,67.24,11.50,M,M
LNK,2025-08-16 22:54,81.00,70.00,69.34,11.50,M,M
LNK,2025-08-16 23:54,78.00,70.00,76.49,9.20,M,M
LNK,2025-08-17 00:54,77.00,69.00,76.41,9.20,M,M
LNK,2025-08-17 01:54,77.00,70.00,79.06,10.35,M,M
LNK,2025-08-17 02:54,76.00,70.00,81.72,8.05,M,M
LNK,2025-08-17 03:54,76.00,70.00,81.72,9.20,M,M
LNK,2025-08-17 04:54,76.00,70.00,81.72,9.20,M,M
LNK,2025-08-17 05:54,75.00,70.00,84.49,9.20,9000.00,M
LNK,2025-08-17 06:54,75.00,70.00,84.49,9.20,9500.00,M
LNK,2025-08-17 07:54,78.00,70.00,76.49,12.65,9000.00,M
LNK,2025-08-17 08:54,82.00,71.00,69.45,11.50,M,M
LNK,2025-08-17 09:54,84.00,71.00,65.11,10.35,M,M
LNK,2025-08-17 10:54,87.00,72.00,61.21,11.50,M,M
LNK,2025-08-17 11:54,89.00,73.00,59.44,13.80,M,M
LNK,2025-08-17 12:54,91.00,74.00,57.73,14.95,M,M
LNK,2025-08-17 13:54,91.00,72.00,53.98,16.10,M,M
LNK,2025-08-17 14:54,92.00,73.00,54.12,14.95,M,M
LNK,2025-08-17 15:54,92.00,71.00,50.58,17.25,4900.00,M
LNK,2025-08-17 16:54,92.00,72.00,52.32,14.95,M,M
LNK,2025-08-17 17:54,91.00,73.00,55.83,13.80,M,M
LNK,2025-08-17 18:54,90.00,73.00,57.60,12.65,M,M
LNK,2025-08-17 19:54,87.00,73.00,63.31,10.35,M,M
LNK,2025-08-17 20:54,84.00,73.00,69.67,9.20,M,M
LNK,2025-08-17 21:54,84.00,73.00,69.67,11.50,M,M
LNK,2025-08-17 22:54,82.00,73.00,74.31,11.50,M,M
LNK,2025-08-17 23:54,81.00,73.00,76.76,9.20,11000.00,M
LNK,2025-08-18 00:54,80.00,73.00,79.30,5.75,10000.00,M
LNK,2025-08-18 01:54,80.00,72.00,76.67,9.20,M,M
LNK,2025-08-18 02:54,78.00,73.00,84.67,6.90,9500.00,M
LNK,2025-08-18 03:54,78.00,73.00,84.67,6.90,10000.00,M
LNK,2025-08-18 04:54,75.00,73.00,93.52,18.40,1600.00,M
LNK,2025-08-18 05:41,71.00,69.00,93.41,6.90,9000.00,M
LNK,2025-08-18 05:54,71.00,69.00,93.41,4.60,9000.00,M
LNK,2025-08-18 06:02,71.00,70.00,96.66,9.20,11000.00,M
LNK,2025-08-18 06:54,72.00,70.00,93.44,11.50,M,M
LNK,2025-08-18 07:10,71.00,69.00,93.41,11.50,M,M
LNK,2025-08-18 07:54,71.00,69.00,93.41,8.05,M,M
LNK,2025-08-18 08:54,73.00,70.00,90.34,9.20,M,M
LNK,2025-08-18 09:54,75.00,71.00,87.41,8.05,M,M
LNK,2025-08-18 10:54,79.00,72.00,79.22,12.65,M,M
LNK,2025-08-18 11:54,83.00,73.00,71.94,6.90,M,M
LNK,2025-08-18 12:54,86.00,74.00,67.58,8.05,M,M
LNK,2025-08-18 13:54,87.00,75.00,67.69,M,2700.00,M
LNK,2025-08-18 14:01,86.00,75.00,69.88,3.45,2700.00,M
LNK,2025-08-18 14:43,88.00,74.00,63.43,4.60,3000.00,M
LNK,2025-08-18 14:54,88.00,74.00,63.43,0.00,3000.00,M
LNK,2025-08-18 15:54,90.00,74.00,59.57,0.00,3400.00,M
LNK,2025-08-18 16:54,89.00,75.00,63.55,M,3700.00,M
LNK,2025-08-18 17:54,87.00,76.00,69.99,8.05,4200.00,M
LNK,2025-08-18 18:54,87.00,77.00,72.34,10.35,M,M
LNK,2025-08-18 19:54,84.00,76.00,77.01,6.90,M,M
LNK,2025-08-18 20:54,82.00,76.00,82.14,5.75,M,M
LNK,2025-08-18 21:54,78.00,76.00,93.60,5.75,M,M
LNK,2025-08-18 22:54,77.00,75.00,93.57,4.60,M,M
LNK,2025-08-18 23:54,78.00,75.00,90.54,3.45,2900.00,M
LNK,2025-08-19 00:54,78.00,75.00,90.54,0.00,3200.00,M
LNK,2025-08-19 01:54,75.00,73.00,93.52,4.60,M,M
LNK,2025-08-19 02:54,75.00,74.00,96.71,0.00,M,M
LNK,2025-08-19 03:54,73.00,72.00,96.69,6.90,M,M
LNK,2025-08-19 04:54,73.00,72.00,96.69,4.60,M,M
LNK,2025-08-19 05:54,73.00,71.00,93.47,4.60,M,M
LNK,2025-08-19 06:54,71.00,70.00,96.66,0.00,M,M
LNK,2025-08-19 07:54,76.00,73.00,90.46,3.45,M,M
LNK,2025-08-19 08:54,79.00,74.00,84.73,5.75,M,M
LNK,2025-08-19 09:12,80.00,74.00,82.00,5.75,1600.00,M
LNK,2025-08-19 09:54,79.00,74.00,84.73,8.05,1700.00,M
LNK,2025-08-19 10:15,81.00,75.00,82.07,5.75,1900.00,M
LNK,2025-08-19 10:37,81.00,74.00,79.38,3.45,2000.00,M
LNK,2025-08-19 10:54,84.00,75.00,74.49,5.75,1700.00,M
LNK,2025-08-19 11:54,84.00,74.00,72.04,4.60,2300.00,M
LNK,2025-08-19 12:54,86.00,72.00,63.19,0.00,M,M
LNK,2025-08-19 13:54,88.00,72.00,59.30,4.60,M,M
LNK,2025-08-19 14:54,90.00,71.00,53.84,6.90,4200.00,M
LNK,2025-08-19 15:54,91.00,72.00,53.98,8.05,4600.00,M
LNK,2025-08-19 16:54,90.00,70.00,52.04,5.75,M,M
LNK,2025-08-19 17:54,90.00,71.00,53.84,8.05,M,M
LNK,2025-08-19 18:54,88.00,71.00,57.33,5.75,M,M
LNK,2025-08-19 19:54,84.00,73.00,69.67,5.75,M,M
LNK,2025-08-19 20:54,79.00,74.00,84.73,6.90,M,M
LNK,2025-08-19 21:54,79.00,73.00,81.93,6.90,M,M
LNK,2025-08-19 22:54,76.00,72.00,87.46,5.75,M,M
LNK,2025-08-19 23:54,77.00,72.00,84.61,0.00,M,M
LNK,2025-08-20 00:54,76.00,72.00,87.46,0.00,M,M
LNK,2025-08-20 01:54,73.00,71.00,93.47,0.00,M,M
LNK,2025-08-20 02:54,73.00,71.00,93.47,4.60,M,M
LNK,2025-08-20 03:54,71.00,70.00,96.66,5.75,M,M
LNK,2025-08-20 04:54,70.00,69.00,96.64,6.90,M,M
LNK,2025-08-20 05:54,69.00,68.00,96.63,5.75,M,M
LNK,2025-08-20 06:54,69.00,68.00,96.63,4.60,M,M
LNK,2025-08-20 07:54,73.00,70.00,90.34,0.00,M,M
LNK,2025-08-20 08:54,77.00,72.00,84.61,0.00,M,M
LNK,2025-08-20 09:54,81.00,73.00,76.76,0.00,M,M
LNK,2025-08-20 10:54,84.00,71.00,65.11,0.00,M,M
LNK,2025-08-20 11:54,86.00,71.00,61.08,4.60,M,M
LNK,2025-08-20 12:54,87.00,71.00,59.17,4.60,4200.00,M
LNK,2025-08-20 13:54,88.00,70.00,55.41,9.20,4500.00,M
LNK,2025-08-20 14:54,88.00,68.00,51.75,4.60,M,M
LNK,2025-08-20 15:54,89.00,69.00,51.89,9.20,5000.00,M
LNK,2025-08-20 16:54,90.00,64.00,42.30,4.60,M,M
LNK,2025-08-20 17:54,89.00,63.00,42.15,6.90,M,M
LNK,2025-08-20 18:54,87.00,64.00,46.49,8.05,M,M
LNK,2025-08-20 19:54,82.00,67.00,60.57,9.20,M,M
LNK,2025-08-20 20:54,80.00,69.00,69.23,6.90,M,M
LNK,2025-08-20 21:54,76.00,69.00,78.98,5.75,M,M
LNK,2025-08-20 22:54,76.00,70.00,81.72,3.45,M,M
LNK,2025-08-20 23:54,76.00,70.00,81.72,4.60,M,M
LNK,2025-08-21 00:54,76.00,69.00,78.98,4.60,M,M
LNK,2025-08-21 01:54,75.00,68.00,78.90,0.00,M,M
LNK,2025-08-21 02:54,74.00,67.00,78.82,4.60,M,M
LNK,2025-08-21 03:54,70.00,67.00,90.22,0.00,M,M
LNK,2025-08-21 04:54,68.00,66.00,93.33,4.60,M,M
LNK,2025-08-21 05:54,68.00,66.00,93.33,0.00,M,M
LNK,2025-08-21 06:54,67.00,66.00,96.60,0.00,M,M
LNK,2025-08-21 07:54,72.00,68.00,87.26,0.00,M,M
LNK,2025-08-21 08:54,76.00,68.00,76.32,4.60,M,M
LNK,2025-08-21 09:54,79.00,69.00,71.54,3.45,M,M
LNK,2025-08-21 10:54,82.00,70.00,67.13,4.60,M,M
LNK,2025-08-21 11:54,84.00,68.00,58.77,3.45,M,M
LNK,2025-08-21 12:54,85.00,66.00,53.12,0.00,M,M
LNK,2025-08-21 13:54,89.00,67.00,48.45,3.45,4900.00,M
LNK,2025-08-21 14:54,89.00,68.00,50.14,4.60,M,M
LNK,2025-08-21 15:54,90.00,69.00,50.29,10.35,5000.00,M
LNK,2025-08-21 16:54,89.00,69.00,51.89,10.35,6000.00,M
LNK,2025-08-21 17:54,88.00,68.00,51.75,10.35,6000.00,M
LNK,2025-08-21 18:54,85.00,69.00,58.91,9.20,6000.00,M
LNK,2025-08-21 19:54,82.00,68.00,62.69,6.90,M,M
LNK,2025-08-21 20:54,79.00,68.00,69.12,9.20,M,M
LNK,2025-08-21 21:54,78.00,67.00,69.01,6.90,M,M
LNK,2025-08-21 22:54,75.00,67.00,76.23,10.35,M,M
LNK,2025-08-21 23:54,72.00,67.00,84.30,6.90,M,M
LNK,2025-08-22 00:54,70.00,66.00,87.16,6.90,M,M
LNK,2025-08-22 01:54,69.00,66.00,90.18,6.90,M,M
LNK,2025-08-22 02:54,67.00,65.00,93.30,5.75,M,M
LNK,2025-08-22 03:54,67.00,64.00,90.10,6.90,M,M
LNK,2025-08-22 04:54,66.00,63.00,90.06,5.75,M,M
LNK,2025-08-22 05:54,65.00,63.00,93.24,5.75,M,M
LNK,2025-08-22 06:54,65.00,63.00,93.24,5.75,6000.00,M
LNK,2025-08-22 07:54,67.00,64.00,90.10,6.90,6000.00,M
LNK,2025-08-22 08:54,72.00,66.00,81.44,6.90,6000.00,M
LNK,2025-08-22 09:54,77.00,66.00,68.90,9.20,M,M
LNK,2025-08-22 10:54,80.00,67.00,64.63,9.20,M,M
LNK,2025-08-22 11:54,83.00,69.00,62.81,12.65,M,M
LNK,2025-08-22 12:54,86.00,69.00,57.06,9.20,6500.00,M
LNK,2025-08-22 13:54,87.00,69.00,55.27,M,M,M
LNK,2025-08-22 14:54,89.00,70.00,53.70,6.90,M,M
LNK,2025-08-22 15:54,89.00,68.00,50.14,M,M,M
LNK,2025-08-22 16:45,87.00,67.00,51.60,6.90,9500.00,M
LNK,2025-08-22 16:54,86.00,68.00,55.13,6.90,7500.00,M
LNK,2025-08-22 17:17,83.00,70.00,65.00,3.45,8000.00,M
LNK,2025-08-22 17:43,81.00,71.00,71.74,4.60,4200.00,M
LNK,2025-08-22 17:54,81.00,71.00,71.74,8.05,4200.00,M
LNK,2025-08-22 18:14,79.00,74.00,84.73,12.65,4600.00,M
LNK,2025-08-22 18:54,79.00,74.00,84.73,8.05,M,M
LNK,2025-08-22 19:37,79.00,71.00,76.58,8.05,M,M
LNK,2025-08-22 19:54,78.00,69.00,73.93,6.90,M,M
LNK,2025-08-22 20:15,78.00,70.00,76.49,4.60,M,M
LNK,2025-08-22 20:54,77.00,73.00,87.51,9.20,M,M
LNK,2025-08-22 21:54,74.00,70.00,87.36,6.90,M,M
LNK,2025-08-22 22:54,71.00,69.00,93.41,5.75,4900.00,M
LNK,2025-08-22 23:54,71.00,70.00,96.66,5.75,M,M
LNK,2025-08-23 00:19,72.00,70.00,93.44,4.60,1000.00,M
LNK,2025-08-23 00:31,71.00,70.00,96.66,6.90,1000.00,M
LNK,2025-08-23 00:54,71.00,70.00,96.66,4.60,M,M
LNK,2025-08-23 01:54,72.00,70.00,93.44,5.75,M,M
LNK,2025-08-23 02:54,72.00,70.00,93.44,5.75,M,M
LNK,2025-08-23 03:54,71.00,69.00,93.41,6.90,M,M
LNK,2025-08-23 04:54,68.00,67.00,96.61,5.75,M,M
LNK,2025-08-23 05:54,69.00,68.00,96.63,8.05,M,M
LNK,2025-08-23 06:54,68.00,65.00,90.14,13.80,M,M
LNK,2025-08-23 07:54,67.00,61.00,81.07,12.65,M,M
LNK,2025-08-23 08:54,68.00,59.00,72.95,12.65,M,M
LNK,2025-08-23 09:54,71.00,58.00,63.53,17.25,M,M
LNK,2025-08-23 10:54,72.00,55.00,55.10,16.10,M,M
LNK,2025-08-23 11:54,73.00,52.00,47.73,16.10,M,M
LNK,2025-08-23 12:54,75.00,54.00,48.04,14.95,M,M
LNK,2025-08-23 13:54,75.00,54.00,48.04,11.50,M,M
LNK,2025-08-23 14:54,77.00,55.00,46.62,12.65,M,M
LNK,2025-08-23 15:54,78.00,54.00,43.49,12.65,M,M
LNK,2025-08-23 16:54,77.00,54.00,44.95,13.80,M,M
LNK,2025-08-23 17:54,77.00,54.00,44.95,10.35,M,M
LNK,2025-08-23 18:54,75.00,53.00,46.31,9.20,M,M
LNK,2025-08-23 19:54,71.00,55.00,57.00,6.90,M,M
LNK,2025-08-23 20:54,65.00,56.00,72.64,4.60,M,M
LNK,2025-08-23 21:54,63.00,56.00,77.91,4.60,M,M
LNK,2025-08-23 22:54,64.00,56.00,75.22,4.60,M,M
LNK,2025-08-23 23:54,59.00,55.00,86.57,0.00,M,M
LNK,2025-08-24 00:54,59.00,55.00,86.57,0.00,M,M
LNK,2025-08-24 01:54,58.00,56.00,93.04,4.60,8500.00,M
LNK,2025-08-24 02:54,57.00,55.00,93.01,5.75,10000.00,M
LNK,2025-08-24 03:54,60.00,55.00,83.54,3.45,9000.00,M
LNK,2025-08-24 04:54,61.00,55.00,80.62,4.60,9000.00,M
LNK,2025-08-24 05:54,61.00,55.00,80.62,3.45,9000.00,M
LNK,2025-08-24 06:54,61.00,57.00,86.68,0.00,9000.00,M
LNK,2025-08-24 07:54,60.00,58.00,93.10,0.00,6000.00,M
LNK,2025-08-24 08:54,62.00,57.00,83.67,3.45,8000.00,M
LNK,2025-08-24 09:54,63.00,57.00,80.77,3.45,10000.00,M
LNK,2025-08-24 10:54,66.00,55.00,67.66,3.45,7500.00,M
LNK,2025-08-24 11:54,70.00,56.00,61.15,4.60,10000.00,M
LNK,2025-08-24 12:54,71.00,52.00,51.07,4.60,8000.00,M
LNK,2025-08-24 13:54,73.00,55.00,53.28,4.60,4600.00,M
LNK,2025-08-24 14:54,74.00,56.00,53.42,9.20,4300.00,M
LNK,2025-08-24 15:54,73.00,56.00,55.24,6.90,6000.00,M
LNK,2025-08-24 16:54,75.00,56.00,51.67,10.35,6500.00,M
LNK,2025-08-24 17:54,73.00,56.00,55.24,9.20,6000.00,M
LNK,2025-08-24 18:54,72.00,55.00,55.10,6.90,7500.00,M
LNK,2025-08-24 19:54,68.00,57.00,67.89,5.75,M,M
LNK,2025-08-24 20:54,63.00,55.00,75.13,5.75,M,M
LNK,2025-08-24 21:54,60.00,54.00,80.54,5.75,M,M
LNK,2025-08-24 22:54,60.00,53.00,77.65,4.60,M,M
LNK,2025-08-24 23:54,57.00,52.00,83.34,6.90,M,M
LNK,2025-08-25 00:54,57.00,52.00,83.34,3.45,M,M
LNK,2025-08-25 01:54,53.00,51.00,92.89,3.45,M,M
LNK,2025-08-25 02:54,52.00,50.00,92.86,3.45,M,M
LNK,2025-08-25 03:54,54.00,51.00,89.55,0.00,5000.00,M
LNK,2025-08-25 04:54,53.00,50.00,89.51,5.75,5500.00,M
LNK,2025-08-25 05:54,55.00,51.00,86.35,0.00,6000.00,M
LNK,2025-08-25 06:54,54.00,51.00,89.55,4.60,M,M
LNK,2025-08-25 07:54,57.00,52.00,83.34,3.45,6500.00,M
LNK,2025-08-25 08:54,60.00,54.00,80.54,4.60,M,M
LNK,2025-08-25 09:54,64.00,51.00,62.64,0.00,M,M
LNK,2025-08-25 10:54,68.00,50.00,52.54,4.60,M,M
LNK,2025-08-25 11:54,70.00,47.00,43.85,5.75,M,M
LNK,2025-08-25 12:54,72.00,50.00,45.84,5.75,M,M
LNK,2025-08-25 13:54,72.00,50.00,45.84,0.00,5000.00,M
LNK,2025-08-25 14:54,73.00,50.00,44.33,10.35,5500.00,M
LNK,2025-08-25 15:54,76.00,50.00,40.10,6.90,6000.00,M
LNK,2025-08-25 16:54,76.00,51.00,41.61,6.90,7000.00,M
LNK,2025-08-25 17:54,73.00,52.00,47.73,6.90,M,M
LNK,2025-08-25 18:54,72.00,51.00,47.58,8.05,M,M
LNK,2025-08-25 19:54,67.00,51.00,56.44,6.90,M,M
LNK,2025-08-25 20:54,63.00,52.00,67.31,8.05,M,M
LNK,2025-08-25 21:54,65.00,52.00,62.76,0.00,M,M
LNK,2025-08-25 22:54,62.00,53.00,72.34,0.00,M,M
LNK,2025-08-25 23:54,56.00,52.00,86.40,3.45,M,M
LNK,2025-08-26 00:54,57.00,52.00,83.34,0.00,M,M
LNK,2025-08-26 01:54,53.00,50.00,89.51,4.60,5500.00,M
LNK,2025-08-26 02:54,54.00,52.00,92.92,0.00,5500.00,M
LNK,2025-08-26 03:54,52.00,50.00,92.86,3.45,9000.00,M
LNK,2025-08-26 04:54,54.00,52.00,92.92,0.00,11000.00,M
LNK,2025-08-26 05:54,55.00,52.00,89.60,0.00,9000.00,M
LNK,2025-08-26 06:54,58.00,52.00,80.39,3.45,8000.00,M
LNK,2025-08-26 07:54,58.00,52.00,80.39,3.45,4900.00,M
LNK,2025-08-26 08:54,61.00,53.00,74.94,5.75,4200.00,M
LNK,2025-08-26 09:54,63.00,54.00,72.44,0.00,4900.00,M
LNK,2025-08-26 10:54,67.00,57.00,70.27,0.00,5000.00,M
LNK,2025-08-26 11:54,72.00,58.00,61.41,0.00,5500.00,M
LNK,2025-08-26 12:54,76.00,58.00,53.71,5.75,4300.00,M
LNK,2025-08-26 13:54,76.00,57.00,51.81,6.90,4500.00,M
LNK,2025-08-26 14:54,79.00,58.00,48.65,9.20,4300.00,M
LNK,2025-08-26 15:54,79.00,56.00,45.26,11.50,4900.00,M
LNK,2025-08-26 16:54,79.00,57.00,46.93,11.50,7000.00,M
LNK,2025-08-26 17:54,80.00,57.00,45.42,6.90,5000.00,M
LNK,2025-08-26 18:54,78.00,57.00,48.50,9.20,5000.00,M
LNK,2025-08-26 19:54,73.00,58.00,59.38,4.60,M,M
LNK,2025-08-26 20:54,72.00,58.00,61.41,3.45,7000.00,M
LNK,2025-08-26 21:54,71.00,60.00,68.23,3.45,6000.00,M
LNK,2025-08-26 22:54,70.00,60.00,70.59,6.90,6000.00,M
LNK,2025-08-26 23:54,66.00,59.00,78.16,9.20,M,M
LNK,2025-08-27 00:54,64.00,58.00,80.85,8.05,M,M
LNK,2025-08-27 01:54,61.00,57.00,86.68,8.05,M,M
LNK,2025-08-27 02:54,59.00,56.00,89.77,5.75,M,M
LNK,2025-08-27 03:54,59.00,55.00,86.57,5.75,M,M
LNK,2025-08-27 04:54,57.00,54.00,89.68,4.60,M,M
LNK,2025-08-27 05:54,59.00,55.00,86.57,3.45,M,M
LNK,2025-08-27 06:54,57.00,54.00,89.68,3.45,M,M
LNK,2025-08-27 07:54,59.00,56.00,89.77,0.00,M,M
LNK,2025-08-27 08:54,63.00,55.00,75.13,6.90,M,M
LNK,2025-08-27 09:54,68.00,55.00,63.15,9.20,M,M
LNK,2025-08-27 10:54,73.00,53.00,49.52,13.80,M,M
LNK,2025-08-27 11:54,75.00,53.00,46.31,12.65,M,M
LNK,2025-08-27 12:54,78.00,53.00,41.93,11.50,M,M
LNK,2025-08-27 13:54,80.00,51.00,36.48,13.80,9000.00,M
LNK,2025-08-27 14:54,79.00,50.00,36.32,12.65,M,M
LNK,2025-08-27 15:54,78.00,52.00,40.42,10.35,M,M
LNK,2025-08-27 16:54,78.00,53.00,41.93,10.35,M,M
LNK,2025-08-27 17:54,79.00,54.00,42.09,11.50,M,M
LNK,2025-08-27 18:54,76.00,55.00,48.19,11.50,M,M
LNK,2025-08-27 19:54,73.00,58.00,59.38,10.35,M,M
LNK,2025-08-27 20:54,70.00,60.00,70.59,8.05,M,M
LNK,2025-08-27 21:54,68.00,60.00,75.59,9.20,M,M
LNK,2025-08-27 22:54,64.00,58.00,80.85,6.90,5000.00,M
LNK,2025-08-27 23:54,62.00,58.00,86.73,6.90,M,M
LNK,2025-08-28 00:54,60.00,56.00,86.62,5.75,M,M
LNK,2025-08-28 01:13,63.00,58.00,83.73,5.75,2200.00,M
LNK,2025-08-28 01:54,63.00,58.00,83.73,5.75,1900.00,M
LNK,2025-08-28 02:11,63.00,58.00,83.73,4.60,1700.00,M
LNK,2025-08-28 02:54,63.00,58.00,83.73,4.60,1600.00,M
LNK,2025-08-28 03:07,61.00,57.00,86.68,3.45,1500.00,M
LNK,2025-08-28 03:54,61.00,57.00,86.68,3.45,1600.00,M
LNK,2025-08-28 04:09,62.00,58.00,86.73,4.60,1600.00,M
LNK,2025-08-28 04:54,62.00,58.00,86.73,4.60,1300.00,M
LNK,2025-08-28 05:54,64.00,59.00,83.80,3.45,900.00,M
LNK,2025-08-28 06:24,64.00,60.00,86.84,0.00,1000.00,M
LNK,2025-08-28 06:54,65.00,61.00,86.89,0.00,1400.00,M
LNK,2025-08-28 07:54,65.00,60.00,83.86,3.45,1200.00,M
LNK,2025-08-28 08:01,65.00,60.00,83.86,4.60,2000.00,M
LNK,2025-08-28 08:21,65.00,60.00,83.86,4.60,900.00,M
LNK,2025-08-28 08:28,65.00,60.00,83.86,3.45,900.00,M
LNK,2025-08-28 08:54,66.00,61.00,83.93,0.00,900.00,M
LNK,2025-08-28 09:07,66.00,61.00,83.93,4.60,1000.00,M
LNK,2025-08-28 09:54,67.00,62.00,83.99,6.90,1200.00,M
LNK,2025-08-28 10:30,68.00,62.00,81.15,8.05,1700.00,M
LNK,2025-08-28 10:43,69.00,62.00,78.41,9.20,1900.00,M
LNK,2025-08-28 10:54,68.00,62.00,81.15,6.90,2100.00,M
LNK,2025-08-28 11:54,70.00,62.00,75.78,5.75,2000.00,M
LNK,2025-08-28 12:54,71.00,62.00,73.24,8.05,1900.00,M
LNK,2025-08-28 13:54,73.00,62.00,68.46,3.45,2400.00,M
LNK,2025-08-28 14:45,74.00,62.00,66.20,0.00,2700.00,M
LNK,2025-08-28 14:54,75.00,62.00,64.02,3.45,2900.00,M
LNK,2025-08-28 15:54,76.00,63.00,64.15,9.20,3000.00,M
LNK,2025-08-28 16:54,75.00,63.00,66.32,9.20,3000.00,M
LNK,2025-08-28 17:54,75.00,62.00,64.02,4.60,3500.00,M
LNK,2025-08-28 18:54,75.00,62.00,64.02,4.60,M,M
LNK,2025-08-28 19:54,74.00,62.00,66.20,0.00,4200.00,M
LNK,2025-08-28 20:54,67.00,62.00,83.99,4.60,M,M
LNK,2025-08-28 21:54,66.00,61.00,83.93,0.00,M,M
LNK,2025-08-28 22:54,67.00,62.00,83.99,0.00,4100.00,M
LNK,2025-08-28 23:54,63.00,61.00,93.19,3.45,4300.00,M
LNK,2025-08-29 00:54,62.00,60.00,93.16,3.45,4700.00,M
LNK,2025-08-29 01:54,62.00,60.00,93.16,0.00,4800.00,M
LNK,2025-08-29 02:54,62.00,60.00,93.16,0.00,M,M
LNK,2025-08-29 03:54,62.00,60.00,93.16,0.00,M,M
LNK,2025-08-29 04:54,62.00,59.00,89.89,0.00,M,M
LNK,2025-08-29 05:54,61.00,59.00,93.13,0.00,M,M
LNK,2025-08-29 06:54,59.00,58.00,96.48,0.00,M,M
LNK,2025-08-29 07:54,62.00,59.00,89.89,0.00,5500.00,M
LNK,2025-08-29 08:54,68.00,62.00,81.15,4.60,M,M
LNK,2025-08-29 09:54,74.00,64.00,71.02,9.20,M,M
LNK,2025-08-29 10:54,77.00,61.00,57.83,10.35,6000.00,M
LNK,2025-08-29 11:54,79.00,61.00,54.14,12.65,M,M
LNK,2025-08-29 12:54,80.00,60.00,50.57,10.35,4300.00,M
LNK,2025-08-29 13:54,79.00,60.00,52.25,5.75,4500.00,M
LNK,2025-08-29 14:54,80.00,60.00,50.57,11.50,6000.00,M
LNK,2025-08-29 15:54,80.00,60.00,50.57,9.20,6000.00,M
LNK,2025-08-29 16:54,79.00,59.00,50.42,6.90,5500.00,M
LNK,2025-08-29 17:54,78.00,63.00,60.04,5.75,6500.00,M
LNK,2025-08-29 18:54,76.00,66.00,71.23,4.60,7000.00,M
LNK,2025-08-29 19:54,74.00,66.00,76.14,6.90,8000.00,M
LNK,2025-08-29 20:54,71.00,66.00,84.24,0.00,8000.00,M
LNK,2025-08-29 21:54,71.00,65.00,81.37,0.00,8000.00,M
LNK,2025-08-29 22:54,71.00,60.00,68.23,6.90,8000.00,M
LNK,2025-08-29 23:54,70.00,57.00,63.40,9.20,6500.00,M
LNK,2025-08-30 00:54,69.00,57.00,65.60,6.90,8000.00,M
LNK,2025-08-30 01:54,66.00,56.00,70.16,4.60,M,M
LNK,2025-08-30 02:54,66.00,57.00,72.74,3.45,M,M
LNK,2025-08-30 03:54,67.00,58.00,72.85,3.45,5000.00,M
LNK,2025-08-30 04:54,66.00,58.00,75.41,3.45,3500.00,M
LNK,2025-08-30 05:54,66.00,60.00,81.00,3.45,3700.00,M
LNK,2025-08-30 06:54,68.00,60.00,75.59,4.60,3000.00,M
LNK,2025-08-30 07:54,68.00,60.00,75.59,5.75,4500.00,M
LNK,2025-08-30 08:54,69.00,59.00,70.49,8.05,12000.00,M
LNK,2025-08-30 09:54,71.00,60.00,68.23,6.90,7000.00,M
LNK,2025-08-30 10:54,73.00,61.00,66.08,9.20,M,M
LNK,2025-08-30 11:54,72.00,62.00,70.81,10.35,9000.00,M
LNK,2025-08-30 12:54,70.00,65.00,84.18,5.75,10000.00,M
LNK,2025-08-30 13:54,70.00,66.00,87.16,5.75,8000.00,M
LNK,2025-08-30 14:54,71.00,67.00,87.21,6.90,4600.00,M
LNK,2025-08-30 15:44,70.00,67.00,90.22,8.05,2400.00,M
LNK,2025-08-30 15:54,70.00,67.00,90.22,8.05,2100.00,M
LNK,2025-08-30 16:17,70.00,67.00,90.22,6.90,2000.00,M
LNK,2025-08-30 16:54,69.00,67.00,93.36,9.20,2800.00,M
LNK,2025-08-30 17:31,69.00,67.00,93.36,5.75,1000.00,M
LNK,2025-08-30 17:54,69.00,67.00,93.36,10.35,1300.00,M
LNK,2025-08-30 17:56,69.00,67.00,93.36,13.80,1100.00,M
LNK,2025-08-30 17:59,68.00,66.00,93.33,11.50,1100.00,M
LNK,2025-08-30 18:09,68.00,66.00,93.33,4.60,1500.00,M
LNK,2025-08-30 18:11,68.00,66.00,93.33,6.90,1200.00,M
LNK,2025-08-30 18:24,68.00,66.00,93.33,6.90,2700.00,M
LNK,2025-08-30 18:54,68.00,66.00,93.33,8.05,4500.00,M
LNK,2025-08-30 19:54,68.00,65.00,90.14,4.60,5500.00,M
LNK,2025-08-30 20:54,68.00,65.00,90.14,6.90,3400.00,M
LNK,2025-08-30 21:54,67.00,64.00,90.10,12.65,1100.00,M
LNK,2025-08-30 22:54,66.00,63.00,90.06,5.75,4200.00,M
LNK,2025-08-30 23:54,66.00,62.00,86.95,6.90,4600.00,M
LNK,2025-08-31 00:54,66.00,62.00,86.95,0.00,1400.00,M
LNK,2025-08-31 01:54,65.00,62.00,90.02,5.75,3300.00,M
LNK,2025-08-31 02:34,64.00,62.00,93.22,6.90,2900.00,M
LNK,2025-08-31 02:54,64.00,62.00,93.22,5.75,2700.00,M
LNK,2025-08-31 03:46,64.00,62.00,93.22,6.90,900.00,M
LNK,2025-08-31 03:54,64.00,62.00,93.22,8.05,900.00,M
LNK,2025-08-31 04:04,64.00,62.00,93.22,8.05,800.00,M
LNK,2025-08-31 04:33,64.00,63.00,96.56,6.90,800.00,M
LNK,2025-08-31 04:54,64.00,63.00,96.56,8.05,800.00,M
LNK,2025-08-31 05:03,64.00,62.00,93.22,8.05,800.00,M
LNK,2025-08-31 05:31,64.00,62.00,93.22,4.60,3000.00,M
LNK,2025-08-31 05:54,64.00,62.00,93.22,3.45,3800.00,M
LNK,2025-08-31 06:54,64.00,62.00,93.22,5.75,4100.00,M
LNK,2025-08-31 07:54,64.00,62.00,93.22,4.60,4400.00,M
LNK,2025-08-31 08:54,64.00,62.00,93.22,4.60,1600.00,M
LNK,2025-08-31 09:16,64.00,62.00,93.22,9.20,1400.00,M
LNK,2025-08-31 09:40,64.00,62.00,93.22,11.50,2800.00,M
LNK,2025-08-31 09:54,64.00,62.00,93.22,11.50,2600.00,M
LNK,2025-08-31 10:23,65.00,63.00,93.24,10.35,800.00,M
LNK,2025-08-31 10:32,65.00,63.00,93.24,8.05,800.00,M
LNK,2025-08-31 10:54,65.00,63.00,93.24,8.05,800.00,M
LNK,2025-08-31 11:10,66.00,63.00,90.06,9.20,800.00,M
LNK,2025-08-31 11:18,66.00,63.00,90.06,9.20,1000.00,M
LNK,2025-08-31 11:30,66.00,64.00,93.27,9.20,800.00,M
LNK,2025-08-31 11:43,66.00,64.00,93.27,8.05,800.00,M
LNK,2025-08-31 11:54,66.00,64.00,93.27,6.90,900.00,M
LNK,2025-08-31 12:03,66.00,64.00,93.27,8.05,900.00,M
LNK,2025-08-31 12:54,66.00,64.00,93.27,10.35,800.00,M
LNK,2025-08-31 13:54,67.00,64.00,90.10,9.20,1000.00,M
LNK,2025-08-31 14:46,68.00,64.00,87.05,10.35,700.00,M
LNK,2025-08-31 14:54,68.00,64.00,87.05,8.05,700.00,M
LNK,2025-08-31 15:01,68.00,64.00,87.05,8.05,1200.00,M
LNK,2025-08-31 15:54,68.00,64.00,87.05,8.05,1100.00,M
LNK,2025-08-31 16:25,67.00,64.00,90.10,9.20,900.00,M
LNK,2025-08-31 16:54,67.00,64.00,90.10,10.35,900.00,M
LNK,2025-08-31 17:54,67.00,64.00,90.10,8.05,800.00,M
LNK,2025-08-31 18:54,67.00,64.00,90.10,8.05,900.00,M
LNK,2025-08-31 19:54,67.00,64.00,90.10,9.20,900.00,M
LNK,2025-08-31 20:54,67.00,64.00,90.10,6.90,900.00,M
LNK,2025-08-31 21:54,67.00,65.00,93.30,6.90,600.00,M
LNK,2025-08-31 22:54,67.00,64.00,90.10,8.05,700.00,M
LNK,2025-08-31 23:54,67.00,65.00,93.30,11.50,900.00,M
LNK,2025-09-01 00:03,67.00,65.00,93.30,12.65,1100.00,M
LNK,2025-09-01 00:15,66.00,65.00,96.59,14.95,1100.00,M
LNK,2025-09-01 00:23,67.00,65.00,93.30,11.50,1100.00,M
LNK,2025-09-01 00:54,66.00,64.00,93.27,14.95,1100.00,M
LNK,2025-09-01 01:12,66.00,63.00,90.06,17.25,1100.00,M
LNK,2025-09-01 01:54,65.00,63.00,93.24,17.25,1100.00,M
LNK,2025-09-01 02:00,65.00,63.00,93.24,16.10,1100.00,M
LNK,2025-09-01 02:07,65.00,63.00,93.24,16.10,1100.00,M
LNK,2025-09-01 02:54,65.00,63.00,93.24,11.50,1100.00,M
LNK,2025-09-01 03:03,65.00,63.00,93.24,10.35,1100.00,M
LNK,2025-09-01 03:15,65.00,63.00,93.24,11.50,1100.00,M
LNK,2025-09-01 03:25,65.00,63.00,93.24,9.20,900.00,M
LNK,2025-09-01 03:40,65.00,64.00,96.57,8.05,900.00,M
LNK,2025-09-01 03:54,65.00,63.00,93.24,10.35,600.00,M
LNK,2025-09-01 04:01,65.00,63.00,93.24,11.50,600.00,M
LNK,2025-09-01 04:22,64.00,63.00,96.56,8.05,800.00,M
LNK,2025-09-01 04:27,64.00,63.00,96.56,8.05,800.00,M
LNK,2025-09-01 04:36,64.00,63.00,96.56,8.05,300.00,M
LNK,2025-09-01 04:48,64.40,62.60,93.89,10.35,400.00,M
LNK,2025-09-01 04:54,64.00,63.00,96.56,11.50,400.00,M
LNK,2025-09-01 05:05,64.00,63.00,96.56,12.65,800.00,M
LNK,2025-09-01 05:19,64.00,63.00,96.56,9.20,800.00,M
LNK,2025-09-01 05:25,64.00,63.00,96.56,10.35,800.00,M
LNK,2025-09-01 05:41,64.00,63.00,96.56,9.20,800.00,M
LNK,2025-09-01 05:54,64.00,63.00,96.56,11.50,800.00,M
LNK,2025-09-01 06:17,64.00,63.00,96.56,10.35,900.00,M
LNK,2025-09-01 06:54,64.00,63.00,96.56,12.65,1700.00,M
LNK,2025-09-01 07:16,64.00,63.00,96.56,10.35,900.00,M
LNK,2025-09-01 07:24,64.00,63.00,96.56,9.20,900.00,M
LNK,2025-09-01 07:54,65.00,63.00,93.24,12.65,600.00,M
LNK,2025-09-01 08:29,65.00,63.00,93.24,11.50,800.00,M
LNK,2025-09-01 08:37,65.00,63.00,93.24,10.35,800.00,M
LNK,2025-09-01 08:54,65.00,63.00,93.24,11.50,800.00,M
LNK,2025-09-01 09:54,64.00,62.00,93.22,13.80,800.00,M
LNK,2025-09-01 10:02,64.00,62.00,93.22,12.65,800.00,M
LNK,2025-09-01 10:49,62.60,62.60,100.00,12.65,800.00,M
LNK,2025-09-01 10:54,63.00,62.00,96.54,11.50,800.00,M
LNK,2025-09-01 11:15,64.00,62.00,93.22,10.35,800.00,M
LNK,2025-09-01 11:43,64.00,62.00,93.22,10.35,800.00,M
LNK,2025-09-01 11:54,64.00,62.00,93.22,11.50,800.00,M
LNK,2025-09-01 12:09,64.00,62.00,93.22,11.50,1000.00,M
LNK,2025-09-01 12:35,64.00,62.00,93.22,12.65,800.00,M
LNK,2025-09-01 12:54,64.00,62.00,93.22,12.65,1000.00,M
LNK,2025-09-01 13:17,64.00,62.00,93.22,10.35,900.00,M
LNK,2025-09-01 13:54,64.00,62.00,93.22,12.65,1000.00,M
LNK,2025-09-01 14:14,64.00,62.00,93.22,9.20,800.00,M
LNK,2025-09-01 14:23,64.00,62.00,93.22,10.35,800.00,M
LNK,2025-09-01 14:52,64.40,62.60,93.89,9.20,1000.00,M
LNK,2025-09-01 14:54,64.00,62.00,93.22,10.35,1000.00,M
LNK,2025-09-01 15:39,64.00,62.00,93.22,11.50,900.00,M
LNK,2025-09-01 15:49,64.40,60.80,88.10,11.50,1000.00,M
LNK,2025-09-01 15:54,65.00,62.00,90.02,11.50,1000.00,M
LNK,2025-09-01 16:22,64.00,61.00,89.98,12.65,800.00,M
LNK,2025-09-01 16:29,65.00,61.00,86.89,12.65,1100.00,M
LNK,2025-09-01 16:54,64.00,61.00,89.98,11.50,1000.00,M
LNK,2025-09-01 17:04,64.00,60.00,86.84,10.35,900.00,M
LNK,2025-09-01 17:28,64.00,60.00,86.84,10.35,1000.00,M
LNK,2025-09-01 17:54,64.00,60.00,86.84,6.90,1100.00,M
LNK,2025-09-01 18:54,65.00,60.00,83.86,8.05,1300.00,M
LNK,2025-09-01 19:16,64.00,59.00,83.80,8.05,1500.00,M
LNK,2025-09-01 19:39,64.00,59.00,83.80,6.90,1500.00,M
LNK,2025-09-01 19:54,64.00,59.00,83.80,5.75,2000.00,M
LNK,2025-09-01 20:42,63.00,59.00,86.79,3.45,2200.00,M
LNK,2025-09-01 20:54,62.00,59.00,89.89,3.45,4000.00,M
LNK,2025-09-01 21:54,60.00,58.00,93.10,3.45,1500.00,M
LNK,2025-09-01 22:54,60.00,59.00,96.50,5.75,1100.00,M
LNK,2025-09-01 23:54,60.00,59.00,96.50,4.60,6500.00,M
LNK,2025-09-02 00:33,59.00,58.00,96.48,4.60,1200.00,M
LNK,2025-09-02 00:54,59.00,58.00,96.48,5.75,1100.00,M
LNK,2025-09-02 01:32,59.00,58.00,96.48,4.60,1300.00,M
LNK,2025-09-02 01:54,59.00,58.00,96.48,3.45,1400.00,M
LNK,2025-09-02 02:26,60.00,58.00,93.10,4.60,1500.00,M
LNK,2025-09-02 02:37,60.00,58.00,93.10,5.75,1500.00,M
LNK,2025-09-02 02:54,59.00,58.00,96.48,4.60,6500.00,M
LNK,2025-09-02 03:54,58.00,58.00,100.00,5.75,7000.00,M
LNK,2025-09-02 04:21,59.00,58.00,96.48,3.45,200.00,M
LNK,2025-09-02 04:54,59.00,58.00,96.48,4.60,3600.00,M
LNK,2025-09-02 05:54,58.00,57.00,96.47,5.75,4900.00,M
LNK,2025-09-02 06:54,56.00,56.00,100.00,0.00,M,M
LNK,2025-09-02 07:03,56.00,55.00,96.44,0.00,M,M
LNK,2025-09-02 07:12,55.00,55.00,100.00,0.00,5000.00,M
LNK,2025-09-02 07:54,59.00,58.00,96.48,0.00,M,M
LNK,2025-09-02 08:54,64.00,60.00,86.84,4.60,5000.00,M
LNK,2025-09-02 09:54,67.00,59.00,75.50,5.75,4300.00,M
LNK,2025-09-02 10:54,70.00,59.00,68.12,4.60,M,M
LNK,2025-09-02 11:24,70.00,59.00,68.12,0.00,2400.00,M
LNK,2025-09-02 11:54,72.00,60.00,65.96,3.45,2500.00,M
LNK,2025-09-02 12:02,72.00,60.00,65.96,5.75,2600.00,M
LNK,2025-09-02 12:32,73.00,59.00,61.54,3.45,3000.00,M
LNK,2025-09-02 12:54,73.00,59.00,61.54,3.45,3300.00,M
LNK,2025-09-02 13:54,75.00,59.00,57.55,5.75,4600.00,M
LNK,2025-09-02 14:54,76.00,58.00,53.71,3.45,4100.00,M
LNK,2025-09-02 15:54,77.00,58.00,51.96,3.45,4300.00,M
LNK,2025-09-02 16:54,77.00,57.00,50.12,0.00,M,M
LNK,2025-09-02 17:54,77.00,58.00,51.96,6.90,M,M
LNK,2025-09-02 18:54,75.00,58.00,55.53,5.75,M,M
LNK,2025-09-02 19:54,73.00,59.00,61.54,4.60,M,M
LNK,2025-09-02 20:54,70.00,60.00,70.59,4.60,M,M
LNK,2025-09-02 21:54,68.00,59.00,72.95,4.60,M,M
LNK,2025-09-02 22:54,65.00,60.00,83.86,3.45,M,M
LNK,2025-09-02 23:54,63.00,59.00,86.79,3.45,M,M
LNK,2025-09-03 00:54,61.00,58.00,89.85,4.60,M,M
LNK,2025-09-03 01:54,61.00,58.00,89.85,4.60,M,M
LNK,2025-09-03 02:54,60.00,58.00,93.10,4.60,M,M
LNK,2025-09-03 03:54,59.00,57.00,93.07,5.75,M,M
LNK,2025-09-03 04:54,59.00,57.00,93.07,4.60,M,M
LNK,2025-09-03 05:54,62.00,58.00,86.73,10.35,M,M
LNK,2025-09-03 06:54,62.00,58.00,86.73,4.60,M,M
LNK,2025-09-03 07:54,63.00,60.00,89.94,3.45,11000.00,M
LNK,2025-09-03 08:54,65.00,62.00,90.02,6.90,7500.00,M
LNK,2025-09-03 09:54,67.00,64.00,90.10,10.35,11000.00,M
LNK,2025-09-03 10:54,69.00,62.00,78.41,10.35,10000.00,M
LNK,2025-09-03 11:54,70.00,62.00,75.78,14.95,M,M
LNK,2025-09-03 12:54,74.00,62.00,66.20,14.95,2300.00,M
LNK,2025-09-03 13:34,73.00,60.00,63.78,14.95,2800.00,M
LNK,2025-09-03 13:47,75.00,62.00,64.02,14.95,2800.00,M
LNK,2025-09-03 13:54,74.00,61.00,63.90,16.10,2800.00,M
LNK,2025-09-03 14:54,72.00,60.00,65.96,16.10,2800.00,M
LNK,2025-09-03 15:54,69.00,60.00,73.05,16.10,2700.00,M
LNK,2025-09-03 16:23,68.00,59.00,72.95,17.25,2300.00,M
LNK,2025-09-03 16:51,66.20,57.20,72.76,16.10,2400.00,M
LNK,2025-09-03 16:54,66.00,58.00,75.41,17.25,2600.00,M
LNK,2025-09-03 17:54,65.00,52.00,62.76,18.40,6000.00,M
LNK,2025-09-03 18:54,62.00,50.00,64.75,14.95,8500.00,M
LNK,2025-09-03 19:54,60.00,51.00,72.13,6.90,M,M
LNK,2025-09-03 20:54,59.00,51.00,74.75,3.45,M,M
LNK,2025-09-03 21:54,57.00,52.00,83.34,5.75,M,M
LNK,2025-09-03 22:54,55.00,51.00,86.35,4.60,M,M
LNK,2025-09-03 23:54,54.00,51.00,89.55,0.00,M,M
LNK,2025-09-04 00:54,52.00,50.00,92.86,0.00,M,M
LNK,2025-09-04 01:54,49.00,47.00,92.77,4.60,M,M
LNK,2025-09-04 02:54,49.00,47.00,92.77,3.45,M,M
LNK,2025-09-04 03:54,51.00,48.00,89.42,3.45,M,M
LNK,2025-09-04 04:54,50.00,47.00,89.37,3.45,M,M
LNK,2025-09-04 05:54,48.00,46.00,92.74,3.45,M,M
LNK,2025-09-04 06:54,48.00,46.00,92.74,0.00,M,M
LNK,2025-09-04 07:54,49.00,47.00,92.77,0.00,M,M
LNK,2025-09-04 08:54,52.00,49.00,89.46,3.45,M,M
LNK,2025-09-04 09:54,59.00,52.00,77.56,5.75,7000.00,M
LNK,2025-09-04 10:54,65.00,47.00,52.09,13.80,6000.00,M
LNK,2025-09-04 11:54,65.00,48.00,54.09,12.65,6000.00,M
LNK,2025-09-04 12:54,67.00,47.00,48.60,11.50,6000.00,M
LNK,2025-09-04 13:54,71.00,48.00,44.01,16.10,M,M
LNK,2025-09-04 14:54,72.00,49.00,44.17,16.10,5000.00,M
LNK,2025-09-04 15:54,73.00,49.00,42.70,16.10,4600.00,M
LNK,2025-09-04 16:54,73.00,51.00,46.00,14.95,M,M
LNK,2025-09-04 17:54,71.00,52.00,51.07,13.80,M,M
LNK,2025-09-04 18:54,69.00,54.00,58.83,9.20,M,M
LNK,2025-09-04 19:54,66.00,55.00,67.66,5.75,M,M
LNK,2025-09-04 20:54,66.00,57.00,72.74,M,M,M
LNK,2025-09-04 21:54,66.00,58.00,75.41,8.05,M,M
LNK,2025-09-04 22:54,64.00,56.00,75.22,6.90,M,M
LNK,2025-09-04 23:54,62.00,54.00,75.03,6.90,M,M
LNK,2025-09-05 00:54,59.00,49.00,69.39,3.45,M,M
LNK,2025-09-05 01:54,57.00,50.00,77.39,0.00,M,M
LNK,2025-09-05 02:54,59.00,50.00,72.02,4.60,M,M
LNK,2025-09-05 03:54,58.00,50.00,74.65,8.05,M,M
LNK,2025-09-05 04:54,60.00,48.00,64.50,9.20,M,M
LNK,2025-09-05 05:54,59.00,46.00,61.99,8.05,M,M
LNK,2025-09-05 06:54,58.00,44.00,59.54,9.20,M,M
LNK,2025-09-05 07:54,56.00,43.00,61.59,11.50,M,M
LNK,2025-09-05 08:54,57.00,43.00,59.40,5.75,M,M
LNK,2025-09-05 09:54,60.00,43.00,53.35,13.80,M,M
LNK,2025-09-05 10:54,61.00,44.00,53.50,16.10,M,M
LNK,2025-09-05 11:54,63.00,44.00,49.85,8.05,M,M
LNK,2025-09-05 12:54,66.00,42.00,41.58,12.65,M,M
LNK,2025-09-05 13:54,66.00,43.00,43.21,16.10,M,M
LNK,2025-09-05 14:54,67.00,42.00,40.17,10.35,5500.00,M
LNK,2025-09-05 15:54,66.00,42.00,41.58,9.20,6500.00,M
LNK,2025-09-05 16:54,66.00,42.00,41.58,9.20,7000.00,M
LNK,2025-09-05 17:54,68.00,42.00,38.81,11.50,7000.00,M
LNK,2025-09-05 18:54,67.00,41.00,38.65,6.90,M,M
LNK,2025-09-05 19:54,58.00,46.00,64.25,5.75,M,M
LNK,2025-09-05 20:54,59.00,48.00,66.84,0.00,M,M
LNK,2025-09-05 21:54,57.00,47.00,69.16,0.00,M,M
LNK,2025-09-05 22:54,56.00,46.00,69.05,3.45,M,M
LNK,2025-09-05 23:54,48.00,45.00,89.28,3.45,M,M
LNK,2025-09-06 00:54,47.00,45.00,92.71,0.00,M,M
LNK,2025-09-06 01:54,50.00,46.00,86.06,3.45,M,M
LNK,2025-09-06 02:54,45.00,44.00,96.26,0.00,M,M
LNK,2025-09-06 03:54,46.00,44.00,92.68,0.00,8000.00,M
LNK,2025-09-06 04:54,44.00,43.00,96.24,5.75,M,M
LNK,2025-09-06 05:54,45.00,43.00,92.64,3.45,9500.00,M
LNK,2025-09-06 06:54,43.00,41.00,92.58,3.45,8500.00,M
LNK,2025-09-06 07:54,48.00,43.00,82.72,0.00,M,M
LNK,2025-09-06 08:54,53.00,46.00,77.03,0.00,M,M
LNK,2025-09-06 09:54,57.00,45.00,64.12,0.00,M,M
LNK,2025-09-06 10:54,61.00,45.00,55.58,0.00,M,M
LNK,2025-09-06 11:54,64.00,44.00,48.14,0.00,M,M
LNK,2025-09-06 12:54,66.00,41.00,40.01,0.00,M,M
LNK,2025-09-06 13:54,69.00,42.00,37.50,4.60,M,M
LNK,2025-09-06 14:54,70.00,42.00,36.24,5.75,M,M
LNK,2025-09-06 15:54,71.00,41.00,33.70,4.60,M,M
LNK,2025-09-06 16:54,71.00,42.00,35.03,M,M,M
LNK,2025-09-06 17:54,70.00,42.00,36.24,10.35,M,M
LNK,2025-09-06 18:54,68.00,45.00,43.53,5.75,M,M
LNK,2025-09-06 19:54,63.00,46.00,53.79,4.60,M,M
LNK,2025-09-06 20:54,59.00,45.00,59.68,4.60,M,M
LNK,2025-09-06 21:54,58.00,48.00,69.28,0.00,M,M
LNK,2025-09-06 22:54,54.00,48.00,80.08,0.00,M,M
LNK,2025-09-06 23:54,50.00,46.00,86.06,0.00,M,M
LNK,2025-09-07 00:54,48.00,45.00,89.28,0.00,M,M
LNK,2025-09-07 01:54,46.00,44.00,92.68,3.45,M,M
LNK,2025-09-07 02:54,45.00,44.00,96.26,4.60,M,M
LNK,2025-09-07 03:54,45.00,44.00,96.26,5.75,M,M
LNK,2025-09-07 04:54,44.00,42.00,92.61,3.45,M,M
LNK,2025-09-07 05:54,47.00,44.00,89.24,4.60,5500.00,M
LNK,2025-09-07 06:54,45.00,43.00,92.64,4.60,M,M
LNK,2025-09-07 07:54,49.00,46.00,89.33,3.45,5000.00,M
LNK,2025-09-07 08:54,54.00,48.00,80.08,3.45,5000.00,M
LNK,2025-09-07 09:54,60.00,48.00,64.50,3.45,4600.00,M
LNK,2025-09-07 10:54,67.00,50.00,54.38,6.90,6000.00,M
LNK,2025-09-07 11:54,70.00,51.00,50.92,6.90,M,M
LNK,2025-09-07 12:54,75.00,51.00,43.02,9.20,M,M
LNK,2025-09-07 13:54,76.00,51.00,41.61,6.90,M,M
LNK,2025-09-07 14:54,77.00,54.00,44.95,5.75,M,M
LNK,2025-09-07 15:54,78.00,54.00,43.49,8.05,M,M
LNK,2025-09-07 16:54,78.00,55.00,45.11,9.20,M,M
LNK,2025-09-07 17:54,77.00,54.00,44.95,11.50,M,M
LNK,2025-09-07 18:54,75.00,55.00,49.82,8.05,M,M
LNK,2025-09-07 19:54,68.00,54.00,60.89,5.75,M,M
LNK,2025-09-07 20:54,65.00,54.00,67.55,6.90,M,M
LNK,2025-09-07 21:54,62.00,54.00,75.03,8.05,M,M
LNK,2025-09-07 22:54,58.00,52.00,80.39,8.05,M,M
LNK,2025-09-07 23:54,57.00,51.00,80.31,8.05,M,M
LNK,2025-09-08 00:54,59.00,51.00,74.75,5.75,M,M
LNK,2025-09-08 01:54,56.00,50.00,80.23,6.90,M,M
LNK,2025-09-08 02:54,58.00,52.00,80.39,8.05,M,M
LNK,2025-09-08 03:54,56.00,52.00,86.40,8.05,6000.00,M
LNK,2025-09-08 04:54,60.00,53.00,77.65,8.05,6000.00,M
LNK,2025-09-08 05:54,61.00,53.00,74.94,9.20,6000.00,M
LNK,2025-09-08 06:54,61.00,55.00,80.62,10.35,3500.00,M
LNK,2025-09-08 07:06,60.00,56.00,86.62,11.50,3900.00,M
LNK,2025-09-08 07:21,61.00,56.00,83.60,6.90,6000.00,M
LNK,2025-09-08 07:54,62.00,55.00,77.82,9.20,5500.00,M
LNK,2025-09-08 08:54,64.00,56.00,75.22,11.50,6000.00,M
LNK,2025-09-08 09:54,67.00,57.00,70.27,16.10,6500.00,M
LNK,2025-09-08 10:54,70.00,58.00,65.72,19.55,7500.00,32.20
LNK,2025-09-08 11:54,72.00,58.00,61.41,20.70,8000.00,32.20
LNK,2025-09-08 12:52,71.60,57.20,60.48,25.30,2700.00,35.65
LNK,2025-09-08 12:54,71.00,58.00,63.53,21.85,2700.00,35.65
LNK,2025-09-08 13:54,71.00,58.00,63.53,18.40,2700.00,35.65
LNK,2025-09-08 14:54,71.00,59.00,65.84,18.40,2600.00,29.90
LNK,2025-09-08 15:01,71.00,59.00,65.84,20.70,2400.00,M
LNK,2025-09-08 15:54,68.00,59.00,72.95,16.10,2500.00,M
LNK,2025-09-08 16:41,68.00,59.00,72.95,16.10,2400.00,M
LNK,2025-09-08 16:54,69.00,59.00,70.49,17.25,2600.00,M
LNK,2025-09-08 17:10,70.00,59.00,68.12,14.95,2500.00,M
LNK,2025-09-08 17:42,69.00,59.00,70.49,14.95,2700.00,M
LNK,2025-09-08 17:54,68.00,59.00,72.95,16.10,2900.00,M
LNK,2025-09-08 18:54,67.00,59.00,75.50,14.95,2400.00,M
LNK,2025-09-08 19:54,66.00,59.00,78.16,14.95,2500.00,M
LNK,2025-09-08 20:25,66.00,59.00,78.16,11.50,2400.00,M
LNK,2025-09-08 20:54,66.00,59.00,78.16,11.50,4100.00,M
LNK,2025-09-08 21:54,66.00,59.00,78.16,13.80,5000.00,M
LNK,2025-09-08 22:54,65.00,59.00,80.92,13.80,4700.00,M
LNK,2025-09-08 23:54,64.00,59.00,83.80,10.35,6000.00,M
LNK,2025-09-09 00:54,64.00,59.00,83.80,9.20,6500.00,M
LNK,2025-09-09 01:54,63.00,58.00,83.73,10.35,5000.00,M
LNK,2025-09-09 02:34,64.00,58.00,80.85,10.35,5000.00,M
LNK,2025-09-09 02:44,63.00,60.00,89.94,11.50,2000.00,M
LNK,2025-09-09 02:54,61.00,60.00,96.51,8.05,900.00,M
LNK,2025-09-09 02:56,61.00,60.00,96.51,8.05,900.00,M
LNK,2025-09-09 03:04,61.00,60.00,96.51,8.05,1300.00,M
LNK,2025-09-09 03:11,61.00,60.00,96.51,6.90,1300.00,M
LNK,2025-09-09 03:22,62.00,60.00,93.16,10.35,900.00,M
LNK,2025-09-09 03:31,62.00,60.00,93.16,12.65,10000.00,M
LNK,2025-09-09 03:45,62.00,60.00,93.16,12.65,6000.00,M
LNK,2025-09-09 03:54,62.00,60.00,93.16,8.05,6000.00,M
LNK,2025-09-09 04:28,62.00,59.00,89.89,10.35,8500.00,M
LNK,2025-09-09 04:43,62.00,59.00,89.89,9.20,8500.00,M
LNK,2025-09-09 04:54,62.00,59.00,89.89,6.90,8500.00,M
LNK,2025-09-09 05:54,62.00,59.00,89.89,5.75,8000.00,M
LNK,2025-09-09 06:54,63.00,60.00,89.94,6.90,1600.00,M
LNK,2025-09-09 07:41,63.00,60.00,89.94,8.05,1600.00,M
LNK,2025-09-09 07:54,63.00,60.00,89.94,10.35,1600.00,M
LNK,2025-09-09 08:54,65.00,61.00,86.89,10.35,4400.00,M
LNK,2025-09-09 09:54,69.00,61.00,75.69,8.05,2000.00,M
LNK,2025-09-09 10:54,71.00,60.00,68.23,11.50,3400.00,M
LNK,2025-09-09 11:32,70.00,59.00,68.12,11.50,2900.00,M
LNK,2025-09-09 11:47,72.00,60.00,65.96,8.05,2900.00,M
LNK,2025-09-09 11:54,72.00,60.00,65.96,8.05,2900.00,M
LNK,2025-09-09 12:10,73.00,61.00,66.08,11.50,2900.00,M
LNK,2025-09-09 12:36,73.00,61.00,66.08,10.35,2900.00,M
LNK,2025-09-09 12:54,73.00,60.00,63.78,10.35,2800.00,M
LNK,2025-09-09 13:16,73.00,61.00,66.08,6.90,3000.00,M
LNK,2025-09-09 13:28,75.00,62.00,64.02,9.20,2900.00,M
LNK,2025-09-09 13:41,74.00,61.00,63.90,6.90,3000.00,M
LNK,2025-09-09 13:54,76.00,63.00,64.15,9.20,3000.00,M
LNK,2025-09-09 14:54,77.00,63.00,62.06,6.90,3200.00,M
LNK,2025-09-09 15:54,77.00,63.00,62.06,9.20,M,M
LNK,2025-09-09 16:54,77.00,63.00,62.06,4.60,3600.00,M
LNK,2025-09-09 17:54,78.00,64.00,62.18,8.05,M,M
LNK,2025-09-09 18:54,77.00,64.00,64.27,6.90,4000.00,M
LNK,2025-09-09 19:54,72.00,63.00,73.34,5.75,4000.00,M
LNK,2025-09-09 20:54,71.00,64.00,78.57,3.45,3900.00,M
LNK,2025-09-09 21:54,70.00,64.00,81.29,3.45,M,M
LNK,2025-09-09 22:54,67.00,63.00,87.00,0.00,M,M
LNK,2025-09-09 23:54,66.00,62.00,86.95,3.45,M,M
LNK,2025-09-10 00:54,64.00,61.00,89.98,4.60,M,M
LNK,2025-09-10 01:54,63.00,60.00,89.94,3.45,M,M
LNK,2025-09-10 02:54,62.00,60.00,93.16,3.45,M,M
LNK,2025-09-10 03:54,62.00,60.00,93.16,5.75,M,M
LNK,2025-09-10 04:54,63.00,60.00,89.94,0.00,M,M
LNK,2025-09-10 05:54,59.00,58.00,96.48,4.60,3600.00,M
LNK,2025-09-10 06:54,58.00,58.00,100.00,3.45,M,M
LNK,2025-09-10 07:54,61.00,59.00,93.13,3.45,M,M
LNK,2025-09-10 08:54,65.00,61.00,86.89,3.45,M,M
LNK,2025-09-10 09:54,68.00,61.00,78.33,5.75,M,M
LNK,2025-09-10 10:54,73.00,62.00,68.46,4.60,M,M
LNK,2025-09-10 11:54,79.00,62.00,56.09,12.65,M,M
LNK,2025-09-10 12:54,80.00,63.00,56.23,6.90,M,M
LNK,2025-09-10 13:54,81.00,63.00,54.43,8.05,M,M
LNK,2025-09-10 14:54,81.00,63.00,54.43,5.75,M,M
LNK,2025-09-10 15:54,83.00,64.00,52.84,9.20,M,M
LNK,2025-09-10 16:54,84.00,64.00,51.16,9.20,M,M
LNK,2025-09-10 17:54,82.00,63.00,52.69,10.35,M,M
LNK,2025-09-10 18:54,80.00,62.00,54.29,9.20,M,M
LNK,2025-09-10 19:54,76.00,64.00,66.43,5.75,M,M
LNK,2025-09-10 20:54,75.00,64.00,68.68,5.75,M,M
LNK,2025-09-10 21:54,73.00,64.00,73.44,4.60,M,M
LNK,2025-09-10 22:54,71.00,64.00,78.57,4.60,M,M
LNK,2025-09-10 23:54,71.00,64.00,78.57,0.00,M,M
LNK,2025-09-11 00:54,66.00,63.00,90.06,0.00,M,M
LNK,2025-09-11 01:54,67.00,63.00,87.00,0.00,M,M
LNK,2025-09-11 02:54,65.00,63.00,93.24,0.00,M,M
LNK,2025-09-11 03:54,63.00,61.00,93.19,0.00,M,M
LNK,2025-09-11 04:54,63.00,61.00,93.19,0.00,M,M
LNK,2025-09-11 05:54,62.00,60.00,93.16,0.00,M,M
LNK,2025-09-11 06:54,61.00,59.00,93.13,0.00,M,M
LNK,2025-09-11 07:54,63.00,61.00,93.19,0.00,M,M
LNK,2025-09-11 08:54,69.00,65.00,87.10,0.00,M,M
LNK,2025-09-11 09:54,75.00,68.00,78.90,8.05,M,M
LNK,2025-09-11 10:54,79.00,67.00,66.78,11.50,M,M
LNK,2025-09-11 11:54,82.00,67.00,60.57,16.10,M,M
LNK,2025-09-11 12:54,84.00,66.00,54.85,14.95,M,M
LNK,2025-09-11 13:54,86.00,66.00,51.46,17.25,M,M
LNK,2025-09-11 14:54,87.00,65.00,48.15,20.70,M,M
LNK,2025-09-11 15:54,87.00,65.00,48.15,20.70,M,29.90
LNK,2025-09-11 16:54,85.00,64.00,49.55,19.55,M,M
LNK,2025-09-11 17:54,84.00,65.00,52.98,13.80,M,M
LNK,2025-09-11 18:54,83.00,65.00,54.71,13.80,M,M
LNK,2025-09-11 19:54,80.00,66.00,62.44,11.50,M,M
LNK,2025-09-11 20:54,80.00,65.00,60.30,11.50,M,M
LNK,2025-09-11 21:54,78.00,65.00,64.39,12.65,M,M
LNK,2025-09-11 22:54,77.00,64.00,64.27,16.10,M,M
LNK,2025-09-11 23:54,76.00,64.00,66.43,14.95,M,M
LNK,2025-09-12 00:54,75.00,64.00,68.68,13.80,M,M
LNK,2025-09-12 01:54,74.00,63.00,68.57,13.80,M,M
LNK,2025-09-12 02:54,73.00,63.00,70.91,11.50,M,M
LNK,2025-09-12 03:54,72.00,63.00,73.34,11.50,M,M
LNK,2025-09-12 04:54,72.00,63.00,73.34,13.80,M,M
LNK,2025-09-12 05:54,71.00,63.00,75.87,13.80,M,M
LNK,2025-09-12 06:54,69.00,63.00,81.22,6.90,M,M
LNK,2025-09-12 07:54,70.00,63.00,78.49,9.20,M,M
LNK,2025-09-12 08:54,72.00,64.00,75.96,8.05,M,M
LNK,2025-09-12 09:54,77.00,65.00,66.55,8.05,M,M
LNK,2025-09-12 10:54,79.00,63.00,58.10,12.65,M,M
LNK,2025-09-12 11:54,79.00,63.00,58.10,11.50,M,M
LNK,2025-09-12 12:54,80.00,66.00,62.44,10.35,M,M
LNK,2025-09-12 13:54,84.00,66.00,54.85,13.80,M,M
LNK,2025-09-12 14:54,87.00,66.00,49.85,12.65,M,M
LNK,2025-09-12 15:54,90.00,68.00,48.59,12.65,M,M
LNK,2025-09-12 16:54,90.00,66.00,45.35,10.35,M,M
LNK,2025-09-12 17:54,91.00,68.00,47.10,12.65,M,M
LNK,2025-09-12 18:54,86.00,69.00,57.06,9.20,M,M
LNK,2025-09-12 19:54,81.00,68.00,64.76,8.05,M,M
LNK,2025-09-12 20:54,76.00,67.00,73.73,8.05,M,M
LNK,2025-09-12 21:54,77.00,67.00,71.33,10.35,M,M
LNK,2025-09-12 22:54,79.00,65.00,62.31,11.50,M,M
LNK,2025-09-12 23:54,77.00,64.00,64.27,12.65,M,M
LNK,2025-09-13 00:54,76.00,64.00,66.43,10.35,M,M
LNK,2025-09-13 01:54,73.00,63.00,70.91,6.90,M,M
LNK,2025-09-13 02:54,71.00,63.00,75.87,5.75,M,M
LNK,2025-09-13 03:54,68.00,62.00,81.15,6.90,M,M
LNK,2025-09-13 04:54,66.00,61.00,83.93,9.20,M,M
LNK,2025-09-13 05:54,65.00,61.00,86.89,8.05,M,M
LNK,2025-09-13 06:54,65.00,62.00,90.02,9.20,M,M
LNK,2025-09-13 07:54,67.00,63.00,87.00,10.35,M,M
LNK,2025-09-13 08:54,74.00,64.00,71.02,12.65,M,M
LNK,2025-09-13 09:54,80.00,63.00,56.23,13.80,M,M
LNK,2025-09-13 10:54,84.00,65.00,52.98,11.50,M,M
LNK,2025-09-13 11:54,89.00,65.00,45.20,12.65,M,M
LNK,2025-09-13 12:54,92.00,63.00,38.38,16.10,M,M
LNK,2025-09-13 13:54,91.00,66.00,43.96,16.10,M,M
LNK,2025-09-13 14:54,94.00,61.00,33.62,20.70,M,29.90
LNK,2025-09-13 15:54,92.00,60.00,34.51,17.25,M,M
LNK,2025-09-13 16:54,90.00,61.00,38.06,16.10,M,M
LNK,2025-09-13 17:54,86.00,63.00,46.34,11.50,M,M
LNK,2025-09-13 18:54,87.00,62.00,43.34,14.95,M,M
LNK,2025-09-13 19:54,81.00,63.00,54.43,10.35,M,M
LNK,2025-09-13 20:54,78.00,64.00,62.18,11.50,M,M
LNK,2025-09-13 21:54,76.00,64.00,66.43,10.35,M,M
LNK,2025-09-13 22:54,75.00,64.00,68.68,10.35,M,M
LNK,2025-09-13 23:54,75.00,65.00,71.12,10.35,M,M
LNK,2025-09-14 00:54,74.00,65.00,73.54,9.20,M,M
LNK,2025-09-14 01:54,74.00,66.00,76.14,10.35,M,M
LNK,2025-09-14 02:54,71.00,65.00,81.37,8.05,M,M
LNK,2025-09-14 03:54,68.00,65.00,90.14,8.05,M,M
LNK,2025-09-14 04:54,68.00,65.00,90.14,5.75,M,M
LNK,2025-09-14 05:54,67.00,64.00,90.10,5.75,M,M
LNK,2025-09-14 06:54,67.00,65.00,93.30,5.75,M,M
LNK,2025-09-14 07:54,70.00,66.00,87.16,6.90,M,M
LNK,2025-09-14 08:54,73.00,67.00,81.51,10.35,M,M
LNK,2025-09-14 09:54,79.00,67.00,66.78,11.50,M,M
LNK,2025-09-14 10:54,82.00,65.00,56.51,12.65,M,M
LNK,2025-09-14 11:54,83.00,66.00,56.65,11.50,12000.00,M
LNK,2025-09-14 12:54,87.00,66.00,49.85,14.95,M,M
LNK,2025-09-14 13:54,87.00,63.00,44.89,17.25,M,M
LNK,2025-09-14 14:54,85.00,64.00,49.55,16.10,M,M
LNK,2025-09-14 15:54,80.00,60.00,50.57,13.80,5500.00,M
LNK,2025-09-14 16:07,74.00,65.00,73.54,10.35,2800.00,M
LNK,2025-09-14 16:17,72.00,65.00,78.66,5.75,2500.00,M
LNK,2025-09-14 16:23,72.00,65.00,78.66,8.05,3100.00,M
LNK,2025-09-14 16:34,73.00,63.00,70.91,10.35,3000.00,M
LNK,2025-09-14 16:54,74.00,63.00,68.57,5.75,M,M
LNK,2025-09-14 17:54,75.00,62.00,64.02,0.00,6500.00,M
LNK,2025-09-14 18:54,76.00,65.00,68.79,0.00,M,M
LNK,2025-09-14 19:54,73.00,65.00,76.05,4.60,M,M
LNK,2025-09-14 20:54,73.00,67.00,81.51,3.45,5500.00,M
LNK,2025-09-14 21:54,74.00,62.00,66.20,14.95,M,M
LNK,2025-09-14 22:54,74.00,63.00,68.57,11.50,5500.00,M
LNK,2025-09-14 23:27,69.00,57.00,65.60,17.25,4200.00,M
LNK,2025-09-14 23:54,68.00,58.00,70.38,13.80,3800.00,M
LNK,2025-09-15 00:54,65.00,59.00,80.92,6.90,M,M
LNK,2025-09-15 01:54,65.00,58.00,78.08,4.60,M,M
LNK,2025-09-15 02:54,63.00,59.00,86.79,4.60,M,M
LNK,2025-09-15 03:54,65.00,58.00,78.08,4.60,8000.00,M
LNK,2025-09-15 04:54,65.00,59.00,80.92,3.45,M,M
LNK,2025-09-15 05:54,61.00,58.00,89.85,0.00,12000.00,M
LNK,2025-09-15 06:54,62.00,59.00,89.89,0.00,M,M
LNK,2025-09-15 07:54,63.00,61.00,93.19,5.75,M,M
LNK,2025-09-15 08:54,69.00,64.00,84.12,9.20,M,M
LNK,2025-09-15 09:54,73.00,65.00,76.05,8.05,M,M
LNK,2025-09-15 10:54,78.00,66.00,66.67,8.05,M,M
LNK,2025-09-15 11:54,81.00,65.00,58.37,9.20,M,M
LNK,2025-09-15 12:54,83.00,67.00,58.64,10.35,M,M
LNK,2025-09-15 13:54,86.00,67.00,53.27,11.50,M,M
LNK,2025-09-15 14:54,87.00,67.00,51.60,12.65,5000.00,M
LNK,2025-09-15 15:54,88.00,65.00,46.65,9.20,M,M
LNK,2025-09-15 16:54,88.00,64.00,45.05,9.20,M,M
LNK,2025-09-15 17:54,87.00,63.00,44.89,6.90,M,M
LNK,2025-09-15 18:54,85.00,63.00,47.84,5.75,M,M
LNK,2025-09-15 19:54,80.00,64.00,58.24,4.60,M,M
LNK,2025-09-15 20:54,76.00,64.00,66.43,3.45,M,M
LNK,2025-09-15 21:54,74.00,64.00,71.02,8.05,M,M
LNK,2025-09-15 22:54,72.00,64.00,75.96,6.90,M,M
LNK,2025-09-15 23:54,71.00,64.00,78.57,8.05,M,M
LNK,2025-09-16 00:54,71.00,65.00,81.37,6.90,6500.00,M
LNK,2025-09-16 01:54,71.00,65.00,81.37,0.00,M,M
LNK,2025-09-16 02:54,71.00,65.00,81.37,4.60,M,M
LNK,2025-09-16 03:54,70.00,65.00,84.18,3.45,M,M
LNK,2025-09-16 04:54,68.00,64.00,87.05,0.00,M,M
LNK,2025-09-16 05:54,67.00,64.00,90.10,0.00,M,M
LNK,2025-09-16 06:54,68.00,64.00,87.05,0.00,M,M
LNK,2025-09-16 07:54,65.00,62.00,90.02,0.00,M,M
LNK,2025-09-16 08:54,73.00,67.00,81.51,6.90,M,M
LNK,2025-09-16 09:54,77.00,67.00,71.33,0.00,M,M
LNK,2025-09-16 10:54,80.00,68.00,66.90,3.45,M,M
LNK,2025-09-16 11:54,84.00,68.00,58.77,4.60,M,M
LNK,2025-09-16 12:54,87.00,66.00,49.85,6.90,M,M
LNK,2025-09-16 13:54,89.00,65.00,45.20,11.50,6000.00,M
LNK,2025-09-16 14:54,90.00,64.00,42.30,12.65,7000.00,M
LNK,2025-09-16 15:54,91.00,62.00,38.22,12.65,M,M
LNK,2025-09-16 16:54,90.00,63.00,40.85,11.50,M,M
LNK,2025-09-16 17:54,89.00,64.00,43.65,8.05,7500.00,M
LNK,2025-09-16 18:54,85.00,63.00,47.84,12.65,7500.00,M
LNK,2025-09-16 19:54,80.00,64.00,58.24,6.90,M,M
LNK,2025-09-16 20:54,79.00,64.00,60.17,10.35,8000.00,M
LNK,2025-09-16 21:54,79.00,65.00,62.31,12.65,8000.00,M
LNK,2025-09-16 22:02,79.00,65.00,62.31,12.65,7000.00,M
LNK,2025-09-16 22:17,78.00,65.00,64.39,10.35,M,M
LNK,2025-09-16 22:54,76.00,65.00,68.79,6.90,8000.00,M
LNK,2025-09-16 23:54,72.00,65.00,78.66,6.90,M,M
LNK,2025-09-17 00:54,76.00,63.00,64.15,5.75,M,M
LNK,2025-09-17 01:54,70.00,63.00,78.49,16.10,M,M
LNK,2025-09-17 02:54,67.00,62.00,83.99,12.65,6000.00,M
LNK,2025-09-17 03:54,67.00,63.00,87.00,5.75,7000.00,M
LNK,2025-09-17 03:59,66.00,63.00,90.06,12.65,6500.00,M
LNK,2025-09-17 04:24,66.00,64.00,93.27,4.60,1300.00,M
LNK,2025-09-17 04:36,67.00,64.00,90.10,8.05,1700.00,M
LNK,2025-09-17 04:54,67.00,64.00,90.10,8.05,1700.00,M
LNK,2025-09-17 05:44,67.00,64.00,90.10,9.20,1900.00,M
LNK,2025-09-17 05:54,66.00,64.00,93.27,8.05,1900.00,M
LNK,2025-09-17 06:45,66.00,63.00,90.06,8.05,1800.00,M
LNK,2025-09-17 06:54,65.00,63.00,93.24,4.60,1800.00,M
LNK,2025-09-17 07:12,65.00,63.00,93.24,4.60,1600.00,M
LNK,2025-09-17 07:54,66.00,63.00,90.06,6.90,6500.00,M
LNK,2025-09-17 08:54,66.00,64.00,93.27,6.90,11000.00,M
LNK,2025-09-17 09:54,67.00,65.00,93.30,3.45,11000.00,M
LNK,2025-09-17 10:54,70.00,64.00,81.29,0.00,10000.00,M
LNK,2025-09-17 11:54,71.00,64.00,78.57,4.60,1500.00,M
LNK,2025-09-17 12:47,72.00,64.00,75.96,6.90,2000.00,M
LNK,2025-09-17 12:54,72.00,65.00,78.66,5.75,2000.00,M
LNK,2025-09-17 13:08,73.00,65.00,76.05,0.00,2000.00,M
LNK,2025-09-17 13:54,75.00,64.00,68.68,9.20,3800.00,M
LNK,2025-09-17 14:54,78.00,63.00,60.04,8.05,3600.00,M
LNK,2025-09-17 15:54,77.00,63.00,62.06,6.90,3500.00,M
LNK,2025-09-17 16:54,77.00,62.00,59.91,9.20,6000.00,M
LNK,2025-09-17 17:54,76.00,62.00,61.93,9.20,6000.00,M
LNK,2025-09-17 18:54,76.00,63.00,64.15,6.90,7000.00,M
LNK,2025-09-17 19:54,71.00,63.00,75.87,4.60,M,M
LNK,2025-09-17 20:54,71.00,63.00,75.87,4.60,M,M
LNK,2025-09-17 21:54,70.00,63.00,78.49,4.60,M,M
LNK,2025-09-17 22:54,68.00,62.00,81.15,3.45,M,M
LNK,2025-09-17 23:54,65.00,62.00,90.02,0.00,M,M
LNK,2025-09-18 00:54,65.00,62.00,90.02,0.00,M,M
LNK,2025-09-18 01:54,62.00,61.00,96.53,0.00,M,M
LNK,2025-09-18 02:54,63.00,60.00,89.94,0.00,M,M
LNK,2025-09-18 03:54,62.00,60.00,93.16,3.45,M,M
LNK,2025-09-18 04:54,58.00,57.00,96.47,3.45,M,M
LNK,2025-09-18 05:54,59.00,58.00,96.48,6.90,M,M
LNK,2025-09-18 06:54,61.00,59.00,93.13,0.00,M,M
LNK,2025-09-18 07:54,61.00,59.00,93.13,0.00,M,M
LNK,2025-09-18 08:54,63.00,61.00,93.19,4.60,12000.00,M
LNK,2025-09-18 09:54,66.00,63.00,90.06,0.00,11000.00,M
LNK,2025-09-18 10:54,72.00,66.00,81.44,14.95,1300.00,M
LNK,2025-09-18 11:54,70.00,64.00,81.29,5.75,10000.00,M
LNK,2025-09-18 12:49,71.60,64.40,78.08,9.20,1700.00,M
LNK,2025-09-18 12:54,71.00,65.00,81.37,12.65,1600.00,M
LNK,2025-09-18 13:54,71.00,64.00,78.57,10.35,1600.00,M
LNK,2025-09-18 14:01,71.00,64.00,78.57,10.35,2000.00,M
LNK,2025-09-18 14:26,69.00,64.00,84.12,8.05,1800.00,M
LNK,2025-09-18 14:54,69.00,65.00,87.10,6.90,10000.00,M
LNK,2025-09-18 15:54,69.00,65.00,87.10,3.45,11000.00,M
LNK,2025-09-18 16:54,69.00,65.00,87.10,6.90,10000.00,M
LNK,2025-09-18 17:08,68.00,66.00,93.33,5.75,700.00,M
LNK,2025-09-18 17:26,68.00,66.00,93.33,5.75,700.00,M
LNK,2025-09-18 17:54,69.00,66.00,90.18,5.75,1500.00,M
LNK,2025-09-18 18:54,69.00,66.00,90.18,4.60,1000.00,M
LNK,2025-09-18 19:54,67.00,66.00,96.60,6.90,M,M
LNK,2025-09-18 20:54,65.00,64.00,96.57,5.75,M,M
LNK,2025-09-18 21:54,65.00,64.00,96.57,4.60,3800.00,M
LNK,2025-09-18 22:54,64.00,64.00,100.00,3.45,3400.00,M
LNK,2025-09-18 23:54,63.00,62.00,96.54,4.60,2500.00,M
LNK,2025-09-19 00:54,64.00,61.00,89.98,5.75,M,M
LNK,2025-09-19 01:54,63.00,61.00,93.19,3.45,M,M
LNK,2025-09-19 02:54,62.00,58.00,86.73,0.00,4400.00,M
LNK,2025-09-19 03:54,60.00,57.00,89.81,3.45,M,M
LNK,2025-09-19 04:54,58.00,55.00,89.73,4.60,M,M
LNK,2025-09-19 05:54,57.00,54.00,89.68,0.00,M,M
LNK,2025-09-19 06:54,56.00,54.00,92.98,0.00,M,M
LNK,2025-09-19 07:54,56.00,54.00,92.98,0.00,M,M
LNK,2025-09-19 08:54,60.00,55.00,83.54,6.90,M,M
LNK,2025-09-19 09:54,65.00,55.00,70.05,11.50,M,M
LNK,2025-09-19 10:54,68.00,55.00,63.15,10.35,M,M
LNK,2025-09-19 11:54,71.00,55.00,57.00,5.75,M,M
LNK,2025-09-19 12:54,74.00,55.00,51.52,9.20,9000.00,M
LNK,2025-09-19 13:54,75.00,55.00,49.82,14.95,9000.00,M
LNK,2025-09-19 14:54,70.00,55.00,58.97,9.20,8500.00,M
LNK,2025-09-19 15:35,66.00,57.00,72.74,6.90,5000.00,M
LNK,2025-09-19 15:54,65.00,57.00,75.32,5.75,5500.00,M
LNK,2025-09-19 16:54,62.00,59.00,89.89,6.90,7500.00,M
LNK,2025-09-19 17:01,62.00,59.00,89.89,6.90,10000.00,M
LNK,2025-09-19 17:54,63.00,59.00,86.79,5.75,1400.00,M
LNK,2025-09-19 18:08,63.00,59.00,86.79,5.75,1400.00,M
LNK,2025-09-19 18:35,63.00,59.00,86.79,4.60,1300.00,M
LNK,2025-09-19 18:54,63.00,59.00,86.79,5.75,1100.00,M
LNK,2025-09-19 19:54,62.00,59.00,89.89,0.00,1000.00,M
LNK,2025-09-19 20:01,62.00,59.00,89.89,4.60,9000.00,M
LNK,2025-09-19 20:54,62.00,60.00,93.16,0.00,7000.00,M
LNK,2025-09-19 21:54,62.00,60.00,93.16,3.45,6500.00,M
LNK,2025-09-19 22:54,62.00,61.00,96.53,3.45,5500.00,M
LNK,2025-09-19 23:01,62.00,61.00,96.53,5.75,2800.00,M
LNK,2025-09-19 23:17,61.00,60.00,96.51,3.45,3000.00,M
LNK,2025-09-19 23:54,62.00,60.00,93.16,0.00,6000.00,M
LNK,2025-09-20 00:54,62.00,60.00,93.16,0.00,5000.00,M
LNK,2025-09-20 01:54,62.00,61.00,96.53,0.00,6000.00,M
LNK,2025-09-20 02:28,62.00,61.00,96.53,0.00,400.00,M
LNK,2025-09-20 02:54,62.00,61.00,96.53,3.45,400.00,M
LNK,2025-09-20 03:45,61.00,61.00,100.00,4.60,300.00,M
LNK,2025-09-20 03:54,61.00,60.00,96.51,4.60,300.00,M
LNK,2025-09-20 04:04,61.00,60.00,96.51,4.60,300.00,M
LNK,2025-09-20 04:37,62.00,61.00,96.53,0.00,300.00,M
LNK,2025-09-20 04:54,61.00,61.00,100.00,0.00,300.00,M
LNK,2025-09-20 05:54,61.00,60.00,96.51,0.00,400.00,M
LNK,2025-09-20 06:10,61.00,60.00,96.51,0.00,500.00,M
LNK,2025-09-20 06:54,62.00,61.00,96.53,3.45,400.00,M
LNK,2025-09-20 07:03,62.00,61.00,96.53,4.60,500.00,M
LNK,2025-09-20 07:54,62.00,61.00,96.53,3.45,500.00,M
LNK,2025-09-20 08:34,62.00,61.00,96.53,0.00,400.00,M
LNK,2025-09-20 08:54,63.00,61.00,93.19,3.45,500.00,M
LNK,2025-09-20 09:43,64.00,62.00,93.22,4.60,500.00,M
LNK,2025-09-20 09:54,64.00,61.00,89.98,4.60,600.00,M
LNK,2025-09-20 10:01,64.00,62.00,93.22,4.60,1300.00,M
LNK,2025-09-20 10:54,67.00,62.00,83.99,0.00,1100.00,M
LNK,2025-09-20 11:10,67.00,62.00,83.99,0.00,1100.00,M
LNK,2025-09-20 11:24,67.00,62.00,83.99,0.00,1200.00,M
LNK,2025-09-20 11:40,69.00,62.00,78.41,3.45,1200.00,M
LNK,2025-09-20 11:54,70.00,62.00,75.78,0.00,4400.00,M
LNK,2025-09-20 12:54,71.00,62.00,73.24,0.00,1800.00,M
LNK,2025-09-20 13:54,74.00,61.00,63.90,3.45,M,M
LNK,2025-09-20 14:54,75.00,61.00,61.80,3.45,M,M
LNK,2025-09-20 15:54,76.00,60.00,57.69,3.45,M,M
LNK,2025-09-20 16:54,75.00,59.00,57.55,0.00,M,M
LNK,2025-09-20 17:54,76.00,60.00,57.69,3.45,M,M
LNK,2025-09-20 18:54,74.00,61.00,63.90,3.45,M,M
LNK,2025-09-20 19:54,71.00,60.00,68.23,0.00,M,M
LNK,2025-09-20 20:54,69.00,61.00,75.69,0.00,M,M
LNK,2025-09-20 21:54,65.00,60.00,83.86,3.45,M,M
LNK,2025-09-20 22:54,61.00,58.00,89.85,0.00,M,M
LNK,2025-09-20 23:54,64.00,60.00,86.84,3.45,M,M
LNK,2025-09-21 00:54,61.00,60.00,96.51,0.00,M,M
LNK,2025-09-21 01:54,60.00,59.00,96.50,0.00,M,M
LNK,2025-09-21 02:54,58.00,57.00,96.47,3.45,M,M
LNK,2025-09-21 03:54,56.00,55.00,96.44,0.00,M,M
LNK,2025-09-21 04:54,56.00,56.00,100.00,3.45,M,M
LNK,2025-09-21 05:54,57.00,56.00,96.45,0.00,M,M
LNK,2025-09-21 06:54,55.00,55.00,100.00,0.00,M,M
LNK,2025-09-21 07:54,57.00,55.00,93.01,0.00,11000.00,M
LNK,2025-09-21 08:54,62.00,60.00,93.16,3.45,M,M
LNK,2025-09-21 09:54,65.00,62.00,90.02,0.00,M,M
LNK,2025-09-21 10:54,69.00,64.00,84.12,0.00,M,M
LNK,2025-09-21 11:54,74.00,64.00,71.02,4.60,M,M
LNK,2025-09-21 12:54,77.00,63.00,62.06,8.05,M,M
LNK,2025-09-21 13:54,77.00,62.00,59.91,10.35,M,M
LNK,2025-09-21 14:54,79.00,60.00,52.25,14.95,M,M
LNK,2025-09-21 15:54,80.00,62.00,54.29,13.80,M,M
LNK,2025-09-21 16:54,80.00,62.00,54.29,13.80,M,M
LNK,2025-09-21 17:54,80.00,58.00,47.08,12.65,M,M
LNK,2025-09-21 18:54,76.00,60.00,57.69,8.05,M,M
LNK,2025-09-21 19:54,70.00,60.00,70.59,9.20,M,M
LNK,2025-09-21 20:54,67.00,60.00,78.24,5.75,M,M
LNK,2025-09-21 21:54,65.00,60.00,83.86,5.75,M,M
LNK,2025-09-21 22:54,64.00,60.00,86.84,4.60,M,M
LNK,2025-09-21 23:54,64.00,60.00,86.84,3.45,M,M
LNK,2025-09-22 00:54,62.00,60.00,93.16,5.75,M,M
LNK,2025-09-22 01:54,62.00,60.00,93.16,6.90,M,M
LNK,2025-09-22 02:54,63.00,61.00,93.19,0.00,M,M
LNK,2025-09-22 03:54,62.00,60.00,93.16,0.00,M,M
LNK,2025-09-22 04:54,60.00,58.00,93.10,0.00,M,M
LNK,2025-09-22 05:54,58.00,56.00,93.04,0.00,M,M
LNK,2025-09-22 06:54,60.00,59.00,96.50,4.60,M,M
LNK,2025-09-22 07:54,61.00,61.00,100.00,0.00,M,M
LNK,2025-09-22 08:54,65.00,63.00,93.24,4.60,M,M
LNK,2025-09-22 09:54,71.00,66.00,84.24,6.90,M,M
LNK,2025-09-22 10:54,76.00,66.00,71.23,9.20,M,M
LNK,2025-09-22 11:54,77.00,67.00,71.33,10.35,M,M
LNK,2025-09-22 12:54,80.00,68.00,66.90,8.05,M,M
LNK,2025-09-22 13:54,85.00,68.00,56.92,6.90,M,M
LNK,2025-09-22 14:54,87.00,67.00,51.60,10.35,M,M
LNK,2025-09-22 15:54,89.00,65.00,45.20,9.20,5500.00,M
LNK,2025-09-22 16:54,87.00,66.00,49.85,13.80,M,M
LNK,2025-09-22 17:54,85.00,67.00,54.99,12.65,6000.00,M
LNK,2025-09-22 18:54,81.00,67.00,62.56,9.20,M,M
LNK,2025-09-22 19:54,79.00,66.00,64.51,11.50,6500.00,M
LNK,2025-09-22 20:54,78.00,66.00,66.67,10.35,M,M
LNK,2025-09-22 21:54,75.00,67.00,76.23,8.05,M,M
LNK,2025-09-22 22:54,76.00,67.00,73.73,11.50,M,M
LNK,2025-09-22 23:54,75.00,66.00,73.64,10.35,M,M
LNK,2025-09-23 00:54,73.00,67.00,81.51,3.45,M,M
LNK,2025-09-23 01:54,71.00,67.00,87.21,5.75,M,M
LNK,2025-09-23 02:41,70.00,62.00,75.78,27.60,2300.00,40.25
LNK,2025-09-23 02:54,69.00,60.00,73.05,23.00,2600.00,40.25
LNK,2025-09-23 03:09,69.00,60.00,73.05,18.40,2900.00,33.35
LNK,2025-09-23 03:37,67.00,60.00,78.24,M,4200.00,33.35
LNK,2025-09-23 03:54,65.00,61.00,86.89,16.10,2300.00,33.35
LNK,2025-09-23 04:13,64.00,62.00,93.22,13.80,4600.00,M
LNK,2025-09-23 04:26,64.00,61.00,89.98,9.20,4800.00,M
LNK,2025-09-23 04:54,64.00,61.00,89.98,13.80,3100.00,M
LNK,2025-09-23 05:54,64.00,61.00,89.98,9.20,5500.00,M
LNK,2025-09-23 06:40,64.00,61.00,89.98,9.20,900.00,M
LNK,2025-09-23 06:54,63.00,61.00,93.19,6.90,11000.00,M
LNK,2025-09-23 07:26,64.00,61.00,89.98,0.00,1100.00,M
LNK,2025-09-23 07:54,64.00,62.00,93.22,6.90,1100.00,M
LNK,2025-09-23 08:17,63.00,62.00,96.54,8.05,1500.00,M
LNK,2025-09-23 08:54,64.00,62.00,93.22,8.05,1700.00,M
LNK,2025-09-23 09:54,65.00,62.00,90.02,5.75,1900.00,M
LNK,2025-09-23 10:54,67.00,63.00,87.00,8.05,2400.00,M
LNK,2025-09-23 11:54,68.00,62.00,81.15,9.20,M,M
LNK,2025-09-23 12:54,69.00,63.00,81.22,8.05,6500.00,M
LNK,2025-09-23 13:47,71.00,64.00,78.57,8.05,1600.00,M
LNK,2025-09-23 13:54,71.00,64.00,78.57,8.05,1600.00,M
LNK,2025-09-23 14:54,71.00,64.00,78.57,8.05,1600.00,M
LNK,2025-09-23 15:01,72.00,64.00,75.96,9.20,2200.00,M
LNK,2025-09-23 15:25,71.00,64.00,78.57,10.35,2000.00,M
LNK,2025-09-23 15:33,71.00,64.00,78.57,6.90,1800.00,M
LNK,2025-09-23 15:54,70.00,64.00,81.29,11.50,1800.00,M
LNK,2025-09-23 16:10,71.00,64.00,78.57,11.50,1700.00,M
LNK,2025-09-23 16:54,70.00,64.00,81.29,11.50,1300.00,M
LNK,2025-09-23 17:44,72.00,64.00,75.96,9.20,1600.00,M
LNK,2025-09-23 17:54,72.00,64.00,75.96,10.35,1600.00,M
LNK,2025-09-23 18:54,69.00,63.00,81.22,6.90,9000.00,M
LNK,2025-09-23 19:54,68.00,62.00,81.15,4.60,9500.00,M
LNK,2025-09-23 20:54,66.00,63.00,90.06,4.60,M,M
LNK,2025-09-23 23:54,64.00,61.00,89.98,8.05,M,M
LNK,2025-09-24 00:54,62.00,60.00,93.16,5.75,5000.00,M
LNK,2025-09-24 01:54,61.00,58.00,89.85,8.05,M,M
LNK,2025-09-24 02:54,62.00,57.00,83.67,6.90,M,M
LNK,2025-09-24 03:54,60.00,57.00,89.81,4.60,M,M
LNK,2025-09-24 04:54,60.00,57.00,89.81,5.75,M,M
LNK,2025-09-24 05:54,58.00,56.00,93.04,5.75,M,M
LNK,2025-09-24 06:54,57.00,55.00,93.01,5.75,M,M
LNK,2025-09-24 07:54,56.00,55.00,96.44,5.75,M,M
LNK,2025-09-24 08:54,60.00,58.00,93.10,8.05,M,M
LNK,2025-09-24 09:54,67.00,60.00,78.24,6.90,M,M
LNK,2025-09-24 10:54,69.00,59.00,70.49,5.75,M,M
LNK,2025-09-24 11:54,74.00,59.00,59.51,9.20,9000.00,M
LNK,2025-09-24 12:54,76.00,59.00,55.67,10.35,M,M
LNK,2025-09-24 13:54,78.00,57.00,48.50,5.75,4800.00,M
LNK,2025-09-24 14:54,77.00,56.00,48.35,9.20,6000.00,M
LNK,2025-09-24 15:54,77.00,55.00,46.62,10.35,10000.00,M
LNK,2025-09-24 16:54,78.00,56.00,46.78,9.20,6000.00,M
LNK,2025-09-24 17:54,76.00,55.00,48.19,9.20,8000.00,M
LNK,2025-09-24 18:54,73.00,57.00,57.28,5.75,6500.00,M
LNK,2025-09-24 19:54,67.00,56.00,67.78,4.60,7500.00,M
LNK,2025-09-24 20:54,67.00,57.00,70.27,3.45,M,M
LNK,2025-09-24 21:54,60.00,57.00,89.81,4.60,M,M
LNK,2025-09-24 22:54,60.00,56.00,86.62,5.75,M,M
LNK,2025-09-24 23:54,59.00,56.00,89.77,3.45,M,M
LNK,2025-09-25 00:54,57.00,55.00,93.01,0.00,M,M
LNK,2025-09-25 01:54,57.00,56.00,96.45,0.00,M,M
LNK,2025-09-25 02:54,55.00,54.00,96.42,3.45,M,M
LNK,2025-09-25 03:54,56.00,55.00,96.44,0.00,M,M
LNK,2025-09-25 04:54,56.00,54.00,92.98,0.00,M,M
LNK,2025-09-25 05:54,54.00,52.00,92.92,0.00,M,M
LNK,2025-09-25 06:54,53.00,52.00,96.39,3.45,M,M
LNK,2025-09-25 07:54,52.00,51.00,96.37,0.00,M,M
LNK,2025-09-25 08:54,59.00,55.00,86.57,0.00,M,M
LNK,2025-09-25 09:54,66.00,59.00,78.16,0.00,M,M
LNK,2025-09-25 10:54,73.00,61.00,66.08,0.00,M,M
LNK,2025-09-25 11:54,78.00,60.00,54.00,4.60,M,M
LNK,2025-09-25 12:54,81.00,58.00,45.57,4.60,5000.00,M
LNK,2025-09-25 13:54,81.00,57.00,43.96,0.00,M,M
LNK,2025-09-25 14:54,83.00,56.00,39.74,4.60,M,M
LNK,2025-09-25 15:54,83.00,55.00,38.33,0.00,M,M
LNK,2025-09-25 16:54,84.00,53.00,34.50,3.45,M,M
LNK,2025-09-25 17:54,82.00,57.00,42.56,4.60,M,M
LNK,2025-09-25 18:54,78.00,56.00,46.78,3.45,M,M
LNK,2025-09-25 19:54,71.00,57.00,61.28,0.00,M,M
LNK,2025-09-25 20:54,68.00,58.00,70.38,0.00,M,M
LNK,2025-09-25 21:54,63.00,57.00,80.77,0.00,M,M
LNK,2025-09-25 22:54,59.00,56.00,89.77,0.00,M,M
LNK,2025-09-25 23:54,59.00,55.00,86.57,0.00,M,M
LNK,2025-09-26 00:54,57.00,54.00,89.68,0.00,M,M
LNK,2025-09-26 01:54,57.00,54.00,89.68,0.00,M,M
LNK,2025-09-26 02:54,57.00,54.00,89.68,0.00,M,M
LNK,2025-09-26 03:54,54.00,53.00,96.40,0.00,M,M
LNK,2025-09-26 04:54,53.00,51.00,92.89,0.00,M,M
LNK,2025-09-26 05:54,53.00,51.00,92.89,0.00,M,M
LNK,2025-09-26 06:54,52.00,50.00,92.86,0.00,M,M
LNK,2025-09-26 07:54,54.00,53.00,96.40,3.45,M,M
LNK,2025-09-26 08:54,60.00,56.00,86.62,4.60,M,M
LNK,2025-09-26 09:54,67.00,58.00,72.85,0.00,M,M
LNK,2025-09-26 10:54,74.00,60.00,61.67,0.00,M,M
LNK,2025-09-26 11:54,80.00,58.00,47.08,5.75,M,M
LNK,2025-09-26 12:54,82.00,55.00,39.59,10.35,M,M
LNK,2025-09-26 13:54,84.00,53.00,34.50,13.80,M,M
LNK,2025-09-26 14:54,85.00,54.00,34.66,12.65,M,M
LNK,2025-09-26 15:54,85.00,51.00,31.04,9.20,M,M
LNK,2025-09-26 16:54,84.00,51.00,32.05,14.95,M,M
LNK,2025-09-26 17:54,81.00,50.00,34.02,12.65,M,M
LNK,2025-09-26 18:54,75.00,52.00,44.64,9.20,M,M
LNK,2025-09-26 19:54,68.00,52.00,56.58,8.05,M,M
LNK,2025-09-26 20:54,66.00,52.00,60.62,8.05,M,M
LNK,2025-09-26 21:54,63.00,53.00,69.83,6.90,M,M
LNK,2025-09-26 22:54,63.00,53.00,69.83,5.75,M,M
LNK,2025-09-26 23:54,63.00,53.00,69.83,4.60,M,M
LNK,2025-09-27 00:54,63.00,53.00,69.83,3.45,M,M
LNK,2025-09-27 01:54,63.00,54.00,72.44,3.45,M,M
LNK,2025-09-27 02:54,60.00,54.00,80.54,3.45,M,M
LNK,2025-09-27 03:54,62.00,55.00,77.82,3.45,M,M
LNK,2025-09-27 04:54,59.00,55.00,86.57,3.45,M,M
LNK,2025-09-27 05:54,59.00,55.00,86.57,6.90,M,M
LNK,2025-09-27 06:54,58.00,55.00,89.73,0.00,M,M
LNK,2025-09-27 07:54,58.00,54.00,86.51,3.45,M,M
LNK,2025-09-27 08:54,63.00,55.00,75.13,6.90,M,M
LNK,2025-09-27 09:54,67.00,54.00,63.02,13.80,M,M
LNK,2025-09-27 10:54,72.00,54.00,53.13,11.50,M,M
LNK,2025-09-27 11:54,75.00,55.00,49.82,13.80,M,M
LNK,2025-09-27 12:54,78.00,52.00,40.42,17.25,M,M
LNK,2025-09-27 13:54,80.00,51.00,36.48,13.80,M,M
LNK,2025-09-27 14:54,82.00,46.00,28.34,11.50,M,M
LNK,2025-09-27 15:54,81.00,45.00,28.19,16.10,M,M
LNK,2025-09-27 16:54,80.00,47.00,31.41,10.35,M,M
LNK,2025-09-27 17:54,78.00,47.00,33.54,9.20,M,M
LNK,2025-09-27 18:54,71.00,51.00,49.22,5.75,M,M
LNK,2025-09-27 19:54,66.00,48.00,52.24,5.75,M,M
LNK,2025-09-27 20:54,65.00,47.00,52.09,5.75,M,M
LNK,2025-09-27 21:54,56.00,47.00,71.71,4.60,M,M
LNK,2025-09-27 22:54,55.00,47.00,74.36,0.00,M,M
LNK,2025-09-27 23:54,54.00,47.00,77.12,4.60,M,M
LNK,2025-09-28 00:54,51.00,47.00,86.12,6.90,M,M
LNK,2025-09-28 01:54,54.00,47.00,77.12,3.45,M,M
LNK,2025-09-28 02:54,49.00,46.00,89.33,6.90,M,M
LNK,2025-09-28 03:54,48.00,46.00,92.74,6.90,M,M
LNK,2025-09-28 04:54,51.00,46.00,82.93,3.45,M,M
LNK,2025-09-28 05:54,49.00,44.00,82.79,3.45,M,M
LNK,2025-09-28 06:54,46.00,44.00,92.68,4.60,M,M
LNK,2025-09-28 07:54,48.00,45.00,89.28,4.60,M,M
LNK,2025-09-28 08:54,54.00,49.00,83.13,3.45,M,M
LNK,2025-09-28 09:54,65.00,48.00,54.09,4.60,M,M
LNK,2025-09-28 10:54,71.00,51.00,49.22,4.60,M,M
LNK,2025-09-28 11:54,75.00,54.00,48.04,5.75,M,M
LNK,2025-09-28 12:54,80.00,54.00,40.73,3.45,M,M
LNK,2025-09-28 13:54,84.00,49.00,29.75,8.05,M,M
LNK,2025-09-28 14:54,86.00,46.00,24.93,6.90,M,M
LNK,2025-09-28 15:54,87.00,48.00,26.04,9.20,M,M
LNK,2025-09-28 16:54,87.00,48.00,26.04,10.35,M,M
LNK,2025-09-28 17:54,85.00,52.00,32.20,9.20,M,M
LNK,2025-09-28 18:54,80.00,51.00,36.48,8.05,M,M
LNK,2025-09-28 19:54,75.00,51.00,43.02,3.45,M,M
LNK,2025-09-28 20:54,74.00,51.00,44.48,3.45,M,M
LNK,2025-09-28 21:54,69.00,52.00,54.67,0.00,M,M
LNK,2025-09-28 22:54,60.00,54.00,80.54,3.45,M,M
LNK,2025-09-28 23:54,60.00,53.00,77.65,3.45,M,M
LNK,2025-09-29 00:54,57.00,53.00,86.46,0.00,M,M
LNK,2025-09-29 01:54,57.00,53.00,86.46,4.60,M,M
LNK,2025-09-29 02:54,58.00,53.00,83.40,0.00,M,M
LNK,2025-09-29 03:54,56.00,53.00,89.64,0.00,M,M
LNK,2025-09-29 04:54,56.00,52.00,86.40,0.00,M,M
LNK,2025-09-29 05:54,55.00,52.00,89.60,0.00,M,M
LNK,2025-09-29 06:54,53.00,51.00,92.89,0.00,M,M
LNK,2025-09-29 07:54,55.00,52.00,89.60,0.00,M,M
LNK,2025-09-29 08:54,63.00,58.00,83.73,0.00,M,M
LNK,2025-09-29 09:54,71.00,62.00,73.24,6.90,M,M
LNK,2025-09-29 10:54,79.00,62.00,56.09,11.50,M,M
LNK,2025-09-29 11:54,82.00,62.00,50.87,12.65,M,M
LNK,2025-09-29 12:54,84.00,61.00,46.04,11.50,M,M
LNK,2025-09-29 13:54,85.00,61.00,44.58,8.05,M,M
LNK,2025-09-29 14:54,85.00,61.00,44.58,9.20,6000.00,M
LNK,2025-09-29 15:54,84.00,59.00,42.87,11.50,M,M
LNK,2025-09-29 16:54,84.00,58.00,41.36,12.65,M,M
LNK,2025-09-29 17:54,81.00,57.00,43.96,13.80,M,M
LNK,2025-09-29 18:54,77.00,58.00,51.96,8.05,M,M
LNK,2025-09-29 19:54,74.00,58.00,57.42,8.05,M,M
LNK,2025-09-29 20:54,71.00,57.00,61.28,9.20,M,M
LNK,2025-09-29 21:54,66.00,57.00,72.74,8.05,M,M
LNK,2025-09-29 22:54,66.00,56.00,70.16,4.60,M,M
LNK,2025-09-29 23:54,65.00,56.00,72.64,4.60,M,M
LNK,2025-09-30 00:54,65.00,56.00,72.64,3.45,M,M
LNK,2025-09-30 01:54,63.00,56.00,77.91,3.45,M,M
LNK,2025-09-30 02:54,63.00,56.00,77.91,0.00,M,M
LNK,2025-09-30 03:54,63.00,56.00,77.91,0.00,M,M
LNK,2025-09-30 04:54,61.00,56.00,83.60,3.45,M,M
LNK,2025-09-30 05:54,60.00,56.00,86.62,4.60,M,M
LNK,2025-09-30 06:54,62.00,56.00,80.70,0.00,M,M
LNK,2025-09-30 07:54,61.00,57.00,86.68,0.00,M,M
LNK,2025-09-30 08:54,64.00,59.00,83.80,3.45,M,M
LNK,2025-09-30 09:54,69.00,60.00,73.05,6.90,M,M
LNK,2025-09-30 10:54,74.00,61.00,63.90,6.90,M,M
LNK,2025-09-30 11:54,81.00,57.00,43.96,16.10,M,M
LNK,2025-09-30 12:54,81.00,55.00,40.89,17.25,6500.00,M
LNK,2025-09-30 13:54,80.00,56.00,43.81,10.35,M,M
LNK,2025-09-30 14:54,79.00,55.00,43.65,10.35,6500.00,M
LNK,2025-09-30 15:54,78.00,56.00,46.78,9.20,M,M
LNK,2025-09-30 16:54,77.00,57.00,50.12,8.05,M,M
LNK,2025-09-30 17:54,75.00,57.00,53.57,8.05,M,M
LNK,2025-09-30 18:54,73.00,56.00,55.24,8.05,M,M
LNK,2025-09-30 19:54,70.00,56.00,61.15,5.75,M,M
LNK,2025-09-30 20:54,69.00,57.00,65.60,4.60,M,M
LNK,2025-09-30 21:54,71.00,57.00,61.28,6.90,M,M
LNK,2025-09-30 22:54,71.00,56.00,59.11,6.90,M,M
LNK,2025-09-30 23:54,68.00,56.00,65.48,4.60,M,M
LNK,2025-10-01 00:54,66.00,56.00,70.16,4.60,M,M
LNK,2025-10-01 01:54,64.00,56.00,75.22,4.60,M,M
LNK,2025-10-01 02:54,63.00,56.00,77.91,5.75,M,M
LNK,2025-10-01 03:54,64.00,55.00,72.54,5.75,M,M
LNK,2025-10-01 04:54,63.00,56.00,77.91,4.60,M,M
LNK,2025-10-01 05:54,61.00,55.00,80.62,4.60,M,M
LNK,2025-10-01 06:54,61.00,54.00,77.73,0.00,M,M
LNK,2025-10-01 07:54,61.00,55.00,80.62,0.00,M,M
LNK,2025-10-01 08:54,64.00,56.00,75.22,0.00,M,M
LNK,2025-10-01 09:54,71.00,58.00,63.53,6.90,M,M
LNK,2025-10-01 10:54,77.00,59.00,53.86,9.20,M,M
LNK,2025-10-01 11:54,81.00,58.00,45.57,10.35,M,M
LNK,2025-10-01 12:54,83.00,57.00,41.21,16.10,M,M
LNK,2025-10-01 13:54,84.00,56.00,38.49,13.80,M,M
LNK,2025-10-01 14:54,84.00,57.00,39.90,16.10,M,M
LNK,2025-10-01 15:54,84.00,55.00,37.11,14.95,M,M
LNK,2025-10-01 16:54,82.00,55.00,39.59,12.65,M,M
LNK,2025-10-01 17:54,83.00,54.00,36.96,12.65,M,M
LNK,2025-10-01 18:54,80.00,53.00,39.27,12.65,M,M
LNK,2025-10-01 19:54,72.00,55.00,55.10,5.75,M,M
LNK,2025-10-01 20:54,69.00,56.00,63.27,8.05,M,M
LNK,2025-10-01 21:54,68.00,55.00,63.15,8.05,M,M
LNK,2025-10-01 22:54,65.00,55.00,70.05,6.90,M,M
LNK,2025-10-01 23:54,67.00,55.00,65.36,3.45,M,M
LNK,2025-10-02 00:54,65.00,55.00,70.05,3.45,M,M
LNK,2025-10-02 01:54,64.00,56.00,75.22,3.45,M,M
LNK,2025-10-02 02:54,62.00,56.00,80.70,4.60,M,M
LNK,2025-10-02 03:54,62.00,56.00,80.70,4.60,M,M
LNK,2025-10-02 04:54,63.00,56.00,77.91,0.00,7500.00,M
LNK,2025-10-02 05:54,62.00,57.00,83.67,0.00,8500.00,M
LNK,2025-10-02 06:54,62.00,57.00,83.67,3.45,8000.00,M
LNK,2025-10-02 07:54,62.00,57.00,83.67,4.60,8000.00,M
LNK,2025-10-02 08:54,66.00,61.00,83.93,5.75,M,M
LNK,2025-10-02 09:54,73.00,60.00,63.78,6.90,M,M
LNK,2025-10-02 10:54,78.00,60.00,54.00,10.35,11000.00,M
LNK,2025-10-02 11:54,82.00,61.00,49.10,11.50,M,M
LNK,2025-10-02 12:54,86.00,60.00,41.68,16.10,M,M
LNK,2025-10-02 13:54,88.00,59.00,37.75,16.10,M,M
LNK,2025-10-02 14:54,88.00,60.00,39.12,11.50,M,M
LNK,2025-10-02 15:54,89.00,60.00,37.91,12.65,M,M
LNK,2025-10-02 16:54,88.00,59.00,37.75,9.20,M,M
LNK,2025-10-02 17:54,86.00,60.00,41.68,8.05,M,M
LNK,2025-10-02 18:54,80.00,60.00,50.57,5.75,M,M
LNK,2025-10-02 19:54,76.00,59.00,55.67,5.75,M,M
LNK,2025-10-02 20:54,72.00,59.00,63.65,5.75,M,M
LNK,2025-10-02 21:54,71.00,59.00,65.84,5.75,M,M
LNK,2025-10-02 22:54,69.00,59.00,70.49,5.75,M,M
LNK,2025-10-02 23:54,70.00,60.00,70.59,6.90,M,M
LNK,2025-10-03 00:54,68.00,59.00,72.95,4.60,M,M
LNK,2025-10-03 01:54,66.00,59.00,78.16,0.00,M,M
LNK,2025-10-03 02:54,66.00,59.00,78.16,3.45,M,M
LNK,2025-10-03 03:54,64.00,58.00,80.85,4.60,M,M
LNK,2025-10-03 04:54,62.00,58.00,86.73,3.45,M,M
LNK,2025-10-03 05:54,62.00,58.00,86.73,3.45,M,M
LNK,2025-10-03 06:54,62.00,58.00,86.73,0.00,M,M
LNK,2025-10-03 07:54,62.00,58.00,86.73,0.00,M,M
LNK,2025-10-03 08:54,66.00,61.00,83.93,6.90,M,M
LNK,2025-10-03 09:54,74.00,63.00,68.57,9.20,M,M
LNK,2025-10-03 10:54,79.00,62.00,56.09,10.35,M,M
LNK,2025-10-03 11:54,84.00,61.00,46.04,12.65,M,M
LNK,2025-10-03 12:54,87.00,60.00,40.38,14.95,M,M
LNK,2025-10-03 13:54,89.00,61.00,39.28,14.95,M,M
LNK,2025-10-03 14:54,89.00,60.00,37.91,11.50,M,M
LNK,2025-10-03 15:54,89.00,59.00,36.58,17.25,M,M
LNK,2025-10-03 16:54,88.00,59.00,37.75,18.40,M,M
LNK,2025-10-03 17:54,86.00,59.00,40.22,13.80,M,M
LNK,2025-10-03 18:54,82.00,59.00,45.73,11.50,M,M
LNK,2025-10-03 19:54,78.00,59.00,52.11,9.20,M,M
LNK,2025-10-03 20:54,75.00,59.00,57.55,9.20,M,M
LNK,2025-10-03 21:54,73.00,60.00,63.78,10.35,M,M
LNK,2025-10-03 22:54,73.00,61.00,66.08,11.50,M,M
LNK,2025-10-03 23:54,72.00,62.00,70.81,12.65,M,M
LNK,2025-10-04 00:54,72.00,62.00,70.81,11.50,M,M
LNK,2025-10-04 01:54,72.00,62.00,70.81,12.65,M,M
LNK,2025-10-04 02:54,72.00,61.00,68.35,13.80,M,M
LNK,2025-10-04 03:54,72.00,61.00,68.35,12.65,M,M
LNK,2025-10-04 04:54,71.00,60.00,68.23,12.65,M,M
LNK,2025-10-04 05:54,70.00,59.00,68.12,8.05,M,M
LNK,2025-10-04 06:54,70.00,59.00,68.12,12.65,M,M
LNK,2025-10-04 07:54,70.00,60.00,70.59,11.50,M,M
LNK,2025-10-04 08:54,72.00,61.00,68.35,16.10,M,M
LNK,2025-10-04 09:54,76.00,61.00,59.78,19.55,M,31.05
LNK,2025-10-04 10:54,80.00,61.00,52.40,18.40,M,34.50
LNK,2025-10-04 11:54,83.00,61.00,47.54,24.15,M,39.10
LNK,2025-10-04 12:54,85.00,61.00,44.58,19.55,M,34.50
LNK,2025-10-04 13:54,87.00,60.00,40.38,26.45,M,35.65
LNK,2025-10-04 14:54,88.00,61.00,40.53,24.15,M,36.80
LNK,2025-10-04 15:54,88.00,59.00,37.75,25.30,M,40.25
LNK,2025-10-04 16:54,86.00,60.00,41.68,27.60,M,37.95
LNK,2025-10-04 17:54,84.00,59.00,42.87,19.55,12000.00,39.10
LNK,2025-10-04 18:54,81.00,59.00,47.24,24.15,M,35.65
LNK,2025-10-04 19:54,79.00,59.00,50.42,16.10,M,31.05
LNK,2025-10-04 20:54,76.00,59.00,55.67,19.55,M,34.50
LNK,2025-10-04 21:54,75.00,57.00,53.57,19.55,M,32.20
LNK,2025-10-04 22:54,73.00,56.00,55.24,23.00,M,40.25
LNK,2025-10-04 23:54,71.00,55.00,57.00,19.55,M,32.20
LNK,2025-10-05 00:54,71.00,54.00,54.96,18.40,M,32.20
LNK,2025-10-05 01:54,69.00,53.00,56.72,17.25,M,M
LNK,2025-10-05 02:54,68.00,54.00,60.89,17.25,M,M
LNK,2025-10-05 03:54,68.00,55.00,63.15,19.55,12000.00,M
LNK,2025-10-05 04:54,67.00,55.00,65.36,14.95,12000.00,M
LNK,2025-10-05 05:54,67.00,55.00,65.36,16.10,12000.00,M
LNK,2025-10-05 06:54,67.00,55.00,65.36,17.25,M,M
LNK,2025-10-05 07:54,67.00,56.00,67.78,14.95,12000.00,M
LNK,2025-10-05 08:54,69.00,56.00,63.27,16.10,10000.00,29.90
LNK,2025-10-05 09:54,72.00,56.00,57.14,17.25,11000.00,31.05
LNK,2025-10-05 10:54,73.00,57.00,57.28,16.10,11000.00,M
LNK,2025-10-05 11:54,76.00,58.00,53.71,21.85,10000.00,32.20
LNK,2025-10-05 12:54,80.00,58.00,47.08,25.30,M,36.80
LNK,2025-10-05 13:54,78.00,61.00,55.95,13.80,M,31.05
LNK,2025-10-05 14:54,83.00,59.00,44.27,18.40,5000.00,M
LNK,2025-10-05 15:54,81.00,58.00,45.57,9.20,6000.00,M
LNK,2025-10-05 16:54,80.00,59.00,48.80,4.60,5500.00,M
LNK,2025-10-05 17:54,74.00,62.00,66.20,12.65,5500.00,M
LNK,2025-10-05 18:18,72.00,62.00,70.81,6.90,6000.00,M
LNK,2025-10-05 18:54,73.00,61.00,66.08,6.90,5000.00,M
LNK,2025-10-05 19:02,72.00,63.00,73.34,4.60,5000.00,M
LNK,2025-10-05 19:54,70.00,56.00,61.15,12.65,7000.00,M
LNK,2025-10-05 20:54,67.00,55.00,65.36,10.35,8500.00,M
LNK,2025-10-05 21:54,66.00,52.00,60.62,19.55,11000.00,M
LNK,2025-10-05 22:54,65.00,50.00,58.28,20.70,5000.00,M
LNK,2025-10-05 23:54,63.00,50.00,62.51,10.35,5000.00,M
LNK,2025-10-06 00:54,62.00,49.00,62.38,10.35,5000.00,M
LNK,2025-10-06 01:07,60.00,51.00,72.13,10.35,4700.00,M
LNK,2025-10-06 01:20,60.00,53.00,77.65,18.40,4600.00,M
LNK,2025-10-06 01:35,56.00,53.00,89.64,17.25,4500.00,M
LNK,2025-10-06 01:42,55.00,53.00,92.95,16.10,4800.00,M
LNK,2025-10-06 01:54,55.00,53.00,92.95,10.35,5000.00,M
LNK,2025-10-06 02:12,55.00,53.00,92.95,9.20,4900.00,M
LNK,2025-10-06 02:19,54.00,53.00,96.40,8.05,4900.00,M
LNK,2025-10-06 02:54,55.00,53.00,92.95,9.20,2500.00,M
LNK,2025-10-06 03:54,54.00,52.00,92.92,5.75,10000.00,M
LNK,2025-10-06 04:54,54.00,53.00,96.40,6.90,1200.00,M
LNK,2025-10-06 05:54,54.00,52.00,92.92,8.05,2800.00,M
LNK,2025-10-06 06:07,54.00,52.00,92.92,10.35,2800.00,M
LNK,2025-10-06 06:46,54.00,52.00,92.92,6.90,2800.00,M
LNK,2025-10-06 06:54,54.00,52.00,92.92,8.05,2700.00,M
LNK,2025-10-06 07:54,54.00,52.00,92.92,11.50,2700.00,M
LNK,2025-10-06 08:33,54.00,51.00,89.55,11.50,3000.00,M
LNK,2025-10-06 08:35,54.00,52.00,92.92,11.50,3000.00,M
LNK,2025-10-06 08:48,53.60,51.80,93.60,13.80,900.00,M
LNK,2025-10-06 08:49,53.00,51.00,92.89,12.65,900.00,M
LNK,2025-10-06 08:57,53.00,51.00,92.89,14.95,1000.00,M
LNK,2025-10-06 09:54,52.00,50.00,92.86,11.50,3400.00,M
LNK,2025-10-06 10:54,52.00,50.00,92.86,13.80,3100.00,M
LNK,2025-10-06 11:22,52.00,50.00,92.86,10.35,800.00,M
LNK,2025-10-06 11:47,51.00,50.00,96.36,14.95,800.00,M
LNK,2025-10-06 11:54,51.00,50.00,96.36,13.80,800.00,M
LNK,2025-10-06 12:05,51.00,50.00,96.36,11.50,800.00,M
LNK,2025-10-06 12:17,51.00,50.00,96.36,14.95,700.00,M
LNK,2025-10-06 12:24,51.00,50.00,96.36,11.50,700.00,M
LNK,2025-10-06 12:40,52.00,50.00,92.86,11.50,700.00,M
LNK,2025-10-06 12:48,51.80,50.00,93.55,12.65,700.00,M
LNK,2025-10-06 12:49,52.00,50.00,92.86,13.80,700.00,M
LNK,2025-10-06 12:56,52.00,50.00,92.86,12.65,700.00,M
LNK,2025-10-06 13:54,51.00,49.00,92.83,9.20,700.00,M
LNK,2025-10-06 14:03,51.00,49.00,92.83,11.50,700.00,M
LNK,2025-10-06 14:22,51.00,50.00,96.36,9.20,800.00,M
LNK,2025-10-06 14:32,51.00,50.00,96.36,11.50,900.00,M
LNK,2025-10-06 14:40,52.00,50.00,92.86,11.50,700.00,M
LNK,2025-10-06 14:54,52.00,50.00,92.86,8.05,800.00,M
LNK,2025-10-06 15:24,52.00,50.00,92.86,9.20,800.00,M
LNK,2025-10-06 15:32,52.00,50.00,92.86,9.20,600.00,M
LNK,2025-10-06 15:49,51.80,50.00,93.55,11.50,800.00,M
LNK,2025-10-06 15:54,52.00,51.00,96.37,10.35,600.00,M
LNK,2025-10-06 16:26,53.00,51.00,92.89,9.20,700.00,M
LNK,2025-10-06 16:48,53.60,51.80,93.60,9.20,700.00,M
LNK,2025-10-06 16:54,52.00,51.00,96.37,6.90,700.00,M
LNK,2025-10-06 17:10,53.00,51.00,92.89,9.20,700.00,M
LNK,2025-10-06 17:17,53.00,51.00,92.89,11.50,600.00,M
LNK,2025-10-06 17:44,52.00,51.00,96.37,11.50,900.00,M
LNK,2025-10-06 17:54,52.00,50.00,92.86,10.35,1000.00,M
LNK,2025-10-06 18:13,52.00,50.00,92.86,8.05,900.00,M
LNK,2025-10-06 18:54,52.00,50.00,92.86,10.35,1300.00,M
LNK,2025-10-06 19:54,52.00,51.00,96.37,9.20,2600.00,M
LNK,2025-10-06 20:21,52.00,51.00,96.37,8.05,2600.00,M
LNK,2025-10-06 20:44,53.00,51.00,92.89,8.05,2900.00,M
LNK,2025-10-06 20:54,53.00,50.00,89.51,6.90,2900.00,M
LNK,2025-10-06 21:04,53.00,51.00,92.89,8.05,3000.00,M
LNK,2025-10-06 21:19,53.00,50.00,89.51,9.20,2900.00,M
LNK,2025-10-06 21:54,53.00,50.00,89.51,6.90,2900.00,M
LNK,2025-10-06 22:28,53.00,50.00,89.51,10.35,3200.00,M
LNK,2025-10-06 22:54,54.00,50.00,86.29,10.35,3300.00,M
LNK,2025-10-06 23:54,54.00,50.00,86.29,6.90,3500.00,M
LNK,2025-10-07 00:54,54.00,50.00,86.29,6.90,3700.00,M
LNK,2025-10-07 01:54,55.00,50.00,83.20,9.20,4100.00,M
LNK,2025-10-07 02:54,53.00,49.00,86.23,11.50,4800.00,M
LNK,2025-10-07 03:54,50.00,48.00,92.80,6.90,M,M
LNK,2025-10-07 04:54,49.00,47.00,92.77,6.90,M,M
LNK,2025-10-07 05:54,48.00,45.00,89.28,8.05,M,M
LNK,2025-10-07 06:54,46.00,44.00,92.68,6.90,M,M
LNK,2025-10-07 07:54,44.00,43.00,96.24,5.75,M,M
LNK,2025-10-07 08:54,50.00,45.00,82.86,5.75,M,M
LNK,2025-10-07 09:54,55.00,46.00,71.60,4.60,M,M
LNK,2025-10-07 10:54,60.00,44.00,55.43,6.90,M,M
LNK,2025-10-07 11:54,63.00,42.00,46.17,8.05,M,M
LNK,2025-10-07 12:54,65.00,42.00,43.05,6.90,M,M
LNK,2025-10-07 13:54,66.00,44.00,44.90,6.90,M,M
LNK,2025-10-07 14:54,67.00,43.00,41.74,8.05,M,M
LNK,2025-10-07 15:54,68.00,42.00,38.81,3.45,M,M
LNK,2025-10-07 16:54,68.00,41.00,37.34,10.35,6000.00,M
LNK,2025-10-07 17:54,66.00,42.00,41.58,9.20,M,M
LNK,2025-10-07 18:54,59.00,43.00,55.29,5.75,M,M
LNK,2025-10-07 19:54,57.00,42.00,57.16,3.45,M,M
LNK,2025-10-07 20:54,56.00,46.00,69.05,0.00,M,M
LNK,2025-10-07 21:54,50.00,46.00,86.06,0.00,M,M
LNK,2025-10-07 22:54,51.00,45.00,79.84,0.00,M,M
LNK,2025-10-07 23:54,46.00,43.00,89.19,0.00,M,M
LNK,2025-10-08 00:54,44.00,43.00,96.24,5.75,M,M
LNK,2025-10-08 01:54,43.00,42.00,96.23,4.60,M,M
LNK,2025-10-08 02:54,42.00,41.00,96.21,4.60,M,M
LNK,2025-10-08 03:54,43.00,42.00,96.23,3.45,M,M
LNK,2025-10-08 04:54,43.00,42.00,96.23,0.00,M,M
LNK,2025-10-08 05:54,43.00,41.00,92.58,0.00,M,M
LNK,2025-10-08 06:54,40.00,39.00,96.18,4.60,M,M
LNK,2025-10-08 07:54,40.00,39.00,96.18,4.60,M,M
LNK,2025-10-08 08:54,46.00,43.00,89.19,3.45,M,M
LNK,2025-10-08 09:54,53.00,47.00,80.00,0.00,M,M
LNK,2025-10-08 10:54,60.00,48.00,64.50,3.45,M,M
LNK,2025-10-08 11:54,66.00,47.00,50.31,5.75,M,M
LNK,2025-10-08 12:54,69.00,43.00,38.97,12.65,M,M
LNK,2025-10-08 13:54,69.00,44.00,40.49,11.50,M,M
LNK,2025-10-08 14:54,70.00,44.00,39.13,11.50,M,M
LNK,2025-10-08 15:54,70.00,43.00,37.66,14.95,M,M
LNK,2025-10-08 16:54,70.00,43.00,37.66,12.65,M,M
LNK,2025-10-08 17:54,68.00,43.00,40.33,12.65,M,M
LNK,2025-10-08 18:54,65.00,44.00,46.49,10.35,8000.00,M
LNK,2025-10-08 19:54,65.00,45.00,48.29,9.20,8500.00,M
LNK,2025-10-08 20:54,63.00,46.00,53.79,6.90,9000.00,M
LNK,2025-10-08 21:54,59.00,46.00,61.99,4.60,9500.00,M
LNK,2025-10-08 22:54,59.00,49.00,69.39,5.75,6000.00,M
LNK,2025-10-08 23:54,59.00,48.00,66.84,6.90,6000.00,M
LNK,2025-10-09 00:54,59.00,47.00,64.37,8.05,6500.00,M
LNK,2025-10-09 01:54,60.00,47.00,62.12,8.05,6500.00,M
LNK,2025-10-09 02:54,59.00,45.00,59.68,6.90,6500.00,M
LNK,2025-10-09 03:54,56.00,45.00,66.48,5.75,7000.00,M
LNK,2025-10-09 04:54,57.00,46.00,66.60,5.75,6000.00,M
LNK,2025-10-09 05:54,59.00,46.00,61.99,6.90,6000.00,M
LNK,2025-10-09 06:54,58.00,45.00,61.85,6.90,6000.00,M
LNK,2025-10-09 07:54,57.00,45.00,64.12,9.20,5000.00,M
LNK,2025-10-09 08:54,59.00,46.00,61.99,13.80,7000.00,M
LNK,2025-10-09 09:54,63.00,49.00,60.22,16.10,M,M
LNK,2025-10-09 10:54,67.00,52.00,58.56,14.95,M,M
LNK,2025-10-09 11:54,73.00,56.00,55.24,10.35,M,M
LNK,2025-10-09 12:54,77.00,60.00,55.81,19.55,4300.00,M
LNK,2025-10-09 13:54,79.00,62.00,56.09,16.10,6000.00,M
LNK,2025-10-09 14:54,80.00,63.00,56.23,14.95,6000.00,M
LNK,2025-10-09 15:54,80.00,63.00,56.23,16.10,4400.00,M
LNK,2025-10-09 16:54,79.00,63.00,58.10,16.10,4600.00,M
LNK,2025-10-09 17:54,78.00,64.00,62.18,14.95,M,M
LNK,2025-10-09 18:54,76.00,64.00,66.43,13.80,4700.00,M
LNK,2025-10-09 19:54,75.00,65.00,71.12,12.65,5000.00,M
LNK,2025-10-09 20:54,73.00,64.00,73.44,11.50,6000.00,M
LNK,2025-10-09 21:54,71.00,64.00,78.57,11.50,M,M
LNK,2025-10-09 22:54,69.00,63.00,81.22,10.35,6000.00,M
LNK,2025-10-09 23:54,67.00,62.00,83.99,6.90,5000.00,M
LNK,2025-10-10 00:54,67.00,62.00,83.99,0.00,M,M
LNK,2025-10-10 01:54,63.00,61.00,93.19,4.60,M,M
LNK,2025-10-10 02:54,62.00,61.00,96.53,5.75,7000.00,M
LNK,2025-10-10 03:45,64.00,62.00,93.22,0.00,2100.00,M
LNK,2025-10-10 03:54,65.00,62.00,90.02,4.60,2100.00,M
LNK,2025-10-10 04:51,64.40,62.60,93.89,0.00,2100.00,M
LNK,2025-10-10 04:54,65.00,62.00,90.02,0.00,2700.00,M
LNK,2025-10-10 05:54,62.00,62.00,100.00,4.60,M,M
LNK,2025-10-10 06:08,59.00,59.00,100.00,3.45,M,M
LNK,2025-10-10 06:54,60.00,57.00,89.81,8.05,M,M
LNK,2025-10-10 07:01,60.00,56.00,86.62,8.05,M,M
LNK,2025-10-10 07:54,57.00,55.00,93.01,4.60,M,M
LNK,2025-10-10 08:54,61.00,55.00,80.62,6.90,M,M
LNK,2025-10-10 09:54,67.00,57.00,70.27,13.80,M,M
LNK,2025-10-10 10:54,70.00,56.00,61.15,16.10,M,M
LNK,2025-10-10 11:54,72.00,55.00,55.10,12.65,M,M
LNK,2025-10-10 12:54,74.00,55.00,51.52,12.65,M,M
LNK,2025-10-10 13:54,76.00,52.00,43.18,13.80,M,M
LNK,2025-10-10 14:54,77.00,52.00,41.77,13.80,M,M
LNK,2025-10-10 15:54,77.00,49.00,37.37,13.80,M,M
LNK,2025-10-10 16:54,76.00,46.00,34.51,10.35,M,M
LNK,2025-10-10 17:54,73.00,49.00,42.70,10.35,M,M
LNK,2025-10-10 18:54,65.00,49.00,56.15,5.75,M,M
LNK,2025-10-10 19:54,60.00,49.00,66.96,4.60,M,M
LNK,2025-10-10 20:54,57.00,49.00,74.55,4.60,M,M
LNK,2025-10-10 21:54,56.00,48.00,74.46,4.60,M,M
LNK,2025-10-10 22:54,54.00,49.00,83.13,5.75,M,M
LNK,2025-10-10 23:54,58.00,46.00,64.25,0.00,M,M
LNK,2025-10-11 00:54,59.00,46.00,61.99,0.00,M,M
LNK,2025-10-11 01:54,56.00,44.00,63.99,0.00,M,M
LNK,2025-10-11 02:54,54.00,43.00,66.24,3.45,M,M
LNK,2025-10-11 03:54,53.00,42.00,66.11,3.45,M,M
LNK,2025-10-11 04:54,56.00,41.00,57.02,5.75,M,M
LNK,2025-10-11 05:54,57.00,41.00,54.99,0.00,M,M
LNK,2025-10-11 06:54,57.00,42.00,57.16,5.75,M,M
LNK,2025-10-11 07:54,57.00,42.00,57.16,6.90,M,M
LNK,2025-10-11 08:54,58.00,46.00,64.25,5.75,M,M
LNK,2025-10-11 09:54,59.00,49.00,69.39,9.20,M,M
LNK,2025-10-11 10:54,62.00,53.00,72.34,10.35,M,M
LNK,2025-10-11 11:54,67.00,56.00,67.78,9.20,M,M
LNK,2025-10-11 12:54,70.00,57.00,63.40,16.10,M,M
LNK,2025-10-11 13:54,76.00,55.00,48.19,17.25,M,M
LNK,2025-10-11 14:54,76.00,57.00,51.81,18.40,M,M
LNK,2025-10-11 15:54,79.00,57.00,46.93,17.25,M,M
LNK,2025-10-11 16:54,78.00,56.00,46.78,16.10,M,M
LNK,2025-10-11 17:54,76.00,56.00,49.97,17.25,M,M
LNK,2025-10-11 18:54,73.00,55.00,53.28,11.50,M,M
LNK,2025-10-11 19:54,72.00,54.00,53.13,16.10,M,M
LNK,2025-10-11 20:54,70.00,54.00,56.86,14.95,M,M
LNK,2025-10-11 21:54,69.00,55.00,61.02,16.10,M,M
LNK,2025-10-11 22:54,68.00,54.00,60.89,17.25,M,M
LNK,2025-10-11 23:54,67.00,54.00,63.02,19.55,M,29.90
LNK,2025-10-12 00:54,66.00,55.00,67.66,16.10,M,M
LNK,2025-10-12 01:54,65.00,55.00,70.05,18.40,M,M
LNK,2025-10-12 02:54,65.00,55.00,70.05,18.40,M,29.90
LNK,2025-10-12 03:54,65.00,55.00,70.05,19.55,M,M
LNK,2025-10-12 04:54,65.00,56.00,72.64,18.40,12000.00,29.90
LNK,2025-10-12 05:54,65.00,57.00,75.32,16.10,9500.00,M
LNK,2025-10-12 06:54,67.00,57.00,70.27,18.40,10000.00,34.50
LNK,2025-10-12 07:54,67.00,57.00,70.27,18.40,9500.00,M
LNK,2025-10-12 08:54,70.00,56.00,61.15,17.25,11000.00,M
LNK,2025-10-12 09:54,72.00,56.00,57.14,21.85,10000.00,37.95
LNK,2025-10-12 10:54,75.00,57.00,53.57,19.55,11000.00,29.90
LNK,2025-10-12 11:54,79.00,56.00,45.26,26.45,M,36.80
LNK,2025-10-12 12:54,83.00,59.00,44.27,16.10,M,33.35
LNK,2025-10-12 13:54,85.00,57.00,38.64,20.70,M,34.50
LNK,2025-10-12 14:54,85.00,56.00,37.27,18.40,M,35.65
LNK,2025-10-12 15:54,85.00,57.00,38.64,17.25,M,31.05
LNK,2025-10-12 16:54,86.00,57.00,37.43,20.70,M,M
LNK,2025-10-12 17:54,83.00,57.00,41.21,5.75,M,M
LNK,2025-10-12 18:54,78.00,59.00,52.11,5.75,8000.00,M
LNK,2025-10-12 19:54,74.00,48.00,39.78,23.00,8500.00,37.95
LNK,2025-10-12 20:54,70.00,45.00,40.65,31.05,8000.00,40.25
LNK,2025-10-12 21:54,67.00,50.00,54.38,12.65,M,33.35
LNK,2025-10-12 22:54,62.00,48.00,60.09,9.20,M,31.05
LNK,2025-10-12 23:54,62.00,43.00,49.70,11.50,M,M
LNK,2025-10-13 00:54,60.00,42.00,51.34,11.50,M,M
LNK,2025-10-13 01:54,56.00,42.00,59.26,10.35,M,M
LNK,2025-10-13 02:54,54.00,43.00,66.24,10.35,M,M
LNK,2025-10-13 03:54,51.00,43.00,73.96,8.05,7000.00,M
LNK,2025-10-13 04:54,53.00,43.00,68.71,8.05,M,M
LNK,2025-10-13 05:54,52.00,44.00,74.06,12.65,M,M
LNK,2025-10-13 06:54,51.00,42.00,71.17,13.80,M,M
LNK,2025-10-13 07:54,50.00,39.00,65.75,13.80,M,M
LNK,2025-10-13 08:54,51.00,39.00,63.35,14.95,M,M
LNK,2025-10-13 09:54,54.00,39.00,56.73,18.40,M,M
LNK,2025-10-13 10:54,58.00,39.00,49.08,13.80,M,M
LNK,2025-10-13 11:54,61.00,40.00,45.85,8.05,M,M
LNK,2025-10-13 12:54,64.00,40.00,41.26,10.35,M,M
LNK,2025-10-13 13:54,67.00,39.00,35.75,12.65,9000.00,M
LNK,2025-10-13 14:54,65.00,39.00,38.32,14.95,10000.00,M
LNK,2025-10-13 15:54,65.00,40.00,39.84,14.95,9000.00,M
LNK,2025-10-13 16:54,65.00,40.00,39.84,11.50,7500.00,M
LNK,2025-10-13 17:54,64.00,39.00,39.68,9.20,6000.00,M
LNK,2025-10-13 18:54,62.00,39.00,42.57,11.50,5500.00,M
LNK,2025-10-13 19:54,61.00,39.00,44.10,10.35,5000.00,M
LNK,2025-10-13 20:54,60.00,39.00,45.69,9.20,4400.00,M
LNK,2025-10-13 21:54,60.00,39.00,45.69,9.20,6000.00,M
LNK,2025-10-13 22:54,58.00,42.00,55.14,6.90,5000.00,M
LNK,2025-10-13 23:54,58.00,41.00,53.05,4.60,4800.00,M
LNK,2025-10-14 00:54,58.00,41.00,53.05,6.90,4100.00,M
LNK,2025-10-14 01:54,59.00,39.00,47.35,8.05,4500.00,M
LNK,2025-10-14 02:54,57.00,42.00,57.16,6.90,3800.00,M
LNK,2025-10-14 03:54,57.00,42.00,57.16,6.90,3600.00,M
LNK,2025-10-14 04:54,56.00,44.00,63.99,5.75,3600.00,M
LNK,2025-10-14 05:54,56.00,44.00,63.99,6.90,3500.00,M
LNK,2025-10-14 06:23,56.00,44.00,63.99,6.90,2900.00,M
LNK,2025-10-14 06:54,56.00,45.00,66.48,6.90,2600.00,M
LNK,2025-10-14 07:54,55.00,45.00,68.94,8.05,2600.00,M
LNK,2025-10-14 08:32,55.00,46.00,71.60,4.60,1800.00,M
LNK,2025-10-14 08:54,55.00,47.00,74.36,6.90,1800.00,M
LNK,2025-10-14 09:54,55.00,50.00,83.20,5.75,1600.00,M
LNK,2025-10-14 10:01,54.00,50.00,86.29,6.90,1400.00,M
LNK,2025-10-14 10:54,55.00,52.00,89.60,4.60,1300.00,M
LNK,2025-10-14 11:26,54.00,53.00,96.40,5.75,1100.00,M
LNK,2025-10-14 11:33,54.00,52.00,92.92,4.60,1100.00,M
LNK,2025-10-14 11:54,55.00,53.00,92.95,4.60,800.00,M
LNK,2025-10-14 12:07,55.00,54.00,96.42,5.75,800.00,M
LNK,2025-10-14 12:16,55.00,54.00,96.42,5.75,800.00,M
LNK,2025-10-14 12:30,56.00,55.00,96.44,6.90,600.00,M
LNK,2025-10-14 12:37,56.00,55.00,96.44,5.75,600.00,M
LNK,2025-10-14 12:54,57.00,55.00,93.01,6.90,600.00,M
LNK,2025-10-14 13:54,58.00,56.00,93.04,6.90,600.00,M
LNK,2025-10-14 14:54,60.00,57.00,89.81,5.75,700.00,M
LNK,2025-10-14 15:26,61.00,59.00,93.13,5.75,1000.00,M
LNK,2025-10-14 15:54,63.00,59.00,86.79,8.05,1100.00,M
LNK,2025-10-14 16:54,65.00,61.00,86.89,5.75,1100.00,M
LNK,2025-10-14 17:54,66.00,62.00,86.95,5.75,1500.00,M
LNK,2025-10-14 18:54,66.00,62.00,86.95,4.60,1600.00,M
LNK,2025-10-14 19:50,64.40,60.80,88.10,5.75,1600.00,M
LNK,2025-10-14 19:54,65.00,61.00,86.89,4.60,1600.00,M
LNK,2025-10-14 20:54,64.00,62.00,93.22,3.45,8000.00,M
LNK,2025-10-14 21:54,61.00,60.00,96.51,5.75,8000.00,M
LNK,2025-10-14 22:54,61.00,60.00,96.51,5.75,M,M
LNK,2025-10-14 23:54,60.00,59.00,96.50,4.60,11000.00,M
LNK,2025-10-15 00:54,60.00,59.00,96.50,8.05,10000.00,M
LNK,2025-10-15 01:54,59.00,58.00,96.48,5.75,9000.00,M
LNK,2025-10-15 02:54,60.00,59.00,96.50,0.00,11000.00,M
LNK,2025-10-15 03:54,61.00,60.00,96.51,4.60,10000.00,M
LNK,2025-10-15 04:54,61.00,60.00,96.51,0.00,10000.00,M
LNK,2025-10-15 05:54,61.00,60.00,96.51,0.00,10000.00,M
LNK,2025-10-15 06:54,62.00,60.00,93.16,0.00,10000.00,M
LNK,2025-10-15 07:54,63.00,61.00,93.19,3.45,10000.00,M
LNK,2025-10-15 08:13,64.00,62.00,93.22,5.75,5000.00,M
LNK,2025-10-15 08:20,64.00,62.00,93.22,5.75,5000.00,M
LNK,2025-10-15 08:23,64.00,62.00,93.22,4.60,5500.00,M
LNK,2025-10-15 08:54,66.00,63.00,90.06,9.20,5500.00,M
LNK,2025-10-15 09:54,67.00,63.00,87.00,6.90,M,M
LNK,2025-10-15 10:54,69.00,65.00,87.10,8.05,9000.00,M
LNK,2025-10-15 11:54,71.00,64.00,78.57,10.35,3600.00,M
LNK,2025-10-15 12:54,72.00,61.00,68.35,10.35,9000.00,M
LNK,2025-10-15 13:54,73.00,63.00,70.91,11.50,11000.00,M
LNK,2025-10-15 14:54,73.00,64.00,73.44,11.50,12000.00,M
LNK,2025-10-15 15:54,76.00,67.00,73.73,6.90,M,M
LNK,2025-10-15 16:54,79.00,64.00,60.17,16.10,M,M
LNK,2025-10-15 17:54,78.00,64.00,62.18,8.05,M,M
LNK,2025-10-15 18:54,74.00,61.00,63.90,8.05,M,M
LNK,2025-10-15 19:54,69.00,60.00,73.05,8.05,M,M
LNK,2025-10-15 20:54,73.00,62.00,68.46,10.35,M,M
LNK,2025-10-15 21:54,71.00,62.00,73.24,11.50,M,M
LNK,2025-10-15 22:54,71.00,62.00,73.24,10.35,M,M
LNK,2025-10-15 23:54,70.00,61.00,73.15,10.35,M,M
LNK,2025-10-16 00:54,68.00,61.00,78.33,8.05,M,M
LNK,2025-10-16 01:54,67.00,60.00,78.24,6.90,M,M
LNK,2025-10-16 02:54,64.00,59.00,83.80,6.90,M,M
LNK,2025-10-16 03:54,67.00,59.00,75.50,9.20,M,M
LNK,2025-10-16 04:54,67.00,59.00,75.50,11.50,M,M
LNK,2025-10-16 05:54,66.00,59.00,78.16,9.20,M,M
LNK,2025-10-16 06:54,64.00,59.00,83.80,6.90,M,M
LNK,2025-10-16 07:54,64.00,59.00,83.80,9.20,M,M
LNK,2025-10-16 08:54,64.00,58.00,80.85,9.20,M,M
LNK,2025-10-16 09:54,71.00,59.00,65.84,14.95,M,M
LNK,2025-10-16 10:54,74.00,58.00,57.42,18.40,M,M
LNK,2025-10-16 11:54,78.00,56.00,46.78,19.55,M,M
LNK,2025-10-16 12:54,80.00,55.00,42.25,20.70,M,32.20
LNK,2025-10-16 13:54,82.00,54.00,38.17,21.85,M,33.35
LNK,2025-10-16 14:54,82.00,53.00,36.80,21.85,M,36.80
LNK,2025-10-16 15:54,82.00,49.00,31.73,28.75,M,39.10
LNK,2025-10-16 16:54,81.00,52.00,36.64,18.40,M,41.40
LNK,2025-10-16 17:54,78.00,52.00,40.42,18.40,M,29.90
LNK,2025-10-16 18:54,73.00,52.00,47.73,14.95,M,M
LNK,2025-10-16 19:54,71.00,52.00,51.07,10.35,M,M
LNK,2025-10-16 20:54,69.00,50.00,50.77,11.50,M,M
LNK,2025-10-16 21:54,68.00,50.00,52.54,12.65,M,M
LNK,2025-10-16 22:54,65.00,51.00,60.49,12.65,M,M
LNK,2025-10-16 23:54,65.00,52.00,62.76,10.35,M,M
LNK,2025-10-17 00:54,65.00,53.00,65.12,6.90,M,M
LNK,2025-10-17 01:54,68.00,54.00,60.89,11.50,M,M
LNK,2025-10-17 02:54,67.00,54.00,63.02,8.05,8500.00,M
LNK,2025-10-17 03:54,65.00,55.00,70.05,5.75,10000.00,M
LNK,2025-10-17 04:54,65.00,56.00,72.64,9.20,7000.00,M
LNK,2025-10-17 05:54,63.00,56.00,77.91,11.50,10000.00,M
LNK,2025-10-17 06:54,62.00,56.00,80.70,9.20,11000.00,M
LNK,2025-10-17 07:54,58.00,55.00,89.73,8.05,M,M
LNK,2025-10-17 08:54,64.00,57.00,77.99,9.20,M,M
LNK,2025-10-17 09:54,65.00,58.00,78.08,8.05,8000.00,M
LNK,2025-10-17 10:08,64.00,59.00,83.80,8.05,4700.00,M
LNK,2025-10-17 10:18,64.00,59.00,83.80,9.20,3400.00,M
LNK,2025-10-17 10:39,63.00,60.00,89.94,9.20,3200.00,M
LNK,2025-10-17 10:51,62.60,60.80,93.84,4.60,10000.00,M
LNK,2025-10-17 10:54,63.00,60.00,89.94,6.90,10000.00,M
LNK,2025-10-17 11:21,65.00,60.00,83.86,9.20,M,M
LNK,2025-10-17 11:54,68.00,60.00,75.59,9.20,1900.00,M
LNK,2025-10-17 12:54,71.00,59.00,65.84,6.90,2400.00,M
LNK,2025-10-17 13:12,72.00,58.00,61.41,6.90,2500.00,M
LNK,2025-10-17 13:20,72.00,57.00,59.24,8.05,2700.00,M
LNK,2025-10-17 13:54,73.00,56.00,55.24,4.60,M,M
LNK,2025-10-17 14:54,75.00,51.00,43.02,4.60,M,M
LNK,2025-10-17 15:54,76.00,50.00,40.10,5.75,M,M
LNK,2025-10-17 16:54,75.00,47.00,37.05,5.75,M,M
LNK,2025-10-17 17:54,74.00,46.00,36.89,4.60,M,M
LNK,2025-10-17 18:54,66.00,51.00,58.42,4.60,M,M
LNK,2025-10-17 19:54,63.00,50.00,62.51,0.00,M,M
LNK,2025-10-17 20:54,62.00,49.00,62.38,0.00,M,M
LNK,2025-10-17 21:54,61.00,49.00,64.62,0.00,M,M
LNK,2025-10-17 22:54,58.00,48.00,69.28,3.45,M,M
LNK,2025-10-17 23:54,56.00,46.00,69.05,0.00,M,M
LNK,2025-10-18 00:54,58.00,45.00,61.85,0.00,M,M
LNK,2025-10-18 01:54,50.00,45.00,82.86,0.00,M,M
LNK,2025-10-18 02:54,48.00,45.00,89.28,3.45,M,M
LNK,2025-10-18 03:54,49.00,44.00,82.79,3.45,M,M
LNK,2025-10-18 04:54,49.00,43.00,79.68,0.00,M,M
LNK,2025-10-18 05:54,47.00,43.00,85.89,0.00,M,M
LNK,2025-10-18 06:54,46.00,42.00,85.83,0.00,M,M
LNK,2025-10-18 07:54,46.00,41.00,82.57,0.00,M,M
LNK,2025-10-18 08:54,50.00,44.00,79.76,0.00,M,M
LNK,2025-10-18 09:54,56.00,45.00,66.48,0.00,M,M
LNK,2025-10-18 10:54,62.00,48.00,60.09,5.75,M,M
LNK,2025-10-18 11:54,68.00,46.00,45.22,4.60,M,M
LNK,2025-10-18 12:54,68.00,45.00,43.53,14.95,M,M
LNK,2025-10-18 13:54,66.00,45.00,46.64,21.85,M,31.05
LNK,2025-10-18 14:54,66.00,44.00,44.90,18.40,M,31.05
LNK,2025-10-18 15:54,67.00,39.00,35.75,25.30,M,37.95
LNK,2025-10-18 16:54,63.00,41.00,44.42,31.05,6500.00,48.30
LNK,2025-10-18 17:54,59.00,42.00,53.20,24.15,7500.00,39.10
LNK,2025-10-18 18:54,57.00,43.00,59.40,14.95,6500.00,35.65
LNK,2025-10-18 19:54,51.00,45.00,79.84,11.50,6000.00,49.45
LNK,2025-10-18 20:54,51.00,44.00,76.85,8.05,5000.00,M
LNK,2025-10-18 21:54,50.00,44.00,79.76,10.35,M,M
LNK,2025-10-18 22:54,49.00,39.00,68.24,12.65,M,M
LNK,2025-10-18 23:54,48.00,35.00,60.51,13.80,M,M
LNK,2025-10-19 00:54,46.00,34.00,62.69,11.50,M,M
LNK,2025-10-19 01:54,46.00,33.00,60.23,12.65,M,M
LNK,2025-10-19 02:54,45.00,32.00,60.09,8.05,M,M
LNK,2025-10-19 03:54,44.00,31.00,59.95,3.45,M,M
LNK,2025-10-19 04:54,42.00,32.00,67.41,4.60,M,M
LNK,2025-10-19 05:54,43.00,30.00,59.81,4.60,M,M
LNK,2025-10-19 06:54,41.00,30.00,64.61,4.60,M,M
LNK,2025-10-19 07:54,41.00,30.00,64.61,5.75,M,M
LNK,2025-10-19 08:54,44.00,30.00,57.57,0.00,M,M
LNK,2025-10-19 09:54,50.00,31.00,47.82,6.90,M,M
LNK,2025-10-19 10:54,56.00,29.00,35.36,14.95,M,M
LNK,2025-10-19 11:54,61.00,29.00,29.57,12.65,M,M
LNK,2025-10-19 12:54,63.00,27.00,25.38,9.20,M,M
LNK,2025-10-19 13:54,65.00,25.00,21.78,11.50,M,M
LNK,2025-10-19 14:54,66.00,25.00,21.04,11.50,M,M
LNK,2025-10-19 15:54,67.00,26.00,21.18,14.95,M,M
LNK,2025-10-19 16:54,66.00,27.00,22.85,12.65,M,M
LNK,2025-10-19 17:54,64.00,30.00,27.71,10.35,M,M
LNK,2025-10-19 18:54,56.00,31.00,38.37,9.20,M,M
LNK,2025-10-19 19:54,48.00,34.00,58.14,9.20,M,M
LNK,2025-10-19 20:54,51.00,33.00,49.95,11.50,M,M
LNK,2025-10-19 21:54,50.00,33.00,51.84,11.50,M,M
LNK,2025-10-19 22:54,49.00,34.00,56.00,11.50,M,M
LNK,2025-10-19 23:54,52.00,34.00,50.10,14.95,M,M
LNK,2025-10-20 00:54,51.00,35.00,54.10,12.65,M,M
LNK,2025-10-20 01:54,52.00,34.00,50.10,13.80,M,M
LNK,2025-10-20 02:54,52.00,34.00,50.10,17.25,M,M
LNK,2025-10-20 03:54,52.00,34.00,50.10,12.65,M,M
LNK,2025-10-20 04:54,49.00,35.00,58.28,10.35,M,M
LNK,2025-10-20 05:54,48.00,36.00,62.96,12.65,M,M
LNK,2025-10-20 06:54,47.00,35.00,62.83,9.20,M,M
LNK,2025-10-20 07:54,43.00,35.00,73.15,4.60,M,M
LNK,2025-10-20 08:54,49.00,38.00,65.62,0.00,M,M
LNK,2025-10-20 09:54,55.00,39.00,54.70,5.75,M,M
LNK,2025-10-20 10:54,60.00,38.00,43.94,17.25,M,M
LNK,2025-10-20 11:54,65.00,43.00,44.74,23.00,M,32.20
LNK,2025-10-20 12:54,66.00,44.00,44.90,17.25,M,35.65
LNK,2025-10-20 13:54,63.00,43.00,47.98,19.55,M,33.35
LNK,2025-10-20 14:54,64.00,42.00,44.58,20.70,M,34.50
LNK,2025-10-20 15:54,64.00,39.00,39.68,17.25,M,34.50
LNK,2025-10-20 16:54,66.00,36.00,32.89,16.10,8500.00,M
LNK,2025-10-20 17:54,65.00,29.00,25.69,20.70,M,33.35
LNK,2025-10-20 18:54,61.00,32.00,33.40,9.20,M,31.05
LNK,2025-10-20 19:54,58.00,32.00,37.17,10.35,M,M
LNK,2025-10-20 20:54,55.00,33.00,43.13,4.60,M,M
LNK,2025-10-20 21:54,52.00,33.00,48.14,5.75,M,M
LNK,2025-10-20 22:54,50.00,32.00,49.79,4.60,M,M
LNK,2025-10-20 23:54,48.00,33.00,55.86,5.75,M,M
LNK,2025-10-21 00:54,48.00,32.00,53.65,10.35,9000.00,M
LNK,2025-10-21 01:54,48.00,34.00,58.14,11.50,M,M
LNK,2025-10-21 02:54,49.00,35.00,58.28,13.80,M,M
LNK,2025-10-21 03:54,47.00,35.00,62.83,14.95,M,M
LNK,2025-10-21 04:54,48.00,34.00,58.14,14.95,M,M
LNK,2025-10-21 05:54,46.00,34.00,62.69,13.80,M,M
LNK,2025-10-21 06:54,46.00,33.00,60.23,16.10,M,M
LNK,2025-10-21 07:54,47.00,31.00,53.50,19.55,M,29.90
LNK,2025-10-21 08:54,48.00,31.00,51.53,17.25,M,29.90
LNK,2025-10-21 09:54,51.00,30.00,44.24,23.00,M,35.65
LNK,2025-10-21 10:54,53.00,29.00,39.45,23.00,M,42.55
LNK,2025-10-21 11:54,56.00,27.00,32.57,21.85,M,39.10
LNK,2025-10-21 12:54,58.00,26.00,29.08,23.00,M,42.55
LNK,2025-10-21 13:54,60.00,24.00,24.91,21.85,M,35.65
LNK,2025-10-21 14:54,61.00,22.00,22.10,23.00,M,40.25
LNK,2025-10-21 15:54,62.00,21.00,20.45,21.85,M,36.80
LNK,2025-10-21 16:54,62.00,19.00,18.77,19.55,M,34.50
LNK,2025-10-21 17:54,60.00,22.00,22.90,13.80,M,29.90
LNK,2025-10-21 18:54,57.00,24.00,27.73,9.20,M,M
LNK,2025-10-21 19:54,53.00,24.00,32.08,5.75,M,M
LNK,2025-10-21 20:54,46.00,26.00,45.26,3.45,M,M
LNK,2025-10-21 21:54,40.00,29.00,64.48,3.45,M,M
LNK,2025-10-21 22:54,37.00,29.00,72.52,4.60,M,M
LNK,2025-10-21 23:54,40.00,28.00,61.89,0.00,M,M
LNK,2025-10-22 00:54,42.00,30.00,62.16,4.60,M,M
LNK,2025-10-22 01:54,36.00,29.00,75.44,4.60,M,M
LNK,2025-10-22 02:54,39.00,30.00,69.84,0.00,M,M
LNK,2025-10-22 03:54,37.00,30.00,75.54,0.00,M,M
LNK,2025-10-22 04:54,33.00,29.00,85.03,0.00,M,M
LNK,2025-10-22 05:54,35.00,30.00,81.77,0.00,M,M
LNK,2025-10-22 06:54,35.00,29.00,78.50,0.00,M,M
LNK,2025-10-22 07:54,35.00,29.00,78.50,0.00,M,M
LNK,2025-10-22 08:54,39.00,33.00,78.84,0.00,M,M
LNK,2025-10-22 09:54,48.00,36.00,62.96,0.00,M,M
LNK,2025-10-22 10:54,57.00,34.00,41.75,10.35,M,M
LNK,2025-10-22 11:54,62.00,36.00,37.83,13.80,M,M
LNK,2025-10-22 12:54,67.00,35.00,30.53,14.95,M,M
LNK,2025-10-22 13:54,67.00,32.00,27.08,17.25,M,M
LNK,2025-10-22 14:54,67.00,31.00,26.00,16.10,M,33.35
LNK,2025-10-22 15:54,68.00,27.00,21.33,12.65,M,M
LNK,2025-10-22 16:54,66.00,28.00,23.82,13.80,M,M
LNK,2025-10-22 17:54,64.00,27.00,24.50,11.50,M,M
LNK,2025-10-22 18:54,52.00,30.00,42.64,9.20,M,M
LNK,2025-10-22 19:54,50.00,31.00,47.82,8.05,M,M
LNK,2025-10-22 20:54,46.00,32.00,57.85,6.90,M,M
LNK,2025-10-22 21:54,44.00,32.00,62.43,8.05,M,M
LNK,2025-10-22 22:54,41.00,32.00,70.06,0.00,M,M
LNK,2025-10-22 23:54,40.00,31.00,69.95,0.00,M,M
LNK,2025-10-23 00:54,37.00,31.00,78.67,3.45,M,M
LNK,2025-10-23 01:54,40.00,33.00,75.83,3.45,M,M
LNK,2025-10-23 02:54,34.00,30.00,85.10,0.00,M,M
LNK,2025-10-23 03:54,32.00,30.00,92.21,4.60,M,M
LNK,2025-10-23 04:54,31.00,28.00,88.48,5.75,M,M
LNK,2025-10-23 05:54,33.00,30.00,88.57,0.00,M,M
LNK,2025-10-23 06:54,31.00,29.00,92.18,0.00,M,M
LNK,2025-10-23 07:54,30.00,28.00,92.14,0.00,M,M
LNK,2025-10-23 08:54,36.00,32.00,85.22,0.00,M,M
LNK,2025-10-23 09:54,44.00,36.00,73.25,0.00,M,M
LNK,2025-10-23 10:54,52.00,38.00,58.71,0.00,M,M
LNK,2025-10-23 11:54,59.00,35.00,40.44,4.60,M,M
LNK,2025-10-23 12:54,63.00,33.00,32.40,5.75,M,M
LNK,2025-10-23 13:54,64.00,32.00,30.05,3.45,M,M
LNK,2025-10-23 14:54,65.00,32.00,29.02,6.90,M,M
LNK,2025-10-23 15:54,66.00,31.00,26.92,9.20,M,M
LNK,2025-10-23 16:54,65.00,31.00,27.87,10.35,M,M
LNK,2025-10-23 17:54,60.00,32.00,34.60,6.90,M,M
LNK,2025-10-23 18:54,57.00,32.00,38.53,6.90,M,M
LNK,2025-10-23 19:54,56.00,33.00,41.59,8.05,M,M
LNK,2025-10-23 20:54,54.00,33.00,44.73,6.90,M,M
LNK,2025-10-23 21:54,50.00,33.00,51.84,4.60,M,M
LNK,2025-10-23 22:54,48.00,35.00,60.51,0.00,7500.00,M
LNK,2025-10-23 23:54,50.00,35.00,56.15,4.60,7500.00,M
LNK,2025-10-24 00:54,49.00,36.00,60.64,4.60,6500.00,M
LNK,2025-10-24 01:54,49.00,34.00,56.00,4.60,7500.00,M
LNK,2025-10-24 02:54,48.00,35.00,60.51,4.60,7500.00,M
LNK,2025-10-24 03:54,51.00,34.00,51.99,3.45,7500.00,M
LNK,2025-10-24 04:54,50.00,35.00,56.15,6.90,7000.00,M
LNK,2025-10-24 05:54,51.00,35.00,54.10,6.90,7000.00,M
LNK,2025-10-24 06:54,49.00,34.00,56.00,5.75,M,M
LNK,2025-10-24 07:54,48.00,36.00,62.96,5.75,8000.00,M
LNK,2025-10-24 08:54,50.00,34.00,53.95,11.50,2800.00,M
LNK,2025-10-24 09:39,50.00,35.00,56.15,11.50,2500.00,M
LNK,2025-10-24 09:54,51.00,35.00,54.10,10.35,2300.00,M
LNK,2025-10-24 10:37,51.00,36.00,56.30,11.50,1800.00,M
LNK,2025-10-24 10:54,52.00,37.00,56.44,17.25,1800.00,M
LNK,2025-10-24 11:54,51.00,43.00,73.96,14.95,1600.00,M
LNK,2025-10-24 12:39,53.00,42.00,66.11,12.65,1400.00,M
LNK,2025-10-24 12:50,53.60,42.80,66.70,11.50,1600.00,M
LNK,2025-10-24 12:54,53.00,43.00,68.71,12.65,1400.00,M
LNK,2025-10-24 13:54,53.00,45.00,74.16,12.65,2100.00,M
LNK,2025-10-24 14:54,53.00,46.00,77.03,11.50,1800.00,M
LNK,2025-10-24 15:17,53.00,47.00,80.00,11.50,1400.00,M
LNK,2025-10-24 15:49,50.00,48.20,93.50,10.35,1000.00,M
LNK,2025-10-24 15:54,50.00,49.00,96.34,8.05,1000.00,M
LNK,2025-10-24 16:01,50.00,49.00,96.34,8.05,800.00,M
LNK,2025-10-24 16:26,50.00,49.00,96.34,5.75,800.00,M
LNK,2025-10-24 16:35,50.00,49.00,96.34,4.60,800.00,M
LNK,2025-10-24 16:54,50.00,49.00,96.34,4.60,700.00,M
LNK,2025-10-24 17:54,51.00,49.00,92.83,5.75,600.00,M
LNK,2025-10-24 18:21,50.00,49.00,96.34,8.05,600.00,M
LNK,2025-10-24 18:54,50.00,49.00,96.34,10.35,600.00,M
LNK,2025-10-24 19:54,50.00,49.00,96.34,10.35,600.00,M
LNK,2025-10-24 20:54,50.00,48.00,92.80,6.90,800.00,M
LNK,2025-10-24 21:54,50.00,48.00,92.80,9.20,900.00,M
LNK,2025-10-24 22:54,50.00,48.00,92.80,10.35,700.00,M
LNK,2025-10-24 23:54,50.00,49.00,96.34,6.90,400.00,M
LNK,2025-10-25 00:54,51.00,50.00,96.36,6.90,400.00,M
LNK,2025-10-25 01:54,51.00,50.00,96.36,5.75,400.00,M
LNK,2025-10-25 02:46,51.00,50.00,96.36,9.20,300.00,M
LNK,2025-10-25 02:54,51.00,50.00,96.36,10.35,200.00,M
LNK,2025-10-25 03:14,51.00,50.00,96.36,12.65,200.00,M
LNK,2025-10-25 03:54,51.00,50.00,96.36,6.90,200.00,M
LNK,2025-10-25 04:02,50.00,50.00,100.00,8.05,200.00,M
LNK,2025-10-25 04:33,50.00,50.00,100.00,6.90,200.00,M
LNK,2025-10-25 04:54,50.00,49.00,96.34,5.75,200.00,M
LNK,2025-10-25 05:37,50.00,49.00,96.34,6.90,200.00,M
LNK,2025-10-25 05:54,50.00,48.00,92.80,8.05,300.00,M
LNK,2025-10-25 06:17,50.00,48.00,92.80,8.05,500.00,M
LNK,2025-10-25 06:54,50.00,47.00,89.37,8.05,700.00,M
LNK,2025-10-25 07:49,50.00,46.40,87.37,6.90,1200.00,M
LNK,2025-10-25 07:54,50.00,47.00,89.37,5.75,1200.00,M
LNK,2025-10-25 08:04,50.00,47.00,89.37,4.60,1000.00,M
LNK,2025-10-25 08:11,50.00,47.00,89.37,6.90,1000.00,M
LNK,2025-10-25 08:54,50.00,47.00,89.37,8.05,1100.00,M
LNK,2025-10-25 09:31,50.00,48.00,92.80,6.90,900.00,M
LNK,2025-10-25 09:44,50.00,48.00,92.80,4.60,900.00,M
LNK,2025-10-25 09:54,50.00,48.00,92.80,5.75,800.00,M
LNK,2025-10-25 10:25,50.00,49.00,96.34,6.90,500.00,M
LNK,2025-10-25 10:54,51.00,49.00,92.83,5.75,500.00,M
LNK,2025-10-25 11:54,52.00,48.00,86.18,8.05,1000.00,M
LNK,2025-10-25 12:46,52.00,49.00,89.46,6.90,900.00,M
LNK,2025-10-25 12:54,52.00,49.00,89.46,4.60,900.00,M
LNK,2025-10-25 13:19,53.00,49.00,86.23,4.60,1100.00,M
LNK,2025-10-25 13:54,55.00,49.00,80.16,3.45,1200.00,M
LNK,2025-10-25 14:02,56.00,50.00,80.23,3.45,1200.00,M
LNK,2025-10-25 14:14,56.00,50.00,80.23,6.90,2600.00,M
LNK,2025-10-25 14:40,57.00,50.00,77.39,5.75,1400.00,M
LNK,2025-10-25 14:54,58.00,50.00,74.65,6.90,1600.00,M
LNK,2025-10-25 15:12,59.00,50.00,72.02,5.75,1900.00,M
LNK,2025-10-25 15:54,58.00,49.00,71.92,10.35,1900.00,M
LNK,2025-10-25 16:54,57.00,49.00,74.55,9.20,1900.00,M
LNK,2025-10-25 17:54,56.00,49.00,77.30,11.50,2000.00,M
LNK,2025-10-25 18:31,55.00,49.00,80.16,12.65,1800.00,M
LNK,2025-10-25 18:54,54.00,48.00,80.08,10.35,1800.00,M
LNK,2025-10-25 19:36,53.00,49.00,86.23,11.50,1400.00,M
LNK,2025-10-25 19:54,53.00,49.00,86.23,12.65,1200.00,M
LNK,2025-10-25 20:54,53.00,49.00,86.23,8.05,1100.00,M
LNK,2025-10-25 21:21,53.00,49.00,86.23,6.90,1100.00,M
LNK,2025-10-25 21:54,53.00,49.00,86.23,5.75,3700.00,M
LNK,2025-10-25 22:46,53.00,48.00,83.06,8.05,2700.00,M
LNK,2025-10-25 22:54,53.00,48.00,83.06,8.05,2500.00,M
LNK,2025-10-25 23:44,54.00,48.00,80.08,8.05,2500.00,M
LNK,2025-10-25 23:54,54.00,48.00,80.08,5.75,3200.00,M
LNK,2025-10-26 00:54,53.00,47.00,80.00,5.75,5500.00,M
LNK,2025-10-26 01:54,52.00,47.00,82.99,6.90,7500.00,M
LNK,2025-10-26 02:54,52.00,46.00,79.92,10.35,4400.00,M
LNK,2025-10-26 03:52,51.80,46.40,81.74,9.20,2900.00,M
LNK,2025-10-26 03:54,52.00,46.00,79.92,9.20,2900.00,M
LNK,2025-10-26 04:03,52.00,46.00,79.92,10.35,3000.00,M
LNK,2025-10-26 04:54,53.00,46.00,77.03,10.35,3500.00,M
LNK,2025-10-26 05:54,53.00,46.00,77.03,10.35,3300.00,M
LNK,2025-10-26 06:54,53.00,46.00,77.03,14.95,3400.00,M
LNK,2025-10-26 07:54,53.00,45.00,74.16,12.65,3000.00,M
LNK,2025-10-26 08:54,54.00,46.00,74.26,13.80,3400.00,M
LNK,2025-10-26 09:18,54.00,46.00,74.26,16.10,2700.00,M
LNK,2025-10-26 09:54,55.00,46.00,71.60,12.65,2700.00,M
LNK,2025-10-26 10:14,55.00,46.00,71.60,12.65,3000.00,M
LNK,2025-10-26 10:54,56.00,46.00,69.05,17.25,2800.00,M
LNK,2025-10-26 11:26,58.00,47.00,66.72,18.40,2500.00,M
LNK,2025-10-26 11:54,58.00,47.00,66.72,14.95,2600.00,M
LNK,2025-10-26 12:54,58.00,48.00,69.28,16.10,2500.00,M
LNK,2025-10-26 13:54,58.00,48.00,69.28,12.65,2600.00,M
LNK,2025-10-26 14:36,58.00,47.00,66.72,12.65,2800.00,M
LNK,2025-10-26 14:54,58.00,48.00,69.28,12.65,2800.00,M
LNK,2025-10-26 15:54,59.00,47.00,64.37,14.95,4100.00,M
LNK,2025-10-26 16:54,59.00,47.00,64.37,11.50,4200.00,M
LNK,2025-10-26 17:54,58.00,46.00,64.25,10.35,10000.00,M
LNK,2025-10-26 18:54,58.00,45.00,61.85,11.50,3200.00,M
LNK,2025-10-26 19:54,56.00,45.00,66.48,16.10,3200.00,M
LNK,2025-10-26 20:54,55.00,45.00,68.94,10.35,3000.00,M
LNK,2025-10-26 21:10,55.00,45.00,68.94,11.50,2900.00,M
LNK,2025-10-26 21:54,55.00,45.00,68.94,10.35,2500.00,M
LNK,2025-10-26 22:54,55.00,46.00,71.60,12.65,2300.00,M
LNK,2025-10-26 23:54,54.00,46.00,74.26,12.65,2100.00,M
LNK,2025-10-27 00:54,54.00,47.00,77.12,11.50,2000.00,M
LNK,2025-10-27 01:31,53.00,47.00,80.00,11.50,1800.00,M
LNK,2025-10-27 01:54,53.00,47.00,80.00,9.20,1800.00,M
LNK,2025-10-27 02:54,52.00,46.00,79.92,10.35,1800.00,M
LNK,2025-10-27 03:54,52.00,46.00,79.92,11.50,1800.00,M
LNK,2025-10-27 04:01,52.00,46.00,79.92,10.35,2100.00,M
LNK,2025-10-27 04:21,52.00,47.00,82.99,8.05,1600.00,M
LNK,2025-10-27 04:54,52.00,47.00,82.99,8.05,1500.00,M
LNK,2025-10-27 05:11,52.00,47.00,82.99,5.75,1400.00,M
LNK,2025-10-27 05:54,51.00,47.00,86.12,4.60,1300.00,M
LNK,2025-10-27 06:54,50.00,48.00,92.80,5.75,1200.00,M
LNK,2025-10-27 07:04,50.00,49.00,96.34,4.60,1400.00,M
LNK,2025-10-27 07:42,50.00,49.00,96.34,3.45,300.00,M
LNK,2025-10-27 07:54,50.00,49.00,96.34,4.60,500.00,M
LNK,2025-10-27 08:06,50.00,49.00,96.34,5.75,700.00,M
LNK,2025-10-27 08:19,50.00,49.00,96.34,4.60,500.00,M
LNK,2025-10-27 08:30,51.00,50.00,96.36,5.75,300.00,M
LNK,2025-10-27 08:41,51.00,49.00,92.83,6.90,600.00,M
LNK,2025-10-27 08:54,51.00,49.00,92.83,8.05,400.00,M
LNK,2025-10-27 09:07,51.00,49.00,92.83,8.05,1000.00,M
LNK,2025-10-27 09:24,51.00,49.00,92.83,9.20,900.00,M
LNK,2025-10-27 09:34,52.00,49.00,89.46,10.35,1000.00,M
LNK,2025-10-27 09:46,52.00,49.00,89.46,8.05,900.00,M
LNK,2025-10-27 09:54,52.00,50.00,92.86,8.05,900.00,M
LNK,2025-10-27 10:54,52.00,49.00,89.46,6.90,1000.00,M
LNK,2025-10-27 11:10,53.00,50.00,89.51,8.05,900.00,M
LNK,2025-10-27 11:54,53.00,49.00,86.23,9.20,900.00,M
LNK,2025-10-27 12:33,53.00,49.00,86.23,8.05,1100.00,M
LNK,2025-10-27 12:54,54.00,50.00,86.29,8.05,1300.00,M
LNK,2025-10-27 13:06,54.00,49.00,83.13,10.35,1300.00,M
LNK,2025-10-27 13:13,54.00,49.00,83.13,9.20,1600.00,M
LNK,2025-10-27 13:23,54.00,50.00,86.29,9.20,1900.00,M
LNK,2025-10-27 13:34,55.00,49.00,80.16,8.05,1800.00,M
LNK,2025-10-27 13:54,55.00,49.00,80.16,9.20,1500.00,M
LNK,2025-10-27 14:45,54.00,50.00,86.29,8.05,900.00,M
LNK,2025-10-27 14:54,54.00,50.00,86.29,8.05,900.00,M
LNK,2025-10-27 15:54,54.00,51.00,89.55,6.90,1600.00,M
LNK,2025-10-27 15:57,54.00,51.00,89.55,6.90,900.00,M
LNK,2025-10-27 16:08,54.00,51.00,89.55,6.90,900.00,M
LNK,2025-10-27 16:17,54.00,51.00,89.55,6.90,900.00,M
LNK,2025-10-27 16:27,54.00,51.00,89.55,6.90,1800.00,M
LNK,2025-10-27 16:34,54.00,51.00,89.55,8.05,900.00,M
LNK,2025-10-27 16:40,53.00,51.00,92.89,6.90,900.00,M
LNK,2025-10-27 16:50,53.60,51.80,93.60,8.05,900.00,M
LNK,2025-10-27 16:54,53.00,51.00,92.89,8.05,800.00,M
LNK,2025-10-27 17:06,53.00,52.00,96.39,8.05,700.00,M
LNK,2025-10-27 17:10,53.00,51.00,92.89,6.90,700.00,M
LNK,2025-10-27 17:26,53.00,51.00,92.89,9.20,700.00,M
LNK,2025-10-27 17:37,53.00,51.00,92.89,6.90,900.00,M
LNK,2025-10-27 17:54,53.00,51.00,92.89,4.60,900.00,M
LNK,2025-10-27 18:54,53.00,51.00,92.89,6.90,800.00,M
LNK,2025-10-27 19:03,53.00,51.00,92.89,8.05,800.00,M
LNK,2025-10-27 19:54,52.00,51.00,96.37,9.20,800.00,M
LNK,2025-10-27 20:54,53.00,50.00,89.51,6.90,800.00,M
LNK,2025-10-27 21:54,52.00,51.00,96.37,6.90,900.00,M
LNK,2025-10-27 22:46,52.00,51.00,96.37,5.75,500.00,M
LNK,2025-10-27 22:54,52.00,51.00,96.37,5.75,600.00,M
LNK,2025-10-27 23:06,52.00,51.00,96.37,5.75,600.00,M
LNK,2025-10-27 23:54,52.00,51.00,96.37,5.75,700.00,M
LNK,2025-10-28 00:54,52.00,51.00,96.37,4.60,700.00,M
LNK,2025-10-28 01:54,52.00,51.00,96.37,3.45,600.00,M
LNK,2025-10-28 02:54,52.00,51.00,96.37,4.60,600.00,M
LNK,2025-10-28 03:51,51.80,51.80,100.00,0.00,500.00,M
LNK,2025-10-28 03:52,52.00,51.00,96.37,0.00,500.00,M
LNK,2025-10-28 04:08,52.00,51.00,96.37,0.00,400.00,M
LNK,2025-10-28 04:27,52.00,51.00,96.37,0.00,300.00,M
LNK,2025-10-28 04:40,51.00,51.00,100.00,3.45,300.00,M
LNK,2025-10-28 04:54,52.00,51.00,96.37,0.00,2100.00,M
LNK,2025-10-28 05:01,52.00,51.00,96.37,0.00,2200.00,M
LNK,2025-10-28 05:08,52.00,51.00,96.37,3.45,2300.00,M
LNK,2025-10-28 05:16,52.00,51.00,96.37,0.00,200.00,M
LNK,2025-10-28 05:19,52.00,51.00,96.37,0.00,600.00,M
LNK,2025-10-28 05:26,52.00,51.00,96.37,0.00,800.00,M
LNK,2025-10-28 05:50,51.80,51.80,100.00,3.45,300.00,M
LNK,2025-10-28 05:54,52.00,51.00,96.37,0.00,300.00,M
LNK,2025-10-28 06:54,52.00,51.00,96.37,0.00,6000.00,M
LNK,2025-10-28 07:05,52.00,51.00,96.37,3.45,800.00,M
LNK,2025-10-28 07:52,48.20,46.40,93.45,17.25,1000.00,29.90
LNK,2025-10-28 07:54,49.00,47.00,92.77,17.25,1000.00,29.90
LNK,2025-10-28 08:14,49.00,46.00,89.33,17.25,1000.00,M
LNK,2025-10-28 08:31,48.00,46.00,92.74,18.40,1100.00,M
LNK,2025-10-28 08:54,48.00,45.00,89.28,20.70,1000.00,M
LNK,2025-10-28 09:26,47.00,44.00,89.24,17.25,3400.00,M
LNK,2025-10-28 09:54,48.00,45.00,89.28,16.10,3900.00,M
LNK,2025-10-28 10:54,48.00,43.00,82.72,17.25,5500.00,M
LNK,2025-10-28 11:54,49.00,42.00,76.67,16.10,6500.00,M
LNK,2025-10-28 12:54,50.00,43.00,76.76,17.25,9500.00,M
LNK,2025-10-28 13:54,52.00,43.00,71.28,18.40,11000.00,M
LNK,2025-10-28 14:54,52.00,42.00,68.59,17.25,3300.00,29.90
LNK,2025-10-28 15:54,52.00,42.00,68.59,14.95,9500.00,29.90
LNK,2025-10-28 16:54,51.00,39.00,63.35,21.85,10000.00,29.90
LNK,2025-10-28 17:54,51.00,38.00,60.92,19.55,12000.00,32.20
LNK,2025-10-28 18:54,50.00,38.00,63.22,19.55,M,31.05
LNK,2025-10-28 19:54,50.00,37.00,60.78,24.15,7500.00,34.50
LNK,2025-10-28 20:54,49.00,38.00,65.62,24.15,3900.00,36.80
LNK,2025-10-28 21:54,49.00,37.00,63.09,23.00,9000.00,37.95
LNK,2025-10-28 22:54,49.00,36.00,60.64,23.00,4500.00,37.95
LNK,2025-10-28 23:54,49.00,33.00,53.80,29.90,8000.00,42.55
LNK,2025-10-29 00:54,48.00,31.00,51.53,29.90,7000.00,47.15
LNK,2025-10-29 01:54,47.00,32.00,55.71,31.05,6000.00,48.30
LNK,2025-10-29 02:54,47.00,33.00,58.00,31.05,6500.00,49.45
LNK,2025-10-29 03:54,46.00,34.00,62.69,28.75,7500.00,44.85
LNK,2025-10-29 04:54,46.00,34.00,62.69,28.75,7500.00,41.40
LNK,2025-10-29 05:54,45.00,34.00,65.12,24.15,7000.00,39.10
LNK,2025-10-29 06:54,43.00,34.00,70.29,20.70,7000.00,37.95
LNK,2025-10-29 07:54,42.00,33.00,70.18,24.15,6500.00,32.20
LNK,2025-10-29 08:54,42.00,33.00,70.18,21.85,5500.00,33.35
LNK,2025-10-29 09:34,43.00,34.00,70.29,23.00,2000.00,34.50
LNK,2025-10-29 09:54,44.00,35.00,70.40,20.70,2000.00,34.50
LNK,2025-10-29 10:54,44.00,36.00,73.25,19.55,2000.00,31.05
LNK,2025-10-29 11:54,45.00,36.00,70.51,21.85,2000.00,31.05
LNK,2025-10-29 12:54,48.00,37.00,65.50,21.85,2100.00,32.20
LNK,2025-10-29 13:54,50.00,38.00,63.22,18.40,2300.00,31.05
LNK,2025-10-29 14:09,51.00,38.00,60.92,16.10,2400.00,M
LNK,2025-10-29 14:27,49.00,37.00,63.09,13.80,2600.00,M
LNK,2025-10-29 14:54,52.00,38.00,58.71,19.55,2700.00,M
LNK,2025-10-29 15:54,50.00,39.00,65.75,16.10,2900.00,M
LNK,2025-10-29 16:03,50.00,38.00,63.22,13.80,3000.00,M
LNK,2025-10-29 16:54,49.00,38.00,65.62,12.65,2800.00,M
LNK,2025-10-29 17:54,47.00,38.00,70.74,9.20,M,M
LNK,2025-10-29 18:54,41.00,36.00,82.21,6.90,M,M
LNK,2025-10-29 19:54,40.00,36.00,85.47,3.45,M,M
LNK,2025-10-29 20:54,39.00,36.00,88.87,3.45,M,M
LNK,2025-10-29 21:54,33.00,32.00,96.05,3.45,M,M
LNK,2025-10-29 22:54,33.00,33.00,100.00,0.00,M,M
LNK,2025-10-29 23:54,36.00,33.00,88.72,0.00,M,M
LNK,2025-10-30 00:54,33.00,32.00,96.05,3.45,M,M
LNK,2025-10-30 01:54,31.00,30.00,96.02,0.00,200.00,M
LNK,2025-10-30 02:15,30.00,29.00,96.00,0.00,200.00,M
LNK,2025-10-30 02:24,31.00,30.00,96.02,0.00,200.00,M
LNK,2025-10-30 02:54,33.00,31.00,92.25,0.00,M,M
LNK,2025-10-30 03:54,32.00,30.00,92.21,3.45,M,M
LNK,2025-10-30 04:23,27.00,26.00,95.95,4.60,M,M
LNK,2025-10-30 04:36,27.00,27.00,100.00,0.00,M,M
LNK,2025-10-30 04:54,29.00,29.00,100.00,0.00,M,M
LNK,2025-10-30 05:27,26.00,26.00,100.00,3.45,100.00,M
LNK,2025-10-30 05:43,26.00,25.00,95.93,0.00,200.00,M
LNK,2025-10-30 05:51,26.60,26.60,100.00,0.00,200.00,M
LNK,2025-10-30 05:54,26.00,26.00,100.00,0.00,100.00,M
LNK,2025-10-30 06:02,27.00,26.00,95.95,0.00,200.00,M
LNK,2025-10-30 06:10,28.00,27.00,95.96,0.00,200.00,M
LNK,2025-10-30 06:54,29.00,29.00,100.00,3.45,M,M
LNK,2025-10-30 07:14,25.00,25.00,100.00,3.45,200.00,M
LNK,2025-10-30 07:23,25.00,24.00,95.91,4.60,200.00,M
LNK,2025-10-30 07:35,25.00,25.00,100.00,0.00,200.00,M
LNK,2025-10-30 07:54,24.00,23.00,95.89,4.60,M,M
LNK,2025-10-30 08:54,29.00,28.00,95.98,0.00,M,M
LNK,2025-10-30 09:54,38.00,35.00,88.82,3.45,M,M
LNK,2025-10-30 10:54,44.00,38.00,79.27,4.60,12000.00,M
LNK,2025-10-30 11:54,52.00,36.00,54.25,12.65,12000.00,M
LNK,2025-10-30 12:54,56.00,30.00,36.84,14.95,8000.00,M
LNK,2025-10-30 13:54,58.00,28.00,31.58,12.65,8500.00,M
LNK,2025-10-30 14:54,61.00,29.00,29.57,16.10,8000.00,M
LNK,2025-10-30 15:54,62.00,32.00,32.24,14.95,M,M
LNK,2025-10-30 16:54,61.00,32.00,33.40,18.40,M,29.90
LNK,2025-10-30 17:54,58.00,33.00,38.70,11.50,M,29.90
LNK,2025-10-30 18:54,54.00,33.00,44.73,8.05,M,M
LNK,2025-10-30 19:54,45.00,33.00,62.56,4.60,M,M
LNK,2025-10-30 20:54,41.00,32.00,70.06,0.00,M,M
LNK,2025-10-30 21:54,40.00,32.00,72.84,3.45,M,M
LNK,2025-10-30 22:54,37.00,32.00,81.92,0.00,M,M
LNK,2025-10-30 23:54,42.00,32.00,67.41,0.00,M,M
LNK,2025-10-31 00:54,42.00,30.00,62.16,6.90,M,M
LNK,2025-10-31 01:54,35.00,29.00,78.50,4.60,M,M
LNK,2025-10-31 02:54,37.00,28.00,69.60,0.00,M,M
LNK,2025-10-31 03:54,37.00,28.00,69.60,3.45,10000.00,M
LNK,2025-10-31 04:54,39.00,29.00,67.04,9.20,M,M
LNK,2025-10-31 05:54,39.00,28.00,64.35,5.75,M,M
LNK,2025-10-31 06:54,35.00,28.00,75.34,3.45,9000.00,M
LNK,2025-10-31 07:54,36.00,28.00,72.41,5.75,M,M
LNK,2025-10-31 08:54,38.00,30.00,72.62,M,M,M
LNK,2025-10-31 09:54,44.00,30.00,57.57,10.35,M,M
LNK,2025-10-31 10:54,47.00,31.00,53.50,11.50,M,M
LNK,2025-10-31 11:54,49.00,31.00,49.63,13.80,M,M
LNK,2025-10-31 12:54,51.00,29.00,42.47,16.10,M,M
LNK,2025-10-31 13:54,51.00,28.00,40.76,19.55,M,29.90
LNK,2025-10-31 14:54,51.00,27.00,39.12,17.25,M,33.35
LNK,2025-10-31 15:54,51.00,27.00,39.12,14.95,M,29.90
LNK,2025-10-31 16:54,51.00,26.00,37.53,18.40,6500.00,M
LNK,2025-10-31 17:54,50.00,26.00,38.95,13.80,7000.00,M
LNK,2025-10-31 18:54,48.00,26.00,41.98,11.50,7500.00,M
LNK,2025-10-31 19:54,47.00,26.00,43.58,14.95,7500.00,M
LNK,2025-10-31 20:54,46.00,27.00,47.17,13.80,7500.00,M
LNK,2025-10-31 21:54,44.00,29.00,55.26,9.20,7000.00,M
LNK,2025-10-31 22:54,44.00,30.00,57.57,8.05,8000.00,M
LNK,2025-10-31 23:54,44.00,32.00,62.43,9.20,4000.00,M
LNK,2025-11-01 00:54,42.00,30.00,62.16,9.20,3600.00,M
LNK,2025-11-01 01:54,40.00,32.00,72.84,6.90,11000.00,M
LNK,2025-11-01 02:54,39.00,33.00,78.84,9.20,M,M
LNK,2025-11-01 03:44,41.00,32.00,70.06,9.20,2900.00,M
LNK,2025-11-01 03:54,40.00,32.00,72.84,11.50,3000.00,M
LNK,2025-11-01 04:54,40.00,33.00,75.83,11.50,3200.00,M
LNK,2025-11-01 05:18,40.00,33.00,75.83,11.50,2200.00,M
LNK,2025-11-01 05:26,40.00,33.00,75.83,11.50,2200.00,M
LNK,2025-11-01 05:39,40.00,33.00,75.83,11.50,2500.00,M
LNK,2025-11-01 05:54,40.00,34.00,78.93,12.65,2800.00,M
LNK,2025-11-01 06:54,40.00,34.00,78.93,11.50,2900.00,M
LNK,2025-11-01 07:12,40.00,33.00,75.83,10.35,2900.00,M
LNK,2025-11-01 07:54,38.00,32.00,78.76,10.35,3400.00,M
LNK,2025-11-01 08:28,39.00,32.00,75.73,11.50,2100.00,M
LNK,2025-11-01 08:54,40.00,33.00,75.83,13.80,2200.00,M
LNK,2025-11-01 09:54,41.00,32.00,70.06,18.40,2100.00,M
LNK,2025-11-01 10:54,43.00,32.00,64.86,14.95,2600.00,M
LNK,2025-11-01 11:54,44.00,32.00,62.43,10.35,3000.00,M
LNK,2025-11-01 12:54,46.00,31.00,55.56,5.75,3400.00,M
LNK,2025-11-01 13:54,49.00,29.00,45.75,5.75,4200.00,M
LNK,2025-11-01 14:54,49.00,28.00,43.91,10.35,4600.00,M
LNK,2025-11-01 15:54,49.00,26.00,40.43,8.05,5000.00,M
LNK,2025-11-01 16:54,49.00,26.00,40.43,5.75,M,M
LNK,2025-11-01 17:54,47.00,26.00,43.58,0.00,M,M
LNK,2025-11-01 18:54,41.00,26.00,54.81,3.45,M,M
LNK,2025-11-01 19:54,39.00,26.00,59.25,0.00,M,M
LNK,2025-11-01 20:54,33.00,26.00,75.15,0.00,M,M
LNK,2025-11-01 21:54,28.00,24.00,84.71,4.60,M,M
LNK,2025-11-01 22:54,33.00,26.00,75.15,0.00,M,M
LNK,2025-11-01 23:54,31.00,27.00,84.90,0.00,M,M
LNK,2025-11-02 00:54,31.00,26.00,81.46,4.60,M,M
LNK,2025-11-02 01:54,31.00,26.00,81.46,3.45,M,M
LNK,2025-11-02 01:54,29.00,25.00,84.78,4.60,M,M
LNK,2025-11-02 02:54,29.00,25.00,84.78,3.45,M,M
LNK,2025-11-02 03:54,29.00,25.00,84.78,5.75,M,M
LNK,2025-11-02 04:54,29.00,25.00,84.78,4.60,M,M
LNK,2025-11-02 05:54,28.00,25.00,88.32,5.75,M,M
LNK,2025-11-02 06:54,30.00,26.00,84.84,9.20,M,M
LNK,2025-11-02 07:54,35.00,30.00,81.77,11.50,M,M
LNK,2025-11-02 08:54,42.00,32.00,67.41,16.10,M,M
LNK,2025-11-02 09:54,48.00,32.00,53.65,18.40,M,31.05
LNK,2025-11-02 10:54,53.00,33.00,46.40,27.60,M,34.50
LNK,2025-11-02 11:54,56.00,34.00,43.29,19.55,M,34.50
LNK,2025-11-02 12:54,59.00,36.00,42.08,24.15,M,34.50
LNK,2025-11-02 13:54,61.00,36.00,39.19,27.60,M,35.65
LNK,2025-11-02 14:54,62.00,37.00,39.35,23.00,M,39.10
LNK,2025-11-02 15:54,62.00,37.00,39.35,19.55,M,35.65
LNK,2025-11-02 16:54,59.00,37.00,43.78,16.10,M,M
LNK,2025-11-02 17:54,55.00,38.00,52.60,10.35,M,M
LNK,2025-11-02 18:54,47.00,37.00,68.01,9.20,M,M
LNK,2025-11-02 19:54,49.00,38.00,65.62,0.00,M,M
LNK,2025-11-02 20:54,44.00,37.00,76.21,4.60,M,M
LNK,2025-11-02 21:54,38.00,35.00,88.82,0.00,M,M
LNK,2025-11-02 22:54,42.00,36.00,79.10,4.60,M,M
LNK,2025-11-02 23:54,39.00,34.00,82.07,0.00,M,M
LNK,2025-11-03 00:54,39.00,35.00,85.41,10.35,M,M
LNK,2025-11-03 01:54,45.00,35.00,67.77,9.20,M,M
LNK,2025-11-03 02:54,45.00,34.00,65.12,10.35,M,M
LNK,2025-11-03 03:54,41.00,34.00,75.92,10.35,M,M
LNK,2025-11-03 04:54,39.00,33.00,78.84,8.05,M,M
LNK,2025-11-03 05:54,37.00,32.00,81.92,4.60,M,M
LNK,2025-11-03 06:54,35.00,31.00,85.16,3.45,M,M
LNK,2025-11-03 07:54,38.00,33.00,81.99,5.75,M,M
LNK,2025-11-03 08:54,46.00,36.00,67.89,5.75,M,M
LNK,2025-11-03 09:54,53.00,36.00,52.30,0.00,M,M
LNK,2025-11-03 10:54,58.00,26.00,29.08,11.50,M,M
LNK,2025-11-03 11:54,61.00,24.00,24.04,4.60,M,M
LNK,2025-11-03 12:54,63.00,22.00,20.59,M,M,M
LNK,2025-11-03 13:54,63.00,22.00,20.59,4.60,M,M
LNK,2025-11-03 14:54,63.00,21.00,19.74,3.45,M,M
LNK,2025-11-03 15:54,63.00,20.00,18.92,5.75,M,M
LNK,2025-11-03 16:54,59.00,21.00,22.75,4.60,M,M
LNK,2025-11-03 17:54,53.00,26.00,34.87,0.00,M,M
LNK,2025-11-03 18:54,53.00,26.00,34.87,0.00,M,M
LNK,2025-11-03 19:54,49.00,30.00,47.66,0.00,M,M
LNK,2025-11-03 20:54,46.00,31.00,55.56,3.45,M,M
LNK,2025-11-03 21:54,49.00,31.00,49.63,0.00,M,M
LNK,2025-11-03 22:54,45.00,32.00,60.09,0.00,M,M
LNK,2025-11-03 23:54,45.00,30.00,55.41,0.00,M,M
LNK,2025-11-04 00:54,47.00,30.00,51.37,0.00,M,M
LNK,2025-11-04 01:54,37.00,32.00,81.92,0.00,M,M
LNK,2025-11-04 02:54,37.00,32.00,81.92,0.00,M,M
LNK,2025-11-04 03:54,40.00,31.00,69.95,0.00,M,M
LNK,2025-11-04 04:54,45.00,33.00,62.56,5.75,M,M
LNK,2025-11-04 05:54,44.00,33.00,64.99,0.00,M,M
LNK,2025-11-04 06:54,41.00,33.00,72.94,0.00,M,M
LNK,2025-11-04 07:54,40.00,35.00,82.14,0.00,M,M
LNK,2025-11-04 08:54,47.00,36.00,65.37,3.45,M,M
LNK,2025-11-04 09:54,52.00,39.00,61.05,5.75,M,M
LNK,2025-11-04 10:54,58.00,43.00,57.30,5.75,M,M
LNK,2025-11-04 11:54,64.00,45.00,50.01,4.60,M,M
LNK,2025-11-04 12:54,68.00,46.00,45.22,9.20,M,M
LNK,2025-11-04 13:54,70.00,46.00,42.22,9.20,M,M
LNK,2025-11-04 14:54,71.00,45.00,39.29,14.95,M,M
LNK,2025-11-04 15:54,70.00,46.00,42.22,12.65,M,M
LNK,2025-11-04 16:54,63.00,48.00,58.01,10.35,M,M
LNK,2025-11-04 17:54,56.00,47.00,71.71,9.20,M,M
LNK,2025-11-04 18:54,52.00,45.00,76.94,8.05,M,M
LNK,2025-11-04 19:54,53.00,46.00,77.03,4.60,M,M
LNK,2025-11-04 20:54,54.00,46.00,74.26,4.60,M,M
LNK,2025-11-04 21:54,52.00,45.00,76.94,4.60,M,M
LNK,2025-11-04 22:54,54.00,46.00,74.26,4.60,M,M
LNK,2025-11-04 23:54,54.00,46.00,74.26,4.60,M,M
LNK,2025-11-05 00:54,49.00,44.00,82.79,4.60,M,M
LNK,2025-11-05 01:54,47.00,42.00,82.65,5.75,M,M
LNK,2025-11-05 02:54,46.00,38.00,73.46,6.90,M,M
LNK,2025-11-05 03:54,47.00,36.00,65.37,14.95,M,M
LNK,2025-11-05 04:54,47.00,35.00,62.83,16.10,M,M
LNK,2025-11-05 05:54,46.00,35.00,65.24,14.95,M,M
LNK,2025-11-05 06:54,44.00,34.00,67.65,13.80,M,M
LNK,2025-11-05 07:54,45.00,33.00,62.56,16.10,M,M
LNK,2025-11-05 08:54,48.00,32.00,53.65,20.70,M,M
LNK,2025-11-05 09:54,51.00,32.00,47.98,20.70,M,31.05
LNK,2025-11-05 10:54,53.00,30.00,41.10,19.55,M,32.20
LNK,2025-11-05 11:54,55.00,30.00,38.20,16.10,M,32.20
LNK,2025-11-05 12:54,57.00,28.00,32.74,13.80,M,M
LNK,2025-11-05 13:54,58.00,27.00,30.31,17.25,M,M
LNK,2025-11-05 14:54,58.00,26.00,29.08,11.50,M,M
LNK,2025-11-05 15:54,56.00,24.00,28.75,8.05,M,M
LNK,2025-11-05 16:54,50.00,29.00,44.08,6.90,M,M
LNK,2025-11-05 17:54,48.00,27.00,43.75,5.75,M,M
LNK,2025-11-05 18:54,45.00,28.00,51.06,0.00,M,M
LNK,2025-11-05 19:54,41.00,29.00,62.02,0.00,M,M
LNK,2025-11-05 20:54,39.00,28.00,64.35,0.00,M,M
LNK,2025-11-05 21:54,33.00,28.00,81.62,0.00,M,M
LNK,2025-11-05 22:54,34.00,27.00,75.25,0.00,M,M
LNK,2025-11-05 23:54,31.00,27.00,84.90,0.00,M,M
LNK,2025-11-06 00:54,33.00,28.00,81.62,0.00,M,M
LNK,2025-11-06 01:54,32.00,27.00,81.54,0.00,M,M
LNK,2025-11-06 02:54,30.00,26.00,84.84,0.00,M,M
LNK,2025-11-06 03:54,34.00,27.00,75.25,3.45,M,M
LNK,2025-11-06 04:54,37.00,31.00,78.67,10.35,M,M
LNK,2025-11-06 05:54,38.00,32.00,78.76,11.50,M,M
LNK,2025-11-06 06:54,40.00,32.00,72.84,9.20,M,M
LNK,2025-11-06 07:54,42.00,33.00,70.18,6.90,M,M
LNK,2025-11-06 08:54,47.00,34.00,60.37,12.65,M,M
LNK,2025-11-06 09:54,51.00,35.00,54.10,11.50,M,M
LNK,2025-11-06 10:54,56.00,37.00,48.77,18.40,M,M
LNK,2025-11-06 11:54,59.00,40.00,49.24,14.95,M,M
LNK,2025-11-06 12:54,63.00,41.00,44.42,14.95,M,M
LNK,2025-11-06 13:54,63.00,43.00,47.98,10.35,M,M
LNK,2025-11-06 14:54,65.00,44.00,46.49,16.10,M,M
LNK,2025-11-06 15:54,64.00,45.00,50.01,12.65,M,M
LNK,2025-11-06 16:54,64.00,45.00,50.01,11.50,M,M
LNK,2025-11-06 17:54,60.00,44.00,55.43,4.60,M,M
LNK,2025-11-06 18:54,57.00,42.00,57.16,5.75,M,M
LNK,2025-11-06 19:54,50.00,40.00,68.36,0.00,M,M
LNK,2025-11-06 20:54,48.00,39.00,70.85,0.00,M,M
LNK,2025-11-06 21:54,49.00,39.00,68.24,8.05,M,M
LNK,2025-11-06 22:54,45.00,39.00,79.35,3.45,11000.00,M
LNK,2025-11-06 23:54,45.00,39.00,79.35,0.00,11000.00,M
LNK,2025-11-07 00:54,45.00,38.00,76.30,3.45,M,M
LNK,2025-11-07 01:54,46.00,38.00,73.46,3.45,M,M
LNK,2025-11-07 02:54,45.00,37.00,73.36,5.75,M,M
LNK,2025-11-07 03:54,44.00,36.00,73.25,3.45,M,M
LNK,2025-11-07 04:54,45.00,34.00,65.12,4.60,M,M
LNK,2025-11-07 05:54,42.00,33.00,70.18,0.00,M,M
LNK,2025-11-07 06:54,49.00,33.00,53.80,12.65,10000.00,M
LNK,2025-11-07 07:54,53.00,35.00,50.26,12.65,6500.00,M
LNK,2025-11-07 08:54,58.00,35.00,41.92,11.50,M,M
LNK,2025-11-07 09:54,62.00,33.00,33.56,17.25,M,M
LNK,2025-11-07 10:54,64.00,32.00,30.05,18.40,M,M
LNK,2025-11-07 11:54,66.00,32.00,28.03,21.85,M,32.20
LNK,2025-11-07 12:54,67.00,31.00,26.00,24.15,M,35.65
LNK,2025-11-07 13:54,67.00,30.00,24.97,19.55,M,31.05
LNK,2025-11-07 14:54,67.00,30.00,24.97,16.10,M,31.05
LNK,2025-11-07 15:54,66.00,29.00,24.81,14.95,M,M
LNK,2025-11-07 16:54,62.00,31.00,30.96,6.90,M,M
LNK,2025-11-07 17:54,49.00,32.00,51.68,4.60,M,M
LNK,2025-11-07 18:54,46.00,32.00,57.85,0.00,M,M
LNK,2025-11-07 19:54,45.00,33.00,62.56,8.05,M,M
LNK,2025-11-07 20:54,44.00,36.00,73.25,6.90,M,M
LNK,2025-11-07 21:54,42.00,35.00,76.02,4.60,M,M
LNK,2025-11-07 22:54,40.00,34.00,78.93,0.00,M,M
LNK,2025-11-07 23:54,38.00,34.00,85.35,6.90,M,M
LNK,2025-11-08 00:54,42.00,35.00,76.02,4.60,M,M
LNK,2025-11-08 01:54,42.00,35.00,76.02,8.05,12000.00,M
LNK,2025-11-08 02:54,42.00,35.00,76.02,6.90,11000.00,M
LNK,2025-11-08 03:54,41.00,36.00,82.21,9.20,6000.00,M
LNK,2025-11-08 04:54,41.00,36.00,82.21,5.75,6500.00,M
LNK,2025-11-08 05:54,41.00,36.00,82.21,8.05,8000.00,M
LNK,2025-11-08 06:54,40.00,37.00,88.91,11.50,6000.00,M
LNK,2025-11-08 07:54,41.00,38.00,88.96,9.20,1200.00,M
LNK,2025-11-08 08:30,41.00,38.00,88.96,11.50,1500.00,M
LNK,2025-11-08 08:54,41.00,38.00,88.96,8.05,1500.00,M
LNK,2025-11-08 09:54,41.00,38.00,88.96,19.55,1500.00,M
LNK,2025-11-08 10:01,41.00,37.00,85.53,20.70,1000.00,M
LNK,2025-11-08 10:19,39.00,37.00,92.45,21.85,800.00,M
LNK,2025-11-08 10:54,41.00,37.00,85.53,16.10,900.00,M
LNK,2025-11-08 11:54,46.00,37.00,70.62,13.80,1700.00,M
LNK,2025-11-08 12:54,50.00,38.00,63.22,16.10,2500.00,M
LNK,2025-11-08 13:54,52.00,36.00,54.25,14.95,3800.00,M
LNK,2025-11-08 14:54,51.00,36.00,56.30,18.40,4700.00,M
LNK,2025-11-08 15:54,46.00,40.00,79.43,16.10,3300.00,29.90
LNK,2025-11-08 16:34,44.00,41.00,89.10,14.95,1500.00,M
LNK,2025-11-08 16:36,44.00,41.00,89.10,12.65,1300.00,M
LNK,2025-11-08 16:42,43.00,41.00,92.58,11.50,1300.00,M
LNK,2025-11-08 16:54,42.00,40.00,92.55,13.80,1300.00,M
LNK,2025-11-08 17:02,42.00,39.00,89.01,14.95,1300.00,M
LNK,2025-11-08 17:28,42.00,38.00,85.59,18.40,1400.00,M
LNK,2025-11-08 17:37,41.00,37.00,85.53,17.25,1600.00,M
LNK,2025-11-08 17:54,40.00,36.00,85.47,16.10,1600.00,M
LNK,2025-11-08 18:51,37.40,33.80,86.69,19.55,1800.00,M
LNK,2025-11-08 18:54,37.00,32.00,81.92,19.55,1800.00,29.90
LNK,2025-11-08 19:28,37.00,32.00,81.92,18.40,1800.00,31.05
LNK,2025-11-08 19:54,36.00,31.00,81.84,20.70,1900.00,31.05
LNK,2025-11-08 20:15,36.00,31.00,81.84,20.70,1700.00,M
LNK,2025-11-08 20:23,36.00,31.00,81.84,19.55,1900.00,M
LNK,2025-11-08 20:54,35.00,29.00,78.50,23.00,2100.00,36.80
LNK,2025-11-08 21:33,34.00,29.00,81.69,19.55,1900.00,34.50
LNK,2025-11-08 21:54,34.00,27.00,75.25,16.10,2300.00,34.50
LNK,2025-11-08 22:54,33.00,24.00,69.14,20.70,4700.00,33.35
LNK,2025-11-08 23:37,33.00,24.00,69.14,18.40,2600.00,M
LNK,2025-11-08 23:54,33.00,24.00,69.14,19.55,2600.00,M
LNK,2025-11-09 00:22,32.00,24.00,71.98,19.55,3000.00,34.50
LNK,2025-11-09 00:54,32.00,23.00,69.02,21.85,2200.00,34.50
LNK,2025-11-09 01:39,31.00,20.00,63.29,27.60,2900.00,37.95
LNK,2025-11-09 01:54,30.00,19.00,63.16,25.30,2900.00,37.95
LNK,2025-11-09 02:54,29.00,18.00,63.02,19.55,2900.00,37.95
LNK,2025-11-09 03:45,29.00,19.00,65.79,17.25,3000.00,29.90
LNK,2025-11-09 03:54,29.00,19.00,65.79,17.25,2900.00,29.90
LNK,2025-11-09 04:54,29.00,18.00,63.02,20.70,2700.00,M
LNK,2025-11-09 05:54,26.00,15.00,62.61,16.10,2900.00,32.20
LNK,2025-11-09 06:54,26.00,15.00,62.61,18.40,2800.00,31.05
LNK,2025-11-09 07:54,26.00,15.00,62.61,20.70,2900.00,34.50
LNK,2025-11-09 08:54,27.00,15.00,60.07,19.55,2800.00,29.90
LNK,2025-11-09 09:54,27.00,15.00,60.07,17.25,2900.00,M
LNK,2025-11-09 10:17,27.00,14.00,57.50,20.70,3000.00,29.90
LNK,2025-11-09 10:28,27.00,13.00,55.03,20.70,2900.00,29.90
LNK,2025-11-09 10:47,28.00,13.00,52.81,23.00,3000.00,29.90
LNK,2025-11-09 10:54,28.00,13.00,52.81,16.10,3000.00,29.90
LNK,2025-11-09 11:54,31.00,14.00,48.82,17.25,3400.00,M
LNK,2025-11-09 12:54,32.00,14.00,46.89,14.95,3600.00,32.20
LNK,2025-11-09 13:54,34.00,13.00,41.40,18.40,M,29.90
LNK,2025-11-09 14:54,35.00,13.00,39.79,20.70,M,32.20
LNK,2025-11-09 15:54,34.00,12.00,39.61,19.55,M,M
LNK,2025-11-09 16:54,32.00,12.00,42.93,13.80,M,M
LNK,2025-11-09 17:54,30.00,12.00,46.55,10.35,M,M
LNK,2025-11-09 18:54,28.00,11.00,48.33,8.05,M,M
LNK,2025-11-09 19:54,27.00,12.00,52.65,5.75,M,M
LNK,2025-11-09 20:54,26.00,12.00,54.87,6.90,M,M
LNK,2025-11-09 21:54,25.00,13.00,59.79,5.75,M,M
LNK,2025-11-09 22:54,23.00,14.00,67.93,5.75,M,M
LNK,2025-11-09 23:54,24.00,14.00,65.14,10.35,M,M
LNK,2025-11-10 00:54,23.00,14.00,67.93,10.35,M,M
LNK,2025-11-10 01:54,21.00,14.00,73.92,9.20,M,M
LNK,2025-11-10 02:54,21.00,14.00,73.92,6.90,M,M
LNK,2025-11-10 03:54,19.00,13.00,77.04,6.90,M,M
LNK,2025-11-10 04:54,19.00,14.00,80.51,5.75,M,M
LNK,2025-11-10 05:54,19.00,14.00,80.51,6.90,M,M
LNK,2025-11-10 06:54,18.00,13.00,80.42,6.90,M,M
LNK,2025-11-10 07:54,19.00,14.00,80.51,4.60,M,M
LNK,2025-11-10 08:54,23.00,17.00,77.42,4.60,M,M
LNK,2025-11-10 09:54,27.00,17.00,65.53,0.00,M,M
LNK,2025-11-10 10:54,30.00,17.00,57.95,0.00,M,M
LNK,2025-11-10 11:54,31.00,18.00,58.09,5.75,M,M
LNK,2025-11-10 12:54,34.00,18.00,51.48,3.45,M,M
LNK,2025-11-10 13:54,36.00,18.00,47.54,5.75,M,M
LNK,2025-11-10 14:54,38.00,17.00,42.08,4.60,M,M
LNK,2025-11-10 15:54,38.00,18.00,43.94,9.20,M,M
LNK,2025-11-10 16:54,36.00,18.00,47.54,8.05,M,M
LNK,2025-11-10 17:54,33.00,19.00,55.94,9.20,M,M
LNK,2025-11-10 18:54,32.00,19.00,58.24,9.20,M,M
LNK,2025-11-10 19:54,31.00,19.00,60.64,10.35,M,M
LNK,2025-11-10 20:54,33.00,20.00,58.38,12.65,M,M
LNK,2025-11-10 21:54,33.00,20.00,58.38,12.65,M,M
LNK,2025-11-10 22:54,35.00,20.00,53.90,14.95,M,M
LNK,2025-11-10 23:54,36.00,19.00,49.63,14.95,M,M
LNK,2025-11-11 00:54,37.00,20.00,49.79,16.10,M,M
LNK,2025-11-11 01:54,36.00,20.00,51.80,12.65,M,M
LNK,2025-11-11 02:54,36.00,20.00,51.80,11.50,M,M
LNK,2025-11-11 03:54,36.00,21.00,54.05,13.80,M,M
LNK,2025-11-11 04:54,36.00,21.00,54.05,10.35,M,M
LNK,2025-11-11 05:54,36.00,22.00,56.39,9.20,M,M
LNK,2025-11-11 06:54,34.00,24.00,66.42,9.20,M,M
LNK,2025-11-11 07:54,37.00,24.00,58.96,5.75,M,M
LNK,2025-11-11 08:54,41.00,26.00,54.81,8.05,M,M
LNK,2025-11-11 09:54,47.00,27.00,45.43,6.90,M,M
LNK,2025-11-11 10:54,54.00,30.00,39.62,3.45,M,M
LNK,2025-11-11 11:54,62.00,32.00,32.24,0.00,M,M
LNK,2025-11-11 12:54,68.00,35.00,29.50,13.80,M,M
LNK,2025-11-11 13:54,69.00,36.00,29.66,12.65,M,M
LNK,2025-11-11 14:54,69.00,37.00,30.86,10.35,M,M
LNK,2025-11-11 15:54,69.00,36.00,29.66,17.25,M,M
LNK,2025-11-11 16:54,55.00,37.00,50.57,5.75,M,M
LNK,2025-11-11 17:54,52.00,36.00,54.25,0.00,M,M
LNK,2025-11-11 18:54,49.00,36.00,60.64,0.00,M,M
LNK,2025-11-11 19:54,39.00,33.00,78.84,6.90,M,M
LNK,2025-11-11 20:54,42.00,34.00,73.05,0.00,M,M
LNK,2025-11-11 21:54,39.00,32.00,75.73,0.00,M,M
LNK,2025-11-11 22:54,38.00,32.00,78.76,0.00,M,M
LNK,2025-11-11 23:54,34.00,30.00,85.10,0.00,M,M
LNK,2025-11-12 00:54,35.00,31.00,85.16,3.45,M,M
LNK,2025-11-12 01:54,34.00,30.00,85.10,0.00,M,M
LNK,2025-11-12 02:54,34.00,30.00,85.10,3.45,M,M
LNK,2025-11-12 03:54,30.00,27.00,88.43,0.00,M,M
LNK,2025-11-12 04:54,30.00,27.00,88.43,0.00,M,M
LNK,2025-11-12 05:54,31.00,28.00,88.48,0.00,M,M
LNK,2025-11-12 06:54,32.00,27.00,81.54,0.00,M,M
LNK,2025-11-12 07:54,32.00,28.00,84.97,0.00,M,M
LNK,2025-11-12 08:54,41.00,33.00,72.94,0.00,M,M
LNK,2025-11-12 09:54,48.00,35.00,60.51,3.45,M,M
LNK,2025-11-12 10:54,56.00,37.00,48.77,0.00,M,M
LNK,2025-11-12 11:54,62.00,37.00,39.35,3.45,M,M
LNK,2025-11-12 12:54,64.00,36.00,35.26,5.75,M,M
LNK,2025-11-12 13:54,65.00,35.00,32.73,0.00,M,M
LNK,2025-11-12 14:54,66.00,34.00,30.37,3.45,M,M
LNK,2025-11-12 15:54,65.00,34.00,31.45,4.60,M,M
LNK,2025-11-12 16:54,56.00,35.00,45.05,6.90,M,M
LNK,2025-11-12 17:54,48.00,33.00,55.86,0.00,M,M
LNK,2025-11-12 18:54,53.00,36.00,52.30,4.60,M,M
LNK,2025-11-12 19:54,48.00,35.00,60.51,0.00,M,M
LNK,2025-11-12 20:54,48.00,34.00,58.14,4.60,M,M
LNK,2025-11-12 21:54,45.00,34.00,65.12,0.00,M,M
LNK,2025-11-12 22:54,39.00,33.00,78.84,6.90,M,M
LNK,2025-11-12 23:54,39.00,33.00,78.84,0.00,M,M
LNK,2025-11-13 00:54,37.00,32.00,81.92,3.45,M,M
LNK,2025-11-13 01:54,37.00,32.00,81.92,0.00,M,M
LNK,2025-11-13 02:54,38.00,33.00,81.99,0.00,M,M
LNK,2025-11-13 03:54,36.00,33.00,88.72,3.45,M,M
LNK,2025-11-13 04:54,36.00,33.00,88.72,5.75,M,M
LNK,2025-11-13 05:54,36.00,33.00,88.72,0.00,M,M
LNK,2025-11-13 06:54,33.00,30.00,88.57,0.00,M,M
LNK,2025-11-13 07:54,37.00,33.00,85.28,3.45,M,M
LNK,2025-11-13 08:54,49.00,38.00,65.62,11.50,M,M
LNK,2025-11-13 09:54,58.00,40.00,51.03,10.35,M,M
LNK,2025-11-13 10:54,61.00,38.00,42.41,14.95,M,M
LNK,2025-11-13 11:54,65.00,39.00,38.32,10.35,M,M
LNK,2025-11-13 12:54,69.00,40.00,34.70,10.35,M,M
LNK,2025-11-13 13:54,72.00,39.00,30.14,10.35,M,M
LNK,2025-11-13 14:54,73.00,40.00,30.30,6.90,M,M
LNK,2025-11-13 15:54,73.00,39.00,29.14,6.90,M,M
LNK,2025-11-13 16:54,66.00,38.00,35.59,6.90,M,M
LNK,2025-11-13 17:54,57.00,38.00,48.92,5.75,M,M
LNK,2025-11-13 18:54,54.00,39.00,56.73,5.75,M,M
LNK,2025-11-13 19:54,52.00,40.00,63.48,5.75,M,M
LNK,2025-11-13 20:54,51.00,40.00,65.87,4.60,M,M
LNK,2025-11-13 21:54,50.00,39.00,65.75,3.45,M,M
LNK,2025-11-13 22:54,48.00,40.00,73.66,3.45,M,M
LNK,2025-11-13 23:54,48.00,41.00,76.58,4.60,M,M
LNK,2025-11-14 00:54,44.00,39.00,82.43,4.60,M,M
LNK,2025-11-14 01:54,42.00,39.00,89.01,0.00,M,M
LNK,2025-11-14 02:54,36.00,33.00,88.72,5.75,M,M
LNK,2025-11-14 03:54,39.00,37.00,92.45,0.00,M,M
LNK,2025-11-14 04:54,37.00,36.00,96.12,0.00,M,M
LNK,2025-11-14 05:54,34.00,32.00,92.28,0.00,M,M
LNK,2025-11-14 06:54,36.00,34.00,92.35,3.45,M,M
LNK,2025-11-14 07:54,38.00,36.00,92.42,5.75,M,M
LNK,2025-11-14 08:54,48.00,45.00,89.28,4.60,M,M
LNK,2025-11-14 09:54,57.00,49.00,74.55,8.05,M,M
LNK,2025-11-14 10:54,64.00,50.00,60.35,10.35,M,M
LNK,2025-11-14 11:54,70.00,48.00,45.53,11.50,M,M
LNK,2025-11-14 12:54,74.00,43.00,32.90,14.95,M,M
LNK,2025-11-14 13:54,77.00,44.00,30.94,12.65,M,M
LNK,2025-11-14 14:54,77.00,43.00,29.78,13.80,M,M
LNK,2025-11-14 15:54,76.00,42.00,29.62,13.80,M,M
LNK,2025-11-14 16:54,65.00,43.00,44.74,11.50,M,M
LNK,2025-11-14 17:54,66.00,44.00,44.90,10.35,M,M
LNK,2025-11-14 18:54,59.00,45.00,59.68,9.20,M,M
LNK,2025-11-14 19:54,62.00,46.00,55.72,12.65,M,M
LNK,2025-11-14 20:54,62.00,47.00,57.87,13.80,M,M
LNK,2025-11-14 21:54,59.00,47.00,64.37,9.20,M,M
LNK,2025-11-14 22:54,57.00,47.00,69.16,8.05,M,M
LNK,2025-11-14 23:54,54.00,46.00,74.26,4.60,M,M
LNK,2025-11-15 00:54,55.00,46.00,71.60,5.75,M,M
LNK,2025-11-15 01:54,53.00,45.00,74.16,4.60,M,M
LNK,2025-11-15 02:54,53.00,43.00,68.71,6.90,M,M
LNK,2025-11-15 03:54,53.00,41.00,63.61,0.00,M,M
LNK,2025-11-15 04:54,47.00,40.00,76.49,0.00,M,M
LNK,2025-11-15 05:54,45.00,38.00,76.30,3.45,M,M
LNK,2025-11-15 06:54,41.00,36.00,82.21,5.75,M,M
LNK,2025-11-15 07:54,44.00,37.00,76.21,0.00,M,M
LNK,2025-11-15 08:54,52.00,42.00,68.59,3.45,M,M
LNK,2025-11-15 09:54,63.00,43.00,47.98,10.35,M,M
LNK,2025-11-15 10:54,68.00,43.00,40.33,5.75,M,M
LNK,2025-11-15 11:54,70.00,42.00,36.24,18.40,M,M
LNK,2025-11-15 12:54,71.00,43.00,36.40,10.35,M,M
LNK,2025-11-15 13:54,71.00,43.00,36.40,14.95,M,M
LNK,2025-11-15 14:54,71.00,42.00,35.03,12.65,M,M
LNK,2025-11-15 15:54,66.00,44.00,44.90,12.65,M,M
LNK,2025-11-15 16:54,59.00,44.00,57.44,11.50,M,M
LNK,2025-11-15 17:54,56.00,44.00,63.99,9.20,M,M
LNK,2025-11-15 18:54,54.00,42.00,63.74,3.45,M,M
LNK,2025-11-15 19:54,52.00,40.00,63.48,12.65,M,M
LNK,2025-11-15 20:54,50.00,38.00,63.22,13.80,M,M
LNK,2025-11-15 21:54,46.00,36.00,67.89,10.35,M,M
LNK,2025-11-15 22:54,46.00,35.00,65.24,6.90,M,M
LNK,2025-11-15 23:54,40.00,34.00,78.93,8.05,M,M
LNK,2025-11-16 00:54,41.00,34.00,75.92,4.60,M,M
LNK,2025-11-16 01:54,36.00,33.00,88.72,3.45,M,M
LNK,2025-11-16 02:54,35.00,31.00,85.16,0.00,M,M
LNK,2025-11-16 03:54,35.00,31.00,85.16,6.90,M,M
LNK,2025-11-16 04:54,34.00,30.00,85.10,4.60,M,M
LNK,2025-11-16 05:54,29.00,27.00,92.11,4.60,M,M
LNK,2025-11-16 06:54,35.00,31.00,85.16,4.60,M,M
LNK,2025-11-16 07:54,35.00,31.00,85.16,0.00,M,M
LNK,2025-11-16 08:54,40.00,34.00,78.93,4.60,M,M
LNK,2025-11-16 09:54,45.00,29.00,53.20,5.75,M,M
LNK,2025-11-16 10:54,50.00,28.00,42.31,6.90,M,M
LNK,2025-11-16 11:54,52.00,26.00,36.17,6.90,M,M
LNK,2025-11-16 12:54,54.00,28.00,36.51,4.60,M,M
LNK,2025-11-16 13:54,57.00,28.00,32.74,6.90,M,M
LNK,2025-11-16 14:54,58.00,30.00,34.27,8.05,M,M
LNK,2025-11-16 15:54,57.00,29.00,34.11,8.05,M,M
LNK,2025-11-16 16:54,53.00,29.00,39.45,6.90,M,M
LNK,2025-11-16 17:54,49.00,29.00,45.75,8.05,M,M
LNK,2025-11-16 18:54,48.00,28.00,45.59,8.05,M,M
LNK,2025-11-16 19:54,46.00,28.00,49.16,5.75,M,M
LNK,2025-11-16 20:54,46.00,25.00,43.42,8.05,M,M
LNK,2025-11-16 21:54,46.00,23.00,39.93,9.20,M,M
LNK,2025-11-16 22:54,46.00,22.00,38.28,6.90,M,M
LNK,2025-11-16 23:54,47.00,22.00,36.86,6.90,M,M
LNK,2025-11-17 00:54,48.00,22.00,35.50,9.20,M,M
LNK,2025-11-17 01:54,46.00,22.00,38.28,9.20,M,M
LNK,2025-11-17 02:54,44.00,23.00,43.09,4.60,M,M
LNK,2025-11-17 03:54,45.00,22.00,39.76,9.20,M,M
LNK,2025-11-17 04:54,43.00,22.00,42.92,6.90,M,M
LNK,2025-11-17 05:54,44.00,22.00,41.31,10.35,5000.00,M
LNK,2025-11-17 06:54,45.00,23.00,41.48,6.90,3500.00,M
LNK,2025-11-17 07:14,46.00,23.00,39.93,8.05,2400.00,M
LNK,2025-11-17 07:54,47.00,24.00,40.10,8.05,2300.00,M
LNK,2025-11-17 08:54,48.00,26.00,41.98,11.50,2100.00,M
LNK,2025-11-17 09:54,51.00,27.00,39.12,8.05,1900.00,M
LNK,2025-11-17 10:54,54.00,30.00,39.62,10.35,2100.00,M
LNK,2025-11-17 11:54,57.00,31.00,37.00,12.65,2000.00,M
LNK,2025-11-17 12:54,56.00,33.00,41.59,12.65,2000.00,M
LNK,2025-11-17 13:54,57.00,33.00,40.11,12.65,2300.00,M
LNK,2025-11-17 14:29,58.00,35.00,41.92,14.95,2300.00,M
LNK,2025-11-17 14:54,58.00,34.00,40.28,18.40,2900.00,M
LNK,2025-11-17 15:54,57.00,33.00,40.11,13.80,3300.00,M
LNK,2025-11-17 16:54,56.00,34.00,43.29,10.35,4400.00,M
LNK,2025-11-17 17:54,56.00,34.00,43.29,11.50,7000.00,M
LNK,2025-11-17 18:54,55.00,34.00,44.89,11.50,M,M
LNK,2025-11-17 19:54,55.00,35.00,46.72,12.65,4600.00,M
LNK,2025-11-17 20:05,54.00,39.00,56.73,8.05,4100.00,M
LNK,2025-11-17 20:30,51.00,41.00,68.48,14.95,4300.00,M
LNK,2025-11-17 20:54,51.00,42.00,71.17,10.35,4600.00,M
LNK,2025-11-17 21:27,49.00,43.00,79.68,5.75,4000.00,M
LNK,2025-11-17 21:38,49.00,44.00,82.79,5.75,4200.00,M
LNK,2025-11-17 21:54,45.00,42.00,89.15,4.60,4400.00,M
LNK,2025-11-17 22:34,46.00,43.00,89.19,6.90,M,M
LNK,2025-11-17 22:49,41.00,39.20,93.24,6.90,M,M
LNK,2025-11-17 22:54,41.00,40.00,96.19,5.75,M,M
LNK,2025-11-17 23:54,42.00,41.00,96.21,8.05,M,M
LNK,2025-11-18 00:54,39.00,39.00,100.00,0.00,M,M
LNK,2025-11-18 01:54,37.00,37.00,100.00,4.60,M,M
LNK,2025-11-18 02:54,38.00,37.00,96.14,8.05,M,M
LNK,2025-11-18 03:54,41.00,39.00,92.51,0.00,12000.00,M
LNK,2025-11-18 04:54,40.00,38.00,92.48,8.05,11000.00,M
LNK,2025-11-18 05:54,41.00,39.00,92.51,8.05,11000.00,M
LNK,2025-11-18 06:54,39.00,37.00,92.45,11.50,8000.00,M
LNK,2025-11-18 07:54,38.00,36.00,92.42,6.90,M,M
LNK,2025-11-18 08:54,41.00,38.00,88.96,12.65,M,M
LNK,2025-11-18 09:40,43.00,39.00,85.65,11.50,900.00,M
LNK,2025-11-18 09:54,43.00,38.00,82.36,17.25,900.00,M
LNK,2025-11-18 10:26,43.00,38.00,82.36,13.80,900.00,M
LNK,2025-11-18 10:54,45.00,39.00,79.35,14.95,1000.00,M
LNK,2025-11-18 11:54,46.00,39.00,76.39,14.95,1400.00,M
LNK,2025-11-18 12:54,45.00,39.00,79.35,13.80,1400.00,M
LNK,2025-11-18 13:54,45.00,39.00,79.35,12.65,1400.00,M
LNK,2025-11-18 14:54,45.00,39.00,79.35,12.65,1400.00,M
LNK,2025-11-18 15:54,44.00,38.00,79.27,12.65,1400.00,M
LNK,2025-11-18 16:54,43.00,38.00,82.36,11.50,1400.00,M
LNK,2025-11-18 17:54,43.00,37.00,79.18,11.50,1300.00,M
LNK,2025-11-18 18:54,42.00,37.00,82.29,9.20,1400.00,M
LNK,2025-11-18 19:54,43.00,38.00,82.36,4.60,1500.00,M
LNK,2025-11-18 20:14,43.00,38.00,82.36,3.45,1400.00,M
LNK,2025-11-18 20:54,42.00,38.00,85.59,3.45,1300.00,M
LNK,2025-11-18 21:54,42.00,38.00,85.59,4.60,1300.00,M
LNK,2025-11-18 22:54,42.00,39.00,89.01,4.60,1200.00,M
LNK,2025-11-18 23:54,42.00,38.00,85.59,3.45,1100.00,M
LNK,2025-11-19 00:54,42.00,38.00,85.59,4.60,1100.00,M
LNK,2025-11-19 01:54,41.00,38.00,88.96,4.60,1100.00,M
LNK,2025-11-19 02:54,41.00,37.00,85.53,0.00,1200.00,M
LNK,2025-11-19 03:54,41.00,37.00,85.53,3.45,1100.00,M
LNK,2025-11-19 04:10,41.00,37.00,85.53,0.00,1100.00,M
LNK,2025-11-19 04:47,42.00,37.00,82.29,3.45,1300.00,M
LNK,2025-11-19 04:54,41.00,37.00,85.53,0.00,1200.00,M
LNK,2025-11-19 05:24,41.00,37.00,85.53,0.00,1200.00,M
LNK,2025-11-19 05:54,41.00,37.00,85.53,0.00,1400.00,M
LNK,2025-11-19 06:54,42.00,37.00,82.29,4.60,2000.00,M
LNK,2025-11-19 07:54,42.00,37.00,82.29,3.45,2100.00,M
LNK,2025-11-19 08:54,43.00,38.00,82.36,0.00,2200.00,M
LNK,2025-11-19 09:54,44.00,39.00,82.43,6.90,2200.00,M
LNK,2025-11-19 10:54,46.00,39.00,76.39,5.75,1700.00,M
LNK,2025-11-19 11:54,48.00,38.00,68.12,5.75,1800.00,M
LNK,2025-11-19 12:09,49.00,39.00,68.24,0.00,1900.00,M
LNK,2025-11-19 12:30,49.00,39.00,68.24,6.90,2000.00,M
LNK,2025-11-19 12:54,49.00,39.00,68.24,4.60,M,M
LNK,2025-11-19 13:54,52.00,39.00,61.05,9.20,M,M
LNK,2025-11-19 14:54,53.00,40.00,61.19,8.05,M,M
LNK,2025-11-19 15:54,52.00,40.00,63.48,9.20,M,M
LNK,2025-11-19 16:54,50.00,40.00,68.36,8.05,M,M
LNK,2025-11-19 17:54,49.00,39.00,68.24,9.20,M,M
LNK,2025-11-19 18:54,47.00,40.00,76.49,8.05,M,M
LNK,2025-11-19 19:54,45.00,39.00,79.35,3.45,M,M
LNK,2025-11-19 20:54,43.00,38.00,82.36,3.45,M,M
LNK,2025-11-19 21:54,41.00,37.00,85.53,0.00,M,M
LNK,2025-11-19 22:54,35.00,33.00,92.32,4.60,M,M
LNK,2025-11-19 23:54,37.00,35.00,92.38,0.00,M,M
LNK,2025-11-20 00:54,33.00,31.00,92.25,3.45,M,M
LNK,2025-11-20 01:54,33.00,32.00,96.05,0.00,M,M
LNK,2025-11-20 02:54,32.00,31.00,96.04,0.00,M,M
LNK,2025-11-20 03:08,30.00,29.00,96.00,5.75,1000.00,M
LNK,2025-11-20 03:12,29.00,29.00,100.00,5.75,900.00,M
LNK,2025-11-20 03:22,30.00,29.00,96.00,3.45,700.00,M
LNK,2025-11-20 03:31,30.00,30.00,100.00,3.45,600.00,M
LNK,2025-11-20 03:40,30.00,30.00,100.00,3.45,500.00,M
LNK,2025-11-20 03:46,32.00,31.00,96.04,0.00,500.00,M
LNK,2025-11-20 03:49,32.00,30.20,92.97,0.00,500.00,M
LNK,2025-11-20 03:54,32.00,31.00,96.04,0.00,500.00,M
LNK,2025-11-20 04:06,31.00,30.00,96.02,0.00,800.00,M
LNK,2025-11-20 04:08,30.00,30.00,100.00,3.45,800.00,M
LNK,2025-11-20 04:19,29.00,29.00,100.00,4.60,800.00,M
LNK,2025-11-20 04:29,30.00,30.00,100.00,4.60,500.00,M
LNK,2025-11-20 04:31,30.00,30.00,100.00,4.60,400.00,M
LNK,2025-11-20 04:54,30.00,30.00,100.00,6.90,100.00,M
LNK,2025-11-20 05:23,32.00,31.00,96.04,3.45,100.00,M
LNK,2025-11-20 05:54,30.00,30.00,100.00,4.60,100.00,M
LNK,2025-11-20 06:04,30.00,30.00,100.00,3.45,100.00,M
LNK,2025-11-20 06:13,30.00,29.00,96.00,3.45,100.00,M
LNK,2025-11-20 06:47,30.00,29.00,96.00,8.05,100.00,M
LNK,2025-11-20 06:54,30.00,29.00,96.00,5.75,100.00,M
LNK,2025-11-20 07:54,30.00,30.00,100.00,0.00,M,M
LNK,2025-11-20 08:23,32.00,31.00,96.04,0.00,800.00,M
LNK,2025-11-20 08:32,33.00,32.00,96.05,3.45,600.00,M
LNK,2025-11-20 08:44,35.00,34.00,96.09,3.45,400.00,M
LNK,2025-11-20 08:54,35.00,34.00,96.09,3.45,400.00,M
LNK,2025-11-20 09:23,37.00,36.00,96.12,4.60,200.00,M
LNK,2025-11-20 09:32,38.00,37.00,96.14,0.00,200.00,M
LNK,2025-11-20 09:54,38.00,38.00,100.00,3.45,200.00,M
LNK,2025-11-20 10:54,40.00,40.00,100.00,3.45,200.00,M
LNK,2025-11-20 11:54,43.00,42.00,96.23,5.75,200.00,M
LNK,2025-11-20 12:54,45.00,44.00,96.26,10.35,200.00,M
LNK,2025-11-20 12:56,45.00,44.00,96.26,9.20,200.00,M
LNK,2025-11-20 13:04,44.00,43.00,96.24,9.20,200.00,M
LNK,2025-11-20 13:51,44.60,42.80,93.35,13.80,500.00,M
LNK,2025-11-20 13:54,44.00,42.00,92.61,14.95,500.00,M
LNK,2025-11-20 14:54,45.00,43.00,92.64,14.95,400.00,M
LNK,2025-11-20 15:00,45.00,43.00,92.64,13.80,500.00,M
LNK,2025-11-20 15:54,45.00,43.00,92.64,8.05,500.00,M
LNK,2025-11-20 16:54,45.00,43.00,92.64,8.05,500.00,M
LNK,2025-11-20 17:23,45.00,44.00,96.26,11.50,400.00,M
LNK,2025-11-20 17:41,45.00,43.00,92.64,12.65,400.00,M
LNK,2025-11-20 17:54,45.00,43.00,92.64,8.05,400.00,M
LNK,2025-11-20 18:54,44.00,42.00,92.61,8.05,300.00,M
LNK,2025-11-20 19:54,44.00,43.00,96.24,11.50,200.00,M
LNK,2025-11-20 20:54,43.00,42.00,96.23,12.65,200.00,M
LNK,2025-11-20 21:54,43.00,42.00,96.23,14.95,300.00,M
LNK,2025-11-20 22:01,43.00,42.00,96.23,12.65,300.00,M
LNK,2025-11-20 22:54,43.00,42.00,96.23,13.80,400.00,M
LNK,2025-11-20 23:42,43.00,41.00,92.58,12.65,500.00,M
LNK,2025-11-20 23:54,43.00,41.00,92.58,12.65,500.00,M
LNK,2025-11-21 00:54,43.00,41.00,92.58,8.05,500.00,M
LNK,2025-11-21 01:33,43.00,41.00,92.58,8.05,400.00,M
LNK,2025-11-21 01:54,43.00,41.00,92.58,6.90,400.00,M
LNK,2025-11-21 02:18,43.00,41.00,92.58,10.35,500.00,M
LNK,2025-11-21 02:54,43.00,41.00,92.58,11.50,600.00,M
LNK,2025-11-21 03:54,44.00,41.00,89.10,11.50,800.00,M
LNK,2025-11-21 04:54,43.00,41.00,92.58,10.35,700.00,M
LNK,2025-11-21 05:54,43.00,41.00,92.58,11.50,800.00,M
LNK,2025-11-21 06:39,43.00,40.00,89.05,13.80,1100.00,M
LNK,2025-11-21 06:54,43.00,40.00,89.05,12.65,1100.00,M
LNK,2025-11-21 07:54,43.00,39.00,85.65,10.35,1100.00,M
LNK,2025-11-21 08:25,43.00,39.00,85.65,11.50,1300.00,M
LNK,2025-11-21 08:54,43.00,40.00,89.05,14.95,1400.00,M
LNK,2025-11-21 09:54,44.00,36.00,73.25,13.80,1200.00,M
LNK,2025-11-21 10:01,44.00,36.00,73.25,13.80,8500.00,M
LNK,2025-11-21 10:08,44.00,36.00,73.25,12.65,1200.00,M
LNK,2025-11-21 10:27,45.00,35.00,67.77,14.95,8000.00,M
LNK,2025-11-21 10:54,45.00,35.00,67.77,12.65,5500.00,M
LNK,2025-11-21 11:54,42.00,37.00,82.29,11.50,8000.00,M
LNK,2025-11-21 12:54,42.00,38.00,85.59,12.65,7500.00,M
LNK,2025-11-21 13:54,43.00,37.00,79.18,11.50,8500.00,M
LNK,2025-11-21 14:54,42.00,39.00,89.01,9.20,7500.00,M
LNK,2025-11-21 15:54,42.00,39.00,89.01,11.50,7500.00,M
LNK,2025-11-21 16:54,42.00,38.00,85.59,8.05,7000.00,M
LNK,2025-11-21 17:54,41.00,38.00,88.96,8.05,10000.00,M
LNK,2025-11-21 18:54,40.00,38.00,92.48,0.00,11000.00,M
LNK,2025-11-21 19:54,41.00,38.00,88.96,5.75,6000.00,M
LNK,2025-11-21 20:54,37.00,36.00,96.12,5.75,M,M
LNK,2025-11-21 21:54,38.00,36.00,92.42,0.00,M,M
LNK,2025-11-21 22:54,35.00,34.00,96.09,3.45,M,M
LNK,2025-11-21 23:54,36.00,34.00,92.35,0.00,M,M
LNK,2025-11-22 00:54,34.00,33.00,96.07,0.00,M,M
LNK,2025-11-22 01:54,34.00,32.00,92.28,3.45,M,M
LNK,2025-11-22 02:54,34.00,32.00,92.28,0.00,M,M
LNK,2025-11-22 03:54,32.00,30.00,92.21,5.75,M,M
LNK,2025-11-22 04:54,31.00,30.00,96.02,4.60,M,M
LNK,2025-11-22 05:54,31.00,30.00,96.02,4.60,M,M
LNK,2025-11-22 06:54,31.00,29.00,92.18,6.90,M,M
LNK,2025-11-22 07:54,33.00,31.00,92.25,3.45,M,M
LNK,2025-11-22 08:54,40.00,37.00,88.91,4.60,M,M
LNK,2025-11-22 09:54,50.00,43.00,76.76,10.35,M,M
LNK,2025-11-22 10:54,55.00,44.00,66.36,11.50,M,M
LNK,2025-11-22 11:54,59.00,44.00,57.44,17.25,M,M
LNK,2025-11-22 12:54,63.00,44.00,49.85,16.10,M,M
LNK,2025-11-22 13:54,65.00,45.00,48.29,17.25,M,29.90
LNK,2025-11-22 14:54,64.00,44.00,48.14,12.65,M,29.90
LNK,2025-11-22 15:54,63.00,42.00,46.17,9.20,M,M
LNK,2025-11-22 16:54,58.00,40.00,51.03,6.90,M,M
LNK,2025-11-22 17:54,54.00,36.00,50.41,6.90,M,M
LNK,2025-11-22 18:54,42.00,35.00,76.02,6.90,M,M
LNK,2025-11-22 19:54,42.00,34.00,73.05,6.90,M,M
LNK,2025-11-22 20:54,40.00,34.00,78.93,3.45,M,M
LNK,2025-11-22 21:54,38.00,33.00,81.99,3.45,M,M
LNK,2025-11-22 22:54,38.00,32.00,78.76,3.45,M,M
LNK,2025-11-22 23:54,32.00,29.00,88.53,4.60,M,M
LNK,2025-11-23 00:54,34.00,31.00,88.62,0.00,M,M
LNK,2025-11-23 01:54,31.00,29.00,92.18,0.00,M,M
LNK,2025-11-23 02:54,32.00,30.00,92.21,0.00,M,M
LNK,2025-11-23 03:54,27.00,26.00,95.95,3.45,M,M
LNK,2025-11-23 04:54,29.00,27.00,92.11,0.00,M,M
LNK,2025-11-23 05:54,25.00,24.00,95.91,0.00,M,M
LNK,2025-11-23 06:54,28.00,27.00,95.96,0.00,M,M
LNK,2025-11-23 07:54,28.00,25.00,88.32,3.45,M,M
LNK,2025-11-23 08:54,33.00,29.00,85.03,0.00,M,M
LNK,2025-11-23 09:54,40.00,33.00,75.83,0.00,M,M
LNK,2025-11-23 10:54,49.00,36.00,60.64,4.60,M,M
LNK,2025-11-23 11:54,57.00,39.00,50.88,6.90,M,M
LNK,2025-11-23 12:54,61.00,41.00,47.67,9.20,M,M
LNK,2025-11-23 13:54,62.00,44.00,51.64,11.50,M,M
LNK,2025-11-23 14:54,65.00,46.00,50.16,12.65,M,M
LNK,2025-11-23 15:54,62.00,47.00,57.87,13.80,M,M
LNK,2025-11-23 16:54,55.00,45.00,68.94,8.05,M,M
LNK,2025-11-23 17:54,51.00,44.00,76.85,8.05,M,M
LNK,2025-11-23 18:54,51.00,45.00,79.84,10.35,M,M
LNK,2025-11-23 19:54,52.00,46.00,79.92,11.50,M,M
LNK,2025-11-23 20:54,51.00,46.00,82.93,9.20,M,M
LNK,2025-11-23 21:54,52.00,47.00,82.99,10.35,M,M
LNK,2025-11-23 22:54,51.00,46.00,82.93,9.20,M,M
LNK,2025-11-23 23:54,50.00,45.00,82.86,6.90,M,M
LNK,2025-11-24 00:54,50.00,44.00,79.76,5.75,M,M
LNK,2025-11-24 01:54,49.00,44.00,82.79,5.75,12000.00,M
LNK,2025-11-24 02:54,49.00,44.00,82.79,9.20,9500.00,M
LNK,2025-11-24 03:54,49.00,44.00,82.79,8.05,7000.00,M
LNK,2025-11-24 04:54,48.00,45.00,89.28,6.90,6000.00,M
LNK,2025-11-24 05:11,47.00,45.00,92.71,3.45,6000.00,M
LNK,2025-11-24 05:26,47.00,45.00,92.71,0.00,4900.00,M
LNK,2025-11-24 05:54,48.00,46.00,92.74,4.60,4900.00,M
LNK,2025-11-24 06:54,47.00,46.00,96.29,3.45,1500.00,M
LNK,2025-11-24 07:15,47.00,46.00,96.29,4.60,1800.00,M
LNK,2025-11-24 07:37,48.00,46.00,92.74,4.60,1400.00,M
LNK,2025-11-24 07:54,48.00,46.00,92.74,5.75,1400.00,M
LNK,2025-11-24 08:54,49.00,47.00,92.77,6.90,1100.00,M
LNK,2025-11-24 09:54,50.00,48.00,92.80,6.90,900.00,M
LNK,2025-11-24 10:54,50.00,48.00,92.80,6.90,700.00,M
LNK,2025-11-24 11:54,51.00,48.00,89.42,4.60,800.00,M
LNK,2025-11-24 12:54,52.00,49.00,89.46,3.45,700.00,M
LNK,2025-11-24 13:54,52.00,49.00,89.46,0.00,700.00,M
LNK,2025-11-24 14:54,52.00,49.00,89.46,3.45,800.00,M
LNK,2025-11-24 15:54,52.00,49.00,89.46,3.45,800.00,M
LNK,2025-11-24 16:54,52.00,49.00,89.46,0.00,800.00,M
LNK,2025-11-24 17:54,52.00,50.00,92.86,0.00,800.00,M
LNK,2025-11-24 18:54,51.00,50.00,96.36,0.00,800.00,M
LNK,2025-11-24 19:12,51.00,50.00,96.36,3.45,600.00,M
LNK,2025-11-24 19:21,50.00,49.00,96.34,3.45,1000.00,M
LNK,2025-11-24 19:54,50.00,49.00,96.34,5.75,3800.00,M
LNK,2025-11-24 20:54,51.00,49.00,92.83,4.60,5000.00,M
LNK,2025-11-24 21:43,50.00,49.00,96.34,0.00,500.00,M
LNK,2025-11-24 21:54,49.00,48.00,96.32,4.60,500.00,M
LNK,2025-11-24 22:03,49.00,48.00,96.32,3.45,500.00,M
LNK,2025-11-24 22:20,48.00,48.00,100.00,0.00,500.00,M
LNK,2025-11-24 22:44,48.00,48.00,100.00,3.45,400.00,M
LNK,2025-11-24 22:49,48.20,48.20,100.00,3.45,400.00,M
LNK,2025-11-24 22:54,49.00,48.00,96.32,0.00,400.00,M
LNK,2025-11-24 23:02,49.00,48.00,96.32,0.00,400.00,M
LNK,2025-11-24 23:11,49.00,48.00,96.32,0.00,5000.00,M
LNK,2025-11-24 23:54,48.00,48.00,100.00,0.00,600.00,M
LNK,2025-11-25 00:08,48.00,47.00,96.31,0.00,600.00,M
LNK,2025-11-25 00:47,49.00,49.00,100.00,0.00,500.00,M
LNK,2025-11-25 00:54,50.00,49.00,96.34,3.45,500.00,M
LNK,2025-11-25 01:54,49.00,48.00,96.32,3.45,2300.00,M
LNK,2025-11-25 02:54,49.00,48.00,96.32,3.45,4400.00,M
LNK,2025-11-25 03:54,51.00,49.00,92.83,5.75,3500.00,M
LNK,2025-11-25 04:54,48.00,47.00,96.31,4.60,4500.00,M
LNK,2025-11-25 05:52,46.40,46.40,100.00,4.60,2900.00,M
LNK,2025-11-25 05:54,47.00,46.00,96.29,5.75,2900.00,M
LNK,2025-11-25 06:05,47.00,46.00,96.29,5.75,2900.00,M
LNK,2025-11-25 06:54,45.00,44.00,96.26,8.05,M,M
LNK,2025-11-25 07:54,43.00,38.00,82.36,17.25,M,M
LNK,2025-11-25 08:54,45.00,37.00,73.36,21.85,M,35.65
LNK,2025-11-25 09:54,47.00,35.00,62.83,21.85,M,34.50
LNK,2025-11-25 10:54,47.00,30.00,51.37,25.30,M,39.10
LNK,2025-11-25 11:54,46.00,27.00,47.17,25.30,M,48.30
LNK,2025-11-25 12:54,48.00,26.00,41.98,29.90,M,40.25
LNK,2025-11-25 13:54,47.00,24.00,40.10,29.90,M,47.15
LNK,2025-11-25 14:54,47.00,23.00,38.45,28.75,5000.00,54.05
LNK,2025-11-25 15:54,43.00,22.00,42.92,33.35,5000.00,55.20
LNK,2025-11-25 16:54,41.00,22.00,46.36,29.90,5000.00,56.35
LNK,2025-11-25 17:54,39.00,22.00,50.11,34.50,4400.00,54.05
LNK,2025-11-25 18:54,38.00,22.00,52.11,24.15,M,54.05
LNK,2025-11-25 19:54,38.00,25.00,59.11,23.00,4300.00,40.25
LNK,2025-11-25 20:54,37.00,25.00,61.48,27.60,3400.00,44.85
LNK,2025-11-25 21:54,35.00,24.00,63.82,17.25,M,42.55
LNK,2025-11-25 22:54,35.00,22.00,58.67,20.70,4900.00,37.95
LNK,2025-11-25 23:54,35.00,20.00,53.90,23.00,M,37.95
LNK,2025-11-26 00:54,33.00,20.00,58.38,18.40,M,34.50
LNK,2025-11-26 01:54,32.00,20.00,60.78,14.95,M,32.20
LNK,2025-11-26 02:54,30.00,20.00,65.92,13.80,M,M
LNK,2025-11-26 03:54,29.00,20.00,68.66,11.50,M,M
LNK,2025-11-26 04:54,27.00,20.00,74.54,10.35,M,M
LNK,2025-11-26 05:54,27.00,20.00,74.54,9.20,M,M
LNK,2025-11-26 06:54,29.00,20.00,68.66,10.35,2600.00,M
LNK,2025-11-26 07:01,28.00,20.00,71.54,10.35,2700.00,M
LNK,2025-11-26 07:54,29.00,20.00,68.66,10.35,2700.00,M
LNK,2025-11-26 08:31,28.00,20.00,71.54,14.95,2500.00,M
LNK,2025-11-26 08:54,29.00,20.00,68.66,12.65,M,M
LNK,2025-11-26 09:54,31.00,21.00,66.04,10.35,M,M
LNK,2025-11-26 10:54,33.00,20.00,58.38,12.65,M,M
LNK,2025-11-26 11:54,36.00,20.00,51.80,12.65,M,M
LNK,2025-11-26 12:54,38.00,21.00,49.95,11.50,M,M
LNK,2025-11-26 13:54,39.00,19.00,44.11,12.65,M,M
LNK,2025-11-26 14:54,40.00,18.00,40.64,11.50,M,M
LNK,2025-11-26 15:54,37.00,18.00,45.70,10.35,M,M
LNK,2025-11-26 16:54,35.00,18.00,49.47,0.00,M,M
LNK,2025-11-26 17:54,30.00,19.00,63.16,9.20,M,M
LNK,2025-11-26 18:54,30.00,19.00,63.16,4.60,M,M
LNK,2025-11-26 19:54,32.00,19.00,58.24,5.75,M,M
LNK,2025-11-26 20:54,31.00,19.00,60.64,4.60,12000.00,M
LNK,2025-11-26 21:54,30.00,19.00,63.16,4.60,M,M
LNK,2025-11-26 22:54,28.00,19.00,68.54,4.60,M,M
LNK,2025-11-26 23:54,23.00,18.00,80.83,0.00,M,M
LNK,2025-11-27 00:54,21.00,16.00,80.67,0.00,M,M
LNK,2025-11-27 01:54,18.00,15.00,87.80,3.45,M,M
LNK,2025-11-27 02:54,21.00,15.00,77.23,3.45,M,M
LNK,2025-11-27 03:54,23.00,17.00,77.42,0.00,9000.00,M
LNK,2025-11-27 04:54,23.00,19.00,84.38,0.00,9000.00,M
LNK,2025-11-27 05:54,24.00,20.00,84.45,0.00,9500.00,M
LNK,2025-11-27 06:54,24.00,20.00,84.45,3.45,9500.00,M
LNK,2025-11-27 07:54,25.00,20.00,80.99,0.00,7000.00,M
LNK,2025-11-27 08:54,27.00,21.00,77.78,0.00,7000.00,M
LNK,2025-11-27 09:54,30.00,22.00,71.76,4.60,7000.00,M
LNK,2025-11-27 10:54,34.00,16.00,47.22,4.60,6500.00,M
LNK,2025-11-27 11:54,37.00,14.00,38.41,4.60,M,M
LNK,2025-11-27 12:54,39.00,16.00,38.75,3.45,M,M
LNK,2025-11-27 13:54,40.00,16.00,37.27,4.60,M,M
LNK,2025-11-27 14:54,40.00,17.00,38.92,3.45,M,M
LNK,2025-11-27 15:54,39.00,16.00,38.75,3.45,M,M
LNK,2025-11-27 16:54,33.00,16.00,49.15,5.75,M,M
LNK,2025-11-27 17:54,28.00,16.00,60.22,6.90,M,M
LNK,2025-11-27 18:54,23.00,15.00,70.97,6.90,M,M
LNK,2025-11-27 19:54,24.00,16.00,71.08,10.35,M,M
LNK,2025-11-27 20:54,24.00,17.00,74.24,8.05,M,M
LNK,2025-11-27 21:54,23.00,16.00,74.13,6.90,M,M
LNK,2025-11-27 22:54,23.00,17.00,77.42,6.90,M,M
LNK,2025-11-27 23:54,22.00,17.00,80.75,8.05,M,M
LNK,2025-11-28 00:54,18.00,14.00,84.04,6.90,M,M
LNK,2025-11-28 01:54,16.00,13.00,87.69,8.05,10000.00,M
LNK,2025-11-28 02:54,21.00,17.00,84.25,4.60,10000.00,M
LNK,2025-11-28 03:54,21.00,17.00,84.25,4.60,9000.00,M
LNK,2025-11-28 04:54,23.00,18.00,80.83,3.45,9000.00,M
LNK,2025-11-28 05:54,23.00,17.00,77.42,5.75,9000.00,M
LNK,2025-11-28 06:54,23.00,16.00,74.13,8.05,9000.00,M
LNK,2025-11-28 07:54,24.00,16.00,71.08,11.50,9000.00,M
LNK,2025-11-28 08:54,25.00,16.00,68.18,10.35,8500.00,M
LNK,2025-11-28 09:54,26.00,16.00,65.40,10.35,8000.00,M
LNK,2025-11-28 10:54,26.00,17.00,68.30,13.80,6500.00,M
LNK,2025-11-28 11:54,27.00,17.00,65.53,10.35,6500.00,M
LNK,2025-11-28 12:54,27.00,18.00,68.42,14.95,6000.00,M
LNK,2025-11-28 13:54,27.00,18.00,68.42,12.65,5000.00,M
LNK,2025-11-28 14:54,27.00,18.00,68.42,18.40,5500.00,M
LNK,2025-11-28 15:54,28.00,19.00,68.54,13.80,5500.00,M
LNK,2025-11-28 16:54,28.00,20.00,71.54,13.80,4300.00,M
LNK,2025-11-28 17:54,28.00,20.00,71.54,11.50,5000.00,M
LNK,2025-11-28 18:54,28.00,21.00,74.65,9.20,5000.00,M
LNK,2025-11-28 19:54,28.00,21.00,74.65,12.65,4400.00,M
LNK,2025-11-28 20:54,28.00,22.00,77.88,11.50,1900.00,M
LNK,2025-11-28 21:46,27.00,23.00,84.65,9.20,1800.00,M
LNK,2025-11-28 21:54,27.00,23.00,84.65,11.50,1700.00,M
LNK,2025-11-28 22:54,28.00,23.00,81.23,9.20,1400.00,M
LNK,2025-11-28 23:46,27.00,24.00,88.27,11.50,1200.00,M
LNK,2025-11-28 23:54,27.00,24.00,88.27,11.50,1200.00,M
LNK,2025-11-29 00:06,27.00,25.00,92.04,9.20,1100.00,M
LNK,2025-11-29 00:14,27.00,25.00,92.04,9.20,900.00,M
LNK,2025-11-29 00:49,28.40,26.60,92.85,5.75,600.00,M
LNK,2025-11-29 00:54,28.00,26.00,92.07,8.05,600.00,M
LNK,2025-11-29 01:10,28.00,26.00,92.07,8.05,600.00,M
LNK,2025-11-29 01:26,28.00,26.00,92.07,10.35,600.00,M
LNK,2025-11-29 01:39,28.00,27.00,95.96,9.20,600.00,M
LNK,2025-11-29 01:54,28.00,27.00,95.96,10.35,600.00,M
LNK,2025-11-29 02:54,29.00,27.00,92.11,8.05,700.00,M
LNK,2025-11-29 03:02,29.00,27.00,92.11,10.35,700.00,M
LNK,2025-11-29 03:54,29.00,27.00,92.11,8.05,700.00,M
LNK,2025-11-29 04:42,29.00,28.00,95.98,9.20,700.00,M
LNK,2025-11-29 04:51,28.40,28.40,100.00,9.20,700.00,M
LNK,2025-11-29 04:54,29.00,27.00,92.11,10.35,700.00,M
LNK,2025-11-29 05:10,29.00,27.00,92.11,10.35,700.00,M
LNK,2025-11-29 05:24,28.00,27.00,95.96,11.50,600.00,M
LNK,2025-11-29 05:36,28.00,27.00,95.96,10.35,600.00,M
LNK,2025-11-29 05:54,28.00,26.00,92.07,12.65,1500.00,M
LNK,2025-11-29 06:14,28.00,26.00,92.07,12.65,1700.00,M
LNK,2025-11-29 06:54,27.00,26.00,95.95,12.65,1700.00,M
LNK,2025-11-29 07:11,27.00,25.00,92.04,14.95,1900.00,M
LNK,2025-11-29 07:54,26.00,24.00,92.00,17.25,1900.00,M
LNK,2025-11-29 08:29,26.00,23.00,88.22,16.10,900.00,M
LNK,2025-11-29 08:43,26.00,23.00,88.22,16.10,700.00,M
LNK,2025-11-29 08:50,24.80,23.00,92.74,14.95,700.00,M
LNK,2025-11-29 08:54,25.00,23.00,91.97,13.80,1300.00,M
LNK,2025-11-29 09:33,25.00,23.00,91.97,14.95,1500.00,M
LNK,2025-11-29 09:54,25.00,23.00,91.97,16.10,1600.00,M
LNK,2025-11-29 10:08,25.00,22.00,88.17,17.25,1900.00,M
LNK,2025-11-29 10:15,25.00,22.00,88.17,16.10,1800.00,M
LNK,2025-11-29 10:34,25.00,23.00,91.97,17.25,1300.00,M
LNK,2025-11-29 10:54,25.00,22.00,88.17,18.40,1000.00,M
LNK,2025-11-29 11:14,26.00,22.00,84.58,17.25,1600.00,M
LNK,2025-11-29 11:30,26.00,22.00,84.58,19.55,2000.00,M
LNK,2025-11-29 11:34,26.00,22.00,84.58,23.00,2200.00,32.20
LNK,2025-11-29 11:41,26.00,21.00,81.07,24.15,2300.00,32.20
LNK,2025-11-29 11:54,27.00,21.00,77.78,19.55,1800.00,32.20
LNK,2025-11-29 12:14,27.00,21.00,77.78,25.30,2100.00,34.50
LNK,2025-11-29 12:54,27.00,21.00,77.78,24.15,2400.00,36.80
LNK,2025-11-29 13:54,27.00,20.00,74.54,24.15,2400.00,48.30
LNK,2025-11-29 14:11,27.00,20.00,74.54,31.05,2500.00,47.15
LNK,2025-11-29 14:20,27.00,20.00,74.54,27.60,2500.00,47.15
LNK,2025-11-29 14:54,27.00,20.00,74.54,25.30,2600.00,47.15
LNK,2025-11-29 15:12,27.00,20.00,74.54,25.30,2600.00,40.25
LNK,2025-11-29 15:54,27.00,19.00,71.42,21.85,2700.00,40.25
LNK,2025-11-29 16:54,26.00,17.00,68.30,28.75,3800.00,39.10
LNK,2025-11-29 17:54,25.00,17.00,71.20,21.85,3100.00,41.40
LNK,2025-11-29 18:10,25.00,17.00,71.20,23.00,2600.00,34.50
LNK,2025-11-29 18:52,23.00,15.80,73.49,25.30,2200.00,35.65
LNK,2025-11-29 18:54,23.00,16.00,74.13,25.30,2200.00,35.65
LNK,2025-11-29 19:42,23.00,16.00,74.13,23.00,2500.00,35.65
LNK,2025-11-29 19:54,23.00,15.00,70.97,26.45,2300.00,35.65
LNK,2025-11-29 20:54,20.00,13.00,73.82,19.55,2600.00,37.95
LNK,2025-11-29 21:54,19.00,11.00,70.51,17.25,M,35.65
LNK,2025-11-29 22:54,18.00,10.00,70.39,19.55,M,31.05
LNK,2025-11-29 23:54,18.00,9.00,67.31,19.55,M,29.90
LNK,2025-11-30 00:54,17.00,9.00,70.27,21.85,M,32.20
LNK,2025-11-30 01:54,17.00,9.00,70.27,16.10,M,M
LNK,2025-11-30 02:31,16.00,9.00,73.39,10.35,2600.00,M
LNK,2025-11-30 02:54,17.00,10.00,73.50,10.35,2400.00,M
LNK,2025-11-30 03:54,18.00,11.00,73.60,18.40,2700.00,M
LNK,2025-11-30 04:54,19.00,11.00,70.51,11.50,2600.00,M
LNK,2025-11-30 05:54,18.00,11.00,73.60,11.50,2400.00,M
LNK,2025-11-30 06:54,18.00,11.00,73.60,18.40,2200.00,M
LNK,2025-11-30 07:54,17.00,9.00,70.27,16.10,2400.00,M
LNK,2025-11-30 08:54,17.00,9.00,70.27,11.50,2800.00,M
LNK,2025-11-30 09:54,18.00,10.00,70.39,11.50,2700.00,M
LNK,2025-11-30 10:54,19.00,9.00,64.48,13.80,2600.00,M
LNK,2025-11-30 11:54,20.00,10.00,64.61,12.65,2500.00,M
LNK,2025-11-30 12:54,20.00,10.00,64.61,8.05,2500.00,M
LNK,2025-11-30 13:54,20.00,11.00,67.56,6.90,2500.00,M
LNK,2025-11-30 14:54,20.00,12.00,70.63,6.90,2500.00,M
LNK,2025-11-30 15:54,20.00,11.00,67.56,4.60,2600.00,M
LNK,2025-11-30 16:54,20.00,11.00,67.56,6.90,2500.00,M
LNK,2025-11-30 17:54,19.00,12.00,73.71,6.90,2500.00,M
LNK,2025-11-30 18:28,19.00,12.00,73.71,8.05,2300.00,M
LNK,2025-11-30 18:54,18.00,12.00,76.95,6.90,M,M
LNK,2025-11-30 19:46,18.00,11.00,73.60,4.60,2400.00,M
LNK,2025-11-30 19:54,17.00,11.00,76.85,6.90,2400.00,M
LNK,2025-11-30 20:01,16.00,10.00,76.75,5.75,2400.00,M
LNK,2025-11-30 20:36,16.00,10.00,76.75,0.00,2300.00,M
LNK,2025-11-30 20:54,17.00,11.00,76.85,5.75,2300.00,M
LNK,2025-11-30 21:12,17.00,11.00,76.85,5.75,2300.00,M
LNK,2025-11-30 21:52,17.60,12.20,78.98,5.75,2400.00,M
LNK,2025-11-30 21:54,17.00,12.00,80.34,5.75,2400.00,M
LNK,2025-11-30 22:50,17.60,12.20,78.98,0.00,2400.00,M
LNK,2025-11-30 22:54,17.00,12.00,80.34,0.00,2400.00,M
LNK,2025-11-30 23:18,17.00,12.00,80.34,3.45,2300.00,M
LNK,2025-11-30 23:54,16.00,12.00,83.90,3.45,2300.00,M
LNK,2025-12-01 00:54,18.00,13.00,80.42,3.45,2300.00,M
LNK,2025-12-01 01:54,17.00,12.00,80.34,3.45,2200.00,M
LNK,2025-12-01 02:52,17.60,12.20,78.98,3.45,2300.00,M
LNK,2025-12-01 02:54,17.00,13.00,83.97,3.45,2300.00,M
LNK,2025-12-01 03:43,17.00,13.00,83.97,0.00,3500.00,M
LNK,2025-12-01 03:54,17.00,13.00,83.97,0.00,2900.00,M
LNK,2025-12-01 03:57,17.00,13.00,83.97,0.00,2700.00,M
LNK,2025-12-01 04:14,17.00,14.00,87.75,0.00,3500.00,M
LNK,2025-12-01 04:24,17.00,14.00,87.75,0.00,3900.00,M
LNK,2025-12-01 04:35,18.00,14.00,84.04,0.00,3700.00,M
LNK,2025-12-01 04:49,17.60,14.00,85.50,0.00,2900.00,M
LNK,2025-12-01 04:54,17.00,14.00,87.75,0.00,2900.00,M
LNK,2025-12-01 05:43,18.00,15.00,87.80,3.45,3000.00,M
LNK,2025-12-01 05:54,18.00,15.00,87.80,3.45,3800.00,M
LNK,2025-12-01 06:18,18.00,15.00,87.80,4.60,4000.00,M
LNK,2025-12-01 06:30,18.00,16.00,91.71,4.60,3000.00,M
LNK,2025-12-01 06:38,18.00,16.00,91.71,4.60,2400.00,M
LNK,2025-12-01 06:54,19.00,16.00,87.85,5.75,2200.00,M
LNK,2025-12-01 07:09,19.00,16.00,87.85,5.75,1800.00,M
LNK,2025-12-01 07:40,19.00,16.00,87.85,4.60,1400.00,M
LNK,2025-12-01 07:54,19.00,16.00,87.85,4.60,1000.00,M
LNK,2025-12-01 08:01,19.00,17.00,91.75,5.75,1000.00,M
LNK,2025-12-01 08:06,19.00,16.00,87.85,5.75,900.00,M
LNK,2025-12-01 08:21,19.00,16.00,87.85,5.75,1100.00,M
LNK,2025-12-01 08:32,19.00,16.00,87.85,4.60,1500.00,M
LNK,2025-12-01 08:44,19.00,16.00,87.85,4.60,1500.00,M
LNK,2025-12-01 08:54,19.00,17.00,91.75,4.60,1500.00,M
LNK,2025-12-01 09:01,19.00,17.00,91.75,3.45,1300.00,M
LNK,2025-12-01 09:14,19.00,17.00,91.75,4.60,1700.00,M
LNK,2025-12-01 09:38,19.00,17.00,91.75,3.45,2000.00,M
LNK,2025-12-01 09:54,19.00,17.00,91.75,5.75,2400.00,M
LNK,2025-12-01 10:29,20.00,17.00,87.91,6.90,2200.00,M
LNK,2025-12-01 10:42,20.00,17.00,87.91,6.90,3500.00,M
LNK,2025-12-01 10:54,20.00,17.00,87.91,6.90,3100.00,M
LNK,2025-12-01 11:26,21.00,17.00,84.25,6.90,1100.00,M
LNK,2025-12-01 11:34,21.00,16.00,80.67,8.05,1200.00,M
LNK,2025-12-01 11:46,21.00,17.00,84.25,6.90,1500.00,M
LNK,2025-12-01 11:54,22.00,16.00,77.32,8.05,1500.00,M
LNK,2025-12-01 12:34,22.00,16.00,77.32,9.20,1500.00,M
LNK,2025-12-01 12:54,22.00,16.00,77.32,13.80,1600.00,M
LNK,2025-12-01 13:54,22.00,16.00,77.32,9.20,10000.00,M
LNK,2025-12-01 14:54,22.00,16.00,77.32,11.50,9000.00,M
LNK,2025-12-01 15:54,21.00,15.00,77.23,5.75,M,M
LNK,2025-12-01 16:54,19.00,14.00,80.51,4.60,M,M
LNK,2025-12-01 17:54,15.00,13.00,91.60,4.60,M,M
LNK,2025-12-01 18:54,13.00,11.00,91.52,6.90,M,M
LNK,2025-12-01 19:54,14.00,12.00,91.56,4.60,M,M
LNK,2025-12-01 20:54,11.00,9.00,91.44,3.45,M,M
LNK,2025-12-01 21:54,11.00,10.00,95.64,5.75,M,M
LNK,2025-12-01 22:54,10.00,8.00,91.40,5.75,M,M
LNK,2025-12-01 23:54,8.00,6.00,91.32,4.60,M,M
LNK,2025-12-02 00:54,10.00,8.00,91.40,0.00,M,M
LNK,2025-12-02 01:54,7.00,6.00,95.55,4.60,M,M
LNK,2025-12-02 02:54,10.00,8.00,91.40,0.00,M,M
LNK,2025-12-02 03:54,7.00,5.00,91.28,6.90,M,M
LNK,2025-12-02 04:54,6.00,4.00,91.24,3.45,M,M
LNK,2025-12-02 05:54,8.00,6.00,91.32,4.60,M,M
LNK,2025-12-02 06:54,6.00,4.00,91.24,5.75,M,M
LNK,2025-12-02 07:54,8.00,5.00,87.25,4.60,M,M
LNK,2025-12-02 08:54,9.00,7.00,91.36,6.90,M,M
LNK,2025-12-02 09:54,14.00,12.00,91.56,5.75,M,M
LNK,2025-12-02 10:54,20.00,16.00,84.18,8.05,M,M
LNK,2025-12-02 11:54,24.00,19.00,80.91,8.05,M,M
LNK,2025-12-02 12:54,32.00,21.00,63.43,8.05,M,M
LNK,2025-12-02 13:54,33.00,21.00,60.92,5.75,M,M
LNK,2025-12-02 14:54,33.00,23.00,66.30,10.35,12000.00,M
LNK,2025-12-02 15:54,33.00,23.00,66.30,11.50,M,M
LNK,2025-12-02 16:54,33.00,24.00,69.14,11.50,M,M
LNK,2025-12-02 17:54,34.00,25.00,69.26,11.50,12000.00,M
LNK,2025-12-02 18:54,35.00,27.00,72.30,11.50,11000.00,M
LNK,2025-12-02 19:54,32.00,27.00,81.54,0.00,11000.00,M
LNK,2025-12-02 20:54,32.00,28.00,84.97,8.05,11000.00,M
LNK,2025-12-02 21:54,31.00,26.00,81.46,0.00,12000.00,M
LNK,2025-12-02 22:54,30.00,26.00,84.84,0.00,M,M
LNK,2025-12-02 23:54,28.00,25.00,88.32,4.60,M,M
LNK,2025-12-03 00:54,30.00,26.00,84.84,0.00,M,M
LNK,2025-12-03 01:54,27.00,25.00,92.04,4.60,M,M
LNK,2025-12-03 02:54,27.00,24.00,88.27,0.00,M,M
LNK,2025-12-03 03:54,26.00,23.00,88.22,5.75,2300.00,M
LNK,2025-12-03 04:03,28.00,25.00,88.32,6.90,2100.00,M
LNK,2025-12-03 04:54,32.00,30.00,92.21,5.75,1600.00,M
LNK,2025-12-03 05:52,35.60,32.00,86.58,10.35,2700.00,M
LNK,2025-12-03 05:54,36.00,32.00,85.22,10.35,2700.00,M
LNK,2025-12-03 06:39,35.00,32.00,88.67,10.35,1900.00,M
LNK,2025-12-03 06:49,35.60,32.00,86.58,9.20,1700.00,M
LNK,2025-12-03 06:54,35.00,32.00,88.67,10.35,1700.00,M
LNK,2025-12-03 07:29,35.00,31.00,85.16,12.65,1600.00,M
LNK,2025-12-03 07:54,34.00,31.00,88.62,9.20,1400.00,M
LNK,2025-12-03 08:11,34.00,31.00,88.62,17.25,1400.00,M
LNK,2025-12-03 08:23,34.00,30.00,85.10,17.25,1500.00,M
LNK,2025-12-03 08:54,34.00,29.00,81.69,19.55,1600.00,M
LNK,2025-12-03 09:39,34.00,28.00,78.41,17.25,2000.00,M
LNK,2025-12-03 09:54,33.00,29.00,85.03,19.55,1500.00,M
LNK,2025-12-03 10:10,32.00,27.00,81.54,23.00,1400.00,M
LNK,2025-12-03 10:44,31.00,24.00,74.95,20.70,1600.00,31.05
LNK,2025-12-03 10:54,30.00,24.00,78.06,21.85,1800.00,31.05
LNK,2025-12-03 11:41,29.00,22.00,74.75,20.70,1700.00,M
LNK,2025-12-03 11:54,29.00,21.00,71.65,17.25,M,M
LNK,2025-12-03 12:54,27.00,20.00,74.54,18.40,1900.00,M
LNK,2025-12-03 13:05,26.00,20.00,77.69,19.55,1800.00,M
LNK,2025-12-03 13:54,26.00,18.00,71.31,21.85,2000.00,M
LNK,2025-12-03 14:54,23.00,15.00,70.97,20.70,M,31.05
LNK,2025-12-03 15:54,22.00,12.00,64.88,14.95,M,M
LNK,2025-12-03 16:54,20.00,12.00,70.63,12.65,M,M
LNK,2025-12-03 17:54,15.00,10.00,80.17,5.75,M,M
LNK,2025-12-03 18:54,15.00,9.00,76.66,8.05,M,M
LNK,2025-12-03 19:54,14.00,10.00,83.76,6.90,M,M
LNK,2025-12-03 20:54,14.00,8.00,76.56,6.90,M,M
LNK,2025-12-03 21:42,13.00,8.00,80.00,5.75,2100.00,M
LNK,2025-12-03 21:54,15.00,9.00,76.66,9.20,2100.00,M
LNK,2025-12-03 22:54,15.00,8.00,73.28,10.35,1900.00,M
LNK,2025-12-03 23:54,14.00,8.00,76.56,9.20,1800.00,M
LNK,2025-12-04 00:54,11.00,6.00,79.83,6.90,1800.00,M
LNK,2025-12-04 01:01,11.00,6.00,79.83,6.90,1800.00,M
LNK,2025-12-04 01:54,8.00,4.00,83.33,5.75,1200.00,M
LNK,2025-12-04 02:54,8.00,3.00,79.57,4.60,M,M
LNK,2025-12-04 03:54,5.00,2.00,87.07,3.45,M,M
LNK,2025-12-04 04:54,4.00,0.00,83.03,4.60,M,M
LNK,2025-12-04 05:54,2.00,-1.00,86.90,0.00,M,M
LNK,2025-12-04 06:54,5.00,2.00,87.07,0.00,M,M
LNK,2025-12-04 07:54,5.00,1.00,83.11,0.00,M,M
LNK,2025-12-04 08:54,6.00,3.00,87.13,3.45,M,M
LNK,2025-12-04 09:54,11.00,4.00,72.84,6.90,M,M
LNK,2025-12-04 10:54,15.00,7.00,70.04,13.80,M,M
LNK,2025-12-04 11:54,17.00,8.00,67.18,12.65,M,M
LNK,2025-12-04 12:54,19.00,9.00,64.48,13.80,3800.00,M
LNK,2025-12-04 13:54,21.00,11.00,64.74,13.80,3300.00,M
LNK,2025-12-04 14:54,23.00,12.00,62.20,12.65,M,M
LNK,2025-12-04 15:54,23.00,12.00,62.20,14.95,M,M
LNK,2025-12-04 16:54,22.00,10.00,59.35,11.50,M,M
LNK,2025-12-04 17:54,19.00,10.00,67.43,6.90,M,M
LNK,2025-12-04 18:54,20.00,11.00,67.56,4.60,M,M
LNK,2025-12-04 19:54,16.00,10.00,76.75,8.05,M,M
LNK,2025-12-04 20:54,22.00,13.00,67.81,9.20,M,M
LNK,2025-12-04 21:54,25.00,14.00,62.47,13.80,M,M
LNK,2025-12-04 22:54,27.00,15.00,60.07,14.95,M,M
LNK,2025-12-04 23:54,27.00,15.00,60.07,16.10,M,M
LNK,2025-12-05 00:54,26.00,16.00,65.40,13.80,M,M
LNK,2025-12-05 01:54,26.00,17.00,68.30,12.65,M,M
LNK,2025-12-05 02:54,25.00,17.00,71.20,5.75,M,M
LNK,2025-12-05 03:54,25.00,18.00,74.34,6.90,M,M
LNK,2025-12-05 04:54,24.00,18.00,77.51,5.75,M,M
LNK,2025-12-05 05:54,25.00,20.00,80.99,6.90,M,M
LNK,2025-12-05 06:54,22.00,19.00,88.01,5.75,11000.00,M
LNK,2025-12-05 07:54,22.00,20.00,91.86,5.75,M,M
LNK,2025-12-05 08:54,25.00,22.00,88.17,6.90,10000.00,M
LNK,2025-12-05 09:54,30.00,23.00,74.85,9.20,M,M
LNK,2025-12-05 10:54,35.00,25.00,66.55,6.90,M,M
LNK,2025-12-05 11:54,39.00,27.00,61.75,5.75,M,M
LNK,2025-12-05 12:54,43.00,29.00,57.42,8.05,M,M
LNK,2025-12-05 13:54,45.00,32.00,60.09,12.65,M,M
LNK,2025-12-05 14:54,46.00,32.00,57.85,10.35,M,M
LNK,2025-12-05 15:54,46.00,33.00,60.23,6.90,M,M
LNK,2025-12-05 16:54,43.00,34.00,70.29,3.45,8000.00,M
LNK,2025-12-05 17:54,38.00,32.00,78.76,3.45,8500.00,M
LNK,2025-12-05 18:54,32.00,29.00,88.53,6.90,9000.00,M
LNK,2025-12-05 19:54,35.00,30.00,81.77,8.05,M,M
LNK,2025-12-05 20:54,34.00,30.00,85.10,5.75,3200.00,M
LNK,2025-12-05 21:54,27.00,26.00,95.95,0.00,M,M
LNK,2025-12-05 22:54,25.00,24.00,95.91,0.00,M,M
LNK,2025-12-05 23:54,26.00,26.00,100.00,3.45,M,M
LNK,2025-12-06 00:52,24.80,24.80,100.00,3.45,100.00,M
LNK,2025-12-06 00:54,23.00,23.00,100.00,0.00,100.00,M
LNK,2025-12-06 01:05,25.00,24.00,95.91,0.00,M,M
LNK,2025-12-06 01:54,24.00,23.00,95.89,0.00,M,M
LNK,2025-12-06 02:15,22.00,22.00,100.00,0.00,M,M
LNK,2025-12-06 02:23,22.00,22.00,100.00,0.00,M,M
LNK,2025-12-06 02:37,21.00,21.00,100.00,3.45,M,M
LNK,2025-12-06 02:44,22.00,21.00,95.85,0.00,M,M
LNK,2025-12-06 02:54,22.00,22.00,100.00,0.00,100.00,M
LNK,2025-12-06 02:56,22.00,22.00,100.00,0.00,100.00,M
LNK,2025-12-06 02:58,23.00,22.00,95.87,0.00,100.00,M
LNK,2025-12-06 03:09,23.00,22.00,95.87,3.45,100.00,M
LNK,2025-12-06 03:18,22.00,21.00,95.85,3.45,100.00,M
LNK,2025-12-06 03:22,22.00,22.00,100.00,3.45,100.00,M
LNK,2025-12-06 03:37,21.00,21.00,100.00,0.00,100.00,M
LNK,2025-12-06 03:51,21.20,21.20,100.00,0.00,M,M
LNK,2025-12-06 03:54,22.00,21.00,95.85,0.00,M,M
LNK,2025-12-06 04:01,22.00,21.00,95.85,0.00,M,M
LNK,2025-12-06 04:07,21.00,21.00,100.00,0.00,M,M
LNK,2025-12-06 04:22,22.00,21.00,95.85,3.45,M,M
LNK,2025-12-06 04:36,22.00,21.00,95.85,0.00,200.00,M
LNK,2025-12-06 04:40,22.00,21.00,95.85,0.00,200.00,M
LNK,2025-12-06 04:43,21.00,21.00,100.00,0.00,200.00,M
LNK,2025-12-06 04:54,22.00,20.00,91.86,0.00,200.00,M
LNK,2025-12-06 05:01,22.00,21.00,95.85,0.00,200.00,M
LNK,2025-12-06 05:09,23.00,21.00,91.90,0.00,200.00,M
LNK,2025-12-06 05:13,22.00,21.00,95.85,0.00,M,M
LNK,2025-12-06 05:20,21.00,21.00,100.00,0.00,M,M
LNK,2025-12-06 05:54,20.00,19.00,95.81,0.00,M,M
LNK,2025-12-06 06:54,19.00,18.00,95.79,0.00,M,M
LNK,2025-12-06 07:54,21.00,19.00,91.82,0.00,10000.00,M
LNK,2025-12-06 08:54,25.00,23.00,91.97,3.45,7500.00,M
LNK,2025-12-06 09:54,31.00,29.00,92.18,9.20,7000.00,M
LNK,2025-12-06 10:54,35.00,29.00,78.50,12.65,5000.00,M
LNK,2025-12-06 11:54,35.00,30.00,81.77,11.50,4900.00,M
LNK,2025-12-06 12:54,35.00,31.00,85.16,16.10,5500.00,M
LNK,2025-12-06 13:54,37.00,31.00,78.67,13.80,7500.00,M
LNK,2025-12-06 14:54,37.00,32.00,81.92,9.20,8000.00,M
LNK,2025-12-06 15:54,39.00,33.00,78.84,6.90,9000.00,M
LNK,2025-12-06 16:54,35.00,32.00,88.67,0.00,M,M
LNK,2025-12-06 17:54,33.00,30.00,88.57,0.00,7500.00,M
LNK,2025-12-06 18:54,33.00,31.00,92.25,6.90,4300.00,M
LNK,2025-12-06 19:54,34.00,32.00,92.28,6.90,3300.00,M
LNK,2025-12-06 20:16,34.00,32.00,92.28,5.75,2700.00,M
LNK,2025-12-06 20:54,34.00,31.00,88.62,6.90,2500.00,M
LNK,2025-12-06 21:54,34.00,31.00,88.62,16.10,1200.00,M
LNK,2025-12-06 22:09,34.00,31.00,88.62,17.25,1000.00,M
LNK,2025-12-06 22:54,33.00,31.00,92.25,13.80,1000.00,M
LNK,2025-12-06 23:02,33.00,30.00,88.57,17.25,900.00,M
LNK,2025-12-06 23:54,31.00,28.00,88.48,13.80,700.00,M
LNK,2025-12-07 00:54,29.00,26.00,88.37,19.55,800.00,33.35
LNK,2025-12-07 01:54,28.00,26.00,92.07,19.55,800.00,29.90
LNK,2025-12-07 02:54,28.00,25.00,88.32,17.25,900.00,M
LNK,2025-12-07 03:54,27.00,24.00,88.27,18.40,900.00,M
LNK,2025-12-07 04:54,27.00,24.00,88.27,14.95,800.00,M
LNK,2025-12-07 05:49,26.60,23.00,86.06,11.50,800.00,M
LNK,2025-12-07 05:54,27.00,23.00,84.65,11.50,700.00,M
LNK,2025-12-07 06:04,27.00,22.00,81.15,12.65,1400.00,M
LNK,2025-12-07 06:31,27.00,22.00,81.15,11.50,1300.00,M
LNK,2025-12-07 06:54,26.00,23.00,88.22,13.80,1300.00,M
LNK,2025-12-07 07:51,24.80,21.20,85.95,16.10,900.00,M
LNK,2025-12-07 07:54,25.00,21.00,84.51,14.95,900.00,M
LNK,2025-12-07 08:54,25.00,21.00,84.51,14.95,900.00,M
LNK,2025-12-07 09:09,25.00,20.00,80.99,13.80,1000.00,M
LNK,2025-12-07 09:54,24.00,20.00,84.45,17.25,1100.00,M
LNK,2025-12-07 10:54,24.00,19.00,80.91,12.65,1000.00,M
LNK,2025-12-07 11:54,24.00,18.00,77.51,9.20,1100.00,M
LNK,2025-12-07 12:54,23.00,17.00,77.42,8.05,1200.00,M
LNK,2025-12-07 13:54,24.00,18.00,77.51,4.60,1300.00,M
LNK,2025-12-07 14:54,24.00,18.00,77.51,4.60,1300.00,M
LNK,2025-12-07 15:54,24.00,18.00,77.51,0.00,1300.00,M
LNK,2025-12-07 16:54,23.00,18.00,80.83,0.00,1300.00,M
LNK,2025-12-07 17:54,23.00,18.00,80.83,4.60,1300.00,M
LNK,2025-12-07 18:54,24.00,19.00,80.91,4.60,1300.00,M
LNK,2025-12-07 19:54,24.00,20.00,84.45,6.90,1200.00,M
LNK,2025-12-07 20:54,24.00,20.00,84.45,5.75,1200.00,M
LNK,2025-12-07 21:13,24.00,20.00,84.45,6.90,1200.00,M
LNK,2025-12-07 21:54,24.00,20.00,84.45,10.35,4200.00,M
LNK,2025-12-07 22:09,24.00,20.00,84.45,5.75,1400.00,M
LNK,2025-12-07 22:50,24.80,19.40,79.60,10.35,1200.00,M
LNK,2025-12-07 22:54,24.00,20.00,84.45,8.05,1200.00,M
LNK,2025-12-07 23:54,25.00,20.00,80.99,10.35,3500.00,M
LNK,2025-12-08 00:45,25.00,21.00,84.51,10.35,2800.00,M
LNK,2025-12-08 00:54,25.00,21.00,84.51,10.35,2600.00,M
LNK,2025-12-08 01:47,24.00,20.00,84.45,10.35,1100.00,M
LNK,2025-12-08 01:54,24.00,20.00,84.45,10.35,1100.00,M
LNK,2025-12-08 02:54,26.00,22.00,84.58,10.35,1000.00,M
LNK,2025-12-08 03:03,26.00,22.00,84.58,9.20,900.00,M
LNK,2025-12-08 03:54,26.00,23.00,88.22,10.35,900.00,M
LNK,2025-12-08 04:05,26.00,23.00,88.22,10.35,1000.00,M
LNK,2025-12-08 04:31,26.00,23.00,88.22,10.35,900.00,M
LNK,2025-12-08 04:54,27.00,23.00,84.65,10.35,900.00,M
LNK,2025-12-08 05:54,27.00,24.00,88.27,10.35,800.00,M
LNK,2025-12-08 06:54,28.00,25.00,88.32,9.20,700.00,M
LNK,2025-12-08 07:54,28.00,25.00,88.32,10.35,800.00,M
LNK,2025-12-08 08:54,29.00,26.00,88.37,14.95,700.00,M
LNK,2025-12-08 09:54,29.00,26.00,88.37,10.35,700.00,M
LNK,2025-12-08 10:54,30.00,27.00,88.43,13.80,600.00,M
LNK,2025-12-08 11:54,32.00,27.00,81.54,14.95,700.00,M
LNK,2025-12-08 12:54,33.00,28.00,81.62,16.10,900.00,M
LNK,2025-12-08 13:54,34.00,29.00,81.69,14.95,900.00,M
LNK,2025-12-08 14:08,34.00,29.00,81.69,16.10,1000.00,M
LNK,2025-12-08 14:54,34.00,29.00,81.69,12.65,1000.00,M
LNK,2025-12-08 15:32,36.00,30.00,78.58,12.65,1200.00,M
LNK,2025-12-08 15:54,36.00,30.00,78.58,11.50,M,M
LNK,2025-12-08 16:54,33.00,29.00,85.03,9.20,M,M
LNK,2025-12-08 17:54,32.00,29.00,88.53,6.90,M,M
LNK,2025-12-08 18:54,32.00,29.00,88.53,5.75,M,M
LNK,2025-12-08 19:54,33.00,30.00,88.57,3.45,M,M
LNK,2025-12-08 20:54,33.00,30.00,88.57,0.00,M,M
LNK,2025-12-08 21:54,31.00,29.00,92.18,3.45,M,M
LNK,2025-12-08 22:54,34.00,31.00,88.62,4.60,M,M
LNK,2025-12-08 23:54,32.00,30.00,92.21,5.75,11000.00,M
LNK,2025-12-09 00:54,34.00,30.00,85.10,4.60,10000.00,M
LNK,2025-12-09 01:54,31.00,30.00,96.02,5.75,10000.00,M
LNK,2025-12-09 02:54,32.00,28.00,84.97,4.60,M,M
LNK,2025-12-09 03:54,31.00,27.00,84.90,0.00,M,M
LNK,2025-12-09 04:54,28.00,25.00,88.32,3.45,M,M
LNK,2025-12-09 05:54,25.00,24.00,95.91,8.05,M,M
LNK,2025-12-09 06:54,29.00,26.00,88.37,3.45,M,M
LNK,2025-12-09 07:54,29.00,26.00,88.37,6.90,M,M
LNK,2025-12-09 08:54,32.00,29.00,88.53,5.75,M,M
LNK,2025-12-09 09:54,39.00,31.00,72.73,6.90,M,M
LNK,2025-12-09 10:54,45.00,31.00,57.71,9.20,M,M
LNK,2025-12-09 11:54,50.00,33.00,51.84,11.50,M,M
LNK,2025-12-09 12:54,56.00,33.00,41.59,16.10,M,M
LNK,2025-12-09 13:54,57.00,33.00,40.11,13.80,M,M
LNK,2025-12-09 14:54,59.00,34.00,38.86,13.80,10000.00,M
LNK,2025-12-09 15:54,60.00,35.00,39.03,12.65,12000.00,M
LNK,2025-12-09 16:54,57.00,33.00,40.11,10.35,M,M
LNK,2025-12-09 17:54,53.00,34.00,48.29,9.20,M,M
LNK,2025-12-09 18:54,54.00,33.00,44.73,12.65,M,M
LNK,2025-12-09 19:54,52.00,34.00,50.10,13.80,12000.00,M
LNK,2025-12-09 20:54,56.00,36.00,46.88,11.50,5500.00,34.50
LNK,2025-12-09 21:54,56.00,36.00,46.88,14.95,10000.00,M
LNK,2025-12-09 22:54,54.00,35.00,48.45,24.15,10000.00,40.25
LNK,2025-12-09 23:54,50.00,26.00,38.95,26.45,M,49.45
LNK,2025-12-10 00:54,47.00,26.00,43.58,23.00,M,44.85
LNK,2025-12-10 01:54,44.00,26.00,48.84,25.30,M,49.45
LNK,2025-12-10 02:54,42.00,26.00,52.74,24.15,M,48.30
LNK,2025-12-10 03:54,42.00,24.00,48.52,32.20,M,49.45
LNK,2025-12-10 04:54,40.00,24.00,52.43,26.45,M,52.90
LNK,2025-12-10 05:54,37.00,21.00,51.96,33.35,M,54.05
LNK,2025-12-10 06:54,35.00,20.00,53.90,29.90,M,58.65
LNK,2025-12-10 07:54,32.00,20.00,60.78,25.30,M,50.60
LNK,2025-12-10 08:54,33.00,19.00,55.94,23.00,M,32.20
LNK,2025-12-10 09:54,34.00,18.00,51.48,21.85,M,37.95
LNK,2025-12-10 10:54,35.00,16.00,45.37,20.70,M,39.10
LNK,2025-12-10 11:54,36.00,17.00,45.54,17.25,M,M
LNK,2025-12-10 12:54,37.00,18.00,45.70,13.80,M,M
LNK,2025-12-10 13:54,38.00,16.00,40.30,13.80,M,M
LNK,2025-12-10 14:54,38.00,16.00,40.30,11.50,M,M
LNK,2025-12-10 15:54,38.00,18.00,43.94,6.90,M,M
LNK,2025-12-10 16:54,34.00,19.00,53.74,5.75,12000.00,M
LNK,2025-12-10 17:54,33.00,20.00,58.38,6.90,12000.00,M
LNK,2025-12-10 18:54,32.00,20.00,60.78,6.90,11000.00,M
LNK,2025-12-10 19:54,31.00,21.00,66.04,8.05,11000.00,M
LNK,2025-12-10 20:54,30.00,21.00,68.78,4.60,10000.00,M
LNK,2025-12-10 21:54,30.00,21.00,68.78,4.60,8000.00,M
LNK,2025-12-10 22:54,30.00,22.00,71.76,0.00,8500.00,M
LNK,2025-12-10 23:54,29.00,22.00,74.75,6.90,7500.00,M
LNK,2025-12-11 00:54,30.00,22.00,71.76,5.75,7500.00,M
LNK,2025-12-11 01:54,30.00,22.00,71.76,5.75,7500.00,M
LNK,2025-12-11 02:54,29.00,22.00,74.75,6.90,7500.00,M
LNK,2025-12-11 03:54,27.00,22.00,81.15,6.90,M,M
LNK,2025-12-11 04:54,26.00,22.00,84.58,9.20,11000.00,M
LNK,2025-12-11 05:54,26.00,22.00,84.58,10.35,9000.00,M
LNK,2025-12-11 06:54,27.00,21.00,77.78,6.90,8500.00,M
LNK,2025-12-11 07:54,28.00,22.00,77.88,10.35,12000.00,M
LNK,2025-12-11 08:54,29.00,21.00,71.65,10.35,11000.00,M
LNK,2025-12-11 09:54,31.00,22.00,68.90,6.90,12000.00,M
LNK,2025-12-11 10:54,32.00,23.00,69.02,8.05,11000.00,M
LNK,2025-12-11 11:54,33.00,23.00,66.30,6.90,M,M
LNK,2025-12-11 12:54,35.00,24.00,63.82,6.90,M,M
LNK,2025-12-11 13:54,38.00,25.00,59.11,10.35,M,M
LNK,2025-12-11 14:54,37.00,26.00,64.09,6.90,M,M
LNK,2025-12-11 15:54,37.00,26.00,64.09,9.20,M,M
LNK,2025-12-11 16:54,33.00,25.00,72.09,6.90,M,M
LNK,2025-12-11 17:54,31.00,24.00,74.95,5.75,M,M
LNK,2025-12-11 18:54,28.00,23.00,81.23,6.90,M,M
LNK,2025-12-11 19:54,29.00,23.00,77.97,5.75,M,M
LNK,2025-12-11 20:54,26.00,22.00,84.58,6.90,M,M
LNK,2025-12-11 21:54,26.00,22.00,84.58,8.05,M,M
LNK,2025-12-11 22:54,28.00,24.00,84.71,5.75,2600.00,M
LNK,2025-12-11 23:04,28.00,24.00,84.71,6.90,2600.00,M
LNK,2025-12-11 23:21,28.00,24.00,84.71,6.90,2700.00,M
LNK,2025-12-11 23:36,28.00,24.00,84.71,10.35,2800.00,M
LNK,2025-12-11 23:54,28.00,24.00,84.71,10.35,2600.00,M
LNK,2025-12-12 00:40,28.00,23.00,81.23,8.05,2000.00,M
LNK,2025-12-12 00:54,28.00,22.00,77.88,8.05,3100.00,M
LNK,2025-12-12 01:54,27.00,22.00,81.15,9.20,4000.00,M
LNK,2025-12-12 02:54,28.00,22.00,77.88,4.60,4300.00,M
LNK,2025-12-12 03:54,28.00,23.00,81.23,9.20,11000.00,M
LNK,2025-12-12 04:54,28.00,23.00,81.23,9.20,12000.00,M
LNK,2025-12-12 05:54,27.00,23.00,84.65,5.75,4700.00,M
LNK,2025-12-12 06:54,27.00,23.00,84.65,5.75,M,M
LNK,2025-12-12 07:54,27.00,23.00,84.65,0.00,M,M
LNK,2025-12-12 08:20,28.00,24.00,84.71,3.45,2200.00,M
LNK,2025-12-12 08:54,29.00,24.00,81.31,5.75,2000.00,M
LNK,2025-12-12 09:08,29.00,24.00,81.31,4.60,1800.00,M
LNK,2025-12-12 09:29,30.00,24.00,78.06,10.35,1400.00,M
LNK,2025-12-12 09:54,30.00,25.00,81.39,8.05,1400.00,M
LNK,2025-12-12 10:54,31.00,25.00,78.15,10.35,1300.00,M
LNK,2025-12-12 11:39,32.00,24.00,71.98,16.10,1500.00,M
LNK,2025-12-12 11:54,31.00,24.00,74.95,11.50,1600.00,M
LNK,2025-12-12 12:54,31.00,24.00,74.95,13.80,1500.00,M
LNK,2025-12-12 13:07,31.00,24.00,74.95,17.25,1400.00,M
LNK,2025-12-12 13:17,30.00,23.00,74.85,16.10,1500.00,M
LNK,2025-12-12 13:45,31.00,22.00,68.90,17.25,1900.00,M
LNK,2025-12-12 13:54,30.00,22.00,71.76,16.10,1900.00,M
LNK,2025-12-12 14:54,31.00,22.00,68.90,13.80,2100.00,M
LNK,2025-12-12 15:54,30.00,23.00,74.85,16.10,1900.00,M
LNK,2025-12-12 16:01,30.00,23.00,74.85,19.55,1800.00,M
LNK,2025-12-12 16:23,28.00,22.00,77.88,21.85,1400.00,M
LNK,2025-12-12 16:54,25.00,20.00,80.99,14.95,1200.00,M
LNK,2025-12-12 17:46,23.00,16.00,74.13,14.95,1600.00,M
LNK,2025-12-12 17:54,23.00,16.00,74.13,16.10,1600.00,M
LNK,2025-12-12 18:33,22.00,15.00,74.03,16.10,1800.00,M
LNK,2025-12-12 18:54,21.00,13.00,70.74,14.95,5000.00,M
LNK,2025-12-12 19:54,21.00,12.00,67.68,12.65,2200.00,M
LNK,2025-12-12 20:13,20.00,12.00,70.63,13.80,2200.00,M
LNK,2025-12-12 20:54,19.00,12.00,73.71,13.80,2000.00,M
LNK,2025-12-12 21:01,18.00,10.00,70.39,16.10,1800.00,M
LNK,2025-12-12 21:11,18.00,9.00,67.31,12.65,1900.00,M
LNK,2025-12-12 21:26,18.00,8.00,64.34,10.35,2100.00,M
LNK,2025-12-12 21:54,18.00,8.00,64.34,12.65,2900.00,M
LNK,2025-12-12 22:54,17.00,8.00,67.18,10.35,3700.00,M
LNK,2025-12-12 23:54,17.00,8.00,67.18,9.20,3500.00,M
LNK,2025-12-13 00:54,17.00,8.00,67.18,11.50,3300.00,M
LNK,2025-12-13 01:50,15.80,10.40,78.82,10.35,1700.00,M
LNK,2025-12-13 01:54,16.00,8.00,70.16,9.20,1700.00,M
LNK,2025-12-13 02:10,16.00,8.00,70.16,9.20,1700.00,M
LNK,2025-12-13 02:46,16.00,9.00,73.39,6.90,1700.00,M
LNK,2025-12-13 02:54,16.00,9.00,73.39,8.05,1700.00,M
LNK,2025-12-13 03:11,16.00,7.00,67.05,8.05,1800.00,M
LNK,2025-12-13 03:54,16.00,7.00,67.05,11.50,2600.00,M
LNK,2025-12-13 04:54,15.00,5.00,63.93,11.50,2500.00,M
LNK,2025-12-13 05:54,14.00,4.00,63.80,11.50,2600.00,M
LNK,2025-12-13 06:54,14.00,5.00,66.79,12.65,2400.00,M
LNK,2025-12-13 07:54,13.00,4.00,66.67,11.50,2200.00,M
LNK,2025-12-13 08:38,12.00,8.00,83.62,13.80,1600.00,M
LNK,2025-12-13 08:54,12.00,8.00,83.62,11.50,1300.00,M
LNK,2025-12-13 09:04,12.00,8.00,83.62,9.20,1200.00,M
LNK,2025-12-13 09:09,12.00,9.00,87.47,10.35,1200.00,M
LNK,2025-12-13 09:25,12.00,9.00,87.47,10.35,1100.00,M
LNK,2025-12-13 09:36,13.00,8.00,80.00,13.80,1000.00,M
LNK,2025-12-13 09:46,13.00,9.00,83.69,12.65,1200.00,M
LNK,2025-12-13 09:54,13.00,9.00,83.69,12.65,1300.00,M
LNK,2025-12-13 09:59,13.00,9.00,83.69,13.80,900.00,M
LNK,2025-12-13 10:10,13.00,9.00,83.69,14.95,900.00,M
LNK,2025-12-13 10:20,13.00,8.00,80.00,14.95,1300.00,M
LNK,2025-12-13 10:26,13.00,9.00,83.69,10.35,800.00,M
LNK,2025-12-13 10:32,13.00,9.00,83.69,11.50,1000.00,M
LNK,2025-12-13 10:39,13.00,9.00,83.69,11.50,1000.00,M
LNK,2025-12-13 10:49,12.20,8.60,85.15,10.35,1000.00,M
LNK,2025-12-13 10:54,13.00,9.00,83.69,11.50,1300.00,M
LNK,2025-12-13 11:10,13.00,9.00,83.69,14.95,1500.00,M
LNK,2025-12-13 11:32,14.00,9.00,80.09,12.65,1500.00,M
LNK,2025-12-13 11:44,13.00,8.00,80.00,17.25,1300.00,M
LNK,2025-12-13 11:54,13.00,8.00,80.00,16.10,1300.00,M
LNK,2025-12-13 12:01,13.00,8.00,80.00,16.10,1500.00,M
LNK,2025-12-13 12:08,12.00,8.00,83.62,18.40,1500.00,M
LNK,2025-12-13 12:33,12.00,7.00,79.92,19.55,1500.00,M
LNK,2025-12-13 12:54,12.00,6.00,76.36,19.55,1600.00,M
LNK,2025-12-13 13:22,13.00,7.00,76.46,17.25,1800.00,M
LNK,2025-12-13 13:41,13.00,5.00,69.80,13.80,1800.00,M
LNK,2025-12-13 13:52,12.20,3.20,66.56,12.65,1800.00,M
LNK,2025-12-13 13:54,13.00,4.00,66.67,12.65,1800.00,M
LNK,2025-12-13 14:54,14.00,5.00,66.79,17.25,2200.00,M
LNK,2025-12-13 15:06,14.00,6.00,69.92,19.55,2000.00,M
LNK,2025-12-13 15:19,15.00,5.00,63.93,17.25,2100.00,M
LNK,2025-12-13 15:54,14.00,3.00,60.92,13.80,M,M
LNK,2025-12-13 16:54,12.00,4.00,69.68,10.35,1600.00,M
LNK,2025-12-13 17:54,9.00,3.00,76.07,10.35,M,M
LNK,2025-12-13 18:54,6.00,1.00,79.40,6.90,M,M
LNK,2025-12-13 19:54,6.00,1.00,79.40,5.75,M,M
LNK,2025-12-13 20:54,8.00,2.00,75.97,8.05,M,M
LNK,2025-12-13 21:54,7.00,1.00,75.86,5.75,M,M
LNK,2025-12-13 22:54,7.00,0.00,72.39,5.75,M,M
LNK,2025-12-13 23:54,6.00,0.00,75.76,5.75,M,M
LNK,2025-12-14 00:54,5.00,-1.00,75.66,4.60,M,M
LNK,2025-12-14 01:54,5.00,-1.00,75.66,4.60,M,M
LNK,2025-12-14 02:54,4.00,-2.00,75.56,6.90,M,M
LNK,2025-12-14 03:54,3.00,-2.00,79.13,0.00,M,M
LNK,2025-12-14 04:54,4.00,-1.00,79.22,4.60,M,M
LNK,2025-12-14 05:54,3.00,-2.00,79.13,4.60,M,M
LNK,2025-12-14 06:54,3.00,-2.00,79.13,3.45,M,M
LNK,2025-12-14 07:54,0.00,-5.00,78.85,3.45,M,M
LNK,2025-12-14 08:54,5.00,0.00,79.31,0.00,M,M
LNK,2025-12-14 09:54,9.00,2.00,72.62,5.75,M,M
LNK,2025-12-14 10:54,13.00,3.00,63.66,8.05,M,M
LNK,2025-12-14 11:54,17.00,2.00,51.03,12.65,M,M
LNK,2025-12-14 12:54,20.00,2.00,44.86,13.80,M,M
LNK,2025-12-14 13:54,23.00,3.00,41.38,16.10,M,M
LNK,2025-12-14 14:54,24.00,3.00,39.68,16.10,M,M
LNK,2025-12-14 15:54,24.00,4.00,41.56,23.00,M,31.05
LNK,2025-12-14 16:54,23.00,6.00,47.50,13.80,M,M
LNK,2025-12-14 17:54,21.00,6.00,51.69,11.50,M,M
LNK,2025-12-14 18:54,20.00,6.00,53.93,11.50,M,M
LNK,2025-12-14 19:54,20.00,7.00,56.44,11.50,M,M
LNK,2025-12-14 20:54,21.00,7.00,54.09,17.25,M,M
LNK,2025-12-14 21:54,22.00,8.00,54.25,16.10,M,M
LNK,2025-12-14 22:54,23.00,8.00,52.01,14.95,M,M
LNK,2025-12-14 23:54,22.00,9.00,56.75,16.10,M,M
LNK,2025-12-15 00:54,23.00,10.00,56.90,14.95,M,M
LNK,2025-12-15 01:54,23.00,11.00,59.50,14.95,M,M
LNK,2025-12-15 02:54,23.00,11.00,59.50,14.95,M,M
LNK,2025-12-15 03:54,24.00,12.00,59.64,9.20,M,M
LNK,2025-12-15 04:54,25.00,13.00,59.79,11.50,M,M
LNK,2025-12-15 05:54,25.00,14.00,62.47,12.65,M,M
LNK,2025-12-15 06:54,25.00,15.00,65.27,10.35,M,M
LNK,2025-12-15 07:54,25.00,16.00,68.18,9.20,M,M
LNK,2025-12-15 08:54,28.00,18.00,65.66,11.50,M,M
LNK,2025-12-15 09:54,32.00,19.00,58.24,16.10,M,M
LNK,2025-12-15 10:54,36.00,21.00,54.05,13.80,M,M
LNK,2025-12-15 11:54,42.00,23.00,46.52,9.20,M,M
LNK,2025-12-15 12:54,45.00,24.00,43.25,6.90,M,M
LNK,2025-12-15 13:54,49.00,25.00,38.79,8.05,M,M
LNK,2025-12-15 14:54,51.00,25.00,36.01,6.90,M,M
LNK,2025-12-15 15:54,50.00,26.00,38.95,4.60,M,M
LNK,2025-12-15 16:54,44.00,25.00,46.85,5.75,M,M
LNK,2025-12-15 17:54,35.00,23.00,61.20,3.45,M,M
LNK,2025-12-15 18:54,30.00,22.00,71.76,4.60,M,M
LNK,2025-12-15 19:54,32.00,22.00,66.17,4.60,M,M
LNK,2025-12-15 20:54,32.00,23.00,69.02,0.00,M,M
LNK,2025-12-15 21:54,28.00,22.00,77.88,4.60,M,M
LNK,2025-12-15 22:54,26.00,22.00,84.58,4.60,M,M
LNK,2025-12-15 23:54,26.00,21.00,81.07,0.00,M,M
LNK,2025-12-16 00:54,24.00,20.00,84.45,3.45,M,M
LNK,2025-12-16 01:54,22.00,20.00,91.86,5.75,M,M
LNK,2025-12-16 02:54,24.00,21.00,88.12,0.00,M,M
LNK,2025-12-16 03:54,20.00,18.00,91.79,4.60,M,M
LNK,2025-12-16 04:54,22.00,19.00,88.01,5.75,M,M
LNK,2025-12-16 05:54,23.00,20.00,88.07,0.00,M,M
LNK,2025-12-16 06:54,19.00,17.00,91.75,6.90,M,M
LNK,2025-12-16 07:54,24.00,21.00,88.12,0.00,M,M
LNK,2025-12-16 08:54,29.00,24.00,81.31,9.20,M,M
LNK,2025-12-16 09:54,36.00,29.00,75.44,9.20,M,M
LNK,2025-12-16 10:54,44.00,30.00,57.57,M,M,M
LNK,2025-12-16 11:54,50.00,29.00,44.08,4.60,M,M
LNK,2025-12-16 12:54,56.00,27.00,32.57,10.35,M,M
LNK,2025-12-16 13:54,60.00,26.00,27.07,8.05,M,M
LNK,2025-12-16 14:54,59.00,26.00,28.06,4.60,M,M
LNK,2025-12-16 15:54,58.00,27.00,30.31,4.60,M,M
LNK,2025-12-16 16:54,49.00,26.00,40.43,6.90,M,M
LNK,2025-12-16 17:54,45.00,25.00,45.10,0.00,M,M
LNK,2025-12-16 18:54,41.00,24.00,50.43,0.00,M,M
LNK,2025-12-16 19:54,34.00,24.00,66.42,0.00,M,M
LNK,2025-12-16 20:54,31.00,23.00,71.87,0.00,M,M
LNK,2025-12-16 21:54,30.00,23.00,74.85,5.75,M,M
LNK,2025-12-16 22:54,30.00,23.00,74.85,0.00,M,M
LNK,2025-12-16 23:54,30.00,23.00,74.85,0.00,M,M
LNK,2025-12-17 00:54,30.00,23.00,74.85,0.00,M,M
LNK,2025-12-17 01:54,26.00,21.00,81.07,0.00,M,M
LNK,2025-12-17 02:54,27.00,23.00,84.65,3.45,M,M
LNK,2025-12-17 03:54,26.00,22.00,84.58,4.60,M,M
LNK,2025-12-17 04:54,27.00,22.00,81.15,0.00,M,M
LNK,2025-12-17 05:54,26.00,22.00,84.58,0.00,M,M
LNK,2025-12-17 06:54,26.00,22.00,84.58,3.45,M,M
LNK,2025-12-17 07:54,26.00,22.00,84.58,5.75,M,M
LNK,2025-12-17 08:54,30.00,26.00,84.84,5.75,M,M
LNK,2025-12-17 09:54,37.00,28.00,69.60,9.20,M,M
LNK,2025-12-17 10:54,48.00,30.00,49.48,8.05,M,M
LNK,2025-12-17 11:54,52.00,29.00,40.93,9.20,M,M
LNK,2025-12-17 12:54,55.00,30.00,38.20,16.10,M,M
LNK,2025-12-17 13:54,54.00,32.00,42.96,12.65,M,M
LNK,2025-12-17 14:54,55.00,32.00,41.43,13.80,M,M
LNK,2025-12-17 15:54,53.00,32.00,44.57,13.80,M,M
LNK,2025-12-17 16:54,51.00,32.00,47.98,16.10,M,M
LNK,2025-12-17 17:54,47.00,32.00,55.71,13.80,M,M
LNK,2025-12-17 18:54,48.00,34.00,58.14,21.85,M,32.20
LNK,2025-12-17 19:54,47.00,37.00,68.01,14.95,M,M
LNK,2025-12-17 20:54,49.00,40.00,70.96,17.25,M,M
LNK,2025-12-17 21:54,49.00,41.00,73.76,21.85,M,31.05
LNK,2025-12-17 22:54,49.00,44.00,82.79,24.15,1500.00,36.80
LNK,2025-12-17 23:32,50.00,45.00,82.86,32.20,1500.00,40.25
LNK,2025-12-17 23:54,50.00,44.00,79.76,19.55,1700.00,42.55
LNK,2025-12-18 00:07,51.00,44.00,76.85,12.65,1700.00,M
LNK,2025-12-18 00:17,50.00,44.00,79.76,17.25,2200.00,M
LNK,2025-12-18 00:54,49.00,44.00,82.79,12.65,9500.00,M
LNK,2025-12-18 01:54,48.00,44.00,85.95,10.35,6000.00,M
LNK,2025-12-18 02:27,48.00,44.00,85.95,12.65,2600.00,M
LNK,2025-12-18 02:40,46.00,40.00,79.43,28.75,2100.00,55.20
LNK,2025-12-18 02:51,44.60,39.20,81.20,29.90,2100.00,55.20
LNK,2025-12-18 02:54,44.00,39.00,82.43,28.75,2500.00,55.20
LNK,2025-12-18 03:54,43.00,39.00,85.65,19.55,2600.00,35.65
LNK,2025-12-18 04:54,43.00,36.00,76.11,8.05,6000.00,34.50
LNK,2025-12-18 05:54,40.00,35.00,82.14,0.00,12000.00,M
LNK,2025-12-18 06:54,38.00,32.00,78.76,10.35,M,M
LNK,2025-12-18 07:54,37.00,32.00,81.92,13.80,M,M
LNK,2025-12-18 08:54,40.00,30.00,67.16,16.10,M,M
LNK,2025-12-18 09:54,36.00,27.00,69.49,28.75,2800.00,49.45
LNK,2025-12-18 10:54,30.00,14.00,50.84,32.20,6000.00,56.35
LNK,2025-12-18 11:54,26.00,9.00,48.00,28.75,4100.00,60.95
LNK,2025-12-18 12:54,24.00,9.00,52.17,35.65,2700.00,49.45
LNK,2025-12-18 13:54,25.00,7.00,45.71,25.30,3700.00,49.45
LNK,2025-12-18 14:54,24.00,7.00,47.66,29.90,3700.00,47.15
LNK,2025-12-18 15:54,25.00,8.00,47.83,25.30,3800.00,48.30
LNK,2025-12-18 16:54,26.00,10.00,50.20,16.10,M,39.10
LNK,2025-12-18 17:54,27.00,12.00,52.65,13.80,M,M
LNK,2025-12-18 18:54,28.00,9.00,44.19,23.00,M,33.35
LNK,2025-12-18 19:54,27.00,7.00,42.07,17.25,M,34.50
LNK,2025-12-18 20:54,26.00,3.00,36.51,14.95,M,M
LNK,2025-12-18 21:54,24.00,4.00,41.56,13.80,M,M
LNK,2025-12-18 22:54,23.00,3.00,41.38,11.50,M,M
LNK,2025-12-18 23:54,21.00,3.00,45.03,5.75,M,M
LNK,2025-12-19 00:54,20.00,3.00,46.99,4.60,M,M
LNK,2025-12-19 01:54,18.00,3.00,51.20,5.75,M,M
LNK,2025-12-19 02:54,18.00,4.00,53.61,4.60,M,M
LNK,2025-12-19 03:54,12.00,5.00,72.95,4.60,M,M
LNK,2025-12-19 04:54,15.00,6.00,66.92,0.00,M,M
LNK,2025-12-19 05:54,15.00,7.00,70.04,3.45,M,M
LNK,2025-12-19 06:54,14.00,7.00,73.17,4.60,M,M
LNK,2025-12-19 07:54,14.00,7.00,73.17,6.90,M,M
LNK,2025-12-19 08:54,21.00,10.00,61.92,5.75,M,M
LNK,2025-12-19 09:54,27.00,6.00,40.20,10.35,M,M
LNK,2025-12-19 10:54,33.00,7.00,32.95,19.55,M,M
LNK,2025-12-19 11:54,37.00,12.00,35.17,17.25,M,M
LNK,2025-12-19 12:54,41.00,16.00,35.85,26.45,M,44.85
LNK,2025-12-19 13:54,43.00,17.00,34.66,29.90,M,40.25
LNK,2025-12-19 14:54,45.00,18.00,33.53,32.20,M,44.85
LNK,2025-12-19 15:54,45.00,19.00,35.00,20.70,M,40.25
LNK,2025-12-19 16:54,42.00,19.00,39.26,12.65,M,31.05
LNK,2025-12-19 17:54,40.00,19.00,42.42,12.65,M,M
LNK,2025-12-19 18:54,37.00,20.00,49.79,11.50,M,M
LNK,2025-12-19 19:54,43.00,20.00,39.43,17.25,M,M
LNK,2025-12-19 20:54,43.00,21.00,41.14,16.10,M,M
LNK,2025-12-19 21:54,43.00,20.00,39.43,14.95,M,M
LNK,2025-12-19 22:54,44.00,21.00,39.59,17.25,M,M
LNK,2025-12-19 23:54,44.00,21.00,39.59,19.55,M,29.90
LNK,2025-12-20 00:54,45.00,20.00,36.53,16.10,M,M
LNK,2025-12-20 01:54,47.00,20.00,33.86,13.80,M,M
LNK,2025-12-20 02:54,46.00,20.00,35.17,8.05,M,29.90
LNK,2025-12-20 03:54,43.00,21.00,41.14,6.90,M,M
LNK,2025-12-20 04:54,40.00,25.00,54.66,5.75,M,M
LNK,2025-12-20 05:54,43.00,28.00,55.11,16.10,M,M
LNK,2025-12-20 06:54,42.00,26.00,52.74,16.10,M,M
LNK,2025-12-20 07:54,39.00,27.00,61.75,13.80,M,M
LNK,2025-12-20 08:54,41.00,28.00,59.53,13.80,M,M
LNK,2025-12-20 09:54,41.00,20.00,42.59,19.55,M,M
LNK,2025-12-20 10:54,42.00,17.00,36.02,19.55,M,M
LNK,2025-12-20 11:54,44.00,16.00,31.94,16.10,M,M
LNK,2025-12-20 12:54,44.00,16.00,31.94,10.35,M,M
LNK,2025-12-20 13:54,47.00,16.00,28.50,10.35,M,M
LNK,2025-12-20 14:54,47.00,15.00,27.29,9.20,M,M
LNK,2025-12-20 15:54,44.00,14.00,29.27,5.75,M,M
LNK,2025-12-20 16:54,39.00,15.00,37.10,3.45,M,M
LNK,2025-12-20 17:54,31.00,15.00,51.01,0.00,M,M
LNK,2025-12-20 18:54,26.00,15.00,62.61,0.00,M,M
LNK,2025-12-20 19:54,26.00,16.00,65.40,0.00,M,M
LNK,2025-12-20 20:54,20.00,14.00,77.14,0.00,M,M
LNK,2025-12-20 21:54,26.00,16.00,65.40,3.45,M,M
LNK,2025-12-20 22:54,23.00,15.00,70.97,0.00,M,M
LNK,2025-12-20 23:54,19.00,13.00,77.04,0.00,M,M
LNK,2025-12-21 00:54,21.00,15.00,77.23,0.00,M,M
LNK,2025-12-21 01:54,26.00,16.00,65.40,0.00,M,M
LNK,2025-12-21 02:54,18.00,14.00,84.04,4.60,M,M
LNK,2025-12-21 03:54,22.00,16.00,77.32,0.00,M,M
LNK,2025-12-21 04:54,22.00,15.00,74.03,3.45,M,M
LNK,2025-12-21 05:54,21.00,16.00,80.67,5.75,M,M
LNK,2025-12-21 06:54,24.00,18.00,77.51,4.60,M,M
LNK,2025-12-21 07:54,24.00,18.00,77.51,0.00,M,M
LNK,2025-12-21 08:54,26.00,21.00,81.07,9.20,M,M
LNK,2025-12-21 09:54,37.00,21.00,51.96,14.95,M,M
LNK,2025-12-21 10:54,44.00,19.00,36.36,17.25,M,M
LNK,2025-12-21 11:54,45.00,18.00,33.53,18.40,M,29.90
LNK,2025-12-21 12:54,47.00,14.00,26.12,20.70,M,31.05
LNK,2025-12-21 13:54,49.00,12.00,22.19,16.10,M,29.90
LNK,2025-12-21 14:54,49.00,11.00,21.22,17.25,M,M
LNK,2025-12-21 15:54,47.00,14.00,26.12,13.80,M,M
LNK,2025-12-21 16:54,39.00,14.00,35.51,9.20,M,M
LNK,2025-12-21 17:54,34.00,14.00,43.27,8.05,M,M
LNK,2025-12-21 18:54,30.00,15.00,53.12,9.20,M,M
LNK,2025-12-21 19:54,34.00,16.00,47.22,11.50,M,M
LNK,2025-12-21 20:54,36.00,15.00,41.74,10.35,M,M
LNK,2025-12-21 21:54,39.00,16.00,38.75,11.50,M,M
LNK,2025-12-21 22:54,39.00,17.00,40.47,11.50,M,M
LNK,2025-12-21 23:54,37.00,18.00,45.70,11.50,M,M
LNK,2025-12-22 00:54,39.00,19.00,44.11,14.95,M,M
LNK,2025-12-22 01:54,36.00,18.00,47.54,10.35,M,M
LNK,2025-12-22 02:54,33.00,19.00,55.94,4.60,M,M
LNK,2025-12-22 03:54,31.00,18.00,58.09,9.20,M,M
LNK,2025-12-22 04:54,30.00,19.00,63.16,5.75,M,M
LNK,2025-12-22 05:54,29.00,19.00,65.79,8.05,M,M
LNK,2025-12-22 06:54,30.00,20.00,65.92,9.20,M,M
LNK,2025-12-22 07:54,33.00,24.00,69.14,9.20,M,M
LNK,2025-12-22 08:54,39.00,28.00,64.35,9.20,M,M
LNK,2025-12-22 09:54,45.00,33.00,62.56,14.95,M,M
LNK,2025-12-22 10:54,48.00,35.00,60.51,19.55,M,M
LNK,2025-12-22 11:54,52.00,36.00,54.25,17.25,M,M
LNK,2025-12-22 12:54,56.00,38.00,50.72,14.95,M,M
LNK,2025-12-22 13:54,58.00,38.00,47.19,16.10,M,M
LNK,2025-12-22 14:54,59.00,39.00,47.35,16.10,M,M
LNK,2025-12-22 15:54,59.00,40.00,49.24,14.95,M,M
LNK,2025-12-22 16:54,55.00,39.00,54.70,8.05,M,M
LNK,2025-12-22 17:54,49.00,37.00,63.09,4.60,M,M
LNK,2025-12-22 18:54,48.00,38.00,68.12,6.90,M,M
LNK,2025-12-22 19:54,46.00,38.00,73.46,4.60,M,M
LNK,2025-12-22 20:54,42.00,37.00,82.29,0.00,M,M
LNK,2025-12-22 21:54,40.00,36.00,85.47,0.00,M,M
LNK,2025-12-22 22:54,38.00,35.00,88.82,4.60,M,M
LNK,2025-12-22 23:54,39.00,35.00,85.41,0.00,M,M
LNK,2025-12-23 00:54,37.00,34.00,88.77,8.05,M,M
LNK,2025-12-23 01:54,37.00,33.00,85.28,0.00,M,M
LNK,2025-12-23 02:54,37.00,33.00,85.28,0.00,M,M
LNK,2025-12-23 03:54,31.00,30.00,96.02,3.45,M,M
LNK,2025-12-23 04:54,32.00,30.00,92.21,6.90,M,M
LNK,2025-12-23 05:54,34.00,30.00,85.10,3.45,M,M
LNK,2025-12-23 06:54,34.00,30.00,85.10,0.00,M,M
LNK,2025-12-23 07:54,30.00,27.00,88.43,0.00,M,M
LNK,2025-12-23 08:54,32.00,29.00,88.53,0.00,M,M
LNK,2025-12-23 09:54,42.00,32.00,67.41,0.00,M,M
LNK,2025-12-23 10:54,48.00,33.00,55.86,10.35,M,M
LNK,2025-12-23 11:54,51.00,33.00,49.95,8.05,M,M
LNK,2025-12-23 12:54,52.00,33.00,48.14,3.45,M,M
LNK,2025-12-23 13:54,55.00,34.00,44.89,4.60,M,M
LNK,2025-12-23 14:54,56.00,34.00,43.29,6.90,M,M
LNK,2025-12-23 15:54,54.00,35.00,48.45,8.05,M,M
LNK,2025-12-23 16:54,46.00,33.00,60.23,8.05,M,M
LNK,2025-12-23 17:54,44.00,33.00,64.99,9.20,M,M
LNK,2025-12-23 18:54,39.00,32.00,75.73,8.05,M,M
LNK,2025-12-23 19:54,39.00,32.00,75.73,3.45,M,M
LNK,2025-12-23 20:54,39.00,32.00,75.73,3.45,M,M
LNK,2025-12-23 21:54,37.00,31.00,78.67,4.60,M,M
LNK,2025-12-23 22:54,37.00,31.00,78.67,0.00,M,M
LNK,2025-12-23 23:54,32.00,29.00,88.53,5.75,M,M
LNK,2025-12-24 00:54,36.00,31.00,81.84,3.45,M,M
LNK,2025-12-24 01:35,37.00,33.00,85.28,4.60,1000.00,M
LNK,2025-12-24 01:54,38.00,33.00,81.99,0.00,1000.00,M
LNK,2025-12-24 02:54,40.00,33.00,75.83,0.00,1500.00,M
LNK,2025-12-24 03:54,43.00,35.00,73.15,4.60,1500.00,M
LNK,2025-12-24 04:33,44.00,35.00,70.40,4.60,900.00,M
LNK,2025-12-24 04:54,44.00,35.00,70.40,4.60,900.00,M
LNK,2025-12-24 05:54,44.00,38.00,79.27,3.45,800.00,M
LNK,2025-12-24 06:54,44.00,41.00,89.10,6.90,600.00,M
LNK,2025-12-24 07:23,43.00,41.00,92.58,0.00,500.00,M
LNK,2025-12-24 07:30,43.00,42.00,96.23,0.00,400.00,M
LNK,2025-12-24 07:54,42.00,42.00,100.00,0.00,200.00,M
LNK,2025-12-24 08:14,41.00,40.00,96.19,6.90,200.00,M
LNK,2025-12-24 08:25,41.00,40.00,96.19,4.60,200.00,M
LNK,2025-12-24 08:54,42.00,41.00,96.21,0.00,200.00,M
LNK,2025-12-24 09:54,43.00,43.00,100.00,0.00,200.00,M
LNK,2025-12-24 10:54,44.00,44.00,100.00,5.75,200.00,M
LNK,2025-12-24 11:14,45.00,45.00,100.00,6.90,200.00,M
LNK,2025-12-24 11:54,46.00,46.00,100.00,4.60,200.00,M
LNK,2025-12-24 12:30,47.00,47.00,100.00,5.75,200.00,M
LNK,2025-12-24 12:38,47.00,47.00,100.00,5.75,200.00,M
LNK,2025-12-24 12:54,47.00,46.00,96.29,3.45,300.00,M
LNK,2025-12-24 13:27,48.00,47.00,96.31,5.75,300.00,M
LNK,2025-12-24 13:54,49.00,47.00,92.77,3.45,300.00,M
LNK,2025-12-24 14:54,49.00,47.00,92.77,0.00,400.00,M
LNK,2025-12-24 15:54,49.00,47.00,92.77,4.60,400.00,M
LNK,2025-12-24 16:54,48.00,47.00,96.31,3.45,300.00,M
LNK,2025-12-24 17:44,48.00,47.00,96.31,6.90,200.00,M
LNK,2025-12-24 17:54,48.00,47.00,96.31,8.05,200.00,M
LNK,2025-12-24 18:36,48.00,47.00,96.31,3.45,200.00,M
LNK,2025-12-24 18:46,48.00,47.00,96.31,4.60,200.00,M
LNK,2025-12-24 18:54,48.00,47.00,96.31,4.60,200.00,M
LNK,2025-12-24 19:21,47.00,47.00,100.00,6.90,100.00,M
LNK,2025-12-24 19:54,47.00,46.00,96.29,3.45,100.00,M
LNK,2025-12-24 20:04,46.00,46.00,100.00,5.75,100.00,M
LNK,2025-12-24 20:41,46.00,46.00,100.00,0.00,200.00,M
LNK,2025-12-24 20:54,46.00,46.00,100.00,3.45,200.00,M
LNK,2025-12-24 21:54,45.00,45.00,100.00,3.45,200.00,M
LNK,2025-12-24 22:07,45.00,45.00,100.00,5.75,200.00,M
LNK,2025-12-24 22:54,45.00,45.00,100.00,0.00,200.00,M
LNK,2025-12-24 23:15,44.00,44.00,100.00,0.00,100.00,M
LNK,2025-12-24 23:31,44.00,44.00,100.00,0.00,200.00,M
LNK,2025-12-24 23:39,44.00,44.00,100.00,0.00,100.00,M
LNK,2025-12-24 23:54,44.00,43.00,96.24,3.45,200.00,M
LNK,2025-12-25 00:01,43.00,43.00,100.00,3.45,200.00,M
LNK,2025-12-25 00:13,43.00,43.00,100.00,0.00,200.00,M
LNK,2025-12-25 00:31,43.00,43.00,100.00,3.45,200.00,M
LNK,2025-12-25 00:54,43.00,43.00,100.00,0.00,200.00,M
LNK,2025-12-25 01:54,43.00,42.00,96.23,0.00,200.00,M
LNK,2025-12-25 02:21,43.00,43.00,100.00,0.00,200.00,M
LNK,2025-12-25 02:54,43.00,42.00,96.23,0.00,200.00,M
LNK,2025-12-25 03:54,43.00,42.00,96.23,4.60,200.00,M
LNK,2025-12-25 04:42,44.00,44.00,100.00,6.90,200.00,M
LNK,2025-12-25 04:54,44.00,44.00,100.00,5.75,200.00,M
LNK,2025-12-25 05:11,44.00,44.00,100.00,9.20,200.00,M
LNK,2025-12-25 05:54,42.00,42.00,100.00,11.50,200.00,M
LNK,2025-12-25 06:01,42.00,42.00,100.00,8.05,200.00,M
LNK,2025-12-25 06:24,42.00,42.00,100.00,12.65,200.00,M
LNK,2025-12-25 06:32,42.00,41.00,96.21,10.35,200.00,M
LNK,2025-12-25 06:43,42.00,41.00,96.21,8.05,200.00,M
LNK,2025-12-25 06:54,42.00,41.00,96.21,6.90,200.00,M
LNK,2025-12-25 07:54,41.00,41.00,100.00,8.05,200.00,M
LNK,2025-12-25 08:25,41.00,41.00,100.00,8.05,200.00,M
LNK,2025-12-25 08:54,42.00,41.00,96.21,9.20,200.00,M
LNK,2025-12-25 09:16,42.00,42.00,100.00,9.20,200.00,M
LNK,2025-12-25 09:38,43.00,42.00,96.23,8.05,200.00,M
LNK,2025-12-25 09:51,42.80,42.80,100.00,6.90,200.00,M
LNK,2025-12-25 09:54,43.00,43.00,100.00,9.20,200.00,M
LNK,2025-12-25 10:15,44.00,43.00,96.24,6.90,200.00,M
LNK,2025-12-25 10:28,44.00,44.00,100.00,8.05,200.00,M
LNK,2025-12-25 10:54,45.00,45.00,100.00,8.05,300.00,M
LNK,2025-12-25 11:54,46.00,46.00,100.00,4.60,300.00,M
LNK,2025-12-25 12:39,47.00,46.00,96.29,0.00,200.00,M
LNK,2025-12-25 12:54,47.00,47.00,100.00,3.45,200.00,M
LNK,2025-12-25 13:54,48.00,47.00,96.31,6.90,400.00,M
LNK,2025-12-25 14:23,49.00,48.00,96.32,6.90,300.00,M
LNK,2025-12-25 14:30,49.00,48.00,96.32,5.75,300.00,M
LNK,2025-12-25 14:54,49.00,49.00,100.00,5.75,200.00,M
LNK,2025-12-25 15:04,49.00,49.00,100.00,8.05,200.00,M
LNK,2025-12-25 15:54,50.00,49.00,96.34,9.20,200.00,M
LNK,2025-12-25 16:54,49.00,49.00,100.00,9.20,200.00,M
LNK,2025-12-25 17:54,49.00,49.00,100.00,0.00,200.00,M
LNK,2025-12-25 18:27,49.00,49.00,100.00,6.90,400.00,M
LNK,2025-12-25 18:35,49.00,49.00,100.00,4.60,400.00,M
LNK,2025-12-25 18:43,49.00,49.00,100.00,3.45,400.00,M
LNK,2025-12-25 18:54,49.00,49.00,100.00,0.00,200.00,M
LNK,2025-12-25 19:54,49.00,49.00,100.00,3.45,200.00,M
LNK,2025-12-25 20:01,49.00,48.00,96.32,4.60,200.00,M
LNK,2025-12-25 20:11,49.00,48.00,96.32,5.75,200.00,M
LNK,2025-12-25 20:27,48.00,48.00,100.00,3.45,200.00,M
LNK,2025-12-25 20:36,48.00,48.00,100.00,0.00,200.00,M
LNK,2025-12-25 20:50,48.20,48.20,100.00,3.45,200.00,M
LNK,2025-12-25 20:54,48.00,48.00,100.00,0.00,200.00,M
LNK,2025-12-25 21:09,48.00,48.00,100.00,3.45,400.00,M
LNK,2025-12-25 21:14,48.00,48.00,100.00,3.45,400.00,M
LNK,2025-12-25 21:35,48.00,48.00,100.00,5.75,1000.00,M
LNK,2025-12-25 21:47,48.00,47.00,96.31,8.05,900.00,M
LNK,2025-12-25 21:54,48.00,47.00,96.31,8.05,900.00,M
LNK,2025-12-25 22:54,47.00,46.00,96.29,9.20,600.00,M
LNK,2025-12-25 23:54,46.00,45.00,96.28,9.20,400.00,M
LNK,2025-12-26 00:54,44.00,43.00,96.24,9.20,300.00,M
LNK,2025-12-26 01:18,43.00,42.00,96.23,5.75,300.00,M
LNK,2025-12-26 01:54,42.00,41.00,96.21,4.60,M,M
LNK,2025-12-26 02:54,40.00,39.00,96.18,4.60,M,M
LNK,2025-12-26 03:54,36.00,35.00,96.11,3.45,M,M
LNK,2025-12-26 04:54,37.00,37.00,100.00,0.00,M,M
LNK,2025-12-26 05:54,34.00,34.00,100.00,3.45,M,M
LNK,2025-12-26 06:54,34.00,34.00,100.00,3.45,M,M
LNK,2025-12-26 07:54,31.00,30.00,96.02,4.60,M,M
LNK,2025-12-26 08:54,34.00,34.00,100.00,0.00,M,M
LNK,2025-12-26 09:54,44.00,39.00,82.43,3.45,M,M
LNK,2025-12-26 10:54,49.00,41.00,73.76,0.00,M,M
LNK,2025-12-26 11:54,52.00,42.00,68.59,0.00,M,M
LNK,2025-12-26 12:54,57.00,43.00,59.40,3.45,M,M
LNK,2025-12-26 13:54,59.00,44.00,57.44,5.75,M,M
LNK,2025-12-26 14:54,61.00,44.00,53.50,8.05,M,M
LNK,2025-12-26 15:54,61.00,45.00,55.58,4.60,M,M
LNK,2025-12-26 16:54,53.00,43.00,68.71,6.90,M,M
LNK,2025-12-26 17:54,47.00,42.00,82.65,5.75,M,M
LNK,2025-12-26 18:54,48.00,42.00,79.59,0.00,M,M
LNK,2025-12-26 19:54,42.00,40.00,92.55,8.05,M,M
LNK,2025-12-26 20:54,42.00,39.00,89.01,4.60,M,M
LNK,2025-12-26 21:54,41.00,39.00,92.51,4.60,M,M
LNK,2025-12-26 22:54,39.00,36.00,88.87,0.00,M,M
LNK,2025-12-26 23:54,37.00,35.00,92.38,0.00,M,M
LNK,2025-12-27 00:54,35.00,34.00,96.09,0.00,M,M
LNK,2025-12-27 01:54,35.00,32.00,88.67,3.45,M,M
LNK,2025-12-27 02:54,35.00,33.00,92.32,0.00,M,M
LNK,2025-12-27 03:54,34.00,32.00,92.28,5.75,M,M
LNK,2025-12-27 04:54,34.00,32.00,92.28,0.00,M,M
LNK,2025-12-27 05:54,37.00,34.00,88.77,0.00,M,M
LNK,2025-12-27 06:54,39.00,38.00,96.16,0.00,M,M
LNK,2025-12-27 07:54,32.00,31.00,96.04,3.45,M,M
LNK,2025-12-27 08:54,37.00,35.00,92.38,3.45,M,M
LNK,2025-12-27 09:54,42.00,40.00,92.55,10.35,M,M
LNK,2025-12-27 10:54,49.00,42.00,76.67,0.00,M,M
LNK,2025-12-27 11:54,54.00,44.00,68.82,5.75,M,M
LNK,2025-12-27 12:54,53.00,44.00,71.39,4.60,M,M
LNK,2025-12-27 13:54,54.00,45.00,71.50,4.60,M,M
LNK,2025-12-27 14:54,56.00,45.00,66.48,5.75,M,M
LNK,2025-12-27 15:54,52.00,46.00,79.92,8.05,M,M
LNK,2025-12-27 16:54,50.00,45.00,82.86,6.90,M,M
LNK,2025-12-27 17:54,48.00,45.00,89.28,4.60,M,M
LNK,2025-12-27 18:54,47.00,44.00,89.24,0.00,M,M
LNK,2025-12-27 19:54,43.00,42.00,96.23,0.00,M,M
LNK,2025-12-27 20:54,45.00,43.00,92.64,0.00,12000.00,M
LNK,2025-12-27 21:54,44.00,43.00,96.24,0.00,11000.00,M
LNK,2025-12-27 22:54,44.00,43.00,96.24,10.35,12000.00,M
LNK,2025-12-27 23:54,45.00,43.00,92.64,3.45,11000.00,M
LNK,2025-12-28 00:18,45.00,43.00,92.64,3.45,300.00,M
LNK,2025-12-28 00:54,43.00,42.00,96.23,6.90,300.00,M
LNK,2025-12-28 01:54,44.00,43.00,96.24,13.80,500.00,M
LNK,2025-12-28 02:54,44.00,43.00,96.24,5.75,8500.00,M
LNK,2025-12-28 03:54,46.00,38.00,73.46,24.15,7500.00,36.80
LNK,2025-12-28 04:40,42.00,36.00,79.10,29.90,2100.00,42.55
LNK,2025-12-28 04:54,40.00,35.00,82.14,27.60,1900.00,42.55
LNK,2025-12-28 05:05,38.00,33.00,81.99,34.50,1500.00,43.70
LNK,2025-12-28 05:27,36.00,32.00,85.22,29.90,1400.00,48.30
LNK,2025-12-28 05:54,34.00,29.00,81.69,36.80,1200.00,50.60
LNK,2025-12-28 06:10,33.00,28.00,81.62,32.20,1600.00,47.15
LNK,2025-12-28 06:47,32.00,25.00,75.05,36.80,2000.00,49.45
LNK,2025-12-28 06:54,31.00,24.00,74.95,39.10,2000.00,51.75
LNK,2025-12-28 07:54,29.00,23.00,77.97,27.60,1900.00,48.30
LNK,2025-12-28 08:06,27.00,22.00,81.15,24.15,1800.00,40.25
LNK,2025-12-28 08:32,26.00,20.00,77.69,27.60,2000.00,44.85
LNK,2025-12-28 08:41,25.00,19.00,77.60,32.20,2000.00,44.85
LNK,2025-12-28 08:51,24.80,17.60,73.68,34.50,2200.00,56.35
LNK,2025-12-28 08:54,25.00,18.00,74.34,26.45,2200.00,56.35
LNK,2025-12-28 09:09,24.00,18.00,77.51,29.90,1800.00,47.15
LNK,2025-12-28 09:19,22.00,15.00,74.03,27.60,1800.00,47.15
LNK,2025-12-28 09:32,21.00,13.00,70.74,31.05,2000.00,50.60
LNK,2025-12-28 09:54,20.00,14.00,77.14,24.15,2200.00,50.60
LNK,2025-12-28 10:07,20.00,14.00,77.14,28.75,2000.00,39.10
LNK,2025-12-28 10:37,19.00,13.00,77.04,25.30,1800.00,47.15
LNK,2025-12-28 10:45,19.00,13.00,77.04,29.90,1800.00,47.15
LNK,2025-12-28 10:54,19.00,12.00,73.71,29.90,2200.00,47.15
LNK,2025-12-28 11:09,18.00,12.00,76.95,31.05,1900.00,46.00
LNK,2025-12-28 11:28,17.00,11.00,76.85,26.45,1700.00,46.00
LNK,2025-12-28 11:51,15.80,10.40,78.82,25.30,1400.00,46.00
LNK,2025-12-28 11:54,16.00,11.00,80.26,20.70,1300.00,46.00
LNK,2025-12-28 12:20,16.00,10.00,76.75,23.00,1500.00,37.95
LNK,2025-12-28 12:31,16.00,9.00,73.39,26.45,1700.00,43.70
LNK,2025-12-28 12:39,16.00,9.00,73.39,23.00,2100.00,43.70
LNK,2025-12-28 12:54,17.00,8.00,67.18,21.85,2300.00,43.70
LNK,2025-12-28 13:18,16.00,7.00,67.05,27.60,2300.00,41.40
LNK,2025-12-28 13:54,16.00,5.00,61.21,27.60,2300.00,41.40
LNK,2025-12-28 14:02,16.00,5.00,61.21,23.00,2300.00,37.95
LNK,2025-12-28 14:54,17.00,3.00,53.46,18.40,M,46.00
LNK,2025-12-28 15:54,19.00,2.00,46.82,19.55,M,36.80
LNK,2025-12-28 16:54,17.00,0.00,46.48,26.45,M,36.80
LNK,2025-12-28 17:54,15.00,1.00,53.13,17.25,M,36.80
LNK,2025-12-28 18:54,15.00,-1.00,48.37,21.85,M,37.95
LNK,2025-12-28 19:54,14.00,-1.00,50.54,20.70,M,32.20
LNK,2025-12-28 20:54,13.00,-1.00,52.81,27.60,4100.00,39.10
LNK,2025-12-28 21:54,12.00,0.00,57.86,24.15,4500.00,37.95
LNK,2025-12-28 22:54,11.00,-2.00,55.04,18.40,3800.00,36.80
LNK,2025-12-28 23:54,11.00,0.00,60.48,17.25,3700.00,33.35
LNK,2025-12-29 00:54,11.00,-1.00,57.70,18.40,3600.00,40.25
LNK,2025-12-29 01:54,11.00,0.00,60.48,24.15,2600.00,37.95
LNK,2025-12-29 02:54,11.00,-1.00,57.70,20.70,M,37.95
LNK,2025-12-29 03:54,11.00,0.00,60.48,16.10,2500.00,33.35
LNK,2025-12-29 04:29,11.00,1.00,63.38,18.40,2900.00,29.90
LNK,2025-12-29 04:54,11.00,1.00,63.38,17.25,2700.00,29.90
LNK,2025-12-29 05:22,11.00,2.00,66.41,16.10,2700.00,29.90
LNK,2025-12-29 05:54,11.00,3.00,69.56,16.10,2100.00,31.05
LNK,2025-12-29 06:26,11.00,3.00,69.56,16.10,2000.00,M
LNK,2025-12-29 06:54,11.00,3.00,69.56,14.95,M,M
LNK,2025-12-29 07:54,12.00,4.00,69.68,17.25,M,29.90
LNK,2025-12-29 08:25,13.00,5.00,69.80,13.80,2100.00,M
LNK,2025-12-29 08:33,13.00,5.00,69.80,12.65,2100.00,M
LNK,2025-12-29 08:54,13.00,5.00,69.80,12.65,2100.00,M
LNK,2025-12-29 09:14,14.00,6.00,69.92,13.80,2000.00,M
LNK,2025-12-29 09:54,16.00,6.00,64.07,20.70,M,M
LNK,2025-12-29 10:54,17.00,5.00,58.61,16.10,M,M
LNK,2025-12-29 11:54,19.00,6.00,56.29,18.40,M,M
LNK,2025-12-29 12:54,21.00,7.00,54.09,13.80,M,M
LNK,2025-12-29 13:54,22.00,8.00,54.25,14.95,M,M
LNK,2025-12-29 14:54,24.00,9.00,52.17,10.35,M,M
LNK,2025-12-29 15:54,25.00,9.00,50.03,10.35,M,M
LNK,2025-12-29 16:54,24.00,10.00,54.56,6.90,M,M
LNK,2025-12-29 17:54,17.00,8.00,67.18,0.00,M,M
LNK,2025-12-29 18:54,17.00,9.00,70.27,0.00,M,M
LNK,2025-12-29 19:54,16.00,9.00,73.39,0.00,M,M
LNK,2025-12-29 20:54,15.00,9.00,76.66,0.00,M,M
LNK,2025-12-29 21:54,13.00,7.00,76.46,0.00,M,M
LNK,2025-12-29 22:54,14.00,9.00,80.09,0.00,M,M
LNK,2025-12-29 23:54,14.00,8.00,76.56,0.00,M,M
LNK,2025-12-30 00:54,12.00,7.00,79.92,4.60,M,M
LNK,2025-12-30 01:54,12.00,7.00,79.92,5.75,M,M
LNK,2025-12-30 02:54,14.00,8.00,76.56,3.45,M,M
LNK,2025-12-30 03:54,15.00,8.00,73.28,0.00,M,M
LNK,2025-12-30 04:54,19.00,10.00,67.43,4.60,M,M
LNK,2025-12-30 05:54,19.00,11.00,70.51,4.60,M,M
LNK,2025-12-30 06:54,19.00,12.00,73.71,4.60,M,M
LNK,2025-12-30 07:54,19.00,13.00,77.04,4.60,M,M
LNK,2025-12-30 08:54,21.00,13.00,70.74,4.60,M,M
LNK,2025-12-30 09:54,26.00,16.00,65.40,6.90,M,M
LNK,2025-12-30 10:54,30.00,17.00,57.95,9.20,M,M
LNK,2025-12-30 11:54,34.00,18.00,51.48,8.05,M,M
LNK,2025-12-30 12:54,39.00,21.00,48.03,9.20,M,M
LNK,2025-12-30 13:54,46.00,21.00,36.69,5.75,M,M
LNK,2025-12-30 14:54,49.00,21.00,32.78,11.50,M,M
LNK,2025-12-30 15:54,49.00,21.00,32.78,8.05,M,M
LNK,2025-12-30 16:54,45.00,22.00,39.76,5.75,M,M
LNK,2025-12-30 17:54,42.00,22.00,44.60,4.60,M,M
LNK,2025-12-30 18:54,41.00,23.00,48.36,6.90,M,M
LNK,2025-12-30 19:54,39.00,24.00,54.51,10.35,M,M
LNK,2025-12-30 20:54,31.00,22.00,68.90,4.60,M,M
LNK,2025-12-30 21:54,29.00,23.00,77.97,4.60,M,M
LNK,2025-12-30 22:54,28.00,22.00,77.88,3.45,M,M
LNK,2025-12-30 23:54,27.00,23.00,84.65,3.45,M,M
LNK,2025-12-31 00:54,28.00,24.00,84.71,3.45,M,M
LNK,2025-12-31 01:54,30.00,24.00,78.06,4.60,M,M
LNK,2025-12-31 02:54,25.00,21.00,84.51,0.00,M,M
LNK,2025-12-31 03:54,23.00,20.00,88.07,0.00,M,M
LNK,2025-12-31 04:54,26.00,21.00,81.07,5.75,M,M
LNK,2025-12-31 05:54,27.00,22.00,81.15,0.00,M,M
LNK,2025-12-31 06:54,26.00,21.00,81.07,0.00,M,M
LNK,2025-12-31 07:54,22.00,19.00,88.01,3.45,M,M
LNK,2025-12-31 08:54,28.00,22.00,77.88,6.90,M,M
LNK,2025-12-31 09:54,35.00,26.00,69.37,0.00,M,M
LNK,2025-12-31 10:54,42.00,29.00,59.67,8.05,M,M
LNK,2025-12-31 11:54,47.00,29.00,49.32,9.20,M,M
LNK,2025-12-31 12:54,51.00,30.00,44.24,12.65,M,M
LNK,2025-12-31 13:54,55.00,28.00,35.20,14.95,M,M
LNK,2025-12-31 14:54,57.00,28.00,32.74,12.65,M,M
LNK,2025-12-31 15:54,57.00,25.00,28.92,12.65,M,M
LNK,2025-12-31 16:54,54.00,26.00,33.61,6.90,M,M
LNK,2025-12-31 17:54,51.00,26.00,37.53,9.20,M,M
LNK,2025-12-31 18:54,37.00,25.00,61.48,11.50,M,M
LNK,2025-12-31 19:54,42.00,28.00,57.28,17.25,M,M
LNK,2025-12-31 20:54,35.00,30.00,81.77,18.40,M,29.90
LNK,2025-12-31 21:10,33.00,30.00,88.57,16.10,800.00,M
LNK,2025-12-31 21:19,32.00,29.00,88.53,17.25,600.00,M
LNK,2025-12-31 21:54,32.00,29.00,88.53,14.95,600.00,M
LNK,2025-12-31 22:54,32.00,28.00,84.97,12.65,1000.00,M
LNK,2025-12-31 23:35,31.00,27.00,84.90,12.65,1300.00,M
LNK,2025-12-31 23:54,31.00,27.00,84.90,13.80,1900.00,M
LNK,2026-01-01 00:04,31.00,26.00,81.46,11.50,1800.00,M
LNK,2026-01-01 00:54,31.00,27.00,84.90,11.50,1200.00,M
LNK,2026-01-01 01:17,30.00,26.00,84.84,9.20,1000.00,M
LNK,2026-01-01 01:41,30.00,26.00,84.84,10.35,1200.00,M
LNK,2026-01-01 01:54,30.00,26.00,84.84,10.35,1100.00,M
LNK,2026-01-01 02:54,29.00,24.00,81.31,10.35,1100.00,M
LNK,2026-01-01 03:35,28.00,22.00,77.88,9.20,1500.00,M
LNK,2026-01-01 03:54,28.00,22.00,77.88,8.05,1600.00,M
LNK,2026-01-01 04:23,27.00,22.00,81.15,5.75,1400.00,M
LNK,2026-01-01 04:54,27.00,22.00,81.15,0.00,1200.00,M
LNK,2026-01-01 05:54,27.00,22.00,81.15,3.45,1200.00,M
LNK,2026-01-01 06:54,26.00,21.00,81.07,6.90,1100.00,M
LNK,2026-01-01 07:54,26.00,20.00,77.69,4.60,1000.00,M
LNK,2026-01-01 08:54,27.00,21.00,77.78,4.60,1000.00,M
LNK,2026-01-01 09:54,29.00,24.00,81.31,11.50,1000.00,M
LNK,2026-01-01 10:02,28.00,24.00,84.71,11.50,900.00,M
LNK,2026-01-01 10:54,29.00,25.00,84.78,10.35,700.00,M
LNK,2026-01-01 11:54,31.00,26.00,81.46,5.75,800.00,M
LNK,2026-01-01 12:34,31.00,26.00,81.46,5.75,1000.00,M
LNK,2026-01-01 12:54,31.00,26.00,81.46,5.75,1000.00,M
LNK,2026-01-01 13:54,33.00,27.00,78.32,10.35,1100.00,M
LNK,2026-01-01 14:49,35.60,28.40,74.79,4.60,1300.00,M
LNK,2026-01-01 14:54,35.00,28.00,75.34,4.60,1400.00,M
LNK,2026-01-01 15:54,34.00,27.00,75.25,5.75,M,M
LNK,2026-01-01 16:54,34.00,27.00,75.25,3.45,M,M
LNK,2026-01-01 17:54,29.00,25.00,84.78,4.60,M,M
LNK,2026-01-01 18:54,30.00,26.00,84.84,0.00,M,M
LNK,2026-01-01 19:54,28.00,26.00,92.07,0.00,M,M
LNK,2026-01-01 20:54,25.00,24.00,95.91,5.75,M,M
LNK,2026-01-01 21:54,26.00,24.00,92.00,6.90,M,M
LNK,2026-01-01 22:54,25.00,24.00,95.91,0.00,M,M
LNK,2026-01-01 23:26,26.00,25.00,95.93,0.00,1700.00,M
LNK,2026-01-01 23:54,27.00,25.00,92.04,4.60,1500.00,M
LNK,2026-01-02 00:10,27.00,25.00,92.04,5.75,1400.00,M
LNK,2026-01-02 00:54,27.00,25.00,92.04,3.45,1200.00,M
LNK,2026-01-02 01:54,28.00,26.00,92.07,4.60,1100.00,M
LNK,2026-01-02 02:34,28.00,26.00,92.07,4.60,900.00,M
LNK,2026-01-02 02:54,29.00,26.00,88.37,6.90,900.00,M
LNK,2026-01-02 03:54,29.00,26.00,88.37,5.75,700.00,M
LNK,2026-01-02 04:54,29.00,26.00,88.37,8.05,700.00,M
LNK,2026-01-02 05:54,28.00,26.00,92.07,9.20,700.00,M
LNK,2026-01-02 06:54,27.00,25.00,92.04,11.50,500.00,M
LNK,2026-01-02 07:36,27.00,25.00,92.04,9.20,400.00,M
LNK,2026-01-02 07:54,27.00,25.00,92.04,8.05,300.00,M
LNK,2026-01-02 08:45,27.00,26.00,95.95,10.35,500.00,M
LNK,2026-01-02 08:54,27.00,25.00,92.04,9.20,500.00,M
LNK,2026-01-02 09:02,27.00,25.00,92.04,8.05,500.00,M
LNK,2026-01-02 09:21,27.00,25.00,92.04,9.20,500.00,M
LNK,2026-01-02 09:28,27.00,25.00,92.04,9.20,500.00,M
LNK,2026-01-02 09:54,27.00,25.00,92.04,8.05,500.00,M
LNK,2026-01-02 10:54,27.00,24.00,88.27,8.05,600.00,M
LNK,2026-01-02 11:54,28.00,24.00,84.71,9.20,700.00,M
LNK,2026-01-02 12:54,28.00,23.00,81.23,10.35,700.00,M
LNK,2026-01-02 13:38,28.00,23.00,81.23,10.35,1000.00,M
LNK,2026-01-02 13:54,28.00,23.00,81.23,6.90,1000.00,M
LNK,2026-01-02 14:45,28.00,23.00,81.23,6.90,900.00,M
LNK,2026-01-02 14:54,28.00,23.00,81.23,10.35,900.00,M
LNK,2026-01-02 15:09,28.00,23.00,81.23,9.20,1000.00,M
LNK,2026-01-02 15:54,28.00,23.00,81.23,9.20,1100.00,M
LNK,2026-01-02 16:49,28.40,21.20,74.06,12.65,1500.00,M
LNK,2026-01-02 16:54,28.00,22.00,77.88,12.65,1500.00,M
LNK,2026-01-02 17:39,28.00,22.00,77.88,9.20,1400.00,M
LNK,2026-01-02 17:54,28.00,22.00,77.88,10.35,1400.00,M
LNK,2026-01-02 18:54,26.00,22.00,84.58,8.05,1300.00,M
LNK,2026-01-02 19:54,27.00,22.00,81.15,6.90,1200.00,M
LNK,2026-01-02 20:52,26.60,21.20,79.76,5.75,1300.00,M
LNK,2026-01-02 20:54,27.00,21.00,77.78,5.75,1300.00,M
LNK,2026-01-02 21:54,27.00,21.00,77.78,5.75,7500.00,M
LNK,2026-01-02 22:20,27.00,21.00,77.78,6.90,1300.00,M
LNK,2026-01-02 22:32,27.00,21.00,77.78,5.75,1400.00,M
LNK,2026-01-02 22:54,27.00,21.00,77.78,6.90,1500.00,M
LNK,2026-01-02 23:02,27.00,21.00,77.78,5.75,1400.00,M
LNK,2026-01-02 23:09,27.00,21.00,77.78,5.75,1400.00,M
LNK,2026-01-02 23:54,27.00,22.00,81.15,3.45,6000.00,M
LNK,2026-01-03 00:54,27.00,22.00,81.15,3.45,1200.00,M
LNK,2026-01-03 01:49,24.80,21.20,85.95,4.60,1300.00,M
LNK,2026-01-03 01:54,24.00,21.00,88.12,4.60,1300.00,M
LNK,2026-01-03 02:19,27.00,23.00,84.65,0.00,1200.00,M
LNK,2026-01-03 02:54,27.00,23.00,84.65,3.45,4800.00,M
LNK,2026-01-03 03:54,25.00,23.00,91.97,0.00,M,M
LNK,2026-01-03 04:17,21.00,20.00,95.83,5.75,800.00,M
LNK,2026-01-03 04:54,21.00,21.00,100.00,0.00,M,M
LNK,2026-01-03 05:45,21.00,20.00,95.83,0.00,M,M
LNK,2026-01-03 05:54,22.00,21.00,95.85,0.00,M,M
LNK,2026-01-03 06:54,18.00,16.00,91.71,4.60,M,M
LNK,2026-01-03 07:54,17.00,15.00,91.67,4.60,M,M
LNK,2026-01-03 08:47,23.00,21.00,91.90,3.45,1100.00,M
LNK,2026-01-03 08:54,24.00,22.00,91.93,0.00,900.00,M
LNK,2026-01-03 09:54,28.00,24.00,84.71,6.90,900.00,M
LNK,2026-01-03 10:54,31.00,25.00,78.15,4.60,900.00,M
LNK,2026-01-03 11:54,33.00,27.00,78.32,5.75,900.00,M
LNK,2026-01-03 12:06,34.00,27.00,75.25,5.75,1000.00,M
LNK,2026-01-03 12:15,34.00,27.00,75.25,4.60,900.00,M
LNK,2026-01-03 12:54,36.00,29.00,75.44,8.05,900.00,M
LNK,2026-01-03 13:51,39.20,30.20,69.86,5.75,1500.00,M
LNK,2026-01-03 13:54,39.00,30.00,69.84,0.00,1500.00,M
LNK,2026-01-03 14:54,42.00,31.00,64.74,4.60,M,M
LNK,2026-01-03 15:54,42.00,31.00,64.74,5.75,M,M
LNK,2026-01-03 16:54,39.00,30.00,69.84,5.75,M,M
LNK,2026-01-03 17:54,36.00,30.00,78.58,6.90,M,M
LNK,2026-01-03 18:54,35.00,30.00,81.77,4.60,M,M
LNK,2026-01-03 19:54,31.00,28.00,88.48,4.60,M,M
LNK,2026-01-03 20:54,28.00,27.00,95.96,0.00,M,M
LNK,2026-01-03 21:54,24.00,23.00,95.89,0.00,M,M
LNK,2026-01-03 22:54,24.00,23.00,95.89,0.00,M,M
LNK,2026-01-03 23:54,25.00,23.00,91.97,0.00,M,M
LNK,2026-01-04 00:54,26.00,24.00,92.00,0.00,M,M
LNK,2026-01-04 01:54,24.00,21.00,88.12,0.00,M,M
LNK,2026-01-04 02:54,25.00,23.00,91.97,0.00,M,M
LNK,2026-01-04 03:54,21.00,20.00,95.83,0.00,M,M
LNK,2026-01-04 04:54,24.00,22.00,91.93,0.00,M,M
LNK,2026-01-04 05:54,30.00,26.00,84.84,4.60,M,M
LNK,2026-01-04 06:54,31.00,27.00,84.90,9.20,M,M
LNK,2026-01-04 07:54,31.00,28.00,88.48,11.50,M,M
LNK,2026-01-04 08:54,36.00,31.00,81.84,12.65,M,M
LNK,2026-01-04 09:54,39.00,32.00,75.73,14.95,M,M
LNK,2026-01-04 10:54,44.00,33.00,64.99,10.35,M,M
LNK,2026-01-04 11:54,47.00,33.00,58.00,13.80,M,31.05
LNK,2026-01-04 12:54,51.00,34.00,51.99,13.80,M,M
LNK,2026-01-04 13:54,56.00,34.00,43.29,18.40,M,29.90
LNK,2026-01-04 14:54,59.00,35.00,40.44,18.40,M,32.20
LNK,2026-01-04 15:54,59.00,35.00,40.44,13.80,M,M
LNK,2026-01-04 16:54,55.00,35.00,46.72,8.05,M,M
LNK,2026-01-04 17:54,50.00,34.00,53.95,5.75,M,M
LNK,2026-01-04 18:54,47.00,35.00,62.83,6.90,M,M
LNK,2026-01-04 19:54,46.00,35.00,65.24,0.00,M,M
LNK,2026-01-04 20:54,46.00,35.00,65.24,5.75,M,M
LNK,2026-01-04 21:54,44.00,35.00,70.40,6.90,M,M
LNK,2026-01-04 22:54,37.00,33.00,85.28,5.75,M,M
LNK,2026-01-04 23:54,38.00,34.00,85.35,4.60,M,M
LNK,2026-01-05 00:54,36.00,32.00,85.22,3.45,M,M
LNK,2026-01-05 01:54,29.00,29.00,100.00,0.00,M,M
LNK,2026-01-05 02:54,28.00,27.00,95.96,4.60,M,M
LNK,2026-01-05 03:54,25.00,23.00,91.97,3.45,M,M
LNK,2026-01-05 04:54,27.00,25.00,92.04,0.00,M,M
LNK,2026-01-05 05:54,27.00,25.00,92.04,0.00,M,M
LNK,2026-01-05 06:54,28.00,25.00,88.32,0.00,M,M
LNK,2026-01-05 07:54,32.00,30.00,92.21,5.75,M,M
LNK,2026-01-05 08:54,32.00,30.00,92.21,0.00,M,M
LNK,2026-01-05 09:54,39.00,36.00,88.87,6.90,M,M
LNK,2026-01-05 10:54,43.00,37.00,79.18,3.45,M,M
LNK,2026-01-05 11:54,49.00,38.00,65.62,4.60,M,M
LNK,2026-01-05 12:54,53.00,39.00,58.85,5.75,M,M
LNK,2026-01-05 13:54,54.00,40.00,58.99,3.45,M,M
LNK,2026-01-05 14:54,55.00,40.00,56.87,5.75,M,M
LNK,2026-01-05 15:54,54.00,40.00,58.99,4.60,M,M
LNK,2026-01-05 16:54,51.00,40.00,65.87,4.60,M,M
LNK,2026-01-05 17:54,43.00,37.00,79.18,4.60,M,M
LNK,2026-01-05 18:54,38.00,35.00,88.82,0.00,M,M
LNK,2026-01-05 19:54,35.00,34.00,96.09,0.00,M,M
LNK,2026-01-05 20:54,32.00,31.00,96.04,0.00,M,M
LNK,2026-01-05 21:54,30.00,29.00,96.00,0.00,M,M
LNK,2026-01-05 22:54,25.00,24.00,95.91,5.75,800.00,M
LNK,2026-01-05 23:54,25.00,23.00,91.97,5.75,M,M
LNK,2026-01-06 00:54,30.00,29.00,96.00,4.60,M,M
LNK,2026-01-06 01:54,27.00,26.00,95.95,3.45,M,M
LNK,2026-01-06 02:54,39.00,32.00,75.73,8.05,M,M
LNK,2026-01-06 03:54,40.00,32.00,72.84,10.35,M,M
LNK,2026-01-06 04:54,37.00,31.00,78.67,0.00,M,M
LNK,2026-01-06 05:54,39.00,31.00,72.73,12.65,M,M
LNK,2026-01-06 06:54,37.00,30.00,75.54,5.75,M,M
LNK,2026-01-06 07:54,37.00,30.00,75.54,11.50,M,M
LNK,2026-01-06 08:54,39.00,30.00,69.84,8.05,M,M
LNK,2026-01-06 09:54,45.00,32.00,60.09,9.20,M,M
LNK,2026-01-06 10:54,49.00,32.00,51.68,10.35,M,M
LNK,2026-01-06 11:54,54.00,34.00,46.56,10.35,M,M
LNK,2026-01-06 12:54,58.00,36.00,43.62,11.50,M,M
LNK,2026-01-06 13:54,60.00,36.00,40.61,9.20,M,M
LNK,2026-01-06 14:54,60.00,32.00,34.60,12.65,M,M
LNK,2026-01-06 15:54,61.00,30.00,30.80,12.65,M,M
LNK,2026-01-06 16:54,58.00,27.00,30.31,5.75,M,M
LNK,2026-01-06 17:54,53.00,25.00,33.45,5.75,M,M
LNK,2026-01-06 18:54,41.00,23.00,48.36,4.60,M,M
LNK,2026-01-06 19:54,42.00,24.00,48.52,3.45,M,M
LNK,2026-01-06 20:54,34.00,22.00,61.06,0.00,M,M
LNK,2026-01-06 21:54,33.00,23.00,66.30,0.00,M,M
LNK,2026-01-06 22:54,31.00,22.00,68.90,0.00,M,M
LNK,2026-01-06 23:54,31.00,23.00,71.87,0.00,M,M
LNK,2026-01-07 00:54,29.00,22.00,74.75,0.00,M,M
LNK,2026-01-07 01:54,29.00,22.00,74.75,0.00,M,M
LNK,2026-01-07 02:54,25.00,21.00,84.51,3.45,M,M
LNK,2026-01-07 03:54,26.00,21.00,81.07,4.60,M,M
LNK,2026-01-07 04:54,24.00,20.00,84.45,3.45,M,M
LNK,2026-01-07 05:54,29.00,21.00,71.65,0.00,M,M
LNK,2026-01-07 06:54,25.00,20.00,80.99,3.45,M,M
LNK,2026-01-07 07:54,26.00,20.00,77.69,0.00,M,M
LNK,2026-01-07 08:54,26.00,21.00,81.07,4.60,M,M
LNK,2026-01-07 09:54,30.00,24.00,78.06,4.60,M,M
LNK,2026-01-07 10:54,42.00,27.00,54.96,0.00,M,M
LNK,2026-01-07 11:54,54.00,28.00,36.51,10.35,M,M
LNK,2026-01-07 12:54,63.00,25.00,23.36,18.40,M,M
LNK,2026-01-07 13:54,65.00,24.00,20.89,17.25,M,M
LNK,2026-01-07 14:54,66.00,25.00,21.04,14.95,M,M
LNK,2026-01-07 15:54,65.00,24.00,20.89,11.50,M,M
LNK,2026-01-07 16:54,59.00,26.00,28.06,10.35,M,M
LNK,2026-01-07 17:54,46.00,25.00,43.42,8.05,M,M
LNK,2026-01-07 18:54,45.00,26.00,47.01,0.00,M,M
LNK,2026-01-07 19:54,38.00,24.00,56.69,0.00,M,M
LNK,2026-01-07 20:54,36.00,24.00,61.34,0.00,M,M
LNK,2026-01-07 21:54,34.00,24.00,66.42,0.00,M,M
LNK,2026-01-07 22:54,34.00,24.00,66.42,0.00,M,M
LNK,2026-01-07 23:54,30.00,22.00,71.76,4.60,M,M
LNK,2026-01-08 00:54,26.00,20.00,77.69,0.00,M,M
LNK,2026-01-08 01:54,30.00,23.00,74.85,3.45,M,M
LNK,2026-01-08 02:54,30.00,23.00,74.85,5.75,M,M
LNK,2026-01-08 03:54,30.00,24.00,78.06,0.00,M,M
LNK,2026-01-08 04:54,31.00,25.00,78.15,3.45,M,M
LNK,2026-01-08 05:54,32.00,27.00,81.54,3.45,M,M
LNK,2026-01-08 06:54,34.00,28.00,78.41,0.00,12000.00,M
LNK,2026-01-08 07:54,34.00,27.00,75.25,6.90,11000.00,M
LNK,2026-01-08 08:54,36.00,29.00,75.44,5.75,6500.00,M
LNK,2026-01-08 09:54,38.00,33.00,81.99,5.75,6500.00,M
LNK,2026-01-08 10:54,38.00,35.00,88.82,16.10,5500.00,M
LNK,2026-01-08 11:54,40.00,35.00,82.14,12.65,5000.00,M
LNK,2026-01-08 12:54,38.00,35.00,88.82,18.40,4800.00,M
LNK,2026-01-08 13:54,38.00,35.00,88.82,14.95,3800.00,M
LNK,2026-01-08 14:54,38.00,35.00,88.82,20.70,3700.00,31.05
LNK,2026-01-08 15:54,39.00,36.00,88.87,24.15,3300.00,32.20
LNK,2026-01-08 16:54,39.00,36.00,88.87,18.40,1600.00,31.05
LNK,2026-01-08 17:14,39.00,36.00,88.87,18.40,1500.00,M
LNK,2026-01-08 17:54,39.00,36.00,88.87,19.55,1500.00,M
LNK,2026-01-08 18:54,38.00,34.00,85.35,17.25,1700.00,31.05
LNK,2026-01-08 19:22,37.00,34.00,88.77,18.40,1700.00,M
LNK,2026-01-08 19:54,36.00,33.00,88.72,14.95,1600.00,M
LNK,2026-01-08 20:10,36.00,33.00,88.72,19.55,1600.00,M
LNK,2026-01-08 20:54,36.00,33.00,88.72,14.95,1500.00,M
LNK,2026-01-08 21:54,35.00,31.00,85.16,14.95,1800.00,M
LNK,2026-01-08 22:54,36.00,30.00,78.58,11.50,2200.00,M
LNK,2026-01-08 23:47,36.00,29.00,75.44,11.50,2600.00,M
LNK,2026-01-08 23:54,36.00,29.00,75.44,10.35,2600.00,M
LNK,2026-01-09 00:54,35.00,28.00,75.34,12.65,2800.00,M
LNK,2026-01-09 01:16,35.00,27.00,72.30,12.65,2900.00,M
LNK,2026-01-09 01:54,34.00,27.00,75.25,11.50,10000.00,M
LNK,2026-01-09 02:54,33.00,26.00,75.15,11.50,3400.00,M
LNK,2026-01-09 03:54,31.00,24.00,74.95,11.50,M,M
LNK,2026-01-09 04:54,30.00,23.00,74.85,3.45,M,M
LNK,2026-01-09 05:54,28.00,23.00,81.23,3.45,M,M
LNK,2026-01-09 06:54,25.00,22.00,88.17,4.60,M,M
LNK,2026-01-09 07:54,26.00,21.00,81.07,8.05,M,M
LNK,2026-01-09 08:54,27.00,22.00,81.15,8.05,M,M
LNK,2026-01-09 09:54,30.00,23.00,74.85,5.75,M,M
LNK,2026-01-09 10:54,33.00,24.00,69.14,10.35,M,M
LNK,2026-01-09 11:54,36.00,25.00,63.96,10.35,M,M
LNK,2026-01-09 12:54,39.00,26.00,59.25,9.20,M,M
LNK,2026-01-09 13:54,41.00,26.00,54.81,11.50,11000.00,M
LNK,2026-01-09 14:54,40.00,24.00,52.43,11.50,11000.00,M
LNK,2026-01-09 15:54,40.00,23.00,50.27,11.50,12000.00,M
LNK,2026-01-09 16:54,39.00,26.00,59.25,9.20,11000.00,M
LNK,2026-01-09 17:54,38.00,26.00,61.62,6.90,8500.00,M
LNK,2026-01-09 18:54,37.00,25.00,61.48,12.65,7000.00,M
LNK,2026-01-09 19:54,36.00,25.00,63.96,9.20,7000.00,M
LNK,2026-01-09 20:54,38.00,23.00,54.36,8.05,7000.00,M
LNK,2026-01-09 21:54,36.00,23.00,58.82,4.60,4800.00,M
LNK,2026-01-09 22:54,36.00,24.00,61.34,0.00,4700.00,M
LNK,2026-01-09 23:54,35.00,25.00,66.55,5.75,6000.00,M
LNK,2026-01-10 00:54,34.00,24.00,66.42,13.80,M,M
LNK,2026-01-10 01:54,32.00,22.00,66.17,14.95,M,M
LNK,2026-01-10 02:54,29.00,20.00,68.66,11.50,M,M
LNK,2026-01-10 03:54,27.00,20.00,74.54,6.90,M,M
LNK,2026-01-10 04:54,25.00,19.00,77.60,5.75,M,M
LNK,2026-01-10 05:54,24.00,18.00,77.51,3.45,M,M
LNK,2026-01-10 06:54,23.00,17.00,77.42,5.75,M,M
LNK,2026-01-10 07:54,22.00,16.00,77.32,6.90,M,M
LNK,2026-01-10 08:54,29.00,17.00,60.36,10.35,10000.00,M
LNK,2026-01-10 09:54,32.00,17.00,53.43,14.95,10000.00,M
LNK,2026-01-10 10:54,34.00,17.00,49.31,13.80,10000.00,M
LNK,2026-01-10 11:54,37.00,18.00,45.70,13.80,9000.00,M
LNK,2026-01-10 12:54,40.00,20.00,44.27,16.10,M,M
LNK,2026-01-10 13:54,40.00,21.00,46.20,17.25,6000.00,29.90
LNK,2026-01-10 14:54,38.00,23.00,54.36,19.55,6000.00,36.80
LNK,2026-01-10 15:54,35.00,21.00,56.24,18.40,11000.00,M
LNK,2026-01-10 16:54,33.00,21.00,60.92,13.80,3100.00,M
LNK,2026-01-10 17:54,31.00,21.00,66.04,10.35,9000.00,M
LNK,2026-01-10 18:54,31.00,17.00,55.64,16.10,9000.00,M
LNK,2026-01-10 19:54,28.00,15.00,57.65,11.50,M,M
LNK,2026-01-10 20:54,27.00,16.00,62.75,10.35,M,M
LNK,2026-01-10 21:54,26.00,16.00,65.40,11.50,M,M
LNK,2026-01-10 22:54,24.00,16.00,71.08,9.20,M,M
LNK,2026-01-10 23:54,24.00,16.00,71.08,8.05,M,M
LNK,2026-01-11 00:54,22.00,15.00,74.03,8.05,M,M
LNK,2026-01-11 01:54,22.00,14.00,70.86,8.05,M,M
LNK,2026-01-11 02:54,20.00,15.00,80.59,5.75,M,M
LNK,2026-01-11 03:54,17.00,13.00,83.97,0.00,M,M
LNK,2026-01-11 04:54,18.00,14.00,84.04,4.60,M,M
LNK,2026-01-11 05:54,17.00,13.00,83.97,3.45,M,M
LNK,2026-01-11 06:54,17.00,13.00,83.97,3.45,M,M
LNK,2026-01-11 07:54,16.00,12.00,83.90,3.45,M,M
LNK,2026-01-11 08:54,20.00,16.00,84.18,3.45,M,M
LNK,2026-01-11 09:54,25.00,18.00,74.34,9.20,M,M
LNK,2026-01-11 10:54,30.00,14.00,50.84,6.90,M,M
LNK,2026-01-11 11:54,33.00,12.00,41.23,12.65,M,M
LNK,2026-01-11 12:54,36.00,17.00,45.54,9.20,M,M
LNK,2026-01-11 13:54,38.00,19.00,45.87,18.40,M,M
LNK,2026-01-11 14:54,41.00,23.00,48.36,13.80,M,M
LNK,2026-01-11 15:54,40.00,25.00,54.66,11.50,M,M
LNK,2026-01-11 16:54,39.00,26.00,59.25,10.35,M,M
LNK,2026-01-11 17:54,33.00,24.00,69.14,5.75,M,M
LNK,2026-01-11 18:54,32.00,25.00,75.05,4.60,M,M
LNK,2026-01-11 19:54,31.00,26.00,81.46,6.90,M,M
LNK,2026-01-11 20:54,31.00,26.00,81.46,4.60,M,M
LNK,2026-01-11 21:54,27.00,24.00,88.27,9.20,M,M
LNK,2026-01-11 22:54,26.00,24.00,92.00,6.90,M,M
LNK,2026-01-11 23:54,28.00,25.00,88.32,5.75,M,M
LNK,2026-01-12 00:54,26.00,24.00,92.00,0.00,M,M
LNK,2026-01-12 01:54,25.00,23.00,91.97,5.75,M,M
LNK,2026-01-12 02:54,25.00,23.00,91.97,3.45,M,M
LNK,2026-01-12 03:54,22.00,21.00,95.85,5.75,M,M
LNK,2026-01-12 04:54,22.00,20.00,91.86,6.90,M,M
LNK,2026-01-12 05:54,25.00,23.00,91.97,0.00,M,M
LNK,2026-01-12 06:54,24.00,21.00,88.12,0.00,M,M
LNK,2026-01-12 07:54,22.00,19.00,88.01,0.00,M,M
LNK,2026-01-12 08:54,27.00,24.00,88.27,3.45,M,M
LNK,2026-01-12 09:54,34.00,25.00,69.26,4.60,M,M
LNK,2026-01-12 10:54,41.00,26.00,54.81,0.00,M,M
LNK,2026-01-12 11:54,47.00,27.00,45.43,3.45,M,M
LNK,2026-01-12 12:54,54.00,26.00,33.61,3.45,M,M
LNK,2026-01-12 13:54,58.00,25.00,27.89,4.60,M,M
LNK,2026-01-12 14:54,58.00,25.00,27.89,10.35,M,M
LNK,2026-01-12 15:54,57.00,25.00,28.92,9.20,M,M
LNK,2026-01-12 16:54,51.00,28.00,40.76,8.05,M,M
LNK,2026-01-12 17:54,44.00,28.00,53.04,5.75,M,M
LNK,2026-01-12 18:54,41.00,28.00,59.53,5.75,M,M
LNK,2026-01-12 19:54,39.00,28.00,64.35,4.60,M,M
LNK,2026-01-12 20:54,39.00,29.00,67.04,0.00,M,M
LNK,2026-01-12 21:54,42.00,28.00,57.28,0.00,M,M
LNK,2026-01-12 22:54,38.00,27.00,64.22,0.00,M,M
LNK,2026-01-12 23:54,42.00,27.00,54.96,0.00,M,M
LNK,2026-01-13 00:54,42.00,26.00,52.74,0.00,M,M
LNK,2026-01-13 01:54,40.00,27.00,59.39,3.45,M,M
LNK,2026-01-13 02:54,45.00,26.00,47.01,0.00,M,M
LNK,2026-01-13 03:54,44.00,26.00,48.84,8.05,M,M
LNK,2026-01-13 04:54,44.00,26.00,48.84,5.75,M,M
LNK,2026-01-13 05:54,44.00,27.00,50.90,6.90,M,M
LNK,2026-01-13 06:54,43.00,27.00,52.89,3.45,M,M
LNK,2026-01-13 07:54,46.00,28.00,49.16,3.45,M,M
LNK,2026-01-13 08:54,47.00,29.00,49.32,5.75,M,M
LNK,2026-01-13 09:54,48.00,30.00,49.48,4.60,M,M
LNK,2026-01-13 10:54,48.00,32.00,53.65,4.60,12000.00,M
LNK,2026-01-13 11:54,54.00,32.00,42.96,9.20,11000.00,M
LNK,2026-01-13 12:54,55.00,31.00,39.78,12.65,9000.00,M
LNK,2026-01-13 13:54,53.00,37.00,54.40,20.70,6000.00,42.55
LNK,2026-01-13 14:54,49.00,41.00,73.76,10.35,5500.00,M
LNK,2026-01-13 15:54,49.00,41.00,73.76,10.35,6000.00,M
LNK,2026-01-13 16:54,50.00,41.00,71.06,17.25,6500.00,M
LNK,2026-01-13 17:54,48.00,41.00,76.58,19.55,11000.00,29.90
LNK,2026-01-13 18:54,47.00,41.00,79.51,19.55,M,31.05
LNK,2026-01-13 19:54,46.00,40.00,79.43,13.80,10000.00,M
LNK,2026-01-13 20:54,45.00,39.00,79.35,17.25,M,M
LNK,2026-01-13 21:54,44.00,38.00,79.27,14.95,M,M
LNK,2026-01-13 22:54,43.00,37.00,79.18,13.80,M,M
LNK,2026-01-13 23:54,42.00,37.00,82.29,13.80,M,M
LNK,2026-01-14 00:54,41.00,36.00,82.21,11.50,3100.00,M
LNK,2026-01-14 01:54,41.00,34.00,75.92,33.35,2900.00,42.55
LNK,2026-01-14 02:01,41.00,33.00,72.94,23.00,2900.00,36.80
LNK,2026-01-14 02:13,41.00,33.00,72.94,18.40,2800.00,36.80
LNK,2026-01-14 02:45,40.00,33.00,75.83,20.70,2700.00,36.80
LNK,2026-01-14 02:54,39.00,33.00,78.84,16.10,2700.00,36.80
LNK,2026-01-14 03:10,39.00,33.00,78.84,14.95,2700.00,M
LNK,2026-01-14 03:54,38.00,31.00,75.64,18.40,2900.00,39.10
LNK,2026-01-14 04:54,39.00,31.00,72.73,13.80,3000.00,M
LNK,2026-01-14 05:54,39.00,30.00,69.84,18.40,3000.00,32.20
LNK,2026-01-14 06:54,37.00,29.00,72.52,17.25,2400.00,32.20
LNK,2026-01-14 07:54,31.00,19.00,60.64,20.70,2900.00,33.35
LNK,2026-01-14 08:54,31.00,16.00,53.28,26.45,M,32.20
LNK,2026-01-14 09:54,31.00,12.00,44.70,24.15,M,39.10
LNK,2026-01-14 10:54,31.00,12.00,44.70,21.85,M,33.35
LNK,2026-01-14 11:54,32.00,10.00,39.27,23.00,M,31.05
LNK,2026-01-14 12:54,33.00,9.00,36.07,18.40,M,31.05
LNK,2026-01-14 13:54,34.00,8.00,33.13,18.40,M,29.90
LNK,2026-01-14 14:54,34.00,6.00,30.25,20.70,M,M
LNK,2026-01-14 15:54,33.00,8.00,34.48,17.25,M,M
LNK,2026-01-14 16:54,31.00,8.00,37.38,14.95,M,M
LNK,2026-01-14 17:54,23.00,8.00,52.01,8.05,M,M
LNK,2026-01-14 18:54,20.00,8.00,59.06,5.75,M,M
LNK,2026-01-14 19:54,19.00,9.00,64.48,6.90,M,M
LNK,2026-01-14 20:54,20.00,9.00,61.78,4.60,M,M
LNK,2026-01-14 21:54,22.00,8.00,54.25,3.45,M,M
LNK,2026-01-14 22:54,17.00,9.00,70.27,3.45,M,M
LNK,2026-01-14 23:54,13.00,7.00,76.46,4.60,M,M
LNK,2026-01-15 00:54,16.00,10.00,76.75,0.00,M,M
LNK,2026-01-15 01:54,17.00,9.00,70.27,0.00,M,M
LNK,2026-01-15 02:54,16.00,8.00,70.16,3.45,M,M
LNK,2026-01-15 03:54,18.00,11.00,73.60,0.00,M,M
LNK,2026-01-15 04:54,19.00,13.00,77.04,0.00,12000.00,M
LNK,2026-01-15 05:54,18.00,12.00,76.95,5.75,10000.00,M
LNK,2026-01-15 06:54,19.00,12.00,73.71,9.20,M,M
LNK,2026-01-15 07:54,19.00,12.00,73.71,10.35,M,M
LNK,2026-01-15 08:54,22.00,14.00,70.86,11.50,M,M
LNK,2026-01-15 09:54,27.00,16.00,62.75,14.95,M,M
LNK,2026-01-15 10:54,34.00,19.00,53.74,14.95,M,M
LNK,2026-01-15 11:54,36.00,21.00,54.05,16.10,M,29.90
LNK,2026-01-15 12:54,40.00,24.00,52.43,13.80,M,M
LNK,2026-01-15 13:54,43.00,28.00,55.11,16.10,M,M
LNK,2026-01-15 14:54,44.00,28.00,53.04,11.50,M,M
LNK,2026-01-15 15:54,45.00,30.00,55.41,6.90,M,M
LNK,2026-01-15 16:54,43.00,29.00,57.42,4.60,M,M
LNK,2026-01-15 17:54,40.00,30.00,67.16,4.60,M,M
LNK,2026-01-15 18:54,41.00,29.00,62.02,8.05,M,M
LNK,2026-01-15 19:54,31.00,26.00,81.46,3.45,12000.00,M
LNK,2026-01-15 20:54,32.00,26.00,78.23,0.00,M,M
LNK,2026-01-15 21:54,31.00,25.00,78.15,3.45,M,M
LNK,2026-01-15 22:54,43.00,30.00,59.81,14.95,4500.00,31.05
LNK,2026-01-15 23:54,43.00,28.00,55.11,18.40,5500.00,M
LNK,2026-01-16 00:54,42.00,27.00,54.96,23.00,4200.00,36.80
LNK,2026-01-16 01:54,39.00,23.00,52.27,23.00,M,39.10
LNK,2026-01-16 02:54,37.00,22.00,54.21,17.25,M,39.10
LNK,2026-01-16 03:54,38.00,22.00,52.11,17.25,5000.00,M
LNK,2026-01-16 04:54,38.00,22.00,52.11,17.25,4800.00,29.90
LNK,2026-01-16 05:54,36.00,23.00,58.82,10.35,6000.00,M
LNK,2026-01-16 06:54,34.00,22.00,61.06,14.95,7000.00,M
LNK,2026-01-16 07:54,36.00,23.00,58.82,17.25,3900.00,M
LNK,2026-01-16 08:54,37.00,24.00,58.96,21.85,3300.00,36.80
LNK,2026-01-16 09:54,37.00,22.00,54.21,26.45,3700.00,40.25
LNK,2026-01-16 10:54,38.00,19.00,45.87,27.60,4300.00,40.25
LNK,2026-01-16 11:54,37.00,19.00,47.71,25.30,4100.00,42.55
LNK,2026-01-16 12:54,36.00,21.00,54.05,28.75,3900.00,51.75
LNK,2026-01-16 13:54,33.00,18.00,53.59,23.00,3700.00,36.80
LNK,2026-01-16 14:54,30.00,18.00,60.50,18.40,3700.00,34.50
LNK,2026-01-16 15:54,29.00,12.00,48.49,19.55,4000.00,M
LNK,2026-01-16 16:54,28.00,12.00,50.52,16.10,5500.00,M
LNK,2026-01-16 17:54,27.00,12.00,52.65,13.80,5000.00,M
LNK,2026-01-16 18:54,26.00,12.00,54.87,11.50,3900.00,M
LNK,2026-01-16 19:20,24.00,17.00,74.24,18.40,2300.00,M
LNK,2026-01-16 19:34,22.00,17.00,80.75,10.35,2400.00,M
LNK,2026-01-16 19:54,23.00,12.00,62.20,18.40,5500.00,M
LNK,2026-01-16 20:49,17.60,8.60,67.26,32.20,1600.00,57.50
LNK,2026-01-16 20:51,17.60,10.40,72.91,32.20,1900.00,57.50
LNK,2026-01-16 20:54,17.00,12.00,80.34,29.90,1900.00,57.50
LNK,2026-01-16 20:59,17.00,13.00,83.97,32.20,1400.00,49.45
LNK,2026-01-16 21:16,17.00,11.00,76.85,23.00,1900.00,49.45
LNK,2026-01-16 21:25,17.00,6.00,61.35,26.45,2800.00,49.45
LNK,2026-01-16 21:33,17.00,5.00,58.61,28.75,4600.00,49.45
LNK,2026-01-16 21:54,17.00,4.00,55.98,31.05,6500.00,49.45
LNK,2026-01-16 22:54,16.00,3.00,55.82,25.30,3900.00,46.00
LNK,2026-01-16 23:54,15.00,3.00,58.31,19.55,3600.00,39.10
LNK,2026-01-17 00:54,14.00,0.00,52.97,23.00,M,36.80
LNK,2026-01-17 01:54,13.00,1.00,58.01,17.25,M,36.80
LNK,2026-01-17 02:54,13.00,2.00,60.77,14.95,6000.00,M
LNK,2026-01-17 03:54,12.00,1.00,60.63,11.50,6500.00,M
LNK,2026-01-17 04:54,11.00,-1.00,57.70,21.85,3400.00,35.65
LNK,2026-01-17 05:54,10.00,-1.00,60.34,21.85,3500.00,33.35
LNK,2026-01-17 06:38,9.00,2.00,72.62,20.70,2100.00,41.40
LNK,2026-01-17 06:54,9.00,0.00,66.14,25.30,2400.00,41.40
LNK,2026-01-17 07:54,6.00,-5.00,59.74,21.85,3100.00,37.95
LNK,2026-01-17 08:54,6.00,-7.00,54.24,27.60,3000.00,41.40
LNK,2026-01-17 09:54,7.00,-7.00,51.83,24.15,3100.00,39.10
LNK,2026-01-17 10:54,7.00,-6.00,54.40,21.85,2800.00,36.80
LNK,2026-01-17 11:25,8.00,-6.00,51.99,23.00,3000.00,37.95
LNK,2026-01-17 11:47,8.00,-5.00,54.56,24.15,2800.00,37.95
LNK,2026-01-17 11:54,9.00,-5.00,52.16,24.15,2800.00,37.95
LNK,2026-01-17 12:34,10.00,-5.00,49.87,23.00,3000.00,36.80
LNK,2026-01-17 12:54,8.00,-4.00,57.24,20.70,3000.00,36.80
LNK,2026-01-17 13:54,10.00,-4.00,52.32,24.15,3000.00,40.25
LNK,2026-01-17 14:13,11.00,-4.00,50.04,21.85,2900.00,29.90
LNK,2026-01-17 14:21,11.00,-4.00,50.04,20.70,2900.00,29.90
LNK,2026-01-17 14:54,11.00,-4.00,50.04,19.55,2700.00,29.90
LNK,2026-01-17 15:54,12.00,-3.00,50.21,19.55,3100.00,M
LNK,2026-01-17 16:54,11.00,-3.00,52.48,13.80,M,M
LNK,2026-01-17 17:54,10.00,-3.00,54.88,10.35,M,M
LNK,2026-01-17 18:54,9.00,-3.00,57.40,4.60,M,M
LNK,2026-01-17 19:54,8.00,-4.00,57.24,9.20,M,M
LNK,2026-01-17 20:54,7.00,-4.00,59.89,3.45,M,M
LNK,2026-01-17 21:54,7.00,-3.00,62.82,4.60,M,M
LNK,2026-01-17 22:54,4.00,-3.00,72.05,5.75,M,M
LNK,2026-01-17 23:54,7.00,-2.00,65.88,6.90,M,M
LNK,2026-01-18 00:54,9.00,-1.00,63.10,8.05,M,M
LNK,2026-01-18 01:54,11.00,0.00,60.48,8.05,9000.00,M
LNK,2026-01-18 02:54,12.00,1.00,60.63,11.50,10000.00,M
LNK,2026-01-18 03:54,14.00,2.00,58.16,12.65,7000.00,M
LNK,2026-01-18 04:54,15.00,4.00,61.06,13.80,8000.00,M
LNK,2026-01-18 05:54,17.00,4.00,55.98,13.80,10000.00,M
LNK,2026-01-18 06:54,16.00,5.00,61.21,8.05,8000.00,M
LNK,2026-01-18 07:54,14.00,6.00,69.92,8.05,8000.00,M
LNK,2026-01-18 08:54,23.00,9.00,54.40,6.90,4300.00,M
LNK,2026-01-18 09:54,32.00,17.00,53.43,17.25,3500.00,M
LNK,2026-01-18 10:54,34.00,20.00,56.09,19.55,3700.00,M
LNK,2026-01-18 11:54,35.00,21.00,56.24,17.25,3900.00,M
LNK,2026-01-18 12:54,37.00,22.00,54.21,12.65,3600.00,M
LNK,2026-01-18 13:54,39.00,24.00,54.51,21.85,4300.00,M
LNK,2026-01-18 14:54,38.00,23.00,54.36,16.10,4500.00,34.50
LNK,2026-01-18 15:54,38.00,23.00,54.36,17.25,4800.00,36.80
LNK,2026-01-18 16:54,37.00,23.00,56.54,12.65,5000.00,29.90
LNK,2026-01-18 17:54,36.00,23.00,58.82,12.65,3800.00,M
LNK,2026-01-18 18:20,34.00,23.00,63.69,24.15,2900.00,40.25
LNK,2026-01-18 18:31,34.00,21.00,58.53,19.55,3000.00,40.25
LNK,2026-01-18 18:54,32.00,21.00,63.43,21.85,3400.00,40.25
LNK,2026-01-18 19:54,26.00,14.00,59.93,23.00,4500.00,43.70
LNK,2026-01-18 20:54,19.00,9.00,64.48,12.65,M,35.65
LNK,2026-01-18 21:54,18.00,8.00,64.34,11.50,M,M
LNK,2026-01-18 22:54,19.00,6.00,56.29,23.00,M,32.20
LNK,2026-01-18 23:54,18.00,4.00,53.61,14.95,M,34.50
LNK,2026-01-19 00:54,15.00,5.00,63.93,23.00,M,M
LNK,2026-01-19 01:54,13.00,4.00,66.67,16.10,2500.00,34.50
LNK,2026-01-19 02:54,11.00,0.00,60.48,18.40,M,37.95
LNK,2026-01-19 03:54,10.00,0.00,63.24,17.25,M,M
LNK,2026-01-19 04:54,10.00,-2.00,57.55,20.70,M,M
LNK,2026-01-19 05:54,8.00,-4.00,57.24,12.65,M,M
LNK,2026-01-19 06:54,7.00,-3.00,62.82,11.50,M,M
LNK,2026-01-19 07:54,5.00,-4.00,65.61,10.35,M,M
LNK,2026-01-19 08:54,6.00,-4.00,62.68,11.50,M,M
LNK,2026-01-19 09:54,9.00,-4.00,54.72,12.65,M,M
LNK,2026-01-19 10:54,12.00,-5.00,45.62,9.20,M,M
LNK,2026-01-19 11:54,14.00,-6.00,39.81,8.05,M,M
LNK,2026-01-19 12:54,17.00,-7.00,33.28,13.80,M,M
LNK,2026-01-19 13:54,19.00,-5.00,33.63,14.95,M,M
LNK,2026-01-19 14:54,21.00,-6.00,29.42,10.35,M,M
LNK,2026-01-19 15:54,22.00,-7.00,26.87,12.65,M,M
LNK,2026-01-19 16:54,23.00,0.00,35.98,11.50,M,M
LNK,2026-01-19 17:54,22.00,1.00,39.33,0.00,M,M
LNK,2026-01-19 18:54,15.00,2.00,55.67,3.45,M,M
LNK,2026-01-19 19:54,15.00,4.00,61.06,4.60,12000.00,M
LNK,2026-01-19 20:54,14.00,5.00,66.79,8.05,7500.00,M
LNK,2026-01-19 21:54,17.00,6.00,61.35,6.90,8000.00,M
LNK,2026-01-19 22:54,20.00,6.00,53.93,6.90,7000.00,M
LNK,2026-01-19 23:54,15.00,5.00,63.93,5.75,M,M
LNK,2026-01-20 00:54,16.00,3.00,55.82,4.60,7000.00,M
LNK,2026-01-20 01:54,11.00,4.00,72.84,3.45,6500.00,M
LNK,2026-01-20 02:54,14.00,6.00,69.92,0.00,M,M
LNK,2026-01-20 03:54,9.00,3.00,76.07,4.60,M,M
LNK,2026-01-20 04:54,7.00,3.00,83.26,3.45,M,M
LNK,2026-01-20 05:54,10.00,5.00,79.75,0.00,M,M
LNK,2026-01-20 06:54,11.00,5.00,76.27,0.00,M,M
LNK,2026-01-20 07:54,8.00,3.00,79.57,0.00,M,M
LNK,2026-01-20 08:54,13.00,7.00,76.46,3.45,M,M
LNK,2026-01-20 09:54,18.00,9.00,67.31,6.90,M,M
LNK,2026-01-20 10:54,24.00,7.00,47.66,8.05,M,M
LNK,2026-01-20 11:54,27.00,7.00,42.07,11.50,M,M
LNK,2026-01-20 12:54,30.00,8.00,38.93,11.50,M,M
LNK,2026-01-20 13:54,32.00,9.00,37.55,10.35,M,M
LNK,2026-01-20 14:54,33.00,10.00,37.72,9.20,M,M
LNK,2026-01-20 15:54,36.00,13.00,38.24,6.90,M,M
LNK,2026-01-20 16:54,37.00,16.00,41.91,3.45,M,M
LNK,2026-01-20 17:54,33.00,16.00,49.15,5.75,M,M
LNK,2026-01-20 18:54,32.00,16.00,51.17,4.60,M,M
LNK,2026-01-20 19:54,30.00,15.00,53.12,14.95,11000.00,M
LNK,2026-01-20 20:54,28.00,12.00,50.52,3.45,M,M
LNK,2026-01-20 21:54,28.00,13.00,52.81,4.60,12000.00,M
LNK,2026-01-20 22:54,28.00,13.00,52.81,4.60,10000.00,M
LNK,2026-01-20 23:54,33.00,21.00,60.92,18.40,12000.00,34.50
LNK,2026-01-21 00:54,30.00,20.00,65.92,16.10,M,37.95
LNK,2026-01-21 01:54,28.00,19.00,68.54,9.20,M,M
LNK,2026-01-21 02:54,26.00,18.00,71.31,9.20,M,M
LNK,2026-01-21 03:54,25.00,17.00,71.20,9.20,M,M
LNK,2026-01-21 04:54,22.00,16.00,77.32,5.75,M,M
LNK,2026-01-21 05:54,21.00,16.00,80.67,3.45,M,M
LNK,2026-01-21 06:54,20.00,14.00,77.14,5.75,M,M
LNK,2026-01-21 07:54,20.00,14.00,77.14,9.20,M,M
LNK,2026-01-21 08:54,23.00,15.00,70.97,11.50,M,M
LNK,2026-01-21 09:54,30.00,15.00,53.12,18.40,M,M
LNK,2026-01-21 10:54,37.00,18.00,45.70,27.60,M,36.80
LNK,2026-01-21 11:54,42.00,18.00,37.61,21.85,M,37.95
LNK,2026-01-21 12:54,47.00,14.00,26.12,28.75,M,43.70
LNK,2026-01-21 13:54,46.00,12.00,24.84,28.75,4500.00,56.35
LNK,2026-01-21 14:54,43.00,6.00,21.26,31.05,M,54.05
LNK,2026-01-21 15:54,38.00,6.00,25.82,27.60,4100.00,44.85
LNK,2026-01-21 16:54,35.00,7.00,30.42,19.55,M,42.55
LNK,2026-01-21 17:54,32.00,10.00,39.27,8.05,M,31.05
LNK,2026-01-21 18:54,30.00,6.00,35.55,5.75,M,M
LNK,2026-01-21 19:54,29.00,6.00,37.03,6.90,M,M
LNK,2026-01-21 20:54,27.00,6.00,40.20,5.75,M,M
LNK,2026-01-21 21:54,18.00,6.00,58.76,0.00,M,M
LNK,2026-01-21 22:54,20.00,7.00,56.44,0.00,M,M
LNK,2026-01-21 23:54,15.00,6.00,66.92,3.45,M,M
LNK,2026-01-22 00:54,18.00,7.00,61.49,3.45,M,M
LNK,2026-01-22 01:54,13.00,5.00,69.80,0.00,M,M
LNK,2026-01-22 02:54,13.00,5.00,69.80,0.00,M,M
LNK,2026-01-22 03:54,16.00,8.00,70.16,0.00,12000.00,M
LNK,2026-01-22 04:54,18.00,8.00,64.34,0.00,12000.00,M
LNK,2026-01-22 05:54,19.00,9.00,64.48,0.00,9000.00,M
LNK,2026-01-22 06:54,19.00,10.00,67.43,0.00,9000.00,M
LNK,2026-01-22 07:54,19.00,11.00,70.51,0.00,9000.00,M
LNK,2026-01-22 08:54,22.00,12.00,64.88,4.60,10000.00,M
LNK,2026-01-22 09:54,23.00,12.00,62.20,0.00,7500.00,M
LNK,2026-01-22 10:54,28.00,10.00,46.22,0.00,8000.00,M
LNK,2026-01-22 11:54,33.00,5.00,30.08,11.50,10000.00,M
LNK,2026-01-22 12:54,33.00,5.00,30.08,9.20,11000.00,M
LNK,2026-01-22 13:54,33.00,5.00,30.08,8.05,9500.00,M
LNK,2026-01-22 14:54,34.00,7.00,31.66,14.95,M,M
LNK,2026-01-22 15:54,33.00,7.00,32.95,16.10,M,M
LNK,2026-01-22 16:54,28.00,7.00,40.38,18.40,M,M
LNK,2026-01-22 17:54,23.00,7.00,49.71,13.80,M,M
LNK,2026-01-22 18:54,21.00,4.00,47.16,13.80,M,M
LNK,2026-01-22 19:54,16.00,2.00,53.29,8.05,M,M
LNK,2026-01-22 20:54,15.00,1.00,53.13,13.80,M,M
LNK,2026-01-22 21:54,13.00,-1.00,52.81,19.55,M,M
LNK,2026-01-22 22:54,12.00,-2.00,52.65,14.95,M,M
LNK,2026-01-22 23:54,9.00,-4.00,54.72,14.95,M,M
LNK,2026-01-23 00:54,6.00,-9.00,49.19,19.55,M,M
LNK,2026-01-23 01:54,4.00,-13.00,44.22,19.55,10000.00,M
LNK,2026-01-23 02:54,1.00,-13.00,50.82,19.55,7000.00,32.20
LNK,2026-01-23 03:54,0.00,-15.00,48.16,19.55,6000.00,29.90
LNK,2026-01-23 04:54,-2.00,-17.00,47.81,17.25,6000.00,35.65
LNK,2026-01-23 05:54,-3.00,-19.00,45.25,17.25,7000.00,29.90
LNK,2026-01-23 06:54,-5.00,-23.00,40.43,21.85,7000.00,31.05
LNK,2026-01-23 07:54,-6.00,-23.00,42.42,17.25,8000.00,29.90
LNK,2026-01-23 08:54,-6.00,-24.00,40.24,18.40,7500.00,31.05
LNK,2026-01-23 09:54,-5.00,-23.00,40.43,16.10,8000.00,M
LNK,2026-01-23 10:54,-4.00,-24.00,36.55,16.10,7000.00,M
LNK,2026-01-23 11:54,-3.00,-23.00,36.74,14.95,7500.00,M
LNK,2026-01-23 12:54,-1.00,-22.00,35.22,13.80,8000.00,M
LNK,2026-01-23 13:54,0.00,-23.00,31.88,12.65,6500.00,M
LNK,2026-01-23 14:54,1.00,-22.00,32.06,8.05,7000.00,M
LNK,2026-01-23 15:54,0.00,-23.00,31.88,9.20,8500.00,M
LNK,2026-01-23 16:54,0.00,-22.00,33.60,11.50,7000.00,M
LNK,2026-01-23 17:54,0.00,-22.00,33.60,11.50,7000.00,M
LNK,2026-01-23 18:54,0.00,-20.00,37.29,6.90,5000.00,M
LNK,2026-01-23 19:54,-1.00,-14.00,53.09,8.05,4500.00,M
LNK,2026-01-23 20:20,-1.00,-12.00,58.68,6.90,2900.00,M
LNK,2026-01-23 20:38,-1.00,-11.00,61.67,8.05,3100.00,M
LNK,2026-01-23 20:54,-1.00,-10.00,64.79,9.20,3300.00,M
LNK,2026-01-23 21:33,-1.00,-8.00,71.47,9.20,2500.00,M
LNK,2026-01-23 21:54,-1.00,-8.00,71.47,9.20,2700.00,M
LNK,2026-01-23 21:58,-1.00,-8.00,71.47,10.35,3100.00,M
LNK,2026-01-23 22:28,-1.00,-8.00,71.47,10.35,2700.00,M
LNK,2026-01-23 22:54,-2.00,-8.00,74.93,9.20,2800.00,M
LNK,2026-01-23 23:04,-1.00,-8.00,71.47,9.20,2800.00,M
LNK,2026-01-23 23:12,-1.00,-8.00,71.47,10.35,2900.00,M
LNK,2026-01-23 23:23,-1.00,-8.00,71.47,9.20,3100.00,M
LNK,2026-01-23 23:30,-1.00,-8.00,71.47,9.20,2700.00,M
LNK,2026-01-23 23:54,-1.00,-7.00,75.04,10.35,2100.00,M
LNK,2026-01-24 00:15,-1.00,-8.00,71.47,9.20,2500.00,M
LNK,2026-01-24 00:37,-1.00,-7.00,75.04,8.05,2500.00,M
LNK,2026-01-24 00:54,-1.00,-8.00,71.47,8.05,2300.00,M
LNK,2026-01-24 01:02,-1.00,-7.00,75.04,9.20,2100.00,M
LNK,2026-01-24 01:21,-1.00,-8.00,71.47,8.05,2900.00,M
LNK,2026-01-24 01:35,-1.00,-7.00,75.04,9.20,3300.00,M
LNK,2026-01-24 01:54,-1.00,-8.00,71.47,9.20,3200.00,M
LNK,2026-01-24 02:32,-1.00,-7.00,75.04,9.20,2800.00,M
LNK,2026-01-24 02:54,-1.00,-7.00,75.04,9.20,2400.00,M
LNK,2026-01-24 03:49,-0.40,-7.60,70.85,6.90,2700.00,M
LNK,2026-01-24 03:54,-1.00,-7.00,75.04,6.90,2700.00,M
LNK,2026-01-24 04:50,-0.40,-5.80,77.31,8.05,3000.00,M
LNK,2026-01-24 04:54,-1.00,-7.00,75.04,6.90,3000.00,M
LNK,2026-01-24 05:34,-1.00,-7.00,75.04,6.90,5000.00,M
LNK,2026-01-24 05:54,-1.00,-7.00,75.04,4.60,5000.00,M
LNK,2026-01-24 06:54,-1.00,-7.00,75.04,5.75,3800.00,M
LNK,2026-01-24 07:04,-1.00,-7.00,75.04,6.90,4600.00,M
LNK,2026-01-24 07:42,-1.00,-7.00,75.04,5.75,1600.00,M
LNK,2026-01-24 07:54,-1.00,-7.00,75.04,6.90,3900.00,M
LNK,2026-01-24 08:09,-1.00,-8.00,71.47,5.75,4300.00,M
LNK,2026-01-24 08:54,-1.00,-7.00,75.04,5.75,3200.00,M
LNK,2026-01-24 09:04,0.00,-7.00,71.59,6.90,1500.00,M
LNK,2026-01-24 09:28,0.00,-7.00,71.59,6.90,1500.00,M
LNK,2026-01-24 09:54,1.00,-7.00,68.31,5.75,M,M
LNK,2026-01-24 10:54,2.00,-7.00,65.20,5.75,M,M
LNK,2026-01-24 11:54,2.00,-7.00,65.20,0.00,M,M
LNK,2026-01-24 12:54,4.00,-6.00,62.39,3.45,M,M
LNK,2026-01-24 13:54,4.00,-5.00,65.48,3.45,M,M
LNK,2026-01-24 14:54,5.00,-4.00,65.61,3.45,M,M
LNK,2026-01-24 15:54,5.00,-4.00,65.61,4.60,M,M
LNK,2026-01-24 16:54,4.00,-4.00,68.69,4.60,M,M
LNK,2026-01-24 17:54,4.00,-5.00,65.48,4.60,M,M
LNK,2026-01-24 18:54,4.00,-4.00,68.69,4.60,M,M
LNK,2026-01-24 19:54,4.00,-3.00,72.05,5.75,M,M
LNK,2026-01-24 20:54,4.00,-4.00,68.69,4.60,M,M
LNK,2026-01-24 21:54,2.00,-5.00,71.82,4.60,M,M
LNK,2026-01-24 22:54,-2.00,-7.00,78.67,4.60,M,M
LNK,2026-01-24 23:54,-3.00,-8.00,78.58,3.45,M,M
LNK,2026-01-25 00:54,-4.00,-9.00,78.48,5.75,M,M
LNK,2026-01-25 01:54,-3.00,-7.00,82.50,3.45,M,M
LNK,2026-01-25 02:54,-5.00,-9.00,82.34,0.00,M,M
LNK,2026-01-25 03:54,-8.00,-12.00,82.10,0.00,M,M
LNK,2026-01-25 04:54,-11.00,-16.00,77.82,6.90,M,M
LNK,2026-01-25 05:54,-9.00,-14.00,78.01,4.60,M,M
LNK,2026-01-25 06:54,-11.00,-15.00,81.86,0.00,M,M
LNK,2026-01-25 07:54,-11.00,-16.00,77.82,0.00,M,M
LNK,2026-01-25 08:54,-6.00,-12.00,74.50,0.00,M,M
LNK,2026-01-25 09:54,-1.00,-6.00,78.76,0.00,M,M
LNK,2026-01-25 10:54,4.00,-3.00,72.05,4.60,M,M
LNK,2026-01-25 11:54,8.00,-2.00,62.96,3.45,M,M
LNK,2026-01-25 12:54,10.00,1.00,66.27,4.60,M,M
LNK,2026-01-25 13:54,13.00,2.00,60.77,4.60,M,M
LNK,2026-01-25 14:54,14.00,4.00,63.80,6.90,M,M
LNK,2026-01-25 15:54,14.00,4.00,63.80,5.75,2400.00,M
LNK,2026-01-25 16:21,13.00,4.00,66.67,6.90,2600.00,M
LNK,2026-01-25 16:54,13.00,4.00,66.67,4.60,2500.00,M
LNK,2026-01-25 17:13,12.00,4.00,69.68,4.60,2600.00,M
LNK,2026-01-25 17:54,11.00,4.00,72.84,4.60,M,M
LNK,2026-01-25 18:19,11.00,4.00,72.84,6.90,2600.00,M
LNK,2026-01-25 18:40,12.00,6.00,76.36,6.90,1900.00,M
LNK,2026-01-25 18:47,11.00,6.00,79.83,8.05,1800.00,M
LNK,2026-01-25 18:54,11.00,6.00,79.83,9.20,1800.00,M
LNK,2026-01-25 19:03,12.00,6.00,76.36,12.65,2000.00,M
LNK,2026-01-25 19:54,9.00,1.00,69.31,14.95,3200.00,M
LNK,2026-01-25 20:54,7.00,-1.00,69.07,13.80,M,M
LNK,2026-01-25 21:54,5.00,-2.00,72.17,16.10,M,M
LNK,2026-01-25 22:54,3.00,-5.00,68.57,13.80,M,M
LNK,2026-01-25 23:54,2.00,-6.00,68.44,9.20,M,M
LNK,2026-01-26 00:54,-1.00,-7.00,75.04,5.75,M,M
LNK,2026-01-26 01:54,-2.00,-8.00,74.93,4.60,M,M
LNK,2026-01-26 02:54,-4.00,-9.00,78.48,4.60,M,M
LNK,2026-01-26 03:54,-6.00,-11.00,78.30,3.45,M,M
LNK,2026-01-26 04:54,-6.00,-11.00,78.30,0.00,M,M
LNK,2026-01-26 05:54,-7.00,-13.00,74.39,5.75,M,M
LNK,2026-01-26 06:54,-8.00,-14.00,74.28,3.45,M,M
LNK,2026-01-26 07:54,-9.00,-14.00,78.01,6.90,M,M
LNK,2026-01-26 08:54,-3.00,-10.00,71.23,8.05,M,M
LNK,2026-01-26 09:54,5.00,-4.00,65.61,16.10,M,M
LNK,2026-01-26 10:54,10.00,0.00,63.24,18.40,M,M
LNK,2026-01-26 11:54,15.00,5.00,63.93,19.55,M,31.05
LNK,2026-01-26 12:54,20.00,8.00,59.06,18.40,M,33.35
LNK,2026-01-26 13:54,21.00,9.00,59.20,23.00,M,31.05
LNK,2026-01-26 14:54,22.00,9.00,56.75,21.85,M,32.20
LNK,2026-01-26 15:54,22.00,11.00,62.06,21.85,M,33.35
LNK,2026-01-26 16:54,23.00,12.00,62.20,16.10,M,M
LNK,2026-01-26 17:54,21.00,12.00,67.68,10.35,M,M
LNK,2026-01-26 18:54,21.00,13.00,70.74,8.05,M,M
LNK,2026-01-26 19:54,22.00,14.00,70.86,9.20,M,M
LNK,2026-01-26 20:54,22.00,14.00,70.86,8.05,M,M
LNK,2026-01-26 21:54,21.00,14.00,73.92,3.45,M,M
LNK,2026-01-26 22:54,17.00,12.00,80.34,3.45,M,M
LNK,2026-01-26 23:54,20.00,13.00,73.82,4.60,M,M
LNK,2026-01-27 00:54,17.00,12.00,80.34,0.00,M,M
LNK,2026-01-27 01:54,13.00,9.00,83.69,0.00,M,M
LNK,2026-01-27 02:54,9.00,6.00,87.30,0.00,M,M
LNK,2026-01-27 03:54,13.00,8.00,80.00,4.60,M,M
LNK,2026-01-27 04:54,16.00,9.00,73.39,4.60,M,M
LNK,2026-01-27 05:54,9.00,5.00,83.40,0.00,M,M
LNK,2026-01-27 06:54,6.00,1.00,79.40,5.75,M,M
LNK,2026-01-27 07:54,10.00,4.00,76.17,6.90,M,M
LNK,2026-01-27 08:54,17.00,6.00,61.35,10.35,M,M
LNK,2026-01-27 09:54,20.00,6.00,53.93,12.65,M,M
LNK,2026-01-27 10:54,22.00,4.00,45.20,17.25,M,M
LNK,2026-01-27 11:54,23.00,4.00,43.34,13.80,M,M
LNK,2026-01-27 12:54,24.00,6.00,45.54,13.80,M,M
LNK,2026-01-27 13:54,25.00,5.00,41.73,12.65,11000.00,M
LNK,2026-01-27 14:54,26.00,5.00,40.03,4.60,11000.00,M
LNK,2026-01-27 15:54,26.00,5.00,40.03,9.20,12000.00,M
LNK,2026-01-27 16:54,26.00,4.00,38.23,6.90,11000.00,M
LNK,2026-01-27 17:54,24.00,6.00,45.54,5.75,12000.00,M
LNK,2026-01-27 18:54,24.00,7.00,47.66,3.45,11000.00,M
LNK,2026-01-27 19:54,23.00,7.00,49.71,0.00,10000.00,M
LNK,2026-01-27 20:54,22.00,10.00,59.35,0.00,10000.00,M
LNK,2026-01-27 21:54,19.00,11.00,70.51,0.00,10000.00,M
LNK,2026-01-27 22:54,22.00,10.00,59.35,4.60,10000.00,M
LNK,2026-01-27 23:54,21.00,11.00,64.74,3.45,10000.00,M
LNK,2026-01-28 00:54,19.00,10.00,67.43,0.00,M,M
LNK,2026-01-28 01:54,15.00,8.00,73.28,3.45,M,M
LNK,2026-01-28 02:54,13.00,8.00,80.00,3.45,M,M
LNK,2026-01-28 03:54,12.00,7.00,79.92,8.05,M,M
LNK,2026-01-28 04:54,10.00,6.00,83.47,0.00,M,M
LNK,2026-01-28 05:54,8.00,3.00,79.57,0.00,M,M
LNK,2026-01-28 06:54,9.00,5.00,83.40,0.00,M,M
LNK,2026-01-28 07:54,6.00,3.00,87.13,8.05,M,M
LNK,2026-01-28 08:54,12.00,7.00,79.92,4.60,M,M
LNK,2026-01-28 09:54,18.00,10.00,70.39,5.75,M,M
LNK,2026-01-28 10:54,23.00,12.00,62.20,5.75,M,M
LNK,2026-01-28 11:54,28.00,12.00,50.52,5.75,M,M
LNK,2026-01-28 12:54,30.00,12.00,46.55,5.75,M,M
LNK,2026-01-28 13:54,33.00,12.00,41.23,5.75,M,M
LNK,2026-01-28 14:54,34.00,12.00,39.61,8.05,M,M
LNK,2026-01-28 15:54,34.00,13.00,41.40,5.75,M,M
LNK,2026-01-28 16:54,32.00,15.00,48.98,5.75,M,M
LNK,2026-01-28 17:54,30.00,15.00,53.12,8.05,M,M
LNK,2026-01-28 18:54,28.00,13.00,52.81,8.05,M,M
LNK,2026-01-28 19:54,27.00,7.00,42.07,9.20,M,M
LNK,2026-01-28 20:54,24.00,8.00,49.87,9.20,M,M
LNK,2026-01-28 21:54,23.00,10.00,56.90,6.90,M,M
LNK,2026-01-28 22:54,24.00,9.00,52.17,4.60,M,M
LNK,2026-01-28 23:54,23.00,11.00,59.50,6.90,M,M
LNK,2026-01-29 00:54,19.00,10.00,67.43,8.05,M,M
LNK,2026-01-29 01:54,17.00,10.00,73.50,6.90,M,M
LNK,2026-01-29 02:54,20.00,10.00,64.61,8.05,M,M
LNK,2026-01-29 03:54,19.00,11.00,70.51,4.60,6500.00,M
LNK,2026-01-29 04:54,19.00,11.00,70.51,8.05,6000.00,M
LNK,2026-01-29 05:54,20.00,10.00,64.61,12.65,5000.00,M
LNK,2026-01-29 06:37,17.00,13.00,83.97,11.50,2800.00,M
LNK,2026-01-29 06:54,17.00,13.00,83.97,10.35,2800.00,M
LNK,2026-01-29 07:16,17.00,13.00,83.97,10.35,2300.00,M
LNK,2026-01-29 07:33,17.00,13.00,83.97,10.35,2700.00,M
LNK,2026-01-29 07:40,17.00,14.00,87.75,8.05,2500.00,M
LNK,2026-01-29 07:54,17.00,13.00,83.97,10.35,2100.00,M
LNK,2026-01-29 08:01,17.00,14.00,87.75,8.05,1800.00,M
LNK,2026-01-29 08:24,17.00,13.00,83.97,11.50,2000.00,M
LNK,2026-01-29 08:54,17.00,13.00,83.97,11.50,2700.00,M
LNK,2026-01-29 09:14,18.00,13.00,80.42,10.35,2900.00,M
LNK,2026-01-29 09:20,18.00,13.00,80.42,10.35,3100.00,M
LNK,2026-01-29 09:54,18.00,13.00,80.42,10.35,4700.00,M
LNK,2026-01-29 10:09,18.00,13.00,80.42,10.35,1200.00,M
LNK,2026-01-29 10:49,19.40,12.20,73.10,9.20,1200.00,M
LNK,2026-01-29 10:54,19.00,13.00,77.04,10.35,1200.00,M
LNK,2026-01-29 11:25,20.00,13.00,73.82,8.05,1400.00,M
LNK,2026-01-29 11:52,19.40,14.00,79.14,6.90,1400.00,M
LNK,2026-01-29 11:54,21.00,14.00,73.92,8.05,1400.00,M
LNK,2026-01-29 12:09,20.00,13.00,73.82,5.75,1500.00,M
LNK,2026-01-29 12:29,21.00,13.00,70.74,6.90,1500.00,M
LNK,2026-01-29 12:54,22.00,14.00,70.86,6.90,1600.00,M
LNK,2026-01-29 13:54,22.00,14.00,70.86,3.45,1800.00,M
LNK,2026-01-29 14:08,22.00,14.00,70.86,5.75,1900.00,M
LNK,2026-01-29 14:54,23.00,14.00,67.93,4.60,1900.00,M
LNK,2026-01-29 15:54,23.00,14.00,67.93,3.45,2000.00,M
LNK,2026-01-29 16:54,23.00,14.00,67.93,0.00,5000.00,M
LNK,2026-01-29 17:54,23.00,14.00,67.93,0.00,5000.00,M
LNK,2026-01-29 18:54,23.00,15.00,70.97,0.00,4800.00,M
LNK,2026-01-29 19:54,22.00,15.00,74.03,4.60,4400.00,M
LNK,2026-01-29 20:54,23.00,15.00,70.97,3.45,4600.00,M
LNK,2026-01-29 21:54,22.00,15.00,74.03,0.00,4500.00,M
LNK,2026-01-29 22:54,23.00,16.00,74.13,3.45,4400.00,M
LNK,2026-01-29 23:54,22.00,16.00,77.32,4.60,4300.00,M
LNK,2026-01-30 00:54,22.00,17.00,80.75,3.45,4300.00,M
LNK,2026-01-30 01:54,22.00,17.00,80.75,9.20,3800.00,M
LNK,2026-01-30 02:54,21.00,10.00,61.92,8.05,3200.00,M
LNK,2026-01-30 03:54,19.00,6.00,56.29,11.50,3200.00,M
LNK,2026-01-30 04:54,19.00,8.00,61.64,8.05,3200.00,M
LNK,2026-01-30 05:54,18.00,7.00,61.49,9.20,3200.00,M
LNK,2026-01-30 06:54,16.00,7.00,67.05,14.95,3300.00,M
LNK,2026-01-30 07:54,14.00,6.00,69.92,16.10,3500.00,M
LNK,2026-01-30 08:54,12.00,3.00,66.54,16.10,4200.00,M
LNK,2026-01-30 09:54,12.00,4.00,69.68,13.80,10000.00,M
LNK,2026-01-30 10:54,12.00,3.00,66.54,16.10,1600.00,M
LNK,2026-01-30 11:13,13.00,3.00,63.66,17.25,1500.00,M
LNK,2026-01-30 11:54,12.00,4.00,69.68,13.80,2100.00,M
LNK,2026-01-30 12:54,13.00,4.00,66.67,19.55,2400.00,M
LNK,2026-01-30 13:54,13.00,2.00,60.77,20.70,2700.00,31.05
LNK,2026-01-30 14:42,14.00,3.00,60.92,21.85,2600.00,29.90
LNK,2026-01-30 14:54,14.00,2.00,58.16,20.70,3200.00,32.20
LNK,2026-01-30 15:54,14.00,1.00,55.51,21.85,2700.00,31.05
LNK,2026-01-30 16:12,13.00,0.00,55.35,20.70,2900.00,31.05
LNK,2026-01-30 16:20,12.00,0.00,57.86,19.55,2900.00,31.05
LNK,2026-01-30 16:54,12.00,-2.00,52.65,23.00,2800.00,31.05
LNK,2026-01-30 17:54,9.00,-2.00,60.19,13.80,M,M
LNK,2026-01-30 18:54,8.00,-3.00,60.04,8.05,M,M
LNK,2026-01-30 19:54,6.00,-3.00,65.74,5.75,M,M
LNK,2026-01-30 20:54,5.00,-4.00,65.61,6.90,M,M
LNK,2026-01-30 21:54,5.00,-4.00,65.61,8.05,M,M
LNK,2026-01-30 22:54,-1.00,-7.00,75.04,4.60,M,M
LNK,2026-01-30 23:54,2.00,-5.00,71.82,3.45,M,M
LNK,2026-01-31 00:54,-2.00,-7.00,78.67,0.00,M,M
LNK,2026-01-31 01:54,-4.00,-9.00,78.48,4.60,M,M
LNK,2026-01-31 02:54,-3.00,-8.00,78.58,3.45,M,M
LNK,2026-01-31 03:54,-3.00,-9.00,74.82,0.00,M,M
LNK,2026-01-31 04:54,-4.00,-9.00,78.48,0.00,M,M
LNK,2026-01-31 05:54,-3.00,-8.00,78.58,3.45,M,M
LNK,2026-01-31 06:54,-4.00,-9.00,78.48,3.45,M,M
LNK,2026-01-31 07:54,-5.00,-10.00,78.39,0.00,M,M
LNK,2026-01-31 08:54,0.00,-6.00,75.14,0.00,M,M
LNK,2026-01-31 09:54,8.00,0.00,69.19,5.75,M,M
LNK,2026-01-31 10:54,13.00,0.00,55.35,9.20,M,M
LNK,2026-01-31 11:54,16.00,1.00,50.87,8.05,M,M
LNK,2026-01-31 12:54,19.00,2.00,46.82,12.65,M,M
LNK,2026-01-31 13:54,20.00,2.00,44.86,12.65,M,M
LNK,2026-01-31 14:54,20.00,3.00,46.99,13.80,M,M
LNK,2026-01-31 15:54,20.00,2.00,44.86,12.65,11000.00,M
LNK,2026-01-31 16:54,19.00,4.00,51.36,14.95,10000.00,M
LNK,2026-01-31 17:54,18.00,3.00,51.20,13.80,7500.00,M
LNK,2026-01-31 18:54,17.00,4.00,55.98,13.80,3200.00,M
LNK,2026-01-31 18:59,16.00,6.00,64.07,14.95,2800.00,M
LNK,2026-01-31 19:46,15.00,10.00,80.17,14.95,3000.00,M
LNK,2026-01-31 19:54,15.00,10.00,80.17,14.95,3500.00,M
LNK,2026-01-31 20:02,15.00,10.00,80.17,12.65,4500.00,M
LNK,2026-01-31 20:54,15.00,9.00,76.66,13.80,5000.00,M
LNK,2026-01-31 21:54,16.00,10.00,76.75,11.50,7000.00,M
LNK,2026-01-31 22:54,16.00,10.00,76.75,9.20,5500.00,M
LNK,2026-01-31 23:54,17.00,10.00,73.50,12.65,3000.00,M
LNK,2026-02-01 00:07,16.00,11.00,80.26,10.35,2700.00,M
LNK,2026-02-01 00:15,17.00,11.00,76.85,11.50,2400.00,M
LNK,2026-02-01 00:31,17.00,10.00,73.50,13.80,2600.00,M
LNK,2026-02-01 00:54,17.00,10.00,73.50,12.65,3000.00,M
LNK,2026-02-01 01:54,18.00,10.00,70.39,11.50,4800.00,M
LNK,2026-02-01 02:54,18.00,10.00,70.39,12.65,6000.00,M
LNK,2026-02-01 03:54,16.00,9.00,73.39,6.90,M,M
LNK,2026-02-01 04:54,17.00,10.00,73.50,11.50,5000.00,M
LNK,2026-02-01 05:54,16.00,9.00,73.39,9.20,M,M
LNK,2026-02-01 06:54,15.00,9.00,76.66,8.05,M,M
LNK,2026-02-01 07:54,15.00,9.00,76.66,6.90,M,M
LNK,2026-02-01 08:54,19.00,12.00,73.71,6.90,M,M
LNK,2026-02-01 09:54,25.00,16.00,68.18,5.75,M,M
LNK,2026-02-01 10:54,32.00,22.00,66.17,6.90,M,M
LNK,2026-02-01 11:54,40.00,27.00,59.39,5.75,M,M
LNK,2026-02-01 12:54,47.00,30.00,51.37,11.50,M,M
LNK,2026-02-01 13:54,47.00,32.00,55.71,11.50,M,M
LNK,2026-02-01 14:54,47.00,32.00,55.71,17.25,M,M
LNK,2026-02-01 15:54,47.00,32.00,55.71,13.80,M,M
LNK,2026-02-01 16:54,44.00,32.00,62.43,11.50,M,M
LNK,2026-02-01 17:54,35.00,28.00,75.34,10.35,M,M
LNK,2026-02-01 18:54,30.00,26.00,84.84,10.35,M,M
LNK,2026-02-01 19:54,32.00,28.00,84.97,4.60,M,M
LNK,2026-02-01 20:54,26.00,24.00,92.00,0.00,M,M
LNK,2026-02-01 21:54,23.00,22.00,95.87,0.00,M,M
LNK,2026-02-01 22:54,23.00,22.00,95.87,3.45,M,M
LNK,2026-02-01 23:54,24.00,23.00,95.89,0.00,M,M
LNK,2026-02-02 00:54,21.00,19.00,91.82,0.00,M,M
LNK,2026-02-02 01:54,21.00,20.00,95.83,0.00,M,M
LNK,2026-02-02 02:54,20.00,19.00,95.81,0.00,M,M
LNK,2026-02-02 03:54,16.00,14.00,91.64,8.05,M,M
LNK,2026-02-02 04:54,18.00,17.00,95.78,0.00,M,M
LNK,2026-02-02 05:54,18.00,17.00,95.78,0.00,M,M
LNK,2026-02-02 06:54,17.00,15.00,91.67,0.00,M,M
LNK,2026-02-02 07:54,18.00,15.00,87.80,0.00,M,M
LNK,2026-02-02 08:54,22.00,19.00,88.01,0.00,M,M
LNK,2026-02-02 09:54,28.00,25.00,88.32,4.60,M,M
LNK,2026-02-02 10:54,37.00,29.00,72.52,4.60,M,M
LNK,2026-02-02 11:54,41.00,29.00,62.02,11.50,M,M
LNK,2026-02-02 12:54,42.00,29.00,59.67,10.35,M,M
LNK,2026-02-02 13:54,42.00,29.00,59.67,10.35,M,M
LNK,2026-02-02 14:54,43.00,29.00,57.42,10.35,M,M
LNK,2026-02-02 15:54,43.00,29.00,57.42,6.90,M,M
LNK,2026-02-02 16:54,41.00,29.00,62.02,3.45,M,M
LNK,2026-02-02 17:54,34.00,26.00,72.20,3.45,M,M
LNK,2026-02-02 18:54,32.00,26.00,78.23,5.75,4000.00,M
LNK,2026-02-02 19:54,33.00,28.00,81.62,0.00,3800.00,M
LNK,2026-02-02 20:54,31.00,27.00,84.90,5.75,M,M
LNK,2026-02-02 21:54,28.00,25.00,88.32,4.60,M,M
LNK,2026-02-02 22:54,28.00,26.00,92.07,8.05,M,M
LNK,2026-02-02 23:54,24.00,23.00,95.89,5.75,M,M
LNK,2026-02-03 00:54,26.00,22.00,84.58,5.75,M,M
LNK,2026-02-03 01:54,24.00,21.00,88.12,4.60,M,M
LNK,2026-02-03 02:54,23.00,21.00,91.90,0.00,4500.00,M
LNK,2026-02-03 03:54,25.00,23.00,91.97,5.75,4200.00,M
LNK,2026-02-03 04:45,26.00,24.00,92.00,4.60,2900.00,M
LNK,2026-02-03 04:54,27.00,24.00,88.27,3.45,2900.00,M
LNK,2026-02-03 05:30,27.00,23.00,84.65,0.00,2800.00,M
LNK,2026-02-03 05:54,27.00,24.00,88.27,5.75,3800.00,M
LNK,2026-02-03 06:54,27.00,23.00,84.65,4.60,3300.00,M
LNK,2026-02-03 07:50,28.40,24.80,86.16,6.90,2400.00,M
LNK,2026-02-03 07:54,28.00,24.00,84.71,5.75,2400.00,M
LNK,2026-02-03 08:54,29.00,24.00,81.31,4.60,2500.00,M
LNK,2026-02-03 09:54,29.00,24.00,81.31,6.90,2400.00,M
LNK,2026-02-03 10:54,30.00,24.00,78.06,3.45,2200.00,M
LNK,2026-02-03 11:29,30.00,25.00,81.39,5.75,1800.00,M
LNK,2026-02-03 11:54,29.00,25.00,84.78,0.00,1200.00,M
LNK,2026-02-03 12:10,29.00,25.00,84.78,3.45,1200.00,M
LNK,2026-02-03 12:46,29.00,26.00,88.37,3.45,1000.00,M
LNK,2026-02-03 12:54,29.00,25.00,84.78,3.45,1000.00,M
LNK,2026-02-03 13:21,29.00,26.00,88.37,3.45,900.00,M
LNK,2026-02-03 13:54,30.00,26.00,84.84,4.60,900.00,M
LNK,2026-02-03 14:19,30.00,25.00,81.39,4.60,1000.00,M
LNK,2026-02-03 14:52,30.20,24.80,80.06,5.75,1200.00,M
LNK,2026-02-03 14:54,31.00,24.00,74.95,6.90,1200.00,M
LNK,2026-02-03 15:19,31.00,25.00,78.15,6.90,1800.00,M
LNK,2026-02-03 15:38,31.00,25.00,78.15,8.05,1600.00,M
LNK,2026-02-03 15:54,31.00,25.00,78.15,4.60,2000.00,M
LNK,2026-02-03 16:35,31.00,25.00,78.15,4.60,1400.00,M
LNK,2026-02-03 16:43,31.00,25.00,78.15,4.60,1600.00,M
LNK,2026-02-03 16:54,32.00,25.00,75.05,4.60,1600.00,M
LNK,2026-02-03 17:29,31.00,25.00,78.15,4.60,2400.00,M
LNK,2026-02-03 17:54,31.00,24.00,74.95,3.45,2300.00,M
LNK,2026-02-03 18:54,31.00,24.00,74.95,0.00,1900.00,M
LNK,2026-02-03 19:14,31.00,24.00,74.95,0.00,1800.00,M
LNK,2026-02-03 19:35,31.00,24.00,74.95,0.00,1800.00,M
LNK,2026-02-03 19:49,30.20,24.80,80.06,0.00,2900.00,M
LNK,2026-02-03 19:54,30.00,24.00,78.06,0.00,2700.00,M
LNK,2026-02-03 20:43,31.00,24.00,74.95,0.00,3000.00,M
LNK,2026-02-03 20:54,31.00,24.00,74.95,0.00,3200.00,M
LNK,2026-02-03 21:54,30.00,23.00,74.85,0.00,3300.00,M
LNK,2026-02-03 22:50,30.20,24.80,80.06,0.00,1900.00,M
LNK,2026-02-03 22:54,30.00,25.00,81.39,0.00,1800.00,M
LNK,2026-02-03 23:54,30.00,25.00,81.39,0.00,1700.00,M
LNK,2026-02-04 00:26,29.00,25.00,84.78,0.00,2800.00,M
LNK,2026-02-04 00:54,29.00,25.00,84.78,0.00,2600.00,M
LNK,2026-02-04 01:54,30.00,25.00,81.39,0.00,1500.00,M
LNK,2026-02-04 02:54,30.00,25.00,81.39,0.00,2400.00,M
LNK,2026-02-04 03:54,30.00,25.00,81.39,0.00,1900.00,M
LNK,2026-02-04 04:54,30.00,26.00,84.84,0.00,2000.00,M
LNK,2026-02-04 05:34,30.00,26.00,84.84,0.00,1800.00,M
LNK,2026-02-04 05:54,31.00,27.00,84.90,0.00,1600.00,M
LNK,2026-02-04 06:19,32.00,28.00,84.97,5.75,1300.00,M
LNK,2026-02-04 06:54,33.00,29.00,85.03,4.60,1200.00,M
LNK,2026-02-04 07:41,32.00,29.00,88.53,0.00,1200.00,M
LNK,2026-02-04 07:54,32.00,29.00,88.53,0.00,2700.00,M
LNK,2026-02-04 08:54,33.00,29.00,85.03,0.00,2400.00,M
LNK,2026-02-04 09:15,33.00,30.00,88.57,3.45,1100.00,M
LNK,2026-02-04 09:20,33.00,30.00,88.57,4.60,1100.00,M
LNK,2026-02-04 09:30,33.00,31.00,92.25,4.60,1000.00,M
LNK,2026-02-04 09:38,34.00,31.00,88.62,5.75,1000.00,M
LNK,2026-02-04 09:47,34.00,32.00,92.28,5.75,800.00,M
LNK,2026-02-04 09:54,34.00,32.00,92.28,5.75,800.00,M
LNK,2026-02-04 10:03,34.00,32.00,92.28,5.75,800.00,M
LNK,2026-02-04 10:54,34.00,33.00,96.07,3.45,500.00,M
LNK,2026-02-04 11:01,34.00,33.00,96.07,6.90,700.00,M
LNK,2026-02-04 11:14,36.00,33.00,88.72,9.20,700.00,M
LNK,2026-02-04 11:26,36.00,33.00,88.72,9.20,1300.00,M
LNK,2026-02-04 11:54,35.00,32.00,88.67,18.40,1200.00,M
LNK,2026-02-04 12:41,35.00,30.00,81.77,17.25,1700.00,M
LNK,2026-02-04 12:54,35.00,31.00,85.16,14.95,1500.00,M
LNK,2026-02-04 13:54,35.00,29.00,78.50,12.65,1500.00,M
LNK,2026-02-04 14:30,35.00,28.00,75.34,11.50,1900.00,M
LNK,2026-02-04 14:54,35.00,27.00,72.30,12.65,2000.00,M
LNK,2026-02-04 15:54,33.00,25.00,72.09,10.35,1800.00,M
LNK,2026-02-04 16:54,32.00,25.00,75.05,9.20,1600.00,M
LNK,2026-02-04 17:54,31.00,24.00,74.95,6.90,1600.00,M
LNK,2026-02-04 18:54,30.00,23.00,74.85,5.75,1600.00,M
LNK,2026-02-04 19:54,30.00,24.00,78.06,4.60,1600.00,M
LNK,2026-02-04 20:32,28.00,23.00,81.23,0.00,1400.00,M
LNK,2026-02-04 20:54,27.00,23.00,84.65,0.00,1400.00,M
LNK,2026-02-04 21:10,27.00,23.00,84.65,0.00,1400.00,M
LNK,2026-02-04 21:54,22.00,20.00,91.86,3.45,M,M
LNK,2026-02-04 22:54,24.00,22.00,91.93,5.75,M,M
LNK,2026-02-04 23:54,26.00,23.00,88.22,5.75,M,M
LNK,2026-02-05 00:54,25.00,22.00,88.17,8.05,M,M
LNK,2026-02-05 01:54,22.00,20.00,91.86,5.75,M,M
LNK,2026-02-05 02:54,27.00,24.00,88.27,8.05,M,M
LNK,2026-02-05 03:54,29.00,26.00,88.37,6.90,M,M
LNK,2026-02-05 04:54,29.00,26.00,88.37,8.05,M,M
LNK,2026-02-05 05:54,29.00,26.00,88.37,6.90,M,M
LNK,2026-02-05 06:54,32.00,26.00,78.23,8.05,M,M
LNK,2026-02-05 07:54,33.00,26.00,75.15,5.75,M,M
LNK,2026-02-05 08:54,39.00,28.00,64.35,6.90,M,M
LNK,2026-02-05 09:54,47.00,32.00,55.71,13.80,M,M
LNK,2026-02-05 10:54,54.00,34.00,46.56,18.40,M,M
LNK,2026-02-05 11:54,59.00,35.00,40.44,13.80,M,M
LNK,2026-02-05 12:54,63.00,36.00,36.52,18.40,M,M
LNK,2026-02-05 13:54,65.00,36.00,34.05,19.55,M,M
LNK,2026-02-05 14:54,65.00,36.00,34.05,21.85,M,31.05
LNK,2026-02-05 15:54,65.00,36.00,34.05,17.25,M,29.90
LNK,2026-02-05 16:54,62.00,36.00,37.83,13.80,M,M
LNK,2026-02-05 17:54,56.00,35.00,45.05,4.60,M,M
LNK,2026-02-05 18:54,41.00,32.00,70.06,3.45,M,M
LNK,2026-02-05 19:54,42.00,32.00,67.41,0.00,M,M
LNK,2026-02-05 20:54,40.00,32.00,72.84,0.00,M,M
LNK,2026-02-05 21:54,36.00,29.00,75.44,0.00,M,M
LNK,2026-02-05 22:54,40.00,31.00,69.95,3.45,M,M
LNK,2026-02-05 23:54,34.00,29.00,81.69,3.45,M,M
LNK,2026-02-06 00:54,33.00,28.00,81.62,3.45,M,M
LNK,2026-02-06 01:54,37.00,30.00,75.54,0.00,M,M
LNK,2026-02-06 02:54,45.00,32.00,60.09,9.20,M,M
LNK,2026-02-06 03:54,48.00,33.00,55.86,16.10,M,M
LNK,2026-02-06 04:54,46.00,34.00,62.69,16.10,M,M
LNK,2026-02-06 05:54,44.00,34.00,67.65,12.65,M,M
LNK,2026-02-06 06:54,41.00,34.00,75.92,16.10,M,M
LNK,2026-02-06 07:54,39.00,33.00,78.84,23.00,M,29.90
LNK,2026-02-06 08:16,40.00,33.00,75.83,16.10,2000.00,32.20
LNK,2026-02-06 08:40,40.00,33.00,75.83,13.80,2000.00,32.20
LNK,2026-02-06 08:54,41.00,33.00,72.94,14.95,2000.00,32.20
LNK,2026-02-06 09:35,42.00,32.00,67.41,20.70,2300.00,33.35
LNK,2026-02-06 09:54,42.00,32.00,67.41,26.45,2200.00,37.95
LNK,2026-02-06 10:54,44.00,32.00,62.43,23.00,2500.00,32.20
LNK,2026-02-06 11:54,47.00,32.00,55.71,21.85,2800.00,31.05
LNK,2026-02-06 12:13,48.00,31.00,51.53,24.15,2800.00,29.90
LNK,2026-02-06 12:54,48.00,31.00,51.53,19.55,3000.00,29.90
LNK,2026-02-06 13:54,50.00,31.00,47.82,21.85,3400.00,35.65
LNK,2026-02-06 14:54,49.00,31.00,49.63,17.25,M,M
LNK,2026-02-06 15:54,47.00,30.00,51.37,16.10,M,M
LNK,2026-02-06 16:54,45.00,30.00,55.41,12.65,M,M
LNK,2026-02-06 17:54,41.00,29.00,62.02,8.05,M,M
LNK,2026-02-06 18:54,38.00,29.00,69.72,8.05,M,M
LNK,2026-02-06 19:54,31.00,26.00,81.46,5.75,M,M
LNK,2026-02-06 20:54,27.00,24.00,88.27,0.00,M,M
LNK,2026-02-06 21:54,27.00,24.00,88.27,0.00,M,M
LNK,2026-02-06 22:54,24.00,22.00,91.93,0.00,M,M
LNK,2026-02-06 23:54,23.00,22.00,95.87,3.45,M,M
LNK,2026-02-07 00:54,21.00,19.00,91.82,0.00,M,M
LNK,2026-02-07 01:54,22.00,20.00,91.86,0.00,M,M
LNK,2026-02-07 02:54,22.00,19.00,88.01,0.00,M,M
LNK,2026-02-07 03:54,22.00,20.00,91.86,0.00,M,M
LNK,2026-02-07 04:54,20.00,17.00,87.91,0.00,M,M
LNK,2026-02-07 05:54,20.00,17.00,87.91,0.00,M,M
LNK,2026-02-07 06:54,19.00,16.00,87.85,0.00,M,M
LNK,2026-02-07 07:54,23.00,17.00,77.42,3.45,M,M
LNK,2026-02-07 08:54,29.00,22.00,74.75,6.90,M,M
LNK,2026-02-07 09:54,34.00,23.00,63.69,16.10,M,M
LNK,2026-02-07 10:54,41.00,23.00,48.36,14.95,M,M
LNK,2026-02-07 11:54,46.00,24.00,41.64,17.25,M,M
LNK,2026-02-07 12:54,47.00,26.00,43.58,14.95,M,M
LNK,2026-02-07 13:54,47.00,27.00,45.43,17.25,M,29.90
LNK,2026-02-07 14:54,50.00,28.00,42.31,18.40,M,32.20
LNK,2026-02-07 15:54,49.00,29.00,45.75,18.40,M,33.35
LNK,2026-02-07 16:54,49.00,31.00,49.63,14.95,M,32.20
LNK,2026-02-07 17:54,41.00,29.00,62.02,9.20,M,M
LNK,2026-02-07 18:54,37.00,28.00,69.60,8.05,M,M
LNK,2026-02-07 19:54,38.00,28.00,66.92,9.20,M,M
LNK,2026-02-07 20:54,35.00,27.00,72.30,4.60,M,M
LNK,2026-02-07 21:54,34.00,26.00,72.20,8.05,M,M
LNK,2026-02-07 22:54,33.00,26.00,75.15,0.00,M,M
LNK,2026-02-07 23:54,31.00,25.00,78.15,0.00,M,M
LNK,2026-02-08 00:54,24.00,22.00,91.93,6.90,M,M
LNK,2026-02-08 01:54,25.00,22.00,88.17,0.00,M,M
LNK,2026-02-08 02:54,27.00,22.00,81.15,0.00,M,M
LNK,2026-02-08 03:54,23.00,20.00,88.07,0.00,M,M
LNK,2026-02-08 04:54,21.00,18.00,87.96,0.00,M,M
LNK,2026-02-08 05:54,21.00,19.00,91.82,0.00,M,M
LNK,2026-02-08 06:54,24.00,21.00,88.12,0.00,M,M
LNK,2026-02-08 07:54,23.00,20.00,88.07,5.75,M,M
LNK,2026-02-08 08:54,34.00,28.00,78.41,3.45,M,M
LNK,2026-02-08 09:54,43.00,31.00,62.29,0.00,M,M
LNK,2026-02-08 10:54,51.00,32.00,47.98,4.60,M,M
LNK,2026-02-08 11:54,53.00,32.00,44.57,8.05,M,M
LNK,2026-02-08 12:54,57.00,31.00,37.00,4.60,M,M
LNK,2026-02-08 13:54,62.00,29.00,28.54,11.50,M,M
LNK,2026-02-08 14:54,64.00,29.00,26.60,9.20,M,M
LNK,2026-02-08 15:54,63.00,28.00,26.44,9.20,M,M
LNK,2026-02-08 16:54,62.00,28.00,27.39,4.60,M,M
LNK,2026-02-08 17:54,52.00,27.00,37.70,5.75,M,M
LNK,2026-02-08 18:54,46.00,26.00,45.26,0.00,M,M
LNK,2026-02-08 19:54,40.00,26.00,56.98,0.00,M,M
LNK,2026-02-08 20:54,34.00,24.00,66.42,0.00,M,M
LNK,2026-02-08 21:54,34.00,23.00,63.69,0.00,M,M
LNK,2026-02-08 22:54,29.00,22.00,74.75,0.00,M,M
LNK,2026-02-08 23:54,26.00,20.00,77.69,4.60,M,M
LNK,2026-02-09 00:54,26.00,20.00,77.69,0.00,M,M
LNK,2026-02-09 01:54,28.00,22.00,77.88,0.00,M,M
LNK,2026-02-09 02:54,24.00,20.00,84.45,3.45,M,M
LNK,2026-02-09 03:54,25.00,20.00,80.99,0.00,M,M
LNK,2026-02-09 04:54,26.00,21.00,81.07,0.00,M,M
LNK,2026-02-09 05:54,26.00,21.00,81.07,0.00,M,M
LNK,2026-02-09 06:54,24.00,20.00,84.45,0.00,M,M
LNK,2026-02-09 07:54,27.00,22.00,81.15,0.00,M,M
LNK,2026-02-09 08:54,34.00,28.00,78.41,3.45,M,M
LNK,2026-02-09 09:54,49.00,31.00,49.63,8.05,M,M
LNK,2026-02-09 10:54,55.00,30.00,38.20,10.35,M,M
LNK,2026-02-09 11:54,59.00,30.00,33.07,10.35,M,M
LNK,2026-02-09 12:54,66.00,30.00,25.85,13.80,M,M
LNK,2026-02-09 13:54,71.00,30.00,21.77,16.10,M,M
LNK,2026-02-09 14:54,74.00,30.00,19.68,18.40,M,M
LNK,2026-02-09 15:54,75.00,31.00,19.82,16.10,M,M
LNK,2026-02-09 16:54,71.00,31.00,22.68,11.50,M,29.90
LNK,2026-02-09 17:54,60.00,32.00,34.60,6.90,M,M
LNK,2026-02-09 18:54,61.00,34.00,36.19,6.90,M,M
LNK,2026-02-09 19:54,52.00,33.00,48.14,9.20,M,M
LNK,2026-02-09 20:54,59.00,36.00,42.08,10.35,M,M
LNK,2026-02-09 21:54,49.00,33.00,53.80,8.05,M,M
LNK,2026-02-09 22:16,58.00,36.00,43.62,16.10,M,29.90
LNK,2026-02-09 22:35,46.00,29.00,51.22,16.10,M,29.90
LNK,2026-02-09 22:54,45.00,29.00,53.20,13.80,M,29.90
LNK,2026-02-09 23:54,41.00,29.00,62.02,13.80,M,M
LNK,2026-02-10 00:54,40.00,30.00,67.16,18.40,M,31.05
LNK,2026-02-10 01:54,39.00,30.00,69.84,16.10,M,29.90
LNK,2026-02-10 02:54,38.00,30.00,72.62,12.65,M,M
LNK,2026-02-10 03:54,37.00,29.00,72.52,14.95,M,M
LNK,2026-02-10 04:54,36.00,28.00,72.41,17.25,M,M
LNK,2026-02-10 05:54,36.00,26.00,66.67,14.95,M,M
LNK,2026-02-10 06:54,33.00,26.00,75.15,11.50,M,M
LNK,2026-02-10 07:54,34.00,26.00,72.20,9.20,M,M
LNK,2026-02-10 08:54,40.00,27.00,59.39,16.10,M,M
LNK,2026-02-10 09:54,41.00,27.00,57.13,18.40,M,M
LNK,2026-02-10 10:54,43.00,28.00,55.11,13.80,M,M
LNK,2026-02-10 11:54,46.00,28.00,49.16,16.10,M,M
LNK,2026-02-10 12:54,47.00,28.00,47.34,18.40,M,M
LNK,2026-02-10 13:54,49.00,28.00,43.91,18.40,M,31.05
LNK,2026-02-10 14:54,50.00,27.00,40.60,18.40,M,M
LNK,2026-02-10 15:54,49.00,25.00,38.79,16.10,M,M
LNK,2026-02-10 16:54,47.00,25.00,41.81,13.80,M,M
LNK,2026-02-10 17:54,39.00,23.00,52.27,9.20,M,M
LNK,2026-02-10 18:54,37.00,23.00,56.54,4.60,M,M
LNK,2026-02-10 19:54,31.00,21.00,66.04,6.90,M,M
LNK,2026-02-10 20:54,33.00,22.00,63.56,4.60,M,M
LNK,2026-02-10 21:54,31.00,21.00,66.04,0.00,M,M
LNK,2026-02-10 22:54,25.00,20.00,80.99,3.45,M,M
LNK,2026-02-10 23:54,24.00,19.00,80.91,5.75,M,M
LNK,2026-02-11 00:54,24.00,20.00,84.45,0.00,M,M
LNK,2026-02-11 01:54,22.00,19.00,88.01,3.45,M,M
LNK,2026-02-11 02:54,24.00,19.00,80.91,3.45,M,M
LNK,2026-02-11 03:54,20.00,18.00,91.79,0.00,M,M
LNK,2026-02-11 04:54,19.00,15.00,84.11,0.00,M,M
LNK,2026-02-11 05:54,18.00,15.00,87.80,0.00,M,M
LNK,2026-02-11 06:54,17.00,13.00,83.97,3.45,M,M
LNK,2026-02-11 07:54,17.00,13.00,83.97,0.00,M,M
LNK,2026-02-11 08:54,24.00,19.00,80.91,0.00,M,M
LNK,2026-02-11 09:54,33.00,26.00,75.15,0.00,M,M
LNK,2026-02-11 10:54,43.00,27.00,52.89,9.20,M,M
LNK,2026-02-11 11:54,47.00,24.00,40.10,16.10,10000.00,M
LNK,2026-02-11 12:54,48.00,25.00,40.27,12.65,10000.00,M
LNK,2026-02-11 13:54,49.00,23.00,35.67,10.35,11000.00,M
LNK,2026-02-11 14:54,51.00,22.00,31.75,10.35,12000.00,M
LNK,2026-02-11 15:54,53.00,22.00,29.49,6.90,11000.00,M
LNK,2026-02-11 16:54,50.00,22.00,32.95,9.20,M,M
LNK,2026-02-11 17:54,40.00,21.00,46.20,9.20,M,M
LNK,2026-02-11 18:54,39.00,22.00,50.11,6.90,M,M
LNK,2026-02-11 19:54,38.00,22.00,52.11,6.90,M,M
LNK,2026-02-11 20:54,35.00,21.00,56.24,6.90,M,M
LNK,2026-02-11 21:54,38.00,21.00,49.95,3.45,M,M
LNK,2026-02-11 22:54,35.00,23.00,61.20,3.45,11000.00,M
LNK,2026-02-11 23:54,36.00,22.00,56.39,3.45,M,M
LNK,2026-02-12 00:54,35.00,22.00,58.67,0.00,11000.00,M
LNK,2026-02-12 01:54,36.00,22.00,56.39,6.90,M,M
LNK,2026-02-12 02:54,32.00,20.00,60.78,4.60,M,M
LNK,2026-02-12 03:54,32.00,20.00,60.78,5.75,M,M
LNK,2026-02-12 04:54,32.00,20.00,60.78,3.45,M,M
LNK,2026-02-12 05:54,30.00,21.00,68.78,6.90,M,M
LNK,2026-02-12 06:54,31.00,20.00,63.29,4.60,9500.00,M
LNK,2026-02-12 07:54,31.00,20.00,63.29,4.60,M,M
LNK,2026-02-12 08:54,36.00,22.00,56.39,8.05,M,M
LNK,2026-02-12 09:54,43.00,22.00,42.92,9.20,M,M
LNK,2026-02-12 10:54,49.00,22.00,34.20,9.20,M,M
LNK,2026-02-12 11:54,53.00,22.00,29.49,13.80,M,M
LNK,2026-02-12 12:54,54.00,23.00,29.65,9.20,M,M
LNK,2026-02-12 13:54,58.00,25.00,27.89,9.20,M,M
LNK,2026-02-12 14:54,60.00,27.00,28.22,6.90,M,M
LNK,2026-02-12 15:54,60.00,28.00,29.40,5.75,M,M
LNK,2026-02-12 16:54,58.00,27.00,30.31,5.75,M,M
LNK,2026-02-12 17:54,50.00,26.00,38.95,5.75,M,M
LNK,2026-02-12 18:54,39.00,25.00,56.84,5.75,M,M
LNK,2026-02-12 19:54,38.00,24.00,56.69,0.00,M,M
LNK,2026-02-12 20:54,35.00,23.00,61.20,8.05,M,M
LNK,2026-02-12 21:54,32.00,22.00,66.17,10.35,M,M
LNK,2026-02-12 22:54,31.00,22.00,68.90,5.75,M,M
LNK,2026-02-12 23:54,31.00,22.00,68.90,0.00,M,M
LNK,2026-02-13 00:54,28.00,21.00,74.65,0.00,M,M
LNK,2026-02-13 01:54,26.00,21.00,81.07,0.00,M,M
LNK,2026-02-13 02:54,23.00,18.00,80.83,0.00,M,M
LNK,2026-02-13 03:54,26.00,20.00,77.69,0.00,M,M
LNK,2026-02-13 04:54,22.00,17.00,80.75,0.00,M,M
LNK,2026-02-13 05:54,23.00,18.00,80.83,0.00,M,M
LNK,2026-02-13 06:54,24.00,18.00,77.51,0.00,M,M
LNK,2026-02-13 07:54,22.00,17.00,80.75,0.00,M,M
LNK,2026-02-13 08:54,39.00,27.00,61.75,0.00,M,M
LNK,2026-02-13 09:54,39.00,27.00,61.75,3.45,M,M
LNK,2026-02-13 10:54,48.20,28.40,46.00,4.60,10000.00,M
LNK,2026-02-13 11:54,55.00,29.00,36.67,4.60,M,M
LNK,2026-02-13 12:54,60.00,26.00,27.07,3.45,M,M
LNK,2026-02-13 13:54,64.00,22.00,19.88,12.65,M,M
LNK,2026-02-13 14:54,66.00,19.00,16.32,11.50,M,M
LNK,2026-02-13 15:54,66.00,17.00,14.98,11.50,M,M
LNK,2026-02-13 16:54,64.00,19.00,17.50,10.35,M,M
LNK,2026-02-13 17:54,54.00,18.00,23.97,6.90,M,M
LNK,2026-02-13 18:54,53.00,18.00,24.86,4.60,M,M
LNK,2026-02-13 19:54,45.00,21.00,38.11,0.00,M,M
LNK,2026-02-13 20:54,39.00,20.00,46.03,0.00,11000.00,M
LNK,2026-02-13 21:54,38.00,20.00,47.87,0.00,12000.00,M
LNK,2026-02-13 22:54,39.00,21.00,48.03,0.00,12000.00,M
LNK,2026-02-13 23:54,37.00,20.00,49.79,4.60,M,M
LNK,2026-02-14 00:54,34.00,20.00,56.09,6.90,M,M
LNK,2026-02-14 01:54,37.00,21.00,51.96,0.00,12000.00,M
LNK,2026-02-14 02:54,37.00,22.00,54.21,5.75,10000.00,M
LNK,2026-02-14 03:54,37.00,23.00,56.54,4.60,11000.00,M
LNK,2026-02-14 04:54,38.00,24.00,56.69,4.60,11000.00,M
LNK,2026-02-14 05:54,39.00,25.00,56.84,0.00,7000.00,M
LNK,2026-02-14 06:54,40.00,26.00,56.98,0.00,11000.00,M
LNK,2026-02-14 07:54,40.00,27.00,59.39,4.60,1000.00,M
LNK,2026-02-14 08:17,42.00,26.00,52.74,6.90,1000.00,M
LNK,2026-02-14 08:54,43.00,27.00,52.89,4.60,800.00,M
LNK,2026-02-14 09:05,44.00,28.00,53.04,3.45,800.00,M
LNK,2026-02-14 09:40,46.00,30.00,53.35,3.45,800.00,M
LNK,2026-02-14 09:54,48.00,33.00,55.86,4.60,1000.00,M
LNK,2026-02-14 10:00,48.00,33.00,55.86,5.75,800.00,M
LNK,2026-02-14 10:54,49.00,38.00,65.62,6.90,900.00,M
LNK,2026-02-14 11:13,50.00,39.00,65.75,5.75,1000.00,M
LNK,2026-02-14 11:43,52.00,40.00,63.48,5.75,900.00,M
LNK,2026-02-14 11:52,51.80,39.20,61.99,5.75,900.00,M
LNK,2026-02-14 11:54,52.00,40.00,63.48,5.75,900.00,M
LNK,2026-02-14 12:54,55.00,42.00,61.46,6.90,10000.00,M
LNK,2026-02-14 13:54,58.00,44.00,59.54,9.20,7000.00,M
LNK,2026-02-14 14:54,59.00,44.00,57.44,8.05,M,M
LNK,2026-02-14 15:54,61.00,44.00,53.50,9.20,M,M
LNK,2026-02-14 16:54,59.00,43.00,55.29,11.50,M,M
LNK,2026-02-14 17:54,54.00,43.00,66.24,5.75,M,M
LNK,2026-02-14 18:54,49.00,41.00,73.76,0.00,M,M
LNK,2026-02-14 19:54,43.00,39.00,85.65,0.00,M,M
LNK,2026-02-14 20:54,36.00,34.00,92.35,3.45,M,M
LNK,2026-02-14 21:54,40.00,35.00,82.14,0.00,10000.00,M
LNK,2026-02-14 22:54,37.00,34.00,88.77,6.90,11000.00,M
LNK,2026-02-14 23:54,35.00,32.00,88.67,0.00,M,M
LNK,2026-02-15 00:54,30.00,29.00,96.00,4.60,M,M
LNK,2026-02-15 01:54,31.00,30.00,96.02,3.45,M,M
LNK,2026-02-15 02:54,31.00,30.00,96.02,0.00,M,M
LNK,2026-02-15 03:13,30.00,29.00,96.00,0.00,200.00,M
LNK,2026-02-15 03:54,31.00,29.00,92.18,0.00,M,M
LNK,2026-02-15 04:54,30.00,29.00,96.00,4.60,M,M
LNK,2026-02-15 05:40,30.00,30.00,100.00,3.45,M,M
LNK,2026-02-15 05:46,30.00,30.00,100.00,0.00,M,M
LNK,2026-02-15 05:54,32.00,31.00,96.04,0.00,M,M
LNK,2026-02-15 06:54,28.00,27.00,95.96,3.45,M,M
LNK,2026-02-15 07:54,27.00,27.00,100.00,0.00,M,M
LNK,2026-02-15 08:54,35.00,32.00,88.67,0.00,M,M
LNK,2026-02-15 09:54,43.00,34.00,70.29,0.00,M,M
LNK,2026-02-15 10:54,51.00,34.00,51.99,3.45,M,M
LNK,2026-02-15 11:54,59.00,30.00,33.07,4.60,M,M
LNK,2026-02-15 12:54,64.00,28.00,25.53,3.45,M,M
LNK,2026-02-15 13:54,66.00,29.00,24.81,5.75,M,M
LNK,2026-02-15 14:54,66.00,34.00,30.37,12.65,M,M
LNK,2026-02-15 15:54,65.00,37.00,35.43,14.95,M,M
LNK,2026-02-15 16:54,63.00,44.00,49.85,12.65,M,M
LNK,2026-02-15 17:54,60.00,42.00,51.34,11.50,M,M
LNK,2026-02-15 18:54,55.00,42.00,61.46,10.35,M,M
LNK,2026-02-15 19:54,54.00,43.00,66.24,10.35,M,M
LNK,2026-02-15 20:54,52.00,45.00,76.94,12.65,M,M
LNK,2026-02-15 21:54,51.00,45.00,79.84,13.80,M,M
LNK,2026-02-15 22:54,53.00,46.00,77.03,18.40,M,M
LNK,2026-02-15 23:54,53.00,43.00,68.71,17.25,M,M
LNK,2026-02-16 00:54,51.00,42.00,71.17,13.80,M,M
LNK,2026-02-16 01:54,49.00,42.00,76.67,10.35,M,M
LNK,2026-02-16 02:54,47.00,40.00,76.49,11.50,M,M
LNK,2026-02-16 03:54,49.00,41.00,73.76,14.95,M,M
LNK,2026-02-16 04:54,49.00,41.00,73.76,10.35,M,M
LNK,2026-02-16 05:54,43.00,39.00,85.65,5.75,M,M
LNK,2026-02-16 06:54,42.00,39.00,89.01,5.75,M,M
LNK,2026-02-16 07:54,44.00,40.00,85.71,3.45,M,M
LNK,2026-02-16 08:54,46.00,41.00,82.57,0.00,M,M
LNK,2026-02-16 09:54,54.00,42.00,63.74,11.50,M,M
LNK,2026-02-16 10:54,59.00,42.00,53.20,11.50,M,M
LNK,2026-02-16 11:54,61.00,42.00,49.55,6.90,M,M
LNK,2026-02-16 12:54,63.00,41.00,44.42,6.90,M,M
LNK,2026-02-16 13:54,64.00,42.00,44.58,0.00,M,M
LNK,2026-02-16 14:54,65.00,42.00,43.05,5.75,M,M
LNK,2026-02-16 15:54,65.00,42.00,43.05,4.60,M,M
LNK,2026-02-16 16:54,64.00,42.00,44.58,8.05,M,M
LNK,2026-02-16 17:54,58.00,42.00,55.14,4.60,M,M
LNK,2026-02-16 18:54,54.00,41.00,61.32,3.45,M,M
LNK,2026-02-16 19:54,52.00,41.00,65.99,5.75,M,M
LNK,2026-02-16 20:54,51.00,41.00,68.48,3.45,M,M
LNK,2026-02-16 21:54,46.00,38.00,73.46,0.00,M,M
LNK,2026-02-16 22:54,40.00,35.00,82.14,3.45,M,M
LNK,2026-02-16 23:54,41.00,35.00,79.01,0.00,M,M
LNK,2026-02-17 00:54,40.00,35.00,82.14,4.60,M,M
LNK,2026-02-17 01:54,44.00,37.00,76.21,0.00,M,M
LNK,2026-02-17 02:54,41.00,37.00,85.53,0.00,M,M
LNK,2026-02-17 03:54,47.00,42.00,82.65,5.75,M,M
LNK,2026-02-17 04:54,49.00,43.00,79.68,5.75,M,M
LNK,2026-02-17 05:54,48.00,42.00,79.59,6.90,M,M
LNK,2026-02-17 06:54,49.00,43.00,79.68,8.05,M,M
LNK,2026-02-17 07:54,50.00,44.00,79.76,10.35,M,M
LNK,2026-02-17 08:54,53.00,46.00,77.03,16.10,M,M
LNK,2026-02-17 09:54,55.00,47.00,74.36,17.25,M,M
LNK,2026-02-17 10:54,59.00,48.00,66.84,18.40,M,M
LNK,2026-02-17 11:54,62.00,48.00,60.09,20.70,M,31.05
LNK,2026-02-17 12:54,66.00,45.00,46.64,21.85,M,36.80
LNK,2026-02-17 13:54,71.00,44.00,37.82,23.00,M,37.95
LNK,2026-02-17 14:54,71.00,43.00,36.40,25.30,M,37.95
LNK,2026-02-17 15:54,71.00,41.00,33.70,26.45,M,43.70
LNK,2026-02-17 16:54,71.00,40.00,32.42,19.55,M,44.85
LNK,2026-02-17 17:54,65.00,43.00,44.74,19.55,M,39.10
LNK,2026-02-17 18:54,63.00,45.00,51.79,20.70,5000.00,34.50
LNK,2026-02-17 19:54,60.00,49.00,66.96,8.05,8000.00,M
LNK,2026-02-17 20:54,61.00,37.00,40.77,9.20,12000.00,39.10
LNK,2026-02-17 21:54,56.00,31.00,38.37,9.20,5500.00,M
LNK,2026-02-17 22:54,55.00,24.00,29.82,14.95,4600.00,M
LNK,2026-02-17 23:54,55.00,20.00,25.18,17.25,M,31.05
LNK,2026-02-18 00:54,54.00,20.00,26.11,16.10,M,M
LNK,2026-02-18 01:54,52.00,29.00,40.93,12.65,M,M
LNK,2026-02-18 02:54,50.00,31.00,47.82,13.80,M,29.90
LNK,2026-02-18 03:54,47.00,30.00,51.37,13.80,M,M
LNK,2026-02-18 04:54,45.00,30.00,55.41,11.50,M,M
LNK,2026-02-18 05:54,43.00,31.00,62.29,12.65,M,M
LNK,2026-02-18 06:54,40.00,29.00,64.48,5.75,M,M
LNK,2026-02-18 07:54,39.00,27.00,61.75,8.05,M,M
LNK,2026-02-18 08:54,45.00,24.00,43.25,12.65,M,M
LNK,2026-02-18 09:54,50.00,22.00,32.95,8.05,M,M
LNK,2026-02-18 10:54,54.00,18.00,23.97,9.20,M,M
LNK,2026-02-18 11:54,58.00,19.00,21.65,16.10,M,M
LNK,2026-02-18 12:54,59.00,20.00,21.80,14.95,M,M
LNK,2026-02-18 13:54,61.00,16.00,17.09,12.65,M,M
LNK,2026-02-18 14:54,61.00,15.00,16.36,13.80,M,M
LNK,2026-02-18 15:54,61.00,17.00,17.85,12.65,M,M
LNK,2026-02-18 16:54,60.00,19.00,20.15,5.75,M,M
LNK,2026-02-18 17:54,56.00,21.00,25.34,4.60,M,M
LNK,2026-02-18 18:54,46.00,18.00,32.28,4.60,M,M
LNK,2026-02-18 19:54,44.00,18.00,34.83,6.90,M,M
LNK,2026-02-18 20:54,44.00,18.00,34.83,5.75,M,M
LNK,2026-02-18 21:54,40.00,18.00,40.64,12.65,M,M
LNK,2026-02-18 22:54,39.00,18.00,42.25,16.10,M,M
LNK,2026-02-18 23:54,35.00,18.00,49.47,10.35,M,M
LNK,2026-02-19 00:54,33.00,18.00,53.59,14.95,M,M
LNK,2026-02-19 01:54,30.00,17.00,57.95,14.95,M,29.90
LNK,2026-02-19 02:54,27.00,17.00,65.53,13.80,M,M
LNK,2026-02-19 03:54,25.00,16.00,68.18,18.40,M,M
LNK,2026-02-19 04:54,24.00,16.00,71.08,18.40,M,29.90
LNK,2026-02-19 05:54,23.00,16.00,74.13,24.15,M,32.20
LNK,2026-02-19 06:54,22.00,16.00,77.32,20.70,M,33.35
LNK,2026-02-19 07:54,22.00,16.00,77.32,21.85,11000.00,32.20
LNK,2026-02-19 08:54,24.00,16.00,71.08,24.15,1500.00,34.50
LNK,2026-02-19 09:54,24.00,15.00,68.05,20.70,1600.00,34.50
LNK,2026-02-19 10:15,24.00,15.00,68.05,26.45,1900.00,32.20
LNK,2026-02-19 10:22,25.00,15.00,65.27,20.70,1900.00,32.20
LNK,2026-02-19 10:54,26.00,15.00,62.61,24.15,11000.00,36.80
LNK,2026-02-19 11:54,26.00,14.00,59.93,24.15,11000.00,36.80
LNK,2026-02-19 12:54,27.00,14.00,57.50,26.45,8000.00,37.95
LNK,2026-02-19 13:54,27.00,13.00,55.03,29.90,2800.00,40.25
LNK,2026-02-19 14:54,25.00,15.00,65.27,21.85,3100.00,42.55
LNK,2026-02-19 15:35,24.00,18.00,77.51,13.80,2100.00,29.90
LNK,2026-02-19 15:42,23.00,19.00,84.38,18.40,1900.00,29.90
LNK,2026-02-19 15:51,21.20,17.60,85.73,18.40,1500.00,29.90
LNK,2026-02-19 15:54,22.00,18.00,84.31,16.10,1300.00,29.90
LNK,2026-02-19 16:01,22.00,18.00,84.31,17.25,900.00,M
LNK,2026-02-19 16:30,21.00,19.00,91.82,18.40,400.00,M
LNK,2026-02-19 16:50,21.20,19.40,92.62,16.10,300.00,M
LNK,2026-02-19 16:54,21.00,19.00,91.82,18.40,300.00,M
LNK,2026-02-19 17:01,21.00,19.00,91.82,17.25,300.00,M
LNK,2026-02-19 17:29,21.00,18.00,87.96,17.25,500.00,M
LNK,2026-02-19 17:39,21.00,18.00,87.96,13.80,400.00,M
LNK,2026-02-19 17:47,21.00,18.00,87.96,14.95,300.00,M
LNK,2026-02-19 17:54,21.00,18.00,87.96,16.10,300.00,M
LNK,2026-02-19 18:12,21.00,18.00,87.96,14.95,600.00,M
LNK,2026-02-19 18:25,21.00,18.00,87.96,18.40,800.00,M
LNK,2026-02-19 18:40,21.00,18.00,87.96,12.65,1000.00,M
LNK,2026-02-19 18:54,21.00,18.00,87.96,14.95,1000.00,M
LNK,2026-02-19 19:24,21.00,17.00,84.25,12.65,1500.00,M
LNK,2026-02-19 19:54,21.00,17.00,84.25,14.95,1900.00,M
LNK,2026-02-19 20:01,21.00,17.00,84.25,13.80,1600.00,M
LNK,2026-02-19 20:14,21.00,18.00,87.96,11.50,1300.00,M
LNK,2026-02-19 20:32,20.00,18.00,91.79,12.65,800.00,M
LNK,2026-02-19 20:54,20.00,17.00,87.91,13.80,600.00,M
LNK,2026-02-19 21:10,20.00,17.00,87.91,13.80,1000.00,M
LNK,2026-02-19 21:54,19.00,15.00,84.11,13.80,1500.00,M
LNK,2026-02-19 22:29,19.00,15.00,84.11,16.10,2000.00,M
LNK,2026-02-19 22:47,19.00,14.00,80.51,16.10,2700.00,M
LNK,2026-02-19 22:54,19.00,14.00,80.51,14.95,2900.00,M
LNK,2026-02-19 23:41,19.00,14.00,80.51,13.80,3000.00,M
LNK,2026-02-19 23:54,19.00,14.00,80.51,16.10,3000.00,M
LNK,2026-02-20 00:03,19.00,13.00,77.04,16.10,2800.00,M
LNK,2026-02-20 00:10,19.00,13.00,77.04,18.40,2800.00,29.90
LNK,2026-02-20 00:32,19.00,13.00,77.04,16.10,2600.00,29.90
LNK,2026-02-20 00:49,17.60,12.20,78.98,16.10,2000.00,29.90
LNK,2026-02-20 00:54,18.00,13.00,80.42,18.40,2000.00,29.90
LNK,2026-02-20 01:22,18.00,13.00,80.42,13.80,2200.00,M
LNK,2026-02-20 01:43,17.00,12.00,80.34,14.95,1800.00,M
LNK,2026-02-20 01:54,17.00,11.00,76.85,14.95,3600.00,M
LNK,2026-02-20 02:54,17.00,6.00,61.35,16.10,5000.00,34.50
LNK,2026-02-20 03:54,16.00,5.00,61.21,12.65,5000.00,M
LNK,2026-02-20 04:54,15.00,4.00,61.06,12.65,6500.00,M
LNK,2026-02-20 05:54,13.00,4.00,66.67,10.35,M,M
LNK,2026-02-20 06:54,11.00,3.00,69.56,6.90,M,M
LNK,2026-02-20 07:54,12.00,2.00,63.52,9.20,M,M
LNK,2026-02-20 08:54,14.00,2.00,58.16,13.80,M,M
LNK,2026-02-20 09:54,15.00,1.00,53.13,14.95,M,M
LNK,2026-02-20 10:54,16.00,2.00,53.29,16.10,M,M
LNK,2026-02-20 11:54,17.00,4.00,55.98,11.50,M,M
LNK,2026-02-20 12:54,19.00,5.00,53.77,9.20,M,M
LNK,2026-02-20 13:54,20.00,6.00,53.93,6.90,M,M
LNK,2026-02-20 14:54,21.00,6.00,51.69,6.90,M,M
LNK,2026-02-20 15:54,20.00,7.00,56.44,5.75,M,M
LNK,2026-02-20 16:54,19.00,7.00,58.91,5.75,M,M
LNK,2026-02-20 17:54,18.00,6.00,58.76,3.45,M,M
LNK,2026-02-20 18:54,17.00,7.00,64.21,3.45,10000.00,M
LNK,2026-02-20 19:54,18.00,8.00,64.34,5.75,11000.00,M
LNK,2026-02-20 20:54,19.00,9.00,64.48,5.75,11000.00,M
LNK,2026-02-20 21:54,19.00,10.00,67.43,0.00,10000.00,M
LNK,2026-02-20 22:54,20.00,9.00,61.78,4.60,10000.00,M
LNK,2026-02-20 23:54,20.00,11.00,67.56,4.60,9500.00,M
LNK,2026-02-21 00:54,20.00,11.00,67.56,3.45,11000.00,M
LNK,2026-02-21 01:54,22.00,11.00,62.06,6.90,10000.00,M
LNK,2026-02-21 02:54,21.00,12.00,67.68,5.75,11000.00,M
LNK,2026-02-21 03:54,19.00,12.00,73.71,6.90,12000.00,M
LNK,2026-02-21 04:54,18.00,11.00,73.60,6.90,11000.00,M
LNK,2026-02-21 05:54,19.00,11.00,70.51,0.00,11000.00,M
LNK,2026-02-21 06:54,18.00,11.00,73.60,0.00,12000.00,M
LNK,2026-02-21 07:54,18.00,10.00,70.39,4.60,12000.00,M
LNK,2026-02-21 08:54,18.00,9.00,67.31,3.45,11000.00,M
LNK,2026-02-21 09:54,21.00,9.00,59.20,3.45,M,M
LNK,2026-02-21 10:54,23.00,8.00,52.01,3.45,M,M
LNK,2026-02-21 11:54,26.00,10.00,50.20,4.60,M,M
LNK,2026-02-21 12:54,27.00,9.00,46.05,8.05,M,M
LNK,2026-02-21 13:54,28.00,10.00,46.22,8.05,M,M
LNK,2026-02-21 14:54,29.00,11.00,46.39,5.75,M,M
LNK,2026-02-21 15:54,30.00,13.00,48.66,10.35,M,M
LNK,2026-02-21 16:54,31.00,14.00,48.82,11.50,M,M
LNK,2026-02-21 17:54,29.00,15.00,55.33,5.75,M,M
LNK,2026-02-21 18:54,27.00,15.00,60.07,4.60,M,M
LNK,2026-02-21 19:54,26.00,15.00,62.61,0.00,M,M
LNK,2026-02-21 20:54,19.00,12.00,73.71,5.75,M,M
LNK,2026-02-21 21:54,16.00,10.00,76.75,5.75,M,M
LNK,2026-02-21 22:54,22.00,11.00,62.06,9.20,M,M
LNK,2026-02-21 23:54,22.00,10.00,59.35,8.05,M,M
LNK,2026-02-22 00:54,21.00,9.00,59.20,6.90,M,M
LNK,2026-02-22 01:54,16.00,7.00,67.05,6.90,M,M
LNK,2026-02-22 02:54,17.00,6.00,61.35,10.35,M,M
LNK,2026-02-22 03:54,14.00,2.00,58.16,13.80,M,M
LNK,2026-02-22 04:54,13.00,1.00,58.01,10.35,M,M
LNK,2026-02-22 05:54,11.00,1.00,63.38,12.65,M,M
LNK,2026-02-22 06:54,9.00,-1.00,63.10,14.95,M,M
LNK,2026-02-22 07:54,9.00,-1.00,63.10,10.35,M,M
LNK,2026-02-22 08:54,10.00,-1.00,60.34,14.95,M,M
LNK,2026-02-22 09:54,12.00,1.00,60.63,14.95,M,M
LNK,2026-02-22 10:54,14.00,2.00,58.16,14.95,M,M
LNK,2026-02-22 11:54,16.00,4.00,58.46,11.50,M,M
LNK,2026-02-22 12:54,18.00,6.00,58.76,12.65,M,M
LNK,2026-02-22 13:54,20.00,7.00,56.44,12.65,M,M
LNK,2026-02-22 14:54,23.00,8.00,52.01,14.95,M,M
LNK,2026-02-22 15:54,23.00,8.00,52.01,14.95,M,M
LNK,2026-02-22 16:54,24.00,8.00,49.87,9.20,M,M
LNK,2026-02-22 17:54,24.00,7.00,47.66,8.05,M,M
LNK,2026-02-22 18:54,22.00,7.00,51.85,3.45,M,M
LNK,2026-02-22 19:54,16.00,7.00,67.05,0.00,M,M
LNK,2026-02-22 20:54,13.00,6.00,73.06,4.60,M,M
LNK,2026-02-22 21:54,15.00,5.00,63.93,4.60,M,M
LNK,2026-02-22 22:54,11.00,3.00,69.56,6.90,M,M
LNK,2026-02-22 23:54,11.00,2.00,66.41,0.00,M,M
LNK,2026-02-23 00:54,7.00,0.00,72.39,4.60,M,M
LNK,2026-02-23 01:54,8.00,0.00,69.19,5.75,M,M
LNK,2026-02-23 02:54,6.00,-1.00,72.28,6.90,M,M
LNK,2026-02-23 03:54,5.00,-2.00,72.17,4.60,M,M
LNK,2026-02-23 04:54,6.00,-2.00,68.94,9.20,M,M
LNK,2026-02-23 05:54,2.00,-4.00,75.35,3.45,M,M
LNK,2026-02-23 06:54,1.00,-4.00,78.95,3.45,M,M
LNK,2026-02-23 07:54,5.00,-2.00,72.17,0.00,M,M
LNK,2026-02-23 08:54,6.00,-1.00,72.28,3.45,M,M
LNK,2026-02-23 09:54,9.00,2.00,72.62,0.00,M,M
LNK,2026-02-23 10:54,12.00,3.00,66.54,0.00,M,M
LNK,2026-02-23 11:54,17.00,4.00,55.98,5.75,M,M
LNK,2026-02-23 12:54,19.00,4.00,51.36,6.90,M,M
LNK,2026-02-23 13:54,20.00,6.00,53.93,8.05,M,M
LNK,2026-02-23 14:54,23.00,9.00,54.40,9.20,M,M
LNK,2026-02-23 15:54,27.00,12.00,52.65,9.20,M,M
LNK,2026-02-23 16:54,31.00,13.00,46.72,10.35,M,M
LNK,2026-02-23 17:54,27.00,14.00,57.50,8.05,M,M
LNK,2026-02-23 18:54,26.00,13.00,57.35,6.90,M,M
LNK,2026-02-23 19:54,27.00,13.00,55.03,10.35,M,M
LNK,2026-02-23 20:54,24.00,12.00,59.64,9.20,M,M
LNK,2026-02-23 21:54,26.00,12.00,54.87,12.65,M,M
LNK,2026-02-23 22:54,25.00,13.00,59.79,11.50,M,M
LNK,2026-02-23 23:54,23.00,14.00,67.93,6.90,M,M
LNK,2026-02-24 00:54,25.00,15.00,65.27,6.90,M,M
LNK,2026-02-24 01:54,27.00,16.00,62.75,8.05,M,M
LNK,2026-02-24 02:54,29.00,17.00,60.36,8.05,M,M
LNK,2026-02-24 03:54,29.00,18.00,63.02,8.05,M,M
LNK,2026-02-24 04:54,32.00,20.00,60.78,8.05,M,M
LNK,2026-02-24 05:54,31.00,21.00,66.04,10.35,M,M
LNK,2026-02-24 06:54,30.00,21.00,68.78,6.90,M,M
LNK,2026-02-24 07:54,30.00,22.00,71.76,0.00,M,M
LNK,2026-02-24 08:54,36.00,23.00,58.82,4.60,M,M
LNK,2026-02-24 09:54,39.00,25.00,56.84,10.35,M,M
LNK,2026-02-24 10:54,42.00,27.00,54.96,8.05,M,M
LNK,2026-02-24 11:54,49.00,28.00,43.91,8.05,M,M
LNK,2026-02-24 12:54,50.00,29.00,44.08,11.50,M,M
LNK,2026-02-24 13:54,52.00,31.00,44.40,9.20,M,M
LNK,2026-02-24 14:54,53.00,33.00,46.40,8.05,M,M
LNK,2026-02-24 15:54,51.00,33.00,49.95,10.35,M,M
LNK,2026-02-24 16:54,51.00,32.00,47.98,5.75,M,M
LNK,2026-02-24 17:54,50.00,32.00,49.79,4.60,M,M
LNK,2026-02-24 18:54,43.00,34.00,70.29,4.60,M,M
LNK,2026-02-24 19:54,42.00,32.00,67.41,3.45,M,M
LNK,2026-02-24 20:54,40.00,32.00,72.84,3.45,M,M
LNK,2026-02-24 21:54,35.00,30.00,81.77,5.75,M,M
LNK,2026-02-24 22:54,31.00,29.00,92.18,6.90,M,M
LNK,2026-02-24 23:54,34.00,30.00,85.10,0.00,M,M
LNK,2026-02-25 00:54,33.00,29.00,85.03,0.00,M,M
LNK,2026-02-25 01:54,33.00,30.00,88.57,0.00,12000.00,M
LNK,2026-02-25 02:54,35.00,31.00,85.16,0.00,11000.00,M
LNK,2026-02-25 03:54,34.00,31.00,88.62,0.00,11000.00,M
LNK,2026-02-25 04:54,35.00,31.00,85.16,0.00,10000.00,M
LNK,2026-02-25 05:54,33.00,31.00,92.25,0.00,10000.00,M
LNK,2026-02-25 06:54,36.00,31.00,81.84,11.50,10000.00,M
LNK,2026-02-25 07:54,33.00,27.00,78.32,12.65,9500.00,M
LNK,2026-02-25 08:54,33.00,26.00,75.15,8.05,10000.00,M
LNK,2026-02-25 09:54,37.00,27.00,66.80,9.20,11000.00,M
LNK,2026-02-25 10:54,38.00,28.00,66.92,10.35,9000.00,M
LNK,2026-02-25 11:54,39.00,27.00,61.75,9.20,10000.00,M
LNK,2026-02-25 12:54,42.00,28.00,57.28,9.20,M,M
LNK,2026-02-25 13:54,44.00,30.00,57.57,8.05,M,M
LNK,2026-02-25 14:54,46.00,32.00,57.85,8.05,M,M
LNK,2026-02-25 15:54,48.00,32.00,53.65,5.75,11000.00,M
LNK,2026-02-25 16:54,44.00,32.00,62.43,16.10,7000.00,M
LNK,2026-02-25 17:54,40.00,30.00,67.16,10.35,6500.00,M
LNK,2026-02-25 18:54,38.00,30.00,72.62,3.45,7000.00,M
LNK,2026-02-25 19:54,38.00,29.00,69.72,9.20,10000.00,M
LNK,2026-02-25 20:54,34.00,27.00,75.25,9.20,12000.00,M
LNK,2026-02-25 21:54,34.00,25.00,69.26,8.05,9500.00,M
LNK,2026-02-25 22:54,32.00,25.00,75.05,0.00,6500.00,M
LNK,2026-02-25 23:54,31.00,24.00,74.95,0.00,M,M
LNK,2026-02-26 00:54,28.00,24.00,84.71,3.45,M,M
LNK,2026-02-26 01:54,25.00,22.00,88.17,3.45,M,M
LNK,2026-02-26 02:54,26.00,23.00,88.22,0.00,M,M
LNK,2026-02-26 03:54,24.00,22.00,91.93,0.00,M,M
LNK,2026-02-26 04:54,24.00,22.00,91.93,0.00,M,M
LNK,2026-02-26 05:54,26.00,22.00,84.58,3.45,M,M
LNK,2026-02-26 06:54,23.00,21.00,91.90,3.45,M,M
LNK,2026-02-26 07:54,27.00,24.00,88.27,3.45,M,M
LNK,2026-02-26 08:54,33.00,27.00,78.32,3.45,M,M
LNK,2026-02-26 09:54,42.00,32.00,67.41,0.00,M,M
LNK,2026-02-26 10:54,52.00,33.00,48.14,0.00,M,M
LNK,2026-02-26 11:54,60.00,29.00,30.63,6.90,M,M
LNK,2026-02-26 12:54,61.00,27.00,27.23,9.20,M,M
LNK,2026-02-26 13:54,64.00,27.00,24.50,13.80,M,M
LNK,2026-02-26 14:54,64.00,29.00,26.60,13.80,M,M
LNK,2026-02-26 15:54,66.00,27.00,22.85,13.80,8000.00,M
LNK,2026-02-26 16:54,65.00,26.00,22.70,14.95,M,M
LNK,2026-02-26 17:54,61.00,27.00,27.23,10.35,M,M
LNK,2026-02-26 18:54,55.00,26.00,32.41,5.75,M,M
LNK,2026-02-26 19:54,45.00,26.00,47.01,3.45,M,M
LNK,2026-02-26 20:54,42.00,28.00,57.28,0.00,M,M
LNK,2026-02-26 21:54,38.00,27.00,64.22,0.00,M,M
LNK,2026-02-26 22:54,37.00,26.00,64.09,0.00,M,M
LNK,2026-02-26 23:54,32.00,25.00,75.05,0.00,M,M
LNK,2026-02-27 00:54,30.00,25.00,81.39,0.00,M,M
LNK,2026-02-27 01:54,31.00,26.00,81.46,3.45,M,M
LNK,2026-02-27 02:54,33.00,25.00,72.09,0.00,M,M
LNK,2026-02-27 03:54,30.00,25.00,81.39,3.45,M,M
LNK,2026-02-27 04:54,31.00,25.00,78.15,0.00,M,M
LNK,2026-02-27 05:54,40.00,29.00,64.48,6.90,M,M
LNK,2026-02-27 06:54,39.00,27.00,61.75,6.90,M,M
LNK,2026-02-27 07:54,38.00,27.00,64.22,0.00,M,M
LNK,2026-02-27 08:54,46.00,27.00,47.17,5.75,M,M
LNK,2026-02-27 09:54,57.00,26.00,30.14,8.05,M,M
LNK,2026-02-27 10:54,63.00,24.00,22.40,8.05,M,M
LNK,2026-02-27 11:54,69.00,23.00,17.45,10.35,M,M
LNK,2026-02-27 12:54,71.00,21.00,14.98,14.95,M,M
LNK,2026-02-27 13:54,71.00,20.00,14.35,16.10,M,M
LNK,2026-02-27 14:54,70.00,20.00,14.85,19.55,M,29.90
LNK,2026-02-27 15:54,69.00,20.00,15.36,12.65,M,M
LNK,2026-02-27 16:54,67.00,20.00,16.46,11.50,M,M
LNK,2026-02-27 17:54,59.00,23.00,24.75,11.50,M,M
LNK,2026-02-27 18:54,48.00,22.00,35.50,9.20,M,M
LNK,2026-02-27 19:54,50.00,22.00,32.95,5.75,M,M
LNK,2026-02-27 20:54,39.00,23.00,52.27,5.75,M,M
LNK,2026-02-27 21:54,46.00,24.00,41.64,6.90,M,M
LNK,2026-02-27 22:54,45.00,25.00,45.10,10.35,M,M
LNK,2026-02-27 23:54,45.00,24.00,43.25,5.75,M,M
LNK,2026-02-28 00:54,41.00,24.00,50.43,3.45,M,M
LNK,2026-02-28 01:54,35.00,23.00,61.20,4.60,M,M
LNK,2026-02-28 02:54,36.00,25.00,63.96,9.20,M,M
LNK,2026-02-28 03:54,35.00,26.00,69.37,10.35,M,M
LNK,2026-02-28 04:54,33.00,27.00,78.32,12.65,M,M
LNK,2026-02-28 05:54,33.00,27.00,78.32,9.20,M,M
LNK,2026-02-28 06:54,29.00,25.00,84.78,10.35,M,M
LNK,2026-02-28 07:54,30.00,23.00,74.85,10.35,M,M
LNK,2026-02-28 08:54,32.00,21.00,63.43,14.95,M,M
LNK,2026-02-28 09:54,36.00,21.00,54.05,17.25,M,M
LNK,2026-02-28 10:54,40.00,22.00,48.20,17.25,M,M
LNK,2026-02-28 11:54,43.00,20.00,39.43,13.80,M,M
LNK,2026-02-28 12:54,45.00,19.00,35.00,12.65,M,M
LNK,2026-02-28 13:54,48.00,18.00,29.93,14.95,M,M
LNK,2026-02-28 14:54,48.00,18.00,29.93,14.95,M,M
LNK,2026-02-28 15:54,47.00,18.00,31.08,14.95,M,M
LNK,2026-02-28 16:54,44.00,16.00,31.94,16.10,M,M
LNK,2026-02-28 17:54,40.00,18.00,40.64,14.95,M,M
LNK,2026-02-28 18:54,35.00,19.00,51.64,12.65,M,M
LNK,2026-02-28 19:54,33.00,21.00,60.92,11.50,M,M
LNK,2026-02-28 20:54,31.00,22.00,68.90,10.35,M,M
LNK,2026-02-28 21:54,29.00,22.00,74.75,10.35,M,M
LNK,2026-02-28 22:54,27.00,21.00,77.78,9.20,M,M
LNK,2026-02-28 23:54,25.00,20.00,80.99,8.05,M,M
LNK,2026-03-01 00:54,25.00,20.00,80.99,10.35,M,M
LNK,2026-03-01 01:54,23.00,19.00,84.38,8.05,M,M
LNK,2026-03-01 02:54,23.00,19.00,84.38,6.90,M,M
LNK,2026-03-01 03:54,23.00,19.00,84.38,9.20,M,M
LNK,2026-03-01 04:51,23.00,19.40,85.84,11.50,1100.00,M
LNK,2026-03-01 04:54,23.00,19.00,84.38,8.05,1100.00,M
LNK,2026-03-01 05:54,23.00,19.00,84.38,14.95,1100.00,M
LNK,2026-03-01 06:54,23.00,18.00,80.83,14.95,1100.00,M
LNK,2026-03-01 07:21,22.00,17.00,80.75,12.65,1200.00,M
LNK,2026-03-01 07:54,22.00,17.00,80.75,13.80,M,M
LNK,2026-03-01 08:54,23.00,17.00,77.42,13.80,12000.00,M
LNK,2026-03-01 09:54,24.00,17.00,74.24,16.10,11000.00,M
LNK,2026-03-01 10:54,26.00,17.00,68.30,10.35,11000.00,M
LNK,2026-03-01 11:54,28.00,17.00,62.89,9.20,11000.00,M
LNK,2026-03-01 12:54,29.00,17.00,60.36,12.65,10000.00,M
LNK,2026-03-01 13:54,30.00,18.00,60.50,9.20,8500.00,M
LNK,2026-03-01 14:54,32.00,18.00,55.79,11.50,7000.00,M
LNK,2026-03-01 15:54,34.00,18.00,51.48,10.35,7000.00,M
LNK,2026-03-01 16:54,35.00,18.00,49.47,10.35,7000.00,M
LNK,2026-03-01 17:54,35.00,18.00,49.47,11.50,6000.00,M
LNK,2026-03-01 18:54,35.00,18.00,49.47,10.35,5500.00,M
LNK,2026-03-01 19:54,35.00,18.00,49.47,5.75,5500.00,M
LNK,2026-03-01 20:54,35.00,18.00,49.47,4.60,5000.00,M
LNK,2026-03-01 21:54,35.00,18.00,49.47,3.45,4100.00,M
LNK,2026-03-01 22:54,34.00,18.00,51.48,6.90,3600.00,M
LNK,2026-03-01 23:54,34.00,18.00,51.48,4.60,2900.00,M
LNK,2026-03-02 00:54,34.00,18.00,51.48,4.60,2200.00,M
LNK,2026-03-02 01:54,34.00,19.00,53.74,0.00,2100.00,M
LNK,2026-03-02 02:54,34.00,19.00,53.74,0.00,2000.00,M
LNK,2026-03-02 03:54,34.00,22.00,61.06,0.00,1900.00,M
LNK,2026-03-02 04:26,33.00,21.00,60.92,0.00,1800.00,M
LNK,2026-03-02 04:54,33.00,21.00,60.92,0.00,1800.00,M
LNK,2026-03-02 05:17,33.00,21.00,60.92,3.45,1900.00,M
LNK,2026-03-02 05:47,33.00,22.00,63.56,4.60,1800.00,M
LNK,2026-03-02 05:54,33.00,22.00,63.56,3.45,1800.00,M
LNK,2026-03-02 06:54,33.00,22.00,63.56,4.60,1700.00,M
LNK,2026-03-02 07:54,34.00,24.00,66.42,6.90,1600.00,M
LNK,2026-03-02 08:54,35.00,27.00,72.30,9.20,1600.00,M
LNK,2026-03-02 09:54,36.00,28.00,72.41,6.90,1600.00,M
LNK,2026-03-02 10:13,37.00,29.00,72.52,6.90,1500.00,M
LNK,2026-03-02 10:21,37.00,29.00,72.52,8.05,1500.00,M
LNK,2026-03-02 10:52,37.40,30.20,74.97,10.35,1600.00,M
LNK,2026-03-02 10:54,39.00,30.00,69.84,9.20,1600.00,M
LNK,2026-03-02 11:13,40.00,31.00,69.95,8.05,1700.00,M
LNK,2026-03-02 11:54,41.00,31.00,67.29,M,1900.00,M
LNK,2026-03-02 12:17,43.00,31.00,62.29,4.60,2100.00,M
LNK,2026-03-02 12:54,45.00,32.00,60.09,6.90,2200.00,M
LNK,2026-03-02 13:21,46.00,33.00,60.23,6.90,2200.00,M
LNK,2026-03-02 13:54,47.00,33.00,58.00,6.90,M,M
LNK,2026-03-02 14:54,47.00,34.00,60.37,10.35,M,M
LNK,2026-03-02 15:54,48.00,34.00,58.14,9.20,M,M
LNK,2026-03-02 16:54,47.00,34.00,60.37,10.35,M,M
LNK,2026-03-02 17:54,46.00,35.00,65.24,11.50,M,M
LNK,2026-03-02 18:54,44.00,35.00,70.40,9.20,M,M
LNK,2026-03-02 19:19,43.00,36.00,76.11,9.20,2200.00,M
LNK,2026-03-02 19:54,42.00,36.00,79.10,12.65,2100.00,M
LNK,2026-03-02 20:18,42.00,36.00,79.10,11.50,1500.00,M
LNK,2026-03-02 20:54,42.00,37.00,82.29,8.05,1400.00,M
LNK,2026-03-02 21:03,42.00,37.00,82.29,8.05,1300.00,M
LNK,2026-03-02 21:54,42.00,37.00,82.29,10.35,1300.00,M
LNK,2026-03-02 22:54,40.00,37.00,88.91,11.50,1100.00,M
LNK,2026-03-02 23:02,40.00,38.00,92.48,12.65,700.00,M
LNK,2026-03-02 23:54,40.00,37.00,88.91,12.65,500.00,M
LNK,2026-03-03 00:54,39.00,37.00,92.45,10.35,700.00,M
LNK,2026-03-03 01:54,38.00,37.00,96.14,8.05,500.00,M
LNK,2026-03-03 02:23,38.00,37.00,96.14,8.05,400.00,M
LNK,2026-03-03 02:39,38.00,37.00,96.14,5.75,400.00,M
LNK,2026-03-03 02:54,38.00,37.00,96.14,4.60,400.00,M
LNK,2026-03-03 03:39,38.00,37.00,96.14,4.60,500.00,M
LNK,2026-03-03 03:54,38.00,37.00,96.14,3.45,600.00,M
LNK,2026-03-03 04:26,38.00,37.00,96.14,5.75,600.00,M
LNK,2026-03-03 04:54,38.00,38.00,100.00,0.00,400.00,M
LNK,2026-03-03 05:08,38.00,37.00,96.14,0.00,400.00,M
LNK,2026-03-03 05:54,38.00,37.00,96.14,4.60,400.00,M
LNK,2026-03-03 06:07,38.00,37.00,96.14,6.90,400.00,M
LNK,2026-03-03 06:22,38.00,37.00,96.14,5.75,600.00,M
LNK,2026-03-03 06:54,38.00,37.00,96.14,0.00,500.00,M
LNK,2026-03-03 07:54,39.00,37.00,92.45,3.45,600.00,M
LNK,2026-03-03 08:54,40.00,37.00,88.91,3.45,700.00,M
LNK,2026-03-03 09:54,41.00,37.00,85.53,0.00,800.00,M
LNK,2026-03-03 10:54,42.00,38.00,85.59,0.00,900.00,M
LNK,2026-03-03 11:54,44.00,40.00,85.71,5.75,1100.00,M
LNK,2026-03-03 12:54,46.00,40.00,79.43,9.20,1300.00,M
LNK,2026-03-03 13:22,47.00,39.00,73.56,9.20,1500.00,M
LNK,2026-03-03 13:54,46.00,39.00,76.39,10.35,1500.00,M
LNK,2026-03-03 14:54,47.00,39.00,73.56,11.50,1600.00,M
LNK,2026-03-03 15:54,47.00,39.00,73.56,12.65,1600.00,M
LNK,2026-03-03 16:54,46.00,39.00,76.39,10.35,1600.00,M
LNK,2026-03-03 17:17,45.00,39.00,79.35,9.20,1400.00,M
LNK,2026-03-03 17:54,44.00,39.00,82.43,9.20,1300.00,M
LNK,2026-03-03 18:54,43.00,39.00,85.65,10.35,1300.00,M
LNK,2026-03-03 19:35,42.00,39.00,89.01,6.90,1100.00,M
LNK,2026-03-03 19:54,42.00,39.00,89.01,8.05,1000.00,M
LNK,2026-03-03 20:38,41.00,39.00,92.51,5.75,900.00,M
LNK,2026-03-03 20:54,41.00,39.00,92.51,5.75,1000.00,M
LNK,2026-03-03 21:31,41.00,39.00,92.51,4.60,1300.00,M
LNK,2026-03-03 21:37,41.00,39.00,92.51,4.60,800.00,M
LNK,2026-03-03 21:47,41.00,39.00,92.51,5.75,800.00,M
LNK,2026-03-03 21:54,41.00,39.00,92.51,5.75,800.00,M
LNK,2026-03-03 22:54,41.00,38.00,88.96,5.75,900.00,M
LNK,2026-03-03 23:24,41.00,38.00,88.96,6.90,1000.00,M
LNK,2026-03-03 23:54,41.00,38.00,88.96,5.75,1000.00,M
LNK,2026-03-04 00:22,41.00,38.00,88.96,8.05,800.00,M
LNK,2026-03-04 00:54,39.00,37.00,92.45,4.60,900.00,M
LNK,2026-03-04 01:17,40.00,38.00,92.48,3.45,800.00,M
LNK,2026-03-04 01:40,40.00,38.00,92.48,3.45,900.00,M
LNK,2026-03-04 01:54,40.00,38.00,92.48,3.45,700.00,M
LNK,2026-03-04 02:36,40.00,38.00,92.48,8.05,700.00,M
LNK,2026-03-04 02:54,40.00,38.00,92.48,6.90,700.00,M
LNK,2026-03-04 03:09,40.00,38.00,92.48,3.45,700.00,M
LNK,2026-03-04 03:54,40.00,38.00,92.48,4.60,500.00,M
LNK,2026-03-04 04:19,39.00,38.00,96.16,0.00,400.00,M
LNK,2026-03-04 04:26,39.00,38.00,96.16,0.00,400.00,M
LNK,2026-03-04 04:54,39.00,39.00,100.00,0.00,400.00,M
LNK,2026-03-04 05:21,39.00,39.00,100.00,0.00,400.00,M
LNK,2026-03-04 05:54,39.00,39.00,100.00,0.00,200.00,M
LNK,2026-03-04 06:05,39.00,39.00,100.00,0.00,300.00,M
LNK,2026-03-04 06:13,39.00,39.00,100.00,3.45,300.00,M
LNK,2026-03-04 06:54,39.00,39.00,100.00,3.45,300.00,M
LNK,2026-03-04 07:45,39.00,39.00,100.00,4.60,300.00,M
LNK,2026-03-04 07:54,40.00,39.00,96.18,5.75,300.00,M
LNK,2026-03-04 08:15,40.00,39.00,96.18,4.60,200.00,M
LNK,2026-03-04 08:22,40.00,39.00,96.18,4.60,200.00,M
LNK,2026-03-04 08:46,40.00,39.00,96.18,0.00,300.00,M
LNK,2026-03-04 08:54,40.00,39.00,96.18,0.00,300.00,M
LNK,2026-03-04 09:23,41.00,40.00,96.19,3.45,400.00,M
LNK,2026-03-04 09:54,41.00,40.00,96.19,4.60,400.00,M
LNK,2026-03-04 10:08,42.00,40.00,92.55,8.05,400.00,M
LNK,2026-03-04 10:18,42.00,40.00,92.55,8.05,600.00,M
LNK,2026-03-04 10:54,42.00,40.00,92.55,9.20,500.00,M
LNK,2026-03-04 11:54,43.00,41.00,92.58,5.75,700.00,M
LNK,2026-03-04 12:54,46.00,40.00,79.43,0.00,900.00,M
LNK,2026-03-04 13:09,46.00,41.00,82.57,0.00,1100.00,M
LNK,2026-03-04 13:54,47.00,41.00,79.51,5.75,1200.00,M
LNK,2026-03-04 14:40,48.00,41.00,76.58,4.60,1300.00,M
LNK,2026-03-04 14:54,49.00,41.00,73.76,4.60,2400.00,M
LNK,2026-03-04 15:54,50.00,41.00,71.06,4.60,2100.00,M
LNK,2026-03-04 16:54,50.00,41.00,71.06,6.90,2300.00,M
LNK,2026-03-04 17:54,49.00,41.00,73.76,5.75,2800.00,M
LNK,2026-03-04 18:54,49.00,41.00,73.76,0.00,2700.00,M
LNK,2026-03-04 19:54,47.00,41.00,79.51,4.60,2300.00,M
LNK,2026-03-04 20:54,48.00,42.00,79.59,3.45,2100.00,M
LNK,2026-03-04 21:54,47.00,42.00,82.65,3.45,1900.00,M
LNK,2026-03-04 22:54,46.00,42.00,85.83,4.60,2100.00,M
LNK,2026-03-04 23:54,46.00,42.00,85.83,4.60,2300.00,M
LNK,2026-03-05 00:54,45.00,42.00,89.15,0.00,1900.00,M
LNK,2026-03-05 01:54,45.00,42.00,89.15,5.75,2300.00,M
LNK,2026-03-05 02:54,45.00,42.00,89.15,0.00,2200.00,M
LNK,2026-03-05 03:54,45.00,42.00,89.15,4.60,2200.00,M
LNK,2026-03-05 04:54,44.00,41.00,89.10,3.45,2400.00,M
LNK,2026-03-05 05:54,43.00,41.00,92.58,3.45,2500.00,M
LNK,2026-03-05 06:10,41.00,40.00,96.19,4.60,2400.00,M
LNK,2026-03-05 06:54,39.00,39.00,100.00,0.00,M,M
LNK,2026-03-05 07:04,39.00,38.00,96.16,3.45,M,M
LNK,2026-03-05 07:11,38.00,37.00,96.14,3.45,M,M
LNK,2026-03-05 07:16,38.00,37.00,96.14,3.45,600.00,M
LNK,2026-03-05 07:23,39.00,39.00,100.00,3.45,400.00,M
LNK,2026-03-05 07:30,39.00,38.00,96.16,0.00,400.00,M
LNK,2026-03-05 07:43,40.00,40.00,100.00,4.60,200.00,M
LNK,2026-03-05 07:54,40.00,40.00,100.00,6.90,200.00,M
LNK,2026-03-05 08:42,41.00,40.00,96.19,5.75,200.00,M
LNK,2026-03-05 08:54,41.00,41.00,100.00,9.20,200.00,M
LNK,2026-03-05 09:03,42.00,41.00,96.21,8.05,200.00,M
LNK,2026-03-05 09:15,42.00,41.00,96.21,8.05,200.00,M
LNK,2026-03-05 09:24,43.00,42.00,96.23,6.90,200.00,M
LNK,2026-03-05 09:54,44.00,41.00,89.10,8.05,300.00,M
LNK,2026-03-05 10:25,46.00,41.00,82.57,10.35,400.00,M
LNK,2026-03-05 10:36,47.00,41.00,79.51,10.35,600.00,M
LNK,2026-03-05 10:54,48.00,42.00,79.59,10.35,800.00,M
LNK,2026-03-05 11:19,48.00,42.00,79.59,10.35,1000.00,M
LNK,2026-03-05 11:54,51.00,43.00,73.96,16.10,1300.00,M
LNK,2026-03-05 12:12,53.00,43.00,68.71,14.95,1500.00,M
LNK,2026-03-05 12:36,56.00,43.00,61.59,12.65,1900.00,M
LNK,2026-03-05 12:54,57.00,43.00,59.40,12.65,2200.00,M
LNK,2026-03-05 13:03,57.00,43.00,59.40,14.95,2200.00,M
LNK,2026-03-05 13:54,59.00,43.00,55.29,14.95,M,M
LNK,2026-03-05 14:54,61.00,42.00,49.55,13.80,M,M
LNK,2026-03-05 15:54,64.00,41.00,42.89,18.40,M,M
LNK,2026-03-05 16:54,63.00,40.00,42.73,14.95,M,M
LNK,2026-03-05 17:54,60.00,41.00,49.39,12.65,M,M
LNK,2026-03-05 18:54,58.00,41.00,53.05,11.50,M,M
LNK,2026-03-05 19:31,58.00,42.00,55.14,12.65,2700.00,M
LNK,2026-03-05 19:54,58.00,43.00,57.30,11.50,2400.00,M
LNK,2026-03-05 20:54,57.00,46.00,66.60,11.50,1900.00,M
LNK,2026-03-05 21:15,57.00,48.00,71.81,13.80,1700.00,M
LNK,2026-03-05 21:54,56.00,50.00,80.23,11.50,1400.00,M
LNK,2026-03-05 22:54,56.00,52.00,86.40,13.80,1000.00,M
LNK,2026-03-05 23:29,56.00,52.00,86.40,13.80,900.00,M
LNK,2026-03-05 23:54,55.00,52.00,89.60,9.20,900.00,M
LNK,2026-03-06 00:03,55.00,53.00,92.95,8.05,800.00,M
LNK,2026-03-06 00:54,54.00,53.00,96.40,5.75,600.00,M
LNK,2026-03-06 01:27,54.00,53.00,96.40,6.90,500.00,M
LNK,2026-03-06 01:54,55.00,54.00,96.42,9.20,500.00,M
LNK,2026-03-06 02:01,55.00,54.00,96.42,8.05,400.00,M
LNK,2026-03-06 02:10,55.00,54.00,96.42,6.90,400.00,M
LNK,2026-03-06 02:25,54.00,54.00,100.00,6.90,400.00,M
LNK,2026-03-06 02:54,55.00,54.00,96.42,8.05,400.00,M
LNK,2026-03-06 03:54,56.00,55.00,96.44,8.05,400.00,M
LNK,2026-03-06 04:03,56.00,55.00,96.44,6.90,500.00,M
LNK,2026-03-06 04:54,58.00,57.00,96.47,12.65,500.00,M
LNK,2026-03-06 05:04,59.00,57.00,93.07,13.80,600.00,M
LNK,2026-03-06 05:32,58.00,57.00,96.47,8.05,800.00,M
LNK,2026-03-06 05:54,59.00,57.00,93.07,4.60,800.00,M
LNK,2026-03-06 06:54,58.00,57.00,96.47,12.65,1300.00,M
LNK,2026-03-06 07:54,58.00,57.00,96.47,0.00,5000.00,M
LNK,2026-03-06 08:54,63.00,60.00,89.94,4.60,5000.00,M
LNK,2026-03-06 09:54,65.00,60.00,83.86,5.75,3200.00,M
LNK,2026-03-06 10:49,68.00,59.00,72.95,13.80,2900.00,M
LNK,2026-03-06 10:54,69.00,59.00,70.49,16.10,2900.00,M
LNK,2026-03-06 11:01,69.00,59.00,70.49,12.65,2700.00,M
LNK,2026-03-06 11:54,72.00,58.00,61.41,11.50,3100.00,M
LNK,2026-03-06 12:49,57.20,46.40,67.13,17.25,3700.00,M
LNK,2026-03-06 12:54,57.00,47.00,69.16,18.40,3900.00,M
LNK,2026-03-06 13:54,57.00,45.00,64.12,17.25,4500.00,M
LNK,2026-03-06 14:51,51.80,41.00,66.48,17.25,1400.00,M
LNK,2026-03-06 14:54,50.00,41.00,71.06,20.70,1400.00,M
LNK,2026-03-06 15:54,44.00,38.00,79.27,16.10,1000.00,M
LNK,2026-03-06 16:04,44.00,37.00,76.21,17.25,900.00,M
LNK,2026-03-06 16:54,39.00,36.00,88.87,19.55,700.00,M
LNK,2026-03-06 17:54,37.00,34.00,88.77,20.70,600.00,M
LNK,2026-03-06 18:54,35.00,32.00,88.67,21.85,600.00,31.05
LNK,2026-03-06 19:27,34.00,32.00,92.28,13.80,700.00,29.90
LNK,2026-03-06 19:43,33.00,32.00,96.05,13.80,700.00,29.90
LNK,2026-03-06 19:52,33.80,30.20,86.48,23.00,700.00,29.90
LNK,2026-03-06 19:54,33.00,31.00,92.25,23.00,700.00,29.90
LNK,2026-03-06 20:02,34.00,32.00,92.28,18.40,700.00,M
LNK,2026-03-06 20:09,34.00,32.00,92.28,16.10,1100.00,M
LNK,2026-03-06 20:18,34.00,31.00,88.62,17.25,1100.00,M
LNK,2026-03-06 20:50,33.80,30.20,86.48,13.80,1000.00,M
LNK,2026-03-06 20:54,33.00,31.00,92.25,14.95,1000.00,M
LNK,2026-03-06 21:12,33.00,31.00,92.25,18.40,900.00,M
LNK,2026-03-06 21:42,33.00,30.00,88.57,16.10,1100.00,M
LNK,2026-03-06 21:54,33.00,30.00,88.57,19.55,1000.00,M
LNK,2026-03-06 22:21,32.00,30.00,92.21,21.85,900.00,M
LNK,2026-03-06 22:54,32.00,30.00,92.21,16.10,900.00,29.90
LNK,2026-03-06 23:44,32.00,29.00,88.53,17.25,1000.00,M
LNK,2026-03-06 23:54,32.00,29.00,88.53,19.55,1000.00,M
LNK,2026-03-07 00:54,32.00,28.00,84.97,17.25,1100.00,M
LNK,2026-03-07 01:54,32.00,28.00,84.97,17.25,1200.00,M
LNK,2026-03-07 02:54,32.00,27.00,81.54,17.25,1200.00,M
LNK,2026-03-07 03:54,31.00,27.00,84.90,13.80,1100.00,32.20
LNK,2026-03-07 04:54,32.00,27.00,81.54,13.80,1300.00,M
LNK,2026-03-07 05:11,32.00,27.00,81.54,12.65,1500.00,M
LNK,2026-03-07 05:36,32.00,27.00,81.54,11.50,1900.00,M
LNK,2026-03-07 05:54,32.00,27.00,81.54,13.80,1800.00,M
LNK,2026-03-07 06:04,32.00,27.00,81.54,14.95,1800.00,M
LNK,2026-03-07 06:54,33.00,27.00,78.32,13.80,1500.00,M
LNK,2026-03-07 07:41,32.00,26.00,78.23,11.50,1400.00,M
LNK,2026-03-07 07:54,33.00,27.00,78.32,13.80,1500.00,M
LNK,2026-03-07 08:54,33.00,26.00,75.15,14.95,1600.00,M
LNK,2026-03-07 09:44,36.00,27.00,69.49,9.20,1700.00,M
LNK,2026-03-07 09:54,36.00,27.00,69.49,10.35,1800.00,M
LNK,2026-03-07 10:54,41.00,28.00,59.53,12.65,M,M
LNK,2026-03-07 11:54,46.00,28.00,49.16,12.65,M,M
LNK,2026-03-07 12:54,50.00,27.00,40.60,11.50,M,M
LNK,2026-03-07 13:54,53.00,25.00,33.45,9.20,M,M
LNK,2026-03-07 14:54,54.00,24.00,30.92,9.20,M,M
LNK,2026-03-07 15:54,55.00,24.00,29.82,9.20,M,M
LNK,2026-03-07 16:54,54.00,23.00,29.65,8.05,M,M
LNK,2026-03-07 17:54,52.00,24.00,33.28,6.90,M,M
LNK,2026-03-07 18:54,41.00,24.00,50.43,9.20,M,M
LNK,2026-03-07 19:54,42.00,25.00,50.59,9.20,M,M
LNK,2026-03-07 20:54,44.00,24.00,44.93,11.50,M,M
LNK,2026-03-07 21:54,45.00,24.00,43.25,11.50,M,M
LNK,2026-03-07 22:54,44.00,23.00,43.09,13.80,M,M
LNK,2026-03-07 23:54,43.00,22.00,42.92,14.95,M,M
LNK,2026-03-08 00:54,43.00,23.00,44.77,12.65,M,M
LNK,2026-03-08 01:54,45.00,22.00,39.76,16.10,M,M
LNK,2026-03-08 03:54,46.00,20.00,35.17,18.40,M,M
LNK,2026-03-08 04:54,45.00,21.00,38.11,16.10,M,32.20
LNK,2026-03-08 05:54,43.00,22.00,42.92,10.35,M,M
LNK,2026-03-08 06:54,42.00,22.00,44.60,8.05,M,M
LNK,2026-03-08 07:54,39.00,23.00,52.27,4.60,M,M
LNK,2026-03-08 08:54,43.00,24.00,46.69,8.05,M,M
LNK,2026-03-08 09:54,50.00,26.00,38.95,8.05,M,M
LNK,2026-03-08 10:54,55.00,28.00,35.20,13.80,M,M
LNK,2026-03-08 11:54,62.00,30.00,29.73,13.80,M,M
LNK,2026-03-08 12:54,68.00,31.00,25.12,13.80,M,M
LNK,2026-03-08 13:54,71.00,30.00,21.77,18.40,M,M
LNK,2026-03-08 14:54,74.00,29.00,18.89,24.15,M,33.35
LNK,2026-03-08 15:54,75.00,30.00,19.03,21.85,M,35.65
LNK,2026-03-08 16:54,76.00,30.00,18.41,23.00,M,32.20
LNK,2026-03-08 17:54,75.00,30.00,19.03,17.25,M,32.20
LNK,2026-03-08 18:54,70.00,30.00,22.53,11.50,M,M
LNK,2026-03-08 19:54,66.00,32.00,28.03,13.80,M,M
LNK,2026-03-08 20:54,64.00,29.00,26.60,18.40,M,M
LNK,2026-03-08 21:54,60.00,32.00,34.60,17.25,M,M
LNK,2026-03-08 22:54,59.00,33.00,37.33,16.10,M,M
LNK,2026-03-08 23:54,58.00,34.00,40.28,17.25,M,M
LNK,2026-03-09 00:54,56.00,34.00,43.29,12.65,M,M
LNK,2026-03-09 01:54,53.00,35.00,50.26,8.05,M,M
LNK,2026-03-09 02:54,54.00,35.00,48.45,13.80,M,M
LNK,2026-03-09 03:54,52.00,35.00,52.14,11.50,M,M
LNK,2026-03-09 04:54,49.00,35.00,58.28,0.00,M,M
LNK,2026-03-09 05:54,44.00,34.00,67.65,5.75,M,M
LNK,2026-03-09 06:54,42.00,33.00,70.18,4.60,M,M
LNK,2026-03-09 07:54,42.00,32.00,67.41,4.60,M,M
LNK,2026-03-09 08:54,47.00,33.00,58.00,0.00,M,M
LNK,2026-03-09 09:54,53.00,30.00,41.10,3.45,M,M
LNK,2026-03-09 10:54,62.00,32.00,32.24,5.75,M,M
LNK,2026-03-09 11:54,68.00,33.00,27.23,0.00,M,M
LNK,2026-03-09 12:54,71.00,34.00,25.59,3.45,M,M
LNK,2026-03-09 13:54,75.00,34.00,22.37,4.60,M,M
LNK,2026-03-09 14:54,79.00,34.00,19.59,10.35,M,M
LNK,2026-03-09 15:54,81.00,34.00,18.36,8.05,M,M
LNK,2026-03-09 16:54,82.00,32.00,16.40,10.35,M,M
LNK,2026-03-09 17:54,81.00,31.00,16.27,12.65,M,M
LNK,2026-03-09 18:54,77.00,34.00,20.93,8.05,M,M
LNK,2026-03-09 19:54,71.00,32.00,23.61,8.05,M,M
LNK,2026-03-09 20:54,60.00,33.00,36.03,5.75,M,M
LNK,2026-03-09 21:54,55.00,34.00,44.89,4.60,M,M
LNK,2026-03-09 22:54,50.00,35.00,56.15,0.00,M,M
LNK,2026-03-09 23:54,49.00,35.00,58.28,3.45,M,M
LNK,2026-03-10 00:54,44.00,35.00,70.40,8.05,M,M
LNK,2026-03-10 01:54,44.00,34.00,67.65,0.00,M,M
LNK,2026-03-10 02:54,43.00,35.00,73.15,0.00,M,M
LNK,2026-03-10 03:54,43.00,35.00,73.15,3.45,M,M
LNK,2026-03-10 04:54,44.00,41.00,89.10,14.95,M,M
LNK,2026-03-10 05:54,40.00,37.00,88.91,17.25,M,M
LNK,2026-03-10 06:54,37.00,33.00,85.28,14.95,M,M
LNK,2026-03-10 07:54,34.00,30.00,85.10,18.40,M,M
LNK,2026-03-10 08:54,36.00,30.00,78.58,16.10,M,M
LNK,2026-03-10 09:54,41.00,31.00,67.29,14.95,M,M
LNK,2026-03-10 10:54,46.00,32.00,57.85,14.95,M,M
LNK,2026-03-10 11:54,52.00,33.00,48.14,13.80,M,M
LNK,2026-03-10 12:54,55.00,34.00,44.89,10.35,M,M
LNK,2026-03-10 13:54,57.00,35.00,43.45,11.50,M,M
LNK,2026-03-10 14:54,58.00,34.00,40.28,13.80,M,M
LNK,2026-03-10 15:54,60.00,35.00,39.03,10.35,M,M
LNK,2026-03-10 16:54,61.00,35.00,37.66,13.80,M,M
LNK,2026-03-10 17:54,58.00,35.00,41.92,20.70,M,M
LNK,2026-03-10 18:54,54.00,35.00,48.45,14.95,M,M
LNK,2026-03-10 19:54,48.00,33.00,55.86,16.10,M,M
LNK,2026-03-10 20:54,45.00,33.00,62.56,19.55,M,29.90
LNK,2026-03-10 21:54,41.00,32.00,70.06,20.70,M,31.05
LNK,2026-03-10 22:54,38.00,31.00,75.64,23.00,M,32.20
LNK,2026-03-10 23:45,38.00,31.00,75.64,20.70,2100.00,31.05
LNK,2026-03-10 23:54,38.00,31.00,75.64,18.40,2100.00,31.05
LNK,2026-03-11 00:54,39.00,32.00,75.73,19.55,2200.00,31.05
LNK,2026-03-11 01:54,39.00,32.00,75.73,16.10,2200.00,M
LNK,2026-03-11 02:54,38.00,31.00,75.64,25.30,2100.00,33.35
LNK,2026-03-11 03:28,37.00,31.00,78.67,23.00,1500.00,36.80
LNK,2026-03-11 03:54,36.00,30.00,78.58,20.70,1500.00,36.80
LNK,2026-03-11 04:45,34.00,31.00,88.62,17.25,1400.00,M
LNK,2026-03-11 04:48,33.80,30.20,86.48,17.25,1600.00,M
LNK,2026-03-11 04:54,33.00,31.00,92.25,16.10,1400.00,M
LNK,2026-03-11 05:16,33.00,32.00,96.05,12.65,400.00,M
LNK,2026-03-11 05:54,33.00,31.00,92.25,17.25,700.00,M
LNK,2026-03-11 06:01,33.00,32.00,96.05,14.95,700.00,M
LNK,2026-03-11 06:04,33.00,32.00,96.05,14.95,500.00,M
LNK,2026-03-11 06:09,33.00,31.00,92.25,18.40,1000.00,M
LNK,2026-03-11 06:21,33.00,31.00,92.25,17.25,800.00,M
LNK,2026-03-11 06:28,33.00,31.00,92.25,17.25,800.00,M
LNK,2026-03-11 06:45,33.00,31.00,92.25,18.40,900.00,M
LNK,2026-03-11 06:54,33.00,31.00,92.25,18.40,1200.00,M
LNK,2026-03-11 07:54,33.00,30.00,88.57,20.70,1200.00,29.90
LNK,2026-03-11 08:27,33.00,30.00,88.57,19.55,1600.00,32.20
LNK,2026-03-11 08:54,33.00,30.00,88.57,18.40,1700.00,32.20
LNK,2026-03-11 09:29,33.00,31.00,92.25,17.25,1500.00,M
LNK,2026-03-11 09:36,33.00,31.00,92.25,19.55,1200.00,M
LNK,2026-03-11 09:40,33.00,31.00,92.25,18.40,1400.00,M
LNK,2026-03-11 09:45,33.00,31.00,92.25,16.10,1400.00,M
LNK,2026-03-11 09:54,34.00,31.00,88.62,18.40,1400.00,M
LNK,2026-03-11 10:04,33.00,29.00,85.03,23.00,1500.00,31.05
LNK,2026-03-11 10:18,34.00,30.00,85.10,20.70,1400.00,31.05
LNK,2026-03-11 10:26,34.00,28.00,78.41,23.00,1600.00,32.20
LNK,2026-03-11 10:40,35.00,28.00,75.34,24.15,1700.00,32.20
LNK,2026-03-11 10:54,35.00,27.00,72.30,20.70,M,32.20
LNK,2026-03-11 11:54,37.00,24.00,58.96,20.70,M,31.05
LNK,2026-03-11 12:54,41.00,24.00,50.43,24.15,M,34.50
LNK,2026-03-11 13:54,43.00,23.00,44.77,18.40,M,36.80
LNK,2026-03-11 14:54,46.00,23.00,39.93,18.40,M,32.20
LNK,2026-03-11 15:54,47.00,22.00,36.86,19.55,M,M
LNK,2026-03-11 16:54,47.00,17.00,29.77,14.95,M,M
LNK,2026-03-11 17:54,48.00,17.00,28.67,18.40,M,M
LNK,2026-03-11 18:54,47.00,20.00,33.86,10.35,M,M
LNK,2026-03-11 19:54,44.00,22.00,41.31,4.60,7500.00,M
LNK,2026-03-11 20:54,42.00,23.00,46.52,5.75,M,M
LNK,2026-03-11 21:54,37.00,23.00,56.54,3.45,M,M
LNK,2026-03-11 22:54,33.00,23.00,66.30,0.00,M,M
LNK,2026-03-11 23:54,35.00,24.00,63.82,0.00,M,M
LNK,2026-03-12 00:54,32.00,23.00,69.02,0.00,M,M
LNK,2026-03-12 01:54,28.00,21.00,74.65,4.60,M,M
LNK,2026-03-12 02:54,27.00,21.00,77.78,0.00,M,M
LNK,2026-03-12 03:54,25.00,21.00,84.51,3.45,M,M
LNK,2026-03-12 04:54,26.00,20.00,77.69,0.00,M,M
LNK,2026-03-12 05:54,26.00,21.00,81.07,4.60,M,M
LNK,2026-03-12 06:54,25.00,20.00,80.99,5.75,M,M
LNK,2026-03-12 07:54,24.00,20.00,84.45,6.90,M,M
LNK,2026-03-12 08:54,33.00,23.00,66.30,11.50,M,M
LNK,2026-03-12 09:54,41.00,19.00,40.80,19.55,M,M
LNK,2026-03-12 10:54,50.00,20.00,30.26,26.45,11000.00,37.95
LNK,2026-03-12 11:54,55.00,20.00,25.18,28.75,M,44.85
LNK,2026-03-12 12:54,60.00,21.00,21.95,35.65,3700.00,55.20
LNK,2026-03-12 13:54,63.00,22.00,20.59,34.50,3600.00,55.20
LNK,2026-03-12 14:54,67.00,23.00,18.69,34.50,3900.00,56.35
LNK,2026-03-12 15:54,69.00,24.00,18.19,27.60,M,52.90
LNK,2026-03-12 16:54,69.00,24.00,18.19,28.75,M,48.30
LNK,2026-03-12 17:54,68.00,25.00,19.63,26.45,M,44.85
LNK,2026-03-12 18:54,67.00,24.00,19.49,28.75,12000.00,48.30
LNK,2026-03-12 19:54,67.00,25.00,20.32,27.60,9500.00,44.85
LNK,2026-03-12 20:54,65.00,26.00,22.70,21.85,5000.00,39.10
LNK,2026-03-12 21:54,67.00,27.00,22.08,23.00,M,34.50
LNK,2026-03-12 22:14,67.00,27.00,22.08,19.55,5000.00,31.05
LNK,2026-03-12 22:38,61.00,32.00,33.40,23.00,5000.00,41.40
LNK,2026-03-12 22:54,60.00,33.00,36.03,18.40,M,41.40
LNK,2026-03-12 23:54,55.00,35.00,46.72,12.65,M,35.65
LNK,2026-03-13 00:54,57.00,26.00,30.14,19.55,M,32.20
LNK,2026-03-13 01:54,54.00,24.00,30.92,18.40,M,40.25
LNK,2026-03-13 02:54,51.00,24.00,34.53,25.30,M,42.55
LNK,2026-03-13 03:54,45.00,21.00,38.11,18.40,M,40.25
LNK,2026-03-13 04:54,42.00,22.00,44.60,14.95,M,33.35
LNK,2026-03-13 05:54,40.00,22.00,48.20,14.95,M,M
LNK,2026-03-13 06:54,37.00,22.00,54.21,14.95,M,M
LNK,2026-03-13 07:54,36.00,22.00,56.39,13.80,M,M
LNK,2026-03-13 08:54,37.00,22.00,54.21,11.50,M,M
LNK,2026-03-13 09:54,39.00,23.00,52.27,18.40,M,M
LNK,2026-03-13 10:54,43.00,23.00,44.77,14.95,9500.00,M
LNK,2026-03-13 11:54,46.00,22.00,38.28,11.50,9500.00,M
LNK,2026-03-13 12:54,49.00,18.00,28.83,10.35,M,M
LNK,2026-03-13 13:54,51.00,15.00,23.50,8.05,M,M
LNK,2026-03-13 14:54,53.00,13.00,20.00,5.75,M,M
LNK,2026-03-13 15:54,52.00,10.00,18.16,3.45,M,M
LNK,2026-03-13 16:54,52.00,11.00,18.99,0.00,M,M
LNK,2026-03-13 17:54,50.00,11.00,20.45,9.20,M,M
LNK,2026-03-13 18:54,48.00,12.00,23.03,10.35,M,M
LNK,2026-03-13 19:54,45.00,15.00,29.44,11.50,M,M
LNK,2026-03-13 20:54,42.00,15.00,33.02,11.50,M,M
LNK,2026-03-13 21:54,42.00,16.00,34.49,8.05,M,M
LNK,2026-03-13 22:54,42.00,16.00,34.49,14.95,M,M
LNK,2026-03-13 23:54,41.00,17.00,37.44,14.95,M,M
LNK,2026-03-14 00:54,40.00,17.00,38.92,10.35,M,M
LNK,2026-03-14 01:54,39.00,19.00,44.11,10.35,M,M
LNK,2026-03-14 02:54,39.00,19.00,44.11,8.05,M,M
LNK,2026-03-14 03:54,38.00,20.00,47.87,9.20,M,M
LNK,2026-03-14 04:54,37.00,21.00,51.96,9.20,M,M
LNK,2026-03-14 05:54,37.00,21.00,51.96,11.50,M,M
LNK,2026-03-14 06:54,36.00,21.00,54.05,9.20,M,M
LNK,2026-03-14 07:54,35.00,21.00,56.24,11.50,M,M
LNK,2026-03-14 08:54,36.00,21.00,54.05,10.35,M,M
LNK,2026-03-14 09:54,41.00,22.00,46.36,14.95,M,M
LNK,2026-03-14 10:54,45.00,23.00,41.48,16.10,M,M
LNK,2026-03-14 11:54,50.00,24.00,35.84,16.10,M,M
LNK,2026-03-14 12:54,56.00,27.00,32.57,14.95,M,M
LNK,2026-03-14 13:54,58.00,28.00,31.58,14.95,M,M
LNK,2026-03-14 14:54,60.00,30.00,31.91,12.65,M,M
LNK,2026-03-14 15:54,61.00,31.00,32.07,12.65,M,M
LNK,2026-03-14 16:54,64.00,33.00,31.29,13.80,M,M
LNK,2026-03-14 17:54,64.00,34.00,32.56,9.20,M,M
LNK,2026-03-14 18:54,64.00,36.00,35.26,10.35,M,M
LNK,2026-03-14 19:54,60.00,36.00,40.61,12.65,M,M
LNK,2026-03-14 20:54,57.00,36.00,45.21,6.90,M,M
LNK,2026-03-14 21:54,57.00,37.00,47.04,11.50,M,M
LNK,2026-03-14 22:54,56.00,39.00,52.75,11.50,M,M
LNK,2026-03-14 23:54,56.00,41.00,57.02,8.05,M,M
LNK,2026-03-15 00:54,55.00,41.00,59.13,4.60,M,M
LNK,2026-03-15 01:54,50.00,40.00,68.36,8.05,12000.00,M
LNK,2026-03-15 02:54,49.00,40.00,70.96,8.05,5000.00,M
LNK,2026-03-15 03:54,46.00,41.00,82.57,11.50,8500.00,M
LNK,2026-03-15 04:54,45.00,41.00,85.77,12.65,7000.00,M
LNK,2026-03-15 05:39,44.00,39.00,82.43,19.55,M,31.05
LNK,2026-03-15 05:54,42.00,36.00,79.10,31.05,1600.00,39.10
LNK,2026-03-15 06:14,39.00,34.00,82.07,33.35,1200.00,40.25
LNK,2026-03-15 06:54,37.00,33.00,85.28,27.60,1200.00,46.00
LNK,2026-03-15 07:47,35.00,32.00,88.67,26.45,900.00,40.25
LNK,2026-03-15 07:54,35.00,32.00,88.67,21.85,900.00,40.25
LNK,2026-03-15 08:11,35.00,31.00,85.16,25.30,1000.00,36.80
LNK,2026-03-15 08:54,34.00,28.00,78.41,27.60,1200.00,46.00
LNK,2026-03-15 09:39,31.00,27.00,84.90,35.65,1200.00,50.60
LNK,2026-03-15 09:49,30.20,26.60,86.27,36.80,1200.00,50.60
LNK,2026-03-15 09:54,31.00,26.00,81.46,35.65,1200.00,50.60
LNK,2026-03-15 10:52,30.20,24.80,80.06,32.20,1500.00,54.05
LNK,2026-03-15 10:54,31.00,24.00,74.95,32.20,1500.00,54.05
LNK,2026-03-15 11:26,30.00,22.00,71.76,33.35,2000.00,54.05
LNK,2026-03-15 11:54,29.00,23.00,77.97,32.20,2200.00,54.05
LNK,2026-03-15 12:47,29.00,24.00,81.31,27.60,2100.00,47.15
LNK,2026-03-15 12:54,29.00,24.00,81.31,35.65,2100.00,47.15
LNK,2026-03-15 13:08,28.00,24.00,84.71,34.50,1400.00,50.60
LNK,2026-03-15 13:54,28.00,24.00,84.71,31.05,1500.00,50.60
LNK,2026-03-15 14:04,28.00,24.00,84.71,29.90,1400.00,40.25
LNK,2026-03-15 14:54,27.00,24.00,88.27,31.05,1400.00,47.15
LNK,2026-03-15 15:04,28.00,23.00,81.23,33.35,1500.00,46.00
LNK,2026-03-15 15:19,28.00,24.00,84.71,29.90,1900.00,46.00
LNK,2026-03-15 15:54,28.00,23.00,81.23,34.50,1700.00,51.75
LNK,2026-03-15 16:48,28.40,21.20,74.06,32.20,2200.00,59.80
LNK,2026-03-15 16:54,28.00,21.00,74.65,39.10,2200.00,59.80
LNK,2026-03-15 17:23,28.00,20.00,71.54,37.95,2700.00,54.05
LNK,2026-03-15 17:54,26.00,18.00,71.31,35.65,2500.00,56.35
LNK,2026-03-15 18:54,26.00,16.00,65.40,33.35,2900.00,55.20
LNK,2026-03-15 19:54,23.00,13.00,65.01,37.95,12000.00,56.35
LNK,2026-03-15 20:54,20.00,11.00,67.56,28.75,2400.00,49.45
LNK,2026-03-15 21:54,17.00,8.00,67.18,24.15,2200.00,51.75
LNK,2026-03-15 22:06,17.00,7.00,64.21,25.30,2200.00,46.00
LNK,2026-03-15 22:40,16.00,6.00,64.07,26.45,2400.00,46.00
LNK,2026-03-15 22:52,15.80,6.80,67.03,25.30,2400.00,46.00
LNK,2026-03-15 22:54,15.00,6.00,66.92,25.30,2300.00,46.00
LNK,2026-03-15 23:17,14.00,5.00,66.79,28.75,2300.00,47.15
LNK,2026-03-15 23:54,14.00,3.00,60.92,25.30,2500.00,47.15
LNK,2026-03-16 00:54,12.00,1.00,60.63,31.05,2500.00,49.45
LNK,2026-03-16 01:54,11.00,-2.00,55.04,32.20,M,46.00
LNK,2026-03-16 02:54,10.00,-2.00,57.55,26.45,M,43.70
LNK,2026-03-16 03:54,10.00,-2.00,57.55,25.30,M,44.85
LNK,2026-03-16 04:54,10.00,-2.00,57.55,20.70,M,39.10
LNK,2026-03-16 05:54,9.00,-1.00,63.10,14.95,M,M
LNK,2026-03-16 06:54,9.00,-1.00,63.10,13.80,3100.00,M
LNK,2026-03-16 07:54,9.00,-1.00,63.10,14.95,M,M
LNK,2026-03-16 08:54,10.00,-1.00,60.34,20.70,M,M
LNK,2026-03-16 09:54,13.00,-1.00,52.81,26.45,M,34.50
LNK,2026-03-16 10:54,14.00,0.00,52.97,21.85,3000.00,36.80
LNK,2026-03-16 11:54,18.00,2.00,48.88,20.70,M,32.20
LNK,2026-03-16 12:54,20.00,4.00,49.21,17.25,M,32.20
LNK,2026-03-16 13:54,22.00,3.00,43.17,17.25,M,M
LNK,2026-03-16 14:54,25.00,5.00,41.73,21.85,M,29.90
LNK,2026-03-16 15:54,26.00,2.00,34.85,19.55,M,29.90
LNK,2026-03-16 16:54,28.00,2.00,32.09,17.25,M,M
LNK,2026-03-16 17:54,28.00,3.00,33.62,17.25,M,M
LNK,2026-03-16 18:54,27.00,4.00,36.68,17.25,M,M
LNK,2026-03-16 19:54,24.00,4.00,41.56,10.35,M,M
LNK,2026-03-16 20:54,23.00,5.00,45.37,9.20,M,M
LNK,2026-03-16 21:54,21.00,5.00,49.38,6.90,M,M
LNK,2026-03-16 22:54,18.00,6.00,58.76,0.00,M,M
LNK,2026-03-16 23:54,16.00,6.00,64.07,0.00,M,M
LNK,2026-03-17 00:54,15.00,6.00,66.92,0.00,M,M
LNK,2026-03-17 01:54,16.00,6.00,64.07,0.00,M,M
LNK,2026-03-17 02:54,12.00,6.00,76.36,3.45,M,M
LNK,2026-03-17 03:54,13.00,5.00,69.80,3.45,M,M
LNK,2026-03-17 04:54,15.00,7.00,70.04,3.45,M,M
LNK,2026-03-17 05:54,16.00,5.00,61.21,8.05,M,M
LNK,2026-03-17 06:54,16.00,5.00,61.21,6.90,12000.00,M
LNK,2026-03-17 07:54,16.00,5.00,61.21,10.35,11000.00,M
LNK,2026-03-17 08:54,18.00,6.00,58.76,11.50,11000.00,M
LNK,2026-03-17 09:54,20.00,7.00,56.44,12.65,8000.00,M
LNK,2026-03-17 10:54,22.00,8.00,54.25,13.80,5500.00,M
LNK,2026-03-17 11:54,25.00,9.00,50.03,13.80,5000.00,M
LNK,2026-03-17 12:54,28.00,8.00,42.25,12.65,4700.00,M
LNK,2026-03-17 13:54,31.00,9.00,39.10,17.25,5000.00,M
LNK,2026-03-17 14:54,33.00,12.00,41.23,24.15,6500.00,32.20
LNK,2026-03-17 15:54,36.00,13.00,38.24,18.40,7000.00,32.20
LNK,2026-03-17 16:54,40.00,10.00,28.60,18.40,8500.00,31.05
LNK,2026-03-17 17:54,41.00,11.00,28.77,19.55,8000.00,29.90
LNK,2026-03-17 18:54,41.00,14.00,32.85,11.50,12000.00,M
LNK,2026-03-17 19:54,40.00,15.00,35.68,9.20,12000.00,M
LNK,2026-03-17 20:54,39.00,16.00,38.75,9.20,10000.00,M
LNK,2026-03-17 21:54,39.00,16.00,38.75,10.35,12000.00,M
LNK,2026-03-17 22:54,39.00,17.00,40.47,6.90,11000.00,M
LNK,2026-03-17 23:54,38.00,18.00,43.94,6.90,M,M
LNK,2026-03-18 00:54,33.00,18.00,53.59,6.90,M,M
LNK,2026-03-18 01:54,35.00,18.00,49.47,0.00,M,M
LNK,2026-03-18 02:54,31.00,18.00,58.09,0.00,M,M
LNK,2026-03-18 03:54,29.00,18.00,63.02,4.60,M,M
LNK,2026-03-18 04:54,30.00,18.00,60.50,3.45,M,M
LNK,2026-03-18 05:54,28.00,20.00,71.54,5.75,M,M
LNK,2026-03-18 06:54,28.00,20.00,71.54,3.45,M,M
LNK,2026-03-18 07:54,27.00,19.00,71.42,0.00,M,M
LNK,2026-03-18 08:26,32.00,23.00,69.02,0.00,M,M
LNK,2026-03-18 08:34,33.00,23.00,66.30,0.00,M,M
LNK,2026-03-18 08:54,37.00,24.00,58.96,0.00,M,M
LNK,2026-03-18 09:54,49.00,30.00,47.66,0.00,M,M
LNK,2026-03-18 10:54,59.00,35.00,40.44,0.00,M,M
LNK,2026-03-18 11:54,69.00,37.00,30.86,6.90,M,M
LNK,2026-03-18 12:54,72.00,37.00,27.86,9.20,M,M
LNK,2026-03-18 13:54,76.00,35.00,22.51,13.80,M,M
LNK,2026-03-18 14:54,78.00,35.00,21.07,11.50,M,M
LNK,2026-03-18 15:54,78.00,33.00,19.45,9.20,M,M
LNK,2026-03-18 16:54,76.00,33.00,20.78,8.05,M,M
LNK,2026-03-18 17:54,78.00,34.00,20.25,9.20,M,M
LNK,2026-03-18 18:54,75.00,34.00,22.37,3.45,11000.00,M
LNK,2026-03-18 19:54,65.00,36.00,34.05,0.00,11000.00,M
LNK,2026-03-18 20:54,62.00,38.00,40.93,0.00,11000.00,M
LNK,2026-03-18 21:54,61.00,37.00,40.77,3.45,11000.00,M
LNK,2026-03-18 22:54,61.00,38.00,42.41,4.60,M,M
LNK,2026-03-18 23:54,58.00,37.00,45.37,3.45,M,M
LNK,2026-03-19 00:54,49.00,37.00,63.09,0.00,M,M
LNK,2026-03-19 01:54,46.00,36.00,67.89,0.00,M,M
LNK,2026-03-19 02:54,47.00,35.00,62.83,4.60,M,M
LNK,2026-03-19 03:54,42.00,34.00,73.05,0.00,M,M
LNK,2026-03-19 04:54,39.00,33.00,78.84,0.00,M,M
LNK,2026-03-19 05:54,42.00,33.00,70.18,3.45,M,M
LNK,2026-03-19 06:54,41.00,32.00,70.06,4.60,M,M
LNK,2026-03-19 07:54,41.00,33.00,72.94,0.00,M,M
LNK,2026-03-19 08:54,48.00,36.00,62.96,0.00,M,M
LNK,2026-03-19 09:54,57.00,36.00,45.21,0.00,M,M
LNK,2026-03-19 10:54,66.00,38.00,35.59,0.00,M,M
LNK,2026-03-19 11:54,73.00,39.00,29.14,3.45,M,M
LNK,2026-03-19 12:54,75.00,38.00,26.21,3.45,M,M
LNK,2026-03-19 13:54,78.00,38.00,23.73,3.45,M,M
LNK,2026-03-19 14:54,79.00,38.00,22.96,3.45,M,M
LNK,2026-03-19 15:54,80.00,37.00,21.36,4.60,M,M
LNK,2026-03-19 16:54,82.00,38.00,20.82,6.90,M,M
LNK,2026-03-19 17:54,81.00,37.00,20.68,4.60,M,M
LNK,2026-03-19 18:54,76.00,38.00,25.35,5.75,M,M
LNK,2026-03-19 19:54,68.00,39.00,34.54,6.90,M,M
LNK,2026-03-19 20:54,66.00,38.00,35.59,8.05,M,M
LNK,2026-03-19 21:54,63.00,38.00,39.52,4.60,M,M
LNK,2026-03-19 22:54,62.00,36.00,37.83,5.75,M,M
LNK,2026-03-19 23:54,60.00,36.00,40.61,3.45,M,M
LNK,2026-03-20 00:54,54.00,37.00,52.45,0.00,M,M
LNK,2026-03-20 01:54,45.00,35.00,67.77,3.45,M,M
LNK,2026-03-20 02:54,44.00,34.00,67.65,0.00,M,M
LNK,2026-03-20 03:54,45.00,35.00,67.77,4.60,M,M
LNK,2026-03-20 04:54,41.00,34.00,75.92,3.45,M,M
LNK,2026-03-20 05:54,40.00,33.00,75.83,0.00,M,M
LNK,2026-03-20 06:54,41.00,34.00,75.92,0.00,M,M
LNK,2026-03-20 07:54,41.00,34.00,75.92,0.00,M,M
LNK,2026-03-20 08:54,47.00,37.00,68.01,0.00,M,M
LNK,2026-03-20 09:54,60.00,38.00,43.94,0.00,M,M
LNK,2026-03-20 10:54,69.00,37.00,30.86,3.45,M,M
LNK,2026-03-20 11:54,76.00,36.00,23.43,0.00,M,M
LNK,2026-03-20 12:54,81.00,35.00,19.10,3.45,M,M
LNK,2026-03-20 13:54,86.00,35.00,16.27,10.35,M,M
LNK,2026-03-20 14:54,87.00,35.00,15.76,11.50,M,M
LNK,2026-03-20 15:54,87.00,34.00,15.14,10.35,M,M
LNK,2026-03-20 16:54,87.00,33.00,14.55,4.60,M,M
LNK,2026-03-20 17:54,87.00,32.00,13.97,4.60,M,M
LNK,2026-03-20 18:54,83.00,34.00,17.21,4.60,M,M
LNK,2026-03-20 19:54,72.00,35.00,25.74,6.90,M,M
LNK,2026-03-20 20:54,66.00,39.00,37.01,0.00,M,M
LNK,2026-03-20 21:54,61.00,38.00,42.41,0.00,M,M
LNK,2026-03-20 22:54,56.00,36.00,46.88,0.00,M,M
LNK,2026-03-20 23:54,55.00,37.00,50.57,0.00,M,M
LNK,2026-03-21 00:54,47.00,35.00,62.83,3.45,M,M
LNK,2026-03-21 01:54,49.00,35.00,58.28,0.00,M,M
LNK,2026-03-21 02:54,46.00,35.00,65.24,3.45,M,M
LNK,2026-03-21 03:54,46.00,35.00,65.24,0.00,M,M
LNK,2026-03-21 04:54,44.00,34.00,67.65,3.45,M,M
LNK,2026-03-21 05:54,44.00,34.00,67.65,0.00,M,M
LNK,2026-03-21 06:54,49.00,34.00,56.00,0.00,M,M
LNK,2026-03-21 07:54,46.00,35.00,65.24,5.75,M,M
LNK,2026-03-21 08:54,55.00,38.00,52.60,6.90,M,M
LNK,2026-03-21 09:54,71.00,38.00,29.98,9.20,M,M
LNK,2026-03-21 10:54,80.00,33.00,18.22,14.95,M,M
LNK,2026-03-21 11:54,85.00,34.00,16.14,10.35,M,M
LNK,2026-03-21 12:54,89.00,31.00,12.60,9.20,M,M
LNK,2026-03-21 13:54,93.00,30.00,10.68,4.60,M,M
LNK,2026-03-21 14:54,96.00,27.00,8.61,11.50,M,M
LNK,2026-03-21 15:54,97.00,26.00,8.01,17.25,M,M
LNK,2026-03-21 16:54,97.00,28.00,8.70,16.10,M,M
LNK,2026-03-21 17:54,97.00,22.00,6.78,14.95,M,M
LNK,2026-03-21 18:54,94.00,23.00,7.75,12.65,M,M
LNK,2026-03-21 19:54,87.00,24.00,10.06,6.90,M,M
LNK,2026-03-21 20:54,75.00,27.00,16.83,4.60,M,M
LNK,2026-03-21 21:54,76.00,28.00,16.96,6.90,M,M
LNK,2026-03-21 22:54,72.00,30.00,21.05,8.05,M,M
LNK,2026-03-21 23:54,71.00,31.00,22.68,8.05,M,M
LNK,2026-03-22 00:54,72.00,32.00,22.83,9.20,M,M
LNK,2026-03-22 01:54,69.00,33.00,26.32,5.75,M,M
LNK,2026-03-22 02:54,64.00,35.00,33.89,18.40,M,M
LNK,2026-03-22 03:54,59.00,47.00,64.37,20.70,M,39.10
LNK,2026-03-22 04:54,51.00,44.00,76.85,20.70,M,33.35
LNK,2026-03-22 05:54,48.00,41.00,76.58,21.85,M,39.10
LNK,2026-03-22 06:54,45.00,39.00,79.35,18.40,M,31.05
LNK,2026-03-22 07:54,44.00,36.00,73.25,23.00,M,42.55
LNK,2026-03-22 08:54,43.00,35.00,73.15,29.90,1900.00,47.15
LNK,2026-03-22 09:54,44.00,34.00,67.65,31.05,2000.00,44.85
LNK,2026-03-22 10:54,45.00,34.00,65.12,31.05,M,44.85
LNK,2026-03-22 11:54,48.00,33.00,55.86,31.05,M,44.85
LNK,2026-03-22 12:54,51.00,32.00,47.98,31.05,M,46.00
LNK,2026-03-22 13:54,52.00,31.00,44.40,29.90,M,48.30
LNK,2026-03-22 14:54,55.00,31.00,39.78,28.75,M,43.70
LNK,2026-03-22 15:54,54.00,30.00,39.62,25.30,M,42.55
LNK,2026-03-22 16:54,54.00,29.00,38.03,25.30,M,39.10
LNK,2026-03-22 17:54,52.00,28.00,39.29,20.70,M,36.80
LNK,2026-03-22 18:54,50.00,27.00,40.60,18.40,M,32.20
LNK,2026-03-22 19:54,46.00,27.00,47.17,11.50,M,M
LNK,2026-03-22 20:54,40.00,26.00,56.98,9.20,M,M
LNK,2026-03-22 21:54,37.00,26.00,64.09,9.20,M,M
LNK,2026-03-22 22:54,34.00,24.00,66.42,4.60,M,M
LNK,2026-03-22 23:54,37.00,25.00,61.48,5.75,M,M