station,valid,tmpf,dwpf,relh,sped,skyl1,peak_wind_gust_mph
OFK,2025-01-01 00:56,30.00,19.00,63.18,12.65,3700.00,M
OFK,2025-01-01 01:56,30.00,20.00,65.94,11.50,3400.00,M
OFK,2025-01-01 02:56,30.00,19.00,63.18,14.95,3100.00,M
OFK,2025-01-01 03:56,29.00,18.00,63.05,11.50,3100.00,M
OFK,2025-01-01 04:56,24.00,17.00,74.26,8.05,M,M
OFK,2025-01-01 05:56,23.00,16.00,74.15,9.20,M,M
OFK,2025-01-01 06:56,21.00,15.00,77.25,9.20,M,M
OFK,2025-01-01 07:56,21.00,15.00,77.25,9.20,M,M
OFK,2025-01-01 08:56,24.00,16.00,71.11,4.60,M,M
OFK,2025-01-01 09:56,26.00,16.00,65.43,9.20,M,M
OFK,2025-01-01 10:56,30.00,19.00,63.18,8.05,M,M
OFK,2025-01-01 11:56,33.00,20.00,58.41,8.05,M,M
OFK,2025-01-01 12:56,34.00,21.00,58.56,11.50,M,M
OFK,2025-01-01 13:56,36.00,23.00,58.85,10.35,M,M
OFK,2025-01-01 14:56,37.00,23.00,56.57,9.20,M,M
OFK,2025-01-01 15:56,37.00,23.00,56.57,6.90,M,M
OFK,2025-01-01 16:56,32.00,23.00,69.04,4.60,M,M
OFK,2025-01-01 17:56,31.00,23.00,71.89,0.00,M,M
OFK,2025-01-01 18:56,26.00,21.00,81.09,4.60,M,M
OFK,2025-01-01 19:56,26.00,21.00,81.09,4.60,9500.00,M
OFK,2025-01-01 20:56,29.00,24.00,81.32,4.60,7000.00,M
OFK,2025-01-01 21:56,29.00,24.00,81.32,5.75,7000.00,M
OFK,2025-01-01 22:50,30.20,24.80,80.07,6.90,2100.00,M
OFK,2025-01-01 22:56,30.00,25.00,81.40,8.05,2100.00,M
OFK,2025-01-01 22:58,30.00,25.00,81.40,6.90,2100.00,M
OFK,2025-01-01 23:08,30.00,25.00,81.40,8.05,2100.00,M
OFK,2025-01-01 23:56,31.00,26.00,81.48,4.60,3400.00,M
OFK,2025-01-02 00:11,31.00,27.00,84.92,4.60,2400.00,M
OFK,2025-01-02 00:15,31.00,27.00,84.92,5.75,2000.00,M
OFK,2025-01-02 00:26,31.00,27.00,84.92,4.60,1300.00,M
OFK,2025-01-02 00:40,30.00,27.00,88.44,8.05,800.00,M
OFK,2025-01-02 00:56,30.00,27.00,88.44,5.75,700.00,M
OFK,2025-01-02 01:07,30.00,27.00,88.44,9.20,1000.00,M
OFK,2025-01-02 01:31,30.00,27.00,88.44,8.05,400.00,M
OFK,2025-01-02 01:56,29.00,26.00,88.38,8.05,600.00,M
OFK,2025-01-02 02:03,29.00,26.00,88.38,8.05,600.00,M
OFK,2025-01-02 02:14,29.00,26.00,88.38,5.75,600.00,M
OFK,2025-01-02 02:56,29.00,26.00,88.38,6.90,700.00,M
OFK,2025-01-02 03:56,29.00,25.00,84.79,5.75,700.00,M
OFK,2025-01-02 04:56,29.00,25.00,84.79,8.05,700.00,M
OFK,2025-01-02 05:56,28.00,24.00,84.72,11.50,800.00,M
OFK,2025-01-02 06:04,28.00,24.00,84.72,9.20,1000.00,M
OFK,2025-01-02 06:28,28.00,24.00,84.72,8.05,700.00,M
OFK,2025-01-02 06:43,28.00,24.00,84.72,10.35,700.00,M
OFK,2025-01-02 06:56,28.00,24.00,84.72,6.90,700.00,M
OFK,2025-01-02 07:08,28.00,24.00,84.72,8.05,1500.00,M
OFK,2025-01-02 07:43,27.00,23.00,84.66,9.20,1000.00,M
OFK,2025-01-02 07:56,27.00,23.00,84.66,9.20,1000.00,M
OFK,2025-01-02 08:27,27.00,23.00,84.66,5.75,900.00,M
OFK,2025-01-02 08:56,27.00,23.00,84.66,4.60,2200.00,M
OFK,2025-01-02 09:38,27.00,22.00,81.17,10.35,1000.00,M
OFK,2025-01-02 09:56,28.00,23.00,81.25,6.90,1000.00,M
OFK,2025-01-02 10:21,27.00,22.00,81.17,9.20,900.00,M
OFK,2025-01-02 10:56,27.00,22.00,81.17,5.75,900.00,M
OFK,2025-01-02 11:19,28.00,22.00,77.89,8.05,900.00,M
OFK,2025-01-02 11:31,28.00,22.00,77.89,9.20,1100.00,M
OFK,2025-01-02 11:56,28.00,22.00,77.89,9.20,1000.00,M
OFK,2025-01-02 12:27,28.00,22.00,77.89,6.90,1000.00,M
OFK,2025-01-02 12:56,28.00,22.00,77.89,9.20,1100.00,M
OFK,2025-01-02 13:56,28.00,20.00,71.56,10.35,2300.00,M
OFK,2025-01-02 14:56,28.00,21.00,74.67,10.35,2100.00,M
OFK,2025-01-02 15:56,27.00,20.00,74.57,8.05,1900.00,M
OFK,2025-01-02 16:12,26.00,19.00,74.46,10.35,1900.00,M
OFK,2025-01-02 16:56,25.00,17.00,71.22,6.90,1900.00,M
OFK,2025-01-02 17:56,27.00,20.00,74.57,8.05,1800.00,M
OFK,2025-01-02 18:56,27.00,19.00,71.45,11.50,1600.00,M
OFK,2025-01-02 19:56,26.00,20.00,77.71,6.90,1600.00,M
OFK,2025-01-02 20:56,27.00,20.00,74.57,10.35,2700.00,M
OFK,2025-01-02 21:56,27.00,21.00,77.80,6.90,1500.00,M
OFK,2025-01-02 22:56,27.00,21.00,77.80,8.05,1400.00,M
OFK,2025-01-02 23:48,26.00,20.00,77.71,9.20,1500.00,M
OFK,2025-01-02 23:56,26.00,20.00,77.71,9.20,1500.00,M
OFK,2025-01-03 00:56,25.00,20.00,81.01,5.75,1700.00,M
OFK,2025-01-03 01:56,26.00,21.00,81.09,4.60,1600.00,M
OFK,2025-01-03 02:56,26.00,21.00,81.09,6.90,1200.00,M
OFK,2025-01-03 03:32,25.00,20.00,81.01,6.90,1600.00,M
OFK,2025-01-03 03:56,25.00,19.00,77.62,6.90,1600.00,M
OFK,2025-01-03 04:53,21.20,17.60,85.74,9.20,M,M
OFK,2025-01-03 04:56,22.00,17.00,80.77,11.50,M,M
OFK,2025-01-03 05:28,20.00,15.00,80.60,6.90,1500.00,M
OFK,2025-01-03 05:39,20.00,15.00,80.60,6.90,1200.00,M
OFK,2025-01-03 05:56,20.00,15.00,80.60,6.90,1100.00,M
OFK,2025-01-03 06:56,20.00,14.00,77.16,8.05,1100.00,M
OFK,2025-01-03 07:56,19.00,12.00,73.73,8.05,1200.00,M
OFK,2025-01-03 08:56,19.00,11.00,70.53,M,1100.00,M
OFK,2025-01-03 09:56,20.00,11.00,67.58,M,1300.00,M
OFK,2025-01-03 10:56,21.00,11.00,64.77,6.90,2500.00,M
OFK,2025-01-03 11:04,22.00,11.00,62.09,6.90,2500.00,M
OFK,2025-01-03 11:49,22.00,11.00,62.09,M,2600.00,M
OFK,2025-01-03 11:56,22.00,11.00,62.09,M,2600.00,M
OFK,2025-01-03 12:05,22.00,10.00,59.38,M,2700.00,M
OFK,2025-01-03 12:56,22.00,11.00,62.09,9.20,4100.00,M
OFK,2025-01-03 13:56,21.00,11.00,64.77,9.20,9000.00,M
OFK,2025-01-03 14:56,21.00,11.00,64.77,9.20,M,M
OFK,2025-01-03 15:56,20.00,11.00,67.58,8.05,7500.00,M
OFK,2025-01-03 16:56,20.00,11.00,67.58,6.90,M,M
OFK,2025-01-03 17:56,20.00,11.00,67.58,10.35,M,M
OFK,2025-01-03 18:56,20.00,11.00,67.58,5.75,7500.00,M
OFK,2025-01-03 19:56,20.00,11.00,67.58,6.90,7000.00,M
OFK,2025-01-03 20:56,20.00,11.00,67.58,6.90,7000.00,M
OFK,2025-01-03 21:56,20.00,11.00,67.58,6.90,7000.00,M
OFK,2025-01-03 22:56,19.00,11.00,70.53,9.20,6000.00,M
OFK,2025-01-03 23:56,18.00,10.00,70.41,9.20,4000.00,M
OFK,2025-01-04 00:05,18.00,10.00,70.41,10.35,2800.00,M
OFK,2025-01-04 00:12,17.00,11.00,76.87,10.35,2200.00,M
OFK,2025-01-04 00:46,17.00,11.00,76.87,6.90,2000.00,M
OFK,2025-01-04 00:56,17.00,11.00,76.87,8.05,3400.00,M
OFK,2025-01-04 01:11,17.00,10.00,73.52,9.20,6000.00,M
OFK,2025-01-04 01:20,17.00,10.00,73.52,8.05,6000.00,M
OFK,2025-01-04 01:56,16.00,10.00,76.77,5.75,7000.00,M
OFK,2025-01-04 02:56,16.00,8.00,70.18,6.90,7000.00,M
OFK,2025-01-04 03:56,15.00,8.00,73.30,6.90,4700.00,M
OFK,2025-01-04 04:56,14.00,7.00,73.19,8.05,4600.00,M
OFK,2025-01-04 05:56,13.00,6.00,73.08,8.05,4500.00,M
OFK,2025-01-04 06:56,13.00,6.00,73.08,8.05,4200.00,M
OFK,2025-01-04 07:56,13.00,6.00,73.08,9.20,3900.00,M
OFK,2025-01-04 08:56,13.00,6.00,73.08,6.90,4000.00,M
OFK,2025-01-04 09:56,13.00,5.00,69.82,11.50,5500.00,M
OFK,2025-01-04 10:56,13.00,6.00,73.08,10.35,4900.00,M
OFK,2025-01-04 11:56,13.00,7.00,76.48,11.50,5000.00,M
OFK,2025-01-04 12:56,13.00,6.00,73.08,12.65,4600.00,M
OFK,2025-01-04 13:56,14.00,6.00,69.94,9.20,4300.00,M
OFK,2025-01-04 14:56,14.00,6.00,69.94,9.20,4100.00,M
OFK,2025-01-04 15:56,13.00,5.00,69.82,12.65,4100.00,M
OFK,2025-01-04 16:56,13.00,4.00,66.69,12.65,3800.00,M
OFK,2025-01-04 17:56,13.00,3.00,63.68,12.65,3900.00,M
OFK,2025-01-04 18:56,14.00,4.00,63.82,13.80,4000.00,M
OFK,2025-01-04 19:56,14.00,3.00,60.94,8.05,4100.00,M
OFK,2025-01-04 20:56,14.00,3.00,60.94,12.65,6000.00,M
OFK,2025-01-04 21:56,15.00,4.00,61.09,11.50,3800.00,M
OFK,2025-01-04 22:56,14.00,5.00,66.82,14.95,3800.00,M
OFK,2025-01-04 23:56,14.00,5.00,66.82,17.25,4000.00,M
OFK,2025-01-05 00:56,13.00,6.00,73.08,16.10,4100.00,M
OFK,2025-01-05 01:56,13.00,7.00,76.48,13.80,4700.00,M
OFK,2025-01-05 02:41,12.00,6.00,76.38,18.40,2500.00,M
OFK,2025-01-05 02:56,12.00,6.00,76.38,16.10,2300.00,M
OFK,2025-01-05 03:12,12.00,6.00,76.38,17.25,2500.00,M
OFK,2025-01-05 03:46,12.00,6.00,76.38,16.10,2300.00,M
OFK,2025-01-05 03:56,12.00,6.00,76.38,16.10,2100.00,M
OFK,2025-01-05 04:03,12.00,5.00,72.97,14.95,2300.00,M
OFK,2025-01-05 04:14,12.00,6.00,76.38,16.10,2700.00,M
OFK,2025-01-05 04:56,12.00,4.00,69.70,13.80,2600.00,M
OFK,2025-01-05 05:22,11.00,3.00,69.58,18.40,2500.00,M
OFK,2025-01-05 05:44,11.00,3.00,69.58,16.10,2900.00,M
OFK,2025-01-05 05:52,10.40,3.20,72.12,13.80,3700.00,M
OFK,2025-01-05 05:56,11.00,3.00,69.58,14.95,3900.00,M
OFK,2025-01-05 06:30,10.00,3.00,72.75,17.25,3100.00,M
OFK,2025-01-05 06:37,10.00,3.00,72.75,16.10,2700.00,M
OFK,2025-01-05 06:52,10.40,3.20,72.12,18.40,2600.00,M
OFK,2025-01-05 06:56,10.00,3.00,72.75,14.95,2800.00,M
OFK,2025-01-05 07:04,10.00,4.00,76.18,16.10,3200.00,M
OFK,2025-01-05 07:56,10.00,-1.00,60.36,18.40,4800.00,M
OFK,2025-01-05 08:56,10.00,-3.00,54.90,17.25,7000.00,M
OFK,2025-01-05 09:56,11.00,-3.00,52.51,18.40,7500.00,M
OFK,2025-01-05 10:56,11.00,-5.00,47.71,19.55,9500.00,M
OFK,2025-01-05 11:56,11.00,-4.00,50.06,18.40,11000.00,M
OFK,2025-01-05 12:56,11.00,-4.00,50.06,21.85,M,M
OFK,2025-01-05 13:56,12.00,-3.00,50.23,21.85,M,32.20
OFK,2025-01-05 14:56,12.00,-2.00,52.67,19.55,M,31.05
OFK,2025-01-05 15:56,11.00,-1.00,57.72,21.85,M,31.05
OFK,2025-01-05 16:56,11.00,-2.00,55.06,16.10,M,M
OFK,2025-01-05 17:56,9.00,-2.00,60.21,13.80,M,M
OFK,2025-01-05 18:56,8.00,-2.00,62.98,14.95,M,M
OFK,2025-01-05 19:56,9.00,-2.00,60.21,16.10,M,M
OFK,2025-01-05 20:56,8.00,-2.00,62.98,14.95,M,M
OFK,2025-01-05 21:56,8.00,-3.00,60.06,16.10,M,M
OFK,2025-01-05 22:56,7.00,-4.00,59.91,11.50,M,M
OFK,2025-01-05 23:56,6.00,-5.00,59.76,10.35,M,M
OFK,2025-01-06 00:56,5.00,-6.00,59.60,10.35,M,M
OFK,2025-01-06 01:56,5.00,-6.00,59.60,13.80,M,M
OFK,2025-01-06 02:56,3.00,-6.00,65.35,10.35,M,M
OFK,2025-01-06 03:56,3.00,-7.00,62.26,9.20,M,M
OFK,2025-01-06 04:56,2.00,-7.00,65.21,10.35,M,M
OFK,2025-01-06 05:56,3.00,-7.00,62.26,11.50,M,M
OFK,2025-01-06 06:56,1.00,-7.00,68.32,5.75,M,M
OFK,2025-01-06 07:56,1.00,-7.00,68.32,8.05,M,M
OFK,2025-01-06 08:56,2.00,-7.00,65.21,9.20,M,M
OFK,2025-01-06 09:56,5.00,-6.00,59.60,10.35,M,M
OFK,2025-01-06 10:56,8.00,-4.00,57.26,8.05,M,M
OFK,2025-01-06 11:56,9.00,-3.00,57.41,6.90,M,M
OFK,2025-01-06 12:56,13.00,-2.00,50.39,6.90,M,M
OFK,2025-01-06 13:56,15.00,-2.00,46.16,9.20,M,M
OFK,2025-01-06 14:56,14.00,-3.00,45.99,10.35,M,M
OFK,2025-01-06 15:56,15.00,0.00,50.73,8.05,M,M
OFK,2025-01-06 16:56,14.00,-1.00,50.56,5.75,M,M
OFK,2025-01-06 17:56,11.00,-3.00,52.51,5.75,M,M
OFK,2025-01-06 18:56,9.00,-2.00,60.21,4.60,M,M
OFK,2025-01-06 19:56,8.00,-1.00,66.03,3.45,M,M
OFK,2025-01-06 20:56,8.00,-1.00,66.03,4.60,M,M
OFK,2025-01-06 21:56,10.00,0.00,63.26,4.60,M,M
OFK,2025-01-06 22:56,11.00,1.00,63.40,3.45,10000.00,M
OFK,2025-01-06 23:56,12.00,2.00,63.54,3.45,8500.00,M
OFK,2025-01-07 00:56,12.00,3.00,66.56,6.90,12000.00,M
OFK,2025-01-07 01:56,11.00,2.00,66.43,3.45,5500.00,M
OFK,2025-01-07 02:56,12.00,3.00,66.56,0.00,4500.00,M
OFK,2025-01-07 03:56,13.00,4.00,66.69,5.75,4400.00,M
OFK,2025-01-07 04:56,15.00,4.00,61.09,8.05,4100.00,M
OFK,2025-01-07 05:56,16.00,8.00,70.18,11.50,4500.00,M
OFK,2025-01-07 06:56,15.00,9.00,76.68,8.05,4000.00,M
OFK,2025-01-07 07:56,16.00,9.00,73.41,9.20,6000.00,M
OFK,2025-01-07 08:56,14.00,7.00,73.19,11.50,M,M
OFK,2025-01-07 09:56,16.00,8.00,70.18,12.65,8000.00,M
OFK,2025-01-07 10:56,17.00,8.00,67.20,17.25,1900.00,M
OFK,2025-01-07 11:44,17.00,9.00,70.30,17.25,1800.00,M
OFK,2025-01-07 11:56,18.00,9.00,67.33,16.10,2000.00,M
OFK,2025-01-07 12:56,18.00,8.00,64.37,17.25,2300.00,M
OFK,2025-01-07 13:56,18.00,8.00,64.37,16.10,2700.00,M
OFK,2025-01-07 14:56,17.00,8.00,67.20,18.40,2500.00,M
OFK,2025-01-07 15:56,17.00,7.00,64.23,16.10,2700.00,M
OFK,2025-01-07 16:56,16.00,7.00,67.07,16.10,2800.00,M
OFK,2025-01-07 17:40,15.00,8.00,73.30,13.80,1600.00,M
OFK,2025-01-07 17:47,15.00,8.00,73.30,13.80,1600.00,M
OFK,2025-01-07 17:56,15.00,8.00,73.30,12.65,1600.00,M
OFK,2025-01-07 18:56,14.00,6.00,69.94,13.80,2400.00,M
OFK,2025-01-07 19:56,13.00,6.00,73.08,14.95,2200.00,M
OFK,2025-01-07 20:56,12.00,4.00,69.70,11.50,1800.00,M
OFK,2025-01-07 21:56,9.00,1.00,69.33,12.65,2300.00,M
OFK,2025-01-07 22:56,7.00,0.00,72.41,6.90,M,M
OFK,2025-01-07 23:56,5.00,-1.00,75.67,10.35,M,M
OFK,2025-01-08 00:56,3.00,-2.00,79.14,8.05,M,M
OFK,2025-01-08 01:56,3.00,-3.00,75.46,6.90,M,M
OFK,2025-01-08 02:56,2.00,-3.00,79.04,4.60,M,M
OFK,2025-01-08 03:56,0.00,-4.00,82.74,3.45,M,M
OFK,2025-01-08 04:56,0.00,-6.00,75.15,3.45,M,M
OFK,2025-01-08 05:56,0.00,-5.00,78.86,0.00,M,M
OFK,2025-01-08 06:56,-2.00,-7.00,78.67,3.45,M,M
OFK,2025-01-08 07:56,3.00,-2.00,79.14,8.05,M,M
OFK,2025-01-08 08:56,5.00,1.00,83.12,10.35,M,M
OFK,2025-01-08 09:56,11.00,5.00,76.28,12.65,M,M
OFK,2025-01-08 10:56,17.00,9.00,70.30,14.95,M,M
OFK,2025-01-08 11:56,21.00,12.00,67.71,12.65,M,M
OFK,2025-01-08 12:56,25.00,15.00,65.30,11.50,M,M
OFK,2025-01-08 13:56,29.00,17.00,60.39,12.65,M,M
OFK,2025-01-08 14:56,31.00,18.00,58.12,10.35,M,M
OFK,2025-01-08 15:56,32.00,17.00,53.46,9.20,M,M
OFK,2025-01-08 16:56,29.00,17.00,60.39,12.65,M,M
OFK,2025-01-08 17:56,27.00,17.00,65.56,17.25,M,M
OFK,2025-01-08 18:56,24.00,16.00,71.11,21.85,M,29.90
OFK,2025-01-08 19:56,23.00,15.00,70.99,18.40,M,31.05
OFK,2025-01-08 20:56,22.00,15.00,74.05,16.10,M,M
OFK,2025-01-08 21:56,23.00,16.00,74.15,13.80,M,M
OFK,2025-01-08 22:56,22.00,16.00,77.34,12.65,M,M
OFK,2025-01-08 23:56,22.00,17.00,80.77,13.80,M,M
OFK,2025-01-09 00:56,22.00,17.00,80.77,9.20,M,M
OFK,2025-01-09 01:56,23.00,17.00,77.44,6.90,M,M
OFK,2025-01-09 02:56,23.00,17.00,77.44,6.90,M,M
OFK,2025-01-09 03:56,23.00,18.00,80.85,4.60,M,M
OFK,2025-01-09 04:56,21.00,16.00,80.69,8.05,M,M
OFK,2025-01-09 05:56,21.00,16.00,80.69,0.00,M,M
OFK,2025-01-09 06:56,22.00,17.00,80.77,0.00,M,M
OFK,2025-01-09 07:56,22.00,17.00,80.77,0.00,1900.00,M
OFK,2025-01-09 08:56,29.00,23.00,77.98,4.60,1800.00,M
OFK,2025-01-09 09:56,34.00,28.00,78.43,9.20,1800.00,M
OFK,2025-01-09 10:14,35.00,29.00,78.51,8.05,1300.00,M
OFK,2025-01-09 10:56,38.00,32.00,78.77,17.25,1100.00,M
OFK,2025-01-09 11:56,37.00,31.00,78.69,18.40,1000.00,M
OFK,2025-01-09 12:56,37.00,31.00,78.69,17.25,1300.00,32.20
OFK,2025-01-09 13:56,35.00,30.00,81.78,23.00,1300.00,36.80
OFK,2025-01-09 14:21,36.00,29.00,75.46,16.10,1600.00,32.20
OFK,2025-01-09 14:56,35.00,30.00,81.78,16.10,1300.00,32.20
OFK,2025-01-09 15:29,35.00,30.00,81.78,17.25,1500.00,31.05
OFK,2025-01-09 15:36,35.00,30.00,81.78,18.40,1300.00,31.05
OFK,2025-01-09 15:43,35.00,30.00,81.78,18.40,1300.00,31.05
OFK,2025-01-09 15:56,35.00,30.00,81.78,16.10,1200.00,31.05
OFK,2025-01-09 15:58,35.00,30.00,81.78,16.10,1200.00,M
OFK,2025-01-09 16:28,35.00,30.00,81.78,16.10,1500.00,M
OFK,2025-01-09 16:56,35.00,29.00,78.51,17.25,1600.00,31.05
OFK,2025-01-09 17:27,35.00,29.00,78.51,19.55,1800.00,M
OFK,2025-01-09 17:56,34.00,28.00,78.43,14.95,3200.00,M
OFK,2025-01-09 18:18,34.00,28.00,78.43,18.40,2100.00,M
OFK,2025-01-09 18:53,32.00,26.60,80.22,19.55,2100.00,M
OFK,2025-01-09 18:56,32.00,26.00,78.25,17.25,2100.00,M
OFK,2025-01-09 19:27,32.00,26.00,78.25,17.25,2900.00,M
OFK,2025-01-09 19:56,33.00,26.00,75.17,19.55,2600.00,34.50
OFK,2025-01-09 20:56,33.00,26.00,75.17,17.25,2900.00,M
OFK,2025-01-09 21:06,32.00,26.00,78.25,13.80,3100.00,M
OFK,2025-01-09 21:56,32.00,26.00,78.25,17.25,3300.00,M
OFK,2025-01-09 22:56,30.00,24.00,78.07,11.50,M,M
OFK,2025-01-09 23:56,28.00,22.00,77.89,10.35,M,M
OFK,2025-01-10 00:56,26.00,21.00,81.09,10.35,M,M
OFK,2025-01-10 01:56,26.00,21.00,81.09,11.50,M,M
OFK,2025-01-10 02:56,25.00,20.00,81.01,11.50,M,M
OFK,2025-01-10 03:56,24.00,19.00,80.93,11.50,M,M
OFK,2025-01-10 04:56,23.00,19.00,84.39,8.05,M,M
OFK,2025-01-10 05:56,23.00,18.00,80.85,11.50,M,M
OFK,2025-01-10 06:56,20.00,16.00,84.19,8.05,M,M
OFK,2025-01-10 07:56,19.00,15.00,84.12,8.05,M,M
OFK,2025-01-10 08:56,21.00,16.00,80.69,9.20,M,M
OFK,2025-01-10 09:56,26.00,19.00,74.46,9.20,M,M
OFK,2025-01-10 10:56,28.00,20.00,71.56,14.95,M,M
OFK,2025-01-10 11:56,30.00,19.00,63.18,17.25,M,M
OFK,2025-01-10 12:56,31.00,20.00,63.32,11.50,2000.00,M
OFK,2025-01-10 13:56,32.00,19.00,58.27,17.25,M,M
OFK,2025-01-10 14:56,31.00,19.00,60.67,11.50,M,M
OFK,2025-01-10 15:56,31.00,19.00,60.67,11.50,M,M
OFK,2025-01-10 16:56,29.00,19.00,65.81,6.90,M,M
OFK,2025-01-10 17:56,24.00,17.00,74.26,5.75,M,M
OFK,2025-01-10 18:56,21.00,16.00,80.69,4.60,M,M
OFK,2025-01-10 19:56,20.00,15.00,80.60,4.60,M,M
OFK,2025-01-10 20:56,19.00,14.00,80.52,0.00,M,M
OFK,2025-01-10 21:56,17.00,13.00,83.98,3.45,M,M
OFK,2025-01-10 22:56,18.00,13.00,80.44,3.45,M,M
OFK,2025-01-10 23:56,19.00,13.00,77.06,3.45,9000.00,M
OFK,2025-01-11 00:56,22.00,17.00,80.77,6.90,9000.00,M
OFK,2025-01-11 01:56,26.00,20.00,77.71,11.50,8500.00,M
OFK,2025-01-11 02:56,26.00,21.00,81.09,6.90,8500.00,M
OFK,2025-01-11 03:56,26.00,21.00,81.09,8.05,10000.00,M
OFK,2025-01-11 04:56,26.00,21.00,81.09,5.75,10000.00,M
OFK,2025-01-11 05:56,26.00,21.00,81.09,5.75,11000.00,M
OFK,2025-01-11 06:56,27.00,21.00,77.80,5.75,M,M
OFK,2025-01-11 07:56,27.00,22.00,81.17,9.20,11000.00,M
OFK,2025-01-11 08:56,29.00,22.00,74.77,4.60,7000.00,M
OFK,2025-01-11 09:56,31.00,23.00,71.89,4.60,7500.00,M
OFK,2025-01-11 10:56,33.00,25.00,72.11,3.45,11000.00,M
OFK,2025-01-11 11:56,37.00,27.00,66.82,4.60,8000.00,M
OFK,2025-01-11 12:56,43.00,31.00,62.31,10.35,10000.00,M
OFK,2025-01-11 13:43,44.00,32.00,62.44,14.95,2600.00,M
OFK,2025-01-11 13:56,43.00,32.00,64.88,16.10,2700.00,M
OFK,2025-01-11 14:56,42.00,32.00,67.42,14.95,2500.00,M
OFK,2025-01-11 15:56,41.00,32.00,70.08,14.95,2500.00,M
OFK,2025-01-11 16:56,40.00,32.00,72.85,10.35,2600.00,M
OFK,2025-01-11 17:56,40.00,32.00,72.85,9.20,2600.00,M
OFK,2025-01-11 18:48,40.00,32.00,72.85,9.20,3000.00,M
OFK,2025-01-11 18:56,38.00,31.00,75.65,6.90,3000.00,M
OFK,2025-01-11 19:56,39.00,31.00,72.75,10.35,3300.00,M
OFK,2025-01-11 20:56,39.00,31.00,72.75,12.65,3900.00,M
OFK,2025-01-11 21:56,39.00,31.00,72.75,12.65,2500.00,M
OFK,2025-01-11 22:56,39.00,31.00,72.75,13.80,4000.00,M
OFK,2025-01-11 23:19,38.00,31.00,75.65,10.35,1900.00,M
OFK,2025-01-11 23:53,37.40,30.20,74.98,17.25,1900.00,M
OFK,2025-01-11 23:56,38.00,30.00,72.64,17.25,1700.00,M
OFK,2025-01-12 00:16,37.00,29.00,72.54,14.95,2100.00,29.90
OFK,2025-01-12 00:56,36.00,29.00,75.46,19.55,2300.00,29.90
OFK,2025-01-12 01:17,35.00,26.00,69.39,13.80,2100.00,M
OFK,2025-01-12 01:56,35.00,26.00,69.39,12.65,2800.00,M
OFK,2025-01-12 02:13,35.00,27.00,72.32,12.65,2200.00,M
OFK,2025-01-12 02:49,33.00,26.00,75.17,11.50,1800.00,M
OFK,2025-01-12 02:56,34.00,26.00,72.22,13.80,1600.00,M
OFK,2025-01-12 03:26,33.00,26.00,75.17,10.35,2900.00,M
OFK,2025-01-12 03:56,33.00,25.00,72.11,9.20,2100.00,M
OFK,2025-01-12 04:56,32.00,25.00,75.07,10.35,1700.00,M
OFK,2025-01-12 05:41,30.00,25.00,81.40,19.55,1300.00,29.90
OFK,2025-01-12 05:56,29.00,24.00,81.32,18.40,1200.00,32.20
OFK,2025-01-12 06:09,29.00,24.00,81.32,21.85,1200.00,33.35
OFK,2025-01-12 06:17,28.00,23.00,81.25,20.70,1200.00,33.35
OFK,2025-01-12 06:56,27.00,21.00,77.80,18.40,1900.00,36.80
OFK,2025-01-12 07:56,24.00,16.00,71.11,21.85,1800.00,35.65
OFK,2025-01-12 08:56,22.00,13.00,67.83,20.70,2300.00,34.50
OFK,2025-01-12 09:17,21.00,12.00,67.71,18.40,2300.00,29.90
OFK,2025-01-12 09:31,21.00,13.00,70.76,19.55,2300.00,29.90
OFK,2025-01-12 09:56,21.00,10.00,61.95,20.70,2400.00,36.80
OFK,2025-01-12 10:56,20.00,9.00,61.80,17.25,2400.00,36.80
OFK,2025-01-12 11:56,19.00,9.00,64.50,24.15,2500.00,37.95
OFK,2025-01-12 12:56,17.00,6.00,61.38,21.85,2400.00,32.20
OFK,2025-01-12 13:56,18.00,6.00,58.79,24.15,2300.00,34.50
OFK,2025-01-12 14:56,16.00,4.00,58.49,19.55,2500.00,32.20
OFK,2025-01-12 15:56,15.00,4.00,61.09,16.10,2500.00,29.90
OFK,2025-01-12 16:56,14.00,3.00,60.94,16.10,2400.00,31.05
OFK,2025-01-12 17:56,15.00,3.00,58.34,19.55,2600.00,M
OFK,2025-01-12 18:08,14.00,4.00,63.82,17.25,2600.00,M
OFK,2025-01-12 18:25,15.00,4.00,61.09,13.80,2600.00,M
OFK,2025-01-12 18:56,14.00,5.00,66.82,10.35,2500.00,M
OFK,2025-01-12 19:24,13.00,5.00,69.82,12.65,1900.00,M
OFK,2025-01-12 19:56,12.00,4.00,69.70,12.65,M,M
OFK,2025-01-12 20:56,12.00,3.00,66.56,9.20,M,M
OFK,2025-01-12 21:56,11.00,3.00,69.58,10.35,M,M
OFK,2025-01-12 22:56,9.00,2.00,72.64,6.90,M,M
OFK,2025-01-12 23:56,8.00,2.00,75.98,6.90,M,M
OFK,2025-01-13 00:56,8.00,2.00,75.98,6.90,M,M
OFK,2025-01-13 01:56,8.00,2.00,75.98,9.20,M,M
OFK,2025-01-13 02:56,9.00,2.00,72.64,10.35,M,M
OFK,2025-01-13 03:56,7.00,0.00,72.41,9.20,M,M
OFK,2025-01-13 04:56,6.00,0.00,75.78,8.05,M,M
OFK,2025-01-13 05:56,6.00,0.00,75.78,9.20,M,M
OFK,2025-01-13 06:56,5.00,-1.00,75.67,8.05,M,M
OFK,2025-01-13 07:56,5.00,-1.00,75.67,6.90,M,M
OFK,2025-01-13 08:56,8.00,0.00,69.21,9.20,M,M
OFK,2025-01-13 09:56,11.00,2.00,66.43,9.20,M,M
OFK,2025-01-13 10:56,16.00,4.00,58.49,9.20,M,M
OFK,2025-01-13 11:56,19.00,5.00,53.80,11.50,M,M
OFK,2025-01-13 12:56,25.00,10.00,52.36,12.65,5000.00,M
OFK,2025-01-13 13:56,29.00,13.00,50.72,10.35,4400.00,M
OFK,2025-01-13 14:56,31.00,15.00,51.04,10.35,4900.00,M
OFK,2025-01-13 15:56,32.00,15.00,49.02,11.50,5000.00,M
OFK,2025-01-13 16:56,32.00,16.00,51.20,4.60,4500.00,M
OFK,2025-01-13 17:56,33.00,17.00,51.36,6.90,4700.00,M
OFK,2025-01-13 18:56,34.00,18.00,51.52,12.65,5000.00,M
OFK,2025-01-13 19:56,35.00,21.00,56.27,10.35,4600.00,M
OFK,2025-01-13 20:56,33.00,22.00,63.59,4.60,4000.00,M
OFK,2025-01-13 22:56,33.00,25.00,72.11,16.10,2200.00,M
OFK,2025-01-13 23:08,27.00,21.00,77.80,19.55,2200.00,M
OFK,2025-01-13 23:37,24.00,19.00,80.93,17.25,1100.00,M
OFK,2025-01-13 23:56,22.00,15.00,74.05,17.25,1100.00,M
OFK,2025-01-14 00:21,20.00,13.00,73.84,14.95,1300.00,M
OFK,2025-01-14 00:56,18.00,11.00,73.62,21.85,1500.00,M
OFK,2025-01-14 01:56,16.00,8.00,70.18,16.10,1600.00,M
OFK,2025-01-14 02:33,15.00,8.00,73.30,13.80,1600.00,M
OFK,2025-01-14 02:56,14.00,5.00,66.82,17.25,1600.00,M
OFK,2025-01-14 03:56,10.00,2.00,69.45,18.40,9000.00,M
OFK,2025-01-14 04:43,7.00,1.00,75.88,16.10,700.00,M
OFK,2025-01-14 04:56,7.00,0.00,72.41,17.25,800.00,M
OFK,2025-01-14 05:56,3.00,-3.00,75.46,9.20,M,M
OFK,2025-01-14 06:56,1.00,-6.00,71.71,9.20,M,M
OFK,2025-01-14 07:56,-1.00,-8.00,71.47,9.20,M,M
OFK,2025-01-14 08:56,1.00,-8.00,65.07,4.60,M,M
OFK,2025-01-14 09:56,4.00,-6.00,62.40,4.60,M,M
OFK,2025-01-14 10:56,7.00,-6.00,54.41,3.45,M,M
OFK,2025-01-14 11:56,10.00,-5.00,49.89,3.45,9500.00,M
OFK,2025-01-14 12:56,11.00,-4.00,50.06,0.00,9500.00,M
OFK,2025-01-14 13:56,12.00,-4.00,47.89,0.00,9500.00,M
OFK,2025-01-14 14:56,14.00,-3.00,45.99,4.60,9500.00,M
OFK,2025-01-14 15:56,14.00,-3.00,45.99,6.90,6500.00,M
OFK,2025-01-14 16:56,15.00,-3.00,44.02,3.45,4700.00,M
OFK,2025-01-14 17:56,15.00,-2.00,46.16,5.75,3800.00,M
OFK,2025-01-14 18:56,15.00,0.00,50.73,4.60,3800.00,M
OFK,2025-01-14 19:56,16.00,0.00,48.57,6.90,5000.00,M
OFK,2025-01-14 20:56,15.00,2.00,55.69,8.05,6000.00,M
OFK,2025-01-14 21:56,15.00,2.00,55.69,6.90,8000.00,M
OFK,2025-01-14 22:56,13.00,1.00,58.03,4.60,9500.00,M
OFK,2025-01-14 23:56,12.00,1.00,60.65,4.60,M,M
OFK,2025-01-15 00:56,13.00,2.00,60.80,5.75,3400.00,M
OFK,2025-01-15 01:56,16.00,2.00,53.32,6.90,3100.00,M
OFK,2025-01-15 02:56,17.00,4.00,56.01,5.75,3100.00,M
OFK,2025-01-15 03:56,17.00,4.00,56.01,5.75,3100.00,M
OFK,2025-01-15 04:56,14.00,3.00,60.94,5.75,1200.00,M
OFK,2025-01-15 05:56,11.00,3.00,69.58,3.45,M,M
OFK,2025-01-15 06:56,14.00,5.00,66.82,5.75,2900.00,M
OFK,2025-01-15 07:03,14.00,6.00,69.94,4.60,2700.00,M
OFK,2025-01-15 07:23,16.00,8.00,70.18,4.60,1200.00,M
OFK,2025-01-15 07:56,19.00,10.00,67.46,5.75,900.00,M
OFK,2025-01-15 08:56,21.00,13.00,70.76,11.50,700.00,M
OFK,2025-01-15 09:56,24.00,19.00,80.93,12.65,600.00,M
OFK,2025-01-15 10:45,27.00,20.00,74.57,12.65,700.00,M
OFK,2025-01-15 10:56,28.00,20.00,71.56,10.35,M,M
OFK,2025-01-15 11:56,33.00,23.00,66.32,12.65,M,M
OFK,2025-01-15 12:56,39.00,25.00,56.86,14.95,M,M
OFK,2025-01-15 13:56,43.00,26.00,50.77,16.10,M,M
OFK,2025-01-15 14:56,46.00,24.00,41.67,14.95,M,M
OFK,2025-01-15 15:56,47.00,24.00,40.12,13.80,12000.00,M
OFK,2025-01-15 16:56,46.00,24.00,41.67,12.65,10000.00,M
OFK,2025-01-15 17:56,45.00,25.00,45.12,13.80,9000.00,M
OFK,2025-01-15 18:56,45.00,27.00,49.02,14.95,11000.00,M
OFK,2025-01-15 19:56,43.00,28.00,55.14,14.95,10000.00,M
OFK,2025-01-15 20:56,39.00,29.00,67.06,11.50,M,M
OFK,2025-01-15 21:56,38.00,29.00,69.74,10.35,M,M
OFK,2025-01-15 22:56,37.00,28.00,69.63,10.35,M,M
OFK,2025-01-15 23:56,37.00,28.00,69.63,13.80,M,M
OFK,2025-01-16 00:56,36.00,28.00,72.43,10.35,M,M
OFK,2025-01-16 01:56,36.00,28.00,72.43,12.65,M,M
OFK,2025-01-16 02:56,35.00,27.00,72.32,10.35,M,M
OFK,2025-01-16 03:56,35.00,27.00,72.32,10.35,M,M
OFK,2025-01-16 04:56,35.00,27.00,72.32,12.65,M,M
OFK,2025-01-16 05:56,35.00,27.00,72.32,10.35,M,M
OFK,2025-01-16 06:56,35.00,26.00,69.39,11.50,M,M
OFK,2025-01-16 07:56,32.00,25.00,75.07,9.20,M,M
OFK,2025-01-16 08:56,34.00,26.00,72.22,9.20,M,M
OFK,2025-01-16 09:56,40.00,28.00,61.91,10.35,M,M
OFK,2025-01-16 10:56,44.00,28.00,53.07,10.35,M,M
OFK,2025-01-16 11:56,46.00,26.00,45.29,6.90,M,M
OFK,2025-01-16 12:56,48.00,26.00,42.00,8.05,M,M
OFK,2025-01-16 13:56,50.00,26.00,38.97,6.90,M,M
OFK,2025-01-16 14:56,51.00,25.00,36.03,9.20,M,M
OFK,2025-01-16 15:56,52.00,25.00,34.72,12.65,M,M
OFK,2025-01-16 16:56,49.00,26.00,40.45,13.80,M,M
OFK,2025-01-16 17:56,44.00,27.00,50.93,9.20,M,M
OFK,2025-01-16 18:56,43.00,27.00,52.91,12.65,M,M
OFK,2025-01-16 19:56,42.00,28.00,57.30,16.10,M,M
OFK,2025-01-16 20:56,40.00,28.00,61.91,14.95,M,M
OFK,2025-01-16 21:56,39.00,26.00,59.27,16.10,M,M
OFK,2025-01-16 22:56,38.00,27.00,64.24,14.95,M,31.05
OFK,2025-01-16 23:56,37.00,27.00,66.82,17.25,M,M
OFK,2025-01-17 00:56,37.00,28.00,69.63,13.80,M,M
OFK,2025-01-17 01:56,36.00,28.00,72.43,8.05,M,M
OFK,2025-01-17 02:56,36.00,28.00,72.43,5.75,M,M
OFK,2025-01-17 03:56,34.00,27.00,75.26,9.20,M,M
OFK,2025-01-17 04:56,33.00,27.00,78.34,4.60,M,M
OFK,2025-01-17 05:56,29.00,24.00,81.32,4.60,M,M
OFK,2025-01-17 06:56,27.00,24.00,88.28,4.60,M,M
OFK,2025-01-17 07:56,27.00,23.00,84.66,6.90,M,M
OFK,2025-01-17 08:56,38.00,30.00,72.64,0.00,M,M
OFK,2025-01-17 09:56,42.00,30.00,62.18,20.70,M,29.90
OFK,2025-01-17 10:56,45.00,29.00,53.22,21.85,M,33.35
OFK,2025-01-17 11:56,46.00,26.00,45.29,23.00,M,39.10
OFK,2025-01-17 12:56,47.00,26.00,43.61,23.00,12000.00,43.70
OFK,2025-01-17 13:56,43.00,26.00,50.77,26.45,12000.00,41.40
OFK,2025-01-17 14:56,41.00,26.00,54.84,32.20,8000.00,44.85
OFK,2025-01-17 15:56,39.00,23.00,52.30,23.00,3700.00,42.55
OFK,2025-01-17 16:56,34.00,20.00,56.12,28.75,3600.00,42.55
OFK,2025-01-17 17:56,31.00,18.00,58.12,27.60,3000.00,47.15
OFK,2025-01-17 18:56,30.00,17.00,57.98,29.90,3000.00,41.40
OFK,2025-01-17 19:56,28.00,16.00,60.25,23.00,2900.00,41.40
OFK,2025-01-17 20:56,26.00,15.00,62.64,26.45,2700.00,40.25
OFK,2025-01-17 21:32,25.00,14.00,62.50,29.90,3000.00,43.70
OFK,2025-01-17 21:56,24.00,14.00,65.17,33.35,3000.00,43.70
OFK,2025-01-17 22:48,22.00,13.00,67.83,26.45,2900.00,42.55
OFK,2025-01-17 22:56,22.00,12.00,64.90,23.00,2900.00,42.55
OFK,2025-01-17 23:56,19.00,9.00,64.50,25.30,2700.00,43.70
OFK,2025-01-18 00:56,15.00,4.00,61.09,20.70,2200.00,40.25
OFK,2025-01-18 01:18,15.00,5.00,63.96,26.45,2400.00,42.55
OFK,2025-01-18 01:56,14.00,5.00,66.82,24.15,2200.00,42.55
OFK,2025-01-18 02:56,14.00,5.00,66.82,20.70,2500.00,35.65
OFK,2025-01-18 03:56,15.00,4.00,61.09,27.60,2500.00,37.95
OFK,2025-01-18 04:56,13.00,3.00,63.68,25.30,2500.00,35.65
OFK,2025-01-18 05:08,13.00,3.00,63.68,21.85,2400.00,34.50
OFK,2025-01-18 05:56,12.00,3.00,66.56,19.55,M,34.50
OFK,2025-01-18 06:56,11.00,2.00,66.43,17.25,M,36.80
OFK,2025-01-18 07:56,10.00,1.00,66.29,20.70,M,34.50
OFK,2025-01-18 08:56,12.00,2.00,63.54,20.70,M,37.95
OFK,2025-01-18 09:28,12.00,2.00,63.54,23.00,2300.00,29.90
OFK,2025-01-18 09:47,13.00,1.00,58.03,21.85,2300.00,31.05
OFK,2025-01-18 09:56,12.00,1.00,60.65,19.55,2300.00,31.05
OFK,2025-01-18 10:17,14.00,2.00,58.18,23.00,2300.00,31.05
OFK,2025-01-18 10:47,14.00,1.00,55.54,23.00,2400.00,32.20
OFK,2025-01-18 10:56,15.00,2.00,55.69,21.85,2400.00,32.20
OFK,2025-01-18 11:36,15.00,2.00,55.69,23.00,2600.00,31.05
OFK,2025-01-18 11:56,15.00,1.00,53.16,21.85,2400.00,31.05
OFK,2025-01-18 12:56,17.00,0.00,46.51,19.55,3200.00,34.50
OFK,2025-01-18 13:56,18.00,1.00,46.68,19.55,3200.00,34.50
OFK,2025-01-18 14:56,17.00,1.00,48.74,19.55,3400.00,33.35
OFK,2025-01-18 15:56,16.00,-2.00,44.20,24.15,M,33.35
OFK,2025-01-18 16:56,13.00,-2.00,50.39,21.85,M,32.20
OFK,2025-01-18 17:56,12.00,-3.00,50.23,18.40,6500.00,31.05
OFK,2025-01-18 18:56,11.00,-3.00,52.51,24.15,5500.00,31.05
OFK,2025-01-18 19:56,10.00,-2.00,57.57,14.95,8000.00,M
OFK,2025-01-18 20:56,9.00,-2.00,60.21,8.05,3800.00,M
OFK,2025-01-18 21:56,9.00,-1.00,63.12,5.75,4000.00,M
OFK,2025-01-18 22:21,9.00,1.00,69.33,8.05,2200.00,M
OFK,2025-01-18 22:54,10.40,3.20,72.12,19.55,1900.00,M
OFK,2025-01-18 22:56,10.00,2.00,69.45,17.25,1900.00,M
OFK,2025-01-18 23:56,6.00,-6.00,56.94,16.10,M,M
OFK,2025-01-19 00:56,2.00,-6.00,68.45,14.95,2000.00,M
OFK,2025-01-19 01:56,1.00,-11.00,56.15,19.55,M,31.05
OFK,2025-01-19 02:56,-1.00,-12.00,58.68,16.10,M,M
OFK,2025-01-19 03:56,-2.00,-11.00,64.65,13.80,M,M
OFK,2025-01-19 04:56,-3.00,-12.00,64.51,11.50,M,M
OFK,2025-01-19 05:56,-4.00,-12.00,67.67,11.50,M,M
OFK,2025-01-19 06:56,-4.00,-12.00,67.67,8.05,M,M
OFK,2025-01-19 07:56,-3.00,-14.00,58.36,13.80,M,M
OFK,2025-01-19 08:56,-2.00,-13.00,58.52,17.25,M,M
OFK,2025-01-19 09:56,0.00,-11.00,58.84,19.55,M,M
OFK,2025-01-19 10:56,3.00,-10.00,53.76,14.95,M,M
OFK,2025-01-19 11:56,6.00,-9.00,49.20,16.10,M,M
OFK,2025-01-19 12:56,8.00,-9.00,44.94,12.65,M,M
OFK,2025-01-19 13:56,10.00,-8.00,43.14,11.50,M,M
OFK,2025-01-19 14:56,11.00,-9.00,39.29,9.20,M,M
OFK,2025-01-19 15:56,10.00,-10.00,39.11,11.50,M,M
OFK,2025-01-19 16:56,9.00,-9.00,42.96,11.50,M,M
OFK,2025-01-19 17:56,5.00,-9.00,51.50,5.75,M,M
OFK,2025-01-19 18:56,4.00,-8.00,56.63,4.60,M,M
OFK,2025-01-19 19:56,2.00,-9.00,59.15,4.60,M,M
OFK,2025-01-19 20:56,2.00,-9.00,59.15,4.60,M,M
OFK,2025-01-19 21:56,1.00,-10.00,58.99,6.90,M,M
OFK,2025-01-19 22:56,1.00,-9.00,61.96,8.05,M,M
OFK,2025-01-19 23:56,-2.00,-11.00,64.65,6.90,M,M
OFK,2025-01-20 00:56,-1.00,-10.00,64.79,8.05,M,M
OFK,2025-01-20 01:56,-2.00,-11.00,64.65,8.05,M,M
OFK,2025-01-20 02:56,-1.00,-10.00,64.79,9.20,M,M
OFK,2025-01-20 03:56,0.00,-9.00,64.93,11.50,M,M
OFK,2025-01-20 04:56,-1.00,-9.00,68.06,10.35,M,M
OFK,2025-01-20 05:56,0.00,-9.00,64.93,12.65,M,M
OFK,2025-01-20 06:56,-1.00,-10.00,64.79,8.05,M,M
OFK,2025-01-20 07:56,-1.00,-10.00,64.79,8.05,M,M
OFK,2025-01-20 08:56,1.00,-9.00,61.96,16.10,M,M
OFK,2025-01-20 09:56,2.00,-11.00,53.59,23.00,3100.00,34.50
OFK,2025-01-20 10:56,3.00,-13.00,46.31,24.15,3800.00,35.65
OFK,2025-01-20 11:27,2.00,-9.00,59.15,20.70,2900.00,33.35
OFK,2025-01-20 11:50,1.40,-9.40,59.64,19.55,2000.00,33.35
OFK,2025-01-20 11:56,1.00,-11.00,56.15,18.40,2100.00,33.35
OFK,2025-01-20 12:32,2.00,-12.00,50.99,19.55,3000.00,29.90
OFK,2025-01-20 12:56,1.00,-13.00,50.82,18.40,3400.00,32.20
OFK,2025-01-20 13:26,-1.00,-12.00,58.68,21.85,3000.00,31.05
OFK,2025-01-20 13:31,0.00,-13.00,53.26,19.55,2600.00,31.05
OFK,2025-01-20 13:56,0.00,-13.00,53.26,19.55,3200.00,31.05
OFK,2025-01-20 14:18,-1.00,-12.00,58.68,18.40,2300.00,29.90
OFK,2025-01-20 14:31,-1.00,-15.00,50.48,18.40,2600.00,31.05
OFK,2025-01-20 14:47,0.00,-15.00,48.16,25.30,3200.00,40.25
OFK,2025-01-20 14:52,-2.20,-13.00,59.08,23.00,2700.00,40.25
OFK,2025-01-20 14:56,-2.00,-13.00,58.52,19.55,2700.00,40.25
OFK,2025-01-20 15:02,-2.00,-15.00,52.92,16.10,3100.00,M
OFK,2025-01-20 15:35,-2.00,-13.00,58.52,23.00,2900.00,33.35
OFK,2025-01-20 15:45,-2.00,-15.00,52.92,19.55,2700.00,33.35
OFK,2025-01-20 15:56,-3.00,-15.00,55.49,19.55,2500.00,33.35
OFK,2025-01-20 16:56,-5.00,-20.00,47.27,17.25,3000.00,29.90
OFK,2025-01-20 17:56,-6.00,-15.00,64.08,16.10,3000.00,M
OFK,2025-01-20 18:04,-6.00,-16.00,60.91,13.80,2800.00,M
OFK,2025-01-20 18:23,-6.00,-20.00,49.60,13.80,2900.00,M
OFK,2025-01-20 18:56,-7.00,-20.00,52.06,13.80,3200.00,M
OFK,2025-01-20 19:56,-9.00,-18.00,63.65,8.05,M,M
OFK,2025-01-20 20:56,-10.00,-18.00,66.86,6.90,M,M
OFK,2025-01-20 21:56,-13.00,-19.00,73.71,4.60,M,M
OFK,2025-01-20 22:56,-11.00,-19.00,66.72,5.75,M,M
OFK,2025-01-20 23:56,-10.00,-18.00,66.86,8.05,M,M
OFK,2025-01-21 00:56,-12.00,-19.00,70.12,6.90,M,M
OFK,2025-01-21 01:56,-11.00,-19.00,66.72,9.20,M,M
OFK,2025-01-21 02:56,-12.00,-20.00,66.58,6.90,M,M
OFK,2025-01-21 03:56,-11.00,-19.00,66.72,8.05,M,M
OFK,2025-01-21 04:56,-10.00,-19.00,63.50,8.05,M,M
OFK,2025-01-21 05:56,-10.00,-18.00,66.86,9.20,M,M
OFK,2025-01-21 06:56,-10.00,-19.00,63.50,9.20,M,M
OFK,2025-01-21 07:56,-9.00,-18.00,63.65,8.05,M,M
OFK,2025-01-21 08:56,-5.00,-14.00,64.23,13.80,M,M
OFK,2025-01-21 09:56,3.00,-10.00,53.76,16.10,M,M
OFK,2025-01-21 10:56,9.00,-8.00,45.12,21.85,M,M
OFK,2025-01-21 11:56,15.00,-7.00,36.32,21.85,M,33.35
OFK,2025-01-21 12:56,20.00,-6.00,30.73,23.00,M,35.65
OFK,2025-01-21 13:56,24.00,-4.00,28.57,25.30,M,37.95
OFK,2025-01-21 14:56,25.00,-3.00,28.75,18.40,11000.00,40.25
OFK,2025-01-21 15:56,28.00,-2.00,26.63,23.00,11000.00,34.50
OFK,2025-01-21 16:56,29.00,-2.00,25.56,21.85,9500.00,31.05
OFK,2025-01-21 17:56,28.00,0.00,29.26,12.65,11000.00,M
OFK,2025-01-21 18:56,27.00,3.00,35.06,19.55,9000.00,M
OFK,2025-01-21 19:56,25.00,5.00,41.76,23.00,9000.00,33.35
OFK,2025-01-21 20:56,25.00,7.00,45.75,14.95,5500.00,34.50
OFK,2025-01-21 21:56,26.00,8.00,45.92,16.10,6000.00,M
OFK,2025-01-21 22:56,26.00,9.00,48.03,18.40,5000.00,M
OFK,2025-01-21 23:56,26.00,10.00,50.23,18.40,10000.00,M
OFK,2025-01-22 00:56,24.00,10.00,54.59,10.35,M,M
OFK,2025-01-22 01:56,26.00,10.00,50.23,5.75,M,M
OFK,2025-01-22 02:56,24.00,9.00,52.20,5.75,M,M
OFK,2025-01-22 03:56,27.00,11.00,50.39,10.35,M,M
OFK,2025-01-22 04:56,29.00,14.00,53.00,13.80,2800.00,M
OFK,2025-01-22 05:56,28.00,16.00,60.25,11.50,2900.00,M
OFK,2025-01-22 06:56,25.00,17.00,71.22,9.20,2600.00,M
OFK,2025-01-22 07:56,27.00,20.00,74.57,5.75,3600.00,M
OFK,2025-01-22 08:56,31.00,22.00,68.92,16.10,4200.00,M
OFK,2025-01-22 09:56,33.00,21.00,60.95,18.40,3300.00,M
OFK,2025-01-22 10:56,34.00,21.00,58.56,24.15,3400.00,32.20
OFK,2025-01-22 11:56,35.00,21.00,56.27,20.70,3400.00,35.65
OFK,2025-01-22 12:56,36.00,20.00,51.83,21.85,4000.00,32.20
OFK,2025-01-22 13:41,32.00,24.00,72.00,18.40,1800.00,33.35
OFK,2025-01-22 13:48,32.00,24.00,72.00,17.25,1600.00,33.35
OFK,2025-01-22 13:56,33.00,25.00,72.11,14.95,3000.00,33.35
OFK,2025-01-22 14:56,34.00,23.00,63.72,12.65,6500.00,M
OFK,2025-01-22 15:56,34.00,21.00,58.56,11.50,6000.00,M
OFK,2025-01-22 16:06,32.00,23.00,69.04,17.25,3000.00,M
OFK,2025-01-22 16:13,32.00,25.00,75.07,12.65,600.00,M
OFK,2025-01-22 16:17,32.00,25.00,75.07,12.65,3000.00,M
OFK,2025-01-22 16:49,32.00,24.00,72.00,17.25,2700.00,M
OFK,2025-01-22 16:56,32.00,25.00,75.07,12.65,2500.00,M
OFK,2025-01-22 17:00,32.00,25.00,75.07,16.10,2500.00,M
OFK,2025-01-22 17:09,32.00,24.00,72.00,12.65,2000.00,M
OFK,2025-01-22 17:56,31.00,24.00,74.97,10.35,7000.00,M
OFK,2025-01-22 18:56,32.00,23.00,69.04,13.80,6000.00,M
OFK,2025-01-22 19:56,32.00,23.00,69.04,16.10,3400.00,M
OFK,2025-01-22 20:26,31.00,25.00,78.16,24.15,1000.00,34.50
OFK,2025-01-22 20:42,28.00,22.00,77.89,21.85,2000.00,34.50
OFK,2025-01-22 20:56,26.00,20.00,77.71,26.45,3400.00,36.80
OFK,2025-01-22 21:56,21.00,12.00,67.71,23.00,3500.00,37.95
OFK,2025-01-22 22:47,19.00,11.00,70.53,17.25,2700.00,33.35
OFK,2025-01-22 22:56,18.00,10.00,70.41,21.85,2400.00,33.35
OFK,2025-01-22 23:56,17.00,8.00,67.20,20.70,2300.00,34.50
OFK,2025-01-23 00:56,15.00,7.00,70.06,18.40,2900.00,29.90
OFK,2025-01-23 01:09,15.00,7.00,70.06,20.70,3100.00,M
OFK,2025-01-23 01:56,13.00,6.00,73.08,17.25,1000.00,M
OFK,2025-01-23 02:03,12.00,6.00,76.38,16.10,1000.00,M
OFK,2025-01-23 02:14,12.00,6.00,76.38,18.40,800.00,M
OFK,2025-01-23 02:56,11.00,4.00,72.86,14.95,3600.00,M
OFK,2025-01-23 03:29,12.00,4.00,69.70,13.80,2900.00,M
OFK,2025-01-23 03:37,12.00,4.00,69.70,11.50,3000.00,M
OFK,2025-01-23 03:56,12.00,4.00,69.70,17.25,3000.00,M
OFK,2025-01-23 04:56,11.00,4.00,72.86,11.50,3200.00,M
OFK,2025-01-23 05:56,11.00,5.00,76.28,8.05,3300.00,M
OFK,2025-01-23 06:56,11.00,4.00,72.86,5.75,3300.00,M
OFK,2025-01-23 07:56,11.00,4.00,72.86,12.65,3200.00,M
OFK,2025-01-23 08:56,13.00,3.00,63.68,13.80,3100.00,M
OFK,2025-01-23 09:16,13.00,4.00,66.69,11.50,2900.00,M
OFK,2025-01-23 09:56,14.00,5.00,66.82,8.05,2700.00,M
OFK,2025-01-23 10:56,16.00,6.00,64.09,13.80,2500.00,M
OFK,2025-01-23 11:56,17.00,6.00,61.38,9.20,2100.00,M
OFK,2025-01-23 12:05,18.00,7.00,61.52,12.65,2300.00,M
OFK,2025-01-23 12:56,20.00,7.00,56.47,8.05,M,M
OFK,2025-01-23 13:56,23.00,4.00,43.37,14.95,M,M
OFK,2025-01-23 14:56,24.00,7.00,47.70,14.95,M,M
OFK,2025-01-23 15:56,23.00,8.00,52.04,10.35,3600.00,M
OFK,2025-01-23 16:56,22.00,9.00,56.78,6.90,3600.00,M
OFK,2025-01-23 17:56,21.00,9.00,59.23,5.75,3500.00,M
OFK,2025-01-23 18:56,21.00,10.00,61.95,0.00,3200.00,M
OFK,2025-01-23 19:56,20.00,10.00,64.64,0.00,3200.00,M
OFK,2025-01-23 20:56,20.00,11.00,67.58,0.00,2900.00,M
OFK,2025-01-23 21:28,17.00,10.00,73.52,5.75,2800.00,M
OFK,2025-01-23 21:56,15.00,9.00,76.68,5.75,M,M
OFK,2025-01-23 22:56,15.00,8.00,73.30,9.20,M,M
OFK,2025-01-23 23:56,14.00,8.00,76.58,9.20,M,M
OFK,2025-01-24 00:56,11.00,6.00,79.85,5.75,M,M
OFK,2025-01-24 01:56,13.00,7.00,76.48,4.60,M,M
OFK,2025-01-24 02:56,15.00,8.00,73.30,12.65,M,M
OFK,2025-01-24 03:56,17.00,9.00,70.30,20.70,M,M
OFK,2025-01-24 04:56,18.00,10.00,70.41,18.40,M,M
OFK,2025-01-24 05:56,18.00,10.00,70.41,18.40,M,M
OFK,2025-01-24 06:56,20.00,12.00,70.65,16.10,10000.00,M
OFK,2025-01-24 07:56,22.00,13.00,67.83,12.65,7000.00,M
OFK,2025-01-24 08:56,24.00,13.00,62.36,13.80,12000.00,M
OFK,2025-01-24 09:56,28.00,14.00,55.21,12.65,M,M
OFK,2025-01-24 10:56,35.00,15.00,43.47,11.50,M,M
OFK,2025-01-24 11:56,41.00,19.00,40.83,14.95,M,M
OFK,2025-01-24 12:56,43.00,23.00,44.80,17.25,M,37.95
OFK,2025-01-24 13:56,43.00,24.00,46.71,21.85,M,37.95
OFK,2025-01-24 14:56,43.00,25.00,48.70,19.55,M,36.80
OFK,2025-01-24 15:56,41.00,26.00,54.84,20.70,3600.00,32.20
OFK,2025-01-24 16:56,39.00,25.00,56.86,13.80,3800.00,29.90
OFK,2025-01-24 17:56,37.00,24.00,58.99,9.20,M,M
OFK,2025-01-24 18:56,35.00,23.00,61.23,8.05,12000.00,M
OFK,2025-01-24 19:56,35.00,24.00,63.85,8.05,11000.00,M
OFK,2025-01-24 20:56,34.00,24.00,66.45,8.05,10000.00,M
OFK,2025-01-24 21:56,33.00,24.00,69.16,5.75,11000.00,M
OFK,2025-01-24 22:56,33.00,24.00,69.16,6.90,11000.00,M
OFK,2025-01-24 23:56,32.00,24.00,72.00,8.05,11000.00,M
OFK,2025-01-25 00:56,31.00,22.00,68.92,8.05,11000.00,M
OFK,2025-01-25 01:56,30.00,22.00,71.78,9.20,M,M
OFK,2025-01-25 02:56,29.00,21.00,71.67,9.20,M,M
OFK,2025-01-25 03:56,27.00,19.00,71.45,9.20,M,M
OFK,2025-01-25 04:56,26.00,18.00,71.33,10.35,M,M
OFK,2025-01-25 05:56,26.00,17.00,68.32,10.35,M,M
OFK,2025-01-25 06:56,25.00,16.00,68.20,11.50,M,M
OFK,2025-01-25 07:56,23.00,16.00,74.15,10.35,M,M
OFK,2025-01-25 08:56,29.00,17.00,60.39,16.10,M,M
OFK,2025-01-25 09:56,33.00,18.00,53.62,17.25,M,M
OFK,2025-01-25 10:56,33.00,15.00,47.08,29.90,3600.00,48.30
OFK,2025-01-25 11:56,33.00,12.00,41.27,28.75,M,47.15
OFK,2025-01-25 12:56,32.00,11.00,41.10,23.00,M,44.85
OFK,2025-01-25 13:56,32.00,10.00,39.31,21.85,M,33.35
OFK,2025-01-25 14:56,31.00,9.00,39.13,20.70,M,31.05
OFK,2025-01-25 15:56,30.00,9.00,40.75,20.70,M,31.05
OFK,2025-01-25 16:56,28.00,9.00,44.23,16.10,M,M
OFK,2025-01-25 17:56,26.00,10.00,50.23,14.95,M,M
OFK,2025-01-25 18:56,24.00,10.00,54.59,10.35,M,M
OFK,2025-01-25 19:56,22.00,10.00,59.38,11.50,M,M
OFK,2025-01-25 20:56,20.00,10.00,64.64,9.20,M,M
OFK,2025-01-25 21:56,19.00,9.00,64.50,6.90,M,M
OFK,2025-01-25 22:56,17.00,9.00,70.30,6.90,M,M
OFK,2025-01-25 23:56,16.00,9.00,73.41,6.90,M,M
OFK,2025-01-26 00:56,16.00,9.00,73.41,8.05,M,M
OFK,2025-01-26 01:56,16.00,9.00,73.41,8.05,M,M
OFK,2025-01-26 02:56,16.00,9.00,73.41,6.90,M,M
OFK,2025-01-26 03:56,14.00,9.00,80.10,6.90,M,M
OFK,2025-01-26 04:56,13.00,8.00,80.02,5.75,12000.00,M
OFK,2025-01-26 05:56,13.00,8.00,80.02,6.90,M,M
OFK,2025-01-26 06:56,13.00,8.00,80.02,5.75,12000.00,M
OFK,2025-01-26 07:56,12.00,7.00,79.93,5.75,M,M
OFK,2025-01-26 08:56,16.00,8.00,70.18,4.60,M,M
OFK,2025-01-26 09:56,20.00,9.00,61.80,8.05,M,M
OFK,2025-01-26 10:56,24.00,8.00,49.90,10.35,M,M
OFK,2025-01-26 11:56,27.00,7.00,42.11,8.05,M,M
OFK,2025-01-26 12:56,32.00,5.00,31.35,8.05,M,M
OFK,2025-01-26 13:56,36.00,6.00,27.97,12.65,M,M
OFK,2025-01-26 14:56,36.00,9.00,32.03,12.65,M,M
OFK,2025-01-26 15:56,37.00,11.00,33.67,13.80,M,M
OFK,2025-01-26 16:56,36.00,11.00,35.03,9.20,M,M
OFK,2025-01-26 17:56,29.00,11.00,46.42,6.90,M,M
OFK,2025-01-26 18:56,25.00,10.00,52.36,8.05,M,M
OFK,2025-01-26 19:56,24.00,11.00,57.08,6.90,M,M
OFK,2025-01-26 20:56,22.00,11.00,62.09,6.90,M,M
OFK,2025-01-26 21:56,16.00,9.00,73.41,4.60,M,M
OFK,2025-01-26 22:56,19.00,10.00,67.46,6.90,M,M
OFK,2025-01-26 23:56,19.00,11.00,70.53,6.90,M,M
OFK,2025-01-27 00:56,18.00,11.00,73.62,6.90,M,M
OFK,2025-01-27 01:56,19.00,12.00,73.73,6.90,M,M
OFK,2025-01-27 02:56,20.00,12.00,70.65,8.05,M,M
OFK,2025-01-27 03:56,16.00,10.00,76.77,5.75,M,M
OFK,2025-01-27 04:56,19.00,11.00,70.53,5.75,M,M
OFK,2025-01-27 05:56,19.00,11.00,70.53,9.20,M,M
OFK,2025-01-27 06:56,18.00,9.00,67.33,6.90,M,M
OFK,2025-01-27 07:56,18.00,8.00,64.37,6.90,M,M
OFK,2025-01-27 08:56,23.00,11.00,59.52,8.05,M,M
OFK,2025-01-27 09:56,32.00,12.00,42.96,12.65,M,M
OFK,2025-01-27 10:56,38.00,10.00,30.96,16.10,M,M
OFK,2025-01-27 11:56,41.00,11.00,28.80,14.95,M,M
OFK,2025-01-27 12:56,48.00,10.00,21.10,11.50,M,M
OFK,2025-01-27 13:56,52.00,10.00,18.18,16.10,M,M
OFK,2025-01-27 14:56,55.00,12.00,17.80,14.95,M,31.05
OFK,2025-01-27 15:56,54.00,15.00,21.07,16.10,M,M
OFK,2025-01-27 16:56,53.00,16.00,22.82,16.10,M,M
OFK,2025-01-27 17:56,46.00,18.00,32.30,10.35,M,M
OFK,2025-01-27 18:56,42.00,19.00,39.29,9.20,M,M
OFK,2025-01-27 19:56,38.00,19.00,45.90,9.20,M,M
OFK,2025-01-27 20:56,36.00,19.00,49.66,6.90,M,M
OFK,2025-01-27 21:56,36.00,21.00,54.08,5.75,M,M
OFK,2025-01-27 22:56,34.00,22.00,61.09,10.35,M,M
OFK,2025-01-27 23:56,30.00,21.00,68.81,8.05,M,M
OFK,2025-01-28 00:56,31.00,22.00,68.92,9.20,M,M
OFK,2025-01-28 01:56,28.00,21.00,74.67,6.90,M,M
OFK,2025-01-28 02:56,26.00,20.00,77.71,5.75,M,M
OFK,2025-01-28 03:56,26.00,22.00,84.59,8.05,M,M
OFK,2025-01-28 04:56,27.00,22.00,81.17,11.50,M,M
OFK,2025-01-28 05:56,24.00,20.00,84.46,6.90,M,M
OFK,2025-01-28 06:56,26.00,21.00,81.09,6.90,M,M
OFK,2025-01-28 07:56,25.00,19.00,77.62,9.20,M,M
OFK,2025-01-28 08:56,30.00,23.00,74.87,9.20,M,M
OFK,2025-01-28 09:56,38.00,25.00,59.13,12.65,M,M
OFK,2025-01-28 10:56,47.00,25.00,41.83,17.25,M,M
OFK,2025-01-28 11:56,54.00,23.00,29.67,20.70,M,M
OFK,2025-01-28 12:56,57.00,21.00,24.45,17.25,M,M
OFK,2025-01-28 13:56,61.00,19.00,19.46,21.85,M,33.35
OFK,2025-01-28 14:56,62.00,20.00,19.61,17.25,M,35.65
OFK,2025-01-28 15:56,61.00,19.00,19.46,25.30,M,40.25
OFK,2025-01-28 16:56,58.00,20.00,22.61,17.25,M,32.20
OFK,2025-01-28 17:56,51.00,21.00,30.45,8.05,M,M
OFK,2025-01-28 18:56,45.00,22.00,39.79,10.35,M,M
OFK,2025-01-28 19:56,42.00,23.00,46.55,11.50,M,M
OFK,2025-01-28 20:56,42.00,24.00,48.55,11.50,M,M
OFK,2025-01-28 21:56,41.00,24.00,50.46,10.35,M,M
OFK,2025-01-28 22:56,38.00,24.00,56.71,10.35,M,M
OFK,2025-01-28 23:56,38.00,24.00,56.71,11.50,M,M
OFK,2025-01-29 00:56,35.00,23.00,61.23,10.35,M,M
OFK,2025-01-29 01:56,32.00,23.00,69.04,8.05,M,M
OFK,2025-01-29 02:56,34.00,23.00,63.72,11.50,M,M
OFK,2025-01-29 03:56,30.00,22.00,71.78,10.35,M,M
OFK,2025-01-29 04:56,28.00,21.00,74.67,4.60,M,M
OFK,2025-01-29 05:56,26.00,20.00,77.71,4.60,M,M
OFK,2025-01-29 06:56,30.00,22.00,71.78,6.90,M,M
OFK,2025-01-29 07:56,27.00,20.00,74.57,0.00,M,M
OFK,2025-01-29 08:56,34.00,24.00,66.45,6.90,M,M
OFK,2025-01-29 09:56,39.00,24.00,54.54,6.90,M,M
OFK,2025-01-29 10:56,44.00,26.00,48.86,4.60,M,M
OFK,2025-01-29 11:56,49.00,26.00,40.45,3.45,M,M
OFK,2025-01-29 12:56,52.00,24.00,33.30,5.75,M,M
OFK,2025-01-29 13:56,56.00,24.00,28.77,5.75,M,M
OFK,2025-01-29 14:56,58.00,20.00,22.61,5.75,M,M
OFK,2025-01-29 15:56,58.00,20.00,22.61,11.50,M,M
OFK,2025-01-29 16:56,54.00,19.00,25.04,9.20,M,M
OFK,2025-01-29 17:56,49.00,18.00,28.86,6.90,M,M
OFK,2025-01-29 18:56,46.00,19.00,33.72,9.20,M,M
OFK,2025-01-29 19:56,42.00,19.00,39.29,8.05,M,M
OFK,2025-01-29 20:56,40.00,18.00,40.67,9.20,M,M
OFK,2025-01-29 21:56,42.00,20.00,41.00,12.65,M,M
OFK,2025-01-29 22:56,43.00,21.00,41.17,13.80,M,M
OFK,2025-01-29 23:56,41.00,20.00,42.62,12.65,M,M
OFK,2025-01-30 00:56,38.00,21.00,49.98,4.60,M,M
OFK,2025-01-30 01:56,34.00,20.00,56.12,8.05,M,M
OFK,2025-01-30 02:56,29.00,19.00,65.81,3.45,M,M
OFK,2025-01-30 03:56,32.00,19.00,58.27,3.45,M,M
OFK,2025-01-30 04:56,29.00,19.00,65.81,0.00,M,M
OFK,2025-01-30 05:48,35.00,22.00,58.70,12.65,M,M
OFK,2025-01-30 05:56,36.00,22.00,56.42,12.65,M,M
OFK,2025-01-30 06:56,33.00,23.00,66.32,0.00,M,M
OFK,2025-01-30 07:56,35.00,23.00,61.23,4.60,M,M
OFK,2025-01-30 08:56,39.00,25.00,56.86,4.60,M,M
OFK,2025-01-30 09:56,44.00,25.00,46.88,4.60,M,M
OFK,2025-01-30 10:56,48.00,26.00,42.00,5.75,7500.00,M
OFK,2025-01-30 11:56,52.00,28.00,39.30,5.75,6500.00,M
OFK,2025-01-30 12:56,53.00,30.00,41.11,5.75,6000.00,M
OFK,2025-01-30 13:56,56.00,28.00,33.96,8.05,4100.00,M
OFK,2025-01-30 14:56,55.00,26.00,32.42,4.60,5500.00,M
OFK,2025-01-30 15:56,55.00,27.00,33.79,3.45,4100.00,M
OFK,2025-01-30 16:56,54.00,27.00,35.05,6.90,6500.00,M
OFK,2025-01-30 17:56,50.00,27.00,40.62,6.90,7000.00,M
OFK,2025-01-30 18:56,47.00,28.00,47.36,4.60,8000.00,M
OFK,2025-01-30 19:56,44.00,27.00,50.93,5.75,8500.00,M
OFK,2025-01-30 20:56,39.00,25.00,56.86,8.05,M,M
OFK,2025-01-30 21:56,38.00,24.00,56.71,5.75,M,M
OFK,2025-01-30 22:56,36.00,25.00,63.98,11.50,M,M
OFK,2025-01-30 23:56,38.00,25.00,59.13,16.10,M,M
OFK,2025-01-31 00:56,37.00,24.00,58.99,6.90,M,M
OFK,2025-01-31 01:56,35.00,25.00,66.57,13.80,M,M
OFK,2025-01-31 02:56,34.00,25.00,69.28,14.95,M,M
OFK,2025-01-31 03:56,32.00,25.00,75.07,10.35,M,M
OFK,2025-01-31 04:56,31.00,24.00,74.97,12.65,M,M
OFK,2025-01-31 05:56,30.00,24.00,78.07,16.10,M,M
OFK,2025-01-31 06:56,27.00,23.00,84.66,14.95,M,M
OFK,2025-01-31 07:56,27.00,23.00,84.66,12.65,M,M
OFK,2025-01-31 08:56,30.00,25.00,81.40,11.50,M,M
OFK,2025-01-31 09:56,34.00,25.00,69.28,18.40,M,M
OFK,2025-01-31 10:56,38.00,26.00,61.64,17.25,M,M
OFK,2025-01-31 11:56,43.00,27.00,52.91,17.25,M,M
OFK,2025-01-31 12:56,47.00,26.00,43.61,16.10,M,M
OFK,2025-01-31 13:56,48.00,26.00,42.00,16.10,M,M
OFK,2025-01-31 14:56,48.00,25.00,40.29,16.10,M,M
OFK,2025-01-31 15:56,49.00,24.00,37.22,11.50,M,M
OFK,2025-01-31 16:56,47.00,23.00,38.48,5.75,M,M
OFK,2025-01-31 17:56,39.00,21.00,48.06,0.00,M,M
OFK,2025-01-31 18:56,39.00,22.00,50.14,0.00,M,M
OFK,2025-01-31 19:56,28.00,20.00,71.56,4.60,M,M
OFK,2025-01-31 20:56,34.00,20.00,56.12,4.60,M,M
OFK,2025-01-31 21:56,29.00,20.00,68.69,5.75,M,M
OFK,2025-01-31 22:56,32.00,21.00,63.45,8.05,M,M
OFK,2025-01-31 23:56,34.00,21.00,58.56,11.50,M,M
OFK,2025-02-01 00:56,36.00,22.00,56.42,14.95,M,M
OFK,2025-02-01 01:56,37.00,22.00,54.23,13.80,M,M
OFK,2025-02-01 02:56,35.00,22.00,58.70,14.95,M,M
OFK,2025-02-01 03:56,36.00,22.00,56.42,18.40,M,M
OFK,2025-02-01 04:56,38.00,22.00,52.14,18.40,M,31.05
OFK,2025-02-01 05:56,38.00,22.00,52.14,13.80,M,M
OFK,2025-02-01 06:56,38.00,25.00,59.13,16.10,M,M
OFK,2025-02-01 07:56,39.00,28.00,64.37,19.55,M,32.20
OFK,2025-02-01 08:56,38.00,29.00,69.74,21.85,M,32.20
OFK,2025-02-01 09:56,39.00,30.00,69.85,21.85,M,34.50
OFK,2025-02-01 10:56,40.00,32.00,72.85,21.85,12000.00,40.25
OFK,2025-02-01 11:37,41.00,32.00,70.08,21.85,1600.00,35.65
OFK,2025-02-01 11:48,41.00,32.00,70.08,18.40,1700.00,36.80
OFK,2025-02-01 11:56,41.00,32.00,70.08,16.10,1700.00,36.80
OFK,2025-02-01 12:56,42.00,32.00,67.42,18.40,1900.00,37.95
OFK,2025-02-01 13:56,43.00,33.00,67.54,16.10,M,34.50
OFK,2025-02-01 14:56,44.00,33.00,65.01,14.95,M,M
OFK,2025-02-01 15:56,44.00,33.00,65.01,11.50,M,M
OFK,2025-02-01 16:56,44.00,32.00,62.44,8.05,M,M
OFK,2025-02-01 17:56,42.00,32.00,67.42,3.45,M,M
OFK,2025-02-01 18:56,39.00,31.00,72.75,5.75,M,M
OFK,2025-02-01 19:56,41.00,32.00,70.08,0.00,12000.00,M
OFK,2025-02-01 20:56,36.00,30.00,78.60,0.00,M,M
OFK,2025-02-01 21:56,36.00,30.00,78.60,4.60,M,M
OFK,2025-02-01 22:56,34.00,30.00,85.11,4.60,M,M
OFK,2025-02-01 23:56,34.00,30.00,85.11,3.45,M,M
OFK,2025-02-02 00:56,34.00,30.00,85.11,0.00,M,M
OFK,2025-02-02 01:56,33.00,29.00,85.04,0.00,M,M
OFK,2025-02-02 02:56,32.00,29.00,88.53,0.00,M,M
OFK,2025-02-02 03:56,30.00,27.00,88.44,3.45,M,M
OFK,2025-02-02 04:56,32.00,28.00,84.98,0.00,M,M
OFK,2025-02-02 05:56,27.00,26.00,95.95,4.60,M,M
OFK,2025-02-02 06:56,26.00,23.00,88.23,3.45,M,M
OFK,2025-02-02 07:56,31.00,26.00,81.48,4.60,M,M
OFK,2025-02-02 08:56,35.00,29.00,78.51,3.45,M,M
OFK,2025-02-02 09:56,40.00,30.00,67.18,3.45,M,M
OFK,2025-02-02 10:56,46.00,31.00,55.58,0.00,M,M
OFK,2025-02-02 11:56,52.00,32.00,46.25,0.00,M,M
OFK,2025-02-02 12:56,52.00,31.00,44.42,4.60,12000.00,M
OFK,2025-02-02 13:56,52.00,31.00,44.42,3.45,10000.00,M
OFK,2025-02-02 14:56,52.00,31.00,44.42,8.05,11000.00,M
OFK,2025-02-02 15:56,51.00,32.00,47.99,5.75,11000.00,M
OFK,2025-02-02 16:56,47.00,32.00,55.73,6.90,11000.00,M
OFK,2025-02-02 17:56,43.00,31.00,62.31,3.45,11000.00,M
OFK,2025-02-02 18:56,38.00,29.00,69.74,8.05,M,M
OFK,2025-02-02 19:56,37.00,28.00,69.63,3.45,M,M
OFK,2025-02-02 20:56,34.00,27.00,75.26,0.00,M,M
OFK,2025-02-02 21:56,31.00,26.00,81.48,3.45,M,M
OFK,2025-02-02 22:56,30.00,26.00,84.85,4.60,M,M
OFK,2025-02-02 23:56,29.00,25.00,84.79,0.00,M,M
OFK,2025-02-03 00:56,28.00,25.00,88.33,3.45,M,M
OFK,2025-02-03 01:56,28.00,24.00,84.72,0.00,M,M
OFK,2025-02-03 02:56,28.00,25.00,88.33,5.75,M,M
OFK,2025-02-03 03:56,28.00,24.00,84.72,4.60,M,M
OFK,2025-02-03 04:56,27.00,23.00,84.66,9.20,M,M
OFK,2025-02-03 05:56,28.00,23.00,81.25,14.95,M,M
OFK,2025-02-03 06:56,27.00,21.00,77.80,19.55,M,M
OFK,2025-02-03 07:56,26.00,19.00,74.46,17.25,M,29.90
OFK,2025-02-03 08:42,27.00,20.00,74.57,23.00,1800.00,31.05
OFK,2025-02-03 08:56,27.00,20.00,74.57,21.85,1900.00,32.20
OFK,2025-02-03 09:24,28.00,21.00,74.67,21.85,1200.00,32.20
OFK,2025-02-03 09:56,28.00,21.00,74.67,28.75,1200.00,39.10
OFK,2025-02-03 10:56,26.00,19.00,74.46,24.15,1000.00,35.65
OFK,2025-02-03 11:49,25.00,18.00,74.36,23.00,900.00,33.35
OFK,2025-02-03 11:56,25.00,18.00,74.36,24.15,900.00,33.35
OFK,2025-02-03 12:08,25.00,18.00,74.36,21.85,1000.00,31.05
OFK,2025-02-03 12:56,24.00,16.00,71.11,25.30,1200.00,35.65
OFK,2025-02-03 13:56,22.00,15.00,74.05,25.30,1000.00,36.80
OFK,2025-02-03 14:56,20.00,13.00,73.84,24.15,1200.00,36.80
OFK,2025-02-03 15:39,20.00,11.00,67.58,24.15,1500.00,35.65
OFK,2025-02-03 15:56,19.00,11.00,70.53,23.00,1500.00,35.65
OFK,2025-02-03 16:56,17.00,9.00,70.30,27.60,1500.00,35.65
OFK,2025-02-03 17:45,16.00,9.00,73.41,21.85,1400.00,34.50
OFK,2025-02-03 17:56,16.00,9.00,73.41,20.70,1400.00,34.50
OFK,2025-02-03 18:56,15.00,9.00,76.68,17.25,1300.00,34.50
OFK,2025-02-03 19:56,14.00,8.00,76.58,21.85,1300.00,29.90
OFK,2025-02-03 20:56,14.00,7.00,73.19,14.95,1300.00,M
OFK,2025-02-03 21:49,13.00,6.00,73.08,16.10,1500.00,M
OFK,2025-02-03 21:56,13.00,6.00,73.08,14.95,1700.00,M
OFK,2025-02-03 22:56,13.00,6.00,73.08,13.80,2000.00,M
OFK,2025-02-03 23:56,12.00,4.00,69.70,12.65,2300.00,M
OFK,2025-02-04 00:56,11.00,3.00,69.58,16.10,2300.00,M
OFK,2025-02-04 01:56,10.00,1.00,66.29,19.55,2100.00,M
OFK,2025-02-04 02:37,9.00,1.00,69.33,13.80,2400.00,M
OFK,2025-02-04 02:56,8.00,0.00,69.21,17.25,3500.00,M
OFK,2025-02-04 03:56,7.00,-2.00,65.89,17.25,M,M
OFK,2025-02-04 04:56,7.00,-2.00,65.89,12.65,M,M
OFK,2025-02-04 05:56,6.00,-3.00,65.76,13.80,M,M
OFK,2025-02-04 06:56,6.00,-3.00,65.76,10.35,M,M
OFK,2025-02-04 07:56,6.00,-3.00,65.76,12.65,M,M
OFK,2025-02-04 08:56,8.00,-3.00,60.06,12.65,6000.00,M
OFK,2025-02-04 09:56,10.00,-2.00,57.57,9.20,6000.00,M
OFK,2025-02-04 10:56,12.00,-1.00,55.22,10.35,5500.00,M
OFK,2025-02-04 11:56,14.00,-2.00,48.23,10.35,5500.00,M
OFK,2025-02-04 12:56,15.00,-2.00,46.16,13.80,5500.00,M
OFK,2025-02-04 13:56,16.00,-2.00,44.20,11.50,5500.00,M
OFK,2025-02-04 14:56,18.00,-2.00,40.54,10.35,5500.00,M
OFK,2025-02-04 15:56,18.00,-1.00,42.50,11.50,5500.00,M
OFK,2025-02-04 16:56,17.00,-1.00,44.37,9.20,M,M
OFK,2025-02-04 17:56,16.00,-1.00,46.34,9.20,M,M
OFK,2025-02-04 18:56,15.00,-1.00,48.40,9.20,M,M
OFK,2025-02-04 19:56,15.00,-1.00,48.40,8.05,M,M
OFK,2025-02-04 20:56,15.00,-1.00,48.40,9.20,M,M
OFK,2025-02-04 21:56,14.00,-1.00,50.56,10.35,M,M
OFK,2025-02-04 22:56,14.00,-1.00,50.56,6.90,M,M
OFK,2025-02-04 23:56,15.00,-1.00,48.40,8.05,4700.00,M
OFK,2025-02-05 00:56,15.00,0.00,50.73,8.05,4500.00,M
OFK,2025-02-05 01:56,15.00,0.00,50.73,6.90,4800.00,M
OFK,2025-02-05 02:56,16.00,0.00,48.57,5.75,4100.00,M
OFK,2025-02-05 03:56,15.00,1.00,53.16,8.05,3800.00,M
OFK,2025-02-05 04:56,16.00,2.00,53.32,8.05,2900.00,M
OFK,2025-02-05 05:56,16.00,2.00,53.32,8.05,2900.00,M
OFK,2025-02-05 06:56,16.00,3.00,55.85,9.20,2700.00,M
OFK,2025-02-05 07:56,17.00,5.00,58.64,8.05,2500.00,M
OFK,2025-02-05 08:56,17.00,7.00,64.23,10.35,2100.00,M
OFK,2025-02-05 09:25,17.00,9.00,70.30,12.65,1300.00,M
OFK,2025-02-05 09:56,17.00,11.00,76.87,9.20,1300.00,M
OFK,2025-02-05 10:56,19.00,13.00,77.06,11.50,1200.00,M
OFK,2025-02-05 11:32,20.00,15.00,80.60,9.20,900.00,M
OFK,2025-02-05 11:56,20.00,16.00,84.19,12.65,700.00,M
OFK,2025-02-05 12:56,21.00,17.00,84.26,10.35,700.00,M
OFK,2025-02-05 13:56,22.00,19.00,88.02,11.50,600.00,M
OFK,2025-02-05 14:56,23.00,19.00,84.39,11.50,600.00,M
OFK,2025-02-05 15:56,23.00,19.00,84.39,12.65,700.00,M
OFK,2025-02-05 16:56,23.00,20.00,88.08,9.20,600.00,M
OFK,2025-02-05 17:56,23.00,20.00,88.08,12.65,500.00,M
OFK,2025-02-05 18:51,24.80,21.20,85.96,8.05,400.00,M
OFK,2025-02-05 18:56,24.00,21.00,88.13,9.20,400.00,M
OFK,2025-02-05 19:17,24.00,21.00,88.13,8.05,500.00,M
OFK,2025-02-05 19:56,24.00,22.00,91.94,5.75,500.00,M
OFK,2025-02-05 20:56,25.00,22.00,88.18,6.90,700.00,M
OFK,2025-02-05 21:26,25.00,22.00,88.18,4.60,1000.00,M
OFK,2025-02-05 21:56,26.00,22.00,84.59,9.20,1200.00,M
OFK,2025-02-05 22:56,24.00,20.00,84.46,3.45,1200.00,M
OFK,2025-02-05 23:09,22.00,19.00,88.02,3.45,1200.00,M
OFK,2025-02-05 23:56,22.00,18.00,84.33,6.90,M,M
OFK,2025-02-06 00:56,23.00,19.00,84.39,11.50,M,M
OFK,2025-02-06 01:56,24.00,16.00,71.11,23.00,M,32.20
OFK,2025-02-06 02:56,21.00,12.00,67.71,25.30,M,37.95
OFK,2025-02-06 03:56,19.00,9.00,64.50,19.55,M,35.65
OFK,2025-02-06 04:56,17.00,9.00,70.30,8.05,M,M
OFK,2025-02-06 05:56,16.00,8.00,70.18,9.20,M,M
OFK,2025-02-06 06:56,14.00,7.00,73.19,9.20,M,M
OFK,2025-02-06 07:56,14.00,5.00,66.82,8.05,M,M
OFK,2025-02-06 08:56,18.00,8.00,64.37,10.35,M,M
OFK,2025-02-06 09:56,24.00,9.00,52.20,13.80,M,M
OFK,2025-02-06 10:56,31.00,8.00,37.41,10.35,M,M
OFK,2025-02-06 11:56,37.00,8.00,29.44,14.95,M,M
OFK,2025-02-06 12:56,42.00,8.00,24.23,16.10,M,M
OFK,2025-02-06 13:56,45.00,7.00,20.64,16.10,M,M
OFK,2025-02-06 14:56,48.00,8.00,19.28,11.50,M,M
OFK,2025-02-06 15:56,47.00,11.00,22.90,13.80,M,29.90
OFK,2025-02-06 16:56,41.00,11.00,28.80,9.20,M,M
OFK,2025-02-06 17:56,34.00,11.00,37.93,6.90,M,M
OFK,2025-02-06 18:56,30.00,11.00,44.57,6.90,M,M
OFK,2025-02-06 19:56,27.00,11.00,50.39,0.00,M,M
OFK,2025-02-06 20:56,26.00,11.00,52.52,0.00,M,M
OFK,2025-02-06 21:56,25.00,11.00,54.75,3.45,10000.00,M
OFK,2025-02-06 22:56,27.00,14.00,57.53,0.00,10000.00,M
OFK,2025-02-06 23:56,20.00,9.00,61.80,5.75,M,M
OFK,2025-02-07 00:56,23.00,10.00,56.93,0.00,M,M
OFK,2025-02-07 01:56,23.00,15.00,70.99,3.45,9500.00,M
OFK,2025-02-07 02:56,24.00,11.00,57.08,4.60,9500.00,M
OFK,2025-02-07 03:56,25.00,11.00,54.75,0.00,9500.00,M
OFK,2025-02-07 04:56,25.00,9.00,50.07,5.75,10000.00,M
OFK,2025-02-07 05:56,25.00,5.00,41.76,9.20,10000.00,M
OFK,2025-02-07 06:56,22.00,4.00,45.24,6.90,M,M
OFK,2025-02-07 07:56,20.00,6.00,53.96,9.20,M,M
OFK,2025-02-07 08:56,24.00,5.00,43.54,10.35,M,M
OFK,2025-02-07 09:56,29.00,5.00,35.41,12.65,M,M
OFK,2025-02-07 10:56,35.00,6.00,29.10,13.80,M,M
OFK,2025-02-07 11:56,39.00,7.00,26.01,14.95,7000.00,M
OFK,2025-02-07 12:56,43.00,8.00,23.31,19.55,M,M
OFK,2025-02-07 13:56,45.00,7.00,20.64,21.85,M,29.90
OFK,2025-02-07 14:56,44.00,6.00,20.49,23.00,M,32.20
OFK,2025-02-07 15:56,44.00,7.00,21.44,21.85,M,31.05
OFK,2025-02-07 16:56,43.00,6.00,21.29,16.10,M,M
OFK,2025-02-07 17:56,39.00,6.00,24.86,13.80,M,M
OFK,2025-02-07 18:56,37.00,7.00,28.14,12.65,M,M
OFK,2025-02-07 19:56,34.00,8.00,33.16,12.65,M,M
OFK,2025-02-07 20:56,36.00,10.00,33.50,17.25,3400.00,M
OFK,2025-02-07 21:56,35.00,12.00,38.10,13.80,3100.00,M
OFK,2025-02-07 22:56,35.00,14.00,41.61,9.20,3100.00,M
OFK,2025-02-07 23:56,35.00,14.00,41.61,0.00,3500.00,M
OFK,2025-02-08 00:56,33.00,15.00,47.08,3.45,3400.00,M
OFK,2025-02-08 01:56,32.00,14.00,46.92,3.45,3200.00,M
OFK,2025-02-08 02:56,28.00,14.00,55.21,5.75,6000.00,M
OFK,2025-02-08 03:56,29.00,13.00,50.72,0.00,4000.00,M
OFK,2025-02-08 04:56,28.00,19.00,68.57,16.10,3900.00,M
OFK,2025-02-08 05:56,25.00,17.00,71.22,14.95,1500.00,M
OFK,2025-02-08 06:07,25.00,17.00,71.22,14.95,1500.00,M
OFK,2025-02-08 06:56,22.00,14.00,70.88,24.15,1600.00,33.35
OFK,2025-02-08 07:34,21.00,12.00,67.71,20.70,1800.00,34.50
OFK,2025-02-08 07:41,21.00,12.00,67.71,18.40,1800.00,34.50
OFK,2025-02-08 07:56,20.00,13.00,73.84,17.25,1800.00,34.50
OFK,2025-02-08 08:27,20.00,12.00,70.65,21.85,1800.00,33.35
OFK,2025-02-08 08:38,20.00,12.00,70.65,25.30,1800.00,35.65
OFK,2025-02-08 08:56,20.00,11.00,67.58,23.00,1900.00,35.65
OFK,2025-02-08 09:56,20.00,12.00,70.65,21.85,1600.00,42.55
OFK,2025-02-08 10:56,20.00,12.00,70.65,29.90,1600.00,40.25
OFK,2025-02-08 11:56,22.00,12.00,64.90,24.15,1700.00,37.95
OFK,2025-02-08 12:11,23.00,11.00,59.52,28.75,1700.00,36.80
OFK,2025-02-08 12:56,26.00,11.00,52.52,21.85,4400.00,36.80
OFK,2025-02-08 13:56,27.00,11.00,50.39,26.45,M,36.80
OFK,2025-02-08 14:56,28.00,12.00,50.56,18.40,3000.00,32.20
OFK,2025-02-08 15:56,26.00,11.00,52.52,19.55,M,33.35
OFK,2025-02-08 16:56,24.00,11.00,57.08,16.10,2200.00,M
OFK,2025-02-08 17:23,22.00,11.00,62.09,13.80,2700.00,M
OFK,2025-02-08 17:43,22.00,11.00,62.09,11.50,2800.00,M
OFK,2025-02-08 17:56,21.00,11.00,64.77,10.35,2900.00,M
OFK,2025-02-08 18:56,19.00,10.00,67.46,9.20,M,M
OFK,2025-02-08 19:56,17.00,10.00,73.52,6.90,M,M
OFK,2025-02-08 20:56,16.00,9.00,73.41,8.05,M,M
OFK,2025-02-08 21:56,13.00,7.00,76.48,6.90,M,M
OFK,2025-02-08 22:56,12.00,7.00,79.93,0.00,M,M
OFK,2025-02-08 23:56,6.00,2.00,83.19,5.75,M,M
OFK,2025-02-09 00:56,7.00,3.00,83.27,0.00,M,M
OFK,2025-02-09 01:56,8.00,3.00,79.58,0.00,M,M
OFK,2025-02-09 02:56,8.00,3.00,79.58,0.00,M,M
OFK,2025-02-09 03:56,9.00,4.00,79.67,10.35,M,M
OFK,2025-02-09 04:56,8.00,4.00,83.34,5.75,M,M
OFK,2025-02-09 05:56,8.00,2.00,75.98,3.45,8500.00,M
OFK,2025-02-09 06:56,6.00,1.00,79.41,4.60,M,M
OFK,2025-02-09 07:56,11.00,5.00,76.28,5.75,12000.00,M
OFK,2025-02-09 08:56,14.00,8.00,76.58,5.75,M,M
OFK,2025-02-09 09:56,20.00,13.00,73.84,9.20,M,M
OFK,2025-02-09 10:56,23.00,15.00,70.99,11.50,3900.00,M
OFK,2025-02-09 11:56,26.00,15.00,62.64,9.20,3800.00,M
OFK,2025-02-09 12:56,31.00,17.00,55.67,11.50,2300.00,M
OFK,2025-02-09 13:56,34.00,19.00,53.77,5.75,4600.00,M
OFK,2025-02-09 14:56,36.00,18.00,47.58,9.20,M,M
OFK,2025-02-09 15:56,39.00,17.00,40.50,6.90,M,M
OFK,2025-02-09 16:56,39.00,13.00,34.01,4.60,M,M
OFK,2025-02-09 17:56,33.00,10.00,37.76,3.45,M,M
OFK,2025-02-09 18:56,30.00,10.00,42.62,0.00,M,M
OFK,2025-02-09 19:56,21.00,9.00,59.23,0.00,M,M
OFK,2025-02-09 20:56,19.00,9.00,64.50,0.00,M,M
OFK,2025-02-09 21:56,21.00,10.00,61.95,3.45,M,M
OFK,2025-02-09 22:56,19.00,10.00,67.46,3.45,M,M
OFK,2025-02-09 23:56,18.00,10.00,70.41,0.00,M,M
OFK,2025-02-10 00:56,15.00,8.00,73.30,0.00,M,M
OFK,2025-02-10 01:56,14.00,8.00,76.58,0.00,10000.00,M
OFK,2025-02-10 02:56,14.00,7.00,73.19,0.00,10000.00,M
OFK,2025-02-10 03:56,14.00,7.00,73.19,4.60,M,M
OFK,2025-02-10 04:56,12.00,6.00,76.38,0.00,M,M
OFK,2025-02-10 05:56,11.00,6.00,79.85,3.45,12000.00,M
OFK,2025-02-10 06:56,11.00,6.00,79.85,3.45,12000.00,M
OFK,2025-02-10 07:56,14.00,7.00,73.19,3.45,12000.00,M
OFK,2025-02-10 08:56,16.00,8.00,70.18,6.90,10000.00,M
OFK,2025-02-10 09:56,19.00,11.00,70.53,9.20,6000.00,M
OFK,2025-02-10 10:56,21.00,11.00,64.77,8.05,6000.00,M
OFK,2025-02-10 11:56,22.00,12.00,64.90,10.35,5500.00,M
OFK,2025-02-10 12:56,24.00,13.00,62.36,5.75,5500.00,M
OFK,2025-02-10 13:56,27.00,14.00,57.53,6.90,3400.00,M
OFK,2025-02-10 14:38,26.00,17.00,68.32,9.20,2900.00,M
OFK,2025-02-10 14:54,24.80,19.40,79.62,8.05,2100.00,M
OFK,2025-02-10 14:56,25.00,19.00,77.62,9.20,2000.00,M
OFK,2025-02-10 15:06,26.00,20.00,77.71,9.20,1900.00,M
OFK,2025-02-10 15:38,25.00,20.00,81.01,10.35,900.00,M
OFK,2025-02-10 15:46,25.00,20.00,81.01,8.05,900.00,M
OFK,2025-02-10 15:56,24.00,20.00,84.46,11.50,900.00,M
OFK,2025-02-10 16:19,23.00,18.00,80.85,11.50,1100.00,M
OFK,2025-02-10 16:44,22.00,18.00,84.33,9.20,1100.00,M
OFK,2025-02-10 16:56,22.00,17.00,80.77,14.95,1000.00,M
OFK,2025-02-10 17:12,21.00,17.00,84.26,11.50,900.00,M
OFK,2025-02-10 17:32,21.00,16.00,80.69,13.80,1000.00,M
OFK,2025-02-10 17:56,20.00,16.00,84.19,14.95,1200.00,M
OFK,2025-02-10 18:33,18.00,13.00,80.44,13.80,1000.00,M
OFK,2025-02-10 18:56,17.00,12.00,80.36,13.80,1800.00,M
OFK,2025-02-10 19:33,16.00,11.00,80.27,16.10,1500.00,M
OFK,2025-02-10 19:38,16.00,11.00,80.27,14.95,1500.00,M
OFK,2025-02-10 19:56,15.00,9.00,76.68,18.40,1500.00,M
OFK,2025-02-10 20:18,15.00,9.00,76.68,16.10,1400.00,M
OFK,2025-02-10 20:31,14.00,8.00,76.58,20.70,1300.00,M
OFK,2025-02-10 20:56,13.00,7.00,76.48,23.00,1600.00,29.90
OFK,2025-02-10 21:08,12.00,6.00,76.38,21.85,2100.00,M
OFK,2025-02-10 21:24,12.00,6.00,76.38,18.40,1900.00,M
OFK,2025-02-10 21:27,12.00,6.00,76.38,19.55,1900.00,M
OFK,2025-02-10 21:56,11.00,5.00,76.28,17.25,3600.00,M
OFK,2025-02-10 22:56,10.00,4.00,76.18,17.25,1400.00,M
OFK,2025-02-10 23:56,10.00,3.00,72.75,13.80,4500.00,M
OFK,2025-02-11 00:34,9.00,3.00,76.08,14.95,2600.00,M
OFK,2025-02-11 00:43,9.00,3.00,76.08,12.65,2600.00,M
OFK,2025-02-11 00:56,9.00,3.00,76.08,14.95,2400.00,M
OFK,2025-02-11 01:26,8.00,3.00,79.58,12.65,3000.00,M
OFK,2025-02-11 01:49,8.00,2.00,75.98,14.95,2800.00,M
OFK,2025-02-11 01:56,8.00,2.00,75.98,14.95,2700.00,M
OFK,2025-02-11 02:14,8.00,2.00,75.98,14.95,3100.00,M
OFK,2025-02-11 02:28,7.00,1.00,75.88,16.10,3300.00,M
OFK,2025-02-11 02:56,7.00,1.00,75.88,12.65,1200.00,M
OFK,2025-02-11 03:05,7.00,1.00,75.88,13.80,900.00,M
OFK,2025-02-11 03:13,7.00,1.00,75.88,13.80,1000.00,M
OFK,2025-02-11 03:56,5.00,-1.00,75.67,10.35,1100.00,M
OFK,2025-02-11 04:11,5.00,-1.00,75.67,13.80,900.00,M
OFK,2025-02-11 04:56,4.00,-2.00,75.57,10.35,6500.00,M
OFK,2025-02-11 05:56,4.00,-5.00,65.49,5.75,5500.00,M
OFK,2025-02-11 06:56,3.00,-5.00,68.58,8.05,7000.00,M
OFK,2025-02-11 07:56,3.00,-6.00,65.35,5.75,10000.00,M
OFK,2025-02-11 08:56,3.00,-7.00,62.26,6.90,6000.00,M
OFK,2025-02-11 09:56,4.00,-7.00,59.45,10.35,5500.00,M
OFK,2025-02-11 10:56,6.00,-7.00,54.25,8.05,4400.00,M
OFK,2025-02-11 11:56,7.00,-5.00,57.10,9.20,5500.00,M
OFK,2025-02-11 12:56,7.00,-5.00,57.10,9.20,4800.00,M
OFK,2025-02-11 13:56,7.00,-4.00,59.91,9.20,4900.00,M
OFK,2025-02-11 14:56,7.00,-3.00,62.84,8.05,5500.00,M
OFK,2025-02-11 15:56,6.00,-3.00,65.76,8.05,5500.00,M
OFK,2025-02-11 16:56,5.00,-3.00,68.83,10.35,4700.00,M
OFK,2025-02-11 17:27,5.00,-3.00,68.83,8.05,3700.00,M
OFK,2025-02-11 17:39,4.00,-3.00,72.06,9.20,3500.00,M
OFK,2025-02-11 17:56,4.00,-4.00,68.70,10.35,3300.00,M
OFK,2025-02-11 18:16,4.00,-3.00,72.06,8.05,3900.00,M
OFK,2025-02-11 18:56,4.00,-3.00,72.06,8.05,5000.00,M
OFK,2025-02-11 19:50,3.20,-2.20,77.67,9.20,2900.00,M
OFK,2025-02-11 19:56,4.00,-3.00,72.06,10.35,2300.00,M
OFK,2025-02-11 20:06,4.00,-3.00,72.06,9.20,3500.00,M
OFK,2025-02-11 20:56,3.00,-3.00,75.46,8.05,4600.00,M
OFK,2025-02-11 21:56,3.00,-3.00,75.46,6.90,5500.00,M
OFK,2025-02-11 22:42,4.00,-3.00,72.06,6.90,3100.00,M
OFK,2025-02-11 22:49,4.00,-3.00,72.06,6.90,2700.00,M
OFK,2025-02-11 22:56,4.00,-2.00,75.57,6.90,2300.00,M
OFK,2025-02-11 23:06,4.00,-2.00,75.57,8.05,1900.00,M
OFK,2025-02-11 23:56,4.00,-2.00,75.57,6.90,2800.00,M
OFK,2025-02-12 00:18,4.00,-2.00,75.57,9.20,3600.00,M
OFK,2025-02-12 00:32,4.00,-2.00,75.57,8.05,4000.00,M
OFK,2025-02-12 00:51,3.20,-2.20,77.67,8.05,3600.00,M
OFK,2025-02-12 00:56,4.00,-2.00,75.57,8.05,3400.00,M
OFK,2025-02-12 01:38,4.00,-2.00,75.57,8.05,3200.00,M
OFK,2025-02-12 01:43,4.00,-2.00,75.57,9.20,2800.00,M
OFK,2025-02-12 01:53,3.20,-2.20,77.67,9.20,2400.00,M
OFK,2025-02-12 01:56,4.00,-2.00,75.57,9.20,2400.00,M
OFK,2025-02-12 02:10,4.00,-2.00,75.57,9.20,3000.00,M
OFK,2025-02-12 02:36,3.00,-3.00,75.46,9.20,2600.00,M
OFK,2025-02-12 02:43,3.00,-3.00,75.46,10.35,2200.00,M
OFK,2025-02-12 02:56,3.00,-3.00,75.46,8.05,2000.00,M
OFK,2025-02-12 03:56,2.00,-3.00,79.04,9.20,2100.00,M
OFK,2025-02-12 04:16,2.00,-3.00,79.04,9.20,3000.00,M
OFK,2025-02-12 04:56,2.00,-3.00,79.04,6.90,2600.00,M
OFK,2025-02-12 05:11,2.00,-4.00,75.36,9.20,2800.00,M
OFK,2025-02-12 05:19,2.00,-4.00,75.36,10.35,3200.00,M
OFK,2025-02-12 05:56,2.00,-4.00,75.36,9.20,2900.00,M
OFK,2025-02-12 06:12,2.00,-3.00,79.04,9.20,2500.00,M
OFK,2025-02-12 06:25,2.00,-3.00,79.04,9.20,2900.00,M
OFK,2025-02-12 06:56,2.00,-4.00,75.36,9.20,2800.00,M
OFK,2025-02-12 07:06,2.00,-4.00,75.36,10.35,3200.00,M
OFK,2025-02-12 07:34,2.00,-4.00,75.36,10.35,2700.00,M
OFK,2025-02-12 07:51,1.40,-4.00,77.49,9.20,2100.00,M
OFK,2025-02-12 07:56,2.00,-4.00,75.36,9.20,1900.00,M
OFK,2025-02-12 08:52,3.20,-2.20,77.67,8.05,2100.00,M
OFK,2025-02-12 08:56,3.00,-3.00,75.46,12.65,2300.00,M
OFK,2025-02-12 09:31,3.00,-3.00,75.46,12.65,1800.00,M
OFK,2025-02-12 09:56,3.00,-3.00,75.46,11.50,1500.00,M
OFK,2025-02-12 10:10,4.00,-3.00,72.06,11.50,1800.00,M
OFK,2025-02-12 10:56,4.00,-2.00,75.57,10.35,2500.00,M
OFK,2025-02-12 11:56,5.00,-2.00,72.18,14.95,2600.00,M
OFK,2025-02-12 12:18,6.00,0.00,75.78,12.65,1900.00,M
OFK,2025-02-12 12:36,6.00,0.00,75.78,13.80,1700.00,M
OFK,2025-02-12 12:54,6.80,-0.40,71.71,14.95,2900.00,M
OFK,2025-02-12 12:56,6.00,-1.00,72.29,12.65,2600.00,M
OFK,2025-02-12 13:56,8.00,0.00,69.21,13.80,2900.00,M
OFK,2025-02-12 14:36,8.00,1.00,72.52,13.80,2600.00,M
OFK,2025-02-12 14:56,8.00,1.00,72.52,12.65,1800.00,M
OFK,2025-02-12 15:19,9.00,1.00,69.33,16.10,3400.00,M
OFK,2025-02-12 15:49,9.00,1.00,69.33,13.80,2700.00,M
OFK,2025-02-12 15:56,9.00,1.00,69.33,14.95,2500.00,M
OFK,2025-02-12 16:33,9.00,1.00,69.33,12.65,2900.00,M
OFK,2025-02-12 16:56,9.00,1.00,69.33,11.50,M,M
OFK,2025-02-12 17:56,6.00,0.00,75.78,8.05,2000.00,M
OFK,2025-02-12 18:07,6.00,0.00,75.78,8.05,1900.00,M
OFK,2025-02-12 18:54,5.00,-2.20,71.50,12.65,1900.00,M
OFK,2025-02-12 18:56,5.00,-2.00,72.18,11.50,1900.00,M
OFK,2025-02-12 19:56,2.00,-5.00,71.83,9.20,M,M
OFK,2025-02-12 20:56,0.00,-7.00,71.59,8.05,M,M
OFK,2025-02-12 21:56,-2.00,-9.00,71.35,6.90,M,M
OFK,2025-02-12 22:56,-2.00,-9.00,71.35,6.90,M,M
OFK,2025-02-12 23:56,-3.00,-11.00,67.80,8.05,M,M
OFK,2025-02-13 00:56,-4.00,-12.00,67.67,9.20,M,M
OFK,2025-02-13 01:56,-6.00,-13.00,70.87,9.20,M,M
OFK,2025-02-13 02:56,-8.00,-14.00,74.28,3.45,M,M
OFK,2025-02-13 03:56,-8.00,-15.00,70.62,8.05,M,M
OFK,2025-02-13 04:56,-8.00,-15.00,70.62,8.05,M,M
OFK,2025-02-13 05:56,-7.00,-16.00,63.94,4.60,M,M
OFK,2025-02-13 06:56,-2.00,-20.00,40.96,0.00,M,M
OFK,2025-02-13 07:56,-1.00,-20.00,39.07,0.00,M,M
OFK,2025-02-13 08:56,10.00,-13.00,33.69,3.45,M,M
OFK,2025-02-13 09:56,32.00,-6.00,18.69,8.05,M,M
OFK,2025-02-13 10:56,28.00,-4.00,24.21,8.05,M,M
OFK,2025-02-13 11:56,27.00,-1.00,29.09,12.65,M,M
OFK,2025-02-13 12:56,25.00,1.00,34.71,17.25,M,M
OFK,2025-02-13 13:56,17.00,4.00,56.01,17.25,M,M
OFK,2025-02-13 14:56,31.00,6.00,34.17,18.40,M,M
OFK,2025-02-13 15:56,31.00,8.00,37.41,16.10,M,M
OFK,2025-02-13 16:56,37.00,7.00,28.14,10.35,M,M
OFK,2025-02-13 17:56,36.00,7.00,29.27,9.20,M,M
OFK,2025-02-13 18:56,32.00,6.00,32.81,6.90,M,M
OFK,2025-02-13 19:56,31.00,6.00,34.17,9.20,M,M
OFK,2025-02-13 20:56,31.00,6.00,34.17,10.35,M,M
OFK,2025-02-13 21:56,29.00,5.00,35.41,9.20,M,M
OFK,2025-02-13 22:56,30.00,6.00,35.58,8.05,M,M
OFK,2025-02-13 23:56,30.00,6.00,35.58,13.80,M,M
OFK,2025-02-14 00:56,26.00,7.00,43.89,13.80,M,29.90
OFK,2025-02-14 01:56,32.00,8.00,35.93,11.50,M,M
OFK,2025-02-14 02:56,31.00,8.00,37.41,16.10,M,M
OFK,2025-02-14 03:56,31.00,9.00,39.13,14.95,M,M
OFK,2025-02-14 04:56,31.00,9.00,39.13,14.95,M,M
OFK,2025-02-14 05:56,29.00,9.00,42.45,24.15,M,33.35
OFK,2025-02-14 06:56,29.00,10.00,44.40,17.25,12000.00,33.35
OFK,2025-02-14 07:56,31.00,9.00,39.13,21.85,11000.00,29.90
OFK,2025-02-14 08:56,35.00,12.00,38.10,14.95,10000.00,29.90
OFK,2025-02-14 09:56,38.00,14.00,36.96,17.25,9500.00,M
OFK,2025-02-14 10:56,25.00,16.00,68.20,24.15,M,34.50
OFK,2025-02-14 11:56,27.00,18.00,68.45,23.00,11000.00,34.50
OFK,2025-02-14 12:56,29.00,19.00,65.81,18.40,2100.00,34.50
OFK,2025-02-14 13:15,30.00,20.00,65.94,16.10,2100.00,M
OFK,2025-02-14 13:56,33.00,22.00,63.59,14.95,2200.00,M
OFK,2025-02-14 14:56,33.00,23.00,66.32,13.80,2200.00,M
OFK,2025-02-14 15:56,34.00,24.00,66.45,14.95,2400.00,M
OFK,2025-02-14 16:56,33.00,23.00,66.32,9.20,2500.00,M
OFK,2025-02-14 17:56,33.00,25.00,72.11,3.45,11000.00,M
OFK,2025-02-14 18:56,33.00,25.00,72.11,0.00,8500.00,M
OFK,2025-02-14 19:56,33.00,25.00,72.11,0.00,11000.00,M
OFK,2025-02-14 20:56,32.00,25.00,75.07,0.00,10000.00,M
OFK,2025-02-14 21:56,31.00,24.00,74.97,4.60,2700.00,M
OFK,2025-02-14 22:52,30.20,23.00,74.26,10.35,3000.00,M
OFK,2025-02-14 22:56,31.00,23.00,71.89,9.20,3000.00,M
OFK,2025-02-14 23:15,30.00,23.00,74.87,8.05,2900.00,M
OFK,2025-02-14 23:56,29.00,22.00,74.77,17.25,2400.00,M
OFK,2025-02-15 00:56,27.00,20.00,74.57,19.55,1800.00,M
OFK,2025-02-15 01:34,26.00,19.00,74.46,13.80,2000.00,M
OFK,2025-02-15 01:56,25.00,20.00,81.01,11.50,1400.00,M
OFK,2025-02-15 02:04,25.00,20.00,81.01,13.80,1200.00,M
OFK,2025-02-15 02:20,25.00,20.00,81.01,12.65,800.00,M
OFK,2025-02-15 02:39,24.00,20.00,84.46,13.80,400.00,M
OFK,2025-02-15 02:52,24.80,19.40,79.62,10.35,500.00,M
OFK,2025-02-15 02:56,24.00,20.00,84.46,11.50,500.00,M
OFK,2025-02-15 03:28,24.00,19.00,80.93,13.80,1000.00,M
OFK,2025-02-15 03:56,23.00,17.00,77.44,16.10,1300.00,M
OFK,2025-02-15 04:56,21.00,15.00,77.25,23.00,1100.00,29.90
OFK,2025-02-15 05:27,20.00,14.00,77.16,17.25,800.00,33.35
OFK,2025-02-15 05:48,19.00,14.00,80.52,17.25,800.00,33.35
OFK,2025-02-15 05:56,19.00,13.00,77.06,21.85,800.00,33.35
OFK,2025-02-15 06:56,17.00,12.00,80.36,20.70,800.00,31.05
OFK,2025-02-15 07:46,17.00,10.00,73.52,21.85,1000.00,29.90
OFK,2025-02-15 07:56,17.00,10.00,73.52,20.70,1100.00,29.90
OFK,2025-02-15 08:06,17.00,10.00,73.52,23.00,1100.00,M
OFK,2025-02-15 08:38,16.00,10.00,76.77,18.40,1100.00,31.05
OFK,2025-02-15 08:56,16.00,9.00,73.41,17.25,1100.00,31.05
OFK,2025-02-15 09:08,16.00,9.00,73.41,19.55,1100.00,M
OFK,2025-02-15 09:18,16.00,9.00,73.41,18.40,1100.00,M
OFK,2025-02-15 09:32,16.00,8.00,70.18,20.70,1100.00,29.90
OFK,2025-02-15 09:56,15.00,8.00,73.30,19.55,1200.00,29.90
OFK,2025-02-15 10:24,15.00,8.00,73.30,20.70,1300.00,29.90
OFK,2025-02-15 10:39,15.00,7.00,70.06,19.55,1400.00,29.90
OFK,2025-02-15 10:49,15.00,7.00,70.06,20.70,1400.00,29.90
OFK,2025-02-15 10:56,14.00,7.00,73.19,19.55,1400.00,29.90
OFK,2025-02-15 11:15,14.00,7.00,73.19,19.55,1400.00,29.90
OFK,2025-02-15 11:56,14.00,6.00,69.94,23.00,1400.00,31.05
OFK,2025-02-15 12:08,13.00,5.00,69.82,21.85,1500.00,29.90
OFK,2025-02-15 12:23,13.00,5.00,69.82,17.25,1500.00,29.90
OFK,2025-02-15 12:38,13.00,5.00,69.82,21.85,1500.00,29.90
OFK,2025-02-15 12:56,13.00,5.00,69.82,20.70,1500.00,32.20
OFK,2025-02-15 13:06,13.00,4.00,66.69,17.25,1600.00,M
OFK,2025-02-15 13:18,12.00,4.00,69.70,21.85,1600.00,M
OFK,2025-02-15 13:56,13.00,4.00,66.69,17.25,1600.00,29.90
OFK,2025-02-15 14:56,12.00,4.00,69.70,18.40,1800.00,31.05
OFK,2025-02-15 15:46,13.00,5.00,69.82,17.25,1700.00,31.05
OFK,2025-02-15 15:56,13.00,5.00,69.82,23.00,1600.00,31.05
OFK,2025-02-15 16:07,13.00,5.00,69.82,23.00,1700.00,29.90
OFK,2025-02-15 16:17,13.00,5.00,69.82,21.85,1700.00,32.20
OFK,2025-02-15 16:56,13.00,4.00,66.69,24.15,1700.00,33.35
OFK,2025-02-15 17:03,13.00,4.00,66.69,19.55,1700.00,M
OFK,2025-02-15 17:11,13.00,4.00,66.69,20.70,1900.00,36.80
OFK,2025-02-15 17:56,12.00,4.00,69.70,19.55,2100.00,36.80
OFK,2025-02-15 18:56,12.00,4.00,69.70,19.55,2400.00,31.05
OFK,2025-02-15 19:56,12.00,4.00,69.70,19.55,2300.00,35.65
OFK,2025-02-15 20:56,12.00,2.00,63.54,16.10,2400.00,31.05
OFK,2025-02-15 21:56,11.00,0.00,60.50,24.15,7000.00,32.20
OFK,2025-02-15 22:56,9.00,-1.00,63.12,23.00,8000.00,31.05
OFK,2025-02-15 23:56,8.00,-2.00,62.98,18.40,6500.00,29.90
OFK,2025-02-16 00:56,7.00,-4.00,59.91,23.00,7000.00,35.65
OFK,2025-02-16 01:56,6.00,-4.00,62.69,19.55,6500.00,29.90
OFK,2025-02-16 02:56,7.00,-3.00,62.84,18.40,6000.00,29.90
OFK,2025-02-16 03:56,7.00,-3.00,62.84,20.70,6500.00,M
OFK,2025-02-16 04:56,6.00,-3.00,65.76,17.25,1300.00,M
OFK,2025-02-16 05:30,5.00,-3.00,68.83,14.95,1100.00,M
OFK,2025-02-16 05:56,4.00,-3.00,72.06,13.80,1000.00,M
OFK,2025-02-16 06:21,3.00,-4.00,71.95,13.80,1000.00,M
OFK,2025-02-16 06:33,3.00,-4.00,71.95,13.80,1000.00,M
OFK,2025-02-16 06:42,3.00,-4.00,71.95,12.65,800.00,M
OFK,2025-02-16 06:56,3.00,-4.00,71.95,10.35,1000.00,M
OFK,2025-02-16 07:06,3.00,-4.00,71.95,12.65,800.00,M
OFK,2025-02-16 07:17,2.00,-5.00,71.83,11.50,900.00,M
OFK,2025-02-16 07:56,2.00,-6.00,68.45,13.80,1500.00,M
OFK,2025-02-16 08:56,2.00,-6.00,68.45,14.95,1500.00,M
OFK,2025-02-16 09:26,3.00,-6.00,65.35,12.65,1800.00,M
OFK,2025-02-16 09:54,3.20,-5.80,65.38,14.95,1700.00,M
OFK,2025-02-16 09:56,4.00,-6.00,62.40,14.95,1700.00,M
OFK,2025-02-16 10:56,6.00,-5.00,59.76,13.80,M,M
OFK,2025-02-16 11:56,8.00,-4.00,57.26,13.80,M,M
OFK,2025-02-16 12:56,9.00,-3.00,57.41,13.80,M,M
OFK,2025-02-16 13:56,10.00,-3.00,54.90,16.10,M,M
OFK,2025-02-16 14:56,11.00,-3.00,52.51,12.65,M,M
OFK,2025-02-16 15:56,11.00,-3.00,52.51,12.65,M,M
OFK,2025-02-16 16:56,11.00,-2.00,55.06,8.05,M,M
OFK,2025-02-16 17:56,8.00,-4.00,57.26,5.75,M,M
OFK,2025-02-16 18:56,5.00,-5.00,62.55,3.45,M,M
OFK,2025-02-16 19:56,1.00,-7.00,68.32,4.60,M,M
OFK,2025-02-16 20:56,-1.00,-8.00,71.47,5.75,M,M
OFK,2025-02-16 21:56,-2.00,-8.00,74.93,3.45,M,M
OFK,2025-02-16 22:56,-2.00,-8.00,74.93,3.45,M,M
OFK,2025-02-16 23:56,1.00,-5.00,75.25,3.45,8500.00,M
OFK,2025-02-17 00:56,-2.00,-9.00,71.35,3.45,M,M
OFK,2025-02-17 01:56,2.00,-5.00,71.83,8.05,6500.00,M
OFK,2025-02-17 02:56,4.00,-4.00,68.70,5.75,3600.00,M
OFK,2025-02-17 03:56,4.00,-5.00,65.49,8.05,4000.00,M
OFK,2025-02-17 04:56,4.00,-5.00,65.49,6.90,3500.00,M
OFK,2025-02-17 05:07,4.00,-4.00,68.70,10.35,2900.00,M
OFK,2025-02-17 05:15,3.00,-5.00,68.58,11.50,2500.00,M
OFK,2025-02-17 05:44,3.00,-4.00,71.95,10.35,1900.00,M
OFK,2025-02-17 05:56,2.00,-5.00,71.83,11.50,1700.00,M
OFK,2025-02-17 06:56,2.00,-5.00,71.83,10.35,1400.00,M
OFK,2025-02-17 07:06,1.00,-6.00,71.71,11.50,1500.00,M
OFK,2025-02-17 07:56,0.00,-8.00,68.19,11.50,1900.00,M
OFK,2025-02-17 08:56,-1.00,-9.00,68.06,13.80,1700.00,M
OFK,2025-02-17 09:34,-1.00,-10.00,64.79,16.10,2400.00,M
OFK,2025-02-17 09:48,-1.00,-10.00,64.79,14.95,3300.00,M
OFK,2025-02-17 09:56,-1.00,-11.00,61.67,14.95,3800.00,M
OFK,2025-02-17 10:09,-1.00,-11.00,61.67,17.25,3200.00,M
OFK,2025-02-17 10:20,-1.00,-11.00,61.67,12.65,2800.00,M
OFK,2025-02-17 10:27,-1.00,-12.00,58.68,14.95,2600.00,M
OFK,2025-02-17 10:44,-1.00,-11.00,61.67,16.10,2600.00,M
OFK,2025-02-17 10:56,0.00,-10.00,61.82,12.65,3000.00,M
OFK,2025-02-17 11:56,-1.00,-11.00,61.67,17.25,3200.00,M
OFK,2025-02-17 12:10,-1.00,-11.00,61.67,18.40,3000.00,M
OFK,2025-02-17 12:18,-1.00,-12.00,58.68,16.10,3200.00,M
OFK,2025-02-17 12:53,-0.40,-13.00,54.27,13.80,2900.00,M
OFK,2025-02-17 12:54,-1.00,-12.00,58.68,14.95,2900.00,M
OFK,2025-02-17 13:19,0.00,-11.00,58.84,14.95,2500.00,M
OFK,2025-02-17 13:31,-1.00,-13.00,55.82,13.80,2700.00,M
OFK,2025-02-17 13:42,0.00,-12.00,55.98,12.65,3100.00,M
OFK,2025-02-17 13:56,0.00,-12.00,55.98,13.80,3500.00,M
OFK,2025-02-17 14:56,0.00,-13.00,53.26,16.10,3000.00,M
OFK,2025-02-17 15:56,-3.00,-14.00,58.36,17.25,4000.00,M
OFK,2025-02-17 16:12,-3.00,-13.00,61.37,14.95,2900.00,M
OFK,2025-02-17 16:22,-3.00,-13.00,61.37,14.95,2500.00,M
OFK,2025-02-17 16:56,-3.00,-14.00,58.36,17.25,3000.00,M
OFK,2025-02-17 17:13,-3.00,-14.00,58.36,17.25,3400.00,M
OFK,2025-02-17 17:24,-3.00,-14.00,58.36,14.95,3800.00,M
OFK,2025-02-17 17:56,-4.00,-14.00,61.22,12.65,6000.00,M
OFK,2025-02-17 18:56,-4.00,-15.00,58.21,16.10,7500.00,M
OFK,2025-02-17 19:56,-5.00,-16.00,58.05,14.95,7000.00,M
OFK,2025-02-17 20:56,-5.00,-16.00,58.05,16.10,8500.00,M
OFK,2025-02-17 21:56,-5.00,-17.00,55.16,11.50,11000.00,M
OFK,2025-02-17 22:56,-6.00,-17.00,57.89,10.35,11000.00,M
OFK,2025-02-17 23:56,-8.00,-18.00,60.61,9.20,10000.00,M
OFK,2025-02-18 00:56,-11.00,-21.00,60.14,8.05,M,M
OFK,2025-02-18 01:56,-12.00,-21.00,63.20,6.90,9000.00,M
OFK,2025-02-18 02:56,-9.00,-19.00,60.45,10.35,9000.00,M
OFK,2025-02-18 03:56,-8.00,-18.00,60.61,3.45,8500.00,M
OFK,2025-02-18 04:56,-10.00,-19.00,63.50,8.05,M,M
OFK,2025-02-18 05:56,-10.00,-18.00,66.86,10.35,M,M
OFK,2025-02-18 06:56,-10.00,-17.00,70.37,9.20,700.00,M
OFK,2025-02-18 07:13,-10.00,-18.00,66.86,5.75,700.00,M
OFK,2025-02-18 07:21,-11.00,-18.00,70.24,6.90,700.00,M
OFK,2025-02-18 07:56,-11.00,-18.00,70.24,0.00,M,M
OFK,2025-02-18 08:56,-7.00,-15.00,67.26,0.00,10000.00,M
OFK,2025-02-18 09:56,-5.00,-16.00,58.05,6.90,9500.00,M
OFK,2025-02-18 10:56,-3.00,-15.00,55.49,5.75,7500.00,M
OFK,2025-02-18 11:56,-1.00,-14.00,53.09,9.20,8000.00,M
OFK,2025-02-18 12:56,2.00,-14.00,46.13,6.90,M,M
OFK,2025-02-18 13:56,2.00,-13.00,48.51,11.50,7500.00,M
OFK,2025-02-18 14:56,2.00,-13.00,48.51,11.50,6500.00,M
OFK,2025-02-18 15:56,2.00,-12.00,50.99,11.50,6500.00,M
OFK,2025-02-18 16:56,2.00,-12.00,50.99,16.10,6500.00,M
OFK,2025-02-18 17:56,1.00,-11.00,56.15,17.25,5000.00,M
OFK,2025-02-18 18:40,0.00,-9.00,64.93,12.65,3400.00,M
OFK,2025-02-18 18:51,-0.40,-9.40,64.88,14.95,2800.00,M
OFK,2025-02-18 18:56,0.00,-9.00,64.93,13.80,2800.00,M
OFK,2025-02-18 19:06,-1.00,-9.00,68.06,13.80,2800.00,M
OFK,2025-02-18 19:19,-1.00,-10.00,64.79,14.95,2800.00,M
OFK,2025-02-18 19:39,-2.00,-10.00,67.93,13.80,3000.00,M
OFK,2025-02-18 19:56,-2.00,-11.00,64.65,11.50,3200.00,M
OFK,2025-02-18 20:56,-2.00,-12.00,61.52,10.35,8000.00,M
OFK,2025-02-18 21:56,-1.00,-11.00,61.67,8.05,6500.00,M
OFK,2025-02-18 22:56,0.00,-10.00,61.82,12.65,7000.00,M
OFK,2025-02-18 23:56,0.00,-10.00,61.82,11.50,5000.00,M
OFK,2025-02-19 00:56,0.00,-9.00,64.93,8.05,7000.00,M
OFK,2025-02-19 01:56,1.00,-9.00,61.96,9.20,10000.00,M
OFK,2025-02-19 02:56,0.00,-9.00,64.93,16.10,5500.00,M
OFK,2025-02-19 03:56,-1.00,-9.00,68.06,12.65,7500.00,M
OFK,2025-02-19 04:56,-2.00,-11.00,64.65,16.10,5500.00,M
OFK,2025-02-19 05:56,-3.00,-12.00,64.51,12.65,4400.00,M
OFK,2025-02-19 06:56,-5.00,-14.00,64.23,11.50,4400.00,M
OFK,2025-02-19 07:56,-8.00,-16.00,67.13,10.35,4800.00,M
OFK,2025-02-19 08:56,-7.00,-17.00,60.76,13.80,M,M
OFK,2025-02-19 09:56,-5.00,-16.00,58.05,12.65,M,M
OFK,2025-02-19 10:56,-3.00,-14.00,58.36,11.50,M,M
OFK,2025-02-19 11:56,-1.00,-13.00,55.82,12.65,M,M
OFK,2025-02-19 12:56,0.00,-12.00,55.98,10.35,M,M
OFK,2025-02-19 13:56,1.00,-13.00,50.82,13.80,M,M
OFK,2025-02-19 14:56,1.00,-13.00,50.82,13.80,M,M
OFK,2025-02-19 15:56,2.00,-13.00,48.51,11.50,M,M
OFK,2025-02-19 16:56,2.00,-13.00,48.51,11.50,M,M
OFK,2025-02-19 17:56,0.00,-14.00,50.65,6.90,M,M
OFK,2025-02-19 18:56,-3.00,-15.00,55.49,5.75,M,M
OFK,2025-02-19 19:56,-7.00,-18.00,57.73,6.90,M,M
OFK,2025-02-19 20:56,-9.00,-18.00,63.65,8.05,M,M
OFK,2025-02-19 21:56,-9.00,-19.00,60.45,9.20,M,M
OFK,2025-02-19 22:56,-10.00,-20.00,60.30,10.35,M,M
OFK,2025-02-19 23:56,-14.00,-22.00,66.30,6.90,M,M
OFK,2025-02-20 00:56,-16.00,-24.00,66.02,8.05,M,M
OFK,2025-02-20 01:56,-13.00,-22.00,63.05,9.20,M,M
OFK,2025-02-20 02:56,-14.00,-23.00,62.90,4.60,M,M
OFK,2025-02-20 03:56,-16.00,-24.00,66.02,5.75,M,M
OFK,2025-02-20 04:56,-16.00,-23.00,69.60,4.60,M,M
OFK,2025-02-20 05:56,-15.00,-24.00,62.75,9.20,M,M
OFK,2025-02-20 06:56,-17.00,-25.00,65.88,4.60,M,M
OFK,2025-02-20 07:56,-13.00,-22.00,63.05,11.50,M,M
OFK,2025-02-20 08:56,-11.00,-21.00,60.14,4.60,M,M
OFK,2025-02-20 09:56,-5.00,-17.00,55.16,6.90,M,M
OFK,2025-02-20 10:56,0.00,-14.00,50.65,5.75,M,M
OFK,2025-02-20 11:56,6.00,-10.00,46.84,5.75,M,M
OFK,2025-02-20 12:56,9.00,-9.00,42.96,4.60,M,M
OFK,2025-02-20 13:56,10.00,-10.00,39.11,6.90,M,M
OFK,2025-02-20 14:56,10.00,-9.00,41.08,3.45,M,M
OFK,2025-02-20 15:56,11.00,-9.00,39.29,0.00,M,M
OFK,2025-02-20 16:56,8.00,-7.00,49.55,8.05,M,M
OFK,2025-02-20 17:56,5.00,-10.00,49.03,4.60,M,M
OFK,2025-02-20 18:56,3.00,-11.00,51.16,6.90,M,M
OFK,2025-02-20 19:56,-5.00,-16.00,58.05,0.00,M,M
OFK,2025-02-20 20:56,0.00,-12.00,55.98,0.00,M,M
OFK,2025-02-20 21:56,-2.00,-13.00,58.52,4.60,M,M
OFK,2025-02-20 22:56,-3.00,-14.00,58.36,5.75,M,M
OFK,2025-02-20 23:56,-9.00,-18.00,63.65,3.45,M,M
OFK,2025-02-21 00:56,-10.00,-18.00,66.86,0.00,M,M
OFK,2025-02-21 01:56,-12.00,-21.00,63.20,3.45,M,M
OFK,2025-02-21 02:56,-6.00,-15.00,64.08,6.90,M,M
OFK,2025-02-21 03:56,-5.00,-15.00,61.07,5.75,M,M
OFK,2025-02-21 04:56,-6.00,-15.00,64.08,0.00,M,M
OFK,2025-02-21 05:56,-4.00,-15.00,58.21,0.00,M,M
OFK,2025-02-21 06:56,0.00,-11.00,58.84,8.05,M,M
OFK,2025-02-21 07:56,1.00,-10.00,58.99,17.25,M,M
OFK,2025-02-21 08:56,4.00,-8.00,56.63,16.10,M,M
OFK,2025-02-21 09:56,7.00,-6.00,54.41,17.25,M,M
OFK,2025-02-21 10:56,11.00,-3.00,52.51,12.65,M,M
OFK,2025-02-21 11:56,15.00,0.00,50.73,13.80,M,M
OFK,2025-02-21 12:56,20.00,5.00,51.55,16.10,M,M
OFK,2025-02-21 13:56,23.00,7.00,49.74,19.55,M,32.20
OFK,2025-02-21 14:56,23.00,10.00,56.93,20.70,M,29.90
OFK,2025-02-21 15:56,24.00,11.00,57.08,13.80,M,29.90
OFK,2025-02-21 16:56,22.00,11.00,62.09,23.00,M,29.90
OFK,2025-02-21 17:56,20.00,10.00,64.64,20.70,M,31.05
OFK,2025-02-21 18:56,19.00,9.00,64.50,14.95,M,33.35
OFK,2025-02-21 19:56,18.00,8.00,64.37,16.10,M,M
OFK,2025-02-21 20:56,18.00,8.00,64.37,16.10,M,M
OFK,2025-02-21 21:56,18.00,8.00,64.37,14.95,M,M
OFK,2025-02-21 22:56,18.00,8.00,64.37,16.10,M,M
OFK,2025-02-21 23:56,18.00,8.00,64.37,11.50,M,M
OFK,2025-02-22 00:56,18.00,9.00,67.33,14.95,M,M
OFK,2025-02-22 01:56,18.00,9.00,67.33,10.35,M,M
OFK,2025-02-22 02:56,17.00,8.00,67.20,6.90,M,M
OFK,2025-02-22 03:56,15.00,8.00,73.30,3.45,M,M
OFK,2025-02-22 04:56,12.00,5.00,72.97,0.00,M,M
OFK,2025-02-22 05:56,10.00,5.00,79.76,0.00,M,M
OFK,2025-02-22 06:56,13.00,7.00,76.48,4.60,M,M
OFK,2025-02-22 07:56,9.00,5.00,83.41,0.00,M,M
OFK,2025-02-22 08:56,17.00,9.00,70.30,0.00,M,M
OFK,2025-02-22 09:56,24.00,13.00,62.36,3.45,M,M
OFK,2025-02-22 10:56,32.00,18.00,55.82,0.00,M,M
OFK,2025-02-22 11:56,31.00,20.00,63.32,9.20,M,M
OFK,2025-02-22 12:56,35.00,23.00,61.23,5.75,M,M
OFK,2025-02-22 13:56,36.00,24.00,61.37,8.05,M,M
OFK,2025-02-22 14:56,37.00,26.00,64.11,12.65,M,M
OFK,2025-02-22 15:56,39.00,28.00,64.37,9.20,M,M
OFK,2025-02-22 16:56,40.00,29.00,64.50,9.20,M,M
OFK,2025-02-22 17:56,38.00,29.00,69.74,8.05,M,M
OFK,2025-02-22 18:56,36.00,29.00,75.46,6.90,M,M
OFK,2025-02-22 19:56,33.00,27.00,78.34,0.00,M,M
OFK,2025-02-22 20:56,31.00,27.00,84.92,0.00,M,M
OFK,2025-02-22 21:56,29.00,24.00,81.32,3.45,M,M
OFK,2025-02-22 22:56,29.00,24.00,81.32,0.00,M,M
OFK,2025-02-22 23:56,27.00,22.00,81.17,4.60,10000.00,M
OFK,2025-02-23 00:56,28.00,22.00,77.89,0.00,M,M
OFK,2025-02-23 01:56,25.00,20.00,81.01,0.00,11000.00,M
OFK,2025-02-23 02:56,26.00,21.00,81.09,0.00,M,M
OFK,2025-02-23 03:56,23.00,19.00,84.39,0.00,M,M
OFK,2025-02-23 04:56,23.00,20.00,88.08,0.00,M,M
OFK,2025-02-23 05:08,24.00,20.00,84.46,0.00,M,M
OFK,2025-02-23 05:18,27.00,22.00,81.17,0.00,M,M
OFK,2025-02-23 05:56,25.00,20.00,81.01,0.00,M,M
OFK,2025-02-23 06:56,21.00,16.00,80.69,0.00,M,M
OFK,2025-02-23 07:56,25.00,21.00,84.53,0.00,M,M
OFK,2025-02-23 08:56,29.00,23.00,77.98,0.00,M,M
OFK,2025-02-23 09:56,40.00,29.00,64.50,8.05,M,M
OFK,2025-02-23 10:56,46.00,30.00,53.37,3.45,M,M
OFK,2025-02-23 11:56,49.00,33.00,53.82,3.45,M,M
OFK,2025-02-23 12:56,54.00,33.00,44.74,4.60,M,M
OFK,2025-02-23 13:56,57.00,36.00,45.22,5.75,M,M
OFK,2025-02-23 14:56,58.00,38.00,47.20,8.05,M,M
OFK,2025-02-23 15:56,57.00,39.00,50.88,11.50,M,M
OFK,2025-02-23 16:56,56.00,36.00,46.88,14.95,M,M
OFK,2025-02-23 17:56,51.00,36.00,56.31,11.50,M,M
OFK,2025-02-23 18:56,46.00,36.00,67.90,13.80,M,M
OFK,2025-02-23 19:56,44.00,35.00,70.42,12.65,M,M
OFK,2025-02-23 20:56,45.00,34.00,65.13,3.45,M,M
OFK,2025-02-23 21:56,45.00,34.00,65.13,8.05,M,M
OFK,2025-02-23 22:56,47.00,34.00,60.38,8.05,M,M
OFK,2025-02-23 23:56,47.00,34.00,60.38,10.35,M,M
OFK,2025-02-24 00:56,46.00,34.00,62.71,8.05,12000.00,M
OFK,2025-02-24 01:56,46.00,34.00,62.71,9.20,M,M
OFK,2025-02-24 02:56,44.00,34.00,67.66,8.05,M,M
OFK,2025-02-24 03:56,45.00,33.00,62.58,6.90,M,M
OFK,2025-02-24 04:56,41.00,32.00,70.08,4.60,M,M
OFK,2025-02-24 05:56,40.00,31.00,69.97,4.60,M,M
OFK,2025-02-24 06:56,37.00,30.00,75.56,8.05,M,M
OFK,2025-02-24 07:56,40.00,31.00,69.97,0.00,M,M
OFK,2025-02-24 08:56,48.00,34.00,58.16,4.60,M,M
OFK,2025-02-24 09:56,53.00,35.00,50.27,3.45,M,M
OFK,2025-02-24 10:56,57.00,36.00,45.22,5.75,M,M
OFK,2025-02-24 11:56,59.00,36.00,42.08,4.60,M,M
OFK,2025-02-24 12:56,63.00,34.00,33.72,10.35,10000.00,M
OFK,2025-02-24 13:56,63.00,34.00,33.72,5.75,10000.00,M
OFK,2025-02-24 14:56,68.00,37.00,31.92,9.20,12000.00,M
OFK,2025-02-24 15:56,66.00,38.00,35.58,9.20,M,M
OFK,2025-02-24 16:56,67.00,35.00,30.53,14.95,M,M
OFK,2025-02-24 17:56,62.00,30.00,29.73,12.65,M,M
OFK,2025-02-24 18:56,58.00,27.00,30.32,16.10,M,36.80
OFK,2025-02-24 19:56,52.00,27.00,37.72,11.50,M,M
OFK,2025-02-24 20:56,48.00,27.00,43.77,10.35,M,M
OFK,2025-02-24 21:56,45.00,28.00,51.08,9.20,M,M
OFK,2025-02-24 22:56,44.00,31.00,59.97,8.05,M,M
OFK,2025-02-24 23:56,40.00,30.00,67.18,9.20,M,M
OFK,2025-02-25 00:56,37.00,29.00,72.54,4.60,M,M
OFK,2025-02-25 01:56,36.00,28.00,72.43,6.90,M,M
OFK,2025-02-25 02:56,34.00,26.00,72.22,0.00,M,M
OFK,2025-02-25 03:56,32.00,26.00,78.25,5.75,M,M
OFK,2025-02-25 04:56,31.00,25.00,78.16,3.45,M,M
OFK,2025-02-25 05:56,30.00,24.00,78.07,5.75,M,M
OFK,2025-02-25 06:56,29.00,24.00,81.32,0.00,M,M
OFK,2025-02-25 07:56,33.00,28.00,81.63,0.00,M,M
OFK,2025-02-25 08:56,41.00,30.00,64.63,0.00,M,M
OFK,2025-02-25 09:56,49.00,31.00,49.65,8.05,M,M
OFK,2025-02-25 10:56,55.00,32.00,41.44,9.20,M,M
OFK,2025-02-25 11:56,58.00,33.00,38.70,17.25,M,M
OFK,2025-02-25 12:56,58.00,33.00,38.70,13.80,M,M
OFK,2025-02-25 13:56,63.00,34.00,33.72,12.65,M,M
OFK,2025-02-25 14:56,63.00,35.00,35.10,16.10,M,M
OFK,2025-02-25 15:56,64.00,37.00,36.68,12.65,M,32.20
OFK,2025-02-25 16:56,63.00,38.00,39.51,10.35,M,M
OFK,2025-02-25 17:56,61.00,40.00,45.85,10.35,M,M
OFK,2025-02-25 18:56,57.00,39.00,50.88,8.05,11000.00,M
OFK,2025-02-25 19:56,49.00,37.00,63.10,12.65,M,M
OFK,2025-02-25 20:56,55.00,32.00,41.44,10.35,M,M
OFK,2025-02-25 21:56,49.00,32.00,51.70,13.80,M,M
OFK,2025-02-25 22:56,50.00,34.00,53.97,16.10,M,M
OFK,2025-02-25 23:56,48.00,36.00,62.97,12.65,M,M
OFK,2025-02-26 00:56,46.00,35.00,65.26,10.35,M,M
OFK,2025-02-26 01:56,45.00,35.00,67.78,14.95,M,M
OFK,2025-02-26 02:56,41.00,33.00,72.96,11.50,M,M
OFK,2025-02-26 03:56,41.00,33.00,72.96,13.80,M,M
OFK,2025-02-26 04:56,42.00,33.00,70.19,17.25,M,M
OFK,2025-02-26 05:56,42.00,32.00,67.42,18.40,M,29.90
OFK,2025-02-26 06:56,40.00,31.00,69.97,13.80,M,M
OFK,2025-02-26 07:56,41.00,31.00,67.30,14.95,M,M
OFK,2025-02-26 08:56,45.00,32.00,60.11,13.80,M,M
OFK,2025-02-26 09:56,49.00,33.00,53.82,16.10,M,M
OFK,2025-02-26 10:56,52.00,32.00,46.25,18.40,M,M
OFK,2025-02-26 11:56,56.00,33.00,41.60,16.10,M,M
OFK,2025-02-26 12:56,58.00,33.00,38.70,20.70,M,31.05
OFK,2025-02-26 13:56,60.00,32.00,34.61,18.40,M,M
OFK,2025-02-26 14:56,60.00,32.00,34.61,19.55,M,31.05
OFK,2025-02-26 15:56,61.00,32.00,33.40,18.40,M,M
OFK,2025-02-26 16:56,60.00,30.00,31.92,12.65,M,M
OFK,2025-02-26 17:56,56.00,27.00,32.59,12.65,M,M
OFK,2025-02-26 18:56,49.00,27.00,42.16,5.75,M,M
OFK,2025-02-26 19:56,43.00,27.00,52.91,8.05,M,M
OFK,2025-02-26 20:56,43.00,29.00,57.44,8.05,M,M
OFK,2025-02-26 21:56,40.00,28.00,61.91,6.90,M,M
OFK,2025-02-26 22:56,38.00,27.00,64.24,9.20,M,M
OFK,2025-02-26 23:56,38.00,27.00,64.24,8.05,M,M
OFK,2025-02-27 00:56,39.00,28.00,64.37,12.65,M,M
OFK,2025-02-27 01:56,39.00,28.00,64.37,12.65,M,M
OFK,2025-02-27 02:56,39.00,28.00,64.37,10.35,M,M
OFK,2025-02-27 03:56,40.00,29.00,64.50,10.35,M,M
OFK,2025-02-27 04:56,38.00,28.00,66.94,9.20,M,M
OFK,2025-02-27 05:56,38.00,28.00,66.94,10.35,M,M
OFK,2025-02-27 06:56,36.00,28.00,72.43,10.35,M,M
OFK,2025-02-27 07:56,37.00,28.00,69.63,8.05,M,M
OFK,2025-02-27 08:56,42.00,30.00,62.18,8.05,M,M
OFK,2025-02-27 09:56,47.00,31.00,53.52,8.05,M,M
OFK,2025-02-27 10:56,50.00,29.00,44.10,6.90,M,M
OFK,2025-02-27 11:56,53.00,28.00,37.88,M,M,M
OFK,2025-02-27 12:56,57.00,26.00,30.16,9.20,M,M
OFK,2025-02-27 13:56,61.00,25.00,25.07,10.35,M,M
OFK,2025-02-27 14:56,63.00,27.00,25.38,11.50,M,M
OFK,2025-02-27 15:56,64.00,26.00,23.51,14.95,M,M
OFK,2025-02-27 16:56,62.00,26.00,25.23,10.35,M,M
OFK,2025-02-27 17:56,56.00,28.00,33.96,4.60,M,M
OFK,2025-02-27 18:56,54.00,27.00,35.05,5.75,M,M
OFK,2025-02-27 19:56,49.00,27.00,42.16,10.35,M,M
OFK,2025-02-27 20:56,47.00,26.00,43.61,11.50,M,M
OFK,2025-02-27 21:56,45.00,26.00,47.04,12.65,M,M
OFK,2025-02-27 22:56,47.00,26.00,43.61,13.80,M,M
OFK,2025-02-27 23:56,44.00,25.00,46.88,10.35,M,M
OFK,2025-02-28 00:56,45.00,24.00,43.28,10.35,M,M
OFK,2025-02-28 01:56,47.00,23.00,38.48,12.65,M,M
OFK,2025-02-28 02:56,49.00,23.00,35.69,14.95,M,M
OFK,2025-02-28 03:56,45.00,23.00,41.50,11.50,M,M
OFK,2025-02-28 04:56,40.00,24.00,52.45,9.20,M,M
OFK,2025-02-28 05:56,42.00,24.00,48.55,9.20,M,M
OFK,2025-02-28 06:56,43.00,25.00,48.70,12.65,M,M
OFK,2025-02-28 07:56,45.00,26.00,47.04,11.50,M,M
OFK,2025-02-28 08:56,51.00,27.00,39.14,14.95,M,M
OFK,2025-02-28 09:56,58.00,27.00,30.32,21.85,M,34.50
OFK,2025-02-28 10:56,57.00,29.00,34.12,25.30,M,43.70
OFK,2025-02-28 11:56,59.00,28.00,30.48,33.35,12000.00,46.00
OFK,2025-02-28 12:56,60.00,28.00,29.41,29.90,M,42.55
OFK,2025-02-28 13:56,62.00,24.00,23.21,27.60,M,42.55
OFK,2025-02-28 14:56,62.00,26.00,25.23,28.75,M,43.70
OFK,2025-02-28 15:56,61.00,27.00,27.24,27.60,M,42.55
OFK,2025-02-28 16:56,59.00,27.00,29.25,25.30,M,37.95
OFK,2025-02-28 17:56,56.00,27.00,32.59,17.25,M,33.35
OFK,2025-02-28 18:56,50.00,29.00,44.10,16.10,M,M
OFK,2025-02-28 19:56,44.00,28.00,53.07,13.80,M,M
OFK,2025-02-28 20:56,41.00,27.00,57.15,17.25,M,M
OFK,2025-02-28 21:56,37.00,26.00,64.11,8.05,M,M
OFK,2025-02-28 22:56,35.00,24.00,63.85,6.90,M,M
OFK,2025-02-28 23:56,33.00,24.00,69.16,10.35,M,M
OFK,2025-03-01 00:56,32.00,22.00,66.20,6.90,M,M
OFK,2025-03-01 01:56,30.00,21.00,68.81,8.05,M,M
OFK,2025-03-01 02:56,30.00,21.00,68.81,10.35,M,M
OFK,2025-03-01 03:56,30.00,20.00,65.94,12.65,9500.00,M
OFK,2025-03-01 04:56,29.00,20.00,68.69,8.05,9000.00,M
OFK,2025-03-01 05:56,28.00,18.00,65.69,8.05,9500.00,M
OFK,2025-03-01 06:56,26.00,17.00,68.32,8.05,M,M
OFK,2025-03-01 07:56,26.00,17.00,68.32,8.05,10000.00,M
OFK,2025-03-01 08:56,29.00,17.00,60.39,10.35,M,M
OFK,2025-03-01 09:56,32.00,17.00,53.46,10.35,9500.00,M
OFK,2025-03-01 10:56,35.00,16.00,45.40,8.05,M,M
OFK,2025-03-01 11:56,37.00,16.00,41.95,8.05,M,M
OFK,2025-03-01 12:56,37.00,15.00,40.16,6.90,M,M
OFK,2025-03-01 13:56,38.00,15.00,38.61,0.00,M,M
OFK,2025-03-01 14:56,40.00,14.00,34.18,6.90,M,M
OFK,2025-03-01 15:56,41.00,12.00,30.11,8.05,M,M
OFK,2025-03-01 16:56,39.00,7.00,26.01,9.20,M,M
OFK,2025-03-01 17:56,37.00,8.00,29.44,8.05,M,M
OFK,2025-03-01 18:56,35.00,8.00,31.86,9.20,M,M
OFK,2025-03-01 19:56,32.00,8.00,35.93,8.05,M,M
OFK,2025-03-01 20:56,32.00,9.00,37.58,9.20,M,M
OFK,2025-03-01 21:56,31.00,9.00,39.13,6.90,M,M
OFK,2025-03-01 22:56,29.00,10.00,44.40,6.90,M,M
OFK,2025-03-01 23:56,27.00,12.00,52.68,5.75,M,M
OFK,2025-03-02 00:56,27.00,11.00,50.39,5.75,M,M
OFK,2025-03-02 01:56,27.00,11.00,50.39,8.05,M,M
OFK,2025-03-02 02:56,26.00,12.00,54.90,8.05,M,M
OFK,2025-03-02 03:56,25.00,12.00,57.23,5.75,M,M
OFK,2025-03-02 04:56,24.00,12.00,59.67,6.90,M,M
OFK,2025-03-02 05:56,24.00,12.00,59.67,8.05,M,M
OFK,2025-03-02 06:56,27.00,11.00,50.39,11.50,M,M
OFK,2025-03-02 07:56,30.00,11.00,44.57,12.65,M,M
OFK,2025-03-02 08:56,35.00,13.00,39.82,16.10,M,M
OFK,2025-03-02 09:56,41.00,15.00,34.35,18.40,M,M
OFK,2025-03-02 10:56,47.00,18.00,31.11,20.70,M,M
OFK,2025-03-02 11:56,51.00,20.00,29.18,19.55,M,M
OFK,2025-03-02 12:56,54.00,22.00,28.45,19.55,M,31.05
OFK,2025-03-02 13:56,57.00,23.00,26.61,18.40,M,29.90
OFK,2025-03-02 14:56,60.00,25.00,25.98,19.55,M,31.05
OFK,2025-03-02 15:56,60.00,26.00,27.08,17.25,M,29.90
OFK,2025-03-02 16:56,60.00,27.00,28.23,13.80,M,M
OFK,2025-03-02 17:56,57.00,28.00,32.75,13.80,M,M
OFK,2025-03-02 18:56,51.00,27.00,39.14,9.20,M,M
OFK,2025-03-02 19:56,49.00,28.00,43.93,9.20,M,M
OFK,2025-03-02 20:56,45.00,27.00,49.02,6.90,M,M
OFK,2025-03-02 21:56,45.00,27.00,49.02,9.20,M,M
OFK,2025-03-02 22:56,43.00,27.00,52.91,8.05,M,M
OFK,2025-03-02 23:56,42.00,28.00,57.30,6.90,M,M
OFK,2025-03-03 00:56,42.00,30.00,62.18,8.05,M,M
OFK,2025-03-03 01:56,41.00,30.00,64.63,5.75,M,M
OFK,2025-03-03 02:56,39.00,30.00,69.85,5.75,M,M
OFK,2025-03-03 03:44,38.00,31.00,75.65,4.60,900.00,M
OFK,2025-03-03 03:56,43.00,35.00,73.16,8.05,1000.00,M
OFK,2025-03-03 04:40,45.00,36.00,70.53,6.90,900.00,M
OFK,2025-03-03 04:53,44.60,37.40,75.68,6.90,1000.00,M
OFK,2025-03-03 04:56,46.00,38.00,73.47,8.05,1000.00,M
OFK,2025-03-03 05:56,46.00,39.00,76.40,11.50,1300.00,M
OFK,2025-03-03 06:07,45.00,39.00,79.36,10.35,1400.00,M
OFK,2025-03-03 06:20,45.00,39.00,79.36,9.20,1200.00,M
OFK,2025-03-03 06:56,44.00,38.00,79.27,11.50,800.00,M
OFK,2025-03-03 07:56,46.00,41.00,82.58,10.35,700.00,M
OFK,2025-03-03 08:56,48.00,42.00,79.60,11.50,700.00,M
OFK,2025-03-03 09:56,49.00,42.00,76.67,12.65,700.00,M
OFK,2025-03-03 10:30,52.00,42.00,68.59,12.65,1100.00,M
OFK,2025-03-03 10:42,53.00,42.00,66.12,17.25,1100.00,M
OFK,2025-03-03 10:56,53.00,42.00,66.12,16.10,M,M
OFK,2025-03-03 11:56,57.00,43.00,59.40,19.55,M,M
OFK,2025-03-03 12:56,58.00,43.00,57.30,18.40,M,M
OFK,2025-03-03 13:56,58.00,43.00,57.30,19.55,M,M
OFK,2025-03-03 14:56,57.00,42.00,57.16,18.40,2700.00,M
OFK,2025-03-03 15:23,56.00,42.00,59.26,13.80,2700.00,M
OFK,2025-03-03 15:56,57.00,41.00,54.99,14.95,3100.00,M
OFK,2025-03-03 16:56,56.00,42.00,59.26,11.50,3000.00,M
OFK,2025-03-03 17:11,56.00,42.00,59.26,12.65,2900.00,M
OFK,2025-03-03 17:36,56.00,42.00,59.26,11.50,3100.00,M
OFK,2025-03-03 17:56,55.00,42.00,61.46,9.20,3100.00,M
OFK,2025-03-03 18:56,54.00,42.00,63.74,5.75,3000.00,M
OFK,2025-03-03 19:04,54.00,42.00,63.74,5.75,2900.00,M
OFK,2025-03-03 19:34,53.00,42.00,66.12,3.45,3000.00,M
OFK,2025-03-03 19:56,53.00,42.00,66.12,4.60,3100.00,M
OFK,2025-03-03 20:20,53.00,42.00,66.12,4.60,2900.00,M
OFK,2025-03-03 20:56,52.00,42.00,68.59,3.45,2700.00,M
OFK,2025-03-03 21:56,52.00,42.00,68.59,6.90,2600.00,M
OFK,2025-03-03 22:17,51.00,42.00,71.18,5.75,2500.00,M
OFK,2025-03-03 22:51,51.80,42.80,71.26,5.75,2900.00,M
OFK,2025-03-03 22:56,51.00,42.00,71.18,4.60,2900.00,M
OFK,2025-03-03 23:56,51.00,42.00,71.18,5.75,2300.00,M
OFK,2025-03-04 00:56,51.00,43.00,73.97,5.75,1900.00,M
OFK,2025-03-04 01:03,50.00,43.00,76.76,8.05,1900.00,M
OFK,2025-03-04 01:56,50.00,44.00,79.76,10.35,1900.00,M
OFK,2025-03-04 02:03,50.00,44.00,79.76,10.35,1200.00,M
OFK,2025-03-04 02:15,50.00,44.00,79.76,10.35,1100.00,M
OFK,2025-03-04 02:31,50.00,45.00,82.86,5.75,800.00,M
OFK,2025-03-04 02:56,50.00,45.00,82.86,6.90,600.00,M
OFK,2025-03-04 03:56,49.00,45.00,86.00,12.65,500.00,M
OFK,2025-03-04 04:04,49.00,45.00,86.00,14.95,400.00,M
OFK,2025-03-04 04:20,49.00,46.00,89.33,11.50,300.00,M
OFK,2025-03-04 04:46,49.00,46.00,89.33,6.90,200.00,M
OFK,2025-03-04 04:56,49.00,46.00,89.33,8.05,200.00,M
OFK,2025-03-04 05:08,49.00,46.00,89.33,8.05,200.00,M
OFK,2025-03-04 05:43,50.00,47.00,89.37,9.20,200.00,M
OFK,2025-03-04 05:56,50.00,47.00,89.37,9.20,200.00,M
OFK,2025-03-04 06:30,51.00,48.00,89.42,8.05,200.00,M
OFK,2025-03-04 06:42,51.00,48.00,89.42,5.75,200.00,M
OFK,2025-03-04 06:56,51.00,49.00,92.83,3.45,200.00,M
OFK,2025-03-04 07:34,51.00,48.00,89.42,8.05,200.00,M
OFK,2025-03-04 07:41,51.00,48.00,89.42,8.05,200.00,M
OFK,2025-03-04 07:56,51.00,47.00,86.12,9.20,200.00,M
OFK,2025-03-04 08:09,50.00,47.00,89.37,10.35,200.00,M
OFK,2025-03-04 08:38,50.00,47.00,89.37,12.65,300.00,M
OFK,2025-03-04 08:56,50.00,46.00,86.06,12.65,300.00,M
OFK,2025-03-04 09:02,49.00,45.00,86.00,13.80,300.00,M
OFK,2025-03-04 09:56,46.00,43.00,89.20,12.65,400.00,M
OFK,2025-03-04 10:09,46.00,42.00,85.83,14.95,400.00,M
OFK,2025-03-04 10:21,46.00,42.00,85.83,21.85,500.00,33.35
OFK,2025-03-04 10:39,46.00,41.00,82.58,19.55,600.00,34.50
OFK,2025-03-04 10:56,45.00,40.00,82.51,25.30,600.00,35.65
OFK,2025-03-04 11:30,42.00,37.00,82.30,32.20,700.00,48.30
OFK,2025-03-04 11:56,40.00,35.00,82.15,28.75,700.00,48.30
OFK,2025-03-04 12:08,40.00,35.00,82.15,33.35,700.00,46.00
OFK,2025-03-04 12:56,38.00,33.00,82.00,32.20,800.00,48.30
OFK,2025-03-04 13:56,36.00,31.00,81.86,31.05,800.00,48.30
OFK,2025-03-04 14:44,35.00,30.00,81.78,26.45,800.00,47.15
OFK,2025-03-04 14:56,35.00,30.00,81.78,29.90,800.00,48.30
OFK,2025-03-04 15:56,34.00,29.00,81.71,29.90,900.00,54.05
OFK,2025-03-04 16:16,34.00,29.00,81.71,33.35,1000.00,57.50
OFK,2025-03-04 16:37,34.00,28.00,78.43,28.75,1200.00,57.50
OFK,2025-03-04 16:47,34.00,29.00,81.71,34.50,1200.00,57.50
OFK,2025-03-04 16:54,33.80,28.40,80.36,34.50,1200.00,57.50
OFK,2025-03-04 16:56,34.00,28.00,78.43,32.20,1200.00,57.50
OFK,2025-03-04 17:28,34.00,28.00,78.43,35.65,1200.00,51.75
OFK,2025-03-04 17:56,34.00,28.00,78.43,29.90,1200.00,52.90
OFK,2025-03-04 18:16,34.00,27.00,75.26,35.65,1400.00,59.80
OFK,2025-03-04 18:42,33.00,26.00,75.17,40.25,1500.00,59.80
OFK,2025-03-04 18:56,33.00,26.00,75.17,34.50,1500.00,59.80
OFK,2025-03-04 19:35,32.00,25.00,75.07,34.50,1500.00,55.20
OFK,2025-03-04 19:45,32.00,25.00,75.07,37.95,1300.00,56.35
OFK,2025-03-04 19:56,31.00,25.00,78.16,37.95,1500.00,56.35
OFK,2025-03-04 20:40,31.00,25.00,78.16,33.35,1300.00,54.05
OFK,2025-03-04 20:54,30.20,24.80,80.07,32.20,1500.00,54.05
OFK,2025-03-04 20:56,31.00,25.00,78.16,31.05,1500.00,54.05
OFK,2025-03-04 21:09,31.00,24.00,74.97,35.65,1300.00,54.05
OFK,2025-03-04 21:31,31.00,22.00,68.92,41.40,1600.00,57.50
OFK,2025-03-04 21:56,31.00,22.00,68.92,36.80,2000.00,57.50
OFK,2025-03-04 22:56,29.00,20.00,68.69,37.95,2000.00,60.95
OFK,2025-03-04 23:56,29.00,21.00,71.67,33.35,1700.00,55.20
OFK,2025-03-05 00:56,29.00,18.00,63.05,35.65,2200.00,59.80
OFK,2025-03-05 01:56,29.00,18.00,63.05,39.10,2600.00,66.70
OFK,2025-03-05 02:56,27.00,16.00,62.78,31.05,2600.00,57.50
OFK,2025-03-05 03:56,26.00,17.00,68.32,37.95,2600.00,55.20
OFK,2025-03-05 04:56,25.00,15.00,65.30,39.10,2600.00,56.35
OFK,2025-03-05 05:56,26.00,16.00,65.43,28.75,2700.00,55.20
OFK,2025-03-05 06:56,27.00,16.00,62.78,29.90,3000.00,48.30
OFK,2025-03-05 07:07,26.00,18.00,71.33,25.30,1900.00,44.85
OFK,2025-03-05 07:56,27.00,17.00,65.56,25.30,2700.00,46.00
OFK,2025-03-05 08:56,28.00,14.00,55.21,40.25,900.00,55.20
OFK,2025-03-05 09:56,28.00,15.00,57.68,29.90,2600.00,59.80
OFK,2025-03-05 10:56,28.00,15.00,57.68,25.30,2500.00,46.00
OFK,2025-03-05 11:56,31.00,16.00,53.31,28.75,M,44.85
OFK,2025-03-05 12:56,34.00,17.00,49.34,27.60,M,43.70
OFK,2025-03-05 13:56,36.00,18.00,47.58,27.60,M,42.55
OFK,2025-03-05 14:56,38.00,17.00,42.11,21.85,M,41.40
OFK,2025-03-05 15:56,38.00,18.00,43.97,24.15,M,35.65
OFK,2025-03-05 16:56,37.00,17.00,43.80,23.00,M,33.35
OFK,2025-03-05 17:56,35.00,18.00,49.50,16.10,M,M
OFK,2025-03-05 18:56,32.00,18.00,55.82,9.20,M,M
OFK,2025-03-05 19:56,30.00,18.00,60.53,5.75,M,M
OFK,2025-03-05 20:56,27.00,17.00,65.56,6.90,M,M
OFK,2025-03-05 21:56,25.00,17.00,71.22,6.90,M,M
OFK,2025-03-05 22:56,26.00,17.00,68.32,5.75,M,M
OFK,2025-03-05 23:56,24.00,17.00,74.26,0.00,M,M
OFK,2025-03-06 00:56,24.00,16.00,71.11,0.00,M,M
OFK,2025-03-06 01:56,22.00,15.00,74.05,0.00,M,M
OFK,2025-03-06 02:56,22.00,16.00,77.34,0.00,M,M
OFK,2025-03-06 03:56,22.00,15.00,74.05,0.00,M,M
OFK,2025-03-06 04:56,27.00,17.00,65.56,0.00,M,M
OFK,2025-03-06 05:56,26.00,17.00,68.32,0.00,M,M
OFK,2025-03-06 06:56,27.00,18.00,68.45,0.00,M,M
OFK,2025-03-06 07:56,30.00,21.00,68.81,0.00,M,M
OFK,2025-03-06 08:56,36.00,25.00,63.98,4.60,M,M
OFK,2025-03-06 09:56,42.00,26.00,52.76,3.45,M,M
OFK,2025-03-06 10:56,47.00,28.00,47.36,3.45,8500.00,M
OFK,2025-03-06 11:56,49.00,28.00,43.93,5.75,8000.00,M
OFK,2025-03-06 12:56,49.00,29.00,45.77,5.75,8000.00,M
OFK,2025-03-06 13:56,50.00,29.00,44.10,6.90,8500.00,M
OFK,2025-03-06 14:56,49.00,28.00,43.93,8.05,8000.00,M
OFK,2025-03-06 15:56,48.00,30.00,49.49,11.50,4000.00,M
OFK,2025-03-06 16:56,45.00,31.00,57.73,9.20,3700.00,M
OFK,2025-03-06 17:39,42.00,33.00,70.19,4.60,2700.00,M
OFK,2025-03-06 17:47,42.00,33.00,70.19,5.75,2700.00,M
OFK,2025-03-06 17:56,41.00,34.00,75.94,8.05,2400.00,M
OFK,2025-03-06 18:56,39.00,34.00,82.08,8.05,4500.00,M
OFK,2025-03-06 19:56,38.00,33.00,82.00,8.05,7500.00,M
OFK,2025-03-06 20:56,37.00,32.00,81.93,5.75,7000.00,M
OFK,2025-03-06 21:29,37.00,32.00,81.93,11.50,600.00,M
OFK,2025-03-06 21:56,37.00,32.00,81.93,10.35,600.00,M
OFK,2025-03-06 22:56,37.00,32.00,81.93,13.80,500.00,M
OFK,2025-03-06 23:56,37.00,33.00,85.29,11.50,500.00,M
OFK,2025-03-07 00:56,37.00,33.00,85.29,10.35,600.00,M
OFK,2025-03-07 01:06,37.00,33.00,85.29,11.50,800.00,M
OFK,2025-03-07 01:56,37.00,32.00,81.93,12.65,800.00,M
OFK,2025-03-07 02:09,36.00,32.00,85.23,12.65,800.00,M
OFK,2025-03-07 02:16,36.00,32.00,85.23,13.80,600.00,M
OFK,2025-03-07 02:22,36.00,32.00,85.23,13.80,600.00,M
OFK,2025-03-07 02:28,36.00,32.00,85.23,11.50,600.00,M
OFK,2025-03-07 02:41,35.00,32.00,88.68,9.20,600.00,M
OFK,2025-03-07 02:56,35.00,32.00,88.68,11.50,500.00,M
OFK,2025-03-07 03:03,35.00,32.00,88.68,11.50,500.00,M
OFK,2025-03-07 03:20,35.00,32.00,88.68,10.35,400.00,M
OFK,2025-03-07 03:56,35.00,32.00,88.68,11.50,400.00,M
OFK,2025-03-07 04:45,35.00,32.00,88.68,11.50,500.00,M
OFK,2025-03-07 04:56,35.00,32.00,88.68,12.65,500.00,M
OFK,2025-03-07 05:06,36.00,32.00,85.23,11.50,500.00,M
OFK,2025-03-07 05:28,36.00,32.00,85.23,12.65,600.00,M
OFK,2025-03-07 05:51,35.60,32.00,86.59,11.50,600.00,M
OFK,2025-03-07 05:56,36.00,32.00,85.23,11.50,600.00,M
OFK,2025-03-07 06:06,36.00,32.00,85.23,9.20,600.00,M
OFK,2025-03-07 06:23,35.00,32.00,88.68,9.20,600.00,M
OFK,2025-03-07 06:39,35.00,32.00,88.68,10.35,600.00,M
OFK,2025-03-07 06:56,35.00,32.00,88.68,11.50,600.00,M
OFK,2025-03-07 07:56,35.00,32.00,88.68,11.50,600.00,M
OFK,2025-03-07 08:56,35.00,32.00,88.68,17.25,500.00,M
OFK,2025-03-07 09:56,35.00,30.00,81.78,17.25,600.00,M
OFK,2025-03-07 10:56,35.00,30.00,81.78,19.55,900.00,31.05
OFK,2025-03-07 11:34,35.00,30.00,81.78,16.10,900.00,M
OFK,2025-03-07 11:49,36.00,29.00,75.46,19.55,800.00,M
OFK,2025-03-07 11:56,35.00,29.00,78.51,14.95,800.00,M
OFK,2025-03-07 12:56,35.00,29.00,78.51,17.25,700.00,M
OFK,2025-03-07 13:45,35.00,28.00,75.36,16.10,1000.00,M
OFK,2025-03-07 13:56,35.00,27.00,72.32,16.10,1200.00,M
OFK,2025-03-07 14:26,35.00,27.00,72.32,14.95,1500.00,M
OFK,2025-03-07 14:56,35.00,26.00,69.39,13.80,1800.00,M
OFK,2025-03-07 15:56,36.00,26.00,66.69,13.80,2200.00,M
OFK,2025-03-07 16:56,35.00,26.00,69.39,13.80,2200.00,M
OFK,2025-03-07 17:36,34.00,24.00,66.45,12.65,2300.00,M
OFK,2025-03-07 17:56,33.00,23.00,66.32,11.50,M,M
OFK,2025-03-07 18:56,31.00,22.00,68.92,6.90,M,M
OFK,2025-03-07 19:56,29.00,20.00,68.69,9.20,M,M
OFK,2025-03-07 20:56,26.00,18.00,71.33,6.90,M,M
OFK,2025-03-07 21:56,23.00,18.00,80.85,5.75,M,M
OFK,2025-03-07 22:56,23.00,17.00,77.44,8.05,M,M
OFK,2025-03-07 23:56,22.00,16.00,77.34,6.90,M,M
OFK,2025-03-08 00:56,21.00,15.00,77.25,9.20,M,M
OFK,2025-03-08 01:56,19.00,14.00,80.52,3.45,M,M
OFK,2025-03-08 02:56,18.00,13.00,80.44,5.75,M,M
OFK,2025-03-08 03:56,17.00,12.00,80.36,4.60,M,M
OFK,2025-03-08 04:56,17.00,11.00,76.87,4.60,M,M
OFK,2025-03-08 05:56,19.00,13.00,77.06,0.00,M,M
OFK,2025-03-08 06:56,13.00,7.00,76.48,0.00,M,M
OFK,2025-03-08 07:56,15.00,11.00,83.84,0.00,M,M
OFK,2025-03-08 08:56,25.00,17.00,71.22,4.60,M,M
OFK,2025-03-08 09:56,28.00,19.00,68.57,0.00,M,M
OFK,2025-03-08 10:56,34.00,22.00,61.09,5.75,M,M
OFK,2025-03-08 11:56,36.00,24.00,61.37,5.75,M,M
OFK,2025-03-08 12:56,39.00,26.00,59.27,9.20,M,M
OFK,2025-03-08 13:56,43.00,26.00,50.77,9.20,M,M
OFK,2025-03-08 14:56,44.00,29.00,55.29,10.35,M,M
OFK,2025-03-08 15:56,46.00,31.00,55.58,6.90,M,M
OFK,2025-03-08 16:56,46.00,31.00,55.58,5.75,M,M
OFK,2025-03-08 17:56,41.00,31.00,67.30,4.60,M,M
OFK,2025-03-08 18:56,34.00,28.00,78.43,6.90,M,M
OFK,2025-03-08 19:56,33.00,27.00,78.34,8.05,M,M
OFK,2025-03-08 20:56,31.00,25.00,78.16,3.45,M,M
OFK,2025-03-08 21:56,29.00,23.00,77.98,0.00,M,M
OFK,2025-03-08 22:56,31.00,23.00,71.89,3.45,M,M
OFK,2025-03-08 23:56,28.00,22.00,77.89,0.00,M,M
OFK,2025-03-09 00:56,31.00,22.00,68.92,0.00,M,M
OFK,2025-03-09 01:56,31.00,23.00,71.89,0.00,M,M
OFK,2025-03-09 03:56,27.00,19.00,71.45,0.00,M,M
OFK,2025-03-09 04:56,27.00,19.00,71.45,0.00,M,M
OFK,2025-03-09 05:56,28.00,21.00,74.67,0.00,M,M
OFK,2025-03-09 06:56,26.00,20.00,77.71,0.00,M,M
OFK,2025-03-09 07:56,26.00,20.00,77.71,0.00,M,M
OFK,2025-03-09 08:56,30.00,24.00,78.07,0.00,M,M
OFK,2025-03-09 09:56,36.00,26.00,66.69,4.60,M,M
OFK,2025-03-09 10:56,46.00,30.00,53.37,0.00,M,M
OFK,2025-03-09 11:56,49.00,31.00,49.65,6.90,M,M
OFK,2025-03-09 12:56,51.00,31.00,46.09,11.50,M,M
OFK,2025-03-09 13:56,55.00,35.00,46.73,11.50,M,M
OFK,2025-03-09 14:56,58.00,39.00,49.08,9.20,M,M
OFK,2025-03-09 15:25,64.00,38.00,38.15,10.35,M,M
OFK,2025-03-09 15:34,63.00,37.00,37.99,9.20,M,M
OFK,2025-03-09 15:56,65.00,35.00,32.72,10.35,M,M
OFK,2025-03-09 16:56,69.00,35.00,28.50,8.05,M,M
OFK,2025-03-09 17:56,68.00,31.00,25.12,11.50,M,M
OFK,2025-03-09 18:56,63.00,32.00,31.12,4.60,M,M
OFK,2025-03-09 19:56,52.00,32.00,46.25,4.60,M,M
OFK,2025-03-09 20:56,47.00,31.00,53.52,8.05,M,M
OFK,2025-03-09 21:56,43.00,32.00,64.88,0.00,M,M
OFK,2025-03-09 22:56,38.00,30.00,72.64,3.45,M,M
OFK,2025-03-10 00:56,37.00,27.00,66.82,3.45,M,M
OFK,2025-03-10 01:56,35.00,27.00,72.32,0.00,M,M
OFK,2025-03-10 02:56,35.00,28.00,75.36,0.00,M,M
OFK,2025-03-10 03:56,36.00,29.00,75.46,0.00,M,M
OFK,2025-03-10 04:56,37.00,28.00,69.63,0.00,M,M
OFK,2025-03-10 05:56,33.00,27.00,78.34,0.00,M,M
OFK,2025-03-10 06:56,32.00,25.00,75.07,0.00,M,M
OFK,2025-03-10 07:56,37.00,27.00,66.82,5.75,M,M
OFK,2025-03-10 08:56,43.00,29.00,57.44,5.75,M,M
OFK,2025-03-10 09:56,M,M,M,6.90,M,M
OFK,2025-03-10 10:56,M,M,M,13.80,M,M
OFK,2025-03-10 11:56,64.00,30.00,27.71,18.40,M,M
OFK,2025-03-10 12:56,67.00,29.00,23.97,19.55,M,31.05
OFK,2025-03-10 13:56,69.00,28.00,21.48,13.80,M,M
OFK,2025-03-10 14:56,74.00,28.00,18.12,14.95,M,M
OFK,2025-03-10 15:56,76.00,26.00,15.61,M,M,M
OFK,2025-03-10 16:56,77.00,26.00,15.10,M,M,M
OFK,2025-03-10 17:56,76.00,27.00,16.27,M,M,M
OFK,2025-03-10 18:56,70.00,29.00,21.62,M,M,M
OFK,2025-03-10 19:56,62.00,30.00,29.73,M,M,M
OFK,2025-03-10 20:56,57.00,29.00,34.12,M,M,M
OFK,2025-03-10 21:56,54.00,29.00,38.05,M,M,M
OFK,2025-03-10 22:56,47.00,30.00,51.39,M,M,M
OFK,2025-03-10 23:56,46.00,29.00,51.24,M,M,M
OFK,2025-03-11 00:56,47.00,30.00,51.39,10.35,M,M
OFK,2025-03-11 01:56,47.00,29.00,49.34,17.25,M,M
OFK,2025-03-11 02:56,43.00,30.00,59.83,10.35,M,M
OFK,2025-03-11 03:56,40.00,31.00,69.97,10.35,M,M
OFK,2025-03-11 04:56,37.00,31.00,78.69,10.35,M,M
OFK,2025-03-11 05:56,34.00,30.00,85.11,12.65,M,M
OFK,2025-03-11 06:56,30.00,28.00,92.15,14.95,M,M
OFK,2025-03-11 07:56,28.00,25.00,88.33,14.95,1000.00,M
OFK,2025-03-11 08:56,29.00,24.00,81.32,11.50,M,M
OFK,2025-03-11 09:56,31.00,24.00,74.97,12.65,M,M
OFK,2025-03-11 10:56,34.00,24.00,66.45,8.05,M,M
OFK,2025-03-11 11:56,38.00,24.00,56.71,10.35,M,M
OFK,2025-03-11 12:56,40.00,24.00,52.45,5.75,M,M
OFK,2025-03-11 13:56,44.00,25.00,46.88,4.60,M,M
OFK,2025-03-11 14:56,47.00,25.00,41.83,5.75,M,M
OFK,2025-03-11 15:56,48.00,25.00,40.29,5.75,M,M
OFK,2025-03-11 16:56,50.00,26.00,38.97,9.20,M,M
OFK,2025-03-11 17:56,50.00,26.00,38.97,9.20,M,M
OFK,2025-03-11 18:56,48.00,27.00,43.77,8.05,M,M
OFK,2025-03-11 19:56,40.00,27.00,59.41,5.75,M,M
OFK,2025-03-11 20:56,39.00,27.00,61.78,5.75,M,M
OFK,2025-03-11 21:56,34.00,28.00,78.43,0.00,M,M
OFK,2025-03-11 22:56,35.00,28.00,75.36,4.60,M,M
OFK,2025-03-11 23:56,32.00,28.00,84.98,4.60,M,M
OFK,2025-03-12 00:56,30.00,27.00,88.44,3.45,M,M
OFK,2025-03-12 01:56,28.00,25.00,88.33,0.00,M,M
OFK,2025-03-12 02:56,28.00,26.00,92.08,3.45,M,M
OFK,2025-03-12 03:56,28.00,26.00,92.08,4.60,M,M
OFK,2025-03-12 04:56,29.00,27.00,92.12,0.00,M,M
OFK,2025-03-12 05:56,28.00,27.00,95.97,0.00,M,M
OFK,2025-03-12 06:56,26.00,25.00,95.93,0.00,M,M
OFK,2025-03-12 07:56,27.00,25.00,92.05,0.00,M,M
OFK,2025-03-12 08:56,32.00,30.00,92.22,0.00,M,M
OFK,2025-03-12 09:56,42.00,35.00,76.03,0.00,M,M
OFK,2025-03-12 10:56,50.00,34.00,53.97,8.05,M,M
OFK,2025-03-12 11:56,57.00,35.00,43.46,5.75,M,M
OFK,2025-03-12 12:56,62.00,35.00,36.35,3.45,M,M
OFK,2025-03-12 13:56,66.00,33.00,29.18,10.35,M,M
OFK,2025-03-12 14:56,69.00,31.00,24.27,11.50,M,M
OFK,2025-03-12 15:56,70.00,33.00,25.42,11.50,M,M
OFK,2025-03-12 16:56,72.00,33.00,23.75,6.90,M,M
OFK,2025-03-12 17:56,69.00,35.00,28.50,12.65,M,M
OFK,2025-03-12 18:56,66.00,35.00,31.60,10.35,M,M
OFK,2025-03-12 19:56,59.00,36.00,42.08,9.20,M,M
OFK,2025-03-12 20:56,55.00,36.00,48.62,4.60,M,M
OFK,2025-03-12 21:56,51.00,35.00,54.12,4.60,M,M
OFK,2025-03-12 22:56,45.00,35.00,67.78,4.60,M,M
OFK,2025-03-12 23:56,45.00,37.00,73.37,6.90,M,M
OFK,2025-03-13 00:56,44.00,37.00,76.22,4.60,M,M
OFK,2025-03-13 01:56,40.00,35.00,82.15,3.45,M,M
OFK,2025-03-13 02:56,38.00,35.00,88.83,5.75,M,M
OFK,2025-03-13 03:56,37.00,35.00,92.39,4.60,M,M
OFK,2025-03-13 04:56,35.00,34.00,96.09,4.60,M,M
OFK,2025-03-13 05:56,35.00,33.00,92.32,4.60,M,M
OFK,2025-03-13 06:56,34.00,32.00,92.29,5.75,M,M
OFK,2025-03-13 07:56,30.00,29.00,96.00,3.45,M,M
OFK,2025-03-13 08:56,39.00,34.00,82.08,0.00,M,M
OFK,2025-03-13 09:56,53.00,38.00,56.59,4.60,M,M
OFK,2025-03-13 10:56,62.00,34.00,34.93,11.50,M,M
OFK,2025-03-13 11:56,69.00,32.00,25.27,14.95,M,M
OFK,2025-03-13 12:56,72.00,33.00,23.75,16.10,M,M
OFK,2025-03-13 13:56,75.00,31.00,19.81,17.25,M,29.90
OFK,2025-03-13 14:56,78.00,30.00,17.22,20.70,M,29.90
OFK,2025-03-13 15:56,78.00,29.00,16.53,20.70,M,32.20
OFK,2025-03-13 16:56,77.00,27.00,15.74,20.70,M,34.50
OFK,2025-03-13 17:56,75.00,28.00,17.53,17.25,M,32.20
OFK,2025-03-13 18:56,71.00,30.00,21.77,13.80,M,M
OFK,2025-03-13 19:56,63.00,31.00,29.89,8.05,M,M
OFK,2025-03-13 20:56,61.00,34.00,36.19,10.35,M,M
OFK,2025-03-13 21:56,60.00,36.00,40.61,10.35,M,M
OFK,2025-03-13 22:56,57.00,36.00,45.22,10.35,M,M
OFK,2025-03-13 23:56,57.00,37.00,47.04,12.65,M,M
OFK,2025-03-14 00:56,59.00,37.00,43.78,14.95,M,M
OFK,2025-03-14 01:56,56.00,37.00,48.77,14.95,M,M
OFK,2025-03-14 02:56,55.00,37.00,50.58,11.50,M,M
OFK,2025-03-14 03:56,52.00,37.00,56.45,11.50,M,M
OFK,2025-03-14 04:56,48.00,36.00,62.97,10.35,M,M
OFK,2025-03-14 05:56,51.00,36.00,56.31,12.65,M,M
OFK,2025-03-14 06:56,51.00,35.00,54.12,11.50,M,M
OFK,2025-03-14 07:56,51.00,35.00,54.12,13.80,M,M
OFK,2025-03-14 08:56,53.00,35.00,50.27,17.25,M,M
OFK,2025-03-14 09:56,58.00,34.00,40.28,18.40,M,31.05
OFK,2025-03-14 10:56,62.00,34.00,34.93,19.55,M,34.50
OFK,2025-03-14 11:56,65.00,33.00,30.21,20.70,M,31.05
OFK,2025-03-14 12:56,70.00,32.00,24.42,19.55,M,35.65
OFK,2025-03-14 13:56,72.00,31.00,21.91,18.40,M,29.90
OFK,2025-03-14 14:56,76.00,31.00,19.16,21.85,3800.00,29.90
OFK,2025-03-14 15:56,74.00,33.00,22.20,23.00,M,34.50
OFK,2025-03-14 16:56,70.00,41.00,34.85,13.80,M,39.10
OFK,2025-03-14 17:56,70.00,42.00,36.22,11.50,M,M
OFK,2025-03-14 18:06,69.00,42.00,37.48,13.80,M,M
OFK,2025-03-14 18:26,53.00,42.00,66.12,33.35,6500.00,49.45
OFK,2025-03-14 18:32,52.00,42.00,68.59,36.80,5500.00,58.65
OFK,2025-03-14 18:56,52.00,43.00,71.28,24.15,7500.00,58.65
OFK,2025-03-14 19:56,53.00,41.00,63.61,11.50,6000.00,35.65
OFK,2025-03-14 20:10,51.00,43.00,73.97,17.25,5500.00,M
OFK,2025-03-14 20:56,49.00,44.00,82.79,18.40,6500.00,M
OFK,2025-03-14 21:56,43.00,40.00,89.06,26.45,5500.00,46.00
OFK,2025-03-14 22:56,40.00,36.00,85.48,31.05,5000.00,51.75
OFK,2025-03-14 23:29,38.00,35.00,88.83,26.45,1400.00,48.30
OFK,2025-03-14 23:39,38.00,34.00,85.35,33.35,1600.00,50.60
OFK,2025-03-14 23:56,38.00,34.00,85.35,29.90,1600.00,54.05
OFK,2025-03-15 00:49,37.00,34.00,88.78,24.15,1400.00,51.75
OFK,2025-03-15 00:56,37.00,34.00,88.78,27.60,1400.00,51.75
OFK,2025-03-15 01:56,36.00,33.00,88.73,23.00,1300.00,49.45
OFK,2025-03-15 02:48,35.00,31.00,85.17,24.15,1500.00,48.30
OFK,2025-03-15 02:56,34.00,31.00,88.63,27.60,1400.00,48.30
OFK,2025-03-15 03:31,34.00,31.00,88.63,24.15,1500.00,43.70
OFK,2025-03-15 03:53,33.80,30.20,86.49,25.30,1300.00,43.70
OFK,2025-03-15 03:56,34.00,31.00,88.63,24.15,1300.00,43.70
OFK,2025-03-15 04:33,33.00,29.00,85.04,31.05,1500.00,47.15
OFK,2025-03-15 04:56,32.00,28.00,84.98,28.75,1500.00,51.75
OFK,2025-03-15 05:56,32.00,28.00,84.98,23.00,1700.00,48.30
OFK,2025-03-15 06:10,31.00,28.00,88.48,31.05,1400.00,47.15
OFK,2025-03-15 06:19,31.00,27.00,84.92,28.75,1600.00,48.30
OFK,2025-03-15 06:42,31.00,28.00,88.48,23.00,1600.00,54.05
OFK,2025-03-15 06:56,31.00,27.00,84.92,24.15,1600.00,54.05
OFK,2025-03-15 07:09,30.00,28.00,92.15,23.00,1600.00,40.25
OFK,2025-03-15 07:56,31.00,27.00,84.92,26.45,1600.00,49.45
OFK,2025-03-15 08:56,30.00,24.00,78.07,31.05,2000.00,42.55
OFK,2025-03-15 09:03,30.00,24.00,78.07,18.40,2000.00,39.10
OFK,2025-03-15 09:23,29.00,22.00,74.77,27.60,2200.00,39.10
OFK,2025-03-15 09:53,28.40,21.20,74.08,28.75,2200.00,46.00
OFK,2025-03-15 09:56,29.00,21.00,71.67,28.75,2200.00,46.00
OFK,2025-03-15 10:56,30.00,21.00,68.81,25.30,M,49.45
OFK,2025-03-15 11:56,33.00,20.00,58.41,24.15,11000.00,42.55
OFK,2025-03-15 12:56,34.00,18.00,51.52,26.45,M,37.95
OFK,2025-03-15 13:56,35.00,19.00,51.67,31.05,M,42.55
OFK,2025-03-15 14:56,35.00,20.00,53.93,26.45,M,41.40
OFK,2025-03-15 15:56,39.00,20.00,46.06,25.30,M,41.40
OFK,2025-03-15 16:56,37.00,19.00,47.74,23.00,M,37.95
OFK,2025-03-15 17:56,37.00,19.00,47.74,19.55,M,M
OFK,2025-03-15 18:56,36.00,19.00,49.66,18.40,M,M
OFK,2025-03-15 19:56,35.00,19.00,51.67,13.80,M,M
OFK,2025-03-15 20:56,34.00,20.00,56.12,12.65,M,M
OFK,2025-03-15 21:56,33.00,20.00,58.41,12.65,M,M
OFK,2025-03-15 22:56,31.00,19.00,60.67,10.35,M,M
OFK,2025-03-15 23:56,30.00,19.00,63.18,8.05,M,M
OFK,2025-03-16 00:56,28.00,19.00,68.57,9.20,M,M
OFK,2025-03-16 01:56,27.00,19.00,71.45,8.05,M,M
OFK,2025-03-16 02:56,27.00,18.00,68.45,9.20,M,M
OFK,2025-03-16 03:56,25.00,17.00,71.22,6.90,M,M
OFK,2025-03-16 04:56,24.00,17.00,74.26,6.90,M,M
OFK,2025-03-16 05:56,23.00,18.00,80.85,8.05,M,M
OFK,2025-03-16 06:56,22.00,17.00,80.77,6.90,M,M
OFK,2025-03-16 07:56,22.00,17.00,80.77,8.05,M,M
OFK,2025-03-16 08:56,26.00,18.00,71.33,4.60,M,M
OFK,2025-03-16 09:56,29.00,15.00,55.36,4.60,9000.00,M
OFK,2025-03-16 10:56,32.00,14.00,46.92,0.00,M,M
OFK,2025-03-16 11:56,37.00,14.00,38.44,3.45,M,M
OFK,2025-03-16 12:56,42.00,14.00,31.64,4.60,M,M
OFK,2025-03-16 13:56,46.00,13.00,25.99,6.90,M,M
OFK,2025-03-16 14:56,50.00,12.00,21.40,13.80,M,M
OFK,2025-03-16 15:56,52.00,12.00,19.87,16.10,M,M
OFK,2025-03-16 16:56,53.00,11.00,18.32,18.40,M,M
OFK,2025-03-16 17:56,55.00,11.00,17.03,17.25,M,M
OFK,2025-03-16 18:56,53.00,14.00,20.92,11.50,M,M
OFK,2025-03-16 19:56,48.00,17.00,28.69,11.50,M,M
OFK,2025-03-16 20:56,46.00,18.00,32.30,17.25,M,M
OFK,2025-03-16 21:56,46.00,19.00,33.72,16.10,M,M
OFK,2025-03-16 22:56,46.00,19.00,33.72,18.40,M,M
OFK,2025-03-16 23:56,45.00,19.00,35.02,20.70,M,33.35
OFK,2025-03-17 00:56,44.00,20.00,37.97,18.40,11000.00,32.20
OFK,2025-03-17 01:56,42.00,20.00,41.00,20.70,M,32.20
OFK,2025-03-17 02:56,40.00,21.00,46.23,21.85,M,31.05
OFK,2025-03-17 03:56,40.00,21.00,46.23,21.85,M,29.90
OFK,2025-03-17 04:56,40.00,20.00,44.30,19.55,M,35.65
OFK,2025-03-17 05:56,39.00,20.00,46.06,8.05,M,M
OFK,2025-03-17 06:56,38.00,19.00,45.90,5.75,M,M
OFK,2025-03-17 07:56,40.00,19.00,42.45,10.35,M,M
OFK,2025-03-17 08:56,44.00,21.00,39.62,12.65,M,M
OFK,2025-03-17 09:56,53.00,22.00,29.51,9.20,M,M
OFK,2025-03-17 10:56,64.00,23.00,20.75,13.80,M,M
OFK,2025-03-17 11:56,73.00,24.00,15.88,16.10,M,M
OFK,2025-03-17 12:56,76.00,22.00,13.20,24.15,M,34.50
OFK,2025-03-17 13:56,78.00,23.00,12.89,M,M,M
OFK,2025-03-17 14:56,77.00,22.00,12.77,M,M,M
OFK,2025-03-17 15:56,78.00,23.00,12.89,M,M,M
OFK,2025-03-17 16:56,76.00,23.00,13.77,M,M,M
OFK,2025-03-17 17:56,75.00,22.00,13.65,M,M,M
OFK,2025-03-17 18:56,69.00,28.00,21.48,M,M,M
OFK,2025-03-17 19:56,65.00,29.00,25.69,6.90,M,M
OFK,2025-03-17 20:56,62.00,29.00,28.54,6.90,M,M
OFK,2025-03-17 21:56,59.00,30.00,33.08,8.05,M,M
OFK,2025-03-17 22:56,55.00,30.00,38.21,6.90,M,M
OFK,2025-03-17 23:56,50.00,30.00,45.93,4.60,M,M
OFK,2025-03-18 00:56,51.00,31.00,46.09,10.35,M,M
OFK,2025-03-18 01:56,49.00,33.00,53.82,14.95,M,M
OFK,2025-03-18 02:56,48.00,33.00,55.87,16.10,M,29.90
OFK,2025-03-18 03:56,46.00,33.00,60.25,13.80,M,29.90
OFK,2025-03-18 04:56,44.00,31.00,59.97,14.95,M,29.90
OFK,2025-03-18 05:56,43.00,31.00,62.31,16.10,M,M
OFK,2025-03-18 06:56,41.00,31.00,67.30,14.95,M,29.90
OFK,2025-03-18 07:56,40.00,31.00,69.97,16.10,M,M
OFK,2025-03-18 08:56,42.00,31.00,64.75,12.65,M,M
OFK,2025-03-18 09:56,46.00,30.00,53.37,18.40,M,M
OFK,2025-03-18 10:56,50.00,30.00,45.93,19.55,M,34.50
OFK,2025-03-18 11:56,53.00,30.00,41.11,18.40,M,M
OFK,2025-03-18 12:56,56.00,30.00,36.85,18.40,M,32.20
OFK,2025-03-18 13:56,58.00,31.00,35.70,16.10,M,M
OFK,2025-03-18 14:56,61.00,30.00,30.80,21.85,M,29.90
OFK,2025-03-18 15:56,63.00,31.00,29.89,17.25,M,M
OFK,2025-03-18 16:56,62.00,32.00,32.24,18.40,M,29.90
OFK,2025-03-18 17:56,61.00,30.00,30.80,19.55,M,33.35
OFK,2025-03-18 18:56,57.00,28.00,32.75,23.00,M,32.20
OFK,2025-03-18 19:56,49.00,34.00,56.02,24.15,M,40.25
OFK,2025-03-18 20:56,46.00,33.00,60.25,26.45,M,41.40
OFK,2025-03-18 21:56,44.00,32.00,62.44,26.45,M,41.40
OFK,2025-03-18 22:56,40.00,31.00,69.97,32.20,5000.00,42.55
OFK,2025-03-18 23:56,38.00,29.00,69.74,26.45,6000.00,42.55
OFK,2025-03-19 00:56,37.00,29.00,72.54,26.45,5000.00,43.70
OFK,2025-03-19 01:56,36.00,29.00,75.46,27.60,6000.00,47.15
OFK,2025-03-19 02:56,37.00,29.00,72.54,25.30,4000.00,43.70
OFK,2025-03-19 03:19,36.00,29.00,75.46,24.15,2600.00,36.80
OFK,2025-03-19 03:32,35.00,29.00,78.51,27.60,1600.00,41.40
OFK,2025-03-19 03:41,34.00,30.00,85.11,31.05,1400.00,43.70
OFK,2025-03-19 03:56,34.00,31.00,88.63,24.15,1200.00,46.00
OFK,2025-03-19 04:16,33.00,32.00,96.06,23.00,900.00,37.95
OFK,2025-03-19 04:30,33.00,32.00,96.06,27.60,600.00,37.95
OFK,2025-03-19 04:56,33.00,32.00,96.06,33.35,500.00,44.85
OFK,2025-03-19 05:14,33.00,32.00,96.06,33.35,600.00,50.60
OFK,2025-03-19 05:47,33.00,31.00,92.25,34.50,600.00,50.60
OFK,2025-03-19 05:56,33.00,31.00,92.25,32.20,800.00,51.75
OFK,2025-03-19 06:06,33.00,31.00,92.25,37.95,1100.00,52.90
OFK,2025-03-19 06:11,33.00,31.00,92.25,39.10,1100.00,52.90
OFK,2025-03-19 06:25,33.00,30.00,88.58,33.35,1200.00,52.90
OFK,2025-03-19 06:56,33.00,30.00,88.58,34.50,2000.00,52.90
OFK,2025-03-19 07:15,33.00,30.00,88.58,28.75,2000.00,43.70
OFK,2025-03-19 07:38,32.00,31.00,96.04,29.90,1300.00,44.85
OFK,2025-03-19 07:44,32.00,31.00,96.04,27.60,1300.00,44.85
OFK,2025-03-19 07:56,32.00,31.00,96.04,28.75,1200.00,44.85
OFK,2025-03-19 08:08,32.00,30.00,92.22,27.60,1200.00,47.15
OFK,2025-03-19 08:20,32.00,30.00,92.22,28.75,1200.00,47.15
OFK,2025-03-19 08:56,32.00,29.00,88.53,31.05,1900.00,47.15
OFK,2025-03-19 09:29,32.00,28.00,84.98,27.60,1800.00,42.55
OFK,2025-03-19 09:47,31.00,27.00,84.92,26.45,2600.00,48.30
OFK,2025-03-19 09:56,31.00,27.00,84.92,28.75,2500.00,48.30
OFK,2025-03-19 10:56,29.00,25.00,84.79,31.05,9000.00,44.85
OFK,2025-03-19 11:56,29.00,24.00,81.32,32.20,2000.00,49.45
OFK,2025-03-19 12:56,30.00,24.00,78.07,35.65,10000.00,48.30
OFK,2025-03-19 13:56,31.00,25.00,78.16,31.05,2300.00,51.75
OFK,2025-03-19 14:56,32.00,25.00,75.07,27.60,M,51.75
OFK,2025-03-19 15:56,32.00,24.00,72.00,29.90,M,48.30
OFK,2025-03-19 16:56,34.00,24.00,66.45,27.60,M,39.10
OFK,2025-03-19 17:56,34.00,24.00,66.45,25.30,M,43.70
OFK,2025-03-19 18:56,34.00,23.00,63.72,21.85,M,35.65
OFK,2025-03-19 19:56,34.00,22.00,61.09,17.25,M,34.50
OFK,2025-03-19 20:56,33.00,21.00,60.95,16.10,M,M
OFK,2025-03-19 21:56,32.00,19.00,58.27,13.80,M,M
OFK,2025-03-19 22:56,30.00,18.00,60.53,9.20,M,M
OFK,2025-03-19 23:56,27.00,18.00,68.45,10.35,M,M
OFK,2025-03-20 00:56,26.00,16.00,65.43,10.35,M,M
OFK,2025-03-20 01:56,27.00,16.00,62.78,10.35,M,M
OFK,2025-03-20 02:56,24.00,16.00,71.11,5.75,M,M
OFK,2025-03-20 03:56,24.00,14.00,65.17,4.60,M,M
OFK,2025-03-20 04:56,22.00,15.00,74.05,8.05,M,M
OFK,2025-03-20 05:56,22.00,15.00,74.05,10.35,M,M
OFK,2025-03-20 06:56,22.00,14.00,70.88,8.05,M,M
OFK,2025-03-20 07:56,22.00,14.00,70.88,8.05,M,M
OFK,2025-03-20 08:56,24.00,17.00,74.26,4.60,M,M
OFK,2025-03-20 09:56,31.00,20.00,63.32,0.00,M,M
OFK,2025-03-20 10:56,36.00,23.00,58.85,4.60,M,M
OFK,2025-03-20 11:56,39.00,26.00,59.27,10.35,M,M
OFK,2025-03-20 12:56,42.00,28.00,57.30,13.80,M,M
OFK,2025-03-20 13:56,45.00,26.00,47.04,19.55,M,M
OFK,2025-03-20 14:56,46.00,25.00,43.44,23.00,M,33.35
OFK,2025-03-20 15:56,47.00,29.00,49.34,20.70,M,36.80
OFK,2025-03-20 16:56,47.00,30.00,51.39,26.45,M,34.50
OFK,2025-03-20 17:56,47.00,32.00,55.73,25.30,M,36.80
OFK,2025-03-20 18:56,44.00,32.00,62.44,18.40,M,32.20
OFK,2025-03-20 19:56,42.00,32.00,67.42,23.00,M,29.90
OFK,2025-03-20 20:56,43.00,33.00,67.54,23.00,M,32.20
OFK,2025-03-20 21:56,44.00,33.00,65.01,24.15,M,36.80
OFK,2025-03-20 22:56,45.00,31.00,57.73,26.45,M,36.80
OFK,2025-03-20 23:56,45.00,30.00,55.43,23.00,M,35.65
OFK,2025-03-21 00:56,47.00,29.00,49.34,21.85,M,33.35
OFK,2025-03-21 01:56,45.00,29.00,53.22,19.55,12000.00,31.05
OFK,2025-03-21 02:56,43.00,30.00,59.83,18.40,M,29.90
OFK,2025-03-21 03:56,40.00,29.00,64.50,12.65,M,M
OFK,2025-03-21 04:56,41.00,28.00,59.55,16.10,M,M
OFK,2025-03-21 05:56,40.00,26.00,57.01,5.75,M,M
OFK,2025-03-21 06:56,39.00,24.00,54.54,4.60,M,M
OFK,2025-03-21 07:56,40.00,25.00,54.69,8.05,M,M
OFK,2025-03-21 08:56,46.00,29.00,51.24,18.40,M,M
OFK,2025-03-21 09:56,48.00,32.00,53.67,18.40,M,32.20
OFK,2025-03-21 10:56,52.00,34.00,50.12,20.70,M,39.10
OFK,2025-03-21 11:56,53.00,31.00,42.81,29.90,6000.00,39.10
OFK,2025-03-21 12:56,53.00,33.00,46.41,28.75,4700.00,46.00
OFK,2025-03-21 13:56,51.00,31.00,46.09,27.60,4100.00,42.55
OFK,2025-03-21 14:56,48.00,33.00,55.87,23.00,4800.00,41.40
OFK,2025-03-21 15:56,52.00,30.00,42.65,25.30,5000.00,37.95
OFK,2025-03-21 16:56,53.00,31.00,42.81,18.40,8000.00,36.80
OFK,2025-03-21 17:56,52.00,35.00,52.15,17.25,6000.00,35.65
OFK,2025-03-21 18:56,52.00,27.00,37.72,21.85,8000.00,34.50
OFK,2025-03-21 19:56,46.00,28.00,49.18,10.35,M,M
OFK,2025-03-21 20:56,41.00,28.00,59.55,5.75,M,M
OFK,2025-03-21 21:56,39.00,27.00,61.78,0.00,M,M
OFK,2025-03-21 22:56,38.00,25.00,59.13,0.00,M,M
OFK,2025-03-21 23:56,30.00,25.00,81.40,6.90,M,M
OFK,2025-03-22 00:56,29.00,25.00,84.79,0.00,M,M
OFK,2025-03-22 01:56,29.00,24.00,81.32,0.00,M,M
OFK,2025-03-22 02:56,28.00,24.00,84.72,0.00,M,M
OFK,2025-03-22 03:56,29.00,24.00,81.32,0.00,M,M
OFK,2025-03-22 04:56,26.00,23.00,88.23,3.45,M,M
OFK,2025-03-22 05:56,24.00,22.00,91.94,3.45,M,M
OFK,2025-03-22 06:56,23.00,22.00,95.88,3.45,M,M
OFK,2025-03-22 07:56,24.00,21.00,88.13,0.00,M,M
OFK,2025-03-22 08:56,33.00,28.00,81.63,3.45,M,M
OFK,2025-03-22 09:56,43.00,28.00,55.14,9.20,M,M
OFK,2025-03-22 10:56,51.00,27.00,39.14,9.20,M,M
OFK,2025-03-22 11:56,58.00,26.00,29.09,12.65,12000.00,M
OFK,2025-03-22 12:56,59.00,23.00,24.76,18.40,12000.00,M
OFK,2025-03-22 13:56,58.00,27.00,30.32,17.25,11000.00,M
OFK,2025-03-22 14:56,56.00,29.00,35.38,20.70,11000.00,31.05
OFK,2025-03-22 15:56,58.00,29.00,32.91,18.40,12000.00,32.20
OFK,2025-03-22 16:56,64.00,27.00,24.51,18.40,M,40.25
OFK,2025-03-22 17:56,64.00,23.00,20.75,24.15,11000.00,48.30
OFK,2025-03-22 18:56,63.00,23.00,21.49,23.00,M,41.40
OFK,2025-03-22 19:56,60.00,25.00,25.98,24.15,11000.00,36.80
OFK,2025-03-22 20:56,58.00,26.00,29.09,21.85,12000.00,37.95
OFK,2025-03-22 21:56,56.00,27.00,32.59,17.25,6500.00,36.80
OFK,2025-03-22 22:56,53.00,27.00,36.36,17.25,M,39.10
OFK,2025-03-22 23:56,53.00,28.00,37.88,19.55,12000.00,M
OFK,2025-03-23 00:56,51.00,27.00,39.14,16.10,11000.00,M
OFK,2025-03-23 01:56,50.00,28.00,42.33,13.80,12000.00,M
OFK,2025-03-23 02:56,49.00,29.00,45.77,9.20,10000.00,M
OFK,2025-03-23 03:56,49.00,34.00,56.02,19.55,9000.00,33.35
OFK,2025-03-23 04:56,47.00,37.00,68.02,23.00,5000.00,33.35
OFK,2025-03-23 05:56,44.00,39.00,82.44,21.85,3000.00,37.95
OFK,2025-03-23 06:19,44.00,38.00,79.27,19.55,2900.00,M
OFK,2025-03-23 06:38,44.00,38.00,79.27,17.25,2400.00,34.50
OFK,2025-03-23 06:48,44.00,39.00,82.44,16.10,2300.00,34.50
OFK,2025-03-23 06:56,44.00,38.00,79.27,18.40,2300.00,34.50
OFK,2025-03-23 07:07,44.00,38.00,79.27,14.95,2300.00,M
OFK,2025-03-23 07:37,43.00,35.00,73.16,19.55,2600.00,33.35
OFK,2025-03-23 07:56,42.00,36.00,79.11,18.40,2500.00,33.35
OFK,2025-03-23 08:54,42.80,35.60,75.50,19.55,3100.00,41.40
OFK,2025-03-23 08:56,42.00,35.00,76.03,20.70,3100.00,41.40
OFK,2025-03-23 09:56,45.00,34.00,65.13,26.45,3000.00,47.15
OFK,2025-03-23 10:24,44.00,32.00,62.44,28.75,2800.00,42.55
OFK,2025-03-23 10:36,46.00,31.00,55.58,28.75,2700.00,42.55
OFK,2025-03-23 10:56,46.00,30.00,53.37,29.90,3200.00,43.70
OFK,2025-03-23 11:56,48.00,28.00,45.61,25.30,M,44.85
OFK,2025-03-23 12:56,50.00,23.00,34.39,29.90,M,43.70
OFK,2025-03-23 13:56,52.00,23.00,31.93,27.60,M,47.15
OFK,2025-03-23 14:56,54.00,23.00,29.67,28.75,7000.00,42.55
OFK,2025-03-23 15:56,53.00,24.00,32.10,21.85,6500.00,39.10
OFK,2025-03-23 16:56,52.00,27.00,37.72,18.40,5500.00,39.10
OFK,2025-03-23 17:56,55.00,22.00,27.43,24.15,7000.00,39.10
OFK,2025-03-23 18:56,46.00,29.00,51.24,13.80,4800.00,48.30
OFK,2025-03-23 19:56,44.00,28.00,53.07,12.65,M,M
OFK,2025-03-23 20:56,41.00,27.00,57.15,8.05,M,M
OFK,2025-03-23 21:56,39.00,28.00,64.37,8.05,M,M
OFK,2025-03-23 22:56,35.00,27.00,72.32,6.90,M,M
OFK,2025-03-23 23:56,35.00,24.00,63.85,4.60,11000.00,M
OFK,2025-03-24 00:56,32.00,26.00,78.25,3.45,11000.00,M
OFK,2025-03-24 01:56,32.00,26.00,78.25,0.00,11000.00,M
OFK,2025-03-24 02:56,29.00,26.00,88.38,0.00,10000.00,M
OFK,2025-03-24 03:56,29.00,24.00,81.32,6.90,M,M
OFK,2025-03-24 04:56,30.00,25.00,81.40,0.00,10000.00,M
OFK,2025-03-24 05:56,29.00,26.00,88.38,0.00,M,M
OFK,2025-03-24 06:56,32.00,27.00,81.55,4.60,10000.00,M
OFK,2025-03-24 07:56,33.00,28.00,81.63,0.00,10000.00,M
OFK,2025-03-24 08:56,37.00,29.00,72.54,6.90,7000.00,M
OFK,2025-03-24 09:56,41.00,29.00,62.04,0.00,6500.00,M
OFK,2025-03-24 10:56,46.00,28.00,49.18,3.45,6500.00,M
OFK,2025-03-24 11:56,50.00,29.00,44.10,3.45,8000.00,M
OFK,2025-03-24 12:56,54.00,26.00,33.63,11.50,M,M
OFK,2025-03-24 13:56,59.00,26.00,28.07,12.65,M,M
OFK,2025-03-24 14:56,61.00,24.00,24.05,19.55,8000.00,29.90
OFK,2025-03-24 15:56,62.00,26.00,25.23,13.80,7500.00,M
OFK,2025-03-24 16:56,62.00,30.00,29.73,21.85,8000.00,31.05
OFK,2025-03-24 17:56,61.00,31.00,32.08,23.00,8000.00,33.35
OFK,2025-03-24 18:56,59.00,32.00,35.87,16.10,7000.00,31.05
OFK,2025-03-24 19:56,54.00,33.00,44.74,10.35,M,M
OFK,2025-03-24 20:56,49.00,33.00,53.82,6.90,M,M
OFK,2025-03-24 21:56,46.00,34.00,62.71,0.00,M,M
OFK,2025-03-24 22:56,41.00,34.00,75.94,3.45,M,M
OFK,2025-03-24 23:56,39.00,32.00,75.75,4.60,M,M
OFK,2025-03-25 00:56,42.00,34.00,73.06,8.05,M,M
OFK,2025-03-25 01:56,43.00,34.00,70.30,8.05,M,M
OFK,2025-03-25 02:08,43.00,34.00,70.30,8.05,M,M
OFK,2025-03-25 02:56,42.00,34.00,73.06,8.05,M,M
OFK,2025-03-25 03:56,42.00,34.00,73.06,9.20,M,M
OFK,2025-03-25 04:56,40.00,33.00,75.84,8.05,M,M
OFK,2025-03-25 05:56,39.00,33.00,78.86,4.60,M,M
OFK,2025-03-25 06:56,38.00,34.00,85.35,5.75,8500.00,M
OFK,2025-03-25 07:56,40.00,34.00,78.94,6.90,8500.00,M
OFK,2025-03-25 08:56,41.00,36.00,82.22,4.60,8000.00,M
OFK,2025-03-25 09:56,44.00,38.00,79.27,5.75,9000.00,M
OFK,2025-03-25 10:56,48.00,37.00,65.51,M,9000.00,M
OFK,2025-03-25 11:56,50.00,37.00,60.79,5.75,5500.00,M
OFK,2025-03-25 12:56,52.00,36.00,54.26,6.90,9500.00,M
OFK,2025-03-25 13:56,55.00,37.00,50.58,5.75,9000.00,M
OFK,2025-03-25 14:56,59.00,32.00,35.87,13.80,10000.00,M
OFK,2025-03-25 15:56,61.00,32.00,33.40,17.25,10000.00,M
OFK,2025-03-25 16:56,63.00,30.00,28.70,20.70,M,31.05
OFK,2025-03-25 17:56,61.00,29.00,29.57,16.10,10000.00,31.05
OFK,2025-03-25 18:56,60.00,23.00,23.90,17.25,10000.00,M
OFK,2025-03-25 19:56,56.00,24.00,28.77,11.50,M,M
OFK,2025-03-25 20:56,51.00,22.00,31.77,11.50,M,M
OFK,2025-03-25 21:56,48.00,19.00,31.27,9.20,M,M
OFK,2025-03-25 22:56,46.00,18.00,32.30,5.75,M,M
OFK,2025-03-25 23:56,41.00,21.00,44.47,5.75,M,M
OFK,2025-03-26 00:56,36.00,22.00,56.42,3.45,M,M
OFK,2025-03-26 01:56,34.00,23.00,63.72,3.45,M,M
OFK,2025-03-26 02:56,30.00,23.00,74.87,0.00,M,M
OFK,2025-03-26 03:56,30.00,22.00,71.78,0.00,M,M
OFK,2025-03-26 04:42,30.00,22.00,71.78,0.00,M,M
OFK,2025-03-26 04:51,28.40,21.20,74.08,3.45,M,M
OFK,2025-03-26 04:56,30.00,22.00,71.78,3.45,M,M
OFK,2025-03-26 05:56,29.00,23.00,77.98,0.00,M,M
OFK,2025-03-26 06:56,31.00,24.00,74.97,0.00,M,M
OFK,2025-03-26 07:56,32.00,27.00,81.55,0.00,M,M
OFK,2025-03-26 08:56,37.00,29.00,72.54,0.00,M,M
OFK,2025-03-26 09:56,49.00,30.00,47.68,M,M,M
OFK,2025-03-26 10:56,56.00,25.00,30.00,8.05,M,M
OFK,2025-03-26 11:56,61.00,23.00,23.06,11.50,M,M
OFK,2025-03-26 12:56,58.00,24.00,26.77,14.95,M,M
OFK,2025-03-26 13:56,62.00,24.00,23.21,14.95,M,M
OFK,2025-03-26 14:56,64.00,26.00,23.51,16.10,M,29.90
OFK,2025-03-26 15:56,66.00,27.00,22.86,18.40,11000.00,M
OFK,2025-03-26 16:56,69.00,27.00,20.61,18.40,11000.00,M
OFK,2025-03-26 17:56,67.00,28.00,23.01,19.55,11000.00,29.90
OFK,2025-03-26 18:56,65.00,29.00,25.69,10.35,11000.00,M
OFK,2025-03-26 19:56,60.00,29.00,30.64,11.50,M,M
OFK,2025-03-26 20:56,55.00,30.00,38.21,10.35,M,M
OFK,2025-03-26 21:56,54.00,30.00,39.63,11.50,9000.00,M
OFK,2025-03-26 22:56,55.00,29.00,36.69,12.65,10000.00,M
OFK,2025-03-26 23:56,52.00,29.00,40.95,10.35,11000.00,M
OFK,2025-03-27 00:56,51.00,30.00,44.26,9.20,11000.00,M
OFK,2025-03-27 01:56,51.00,31.00,46.09,10.35,10000.00,M
OFK,2025-03-27 02:56,48.00,31.00,51.54,9.20,M,M
OFK,2025-03-27 03:56,46.00,31.00,55.58,6.90,M,M
OFK,2025-03-27 04:56,44.00,31.00,59.97,11.50,M,M
OFK,2025-03-27 05:56,45.00,31.00,57.73,12.65,M,M
OFK,2025-03-27 06:56,44.00,31.00,59.97,5.75,M,M
OFK,2025-03-27 07:56,42.00,31.00,64.75,0.00,M,M
OFK,2025-03-27 08:56,48.00,33.00,55.87,0.00,M,M
OFK,2025-03-27 09:56,53.00,35.00,50.27,4.60,M,M
OFK,2025-03-27 10:56,58.00,36.00,43.62,5.75,M,M
OFK,2025-03-27 11:56,62.00,38.00,40.93,8.05,M,M
OFK,2025-03-27 12:56,67.00,40.00,37.16,9.20,M,M
OFK,2025-03-27 13:56,70.00,41.00,34.85,6.90,M,M
OFK,2025-03-27 14:56,73.00,42.00,32.71,10.35,M,M
OFK,2025-03-27 15:56,75.00,43.00,31.79,10.35,M,M
OFK,2025-03-27 16:56,77.00,45.00,32.10,11.50,M,M
OFK,2025-03-27 17:56,77.00,49.00,37.33,11.50,M,M
OFK,2025-03-27 18:56,75.00,51.00,42.98,11.50,M,M
OFK,2025-03-27 19:56,68.00,51.00,54.50,8.05,M,M
OFK,2025-03-27 20:56,64.00,51.00,62.62,6.90,M,M
OFK,2025-03-27 21:56,62.00,51.00,67.18,9.20,M,M
OFK,2025-03-27 22:56,60.00,50.00,69.49,11.50,M,M
OFK,2025-03-27 23:56,60.00,50.00,69.49,12.65,M,M
OFK,2025-03-28 00:56,63.00,51.00,64.85,14.95,M,M
OFK,2025-03-28 01:56,63.00,49.00,60.20,18.40,M,M
OFK,2025-03-28 02:56,62.00,48.00,60.07,21.85,M,31.05
OFK,2025-03-28 03:56,60.00,49.00,66.95,16.10,M,M
OFK,2025-03-28 04:56,59.00,49.00,69.38,11.50,M,M
OFK,2025-03-28 05:56,61.00,49.00,64.61,20.70,M,M
OFK,2025-03-28 06:56,61.00,49.00,64.61,16.10,M,31.05
OFK,2025-03-28 07:56,60.00,49.00,66.95,17.25,M,M
OFK,2025-03-28 08:56,64.00,50.00,60.34,21.85,M,31.05
OFK,2025-03-28 09:56,68.00,51.00,54.50,23.00,M,39.10
OFK,2025-03-28 10:56,73.00,51.00,45.96,24.15,M,34.50
OFK,2025-03-28 11:56,77.00,50.00,38.74,20.70,M,33.35
OFK,2025-03-28 12:56,83.00,49.00,30.67,26.45,M,39.10
OFK,2025-03-28 13:56,86.00,49.00,27.85,34.50,M,49.45
OFK,2025-03-28 14:56,86.00,49.00,27.85,31.05,M,49.45
OFK,2025-03-28 15:56,85.00,50.00,29.85,26.45,M,48.30
OFK,2025-03-28 16:56,84.00,52.00,33.19,29.90,M,43.70
OFK,2025-03-28 17:56,83.00,53.00,35.56,27.60,M,41.40
OFK,2025-03-28 18:56,79.00,53.00,40.52,24.15,M,39.10
OFK,2025-03-28 19:56,75.00,53.00,46.27,21.85,M,34.50
OFK,2025-03-28 20:54,73.40,51.80,46.71,8.05,5500.00,34.50
OFK,2025-03-28 20:56,74.00,52.00,46.11,10.35,5500.00,34.50
OFK,2025-03-28 21:03,75.00,51.00,42.98,17.25,6000.00,42.55
OFK,2025-03-28 21:18,74.00,52.00,46.11,12.65,6000.00,42.55
OFK,2025-03-28 21:35,68.00,48.00,48.73,14.95,5500.00,42.55
OFK,2025-03-28 21:56,65.00,50.00,58.26,10.35,5500.00,42.55
OFK,2025-03-28 22:47,60.00,52.00,74.83,17.25,6000.00,M
OFK,2025-03-28 22:56,59.00,50.00,72.01,12.65,6000.00,M
OFK,2025-03-28 23:04,58.00,49.00,71.91,13.80,5500.00,M
OFK,2025-03-28 23:30,53.00,49.00,86.23,9.20,5500.00,M
OFK,2025-03-28 23:37,53.00,48.00,83.06,10.35,5500.00,M
OFK,2025-03-28 23:56,51.00,45.00,79.84,10.35,6000.00,M
OFK,2025-03-29 00:56,50.00,45.00,82.86,12.65,3400.00,M
OFK,2025-03-29 01:24,50.00,45.00,82.86,13.80,3200.00,M
OFK,2025-03-29 01:56,48.00,45.00,89.29,11.50,3000.00,M
OFK,2025-03-29 02:08,48.00,45.00,89.29,12.65,1900.00,M
OFK,2025-03-29 02:15,48.00,44.00,85.95,12.65,1900.00,M
OFK,2025-03-29 02:51,46.40,44.60,93.40,14.95,1900.00,M
OFK,2025-03-29 02:56,47.00,44.00,89.24,17.25,2100.00,M
OFK,2025-03-29 03:10,46.00,44.00,92.68,28.75,5000.00,35.65
OFK,2025-03-29 03:23,45.00,43.00,92.65,10.35,900.00,35.65
OFK,2025-03-29 03:30,45.00,43.00,92.65,8.05,900.00,35.65
OFK,2025-03-29 03:40,45.00,43.00,92.65,8.05,900.00,35.65
OFK,2025-03-29 03:56,45.00,43.00,92.65,11.50,900.00,35.65
OFK,2025-03-29 04:11,45.00,44.00,96.26,9.20,1000.00,M
OFK,2025-03-29 04:36,45.00,44.00,96.26,10.35,1100.00,M
OFK,2025-03-29 04:44,45.00,44.00,96.26,11.50,1100.00,M
OFK,2025-03-29 04:56,45.00,44.00,96.26,12.65,900.00,M
OFK,2025-03-29 04:58,45.00,44.00,96.26,14.95,900.00,M
OFK,2025-03-29 05:08,44.00,43.00,96.24,16.10,700.00,M
OFK,2025-03-29 05:23,44.00,42.00,92.61,6.90,700.00,M
OFK,2025-03-29 05:56,43.00,42.00,96.23,16.10,800.00,M
OFK,2025-03-29 06:04,43.00,41.00,92.58,11.50,1000.00,M
OFK,2025-03-29 06:37,43.00,41.00,92.58,11.50,900.00,M
OFK,2025-03-29 06:56,42.00,41.00,96.21,17.25,700.00,M
OFK,2025-03-29 07:56,41.00,39.00,92.52,16.10,700.00,M
OFK,2025-03-29 08:56,40.00,39.00,96.18,13.80,600.00,M
OFK,2025-03-29 09:45,40.00,39.00,96.18,14.95,600.00,M
OFK,2025-03-29 09:56,40.00,39.00,96.18,13.80,500.00,M
OFK,2025-03-29 10:04,40.00,39.00,96.18,13.80,400.00,M
OFK,2025-03-29 10:56,39.00,38.00,96.16,16.10,400.00,M
OFK,2025-03-29 11:05,39.00,38.00,96.16,14.95,500.00,M
OFK,2025-03-29 11:21,39.00,39.00,100.00,16.10,700.00,M
OFK,2025-03-29 11:51,39.20,37.40,93.19,11.50,1000.00,M
OFK,2025-03-29 11:56,39.00,38.00,96.16,14.95,800.00,M
OFK,2025-03-29 12:18,39.00,37.00,92.45,16.10,800.00,M
OFK,2025-03-29 12:43,39.00,38.00,96.16,12.65,700.00,M
OFK,2025-03-29 12:54,39.20,37.40,93.19,14.95,700.00,M
OFK,2025-03-29 12:56,38.00,37.00,96.14,17.25,700.00,M
OFK,2025-03-29 13:06,39.00,37.00,92.45,20.70,800.00,M
OFK,2025-03-29 13:56,38.00,37.00,96.14,14.95,800.00,37.95
OFK,2025-03-29 14:47,38.00,37.00,96.14,16.10,700.00,M
OFK,2025-03-29 14:56,38.00,37.00,96.14,14.95,700.00,M
OFK,2025-03-29 15:18,38.00,37.00,96.14,12.65,900.00,M
OFK,2025-03-29 15:46,38.00,37.00,96.14,11.50,600.00,M
OFK,2025-03-29 15:56,39.00,37.00,92.45,11.50,800.00,M
OFK,2025-03-29 16:11,38.00,37.00,96.14,14.95,600.00,M
OFK,2025-03-29 16:56,39.00,37.00,92.45,17.25,900.00,M
OFK,2025-03-29 17:04,38.00,36.00,92.42,14.95,1000.00,M
OFK,2025-03-29 17:24,38.00,36.00,92.42,16.10,900.00,M
OFK,2025-03-29 17:49,37.00,36.00,96.13,19.55,1100.00,M
OFK,2025-03-29 17:56,37.00,36.00,96.13,16.10,1100.00,M
OFK,2025-03-29 18:04,37.00,35.00,92.39,16.10,900.00,M
OFK,2025-03-29 18:11,37.00,36.00,96.13,14.95,900.00,M
OFK,2025-03-29 18:21,37.00,35.00,92.39,16.10,900.00,M
OFK,2025-03-29 18:56,37.00,35.00,92.39,16.10,900.00,M
OFK,2025-03-29 19:56,36.00,35.00,96.11,16.10,900.00,M
OFK,2025-03-29 20:56,36.00,34.00,92.35,13.80,900.00,M
OFK,2025-03-29 21:26,36.00,34.00,92.35,16.10,800.00,M
OFK,2025-03-29 21:34,36.00,34.00,92.35,11.50,800.00,M
OFK,2025-03-29 21:47,36.00,34.00,92.35,13.80,900.00,M
OFK,2025-03-29 21:56,36.00,34.00,92.35,14.95,1000.00,M
OFK,2025-03-29 22:38,35.00,34.00,96.09,17.25,800.00,M
OFK,2025-03-29 22:56,35.00,34.00,96.09,18.40,800.00,M
OFK,2025-03-29 23:56,34.00,33.00,96.08,19.55,900.00,31.05
OFK,2025-03-30 00:33,34.00,33.00,96.08,18.40,1000.00,M
OFK,2025-03-30 00:44,34.00,33.00,96.08,20.70,900.00,M
OFK,2025-03-30 00:51,33.80,33.80,100.00,20.70,800.00,M
OFK,2025-03-30 00:56,34.00,32.00,92.29,21.85,800.00,M
OFK,2025-03-30 01:32,34.00,32.00,92.29,19.55,1000.00,29.90
OFK,2025-03-30 01:56,33.00,32.00,96.06,21.85,1000.00,31.05
OFK,2025-03-30 02:11,33.00,32.00,96.06,23.00,900.00,31.05
OFK,2025-03-30 02:38,33.00,31.00,92.25,20.70,1000.00,31.05
OFK,2025-03-30 02:56,34.00,32.00,92.29,17.25,1200.00,31.05
OFK,2025-03-30 03:56,34.00,32.00,92.29,18.40,1100.00,M
OFK,2025-03-30 04:56,33.00,31.00,92.25,16.10,1000.00,31.05
OFK,2025-03-30 05:05,33.00,32.00,96.06,18.40,900.00,M
OFK,2025-03-30 05:35,33.00,31.00,92.25,13.80,1000.00,M
OFK,2025-03-30 05:56,33.00,31.00,92.25,12.65,1000.00,M
OFK,2025-03-30 06:56,33.00,31.00,92.25,16.10,1200.00,M
OFK,2025-03-30 07:17,33.00,31.00,92.25,14.95,1000.00,M
OFK,2025-03-30 07:29,33.00,31.00,92.25,13.80,800.00,M
OFK,2025-03-30 07:56,33.00,31.00,92.25,13.80,1300.00,M
OFK,2025-03-30 08:12,33.00,31.00,92.25,14.95,800.00,M
OFK,2025-03-30 08:39,33.00,32.00,96.06,19.55,800.00,M
OFK,2025-03-30 08:56,33.00,31.00,92.25,24.15,1000.00,33.35
OFK,2025-03-30 09:44,33.00,32.00,96.06,20.70,900.00,32.20
OFK,2025-03-30 09:56,33.00,31.00,92.25,21.85,1000.00,32.20
OFK,2025-03-30 10:56,34.00,31.00,88.63,24.15,1000.00,33.35
OFK,2025-03-30 11:56,34.00,31.00,88.63,18.40,1100.00,33.35
OFK,2025-03-30 12:21,34.00,31.00,88.63,21.85,900.00,33.35
OFK,2025-03-30 12:34,34.00,31.00,88.63,21.85,1000.00,33.35
OFK,2025-03-30 12:46,33.00,31.00,92.25,23.00,900.00,33.35
OFK,2025-03-30 12:56,34.00,32.00,92.29,21.85,800.00,33.35
OFK,2025-03-30 13:56,34.00,31.00,88.63,19.55,700.00,32.20
OFK,2025-03-30 14:56,33.00,31.00,92.25,20.70,700.00,33.35
OFK,2025-03-30 15:56,34.00,31.00,88.63,19.55,700.00,31.05
OFK,2025-03-30 16:53,35.60,30.20,80.51,18.40,1000.00,M
OFK,2025-03-30 16:56,35.00,31.00,85.17,21.85,1000.00,M
OFK,2025-03-30 17:07,35.00,31.00,85.17,21.85,900.00,M
OFK,2025-03-30 17:35,35.00,31.00,85.17,23.00,1000.00,M
OFK,2025-03-30 17:56,35.00,31.00,85.17,18.40,1000.00,M
OFK,2025-03-30 18:56,35.00,31.00,85.17,20.70,1000.00,M
OFK,2025-03-30 19:56,35.00,31.00,85.17,17.25,1100.00,M
OFK,2025-03-30 20:56,36.00,32.00,85.23,16.10,1000.00,M
OFK,2025-03-30 21:56,36.00,32.00,85.23,13.80,1500.00,M
OFK,2025-03-30 22:31,36.00,32.00,85.23,13.80,1500.00,M
OFK,2025-03-30 22:56,35.00,32.00,88.68,10.35,1200.00,M
OFK,2025-03-30 23:56,36.00,32.00,85.23,8.05,3900.00,M
OFK,2025-03-31 00:56,36.00,32.00,85.23,5.75,4200.00,M
OFK,2025-03-31 01:56,35.00,32.00,88.68,9.20,4600.00,M
OFK,2025-03-31 02:56,33.00,31.00,92.25,8.05,4900.00,M
OFK,2025-03-31 03:56,34.00,30.00,85.11,6.90,4900.00,M
OFK,2025-03-31 04:56,32.00,29.00,88.53,6.90,10000.00,M
OFK,2025-03-31 05:56,33.00,30.00,88.58,5.75,10000.00,M
OFK,2025-03-31 06:56,33.00,29.00,85.04,5.75,11000.00,M
OFK,2025-03-31 07:56,33.00,30.00,88.58,6.90,11000.00,M
OFK,2025-03-31 08:56,34.00,30.00,85.11,6.90,9000.00,M
OFK,2025-03-31 09:56,36.00,29.00,75.46,8.05,9000.00,M
OFK,2025-03-31 10:56,41.00,28.00,59.55,5.75,M,M
OFK,2025-03-31 11:56,43.00,27.00,52.91,8.05,M,M
OFK,2025-03-31 12:56,44.00,28.00,53.07,8.05,3500.00,M
OFK,2025-03-31 13:56,46.00,28.00,49.18,8.05,M,M
OFK,2025-03-31 14:56,47.00,27.00,45.45,4.60,M,M
OFK,2025-03-31 15:56,48.00,27.00,43.77,5.75,4500.00,M
OFK,2025-03-31 16:56,48.00,27.00,43.77,5.75,4700.00,M
OFK,2025-03-31 17:56,49.00,28.00,43.93,10.35,4800.00,M
OFK,2025-03-31 18:56,48.00,27.00,43.77,9.20,5000.00,M
OFK,2025-03-31 19:56,46.00,29.00,51.24,8.05,8000.00,M
OFK,2025-03-31 20:56,45.00,30.00,55.43,8.05,6500.00,M
OFK,2025-03-31 21:56,43.00,30.00,59.83,9.20,7500.00,M
OFK,2025-03-31 22:56,41.00,31.00,67.30,8.05,M,M
OFK,2025-03-31 23:56,39.00,30.00,69.85,10.35,M,M
OFK,2025-04-01 00:56,38.00,28.00,66.94,11.50,M,M
OFK,2025-04-01 01:56,37.00,28.00,69.63,13.80,M,M
OFK,2025-04-01 02:56,37.00,28.00,69.63,14.95,M,M
OFK,2025-04-01 03:56,38.00,29.00,69.74,16.10,9000.00,M
OFK,2025-04-01 04:56,38.00,29.00,69.74,12.65,4500.00,M
OFK,2025-04-01 05:56,37.00,33.00,85.29,12.65,4800.00,M
OFK,2025-04-01 06:56,37.00,33.00,85.29,14.95,6500.00,M
OFK,2025-04-01 07:56,38.00,33.00,82.00,19.55,8500.00,M
OFK,2025-04-01 08:56,40.00,34.00,78.94,20.70,8000.00,31.05
OFK,2025-04-01 09:56,41.00,34.00,75.94,19.55,7500.00,32.20
OFK,2025-04-01 10:56,42.00,33.00,70.19,18.40,6000.00,31.05
OFK,2025-04-01 11:56,44.00,34.00,67.66,21.85,5500.00,36.80
OFK,2025-04-01 12:56,47.00,35.00,62.84,19.55,6000.00,36.80
OFK,2025-04-01 13:56,47.00,35.00,62.84,18.40,3400.00,29.90
OFK,2025-04-01 14:56,47.00,36.00,65.38,16.10,3100.00,29.90
OFK,2025-04-01 15:45,47.00,38.00,70.74,21.85,2800.00,32.20
OFK,2025-04-01 15:56,46.00,39.00,76.40,18.40,2800.00,32.20
OFK,2025-04-01 16:56,45.00,39.00,79.36,13.80,2900.00,M
OFK,2025-04-01 17:56,45.00,39.00,79.36,13.80,2800.00,M
OFK,2025-04-01 18:56,46.00,39.00,76.40,14.95,2800.00,M
OFK,2025-04-01 19:56,45.00,39.00,79.36,16.10,2900.00,M
OFK,2025-04-01 20:24,45.00,39.00,79.36,12.65,3000.00,M
OFK,2025-04-01 20:31,45.00,40.00,82.51,13.80,3000.00,M
OFK,2025-04-01 20:35,44.00,40.00,85.71,16.10,3000.00,M
OFK,2025-04-01 20:43,44.00,41.00,89.11,14.95,3000.00,M
OFK,2025-04-01 20:56,44.00,41.00,89.11,12.65,3000.00,M
OFK,2025-04-01 21:06,44.00,41.00,89.11,14.95,6500.00,M
OFK,2025-04-01 21:56,44.00,42.00,92.61,20.70,9000.00,32.20
OFK,2025-04-01 22:05,44.00,42.00,92.61,17.25,800.00,29.90
OFK,2025-04-01 22:10,44.00,42.00,92.61,17.25,800.00,29.90
OFK,2025-04-01 22:18,44.00,42.00,92.61,16.10,800.00,29.90
OFK,2025-04-01 22:20,44.00,42.00,92.61,12.65,800.00,29.90
OFK,2025-04-01 22:35,45.00,43.00,92.65,6.90,1000.00,29.90
OFK,2025-04-01 22:44,44.00,43.00,96.24,3.45,1000.00,29.90
OFK,2025-04-01 22:52,44.60,42.80,93.35,0.00,1000.00,29.90
OFK,2025-04-01 22:56,44.00,43.00,96.24,0.00,1000.00,29.90
OFK,2025-04-01 23:00,44.00,43.00,96.24,5.75,800.00,M
OFK,2025-04-01 23:21,44.00,44.00,100.00,12.65,4900.00,M
OFK,2025-04-01 23:56,45.00,42.00,89.15,16.10,6500.00,M
OFK,2025-04-02 00:56,43.00,41.00,92.58,12.65,7500.00,M
OFK,2025-04-02 01:56,43.00,40.00,89.06,17.25,9000.00,M
OFK,2025-04-02 02:56,42.00,39.00,89.01,6.90,1300.00,M
OFK,2025-04-02 03:11,42.00,39.00,89.01,6.90,1200.00,M
OFK,2025-04-02 03:20,41.00,39.00,92.52,4.60,1100.00,M
OFK,2025-04-02 03:34,41.00,38.00,88.97,9.20,1100.00,M
OFK,2025-04-02 03:56,41.00,38.00,88.97,5.75,1100.00,M
OFK,2025-04-02 04:56,40.00,38.00,92.49,5.75,1000.00,M
OFK,2025-04-02 05:12,40.00,38.00,92.49,9.20,900.00,M
OFK,2025-04-02 05:56,40.00,38.00,92.49,6.90,900.00,M
OFK,2025-04-02 06:14,39.00,39.00,100.00,6.90,600.00,M
OFK,2025-04-02 06:35,39.00,39.00,100.00,6.90,400.00,M
OFK,2025-04-02 06:56,39.00,39.00,100.00,6.90,400.00,M
OFK,2025-04-02 07:21,39.00,39.00,100.00,5.75,400.00,M
OFK,2025-04-02 07:33,39.00,39.00,100.00,4.60,400.00,M
OFK,2025-04-02 07:56,39.00,39.00,100.00,4.60,400.00,M
OFK,2025-04-02 08:24,39.00,39.00,100.00,3.45,300.00,M
OFK,2025-04-02 08:31,39.00,39.00,100.00,3.45,300.00,M
OFK,2025-04-02 08:56,40.00,39.00,96.18,5.75,400.00,M
OFK,2025-04-02 09:53,41.00,39.20,93.24,9.20,500.00,M
OFK,2025-04-02 09:56,41.00,39.00,92.52,9.20,500.00,M
OFK,2025-04-02 10:56,42.00,40.00,92.55,10.35,800.00,M
OFK,2025-04-02 11:32,42.00,39.00,89.01,12.65,1000.00,M
OFK,2025-04-02 11:56,42.00,38.00,85.60,14.95,1200.00,M
OFK,2025-04-02 12:19,43.00,39.00,85.66,16.10,1600.00,M
OFK,2025-04-02 12:56,44.00,38.00,79.27,23.00,2000.00,M
OFK,2025-04-02 13:56,46.00,38.00,73.47,17.25,2100.00,M
OFK,2025-04-02 14:56,45.00,36.00,70.53,18.40,2300.00,M
OFK,2025-04-02 15:56,46.00,36.00,67.90,16.10,2600.00,M
OFK,2025-04-02 16:56,45.00,36.00,70.53,19.55,2600.00,M
OFK,2025-04-02 17:22,45.00,36.00,70.53,14.95,3000.00,M
OFK,2025-04-02 17:40,45.00,36.00,70.53,12.65,2900.00,M
OFK,2025-04-02 17:47,45.00,36.00,70.53,11.50,2900.00,M
OFK,2025-04-02 17:56,45.00,35.00,67.78,16.10,2800.00,M
OFK,2025-04-02 18:56,44.00,35.00,70.42,11.50,3200.00,M
OFK,2025-04-02 19:06,43.00,35.00,73.16,14.95,2800.00,M
OFK,2025-04-02 19:16,43.00,36.00,76.12,11.50,2800.00,M
OFK,2025-04-02 19:56,43.00,35.00,73.16,11.50,4100.00,M
OFK,2025-04-02 20:56,42.00,34.00,73.06,13.80,3300.00,M
OFK,2025-04-02 21:56,39.00,33.00,78.86,17.25,2700.00,M
OFK,2025-04-02 22:56,37.00,33.00,85.29,11.50,3000.00,M
OFK,2025-04-02 23:16,37.00,33.00,85.29,12.65,2200.00,M
OFK,2025-04-02 23:39,36.00,33.00,88.73,11.50,2200.00,M
OFK,2025-04-02 23:51,37.40,33.80,86.69,11.50,2200.00,M
OFK,2025-04-02 23:56,38.00,32.00,78.77,13.80,2200.00,M
OFK,2025-04-03 00:56,38.00,31.00,75.65,13.80,2600.00,M
OFK,2025-04-03 01:56,36.00,32.00,85.23,8.05,2600.00,M
OFK,2025-04-03 02:19,36.00,31.00,81.86,11.50,2700.00,M
OFK,2025-04-03 02:56,34.00,30.00,85.11,8.05,M,M
OFK,2025-04-03 03:56,33.00,29.00,85.04,6.90,M,M
OFK,2025-04-03 04:56,33.00,29.00,85.04,9.20,M,M
OFK,2025-04-03 05:56,32.00,29.00,88.53,9.20,M,M
OFK,2025-04-03 06:56,30.00,28.00,92.15,6.90,M,M
OFK,2025-04-03 07:56,33.00,29.00,85.04,8.05,M,M
OFK,2025-04-03 08:56,38.00,32.00,78.77,10.35,M,M
OFK,2025-04-03 09:56,39.00,31.00,72.75,13.80,1700.00,M
OFK,2025-04-03 10:16,39.00,31.00,72.75,13.80,1600.00,M
OFK,2025-04-03 10:56,41.00,31.00,67.30,11.50,1600.00,M
OFK,2025-04-03 11:26,42.00,31.00,64.75,M,1800.00,M
OFK,2025-04-03 11:56,42.00,30.00,62.18,4.60,2100.00,M
OFK,2025-04-03 12:04,44.00,32.00,62.44,M,2200.00,M
OFK,2025-04-03 12:15,43.00,31.00,62.31,5.75,2200.00,M
OFK,2025-04-03 12:25,43.00,31.00,62.31,M,2300.00,M
OFK,2025-04-03 12:56,45.00,31.00,57.73,M,2900.00,M
OFK,2025-04-03 13:56,47.00,31.00,53.52,8.05,3100.00,M
OFK,2025-04-03 14:56,48.00,31.00,51.54,4.60,3600.00,M
OFK,2025-04-03 15:56,49.00,31.00,49.65,5.75,3900.00,M
OFK,2025-04-03 16:56,50.00,31.00,47.83,5.75,M,M
OFK,2025-04-03 17:56,51.00,32.00,47.99,5.75,M,M
OFK,2025-04-03 18:56,49.00,32.00,51.70,6.90,M,M
OFK,2025-04-03 19:56,47.00,33.00,58.01,5.75,M,M
OFK,2025-04-03 20:56,45.00,33.00,62.58,5.75,M,M
OFK,2025-04-03 21:56,43.00,33.00,67.54,9.20,M,M
OFK,2025-04-03 22:56,41.00,34.00,75.94,8.05,M,M
OFK,2025-04-03 23:56,40.00,34.00,78.94,10.35,M,M
OFK,2025-04-04 00:56,40.00,34.00,78.94,11.50,12000.00,M
OFK,2025-04-04 01:56,40.00,34.00,78.94,10.35,10000.00,M
OFK,2025-04-04 02:56,40.00,34.00,78.94,9.20,7500.00,M
OFK,2025-04-04 03:56,38.00,34.00,85.35,5.75,11000.00,M
OFK,2025-04-04 04:56,38.00,35.00,88.83,5.75,11000.00,M
OFK,2025-04-04 05:56,39.00,35.00,85.42,6.90,11000.00,M
OFK,2025-04-04 06:56,38.00,35.00,88.83,9.20,10000.00,M
OFK,2025-04-04 07:56,39.00,35.00,85.42,8.05,9500.00,M
OFK,2025-04-04 08:56,40.00,35.00,82.15,10.35,11000.00,M
OFK,2025-04-04 09:56,41.00,34.00,75.94,11.50,7500.00,M
OFK,2025-04-04 10:56,42.00,35.00,76.03,11.50,5000.00,M
OFK,2025-04-04 11:56,43.00,35.00,73.16,6.90,5000.00,M
OFK,2025-04-04 12:56,43.00,38.00,82.37,8.05,4200.00,M
OFK,2025-04-04 13:56,43.00,41.00,92.58,8.05,3900.00,M
OFK,2025-04-04 14:56,45.00,41.00,85.77,4.60,900.00,M
OFK,2025-04-04 15:16,45.00,41.00,85.77,4.60,1100.00,M
OFK,2025-04-04 15:51,44.60,39.20,81.20,0.00,1900.00,M
OFK,2025-04-04 15:56,46.00,40.00,79.44,0.00,1900.00,M
OFK,2025-04-04 16:26,45.00,40.00,82.51,3.45,1400.00,M
OFK,2025-04-04 16:37,45.00,40.00,82.51,3.45,1500.00,M
OFK,2025-04-04 16:56,45.00,40.00,82.51,5.75,1500.00,M
OFK,2025-04-04 17:06,45.00,41.00,85.77,5.75,1500.00,M
OFK,2025-04-04 17:56,44.00,42.00,92.61,11.50,1400.00,M
OFK,2025-04-04 18:56,44.00,40.00,85.71,13.80,1100.00,M
OFK,2025-04-04 19:38,41.00,39.00,92.52,24.15,1100.00,33.35
OFK,2025-04-04 19:41,41.00,39.00,92.52,20.70,800.00,33.35
OFK,2025-04-04 19:56,40.00,39.00,96.18,23.00,800.00,33.35
OFK,2025-04-04 20:56,38.00,35.00,88.83,21.85,900.00,34.50
OFK,2025-04-04 21:56,36.00,34.00,92.35,24.15,900.00,35.65
OFK,2025-04-04 22:56,35.00,32.00,88.68,23.00,800.00,34.50
OFK,2025-04-04 23:19,34.00,31.00,88.63,23.00,1000.00,32.20
OFK,2025-04-04 23:56,34.00,30.00,85.11,20.70,1200.00,34.50
OFK,2025-04-05 00:26,34.00,30.00,85.11,20.70,1600.00,34.50
OFK,2025-04-05 00:56,33.00,29.00,85.04,13.80,1600.00,34.50
OFK,2025-04-05 01:12,33.00,29.00,85.04,16.10,1600.00,M
OFK,2025-04-05 01:56,31.00,27.00,84.92,16.10,M,M
OFK,2025-04-05 02:56,30.00,24.00,78.07,11.50,M,M
OFK,2025-04-05 03:56,29.00,23.00,77.98,14.95,M,M
OFK,2025-04-05 04:56,28.00,23.00,81.25,11.50,M,M
OFK,2025-04-05 05:56,27.00,22.00,81.17,9.20,M,M
OFK,2025-04-05 06:56,26.00,21.00,81.09,9.20,M,M
OFK,2025-04-05 07:56,27.00,20.00,74.57,14.95,M,M
OFK,2025-04-05 08:56,29.00,19.00,65.81,18.40,M,M
OFK,2025-04-05 09:56,32.00,19.00,58.27,18.40,M,M
OFK,2025-04-05 10:56,35.00,18.00,49.50,17.25,M,M
OFK,2025-04-05 11:56,39.00,16.00,38.78,13.80,M,M
OFK,2025-04-05 12:56,40.00,17.00,38.95,11.50,M,M
OFK,2025-04-05 13:56,43.00,16.00,33.22,16.10,M,M
OFK,2025-04-05 14:56,45.00,16.00,30.77,17.25,M,32.20
OFK,2025-04-05 15:56,45.00,16.00,30.77,21.85,M,31.05
OFK,2025-04-05 16:56,45.00,16.00,30.77,12.65,M,M
OFK,2025-04-05 17:56,45.00,15.00,29.46,18.40,M,32.20
OFK,2025-04-05 18:56,44.00,15.00,30.61,9.20,M,M
OFK,2025-04-05 19:56,41.00,16.00,35.88,10.35,M,M
OFK,2025-04-05 20:56,37.00,18.00,45.73,0.00,M,M
OFK,2025-04-05 21:56,32.00,18.00,55.82,3.45,M,M
OFK,2025-04-05 22:56,29.00,19.00,65.81,3.45,M,M
OFK,2025-04-05 23:56,27.00,20.00,74.57,0.00,M,M
OFK,2025-04-06 00:56,25.00,20.00,81.01,0.00,M,M
OFK,2025-04-06 01:56,25.00,19.00,77.62,3.45,M,M
OFK,2025-04-06 02:56,22.00,18.00,84.33,3.45,M,M
OFK,2025-04-06 03:56,24.00,18.00,77.53,0.00,M,M
OFK,2025-04-06 04:56,23.00,18.00,80.85,3.45,M,M
OFK,2025-04-06 05:56,23.00,19.00,84.39,0.00,M,M
OFK,2025-04-06 06:56,23.00,19.00,84.39,0.00,M,M
OFK,2025-04-06 07:56,26.00,21.00,81.09,0.00,M,M
OFK,2025-04-06 08:56,33.00,24.00,69.16,0.00,M,M
OFK,2025-04-06 09:56,42.00,26.00,52.76,4.60,M,M
OFK,2025-04-06 10:56,50.00,24.00,35.86,6.90,M,M
OFK,2025-04-06 11:56,54.00,21.00,27.27,6.90,M,M
OFK,2025-04-06 12:56,56.00,19.00,23.28,10.35,M,M
OFK,2025-04-06 13:56,58.00,18.00,20.75,11.50,M,M
OFK,2025-04-06 14:56,59.00,18.00,20.02,5.75,M,M
OFK,2025-04-06 15:56,60.00,18.00,19.32,8.05,M,M
OFK,2025-04-06 16:56,60.00,18.00,19.32,8.05,M,M
OFK,2025-04-06 17:56,61.00,18.00,18.64,11.50,M,M
OFK,2025-04-06 18:56,59.00,19.00,20.90,6.90,M,M
OFK,2025-04-06 19:56,51.00,23.00,33.13,3.45,M,M
OFK,2025-04-06 20:56,45.00,25.00,45.12,9.20,M,M
OFK,2025-04-06 21:56,42.00,25.00,50.61,9.20,M,M
OFK,2025-04-06 22:56,42.00,25.00,50.61,3.45,M,M
OFK,2025-04-06 23:56,39.00,25.00,56.86,3.45,M,M
OFK,2025-04-07 00:56,39.00,25.00,56.86,4.60,M,M
OFK,2025-04-07 01:56,37.00,25.00,61.50,3.45,M,M
OFK,2025-04-07 02:56,38.00,28.00,66.94,14.95,M,M
OFK,2025-04-07 03:56,36.00,29.00,75.46,11.50,M,M
OFK,2025-04-07 04:56,33.00,22.00,63.59,11.50,M,M
OFK,2025-04-07 05:56,30.00,22.00,71.78,8.05,M,M
OFK,2025-04-07 06:56,27.00,23.00,84.66,8.05,M,M
OFK,2025-04-07 07:56,29.00,22.00,74.77,11.50,M,M
OFK,2025-04-07 08:56,31.00,21.00,66.07,17.25,M,M
OFK,2025-04-07 09:56,34.00,19.00,53.77,13.80,M,M
OFK,2025-04-07 10:56,36.00,17.00,45.57,18.40,M,M
OFK,2025-04-07 11:56,38.00,15.00,38.61,12.65,M,M
OFK,2025-04-07 12:56,41.00,15.00,34.35,16.10,M,M
OFK,2025-04-07 13:56,43.00,14.00,30.44,17.25,M,M
OFK,2025-04-07 14:56,44.00,12.00,26.83,11.50,M,M
OFK,2025-04-07 15:56,46.00,10.00,22.75,10.35,M,M
OFK,2025-04-07 16:56,47.00,9.00,20.94,12.65,M,M
OFK,2025-04-07 17:56,46.00,7.00,19.87,4.60,M,M
OFK,2025-04-07 18:56,45.00,8.00,21.60,8.05,M,M
OFK,2025-04-07 19:56,42.00,9.00,25.34,4.60,M,M
OFK,2025-04-07 20:56,38.00,10.00,30.96,0.00,M,M
OFK,2025-04-07 21:56,34.00,10.00,36.27,4.60,M,M
OFK,2025-04-07 22:56,31.00,11.00,42.79,4.60,M,M
OFK,2025-04-07 23:56,32.00,11.00,41.10,5.75,M,M
OFK,2025-04-08 00:56,30.00,13.00,48.69,5.75,M,M
OFK,2025-04-08 01:56,27.00,14.00,57.53,6.90,M,M
OFK,2025-04-08 02:56,27.00,13.00,55.06,6.90,M,M
OFK,2025-04-08 03:56,26.00,12.00,54.90,3.45,M,M
OFK,2025-04-08 04:56,26.00,13.00,57.38,6.90,M,M
OFK,2025-04-08 05:56,26.00,12.00,54.90,6.90,M,M
OFK,2025-04-08 06:56,26.00,13.00,57.38,8.05,M,M
OFK,2025-04-08 07:56,29.00,14.00,53.00,8.05,M,M
OFK,2025-04-08 08:56,36.00,14.00,39.99,16.10,M,M
OFK,2025-04-08 09:56,42.00,11.00,27.71,21.85,M,31.05
OFK,2025-04-08 10:56,46.00,12.00,24.86,20.70,M,33.35
OFK,2025-04-08 11:56,50.00,14.00,23.37,18.40,M,M
OFK,2025-04-08 12:56,54.00,16.00,22.00,21.85,M,32.20
OFK,2025-04-08 13:56,57.00,18.00,21.51,21.85,M,34.50
OFK,2025-04-08 14:56,60.00,19.00,20.17,16.10,M,36.80
OFK,2025-04-08 15:56,61.00,20.00,20.31,16.10,M,34.50
OFK,2025-04-08 16:56,63.00,22.00,20.60,20.70,M,33.35
OFK,2025-04-08 17:56,63.00,24.00,22.41,18.40,M,32.20
OFK,2025-04-08 18:56,63.00,27.00,25.38,M,M,M
OFK,2025-04-08 19:56,59.00,29.00,31.76,M,M,M
OFK,2025-04-08 20:56,54.00,27.00,35.05,M,M,M
OFK,2025-04-08 21:56,51.00,27.00,39.14,M,M,M
OFK,2025-04-08 22:56,50.00,28.00,42.33,M,M,M
OFK,2025-04-08 23:56,49.00,29.00,45.77,M,M,M
OFK,2025-04-09 00:56,49.00,30.00,47.68,M,11000.00,M
OFK,2025-04-09 01:56,46.00,29.00,51.24,M,M,M
OFK,2025-04-09 02:56,44.00,30.00,57.59,M,M,M
OFK,2025-04-09 03:56,43.00,29.00,57.44,M,11000.00,M
OFK,2025-04-09 04:56,39.00,29.00,67.06,M,M,M
OFK,2025-04-09 05:56,39.00,29.00,67.06,M,M,M
OFK,2025-04-09 06:56,37.00,30.00,75.56,M,M,M
OFK,2025-04-09 07:56,41.00,31.00,67.30,M,M,M
OFK,2025-04-09 14:56,72.00,26.00,17.85,23.00,M,33.35
OFK,2025-04-09 15:56,70.00,24.00,17.58,M,M,M
OFK,2025-04-09 16:56,70.00,22.00,16.17,M,M,M
OFK,2025-04-09 17:56,70.00,21.00,15.50,M,M,M
OFK,2025-04-09 18:56,68.00,23.00,18.06,M,M,M
OFK,2025-04-09 19:56,62.00,25.00,24.20,M,M,M
OFK,2025-04-09 20:56,52.00,27.00,37.72,M,M,M
OFK,2025-04-09 21:56,46.00,29.00,51.24,M,M,M
OFK,2025-04-09 22:56,48.00,28.00,45.61,M,M,M
OFK,2025-04-09 23:56,49.00,28.00,43.93,M,M,M
OFK,2025-04-10 00:56,46.00,29.00,51.24,M,M,M
OFK,2025-04-10 01:56,49.00,29.00,45.77,M,M,M
OFK,2025-04-10 02:56,45.00,30.00,55.43,M,M,M
OFK,2025-04-10 03:56,43.00,31.00,62.31,M,M,M
OFK,2025-04-10 04:56,43.00,31.00,62.31,M,M,M
OFK,2025-04-10 05:56,41.00,31.00,67.30,M,M,M
OFK,2025-04-10 06:56,39.00,31.00,72.75,6.90,M,M
OFK,2025-04-10 07:56,44.00,33.00,65.01,11.50,M,M
OFK,2025-04-10 08:56,51.00,34.00,52.00,13.80,M,M
OFK,2025-04-10 09:56,55.00,35.00,46.73,21.85,M,M
OFK,2025-04-10 10:56,59.00,35.00,40.45,21.85,M,33.35
OFK,2025-04-10 11:56,61.00,34.00,36.19,23.00,M,36.80
OFK,2025-04-10 12:56,64.00,32.00,30.05,25.30,6500.00,40.25
OFK,2025-04-10 13:56,65.00,29.00,25.69,31.05,7000.00,41.40
OFK,2025-04-10 14:56,65.00,30.00,26.76,26.45,8000.00,43.70
OFK,2025-04-10 15:56,66.00,29.00,24.81,23.00,M,40.25
OFK,2025-04-10 16:56,65.00,28.00,24.66,25.30,9000.00,37.95
OFK,2025-04-10 17:56,64.00,27.00,24.51,25.30,10000.00,37.95
OFK,2025-04-10 18:56,63.00,27.00,25.38,20.70,10000.00,36.80
OFK,2025-04-10 19:56,60.00,29.00,30.64,13.80,M,M
OFK,2025-04-10 20:56,53.00,30.00,41.11,6.90,M,M
OFK,2025-04-10 21:56,45.00,30.00,55.43,4.60,M,M
OFK,2025-04-10 22:56,47.00,29.00,49.34,5.75,M,M
OFK,2025-04-10 23:56,44.00,29.00,55.29,3.45,M,M
OFK,2025-04-11 00:56,45.00,29.00,53.22,0.00,M,M
OFK,2025-04-11 01:56,41.00,29.00,62.04,3.45,M,M
OFK,2025-04-11 02:56,36.00,29.00,75.46,0.00,M,M
OFK,2025-04-11 03:56,35.00,29.00,78.51,0.00,M,M
OFK,2025-04-11 04:56,33.00,29.00,85.04,0.00,M,M
OFK,2025-04-11 05:56,31.00,28.00,88.48,3.45,M,M
OFK,2025-04-11 06:56,29.00,27.00,92.12,3.45,M,M
OFK,2025-04-11 07:56,36.00,30.00,78.60,0.00,M,M
OFK,2025-04-11 08:56,43.00,33.00,67.54,0.00,M,M
OFK,2025-04-11 09:56,51.00,36.00,56.31,0.00,M,M
OFK,2025-04-11 10:56,56.00,35.00,45.06,0.00,M,M
OFK,2025-04-11 11:56,59.00,31.00,34.45,0.00,M,M
OFK,2025-04-11 12:56,62.00,29.00,28.54,3.45,M,M
OFK,2025-04-11 13:56,64.00,27.00,24.51,4.60,M,M
OFK,2025-04-11 14:56,67.00,28.00,23.01,3.45,M,M
OFK,2025-04-11 15:56,70.00,28.00,20.75,5.75,M,M
OFK,2025-04-11 16:56,71.00,27.00,19.25,9.20,M,M
OFK,2025-04-11 17:56,70.00,28.00,20.75,10.35,M,M
OFK,2025-04-11 18:56,68.00,28.00,22.23,8.05,M,M
OFK,2025-04-11 19:56,58.00,31.00,35.70,6.90,M,M
OFK,2025-04-11 20:56,56.00,30.00,36.85,10.35,M,M
OFK,2025-04-11 21:56,56.00,29.00,35.38,14.95,M,M
OFK,2025-04-11 22:56,55.00,29.00,36.69,16.10,M,M
OFK,2025-04-11 23:56,53.00,28.00,37.88,13.80,M,M
OFK,2025-04-12 00:56,52.00,28.00,39.30,11.50,M,M
OFK,2025-04-12 01:56,51.00,28.00,40.78,11.50,M,M
OFK,2025-04-12 02:56,49.00,30.00,47.68,10.35,M,M
OFK,2025-04-12 03:56,49.00,30.00,47.68,10.35,M,M
OFK,2025-04-12 04:56,48.00,30.00,49.49,11.50,M,M
OFK,2025-04-12 05:56,49.00,31.00,49.65,11.50,M,M
OFK,2025-04-12 06:56,50.00,31.00,47.83,14.95,M,M
OFK,2025-04-12 07:56,54.00,32.00,42.98,12.65,M,M
OFK,2025-04-12 08:56,57.00,32.00,38.54,16.10,M,31.05
OFK,2025-04-12 09:56,60.00,33.00,36.03,25.30,M,35.65
OFK,2025-04-12 10:56,64.00,35.00,33.89,19.55,M,39.10
OFK,2025-04-12 11:56,71.00,37.00,28.81,28.75,M,41.40
OFK,2025-04-12 12:56,74.00,37.00,26.03,27.60,M,42.55
OFK,2025-04-12 13:56,77.00,38.00,24.50,25.30,M,41.40
OFK,2025-04-12 14:56,77.00,39.00,25.47,19.55,M,41.40
OFK,2025-04-12 15:56,80.00,40.00,23.99,21.85,M,36.80
OFK,2025-04-12 16:56,82.00,41.00,23.37,21.85,M,39.10
OFK,2025-04-12 17:56,81.00,42.00,25.09,17.25,M,34.50
OFK,2025-04-12 18:56,79.00,42.00,26.79,14.95,M,M
OFK,2025-04-12 19:56,74.00,43.00,32.87,10.35,M,M
OFK,2025-04-12 20:56,71.00,43.00,36.38,12.65,M,M
OFK,2025-04-12 21:56,70.00,43.00,37.64,14.95,M,M
OFK,2025-04-12 22:56,68.00,44.00,41.88,12.65,M,M
OFK,2025-04-12 23:56,67.00,44.00,43.35,13.80,M,M
OFK,2025-04-13 00:56,66.00,45.00,46.62,13.80,M,M
OFK,2025-04-13 01:56,63.00,45.00,51.78,13.80,M,M
OFK,2025-04-13 02:56,60.00,44.00,55.42,12.65,M,M
OFK,2025-04-13 03:56,58.00,45.00,61.85,3.45,M,M
OFK,2025-04-13 04:56,54.00,45.00,71.50,0.00,M,M
OFK,2025-04-13 05:56,53.00,45.00,74.16,4.60,M,M
OFK,2025-04-13 06:56,54.00,46.00,74.26,10.35,M,M
OFK,2025-04-13 07:56,54.00,47.00,77.12,M,M,M
OFK,2025-04-13 08:56,59.00,46.00,61.98,14.95,M,M
OFK,2025-04-13 09:56,59.00,42.00,53.20,24.15,M,31.05
OFK,2025-04-13 10:56,64.00,43.00,46.32,18.40,M,32.20
OFK,2025-04-13 11:56,68.00,42.00,38.79,23.00,M,37.95
OFK,2025-04-13 12:56,72.00,43.00,35.16,23.00,M,41.40
OFK,2025-04-13 13:56,72.00,42.00,33.84,27.60,M,42.55
OFK,2025-04-13 14:56,73.00,42.00,32.71,25.30,M,43.70
OFK,2025-04-13 15:56,75.00,41.00,29.43,25.30,M,42.55
OFK,2025-04-13 16:56,72.00,42.00,33.84,28.75,M,46.00
OFK,2025-04-13 17:56,69.00,42.00,37.48,25.30,M,40.25
OFK,2025-04-13 18:56,64.00,39.00,39.67,25.30,M,39.10
OFK,2025-04-13 19:56,63.00,31.00,29.89,17.25,M,31.05
OFK,2025-04-13 20:56,60.00,28.00,29.41,8.05,M,M
OFK,2025-04-13 21:56,57.00,27.00,31.43,14.95,M,M
OFK,2025-04-13 22:56,56.00,26.00,31.27,24.15,M,36.80
OFK,2025-04-13 23:56,52.00,28.00,39.30,19.55,M,42.55
OFK,2025-04-14 00:56,50.00,29.00,44.10,23.00,M,41.40
OFK,2025-04-14 01:56,49.00,30.00,47.68,24.15,M,36.80
OFK,2025-04-14 02:56,47.00,30.00,51.39,26.45,M,46.00
OFK,2025-04-14 03:56,45.00,31.00,57.73,18.40,M,35.65
OFK,2025-04-14 04:56,44.00,31.00,59.97,14.95,M,M
OFK,2025-04-14 05:56,43.00,32.00,64.88,16.10,M,M
OFK,2025-04-14 06:56,43.00,32.00,64.88,20.70,M,29.90
OFK,2025-04-14 07:56,45.00,32.00,60.11,17.25,3700.00,M
OFK,2025-04-14 08:56,47.00,32.00,55.73,19.55,4300.00,31.05
OFK,2025-04-14 09:56,48.00,33.00,55.87,17.25,4200.00,33.35
OFK,2025-04-14 10:56,52.00,31.00,44.42,23.00,3900.00,36.80
OFK,2025-04-14 11:56,54.00,31.00,41.27,24.15,4100.00,37.95
OFK,2025-04-14 12:56,55.00,27.00,33.79,20.70,6000.00,43.70
OFK,2025-04-14 13:56,54.00,24.00,30.94,21.85,7000.00,41.40
OFK,2025-04-14 14:18,53.00,24.00,32.10,29.90,7000.00,44.85
OFK,2025-04-14 14:26,54.00,23.00,29.67,23.00,7000.00,44.85
OFK,2025-04-14 14:56,56.00,27.00,32.59,24.15,6500.00,44.85
OFK,2025-04-14 15:56,55.00,26.00,32.42,21.85,7000.00,41.40
OFK,2025-04-14 16:56,54.00,27.00,35.05,26.45,5500.00,42.55
OFK,2025-04-14 17:05,55.00,23.00,28.61,29.90,7500.00,41.40
OFK,2025-04-14 17:10,54.00,21.00,27.27,25.30,7500.00,41.40
OFK,2025-04-14 17:56,49.00,31.00,49.65,25.30,M,66.70
OFK,2025-04-14 18:56,50.00,30.00,45.93,21.85,6000.00,35.65
OFK,2025-04-14 19:56,45.00,29.00,53.22,14.95,M,51.75
OFK,2025-04-14 20:56,42.00,34.00,73.06,25.30,3500.00,46.00
OFK,2025-04-14 21:56,37.00,32.00,81.93,10.35,M,33.35
OFK,2025-04-14 22:56,38.00,30.00,72.64,11.50,M,M
OFK,2025-04-14 23:56,37.00,29.00,72.54,10.35,M,M
OFK,2025-04-15 00:56,37.00,28.00,69.63,11.50,M,M
OFK,2025-04-15 01:56,36.00,27.00,69.51,10.35,M,M
OFK,2025-04-15 02:56,35.00,26.00,69.39,9.20,M,M
OFK,2025-04-15 03:56,33.00,25.00,72.11,9.20,M,M
OFK,2025-04-15 04:56,33.00,25.00,72.11,12.65,M,M
OFK,2025-04-15 05:56,33.00,24.00,69.16,9.20,M,M
OFK,2025-04-15 06:56,31.00,23.00,71.89,8.05,M,M
OFK,2025-04-15 07:56,35.00,24.00,63.85,6.90,M,M
OFK,2025-04-15 08:56,40.00,26.00,57.01,8.05,M,M
OFK,2025-04-15 09:56,48.00,26.00,42.00,10.35,M,M
OFK,2025-04-15 10:56,54.00,22.00,28.45,12.65,M,M
OFK,2025-04-15 11:56,57.00,20.00,23.44,11.50,M,M
OFK,2025-04-15 12:56,58.00,18.00,20.75,10.35,M,M
OFK,2025-04-15 13:56,60.00,15.00,16.96,12.65,M,M
OFK,2025-04-15 14:56,62.00,13.00,14.48,5.75,M,M
OFK,2025-04-15 15:56,65.00,16.00,14.86,M,M,M
OFK,2025-04-15 16:56,65.00,17.00,15.51,13.80,M,M
OFK,2025-04-15 17:56,65.00,20.00,17.65,6.90,M,M
OFK,2025-04-15 18:56,65.00,23.00,20.04,10.35,M,M
OFK,2025-04-15 19:56,57.00,25.00,28.93,5.75,M,M
OFK,2025-04-15 20:56,51.00,25.00,36.03,9.20,M,M
OFK,2025-04-15 21:56,50.00,24.00,35.86,10.35,M,M
OFK,2025-04-15 22:56,52.00,22.00,30.62,11.50,M,M
OFK,2025-04-15 23:56,48.00,23.00,37.06,10.35,M,M
OFK,2025-04-16 00:56,49.00,23.00,35.69,11.50,M,M
OFK,2025-04-16 01:56,48.00,24.00,38.64,12.65,M,M
OFK,2025-04-16 02:56,50.00,23.00,34.39,17.25,M,M
OFK,2025-04-16 03:56,50.00,25.00,37.39,17.25,M,M
OFK,2025-04-16 04:56,49.00,27.00,42.16,17.25,M,M
OFK,2025-04-16 05:56,49.00,28.00,43.93,17.25,M,31.05
OFK,2025-04-16 06:56,48.00,29.00,47.52,10.35,M,31.05
OFK,2025-04-16 07:56,50.00,30.00,45.93,10.35,M,M
OFK,2025-04-16 08:56,52.00,31.00,44.42,18.40,M,M
OFK,2025-04-16 09:56,58.00,32.00,37.18,18.40,M,M
OFK,2025-04-16 10:56,62.00,33.00,33.56,12.65,M,M
OFK,2025-04-16 11:56,67.00,34.00,29.33,14.95,M,M
OFK,2025-04-16 12:56,71.00,35.00,26.62,18.40,M,M
OFK,2025-04-16 13:56,75.00,36.00,24.20,16.10,M,29.90
OFK,2025-04-16 14:56,78.00,37.00,22.79,12.65,M,33.35
OFK,2025-04-16 15:56,79.00,36.00,21.19,19.55,M,M
OFK,2025-04-16 16:56,81.00,37.00,20.65,18.40,M,29.90
OFK,2025-04-16 17:56,80.00,36.00,20.51,13.80,M,29.90
OFK,2025-04-16 18:56,79.00,38.00,22.93,9.20,M,M
OFK,2025-04-16 19:56,75.00,39.00,27.23,12.65,11000.00,M
OFK,2025-04-16 20:56,71.00,40.00,32.40,12.65,M,M
OFK,2025-04-16 21:56,68.00,42.00,38.79,13.80,M,M
OFK,2025-04-16 22:56,63.00,43.00,47.97,6.90,M,M
OFK,2025-04-16 23:56,61.00,44.00,53.49,11.50,M,M
OFK,2025-04-17 00:56,60.00,45.00,57.58,10.35,M,M
OFK,2025-04-17 01:56,59.00,46.00,61.98,10.35,M,M
OFK,2025-04-17 02:56,56.00,46.00,69.05,4.60,M,M
OFK,2025-04-17 03:56,57.00,49.00,74.55,5.75,M,M
OFK,2025-04-17 04:56,54.00,50.00,86.29,5.75,M,M
OFK,2025-04-17 05:56,63.00,55.00,75.11,20.70,M,31.05
OFK,2025-04-17 06:56,62.00,55.00,77.81,20.70,M,31.05
OFK,2025-04-17 07:56,63.00,56.00,77.89,16.10,M,31.05
OFK,2025-04-17 08:56,67.00,57.00,70.24,26.45,M,36.80
OFK,2025-04-17 09:56,68.00,57.00,67.86,21.85,M,37.95
OFK,2025-04-17 10:56,71.00,57.00,61.24,21.85,M,32.20
OFK,2025-04-17 11:56,75.00,57.00,53.52,11.50,M,M
OFK,2025-04-17 12:56,76.00,57.00,51.76,12.65,3800.00,M
OFK,2025-04-17 13:56,77.00,56.00,48.29,9.20,4500.00,M
OFK,2025-04-17 14:53,71.60,44.60,37.89,14.95,4300.00,M
OFK,2025-04-17 14:56,72.00,44.00,36.54,18.40,4500.00,M
OFK,2025-04-17 15:56,70.00,44.00,39.11,18.40,4400.00,M
OFK,2025-04-17 16:56,69.00,43.00,38.95,20.70,4700.00,M
OFK,2025-04-17 17:56,66.00,40.00,38.47,25.30,4800.00,32.20
OFK,2025-04-17 18:56,60.00,38.00,43.94,24.15,4800.00,35.65
OFK,2025-04-17 19:56,58.00,39.00,49.08,21.85,5000.00,33.35
OFK,2025-04-17 20:56,56.00,36.00,46.88,25.30,4500.00,40.25
OFK,2025-04-17 21:56,51.00,37.00,58.58,19.55,M,40.25
OFK,2025-04-17 22:56,49.00,38.00,65.63,24.15,4500.00,39.10
OFK,2025-04-17 23:56,48.00,39.00,70.85,25.30,4600.00,41.40
OFK,2025-04-18 00:56,47.00,39.00,73.57,24.15,2200.00,41.40
OFK,2025-04-18 01:13,46.00,39.00,76.40,28.75,2200.00,41.40
OFK,2025-04-18 01:33,45.00,40.00,82.51,27.60,2100.00,43.70
OFK,2025-04-18 01:56,44.00,40.00,85.71,20.70,4700.00,43.70
OFK,2025-04-18 02:56,45.00,37.00,73.37,25.30,4900.00,36.80
OFK,2025-04-18 03:56,44.00,37.00,76.22,21.85,5500.00,37.95
OFK,2025-04-18 04:56,44.00,36.00,73.27,19.55,5000.00,35.65
OFK,2025-04-18 05:56,44.00,36.00,73.27,24.15,4100.00,36.80
OFK,2025-04-18 06:27,43.00,35.00,73.16,17.25,2700.00,32.20
OFK,2025-04-18 06:56,43.00,35.00,73.16,19.55,2700.00,32.20
OFK,2025-04-18 07:03,43.00,35.00,73.16,27.60,2700.00,33.35
OFK,2025-04-18 07:56,43.00,34.00,70.30,17.25,8000.00,33.35
OFK,2025-04-18 08:56,45.00,33.00,62.58,25.30,4300.00,37.95
OFK,2025-04-18 09:56,46.00,33.00,60.25,25.30,3900.00,35.65
OFK,2025-04-18 10:56,47.00,33.00,58.01,26.45,4200.00,35.65
OFK,2025-04-18 11:56,49.00,32.00,51.70,25.30,4600.00,34.50
OFK,2025-04-18 12:56,50.00,30.00,45.93,24.15,6000.00,37.95
OFK,2025-04-18 13:56,51.00,26.00,37.55,24.15,6000.00,35.65
OFK,2025-04-18 14:56,49.00,27.00,42.16,28.75,6000.00,37.95
OFK,2025-04-18 15:56,47.00,25.00,41.83,20.70,6000.00,34.50
OFK,2025-04-18 16:56,47.00,28.00,47.36,21.85,6500.00,33.35
OFK,2025-04-18 17:56,47.00,27.00,45.45,19.55,7000.00,31.05
OFK,2025-04-18 18:56,46.00,27.00,47.20,13.80,6500.00,29.90
OFK,2025-04-18 19:56,47.00,25.00,41.83,12.65,7500.00,M
OFK,2025-04-18 20:56,44.00,27.00,50.93,4.60,7500.00,M
OFK,2025-04-18 21:56,40.00,27.00,59.41,5.75,M,M
OFK,2025-04-18 22:56,36.00,27.00,69.51,8.05,M,M
OFK,2025-04-18 23:56,37.00,26.00,64.11,9.20,M,M
OFK,2025-04-19 00:56,35.00,25.00,66.57,4.60,M,M
OFK,2025-04-19 01:56,32.00,24.00,72.00,5.75,M,M
OFK,2025-04-19 02:56,31.00,24.00,74.97,5.75,M,M
OFK,2025-04-19 03:56,31.00,23.00,71.89,5.75,M,M
OFK,2025-04-19 04:56,31.00,24.00,74.97,4.60,M,M
OFK,2025-04-19 05:56,26.00,22.00,84.59,0.00,M,M
OFK,2025-04-19 06:56,24.00,20.00,84.46,5.75,M,M
OFK,2025-04-19 07:56,32.00,25.00,75.07,5.75,M,M
OFK,2025-04-19 08:56,38.00,26.00,61.64,0.00,M,M
OFK,2025-04-19 09:56,43.00,27.00,52.91,3.45,M,M
OFK,2025-04-19 10:56,47.00,24.00,40.12,4.60,M,M
OFK,2025-04-19 11:56,51.00,24.00,34.55,8.05,M,M
OFK,2025-04-19 12:56,52.00,23.00,31.93,3.45,M,M
OFK,2025-04-19 13:56,54.00,23.00,29.67,0.00,M,M
OFK,2025-04-19 14:56,57.00,23.00,26.61,5.75,M,M
OFK,2025-04-19 15:56,59.00,22.00,23.74,4.60,M,M
OFK,2025-04-19 16:56,58.00,22.00,24.61,8.05,M,M
OFK,2025-04-19 17:56,58.00,21.00,23.59,5.75,M,M
OFK,2025-04-19 18:56,57.00,22.00,25.51,8.05,M,M
OFK,2025-04-19 19:56,53.00,22.00,29.51,6.90,M,M
OFK,2025-04-19 20:56,49.00,24.00,37.22,8.05,M,M
OFK,2025-04-19 21:56,47.00,24.00,40.12,6.90,M,M
OFK,2025-04-19 22:56,44.00,23.00,43.11,6.90,M,M
OFK,2025-04-19 23:56,39.00,23.00,52.30,6.90,M,M
OFK,2025-04-20 00:56,39.00,24.00,54.54,8.05,M,M
OFK,2025-04-20 01:56,37.00,25.00,61.50,5.75,M,M
OFK,2025-04-20 02:56,39.00,24.00,54.54,6.90,M,M
OFK,2025-04-20 03:56,42.00,24.00,48.55,8.05,M,M
OFK,2025-04-20 04:56,42.00,24.00,48.55,9.20,M,M
OFK,2025-04-20 05:56,40.00,25.00,54.69,6.90,M,M
OFK,2025-04-20 06:56,39.00,26.00,59.27,4.60,11000.00,M
OFK,2025-04-20 07:56,42.00,27.00,54.99,5.75,10000.00,M
OFK,2025-04-20 08:56,44.00,27.00,50.93,6.90,9500.00,M
OFK,2025-04-20 09:56,45.00,27.00,49.02,8.05,10000.00,M
OFK,2025-04-20 10:56,46.00,30.00,53.37,5.75,7500.00,M
OFK,2025-04-20 11:56,46.00,32.00,57.87,4.60,6500.00,M
OFK,2025-04-20 12:56,45.00,36.00,70.53,6.90,6000.00,M
OFK,2025-04-20 13:56,46.00,37.00,70.64,10.35,6500.00,M
OFK,2025-04-20 14:56,48.00,37.00,65.51,10.35,5500.00,M
OFK,2025-04-20 15:56,52.00,35.00,52.15,14.95,6000.00,M
OFK,2025-04-20 16:56,53.00,33.00,46.41,8.05,7000.00,M
OFK,2025-04-20 17:56,53.00,34.00,48.30,9.20,5000.00,M
OFK,2025-04-20 18:56,51.00,34.00,52.00,6.90,5000.00,M
OFK,2025-04-20 19:56,50.00,34.00,53.97,6.90,6000.00,M
OFK,2025-04-20 20:56,48.00,38.00,68.13,4.60,6500.00,M
OFK,2025-04-20 21:56,45.00,36.00,70.53,M,M,M
OFK,2025-04-20 22:56,37.00,35.00,92.39,M,M,M
OFK,2025-04-20 23:56,34.00,33.00,96.08,M,M,M
OFK,2025-04-21 00:56,34.00,33.00,96.08,M,M,M
OFK,2025-04-21 01:56,33.00,31.00,92.25,M,M,M
OFK,2025-04-21 02:56,34.00,31.00,88.63,M,M,M
OFK,2025-04-21 03:56,31.00,29.00,92.19,M,M,M
OFK,2025-04-21 04:56,29.00,28.00,95.99,M,M,M
OFK,2025-04-21 05:56,30.00,30.00,100.00,M,M,M
OFK,2025-04-21 06:56,29.00,29.00,100.00,M,M,M
OFK,2025-04-21 07:56,36.00,33.00,88.73,M,M,M
OFK,2025-04-21 08:56,44.00,37.00,76.22,M,M,M
OFK,2025-04-21 09:56,53.00,41.00,63.61,M,M,M
OFK,2025-04-21 10:56,59.00,41.00,51.18,M,M,M
OFK,2025-04-21 11:56,63.00,39.00,41.09,M,M,M
OFK,2025-04-21 12:56,66.00,39.00,37.00,M,M,M
OFK,2025-04-21 13:56,69.00,40.00,34.69,12.65,M,M
OFK,2025-04-21 14:56,71.00,39.00,31.16,14.95,M,M
OFK,2025-04-21 15:56,74.00,39.00,28.16,13.80,M,M
OFK,2025-04-21 16:56,75.00,38.00,26.18,13.80,M,M
OFK,2025-04-21 17:56,75.00,38.00,26.18,19.55,M,M
OFK,2025-04-21 18:56,71.00,39.00,31.16,12.65,11000.00,M
OFK,2025-04-21 19:22,68.00,44.00,41.88,18.40,8000.00,32.20
OFK,2025-04-21 19:33,64.00,47.00,53.92,18.40,6500.00,35.65
OFK,2025-04-21 19:41,62.00,48.00,60.07,18.40,6500.00,35.65
OFK,2025-04-21 19:56,58.00,51.00,77.47,11.50,5000.00,35.65
OFK,2025-04-21 20:00,58.00,52.00,80.38,8.05,5000.00,M
OFK,2025-04-21 20:09,59.00,51.00,74.74,3.45,5500.00,M
OFK,2025-04-21 20:56,54.00,51.00,89.55,8.05,M,M
OFK,2025-04-21 21:56,55.00,51.00,86.34,12.65,11000.00,M
OFK,2025-04-21 22:56,58.00,49.00,71.91,18.40,6500.00,33.35
OFK,2025-04-21 23:56,59.00,50.00,72.01,17.25,11000.00,M
OFK,2025-04-22 00:56,58.00,46.00,64.24,8.05,M,M
OFK,2025-04-22 01:56,53.00,44.00,71.39,8.05,M,M
OFK,2025-04-22 02:56,51.00,43.00,73.97,9.20,M,M
OFK,2025-04-22 03:56,48.00,43.00,82.72,4.60,M,M
OFK,2025-04-22 04:56,45.00,42.00,89.15,5.75,M,M
OFK,2025-04-22 05:56,46.00,42.00,85.83,10.35,M,M
OFK,2025-04-22 06:56,44.00,41.00,89.11,6.90,M,M
OFK,2025-04-22 07:56,47.00,43.00,85.89,5.75,M,M
OFK,2025-04-22 08:56,50.00,43.00,76.76,4.60,M,M
OFK,2025-04-22 09:56,55.00,42.00,61.46,12.65,M,M
OFK,2025-04-22 10:56,59.00,41.00,51.18,8.05,M,M
OFK,2025-04-22 11:56,62.00,39.00,42.56,5.75,M,M
OFK,2025-04-22 12:56,65.00,37.00,35.42,8.05,11000.00,M
OFK,2025-04-22 13:56,66.00,37.00,34.21,4.60,M,M
OFK,2025-04-22 14:56,67.00,34.00,29.33,4.60,M,M
OFK,2025-04-22 15:56,69.00,35.00,28.50,6.90,M,M
OFK,2025-04-22 16:56,69.00,34.00,27.38,8.05,M,M
OFK,2025-04-22 17:56,70.00,33.00,25.42,10.35,M,M
OFK,2025-04-22 18:56,68.00,34.00,28.34,6.90,M,M
OFK,2025-04-22 19:56,64.00,36.00,35.26,5.75,M,M
OFK,2025-04-22 20:56,59.00,37.00,43.78,5.75,M,M
OFK,2025-04-22 21:56,58.00,36.00,43.62,3.45,M,M
OFK,2025-04-22 22:56,54.00,36.00,50.42,3.45,M,M
OFK,2025-04-22 23:56,49.00,37.00,63.10,0.00,M,M
OFK,2025-04-23 00:56,45.00,38.00,76.31,3.45,M,M
OFK,2025-04-23 01:56,49.00,37.00,63.10,0.00,M,M
OFK,2025-04-23 02:56,48.00,37.00,65.51,0.00,6000.00,M
OFK,2025-04-23 03:56,47.00,38.00,70.74,4.60,6000.00,M
OFK,2025-04-23 04:56,49.00,36.00,60.66,8.05,6000.00,M
OFK,2025-04-23 05:56,51.00,36.00,56.31,11.50,6000.00,M
OFK,2025-04-23 06:56,52.00,36.00,54.26,5.75,M,M
OFK,2025-04-23 07:56,53.00,36.00,52.30,14.95,M,M
OFK,2025-04-23 08:56,58.00,37.00,45.38,11.50,6000.00,M
OFK,2025-04-23 09:56,60.00,38.00,43.94,14.95,5500.00,M
OFK,2025-04-23 10:56,65.00,37.00,35.42,16.10,M,M
OFK,2025-04-23 11:56,67.00,37.00,33.04,16.10,6000.00,M
OFK,2025-04-23 12:56,68.00,37.00,31.92,13.80,6000.00,M
OFK,2025-04-23 13:56,70.00,38.00,31.00,13.80,6000.00,M
OFK,2025-04-23 14:56,72.00,38.00,28.96,12.65,6500.00,M
OFK,2025-04-23 15:56,72.00,38.00,28.96,17.25,6500.00,M
OFK,2025-04-23 16:56,70.00,39.00,32.24,10.35,6500.00,M
OFK,2025-04-23 17:56,69.00,41.00,36.06,8.05,6500.00,M
OFK,2025-04-23 18:56,68.00,36.00,30.69,18.40,7500.00,M
OFK,2025-04-23 19:56,65.00,34.00,31.44,16.10,5500.00,M
OFK,2025-04-23 20:56,62.00,32.00,32.24,14.95,4400.00,M
OFK,2025-04-23 21:56,61.00,32.00,33.40,17.25,4600.00,M
OFK,2025-04-23 22:56,60.00,34.00,37.50,10.35,4200.00,M
OFK,2025-04-23 23:56,59.00,33.00,37.34,9.20,11000.00,M
OFK,2025-04-24 00:56,58.00,36.00,43.62,14.95,11000.00,M
OFK,2025-04-24 01:56,56.00,39.00,52.75,13.80,10000.00,M
OFK,2025-04-24 02:56,55.00,40.00,56.88,10.35,9000.00,M
OFK,2025-04-24 03:56,54.00,40.00,58.99,10.35,9500.00,M
OFK,2025-04-24 04:56,52.00,39.00,61.06,11.50,4800.00,M
OFK,2025-04-24 05:56,52.00,39.00,61.06,11.50,4200.00,M
OFK,2025-04-24 06:56,51.00,40.00,65.87,16.10,4300.00,M
OFK,2025-04-24 07:56,51.00,38.00,60.92,14.95,1900.00,M
OFK,2025-04-24 08:08,51.00,38.00,60.92,11.50,1900.00,M
OFK,2025-04-24 08:56,52.00,39.00,61.06,14.95,1900.00,M
OFK,2025-04-24 09:56,52.00,40.00,63.48,11.50,1700.00,M
OFK,2025-04-24 10:37,49.00,44.00,82.79,10.35,1600.00,M
OFK,2025-04-24 10:49,48.00,45.00,89.29,16.10,1600.00,M
OFK,2025-04-24 10:56,48.00,45.00,89.29,9.20,1600.00,M
OFK,2025-04-24 11:56,49.00,45.00,86.00,6.90,2000.00,M
OFK,2025-04-24 12:33,49.00,47.00,92.77,5.75,1700.00,M
OFK,2025-04-24 12:44,49.00,47.00,92.77,5.75,1200.00,M
OFK,2025-04-24 12:51,48.20,46.40,93.45,8.05,1200.00,M
OFK,2025-04-24 12:56,49.00,47.00,92.77,6.90,1100.00,M
OFK,2025-04-24 13:10,49.00,47.00,92.77,8.05,700.00,M
OFK,2025-04-24 13:33,49.00,48.00,96.32,8.05,900.00,M
OFK,2025-04-24 13:56,49.00,48.00,96.32,6.90,600.00,M
OFK,2025-04-24 14:07,50.00,48.00,92.80,6.90,600.00,M
OFK,2025-04-24 14:23,50.00,48.00,92.80,8.05,600.00,M
OFK,2025-04-24 14:31,50.00,49.00,96.34,4.60,600.00,M
OFK,2025-04-24 14:56,51.00,49.00,92.83,8.05,600.00,M
OFK,2025-04-24 15:56,51.00,50.00,96.36,11.50,600.00,M
OFK,2025-04-24 16:56,52.00,51.00,96.37,9.20,600.00,M
OFK,2025-04-24 17:56,52.00,51.00,96.37,9.20,600.00,M
OFK,2025-04-24 18:22,52.00,51.00,96.37,6.90,600.00,M
OFK,2025-04-24 18:56,52.00,52.00,100.00,8.05,400.00,M
OFK,2025-04-24 19:05,52.00,51.00,96.37,10.35,500.00,M
OFK,2025-04-24 19:15,52.00,51.00,96.37,9.20,500.00,M
OFK,2025-04-24 19:56,52.00,50.00,92.86,8.05,600.00,M
OFK,2025-04-24 20:56,51.00,50.00,96.36,9.20,700.00,M
OFK,2025-04-24 21:56,49.00,48.00,96.32,13.80,400.00,M
OFK,2025-04-24 22:56,47.00,46.00,96.29,16.10,500.00,M
OFK,2025-04-24 23:56,46.00,45.00,96.28,16.10,500.00,M
OFK,2025-04-25 00:56,46.00,44.00,92.68,11.50,700.00,M
OFK,2025-04-25 01:56,45.00,44.00,96.26,13.80,700.00,M
OFK,2025-04-25 02:56,45.00,44.00,96.26,12.65,700.00,M
OFK,2025-04-25 03:18,45.00,44.00,96.26,14.95,700.00,M
OFK,2025-04-25 03:27,45.00,44.00,96.26,13.80,600.00,M
OFK,2025-04-25 03:56,44.00,43.00,96.24,14.95,600.00,M
OFK,2025-04-25 04:56,44.00,43.00,96.24,11.50,800.00,M
OFK,2025-04-25 05:56,44.00,43.00,96.24,12.65,600.00,M
OFK,2025-04-25 06:56,44.00,42.00,92.61,17.25,600.00,M
OFK,2025-04-25 07:56,44.00,43.00,96.24,16.10,700.00,M
OFK,2025-04-25 08:56,45.00,43.00,92.65,18.40,900.00,M
OFK,2025-04-25 09:56,46.00,43.00,89.20,18.40,900.00,M
OFK,2025-04-25 10:41,47.00,43.00,85.89,20.70,1100.00,M
OFK,2025-04-25 10:56,47.00,43.00,85.89,18.40,1100.00,M
OFK,2025-04-25 11:56,49.00,43.00,79.68,17.25,1300.00,M
OFK,2025-04-25 12:56,50.00,43.00,76.76,19.55,1400.00,M
OFK,2025-04-25 13:05,51.00,43.00,73.97,14.95,1800.00,M
OFK,2025-04-25 13:56,52.00,43.00,71.28,14.95,2000.00,M
OFK,2025-04-25 14:56,53.00,42.00,66.12,16.10,2600.00,M
OFK,2025-04-25 15:24,54.00,43.00,66.24,11.50,2800.00,M
OFK,2025-04-25 15:37,53.00,42.00,66.12,18.40,2800.00,M
OFK,2025-04-25 15:56,54.00,42.00,63.74,13.80,2700.00,M
OFK,2025-04-25 16:56,54.00,42.00,63.74,11.50,3200.00,M
OFK,2025-04-25 17:56,55.00,41.00,59.13,11.50,4100.00,M
OFK,2025-04-25 18:56,55.00,41.00,59.13,10.35,4300.00,M
OFK,2025-04-25 19:56,54.00,41.00,61.32,5.75,11000.00,M
OFK,2025-04-25 20:56,50.00,41.00,71.07,0.00,4800.00,M
OFK,2025-04-25 21:56,46.00,42.00,85.83,3.45,12000.00,M
OFK,2025-04-25 22:56,47.00,42.00,82.65,0.00,11000.00,M
OFK,2025-04-25 23:56,46.00,42.00,85.83,0.00,10000.00,M
OFK,2025-04-26 00:56,45.00,42.00,89.15,0.00,M,M
OFK,2025-04-26 01:56,46.00,42.00,85.83,3.45,M,M
OFK,2025-04-26 02:56,45.00,41.00,85.77,3.45,10000.00,M
OFK,2025-04-26 03:56,45.00,41.00,85.77,0.00,11000.00,M
OFK,2025-04-26 04:56,45.00,42.00,89.15,3.45,9000.00,M
OFK,2025-04-26 05:56,45.00,42.00,89.15,4.60,5500.00,M
OFK,2025-04-26 06:56,46.00,42.00,85.83,8.05,10000.00,M
OFK,2025-04-26 07:56,46.00,43.00,89.20,10.35,12000.00,M
OFK,2025-04-26 08:56,48.00,42.00,79.60,14.95,M,M
OFK,2025-04-26 09:56,52.00,39.00,61.06,14.95,M,M
OFK,2025-04-26 10:56,53.00,36.00,52.30,19.55,M,32.20
OFK,2025-04-26 11:56,55.00,36.00,48.62,13.80,M,31.05
OFK,2025-04-26 12:56,55.00,36.00,48.62,17.25,7500.00,M
OFK,2025-04-26 13:56,55.00,38.00,52.60,13.80,8500.00,M
OFK,2025-04-26 14:56,57.00,40.00,52.90,11.50,9000.00,M
OFK,2025-04-26 15:56,57.00,43.00,59.40,9.20,7500.00,M
OFK,2025-04-26 16:56,58.00,44.00,59.54,11.50,3600.00,M
OFK,2025-04-26 17:56,58.00,44.00,59.54,12.65,3300.00,M
OFK,2025-04-26 18:56,58.00,45.00,61.85,12.65,5500.00,M
OFK,2025-04-26 19:56,57.00,45.00,64.12,12.65,3400.00,M
OFK,2025-04-26 20:56,56.00,45.00,66.48,12.65,4800.00,M
OFK,2025-04-26 21:56,55.00,46.00,71.60,14.95,M,M
OFK,2025-04-26 22:56,54.00,46.00,74.26,14.95,M,M
OFK,2025-04-26 23:56,51.00,46.00,82.93,11.50,2500.00,M
OFK,2025-04-27 00:36,50.00,46.00,86.06,11.50,2400.00,M
OFK,2025-04-27 00:56,50.00,46.00,86.06,11.50,M,M
OFK,2025-04-27 01:13,50.00,46.00,86.06,9.20,2100.00,M
OFK,2025-04-27 01:56,51.00,47.00,86.12,14.95,1600.00,M
OFK,2025-04-27 02:36,52.00,47.00,82.99,12.65,1400.00,M
OFK,2025-04-27 02:56,52.00,47.00,82.99,10.35,1300.00,M
OFK,2025-04-27 03:56,52.00,48.00,86.17,12.65,1100.00,M
OFK,2025-04-27 04:56,52.00,48.00,86.17,11.50,1000.00,M
OFK,2025-04-27 05:56,52.00,48.00,86.17,11.50,1000.00,M
OFK,2025-04-27 06:49,52.00,49.00,89.46,10.35,900.00,M
OFK,2025-04-27 06:56,52.00,49.00,89.46,9.20,900.00,M
OFK,2025-04-27 07:56,52.00,50.00,92.86,12.65,700.00,M
OFK,2025-04-27 08:56,53.00,51.00,92.89,14.95,500.00,M
OFK,2025-04-27 09:30,54.00,52.00,92.92,14.95,400.00,M
OFK,2025-04-27 09:38,54.00,52.00,92.92,13.80,400.00,M
OFK,2025-04-27 09:56,56.00,52.00,86.40,17.25,400.00,M
OFK,2025-04-27 10:03,55.00,52.00,89.59,14.95,600.00,M
OFK,2025-04-27 10:56,57.00,53.00,86.45,16.10,600.00,M
OFK,2025-04-27 11:56,59.00,54.00,83.46,19.55,900.00,M
OFK,2025-04-27 12:13,59.00,54.00,83.46,14.95,1000.00,M
OFK,2025-04-27 12:56,59.00,54.00,83.46,17.25,1000.00,M
OFK,2025-04-27 13:24,59.00,54.00,83.46,19.55,900.00,M
OFK,2025-04-27 13:56,60.00,55.00,83.53,17.25,1000.00,M
OFK,2025-04-27 14:56,62.00,56.00,80.68,12.65,1500.00,M
OFK,2025-04-27 15:56,63.00,56.00,77.89,17.25,1700.00,M
OFK,2025-04-27 16:56,62.00,57.00,83.65,12.65,1400.00,M
OFK,2025-04-27 17:56,62.00,57.00,83.65,19.55,1200.00,M
OFK,2025-04-27 18:56,61.00,58.00,89.84,19.55,1000.00,34.50
OFK,2025-04-27 19:11,61.00,58.00,89.84,24.15,900.00,31.05
OFK,2025-04-27 19:56,60.00,58.00,93.10,21.85,600.00,32.20
OFK,2025-04-27 20:56,60.00,58.00,93.10,20.70,500.00,32.20
OFK,2025-04-27 21:20,60.00,59.00,96.49,18.40,400.00,M
OFK,2025-04-27 21:56,60.00,59.00,96.49,17.25,400.00,33.35
OFK,2025-04-27 22:56,60.00,59.00,96.49,18.40,400.00,29.90
OFK,2025-04-27 23:23,61.00,60.00,96.51,17.25,300.00,31.05
OFK,2025-04-27 23:56,61.00,60.00,96.51,19.55,300.00,31.05
OFK,2025-04-28 00:56,62.00,61.00,96.52,18.40,300.00,M
OFK,2025-04-28 01:37,63.00,62.00,96.54,17.25,300.00,29.90
OFK,2025-04-28 01:42,63.00,62.00,96.54,18.40,300.00,29.90
OFK,2025-04-28 01:56,64.00,63.00,96.55,18.40,400.00,29.90
OFK,2025-04-28 02:15,65.00,63.00,93.24,21.85,600.00,32.20
OFK,2025-04-28 02:42,66.00,64.00,93.26,20.70,800.00,34.50
OFK,2025-04-28 02:52,66.20,64.40,93.92,24.15,1300.00,34.50
OFK,2025-04-28 02:56,67.00,64.00,90.09,21.85,1300.00,34.50
OFK,2025-04-28 03:23,67.00,64.00,90.09,23.00,1400.00,33.35
OFK,2025-04-28 03:48,68.00,64.00,87.03,21.85,1400.00,34.50
OFK,2025-04-28 03:56,68.00,64.00,87.03,23.00,1600.00,34.50
OFK,2025-04-28 04:56,67.00,64.00,90.09,20.70,3800.00,40.25
OFK,2025-04-28 05:42,67.00,64.00,90.09,20.70,2300.00,39.10
OFK,2025-04-28 05:56,68.00,64.00,87.03,19.55,2600.00,39.10
OFK,2025-04-28 06:07,68.00,64.00,87.03,19.55,2600.00,29.90
OFK,2025-04-28 06:56,68.00,64.00,87.03,20.70,1800.00,37.95
OFK,2025-04-28 07:13,68.00,64.00,87.03,24.15,2300.00,36.80
OFK,2025-04-28 07:56,68.00,64.00,87.03,17.25,2400.00,36.80
OFK,2025-04-28 08:56,70.00,65.00,84.16,18.40,1600.00,34.50
OFK,2025-04-28 09:14,70.00,65.00,84.16,18.40,1600.00,29.90
OFK,2025-04-28 09:40,72.00,65.00,78.62,23.00,1800.00,36.80
OFK,2025-04-28 09:56,74.00,65.00,73.50,23.00,M,36.80
OFK,2025-04-28 10:56,77.00,64.00,64.21,27.60,2500.00,41.40
OFK,2025-04-28 11:56,82.00,62.00,50.80,26.45,3800.00,42.55
OFK,2025-04-28 12:56,84.00,56.00,38.42,23.00,5500.00,44.85
OFK,2025-04-28 13:56,84.00,54.00,35.72,25.30,6500.00,35.65
OFK,2025-04-28 14:56,85.00,53.00,33.34,19.55,M,34.50
OFK,2025-04-28 15:56,85.00,46.00,25.69,19.55,8000.00,31.05
OFK,2025-04-28 16:56,82.00,44.00,26.23,16.10,10000.00,M
OFK,2025-04-28 17:56,82.00,42.00,24.29,16.10,10000.00,33.35
OFK,2025-04-28 18:56,76.00,43.00,30.75,29.90,10000.00,50.60
OFK,2025-04-28 19:20,65.00,53.00,65.09,20.70,5500.00,52.90
OFK,2025-04-28 19:36,62.00,55.00,77.81,16.10,6000.00,52.90
OFK,2025-04-28 19:43,62.00,54.00,75.02,17.25,4500.00,52.90
OFK,2025-04-28 19:56,61.00,54.00,77.72,20.70,2500.00,52.90
OFK,2025-04-28 20:13,58.00,53.00,83.39,26.45,2200.00,36.80
OFK,2025-04-28 20:56,54.00,50.00,86.29,24.15,1500.00,39.10
OFK,2025-04-28 21:26,52.00,45.00,76.94,28.75,1900.00,43.70
OFK,2025-04-28 21:56,50.00,45.00,82.86,19.55,2000.00,43.70
OFK,2025-04-28 22:56,48.00,42.00,79.60,19.55,2200.00,39.10
OFK,2025-04-28 23:56,49.00,42.00,76.67,20.70,2300.00,36.80
OFK,2025-04-29 00:56,47.00,41.00,79.52,20.70,2000.00,35.65
OFK,2025-04-29 01:56,46.00,40.00,79.44,19.55,1800.00,34.50
OFK,2025-04-29 02:56,46.00,40.00,79.44,12.65,2000.00,31.05
OFK,2025-04-29 03:56,47.00,41.00,79.52,17.25,1900.00,M
OFK,2025-04-29 04:37,46.00,40.00,79.44,17.25,2100.00,M
OFK,2025-04-29 04:56,45.00,36.00,70.53,18.40,8500.00,31.05
OFK,2025-04-29 05:56,42.00,28.00,57.30,12.65,M,M
OFK,2025-04-29 06:56,39.00,30.00,69.85,5.75,M,M
OFK,2025-04-29 07:56,43.00,28.00,55.14,9.20,M,M
OFK,2025-04-29 08:56,46.00,29.00,51.24,13.80,M,M
OFK,2025-04-29 09:56,48.00,27.00,43.77,14.95,M,M
OFK,2025-04-29 10:56,53.00,29.00,39.47,12.65,M,M
OFK,2025-04-29 11:56,55.00,28.00,35.21,9.20,M,M
OFK,2025-04-29 12:56,56.00,27.00,32.59,6.90,M,M
OFK,2025-04-29 13:56,59.00,26.00,28.07,0.00,M,M
OFK,2025-04-29 14:56,60.00,24.00,24.92,3.45,M,M
OFK,2025-04-29 15:56,62.00,25.00,24.20,0.00,M,M
OFK,2025-04-29 16:56,63.00,24.00,22.41,3.45,M,M
OFK,2025-04-29 17:56,64.00,23.00,20.75,M,M,M
OFK,2025-04-29 18:56,63.00,22.00,20.60,3.45,M,M
OFK,2025-04-29 19:56,60.00,27.00,28.23,5.75,M,M
OFK,2025-04-29 20:56,52.00,27.00,37.72,6.90,M,M
OFK,2025-04-29 21:56,49.00,27.00,42.16,6.90,M,M
OFK,2025-04-29 22:56,48.00,25.00,40.29,6.90,M,M
OFK,2025-04-29 23:56,47.00,25.00,41.83,5.75,M,M
OFK,2025-04-30 00:56,45.00,25.00,45.12,4.60,M,M
OFK,2025-04-30 01:56,41.00,27.00,57.15,5.75,M,M
OFK,2025-04-30 02:56,45.00,27.00,49.02,9.20,M,M
OFK,2025-04-30 03:56,41.00,29.00,62.04,6.90,M,M
OFK,2025-04-30 04:56,42.00,28.00,57.30,6.90,M,M
OFK,2025-04-30 05:56,43.00,30.00,59.83,6.90,M,M
OFK,2025-04-30 06:56,48.00,32.00,53.67,10.35,12000.00,M
OFK,2025-04-30 07:56,52.00,37.00,56.45,9.20,M,M
OFK,2025-04-30 08:56,54.00,41.00,61.32,5.75,M,M
OFK,2025-04-30 09:56,58.00,43.00,57.30,10.35,M,M
OFK,2025-04-30 10:56,64.00,48.00,55.99,17.25,3100.00,M
OFK,2025-04-30 11:56,65.00,48.00,54.07,18.40,3000.00,M
OFK,2025-04-30 12:56,65.00,46.00,50.14,14.95,M,M
OFK,2025-04-30 13:56,64.00,48.00,55.99,14.95,4600.00,M
OFK,2025-04-30 14:56,64.00,51.00,62.62,16.10,4100.00,M
OFK,2025-04-30 15:36,63.00,52.00,67.29,12.65,2500.00,M
OFK,2025-04-30 15:56,63.00,52.00,67.29,13.80,2500.00,M
OFK,2025-04-30 16:56,62.00,53.00,72.32,13.80,2400.00,M
OFK,2025-04-30 17:12,63.00,53.00,69.82,13.80,2400.00,M
OFK,2025-04-30 17:47,62.00,53.00,72.32,13.80,2200.00,M
OFK,2025-04-30 17:56,62.00,53.00,72.32,10.35,2600.00,M
OFK,2025-04-30 18:34,61.00,54.00,77.72,18.40,2100.00,M
OFK,2025-04-30 18:56,60.00,54.00,80.53,13.80,4000.00,M
OFK,2025-04-30 19:56,59.00,54.00,83.46,6.90,1900.00,M
OFK,2025-04-30 20:10,59.00,54.00,83.46,6.90,1700.00,M
OFK,2025-04-30 20:37,57.00,54.00,89.68,4.60,1600.00,M
OFK,2025-04-30 20:56,56.00,54.00,92.98,0.00,1300.00,M
OFK,2025-04-30 21:06,57.00,54.00,89.68,0.00,1200.00,M
OFK,2025-04-30 21:56,57.00,54.00,89.68,4.60,1300.00,M
OFK,2025-04-30 22:35,56.00,54.00,92.98,5.75,1400.00,M
OFK,2025-04-30 22:56,53.00,52.00,96.39,0.00,M,M
OFK,2025-04-30 23:43,51.00,51.00,100.00,5.75,1700.00,M
OFK,2025-04-30 23:56,51.00,51.00,100.00,4.60,M,M
OFK,2025-05-01 00:10,47.00,47.00,100.00,4.60,200.00,M
OFK,2025-05-01 00:18,49.00,49.00,100.00,0.00,200.00,M
OFK,2025-05-01 00:23,50.00,50.00,100.00,0.00,200.00,M
OFK,2025-05-01 00:32,49.00,49.00,100.00,0.00,200.00,M
OFK,2025-05-01 00:52,48.20,48.20,100.00,0.00,200.00,M
OFK,2025-05-01 00:53,48.00,48.00,100.00,0.00,200.00,M
OFK,2025-05-01 01:06,49.00,49.00,100.00,0.00,100.00,M
OFK,2025-05-01 01:22,49.00,49.00,100.00,0.00,200.00,M
OFK,2025-05-01 01:56,51.00,51.00,100.00,0.00,200.00,M
OFK,2025-05-01 02:53,48.20,48.20,100.00,0.00,100.00,M
OFK,2025-05-01 02:56,49.00,49.00,100.00,0.00,100.00,M
OFK,2025-05-01 03:30,50.00,50.00,100.00,0.00,200.00,M
OFK,2025-05-01 03:45,51.00,50.00,96.36,0.00,700.00,M
OFK,2025-05-01 03:54,51.80,50.00,93.55,0.00,900.00,M
OFK,2025-05-01 03:55,51.00,50.00,96.36,0.00,1200.00,M
OFK,2025-05-01 04:01,51.00,51.00,100.00,0.00,1200.00,M
OFK,2025-05-01 04:40,52.00,52.00,100.00,10.35,1100.00,M
OFK,2025-05-01 04:56,52.00,51.00,96.37,10.35,1000.00,M
OFK,2025-05-01 05:04,52.00,50.00,92.86,12.65,1400.00,M
OFK,2025-05-01 05:56,52.00,49.00,89.46,10.35,1200.00,M
OFK,2025-05-01 06:56,53.00,50.00,89.51,16.10,1000.00,M
OFK,2025-05-01 07:42,53.00,50.00,89.51,13.80,900.00,M
OFK,2025-05-01 07:56,54.00,50.00,86.29,16.10,900.00,M
OFK,2025-05-01 08:13,54.00,50.00,86.29,16.10,1000.00,M
OFK,2025-05-01 08:56,53.00,49.00,86.23,17.25,1100.00,M
OFK,2025-05-01 09:56,53.00,48.00,83.06,17.25,1400.00,31.05
OFK,2025-05-01 10:12,54.00,48.00,80.07,25.30,1500.00,34.50
OFK,2025-05-01 10:53,57.20,46.40,67.12,23.00,2000.00,37.95
OFK,2025-05-01 10:56,57.00,47.00,69.16,24.15,2000.00,37.95
OFK,2025-05-01 11:56,63.00,45.00,51.78,24.15,3300.00,39.10
OFK,2025-05-01 12:56,64.00,43.00,46.32,23.00,4300.00,39.10
OFK,2025-05-01 13:56,67.00,42.00,40.15,23.00,5500.00,35.65
OFK,2025-05-01 14:56,68.00,39.00,34.53,18.40,6000.00,39.10
OFK,2025-05-01 15:56,63.00,41.00,44.41,20.70,7000.00,35.65
OFK,2025-05-01 16:56,66.00,40.00,38.47,12.65,7000.00,M
OFK,2025-05-01 17:56,67.00,40.00,37.16,10.35,M,M
OFK,2025-05-01 18:56,66.00,36.00,32.88,14.95,M,M
OFK,2025-05-01 19:56,63.00,39.00,41.09,17.25,M,M
OFK,2025-05-01 20:56,56.00,39.00,52.75,5.75,M,M
OFK,2025-05-01 21:56,50.00,40.00,68.37,4.60,8000.00,M
OFK,2025-05-01 22:56,53.00,42.00,66.12,10.35,7500.00,M
OFK,2025-05-01 23:56,53.00,42.00,66.12,10.35,8500.00,M
OFK,2025-05-02 00:56,54.00,42.00,63.74,9.20,6500.00,M
OFK,2025-05-02 01:56,52.00,43.00,71.28,12.65,6500.00,M
OFK,2025-05-02 02:56,50.00,45.00,82.86,12.65,6000.00,M
OFK,2025-05-02 03:56,50.00,45.00,82.86,12.65,6000.00,M
OFK,2025-05-02 04:56,49.00,46.00,89.33,9.20,1200.00,M
OFK,2025-05-02 05:01,49.00,46.00,89.33,9.20,1200.00,M
OFK,2025-05-02 05:20,49.00,46.00,89.33,8.05,900.00,M
OFK,2025-05-02 05:27,49.00,47.00,92.77,9.20,1100.00,M
OFK,2025-05-02 05:56,48.00,46.00,92.74,9.20,1100.00,M
OFK,2025-05-02 06:14,48.00,46.00,92.74,9.20,1100.00,M
OFK,2025-05-02 06:56,48.00,45.00,89.29,5.75,4400.00,M
OFK,2025-05-02 07:56,48.00,45.00,89.29,9.20,4400.00,M
OFK,2025-05-02 08:56,49.00,46.00,89.33,12.65,1100.00,M
OFK,2025-05-02 09:56,50.00,46.00,86.06,10.35,5000.00,M
OFK,2025-05-02 10:19,51.00,46.00,82.93,16.10,1400.00,M
OFK,2025-05-02 10:43,53.00,45.00,74.16,16.10,1600.00,M
OFK,2025-05-02 10:56,53.00,45.00,74.16,13.80,1700.00,M
OFK,2025-05-02 11:56,53.00,45.00,74.16,11.50,1800.00,M
OFK,2025-05-02 12:56,57.00,44.00,61.72,12.65,2400.00,M
OFK,2025-05-02 13:42,57.00,43.00,59.40,8.05,3700.00,M
OFK,2025-05-02 13:56,59.00,44.00,57.44,10.35,3500.00,M
OFK,2025-05-02 14:08,58.00,41.00,53.05,20.70,3200.00,M
OFK,2025-05-02 14:18,57.00,40.00,52.90,13.80,3700.00,M
OFK,2025-05-02 14:50,60.80,37.40,41.71,16.10,4700.00,M
OFK,2025-05-02 14:56,60.00,39.00,45.69,17.25,4900.00,M
OFK,2025-05-02 15:00,59.00,39.00,47.35,16.10,4900.00,M
OFK,2025-05-02 15:56,60.00,34.00,37.50,19.55,6000.00,36.80
OFK,2025-05-02 16:56,63.00,33.00,32.40,19.55,6000.00,29.90
OFK,2025-05-02 17:56,61.00,34.00,36.19,18.40,7000.00,29.90
OFK,2025-05-02 18:56,62.00,32.00,32.24,17.25,7000.00,M
OFK,2025-05-02 19:56,59.00,33.00,37.34,13.80,M,M
OFK,2025-05-02 20:56,55.00,34.00,44.90,9.20,M,M
OFK,2025-05-02 21:56,49.00,35.00,58.30,4.60,M,M
OFK,2025-05-02 22:56,42.00,35.00,76.03,4.60,M,M
OFK,2025-05-02 23:56,42.00,35.00,76.03,4.60,M,M
OFK,2025-05-03 00:56,42.00,35.00,76.03,3.45,M,M
OFK,2025-05-03 01:56,41.00,35.00,79.02,3.45,M,M
OFK,2025-05-03 02:56,37.00,33.00,85.29,0.00,M,M
OFK,2025-05-03 03:56,38.00,34.00,85.35,0.00,M,M
OFK,2025-05-03 04:56,31.00,30.00,96.02,0.00,M,M
OFK,2025-05-03 05:56,30.00,30.00,100.00,0.00,M,M
OFK,2025-05-03 06:56,34.00,32.00,92.29,0.00,M,M
OFK,2025-05-03 07:56,41.00,38.00,88.97,0.00,M,M
OFK,2025-05-03 08:56,48.00,39.00,70.85,0.00,M,M
OFK,2025-05-03 09:56,55.00,41.00,59.13,0.00,M,M
OFK,2025-05-03 10:56,60.00,38.00,43.94,4.60,M,M
OFK,2025-05-03 11:56,63.00,38.00,39.51,M,M,M
OFK,2025-05-03 12:56,64.00,36.00,35.26,0.00,M,M
OFK,2025-05-03 13:56,66.00,35.00,31.60,3.45,M,M
OFK,2025-05-03 14:56,67.00,35.00,30.53,4.60,M,M
OFK,2025-05-03 15:56,68.00,32.00,26.15,0.00,M,M
OFK,2025-05-03 16:56,69.00,33.00,26.31,4.60,M,M
OFK,2025-05-03 17:56,69.00,31.00,24.27,3.45,M,M
OFK,2025-05-03 18:56,69.00,31.00,24.27,3.45,M,M
OFK,2025-05-03 19:56,66.00,33.00,29.18,3.45,M,M
OFK,2025-05-03 20:56,56.00,34.00,43.30,4.60,M,M
OFK,2025-05-03 21:56,52.00,35.00,52.15,6.90,M,M
OFK,2025-05-03 22:56,48.00,34.00,58.16,6.90,M,M
OFK,2025-05-03 23:56,51.00,33.00,49.96,4.60,M,M
OFK,2025-05-04 00:56,47.00,34.00,60.38,0.00,M,M
OFK,2025-05-04 01:56,46.00,34.00,62.71,3.45,M,M
OFK,2025-05-04 02:56,45.00,35.00,67.78,5.75,M,M
OFK,2025-05-04 03:56,45.00,36.00,70.53,3.45,M,M
OFK,2025-05-04 04:56,42.00,36.00,79.11,0.00,M,M
OFK,2025-05-04 05:56,42.00,37.00,82.30,0.00,M,M
OFK,2025-05-04 06:56,42.00,37.00,82.30,0.00,M,M
OFK,2025-05-04 07:56,49.00,41.00,73.77,0.00,M,M
OFK,2025-05-04 08:56,57.00,42.00,57.16,0.00,M,M
OFK,2025-05-04 09:56,64.00,40.00,41.25,5.75,M,M
OFK,2025-05-04 10:56,67.00,33.00,28.18,10.35,M,M
OFK,2025-05-04 11:56,70.00,36.00,28.65,10.35,M,M
OFK,2025-05-04 12:56,71.00,34.00,25.58,8.05,M,M
OFK,2025-05-04 13:56,74.00,36.00,25.02,12.65,M,M
OFK,2025-05-04 14:56,74.00,34.00,23.11,10.35,M,M
OFK,2025-05-04 15:56,75.00,36.00,24.20,10.35,M,M
OFK,2025-05-04 16:56,76.00,34.00,21.62,11.50,M,M
OFK,2025-05-04 17:56,76.00,35.00,22.49,11.50,M,M
OFK,2025-05-04 18:56,74.00,35.00,24.05,10.35,M,M
OFK,2025-05-04 19:56,69.00,36.00,29.65,9.20,M,M
OFK,2025-05-04 20:56,62.00,37.00,39.35,8.05,M,M
OFK,2025-05-04 21:56,59.00,37.00,43.78,5.75,M,M
OFK,2025-05-04 22:56,57.00,37.00,47.04,6.90,M,M
OFK,2025-05-04 23:56,53.00,37.00,54.41,3.45,M,M
OFK,2025-05-05 00:56,53.00,37.00,54.41,0.00,M,M
OFK,2025-05-05 01:56,45.00,37.00,73.37,0.00,M,M
OFK,2025-05-05 02:56,46.00,38.00,73.47,0.00,M,M
OFK,2025-05-05 03:56,46.00,38.00,73.47,4.60,M,M
OFK,2025-05-05 04:56,43.00,37.00,79.19,0.00,M,M
OFK,2025-05-05 05:56,45.00,38.00,76.31,0.00,M,M
OFK,2025-05-05 06:56,41.00,37.00,85.54,0.00,M,M
OFK,2025-05-05 07:56,52.00,43.00,71.28,0.00,M,M
OFK,2025-05-05 08:56,60.00,44.00,55.42,0.00,M,M
OFK,2025-05-05 09:56,69.00,40.00,34.69,4.60,M,M
OFK,2025-05-05 10:56,71.00,38.00,29.96,5.75,M,M
OFK,2025-05-05 11:56,73.00,38.00,28.00,5.75,M,M
OFK,2025-05-05 12:56,75.00,37.00,25.17,11.50,M,M
OFK,2025-05-05 13:56,75.00,34.00,22.35,10.35,M,M
OFK,2025-05-05 14:56,78.00,36.00,21.90,11.50,M,M
OFK,2025-05-05 15:56,78.00,35.00,21.05,6.90,M,M
OFK,2025-05-05 16:56,78.00,36.00,21.90,12.65,M,M
OFK,2025-05-05 17:56,78.00,35.00,21.05,9.20,M,M
OFK,2025-05-05 18:56,77.00,36.00,22.64,10.35,M,M
OFK,2025-05-05 19:56,71.00,39.00,31.16,5.75,M,M
OFK,2025-05-05 20:56,69.00,37.00,30.84,6.90,M,M
OFK,2025-05-05 21:56,60.00,39.00,45.69,4.60,M,M
OFK,2025-05-05 22:56,55.00,40.00,56.88,0.00,M,M
OFK,2025-05-05 23:56,54.00,40.00,58.99,3.45,M,M
OFK,2025-05-06 00:56,54.00,39.00,56.74,0.00,M,M
OFK,2025-05-06 01:56,51.00,40.00,65.87,0.00,M,M
OFK,2025-05-06 02:56,48.00,40.00,73.67,0.00,M,M
OFK,2025-05-06 03:56,47.00,40.00,76.49,5.75,M,M
OFK,2025-05-06 04:56,46.00,38.00,73.47,0.00,M,M
OFK,2025-05-06 05:56,42.00,38.00,85.60,0.00,M,M
OFK,2025-05-06 06:56,45.00,40.00,82.51,0.00,M,M
OFK,2025-05-06 07:56,52.00,43.00,71.28,0.00,M,M
OFK,2025-05-06 08:56,61.00,45.00,55.57,0.00,M,M
OFK,2025-05-06 09:56,66.00,44.00,44.88,5.75,M,M
OFK,2025-05-06 10:56,73.00,44.00,35.32,6.90,M,M
OFK,2025-05-06 11:56,76.00,41.00,28.47,3.45,M,M
OFK,2025-05-06 12:56,79.00,37.00,22.05,11.50,M,M
OFK,2025-05-06 13:56,80.00,35.00,19.71,9.20,M,31.05
OFK,2025-05-06 14:56,81.00,36.00,19.85,12.65,M,M
OFK,2025-05-06 15:56,81.00,37.00,20.65,14.95,M,M
OFK,2025-05-06 16:56,81.00,37.00,20.65,9.20,M,M
OFK,2025-05-06 17:56,79.00,36.00,21.19,9.20,M,M
OFK,2025-05-06 18:56,76.00,38.00,25.32,6.90,M,M
OFK,2025-05-06 19:56,72.00,40.00,31.32,8.05,M,M
OFK,2025-05-06 20:56,65.00,41.00,41.41,5.75,M,M
OFK,2025-05-06 21:56,64.00,42.00,44.57,8.05,M,M
OFK,2025-05-06 22:56,61.00,42.00,49.54,4.60,M,M
OFK,2025-05-06 23:56,60.00,42.00,51.33,0.00,M,M
OFK,2025-05-07 00:56,57.00,44.00,61.72,0.00,M,M
OFK,2025-05-07 01:56,56.00,43.00,61.59,0.00,M,M
OFK,2025-05-07 02:56,54.00,43.00,66.24,0.00,M,M
OFK,2025-05-07 03:56,55.00,43.00,63.86,0.00,M,M
OFK,2025-05-07 04:56,52.00,44.00,74.07,0.00,M,M
OFK,2025-05-07 05:56,51.00,46.00,82.93,0.00,M,M
OFK,2025-05-07 06:56,50.00,46.00,86.06,3.45,M,M
OFK,2025-05-07 07:56,55.00,48.00,77.21,0.00,M,M
OFK,2025-05-07 08:56,60.00,46.00,59.80,4.60,M,M
OFK,2025-05-07 09:56,66.00,46.00,48.43,3.45,M,M
OFK,2025-05-07 10:56,69.00,46.00,43.67,3.45,M,M
OFK,2025-05-07 11:56,72.00,44.00,36.54,8.05,M,M
OFK,2025-05-07 12:56,76.00,44.00,31.95,12.65,M,M
OFK,2025-05-07 13:56,76.00,45.00,33.19,11.50,7000.00,M
OFK,2025-05-07 14:56,77.00,43.00,29.74,10.35,10000.00,M
OFK,2025-05-07 15:56,76.00,42.00,29.59,10.35,9000.00,M
OFK,2025-05-07 16:56,76.00,40.00,27.38,11.50,9000.00,M
OFK,2025-05-07 17:56,78.00,41.00,26.64,12.65,9000.00,M
OFK,2025-05-07 18:56,75.00,40.00,28.31,9.20,M,M
OFK,2025-05-07 19:56,70.00,41.00,34.85,5.75,M,M
OFK,2025-05-07 20:56,66.00,43.00,43.20,8.05,9000.00,M
OFK,2025-05-07 21:56,63.00,43.00,47.97,0.00,M,M
OFK,2025-05-07 22:56,57.00,45.00,64.12,0.00,M,M
OFK,2025-05-07 23:56,57.00,45.00,64.12,0.00,M,M
OFK,2025-05-08 00:56,54.00,45.00,71.50,0.00,9000.00,M
OFK,2025-05-08 01:56,54.00,46.00,74.26,3.45,M,M
OFK,2025-05-08 02:56,51.00,45.00,79.84,4.60,M,M
OFK,2025-05-08 03:56,51.00,45.00,79.84,0.00,11000.00,M
OFK,2025-05-08 04:56,45.00,43.00,92.65,3.45,M,M
OFK,2025-05-08 05:56,46.00,43.00,89.20,0.00,M,M
OFK,2025-05-08 06:56,46.00,43.00,89.20,0.00,M,M
OFK,2025-05-08 07:56,54.00,47.00,77.12,0.00,M,M
OFK,2025-05-08 08:56,62.00,48.00,60.07,3.45,M,M
OFK,2025-05-08 09:56,67.00,48.00,50.44,6.90,M,M
OFK,2025-05-08 10:56,69.00,47.00,45.35,5.75,M,M
OFK,2025-05-08 11:56,73.00,46.00,38.11,0.00,M,M
OFK,2025-05-08 12:56,76.00,46.00,34.47,M,M,M
OFK,2025-05-08 13:56,77.00,43.00,29.74,M,M,M
OFK,2025-05-08 17:56,81.00,43.00,26.08,5.75,8500.00,M
OFK,2025-05-08 18:56,79.00,43.00,27.84,8.05,M,M
OFK,2025-05-08 19:56,75.00,45.00,34.31,5.75,M,M
OFK,2025-05-08 20:56,71.00,45.00,39.27,3.45,M,M
OFK,2025-05-08 21:56,64.00,45.00,49.99,4.60,M,M
OFK,2025-05-08 22:56,62.00,46.00,55.71,8.05,M,M
OFK,2025-05-08 23:56,59.00,44.00,57.44,6.90,M,M
OFK,2025-05-09 00:56,60.00,42.00,51.33,3.45,M,M
OFK,2025-05-09 01:56,54.00,42.00,63.74,0.00,M,M
OFK,2025-05-09 02:56,53.00,42.00,66.12,0.00,M,M
OFK,2025-05-09 03:56,49.00,42.00,76.67,3.45,M,M
OFK,2025-05-09 04:56,47.00,42.00,82.65,0.00,M,M
OFK,2025-05-09 05:56,49.00,42.00,76.67,0.00,M,M
OFK,2025-05-09 06:56,49.00,43.00,79.68,0.00,M,M
OFK,2025-05-09 07:56,57.00,45.00,64.12,0.00,M,M
OFK,2025-05-09 08:56,67.00,49.00,52.37,4.60,M,M
OFK,2025-05-09 09:56,73.00,47.00,39.58,5.75,M,M
OFK,2025-05-09 10:56,78.00,44.00,29.90,6.90,M,M
OFK,2025-05-09 11:56,81.00,46.00,29.23,4.60,M,M
OFK,2025-05-09 12:56,83.00,42.00,23.51,8.05,M,M
OFK,2025-05-09 13:56,84.00,39.00,20.27,M,M,M
OFK,2025-05-09 14:56,85.00,37.00,18.14,3.45,10000.00,M
OFK,2025-05-09 15:56,86.00,38.00,18.28,8.05,M,M
OFK,2025-05-09 16:56,84.00,36.00,18.01,4.60,M,M
OFK,2025-05-09 17:56,87.00,37.00,17.02,4.60,11000.00,M
OFK,2025-05-09 18:56,86.00,37.00,17.57,6.90,11000.00,M
OFK,2025-05-09 19:56,81.00,37.00,20.65,4.60,M,M
OFK,2025-05-09 20:56,74.00,39.00,28.16,0.00,M,M
OFK,2025-05-09 21:56,70.00,43.00,37.64,4.60,M,M
OFK,2025-05-09 22:56,67.00,45.00,45.04,11.50,M,M
OFK,2025-05-09 23:56,68.00,43.00,40.31,12.65,M,M
OFK,2025-05-10 00:56,66.00,42.00,41.57,4.60,M,M
OFK,2025-05-10 01:56,63.00,42.00,46.16,5.75,M,M
OFK,2025-05-10 02:56,59.00,43.00,55.28,0.00,M,M
OFK,2025-05-10 03:56,55.00,43.00,63.86,0.00,M,M
OFK,2025-05-10 04:56,56.00,43.00,61.59,0.00,M,M
OFK,2025-05-10 05:56,51.00,44.00,76.85,0.00,M,M
OFK,2025-05-10 06:56,53.00,45.00,74.16,0.00,M,M
OFK,2025-05-10 07:56,61.00,47.00,59.94,0.00,M,M
OFK,2025-05-10 08:56,68.00,39.00,34.53,9.20,M,M
OFK,2025-05-10 09:56,72.00,41.00,32.56,11.50,M,M
OFK,2025-05-10 10:56,77.00,42.00,28.62,12.65,M,M
OFK,2025-05-10 11:56,81.00,44.00,27.09,11.50,M,M
OFK,2025-05-10 12:56,84.00,44.00,24.58,9.20,M,M
OFK,2025-05-10 13:56,85.00,41.00,21.21,3.45,M,M
OFK,2025-05-10 14:56,87.00,39.00,18.41,3.45,M,M
OFK,2025-05-10 15:56,86.00,37.00,17.57,3.45,11000.00,M
OFK,2025-05-10 16:56,88.00,37.00,16.49,6.90,M,M
OFK,2025-05-10 17:56,87.00,37.00,17.02,10.35,M,M
OFK,2025-05-10 18:56,86.00,37.00,17.57,8.05,M,M
OFK,2025-05-10 19:56,80.00,38.00,22.19,8.05,M,M
OFK,2025-05-10 20:56,73.00,37.00,26.92,9.20,M,M
OFK,2025-05-10 21:56,73.00,36.00,25.88,10.35,M,M
OFK,2025-05-10 22:56,73.00,37.00,26.92,11.50,M,M
OFK,2025-05-10 23:56,70.00,40.00,33.52,11.50,M,M
OFK,2025-05-11 00:56,69.00,43.00,38.95,9.20,M,M
OFK,2025-05-11 01:56,65.00,42.00,43.04,6.90,M,M
OFK,2025-05-11 02:56,65.00,42.00,43.04,10.35,M,M
OFK,2025-05-11 03:56,64.00,44.00,48.12,8.05,M,M
OFK,2025-05-11 04:56,60.00,45.00,57.58,0.00,M,M
OFK,2025-05-11 05:56,55.00,44.00,66.36,5.75,M,M
OFK,2025-05-11 06:56,54.00,45.00,71.50,3.45,M,M
OFK,2025-05-11 07:56,64.00,47.00,53.92,5.75,M,M
OFK,2025-05-11 08:56,72.00,46.00,39.42,13.80,M,M
OFK,2025-05-11 09:56,78.00,46.00,32.26,14.95,M,M
OFK,2025-05-11 10:56,83.00,41.00,22.62,19.55,M,29.90
OFK,2025-05-11 11:56,85.00,40.00,20.40,20.70,M,34.50
OFK,2025-05-11 12:56,86.00,40.00,19.76,20.70,M,29.90
OFK,2025-05-11 13:56,87.00,36.00,16.36,14.95,M,31.05
OFK,2025-05-11 14:56,88.00,36.00,15.85,16.10,M,34.50
OFK,2025-05-11 15:56,88.00,35.00,15.23,17.25,M,32.20
OFK,2025-05-11 16:56,88.00,36.00,15.85,14.95,M,33.35
OFK,2025-05-11 17:56,87.00,36.00,16.36,17.25,M,32.20
OFK,2025-05-11 18:56,85.00,38.00,18.87,14.95,M,M
OFK,2025-05-11 19:56,81.00,40.00,23.22,13.80,M,M
OFK,2025-05-11 20:56,75.00,39.00,27.23,11.50,M,M
OFK,2025-05-11 21:56,72.00,38.00,28.96,10.35,M,M
OFK,2025-05-11 22:56,68.00,37.00,31.92,11.50,M,M
OFK,2025-05-11 23:56,66.00,35.00,31.60,12.65,M,M
OFK,2025-05-12 00:56,64.00,35.00,33.89,8.05,M,M
OFK,2025-05-12 01:56,64.00,37.00,36.68,12.65,M,M
OFK,2025-05-12 02:56,63.00,38.00,39.51,13.80,M,M
OFK,2025-05-12 03:56,60.00,39.00,45.69,10.35,M,M
OFK,2025-05-12 04:56,56.00,39.00,52.75,10.35,M,M
OFK,2025-05-12 05:56,56.00,40.00,54.85,12.65,M,M
OFK,2025-05-12 06:56,58.00,42.00,55.14,11.50,M,M
OFK,2025-05-12 07:56,63.00,44.00,49.84,11.50,M,M
OFK,2025-05-12 08:56,68.00,45.00,43.51,11.50,M,M
OFK,2025-05-12 09:56,74.00,45.00,35.48,10.35,M,M
OFK,2025-05-12 10:56,79.00,45.00,30.05,12.65,M,M
OFK,2025-05-12 11:56,82.00,42.00,24.29,17.25,M,M
OFK,2025-05-12 12:56,83.00,41.00,22.62,12.65,M,29.90
OFK,2025-05-12 13:21,85.00,41.00,21.21,18.40,M,M
OFK,2025-05-12 13:31,85.00,41.00,21.21,18.40,M,M
OFK,2025-05-12 13:56,85.00,40.00,20.40,14.95,M,31.05
OFK,2025-05-12 14:02,86.00,40.00,19.76,17.25,M,M
OFK,2025-05-12 14:12,86.00,38.00,18.28,14.95,M,M
OFK,2025-05-12 14:52,87.80,39.20,18.09,17.25,M,M
OFK,2025-05-12 14:56,87.00,38.00,17.70,19.55,M,M
OFK,2025-05-12 15:56,87.00,38.00,17.70,13.80,M,37.95
OFK,2025-05-12 16:56,87.00,39.00,18.41,14.95,M,32.20
OFK,2025-05-12 17:56,86.00,39.00,19.01,14.95,M,M
OFK,2025-05-12 18:56,85.00,40.00,20.40,14.95,M,M
OFK,2025-05-12 19:56,81.00,41.00,24.14,9.20,M,M
OFK,2025-05-12 20:56,72.00,42.00,33.84,9.20,M,M
OFK,2025-05-12 21:56,70.00,41.00,34.85,10.35,M,M
OFK,2025-05-12 22:56,67.00,42.00,40.15,9.20,M,M
OFK,2025-05-12 23:03,66.00,42.00,41.57,9.20,M,M
OFK,2025-05-12 23:12,65.00,42.00,43.04,9.20,M,M
OFK,2025-05-12 23:56,69.00,43.00,38.95,12.65,M,M
OFK,2025-05-13 00:56,68.00,43.00,40.31,12.65,M,M
OFK,2025-05-13 01:56,62.00,44.00,51.63,10.35,M,M
OFK,2025-05-13 02:48,62.00,44.00,51.63,10.35,M,M
OFK,2025-05-13 02:54,60.80,44.60,55.12,11.50,M,M
OFK,2025-05-13 02:56,61.00,45.00,55.57,12.65,M,M
OFK,2025-05-13 03:56,60.00,44.00,55.42,9.20,M,M
OFK,2025-05-13 04:56,58.00,44.00,59.54,8.05,M,M
OFK,2025-05-13 05:56,58.00,45.00,61.85,6.90,M,M
OFK,2025-05-13 06:56,60.00,46.00,59.80,6.90,M,M
OFK,2025-05-13 07:56,66.00,48.00,52.22,9.20,M,M
OFK,2025-05-13 08:56,70.00,48.00,45.53,11.50,M,M
OFK,2025-05-13 09:56,77.00,48.00,36.00,13.80,M,M
OFK,2025-05-13 10:56,80.00,47.00,31.41,14.95,M,M
OFK,2025-05-13 11:56,82.00,45.00,27.29,17.25,M,32.20
OFK,2025-05-13 12:56,85.00,47.00,26.73,20.70,M,31.05
OFK,2025-05-13 13:56,86.00,44.00,23.10,12.65,M,29.90
OFK,2025-05-13 14:56,87.00,43.00,21.54,14.95,M,32.20
OFK,2025-05-13 15:56,87.00,43.00,21.54,14.95,M,29.90
OFK,2025-05-13 16:56,88.00,45.00,22.53,16.10,M,29.90
OFK,2025-05-13 17:56,87.00,45.00,23.25,14.95,M,M
OFK,2025-05-13 18:56,86.00,45.00,24.00,12.65,M,M
OFK,2025-05-13 19:56,82.00,46.00,28.34,12.65,M,M
OFK,2025-05-13 20:56,75.00,46.00,35.68,6.90,M,M
OFK,2025-05-13 21:56,72.00,48.00,42.54,6.90,M,M
OFK,2025-05-13 22:56,74.00,48.00,39.78,12.65,M,M
OFK,2025-05-13 23:56,71.00,49.00,45.69,12.65,M,M
OFK,2025-05-14 00:56,70.00,50.00,49.06,11.50,M,M
OFK,2025-05-14 01:56,66.00,51.00,58.42,10.35,M,M
OFK,2025-05-14 02:56,66.00,52.00,60.62,8.05,M,M
OFK,2025-05-14 03:56,66.00,53.00,62.89,9.20,M,M
OFK,2025-05-14 04:56,64.00,53.00,67.43,9.20,M,M
OFK,2025-05-14 05:56,59.00,52.00,77.56,6.90,M,M
OFK,2025-05-14 06:56,59.00,53.00,80.47,5.75,M,M
OFK,2025-05-14 07:56,65.00,54.00,67.55,9.20,M,M
OFK,2025-05-14 08:56,73.00,58.00,59.38,10.35,M,M
OFK,2025-05-14 09:56,77.00,58.00,51.96,17.25,M,M
OFK,2025-05-14 10:56,81.00,57.00,43.96,16.10,4800.00,M
OFK,2025-05-14 11:56,83.00,54.00,36.96,18.40,M,31.05
OFK,2025-05-14 12:56,85.00,50.00,29.91,13.80,M,31.05
OFK,2025-05-14 13:56,86.00,51.00,30.06,11.50,M,M
OFK,2025-05-14 14:56,87.00,50.00,28.06,19.55,M,M
OFK,2025-05-14 15:56,88.00,50.00,27.19,16.10,M,32.20
OFK,2025-05-14 16:56,88.00,50.00,27.19,19.55,M,32.20
OFK,2025-05-14 17:56,87.00,50.00,28.06,14.95,M,32.20
OFK,2025-05-14 18:56,86.00,54.00,33.57,20.70,M,31.05
OFK,2025-05-14 19:56,82.00,55.00,39.59,17.25,7500.00,M
OFK,2025-05-14 20:56,80.00,55.00,42.25,13.80,M,M
OFK,2025-05-14 21:05,80.00,55.00,42.25,13.80,M,M
OFK,2025-05-14 21:56,79.00,57.00,46.93,14.95,6000.00,M
OFK,2025-05-14 22:56,77.00,59.00,53.86,17.25,5000.00,M
OFK,2025-05-14 23:56,76.00,60.00,57.69,16.10,M,M
OFK,2025-05-15 00:56,74.00,62.00,66.20,11.50,M,M
OFK,2025-05-15 01:56,74.00,65.00,73.54,8.05,M,M
OFK,2025-05-15 02:17,68.00,58.00,70.38,18.40,2600.00,40.25
OFK,2025-05-15 02:56,66.00,57.00,72.74,10.35,2700.00,40.25
OFK,2025-05-15 03:56,66.00,57.00,72.74,3.45,2700.00,M
OFK,2025-05-15 04:04,65.00,58.00,78.08,3.45,2700.00,M
OFK,2025-05-15 04:56,66.00,62.00,86.95,10.35,M,M
OFK,2025-05-15 05:56,64.00,60.00,86.84,26.45,900.00,39.10
OFK,2025-05-15 06:06,60.00,56.00,86.62,31.05,900.00,42.55
OFK,2025-05-15 06:13,60.00,56.00,86.62,24.15,900.00,42.55
OFK,2025-05-15 06:23,59.00,55.00,86.57,23.00,1100.00,43.70
OFK,2025-05-15 06:46,59.00,55.00,86.57,20.70,1300.00,43.70
OFK,2025-05-15 06:56,60.00,55.00,83.54,17.25,1300.00,43.70
OFK,2025-05-15 07:16,60.00,55.00,83.54,20.70,1500.00,M
OFK,2025-05-15 07:44,62.00,54.00,75.03,17.25,1600.00,M
OFK,2025-05-15 07:56,62.00,52.00,69.72,19.55,2000.00,33.35
OFK,2025-05-15 08:56,64.00,51.00,62.64,24.15,2600.00,35.65
OFK,2025-05-15 09:06,63.00,51.00,64.87,18.40,2600.00,39.10
OFK,2025-05-15 09:34,64.00,51.00,62.64,35.65,2600.00,49.45
OFK,2025-05-15 09:56,64.00,53.00,67.43,27.60,1400.00,51.75
OFK,2025-05-15 10:56,62.00,53.00,72.34,27.60,2300.00,48.30
OFK,2025-05-15 11:07,63.00,52.00,67.31,21.85,2500.00,37.95
OFK,2025-05-15 11:33,63.00,50.00,62.51,23.00,2300.00,43.70
OFK,2025-05-15 11:56,61.00,49.00,64.62,27.60,2700.00,46.00
OFK,2025-05-15 12:56,65.00,44.00,46.49,25.30,4000.00,49.45
OFK,2025-05-15 13:56,67.00,46.00,46.80,24.15,4200.00,47.15
OFK,2025-05-15 14:56,70.00,40.00,33.54,20.70,5500.00,43.70
OFK,2025-05-15 15:56,71.00,39.00,31.18,23.00,8000.00,44.85
OFK,2025-05-15 16:56,73.00,39.00,29.14,20.70,7000.00,34.50
OFK,2025-05-15 17:56,72.00,40.00,31.34,20.70,M,33.35
OFK,2025-05-15 18:56,72.00,42.00,33.86,19.55,8000.00,35.65
OFK,2025-05-15 19:56,70.00,42.00,36.24,17.25,M,31.05
OFK,2025-05-15 20:56,67.00,40.00,37.17,12.65,M,M
OFK,2025-05-15 21:56,66.00,36.00,32.89,14.95,M,M
OFK,2025-05-15 22:56,64.00,37.00,36.68,12.65,M,M
OFK,2025-05-15 23:56,60.00,38.00,43.94,11.50,M,M
OFK,2025-05-16 00:56,59.00,39.00,47.35,12.65,M,M
OFK,2025-05-16 01:56,59.00,39.00,47.35,10.35,M,M
OFK,2025-05-16 02:56,61.00,39.00,44.10,18.40,M,M
OFK,2025-05-16 03:56,59.00,39.00,47.35,19.55,M,32.20
OFK,2025-05-16 04:56,57.00,39.00,50.88,14.95,M,32.20
OFK,2025-05-16 05:56,55.00,39.00,54.70,13.80,M,M
OFK,2025-05-16 06:56,55.00,39.00,54.70,16.10,M,M
OFK,2025-05-16 07:56,58.00,40.00,51.03,23.00,M,31.05
OFK,2025-05-16 08:56,60.00,38.00,43.94,28.75,M,44.85
OFK,2025-05-16 09:56,60.00,38.00,43.94,28.75,6000.00,44.85
OFK,2025-05-16 10:56,58.00,38.00,47.19,31.05,4800.00,43.70
OFK,2025-05-16 11:56,59.00,39.00,47.35,28.75,4700.00,47.15
OFK,2025-05-16 12:56,53.00,46.00,77.03,33.35,2600.00,58.65
OFK,2025-05-16 13:56,52.00,46.00,79.92,26.45,2700.00,55.20
OFK,2025-05-16 14:56,53.00,43.00,68.71,24.15,3600.00,47.15
OFK,2025-05-16 15:56,55.00,42.00,61.46,19.55,3800.00,50.60
OFK,2025-05-16 16:56,53.00,42.00,66.11,29.90,3000.00,44.85
OFK,2025-05-16 17:56,54.00,41.00,61.32,26.45,3000.00,49.45
OFK,2025-05-16 18:56,53.00,42.00,66.11,21.85,2500.00,48.30
OFK,2025-05-16 19:10,53.00,43.00,68.71,28.75,2900.00,47.15
OFK,2025-05-16 19:25,52.00,43.00,71.28,29.90,2400.00,47.15
OFK,2025-05-16 19:56,49.00,46.00,89.33,23.00,1700.00,47.15
OFK,2025-05-16 20:56,51.00,43.00,73.96,25.30,3900.00,42.55
OFK,2025-05-16 21:56,51.00,43.00,73.96,21.85,2500.00,37.95
OFK,2025-05-16 22:19,51.00,43.00,73.96,19.55,2300.00,34.50
OFK,2025-05-16 22:56,51.00,43.00,73.96,18.40,3400.00,39.10
OFK,2025-05-16 23:56,52.00,40.00,63.48,19.55,3300.00,39.10
OFK,2025-05-17 00:56,51.00,40.00,65.87,23.00,3200.00,39.10
OFK,2025-05-17 01:56,49.00,40.00,70.96,11.50,3400.00,M
OFK,2025-05-17 02:56,48.00,41.00,76.58,13.80,3000.00,M
OFK,2025-05-17 03:56,50.00,42.00,73.86,14.95,2800.00,M
OFK,2025-05-17 04:56,49.00,42.00,76.67,16.10,2400.00,M
OFK,2025-05-17 05:56,47.00,41.00,79.51,16.10,2100.00,M
OFK,2025-05-17 06:56,46.00,40.00,79.43,20.70,2500.00,M
OFK,2025-05-17 07:56,47.00,38.00,70.74,18.40,2200.00,32.20
OFK,2025-05-17 08:46,50.00,38.00,63.22,21.85,2400.00,29.90
OFK,2025-05-17 08:56,49.00,38.00,65.62,19.55,2300.00,29.90
OFK,2025-05-17 09:56,53.00,39.00,58.85,16.10,M,M
OFK,2025-05-17 10:56,57.00,38.00,48.92,19.55,M,M
OFK,2025-05-17 11:56,60.00,38.00,43.94,16.10,M,M
OFK,2025-05-17 12:56,64.00,38.00,38.16,16.10,M,M
OFK,2025-05-17 13:56,65.00,39.00,38.32,18.40,M,M
OFK,2025-05-17 14:56,66.00,39.00,37.01,10.35,M,M
OFK,2025-05-17 15:56,67.00,38.00,34.38,13.80,M,M
OFK,2025-05-17 16:56,68.00,38.00,33.22,12.65,M,M
OFK,2025-05-17 17:56,67.00,37.00,33.05,10.35,M,M
OFK,2025-05-17 18:56,65.00,39.00,38.32,9.20,M,M
OFK,2025-05-17 19:56,62.00,39.00,42.57,10.35,M,M
OFK,2025-05-17 20:56,58.00,39.00,49.08,8.05,M,M
OFK,2025-05-17 21:56,56.00,40.00,54.85,6.90,M,M
OFK,2025-05-17 22:56,49.00,39.00,68.24,4.60,M,M
OFK,2025-05-17 23:56,49.00,40.00,70.96,4.60,M,M
OFK,2025-05-18 00:56,47.00,40.00,76.49,5.75,M,M
OFK,2025-05-18 01:56,46.00,39.00,76.39,5.75,M,M
OFK,2025-05-18 02:56,46.00,38.00,73.46,9.20,M,M
OFK,2025-05-18 03:56,44.00,37.00,76.21,9.20,M,M
OFK,2025-05-18 04:56,42.00,36.00,79.10,10.35,M,M
OFK,2025-05-18 05:56,40.00,35.00,82.14,11.50,M,M
OFK,2025-05-18 06:56,40.00,35.00,82.14,9.20,M,M
OFK,2025-05-18 07:56,43.00,36.00,76.11,11.50,M,M
OFK,2025-05-18 08:56,47.00,37.00,68.01,13.80,M,M
OFK,2025-05-18 09:56,52.00,37.00,56.44,13.80,M,M
OFK,2025-05-18 10:56,58.00,37.00,45.37,10.35,M,M
OFK,2025-05-18 11:56,60.00,37.00,42.24,16.10,M,M
OFK,2025-05-18 12:56,65.00,36.00,34.05,16.10,M,M
OFK,2025-05-18 13:56,68.00,35.00,29.50,13.80,M,M
OFK,2025-05-18 14:56,73.00,34.00,23.92,17.25,M,M
OFK,2025-05-18 15:56,76.00,33.00,20.78,24.15,M,34.50
OFK,2025-05-18 16:56,76.00,33.00,20.78,21.85,M,34.50
OFK,2025-05-18 17:56,74.00,33.00,22.22,21.85,6500.00,36.80
OFK,2025-05-18 18:56,74.00,33.00,22.22,23.00,6500.00,35.65
OFK,2025-05-18 19:56,72.00,32.00,22.83,16.10,6000.00,39.10
OFK,2025-05-18 20:56,69.00,36.00,29.66,19.55,6000.00,40.25
OFK,2025-05-18 21:30,63.00,44.00,49.85,13.80,6000.00,33.35
OFK,2025-05-18 21:56,58.00,48.00,69.28,24.15,8000.00,33.35
OFK,2025-05-18 22:56,56.00,50.00,80.23,19.55,10000.00,41.40
OFK,2025-05-18 23:13,56.00,51.00,83.27,20.70,9500.00,31.05
OFK,2025-05-18 23:56,54.00,52.00,92.92,13.80,3100.00,31.05
OFK,2025-05-19 00:12,54.00,52.00,92.92,14.95,3500.00,M
OFK,2025-05-19 00:27,54.00,52.00,92.92,17.25,800.00,M
OFK,2025-05-19 00:38,53.00,52.00,96.39,21.85,800.00,33.35
OFK,2025-05-19 00:56,54.00,52.00,92.92,17.25,1100.00,33.35
OFK,2025-05-19 01:03,54.00,52.00,92.92,21.85,1100.00,29.90
OFK,2025-05-19 01:16,54.00,52.00,92.92,25.30,1100.00,34.50
OFK,2025-05-19 01:38,53.00,52.00,96.39,26.45,1200.00,43.70
OFK,2025-05-19 01:46,54.00,52.00,92.92,26.45,1300.00,43.70
OFK,2025-05-19 01:56,54.00,52.00,92.92,23.00,1300.00,43.70
OFK,2025-05-19 02:37,55.00,52.00,89.60,19.55,1300.00,42.55
OFK,2025-05-19 02:56,55.00,52.00,89.60,8.05,1200.00,42.55
OFK,2025-05-19 03:01,54.00,53.00,96.40,10.35,1100.00,M
OFK,2025-05-19 03:15,54.00,53.00,96.40,14.95,1000.00,M
OFK,2025-05-19 03:22,54.00,53.00,96.40,10.35,1000.00,M
OFK,2025-05-19 03:29,53.00,52.00,96.39,13.80,1000.00,M
OFK,2025-05-19 03:39,53.00,52.00,96.39,3.45,2300.00,M
OFK,2025-05-19 03:47,53.00,53.00,100.00,16.10,600.00,M
OFK,2025-05-19 03:53,53.60,53.60,100.00,18.40,600.00,29.90
OFK,2025-05-19 03:54,53.00,53.00,100.00,18.40,500.00,29.90
OFK,2025-05-19 04:03,53.00,53.00,100.00,14.95,500.00,33.35
OFK,2025-05-19 04:18,54.00,52.00,92.92,4.60,400.00,33.35
OFK,2025-05-19 04:56,56.00,54.00,92.98,14.95,2100.00,33.35
OFK,2025-05-19 05:24,56.00,54.00,92.98,12.65,900.00,M
OFK,2025-05-19 05:38,56.00,54.00,92.98,10.35,900.00,M
OFK,2025-05-19 05:56,56.00,54.00,92.98,13.80,900.00,M
OFK,2025-05-19 06:56,55.00,53.00,92.95,14.95,2400.00,M
OFK,2025-05-19 07:27,54.00,53.00,96.40,14.95,1000.00,M
OFK,2025-05-19 07:44,55.00,53.00,92.95,12.65,700.00,M
OFK,2025-05-19 07:56,55.00,53.00,92.95,14.95,700.00,M
OFK,2025-05-19 08:56,56.00,55.00,96.44,16.10,600.00,33.35
OFK,2025-05-19 09:56,58.00,56.00,93.04,23.00,600.00,34.50
OFK,2025-05-19 10:06,58.00,57.00,96.47,25.30,600.00,35.65
OFK,2025-05-19 10:20,58.00,57.00,96.47,21.85,500.00,35.65
OFK,2025-05-19 10:56,58.00,57.00,96.47,18.40,600.00,35.65
OFK,2025-05-19 11:08,59.00,58.00,96.48,17.25,600.00,M
OFK,2025-05-19 11:49,59.00,58.00,96.48,14.95,500.00,M
OFK,2025-05-19 11:56,59.00,58.00,96.48,14.95,500.00,M
OFK,2025-05-19 12:09,60.00,59.00,96.50,13.80,500.00,M
OFK,2025-05-19 12:56,60.00,59.00,96.50,12.65,500.00,M
OFK,2025-05-19 13:01,60.00,59.00,96.50,12.65,400.00,M
OFK,2025-05-19 13:56,61.00,61.00,100.00,13.80,400.00,M
OFK,2025-05-19 14:22,62.00,61.00,96.53,8.05,300.00,M
OFK,2025-05-19 14:49,63.00,62.00,96.54,12.65,300.00,M
OFK,2025-05-19 14:56,63.00,62.00,96.54,12.65,300.00,M
OFK,2025-05-19 15:04,63.00,62.00,96.54,17.25,300.00,M
OFK,2025-05-19 15:16,63.00,62.00,96.54,10.35,300.00,M
OFK,2025-05-19 15:48,63.00,63.00,100.00,11.50,200.00,M
OFK,2025-05-19 15:56,63.00,63.00,100.00,13.80,200.00,M
OFK,2025-05-19 16:07,63.00,63.00,100.00,12.65,300.00,M
OFK,2025-05-19 16:56,63.00,63.00,100.00,9.20,200.00,M
OFK,2025-05-19 17:18,63.00,63.00,100.00,13.80,200.00,M
OFK,2025-05-19 17:49,63.00,63.00,100.00,12.65,200.00,M
OFK,2025-05-19 17:56,63.00,62.00,96.54,13.80,200.00,M
OFK,2025-05-19 18:19,63.00,62.00,96.54,9.20,200.00,M
OFK,2025-05-19 18:30,63.00,62.00,96.54,6.90,200.00,M
OFK,2025-05-19 18:49,63.00,62.00,96.54,9.20,200.00,M
OFK,2025-05-19 18:56,62.00,61.00,96.53,13.80,300.00,M
OFK,2025-05-19 19:09,61.00,60.00,96.51,13.80,200.00,M
OFK,2025-05-19 19:21,60.00,59.00,96.50,10.35,300.00,M
OFK,2025-05-19 19:37,60.00,59.00,96.50,9.20,300.00,M
OFK,2025-05-19 19:56,59.00,58.00,96.48,8.05,400.00,M
OFK,2025-05-19 20:17,59.00,58.00,96.48,11.50,500.00,M
OFK,2025-05-19 20:56,58.00,57.00,96.47,10.35,500.00,M
OFK,2025-05-19 21:07,58.00,57.00,96.47,6.90,400.00,M
OFK,2025-05-19 21:52,57.20,57.20,100.00,5.75,500.00,M
OFK,2025-05-19 21:56,58.00,57.00,96.47,4.60,500.00,M
OFK,2025-05-19 22:33,57.00,56.00,96.45,0.00,400.00,M
OFK,2025-05-19 22:56,57.00,56.00,96.45,0.00,400.00,M
OFK,2025-05-19 23:40,57.00,56.00,96.45,5.75,500.00,M
OFK,2025-05-19 23:56,57.00,56.00,96.45,6.90,600.00,M
OFK,2025-05-20 00:12,57.00,57.00,100.00,6.90,600.00,M
OFK,2025-05-20 00:24,57.00,57.00,100.00,8.05,600.00,M
OFK,2025-05-20 00:30,57.00,57.00,100.00,8.05,400.00,M
OFK,2025-05-20 00:45,56.00,55.00,96.44,17.25,400.00,M
OFK,2025-05-20 00:56,54.00,53.00,96.40,14.95,500.00,M
OFK,2025-05-20 01:01,54.00,52.00,92.92,17.25,500.00,M
OFK,2025-05-20 01:56,54.00,52.00,92.92,16.10,1100.00,M
OFK,2025-05-20 02:26,51.00,48.00,89.42,13.80,1300.00,M
OFK,2025-05-20 02:56,50.00,46.00,86.06,14.95,2100.00,M
OFK,2025-05-20 03:56,49.00,46.00,89.33,11.50,2300.00,M
OFK,2025-05-20 04:52,48.20,46.40,93.45,17.25,1200.00,M
OFK,2025-05-20 04:56,48.00,46.00,92.74,16.10,1200.00,M
OFK,2025-05-20 05:38,48.00,46.00,92.74,12.65,900.00,M
OFK,2025-05-20 05:56,48.00,46.00,92.74,16.10,800.00,M
OFK,2025-05-20 06:56,47.00,46.00,96.29,17.25,700.00,M
OFK,2025-05-20 07:56,47.00,45.00,92.71,14.95,800.00,29.90
OFK,2025-05-20 08:56,47.00,45.00,92.71,13.80,800.00,M
OFK,2025-05-20 09:48,49.00,45.00,86.00,18.40,1000.00,M
OFK,2025-05-20 09:56,49.00,45.00,86.00,14.95,1000.00,M
OFK,2025-05-20 10:56,50.00,46.00,86.06,21.85,1000.00,29.90
OFK,2025-05-20 11:56,51.00,47.00,86.12,21.85,1100.00,32.20
OFK,2025-05-20 12:35,54.00,48.00,80.08,24.15,1500.00,36.80
OFK,2025-05-20 12:56,55.00,47.00,74.36,25.30,1700.00,37.95
OFK,2025-05-20 13:56,54.00,46.00,74.26,24.15,1900.00,37.95
OFK,2025-05-20 14:56,57.00,46.00,66.60,25.30,2200.00,41.40
OFK,2025-05-20 15:56,53.00,44.00,71.39,26.45,2600.00,41.40
OFK,2025-05-20 16:56,53.00,44.00,71.39,20.70,2300.00,34.50
OFK,2025-05-20 17:28,53.00,43.00,68.71,18.40,2400.00,35.65
OFK,2025-05-20 17:42,52.00,43.00,71.28,20.70,2700.00,35.65
OFK,2025-05-20 17:56,52.00,43.00,71.28,14.95,2700.00,35.65
OFK,2025-05-20 18:56,52.00,43.00,71.28,12.65,2500.00,32.20
OFK,2025-05-20 19:56,51.00,43.00,73.96,16.10,2600.00,M
OFK,2025-05-20 20:10,51.00,43.00,73.96,14.95,2500.00,M
OFK,2025-05-20 20:51,50.00,42.80,76.17,13.80,2600.00,M
OFK,2025-05-20 20:56,50.00,42.00,73.86,17.25,2600.00,M
OFK,2025-05-20 21:21,49.00,43.00,79.68,10.35,2500.00,M
OFK,2025-05-20 21:56,49.00,42.00,76.67,13.80,2900.00,M
OFK,2025-05-20 22:56,47.00,42.00,82.65,9.20,4200.00,M
OFK,2025-05-20 23:56,45.00,42.00,89.15,9.20,4800.00,M
OFK,2025-05-21 00:56,45.00,41.00,85.77,9.20,M,M
OFK,2025-05-21 01:56,45.00,42.00,89.15,9.20,M,M
OFK,2025-05-21 02:56,44.00,42.00,92.61,9.20,M,M
OFK,2025-05-21 03:56,44.00,42.00,92.61,10.35,M,M
OFK,2025-05-21 04:56,44.00,42.00,92.61,8.05,M,M
OFK,2025-05-21 05:33,44.00,42.00,92.61,5.75,1500.00,M
OFK,2025-05-21 05:51,44.60,42.80,93.35,5.75,1400.00,M
OFK,2025-05-21 05:56,44.00,43.00,96.24,6.90,1400.00,M
OFK,2025-05-21 06:16,44.00,43.00,96.24,5.75,1600.00,M
OFK,2025-05-21 06:24,44.00,43.00,96.24,8.05,1400.00,M
OFK,2025-05-21 06:52,44.60,42.80,93.35,5.75,1600.00,M
OFK,2025-05-21 06:56,45.00,43.00,92.64,4.60,1600.00,M
OFK,2025-05-21 07:20,46.00,44.00,92.68,8.05,1500.00,M
OFK,2025-05-21 07:56,48.00,43.00,82.72,11.50,2100.00,M
OFK,2025-05-21 08:33,50.00,44.00,79.76,14.95,1800.00,M
OFK,2025-05-21 08:56,52.00,43.00,71.28,17.25,1900.00,M
OFK,2025-05-21 09:15,52.00,42.00,68.59,17.25,2400.00,M
OFK,2025-05-21 09:24,52.00,41.00,65.99,21.85,2200.00,31.05
OFK,2025-05-21 09:33,53.00,41.00,63.61,16.10,2900.00,32.20
OFK,2025-05-21 09:56,54.00,42.00,63.74,16.10,2600.00,32.20
OFK,2025-05-21 10:56,56.00,42.00,59.26,20.70,2700.00,31.05
OFK,2025-05-21 11:56,59.00,44.00,57.44,17.25,3100.00,M
OFK,2025-05-21 12:56,61.00,45.00,55.58,13.80,3100.00,29.90
OFK,2025-05-21 13:56,63.00,45.00,51.79,10.35,3400.00,M
OFK,2025-05-21 14:56,64.00,46.00,51.94,12.65,4100.00,M
OFK,2025-05-21 15:56,65.00,46.00,50.16,14.95,4100.00,M
OFK,2025-05-21 16:56,65.00,45.00,48.29,12.65,4700.00,M
OFK,2025-05-21 17:56,64.00,45.00,50.01,16.10,M,M
OFK,2025-05-21 18:56,62.00,45.00,53.65,12.65,M,M
OFK,2025-05-21 19:56,59.00,45.00,59.68,11.50,M,M
OFK,2025-05-21 20:56,55.00,44.00,66.36,9.20,M,M
OFK,2025-05-21 21:56,51.00,44.00,76.85,3.45,M,M
OFK,2025-05-21 22:56,48.00,44.00,85.95,4.60,M,M
OFK,2025-05-21 23:56,47.00,44.00,89.24,4.60,M,M
OFK,2025-05-22 00:56,46.00,43.00,89.19,5.75,10000.00,M
OFK,2025-05-22 01:56,47.00,44.00,89.24,6.90,10000.00,M
OFK,2025-05-22 02:56,46.00,42.00,85.83,6.90,11000.00,M
OFK,2025-05-22 03:56,45.00,41.00,85.77,6.90,M,M
OFK,2025-05-22 04:56,44.00,40.00,85.71,5.75,M,M
OFK,2025-05-22 05:56,41.00,40.00,96.19,5.75,M,M
OFK,2025-05-22 06:56,43.00,41.00,92.58,6.90,M,M
OFK,2025-05-22 07:56,46.00,40.00,79.43,13.80,7000.00,M
OFK,2025-05-22 08:56,49.00,40.00,70.96,14.95,3100.00,M
OFK,2025-05-22 09:56,53.00,40.00,61.19,14.95,M,M
OFK,2025-05-22 10:56,56.00,40.00,54.85,14.95,3200.00,M
OFK,2025-05-22 11:56,58.00,40.00,51.03,17.25,3500.00,M
OFK,2025-05-22 12:56,60.00,41.00,49.39,14.95,3900.00,M
OFK,2025-05-22 13:56,60.00,41.00,49.39,16.10,4200.00,M
OFK,2025-05-22 14:56,62.00,40.00,44.26,17.25,4500.00,M
OFK,2025-05-22 15:56,61.00,40.00,45.85,12.65,4700.00,M
OFK,2025-05-22 16:56,64.00,42.00,44.58,14.95,4700.00,M
OFK,2025-05-22 17:56,63.00,41.00,44.42,16.10,4700.00,M
OFK,2025-05-22 18:56,61.00,40.00,45.85,12.65,4500.00,M
OFK,2025-05-22 19:56,59.00,40.00,49.24,9.20,M,M
OFK,2025-05-22 20:56,55.00,40.00,56.87,8.05,M,M
OFK,2025-05-22 21:56,52.00,41.00,65.99,8.05,M,M
OFK,2025-05-22 22:56,47.00,41.00,79.51,0.00,M,M
OFK,2025-05-22 23:56,46.00,40.00,79.43,0.00,M,M
OFK,2025-05-23 00:56,42.00,40.00,92.55,5.75,M,M
OFK,2025-05-23 01:56,40.00,39.00,96.18,0.00,M,M
OFK,2025-05-23 02:56,44.00,41.00,89.10,0.00,M,M
OFK,2025-05-23 03:56,43.00,42.00,96.23,8.05,M,M
OFK,2025-05-23 04:56,45.00,42.00,89.15,0.00,M,M
OFK,2025-05-23 05:56,43.00,42.00,96.23,0.00,11000.00,M
OFK,2025-05-23 06:56,45.00,43.00,92.64,0.00,9000.00,M
OFK,2025-05-23 07:56,48.00,45.00,89.28,3.45,9000.00,M
OFK,2025-05-23 08:56,50.00,45.00,82.86,4.60,11000.00,M
OFK,2025-05-23 09:56,58.00,45.00,61.85,9.20,M,M
OFK,2025-05-23 10:56,58.00,43.00,57.30,8.05,11000.00,M
OFK,2025-05-23 11:56,60.00,43.00,53.35,9.20,7000.00,M
OFK,2025-05-23 12:56,59.00,44.00,57.44,10.35,9000.00,M
OFK,2025-05-23 13:56,61.00,43.00,51.49,10.35,7000.00,M
OFK,2025-05-23 14:56,61.00,43.00,51.49,11.50,7000.00,M
OFK,2025-05-23 15:56,60.00,43.00,53.35,9.20,6000.00,M
OFK,2025-05-23 16:39,57.00,47.00,69.16,11.50,5500.00,M
OFK,2025-05-23 16:54,55.40,48.20,76.67,6.90,5500.00,M
OFK,2025-05-23 16:56,55.00,49.00,80.16,6.90,5500.00,M
OFK,2025-05-23 17:22,54.00,49.00,83.13,4.60,5000.00,M
OFK,2025-05-23 17:37,54.00,50.00,86.29,9.20,4900.00,M
OFK,2025-05-23 17:45,54.00,50.00,86.29,4.60,4900.00,M
OFK,2025-05-23 17:56,54.00,51.00,89.55,4.60,4300.00,M
OFK,2025-05-23 18:05,54.00,50.00,86.29,5.75,3900.00,M
OFK,2025-05-23 18:56,53.00,50.00,89.51,3.45,3800.00,M
OFK,2025-05-23 19:56,53.00,51.00,92.89,4.60,3700.00,M
OFK,2025-05-23 20:56,53.00,51.00,92.89,5.75,4000.00,M
OFK,2025-05-23 21:56,53.00,51.00,92.89,6.90,6500.00,M
OFK,2025-05-23 22:56,53.00,51.00,92.89,4.60,4400.00,M
OFK,2025-05-23 23:56,52.00,50.00,92.86,6.90,4300.00,M
OFK,2025-05-24 00:56,52.00,48.00,86.18,8.05,7500.00,M
OFK,2025-05-24 01:56,52.00,47.00,82.99,4.60,6500.00,M
OFK,2025-05-24 02:56,52.00,47.00,82.99,3.45,8000.00,M
OFK,2025-05-24 03:56,52.00,48.00,86.18,3.45,7000.00,M
OFK,2025-05-24 04:56,52.00,49.00,89.46,4.60,5500.00,M
OFK,2025-05-24 05:56,52.00,48.00,86.18,6.90,6000.00,M
OFK,2025-05-24 06:56,51.00,49.00,92.83,8.05,6500.00,M
OFK,2025-05-24 07:56,53.00,49.00,86.23,9.20,5500.00,M
OFK,2025-05-24 08:56,54.00,50.00,86.29,8.05,6500.00,M
OFK,2025-05-24 09:56,56.00,50.00,80.23,9.20,6500.00,M
OFK,2025-05-24 10:56,56.00,49.00,77.30,10.35,7500.00,M
OFK,2025-05-24 11:56,56.00,50.00,80.23,9.20,1600.00,M
OFK,2025-05-24 12:48,55.00,52.00,89.60,6.90,1600.00,M
OFK,2025-05-24 12:56,55.00,52.00,89.60,8.05,1600.00,M
OFK,2025-05-24 13:56,57.00,52.00,83.34,8.05,5000.00,M
OFK,2025-05-24 14:56,58.00,52.00,80.39,4.60,1800.00,M
OFK,2025-05-24 15:56,58.00,52.00,80.39,6.90,12000.00,M
OFK,2025-05-24 16:56,60.00,51.00,72.13,9.20,2800.00,M
OFK,2025-05-24 17:56,60.00,52.00,74.84,5.75,M,M
OFK,2025-05-24 18:56,60.00,51.00,72.13,6.90,10000.00,M
OFK,2025-05-24 19:56,58.00,51.00,77.47,4.60,5500.00,M
OFK,2025-05-24 20:56,58.00,50.00,74.65,4.60,5000.00,M
OFK,2025-05-24 21:56,57.00,50.00,77.39,6.90,5500.00,M
OFK,2025-05-24 22:56,57.00,49.00,74.55,10.35,5000.00,M
OFK,2025-05-24 23:56,57.00,48.00,71.81,9.20,5000.00,M
OFK,2025-05-25 00:56,55.00,49.00,80.16,4.60,4100.00,M
OFK,2025-05-25 01:56,52.00,49.00,89.46,8.05,8000.00,M
OFK,2025-05-25 02:56,52.00,47.00,82.99,5.75,8500.00,M
OFK,2025-05-25 03:56,52.00,46.00,79.92,5.75,5000.00,M
OFK,2025-05-25 04:56,52.00,46.00,79.92,6.90,5000.00,M
OFK,2025-05-25 05:56,52.00,46.00,79.92,6.90,5500.00,M
OFK,2025-05-25 06:56,52.00,46.00,79.92,5.75,6500.00,M
OFK,2025-05-25 07:56,53.00,45.00,74.16,5.75,7000.00,M
OFK,2025-05-25 08:56,54.00,45.00,71.50,8.05,4800.00,M
OFK,2025-05-25 09:56,55.00,46.00,71.60,6.90,5000.00,M
OFK,2025-05-25 10:56,59.00,47.00,64.37,11.50,12000.00,M
OFK,2025-05-25 11:56,63.00,44.00,49.85,19.55,5500.00,M
OFK,2025-05-25 12:56,66.00,39.00,37.01,19.55,9000.00,32.20
OFK,2025-05-25 13:56,67.00,40.00,37.17,18.40,7000.00,29.90
OFK,2025-05-25 14:56,69.00,38.00,32.10,13.80,9000.00,M
OFK,2025-05-25 15:56,70.00,38.00,31.02,14.95,9500.00,M
OFK,2025-05-25 16:56,71.00,39.00,31.18,11.50,7500.00,M
OFK,2025-05-25 17:56,71.00,39.00,31.18,13.80,8000.00,M
OFK,2025-05-25 18:56,68.00,40.00,35.92,9.20,7500.00,M
OFK,2025-05-25 19:56,66.00,41.00,40.01,6.90,M,M
OFK,2025-05-25 20:56,62.00,41.00,46.01,4.60,M,M
OFK,2025-05-25 21:56,57.00,43.00,59.40,3.45,M,M
OFK,2025-05-25 22:56,54.00,44.00,68.82,5.75,M,M
OFK,2025-05-25 23:56,50.00,45.00,82.86,0.00,M,M
OFK,2025-05-26 00:56,50.00,46.00,86.06,0.00,M,M
OFK,2025-05-26 01:56,49.00,45.00,86.00,0.00,M,M
OFK,2025-05-26 02:56,48.00,46.00,92.74,4.60,M,M
OFK,2025-05-26 03:36,50.00,46.00,86.06,3.45,M,M
OFK,2025-05-26 03:45,50.00,46.00,86.06,4.60,M,M
OFK,2025-05-26 03:54,50.00,44.60,81.60,4.60,M,M
OFK,2025-05-26 03:56,50.00,45.00,82.86,4.60,M,M
OFK,2025-05-26 04:03,50.00,45.00,82.86,5.75,M,M
OFK,2025-05-26 04:56,51.00,45.00,79.84,3.45,11000.00,M
OFK,2025-05-26 05:11,51.00,45.00,79.84,0.00,11000.00,M
OFK,2025-05-26 05:54,51.80,46.40,81.74,0.00,12000.00,M
OFK,2025-05-26 05:56,51.00,46.00,82.93,0.00,12000.00,M
OFK,2025-05-26 06:38,51.00,47.00,86.12,3.45,12000.00,M
OFK,2025-05-26 06:41,51.00,47.00,86.12,4.60,10000.00,M
OFK,2025-05-26 06:50,51.80,46.40,81.74,4.60,10000.00,M
OFK,2025-05-26 06:56,51.00,47.00,86.12,4.60,10000.00,M
OFK,2025-05-26 07:07,51.00,46.00,82.93,8.05,10000.00,M
OFK,2025-05-26 07:14,51.00,46.00,82.93,8.05,10000.00,M
OFK,2025-05-26 07:56,53.00,47.00,80.00,5.75,10000.00,M
OFK,2025-05-26 08:56,54.00,48.00,80.08,5.75,7000.00,M
OFK,2025-05-26 09:56,56.00,49.00,77.30,5.75,3500.00,M
OFK,2025-05-26 10:56,56.00,52.00,86.40,5.75,6000.00,M
OFK,2025-05-26 11:56,57.00,53.00,86.46,5.75,6500.00,M
OFK,2025-05-26 12:56,57.00,52.00,83.34,5.75,7000.00,M
OFK,2025-05-26 13:56,57.00,53.00,86.46,8.05,6500.00,M
OFK,2025-05-26 14:56,58.00,54.00,86.51,8.05,6000.00,M
OFK,2025-05-26 15:56,56.00,54.00,92.98,8.05,1700.00,M
OFK,2025-05-26 16:04,56.00,54.00,92.98,6.90,1400.00,M
OFK,2025-05-26 16:33,56.00,53.00,89.64,9.20,2000.00,M
OFK,2025-05-26 16:56,56.00,53.00,89.64,10.35,6000.00,M
OFK,2025-05-26 17:56,56.00,50.00,80.23,11.50,4900.00,M
OFK,2025-05-26 18:56,55.00,50.00,83.20,8.05,4200.00,M
OFK,2025-05-26 19:56,54.00,51.00,89.55,8.05,4300.00,M
OFK,2025-05-26 20:56,54.00,52.00,92.92,5.75,7500.00,M
OFK,2025-05-26 21:56,53.00,52.00,96.39,4.60,5500.00,M
OFK,2025-05-26 22:56,52.00,51.00,96.37,4.60,5500.00,M
OFK,2025-05-26 23:56,52.00,51.00,96.37,4.60,5500.00,M
OFK,2025-05-27 00:56,52.00,51.00,96.37,3.45,4100.00,M
OFK,2025-05-27 01:37,52.00,50.00,92.86,3.45,2800.00,M
OFK,2025-05-27 01:44,52.00,51.00,96.37,4.60,900.00,M
OFK,2025-05-27 01:56,52.00,51.00,96.37,4.60,2800.00,M
OFK,2025-05-27 02:07,52.00,51.00,96.37,3.45,2700.00,M
OFK,2025-05-27 02:36,52.00,51.00,96.37,3.45,2300.00,M
OFK,2025-05-27 02:46,52.00,51.00,96.37,4.60,2900.00,M
OFK,2025-05-27 02:56,52.00,50.00,92.86,5.75,2700.00,M
OFK,2025-05-27 03:34,51.00,50.00,96.36,3.45,2900.00,M
OFK,2025-05-27 03:56,51.00,50.00,96.36,4.60,1300.00,M
OFK,2025-05-27 04:04,51.00,50.00,96.36,5.75,1500.00,M
OFK,2025-05-27 04:39,51.00,50.00,96.36,3.45,1200.00,M
OFK,2025-05-27 04:51,51.80,50.00,93.55,0.00,1100.00,M
OFK,2025-05-27 04:56,51.00,50.00,96.36,0.00,700.00,M
OFK,2025-05-27 05:08,51.00,50.00,96.36,3.45,700.00,M
OFK,2025-05-27 05:15,51.00,50.00,96.36,3.45,700.00,M
OFK,2025-05-27 05:23,51.00,50.00,96.36,4.60,700.00,M
OFK,2025-05-27 05:56,51.00,50.00,96.36,6.90,700.00,M
OFK,2025-05-27 06:43,51.00,50.00,96.36,6.90,800.00,M
OFK,2025-05-27 06:56,51.00,50.00,96.36,5.75,700.00,M
OFK,2025-05-27 07:53,51.80,50.00,93.55,5.75,800.00,M
OFK,2025-05-27 07:56,51.00,50.00,96.36,6.90,700.00,M
OFK,2025-05-27 08:56,52.00,50.00,92.86,10.35,700.00,M
OFK,2025-05-27 09:35,52.00,50.00,92.86,8.05,1000.00,M
OFK,2025-05-27 09:56,53.00,50.00,89.51,6.90,1200.00,M
OFK,2025-05-27 10:41,53.00,51.00,92.89,9.20,800.00,M
OFK,2025-05-27 10:48,54.00,52.00,92.92,6.90,1000.00,M
OFK,2025-05-27 10:56,54.00,51.00,89.55,9.20,1000.00,M
OFK,2025-05-27 11:08,55.00,51.00,86.35,9.20,900.00,M
OFK,2025-05-27 11:29,55.00,51.00,86.35,9.20,1200.00,M
OFK,2025-05-27 11:56,54.00,51.00,89.55,8.05,1300.00,M
OFK,2025-05-27 12:14,54.00,51.00,89.55,5.75,1200.00,M
OFK,2025-05-27 12:56,55.00,50.00,83.20,8.05,1000.00,M
OFK,2025-05-27 13:56,57.00,50.00,77.39,10.35,1500.00,M
OFK,2025-05-27 14:05,57.00,50.00,77.39,6.90,2400.00,M
OFK,2025-05-27 14:29,55.00,50.00,83.20,9.20,1500.00,M
OFK,2025-05-27 14:56,57.00,50.00,77.39,6.90,2100.00,M
OFK,2025-05-27 15:36,57.00,50.00,77.39,6.90,1600.00,M
OFK,2025-05-27 15:56,56.00,50.00,80.23,6.90,1500.00,M
OFK,2025-05-27 16:06,57.00,50.00,77.39,6.90,2500.00,M
OFK,2025-05-27 16:56,57.00,50.00,77.39,4.60,2500.00,M
OFK,2025-05-27 17:14,57.00,49.00,74.55,5.75,1800.00,M
OFK,2025-05-27 17:29,57.00,49.00,74.55,5.75,1900.00,M
OFK,2025-05-27 17:56,57.00,49.00,74.55,4.60,4100.00,M
OFK,2025-05-27 18:56,57.00,49.00,74.55,0.00,5500.00,M
OFK,2025-05-27 19:56,57.00,49.00,74.55,0.00,7000.00,M
OFK,2025-05-27 20:56,56.00,52.00,86.40,8.05,2000.00,M
OFK,2025-05-27 21:40,54.00,52.00,92.92,3.45,2100.00,M
OFK,2025-05-27 21:56,54.00,52.00,92.92,0.00,3100.00,M
OFK,2025-05-27 22:56,52.00,52.00,100.00,0.00,5000.00,M
OFK,2025-05-27 23:11,53.00,52.00,96.39,0.00,1800.00,M
OFK,2025-05-27 23:56,51.00,51.00,100.00,3.45,2300.00,M
OFK,2025-05-28 00:11,52.00,51.00,96.37,3.45,2100.00,M
OFK,2025-05-28 00:32,49.00,49.00,100.00,0.00,M,M
OFK,2025-05-28 00:42,49.00,48.00,96.32,0.00,5000.00,M
OFK,2025-05-28 00:47,49.00,49.00,100.00,0.00,5000.00,M
OFK,2025-05-28 00:56,49.00,49.00,100.00,0.00,5000.00,M
OFK,2025-05-28 01:11,49.00,49.00,100.00,0.00,200.00,M
OFK,2025-05-28 01:22,49.00,49.00,100.00,3.45,100.00,M
OFK,2025-05-28 01:36,50.00,50.00,100.00,0.00,100.00,M
OFK,2025-05-28 01:47,50.00,50.00,100.00,0.00,2200.00,M
OFK,2025-05-28 01:56,50.00,50.00,100.00,0.00,200.00,M
OFK,2025-05-28 02:03,50.00,50.00,100.00,0.00,200.00,M
OFK,2025-05-28 02:23,49.00,49.00,100.00,3.45,200.00,M
OFK,2025-05-28 02:43,48.00,48.00,100.00,4.60,100.00,M
OFK,2025-05-28 02:56,47.00,47.00,100.00,0.00,100.00,M
OFK,2025-05-28 03:25,47.00,47.00,100.00,4.60,200.00,M
OFK,2025-05-28 03:56,47.00,47.00,100.00,0.00,200.00,M
OFK,2025-05-28 04:56,48.00,48.00,100.00,0.00,200.00,M
OFK,2025-05-28 05:56,46.00,46.00,100.00,0.00,200.00,M
OFK,2025-05-28 06:27,46.00,46.00,100.00,0.00,200.00,M
OFK,2025-05-28 06:56,46.00,46.00,100.00,0.00,200.00,M
OFK,2025-05-28 07:56,47.00,47.00,100.00,0.00,200.00,M
OFK,2025-05-28 08:56,49.00,49.00,100.00,3.45,200.00,M
OFK,2025-05-28 09:10,50.00,50.00,100.00,0.00,200.00,M
OFK,2025-05-28 09:34,51.00,51.00,100.00,0.00,200.00,M
OFK,2025-05-28 09:40,51.00,51.00,100.00,0.00,200.00,M
OFK,2025-05-28 09:56,51.00,51.00,100.00,0.00,300.00,M
OFK,2025-05-28 10:32,53.00,52.00,96.39,3.45,500.00,M
OFK,2025-05-28 10:56,53.00,51.00,92.89,0.00,700.00,M
OFK,2025-05-28 11:34,55.00,50.00,83.20,0.00,2000.00,M
OFK,2025-05-28 11:56,60.00,50.00,69.50,4.60,2200.00,M
OFK,2025-05-28 12:56,62.00,50.00,64.75,5.75,2500.00,M
OFK,2025-05-28 13:09,61.00,49.00,64.62,3.45,2500.00,M
OFK,2025-05-28 13:56,64.00,48.00,56.01,0.00,3800.00,M
OFK,2025-05-28 14:56,65.00,48.00,54.09,5.75,5500.00,M
OFK,2025-05-28 15:56,65.00,47.00,52.09,5.75,3900.00,M
OFK,2025-05-28 16:56,65.00,48.00,54.09,6.90,4000.00,M
OFK,2025-05-28 17:56,61.00,50.00,67.08,6.90,6000.00,M
OFK,2025-05-28 18:56,61.00,53.00,74.94,0.00,7000.00,M
OFK,2025-05-28 19:56,62.00,53.00,72.34,6.90,9500.00,M
OFK,2025-05-28 20:56,57.00,53.00,86.46,8.05,4100.00,M
OFK,2025-05-28 21:56,56.00,52.00,86.40,4.60,4400.00,M
OFK,2025-05-28 22:56,55.00,54.00,96.42,3.45,4600.00,M
OFK,2025-05-28 23:56,54.00,53.00,96.40,3.45,4500.00,M
OFK,2025-05-29 00:56,52.00,51.00,96.37,4.60,11000.00,M
OFK,2025-05-29 01:56,51.00,51.00,100.00,4.60,M,M
OFK,2025-05-29 02:27,49.00,49.00,100.00,3.45,M,M
OFK,2025-05-29 02:36,49.00,49.00,100.00,0.00,200.00,M
OFK,2025-05-29 02:46,49.00,49.00,100.00,3.45,200.00,M
OFK,2025-05-29 02:56,47.00,47.00,100.00,3.45,200.00,M
OFK,2025-05-29 03:08,47.00,47.00,100.00,3.45,200.00,M
OFK,2025-05-29 03:25,48.00,48.00,100.00,5.75,100.00,M
OFK,2025-05-29 03:44,48.00,48.00,100.00,4.60,100.00,M
OFK,2025-05-29 03:56,48.00,48.00,100.00,3.45,200.00,M
OFK,2025-05-29 04:11,47.00,47.00,100.00,0.00,200.00,M
OFK,2025-05-29 04:21,46.00,46.00,100.00,3.45,300.00,M
OFK,2025-05-29 04:30,47.00,47.00,100.00,4.60,M,M
OFK,2025-05-29 04:35,46.00,46.00,100.00,3.45,M,M
OFK,2025-05-29 04:56,46.00,46.00,100.00,4.60,M,M
OFK,2025-05-29 05:36,46.00,46.00,100.00,0.00,M,M
OFK,2025-05-29 05:43,46.00,46.00,100.00,0.00,4500.00,M
OFK,2025-05-29 05:54,46.40,46.40,100.00,0.00,4500.00,M
OFK,2025-05-29 05:56,46.00,46.00,100.00,0.00,4500.00,M
OFK,2025-05-29 06:03,45.00,45.00,100.00,4.60,4500.00,M
OFK,2025-05-29 06:13,45.00,45.00,100.00,5.75,4500.00,M
OFK,2025-05-29 06:26,46.00,46.00,100.00,4.60,4200.00,M
OFK,2025-05-29 06:56,48.00,47.00,96.31,0.00,9500.00,M
OFK,2025-05-29 07:19,50.00,49.00,96.34,3.45,9000.00,M
OFK,2025-05-29 07:56,52.00,51.00,96.37,4.60,5500.00,M
OFK,2025-05-29 08:56,57.00,52.00,83.34,3.45,M,M
OFK,2025-05-29 09:56,61.00,52.00,72.23,5.75,M,M
OFK,2025-05-29 10:56,64.00,50.00,60.35,6.90,3400.00,M
OFK,2025-05-29 11:56,67.00,49.00,52.39,10.35,3800.00,M
OFK,2025-05-29 12:56,67.00,47.00,48.60,10.35,4100.00,M
OFK,2025-05-29 13:56,69.00,46.00,43.69,8.05,4900.00,M
OFK,2025-05-29 14:56,68.00,44.00,41.90,12.65,4900.00,M
OFK,2025-05-29 15:56,69.00,45.00,42.06,13.80,5000.00,M
OFK,2025-05-29 16:56,65.00,44.00,46.49,17.25,6000.00,M
OFK,2025-05-29 17:56,68.00,45.00,43.53,6.90,10000.00,M
OFK,2025-05-29 18:56,67.00,45.00,45.06,5.75,6000.00,M
OFK,2025-05-29 19:56,65.00,44.00,46.49,3.45,7000.00,M
OFK,2025-05-29 20:56,61.00,46.00,57.73,0.00,M,M
OFK,2025-05-29 21:56,58.00,46.00,64.25,0.00,M,M
OFK,2025-05-29 22:56,50.00,47.00,89.37,4.60,M,M
OFK,2025-05-29 23:56,49.00,46.00,89.33,4.60,M,M
OFK,2025-05-30 00:56,51.00,46.00,82.93,0.00,M,M
OFK,2025-05-30 01:56,49.00,45.00,86.00,0.00,M,M
OFK,2025-05-30 02:56,49.00,45.00,86.00,5.75,M,M
OFK,2025-05-30 03:56,48.00,45.00,89.28,3.45,M,M
OFK,2025-05-30 04:56,47.00,44.00,89.24,0.00,M,M
OFK,2025-05-30 05:56,47.00,44.00,89.24,3.45,M,M
OFK,2025-05-30 06:56,49.00,45.00,86.00,0.00,M,M
OFK,2025-05-30 07:56,54.00,49.00,83.13,5.75,M,M
OFK,2025-05-30 08:56,61.00,51.00,69.61,6.90,M,M
OFK,2025-05-30 09:56,67.00,49.00,52.39,9.20,M,M
OFK,2025-05-30 10:56,71.00,47.00,42.38,8.05,M,M
OFK,2025-05-30 11:56,74.00,45.00,35.51,11.50,M,M
OFK,2025-05-30 12:56,75.00,42.00,30.62,8.05,M,M
OFK,2025-05-30 13:56,76.00,43.00,30.78,11.50,M,M
OFK,2025-05-30 14:56,77.00,39.00,25.50,8.05,M,M
OFK,2025-05-30 15:56,77.00,45.00,32.14,11.50,M,M
OFK,2025-05-30 16:56,77.00,46.00,33.38,6.90,7500.00,M
OFK,2025-05-30 17:56,78.00,47.00,33.54,9.20,M,M
OFK,2025-05-30 18:56,76.00,48.00,37.21,4.60,M,M
OFK,2025-05-30 19:56,74.00,50.00,42.86,3.45,M,M
OFK,2025-05-30 20:56,64.00,51.00,62.64,5.75,M,M
OFK,2025-05-30 21:56,60.00,51.00,72.13,6.90,M,M
OFK,2025-05-30 22:56,60.00,53.00,77.65,4.60,M,M
OFK,2025-05-30 23:56,55.00,51.00,86.35,4.60,M,M
OFK,2025-05-31 00:56,57.00,50.00,77.39,4.60,M,M
OFK,2025-05-31 01:56,56.00,51.00,83.27,3.45,M,M
OFK,2025-05-31 02:56,54.00,50.00,86.29,0.00,M,M
OFK,2025-05-31 03:56,51.00,49.00,92.83,0.00,M,M
OFK,2025-05-31 04:56,51.00,50.00,96.36,0.00,M,M
OFK,2025-05-31 05:56,51.00,50.00,96.36,0.00,M,M
OFK,2025-05-31 06:56,53.00,51.00,92.89,0.00,M,M
OFK,2025-05-31 07:56,61.00,53.00,74.94,8.05,M,M
OFK,2025-05-31 08:56,67.00,54.00,63.02,8.05,M,M
OFK,2025-05-31 09:56,72.00,55.00,55.10,16.10,M,M
OFK,2025-05-31 10:56,74.00,56.00,53.42,14.95,M,M
OFK,2025-05-31 11:56,74.00,57.00,55.39,16.10,10000.00,M
OFK,2025-05-31 12:56,74.00,57.00,55.39,16.10,10000.00,M
OFK,2025-05-31 13:56,78.00,55.00,45.11,21.85,M,31.05
OFK,2025-05-31 14:56,80.00,47.00,31.41,19.55,7500.00,34.50
OFK,2025-05-31 15:56,80.00,47.00,31.41,13.80,M,M
OFK,2025-05-31 16:56,80.00,46.00,30.25,12.65,M,M
OFK,2025-05-31 17:56,79.00,48.00,33.70,11.50,M,M
OFK,2025-05-31 18:56,78.00,51.00,38.95,12.65,M,M
OFK,2025-05-31 19:56,74.00,54.00,49.67,11.50,6500.00,M
OFK,2025-05-31 20:56,71.00,54.00,54.96,6.90,8500.00,M
OFK,2025-05-31 21:56,67.00,54.00,63.02,4.60,M,M
OFK,2025-05-31 22:56,61.00,55.00,80.62,5.75,M,M
OFK,2025-05-31 23:56,61.00,54.00,77.73,6.90,M,M
OFK,2025-06-01 00:56,59.00,53.00,80.47,4.60,M,M
OFK,2025-06-01 01:56,58.00,53.00,83.40,3.45,M,M
OFK,2025-06-01 02:56,59.00,53.00,80.47,3.45,M,M
OFK,2025-06-01 03:56,56.00,53.00,89.64,4.60,M,M
OFK,2025-06-01 04:56,56.00,53.00,89.64,3.45,M,M
OFK,2025-06-01 05:56,55.00,52.00,89.60,4.60,M,M
OFK,2025-06-01 06:22,55.00,52.00,89.60,4.60,M,M
OFK,2025-06-01 06:56,55.00,53.00,92.95,5.75,M,M
OFK,2025-06-01 07:56,59.00,55.00,86.57,3.45,M,M
OFK,2025-06-01 08:20,62.00,56.00,80.70,4.60,M,M
OFK,2025-06-01 08:56,66.00,56.00,70.16,8.05,M,M
OFK,2025-06-01 09:56,70.00,57.00,63.40,5.75,M,M
OFK,2025-06-01 10:56,75.00,57.00,53.57,3.45,M,M
OFK,2025-06-01 11:56,78.00,53.00,41.93,0.00,M,M
OFK,2025-06-01 12:56,81.00,54.00,39.43,M,M,M
OFK,2025-06-01 13:56,83.00,53.00,35.63,M,M,M
OFK,2025-06-01 14:56,85.00,50.00,29.91,10.35,M,M
OFK,2025-06-01 15:56,86.00,51.00,30.06,14.95,M,M
OFK,2025-06-01 16:56,86.00,49.00,27.91,11.50,M,M
OFK,2025-06-01 17:56,85.00,49.00,28.81,13.80,M,M
OFK,2025-06-01 18:56,84.00,52.00,33.25,12.65,M,M
OFK,2025-06-01 19:56,80.00,53.00,39.27,6.90,M,M
OFK,2025-06-01 20:56,75.00,52.00,44.64,6.90,M,M
OFK,2025-06-01 21:56,71.00,52.00,51.07,6.90,M,M
OFK,2025-06-01 22:56,66.00,53.00,62.89,8.05,M,M
OFK,2025-06-01 23:56,68.00,53.00,58.70,8.05,M,M
OFK,2025-06-02 00:56,67.00,53.00,60.75,9.20,M,M
OFK,2025-06-02 01:56,68.00,53.00,58.70,12.65,M,M
OFK,2025-06-02 02:56,67.00,54.00,63.02,14.95,M,M
OFK,2025-06-02 03:56,65.00,54.00,67.55,10.35,M,M
OFK,2025-06-02 04:56,64.00,54.00,69.94,12.65,M,M
OFK,2025-06-02 05:56,65.00,53.00,65.12,13.80,M,M
OFK,2025-06-02 06:56,65.00,54.00,67.55,13.80,M,M
OFK,2025-06-02 07:56,70.00,54.00,56.86,16.10,M,M
OFK,2025-06-02 08:56,74.00,54.00,49.67,17.25,M,M
OFK,2025-06-02 09:56,78.00,57.00,48.50,20.70,M,32.20
OFK,2025-06-02 10:56,83.00,59.00,44.27,20.70,M,34.50
OFK,2025-06-02 11:56,86.00,60.00,41.68,24.15,M,33.35
OFK,2025-06-02 12:56,89.00,59.00,36.58,25.30,M,39.10
OFK,2025-06-02 13:56,90.00,60.00,36.73,23.00,M,41.40
OFK,2025-06-02 14:56,92.00,60.00,34.51,21.85,M,39.10
OFK,2025-06-02 15:56,90.00,60.00,36.73,17.25,7500.00,39.10
OFK,2025-06-02 16:56,91.00,60.00,35.61,20.70,8000.00,39.10
OFK,2025-06-02 17:56,88.00,59.00,37.75,19.55,8000.00,35.65
OFK,2025-06-02 18:56,85.00,57.00,38.64,16.10,M,29.90
OFK,2025-06-02 19:33,82.00,61.00,49.10,12.65,8000.00,M
OFK,2025-06-02 19:56,79.00,62.00,56.09,6.90,7500.00,M
OFK,2025-06-02 20:56,75.00,62.00,64.02,5.75,M,M
OFK,2025-06-02 21:56,74.00,64.00,71.02,0.00,7000.00,M
OFK,2025-06-02 22:56,67.00,64.00,90.10,6.90,4400.00,M
OFK,2025-06-02 23:07,66.00,63.00,90.06,12.65,5500.00,M
OFK,2025-06-02 23:34,64.00,61.00,89.98,16.10,5000.00,M
OFK,2025-06-02 23:51,62.60,60.80,93.84,25.30,2400.00,33.35
OFK,2025-06-02 23:56,62.00,60.00,93.16,16.10,2400.00,33.35
OFK,2025-06-03 00:02,62.00,59.00,89.89,14.95,1600.00,M
OFK,2025-06-03 00:10,61.00,59.00,93.13,18.40,3200.00,29.90
OFK,2025-06-03 00:17,61.00,59.00,93.13,18.40,2700.00,31.05
OFK,2025-06-03 00:30,61.00,59.00,93.13,20.70,4600.00,31.05
OFK,2025-06-03 00:56,61.00,58.00,89.85,14.95,4700.00,34.50
OFK,2025-06-03 01:14,60.00,58.00,93.10,14.95,4900.00,M
OFK,2025-06-03 01:30,59.00,58.00,96.48,12.65,800.00,M
OFK,2025-06-03 01:34,59.00,58.00,96.48,11.50,800.00,M
OFK,2025-06-03 01:56,59.00,58.00,96.48,18.40,800.00,M
OFK,2025-06-03 02:01,59.00,57.00,93.07,27.60,800.00,42.55
OFK,2025-06-03 02:08,59.00,56.00,89.77,17.25,800.00,42.55
OFK,2025-06-03 02:12,59.00,57.00,93.07,16.10,1000.00,42.55
OFK,2025-06-03 02:16,59.00,57.00,93.07,19.55,800.00,42.55
OFK,2025-06-03 02:28,58.00,56.00,93.04,24.15,1400.00,42.55
OFK,2025-06-03 02:31,58.00,57.00,96.47,17.25,700.00,42.55
OFK,2025-06-03 02:41,58.00,57.00,96.47,16.10,600.00,42.55
OFK,2025-06-03 02:49,57.00,56.00,96.45,13.80,600.00,42.55
OFK,2025-06-03 02:56,57.00,56.00,96.45,19.55,600.00,42.55
OFK,2025-06-03 03:18,57.00,56.00,96.45,19.55,600.00,29.90
OFK,2025-06-03 03:56,58.00,56.00,93.04,12.65,800.00,32.20
OFK,2025-06-03 04:56,56.00,55.00,96.44,12.65,800.00,M
OFK,2025-06-03 05:56,54.00,53.00,96.40,13.80,700.00,M
OFK,2025-06-03 06:07,54.00,53.00,96.40,13.80,700.00,M
OFK,2025-06-03 06:28,54.00,53.00,96.40,14.95,700.00,M
OFK,2025-06-03 06:56,53.00,52.00,96.39,18.40,800.00,M
OFK,2025-06-03 07:56,54.00,52.00,92.92,18.40,900.00,32.20
OFK,2025-06-03 08:21,54.00,52.00,92.92,16.10,1000.00,M
OFK,2025-06-03 08:56,54.00,51.00,89.55,16.10,1200.00,M
OFK,2025-06-03 09:56,54.00,50.00,86.29,19.55,1500.00,M
OFK,2025-06-03 10:56,54.00,50.00,86.29,16.10,3000.00,31.05
OFK,2025-06-03 11:56,55.00,50.00,83.20,11.50,9500.00,M
OFK,2025-06-03 12:56,58.00,50.00,74.65,16.10,7000.00,M
OFK,2025-06-03 13:56,60.00,50.00,69.50,11.50,7500.00,M
OFK,2025-06-03 14:56,61.00,50.00,67.08,11.50,9000.00,M
OFK,2025-06-03 15:56,62.00,48.00,60.09,11.50,11000.00,M
OFK,2025-06-03 16:56,63.00,49.00,60.22,6.90,11000.00,M
OFK,2025-06-03 17:56,65.00,47.00,52.09,13.80,M,M
OFK,2025-06-03 18:56,66.00,47.00,50.31,9.20,M,M
OFK,2025-06-03 19:56,64.00,49.00,58.15,5.75,M,M
OFK,2025-06-03 20:56,58.00,50.00,74.65,4.60,12000.00,M
OFK,2025-06-03 21:56,58.00,50.00,74.65,5.75,12000.00,M
OFK,2025-06-03 22:56,57.00,49.00,74.55,5.75,M,M
OFK,2025-06-03 23:56,53.00,49.00,86.23,4.60,M,M
OFK,2025-06-04 00:56,52.00,48.00,86.18,4.60,M,M
OFK,2025-06-04 01:56,52.00,48.00,86.18,8.05,M,M
OFK,2025-06-04 02:56,50.00,46.00,86.06,6.90,M,M
OFK,2025-06-04 03:56,49.00,46.00,89.33,0.00,M,M
OFK,2025-06-04 04:56,49.00,46.00,89.33,4.60,M,M
OFK,2025-06-04 05:56,47.00,44.00,89.24,4.60,M,M
OFK,2025-06-04 06:56,49.00,46.00,89.33,5.75,M,M
OFK,2025-06-04 07:56,55.00,48.00,77.21,4.60,M,M
OFK,2025-06-04 08:56,59.00,49.00,69.39,5.75,M,M
OFK,2025-06-04 09:56,63.00,50.00,62.51,3.45,M,M
OFK,2025-06-04 10:56,69.00,47.00,45.37,3.45,M,M
OFK,2025-06-04 11:56,72.00,45.00,37.99,3.45,M,M
OFK,2025-06-04 12:56,73.00,41.00,31.50,M,M,M
OFK,2025-06-04 13:56,74.00,41.00,30.46,6.90,7000.00,M
OFK,2025-06-04 14:56,75.00,40.00,28.34,5.75,M,M
OFK,2025-06-04 15:56,75.00,44.00,33.06,9.20,7500.00,M
OFK,2025-06-04 16:56,74.00,46.00,36.89,8.05,9000.00,M
OFK,2025-06-04 17:56,72.00,45.00,37.99,8.05,9000.00,M
OFK,2025-06-04 18:56,71.00,46.00,40.81,6.90,8000.00,M
OFK,2025-06-04 19:56,68.00,47.00,46.96,6.90,8000.00,M
OFK,2025-06-04 20:56,64.00,49.00,58.15,4.60,M,M
OFK,2025-06-04 21:56,62.00,50.00,64.75,0.00,M,M
OFK,2025-06-04 22:56,60.00,51.00,72.13,0.00,12000.00,M
OFK,2025-06-04 23:56,58.00,51.00,77.47,0.00,M,M
OFK,2025-06-05 00:56,57.00,53.00,86.46,0.00,12000.00,M
OFK,2025-06-05 01:56,54.00,51.00,89.55,0.00,M,M
OFK,2025-06-05 02:56,51.00,49.00,92.83,0.00,12000.00,M
OFK,2025-06-05 03:56,54.00,50.00,86.29,3.45,9500.00,M
OFK,2025-06-05 04:56,55.00,51.00,86.35,3.45,9000.00,M
OFK,2025-06-05 05:56,53.00,50.00,89.51,0.00,M,M
OFK,2025-06-05 06:56,55.00,50.00,83.20,0.00,M,M
OFK,2025-06-05 07:56,59.00,52.00,77.56,5.75,9000.00,M
OFK,2025-06-05 08:56,62.00,53.00,72.34,4.60,9000.00,M
OFK,2025-06-05 09:56,65.00,54.00,67.55,6.90,8000.00,M
OFK,2025-06-05 10:56,68.00,54.00,60.89,6.90,8500.00,M
OFK,2025-06-05 11:56,68.00,51.00,54.53,10.35,6000.00,M
OFK,2025-06-05 12:56,64.00,54.00,69.94,6.90,9500.00,M
OFK,2025-06-05 13:56,64.00,53.00,67.43,8.05,4800.00,M
OFK,2025-06-05 14:56,66.00,53.00,62.89,8.05,5000.00,M
OFK,2025-06-05 15:56,68.00,53.00,58.70,12.65,11000.00,M
OFK,2025-06-05 16:56,65.00,55.00,70.05,5.75,4400.00,M
OFK,2025-06-05 17:56,65.00,56.00,72.64,4.60,4600.00,M
OFK,2025-06-05 18:56,63.00,57.00,80.77,4.60,4900.00,M
OFK,2025-06-05 19:56,62.00,58.00,86.73,4.60,4900.00,M
OFK,2025-06-05 20:56,61.00,58.00,89.85,3.45,4900.00,M
OFK,2025-06-05 21:56,60.00,58.00,93.10,0.00,5000.00,M
OFK,2025-06-05 22:56,60.00,58.00,93.10,4.60,3900.00,M
OFK,2025-06-05 23:56,60.00,59.00,96.50,3.45,3600.00,M
OFK,2025-06-06 00:17,60.00,58.00,93.10,3.45,2100.00,M
OFK,2025-06-06 00:56,59.00,57.00,93.07,5.75,2100.00,M
OFK,2025-06-06 01:03,59.00,57.00,93.07,5.75,2400.00,M
OFK,2025-06-06 01:11,59.00,57.00,93.07,3.45,2400.00,M
OFK,2025-06-06 01:28,59.00,57.00,93.07,0.00,2400.00,M
OFK,2025-06-06 01:54,59.00,57.20,93.74,0.00,2800.00,M
OFK,2025-06-06 01:56,59.00,57.00,93.07,0.00,2800.00,M
OFK,2025-06-06 02:08,59.00,57.00,93.07,3.45,2800.00,M
OFK,2025-06-06 02:56,59.00,57.00,93.07,0.00,3900.00,M
OFK,2025-06-06 03:56,59.00,58.00,96.48,0.00,3000.00,M
OFK,2025-06-06 04:05,59.00,58.00,96.48,0.00,2900.00,M
OFK,2025-06-06 04:20,59.00,58.00,96.48,0.00,3200.00,M
OFK,2025-06-06 04:48,59.00,58.00,96.48,0.00,2800.00,M
OFK,2025-06-06 04:56,59.00,58.00,96.48,0.00,2800.00,M
OFK,2025-06-06 05:31,59.00,58.00,96.48,0.00,2800.00,M
OFK,2025-06-06 05:56,59.00,58.00,96.48,0.00,2800.00,M
OFK,2025-06-06 06:49,59.00,57.00,93.07,0.00,2800.00,M
OFK,2025-06-06 06:56,59.00,57.00,93.07,0.00,2800.00,M
OFK,2025-06-06 07:24,60.00,57.00,89.81,3.45,3000.00,M
OFK,2025-06-06 07:33,60.00,58.00,93.10,3.45,2800.00,M
OFK,2025-06-06 07:47,60.00,58.00,93.10,4.60,3000.00,M
OFK,2025-06-06 07:56,60.00,57.00,89.81,4.60,3000.00,M
OFK,2025-06-06 08:23,60.00,57.00,89.81,4.60,2800.00,M
OFK,2025-06-06 08:53,60.80,57.20,87.93,5.75,3000.00,M
OFK,2025-06-06 08:56,60.00,57.00,89.81,4.60,3000.00,M
OFK,2025-06-06 09:51,62.60,55.40,77.31,6.90,1400.00,M
OFK,2025-06-06 09:56,63.00,56.00,77.91,8.05,1400.00,M
OFK,2025-06-06 10:03,63.00,57.00,80.77,8.05,1500.00,M
OFK,2025-06-06 10:56,64.00,55.00,72.54,5.75,1800.00,M
OFK,2025-06-06 11:31,65.00,55.00,70.05,4.60,2000.00,M
OFK,2025-06-06 11:56,66.00,56.00,70.16,5.75,2200.00,M
OFK,2025-06-06 12:56,67.00,56.00,67.78,4.60,2300.00,M
OFK,2025-06-06 13:56,68.00,55.00,63.15,4.60,4700.00,M
OFK,2025-06-06 14:56,69.00,56.00,63.27,6.90,3000.00,M
OFK,2025-06-06 15:56,70.00,56.00,61.15,8.05,3700.00,M
OFK,2025-06-06 16:56,70.00,55.00,58.97,4.60,M,M
OFK,2025-06-06 17:56,70.00,55.00,58.97,0.00,M,M
OFK,2025-06-06 18:56,69.00,54.00,58.83,4.60,M,M
OFK,2025-06-06 19:56,68.00,58.00,70.38,3.45,12000.00,M
OFK,2025-06-06 20:56,66.00,58.00,75.41,3.45,11000.00,M
OFK,2025-06-06 21:56,64.00,57.00,77.99,0.00,11000.00,M
OFK,2025-06-06 22:56,63.00,58.00,83.73,0.00,10000.00,M
OFK,2025-06-06 23:56,60.00,56.00,86.62,0.00,11000.00,M
OFK,2025-06-07 00:56,61.00,57.00,86.68,0.00,11000.00,M
OFK,2025-06-07 01:56,60.00,58.00,93.10,0.00,10000.00,M
OFK,2025-06-07 02:56,60.00,58.00,93.10,0.00,10000.00,M
OFK,2025-06-07 03:56,60.00,59.00,96.50,0.00,9000.00,M
OFK,2025-06-07 04:56,57.00,57.00,100.00,3.45,M,M
OFK,2025-06-07 05:56,57.00,56.00,96.45,0.00,M,M
OFK,2025-06-07 06:22,56.00,55.00,96.44,0.00,12000.00,M
OFK,2025-06-07 06:36,57.00,55.00,93.01,0.00,12000.00,M
OFK,2025-06-07 06:56,57.00,56.00,96.45,0.00,M,M
OFK,2025-06-07 07:18,60.00,58.00,93.10,3.45,M,M
OFK,2025-06-07 07:56,64.00,58.00,80.85,3.45,M,M
OFK,2025-06-07 08:56,68.00,59.00,72.95,5.75,M,M
OFK,2025-06-07 09:56,70.00,58.00,65.72,4.60,M,M
OFK,2025-06-07 10:56,72.00,56.00,57.14,6.90,M,M
OFK,2025-06-07 11:56,73.00,54.00,51.37,3.45,M,M
OFK,2025-06-07 12:56,75.00,57.00,53.57,5.75,9000.00,M
OFK,2025-06-07 13:56,76.00,55.00,48.19,5.75,4900.00,M
OFK,2025-06-07 14:56,78.00,56.00,46.78,6.90,6000.00,M
OFK,2025-06-07 15:56,76.00,54.00,46.47,3.45,M,M
OFK,2025-06-07 16:56,80.00,54.00,40.73,8.05,6000.00,M
OFK,2025-06-07 17:56,81.00,53.00,38.01,5.75,M,M
OFK,2025-06-07 18:56,80.00,50.00,35.15,9.20,M,M
OFK,2025-06-07 19:56,78.00,51.00,38.95,5.75,M,M
OFK,2025-06-07 20:56,71.00,54.00,54.96,4.60,M,M
OFK,2025-06-07 21:56,67.00,54.00,63.02,8.05,M,M
OFK,2025-06-07 22:56,69.00,57.00,65.60,9.20,11000.00,M
OFK,2025-06-07 23:56,70.00,57.00,63.40,3.45,10000.00,M
OFK,2025-06-08 00:56,66.00,59.00,78.16,6.90,11000.00,M
OFK,2025-06-08 01:56,68.00,56.00,65.48,16.10,M,M
OFK,2025-06-08 02:56,65.00,54.00,67.55,8.05,11000.00,M
OFK,2025-06-08 03:56,63.00,53.00,69.83,9.20,10000.00,M
OFK,2025-06-08 04:56,62.00,52.00,69.72,6.90,M,M
OFK,2025-06-08 05:56,62.00,48.00,60.09,9.20,M,M
OFK,2025-06-08 06:56,62.00,46.00,55.72,11.50,M,M
OFK,2025-06-08 07:56,60.00,44.00,55.43,11.50,M,M
OFK,2025-06-08 08:56,60.00,40.00,47.51,10.35,11000.00,M
OFK,2025-06-08 09:56,60.00,40.00,47.51,8.05,10000.00,M
OFK,2025-06-08 10:56,61.00,40.00,45.85,10.35,M,M
OFK,2025-06-08 11:56,62.00,42.00,47.82,10.35,M,M
OFK,2025-06-08 12:56,67.00,45.00,45.06,12.65,M,M
OFK,2025-06-08 13:56,72.00,46.00,39.45,14.95,M,M
OFK,2025-06-08 14:56,76.00,39.00,26.36,23.00,9000.00,39.10
OFK,2025-06-08 15:03,76.00,38.00,25.35,21.85,9000.00,29.90
OFK,2025-06-08 15:56,77.00,39.00,25.50,18.40,10000.00,34.50
OFK,2025-06-08 16:56,76.00,36.00,23.43,20.70,9500.00,33.35
OFK,2025-06-08 17:56,75.00,37.00,25.20,16.10,M,34.50
OFK,2025-06-08 18:56,74.00,36.00,25.04,19.55,M,31.05
OFK,2025-06-08 19:56,72.00,35.00,25.74,12.65,M,32.20
OFK,2025-06-08 20:56,67.00,37.00,33.05,6.90,M,M
OFK,2025-06-08 21:56,61.00,37.00,40.77,6.90,M,M
OFK,2025-06-08 22:56,56.00,39.00,52.75,9.20,M,M
OFK,2025-06-08 23:56,59.00,37.00,43.78,10.35,M,M
OFK,2025-06-09 00:56,59.00,37.00,43.78,10.35,M,M
OFK,2025-06-09 01:56,58.00,37.00,45.37,12.65,M,M
OFK,2025-06-09 02:56,57.00,37.00,47.04,9.20,M,M
OFK,2025-06-09 03:56,57.00,36.00,45.21,12.65,M,M
OFK,2025-06-09 04:56,56.00,37.00,48.77,11.50,M,M
OFK,2025-06-09 05:56,53.00,38.00,56.59,8.05,M,M
OFK,2025-06-09 06:56,54.00,38.00,54.55,9.20,M,M
OFK,2025-06-09 07:56,58.00,39.00,49.08,11.50,M,M
OFK,2025-06-09 08:56,60.00,43.00,53.35,13.80,M,M
OFK,2025-06-09 09:56,62.00,46.00,55.72,13.80,M,M
OFK,2025-06-09 10:56,64.00,46.00,51.94,18.40,3800.00,M
OFK,2025-06-09 11:56,63.00,47.00,55.87,21.85,4000.00,33.35
OFK,2025-06-09 12:56,65.00,49.00,56.15,19.55,4100.00,29.90
OFK,2025-06-09 13:56,66.00,49.00,54.23,16.10,3800.00,M
OFK,2025-06-09 14:56,68.00,49.00,50.62,13.80,4100.00,M
OFK,2025-06-09 15:56,70.00,50.00,49.06,14.95,M,M
OFK,2025-06-09 16:56,71.00,50.00,47.42,10.35,M,M
OFK,2025-06-09 17:56,72.00,51.00,47.58,9.20,M,M
OFK,2025-06-09 18:56,71.00,51.00,49.22,10.35,M,M
OFK,2025-06-09 19:56,69.00,51.00,52.69,6.90,M,M
OFK,2025-06-09 20:56,65.00,51.00,60.49,4.60,M,M
OFK,2025-06-09 21:56,55.00,51.00,86.35,0.00,M,M
OFK,2025-06-09 22:56,54.00,51.00,89.55,3.45,M,M
OFK,2025-06-09 23:56,54.00,51.00,89.55,0.00,M,M
OFK,2025-06-10 00:56,52.00,49.00,89.46,0.00,M,M
OFK,2025-06-10 01:56,52.00,49.00,89.46,0.00,M,M
OFK,2025-06-10 02:56,51.00,48.00,89.42,0.00,M,M
OFK,2025-06-10 03:56,51.00,48.00,89.42,0.00,M,M
OFK,2025-06-10 04:56,52.00,49.00,89.46,0.00,M,M
OFK,2025-06-10 05:56,49.00,48.00,96.32,0.00,M,M
OFK,2025-06-10 06:56,51.00,49.00,92.83,0.00,M,M
OFK,2025-06-10 07:56,60.00,54.00,80.54,0.00,M,M
OFK,2025-06-10 08:56,69.00,49.00,48.91,6.90,M,M
OFK,2025-06-10 09:56,77.00,45.00,32.14,11.50,M,M
OFK,2025-06-10 10:56,81.00,42.00,25.13,10.35,M,M
OFK,2025-06-10 11:32,84.00,42.00,22.81,12.65,M,M
OFK,2025-06-10 11:41,84.00,42.00,22.81,12.65,M,M
OFK,2025-06-10 11:56,85.00,42.00,22.09,8.05,M,M
OFK,2025-06-10 12:56,87.00,43.00,21.54,12.65,M,M
OFK,2025-06-10 13:56,89.00,44.00,21.01,4.60,M,M
OFK,2025-06-10 14:56,91.00,44.00,19.74,11.50,M,M
OFK,2025-06-10 15:56,92.00,45.00,19.88,12.65,M,M
OFK,2025-06-10 16:56,92.00,45.00,19.88,14.95,M,M
OFK,2025-06-10 17:56,90.00,47.00,22.82,14.95,M,M
OFK,2025-06-10 18:56,89.00,46.00,22.67,12.65,M,M
OFK,2025-06-10 19:56,84.00,49.00,29.75,6.90,M,M
OFK,2025-06-10 20:56,77.00,46.00,33.38,8.05,M,M
OFK,2025-06-10 21:56,77.00,48.00,36.00,10.35,M,M
OFK,2025-06-10 22:56,75.00,47.00,37.05,11.50,M,M
OFK,2025-06-10 23:56,73.00,47.00,39.62,11.50,M,M
OFK,2025-06-11 00:56,69.00,48.00,47.11,11.50,M,M
OFK,2025-06-11 01:56,69.00,49.00,48.91,16.10,M,M
OFK,2025-06-11 02:56,67.00,50.00,54.38,13.80,M,M
OFK,2025-06-11 03:56,66.00,50.00,56.29,11.50,M,M
OFK,2025-06-11 04:56,66.00,51.00,58.42,11.50,M,M
OFK,2025-06-11 05:56,64.00,52.00,64.99,0.00,M,M
OFK,2025-06-11 06:56,65.00,53.00,65.12,4.60,M,M
OFK,2025-06-11 07:56,69.00,56.00,63.27,8.05,M,M
OFK,2025-06-11 08:56,75.00,58.00,55.53,8.05,M,M
OFK,2025-06-11 09:56,81.00,60.00,48.95,10.35,M,M
OFK,2025-06-11 10:56,86.00,60.00,41.68,13.80,M,M
OFK,2025-06-11 11:56,89.00,60.00,37.91,16.10,M,M
OFK,2025-06-11 12:56,91.00,58.00,33.15,17.25,M,M
OFK,2025-06-11 13:56,92.00,58.00,32.13,16.10,9000.00,29.90
OFK,2025-06-11 14:56,94.00,56.00,28.11,8.05,10000.00,M
OFK,2025-06-11 15:56,95.00,50.00,21.87,14.95,10000.00,M
OFK,2025-06-11 16:56,94.00,53.00,25.19,14.95,M,M
OFK,2025-06-11 17:56,92.00,53.00,26.80,12.65,M,M
OFK,2025-06-11 18:56,90.00,53.00,28.52,12.65,M,M
OFK,2025-06-11 19:56,88.00,54.00,31.51,10.35,M,M
OFK,2025-06-11 20:56,84.00,54.00,35.79,9.20,M,M
OFK,2025-06-11 21:56,80.00,54.00,40.73,11.50,M,M
OFK,2025-06-11 22:56,80.00,54.00,40.73,14.95,M,M
OFK,2025-06-11 23:56,78.00,55.00,45.11,16.10,M,M
OFK,2025-06-12 00:56,74.00,56.00,53.42,14.95,M,M
OFK,2025-06-12 01:56,72.00,55.00,55.10,13.80,M,M
OFK,2025-06-12 02:56,71.00,56.00,59.11,13.80,M,M
OFK,2025-06-12 03:56,69.00,57.00,65.60,12.65,M,M
OFK,2025-06-12 04:56,67.00,57.00,70.27,0.00,M,M
OFK,2025-06-12 05:56,62.00,57.00,83.67,5.75,M,M
OFK,2025-06-12 06:56,64.00,59.00,83.80,5.75,M,M
OFK,2025-06-12 07:56,69.00,60.00,73.05,6.90,M,M
OFK,2025-06-12 08:56,73.00,61.00,66.08,8.05,M,M
OFK,2025-06-12 09:56,76.00,62.00,61.93,8.05,M,M
OFK,2025-06-12 10:56,81.00,58.00,45.57,14.95,M,M
OFK,2025-06-12 11:56,83.00,57.00,41.21,17.25,M,M
OFK,2025-06-12 12:56,82.00,59.00,45.73,16.10,M,M
OFK,2025-06-12 13:56,86.00,58.00,38.80,18.40,6000.00,32.20
OFK,2025-06-12 14:56,86.00,59.00,40.22,17.25,6000.00,31.05
OFK,2025-06-12 15:56,86.00,60.00,41.68,18.40,6000.00,32.20
OFK,2025-06-12 16:56,87.00,59.00,38.96,19.55,6000.00,M
OFK,2025-06-12 17:56,85.00,59.00,41.52,20.70,M,29.90
OFK,2025-06-12 18:56,83.00,60.00,45.88,11.50,6000.00,M
OFK,2025-06-12 19:56,79.00,60.00,52.25,10.35,M,M
OFK,2025-06-12 20:56,76.00,59.00,55.67,10.35,M,M
OFK,2025-06-12 21:56,74.00,59.00,59.51,12.65,M,M
OFK,2025-06-12 22:56,74.00,58.00,57.42,13.80,M,M
OFK,2025-06-12 23:56,72.00,57.00,59.24,11.50,M,M
OFK,2025-06-13 00:56,70.00,58.00,65.72,13.80,M,M
OFK,2025-06-13 01:56,70.00,59.00,68.12,14.95,M,M
OFK,2025-06-13 02:56,69.00,60.00,73.05,8.05,M,M
OFK,2025-06-13 03:56,67.00,60.00,78.24,8.05,M,M
OFK,2025-06-13 04:56,65.00,61.00,86.89,4.60,M,M
OFK,2025-06-13 05:56,65.00,60.00,83.86,0.00,M,M
OFK,2025-06-13 06:56,65.00,61.00,86.89,6.90,M,M
OFK,2025-06-13 07:56,71.00,62.00,73.24,8.05,M,M
OFK,2025-06-13 08:56,75.00,63.00,66.32,10.35,M,M
OFK,2025-06-13 09:56,77.00,63.00,62.06,8.05,M,M
OFK,2025-06-13 10:56,80.00,64.00,58.24,9.20,3700.00,M
OFK,2025-06-13 11:56,83.00,63.00,51.02,9.20,4400.00,M
OFK,2025-06-13 12:56,85.00,62.00,46.19,8.05,4800.00,M
OFK,2025-06-13 13:56,86.00,62.00,44.74,4.60,5000.00,M
OFK,2025-06-13 14:56,88.00,64.00,45.05,8.05,5500.00,M
OFK,2025-06-13 15:56,86.00,61.00,43.19,0.00,6000.00,M
OFK,2025-06-13 16:56,88.00,64.00,45.05,9.20,M,M
OFK,2025-06-13 17:56,88.00,64.00,45.05,9.20,M,M
OFK,2025-06-13 18:56,86.00,63.00,46.34,10.35,M,M
OFK,2025-06-13 19:56,84.00,63.00,49.40,10.35,M,M
OFK,2025-06-13 20:56,80.00,60.00,50.57,5.75,M,M
OFK,2025-06-13 21:56,76.00,61.00,59.78,4.60,M,M
OFK,2025-06-13 22:56,72.00,61.00,68.35,4.60,M,M
OFK,2025-06-13 23:56,71.00,62.00,73.24,3.45,M,M
OFK,2025-06-14 00:56,69.00,62.00,78.41,0.00,M,M
OFK,2025-06-14 01:56,66.00,61.00,83.93,0.00,M,M
OFK,2025-06-14 02:56,64.00,61.00,89.98,3.45,M,M
OFK,2025-06-14 03:56,63.00,61.00,93.19,0.00,M,M
OFK,2025-06-14 04:56,64.00,61.00,89.98,5.75,M,M
OFK,2025-06-14 05:56,63.00,61.00,93.19,8.05,M,M
OFK,2025-06-14 06:56,63.00,61.00,93.19,8.05,M,M
OFK,2025-06-14 07:56,67.00,62.00,83.99,9.20,M,M
OFK,2025-06-14 08:56,76.00,66.00,71.23,9.20,M,M
OFK,2025-06-14 09:56,80.00,66.00,62.44,5.75,M,M
OFK,2025-06-14 10:56,84.00,66.00,54.85,8.05,M,M
OFK,2025-06-14 11:56,86.00,64.00,47.99,5.75,M,M
OFK,2025-06-14 12:56,88.00,65.00,46.65,9.20,M,M
OFK,2025-06-14 13:56,90.00,63.00,40.85,13.80,M,M
OFK,2025-06-14 14:56,91.00,63.00,39.59,5.75,M,M
OFK,2025-06-14 15:56,91.00,64.00,41.00,11.50,6500.00,M
OFK,2025-06-14 16:56,92.00,63.00,38.38,11.50,6500.00,M
OFK,2025-06-14 17:56,90.00,62.00,39.43,13.80,M,M
OFK,2025-06-14 18:56,88.00,65.00,46.65,14.95,M,M
OFK,2025-06-14 19:56,86.00,65.00,49.70,11.50,M,M
OFK,2025-06-15 07:56,74.00,66.00,76.14,5.75,M,M
OFK,2025-06-15 08:56,79.00,67.00,66.78,13.80,M,M
OFK,2025-06-15 09:56,83.00,66.00,56.65,16.10,M,M
OFK,2025-06-15 10:56,80.00,65.00,60.30,12.65,M,M
OFK,2025-06-15 11:56,81.00,65.00,58.37,17.25,M,M
OFK,2025-06-15 12:56,84.00,66.00,54.85,14.95,M,31.05
OFK,2025-06-15 13:56,85.00,64.00,49.55,14.95,M,M
OFK,2025-06-15 14:56,87.00,65.00,48.15,12.65,M,M
OFK,2025-06-15 15:54,89.60,64.40,43.44,13.80,M,M
OFK,2025-06-15 15:56,89.00,63.00,42.15,13.80,M,M
OFK,2025-06-15 16:18,88.00,64.00,45.05,17.25,M,M
OFK,2025-06-15 16:56,89.00,63.00,42.15,9.20,M,M
OFK,2025-06-15 17:56,90.00,63.00,40.85,8.05,6000.00,M
OFK,2025-06-15 18:56,87.00,63.00,44.89,9.20,6500.00,M
OFK,2025-06-15 19:56,87.00,64.00,46.49,8.05,M,M
OFK,2025-06-15 20:56,80.00,64.00,58.24,6.90,M,M
OFK,2025-06-15 21:56,80.00,62.00,54.29,10.35,M,M
OFK,2025-06-15 22:56,78.00,62.00,57.97,10.35,M,M
OFK,2025-06-15 23:56,78.00,62.00,57.97,11.50,M,M
OFK,2025-06-16 00:56,77.00,63.00,62.06,10.35,M,M
OFK,2025-06-16 01:56,75.00,63.00,66.32,11.50,M,M
OFK,2025-06-16 02:56,74.00,63.00,68.57,11.50,M,M
OFK,2025-06-16 03:56,75.00,63.00,66.32,13.80,M,M
OFK,2025-06-16 04:56,75.00,64.00,68.68,12.65,M,M
OFK,2025-06-16 05:56,73.00,64.00,73.44,12.65,M,M
OFK,2025-06-16 06:56,73.00,64.00,73.44,10.35,M,M
OFK,2025-06-16 07:56,75.00,65.00,71.12,10.35,M,M
OFK,2025-06-16 08:56,81.00,65.00,58.37,13.80,M,M
OFK,2025-06-16 09:00,81.00,65.00,58.37,16.10,M,M
OFK,2025-06-16 09:56,84.00,63.00,49.40,12.65,M,M
OFK,2025-06-16 10:56,83.00,61.00,47.54,9.20,M,M
OFK,2025-06-16 11:56,87.00,59.00,38.96,8.05,M,M
OFK,2025-06-16 12:56,88.00,58.00,36.42,5.75,M,M
OFK,2025-06-16 13:56,90.00,60.00,36.73,12.65,M,M
OFK,2025-06-16 14:56,92.00,59.00,33.31,13.80,M,M
OFK,2025-06-16 15:56,93.00,58.00,31.15,13.80,M,M
OFK,2025-06-16 16:56,92.00,61.00,35.76,14.95,10000.00,M
OFK,2025-06-16 17:29,88.00,60.00,39.12,11.50,7500.00,M
OFK,2025-06-16 17:56,81.00,62.00,52.55,13.80,7500.00,M
OFK,2025-06-16 18:16,72.00,68.00,87.26,6.90,4000.00,M
OFK,2025-06-16 18:24,70.00,68.00,93.38,3.45,4200.00,M
OFK,2025-06-16 18:56,69.00,67.00,93.36,8.05,5000.00,M
OFK,2025-06-16 19:32,68.00,67.00,96.61,11.50,11000.00,M
OFK,2025-06-16 19:53,69.80,64.40,83.00,3.45,9000.00,M
OFK,2025-06-16 19:56,69.00,65.00,87.10,9.20,9500.00,M
OFK,2025-06-16 20:13,68.00,65.00,90.14,11.50,10000.00,M
OFK,2025-06-16 20:28,68.00,64.00,87.05,3.45,9000.00,M
OFK,2025-06-16 20:56,67.00,63.00,87.00,3.45,M,M
OFK,2025-06-16 21:56,67.00,63.00,87.00,3.45,M,M
OFK,2025-06-16 22:49,67.00,63.00,87.00,8.05,M,M
OFK,2025-06-16 22:53,66.20,62.60,88.19,5.75,M,M
OFK,2025-06-16 22:56,67.00,63.00,87.00,3.45,M,M
OFK,2025-06-16 23:56,67.00,62.00,83.99,4.60,M,M
OFK,2025-06-17 00:56,67.00,61.00,81.07,5.75,10000.00,M
OFK,2025-06-17 01:56,66.00,62.00,86.95,5.75,10000.00,M
OFK,2025-06-17 02:56,66.00,61.00,83.93,3.45,M,M
OFK,2025-06-17 03:56,66.00,60.00,81.00,6.90,M,M
OFK,2025-06-17 04:56,63.00,61.00,93.19,3.45,M,M
OFK,2025-06-17 05:56,62.00,60.00,93.16,0.00,M,M
OFK,2025-06-17 06:56,64.00,62.00,93.22,8.05,M,M
OFK,2025-06-17 07:56,66.00,62.00,86.95,0.00,M,M
OFK,2025-06-17 08:56,68.00,64.00,87.05,0.00,M,M
OFK,2025-06-17 09:56,69.00,64.00,84.12,14.95,M,M
OFK,2025-06-17 10:56,73.00,64.00,73.44,14.95,M,M
OFK,2025-06-17 11:56,78.00,66.00,66.67,10.35,M,M
OFK,2025-06-17 12:56,77.00,65.00,66.55,8.05,9000.00,M
OFK,2025-06-17 13:56,79.00,62.00,56.09,9.20,3200.00,M
OFK,2025-06-17 14:11,78.00,63.00,60.04,14.95,4100.00,M
OFK,2025-06-17 14:26,77.00,63.00,62.06,13.80,3800.00,M
OFK,2025-06-17 14:56,79.00,63.00,58.10,8.05,M,M
OFK,2025-06-17 15:16,78.00,64.00,62.18,5.75,M,M
OFK,2025-06-17 15:31,78.00,63.00,60.04,5.75,M,M
OFK,2025-06-17 15:56,79.00,63.00,58.10,0.00,M,M
OFK,2025-06-17 16:56,78.00,64.00,62.18,5.75,M,M
OFK,2025-06-17 17:56,75.00,64.00,68.68,8.05,M,M
OFK,2025-06-17 18:56,74.00,64.00,71.02,11.50,12000.00,M
OFK,2025-06-17 19:56,73.00,60.00,63.78,6.90,M,M
OFK,2025-06-17 20:56,70.00,57.00,63.40,6.90,M,M
OFK,2025-06-17 21:56,67.00,55.00,65.36,3.45,M,M
OFK,2025-06-17 22:56,65.00,56.00,72.64,0.00,M,M
OFK,2025-06-17 23:56,60.00,57.00,89.81,0.00,M,M
OFK,2025-06-18 00:56,59.00,57.00,93.07,0.00,M,M
OFK,2025-06-18 01:56,58.00,56.00,93.04,0.00,M,M
OFK,2025-06-18 02:56,58.00,56.00,93.04,0.00,M,M
OFK,2025-06-18 03:56,59.00,58.00,96.48,0.00,M,M
OFK,2025-06-18 04:56,58.00,57.00,96.47,4.60,M,M
OFK,2025-06-18 05:56,57.00,56.00,96.45,3.45,M,M
OFK,2025-06-18 06:56,60.00,58.00,93.10,5.75,M,M
OFK,2025-06-18 07:56,63.00,60.00,89.94,4.60,M,M
OFK,2025-06-18 08:56,67.00,63.00,87.00,13.80,1100.00,M
OFK,2025-06-18 09:45,68.00,61.00,78.33,10.35,1400.00,M
OFK,2025-06-18 09:56,67.00,61.00,81.07,14.95,1500.00,M
OFK,2025-06-18 10:56,64.00,61.00,89.98,12.65,6000.00,M
OFK,2025-06-18 11:56,65.00,63.00,93.24,6.90,7000.00,M
OFK,2025-06-18 12:56,67.00,62.00,83.99,3.45,7500.00,M
OFK,2025-06-18 13:56,72.00,65.00,78.66,9.20,1500.00,M
OFK,2025-06-18 14:56,76.00,64.00,66.43,8.05,2400.00,M
OFK,2025-06-18 15:56,75.00,60.00,59.64,8.05,7500.00,M
OFK,2025-06-18 16:56,78.00,61.00,55.95,5.75,3600.00,M
OFK,2025-06-18 17:56,75.00,60.00,59.64,6.90,4500.00,M
OFK,2025-06-18 18:56,77.00,58.00,51.96,11.50,4300.00,M
OFK,2025-06-18 19:56,75.00,58.00,55.53,5.75,M,M
OFK,2025-06-18 20:56,72.00,59.00,63.65,3.45,M,M
OFK,2025-06-18 21:56,65.00,60.00,83.86,3.45,M,M
OFK,2025-06-18 22:56,61.00,58.00,89.85,0.00,M,M
OFK,2025-06-18 23:56,60.00,58.00,93.10,0.00,M,M
OFK,2025-06-19 00:56,59.00,58.00,96.48,0.00,M,M
OFK,2025-06-19 01:56,60.00,58.00,93.10,0.00,M,M
OFK,2025-06-19 02:56,58.00,56.00,93.04,0.00,M,M
OFK,2025-06-19 03:56,56.00,56.00,100.00,0.00,M,M
OFK,2025-06-19 04:56,57.00,56.00,96.45,0.00,M,M
OFK,2025-06-19 05:56,56.00,56.00,100.00,3.45,M,M
OFK,2025-06-19 06:56,59.00,58.00,96.48,3.45,M,M
OFK,2025-06-19 07:56,68.00,62.00,81.15,0.00,M,M
OFK,2025-06-19 08:56,74.00,62.00,66.20,9.20,M,M
OFK,2025-06-19 09:56,79.00,63.00,58.10,10.35,M,M
OFK,2025-06-19 10:56,82.00,63.00,52.69,11.50,M,M
OFK,2025-06-19 11:56,85.00,59.00,41.52,10.35,M,M
OFK,2025-06-19 12:56,87.00,61.00,41.83,11.50,M,M
OFK,2025-06-19 13:56,89.00,61.00,39.28,10.35,M,M
OFK,2025-06-19 14:56,90.00,60.00,36.73,13.80,M,M
OFK,2025-06-19 15:56,91.00,58.00,33.15,16.10,M,M
OFK,2025-06-19 16:56,91.00,58.00,33.15,19.55,M,31.05
OFK,2025-06-19 17:56,91.00,57.00,31.98,20.70,M,34.50
OFK,2025-06-19 18:56,90.00,60.00,36.73,14.95,M,32.20
OFK,2025-06-19 19:56,86.00,59.00,40.22,11.50,M,33.35
OFK,2025-06-19 20:56,84.00,59.00,42.87,14.95,M,M
OFK,2025-06-19 21:35,83.00,60.00,45.88,20.70,M,33.35
OFK,2025-06-19 21:56,85.00,58.00,40.06,21.85,M,46.00
OFK,2025-06-19 22:56,83.00,59.00,44.27,31.05,M,50.60
OFK,2025-06-19 23:56,77.00,61.00,57.83,24.15,M,48.30
OFK,2025-06-20 00:56,75.00,63.00,66.32,19.55,M,33.35
OFK,2025-06-20 01:56,75.00,63.00,66.32,14.95,M,31.05
OFK,2025-06-20 02:56,75.00,65.00,71.12,13.80,M,M
OFK,2025-06-20 03:45,74.00,66.00,76.14,8.05,M,M
OFK,2025-06-20 03:53,73.40,66.20,78.23,8.05,M,M
OFK,2025-06-20 03:54,73.00,66.00,78.74,8.05,M,M
OFK,2025-06-20 04:56,73.00,67.00,81.51,8.05,M,M
OFK,2025-06-20 05:56,74.00,69.00,84.43,10.35,M,M
OFK,2025-06-20 06:56,76.00,70.00,81.72,13.80,M,M
OFK,2025-06-20 07:56,78.00,70.00,76.49,10.35,M,M
OFK,2025-06-20 08:52,80.60,71.60,74.17,13.80,M,M
OFK,2025-06-20 08:56,81.00,71.00,71.74,16.10,M,M
OFK,2025-06-20 09:38,84.00,72.00,67.36,9.20,M,33.35
OFK,2025-06-20 09:49,85.00,71.00,63.06,13.80,M,33.35
OFK,2025-06-20 09:56,85.00,71.00,63.06,17.25,M,33.35
OFK,2025-06-20 10:56,88.00,70.00,55.41,14.95,M,M
OFK,2025-06-20 11:02,89.00,71.00,55.55,16.10,M,M
OFK,2025-06-20 11:17,89.00,70.00,53.70,16.10,M,M
OFK,2025-06-20 11:56,91.00,70.00,50.44,17.25,M,M
OFK,2025-06-20 12:56,93.00,70.00,47.40,14.95,M,29.90
OFK,2025-06-20 13:56,96.00,70.00,43.23,21.85,M,29.90
OFK,2025-06-20 14:29,96.00,70.00,43.23,20.70,M,32.20
OFK,2025-06-20 14:39,97.00,70.00,41.93,18.40,M,32.20
OFK,2025-06-20 14:56,97.00,69.00,40.52,21.85,M,34.50
OFK,2025-06-20 15:00,97.00,69.00,40.52,21.85,M,33.35
OFK,2025-06-20 15:09,98.00,69.00,39.31,21.85,M,37.95
OFK,2025-06-20 15:16,98.00,68.00,37.99,24.15,M,37.95
OFK,2025-06-20 15:24,98.00,67.00,36.70,27.60,M,39.10
OFK,2025-06-20 15:34,98.00,66.00,35.45,24.15,M,39.10
OFK,2025-06-20 15:56,98.00,65.00,34.24,28.75,M,39.10
OFK,2025-06-20 16:56,98.00,65.00,34.24,28.75,M,44.85
OFK,2025-06-20 17:56,97.00,63.00,32.91,25.30,M,48.30
OFK,2025-06-20 18:56,95.00,63.00,34.98,27.60,M,47.15
OFK,2025-06-20 19:56,93.00,64.00,38.53,20.70,M,46.00
OFK,2025-06-20 20:11,92.00,64.00,39.75,20.70,M,34.50
OFK,2025-06-20 20:16,92.00,64.00,39.75,23.00,M,36.80
OFK,2025-06-20 20:56,90.00,65.00,43.80,23.00,M,37.95
OFK,2025-06-20 21:56,89.00,66.00,46.80,23.00,M,42.55
OFK,2025-06-20 22:56,87.00,65.00,48.15,23.00,M,42.55
OFK,2025-06-20 23:56,85.00,66.00,53.12,26.45,M,41.40
OFK,2025-06-21 00:56,84.00,66.00,54.85,24.15,M,41.40
OFK,2025-06-21 01:56,84.00,67.00,56.78,25.30,M,40.25
OFK,2025-06-21 02:18,83.00,67.00,58.64,26.45,M,43.70
OFK,2025-06-21 02:24,83.00,67.00,58.64,28.75,M,43.70
OFK,2025-06-21 02:56,83.00,67.00,58.64,31.05,M,44.85
OFK,2025-06-21 03:56,81.00,68.00,64.76,28.75,M,43.70
OFK,2025-06-21 04:56,80.00,68.00,66.90,26.45,M,39.10
OFK,2025-06-21 05:56,79.00,68.00,69.12,23.00,M,40.25
OFK,2025-06-21 06:56,80.00,67.00,64.63,24.15,M,41.40
OFK,2025-06-21 07:56,81.00,67.00,62.56,24.15,M,41.40
OFK,2025-06-21 08:56,84.00,67.00,56.78,25.30,M,41.40
OFK,2025-06-21 09:56,86.00,66.00,51.46,26.45,M,51.75
OFK,2025-06-21 10:56,90.00,67.00,46.95,23.00,M,42.55
OFK,2025-06-21 11:56,94.00,65.00,38.69,21.85,M,37.95
OFK,2025-06-21 12:56,96.00,67.00,39.00,25.30,M,41.40
OFK,2025-06-21 13:56,97.00,65.00,35.30,25.30,M,41.40
OFK,2025-06-21 14:56,99.00,66.00,34.40,25.30,M,35.65
OFK,2025-06-21 15:56,100.00,69.00,37.01,20.70,M,37.95
OFK,2025-06-21 16:56,98.00,69.00,39.31,21.85,M,39.10
OFK,2025-06-21 17:56,97.00,68.00,39.16,24.15,M,37.95
OFK,2025-06-21 18:56,96.00,68.00,40.37,25.30,M,39.10
OFK,2025-06-21 19:56,93.00,69.00,45.81,14.95,M,36.80
OFK,2025-06-21 20:56,91.00,68.00,47.10,14.95,M,31.05
OFK,2025-06-21 21:56,88.00,68.00,51.75,16.10,M,M
OFK,2025-06-21 22:56,86.00,67.00,53.27,18.40,M,32.20
OFK,2025-06-21 23:56,85.00,68.00,56.92,18.40,M,34.50
OFK,2025-06-22 00:56,84.00,68.00,58.77,19.55,M,36.80
OFK,2025-06-22 01:56,82.00,68.00,62.69,18.40,M,33.35
OFK,2025-06-22 02:56,80.00,69.00,69.23,19.55,M,34.50
OFK,2025-06-22 03:56,79.00,68.00,69.12,20.70,M,37.95
OFK,2025-06-22 04:56,79.00,68.00,69.12,23.00,M,40.25
OFK,2025-06-22 05:56,78.00,67.00,69.01,23.00,M,39.10
OFK,2025-06-22 06:56,78.00,67.00,69.01,26.45,M,40.25
OFK,2025-06-22 07:56,80.00,67.00,64.63,21.85,M,36.80
OFK,2025-06-22 08:56,82.00,67.00,60.57,31.05,M,44.85
OFK,2025-06-22 09:56,85.00,67.00,54.99,31.05,M,47.15
OFK,2025-06-22 10:56,87.00,67.00,51.60,29.90,M,47.15
OFK,2025-06-22 11:56,90.00,68.00,48.59,31.05,M,47.15
OFK,2025-06-22 12:56,91.00,68.00,47.10,29.90,M,49.45
OFK,2025-06-22 13:56,93.00,68.00,44.27,28.75,M,49.45
OFK,2025-06-22 14:56,94.00,69.00,44.42,26.45,M,46.00
OFK,2025-06-22 15:56,95.00,68.00,41.62,34.50,M,48.30
OFK,2025-06-22 16:56,94.00,68.00,42.92,26.45,M,48.30
OFK,2025-06-22 17:56,94.00,67.00,41.47,24.15,M,46.00
OFK,2025-06-22 18:56,93.00,68.00,44.27,21.85,M,40.25
OFK,2025-06-22 19:56,90.00,68.00,48.59,14.95,M,39.10
OFK,2025-06-22 20:56,88.00,68.00,51.75,12.65,M,M
OFK,2025-06-22 21:56,86.00,68.00,55.13,8.05,6000.00,M
OFK,2025-06-22 22:56,83.00,67.00,58.64,8.05,M,M
OFK,2025-06-22 23:56,83.00,67.00,58.64,10.35,M,M
OFK,2025-06-23 00:56,82.00,66.00,58.51,11.50,M,M
OFK,2025-06-23 01:56,82.00,66.00,58.51,11.50,6500.00,M
OFK,2025-06-23 02:56,72.00,65.00,78.66,9.20,4500.00,M
OFK,2025-06-23 03:56,71.00,65.00,81.37,9.20,4200.00,M
OFK,2025-06-23 04:54,68.00,66.20,93.98,11.50,1000.00,M
OFK,2025-06-23 04:56,68.00,66.00,93.33,11.50,1000.00,M
OFK,2025-06-23 05:23,68.00,66.00,93.33,11.50,1100.00,M
OFK,2025-06-23 05:30,68.00,66.00,93.33,10.35,900.00,M
OFK,2025-06-23 05:56,68.00,66.00,93.33,6.90,900.00,M
OFK,2025-06-23 06:06,68.00,66.00,93.33,9.20,900.00,M
OFK,2025-06-23 06:15,68.00,66.00,93.33,6.90,1000.00,M
OFK,2025-06-23 06:24,68.00,66.00,93.33,8.05,1000.00,M
OFK,2025-06-23 06:36,68.00,66.00,93.33,10.35,1000.00,M
OFK,2025-06-23 06:40,68.00,66.00,93.33,12.65,1000.00,M
OFK,2025-06-23 06:53,68.00,66.20,93.98,8.05,1000.00,M
OFK,2025-06-23 06:56,68.00,66.00,93.33,5.75,1000.00,M
OFK,2025-06-23 07:04,68.00,66.00,93.33,0.00,1000.00,M
OFK,2025-06-23 07:18,68.00,66.00,93.33,9.20,900.00,M
OFK,2025-06-23 07:56,67.00,66.00,96.60,10.35,900.00,M
OFK,2025-06-23 08:56,67.00,65.00,93.30,11.50,800.00,M
OFK,2025-06-23 09:56,64.00,63.00,96.56,19.55,700.00,M
OFK,2025-06-23 10:56,63.00,60.00,89.94,19.55,1000.00,M
OFK,2025-06-23 11:56,65.00,61.00,86.89,16.10,1400.00,M
OFK,2025-06-23 12:13,66.00,61.00,83.93,16.10,1500.00,M
OFK,2025-06-23 12:56,68.00,61.00,78.33,11.50,1700.00,M
OFK,2025-06-23 13:56,69.00,61.00,75.69,10.35,2200.00,M
OFK,2025-06-23 14:56,72.00,61.00,68.35,17.25,2300.00,M
OFK,2025-06-23 15:56,71.00,61.00,70.70,11.50,2500.00,M
OFK,2025-06-23 16:56,73.00,61.00,66.08,13.80,3300.00,M
OFK,2025-06-23 17:56,75.00,60.00,59.64,13.80,3500.00,M
OFK,2025-06-23 18:56,75.00,59.00,57.55,9.20,3600.00,M
OFK,2025-06-23 19:56,74.00,58.00,57.42,8.05,3500.00,M
OFK,2025-06-23 20:56,72.00,58.00,61.41,8.05,3100.00,M
OFK,2025-06-23 21:56,72.00,59.00,63.65,6.90,3200.00,M
OFK,2025-06-23 22:28,71.00,59.00,65.84,5.75,2900.00,M
OFK,2025-06-23 22:56,71.00,59.00,65.84,4.60,2600.00,M
OFK,2025-06-23 23:56,70.00,59.00,68.12,3.45,2300.00,M
OFK,2025-06-24 00:26,68.00,60.00,75.59,5.75,2200.00,M
OFK,2025-06-24 00:34,66.00,62.00,86.95,6.90,2200.00,M
OFK,2025-06-24 00:45,66.00,61.00,83.93,9.20,2200.00,M
OFK,2025-06-24 00:56,65.00,62.00,90.02,3.45,2200.00,M
OFK,2025-06-24 01:02,65.00,62.00,90.02,6.90,2200.00,M
OFK,2025-06-24 01:11,65.00,63.00,93.24,6.90,2100.00,M
OFK,2025-06-24 01:23,64.00,62.00,93.22,3.45,1800.00,M
OFK,2025-06-24 01:30,63.00,62.00,96.54,10.35,1200.00,M
OFK,2025-06-24 01:37,63.00,62.00,96.54,0.00,1200.00,M
OFK,2025-06-24 01:39,63.00,62.00,96.54,0.00,1200.00,M
OFK,2025-06-24 01:47,63.00,62.00,96.54,4.60,1200.00,M
OFK,2025-06-24 01:56,63.00,62.00,96.54,9.20,1200.00,M
OFK,2025-06-24 02:05,63.00,63.00,100.00,3.45,900.00,M
OFK,2025-06-24 02:14,63.00,63.00,100.00,9.20,600.00,M
OFK,2025-06-24 02:20,63.00,63.00,100.00,5.75,800.00,M
OFK,2025-06-24 02:27,63.00,63.00,100.00,8.05,800.00,M
OFK,2025-06-24 02:45,64.00,63.00,96.56,3.45,600.00,M
OFK,2025-06-24 02:56,64.00,63.00,96.56,3.45,600.00,M
OFK,2025-06-24 03:56,66.00,65.00,96.59,0.00,500.00,M
OFK,2025-06-24 04:33,66.00,66.00,100.00,4.60,500.00,M
OFK,2025-06-24 04:48,67.00,66.00,96.60,4.60,500.00,M
OFK,2025-06-24 04:56,67.00,66.00,96.60,3.45,500.00,M
OFK,2025-06-24 05:56,68.00,67.00,96.61,4.60,700.00,M
OFK,2025-06-24 06:56,68.00,67.00,96.61,5.75,500.00,M
OFK,2025-06-24 07:06,68.00,66.00,93.33,6.90,400.00,M
OFK,2025-06-24 07:26,67.00,66.00,96.60,5.75,500.00,M
OFK,2025-06-24 07:56,67.00,66.00,96.60,4.60,600.00,M
OFK,2025-06-24 08:32,67.00,66.00,96.60,5.75,500.00,M
OFK,2025-06-24 08:44,67.00,66.00,96.60,5.75,500.00,M
OFK,2025-06-24 08:56,67.00,66.00,96.60,5.75,400.00,M
OFK,2025-06-24 09:18,67.00,66.00,96.60,6.90,400.00,M
OFK,2025-06-24 09:28,67.00,66.00,96.60,5.75,400.00,M
OFK,2025-06-24 09:49,67.00,66.00,96.60,3.45,400.00,M
OFK,2025-06-24 09:56,67.00,66.00,96.60,3.45,400.00,M
OFK,2025-06-24 10:07,67.00,66.00,96.60,3.45,400.00,M
OFK,2025-06-24 10:56,67.00,67.00,100.00,3.45,400.00,M
OFK,2025-06-24 11:34,68.00,67.00,96.61,6.90,400.00,M
OFK,2025-06-24 11:41,68.00,67.00,96.61,5.75,500.00,M
OFK,2025-06-24 11:48,68.00,67.00,96.61,4.60,500.00,M
OFK,2025-06-24 11:56,68.00,67.00,96.61,4.60,400.00,M
OFK,2025-06-24 12:28,69.00,68.00,96.63,6.90,500.00,M
OFK,2025-06-24 12:56,69.00,68.00,96.63,5.75,500.00,M
OFK,2025-06-24 13:10,69.00,69.00,100.00,5.75,500.00,M
OFK,2025-06-24 13:23,70.00,69.00,96.64,5.75,400.00,M
OFK,2025-06-24 13:39,70.00,69.00,96.64,6.90,400.00,M
OFK,2025-06-24 13:56,70.00,69.00,96.64,5.75,400.00,M
OFK,2025-06-24 14:07,70.00,69.00,96.64,5.75,500.00,M
OFK,2025-06-24 14:24,68.00,67.00,96.61,9.20,400.00,M
OFK,2025-06-24 14:36,68.00,67.00,96.61,9.20,400.00,M
OFK,2025-06-24 14:56,68.00,67.00,96.61,9.20,600.00,M
OFK,2025-06-24 15:56,69.00,68.00,96.63,10.35,500.00,M
OFK,2025-06-24 16:08,69.00,68.00,96.63,9.20,500.00,M
OFK,2025-06-24 16:22,69.00,68.00,96.63,9.20,400.00,M
OFK,2025-06-24 16:49,68.00,67.00,96.61,5.75,400.00,M
OFK,2025-06-24 16:56,69.00,68.00,96.63,4.60,400.00,M
OFK,2025-06-24 17:33,70.00,69.00,96.64,4.60,500.00,M
OFK,2025-06-24 17:56,71.00,69.00,93.41,4.60,500.00,M
OFK,2025-06-24 18:56,72.00,71.00,96.67,4.60,500.00,M
OFK,2025-06-24 19:34,72.00,71.00,96.67,4.60,700.00,M
OFK,2025-06-24 19:47,73.00,71.00,93.47,3.45,700.00,M
OFK,2025-06-24 19:56,73.00,72.00,96.69,4.60,700.00,M
OFK,2025-06-24 20:21,72.00,71.00,96.67,0.00,700.00,M
OFK,2025-06-24 20:45,72.00,71.00,96.67,0.00,3800.00,M
OFK,2025-06-24 20:56,72.00,71.00,96.67,3.45,4100.00,M
OFK,2025-06-24 21:04,72.00,71.00,96.67,0.00,4100.00,M
OFK,2025-06-24 21:56,71.00,71.00,100.00,3.45,2200.00,M
OFK,2025-06-24 22:12,71.00,71.00,100.00,3.45,2200.00,M
OFK,2025-06-24 22:32,71.00,71.00,100.00,4.60,7000.00,M
OFK,2025-06-24 22:56,73.00,71.00,93.47,5.75,M,M
OFK,2025-06-24 23:40,72.00,71.00,96.67,6.90,1800.00,M
OFK,2025-06-24 23:56,72.00,71.00,96.67,6.90,900.00,M
OFK,2025-06-25 00:08,72.00,71.00,96.67,6.90,1000.00,M
OFK,2025-06-25 00:26,72.00,71.00,96.67,9.20,900.00,M
OFK,2025-06-25 00:56,72.00,71.00,96.67,5.75,900.00,M
OFK,2025-06-25 01:09,72.00,70.00,93.44,5.75,900.00,M
OFK,2025-06-25 01:37,72.00,70.00,93.44,8.05,700.00,M
OFK,2025-06-25 01:56,71.00,70.00,96.66,5.75,700.00,M
OFK,2025-06-25 02:04,72.00,70.00,93.44,6.90,700.00,M
OFK,2025-06-25 02:19,72.00,70.00,93.44,8.05,600.00,M
OFK,2025-06-25 02:30,71.00,70.00,96.66,6.90,800.00,M
OFK,2025-06-25 02:41,71.00,70.00,96.66,6.90,800.00,M
OFK,2025-06-25 02:51,71.60,69.80,94.07,9.20,700.00,M
OFK,2025-06-25 02:56,72.00,71.00,96.67,9.20,700.00,M
OFK,2025-06-25 03:28,72.00,70.00,93.44,5.75,1200.00,M
OFK,2025-06-25 03:56,71.00,70.00,96.66,5.75,5500.00,M
OFK,2025-06-25 04:34,71.00,70.00,96.66,4.60,800.00,M
OFK,2025-06-25 18:56,68.00,66.00,93.33,3.45,2700.00,32.20
OFK,2025-06-25 19:14,69.00,67.00,93.36,9.20,9000.00,M
OFK,2025-06-25 19:56,70.00,68.00,93.38,3.45,6000.00,M
OFK,2025-06-25 20:56,69.00,68.00,96.63,0.00,10000.00,M
OFK,2025-06-25 21:56,69.00,68.00,96.63,6.90,7000.00,M
OFK,2025-06-25 22:56,67.00,66.00,96.60,9.20,7500.00,M
OFK,2025-06-25 23:56,68.00,67.00,96.61,9.20,600.00,M
OFK,2025-06-26 00:26,68.00,67.00,96.61,9.20,9500.00,M
OFK,2025-06-26 00:41,68.00,67.00,96.61,6.90,900.00,M
OFK,2025-06-26 00:56,68.00,67.00,96.61,12.65,8000.00,M
OFK,2025-06-26 01:56,68.00,67.00,96.61,8.05,10000.00,M
OFK,2025-06-26 02:14,68.00,67.00,96.61,10.35,800.00,M
OFK,2025-06-26 02:29,68.00,67.00,96.61,12.65,800.00,M
OFK,2025-06-26 02:44,68.00,67.00,96.61,12.65,8000.00,M
OFK,2025-06-26 02:56,68.00,67.00,96.61,9.20,8000.00,M
OFK,2025-06-26 03:51,68.00,66.20,93.98,10.35,900.00,M
OFK,2025-06-26 03:56,68.00,67.00,96.61,9.20,800.00,M
OFK,2025-06-26 04:56,68.00,67.00,96.61,8.05,3400.00,M
OFK,2025-06-26 05:09,68.00,67.00,96.61,6.90,600.00,M
OFK,2025-06-26 05:31,68.00,67.00,96.61,5.75,700.00,M
OFK,2025-06-26 05:38,68.00,67.00,96.61,5.75,700.00,M
OFK,2025-06-26 05:56,68.00,67.00,96.61,6.90,1500.00,M
OFK,2025-06-26 06:04,68.00,67.00,96.61,6.90,1700.00,M
OFK,2025-06-26 06:36,68.00,67.00,96.61,9.20,500.00,M
OFK,2025-06-26 06:56,68.00,67.00,96.61,8.05,400.00,M
OFK,2025-06-26 07:32,68.00,67.00,96.61,10.35,500.00,M
OFK,2025-06-26 07:56,68.00,67.00,96.61,9.20,600.00,M
OFK,2025-06-26 08:56,68.00,67.00,96.61,12.65,700.00,M
OFK,2025-06-26 09:35,69.00,67.00,93.36,5.75,500.00,M
OFK,2025-06-26 09:56,69.00,68.00,96.63,4.60,800.00,M
OFK,2025-06-26 10:07,69.00,68.00,96.63,0.00,800.00,M
OFK,2025-06-26 10:11,69.00,68.00,96.63,0.00,1000.00,M
OFK,2025-06-26 10:18,69.00,68.00,96.63,3.45,1400.00,M
OFK,2025-06-26 10:24,70.00,68.00,93.38,5.75,800.00,M
OFK,2025-06-26 10:51,71.60,69.80,94.07,5.75,600.00,M
OFK,2025-06-26 10:53,71.60,69.80,94.07,6.90,600.00,M
OFK,2025-06-26 10:56,71.00,69.00,93.41,4.60,600.00,M
OFK,2025-06-26 11:03,73.00,70.00,90.34,4.60,700.00,M
OFK,2025-06-26 11:56,76.00,70.00,81.72,6.90,1200.00,M
OFK,2025-06-26 12:06,77.00,70.00,79.06,6.90,1400.00,M
OFK,2025-06-26 12:25,77.00,69.00,76.41,11.50,1800.00,M
OFK,2025-06-26 12:52,78.80,69.80,74.00,10.35,1800.00,M
OFK,2025-06-26 12:56,79.00,69.00,71.54,10.35,2300.00,M
OFK,2025-06-26 13:56,81.00,68.00,64.76,8.05,2700.00,M
OFK,2025-06-26 14:56,81.00,68.00,64.76,12.65,3100.00,M
OFK,2025-06-26 15:56,81.00,67.00,62.56,13.80,3200.00,M
OFK,2025-06-26 16:56,80.00,67.00,64.63,16.10,3100.00,M
OFK,2025-06-26 17:56,78.00,65.00,64.39,12.65,M,M
OFK,2025-06-26 18:56,78.00,64.00,62.18,9.20,3700.00,M
OFK,2025-06-26 19:56,78.00,66.00,66.67,10.35,3500.00,M
OFK,2025-06-26 20:56,74.00,65.00,73.54,9.20,M,M
OFK,2025-06-26 21:56,71.00,65.00,81.37,9.20,M,M
OFK,2025-06-26 22:56,68.00,65.00,90.14,0.00,M,M
OFK,2025-06-26 23:56,65.00,64.00,96.57,0.00,M,M
OFK,2025-06-27 00:56,63.00,63.00,100.00,4.60,M,M
OFK,2025-06-27 01:56,62.00,62.00,100.00,3.45,M,M
OFK,2025-06-27 02:56,61.00,61.00,100.00,0.00,M,M
OFK,2025-06-27 03:03,60.00,60.00,100.00,0.00,M,M
OFK,2025-06-27 03:13,60.00,60.00,100.00,0.00,M,M
OFK,2025-06-27 03:29,60.00,60.00,100.00,0.00,200.00,M
OFK,2025-06-27 03:36,61.00,61.00,100.00,0.00,200.00,M
OFK,2025-06-27 03:40,61.00,61.00,100.00,0.00,200.00,M
OFK,2025-06-27 03:49,60.00,60.00,100.00,0.00,100.00,M
OFK,2025-06-27 03:56,60.00,60.00,100.00,0.00,100.00,M
OFK,2025-06-27 04:56,60.00,60.00,100.00,0.00,100.00,M
OFK,2025-06-27 05:04,60.00,60.00,100.00,0.00,200.00,M
OFK,2025-06-27 05:12,61.00,60.00,96.51,0.00,100.00,M
OFK,2025-06-27 05:33,59.00,59.00,100.00,0.00,100.00,M
OFK,2025-06-27 05:42,59.00,59.00,100.00,4.60,200.00,M
OFK,2025-06-27 05:56,59.00,59.00,100.00,3.45,200.00,M
OFK,2025-06-27 06:07,59.00,59.00,100.00,3.45,200.00,M
OFK,2025-06-27 06:15,60.00,60.00,100.00,4.60,200.00,M
OFK,2025-06-27 06:53,60.80,60.80,100.00,8.05,400.00,M
OFK,2025-06-27 06:56,61.00,61.00,100.00,9.20,300.00,M
OFK,2025-06-27 07:02,61.00,61.00,100.00,9.20,300.00,M
OFK,2025-06-27 07:09,61.00,61.00,100.00,9.20,200.00,M
OFK,2025-06-27 07:56,62.00,62.00,100.00,6.90,200.00,M
OFK,2025-06-27 08:12,62.00,62.00,100.00,6.90,200.00,M
OFK,2025-06-27 08:25,63.00,62.00,96.54,10.35,200.00,M
OFK,2025-06-27 08:56,64.00,63.00,96.56,8.05,400.00,M
OFK,2025-06-27 09:19,65.00,64.00,96.57,8.05,500.00,M
OFK,2025-06-27 09:56,67.00,65.00,93.30,6.90,700.00,M
OFK,2025-06-27 10:56,75.00,66.00,73.64,6.90,M,M
OFK,2025-06-27 11:56,79.00,67.00,66.78,8.05,M,M
OFK,2025-06-27 12:56,82.00,69.00,64.88,13.80,M,M
OFK,2025-06-27 13:56,84.00,69.00,60.82,16.10,M,M
OFK,2025-06-27 14:56,85.00,71.00,63.06,13.80,3300.00,M
OFK,2025-06-27 15:56,86.00,71.00,61.08,18.40,3500.00,M
OFK,2025-06-27 16:56,86.00,71.00,61.08,14.95,M,29.90
OFK,2025-06-27 17:56,87.00,72.00,61.21,14.95,3600.00,M
OFK,2025-06-27 18:56,86.00,71.00,61.08,13.80,M,M
OFK,2025-06-27 19:56,85.00,72.00,65.23,9.20,M,M
OFK,2025-06-27 20:56,81.00,72.00,74.21,8.05,M,M
OFK,2025-06-27 21:56,79.00,73.00,81.93,10.35,M,M
OFK,2025-06-27 22:56,78.00,72.00,81.86,11.50,M,M
OFK,2025-06-27 23:56,77.00,72.00,84.61,11.50,M,M
OFK,2025-06-28 00:56,75.00,72.00,90.42,11.50,M,M
OFK,2025-06-28 01:56,75.00,71.00,87.41,6.90,M,M
OFK,2025-06-28 02:56,74.00,71.00,90.38,5.75,M,M
OFK,2025-06-28 03:56,74.00,70.00,87.36,3.45,M,M
OFK,2025-06-28 04:56,70.00,67.00,90.22,6.90,M,M
OFK,2025-06-28 05:56,69.00,67.00,93.36,8.05,M,M
OFK,2025-06-28 06:56,70.00,68.00,93.38,8.05,M,M
OFK,2025-06-28 07:56,74.00,69.00,84.43,8.05,M,M
OFK,2025-06-28 08:56,77.00,69.00,76.41,14.95,M,M
OFK,2025-06-28 09:56,81.00,70.00,69.34,12.65,M,M
OFK,2025-06-28 10:56,83.00,70.00,65.00,18.40,M,M
OFK,2025-06-28 11:56,86.00,73.00,65.35,13.80,M,M
OFK,2025-06-28 12:56,88.00,72.00,59.30,14.95,M,M
OFK,2025-06-28 13:56,89.00,71.00,55.55,18.40,M,29.90
OFK,2025-06-28 14:56,89.00,69.00,51.89,24.15,M,32.20
OFK,2025-06-28 15:56,90.00,71.00,53.84,13.80,M,34.50
OFK,2025-06-28 16:56,91.00,71.00,52.18,18.40,M,29.90
OFK,2025-06-28 17:56,90.00,70.00,52.04,17.25,M,31.05
OFK,2025-06-28 18:56,89.00,70.00,53.70,16.10,M,M
OFK,2025-06-28 19:56,87.00,70.00,57.19,13.80,M,M
OFK,2025-06-28 20:56,83.00,70.00,65.00,12.65,M,M
OFK,2025-06-28 21:56,80.00,70.00,71.64,11.50,M,M
OFK,2025-06-28 22:56,79.00,71.00,76.58,11.50,M,M
OFK,2025-06-28 23:56,78.00,71.00,79.14,13.80,M,M
OFK,2025-06-29 00:56,77.00,71.00,81.79,14.95,M,M
OFK,2025-06-29 01:56,76.00,71.00,84.55,11.50,M,M
OFK,2025-06-29 02:56,78.00,72.00,81.86,9.20,1600.00,M
OFK,2025-06-29 03:08,77.00,72.00,84.61,10.35,1800.00,M
OFK,2025-06-29 03:24,75.00,60.00,59.64,14.95,1800.00,M
OFK,2025-06-29 03:32,72.00,61.00,68.35,23.00,1800.00,32.20
OFK,2025-06-29 03:47,66.00,64.00,93.27,17.25,1400.00,33.35
OFK,2025-06-29 03:53,64.40,64.40,100.00,6.90,800.00,33.35
OFK,2025-06-29 03:56,65.00,64.00,96.57,5.75,400.00,33.35
OFK,2025-06-29 04:02,65.00,65.00,100.00,0.00,400.00,M
OFK,2025-06-29 04:04,65.00,65.00,100.00,0.00,600.00,M
OFK,2025-06-29 04:11,66.00,64.00,93.27,8.05,600.00,M
OFK,2025-06-29 04:22,66.00,64.00,93.27,11.50,700.00,M
OFK,2025-06-29 04:38,66.00,64.00,93.27,14.95,6500.00,M
OFK,2025-06-29 04:47,67.00,63.00,87.00,9.20,4700.00,M
OFK,2025-06-29 04:56,68.00,62.00,81.15,9.20,11000.00,M
OFK,2025-06-29 05:16,66.00,64.00,93.27,4.60,9000.00,M
OFK,2025-06-29 05:28,66.00,64.00,93.27,5.75,10000.00,M
OFK,2025-06-29 05:56,67.00,64.00,90.10,5.75,10000.00,M
OFK,2025-06-29 06:05,67.00,64.00,90.10,3.45,11000.00,M
OFK,2025-06-29 06:56,67.00,63.00,87.00,11.50,M,M
OFK,2025-06-29 07:56,67.00,63.00,87.00,11.50,M,M
OFK,2025-06-29 08:56,68.00,63.00,84.05,5.75,M,M
OFK,2025-06-29 09:56,73.00,64.00,73.44,9.20,M,M
OFK,2025-06-29 10:56,76.00,63.00,64.15,5.75,M,M
OFK,2025-06-29 11:56,79.00,64.00,60.17,5.75,M,M
OFK,2025-06-29 12:56,80.00,67.00,64.63,12.65,M,M
OFK,2025-06-29 13:56,82.00,67.00,60.57,6.90,M,M
OFK,2025-06-29 14:56,83.00,67.00,58.64,8.05,M,M
OFK,2025-06-29 15:56,84.00,66.00,54.85,6.90,M,M
OFK,2025-06-29 16:56,86.00,67.00,53.27,10.35,M,M
OFK,2025-06-29 17:56,87.00,66.00,49.85,9.20,M,M
OFK,2025-06-29 18:56,86.00,65.00,49.70,8.05,M,M
OFK,2025-06-29 19:56,83.00,68.00,60.70,12.65,5000.00,M
OFK,2025-06-29 20:56,79.00,70.00,74.02,5.75,M,M
OFK,2025-06-29 21:56,77.00,71.00,81.79,4.60,M,M
OFK,2025-06-29 22:56,74.00,70.00,87.36,3.45,M,M
OFK,2025-06-29 23:56,72.00,70.00,93.44,3.45,12000.00,M
OFK,2025-06-30 00:56,71.00,70.00,96.66,3.45,M,M
OFK,2025-06-30 01:56,70.00,69.00,96.64,0.00,M,M
OFK,2025-06-30 02:56,71.00,70.00,96.66,3.45,12000.00,M
OFK,2025-06-30 03:56,70.00,70.00,100.00,4.60,M,M
OFK,2025-06-30 04:56,70.00,69.00,96.64,3.45,M,M
OFK,2025-06-30 05:56,70.00,69.00,96.64,4.60,M,M
OFK,2025-06-30 06:56,70.00,68.00,93.38,4.60,M,M
OFK,2025-06-30 07:56,71.00,68.00,90.26,4.60,M,M
OFK,2025-06-30 08:56,74.00,68.00,81.58,5.75,M,M
OFK,2025-06-30 09:56,74.00,64.00,71.02,12.65,4100.00,M
OFK,2025-06-30 10:56,75.00,61.00,61.80,12.65,6500.00,M
OFK,2025-06-30 11:56,80.00,63.00,56.23,14.95,10000.00,M
OFK,2025-06-30 12:56,81.00,62.00,52.55,13.80,10000.00,M
OFK,2025-06-30 13:56,82.00,58.00,44.12,18.40,M,M
OFK,2025-06-30 14:56,83.00,54.00,36.96,17.25,M,M
OFK,2025-06-30 15:56,83.00,54.00,36.96,16.10,6500.00,M
OFK,2025-06-30 16:56,83.00,53.00,35.63,18.40,M,M
OFK,2025-06-30 17:56,82.00,53.00,36.80,14.95,8000.00,29.90
OFK,2025-06-30 18:56,81.00,53.00,38.01,12.65,M,M
OFK,2025-06-30 19:56,78.00,55.00,45.11,9.20,M,M
OFK,2025-06-30 20:56,74.00,56.00,53.42,4.60,M,M
OFK,2025-06-30 21:56,67.00,59.00,75.50,3.45,M,M
OFK,2025-06-30 22:56,65.00,59.00,80.92,3.45,M,M
OFK,2025-06-30 23:56,63.00,59.00,86.79,5.75,M,M
OFK,2025-07-01 00:56,62.00,58.00,86.73,5.75,M,M
OFK,2025-07-01 01:56,61.00,57.00,86.68,0.00,M,M
OFK,2025-07-01 02:56,62.00,56.00,80.70,0.00,M,M
OFK,2025-07-01 03:56,60.00,56.00,86.62,0.00,M,M
OFK,2025-07-01 04:56,59.00,56.00,89.77,3.45,M,M
OFK,2025-07-01 05:56,59.00,55.00,86.57,0.00,M,M
OFK,2025-07-01 06:56,61.00,57.00,86.68,0.00,M,M
OFK,2025-07-01 07:56,65.00,58.00,78.08,3.45,M,M
OFK,2025-07-01 08:56,71.00,60.00,68.23,3.45,M,M
OFK,2025-07-01 09:56,76.00,58.00,53.71,4.60,M,M
OFK,2025-07-01 10:56,79.00,60.00,52.25,4.60,M,M
OFK,2025-07-01 11:56,81.00,49.00,32.78,0.00,M,M
OFK,2025-07-01 12:56,83.00,53.00,35.63,8.05,M,M
OFK,2025-07-01 13:56,84.00,54.00,35.79,4.60,M,M
OFK,2025-07-01 14:56,85.00,55.00,35.94,9.20,M,M
OFK,2025-07-01 15:56,85.00,54.00,34.66,4.60,M,M
OFK,2025-07-01 16:56,86.00,53.00,32.36,3.45,M,M
OFK,2025-07-01 17:56,86.00,55.00,34.82,6.90,M,M
OFK,2025-07-01 18:56,85.00,56.00,37.27,8.05,M,M
OFK,2025-07-01 19:56,82.00,59.00,45.73,5.75,M,M
OFK,2025-07-01 20:56,75.00,60.00,59.64,8.05,M,M
OFK,2025-07-01 21:56,71.00,61.00,70.70,6.90,M,M
OFK,2025-07-01 22:56,72.00,60.00,65.96,6.90,M,M
OFK,2025-07-01 23:56,70.00,61.00,73.15,6.90,11000.00,M
OFK,2025-07-02 00:56,72.00,60.00,65.96,6.90,9500.00,M
OFK,2025-07-02 01:56,72.00,60.00,65.96,13.80,M,M
OFK,2025-07-02 02:56,72.00,59.00,63.65,12.65,M,M
OFK,2025-07-02 03:56,70.00,61.00,73.15,16.10,M,31.05
OFK,2025-07-02 04:56,68.00,62.00,81.15,19.55,4300.00,40.25
OFK,2025-07-02 05:56,70.00,62.00,75.78,18.40,M,36.80
OFK,2025-07-02 06:56,69.00,64.00,84.12,0.00,7000.00,M
OFK,2025-07-02 07:56,70.00,64.00,81.29,0.00,M,M
OFK,2025-07-02 08:56,73.00,65.00,76.05,5.75,M,M
OFK,2025-07-02 09:56,76.00,67.00,73.73,9.20,M,M
OFK,2025-07-02 10:56,78.00,66.00,66.67,0.00,M,M
OFK,2025-07-02 11:56,81.00,68.00,64.76,4.60,2900.00,M
OFK,2025-07-02 12:56,82.00,67.00,60.57,M,M,M
OFK,2025-07-02 13:56,84.00,69.00,60.82,8.05,M,M
OFK,2025-07-02 14:56,86.00,70.00,59.04,11.50,M,M
OFK,2025-07-02 15:56,87.00,69.00,55.27,10.35,M,M
OFK,2025-07-02 16:56,88.00,69.00,53.55,11.50,M,M
OFK,2025-07-02 17:56,88.00,70.00,55.41,10.35,M,M
OFK,2025-07-02 18:56,88.00,71.00,57.33,8.05,M,M
OFK,2025-07-02 19:56,86.00,72.00,63.19,4.60,M,M
OFK,2025-07-02 20:56,82.00,73.00,74.31,5.75,M,M
OFK,2025-07-02 21:56,78.00,71.00,79.14,6.90,M,M
OFK,2025-07-02 22:56,76.00,70.00,81.72,8.05,M,M
OFK,2025-07-02 23:56,74.00,68.00,81.58,6.90,M,M
OFK,2025-07-03 00:56,73.00,67.00,81.51,9.20,M,M
OFK,2025-07-03 01:56,76.00,65.00,68.79,14.95,M,M
OFK,2025-07-03 02:56,73.00,65.00,76.05,10.35,M,M
OFK,2025-07-03 03:56,72.00,65.00,78.66,8.05,M,M
OFK,2025-07-03 04:56,70.00,65.00,84.18,4.60,M,M
OFK,2025-07-03 05:56,70.00,65.00,84.18,3.45,M,M
OFK,2025-07-03 06:56,70.00,66.00,87.16,4.60,M,M
OFK,2025-07-03 07:56,74.00,67.00,78.82,9.20,M,M
OFK,2025-07-03 08:56,79.00,68.00,69.12,9.20,M,M
OFK,2025-07-03 09:56,83.00,71.00,67.24,8.05,M,M
OFK,2025-07-03 10:56,85.00,72.00,65.23,11.50,M,M
OFK,2025-07-03 11:56,88.00,72.00,59.30,13.80,M,M
OFK,2025-07-03 12:56,90.00,70.00,52.04,19.55,M,M
OFK,2025-07-03 13:56,91.00,68.00,47.10,16.10,M,M
OFK,2025-07-03 14:56,90.00,69.00,50.29,14.95,M,M
OFK,2025-07-03 15:56,90.00,68.00,48.59,18.40,M,M
OFK,2025-07-03 16:56,90.00,70.00,52.04,18.40,M,M
OFK,2025-07-03 17:56,90.00,69.00,50.29,18.40,M,M
OFK,2025-07-03 18:56,89.00,70.00,53.70,13.80,M,M
OFK,2025-07-03 19:56,87.00,70.00,57.19,12.65,M,M
OFK,2025-07-03 20:56,83.00,70.00,65.00,9.20,M,M
OFK,2025-07-03 21:56,80.00,71.00,74.12,9.20,M,M
OFK,2025-07-03 22:56,79.00,69.00,71.54,12.65,M,M
OFK,2025-07-03 23:56,77.00,68.00,73.83,10.35,M,M
OFK,2025-07-04 00:56,78.00,68.00,71.43,12.65,M,M
OFK,2025-07-04 01:56,76.00,68.00,76.32,10.35,M,M
OFK,2025-07-04 02:56,75.00,69.00,81.65,11.50,M,M
OFK,2025-07-04 03:56,74.00,68.00,81.58,11.50,M,M
OFK,2025-07-04 04:56,72.00,68.00,87.26,10.35,M,M
OFK,2025-07-04 05:56,71.00,68.00,90.26,12.65,M,M
OFK,2025-07-04 06:56,72.00,68.00,87.26,13.80,M,M
OFK,2025-07-04 07:56,75.00,68.00,78.90,12.65,M,M
OFK,2025-07-04 08:56,77.00,69.00,76.41,12.65,M,M
OFK,2025-07-04 09:56,80.00,70.00,71.64,13.80,M,M
OFK,2025-07-04 10:56,82.00,70.00,67.13,14.95,M,M
OFK,2025-07-04 11:56,83.00,69.00,62.81,18.40,M,32.20
OFK,2025-07-04 12:56,85.00,70.00,60.95,18.40,3500.00,31.05
OFK,2025-07-04 13:56,86.00,69.00,57.06,21.85,4000.00,32.20
OFK,2025-07-04 14:56,87.00,68.00,53.41,19.55,4000.00,32.20
OFK,2025-07-04 15:56,86.00,68.00,55.13,17.25,4700.00,M
OFK,2025-07-04 16:56,85.00,69.00,58.91,11.50,7000.00,M
OFK,2025-07-04 17:56,84.00,70.00,62.94,9.20,M,M
OFK,2025-07-05 11:56,82.00,72.00,71.84,5.75,M,M
OFK,2025-07-05 12:56,85.00,72.00,65.23,8.05,2800.00,M
OFK,2025-07-05 13:56,85.00,72.00,65.23,11.50,3100.00,M
OFK,2025-07-05 14:56,85.00,71.00,63.06,11.50,3100.00,M
OFK,2025-07-05 15:56,85.00,70.00,60.95,11.50,3900.00,M
OFK,2025-07-05 16:56,84.00,69.00,60.82,14.95,4200.00,M
OFK,2025-07-05 17:56,82.00,70.00,67.13,9.20,3100.00,M
OFK,2025-07-05 18:56,83.00,71.00,67.24,9.20,M,M
OFK,2025-07-05 19:56,81.00,70.00,69.34,9.20,M,M
OFK,2025-07-05 20:56,79.00,69.00,71.54,8.05,M,M
OFK,2025-07-05 21:56,75.00,69.00,81.65,5.75,M,M
OFK,2025-07-05 22:56,75.00,69.00,81.65,8.05,M,M
OFK,2025-07-05 23:56,73.00,69.00,87.31,5.75,M,M
OFK,2025-07-06 00:56,72.00,69.00,90.30,4.60,M,M
OFK,2025-07-06 01:56,71.00,68.00,90.26,6.90,M,M
OFK,2025-07-06 02:56,69.00,68.00,96.63,5.75,M,M
OFK,2025-07-06 03:56,70.00,69.00,96.64,6.90,M,M
OFK,2025-07-06 04:56,70.00,68.00,93.38,6.90,M,M
OFK,2025-07-06 05:56,70.00,68.00,93.38,10.35,3500.00,M
OFK,2025-07-06 06:56,69.00,67.00,93.36,5.75,M,M
OFK,2025-07-06 07:56,71.00,66.00,84.24,5.75,M,M
OFK,2025-07-06 08:56,72.00,66.00,81.44,0.00,M,M
OFK,2025-07-06 09:56,76.00,68.00,76.32,5.75,M,M
OFK,2025-07-06 10:56,79.00,69.00,71.54,9.20,1800.00,M
OFK,2025-07-06 11:56,80.00,68.00,66.90,10.35,2400.00,M
OFK,2025-07-06 12:56,82.00,66.00,58.51,10.35,3200.00,M
OFK,2025-07-06 13:56,82.00,67.00,60.57,10.35,3400.00,M
OFK,2025-07-06 14:56,81.00,67.00,62.56,11.50,3800.00,M
OFK,2025-07-06 15:56,73.00,67.00,81.51,13.80,4100.00,M
OFK,2025-07-06 16:56,79.00,67.00,66.78,8.05,M,M
OFK,2025-07-06 17:56,81.00,65.00,58.37,5.75,M,M
OFK,2025-07-06 18:56,81.00,66.00,60.44,4.60,M,M
OFK,2025-07-06 19:56,80.00,65.00,60.30,4.60,M,M
OFK,2025-07-06 20:56,76.00,67.00,73.73,3.45,M,M
OFK,2025-07-06 21:56,71.00,68.00,90.26,0.00,3900.00,M
OFK,2025-07-06 22:56,72.00,67.00,84.30,0.00,9000.00,M
OFK,2025-07-06 23:56,70.00,67.00,90.22,0.00,M,M
OFK,2025-07-07 00:56,69.00,67.00,93.36,0.00,9000.00,M
OFK,2025-07-07 01:56,69.00,67.00,93.36,0.00,9000.00,M
OFK,2025-07-07 02:56,69.00,67.00,93.36,0.00,10000.00,M
OFK,2025-07-07 03:56,67.00,66.00,96.60,0.00,10000.00,M
OFK,2025-07-07 04:56,65.00,65.00,100.00,0.00,M,M
OFK,2025-07-07 05:56,67.00,66.00,96.60,0.00,M,M
OFK,2025-07-07 06:56,68.00,66.00,93.33,0.00,9000.00,M
OFK,2025-07-07 07:56,69.00,67.00,93.36,3.45,9000.00,M
OFK,2025-07-07 08:56,72.00,67.00,84.30,5.75,9500.00,M
OFK,2025-07-07 09:56,75.00,69.00,81.65,5.75,M,M
OFK,2025-07-07 10:56,79.00,68.00,69.12,5.75,M,M
OFK,2025-07-07 11:56,81.00,69.00,67.01,3.45,2900.00,M
OFK,2025-07-07 12:56,83.00,70.00,65.00,6.90,3000.00,M
OFK,2025-07-07 13:05,82.00,70.00,67.13,8.05,600.00,M
OFK,2025-07-07 13:56,84.00,71.00,65.11,9.20,3300.00,M
OFK,2025-07-07 14:56,85.00,71.00,63.06,10.35,3500.00,M
OFK,2025-07-07 15:56,85.00,71.00,63.06,9.20,3800.00,M
OFK,2025-07-07 16:56,84.00,71.00,65.11,9.20,3600.00,M
OFK,2025-07-07 17:22,82.00,70.00,67.13,20.70,3500.00,29.90
OFK,2025-07-07 17:39,76.00,61.00,59.78,17.25,3300.00,29.90
OFK,2025-07-07 17:52,69.80,64.40,83.00,8.05,3600.00,29.90
OFK,2025-07-07 17:56,69.00,63.00,81.22,5.75,3800.00,29.90
OFK,2025-07-07 18:07,68.00,64.00,87.05,4.60,4600.00,M
OFK,2025-07-07 18:11,68.00,65.00,90.14,4.60,4800.00,M
OFK,2025-07-07 18:41,69.00,67.00,93.36,4.60,6000.00,M
OFK,2025-07-07 18:54,69.80,66.20,88.36,4.60,5500.00,M
OFK,2025-07-07 18:56,70.00,67.00,90.22,4.60,5500.00,M
OFK,2025-07-07 19:15,69.00,66.00,90.18,3.45,11000.00,M
OFK,2025-07-07 19:32,70.00,67.00,90.22,11.50,4600.00,M
OFK,2025-07-07 19:43,71.00,68.00,90.26,4.60,4400.00,M
OFK,2025-07-07 19:53,71.60,68.00,88.45,10.35,4700.00,M
OFK,2025-07-07 19:56,71.00,68.00,90.26,5.75,4400.00,M
OFK,2025-07-07 20:20,71.00,63.00,75.87,16.10,2900.00,34.50
OFK,2025-07-07 20:29,67.00,60.00,78.24,27.60,2900.00,35.65
OFK,2025-07-07 20:37,63.00,61.00,93.19,20.70,2900.00,36.80
OFK,2025-07-07 20:54,62.60,62.60,100.00,9.20,2800.00,36.80
OFK,2025-07-07 20:56,63.00,62.00,96.54,9.20,2800.00,36.80
OFK,2025-07-07 21:04,64.00,63.00,96.56,5.75,2600.00,M
OFK,2025-07-07 21:56,65.00,62.00,90.02,8.05,11000.00,M
OFK,2025-07-07 22:12,65.00,63.00,93.24,3.45,11000.00,M
OFK,2025-07-07 22:56,65.00,63.00,93.24,3.45,7500.00,M
OFK,2025-07-07 23:05,65.00,63.00,93.24,11.50,11000.00,M
OFK,2025-07-07 23:17,65.00,63.00,93.24,13.80,11000.00,M
OFK,2025-07-07 23:47,65.00,63.00,93.24,5.75,11000.00,M
OFK,2025-07-07 23:56,65.00,64.00,96.57,3.45,11000.00,M
OFK,2025-07-08 00:56,65.00,64.00,96.57,3.45,8500.00,M
OFK,2025-07-08 01:56,66.00,63.00,90.06,4.60,M,M
OFK,2025-07-08 02:56,65.00,64.00,96.57,0.00,M,M
OFK,2025-07-08 03:56,63.00,62.00,96.54,0.00,M,M
OFK,2025-07-08 04:56,63.00,62.00,96.54,0.00,M,M
OFK,2025-07-08 05:56,62.00,61.00,96.53,3.45,M,M
OFK,2025-07-08 06:56,62.00,62.00,100.00,0.00,M,M
OFK,2025-07-08 07:56,65.00,63.00,93.24,3.45,M,M
OFK,2025-07-08 08:56,70.00,64.00,81.29,5.75,M,M
OFK,2025-07-08 09:56,74.00,64.00,71.02,4.60,M,M
OFK,2025-07-08 10:56,77.00,65.00,66.55,6.90,M,M
OFK,2025-07-08 11:56,80.00,66.00,62.44,8.05,M,M
OFK,2025-07-08 12:56,82.00,67.00,60.57,6.90,M,M
OFK,2025-07-08 13:56,83.00,66.00,56.65,4.60,M,M
OFK,2025-07-08 14:56,84.00,68.00,58.77,5.75,3900.00,M
OFK,2025-07-08 15:56,84.00,66.00,54.85,0.00,M,M
OFK,2025-07-08 16:56,85.00,67.00,54.99,6.90,M,M
OFK,2025-07-08 17:56,85.00,65.00,51.31,0.00,4200.00,M
OFK,2025-07-08 18:56,84.00,66.00,54.85,5.75,M,M
OFK,2025-07-08 19:56,83.00,68.00,60.70,4.60,M,M
OFK,2025-07-08 20:56,77.00,70.00,79.06,3.45,M,M
OFK,2025-07-08 21:56,74.00,69.00,84.43,5.75,M,M
OFK,2025-07-08 22:56,71.00,69.00,93.41,4.60,M,M
OFK,2025-07-08 23:56,71.00,68.00,90.26,3.45,M,M
OFK,2025-07-09 00:56,71.00,68.00,90.26,5.75,M,M
OFK,2025-07-09 01:56,70.00,67.00,90.22,5.75,M,M
OFK,2025-07-09 02:56,70.00,67.00,90.22,4.60,M,M
OFK,2025-07-09 03:56,69.00,67.00,93.36,0.00,M,M
OFK,2025-07-09 04:56,70.00,67.00,90.22,9.20,M,M
OFK,2025-07-09 05:56,68.00,66.00,93.33,0.00,M,M
OFK,2025-07-09 06:56,69.00,67.00,93.36,0.00,M,M
OFK,2025-07-09 07:56,74.00,68.00,81.58,6.90,M,M
OFK,2025-07-09 08:56,76.00,69.00,78.98,10.35,M,M
OFK,2025-07-09 09:56,81.00,70.00,69.34,0.00,9500.00,M
OFK,2025-07-09 10:56,83.00,70.00,65.00,10.35,9500.00,M
OFK,2025-07-09 11:56,84.00,72.00,67.36,13.80,9000.00,M
OFK,2025-07-09 12:56,87.00,73.00,63.31,9.20,M,M
OFK,2025-07-09 13:56,88.00,74.00,63.43,9.20,M,M
OFK,2025-07-09 14:56,88.00,75.00,65.59,9.20,M,M
OFK,2025-07-09 15:56,88.00,75.00,65.59,16.10,3400.00,M
OFK,2025-07-09 16:56,89.00,76.00,65.70,13.80,3000.00,M
OFK,2025-07-09 17:56,87.00,76.00,69.99,16.10,4000.00,M
OFK,2025-07-09 18:56,88.00,77.00,70.09,13.80,3600.00,M
OFK,2025-07-09 19:14,87.00,76.00,69.99,13.80,200.00,M
OFK,2025-07-09 19:56,86.00,75.00,69.88,11.50,M,M
OFK,2025-07-09 20:56,82.00,74.00,76.84,8.05,M,M
OFK,2025-07-09 21:56,80.00,74.00,82.00,8.05,M,M
OFK,2025-07-09 22:56,80.00,72.00,76.67,9.20,M,M
OFK,2025-07-09 23:48,80.00,70.00,71.64,19.55,3500.00,31.05
OFK,2025-07-09 23:56,79.00,62.00,56.09,26.45,3500.00,40.25
OFK,2025-07-10 00:14,70.00,65.00,84.18,13.80,5500.00,39.10
OFK,2025-07-10 00:22,70.00,64.00,81.29,14.95,6000.00,39.10
OFK,2025-07-10 00:56,68.00,66.00,93.33,11.50,5500.00,39.10
OFK,2025-07-10 01:56,69.00,65.00,87.10,5.75,M,M
OFK,2025-07-10 02:56,66.00,64.00,93.27,5.75,M,M
OFK,2025-07-10 03:56,68.00,64.00,87.05,8.05,M,M
OFK,2025-07-10 04:56,67.00,65.00,93.30,8.05,M,M
OFK,2025-07-10 05:56,68.00,64.00,87.05,8.05,M,M
OFK,2025-07-10 06:56,67.00,65.00,93.30,0.00,M,M
OFK,2025-07-10 07:56,69.00,66.00,90.18,0.00,M,M
OFK,2025-07-10 08:56,72.00,67.00,84.30,3.45,M,M
OFK,2025-07-10 09:56,75.00,67.00,76.23,0.00,M,M
OFK,2025-07-10 10:56,78.00,67.00,69.01,0.00,5000.00,M
OFK,2025-07-10 11:53,75.20,68.00,78.38,10.35,9500.00,M
OFK,2025-07-10 11:56,75.00,68.00,78.90,10.35,4600.00,M
OFK,2025-07-10 12:08,74.00,68.00,81.58,9.20,5500.00,M
OFK,2025-07-10 12:16,74.00,68.00,81.58,10.35,5000.00,M
OFK,2025-07-10 12:43,74.00,67.00,78.82,13.80,6000.00,35.65
OFK,2025-07-10 12:46,74.00,67.00,78.82,12.65,5500.00,35.65
OFK,2025-07-10 12:56,73.00,67.00,81.51,10.35,5500.00,35.65
OFK,2025-07-10 13:25,73.00,67.00,81.51,9.20,7000.00,M
OFK,2025-07-10 13:42,74.00,67.00,78.82,8.05,9000.00,M
OFK,2025-07-10 13:56,77.00,67.00,71.33,9.20,9000.00,M
OFK,2025-07-10 14:07,79.00,67.00,66.78,11.50,9000.00,M
OFK,2025-07-10 14:56,81.00,67.00,62.56,12.65,9000.00,M
OFK,2025-07-10 15:56,78.00,69.00,73.93,9.20,9000.00,M
OFK,2025-07-10 16:14,78.00,69.00,73.93,9.20,M,M
OFK,2025-07-10 16:45,78.00,68.00,71.43,8.05,9000.00,M
OFK,2025-07-10 16:56,78.00,67.00,69.01,11.50,9000.00,M
OFK,2025-07-10 17:56,76.00,64.00,66.43,13.80,9500.00,M
OFK,2025-07-10 18:19,74.00,65.00,73.54,11.50,7000.00,M
OFK,2025-07-10 18:56,75.00,64.00,68.68,13.80,3800.00,M
OFK,2025-07-10 19:09,70.00,66.00,87.16,39.10,1900.00,63.25
OFK,2025-07-10 19:15,67.00,63.00,87.00,21.85,900.00,63.25
OFK,2025-07-10 19:22,65.00,63.00,93.24,26.45,700.00,63.25
OFK,2025-07-10 19:28,64.00,63.00,96.56,26.45,1100.00,63.25
OFK,2025-07-10 19:34,65.00,63.00,93.24,20.70,1100.00,63.25
OFK,2025-07-10 19:36,65.00,63.00,93.24,21.85,900.00,63.25
OFK,2025-07-10 19:46,67.00,63.00,87.00,23.00,1100.00,63.25
OFK,2025-07-10 19:53,68.00,62.60,82.88,23.00,1800.00,63.25
OFK,2025-07-10 19:56,68.00,63.00,84.05,23.00,7500.00,63.25
OFK,2025-07-10 20:03,68.00,63.00,84.05,21.85,11000.00,34.50
OFK,2025-07-10 20:20,68.00,64.00,87.05,17.25,10000.00,34.50
OFK,2025-07-10 20:32,69.00,64.00,84.12,5.75,5500.00,34.50
OFK,2025-07-10 20:56,68.00,64.00,87.05,12.65,1900.00,34.50
OFK,2025-07-10 20:59,69.00,64.00,84.12,33.35,1900.00,42.55
OFK,2025-07-10 21:10,67.00,64.00,90.10,23.00,1700.00,49.45
OFK,2025-07-10 21:18,67.00,64.00,90.10,23.00,2100.00,49.45
OFK,2025-07-10 21:23,67.00,64.00,90.10,19.55,1900.00,49.45
OFK,2025-07-10 21:36,67.00,63.00,87.00,18.40,1600.00,49.45
OFK,2025-07-10 21:45,69.00,62.00,78.41,21.85,800.00,49.45
OFK,2025-07-10 21:56,69.00,62.00,78.41,21.85,10000.00,49.45
OFK,2025-07-10 22:39,69.00,64.00,84.12,18.40,9000.00,34.50
OFK,2025-07-10 22:56,69.00,63.00,81.22,14.95,9500.00,34.50
OFK,2025-07-10 23:16,69.00,63.00,81.22,8.05,8000.00,M
OFK,2025-07-10 23:56,69.00,64.00,84.12,10.35,4700.00,M
OFK,2025-07-11 00:56,68.00,64.00,87.05,10.35,9000.00,M
OFK,2025-07-11 01:56,68.00,65.00,90.14,6.90,9000.00,M
OFK,2025-07-11 02:12,68.00,65.00,90.14,8.05,5000.00,M
OFK,2025-07-11 02:25,68.00,64.00,87.05,11.50,1600.00,M
OFK,2025-07-11 02:28,67.00,64.00,90.10,13.80,1600.00,M
OFK,2025-07-11 02:36,67.00,64.00,90.10,11.50,1900.00,M
OFK,2025-07-11 02:48,66.00,64.00,93.27,19.55,1700.00,29.90
OFK,2025-07-11 02:56,66.00,64.00,93.27,11.50,1100.00,29.90
OFK,2025-07-11 02:59,66.00,64.00,93.27,14.95,600.00,M
OFK,2025-07-11 03:08,65.00,63.00,93.24,12.65,600.00,M
OFK,2025-07-11 03:11,65.00,62.00,90.02,18.40,600.00,M
OFK,2025-07-11 03:27,64.00,62.00,93.22,12.65,800.00,M
OFK,2025-07-11 03:33,64.00,62.00,93.22,10.35,3100.00,M
OFK,2025-07-11 03:41,64.00,62.00,93.22,10.35,3300.00,M
OFK,2025-07-11 03:56,64.00,62.00,93.22,9.20,2500.00,M
OFK,2025-07-11 04:06,64.00,63.00,96.56,14.95,3800.00,M
OFK,2025-07-11 04:22,65.00,63.00,93.24,18.40,4200.00,M
OFK,2025-07-11 04:56,65.00,63.00,93.24,9.20,8000.00,M
OFK,2025-07-11 05:56,64.00,63.00,96.56,9.20,900.00,M
OFK,2025-07-11 06:56,65.00,63.00,93.24,3.45,10000.00,M
OFK,2025-07-11 07:21,65.00,64.00,96.57,8.05,900.00,M
OFK,2025-07-11 07:56,65.00,63.00,93.24,10.35,800.00,M
OFK,2025-07-11 08:56,67.00,64.00,90.10,9.20,900.00,M
OFK,2025-07-11 09:07,67.00,64.00,90.10,12.65,900.00,M
OFK,2025-07-11 09:14,67.00,64.00,90.10,9.20,1100.00,M
OFK,2025-07-11 09:45,68.00,64.00,87.05,10.35,1300.00,M
OFK,2025-07-11 09:52,68.00,64.40,88.28,14.95,1500.00,M
OFK,2025-07-11 09:56,68.00,63.00,84.05,14.95,1500.00,M
OFK,2025-07-11 10:56,72.00,64.00,75.96,10.35,1800.00,M
OFK,2025-07-11 11:03,73.00,65.00,76.05,14.95,1800.00,M
OFK,2025-07-11 11:56,76.00,65.00,68.79,12.65,2200.00,M
OFK,2025-07-11 12:52,78.80,66.20,65.39,11.50,2500.00,M
OFK,2025-07-11 12:56,78.00,66.00,66.67,10.35,2500.00,M
OFK,2025-07-11 13:56,79.00,65.00,62.31,14.95,M,M
OFK,2025-07-11 14:56,80.00,64.00,58.24,10.35,M,29.90
OFK,2025-07-11 15:56,82.00,64.00,54.57,8.05,M,M
OFK,2025-07-11 16:56,83.00,65.00,54.71,9.20,M,M
OFK,2025-07-11 17:56,83.00,66.00,56.65,9.20,M,M
OFK,2025-07-11 18:56,82.00,67.00,60.57,4.60,M,M
OFK,2025-07-11 19:56,74.00,64.00,71.02,11.50,4300.00,M
OFK,2025-07-11 20:56,72.00,65.00,78.66,11.50,2500.00,M
OFK,2025-07-11 21:56,72.00,65.00,78.66,17.25,M,M
OFK,2025-07-11 22:56,71.00,63.00,75.87,14.95,M,M
OFK,2025-07-11 23:56,69.00,62.00,78.41,12.65,M,M
OFK,2025-07-12 00:56,67.00,62.00,83.99,11.50,M,M
OFK,2025-07-12 01:56,66.00,62.00,86.95,12.65,12000.00,M
OFK,2025-07-12 02:56,65.00,60.00,83.86,9.20,11000.00,M
OFK,2025-07-12 03:56,64.00,59.00,83.80,9.20,10000.00,M
OFK,2025-07-12 04:56,62.00,58.00,86.73,6.90,9500.00,M
OFK,2025-07-12 05:56,61.00,57.00,86.68,6.90,M,M
OFK,2025-07-12 06:56,60.00,58.00,93.10,9.20,9500.00,M
OFK,2025-07-12 07:56,61.00,57.00,86.68,6.90,M,M
OFK,2025-07-12 08:56,65.00,56.00,72.64,11.50,M,M
OFK,2025-07-12 09:56,67.00,57.00,70.27,9.20,M,M
OFK,2025-07-12 10:56,73.00,58.00,59.38,11.50,M,M
OFK,2025-07-12 11:56,74.00,56.00,53.42,11.50,M,M
OFK,2025-07-12 12:56,75.00,55.00,49.82,13.80,M,M
OFK,2025-07-12 13:56,76.00,56.00,49.97,11.50,M,M
OFK,2025-07-12 14:56,77.00,55.00,46.62,9.20,M,M
OFK,2025-07-12 15:56,78.00,55.00,45.11,6.90,M,M
OFK,2025-07-12 16:56,78.00,53.00,41.93,0.00,M,M
OFK,2025-07-12 17:56,78.00,55.00,45.11,3.45,M,M
OFK,2025-07-12 18:56,75.00,60.00,59.64,6.90,M,M
OFK,2025-07-12 19:56,73.00,61.00,66.08,5.75,M,M
OFK,2025-07-12 20:56,68.00,62.00,81.15,5.75,M,M
OFK,2025-07-12 21:56,65.00,62.00,90.02,5.75,M,M
OFK,2025-07-12 22:56,65.00,61.00,86.89,8.05,M,M
OFK,2025-07-12 23:56,64.00,60.00,86.84,9.20,M,M
OFK,2025-07-13 00:56,64.00,60.00,86.84,9.20,M,M
OFK,2025-07-13 01:56,62.00,59.00,89.89,8.05,M,M
OFK,2025-07-13 02:56,62.00,59.00,89.89,6.90,M,M
OFK,2025-07-13 03:56,62.00,59.00,89.89,9.20,M,M
OFK,2025-07-13 04:56,61.00,58.00,89.85,5.75,M,M
OFK,2025-07-13 05:56,60.00,57.00,89.81,0.00,M,M
OFK,2025-07-13 06:56,63.00,59.00,86.79,9.20,M,M
OFK,2025-07-13 07:56,67.00,60.00,78.24,12.65,M,M
OFK,2025-07-13 08:56,70.00,62.00,75.78,11.50,M,M
OFK,2025-07-13 09:56,74.00,63.00,68.57,10.35,M,M
OFK,2025-07-13 10:56,77.00,64.00,64.27,12.65,7500.00,M
OFK,2025-07-13 11:56,79.00,66.00,64.51,12.65,7500.00,M
OFK,2025-07-13 12:56,81.00,66.00,60.44,13.80,M,M
OFK,2025-07-13 13:56,83.00,67.00,58.64,14.95,M,M
OFK,2025-07-13 14:56,84.00,67.00,56.78,17.25,M,M
OFK,2025-07-13 15:56,85.00,68.00,56.92,13.80,M,M
OFK,2025-07-13 16:56,86.00,68.00,55.13,16.10,M,M
OFK,2025-07-13 17:56,85.00,68.00,56.92,12.65,M,M
OFK,2025-07-13 18:56,82.00,69.00,64.88,6.90,M,M
OFK,2025-07-13 19:56,80.00,68.00,66.90,8.05,11000.00,M
OFK,2025-07-13 20:56,77.00,69.00,76.41,5.75,10000.00,M
OFK,2025-07-13 21:56,77.00,68.00,73.83,8.05,10000.00,M
OFK,2025-07-13 22:56,77.00,68.00,73.83,13.80,11000.00,M
OFK,2025-07-13 23:56,75.00,67.00,76.23,13.80,11000.00,M
OFK,2025-07-14 00:56,73.00,66.00,78.74,11.50,M,M
OFK,2025-07-14 01:56,72.00,65.00,78.66,8.05,M,M
OFK,2025-07-14 02:56,71.00,65.00,81.37,4.60,M,M
OFK,2025-07-14 03:56,70.00,64.00,81.29,0.00,M,M
OFK,2025-07-14 04:56,69.00,63.00,81.22,0.00,M,M
OFK,2025-07-14 05:56,68.00,62.00,81.15,0.00,M,M
OFK,2025-07-14 06:56,68.00,63.00,84.05,0.00,M,M
OFK,2025-07-14 07:56,71.00,63.00,75.87,5.75,M,M
OFK,2025-07-14 08:56,75.00,64.00,68.68,5.75,M,M
OFK,2025-07-14 09:56,78.00,65.00,64.39,8.05,M,M
OFK,2025-07-14 10:56,81.00,68.00,64.76,8.05,M,M
OFK,2025-07-14 11:56,84.00,69.00,60.82,9.20,M,M
OFK,2025-07-14 12:56,87.00,71.00,59.17,8.05,M,M
OFK,2025-07-14 13:56,88.00,72.00,59.30,11.50,M,M
OFK,2025-07-14 14:56,90.00,72.00,55.69,13.80,M,M
OFK,2025-07-14 15:56,90.00,71.00,53.84,12.65,M,M
OFK,2025-07-14 16:56,91.00,72.00,53.98,14.95,M,M
OFK,2025-07-14 17:56,90.00,70.00,52.04,16.10,M,M
OFK,2025-07-14 18:56,88.00,72.00,59.30,11.50,M,M
OFK,2025-07-14 19:56,85.00,73.00,67.47,13.80,M,M
OFK,2025-07-14 20:56,81.00,70.00,69.34,9.20,M,M
OFK,2025-07-14 21:56,80.00,70.00,71.64,10.35,M,M
OFK,2025-07-14 22:56,78.00,69.00,73.93,10.35,M,M
OFK,2025-07-14 23:56,77.00,68.00,73.83,12.65,M,M
OFK,2025-07-15 00:56,74.00,68.00,81.58,10.35,M,M
OFK,2025-07-15 01:56,74.00,66.00,76.14,11.50,M,M
OFK,2025-07-15 02:56,74.00,64.00,71.02,11.50,M,M
OFK,2025-07-15 03:56,72.00,64.00,75.96,6.90,M,M
OFK,2025-07-15 04:56,70.00,63.00,78.49,5.75,M,M
OFK,2025-07-15 05:56,68.00,63.00,84.05,3.45,M,M
OFK,2025-07-15 06:56,69.00,63.00,81.22,5.75,M,M
OFK,2025-07-15 07:56,73.00,64.00,73.44,9.20,M,M
OFK,2025-07-15 08:56,77.00,65.00,66.55,11.50,M,M
OFK,2025-07-15 09:56,80.00,68.00,66.90,9.20,M,M
OFK,2025-07-15 10:56,82.00,69.00,64.88,10.35,M,M
OFK,2025-07-15 11:56,84.00,69.00,60.82,11.50,M,M
OFK,2025-07-15 12:56,87.00,67.00,51.60,13.80,M,M
OFK,2025-07-15 13:56,88.00,64.00,45.05,16.10,M,M
OFK,2025-07-15 14:56,88.00,66.00,48.30,17.25,M,M
OFK,2025-07-15 15:56,88.00,66.00,48.30,18.40,M,M
OFK,2025-07-15 16:56,88.00,67.00,50.00,13.80,M,M
OFK,2025-07-15 17:56,87.00,68.00,53.41,19.55,M,29.90
OFK,2025-07-15 18:56,85.00,70.00,60.95,10.35,M,M
OFK,2025-07-15 19:56,82.00,70.00,67.13,5.75,M,M
OFK,2025-07-15 20:56,75.00,59.00,57.55,32.20,3500.00,46.00
OFK,2025-07-15 20:58,74.00,59.00,59.51,27.60,3700.00,41.40
OFK,2025-07-15 21:56,67.00,63.00,87.00,9.20,4900.00,42.55
OFK,2025-07-15 22:07,66.00,64.00,93.27,28.75,1200.00,43.70
OFK,2025-07-15 22:10,65.00,64.00,96.57,31.05,2000.00,44.85
OFK,2025-07-15 22:12,65.00,64.00,96.57,24.15,2600.00,44.85
OFK,2025-07-15 22:27,65.00,64.00,96.57,9.20,1600.00,44.85
OFK,2025-07-15 22:34,65.00,64.00,96.57,5.75,2600.00,44.85
OFK,2025-07-15 22:42,65.00,64.00,96.57,5.75,2600.00,44.85
OFK,2025-07-15 22:56,65.00,64.00,96.57,8.05,7500.00,44.85
OFK,2025-07-15 23:08,65.00,64.00,96.57,6.90,10000.00,M
OFK,2025-07-15 23:28,65.00,64.00,96.57,3.45,10000.00,M
OFK,2025-07-15 23:48,65.00,64.00,96.57,10.35,10000.00,M
OFK,2025-07-15 23:56,66.00,64.00,93.27,9.20,11000.00,M
OFK,2025-07-16 00:16,65.00,64.00,96.57,0.00,11000.00,M
OFK,2025-07-16 00:56,65.00,64.00,96.57,10.35,11000.00,M
OFK,2025-07-16 01:56,65.00,64.00,96.57,3.45,12000.00,M
OFK,2025-07-16 02:41,65.00,64.00,96.57,6.90,700.00,M
OFK,2025-07-16 02:56,65.00,64.00,96.57,5.75,900.00,M
OFK,2025-07-16 03:56,64.00,63.00,96.56,6.90,M,M
OFK,2025-07-16 04:53,64.40,62.60,93.89,8.05,600.00,M
OFK,2025-07-16 04:56,64.00,63.00,96.56,8.05,600.00,M
OFK,2025-07-16 05:13,63.00,63.00,100.00,6.90,600.00,M
OFK,2025-07-16 05:56,63.00,63.00,100.00,4.60,M,M
OFK,2025-07-16 06:29,64.00,63.00,96.56,3.45,1600.00,M
OFK,2025-07-16 06:56,65.00,64.00,96.57,4.60,1200.00,M
OFK,2025-07-16 07:07,65.00,64.00,96.57,4.60,1400.00,M
OFK,2025-07-16 07:20,65.00,64.00,96.57,5.75,900.00,M
OFK,2025-07-16 07:37,66.00,64.00,93.27,9.20,1000.00,M
OFK,2025-07-16 07:56,66.00,64.00,93.27,11.50,1000.00,M
OFK,2025-07-16 08:05,66.00,64.00,93.27,10.35,800.00,M
OFK,2025-07-16 08:45,66.00,64.00,93.27,12.65,1000.00,M
OFK,2025-07-16 08:56,66.00,64.00,93.27,13.80,1000.00,M
OFK,2025-07-16 09:06,66.00,64.00,93.27,11.50,900.00,M
OFK,2025-07-16 09:56,67.00,64.00,90.10,8.05,1000.00,M
OFK,2025-07-16 10:56,68.00,64.00,87.05,9.20,1000.00,M
OFK,2025-07-16 11:56,67.00,63.00,87.00,10.35,1300.00,M
OFK,2025-07-16 12:28,67.00,63.00,87.00,13.80,900.00,M
OFK,2025-07-16 12:37,67.00,63.00,87.00,13.80,1100.00,M
OFK,2025-07-16 12:56,67.00,63.00,87.00,11.50,1100.00,M
OFK,2025-07-16 13:56,67.00,63.00,87.00,12.65,1200.00,M
OFK,2025-07-16 14:56,67.00,63.00,87.00,12.65,1100.00,M
OFK,2025-07-16 15:11,66.00,63.00,90.06,10.35,900.00,M
OFK,2025-07-16 15:25,67.00,62.00,83.99,12.65,1200.00,M
OFK,2025-07-16 15:56,67.00,62.00,83.99,13.80,1200.00,M
OFK,2025-07-16 16:25,70.00,63.00,78.49,16.10,1600.00,M
OFK,2025-07-16 16:56,69.00,62.00,78.41,13.80,1800.00,M
OFK,2025-07-16 17:56,67.00,62.00,83.99,13.80,1800.00,M
OFK,2025-07-16 18:56,68.00,61.00,78.33,10.35,2500.00,M
OFK,2025-07-16 19:56,67.00,61.00,81.07,11.50,2400.00,M
OFK,2025-07-16 20:56,66.00,61.00,83.93,13.80,1600.00,M
OFK,2025-07-16 21:09,66.00,61.00,83.93,12.65,3100.00,M
OFK,2025-07-16 21:56,66.00,60.00,81.00,12.65,2300.00,M
OFK,2025-07-16 22:03,66.00,60.00,81.00,11.50,2500.00,M
OFK,2025-07-16 22:23,65.00,60.00,83.86,11.50,2600.00,M
OFK,2025-07-16 22:41,65.00,60.00,83.86,14.95,1600.00,M
OFK,2025-07-16 22:56,65.00,60.00,83.86,12.65,1600.00,M
OFK,2025-07-16 23:35,63.00,59.00,86.79,9.20,3200.00,M
OFK,2025-07-16 23:56,63.00,60.00,89.94,12.65,1400.00,M
OFK,2025-07-17 00:25,63.00,60.00,89.94,9.20,1200.00,M
OFK,2025-07-17 00:56,63.00,59.00,86.79,10.35,1300.00,M
OFK,2025-07-17 01:36,63.00,59.00,86.79,8.05,1500.00,M
OFK,2025-07-17 01:56,63.00,59.00,86.79,8.05,1600.00,M
OFK,2025-07-17 02:56,62.00,58.00,86.73,9.20,1700.00,M
OFK,2025-07-17 03:05,62.00,58.00,86.73,8.05,1600.00,M
OFK,2025-07-17 03:56,62.00,59.00,89.89,4.60,1900.00,M
OFK,2025-07-17 04:10,62.00,59.00,89.89,3.45,1200.00,M
OFK,2025-07-17 04:56,62.00,59.00,89.89,6.90,1200.00,M
OFK,2025-07-17 05:10,62.00,59.00,89.89,6.90,1000.00,M
OFK,2025-07-17 05:37,62.00,59.00,89.89,6.90,1000.00,M
OFK,2025-07-17 05:48,62.00,59.00,89.89,6.90,1100.00,M
OFK,2025-07-17 05:56,62.00,58.00,86.73,6.90,1100.00,M
OFK,2025-07-17 06:44,60.00,58.00,93.10,6.90,1100.00,M
OFK,2025-07-17 06:56,61.00,58.00,89.85,5.75,1000.00,M
OFK,2025-07-17 07:05,61.00,58.00,89.85,4.60,1000.00,M
OFK,2025-07-17 07:13,61.00,58.00,89.85,3.45,1000.00,M
OFK,2025-07-17 07:17,61.00,58.00,89.85,3.45,900.00,M
OFK,2025-07-17 07:28,61.00,58.00,89.85,3.45,900.00,M
OFK,2025-07-17 07:36,61.00,58.00,89.85,5.75,900.00,M
OFK,2025-07-17 07:56,61.00,58.00,89.85,5.75,1000.00,M
OFK,2025-07-17 08:08,62.00,58.00,86.73,5.75,900.00,M
OFK,2025-07-17 08:19,62.00,58.00,86.73,8.05,900.00,M
OFK,2025-07-17 08:26,62.00,58.00,86.73,5.75,1000.00,M
OFK,2025-07-17 08:36,63.00,58.00,83.73,8.05,1200.00,M
OFK,2025-07-17 08:56,64.00,57.00,77.99,10.35,1800.00,M
OFK,2025-07-17 09:30,64.00,56.00,75.22,6.90,1700.00,M
OFK,2025-07-17 09:40,63.00,56.00,77.91,6.90,1900.00,M
OFK,2025-07-17 09:56,64.00,57.00,77.99,6.90,1900.00,M
OFK,2025-07-17 10:56,67.00,57.00,70.27,9.20,2000.00,M
OFK,2025-07-17 11:56,69.00,58.00,68.01,5.75,2300.00,M
OFK,2025-07-17 12:53,69.80,57.20,64.30,4.60,3000.00,M
OFK,2025-07-17 12:56,69.00,57.00,65.60,5.75,3000.00,M
OFK,2025-07-17 13:56,70.00,58.00,65.72,5.75,3100.00,M
OFK,2025-07-17 14:17,70.00,58.00,65.72,5.75,2900.00,M
OFK,2025-07-17 14:41,70.00,58.00,65.72,5.75,3100.00,M
OFK,2025-07-17 14:56,71.00,59.00,65.84,5.75,3300.00,M
OFK,2025-07-17 15:56,71.00,59.00,65.84,8.05,3000.00,M
OFK,2025-07-17 16:56,72.00,60.00,65.96,9.20,2800.00,M
OFK,2025-07-17 17:56,71.00,59.00,65.84,8.05,2900.00,M
OFK,2025-07-17 18:56,70.00,59.00,68.12,8.05,4000.00,M
OFK,2025-07-17 19:56,69.00,60.00,73.05,6.90,3900.00,M
OFK,2025-07-17 20:56,68.00,61.00,78.33,5.75,3800.00,M
OFK,2025-07-17 21:56,67.00,62.00,83.99,5.75,3700.00,M
OFK,2025-07-17 22:56,67.00,62.00,83.99,5.75,3700.00,M
OFK,2025-07-17 23:56,67.00,62.00,83.99,5.75,3600.00,M
OFK,2025-07-18 00:56,67.00,61.00,81.07,8.05,3700.00,M
OFK,2025-07-18 01:56,67.00,61.00,81.07,8.05,3600.00,M
OFK,2025-07-18 02:56,66.00,62.00,86.95,5.75,3600.00,M
OFK,2025-07-18 03:56,66.00,62.00,86.95,8.05,3800.00,M
OFK,2025-07-18 04:56,66.00,62.00,86.95,9.20,3500.00,M
OFK,2025-07-18 05:56,66.00,63.00,90.06,6.90,3100.00,M
OFK,2025-07-18 06:12,66.00,63.00,90.06,5.75,2900.00,M
OFK,2025-07-18 06:56,66.00,63.00,90.06,6.90,2600.00,M
OFK,2025-07-18 07:21,67.00,64.00,90.10,8.05,2700.00,M
OFK,2025-07-18 07:56,68.00,65.00,90.14,11.50,3000.00,M
OFK,2025-07-18 08:54,69.80,66.20,88.36,13.80,1000.00,M
OFK,2025-07-18 08:56,70.00,66.00,87.16,11.50,1000.00,M
OFK,2025-07-18 09:21,71.00,66.00,84.24,10.35,1200.00,M
OFK,2025-07-18 09:56,72.00,67.00,84.30,12.65,1100.00,M
OFK,2025-07-18 10:56,73.00,68.00,84.37,10.35,1300.00,M
OFK,2025-07-18 11:34,74.00,68.00,81.58,6.90,1600.00,M
OFK,2025-07-18 11:56,74.00,69.00,84.43,4.60,1800.00,M
OFK,2025-07-18 12:56,79.00,70.00,74.02,12.65,1800.00,M
OFK,2025-07-18 13:56,80.00,71.00,74.12,14.95,2200.00,M
OFK,2025-07-18 14:56,81.00,71.00,71.74,16.10,2400.00,M
OFK,2025-07-18 15:56,82.00,72.00,71.84,17.25,2600.00,M
OFK,2025-07-18 16:14,81.00,72.00,74.21,13.80,2500.00,M
OFK,2025-07-18 16:22,81.00,72.00,74.21,16.10,2500.00,M
OFK,2025-07-18 16:56,81.00,72.00,74.21,9.20,3800.00,M
OFK,2025-07-18 17:56,83.00,73.00,71.94,12.65,2700.00,M
OFK,2025-07-18 18:56,82.00,73.00,74.31,11.50,M,M
OFK,2025-07-18 19:56,81.00,73.00,76.76,8.05,M,M
OFK,2025-07-18 20:56,78.00,74.00,87.56,6.90,6000.00,M
OFK,2025-07-18 21:56,77.00,74.00,90.50,12.65,7500.00,M
OFK,2025-07-18 22:56,76.00,73.00,90.46,12.65,M,M
OFK,2025-07-18 23:56,76.00,74.00,93.55,11.50,M,M
OFK,2025-07-19 00:56,76.00,74.00,93.55,5.75,9000.00,M
OFK,2025-07-19 01:56,75.00,73.00,93.52,27.60,1400.00,41.40
OFK,2025-07-19 02:13,72.00,70.00,93.44,26.45,11000.00,40.25
OFK,2025-07-19 02:28,74.00,65.00,73.54,17.25,6000.00,40.25
OFK,2025-07-19 02:56,72.00,67.00,84.30,9.20,7000.00,40.25
OFK,2025-07-19 03:56,71.00,67.00,87.21,4.60,M,M
OFK,2025-07-19 04:56,71.00,67.00,87.21,13.80,M,M
OFK,2025-07-19 05:56,71.00,65.00,81.37,4.60,M,M
OFK,2025-07-19 06:56,69.00,65.00,87.10,5.75,M,M
OFK,2025-07-19 07:56,72.00,66.00,81.44,3.45,9500.00,M
OFK,2025-07-19 08:56,75.00,68.00,78.90,4.60,2100.00,M
OFK,2025-07-19 09:04,75.00,68.00,78.90,5.75,1500.00,M
OFK,2025-07-19 09:20,77.00,68.00,73.83,5.75,1500.00,M
OFK,2025-07-19 09:56,78.00,70.00,76.49,9.20,M,M
OFK,2025-07-19 10:56,81.00,71.00,71.74,8.05,M,M
OFK,2025-07-19 11:56,83.00,72.00,69.56,10.35,M,M
OFK,2025-07-19 12:56,85.00,73.00,67.47,8.05,M,M
OFK,2025-07-19 13:56,86.00,74.00,67.58,11.50,2800.00,M
OFK,2025-07-19 14:56,86.00,75.00,69.88,11.50,3000.00,M
OFK,2025-07-19 15:56,86.00,74.00,67.58,11.50,2700.00,M
OFK,2025-07-19 16:56,84.00,74.00,72.04,8.05,3400.00,M
OFK,2025-07-19 17:56,82.00,75.00,79.45,6.90,3500.00,M
OFK,2025-07-19 18:56,80.00,75.00,84.79,6.90,4700.00,M
OFK,2025-07-19 19:56,77.00,74.00,90.50,5.75,2700.00,M
OFK,2025-07-19 20:06,77.00,74.00,90.50,6.90,2500.00,M
OFK,2025-07-19 20:29,77.00,74.00,90.50,6.90,2500.00,M
OFK,2025-07-19 20:49,76.00,74.00,93.55,9.20,2400.00,M
OFK,2025-07-19 20:56,76.00,74.00,93.55,9.20,2400.00,M
OFK,2025-07-19 21:48,76.00,73.00,90.46,8.05,1200.00,M
OFK,2025-07-19 21:56,75.00,72.00,90.42,9.20,1100.00,M
OFK,2025-07-19 22:11,75.00,72.00,90.42,8.05,1100.00,M
OFK,2025-07-19 22:34,75.00,72.00,90.42,6.90,1700.00,M
OFK,2025-07-19 22:44,75.00,72.00,90.42,6.90,1600.00,M
OFK,2025-07-19 22:56,75.00,72.00,90.42,6.90,1600.00,M
OFK,2025-07-19 23:10,75.00,72.00,90.42,9.20,1100.00,M
OFK,2025-07-19 23:20,74.00,72.00,93.49,9.20,900.00,M
OFK,2025-07-19 23:51,73.40,71.60,94.11,10.35,1100.00,M
OFK,2025-07-19 23:56,73.00,71.00,93.47,9.20,1000.00,M
OFK,2025-07-20 00:08,74.00,71.00,90.38,10.35,1000.00,M
OFK,2025-07-20 00:52,73.40,69.80,88.53,10.35,2600.00,M
OFK,2025-07-20 00:56,74.00,70.00,87.36,9.20,2600.00,M
OFK,2025-07-20 01:53,73.40,69.80,88.53,6.90,800.00,M
OFK,2025-07-20 01:56,73.00,70.00,90.34,8.05,1100.00,M
OFK,2025-07-20 02:05,73.00,70.00,90.34,6.90,900.00,M
OFK,2025-07-20 02:16,72.00,70.00,93.44,9.20,900.00,M
OFK,2025-07-20 02:23,72.00,70.00,93.44,9.20,900.00,M
OFK,2025-07-20 02:52,71.60,69.80,94.07,8.05,700.00,M
OFK,2025-07-20 02:56,72.00,70.00,93.44,8.05,700.00,M
OFK,2025-07-20 03:56,72.00,70.00,93.44,5.75,600.00,M
OFK,2025-07-20 04:31,71.00,69.00,93.41,4.60,600.00,M
OFK,2025-07-20 04:56,71.00,69.00,93.41,0.00,8000.00,M
OFK,2025-07-20 05:56,69.00,69.00,100.00,0.00,800.00,M
OFK,2025-07-20 06:48,70.00,69.00,96.64,4.60,700.00,M
OFK,2025-07-20 06:56,70.00,69.00,96.64,5.75,700.00,M
OFK,2025-07-20 07:49,70.00,68.00,93.38,9.20,400.00,M
OFK,2025-07-20 07:56,70.00,68.00,93.38,10.35,500.00,M
OFK,2025-07-20 08:56,71.00,69.00,93.41,8.05,600.00,M
OFK,2025-07-20 09:56,72.00,69.00,90.30,6.90,800.00,M
OFK,2025-07-20 10:56,74.00,69.00,84.43,8.05,1100.00,M
OFK,2025-07-20 11:23,76.00,70.00,81.72,6.90,1500.00,M
OFK,2025-07-20 11:56,79.00,71.00,76.58,6.90,1700.00,M
OFK,2025-07-20 12:56,82.00,71.00,69.45,9.20,2200.00,M
OFK,2025-07-20 13:56,82.00,71.00,69.45,5.75,2300.00,M
OFK,2025-07-20 14:05,83.00,72.00,69.56,9.20,2300.00,M
OFK,2025-07-20 14:15,82.00,72.00,71.84,8.05,2300.00,M
OFK,2025-07-20 14:56,84.00,72.00,67.36,5.75,M,M
OFK,2025-07-20 15:56,85.00,71.00,63.06,9.20,3000.00,M
OFK,2025-07-20 16:56,87.00,73.00,63.31,9.20,2900.00,M
OFK,2025-07-20 17:56,86.00,74.00,67.58,5.75,2800.00,M
OFK,2025-07-20 18:56,84.00,75.00,74.49,8.05,2400.00,M
OFK,2025-07-20 19:56,81.00,74.00,79.38,12.65,2700.00,M
OFK,2025-07-20 20:56,79.00,74.00,84.73,8.05,M,M
OFK,2025-07-20 21:56,77.00,74.00,90.50,5.75,M,M
OFK,2025-07-20 22:56,76.00,74.00,93.55,3.45,M,M
OFK,2025-07-20 23:56,75.00,74.00,96.71,0.00,M,M
OFK,2025-07-21 00:56,73.00,73.00,100.00,3.45,M,M
OFK,2025-07-21 01:56,75.00,74.00,96.71,9.20,1200.00,M
OFK,2025-07-21 02:04,75.00,74.00,96.71,9.20,1200.00,M
OFK,2025-07-21 02:56,76.00,73.00,90.46,10.35,M,M
OFK,2025-07-21 03:56,77.00,73.00,87.51,13.80,M,31.05
OFK,2025-07-21 04:56,74.00,73.00,96.70,6.90,M,M
OFK,2025-07-21 05:28,74.00,72.00,93.49,6.90,1200.00,M
OFK,2025-07-21 05:35,74.00,72.00,93.49,5.75,1200.00,M
OFK,2025-07-21 05:56,73.00,72.00,96.69,5.75,M,M
OFK,2025-07-21 06:04,73.00,72.00,96.69,6.90,400.00,M
OFK,2025-07-21 06:46,73.00,72.00,96.69,6.90,300.00,M
OFK,2025-07-21 06:56,73.00,72.00,96.69,9.20,300.00,M
OFK,2025-07-21 07:02,73.00,72.00,96.69,10.35,300.00,M
OFK,2025-07-21 07:16,73.00,72.00,96.69,9.20,200.00,M
OFK,2025-07-21 07:23,73.00,72.00,96.69,11.50,200.00,M
OFK,2025-07-21 07:56,74.00,72.00,93.49,10.35,400.00,M
OFK,2025-07-21 08:14,74.00,72.00,93.49,12.65,500.00,M
OFK,2025-07-21 08:28,74.00,73.00,96.70,11.50,400.00,M
OFK,2025-07-21 08:56,75.00,73.00,93.52,8.05,400.00,M
OFK,2025-07-21 09:04,75.00,74.00,96.71,10.35,300.00,M
OFK,2025-07-21 09:18,75.00,74.00,96.71,10.35,300.00,M
OFK,2025-07-21 09:29,75.00,74.00,96.71,11.50,300.00,M
OFK,2025-07-21 09:45,75.00,74.00,96.71,9.20,300.00,M
OFK,2025-07-21 09:56,76.00,75.00,96.73,10.35,300.00,M
OFK,2025-07-21 10:56,77.00,75.00,93.57,9.20,300.00,M
OFK,2025-07-21 11:24,77.00,75.00,93.57,11.50,400.00,M
OFK,2025-07-21 11:42,78.00,75.00,90.54,10.35,500.00,M
OFK,2025-07-21 11:56,79.00,76.00,90.58,10.35,600.00,M
OFK,2025-07-21 12:42,80.00,75.00,84.79,14.95,600.00,M
OFK,2025-07-21 12:56,81.00,76.00,84.85,11.50,1400.00,M
OFK,2025-07-21 13:10,82.00,76.00,82.14,10.35,1500.00,M
OFK,2025-07-21 13:56,84.00,76.00,77.01,10.35,1900.00,M
OFK,2025-07-21 14:56,86.00,76.00,72.24,11.50,2200.00,M
OFK,2025-07-21 15:05,86.00,76.00,72.24,10.35,2400.00,M
OFK,2025-07-21 15:30,88.00,74.00,63.43,11.50,2600.00,M
OFK,2025-07-21 15:42,88.00,73.00,61.34,13.80,2400.00,M
OFK,2025-07-21 15:56,89.00,72.00,57.47,14.95,2600.00,M
OFK,2025-07-21 16:56,85.00,74.00,69.77,10.35,M,M
OFK,2025-07-21 17:56,82.00,72.00,71.84,11.50,M,M
OFK,2025-07-21 18:56,80.00,70.00,71.64,11.50,M,M
OFK,2025-07-21 19:56,78.00,71.00,79.14,10.35,M,M
OFK,2025-07-21 20:56,74.00,70.00,87.36,10.35,M,M
OFK,2025-07-21 21:56,72.00,68.00,87.26,5.75,M,M
OFK,2025-07-21 22:56,70.00,67.00,90.22,4.60,M,M
OFK,2025-07-21 23:56,70.00,67.00,90.22,11.50,M,M
OFK,2025-07-22 00:56,69.00,67.00,93.36,12.65,M,M
OFK,2025-07-22 01:56,69.00,66.00,90.18,12.65,M,M
OFK,2025-07-22 02:56,68.00,66.00,93.33,10.35,M,M
OFK,2025-07-22 03:56,67.00,65.00,93.30,4.60,M,M
OFK,2025-07-22 04:56,66.00,65.00,96.59,4.60,M,M
OFK,2025-07-22 05:56,67.00,65.00,93.30,3.45,M,M
OFK,2025-07-22 06:56,67.00,66.00,96.60,4.60,M,M
OFK,2025-07-22 07:56,69.00,68.00,96.63,0.00,M,M
OFK,2025-07-22 08:28,70.00,68.00,93.38,4.60,500.00,M
OFK,2025-07-22 08:56,74.00,70.00,87.36,8.05,M,M
OFK,2025-07-22 09:46,76.00,72.00,87.46,9.20,1000.00,M
OFK,2025-07-22 09:56,77.00,72.00,84.61,8.05,1000.00,M
OFK,2025-07-22 10:08,77.00,72.00,84.61,8.05,900.00,M
OFK,2025-07-22 10:56,78.00,72.00,81.86,8.05,900.00,M
OFK,2025-07-22 11:20,78.00,72.00,81.86,6.90,1000.00,M
OFK,2025-07-22 11:56,79.00,72.00,79.22,6.90,1200.00,M
OFK,2025-07-22 12:10,78.00,72.00,81.86,0.00,1200.00,M
OFK,2025-07-22 12:56,81.00,73.00,76.76,6.90,M,M
OFK,2025-07-22 13:56,85.00,74.00,69.77,10.35,2000.00,M
OFK,2025-07-22 14:56,86.00,74.00,67.58,10.35,2400.00,M
OFK,2025-07-22 15:56,86.00,73.00,65.35,6.90,M,M
OFK,2025-07-22 16:56,88.00,75.00,65.59,13.80,M,M
OFK,2025-07-22 17:56,86.00,75.00,69.88,14.95,2400.00,M
OFK,2025-07-22 18:56,85.00,75.00,72.14,12.65,M,M
OFK,2025-07-22 19:56,83.00,76.00,79.53,13.80,M,M
OFK,2025-07-22 20:56,80.00,74.00,82.00,9.20,M,M
OFK,2025-07-22 21:56,77.00,73.00,87.51,6.90,M,M
OFK,2025-07-22 22:56,75.00,72.00,90.42,8.05,M,M
OFK,2025-07-22 23:56,75.00,72.00,90.42,8.05,M,M
OFK,2025-07-23 00:56,76.00,73.00,90.46,9.20,M,M
OFK,2025-07-23 01:56,76.00,74.00,93.55,9.20,M,M
OFK,2025-07-23 02:56,78.00,73.00,84.67,9.20,M,M
OFK,2025-07-23 03:56,78.00,73.00,84.67,12.65,M,M
OFK,2025-07-23 04:56,78.00,71.00,79.14,14.95,M,M
OFK,2025-07-23 05:56,78.00,70.00,76.49,14.95,M,M
OFK,2025-07-23 06:56,77.00,69.00,76.41,4.60,M,M
OFK,2025-07-23 07:56,78.00,68.00,71.43,0.00,M,M
OFK,2025-07-23 08:56,80.00,68.00,66.90,8.05,M,M
OFK,2025-07-23 09:56,82.00,68.00,62.69,11.50,M,M
OFK,2025-07-23 10:56,85.00,69.00,58.91,12.65,M,M
OFK,2025-07-23 11:56,86.00,70.00,59.04,8.05,M,M
OFK,2025-07-23 12:56,86.00,70.00,59.04,8.05,12000.00,M
OFK,2025-07-23 13:56,88.00,71.00,57.33,9.20,12000.00,M
OFK,2025-07-23 14:56,89.00,71.00,55.55,6.90,M,M
OFK,2025-07-23 15:56,87.00,72.00,61.21,9.20,M,M
OFK,2025-07-23 16:56,86.00,74.00,67.58,3.45,M,M
OFK,2025-07-23 17:22,85.00,76.00,74.59,8.05,9500.00,M
OFK,2025-07-23 17:36,79.00,74.00,84.73,9.20,4300.00,M
OFK,2025-07-23 17:52,78.80,73.40,83.59,4.60,3800.00,M
OFK,2025-07-23 17:56,79.00,74.00,84.73,3.45,11000.00,M
OFK,2025-07-23 18:27,78.00,74.00,87.56,6.90,11000.00,M
OFK,2025-07-23 18:56,77.00,71.00,81.79,5.75,11000.00,M
OFK,2025-07-23 19:56,77.00,73.00,87.51,0.00,M,M
OFK,2025-07-23 20:43,77.00,74.00,90.50,5.75,5000.00,M
OFK,2025-07-23 20:51,78.80,73.40,83.59,5.75,3300.00,M
OFK,2025-07-23 20:56,78.00,73.00,84.67,11.50,3300.00,M
OFK,2025-07-23 21:30,70.00,66.00,87.16,17.25,1500.00,41.40
OFK,2025-07-23 21:43,70.00,67.00,90.22,14.95,1400.00,41.40
OFK,2025-07-23 21:56,70.00,68.00,93.38,14.95,1600.00,41.40
OFK,2025-07-23 22:36,70.00,68.00,93.38,12.65,9000.00,M
OFK,2025-07-23 22:43,69.00,68.00,96.63,12.65,9000.00,M
OFK,2025-07-23 22:56,69.00,67.00,93.36,11.50,9000.00,M
OFK,2025-07-23 23:11,69.00,66.00,90.18,9.20,10000.00,M
OFK,2025-07-23 23:29,68.00,66.00,93.33,6.90,10000.00,M
OFK,2025-07-23 23:56,68.00,66.00,93.33,9.20,9000.00,M
OFK,2025-07-24 00:56,69.00,66.00,90.18,5.75,12000.00,M
OFK,2025-07-24 01:56,68.00,66.00,93.33,4.60,10000.00,M
OFK,2025-07-24 02:26,68.00,67.00,96.61,4.60,700.00,M
OFK,2025-07-24 02:36,68.00,67.00,96.61,5.75,700.00,M
OFK,2025-07-24 02:56,68.00,67.00,96.61,4.60,700.00,M
OFK,2025-07-24 03:56,69.00,68.00,96.63,3.45,800.00,M
OFK,2025-07-24 04:56,69.00,68.00,96.63,9.20,700.00,M
OFK,2025-07-24 05:44,69.00,68.00,96.63,6.90,1100.00,M
OFK,2025-07-24 05:56,69.00,68.00,96.63,6.90,1000.00,M
OFK,2025-07-24 06:18,69.00,68.00,96.63,8.05,700.00,M
OFK,2025-07-24 06:56,69.00,68.00,96.63,6.90,1700.00,M
OFK,2025-07-24 07:32,70.00,69.00,96.64,4.60,700.00,M
OFK,2025-07-24 07:48,70.00,69.00,96.64,4.60,600.00,M
OFK,2025-07-24 07:56,70.00,69.00,96.64,3.45,400.00,M
OFK,2025-07-24 08:27,71.00,69.00,93.41,3.45,400.00,M
OFK,2025-07-24 08:56,72.00,70.00,93.44,6.90,700.00,M
OFK,2025-07-24 09:56,74.00,69.00,84.43,6.90,900.00,M
OFK,2025-07-24 10:56,74.00,69.00,84.43,9.20,1400.00,M
OFK,2025-07-24 11:56,75.00,69.00,81.65,9.20,1100.00,M
OFK,2025-07-24 12:39,76.00,68.00,76.32,12.65,1400.00,M
OFK,2025-07-24 12:56,76.00,69.00,78.98,11.50,1500.00,M
OFK,2025-07-24 13:12,76.00,68.00,76.32,10.35,1500.00,M
OFK,2025-07-24 13:22,77.00,68.00,73.83,9.20,1700.00,M
OFK,2025-07-24 13:56,76.00,68.00,76.32,9.20,1800.00,M
OFK,2025-07-24 14:34,76.00,68.00,76.32,5.75,2500.00,M
OFK,2025-07-24 14:56,76.00,68.00,76.32,6.90,2000.00,M
OFK,2025-07-24 15:21,78.00,68.00,71.43,4.60,2200.00,M
OFK,2025-07-24 15:56,77.00,68.00,73.83,3.45,3000.00,M
OFK,2025-07-24 16:35,79.00,68.00,69.12,6.90,2800.00,M
OFK,2025-07-24 16:56,80.00,67.00,64.63,0.00,2800.00,M
OFK,2025-07-24 17:52,78.80,68.00,69.58,5.75,2900.00,M
OFK,2025-07-24 17:56,79.00,68.00,69.12,5.75,2900.00,M
OFK,2025-07-24 18:56,78.00,69.00,73.93,5.75,3400.00,M
OFK,2025-07-24 19:56,78.00,70.00,76.49,5.75,3500.00,M
OFK,2025-07-24 20:56,73.00,70.00,90.34,0.00,3400.00,M
OFK,2025-07-24 21:56,72.00,69.00,90.30,0.00,3600.00,M
OFK,2025-07-24 22:56,69.00,68.00,96.63,0.00,M,M
OFK,2025-07-24 23:56,68.00,67.00,96.61,0.00,M,M
OFK,2025-07-25 00:56,67.00,66.00,96.60,0.00,M,M
OFK,2025-07-25 01:35,68.00,68.00,100.00,0.00,2000.00,M
OFK,2025-07-25 01:44,67.00,67.00,100.00,0.00,2000.00,M
OFK,2025-07-25 01:56,67.00,67.00,100.00,0.00,1800.00,M
OFK,2025-07-25 02:56,68.00,67.00,96.61,0.00,1700.00,M
OFK,2025-07-25 03:15,66.00,66.00,100.00,0.00,M,M
OFK,2025-07-25 03:26,67.00,67.00,100.00,0.00,M,M
OFK,2025-07-25 03:40,66.00,66.00,100.00,0.00,M,M
OFK,2025-07-25 03:49,66.00,66.00,100.00,0.00,M,M
OFK,2025-07-25 03:54,66.20,66.20,100.00,0.00,300.00,M
OFK,2025-07-25 03:56,66.00,66.00,100.00,0.00,300.00,M
OFK,2025-07-25 04:03,65.00,65.00,100.00,3.45,M,M
OFK,2025-07-25 04:38,66.00,66.00,100.00,3.45,200.00,M
OFK,2025-07-25 04:45,66.00,66.00,100.00,0.00,200.00,M
OFK,2025-07-25 04:53,64.40,64.40,100.00,0.00,200.00,M
OFK,2025-07-25 04:56,65.00,65.00,100.00,0.00,200.00,M
OFK,2025-07-25 04:59,65.00,65.00,100.00,0.00,200.00,M
OFK,2025-07-25 05:07,65.00,65.00,100.00,0.00,200.00,M
OFK,2025-07-25 05:25,65.00,65.00,100.00,3.45,200.00,M
OFK,2025-07-25 05:29,65.00,65.00,100.00,3.45,200.00,M
OFK,2025-07-25 05:33,65.00,65.00,100.00,0.00,200.00,M
OFK,2025-07-25 05:56,66.00,66.00,100.00,5.75,M,M
OFK,2025-07-25 06:25,67.00,67.00,100.00,4.60,300.00,M
OFK,2025-07-25 06:56,66.00,66.00,100.00,0.00,300.00,M
OFK,2025-07-25 07:05,67.00,67.00,100.00,0.00,300.00,M
OFK,2025-07-25 07:19,68.00,67.00,96.61,0.00,300.00,M
OFK,2025-07-25 07:22,68.00,67.00,96.61,0.00,300.00,M
OFK,2025-07-25 07:34,67.00,67.00,100.00,0.00,200.00,M
OFK,2025-07-25 07:56,68.00,68.00,100.00,3.45,200.00,M
OFK,2025-07-25 08:56,70.00,70.00,100.00,6.90,200.00,M
OFK,2025-07-25 09:19,70.00,70.00,100.00,5.75,200.00,M
OFK,2025-07-25 09:51,71.60,69.80,94.07,5.75,200.00,M
OFK,2025-07-25 09:52,71.00,70.00,96.66,4.60,200.00,M
OFK,2025-07-25 10:00,71.00,71.00,100.00,3.45,500.00,M
OFK,2025-07-25 10:56,74.00,71.00,90.38,4.60,900.00,M
OFK,2025-07-25 11:20,75.00,71.00,87.41,5.75,1100.00,M
OFK,2025-07-25 11:34,76.00,71.00,84.55,4.60,1100.00,M
OFK,2025-07-25 11:45,76.00,70.00,81.72,4.60,1300.00,M
OFK,2025-07-25 11:56,76.00,71.00,84.55,5.75,1600.00,M
OFK,2025-07-25 12:06,77.00,70.00,79.06,5.75,1600.00,M
OFK,2025-07-25 12:18,78.00,70.00,76.49,5.75,1600.00,M
OFK,2025-07-25 12:56,80.00,69.00,69.23,9.20,1900.00,M
OFK,2025-07-25 13:56,81.00,70.00,69.34,8.05,2200.00,M
OFK,2025-07-25 14:56,81.00,71.00,71.74,11.50,2600.00,M
OFK,2025-07-25 15:56,83.00,71.00,67.24,10.35,2700.00,M
OFK,2025-07-25 16:56,82.00,70.00,67.13,12.65,2900.00,M
OFK,2025-07-25 17:56,80.00,71.00,74.12,12.65,2500.00,M
OFK,2025-07-25 18:36,80.00,72.00,76.67,4.60,2300.00,M
OFK,2025-07-25 18:56,80.00,72.00,76.67,6.90,2400.00,M
OFK,2025-07-25 19:07,80.00,72.00,76.67,9.20,2400.00,M
OFK,2025-07-25 19:56,78.00,70.00,76.49,10.35,M,M
OFK,2025-07-25 20:56,74.00,71.00,90.38,5.75,M,M
OFK,2025-07-25 21:56,71.00,69.00,93.41,5.75,M,M
OFK,2025-07-25 22:56,70.00,69.00,96.64,5.75,M,M
OFK,2025-07-25 23:56,71.00,69.00,93.41,9.20,M,M
OFK,2025-07-26 00:56,70.00,69.00,96.64,6.90,M,M
OFK,2025-07-26 01:56,68.00,68.00,100.00,4.60,M,M
OFK,2025-07-26 02:56,69.00,68.00,96.63,0.00,M,M
OFK,2025-07-26 03:43,69.00,68.00,96.63,3.45,1400.00,M
OFK,2025-07-26 03:56,69.00,68.00,96.63,0.00,1400.00,M
OFK,2025-07-26 04:33,70.00,69.00,96.64,0.00,1600.00,M
OFK,2025-07-26 04:56,70.00,69.00,96.64,0.00,1600.00,M
OFK,2025-07-26 05:18,70.00,69.00,96.64,3.45,900.00,M
OFK,2025-07-26 05:56,70.00,69.00,96.64,3.45,1700.00,M
OFK,2025-07-26 06:56,70.00,69.00,96.64,0.00,1900.00,M
OFK,2025-07-26 07:56,72.00,70.00,93.44,4.60,1300.00,M
OFK,2025-07-26 08:11,73.00,70.00,90.34,4.60,600.00,M
OFK,2025-07-26 08:19,73.00,70.00,90.34,3.45,2200.00,M
OFK,2025-07-26 08:56,75.00,70.00,84.49,5.75,M,M
OFK,2025-07-26 09:41,78.00,71.00,79.14,8.05,1300.00,M
OFK,2025-07-26 09:56,78.00,70.00,76.49,6.90,1300.00,M
OFK,2025-07-26 10:54,78.80,69.80,74.00,8.05,2000.00,M
OFK,2025-07-26 10:56,80.00,71.00,74.12,6.90,2000.00,M
OFK,2025-07-26 11:18,80.00,71.00,74.12,4.60,2000.00,M
OFK,2025-07-26 11:56,82.00,72.00,71.84,6.90,1900.00,M
OFK,2025-07-26 12:56,84.00,72.00,67.36,5.75,2200.00,M
OFK,2025-07-26 13:56,86.00,73.00,65.35,8.05,2500.00,M
OFK,2025-07-26 14:56,87.00,74.00,65.47,9.20,M,M
OFK,2025-07-26 15:56,87.00,73.00,63.31,10.35,2900.00,M
OFK,2025-07-26 16:56,88.00,74.00,63.43,11.50,3000.00,M
OFK,2025-07-26 17:56,86.00,74.00,67.58,10.35,3100.00,M
OFK,2025-07-26 18:56,86.00,74.00,67.58,10.35,M,M
OFK,2025-07-26 19:56,84.00,75.00,74.49,10.35,M,M
OFK,2025-07-26 20:56,80.00,75.00,84.79,8.05,M,M
OFK,2025-07-26 21:56,77.00,74.00,90.50,8.05,M,M
OFK,2025-07-26 22:56,77.00,74.00,90.50,5.75,M,M
OFK,2025-07-26 23:56,75.00,73.00,93.52,6.90,M,M
OFK,2025-07-27 00:56,73.00,72.00,96.69,6.90,M,M
OFK,2025-07-27 01:56,72.00,71.00,96.67,0.00,M,M
OFK,2025-07-27 02:56,72.00,71.00,96.67,4.60,M,M
OFK,2025-07-27 03:56,74.00,72.00,93.49,8.05,M,M
OFK,2025-07-27 04:56,74.00,72.00,93.49,5.75,M,M
OFK,2025-07-27 05:56,72.00,71.00,96.67,10.35,M,M
OFK,2025-07-27 06:56,73.00,71.00,93.47,0.00,M,M
OFK,2025-07-27 07:56,75.00,73.00,93.52,5.75,M,M
OFK,2025-07-27 08:56,79.00,75.00,87.61,8.05,M,M
OFK,2025-07-27 09:56,82.00,75.00,79.45,10.35,M,M
OFK,2025-07-27 10:56,86.00,76.00,72.24,11.50,M,M
OFK,2025-07-27 11:56,90.00,75.00,61.59,17.25,M,M
OFK,2025-07-27 12:56,92.00,75.00,57.87,14.95,M,M
OFK,2025-07-27 13:56,93.00,77.00,59.96,14.95,M,M
OFK,2025-07-27 14:56,93.00,76.00,58.00,17.25,M,M
OFK,2025-07-27 15:56,93.00,77.00,59.96,16.10,M,M
OFK,2025-07-27 16:56,93.00,78.00,61.97,14.95,M,M
OFK,2025-07-27 17:56,93.00,78.00,61.97,11.50,M,M
OFK,2025-07-27 18:56,91.00,79.00,68.14,14.95,M,M
OFK,2025-07-27 19:56,89.00,80.00,74.95,9.20,M,M
OFK,2025-07-27 20:56,85.00,79.00,82.35,5.75,M,M
OFK,2025-07-27 21:56,83.00,80.00,90.73,6.90,M,M
OFK,2025-07-27 22:56,84.00,78.00,82.28,10.35,M,M
OFK,2025-07-27 23:56,84.00,76.00,77.01,14.95,M,M
OFK,2025-07-28 00:56,82.00,75.00,79.45,17.25,M,M
OFK,2025-07-28 01:56,81.00,74.00,79.38,13.80,M,M
OFK,2025-07-28 02:56,80.00,73.00,79.30,9.20,M,M
OFK,2025-07-28 03:56,79.00,71.00,76.58,16.10,3100.00,M
OFK,2025-07-28 04:56,70.00,64.00,81.29,19.55,M,33.35
OFK,2025-07-28 05:56,70.00,64.00,81.29,12.65,M,M
OFK,2025-07-28 06:56,70.00,63.00,78.49,13.80,M,M
OFK,2025-07-28 07:56,73.00,63.00,70.91,13.80,M,M
OFK,2025-07-28 08:56,77.00,64.00,64.27,16.10,M,31.05
OFK,2025-07-28 09:56,80.00,68.00,66.90,17.25,M,31.05
OFK,2025-07-28 10:56,84.00,72.00,67.36,17.25,M,29.90
OFK,2025-07-28 11:56,85.00,73.00,67.47,17.25,M,31.05
OFK,2025-07-28 12:56,88.00,74.00,63.43,18.40,M,M
OFK,2025-07-28 13:56,90.00,76.00,63.67,19.55,M,M
OFK,2025-07-28 14:56,91.00,77.00,63.80,14.95,M,M
OFK,2025-07-28 15:56,93.00,78.00,61.97,17.25,M,M
OFK,2025-07-28 16:56,93.00,78.00,61.97,13.80,M,M
OFK,2025-07-28 17:56,93.00,78.00,61.97,16.10,M,M
OFK,2025-07-28 18:56,91.00,77.00,63.80,11.50,M,M
OFK,2025-07-28 19:56,87.00,78.00,74.77,8.05,M,M
OFK,2025-07-28 20:56,83.00,78.00,84.97,6.90,M,M
OFK,2025-07-28 21:56,80.00,77.00,90.61,5.75,M,M
OFK,2025-07-28 22:56,82.00,75.00,79.45,10.35,M,M
OFK,2025-07-28 23:56,74.00,65.00,73.54,9.20,3600.00,32.20
OFK,2025-07-29 00:56,72.00,65.00,78.66,12.65,M,M
OFK,2025-07-29 01:56,71.00,65.00,81.37,10.35,M,M
OFK,2025-07-29 02:56,73.00,64.00,73.44,10.35,M,M
OFK,2025-07-29 03:56,72.00,64.00,75.96,6.90,M,M
OFK,2025-07-29 04:56,69.00,65.00,87.10,3.45,M,M
OFK,2025-07-29 05:56,69.00,65.00,87.10,3.45,M,M
OFK,2025-07-29 06:56,71.00,66.00,84.24,0.00,M,M
OFK,2025-07-29 07:56,74.00,67.00,78.82,8.05,8000.00,M
OFK,2025-07-29 08:56,76.00,66.00,71.23,6.90,M,M
OFK,2025-07-29 09:56,78.00,68.00,71.43,5.75,M,M
OFK,2025-07-29 10:56,80.00,71.00,74.12,5.75,M,M
OFK,2025-07-29 11:56,83.00,72.00,69.56,4.60,M,M
OFK,2025-07-29 12:56,85.00,74.00,69.77,9.20,M,M
OFK,2025-07-29 13:56,86.00,75.00,69.88,9.20,2200.00,M
OFK,2025-07-29 14:56,87.00,76.00,69.99,6.90,2300.00,M
OFK,2025-07-29 15:49,89.00,78.00,70.20,5.75,2400.00,M
OFK,2025-07-29 15:56,89.00,77.00,67.92,8.05,2400.00,M
OFK,2025-07-29 16:15,88.00,78.00,72.44,5.75,2400.00,M
OFK,2025-07-29 16:56,88.00,79.00,74.86,9.20,2600.00,M
OFK,2025-07-29 17:56,87.00,80.00,79.84,10.35,M,M
OFK,2025-07-29 18:56,86.00,80.00,82.41,8.05,M,M
OFK,2025-07-29 19:56,84.00,79.00,85.03,6.90,3800.00,M
OFK,2025-07-29 20:56,83.00,78.00,84.97,4.60,10000.00,M
OFK,2025-07-29 21:11,78.00,71.00,79.14,33.35,1700.00,47.15
OFK,2025-07-29 21:22,69.00,64.00,84.12,32.20,1700.00,58.65
OFK,2025-07-29 21:38,67.00,66.00,96.60,23.00,1000.00,58.65
OFK,2025-07-29 21:42,67.00,66.00,96.60,29.90,600.00,58.65
OFK,2025-07-29 21:56,67.00,65.00,93.30,31.05,800.00,58.65
OFK,2025-07-29 21:59,67.00,65.00,93.30,31.05,800.00,44.85
OFK,2025-07-29 22:17,67.00,65.00,93.30,21.85,700.00,44.85
OFK,2025-07-29 22:23,67.00,65.00,93.30,21.85,5000.00,44.85
OFK,2025-07-29 22:51,68.00,64.40,88.28,25.30,5500.00,44.85
OFK,2025-07-29 22:56,67.00,64.00,90.10,21.85,5500.00,44.85
OFK,2025-07-29 23:24,67.00,64.00,90.10,8.05,1400.00,33.35
OFK,2025-07-29 23:41,67.00,64.00,90.10,10.35,1400.00,33.35
OFK,2025-07-29 23:56,66.00,64.00,93.27,5.75,1400.00,33.35
OFK,2025-07-30 00:56,67.00,65.00,93.30,13.80,1000.00,M
OFK,2025-07-30 01:05,67.00,65.00,93.30,18.40,1000.00,29.90
OFK,2025-07-30 01:20,67.00,65.00,93.30,12.65,11000.00,29.90
OFK,2025-07-30 01:56,67.00,66.00,96.60,12.65,9000.00,29.90
OFK,2025-07-30 02:56,67.00,67.00,100.00,14.95,9500.00,M
OFK,2025-07-30 03:08,67.00,67.00,100.00,14.95,500.00,M
OFK,2025-07-30 03:56,68.00,66.00,93.33,11.50,7500.00,M
OFK,2025-07-30 04:09,68.00,66.00,93.33,6.90,700.00,M
OFK,2025-07-30 04:18,68.00,67.00,96.61,8.05,700.00,M
OFK,2025-07-30 04:49,68.00,66.00,93.33,3.45,800.00,M
OFK,2025-07-30 04:56,68.00,66.00,93.33,5.75,1000.00,M
OFK,2025-07-30 05:41,68.00,67.00,96.61,5.75,1400.00,M
OFK,2025-07-30 05:52,68.00,66.20,93.98,4.60,2600.00,M
OFK,2025-07-30 05:56,68.00,67.00,96.61,3.45,2600.00,M
OFK,2025-07-30 06:56,67.00,66.00,96.60,0.00,M,M
OFK,2025-07-30 07:15,67.00,67.00,100.00,4.60,500.00,M
OFK,2025-07-30 07:19,67.00,67.00,100.00,4.60,400.00,M
OFK,2025-07-30 07:27,68.00,67.00,96.61,3.45,400.00,M
OFK,2025-07-30 07:56,68.00,67.00,96.61,4.60,8500.00,M
OFK,2025-07-30 08:56,72.00,67.00,84.30,3.45,M,M
OFK,2025-07-30 09:34,72.00,67.00,84.30,6.90,1000.00,M
OFK,2025-07-30 09:43,72.00,68.00,87.26,4.60,1400.00,M
OFK,2025-07-30 09:56,72.00,67.00,84.30,9.20,1500.00,M
OFK,2025-07-30 10:10,72.00,67.00,84.30,6.90,1500.00,M
OFK,2025-07-30 10:56,73.00,66.00,78.74,4.60,1300.00,M
OFK,2025-07-30 11:56,75.00,65.00,71.12,3.45,2200.00,M
OFK,2025-07-30 12:48,75.00,67.00,76.23,9.20,1900.00,M
OFK,2025-07-30 12:56,75.00,67.00,76.23,10.35,1900.00,M
OFK,2025-07-30 13:16,76.00,68.00,76.32,10.35,1900.00,M
OFK,2025-07-30 13:23,75.00,68.00,78.90,8.05,1500.00,M
OFK,2025-07-30 13:56,76.00,67.00,73.73,8.05,1700.00,M
OFK,2025-07-30 14:34,76.00,67.00,73.73,6.90,2200.00,M
OFK,2025-07-30 14:42,76.00,67.00,73.73,9.20,2600.00,M
OFK,2025-07-30 14:56,76.00,67.00,73.73,6.90,2400.00,M
OFK,2025-07-30 15:56,77.00,67.00,71.33,6.90,4000.00,M
OFK,2025-07-30 16:56,77.00,68.00,73.83,5.75,2600.00,M
OFK,2025-07-30 17:11,77.00,67.00,71.33,9.20,2900.00,M
OFK,2025-07-30 17:28,77.00,67.00,71.33,6.90,2500.00,M
OFK,2025-07-30 17:56,77.00,67.00,71.33,6.90,2500.00,M
OFK,2025-07-30 18:56,77.00,68.00,73.83,9.20,3900.00,M
OFK,2025-07-30 19:18,77.00,67.00,71.33,9.20,2400.00,M
OFK,2025-07-30 19:44,75.00,67.00,76.23,8.05,2500.00,M
OFK,2025-07-30 19:56,75.00,67.00,76.23,9.20,2800.00,M
OFK,2025-07-30 20:19,74.00,68.00,81.58,16.10,1900.00,M
OFK,2025-07-30 20:40,72.00,68.00,87.26,11.50,2000.00,M
OFK,2025-07-30 20:56,71.00,67.00,87.21,12.65,1100.00,M
OFK,2025-07-30 21:56,69.00,65.00,87.10,10.35,1300.00,M
OFK,2025-07-30 22:14,69.00,65.00,87.10,9.20,1300.00,M
OFK,2025-07-30 22:56,68.00,65.00,90.14,6.90,1200.00,M
OFK,2025-07-30 23:30,68.00,65.00,90.14,6.90,1200.00,M
OFK,2025-07-30 23:40,68.00,65.00,90.14,6.90,1100.00,M
OFK,2025-07-30 23:56,69.00,66.00,90.18,8.05,1100.00,M
OFK,2025-07-31 00:56,69.00,66.00,90.18,8.05,1000.00,M
OFK,2025-07-31 01:56,69.00,66.00,90.18,5.75,1100.00,M
OFK,2025-07-31 02:56,69.00,66.00,90.18,8.05,1000.00,M
OFK,2025-07-31 03:56,68.00,65.00,90.14,8.05,1200.00,M
OFK,2025-07-31 04:39,68.00,65.00,90.14,5.75,1200.00,M
OFK,2025-07-31 04:56,67.00,64.00,90.10,5.75,1100.00,M
OFK,2025-07-31 05:12,67.00,64.00,90.10,5.75,1300.00,M
OFK,2025-07-31 05:56,66.00,62.00,86.95,8.05,1300.00,M
OFK,2025-07-31 06:56,65.00,61.00,86.89,6.90,1300.00,M
OFK,2025-07-31 07:13,65.00,61.00,86.89,4.60,1300.00,M
OFK,2025-07-31 07:56,66.00,60.00,81.00,6.90,M,M
OFK,2025-07-31 08:56,68.00,59.00,72.95,11.50,M,M
OFK,2025-07-31 09:56,70.00,62.00,75.78,9.20,M,M
OFK,2025-07-31 10:56,72.00,63.00,73.34,13.80,1700.00,M
OFK,2025-07-31 11:56,74.00,63.00,68.57,14.95,2100.00,M
OFK,2025-07-31 12:56,76.00,61.00,59.78,10.35,M,M
OFK,2025-07-31 13:56,76.00,60.00,57.69,10.35,3400.00,M
OFK,2025-07-31 14:56,77.00,61.00,57.83,10.35,M,M
OFK,2025-07-31 15:56,77.00,61.00,57.83,10.35,M,M
OFK,2025-07-31 16:56,78.00,62.00,57.97,11.50,3700.00,M
OFK,2025-07-31 17:56,77.00,61.00,57.83,12.65,3700.00,M
OFK,2025-07-31 18:56,75.00,61.00,61.80,6.90,6500.00,M
OFK,2025-07-31 19:56,73.00,63.00,70.91,4.60,M,M
OFK,2025-07-31 20:56,69.00,64.00,84.12,4.60,M,M
OFK,2025-07-31 21:56,68.00,63.00,84.05,0.00,M,M
OFK,2025-07-31 22:56,66.00,63.00,90.06,0.00,M,M
OFK,2025-07-31 23:56,65.00,63.00,93.24,3.45,M,M
OFK,2025-08-01 00:56,65.00,62.00,90.02,4.60,M,M
OFK,2025-08-01 01:56,65.00,62.00,90.02,5.75,M,M
OFK,2025-08-01 02:56,64.00,61.00,89.98,5.75,M,M
OFK,2025-08-01 03:56,64.00,61.00,89.98,6.90,M,M
OFK,2025-08-01 04:56,64.00,61.00,89.98,5.75,3400.00,M
OFK,2025-08-01 05:56,63.00,61.00,93.19,5.75,3700.00,M
OFK,2025-08-01 06:40,62.00,61.00,96.53,3.45,M,M
OFK,2025-08-01 06:56,62.00,61.00,96.53,3.45,M,M
OFK,2025-08-01 07:06,62.00,61.00,96.53,4.60,M,M
OFK,2025-08-01 07:32,63.00,62.00,96.54,4.60,M,M
OFK,2025-08-01 07:56,64.00,62.00,93.22,4.60,M,M
OFK,2025-08-01 08:37,65.00,62.00,90.02,6.90,M,M
OFK,2025-08-01 08:56,67.00,61.00,81.07,8.05,M,M
OFK,2025-08-01 09:56,69.00,58.00,68.01,11.50,3800.00,M
OFK,2025-08-01 10:56,71.00,57.00,61.28,10.35,M,M
OFK,2025-08-01 11:56,72.00,58.00,61.41,11.50,M,M
OFK,2025-08-01 12:56,73.00,58.00,59.38,12.65,3500.00,M
OFK,2025-08-01 13:56,73.00,58.00,59.38,10.35,3500.00,M
OFK,2025-08-01 14:56,74.00,58.00,57.42,10.35,3900.00,M
OFK,2025-08-01 15:56,72.00,58.00,61.41,9.20,3900.00,M
OFK,2025-08-01 16:56,73.00,58.00,59.38,11.50,3800.00,M
OFK,2025-08-01 17:56,73.00,58.00,59.38,6.90,3900.00,M
OFK,2025-08-01 18:56,71.00,58.00,63.53,11.50,M,M
OFK,2025-08-01 19:56,69.00,57.00,65.60,8.05,M,M
OFK,2025-08-01 20:56,65.00,57.00,75.32,4.60,M,M
OFK,2025-08-01 21:56,62.00,58.00,86.73,3.45,M,M
OFK,2025-08-01 22:56,61.00,57.00,86.68,4.60,M,M
OFK,2025-08-01 23:56,60.00,57.00,89.81,4.60,M,M
OFK,2025-08-02 00:56,59.00,57.00,93.07,5.75,M,M
OFK,2025-08-02 01:56,58.00,57.00,96.47,5.75,M,M
OFK,2025-08-02 02:56,59.00,56.00,89.77,8.05,M,M
OFK,2025-08-02 03:56,60.00,57.00,89.81,3.45,11000.00,M
OFK,2025-08-02 04:56,58.00,55.00,89.73,4.60,M,M
OFK,2025-08-02 05:56,57.00,55.00,93.01,5.75,M,M
OFK,2025-08-02 06:56,57.00,54.00,89.68,10.35,M,M
OFK,2025-08-02 07:56,60.00,55.00,83.54,3.45,9500.00,M
OFK,2025-08-02 08:56,63.00,55.00,75.13,0.00,8000.00,M
OFK,2025-08-02 09:56,64.00,56.00,75.22,6.90,7500.00,M
OFK,2025-08-02 10:56,67.00,56.00,67.78,9.20,12000.00,M
OFK,2025-08-02 11:56,68.00,57.00,67.89,11.50,M,M
OFK,2025-08-02 12:56,69.00,59.00,70.49,11.50,12000.00,M
OFK,2025-08-02 13:56,73.00,60.00,63.78,16.10,M,M
OFK,2025-08-02 14:56,74.00,60.00,61.67,19.55,M,M
OFK,2025-08-02 15:56,75.00,59.00,57.55,16.10,M,M
OFK,2025-08-02 16:56,75.00,61.00,61.80,16.10,M,M
OFK,2025-08-02 17:56,74.00,61.00,63.90,16.10,M,M
OFK,2025-08-02 18:56,73.00,61.00,66.08,11.50,M,M
OFK,2025-08-02 19:56,70.00,62.00,75.78,11.50,3200.00,M
OFK,2025-08-02 20:56,68.00,62.00,81.15,9.20,M,M
OFK,2025-08-02 21:56,66.00,62.00,86.95,6.90,M,M
OFK,2025-08-02 22:56,65.00,61.00,86.89,9.20,11000.00,M
OFK,2025-08-02 23:56,65.00,59.00,80.92,12.65,M,M
OFK,2025-08-03 00:56,65.00,59.00,80.92,12.65,11000.00,M
OFK,2025-08-03 01:56,64.00,59.00,83.80,11.50,8000.00,M
OFK,2025-08-03 02:18,64.00,59.00,83.80,10.35,8500.00,M
OFK,2025-08-03 02:43,65.00,59.00,80.92,10.35,8000.00,M
OFK,2025-08-03 02:52,64.40,59.00,82.63,11.50,7500.00,M
OFK,2025-08-03 02:56,65.00,59.00,80.92,10.35,8000.00,M
OFK,2025-08-03 03:12,65.00,60.00,83.86,11.50,4700.00,M
OFK,2025-08-03 03:36,63.00,60.00,89.94,11.50,4000.00,M
OFK,2025-08-03 03:43,63.00,60.00,89.94,10.35,4200.00,M
OFK,2025-08-03 03:56,63.00,60.00,89.94,13.80,3700.00,M
OFK,2025-08-03 04:27,63.00,60.00,89.94,10.35,6000.00,29.90
OFK,2025-08-03 04:52,64.40,60.80,88.10,12.65,8000.00,29.90
OFK,2025-08-03 04:56,64.00,60.00,86.84,13.80,8500.00,29.90
OFK,2025-08-03 05:07,63.00,60.00,89.94,23.00,8500.00,31.05
OFK,2025-08-03 05:19,62.00,60.00,93.16,27.60,7000.00,35.65
OFK,2025-08-03 05:29,62.00,60.00,93.16,20.70,5500.00,40.25
OFK,2025-08-03 05:44,63.00,60.00,89.94,16.10,6000.00,40.25
OFK,2025-08-03 05:56,63.00,60.00,89.94,4.60,7500.00,40.25
OFK,2025-08-03 06:56,63.00,60.00,89.94,9.20,4000.00,M
OFK,2025-08-03 07:56,63.00,60.00,89.94,5.75,3600.00,M
OFK,2025-08-03 08:28,62.00,61.00,96.53,11.50,10000.00,M
OFK,2025-08-03 08:35,63.00,60.00,89.94,14.95,11000.00,M
OFK,2025-08-03 08:56,63.00,60.00,89.94,9.20,4500.00,M
OFK,2025-08-03 09:56,63.00,60.00,89.94,11.50,11000.00,M
OFK,2025-08-03 10:56,66.00,61.00,83.93,17.25,M,29.90
OFK,2025-08-03 11:56,68.00,60.00,75.59,17.25,10000.00,M
OFK,2025-08-03 12:56,71.00,61.00,70.70,17.25,M,29.90
OFK,2025-08-03 13:56,72.00,61.00,68.35,19.55,M,32.20
OFK,2025-08-03 14:56,73.00,63.00,70.91,13.80,2300.00,M
OFK,2025-08-03 15:42,73.00,63.00,70.91,18.40,2300.00,M
OFK,2025-08-03 15:56,72.00,63.00,73.34,14.95,2300.00,M
OFK,2025-08-03 16:12,71.00,63.00,75.87,14.95,2200.00,M
OFK,2025-08-03 16:56,73.00,64.00,73.44,13.80,2100.00,M
OFK,2025-08-03 17:12,73.00,64.00,73.44,12.65,2100.00,M
OFK,2025-08-03 17:56,71.00,63.00,75.87,13.80,2000.00,M
OFK,2025-08-03 18:15,72.00,63.00,73.34,13.80,2000.00,M
OFK,2025-08-03 18:28,72.00,63.00,73.34,16.10,2000.00,M
OFK,2025-08-03 18:41,71.00,63.00,75.87,12.65,2100.00,M
OFK,2025-08-03 18:51,71.60,62.60,73.30,12.65,2100.00,M
OFK,2025-08-03 18:56,71.00,63.00,75.87,13.80,2100.00,M
OFK,2025-08-03 19:56,69.00,62.00,78.41,10.35,2200.00,M
OFK,2025-08-03 20:56,66.00,60.00,81.00,11.50,2300.00,M
OFK,2025-08-03 21:35,65.00,61.00,86.89,13.80,2200.00,M
OFK,2025-08-03 21:56,64.00,61.00,89.98,12.65,2100.00,M
OFK,2025-08-03 22:56,64.00,60.00,86.84,13.80,M,M
OFK,2025-08-03 23:53,62.60,59.00,88.01,10.35,4900.00,M
OFK,2025-08-03 23:56,64.00,59.00,83.80,8.05,4900.00,M
OFK,2025-08-04 00:10,64.00,59.00,83.80,9.20,4300.00,M
OFK,2025-08-04 00:21,64.00,59.00,83.80,9.20,3000.00,M
OFK,2025-08-04 00:56,62.00,59.00,89.89,9.20,10000.00,M
OFK,2025-08-04 01:09,62.00,59.00,89.89,8.05,11000.00,M
OFK,2025-08-04 01:56,61.00,58.00,89.85,3.45,M,M
OFK,2025-08-04 02:56,61.00,59.00,93.13,5.75,4000.00,M
OFK,2025-08-04 03:56,60.00,58.00,93.10,0.00,6000.00,M
OFK,2025-08-04 04:56,61.00,59.00,93.13,4.60,1300.00,M
OFK,2025-08-04 05:08,61.00,59.00,93.13,4.60,1200.00,M
OFK,2025-08-04 05:36,61.00,59.00,93.13,5.75,1200.00,M
OFK,2025-08-04 05:43,61.00,59.00,93.13,4.60,4100.00,M
OFK,2025-08-04 05:56,62.00,59.00,89.89,3.45,4000.00,M
OFK,2025-08-04 06:03,62.00,59.00,89.89,5.75,3800.00,M
OFK,2025-08-04 06:10,62.00,59.00,89.89,5.75,3800.00,M
OFK,2025-08-04 06:25,61.00,59.00,93.13,5.75,3600.00,M
OFK,2025-08-04 06:56,61.00,59.00,93.13,8.05,3000.00,M
OFK,2025-08-04 07:56,63.00,61.00,93.19,5.75,4400.00,M
OFK,2025-08-04 08:10,63.00,61.00,93.19,0.00,2500.00,M
OFK,2025-08-04 08:26,63.00,61.00,93.19,6.90,1400.00,M
OFK,2025-08-04 08:35,62.00,61.00,96.53,6.90,1400.00,M
OFK,2025-08-04 08:41,62.00,61.00,96.53,8.05,2100.00,M
OFK,2025-08-04 08:56,62.00,61.00,96.53,0.00,1600.00,M
OFK,2025-08-04 09:03,62.00,61.00,96.53,5.75,1600.00,M
OFK,2025-08-04 09:10,62.00,61.00,96.53,8.05,1400.00,M
OFK,2025-08-04 09:18,62.00,61.00,96.53,9.20,1300.00,M
OFK,2025-08-04 09:39,63.00,61.00,93.19,8.05,1300.00,M
OFK,2025-08-04 09:52,64.40,62.60,93.89,12.65,8000.00,M
OFK,2025-08-04 09:56,64.00,62.00,93.22,10.35,8000.00,M
OFK,2025-08-04 10:20,64.00,63.00,96.56,9.20,500.00,M
OFK,2025-08-04 10:31,64.00,62.00,93.22,8.05,400.00,M
OFK,2025-08-04 10:44,64.00,62.00,93.22,9.20,500.00,M
OFK,2025-08-04 10:56,65.00,63.00,93.24,10.35,500.00,M
OFK,2025-08-04 11:52,66.20,62.60,88.19,8.05,800.00,M
OFK,2025-08-04 11:56,67.00,63.00,87.00,9.20,800.00,M
OFK,2025-08-04 12:13,68.00,63.00,84.05,8.05,1000.00,M
OFK,2025-08-04 12:46,68.00,63.00,84.05,8.05,1400.00,M
OFK,2025-08-04 12:56,68.00,63.00,84.05,8.05,1400.00,M
OFK,2025-08-04 13:33,68.00,63.00,84.05,11.50,1200.00,M
OFK,2025-08-04 13:56,69.00,64.00,84.12,9.20,1200.00,M
OFK,2025-08-04 14:56,70.00,65.00,84.18,9.20,1700.00,M
OFK,2025-08-04 15:56,71.00,65.00,81.37,11.50,1900.00,M
OFK,2025-08-04 16:56,73.00,65.00,76.05,10.35,1700.00,M
OFK,2025-08-04 17:56,72.00,65.00,78.66,11.50,2700.00,M
OFK,2025-08-04 18:25,73.00,66.00,78.74,10.35,2300.00,M
OFK,2025-08-04 18:56,72.00,66.00,81.44,12.65,2300.00,M
OFK,2025-08-04 19:12,71.00,66.00,84.24,9.20,2100.00,M
OFK,2025-08-04 19:56,70.00,65.00,84.18,10.35,2100.00,M
OFK,2025-08-04 20:33,68.00,65.00,90.14,11.50,2500.00,M
OFK,2025-08-04 20:56,68.00,64.00,87.05,10.35,3200.00,M
OFK,2025-08-04 21:56,67.00,64.00,90.10,10.35,4100.00,M
OFK,2025-08-04 22:56,68.00,63.00,84.05,11.50,4300.00,M
OFK,2025-08-04 23:56,69.00,63.00,81.22,9.20,4700.00,M
OFK,2025-08-05 00:56,68.00,63.00,84.05,10.35,5000.00,M
OFK,2025-08-05 01:56,67.00,63.00,87.00,9.20,4500.00,M
OFK,2025-08-05 02:56,67.00,62.00,83.99,6.90,4700.00,M
OFK,2025-08-05 03:56,67.00,62.00,83.99,9.20,4400.00,M
OFK,2025-08-05 04:56,66.00,61.00,83.93,8.05,5000.00,M
OFK,2025-08-05 05:56,66.00,61.00,83.93,10.35,5000.00,M
OFK,2025-08-05 06:56,66.00,61.00,83.93,9.20,6000.00,M
OFK,2025-08-05 07:56,67.00,61.00,81.07,11.50,5500.00,M
OFK,2025-08-05 08:56,70.00,62.00,75.78,9.20,6000.00,M
OFK,2025-08-05 09:56,73.00,62.00,68.46,16.10,6000.00,M
OFK,2025-08-05 10:56,76.00,63.00,64.15,16.10,6500.00,M
OFK,2025-08-05 11:56,78.00,65.00,64.39,20.70,M,M
OFK,2025-08-05 12:56,80.00,67.00,64.63,20.70,M,29.90
OFK,2025-08-05 13:56,81.00,67.00,62.56,17.25,4600.00,32.20
OFK,2025-08-05 14:56,79.00,68.00,69.12,17.25,M,33.35
OFK,2025-08-05 15:56,78.00,68.00,71.43,16.10,M,29.90
OFK,2025-08-05 16:56,79.00,68.00,69.12,16.10,M,29.90
OFK,2025-08-05 17:56,79.00,68.00,69.12,16.10,M,M
OFK,2025-08-05 18:56,77.00,68.00,73.83,13.80,M,M
OFK,2025-08-05 19:56,75.00,67.00,76.23,13.80,7500.00,M
OFK,2025-08-05 20:56,74.00,67.00,78.82,17.25,9000.00,M
OFK,2025-08-05 21:56,74.00,66.00,76.14,19.55,M,29.90
OFK,2025-08-05 22:56,72.00,66.00,81.44,12.65,M,M
OFK,2025-08-05 23:56,72.00,66.00,81.44,13.80,8000.00,M
OFK,2025-08-06 00:56,72.00,65.00,78.66,13.80,9500.00,M
OFK,2025-08-06 01:56,72.00,65.00,78.66,11.50,10000.00,M
OFK,2025-08-06 02:56,71.00,65.00,81.37,11.50,8000.00,M
OFK,2025-08-06 03:56,72.00,64.00,75.96,16.10,M,M
OFK,2025-08-06 04:56,71.00,64.00,78.57,6.90,M,M
OFK,2025-08-06 05:56,70.00,63.00,78.49,14.95,2200.00,34.50
OFK,2025-08-06 06:07,67.00,61.00,81.07,24.15,1500.00,48.30
OFK,2025-08-06 06:16,66.00,61.00,83.93,31.05,1500.00,48.30
OFK,2025-08-06 06:26,64.00,62.00,93.22,25.30,1400.00,48.30
OFK,2025-08-06 06:37,64.00,62.00,93.22,13.80,3100.00,48.30
OFK,2025-08-06 06:56,64.00,62.00,93.22,18.40,3800.00,48.30
OFK,2025-08-06 07:06,64.00,62.00,93.22,17.25,1000.00,29.90
OFK,2025-08-06 07:16,65.00,62.00,90.02,11.50,1200.00,29.90
OFK,2025-08-06 07:56,65.00,63.00,93.24,11.50,M,29.90
OFK,2025-08-06 08:56,67.00,63.00,87.00,10.35,M,M
OFK,2025-08-06 09:56,69.00,64.00,84.12,12.65,M,M
OFK,2025-08-06 10:56,74.00,65.00,73.54,18.40,M,M
OFK,2025-08-06 11:56,78.00,65.00,64.39,18.40,M,32.20
OFK,2025-08-06 12:56,79.00,67.00,66.78,18.40,M,29.90
OFK,2025-08-06 13:56,82.00,68.00,62.69,13.80,M,M
OFK,2025-08-06 14:56,83.00,68.00,60.70,9.20,M,M
OFK,2025-08-06 15:56,84.00,69.00,60.82,6.90,M,M
OFK,2025-08-06 16:56,84.00,69.00,60.82,9.20,3800.00,M
OFK,2025-08-06 17:56,82.00,71.00,69.45,6.90,4100.00,M
OFK,2025-08-06 18:56,82.00,72.00,71.84,8.05,4400.00,M
OFK,2025-08-06 19:56,80.00,73.00,79.30,3.45,M,M
OFK,2025-08-06 20:56,78.00,73.00,84.67,5.75,4500.00,M
OFK,2025-08-06 21:56,76.00,73.00,90.46,4.60,4900.00,M
OFK,2025-08-06 22:56,76.00,73.00,90.46,6.90,3700.00,M
OFK,2025-08-06 23:56,76.00,72.00,87.46,5.75,4000.00,M
OFK,2025-08-07 00:56,75.00,71.00,87.41,6.90,4200.00,M
OFK,2025-08-07 01:56,74.00,71.00,90.38,3.45,6500.00,M
OFK,2025-08-07 02:56,73.00,70.00,90.34,5.75,6000.00,M
OFK,2025-08-07 03:56,73.00,71.00,93.47,3.45,5500.00,M
OFK,2025-08-07 04:56,72.00,70.00,93.44,5.75,M,M
OFK,2025-08-07 05:56,70.00,69.00,96.64,5.75,M,M
OFK,2025-08-07 06:56,69.00,69.00,100.00,6.90,M,M
OFK,2025-08-07 07:56,71.00,69.00,93.41,4.60,M,M
OFK,2025-08-07 08:56,75.00,70.00,84.49,3.45,M,M
OFK,2025-08-07 09:56,78.00,71.00,79.14,5.75,M,M
OFK,2025-08-07 10:38,79.00,72.00,79.22,10.35,1600.00,M
OFK,2025-08-07 10:56,78.00,72.00,81.86,8.05,1600.00,M
OFK,2025-08-07 11:56,80.00,73.00,79.30,10.35,1800.00,M
OFK,2025-08-07 12:56,82.00,73.00,74.31,14.95,1700.00,M
OFK,2025-08-07 13:23,83.00,73.00,71.94,14.95,1700.00,M
OFK,2025-08-07 13:56,84.00,74.00,72.04,14.95,1900.00,M
OFK,2025-08-07 14:56,85.00,74.00,69.77,16.10,2300.00,M
OFK,2025-08-07 15:56,86.00,75.00,69.88,13.80,2400.00,M
OFK,2025-08-07 16:56,86.00,75.00,69.88,11.50,M,M
OFK,2025-08-07 17:56,85.00,75.00,72.14,13.80,2500.00,M
OFK,2025-08-07 18:56,83.00,75.00,76.93,13.80,M,M
OFK,2025-08-07 19:56,81.00,73.00,76.76,10.35,M,M
OFK,2025-08-07 20:56,78.00,75.00,90.54,9.20,M,M
OFK,2025-08-07 21:56,76.00,74.00,93.55,10.35,M,M
OFK,2025-08-07 22:56,76.00,74.00,93.55,9.20,M,M
OFK,2025-08-07 23:56,75.00,74.00,96.71,9.20,M,M
OFK,2025-08-08 00:56,75.00,74.00,96.71,9.20,M,M
OFK,2025-08-08 01:56,75.00,74.00,96.71,10.35,M,M
OFK,2025-08-08 02:56,74.00,73.00,96.70,9.20,M,M
OFK,2025-08-08 03:56,74.00,72.00,93.49,8.05,M,M
OFK,2025-08-08 04:56,73.00,71.00,93.47,5.75,M,M
OFK,2025-08-08 05:56,72.00,70.00,93.44,6.90,M,M
OFK,2025-08-08 06:56,71.00,70.00,96.66,8.05,M,M
OFK,2025-08-08 07:56,74.00,70.00,87.36,9.20,M,M
OFK,2025-08-08 08:56,78.00,71.00,79.14,12.65,M,M
OFK,2025-08-08 09:56,81.00,70.00,69.34,11.50,M,M
OFK,2025-08-08 10:56,83.00,71.00,67.24,13.80,M,M
OFK,2025-08-08 11:56,84.00,72.00,67.36,12.65,M,M
OFK,2025-08-08 12:56,86.00,73.00,65.35,11.50,M,M
OFK,2025-08-08 13:56,87.00,74.00,65.47,6.90,M,M
OFK,2025-08-08 14:56,86.00,75.00,69.88,13.80,M,M
OFK,2025-08-08 15:56,89.00,76.00,65.70,10.35,M,M
OFK,2025-08-08 16:56,87.00,75.00,67.69,12.65,M,M
OFK,2025-08-08 17:56,88.00,75.00,65.59,10.35,M,M
OFK,2025-08-08 18:56,87.00,76.00,69.99,10.35,M,M
OFK,2025-08-08 19:56,85.00,76.00,74.59,4.60,M,M
OFK,2025-08-08 20:56,81.00,77.00,87.71,0.00,4800.00,M
OFK,2025-08-08 21:56,80.00,75.00,84.79,6.90,4700.00,M
OFK,2025-08-08 22:56,79.00,74.00,84.73,8.05,4800.00,M
OFK,2025-08-08 23:56,78.00,74.00,87.56,16.10,1300.00,M
OFK,2025-08-09 00:56,77.00,73.00,87.51,12.65,M,M
OFK,2025-08-09 01:56,76.00,72.00,87.46,3.45,11000.00,M
OFK,2025-08-09 02:56,74.00,72.00,93.49,4.60,M,M
OFK,2025-08-09 03:56,74.00,72.00,93.49,8.05,M,M
OFK,2025-08-09 04:56,74.00,71.00,90.38,19.55,1000.00,31.05
OFK,2025-08-09 05:06,74.00,71.00,90.38,13.80,1000.00,M
OFK,2025-08-09 05:19,74.00,71.00,90.38,12.65,1100.00,M
OFK,2025-08-09 05:56,73.00,71.00,93.47,6.90,1100.00,M
OFK,2025-08-09 06:15,73.00,71.00,93.47,6.90,1300.00,M
OFK,2025-08-09 06:56,72.00,71.00,96.67,11.50,M,M
OFK,2025-08-09 07:03,72.00,71.00,96.67,9.20,600.00,M
OFK,2025-08-09 07:12,73.00,71.00,93.47,13.80,600.00,M
OFK,2025-08-09 07:39,73.00,71.00,93.47,6.90,700.00,M
OFK,2025-08-09 07:56,73.00,71.00,93.47,8.05,M,M
OFK,2025-08-09 08:11,73.00,71.00,93.47,9.20,600.00,M
OFK,2025-08-09 08:26,73.00,71.00,93.47,6.90,600.00,M
OFK,2025-08-09 08:56,73.00,71.00,93.47,5.75,700.00,M
OFK,2025-08-09 09:56,73.00,71.00,93.47,12.65,700.00,M
OFK,2025-08-09 10:48,74.00,70.00,87.36,11.50,1200.00,M
OFK,2025-08-09 10:56,74.00,70.00,87.36,8.05,1200.00,M
OFK,2025-08-09 11:20,75.00,69.00,81.65,9.20,1600.00,M
OFK,2025-08-09 11:48,76.00,69.00,78.98,10.35,1800.00,M
OFK,2025-08-09 11:56,76.00,69.00,78.98,12.65,1800.00,M
OFK,2025-08-09 12:56,79.00,70.00,74.02,10.35,2100.00,M
OFK,2025-08-09 13:39,79.00,71.00,76.58,8.05,2100.00,M
OFK,2025-08-09 13:56,80.00,70.00,71.64,M,2300.00,M
OFK,2025-08-09 14:13,79.00,69.00,71.54,M,2300.00,M
OFK,2025-08-09 14:56,82.00,70.00,67.13,5.75,M,M
OFK,2025-08-09 15:56,83.00,71.00,67.24,6.90,2700.00,M
OFK,2025-08-09 16:56,82.00,71.00,69.45,3.45,2500.00,M
OFK,2025-08-09 17:56,83.00,72.00,69.56,5.75,2600.00,M
OFK,2025-08-09 18:56,81.00,72.00,74.21,5.75,M,M
OFK,2025-08-09 19:56,80.00,73.00,79.30,3.45,2600.00,M
OFK,2025-08-09 20:56,79.00,73.00,81.93,0.00,2300.00,M
OFK,2025-08-09 21:56,77.00,73.00,87.51,4.60,M,M
OFK,2025-08-09 22:56,75.00,73.00,93.52,3.45,8500.00,M
OFK,2025-08-09 23:56,75.00,73.00,93.52,6.90,M,M
OFK,2025-08-10 00:56,73.00,72.00,96.69,4.60,1800.00,M
OFK,2025-08-10 01:56,72.00,71.00,96.67,3.45,M,M
OFK,2025-08-10 02:56,73.00,71.00,93.47,5.75,9500.00,M
OFK,2025-08-10 03:56,72.00,72.00,100.00,0.00,2000.00,M
OFK,2025-08-10 04:10,72.00,72.00,100.00,4.60,12000.00,M
OFK,2025-08-10 04:56,72.00,72.00,100.00,5.75,9000.00,M
OFK,2025-08-10 05:27,72.00,72.00,100.00,6.90,200.00,M
OFK,2025-08-10 05:56,71.00,71.00,100.00,4.60,200.00,M
OFK,2025-08-10 06:46,70.00,70.00,100.00,3.45,M,M
OFK,2025-08-10 06:56,70.00,70.00,100.00,5.75,M,M
OFK,2025-08-10 07:01,70.00,70.00,100.00,5.75,M,M
OFK,2025-08-10 07:56,72.00,71.00,96.67,6.90,M,M
OFK,2025-08-10 08:56,73.00,71.00,93.47,5.75,1800.00,M
OFK,2025-08-10 09:26,74.00,71.00,90.38,8.05,1100.00,M
OFK,2025-08-10 09:42,75.00,71.00,87.41,11.50,1000.00,M
OFK,2025-08-10 09:56,75.00,70.00,84.49,9.20,1000.00,M
OFK,2025-08-10 10:48,76.00,69.00,78.98,10.35,1300.00,M
OFK,2025-08-10 10:56,77.00,69.00,76.41,13.80,1500.00,M
OFK,2025-08-10 11:56,78.00,68.00,71.43,11.50,2100.00,M
OFK,2025-08-10 12:56,79.00,64.00,60.17,11.50,M,M
OFK,2025-08-10 13:56,80.00,65.00,60.30,11.50,M,M
OFK,2025-08-10 14:56,81.00,62.00,52.55,9.20,M,M
OFK,2025-08-10 15:56,81.00,62.00,52.55,4.60,M,M
OFK,2025-08-10 16:56,81.00,63.00,54.43,4.60,M,M
OFK,2025-08-10 17:56,80.00,62.00,54.29,5.75,M,M
OFK,2025-08-10 18:56,80.00,62.00,54.29,4.60,M,M
OFK,2025-08-10 19:56,77.00,63.00,62.06,5.75,M,M
OFK,2025-08-10 20:56,74.00,64.00,71.02,3.45,M,M
OFK,2025-08-10 21:56,69.00,65.00,87.10,0.00,M,M
OFK,2025-08-10 22:56,66.00,64.00,93.27,0.00,M,M
OFK,2025-08-10 23:56,65.00,63.00,93.24,0.00,M,M
OFK,2025-08-11 00:56,65.00,64.00,96.57,0.00,M,M
OFK,2025-08-11 01:56,63.00,62.00,96.54,0.00,M,M
OFK,2025-08-11 02:56,61.00,61.00,100.00,0.00,M,M
OFK,2025-08-11 03:20,61.00,61.00,100.00,0.00,M,M
OFK,2025-08-11 03:28,61.00,61.00,100.00,0.00,M,M
OFK,2025-08-11 03:40,62.00,62.00,100.00,3.45,M,M
OFK,2025-08-11 03:56,61.00,60.00,96.51,0.00,M,M
OFK,2025-08-11 04:56,62.00,61.00,96.53,0.00,M,M
OFK,2025-08-11 05:56,60.00,60.00,100.00,3.45,M,M
OFK,2025-08-11 06:56,61.00,61.00,100.00,0.00,M,M
OFK,2025-08-11 07:56,64.00,63.00,96.56,0.00,M,M
OFK,2025-08-11 08:56,66.00,65.00,96.59,0.00,M,M
OFK,2025-08-11 09:56,69.00,65.00,87.10,0.00,M,M
OFK,2025-08-11 10:56,74.00,65.00,73.54,4.60,M,M
OFK,2025-08-11 11:56,77.00,61.00,57.83,3.45,M,M
OFK,2025-08-11 12:56,78.00,58.00,50.27,0.00,M,M
OFK,2025-08-11 13:56,80.00,60.00,50.57,4.60,M,M
OFK,2025-08-11 14:56,78.00,60.00,54.00,8.05,M,M
OFK,2025-08-11 15:56,78.00,63.00,60.04,8.05,M,M
OFK,2025-08-11 16:56,78.00,63.00,60.04,6.90,M,M
OFK,2025-08-11 17:56,78.00,57.00,48.50,5.75,M,M
OFK,2025-08-11 18:56,76.00,60.00,57.69,3.45,M,M
OFK,2025-08-11 19:56,73.00,66.00,78.74,0.00,M,M
OFK,2025-08-11 20:56,67.00,62.00,83.99,0.00,M,M
OFK,2025-08-11 21:56,64.00,62.00,93.22,0.00,M,M
OFK,2025-08-11 22:56,63.00,61.00,93.19,3.45,M,M
OFK,2025-08-11 23:56,61.00,60.00,96.51,0.00,M,M
OFK,2025-08-12 00:56,62.00,61.00,96.53,0.00,M,M
OFK,2025-08-12 01:56,62.00,61.00,96.53,0.00,M,M
OFK,2025-08-12 02:51,60.80,60.80,100.00,4.60,M,M
OFK,2025-08-12 02:56,61.00,61.00,100.00,4.60,M,M
OFK,2025-08-12 03:32,62.00,62.00,100.00,3.45,M,M
OFK,2025-08-12 03:56,61.00,60.00,96.51,0.00,M,M
OFK,2025-08-12 04:10,61.00,60.00,96.51,4.60,M,M
OFK,2025-08-12 04:33,60.00,60.00,100.00,0.00,M,M
OFK,2025-08-12 04:56,60.00,60.00,100.00,0.00,M,M
OFK,2025-08-12 05:06,59.00,59.00,100.00,0.00,M,M
OFK,2025-08-12 05:35,59.00,59.00,100.00,3.45,M,M
OFK,2025-08-12 05:47,59.00,59.00,100.00,4.60,M,M
OFK,2025-08-12 05:56,59.00,59.00,100.00,0.00,M,M
OFK,2025-08-12 06:25,59.00,59.00,100.00,3.45,M,M
OFK,2025-08-12 06:37,59.00,59.00,100.00,3.45,M,M
OFK,2025-08-12 06:53,59.00,59.00,100.00,3.45,M,M
OFK,2025-08-12 06:56,59.00,59.00,100.00,3.45,M,M
OFK,2025-08-12 07:05,60.00,59.00,96.50,4.60,M,M
OFK,2025-08-12 07:15,60.00,59.00,96.50,5.75,M,M
OFK,2025-08-12 07:31,62.00,61.00,96.53,4.60,M,M
OFK,2025-08-12 07:56,64.00,63.00,96.56,0.00,M,M
OFK,2025-08-12 08:56,68.00,64.00,87.05,4.60,11000.00,M
OFK,2025-08-12 09:56,72.00,65.00,78.66,8.05,M,M
OFK,2025-08-12 10:56,76.00,65.00,68.79,9.20,M,M
OFK,2025-08-12 11:56,80.00,65.00,60.30,10.35,M,M
OFK,2025-08-12 12:56,82.00,64.00,54.57,12.65,4100.00,M
OFK,2025-08-12 13:56,82.00,61.00,49.10,16.10,M,M
OFK,2025-08-12 14:56,83.00,61.00,47.54,12.65,5000.00,M
OFK,2025-08-12 15:56,83.00,60.00,45.88,9.20,M,M
OFK,2025-08-12 16:56,83.00,60.00,45.88,10.35,M,M
OFK,2025-08-12 17:56,82.00,58.00,44.12,4.60,M,M
OFK,2025-08-12 18:56,81.00,60.00,48.95,5.75,M,M
OFK,2025-08-12 19:56,77.00,61.00,57.83,4.60,M,M
OFK,2025-08-12 20:56,70.00,63.00,78.49,3.45,M,M
OFK,2025-08-12 21:56,68.00,62.00,81.15,3.45,M,M
OFK,2025-08-12 22:56,65.00,62.00,90.02,4.60,M,M
OFK,2025-08-12 23:56,65.00,62.00,90.02,0.00,M,M
OFK,2025-08-13 00:56,64.00,61.00,89.98,0.00,M,M
OFK,2025-08-13 01:56,62.00,61.00,96.53,0.00,M,M
OFK,2025-08-13 02:56,62.00,61.00,96.53,3.45,M,M
OFK,2025-08-13 03:56,61.00,60.00,96.51,0.00,M,M
OFK,2025-08-13 04:56,60.00,59.00,96.50,0.00,M,M
OFK,2025-08-13 05:56,59.00,58.00,96.48,3.45,M,M
OFK,2025-08-13 06:56,61.00,60.00,96.51,4.60,M,M
OFK,2025-08-13 07:56,65.00,62.00,90.02,0.00,M,M
OFK,2025-08-13 08:56,71.00,64.00,78.57,6.90,M,M
OFK,2025-08-13 09:56,76.00,65.00,68.79,10.35,M,M
OFK,2025-08-13 10:56,79.00,67.00,66.78,11.50,M,M
OFK,2025-08-13 11:56,81.00,68.00,64.76,16.10,M,M
OFK,2025-08-13 12:56,82.00,70.00,67.13,10.35,M,M
OFK,2025-08-13 13:56,83.00,70.00,65.00,14.95,2900.00,M
OFK,2025-08-13 14:56,85.00,70.00,60.95,19.55,3400.00,M
OFK,2025-08-13 15:56,85.00,69.00,58.91,14.95,M,M
OFK,2025-08-13 16:56,85.00,69.00,58.91,14.95,3700.00,M
OFK,2025-08-13 17:56,85.00,69.00,58.91,16.10,3700.00,M
OFK,2025-08-13 18:56,83.00,70.00,65.00,13.80,M,M
OFK,2025-08-13 19:56,80.00,69.00,69.23,12.65,M,M
OFK,2025-08-13 20:56,76.00,69.00,78.98,9.20,M,M
OFK,2025-08-13 21:56,73.00,68.00,84.37,5.75,M,M
OFK,2025-08-13 22:56,72.00,69.00,90.30,5.75,M,M
OFK,2025-08-13 23:56,73.00,69.00,87.31,9.20,M,M
OFK,2025-08-14 00:56,73.00,69.00,87.31,10.35,M,M
OFK,2025-08-14 01:56,72.00,69.00,90.30,12.65,5000.00,M
OFK,2025-08-14 02:37,68.00,64.00,87.05,9.20,8500.00,29.90
OFK,2025-08-14 02:56,68.00,64.00,87.05,11.50,8000.00,29.90
OFK,2025-08-14 03:40,66.00,64.00,93.27,17.25,8500.00,M
OFK,2025-08-14 03:56,66.00,63.00,90.06,13.80,11000.00,31.05
OFK,2025-08-14 04:01,66.00,63.00,90.06,25.30,11000.00,34.50
OFK,2025-08-14 04:56,67.00,63.00,87.00,8.05,M,34.50
OFK,2025-08-14 05:54,68.00,62.60,82.88,8.05,M,M
OFK,2025-08-14 05:56,68.00,62.00,81.15,9.20,M,M
OFK,2025-08-14 06:09,68.00,62.00,81.15,5.75,M,M
OFK,2025-08-14 06:56,67.00,63.00,87.00,13.80,4700.00,M
OFK,2025-08-14 07:09,67.00,63.00,87.00,10.35,4700.00,M
OFK,2025-08-14 07:12,67.00,63.00,87.00,11.50,4700.00,M
OFK,2025-08-14 07:26,69.00,64.00,84.12,20.70,5500.00,M
OFK,2025-08-14 07:33,69.00,64.00,84.12,19.55,6000.00,M
OFK,2025-08-14 07:53,69.80,64.40,83.00,16.10,6000.00,M
OFK,2025-08-14 07:56,70.00,65.00,84.18,17.25,5500.00,M
OFK,2025-08-14 08:12,71.00,66.00,84.24,16.10,6000.00,M
OFK,2025-08-14 08:56,72.00,66.00,81.44,16.10,12000.00,M
OFK,2025-08-14 09:56,74.00,67.00,78.82,19.55,11000.00,M
OFK,2025-08-14 10:56,78.00,70.00,76.49,19.55,11000.00,M
OFK,2025-08-14 11:56,82.00,70.00,67.13,18.40,M,33.35
OFK,2025-08-14 12:56,84.00,71.00,65.11,19.55,M,34.50
OFK,2025-08-14 13:56,86.00,72.00,63.19,18.40,M,32.20
OFK,2025-08-14 14:56,86.00,72.00,63.19,13.80,3900.00,34.50
OFK,2025-08-14 15:56,86.00,72.00,63.19,17.25,3800.00,33.35
OFK,2025-08-14 16:56,87.00,72.00,61.21,17.25,M,32.20
OFK,2025-08-14 17:56,87.00,73.00,63.31,14.95,M,M
OFK,2025-08-14 18:56,86.00,73.00,65.35,12.65,M,M
OFK,2025-08-14 19:56,83.00,73.00,71.94,9.20,M,M
OFK,2025-08-14 20:56,80.00,72.00,76.67,9.20,M,M
OFK,2025-08-14 21:56,77.00,72.00,84.61,9.20,M,M
OFK,2025-08-14 22:56,76.00,72.00,87.46,9.20,M,M
OFK,2025-08-14 23:56,75.00,71.00,87.41,9.20,M,M
OFK,2025-08-15 00:56,74.00,71.00,90.38,8.05,M,M
OFK,2025-08-15 01:56,74.00,70.00,87.36,10.35,M,M
OFK,2025-08-15 02:56,74.00,70.00,87.36,9.20,M,M
OFK,2025-08-15 03:56,75.00,70.00,84.49,12.65,9000.00,M
OFK,2025-08-15 04:56,76.00,69.00,78.98,11.50,10000.00,M
OFK,2025-08-15 05:56,75.00,69.00,81.65,11.50,M,M
OFK,2025-08-15 06:56,74.00,69.00,84.43,6.90,M,M
OFK,2025-08-15 07:56,76.00,70.00,81.72,10.35,M,M
OFK,2025-08-15 08:56,77.00,70.00,79.06,3.45,M,M
OFK,2025-08-15 09:56,77.00,71.00,81.79,10.35,M,M
OFK,2025-08-15 10:56,81.00,72.00,74.21,12.65,M,M
OFK,2025-08-15 11:56,85.00,74.00,69.77,9.20,M,M
OFK,2025-08-15 12:56,84.00,74.00,72.04,4.60,M,M
OFK,2025-08-15 13:56,87.00,76.00,69.99,6.90,M,M
OFK,2025-08-15 14:56,88.00,76.00,67.81,9.20,M,M
OFK,2025-08-15 15:56,88.00,76.00,67.81,10.35,M,M
OFK,2025-08-15 16:56,88.00,76.00,67.81,10.35,M,M
OFK,2025-08-15 17:56,86.00,77.00,74.68,5.75,M,M
OFK,2025-08-15 18:56,88.00,77.00,70.09,5.75,M,M
OFK,2025-08-15 19:56,84.00,79.00,85.03,4.60,M,M
OFK,2025-08-15 20:56,81.00,78.00,90.65,4.60,M,M
OFK,2025-08-15 21:56,80.00,78.00,93.65,8.05,M,M
OFK,2025-08-15 22:56,81.00,75.00,82.07,12.65,M,M
OFK,2025-08-15 23:56,80.00,74.00,82.00,12.65,M,M
OFK,2025-08-16 00:56,78.00,73.00,84.67,11.50,M,M
OFK,2025-08-16 01:56,78.00,72.00,81.86,11.50,M,M
OFK,2025-08-16 02:56,77.00,71.00,81.79,11.50,M,M
OFK,2025-08-16 03:56,77.00,71.00,81.79,16.10,M,M
OFK,2025-08-16 04:56,76.00,71.00,84.55,6.90,M,M
OFK,2025-08-16 05:56,75.00,71.00,87.41,3.45,1800.00,M
OFK,2025-08-16 06:56,73.00,71.00,93.47,5.75,M,M
OFK,2025-08-16 07:56,74.00,71.00,90.38,8.05,M,M
OFK,2025-08-16 08:56,77.00,72.00,84.61,9.20,M,M
OFK,2025-08-16 09:56,81.00,71.00,71.74,11.50,M,M
OFK,2025-08-16 10:56,83.00,71.00,67.24,13.80,M,M
OFK,2025-08-16 11:56,86.00,72.00,63.19,13.80,M,M
OFK,2025-08-16 12:56,89.00,73.00,59.44,14.95,M,M
OFK,2025-08-16 13:56,89.00,74.00,61.46,17.25,M,M
OFK,2025-08-16 14:56,92.00,75.00,57.87,13.80,M,M
OFK,2025-08-16 15:56,92.00,75.00,57.87,18.40,M,M
OFK,2025-08-16 16:56,92.00,76.00,59.83,12.65,M,M
OFK,2025-08-16 17:56,91.00,75.00,59.70,13.80,M,M
OFK,2025-08-16 18:56,88.00,75.00,65.59,10.35,M,M
OFK,2025-08-16 19:56,84.00,76.00,77.01,8.05,M,M
OFK,2025-08-16 20:56,82.00,75.00,79.45,8.05,M,M
OFK,2025-08-16 21:56,82.00,73.00,74.31,13.80,M,M
OFK,2025-08-16 22:56,80.00,72.00,76.67,13.80,M,M
OFK,2025-08-16 23:56,80.00,72.00,76.67,13.80,M,M
OFK,2025-08-17 00:56,79.00,71.00,76.58,13.80,M,M
OFK,2025-08-17 01:56,79.00,70.00,74.02,14.95,M,M
OFK,2025-08-17 02:56,77.00,69.00,76.41,16.10,M,M
OFK,2025-08-17 03:56,75.00,69.00,81.65,12.65,M,M
OFK,2025-08-17 04:56,75.00,68.00,78.90,11.50,10000.00,M
OFK,2025-08-17 05:56,73.00,68.00,84.37,3.45,M,M
OFK,2025-08-17 06:56,73.00,68.00,84.37,4.60,10000.00,M
OFK,2025-08-17 07:56,76.00,69.00,78.98,5.75,M,M
OFK,2025-08-17 08:56,79.00,69.00,71.54,5.75,M,M
OFK,2025-08-17 09:56,81.00,70.00,69.34,9.20,M,M
OFK,2025-08-17 10:56,84.00,72.00,67.36,11.50,M,M
OFK,2025-08-17 11:56,86.00,73.00,65.35,10.35,M,M
OFK,2025-08-17 12:56,87.00,74.00,65.47,8.05,3000.00,M
OFK,2025-08-17 13:56,86.00,68.00,55.13,0.00,3400.00,M
OFK,2025-08-17 14:56,87.00,74.00,65.47,5.75,10000.00,M
OFK,2025-08-17 15:56,87.00,77.00,72.34,9.20,9500.00,M
OFK,2025-08-17 16:56,89.00,74.00,61.46,12.65,M,M
OFK,2025-08-17 17:56,87.00,73.00,63.31,8.05,11000.00,M
OFK,2025-08-17 18:56,88.00,74.00,63.43,10.35,11000.00,M
OFK,2025-08-17 19:56,84.00,75.00,74.49,6.90,M,M
OFK,2025-08-17 20:56,80.00,75.00,84.79,6.90,M,M
OFK,2025-08-17 21:56,79.00,74.00,84.73,5.75,M,M
OFK,2025-08-17 22:56,77.00,74.00,90.50,4.60,M,M
OFK,2025-08-17 23:56,78.00,73.00,84.67,5.75,M,M
OFK,2025-08-18 00:56,78.00,72.00,81.86,9.20,8000.00,M
OFK,2025-08-18 01:56,78.00,68.00,71.43,11.50,2200.00,M
OFK,2025-08-18 02:23,71.00,65.00,81.37,24.15,3000.00,39.10
OFK,2025-08-18 02:29,69.00,65.00,87.10,19.55,2800.00,39.10
OFK,2025-08-18 02:48,67.00,66.00,96.60,9.20,2700.00,39.10
OFK,2025-08-18 02:56,68.00,66.00,93.33,6.90,2500.00,39.10
OFK,2025-08-18 03:12,68.00,66.00,93.33,9.20,6000.00,M
OFK,2025-08-18 03:50,68.00,66.20,93.98,4.60,7000.00,M
OFK,2025-08-18 03:56,68.00,66.00,93.33,8.05,3400.00,M
OFK,2025-08-18 04:09,68.00,67.00,96.61,9.20,3400.00,M
OFK,2025-08-18 04:25,68.00,66.00,93.33,9.20,7000.00,M
OFK,2025-08-18 04:56,68.00,66.00,93.33,6.90,6500.00,M
OFK,2025-08-18 05:56,68.00,67.00,96.61,9.20,8500.00,M
OFK,2025-08-18 06:56,68.00,67.00,96.61,5.75,M,M
OFK,2025-08-18 07:56,69.00,67.00,93.36,0.00,M,M
OFK,2025-08-18 08:56,71.00,68.00,90.26,0.00,M,M
OFK,2025-08-18 09:56,76.00,68.00,76.32,4.60,M,M
OFK,2025-08-18 10:56,78.00,69.00,73.93,5.75,M,M
OFK,2025-08-18 11:56,80.00,71.00,74.12,4.60,M,M
OFK,2025-08-18 12:56,82.00,71.00,69.45,5.75,M,M
OFK,2025-08-18 13:56,84.00,72.00,67.36,4.60,M,M
OFK,2025-08-18 14:56,85.00,72.00,65.23,5.75,M,M
OFK,2025-08-18 15:56,86.00,72.00,63.19,0.00,M,M
OFK,2025-08-18 16:56,87.00,71.00,59.17,3.45,M,M
OFK,2025-08-18 17:56,87.00,72.00,61.21,0.00,M,M
OFK,2025-08-18 18:56,85.00,74.00,69.77,5.75,M,M
OFK,2025-08-18 19:56,82.00,75.00,79.45,4.60,M,M
OFK,2025-08-18 20:56,79.00,74.00,84.73,3.45,M,M
OFK,2025-08-18 21:56,74.00,73.00,96.70,3.45,M,M
OFK,2025-08-18 22:56,73.00,72.00,96.69,4.60,M,M
OFK,2025-08-18 23:56,74.00,72.00,93.49,0.00,M,M
OFK,2025-08-19 00:56,73.00,72.00,96.69,3.45,M,M
OFK,2025-08-19 01:56,71.00,71.00,100.00,0.00,M,M
OFK,2025-08-19 02:04,71.00,71.00,100.00,4.60,200.00,M
OFK,2025-08-19 02:06,71.00,71.00,100.00,4.60,200.00,M
OFK,2025-08-19 02:15,71.00,70.00,96.66,4.60,200.00,M
OFK,2025-08-19 02:17,70.00,70.00,100.00,0.00,200.00,M
OFK,2025-08-19 02:49,71.00,70.00,96.66,3.45,100.00,M
OFK,2025-08-19 02:56,70.00,70.00,100.00,0.00,200.00,M
OFK,2025-08-19 03:00,70.00,70.00,100.00,0.00,200.00,M
OFK,2025-08-19 03:19,71.00,71.00,100.00,0.00,100.00,M
OFK,2025-08-19 03:51,71.60,71.60,100.00,0.00,200.00,M
OFK,2025-08-19 03:56,71.00,71.00,100.00,0.00,200.00,M
OFK,2025-08-19 04:07,70.00,70.00,100.00,0.00,200.00,M
OFK,2025-08-19 04:56,69.00,69.00,100.00,0.00,200.00,M
OFK,2025-08-19 05:08,69.00,69.00,100.00,5.75,300.00,M
OFK,2025-08-19 05:21,69.00,69.00,100.00,0.00,300.00,M
OFK,2025-08-19 05:31,69.00,69.00,100.00,4.60,200.00,M
OFK,2025-08-19 05:44,69.00,69.00,100.00,0.00,300.00,M
OFK,2025-08-19 05:49,69.00,69.00,100.00,0.00,300.00,M
OFK,2025-08-19 05:56,69.00,69.00,100.00,0.00,300.00,M
OFK,2025-08-19 05:59,69.00,69.00,100.00,3.45,300.00,M
OFK,2025-08-19 06:13,68.00,68.00,100.00,0.00,300.00,M
OFK,2025-08-19 06:17,68.00,68.00,100.00,0.00,300.00,M
OFK,2025-08-19 06:24,68.00,68.00,100.00,0.00,200.00,M
OFK,2025-08-19 06:41,68.00,68.00,100.00,0.00,200.00,M
OFK,2025-08-19 06:56,68.00,68.00,100.00,3.45,200.00,M
OFK,2025-08-19 07:13,69.00,69.00,100.00,4.60,200.00,M
OFK,2025-08-19 07:29,69.00,69.00,100.00,4.60,200.00,M
OFK,2025-08-19 07:56,70.00,70.00,100.00,3.45,200.00,M
OFK,2025-08-19 08:56,72.00,72.00,100.00,0.00,200.00,M
OFK,2025-08-19 09:49,74.00,73.00,96.70,0.00,200.00,M
OFK,2025-08-19 09:56,74.00,73.00,96.70,0.00,200.00,M
OFK,2025-08-19 10:14,75.00,75.00,100.00,0.00,200.00,M
OFK,2025-08-19 10:22,75.00,75.00,100.00,0.00,200.00,M
OFK,2025-08-19 10:31,75.00,75.00,100.00,0.00,200.00,M
OFK,2025-08-19 10:47,76.00,75.00,96.73,0.00,300.00,M
OFK,2025-08-19 10:54,75.20,75.20,100.00,3.45,800.00,M
OFK,2025-08-19 10:56,76.00,75.00,96.73,0.00,800.00,M
OFK,2025-08-19 11:11,76.00,75.00,96.73,4.60,800.00,M
OFK,2025-08-19 11:56,82.00,73.00,74.31,M,M,M
OFK,2025-08-19 12:56,85.00,73.00,67.47,5.75,M,M
OFK,2025-08-19 13:56,85.00,71.00,63.06,0.00,3100.00,M
OFK,2025-08-19 14:56,87.00,73.00,63.31,5.75,3300.00,M
OFK,2025-08-19 15:56,85.00,71.00,63.06,5.75,M,M
OFK,2025-08-19 16:56,87.00,71.00,59.17,5.75,M,M
OFK,2025-08-19 17:56,85.00,73.00,67.47,5.75,M,M
OFK,2025-08-19 18:56,85.00,72.00,65.23,4.60,M,M
OFK,2025-08-19 19:56,82.00,73.00,74.31,3.45,M,M
OFK,2025-08-19 20:56,76.00,73.00,90.46,3.45,M,M
OFK,2025-08-19 21:56,75.00,72.00,90.42,3.45,M,M
OFK,2025-08-19 22:56,74.00,72.00,93.49,0.00,M,M
OFK,2025-08-19 23:56,72.00,70.00,93.44,0.00,M,M
OFK,2025-08-20 00:56,71.00,70.00,96.66,0.00,M,M
OFK,2025-08-20 01:38,70.00,70.00,100.00,0.00,M,M
OFK,2025-08-20 01:54,69.80,69.80,100.00,0.00,M,M
OFK,2025-08-20 01:56,70.00,70.00,100.00,0.00,M,M
OFK,2025-08-20 02:27,70.00,69.00,96.64,0.00,M,M
OFK,2025-08-20 02:47,69.00,69.00,100.00,0.00,M,M
OFK,2025-08-20 02:56,70.00,69.00,96.64,0.00,M,M
OFK,2025-08-20 03:49,69.00,69.00,100.00,0.00,M,M
OFK,2025-08-20 03:56,69.00,69.00,100.00,0.00,M,M
OFK,2025-08-20 04:14,68.00,68.00,100.00,0.00,M,M
OFK,2025-08-20 04:25,67.00,67.00,100.00,0.00,200.00,M
OFK,2025-08-20 04:53,66.20,66.20,100.00,0.00,100.00,M
OFK,2025-08-20 04:54,67.00,67.00,100.00,0.00,100.00,M
OFK,2025-08-20 05:22,67.00,67.00,100.00,0.00,100.00,M
OFK,2025-08-20 05:47,67.00,66.00,96.60,0.00,100.00,M
OFK,2025-08-20 05:56,67.00,67.00,100.00,0.00,100.00,M
OFK,2025-08-20 06:11,67.00,67.00,100.00,0.00,100.00,M
OFK,2025-08-20 06:56,67.00,67.00,100.00,3.45,200.00,M
OFK,2025-08-20 07:17,67.00,67.00,100.00,0.00,100.00,M
OFK,2025-08-20 07:30,67.00,67.00,100.00,0.00,100.00,M
OFK,2025-08-20 07:45,68.00,68.00,100.00,0.00,100.00,M
OFK,2025-08-20 07:49,69.00,69.00,100.00,0.00,200.00,M
OFK,2025-08-20 07:56,69.00,69.00,100.00,0.00,200.00,M
OFK,2025-08-20 08:10,70.00,70.00,100.00,0.00,200.00,M
OFK,2025-08-20 08:20,71.00,71.00,100.00,0.00,200.00,M
OFK,2025-08-20 08:33,72.00,71.00,96.67,0.00,200.00,M
OFK,2025-08-20 08:56,73.00,72.00,96.69,0.00,M,M
OFK,2025-08-20 09:56,80.00,73.00,79.30,0.00,M,M
OFK,2025-08-20 10:56,82.00,71.00,69.45,0.00,2400.00,M
OFK,2025-08-20 11:10,82.00,72.00,71.84,5.75,2400.00,M
OFK,2025-08-20 11:56,85.00,69.00,58.91,6.90,3200.00,M
OFK,2025-08-20 12:56,86.00,69.00,57.06,5.75,M,M
OFK,2025-08-20 13:56,86.00,68.00,55.13,0.00,4000.00,M
OFK,2025-08-20 14:56,87.00,71.00,59.17,5.75,4200.00,M
OFK,2025-08-20 15:56,88.00,68.00,51.75,5.75,4700.00,M
OFK,2025-08-20 16:56,87.00,68.00,53.41,6.90,M,M
OFK,2025-08-20 17:56,86.00,69.00,57.06,6.90,M,M
OFK,2025-08-20 18:56,85.00,69.00,58.91,5.75,M,M
OFK,2025-08-20 19:56,82.00,71.00,69.45,3.45,4400.00,M
OFK,2025-08-20 20:56,77.00,70.00,79.06,4.60,M,M
OFK,2025-08-20 21:56,74.00,70.00,87.36,3.45,M,M
OFK,2025-08-20 22:56,73.00,70.00,90.34,5.75,M,M
OFK,2025-08-20 23:56,72.00,70.00,93.44,6.90,M,M
OFK,2025-08-21 00:56,70.00,69.00,96.64,5.75,M,M
OFK,2025-08-21 01:56,69.00,67.00,93.36,6.90,M,M
OFK,2025-08-21 02:56,68.00,66.00,93.33,4.60,M,M
OFK,2025-08-21 03:56,67.00,65.00,93.30,0.00,M,M
OFK,2025-08-21 04:56,65.00,63.00,93.24,3.45,M,M
OFK,2025-08-21 05:56,64.00,63.00,96.56,3.45,M,M
OFK,2025-08-21 06:56,64.00,63.00,96.56,0.00,M,M
OFK,2025-08-21 07:56,69.00,66.00,90.18,4.60,M,M
OFK,2025-08-21 08:56,73.00,67.00,81.51,8.05,M,M
OFK,2025-08-21 09:56,77.00,69.00,76.41,6.90,M,M
OFK,2025-08-21 10:56,81.00,70.00,69.34,6.90,M,M
OFK,2025-08-21 11:56,84.00,71.00,65.11,10.35,M,M
OFK,2025-08-21 12:56,85.00,72.00,65.23,8.05,M,M
OFK,2025-08-21 13:56,86.00,72.00,63.19,6.90,3300.00,M
OFK,2025-08-21 14:56,85.00,72.00,65.23,10.35,3500.00,M
OFK,2025-08-21 15:56,87.00,71.00,59.17,8.05,4000.00,M
OFK,2025-08-21 16:56,87.00,71.00,59.17,8.05,M,M
OFK,2025-08-21 17:56,87.00,70.00,57.19,9.20,4000.00,M
OFK,2025-08-21 18:56,85.00,71.00,63.06,8.05,M,M
OFK,2025-08-21 19:56,81.00,72.00,74.21,9.20,M,M
OFK,2025-08-21 20:56,78.00,71.00,79.14,8.05,M,M
OFK,2025-08-21 21:56,76.00,70.00,81.72,6.90,M,M
OFK,2025-08-21 22:56,74.00,70.00,87.36,8.05,M,M
OFK,2025-08-21 23:56,73.00,69.00,87.31,5.75,M,M
OFK,2025-08-22 00:56,71.00,68.00,90.26,5.75,M,M
OFK,2025-08-22 01:56,70.00,67.00,90.22,8.05,M,M
OFK,2025-08-22 02:56,70.00,67.00,90.22,5.75,M,M
OFK,2025-08-22 03:56,68.00,66.00,93.33,4.60,M,M
OFK,2025-08-22 04:56,67.00,66.00,96.60,4.60,6500.00,M
OFK,2025-08-22 05:56,68.00,66.00,93.33,4.60,7000.00,M
OFK,2025-08-22 06:56,67.00,65.00,93.30,4.60,M,M
OFK,2025-08-22 07:56,70.00,66.00,87.16,9.20,M,M
OFK,2025-08-22 08:56,71.00,66.00,84.24,9.20,M,M
OFK,2025-08-22 09:56,75.00,67.00,76.23,6.90,M,M
OFK,2025-08-22 10:56,77.00,68.00,73.83,10.35,7000.00,M
OFK,2025-08-22 11:56,81.00,68.00,64.76,8.05,M,M
OFK,2025-08-22 12:56,82.00,70.00,67.13,3.45,M,M
OFK,2025-08-22 13:56,80.00,71.00,74.12,6.90,3700.00,M
OFK,2025-08-22 14:46,78.00,69.00,73.93,11.50,2500.00,M
OFK,2025-08-22 14:56,77.00,69.00,76.41,10.35,2500.00,M
OFK,2025-08-22 15:56,76.00,71.00,84.55,10.35,2200.00,M
OFK,2025-08-22 16:12,78.00,71.00,79.14,6.90,9500.00,M
OFK,2025-08-22 16:56,81.00,72.00,74.21,13.80,2000.00,M
OFK,2025-08-22 17:32,78.00,70.00,76.49,10.35,1800.00,M
OFK,2025-08-22 17:56,79.00,70.00,74.02,9.20,2300.00,M
OFK,2025-08-22 18:40,77.00,69.00,76.41,10.35,2200.00,M
OFK,2025-08-22 18:56,77.00,68.00,73.83,10.35,3400.00,M
OFK,2025-08-22 19:56,75.00,69.00,81.65,6.90,M,M
OFK,2025-08-22 20:56,73.00,69.00,87.31,6.90,2200.00,M
OFK,2025-08-22 21:56,71.00,68.00,90.26,5.75,M,M
OFK,2025-08-22 22:56,68.00,67.00,96.61,4.60,M,M
OFK,2025-08-22 23:56,66.00,65.00,96.59,3.45,M,M
OFK,2025-08-23 00:56,65.00,64.00,96.57,3.45,M,M
OFK,2025-08-23 01:56,65.00,64.00,96.57,3.45,M,M
OFK,2025-08-23 02:56,65.00,64.00,96.57,5.75,M,M
OFK,2025-08-23 03:56,64.00,64.00,100.00,8.05,2200.00,M
OFK,2025-08-23 04:56,63.00,57.00,80.77,10.35,M,M
OFK,2025-08-23 05:56,61.00,56.00,83.60,6.90,M,M
OFK,2025-08-23 06:56,59.00,54.00,83.47,9.20,12000.00,M
OFK,2025-08-23 07:56,60.00,54.00,80.54,13.80,M,M
OFK,2025-08-23 08:56,63.00,53.00,69.83,16.10,M,M
OFK,2025-08-23 09:56,65.00,52.00,62.76,16.10,M,M
OFK,2025-08-23 10:56,68.00,51.00,54.53,13.80,M,M
OFK,2025-08-23 11:56,70.00,50.00,49.06,20.70,M,29.90
OFK,2025-08-23 12:56,71.00,51.00,49.22,16.10,M,M
OFK,2025-08-23 13:56,72.00,52.00,49.37,14.95,M,M
OFK,2025-08-23 14:56,74.00,52.00,46.16,11.50,M,M
OFK,2025-08-23 15:56,74.00,51.00,44.48,12.65,M,M
OFK,2025-08-23 16:56,75.00,52.00,44.64,12.65,M,M
OFK,2025-08-23 17:56,73.00,52.00,47.73,12.65,M,M
OFK,2025-08-23 18:56,72.00,52.00,49.37,6.90,M,M
OFK,2025-08-23 19:56,68.00,53.00,58.70,5.75,M,M
OFK,2025-08-23 20:56,64.00,53.00,67.43,4.60,M,M
OFK,2025-08-23 21:56,62.00,54.00,75.03,0.00,M,M
OFK,2025-08-23 22:56,56.00,53.00,89.64,0.00,M,M
OFK,2025-08-23 23:56,56.00,53.00,89.64,0.00,M,M
OFK,2025-08-24 00:56,56.00,53.00,89.64,0.00,11000.00,M
OFK,2025-08-24 01:56,58.00,55.00,89.73,4.60,9000.00,M
OFK,2025-08-24 02:56,57.00,55.00,93.01,3.45,9000.00,M
OFK,2025-08-24 03:56,58.00,55.00,89.73,0.00,9000.00,M
OFK,2025-08-24 04:56,59.00,56.00,89.77,0.00,9000.00,M
OFK,2025-08-24 05:56,58.00,56.00,93.04,3.45,8500.00,M
OFK,2025-08-24 06:56,58.00,56.00,93.04,0.00,8500.00,M
OFK,2025-08-24 07:56,60.00,57.00,89.81,4.60,9000.00,M
OFK,2025-08-24 08:56,64.00,56.00,75.22,3.45,M,M
OFK,2025-08-24 09:56,67.00,54.00,63.02,5.75,8500.00,M
OFK,2025-08-24 10:56,68.00,54.00,60.89,10.35,8500.00,M
OFK,2025-08-24 11:56,71.00,51.00,49.22,12.65,3900.00,M
OFK,2025-08-24 12:56,71.00,50.00,47.42,9.20,4900.00,M
OFK,2025-08-24 13:56,72.00,48.00,42.54,13.80,5500.00,M
OFK,2025-08-24 14:56,72.00,49.00,44.17,9.20,M,M
OFK,2025-08-24 15:56,70.00,49.00,47.27,11.50,5500.00,M
OFK,2025-08-24 16:56,73.00,49.00,42.70,8.05,5500.00,M
OFK,2025-08-24 17:56,72.00,50.00,45.84,11.50,5500.00,M
OFK,2025-08-24 18:56,70.00,49.00,47.27,10.35,M,M
OFK,2025-08-24 19:56,66.00,49.00,54.23,8.05,M,M
OFK,2025-08-24 20:56,62.00,50.00,64.75,4.60,M,M
OFK,2025-08-24 21:56,59.00,50.00,72.02,0.00,M,M
OFK,2025-08-24 22:56,53.00,50.00,89.51,0.00,M,M
OFK,2025-08-24 23:56,52.00,50.00,92.86,3.45,M,M
OFK,2025-08-25 00:56,50.00,48.00,92.80,3.45,M,M
OFK,2025-08-25 01:56,49.00,48.00,96.32,3.45,M,M
OFK,2025-08-25 02:56,48.00,47.00,96.31,0.00,M,M
OFK,2025-08-25 03:56,47.00,46.00,96.29,3.45,M,M
OFK,2025-08-25 04:56,48.00,47.00,96.31,3.45,M,M
OFK,2025-08-25 05:56,46.00,46.00,100.00,0.00,M,M
OFK,2025-08-25 06:56,48.00,47.00,96.31,0.00,7000.00,M
OFK,2025-08-25 07:56,52.00,49.00,89.46,0.00,M,M
OFK,2025-08-25 08:56,56.00,51.00,83.27,3.45,M,M
OFK,2025-08-25 09:56,61.00,51.00,69.61,4.60,M,M
OFK,2025-08-25 10:56,66.00,48.00,52.24,4.60,M,M
OFK,2025-08-25 11:56,68.00,46.00,45.22,M,M,M
OFK,2025-08-25 12:56,69.00,47.00,45.37,6.90,M,M
OFK,2025-08-25 13:56,70.00,48.00,45.53,8.05,M,M
OFK,2025-08-25 14:56,71.00,49.00,45.69,M,5000.00,M
OFK,2025-08-25 15:56,71.00,49.00,45.69,9.20,5000.00,M
OFK,2025-08-25 16:56,72.00,48.00,42.54,3.45,5000.00,M
OFK,2025-08-25 17:56,71.00,47.00,42.38,0.00,M,M
OFK,2025-08-25 18:56,71.00,49.00,45.69,0.00,M,M
OFK,2025-08-25 19:56,65.00,52.00,62.76,4.60,M,M
OFK,2025-08-25 20:56,59.00,52.00,77.56,4.60,M,M
OFK,2025-08-25 21:56,58.00,51.00,77.47,3.45,M,M
OFK,2025-08-25 22:56,56.00,52.00,86.40,5.75,10000.00,M
OFK,2025-08-25 23:56,57.00,51.00,80.31,3.45,8000.00,M
OFK,2025-08-26 00:56,57.00,53.00,86.46,3.45,8000.00,M
OFK,2025-08-26 01:56,57.00,53.00,86.46,3.45,5500.00,M
OFK,2025-08-26 02:56,59.00,51.00,74.75,8.05,4700.00,M
OFK,2025-08-26 03:56,59.00,53.00,80.47,4.60,4200.00,M
OFK,2025-08-26 04:56,58.00,53.00,83.40,5.75,4000.00,M
OFK,2025-08-26 05:56,58.00,53.00,83.40,3.45,4100.00,M
OFK,2025-08-26 06:56,58.00,54.00,86.51,4.60,7000.00,M
OFK,2025-08-26 07:56,58.00,54.00,86.51,5.75,7000.00,M
OFK,2025-08-26 08:56,61.00,54.00,77.73,5.75,M,M
OFK,2025-08-26 09:56,65.00,55.00,70.05,4.60,6000.00,M
OFK,2025-08-26 10:56,70.00,59.00,68.12,6.90,6000.00,M
OFK,2025-08-26 11:56,72.00,60.00,65.96,9.20,2600.00,M
OFK,2025-08-26 12:56,74.00,59.00,59.51,10.35,3200.00,M
OFK,2025-08-26 13:56,75.00,59.00,57.55,8.05,4100.00,M
OFK,2025-08-26 14:56,78.00,59.00,52.11,12.65,4400.00,M
OFK,2025-08-26 15:56,75.00,58.00,55.53,12.65,5500.00,M
OFK,2025-08-26 16:56,74.00,59.00,59.51,8.05,4700.00,M
OFK,2025-08-26 17:56,75.00,60.00,59.64,6.90,4700.00,M
OFK,2025-08-26 18:56,74.00,61.00,63.90,5.75,4600.00,M
OFK,2025-08-26 19:56,72.00,61.00,68.35,4.60,4900.00,M
OFK,2025-08-26 20:56,69.00,61.00,75.69,6.90,5000.00,M
OFK,2025-08-26 21:56,66.00,60.00,81.00,8.05,M,M
OFK,2025-08-26 22:56,63.00,60.00,89.94,8.05,M,M
OFK,2025-08-26 23:56,61.00,59.00,93.13,8.05,M,M
OFK,2025-08-27 00:56,65.00,60.00,83.86,6.90,5000.00,M
OFK,2025-08-27 01:56,63.00,59.00,86.79,9.20,5000.00,M
OFK,2025-08-27 02:56,63.00,57.00,80.77,11.50,5000.00,M
OFK,2025-08-27 03:56,62.00,56.00,80.70,11.50,5000.00,M
OFK,2025-08-27 04:56,61.00,55.00,80.62,12.65,10000.00,M
OFK,2025-08-27 05:56,60.00,55.00,83.54,12.65,M,M
OFK,2025-08-27 06:56,60.00,55.00,83.54,10.35,M,M
OFK,2025-08-27 07:56,62.00,54.00,75.03,12.65,M,M
OFK,2025-08-27 08:56,67.00,55.00,65.36,13.80,M,M
OFK,2025-08-27 09:56,71.00,57.00,61.28,11.50,M,M
OFK,2025-08-27 10:56,73.00,58.00,59.38,14.95,M,M
OFK,2025-08-27 11:56,75.00,57.00,53.57,14.95,M,M
OFK,2025-08-27 12:56,77.00,57.00,50.12,13.80,M,M
OFK,2025-08-27 13:56,77.00,55.00,46.62,19.55,M,M
OFK,2025-08-27 14:56,78.00,55.00,45.11,13.80,M,M
OFK,2025-08-27 15:56,78.00,54.00,43.49,13.80,M,M
OFK,2025-08-27 16:56,78.00,54.00,43.49,12.65,M,M
OFK,2025-08-27 17:56,77.00,56.00,48.35,16.10,M,M
OFK,2025-08-27 18:56,75.00,58.00,55.53,6.90,M,M
OFK,2025-08-27 19:56,70.00,58.00,65.72,5.75,M,M
OFK,2025-08-27 20:56,66.00,58.00,75.41,4.60,M,M
OFK,2025-08-27 21:56,66.00,59.00,78.16,8.05,M,M
OFK,2025-08-27 22:56,64.00,59.00,83.80,3.45,M,M
OFK,2025-08-27 23:56,63.00,60.00,89.94,5.75,M,M
OFK,2025-08-28 00:56,62.00,59.00,89.89,3.45,M,M
OFK,2025-08-28 01:56,62.00,60.00,93.16,3.45,M,M
OFK,2025-08-28 02:56,60.00,59.00,96.50,0.00,M,M
OFK,2025-08-28 03:16,58.00,58.00,100.00,3.45,600.00,M
OFK,2025-08-28 03:29,59.00,58.00,96.48,3.45,600.00,M
OFK,2025-08-28 03:47,60.00,60.00,100.00,3.45,600.00,M
OFK,2025-08-28 03:56,61.00,60.00,96.51,0.00,600.00,M
OFK,2025-08-28 04:14,62.00,61.00,96.53,0.00,600.00,M
OFK,2025-08-28 04:56,63.00,63.00,100.00,4.60,400.00,M
OFK,2025-08-28 05:51,62.60,62.60,100.00,0.00,500.00,M
OFK,2025-08-28 05:56,63.00,63.00,100.00,0.00,500.00,M
OFK,2025-08-28 06:46,64.00,63.00,96.56,3.45,400.00,M
OFK,2025-08-28 06:56,64.00,62.00,93.22,3.45,500.00,M
OFK,2025-08-28 07:56,64.00,63.00,96.56,0.00,500.00,M
OFK,2025-08-28 08:56,64.00,63.00,96.56,0.00,600.00,M
OFK,2025-08-28 09:56,65.00,63.00,93.24,0.00,700.00,M
OFK,2025-08-28 10:56,66.00,63.00,90.06,5.75,600.00,M
OFK,2025-08-28 11:17,68.00,63.00,84.05,4.60,1000.00,M
OFK,2025-08-28 11:31,69.00,62.00,78.41,M,1500.00,M
OFK,2025-08-28 11:56,71.00,62.00,73.24,3.45,1900.00,M
OFK,2025-08-28 12:56,73.00,62.00,68.46,5.75,2400.00,M
OFK,2025-08-28 13:44,75.00,62.00,64.02,4.60,2700.00,M
OFK,2025-08-28 13:56,76.00,62.00,61.93,6.90,2700.00,M
OFK,2025-08-28 14:56,77.00,62.00,59.91,6.90,M,M
OFK,2025-08-28 15:56,78.00,60.00,54.00,8.05,M,M
OFK,2025-08-28 16:56,77.00,60.00,55.81,8.05,M,M
OFK,2025-08-28 17:56,75.00,60.00,59.64,5.75,M,M
OFK,2025-08-28 18:56,74.00,64.00,71.02,6.90,M,M
OFK,2025-08-28 19:56,71.00,63.00,75.87,5.75,M,M
OFK,2025-08-28 20:56,67.00,62.00,83.99,5.75,M,M
OFK,2025-08-28 21:56,64.00,61.00,89.98,5.75,M,M
OFK,2025-08-28 22:56,61.00,60.00,96.51,3.45,M,M
OFK,2025-08-28 23:56,59.00,58.00,96.48,4.60,M,M
OFK,2025-08-29 00:56,62.00,60.00,93.16,4.60,M,M
OFK,2025-08-29 01:56,61.00,60.00,96.51,5.75,M,M
OFK,2025-08-29 02:56,62.00,61.00,96.53,3.45,M,M
OFK,2025-08-29 03:56,62.00,60.00,93.16,5.75,M,M
OFK,2025-08-29 04:56,58.00,58.00,100.00,3.45,M,M
OFK,2025-08-29 05:56,58.00,58.00,100.00,0.00,M,M
OFK,2025-08-29 06:15,57.00,57.00,100.00,3.45,4400.00,M
OFK,2025-08-29 06:33,58.00,58.00,100.00,0.00,4300.00,M
OFK,2025-08-29 06:40,57.00,57.00,100.00,0.00,4300.00,M
OFK,2025-08-29 06:44,56.00,56.00,100.00,0.00,300.00,M
OFK,2025-08-29 06:51,55.40,55.40,100.00,0.00,300.00,M
OFK,2025-08-29 06:56,55.00,55.00,100.00,4.60,200.00,M
OFK,2025-08-29 07:05,56.00,56.00,100.00,3.45,100.00,M
OFK,2025-08-29 07:09,56.00,56.00,100.00,4.60,200.00,M
OFK,2025-08-29 07:32,58.00,58.00,100.00,0.00,200.00,M
OFK,2025-08-29 07:36,59.00,59.00,100.00,0.00,200.00,M
OFK,2025-08-29 07:43,59.00,59.00,100.00,0.00,200.00,M
OFK,2025-08-29 07:56,59.00,59.00,100.00,0.00,4100.00,M
OFK,2025-08-29 08:56,64.00,62.00,93.22,3.45,4700.00,M
OFK,2025-08-29 09:56,69.00,62.00,78.41,5.75,M,M
OFK,2025-08-29 10:56,75.00,62.00,64.02,5.75,M,M
OFK,2025-08-29 11:56,76.00,62.00,61.93,9.20,3100.00,M
OFK,2025-08-29 12:56,78.00,64.00,62.18,9.20,3400.00,M
OFK,2025-08-29 13:56,77.00,64.00,64.27,12.65,3000.00,M
OFK,2025-08-29 14:56,74.00,64.00,71.02,9.20,2700.00,M
OFK,2025-08-29 15:09,73.00,64.00,73.44,12.65,2700.00,M
OFK,2025-08-29 15:23,72.00,64.00,75.96,14.95,2500.00,M
OFK,2025-08-29 15:56,71.00,65.00,81.37,13.80,4800.00,M
OFK,2025-08-29 16:56,72.00,65.00,78.66,4.60,4800.00,M
OFK,2025-08-29 17:56,72.00,63.00,73.34,9.20,4600.00,M
OFK,2025-08-29 18:56,70.00,65.00,84.18,6.90,4300.00,M
OFK,2025-08-29 19:56,68.00,64.00,87.05,6.90,3900.00,M
OFK,2025-08-29 20:56,67.00,64.00,90.10,6.90,4000.00,M
OFK,2025-08-29 21:56,66.00,64.00,93.27,5.75,M,M
OFK,2025-08-29 22:56,66.00,63.00,90.06,5.75,4200.00,M
OFK,2025-08-29 23:56,67.00,64.00,90.10,6.90,5000.00,M
OFK,2025-08-30 00:56,66.00,63.00,90.06,5.75,5000.00,M
OFK,2025-08-30 01:56,67.00,63.00,87.00,6.90,4900.00,M
OFK,2025-08-30 02:56,67.00,63.00,87.00,6.90,4700.00,M
OFK,2025-08-30 03:56,66.00,62.00,86.95,8.05,4700.00,M
OFK,2025-08-30 04:56,66.00,61.00,83.93,6.90,3100.00,M
OFK,2025-08-30 05:56,65.00,61.00,86.89,6.90,5000.00,M
OFK,2025-08-30 06:56,64.00,61.00,89.98,5.75,5500.00,M
OFK,2025-08-30 07:56,65.00,60.00,83.86,6.90,5000.00,M
OFK,2025-08-30 08:56,66.00,60.00,81.00,8.05,7000.00,M
OFK,2025-08-30 09:56,67.00,60.00,78.24,9.20,5500.00,M
OFK,2025-08-30 10:56,68.00,62.00,81.15,10.35,8500.00,M
OFK,2025-08-30 11:56,70.00,62.00,75.78,12.65,8000.00,M
OFK,2025-08-30 12:56,70.00,59.00,68.12,10.35,4100.00,M
OFK,2025-08-30 13:56,66.00,62.00,86.95,11.50,3500.00,M
OFK,2025-08-30 14:56,64.00,63.00,96.56,8.05,6000.00,M
OFK,2025-08-30 15:56,64.00,60.00,86.84,10.35,6000.00,M
OFK,2025-08-30 16:56,66.00,62.00,86.95,4.60,M,M
OFK,2025-08-30 17:56,67.00,63.00,87.00,5.75,M,M
OFK,2025-08-30 18:56,66.00,64.00,93.27,4.60,6500.00,M
OFK,2025-08-30 19:56,66.00,64.00,93.27,3.45,5500.00,M
OFK,2025-08-30 20:56,66.00,64.00,93.27,3.45,6000.00,M
OFK,2025-08-30 21:56,65.00,63.00,93.24,10.35,6500.00,M
OFK,2025-08-30 22:56,65.00,63.00,93.24,6.90,4700.00,M
OFK,2025-08-30 23:56,65.00,62.00,90.02,4.60,5500.00,M
OFK,2025-08-31 00:56,64.00,62.00,93.22,0.00,6000.00,M
OFK,2025-08-31 01:56,64.00,62.00,93.22,4.60,6500.00,M
OFK,2025-08-31 02:56,64.00,62.00,93.22,4.60,3100.00,M
OFK,2025-08-31 03:56,63.00,61.00,93.19,3.45,2000.00,M
OFK,2025-08-31 04:56,63.00,61.00,93.19,4.60,3500.00,M
OFK,2025-08-31 05:56,63.00,61.00,93.19,4.60,3100.00,M
OFK,2025-08-31 06:04,63.00,61.00,93.19,5.75,2100.00,M
OFK,2025-08-31 06:56,63.00,62.00,96.54,5.75,2300.00,M
OFK,2025-08-31 07:37,62.00,61.00,96.53,4.60,2300.00,M
OFK,2025-08-31 07:56,62.00,61.00,96.53,5.75,2400.00,M
OFK,2025-08-31 08:33,62.00,60.00,93.16,6.90,2900.00,M
OFK,2025-08-31 08:56,62.00,60.00,93.16,5.75,4700.00,M
OFK,2025-08-31 09:56,63.00,61.00,93.19,4.60,4000.00,M
OFK,2025-08-31 10:17,62.00,61.00,96.53,5.75,800.00,M
OFK,2025-08-31 10:25,63.00,61.00,93.19,5.75,4000.00,M
OFK,2025-08-31 10:31,63.00,61.00,93.19,5.75,900.00,M
OFK,2025-08-31 10:56,64.00,62.00,93.22,4.60,4700.00,M
OFK,2025-08-31 11:56,65.00,61.00,86.89,3.45,4200.00,M
OFK,2025-08-31 12:43,66.00,62.00,86.95,3.45,1400.00,M
OFK,2025-08-31 12:56,66.00,63.00,90.06,6.90,1400.00,M
OFK,2025-08-31 13:22,67.00,64.00,90.10,8.05,1400.00,M
OFK,2025-08-31 13:33,67.00,64.00,90.10,8.05,1400.00,M
OFK,2025-08-31 13:44,67.00,65.00,93.30,5.75,1600.00,M
OFK,2025-08-31 13:56,67.00,65.00,93.30,6.90,1600.00,M
OFK,2025-08-31 14:03,68.00,65.00,90.14,5.75,1800.00,M
OFK,2025-08-31 14:56,68.00,63.00,84.05,9.20,2100.00,M
OFK,2025-08-31 15:56,68.00,62.00,81.15,9.20,4600.00,M
OFK,2025-08-31 16:56,67.00,61.00,81.07,11.50,3700.00,M
OFK,2025-08-31 17:17,66.00,62.00,86.95,8.05,1600.00,M
OFK,2025-08-31 17:24,65.00,63.00,93.24,10.35,1400.00,M
OFK,2025-08-31 17:26,65.00,63.00,93.24,9.20,700.00,M
OFK,2025-08-31 17:37,65.00,63.00,93.24,9.20,700.00,M
OFK,2025-08-31 17:45,64.00,63.00,96.56,8.05,700.00,M
OFK,2025-08-31 17:53,64.40,62.60,93.89,10.35,600.00,M
OFK,2025-08-31 17:56,64.00,63.00,96.56,10.35,600.00,M
OFK,2025-08-31 18:27,64.00,63.00,96.56,9.20,500.00,M
OFK,2025-08-31 18:43,65.00,64.00,96.57,9.20,600.00,M
OFK,2025-08-31 18:56,65.00,63.00,93.24,9.20,600.00,M
OFK,2025-08-31 19:05,65.00,63.00,93.24,9.20,600.00,M
OFK,2025-08-31 19:37,64.00,63.00,96.56,6.90,500.00,M
OFK,2025-08-31 19:46,64.00,63.00,96.56,9.20,500.00,M
OFK,2025-08-31 19:56,64.00,63.00,96.56,9.20,500.00,M
OFK,2025-08-31 20:56,63.00,62.00,96.54,9.20,700.00,M
OFK,2025-08-31 21:48,63.00,62.00,96.54,5.75,600.00,M
OFK,2025-08-31 21:56,63.00,62.00,96.54,6.90,600.00,M
OFK,2025-08-31 22:05,63.00,62.00,96.54,5.75,500.00,M
OFK,2025-08-31 22:17,63.00,62.00,96.54,5.75,500.00,M
OFK,2025-08-31 22:56,63.00,62.00,96.54,4.60,500.00,M
OFK,2025-08-31 23:21,63.00,62.00,96.54,5.75,400.00,M
OFK,2025-08-31 23:56,63.00,62.00,96.54,8.05,400.00,M
OFK,2025-09-01 00:19,63.00,62.00,96.54,6.90,500.00,M
OFK,2025-09-01 00:35,63.00,62.00,96.54,6.90,300.00,M
OFK,2025-09-01 00:56,63.00,62.00,96.54,6.90,400.00,M
OFK,2025-09-01 01:04,63.00,62.00,96.54,5.75,400.00,M
OFK,2025-09-01 01:11,63.00,62.00,96.54,5.75,500.00,M
OFK,2025-09-01 01:51,62.60,62.60,100.00,6.90,400.00,M
OFK,2025-09-01 01:56,63.00,62.00,96.54,5.75,400.00,M
OFK,2025-09-01 02:20,63.00,62.00,96.54,5.75,400.00,M
OFK,2025-09-01 02:38,63.00,62.00,96.54,6.90,400.00,M
OFK,2025-09-01 02:56,63.00,63.00,100.00,6.90,300.00,M
OFK,2025-09-01 03:45,64.00,63.00,96.56,10.35,500.00,M
OFK,2025-09-01 03:56,63.00,62.00,96.54,9.20,800.00,M
OFK,2025-09-01 04:56,63.00,62.00,96.54,9.20,700.00,M
OFK,2025-09-01 05:56,62.00,61.00,96.53,6.90,500.00,M
OFK,2025-09-01 06:56,62.00,61.00,96.53,8.05,600.00,M
OFK,2025-09-01 07:56,63.00,62.00,96.54,10.35,800.00,M
OFK,2025-09-01 08:56,63.00,62.00,96.54,9.20,700.00,M
OFK,2025-09-01 09:56,64.00,63.00,96.56,11.50,500.00,M
OFK,2025-09-01 10:56,64.00,62.00,93.22,10.35,900.00,M
OFK,2025-09-01 11:56,64.00,62.00,93.22,11.50,700.00,M
OFK,2025-09-01 12:56,63.00,61.00,93.19,11.50,800.00,M
OFK,2025-09-01 13:56,63.00,61.00,93.19,10.35,800.00,M
OFK,2025-09-01 14:07,63.00,61.00,93.19,12.65,1000.00,M
OFK,2025-09-01 14:49,63.00,61.00,93.19,9.20,800.00,M
OFK,2025-09-01 14:56,63.00,61.00,93.19,9.20,800.00,M
OFK,2025-09-01 15:21,64.00,61.00,89.98,9.20,1000.00,M
OFK,2025-09-01 15:56,64.00,61.00,89.98,4.60,1400.00,M
OFK,2025-09-01 16:12,65.00,61.00,86.89,4.60,1500.00,M
OFK,2025-09-01 16:37,64.00,61.00,89.98,8.05,1300.00,M
OFK,2025-09-01 16:56,66.00,62.00,86.95,6.90,1300.00,M
OFK,2025-09-01 17:21,67.00,61.00,81.07,6.90,1700.00,M
OFK,2025-09-01 17:35,67.00,61.00,81.07,8.05,1900.00,M
OFK,2025-09-01 17:49,67.00,61.00,81.07,5.75,1900.00,M
OFK,2025-09-01 17:56,67.00,61.00,81.07,6.90,1900.00,M
OFK,2025-09-01 18:29,66.00,61.00,83.93,3.45,2000.00,M
OFK,2025-09-01 18:56,67.00,61.00,81.07,5.75,1700.00,M
OFK,2025-09-01 19:13,67.00,61.00,81.07,4.60,1700.00,M
OFK,2025-09-01 19:29,65.00,60.00,83.86,4.60,1700.00,M
OFK,2025-09-01 19:56,64.00,61.00,89.98,0.00,M,M
OFK,2025-09-01 20:56,58.00,58.00,100.00,0.00,M,M
OFK,2025-09-01 21:56,56.00,56.00,100.00,0.00,M,M
OFK,2025-09-01 22:56,56.00,56.00,100.00,0.00,M,M
OFK,2025-09-01 23:28,56.00,56.00,100.00,0.00,M,M
OFK,2025-09-01 23:37,55.00,55.00,100.00,0.00,M,M
OFK,2025-09-01 23:40,55.00,55.00,100.00,0.00,200.00,M
OFK,2025-09-01 23:51,53.60,53.60,100.00,0.00,100.00,M
OFK,2025-09-01 23:56,55.00,55.00,100.00,3.45,100.00,M
OFK,2025-09-02 00:04,54.00,54.00,100.00,3.45,100.00,M
OFK,2025-09-02 00:14,54.00,54.00,100.00,3.45,100.00,M
OFK,2025-09-02 00:22,54.00,54.00,100.00,3.45,100.00,M
OFK,2025-09-02 00:32,53.00,53.00,100.00,3.45,100.00,M
OFK,2025-09-02 00:56,55.00,55.00,100.00,0.00,100.00,M
OFK,2025-09-02 01:07,54.00,54.00,100.00,0.00,100.00,M
OFK,2025-09-02 01:20,54.00,54.00,100.00,0.00,200.00,M
OFK,2025-09-02 01:56,55.00,55.00,100.00,0.00,200.00,M
OFK,2025-09-02 02:08,55.00,55.00,100.00,0.00,200.00,M
OFK,2025-09-02 02:21,55.00,55.00,100.00,0.00,200.00,M
OFK,2025-09-02 02:51,55.40,55.40,100.00,0.00,100.00,M
OFK,2025-09-02 02:56,55.00,55.00,100.00,0.00,100.00,M
OFK,2025-09-02 03:28,54.00,54.00,100.00,0.00,100.00,M
OFK,2025-09-02 03:35,54.00,54.00,100.00,0.00,200.00,M
OFK,2025-09-02 03:56,53.00,53.00,100.00,3.45,200.00,M
OFK,2025-09-02 04:18,53.00,53.00,100.00,3.45,200.00,M
OFK,2025-09-02 04:32,52.00,52.00,100.00,0.00,200.00,M
OFK,2025-09-02 04:53,51.80,51.80,100.00,0.00,200.00,M
OFK,2025-09-02 04:56,52.00,52.00,100.00,0.00,200.00,M
OFK,2025-09-02 05:41,52.00,52.00,100.00,0.00,200.00,M
OFK,2025-09-02 05:56,52.00,52.00,100.00,3.45,200.00,M
OFK,2025-09-02 06:56,52.00,52.00,100.00,3.45,200.00,M
OFK,2025-09-02 07:18,52.00,52.00,100.00,0.00,200.00,M
OFK,2025-09-02 07:56,53.00,53.00,100.00,3.45,200.00,M
OFK,2025-09-02 08:07,53.00,53.00,100.00,3.45,200.00,M
OFK,2025-09-02 08:18,53.00,53.00,100.00,0.00,200.00,M
OFK,2025-09-02 08:26,54.00,54.00,100.00,3.45,200.00,M
OFK,2025-09-02 08:40,55.00,55.00,100.00,0.00,200.00,M
OFK,2025-09-02 08:56,56.00,56.00,100.00,0.00,200.00,M
OFK,2025-09-02 09:56,63.00,60.00,89.94,6.90,M,M
OFK,2025-09-02 10:56,66.00,59.00,78.16,8.05,1400.00,M
OFK,2025-09-02 11:56,71.00,60.00,68.23,6.90,2300.00,M
OFK,2025-09-02 12:56,72.00,60.00,65.96,8.05,2600.00,M
OFK,2025-09-02 13:56,74.00,60.00,61.67,8.05,3000.00,M
OFK,2025-09-02 14:56,74.00,60.00,61.67,8.05,M,M
OFK,2025-09-02 15:56,76.00,60.00,57.69,11.50,M,M
OFK,2025-09-02 16:56,76.00,60.00,57.69,10.35,M,M
OFK,2025-09-02 17:56,75.00,60.00,59.64,11.50,M,M
OFK,2025-09-02 18:56,73.00,61.00,66.08,6.90,M,M
OFK,2025-09-02 19:56,68.00,62.00,81.15,3.45,M,M
OFK,2025-09-02 20:56,67.00,61.00,81.07,9.20,12000.00,M
OFK,2025-09-02 21:56,66.00,61.00,83.93,9.20,12000.00,M
OFK,2025-09-02 22:56,66.00,61.00,83.93,6.90,9000.00,M
OFK,2025-09-02 23:56,65.00,60.00,83.86,4.60,8000.00,M
OFK,2025-09-03 00:56,64.00,60.00,86.84,6.90,M,M
OFK,2025-09-03 01:56,64.00,60.00,86.84,8.05,M,M
OFK,2025-09-03 02:56,61.00,59.00,93.13,3.45,M,M
OFK,2025-09-03 03:56,60.00,59.00,96.50,6.90,M,M
OFK,2025-09-03 04:56,61.00,60.00,96.51,6.90,M,M
OFK,2025-09-03 05:56,62.00,61.00,96.53,6.90,11000.00,M
OFK,2025-09-03 06:56,63.00,61.00,93.19,8.05,10000.00,M
OFK,2025-09-03 07:56,64.00,62.00,93.22,12.65,4800.00,M
OFK,2025-09-03 08:56,64.00,62.00,93.22,6.90,11000.00,M
OFK,2025-09-03 09:56,64.00,61.00,89.98,6.90,7000.00,M
OFK,2025-09-03 10:56,66.00,60.00,81.00,20.70,1600.00,M
OFK,2025-09-03 11:06,65.00,60.00,83.86,18.40,1800.00,M
OFK,2025-09-03 11:33,64.00,61.00,89.98,14.95,1600.00,M
OFK,2025-09-03 11:56,63.00,60.00,89.94,10.35,1900.00,M
OFK,2025-09-03 12:10,64.00,61.00,89.98,11.50,1400.00,M
OFK,2025-09-03 12:56,61.00,57.00,86.68,17.25,1200.00,M
OFK,2025-09-03 13:03,62.00,57.00,83.67,14.95,1000.00,M
OFK,2025-09-03 13:28,61.00,57.00,86.68,16.10,1200.00,M
OFK,2025-09-03 13:56,60.00,55.00,83.54,19.55,1200.00,M
OFK,2025-09-03 14:37,60.00,53.00,77.65,16.10,1300.00,M
OFK,2025-09-03 14:56,61.00,53.00,74.94,16.10,2000.00,M
OFK,2025-09-03 15:10,61.00,53.00,74.94,11.50,1800.00,M
OFK,2025-09-03 15:56,63.00,49.00,60.22,14.95,3300.00,M
OFK,2025-09-03 16:56,66.00,50.00,56.29,12.65,3700.00,M
OFK,2025-09-03 17:56,64.00,48.00,56.01,11.50,4700.00,M
OFK,2025-09-03 18:56,62.00,49.00,62.38,9.20,M,M
OFK,2025-09-03 19:56,57.00,49.00,74.55,5.75,M,M
OFK,2025-09-03 20:56,54.00,49.00,83.13,5.75,M,M
OFK,2025-09-03 21:56,53.00,48.00,83.06,3.45,M,M
OFK,2025-09-03 22:56,51.00,47.00,86.12,0.00,M,M
OFK,2025-09-03 23:56,49.00,47.00,92.77,3.45,M,M
OFK,2025-09-04 00:56,46.00,45.00,96.28,0.00,M,M
OFK,2025-09-04 01:56,45.00,44.00,96.26,4.60,M,M
OFK,2025-09-04 02:56,46.00,45.00,96.28,0.00,M,M
OFK,2025-09-04 03:56,43.00,43.00,100.00,0.00,M,M
OFK,2025-09-04 04:56,42.00,42.00,100.00,0.00,M,M
OFK,2025-09-04 05:56,42.00,42.00,100.00,0.00,M,M
OFK,2025-09-04 06:56,43.00,42.00,96.23,3.45,M,M
OFK,2025-09-04 07:56,46.00,46.00,100.00,0.00,M,M
OFK,2025-09-04 08:56,55.00,49.00,80.16,3.45,M,M
OFK,2025-09-04 09:56,60.00,50.00,69.50,14.95,6500.00,M
OFK,2025-09-04 10:56,62.00,49.00,62.38,17.25,6000.00,M
OFK,2025-09-04 11:56,63.00,48.00,58.01,17.25,6000.00,M
OFK,2025-09-04 12:56,66.00,50.00,56.29,14.95,4100.00,M
OFK,2025-09-04 13:56,68.00,53.00,58.70,18.40,4500.00,M
OFK,2025-09-04 14:56,71.00,55.00,57.00,21.85,3500.00,31.05
OFK,2025-09-04 15:56,72.00,57.00,59.24,20.70,M,32.20
OFK,2025-09-04 16:56,72.00,57.00,59.24,17.25,M,33.35
OFK,2025-09-04 17:56,71.00,59.00,65.84,12.65,M,29.90
OFK,2025-09-04 18:56,69.00,60.00,73.05,11.50,6000.00,M
OFK,2025-09-04 19:56,71.00,49.00,45.69,23.00,M,34.50
OFK,2025-09-04 20:56,65.00,47.00,52.09,9.20,M,35.65
OFK,2025-09-04 21:56,63.00,44.00,49.85,13.80,M,M
OFK,2025-09-04 22:56,58.00,46.00,64.25,5.75,M,M
OFK,2025-09-04 23:56,55.00,45.00,68.94,8.05,M,M
OFK,2025-09-05 00:56,55.00,46.00,71.60,9.20,M,M
OFK,2025-09-05 01:56,54.00,46.00,74.26,10.35,M,M
OFK,2025-09-05 02:56,52.00,45.00,76.94,12.65,M,M
OFK,2025-09-05 03:56,52.00,43.00,71.28,10.35,M,M
OFK,2025-09-05 04:56,48.00,44.00,85.95,10.35,M,M
OFK,2025-09-05 05:56,47.00,42.00,82.65,9.20,M,M
OFK,2025-09-05 06:56,47.00,42.00,82.65,9.20,M,M
OFK,2025-09-05 07:56,48.00,43.00,82.72,8.05,M,M
OFK,2025-09-05 08:56,54.00,43.00,66.24,10.35,M,M
OFK,2025-09-05 09:56,57.00,43.00,59.40,12.65,M,M
OFK,2025-09-05 10:56,58.00,42.00,55.14,16.10,3800.00,M
OFK,2025-09-05 11:56,59.00,42.00,53.20,12.65,4500.00,M
OFK,2025-09-05 12:56,62.00,42.00,47.82,13.80,6000.00,M
OFK,2025-09-05 13:56,64.00,43.00,46.33,12.65,7000.00,M
OFK,2025-09-05 14:56,63.00,41.00,44.42,17.25,5000.00,M
OFK,2025-09-05 15:56,65.00,41.00,41.42,12.65,5000.00,M
OFK,2025-09-05 16:56,64.00,41.00,42.89,10.35,7500.00,M
OFK,2025-09-05 17:56,65.00,41.00,41.42,9.20,M,M
OFK,2025-09-05 18:56,63.00,41.00,44.42,6.90,M,M
OFK,2025-09-05 19:56,57.00,45.00,64.12,3.45,M,M
OFK,2025-09-05 20:56,49.00,46.00,89.33,4.60,M,M
OFK,2025-09-05 21:56,49.00,44.00,82.79,4.60,M,M
OFK,2025-09-05 22:56,47.00,43.00,85.89,5.75,M,M
OFK,2025-09-05 23:56,47.00,42.00,82.65,4.60,M,M
OFK,2025-09-06 00:56,46.00,42.00,85.83,6.90,M,M
OFK,2025-09-06 01:56,45.00,41.00,85.77,4.60,M,M
OFK,2025-09-06 02:56,42.00,40.00,92.55,0.00,M,M
OFK,2025-09-06 03:56,40.00,39.00,96.18,3.45,M,M
OFK,2025-09-06 04:56,41.00,39.00,92.51,3.45,M,M
OFK,2025-09-06 05:56,41.00,39.00,92.51,3.45,M,M
OFK,2025-09-06 06:56,39.00,38.00,96.16,0.00,M,M
OFK,2025-09-06 07:56,42.00,40.00,92.55,0.00,M,M
OFK,2025-09-06 08:56,47.00,43.00,85.89,3.45,M,M
OFK,2025-09-06 09:56,54.00,44.00,68.82,0.00,M,M
OFK,2025-09-06 10:56,60.00,45.00,57.59,5.75,M,M
OFK,2025-09-06 11:56,63.00,41.00,44.42,6.90,M,M
OFK,2025-09-06 12:56,65.00,40.00,39.84,6.90,6000.00,M
OFK,2025-09-06 13:56,67.00,42.00,40.17,4.60,6000.00,M
OFK,2025-09-06 14:56,68.00,41.00,37.34,6.90,M,M
OFK,2025-09-06 15:56,70.00,41.00,34.87,14.95,6500.00,M
OFK,2025-09-06 16:56,69.00,40.00,34.70,9.20,M,M
OFK,2025-09-06 17:56,69.00,40.00,34.70,8.05,M,M
OFK,2025-09-06 18:56,67.00,41.00,38.65,6.90,M,M
OFK,2025-09-06 19:56,61.00,43.00,51.49,4.60,M,M
OFK,2025-09-06 20:56,53.00,44.00,71.39,4.60,M,M
OFK,2025-09-06 21:56,50.00,44.00,79.76,4.60,M,M
OFK,2025-09-06 22:56,50.00,44.00,79.76,0.00,M,M
OFK,2025-09-06 23:56,47.00,45.00,92.71,0.00,M,M
OFK,2025-09-07 00:56,45.00,42.00,89.15,0.00,M,M
OFK,2025-09-07 01:56,46.00,43.00,89.19,0.00,M,M
OFK,2025-09-07 02:56,42.00,42.00,100.00,4.60,M,M
OFK,2025-09-07 03:56,42.00,41.00,96.21,3.45,M,M
OFK,2025-09-07 04:56,42.00,40.00,92.55,0.00,M,M
OFK,2025-09-07 05:56,40.00,39.00,96.18,0.00,M,M
OFK,2025-09-07 06:47,41.00,41.00,100.00,0.00,200.00,M
OFK,2025-09-07 06:56,41.00,41.00,100.00,0.00,200.00,M
OFK,2025-09-07 07:01,41.00,41.00,100.00,0.00,200.00,M
OFK,2025-09-07 07:05,41.00,41.00,100.00,0.00,200.00,M
OFK,2025-09-07 07:17,42.00,42.00,100.00,0.00,M,M
OFK,2025-09-07 07:29,42.00,41.00,96.21,0.00,M,M
OFK,2025-09-07 07:36,42.00,42.00,100.00,0.00,M,M
OFK,2025-09-07 07:56,45.00,45.00,100.00,0.00,M,M
OFK,2025-09-07 08:56,51.00,46.00,82.93,6.90,M,M
OFK,2025-09-07 09:56,58.00,48.00,69.28,6.90,M,M
OFK,2025-09-07 10:56,65.00,48.00,54.09,6.90,M,M
OFK,2025-09-07 11:56,68.00,47.00,46.96,12.65,4800.00,M
OFK,2025-09-07 12:56,71.00,49.00,45.69,11.50,6000.00,M
OFK,2025-09-07 13:56,72.00,53.00,51.22,14.95,M,M
OFK,2025-09-07 14:56,73.00,55.00,53.28,9.20,M,M
OFK,2025-09-07 15:56,75.00,57.00,53.57,13.80,M,M
OFK,2025-09-07 16:56,75.00,57.00,53.57,11.50,M,M
OFK,2025-09-07 17:56,75.00,56.00,51.67,10.35,M,M
OFK,2025-09-07 18:56,73.00,57.00,57.28,9.20,M,M
OFK,2025-09-07 19:56,66.00,58.00,75.41,6.90,M,M
OFK,2025-09-07 20:56,64.00,57.00,77.99,9.20,M,M
OFK,2025-09-07 21:56,63.00,56.00,77.91,10.35,M,M
OFK,2025-09-07 22:56,62.00,55.00,77.82,11.50,M,M
OFK,2025-09-07 23:56,63.00,53.00,69.83,11.50,M,M
OFK,2025-09-08 00:56,63.00,52.00,67.31,14.95,6000.00,M
OFK,2025-09-08 01:56,62.00,52.00,69.72,11.50,M,M
OFK,2025-09-08 02:56,61.00,52.00,72.23,11.50,M,M
OFK,2025-09-08 03:56,61.00,53.00,74.94,9.20,6000.00,M
OFK,2025-09-08 04:56,62.00,54.00,75.03,14.95,5500.00,M
OFK,2025-09-08 05:56,60.00,53.00,77.65,13.80,M,M
OFK,2025-09-08 06:56,61.00,53.00,74.94,13.80,6000.00,M
OFK,2025-09-08 07:56,63.00,53.00,69.83,16.10,6000.00,M
OFK,2025-09-08 08:56,65.00,55.00,70.05,17.25,M,M
OFK,2025-09-08 09:56,69.00,57.00,65.60,17.25,M,M
OFK,2025-09-08 10:56,72.00,59.00,63.65,18.40,M,31.05
OFK,2025-09-08 11:56,72.00,60.00,65.96,17.25,M,32.20
OFK,2025-09-08 12:56,74.00,60.00,61.67,20.70,2800.00,37.95
OFK,2025-09-08 13:56,72.00,60.00,65.96,20.70,4100.00,35.65
OFK,2025-09-08 14:56,70.00,61.00,73.15,14.95,M,M
OFK,2025-09-08 15:56,73.00,62.00,68.46,17.25,2500.00,32.20
OFK,2025-09-08 16:56,75.00,61.00,61.80,20.70,M,31.05
OFK,2025-09-08 17:56,72.00,61.00,68.35,18.40,M,29.90
OFK,2025-09-08 18:56,69.00,61.00,75.69,19.55,2400.00,M
OFK,2025-09-08 19:56,67.00,60.00,78.24,16.10,3200.00,M
OFK,2025-09-08 20:56,65.00,60.00,83.86,17.25,2900.00,M
OFK,2025-09-08 21:56,64.00,60.00,86.84,13.80,2900.00,M
OFK,2025-09-08 22:03,64.00,60.00,86.84,12.65,3000.00,M
OFK,2025-09-08 22:56,64.00,59.00,83.80,12.65,3000.00,M
OFK,2025-09-08 23:56,63.00,59.00,86.79,13.80,3200.00,M
OFK,2025-09-09 00:23,63.00,59.00,86.79,14.95,2800.00,M
OFK,2025-09-09 00:56,62.00,59.00,89.89,16.10,2900.00,M
OFK,2025-09-09 01:03,62.00,59.00,89.89,11.50,2900.00,M
OFK,2025-09-09 01:36,62.00,59.00,89.89,11.50,1200.00,M
OFK,2025-09-09 01:56,61.00,59.00,93.13,8.05,1100.00,M
OFK,2025-09-09 02:56,62.00,59.00,89.89,9.20,1100.00,M
OFK,2025-09-09 03:56,62.00,59.00,89.89,10.35,1000.00,M
OFK,2025-09-09 04:12,62.00,59.00,89.89,9.20,900.00,M
OFK,2025-09-09 04:56,62.00,59.00,89.89,8.05,900.00,M
OFK,2025-09-09 05:14,62.00,59.00,89.89,8.05,1000.00,M
OFK,2025-09-09 05:39,62.00,59.00,89.89,4.60,900.00,M
OFK,2025-09-09 05:56,62.00,59.00,89.89,9.20,900.00,M
OFK,2025-09-09 06:07,62.00,59.00,89.89,4.60,1000.00,M
OFK,2025-09-09 06:21,62.00,59.00,89.89,8.05,900.00,M
OFK,2025-09-09 06:56,61.00,59.00,93.13,11.50,800.00,M
OFK,2025-09-09 07:56,62.00,59.00,89.89,11.50,800.00,M
OFK,2025-09-09 08:56,62.00,60.00,93.16,10.35,600.00,M
OFK,2025-09-09 09:56,64.00,60.00,86.84,11.50,700.00,M
OFK,2025-09-09 10:05,65.00,60.00,83.86,12.65,700.00,M
OFK,2025-09-09 10:30,67.00,61.00,81.07,12.65,1900.00,M
OFK,2025-09-09 10:56,68.00,61.00,78.33,11.50,1100.00,M
OFK,2025-09-09 11:15,68.00,61.00,78.33,10.35,1200.00,M
OFK,2025-09-09 11:33,70.00,62.00,75.78,8.05,1300.00,M
OFK,2025-09-09 11:56,70.00,62.00,75.78,6.90,1900.00,M
OFK,2025-09-09 12:56,73.00,63.00,70.91,11.50,2200.00,M
OFK,2025-09-09 13:03,74.00,63.00,68.57,11.50,2300.00,M
OFK,2025-09-09 13:56,75.00,63.00,66.32,6.90,2600.00,M
OFK,2025-09-09 14:56,75.00,63.00,66.32,5.75,2800.00,M
OFK,2025-09-09 15:54,77.00,64.40,65.17,9.20,2900.00,M
OFK,2025-09-09 15:56,77.00,65.00,66.55,9.20,2900.00,M
OFK,2025-09-09 16:56,77.00,65.00,66.55,8.05,2800.00,M
OFK,2025-09-09 17:56,76.00,65.00,68.79,8.05,M,M
OFK,2025-09-09 18:56,73.00,64.00,73.44,6.90,M,M
OFK,2025-09-09 19:56,68.00,64.00,87.05,6.90,M,M
OFK,2025-09-09 20:56,65.00,63.00,93.24,5.75,M,M
OFK,2025-09-09 21:56,64.00,63.00,96.56,5.75,M,M
OFK,2025-09-09 22:56,63.00,62.00,96.54,4.60,M,M
OFK,2025-09-09 23:56,64.00,62.00,93.22,4.60,3000.00,M
OFK,2025-09-10 00:56,63.00,62.00,96.54,4.60,M,M
OFK,2025-09-10 01:56,63.00,62.00,96.54,3.45,3000.00,M
OFK,2025-09-10 02:25,64.00,62.00,93.22,3.45,2900.00,M
OFK,2025-09-10 02:38,63.00,62.00,96.54,3.45,3000.00,M
OFK,2025-09-10 02:56,63.00,62.00,96.54,0.00,M,M
OFK,2025-09-10 03:56,62.00,61.00,96.53,0.00,3600.00,M
OFK,2025-09-10 04:56,60.00,60.00,100.00,0.00,M,M
OFK,2025-09-10 05:06,59.00,59.00,100.00,0.00,M,M
OFK,2025-09-10 05:11,58.00,58.00,100.00,0.00,300.00,M
OFK,2025-09-10 05:27,59.00,59.00,100.00,0.00,M,M
OFK,2025-09-10 05:47,57.00,57.00,100.00,3.45,300.00,M
OFK,2025-09-10 05:56,58.00,58.00,100.00,3.45,200.00,M
OFK,2025-09-10 06:07,59.00,59.00,100.00,3.45,200.00,M
OFK,2025-09-10 06:17,58.00,58.00,100.00,0.00,200.00,M
OFK,2025-09-10 06:34,57.00,57.00,100.00,3.45,100.00,M
OFK,2025-09-10 06:56,57.00,57.00,100.00,3.45,100.00,M
OFK,2025-09-10 07:26,58.00,58.00,100.00,0.00,200.00,M
OFK,2025-09-10 07:39,58.00,58.00,100.00,3.45,200.00,M
OFK,2025-09-10 07:47,58.00,58.00,100.00,3.45,200.00,M
OFK,2025-09-10 07:56,59.00,59.00,100.00,3.45,200.00,M
OFK,2025-09-10 08:14,60.00,60.00,100.00,0.00,200.00,M
OFK,2025-09-10 08:34,61.00,61.00,100.00,0.00,M,M
OFK,2025-09-10 08:56,62.00,61.00,96.53,4.60,M,M
OFK,2025-09-10 09:56,65.00,63.00,93.24,4.60,M,M
OFK,2025-09-10 10:56,75.00,64.00,68.68,8.05,M,M
OFK,2025-09-10 11:56,77.00,64.00,64.27,9.20,2600.00,M
OFK,2025-09-10 12:56,78.00,65.00,64.39,6.90,2900.00,M
OFK,2025-09-10 13:26,78.00,64.00,62.18,10.35,3100.00,M
OFK,2025-09-10 13:56,78.00,64.00,62.18,6.90,3400.00,M
OFK,2025-09-10 14:56,78.00,64.00,62.18,9.20,3300.00,M
OFK,2025-09-10 15:56,81.00,64.00,56.37,10.35,3600.00,M
OFK,2025-09-10 16:56,80.00,64.00,58.24,10.35,M,M
OFK,2025-09-10 17:56,79.00,63.00,58.10,10.35,M,M
OFK,2025-09-10 18:56,76.00,63.00,64.15,8.05,M,M
OFK,2025-09-10 19:56,71.00,64.00,78.57,4.60,M,M
OFK,2025-09-10 20:56,68.00,64.00,87.05,4.60,M,M
OFK,2025-09-10 21:56,66.00,64.00,93.27,4.60,M,M
OFK,2025-09-10 22:56,65.00,63.00,93.24,0.00,M,M
OFK,2025-09-10 23:56,62.00,62.00,100.00,4.60,M,M
OFK,2025-09-11 00:56,63.00,62.00,96.54,5.75,M,M
OFK,2025-09-11 01:56,63.00,61.00,93.19,5.75,M,M
OFK,2025-09-11 02:56,62.00,61.00,96.53,4.60,M,M
OFK,2025-09-11 03:56,61.00,60.00,96.51,0.00,M,M
OFK,2025-09-11 04:56,61.00,60.00,96.51,5.75,M,M
OFK,2025-09-11 05:56,61.00,60.00,96.51,4.60,M,M
OFK,2025-09-11 06:56,60.00,60.00,100.00,5.75,M,M
OFK,2025-09-11 07:26,59.00,59.00,100.00,0.00,M,M
OFK,2025-09-11 07:56,61.00,60.00,96.51,3.45,M,M
OFK,2025-09-11 08:56,66.00,64.00,93.27,6.90,M,M
OFK,2025-09-11 09:56,72.00,66.00,81.44,8.05,M,M
OFK,2025-09-11 10:56,77.00,67.00,71.33,17.25,M,M
OFK,2025-09-11 11:56,79.00,67.00,66.78,20.70,M,29.90
OFK,2025-09-11 12:56,82.00,66.00,58.51,16.10,M,M
OFK,2025-09-11 13:56,82.00,65.00,56.51,20.70,M,M
OFK,2025-09-11 14:56,85.00,66.00,53.12,18.40,M,M
OFK,2025-09-11 15:56,85.00,66.00,53.12,17.25,M,29.90
OFK,2025-09-11 16:56,84.00,66.00,54.85,17.25,M,M
OFK,2025-09-11 17:56,83.00,65.00,54.71,19.55,M,29.90
OFK,2025-09-11 18:56,80.00,66.00,62.44,11.50,M,M
OFK,2025-09-11 19:56,76.00,67.00,73.73,8.05,M,M
OFK,2025-09-11 20:56,74.00,67.00,78.82,9.20,M,M
OFK,2025-09-11 21:56,74.00,65.00,73.54,11.50,M,M
OFK,2025-09-11 22:56,73.00,65.00,76.05,12.65,M,M
OFK,2025-09-11 23:56,73.00,65.00,76.05,11.50,M,M
OFK,2025-09-12 00:56,72.00,65.00,78.66,11.50,M,M
OFK,2025-09-12 01:56,70.00,64.00,81.29,10.35,M,M
OFK,2025-09-12 02:56,70.00,64.00,81.29,9.20,M,M
OFK,2025-09-12 03:56,70.00,64.00,81.29,8.05,M,M
OFK,2025-09-12 04:56,69.00,64.00,84.12,11.50,M,M
OFK,2025-09-12 05:56,69.00,64.00,84.12,10.35,M,M
OFK,2025-09-12 06:56,69.00,64.00,84.12,12.65,M,M
OFK,2025-09-12 07:27,69.00,64.00,84.12,9.20,M,M
OFK,2025-09-12 07:42,69.00,64.00,84.12,12.65,M,M
OFK,2025-09-12 07:56,69.00,64.00,84.12,12.65,M,M
OFK,2025-09-12 08:56,69.00,64.00,84.12,11.50,5500.00,M
OFK,2025-09-12 09:56,71.00,64.00,78.57,10.35,M,M
OFK,2025-09-12 10:56,73.00,64.00,73.44,11.50,M,M
OFK,2025-09-12 11:56,77.00,64.00,64.27,11.50,M,M
OFK,2025-09-12 12:56,80.00,66.00,62.44,9.20,M,M
OFK,2025-09-12 13:56,82.00,67.00,60.57,14.95,M,M
OFK,2025-09-12 14:56,85.00,67.00,54.99,16.10,M,M
OFK,2025-09-12 15:56,88.00,69.00,53.55,10.35,M,M
OFK,2025-09-12 16:56,91.00,67.00,45.51,14.95,M,M
OFK,2025-09-12 17:56,90.00,68.00,48.59,14.95,M,M
OFK,2025-09-12 18:56,86.00,67.00,53.27,13.80,M,M
OFK,2025-09-12 19:56,80.00,67.00,64.63,8.05,M,M
OFK,2025-09-12 20:56,74.00,67.00,78.82,5.75,M,M
OFK,2025-09-12 21:56,78.00,66.00,66.67,12.65,M,M
OFK,2025-09-12 22:56,77.00,64.00,64.27,14.95,M,M
OFK,2025-09-12 23:56,75.00,63.00,66.32,18.40,M,M
OFK,2025-09-13 00:56,75.00,62.00,64.02,18.40,M,M
OFK,2025-09-13 01:56,73.00,63.00,70.91,18.40,M,M
OFK,2025-09-13 02:56,71.00,62.00,73.24,16.10,M,M
OFK,2025-09-13 03:56,70.00,61.00,73.15,14.95,M,M
OFK,2025-09-13 04:56,70.00,60.00,70.59,14.95,M,M
OFK,2025-09-13 05:56,68.00,60.00,75.59,12.65,M,M
OFK,2025-09-13 06:56,68.00,59.00,72.95,14.95,M,M
OFK,2025-09-13 07:56,68.00,60.00,75.59,11.50,M,M
OFK,2025-09-13 08:56,72.00,60.00,65.96,13.80,M,M
OFK,2025-09-13 09:56,77.00,61.00,57.83,16.10,M,M
OFK,2025-09-13 10:56,81.00,62.00,52.55,14.95,M,M
OFK,2025-09-13 11:56,83.00,62.00,49.25,16.10,M,M
OFK,2025-09-13 12:56,86.00,63.00,46.34,19.55,M,M
OFK,2025-09-13 13:56,89.00,62.00,40.69,13.80,M,M
OFK,2025-09-13 14:56,92.00,62.00,37.05,13.80,M,M
OFK,2025-09-13 15:56,92.00,64.00,39.75,12.65,M,M
OFK,2025-09-13 16:56,88.00,63.00,43.50,10.35,M,M
OFK,2025-09-13 17:56,89.00,65.00,45.20,6.90,M,M
OFK,2025-09-13 18:56,85.00,66.00,53.12,6.90,M,M
OFK,2025-09-13 19:56,78.00,65.00,64.39,5.75,M,M
OFK,2025-09-13 20:56,80.00,62.00,54.29,11.50,M,M
OFK,2025-09-13 21:56,76.00,62.00,61.93,9.20,M,M
OFK,2025-09-13 22:56,76.00,61.00,59.78,12.65,M,M
OFK,2025-09-13 23:56,74.00,61.00,63.90,11.50,M,M
OFK,2025-09-14 00:56,72.00,62.00,70.81,11.50,M,M
OFK,2025-09-14 01:56,72.00,62.00,70.81,10.35,M,M
OFK,2025-09-14 02:56,70.00,63.00,78.49,8.05,M,M
OFK,2025-09-14 03:56,70.00,63.00,78.49,5.75,M,M
OFK,2025-09-14 04:56,69.00,64.00,84.12,8.05,M,M
OFK,2025-09-14 05:56,67.00,63.00,87.00,6.90,M,M
OFK,2025-09-14 06:56,65.00,63.00,93.24,6.90,M,M
OFK,2025-09-14 07:56,65.00,64.00,96.57,6.90,M,M
OFK,2025-09-14 08:56,72.00,65.00,78.66,8.05,M,M
OFK,2025-09-14 09:56,76.00,66.00,71.23,10.35,8000.00,M
OFK,2025-09-14 10:56,79.00,64.00,60.17,19.55,8500.00,31.05
OFK,2025-09-14 11:56,78.00,64.00,62.18,10.35,8000.00,M
OFK,2025-09-14 12:56,79.00,63.00,58.10,16.10,M,M
OFK,2025-09-14 13:56,82.00,60.00,47.39,18.40,8000.00,M
OFK,2025-09-14 14:56,70.00,61.00,73.15,6.90,7000.00,43.70
OFK,2025-09-14 15:11,72.00,62.00,70.81,4.60,9000.00,M
OFK,2025-09-14 15:18,72.00,62.00,70.81,6.90,11000.00,M
OFK,2025-09-14 15:56,73.00,64.00,73.44,5.75,M,M
OFK,2025-09-14 16:56,70.00,63.00,78.49,9.20,11000.00,M
OFK,2025-09-14 17:56,73.00,60.00,63.78,9.20,11000.00,M
OFK,2025-09-14 18:56,72.00,61.00,68.35,8.05,10000.00,M
OFK,2025-09-14 19:56,68.00,61.00,78.33,8.05,10000.00,M
OFK,2025-09-14 20:56,67.00,62.00,83.99,12.65,M,M
OFK,2025-09-14 21:34,69.00,60.00,73.05,19.55,3100.00,M
OFK,2025-09-14 21:56,65.00,58.00,78.08,11.50,5500.00,M
OFK,2025-09-14 22:56,61.00,58.00,89.85,10.35,M,M
OFK,2025-09-14 23:56,63.00,59.00,86.79,16.10,4800.00,M
OFK,2025-09-15 00:56,63.00,58.00,83.73,6.90,11000.00,M
OFK,2025-09-15 01:56,62.00,59.00,89.89,12.65,11000.00,M
OFK,2025-09-15 02:56,61.00,59.00,93.13,11.50,M,M
OFK,2025-09-15 03:56,62.00,58.00,86.73,13.80,M,M
OFK,2025-09-15 04:56,63.00,59.00,86.79,16.10,M,M
OFK,2025-09-15 05:56,61.00,58.00,89.85,8.05,M,M
OFK,2025-09-15 06:56,58.00,57.00,96.47,4.60,M,M
OFK,2025-09-15 07:56,58.00,57.00,96.47,0.00,M,M
OFK,2025-09-15 08:24,62.00,59.00,89.89,5.75,1000.00,M
OFK,2025-09-15 08:36,62.00,59.00,89.89,6.90,900.00,M
OFK,2025-09-15 08:43,63.00,59.00,86.79,6.90,900.00,M
OFK,2025-09-15 08:56,63.00,60.00,89.94,6.90,M,M
OFK,2025-09-15 09:18,65.00,61.00,86.89,6.90,900.00,M
OFK,2025-09-15 09:56,68.00,62.00,81.15,9.20,M,M
OFK,2025-09-15 10:56,73.00,62.00,68.46,11.50,M,M
OFK,2025-09-15 11:56,76.00,63.00,64.15,10.35,M,M
OFK,2025-09-15 12:56,79.00,60.00,52.25,11.50,M,M
OFK,2025-09-15 13:56,82.00,59.00,45.73,12.65,M,M
OFK,2025-09-15 14:56,84.00,61.00,46.04,16.10,M,M
OFK,2025-09-15 15:56,85.00,61.00,44.58,13.80,M,M
OFK,2025-09-15 16:56,85.00,61.00,44.58,13.80,M,M
OFK,2025-09-15 17:56,84.00,62.00,47.69,12.65,M,M
OFK,2025-09-15 18:56,81.00,64.00,56.37,5.75,M,M
OFK,2025-09-15 19:56,72.00,63.00,73.34,8.05,M,M
OFK,2025-09-15 20:56,72.00,64.00,75.96,8.05,M,M
OFK,2025-09-15 21:56,71.00,63.00,75.87,9.20,M,M
OFK,2025-09-15 22:56,71.00,63.00,75.87,6.90,M,M
OFK,2025-09-15 23:56,68.00,63.00,84.05,0.00,M,M
OFK,2025-09-16 00:56,70.00,63.00,78.49,6.90,M,M
OFK,2025-09-16 01:56,64.00,62.00,93.22,3.45,M,M
OFK,2025-09-16 02:56,63.00,62.00,96.54,0.00,M,M
OFK,2025-09-16 03:56,60.00,59.00,96.50,0.00,M,M
OFK,2025-09-16 04:56,66.00,63.00,90.06,6.90,M,M
OFK,2025-09-16 05:56,60.00,59.00,96.50,5.75,M,M
OFK,2025-09-16 06:56,59.00,58.00,96.48,8.05,M,M
OFK,2025-09-16 07:56,63.00,62.00,96.54,0.00,M,M
OFK,2025-09-16 08:56,68.00,64.00,87.05,5.75,M,M
OFK,2025-09-16 09:45,73.00,66.00,78.74,0.00,M,M
OFK,2025-09-16 09:52,73.40,66.20,78.23,M,M,M
OFK,2025-09-16 09:56,75.00,66.00,73.64,M,M,M
OFK,2025-09-16 10:56,80.00,67.00,64.63,3.45,M,M
OFK,2025-09-16 11:56,83.00,67.00,58.64,3.45,M,M
OFK,2025-09-16 12:56,86.00,67.00,53.27,8.05,M,M
OFK,2025-09-16 13:56,85.00,66.00,53.12,M,4600.00,M
OFK,2025-09-16 14:56,86.00,65.00,49.70,6.90,M,M
OFK,2025-09-16 15:56,88.00,64.00,45.05,5.75,M,M
OFK,2025-09-16 16:56,87.00,63.00,44.89,3.45,M,M
OFK,2025-09-16 17:56,86.00,64.00,47.99,8.05,M,M
OFK,2025-09-16 18:56,81.00,66.00,60.44,4.60,M,M
OFK,2025-09-16 19:56,75.00,66.00,73.64,3.45,M,M
OFK,2025-09-16 20:56,73.00,66.00,78.74,0.00,M,M
OFK,2025-09-16 21:56,73.00,60.00,63.78,12.65,5500.00,M
OFK,2025-09-16 22:23,72.00,58.00,61.41,16.10,6000.00,M
OFK,2025-09-16 22:56,69.00,59.00,70.49,5.75,4800.00,M
OFK,2025-09-16 23:12,69.00,60.00,73.05,12.65,4700.00,M
OFK,2025-09-16 23:32,65.00,62.00,90.02,11.50,1800.00,M
OFK,2025-09-16 23:36,64.00,62.00,93.22,13.80,1600.00,M
OFK,2025-09-16 23:38,64.00,62.00,93.22,11.50,1600.00,M
OFK,2025-09-16 23:50,64.40,62.60,93.89,9.20,3100.00,M
OFK,2025-09-16 23:56,64.00,62.00,93.22,10.35,3300.00,M
OFK,2025-09-17 00:05,64.00,63.00,96.56,9.20,3500.00,M
OFK,2025-09-17 00:20,64.00,63.00,96.56,6.90,6500.00,M
OFK,2025-09-17 00:29,64.00,63.00,96.56,11.50,7000.00,M
OFK,2025-09-17 00:56,64.00,62.00,93.22,10.35,5500.00,M
OFK,2025-09-17 01:56,64.00,62.00,93.22,4.60,6500.00,M
OFK,2025-09-17 02:16,64.00,63.00,96.56,12.65,1000.00,M
OFK,2025-09-17 02:43,64.00,63.00,96.56,4.60,1200.00,M
OFK,2025-09-17 02:56,64.00,63.00,96.56,4.60,6000.00,M
OFK,2025-09-17 03:56,64.00,63.00,96.56,3.45,4200.00,M
OFK,2025-09-17 04:43,64.00,63.00,96.56,6.90,4300.00,M
OFK,2025-09-17 04:54,64.40,62.60,93.89,6.90,3900.00,M
OFK,2025-09-17 04:56,64.00,63.00,96.56,5.75,3900.00,M
OFK,2025-09-17 05:05,64.00,63.00,96.56,5.75,3900.00,M
OFK,2025-09-17 05:20,64.00,63.00,96.56,0.00,3500.00,M
OFK,2025-09-17 05:45,63.00,63.00,100.00,8.05,400.00,M
OFK,2025-09-17 05:56,63.00,63.00,100.00,5.75,300.00,M
OFK,2025-09-17 06:10,63.00,63.00,100.00,8.05,200.00,M
OFK,2025-09-17 06:40,63.00,63.00,100.00,6.90,200.00,M
OFK,2025-09-17 06:56,63.00,63.00,100.00,5.75,11000.00,M
OFK,2025-09-17 07:56,64.00,62.00,93.22,3.45,12000.00,M
OFK,2025-09-17 08:56,64.00,63.00,96.56,0.00,9500.00,M
OFK,2025-09-17 09:56,65.00,64.00,96.57,6.90,8000.00,M
OFK,2025-09-17 10:56,66.00,64.00,93.27,6.90,900.00,M
OFK,2025-09-17 11:19,66.00,64.00,93.27,8.05,1100.00,M
OFK,2025-09-17 11:56,68.00,64.00,87.05,9.20,1000.00,M
OFK,2025-09-17 12:12,68.00,64.00,87.05,10.35,1000.00,M
OFK,2025-09-17 12:56,68.00,64.00,87.05,8.05,1200.00,M
OFK,2025-09-17 13:44,69.00,65.00,87.10,8.05,1300.00,M
OFK,2025-09-17 13:56,69.00,65.00,87.10,6.90,1300.00,M
OFK,2025-09-17 14:56,68.00,64.00,87.05,10.35,1600.00,M
OFK,2025-09-17 15:17,67.00,65.00,93.30,8.05,4800.00,M
OFK,2025-09-17 15:29,66.00,65.00,96.59,8.05,5500.00,M
OFK,2025-09-17 15:38,66.00,65.00,96.59,5.75,4900.00,M
OFK,2025-09-17 15:49,67.00,65.00,93.30,5.75,4500.00,M
OFK,2025-09-17 15:56,67.00,65.00,93.30,6.90,4900.00,M
OFK,2025-09-17 16:19,68.00,66.00,93.33,9.20,800.00,M
OFK,2025-09-17 16:56,68.00,66.00,93.33,8.05,6500.00,M
OFK,2025-09-17 17:56,71.00,65.00,81.37,8.05,1500.00,M
OFK,2025-09-17 18:14,71.00,65.00,81.37,9.20,1600.00,M
OFK,2025-09-17 18:56,69.00,64.00,84.12,6.90,M,M
OFK,2025-09-17 19:56,65.00,62.00,90.02,5.75,6000.00,M
OFK,2025-09-17 20:56,65.00,62.00,90.02,0.00,2700.00,M
OFK,2025-09-17 21:56,61.00,60.00,96.51,3.45,M,M
OFK,2025-09-17 22:56,61.00,60.00,96.51,8.05,M,M
OFK,2025-09-17 23:56,61.00,59.00,93.13,5.75,M,M
OFK,2025-09-18 00:56,61.00,59.00,93.13,9.20,M,M
OFK,2025-09-18 01:56,60.00,58.00,93.10,10.35,M,M
OFK,2025-09-18 02:56,59.00,57.00,93.07,4.60,M,M
OFK,2025-09-18 03:56,58.00,56.00,93.04,4.60,M,M
OFK,2025-09-18 04:56,57.00,56.00,96.45,4.60,M,M
OFK,2025-09-18 05:56,56.00,56.00,100.00,0.00,M,M
OFK,2025-09-18 06:56,57.00,57.00,100.00,4.60,M,M
OFK,2025-09-18 07:56,58.00,57.00,96.47,3.45,M,M
OFK,2025-09-18 08:56,60.00,58.00,93.10,8.05,3800.00,M
OFK,2025-09-18 09:56,65.00,60.00,83.86,9.20,M,M
OFK,2025-09-18 10:56,69.00,60.00,73.05,9.20,M,M
OFK,2025-09-18 11:56,70.00,59.00,68.12,11.50,M,M
OFK,2025-09-18 12:56,70.00,60.00,70.59,12.65,4900.00,M
OFK,2025-09-18 13:56,72.00,61.00,68.35,11.50,M,M
OFK,2025-09-18 14:56,72.00,59.00,63.65,16.10,M,M
OFK,2025-09-18 15:56,73.00,59.00,61.54,10.35,M,M
OFK,2025-09-18 16:56,72.00,59.00,63.65,10.35,M,M
OFK,2025-09-18 17:56,72.00,58.00,61.41,6.90,M,M
OFK,2025-09-18 18:56,69.00,59.00,70.49,6.90,M,M
OFK,2025-09-18 19:56,65.00,60.00,83.86,9.20,4000.00,M
OFK,2025-09-18 20:56,63.00,60.00,89.94,3.45,4100.00,M
OFK,2025-09-18 21:56,62.00,59.00,89.89,5.75,M,M
OFK,2025-09-18 22:56,61.00,58.00,89.85,3.45,M,M
OFK,2025-09-18 23:56,61.00,57.00,86.68,0.00,M,M
OFK,2025-09-19 00:56,59.00,56.00,89.77,5.75,M,M
OFK,2025-09-19 01:56,60.00,56.00,86.62,9.20,2300.00,M
OFK,2025-09-19 02:56,60.00,56.00,86.62,6.90,2000.00,M
OFK,2025-09-19 03:56,60.00,55.00,83.54,13.80,1800.00,M
OFK,2025-09-19 04:56,59.00,55.00,86.57,9.20,2000.00,M
OFK,2025-09-19 05:56,59.00,55.00,86.57,6.90,1800.00,M
OFK,2025-09-19 06:56,59.00,55.00,86.57,9.20,2800.00,M
OFK,2025-09-19 07:29,59.00,54.00,83.47,10.35,3000.00,M
OFK,2025-09-19 07:56,59.00,54.00,83.47,8.05,3000.00,M
OFK,2025-09-19 08:17,59.00,55.00,86.57,8.05,1600.00,M
OFK,2025-09-19 08:56,60.00,55.00,83.54,9.20,1600.00,M
OFK,2025-09-19 09:56,61.00,54.00,77.73,13.80,1500.00,M
OFK,2025-09-19 10:56,62.00,55.00,77.82,10.35,1600.00,M
OFK,2025-09-19 11:56,63.00,55.00,75.13,5.75,2000.00,M
OFK,2025-09-19 12:56,63.00,55.00,75.13,6.90,2100.00,M
OFK,2025-09-19 13:03,63.00,55.00,75.13,8.05,2100.00,M
OFK,2025-09-19 13:26,64.00,55.00,72.54,6.90,2100.00,M
OFK,2025-09-19 13:56,64.00,56.00,75.22,8.05,2000.00,M
OFK,2025-09-19 14:52,66.20,55.40,68.18,5.75,2100.00,M
OFK,2025-09-19 14:56,67.00,56.00,67.78,8.05,2100.00,M
OFK,2025-09-19 15:26,68.00,56.00,65.48,5.75,2500.00,M
OFK,2025-09-19 15:38,69.00,56.00,63.27,11.50,2600.00,M
OFK,2025-09-19 15:56,70.00,56.00,61.15,8.05,M,M
OFK,2025-09-19 16:56,71.00,54.00,54.96,8.05,M,M
OFK,2025-09-19 17:56,71.00,55.00,57.00,9.20,M,M
OFK,2025-09-19 18:56,68.00,56.00,65.48,5.75,M,M
OFK,2025-09-19 19:56,61.00,57.00,86.68,6.90,M,M
OFK,2025-09-19 20:56,61.00,58.00,89.85,9.20,M,M
OFK,2025-09-19 21:56,60.00,58.00,93.10,3.45,8500.00,M
OFK,2025-09-19 22:56,60.00,58.00,93.10,5.75,8500.00,M
OFK,2025-09-19 23:56,58.00,57.00,96.47,0.00,9500.00,M
OFK,2025-09-20 00:56,58.00,57.00,96.47,0.00,8500.00,M
OFK,2025-09-20 01:56,56.00,55.00,96.44,5.75,M,M
OFK,2025-09-20 02:56,55.00,54.00,96.42,0.00,7000.00,M
OFK,2025-09-20 03:56,54.00,54.00,100.00,3.45,M,M
OFK,2025-09-20 04:56,53.00,52.00,96.39,4.60,M,M
OFK,2025-09-20 05:56,52.00,52.00,100.00,0.00,M,M
OFK,2025-09-20 06:14,52.00,52.00,100.00,0.00,1400.00,M
OFK,2025-09-20 06:28,52.00,52.00,100.00,0.00,1400.00,M
OFK,2025-09-20 06:56,52.00,52.00,100.00,0.00,M,M
OFK,2025-09-20 07:32,52.00,52.00,100.00,0.00,1500.00,M
OFK,2025-09-20 07:43,53.00,52.00,96.39,0.00,1400.00,M
OFK,2025-09-20 07:56,53.00,53.00,100.00,3.45,1300.00,M
OFK,2025-09-20 08:25,56.00,54.00,92.98,5.75,1300.00,M
OFK,2025-09-20 08:56,59.00,56.00,89.77,5.75,M,M
OFK,2025-09-20 09:56,63.00,57.00,80.77,6.90,M,M
OFK,2025-09-20 10:56,66.00,58.00,75.41,6.90,1600.00,M
OFK,2025-09-20 11:26,67.00,57.00,70.27,8.05,2300.00,M
OFK,2025-09-20 11:56,67.00,56.00,67.78,5.75,2500.00,M
OFK,2025-09-20 12:04,69.00,57.00,65.60,4.60,2500.00,M
OFK,2025-09-20 12:13,70.00,57.00,63.40,8.05,2500.00,M
OFK,2025-09-20 12:34,69.00,56.00,63.27,3.45,2700.00,M
OFK,2025-09-20 12:56,71.00,57.00,61.28,8.05,3100.00,M
OFK,2025-09-20 13:56,71.00,57.00,61.28,0.00,3400.00,M
OFK,2025-09-20 14:56,74.00,56.00,53.42,8.05,4200.00,M
OFK,2025-09-20 15:56,75.00,55.00,49.82,5.75,4500.00,M
OFK,2025-09-20 16:56,76.00,56.00,49.97,4.60,4500.00,M
OFK,2025-09-20 17:56,75.00,55.00,49.82,4.60,M,M
OFK,2025-09-20 18:56,71.00,57.00,61.28,5.75,M,M
OFK,2025-09-20 19:56,65.00,57.00,75.32,0.00,M,M
OFK,2025-09-20 20:56,61.00,56.00,83.60,4.60,M,M
OFK,2025-09-20 21:56,59.00,56.00,89.77,5.75,M,M
OFK,2025-09-20 22:56,61.00,57.00,86.68,3.45,M,M
OFK,2025-09-20 23:56,60.00,57.00,89.81,3.45,M,M
OFK,2025-09-21 00:56,58.00,57.00,96.47,0.00,M,M
OFK,2025-09-21 01:56,56.00,55.00,96.44,0.00,M,M
OFK,2025-09-21 02:56,56.00,55.00,96.44,0.00,M,M
OFK,2025-09-21 03:56,55.00,54.00,96.42,0.00,M,M
OFK,2025-09-21 04:56,54.00,54.00,100.00,3.45,M,M
OFK,2025-09-21 05:56,53.00,53.00,100.00,0.00,M,M
OFK,2025-09-21 06:56,51.00,51.00,100.00,4.60,M,M
OFK,2025-09-21 07:56,57.00,56.00,96.45,4.60,10000.00,M
OFK,2025-09-21 08:56,58.00,57.00,96.47,3.45,10000.00,M
OFK,2025-09-21 09:56,66.00,62.00,86.95,6.90,10000.00,M
OFK,2025-09-21 10:56,68.00,61.00,78.33,14.95,10000.00,M
OFK,2025-09-21 11:56,72.00,63.00,73.34,14.95,3000.00,M
OFK,2025-09-21 12:56,78.00,64.00,62.18,14.95,2800.00,M
OFK,2025-09-21 13:56,80.00,61.00,52.40,13.80,M,M
OFK,2025-09-21 14:56,82.00,61.00,49.10,9.20,M,M
OFK,2025-09-21 15:56,83.00,61.00,47.54,13.80,M,M
OFK,2025-09-21 16:56,83.00,61.00,47.54,9.20,M,M
OFK,2025-09-21 17:56,80.00,61.00,52.40,5.75,M,M
OFK,2025-09-21 18:56,77.00,64.00,64.27,9.20,M,M
OFK,2025-09-21 19:56,71.00,64.00,78.57,8.05,M,M
OFK,2025-09-21 20:56,69.00,63.00,81.22,8.05,M,M
OFK,2025-09-21 21:56,69.00,61.00,75.69,10.35,M,M
OFK,2025-09-21 22:56,66.00,60.00,81.00,10.35,M,M
OFK,2025-09-21 23:56,66.00,61.00,83.93,10.35,M,M
OFK,2025-09-22 00:56,65.00,61.00,86.89,12.65,M,M
OFK,2025-09-22 01:56,64.00,61.00,89.98,12.65,M,M
OFK,2025-09-22 02:56,65.00,61.00,86.89,11.50,M,M
OFK,2025-09-22 03:56,63.00,61.00,93.19,8.05,10000.00,M
OFK,2025-09-22 04:56,62.00,61.00,96.53,3.45,M,M
OFK,2025-09-22 05:56,61.00,60.00,96.51,3.45,10000.00,M
OFK,2025-09-22 06:56,61.00,60.00,96.51,3.45,M,M
OFK,2025-09-22 07:56,64.00,61.00,89.98,3.45,M,M
OFK,2025-09-22 08:56,67.00,63.00,87.00,8.05,11000.00,M
OFK,2025-09-22 09:56,71.00,64.00,78.57,5.75,12000.00,M
OFK,2025-09-22 10:56,75.00,65.00,71.12,5.75,12000.00,M
OFK,2025-09-22 11:56,75.00,64.00,68.68,5.75,M,M
OFK,2025-09-22 12:56,78.00,66.00,66.67,8.05,M,M
OFK,2025-09-22 13:56,81.00,66.00,60.44,9.20,M,M
OFK,2025-09-22 14:56,83.00,65.00,54.71,8.05,M,M
OFK,2025-09-22 15:56,84.00,66.00,54.85,9.20,M,M
OFK,2025-09-22 16:56,86.00,64.00,47.99,9.20,M,M
OFK,2025-09-22 17:56,85.00,63.00,47.84,4.60,M,M
OFK,2025-09-22 18:56,81.00,66.00,60.44,4.60,M,M
OFK,2025-09-22 19:56,76.00,67.00,73.73,3.45,M,M
OFK,2025-09-22 20:56,72.00,66.00,81.44,0.00,M,M
OFK,2025-09-22 21:56,71.00,65.00,81.37,3.45,M,M
OFK,2025-09-22 22:56,70.00,66.00,87.16,8.05,7000.00,M
OFK,2025-09-22 23:32,70.00,67.00,90.22,11.50,3700.00,M
OFK,2025-09-22 23:44,72.00,66.00,81.44,10.35,2800.00,M
OFK,2025-09-22 23:54,71.60,66.20,83.12,10.35,2200.00,M
OFK,2025-09-22 23:56,71.00,67.00,87.21,10.35,2200.00,M
OFK,2025-09-23 00:03,71.00,66.00,84.24,4.60,2000.00,M
OFK,2025-09-23 00:17,70.00,66.00,87.16,8.05,M,M
OFK,2025-09-23 00:56,69.00,65.00,87.10,8.05,3200.00,M
OFK,2025-09-23 01:36,66.00,62.00,86.95,12.65,3000.00,M
OFK,2025-09-23 01:51,64.40,60.80,88.10,12.65,3100.00,M
OFK,2025-09-23 01:56,64.00,61.00,89.98,12.65,3100.00,M
OFK,2025-09-23 02:09,64.00,61.00,89.98,10.35,3100.00,M
OFK,2025-09-23 02:41,63.00,61.00,93.19,4.60,3200.00,M
OFK,2025-09-23 02:56,64.00,62.00,93.22,5.75,7000.00,M
OFK,2025-09-23 03:21,65.00,62.00,90.02,9.20,6000.00,M
OFK,2025-09-23 03:56,64.00,62.00,93.22,9.20,5500.00,M
OFK,2025-09-23 04:09,63.00,62.00,96.54,10.35,5500.00,M
OFK,2025-09-23 04:28,63.00,62.00,96.54,0.00,900.00,M
OFK,2025-09-23 04:38,63.00,62.00,96.54,0.00,900.00,M
OFK,2025-09-23 04:56,63.00,62.00,96.54,8.05,800.00,M
OFK,2025-09-23 05:09,63.00,62.00,96.54,6.90,1000.00,M
OFK,2025-09-23 05:21,63.00,62.00,96.54,3.45,900.00,M
OFK,2025-09-23 05:31,63.00,62.00,96.54,4.60,1000.00,M
OFK,2025-09-23 05:56,63.00,62.00,96.54,11.50,1100.00,M
OFK,2025-09-23 06:39,63.00,61.00,93.19,9.20,1300.00,M
OFK,2025-09-23 06:53,62.60,60.80,93.84,5.75,1600.00,M
OFK,2025-09-23 06:56,63.00,61.00,93.19,4.60,1400.00,M
OFK,2025-09-23 07:07,63.00,61.00,93.19,3.45,1400.00,M
OFK,2025-09-23 07:56,63.00,60.00,89.94,8.05,2000.00,M
OFK,2025-09-23 08:56,64.00,61.00,89.98,8.05,1400.00,M
OFK,2025-09-23 09:35,65.00,61.00,86.89,9.20,1000.00,M
OFK,2025-09-23 09:56,65.00,62.00,90.02,9.20,1100.00,M
OFK,2025-09-23 10:06,65.00,62.00,90.02,6.90,1100.00,M
OFK,2025-09-23 10:56,67.00,61.00,81.07,6.90,M,M
OFK,2025-09-23 11:56,69.00,60.00,73.05,6.90,6000.00,M
OFK,2025-09-23 12:56,68.00,59.00,72.95,4.60,5500.00,M
OFK,2025-09-23 13:56,72.00,59.00,63.65,8.05,6000.00,M
OFK,2025-09-23 14:56,75.00,56.00,51.67,13.80,M,M
OFK,2025-09-23 15:56,75.00,55.00,49.82,11.50,4900.00,M
OFK,2025-09-23 16:56,75.00,53.00,46.31,16.10,5500.00,M
OFK,2025-09-23 17:56,75.00,54.00,48.04,13.80,6000.00,M
OFK,2025-09-23 18:56,71.00,55.00,57.00,6.90,5000.00,M
OFK,2025-09-23 19:56,66.00,56.00,70.16,5.75,M,M
OFK,2025-09-23 20:56,63.00,56.00,77.91,4.60,M,M
OFK,2025-09-23 22:56,59.00,56.00,89.77,4.60,M,M
OFK,2025-09-24 00:56,58.00,55.00,89.73,4.60,M,M
OFK,2025-09-24 01:56,58.00,55.00,89.73,4.60,M,M
OFK,2025-09-24 02:56,55.00,54.00,96.42,4.60,M,M
OFK,2025-09-24 03:56,56.00,54.00,92.98,5.75,M,M
OFK,2025-09-24 04:56,55.00,53.00,92.95,5.75,M,M
OFK,2025-09-24 05:56,56.00,54.00,92.98,3.45,6000.00,M
OFK,2025-09-24 06:56,57.00,55.00,93.01,3.45,6000.00,M
OFK,2025-09-24 07:56,58.00,56.00,93.04,0.00,5000.00,M
OFK,2025-09-24 08:56,61.00,57.00,86.68,3.45,5500.00,M
OFK,2025-09-24 09:56,65.00,59.00,80.92,5.75,11000.00,M
OFK,2025-09-24 10:56,70.00,60.00,70.59,3.45,M,M
OFK,2025-09-24 11:56,75.00,59.00,57.55,5.75,M,M
OFK,2025-09-24 12:56,77.00,58.00,51.96,10.35,6000.00,M
OFK,2025-09-24 13:56,77.00,59.00,53.86,11.50,4300.00,M
OFK,2025-09-24 14:56,78.00,57.00,48.50,12.65,5500.00,M
OFK,2025-09-24 15:56,80.00,57.00,45.42,13.80,5500.00,M
OFK,2025-09-24 16:56,80.00,55.00,42.25,9.20,5500.00,M
OFK,2025-09-24 17:56,75.00,58.00,55.53,5.75,6000.00,M
OFK,2025-09-24 18:56,72.00,59.00,63.65,3.45,6500.00,M
OFK,2025-09-24 19:56,67.00,60.00,78.24,0.00,9000.00,M
OFK,2025-09-24 20:56,63.00,60.00,89.94,0.00,6000.00,M
OFK,2025-09-24 21:56,60.00,58.00,93.10,0.00,M,M
OFK,2025-09-24 22:56,60.00,57.00,89.81,0.00,6000.00,M
OFK,2025-09-24 23:56,57.00,56.00,96.45,0.00,M,M
OFK,2025-09-25 00:56,59.00,57.00,93.07,3.45,M,M
OFK,2025-09-25 01:56,56.00,56.00,100.00,0.00,M,M
OFK,2025-09-25 02:56,55.00,54.00,96.42,3.45,M,M
OFK,2025-09-25 03:56,54.00,54.00,100.00,0.00,M,M
OFK,2025-09-25 04:56,55.00,54.00,96.42,0.00,M,M
OFK,2025-09-25 05:56,53.00,53.00,100.00,3.45,M,M
OFK,2025-09-25 06:56,54.00,54.00,100.00,4.60,M,M
OFK,2025-09-25 07:56,54.00,54.00,100.00,3.45,M,M
OFK,2025-09-25 08:56,60.00,57.00,89.81,3.45,M,M
OFK,2025-09-25 09:56,65.00,59.00,80.92,3.45,M,M
OFK,2025-09-25 10:56,71.00,60.00,68.23,8.05,M,M
OFK,2025-09-25 11:56,77.00,59.00,53.86,5.75,M,M
OFK,2025-09-25 12:56,79.00,54.00,42.09,0.00,M,M
OFK,2025-09-25 13:56,81.00,54.00,39.43,5.75,M,M
OFK,2025-09-25 14:56,83.00,54.00,36.96,6.90,M,M
OFK,2025-09-25 15:56,84.00,54.00,35.79,4.60,M,M
OFK,2025-09-25 16:56,84.00,51.00,32.05,3.45,M,M
OFK,2025-09-25 17:56,82.00,51.00,34.18,0.00,M,M
OFK,2025-09-25 18:56,76.00,56.00,49.97,3.45,M,M
OFK,2025-09-25 19:56,70.00,55.00,58.97,5.75,M,M
OFK,2025-09-25 20:56,64.00,56.00,75.22,4.60,M,M
OFK,2025-09-25 21:56,63.00,56.00,77.91,0.00,M,M
OFK,2025-09-25 22:56,63.00,56.00,77.91,0.00,M,M
OFK,2025-09-25 23:56,60.00,56.00,86.62,0.00,M,M
OFK,2025-09-26 00:56,59.00,56.00,89.77,0.00,M,M
OFK,2025-09-26 01:56,57.00,54.00,89.68,4.60,M,M
OFK,2025-09-26 02:56,60.00,54.00,80.54,8.05,M,M
OFK,2025-09-26 03:56,61.00,53.00,74.94,12.65,M,M
OFK,2025-09-26 04:56,59.00,52.00,77.56,0.00,M,M
OFK,2025-09-26 05:56,55.00,51.00,86.35,0.00,M,M
OFK,2025-09-26 06:56,52.00,51.00,96.37,3.45,M,M
OFK,2025-09-26 07:56,53.00,51.00,92.89,0.00,M,M
OFK,2025-09-26 08:56,61.00,55.00,80.62,0.00,M,M
OFK,2025-09-26 09:56,71.00,53.00,52.98,9.20,M,M
OFK,2025-09-26 10:56,77.00,54.00,44.95,12.65,M,M
OFK,2025-09-26 11:56,82.00,53.00,36.80,13.80,M,M
OFK,2025-09-26 12:56,83.00,50.00,31.89,14.95,M,M
OFK,2025-09-26 13:56,84.00,49.00,29.75,18.40,M,29.90
OFK,2025-09-26 14:56,85.00,49.00,28.81,16.10,M,M
OFK,2025-09-26 15:56,85.00,49.00,28.81,14.95,M,M
OFK,2025-09-26 16:56,85.00,49.00,28.81,11.50,M,M
OFK,2025-09-26 17:56,83.00,50.00,31.89,9.20,M,M
OFK,2025-09-26 18:56,75.00,51.00,43.02,6.90,M,M
OFK,2025-09-26 19:56,70.00,51.00,50.92,8.05,M,M
OFK,2025-09-26 20:56,70.00,52.00,52.83,9.20,M,M
OFK,2025-09-26 21:56,69.00,52.00,54.67,9.20,M,M
OFK,2025-09-26 22:56,67.00,52.00,58.56,9.20,M,M
OFK,2025-09-26 23:56,65.00,52.00,62.76,11.50,M,M
OFK,2025-09-27 00:56,64.00,53.00,67.43,11.50,M,M
OFK,2025-09-27 01:56,63.00,54.00,72.44,10.35,M,M
OFK,2025-09-27 02:56,63.00,54.00,72.44,10.35,M,M
OFK,2025-09-27 03:56,61.00,54.00,77.73,8.05,M,M
OFK,2025-09-27 04:56,60.00,53.00,77.65,8.05,M,M
OFK,2025-09-27 05:56,61.00,48.00,62.25,12.65,M,M
OFK,2025-09-27 06:56,59.00,46.00,61.99,9.20,M,M
OFK,2025-09-27 07:56,58.00,46.00,64.25,8.05,M,M
OFK,2025-09-27 08:56,61.00,47.00,59.95,10.35,M,M
OFK,2025-09-27 09:56,67.00,45.00,45.06,13.80,M,M
OFK,2025-09-27 10:56,69.00,44.00,40.49,14.95,M,M
OFK,2025-09-27 11:56,72.00,41.00,32.58,17.25,M,M
OFK,2025-09-27 12:56,75.00,37.00,25.20,13.80,M,M
OFK,2025-09-27 13:56,76.00,37.00,24.37,13.80,M,M
OFK,2025-09-27 14:56,78.00,35.00,21.07,12.65,M,M
OFK,2025-09-27 15:56,79.00,35.00,20.39,11.50,M,M
OFK,2025-09-27 16:56,78.00,36.00,21.93,8.05,M,M
OFK,2025-09-27 17:56,76.00,37.00,24.37,8.05,M,M
OFK,2025-09-27 18:56,72.00,39.00,30.14,0.00,M,M
OFK,2025-09-27 19:56,58.00,46.00,64.25,0.00,M,M
OFK,2025-09-27 20:56,53.00,47.00,80.00,0.00,M,M
OFK,2025-09-27 21:56,53.00,46.00,77.03,3.45,M,M
OFK,2025-09-27 22:56,52.00,45.00,76.94,0.00,M,M
OFK,2025-09-27 23:56,49.00,45.00,86.00,0.00,M,M
OFK,2025-09-28 00:56,51.00,45.00,79.84,0.00,M,M
OFK,2025-09-28 01:56,49.00,45.00,86.00,0.00,M,M
OFK,2025-09-28 02:56,48.00,44.00,85.95,0.00,M,M
OFK,2025-09-28 03:56,47.00,45.00,92.71,0.00,M,M
OFK,2025-09-28 04:56,45.00,44.00,96.26,0.00,M,M
OFK,2025-09-28 05:56,46.00,44.00,92.68,0.00,M,M
OFK,2025-09-28 06:56,46.00,44.00,92.68,0.00,M,M
OFK,2025-09-28 07:56,45.00,44.00,96.26,0.00,M,M
OFK,2025-09-28 08:56,55.00,48.00,77.21,0.00,M,M
OFK,2025-09-28 09:56,64.00,48.00,56.01,5.75,M,M
OFK,2025-09-28 10:56,73.00,46.00,38.15,10.35,M,M
OFK,2025-09-28 11:56,78.00,46.00,32.30,11.50,M,M
OFK,2025-09-28 12:56,80.00,46.00,30.25,12.65,M,M
OFK,2025-09-28 13:56,82.00,47.00,29.44,11.50,M,M
OFK,2025-09-28 14:56,84.00,46.00,26.58,12.65,M,M
OFK,2025-09-28 15:56,85.00,47.00,26.73,13.80,M,M
OFK,2025-09-28 16:56,85.00,48.00,27.75,11.50,M,M
OFK,2025-09-28 17:56,83.00,48.00,29.59,9.20,M,M
OFK,2025-09-28 18:56,76.00,50.00,40.10,8.05,M,M
OFK,2025-09-28 19:56,69.00,52.00,54.67,8.05,M,M
OFK,2025-09-28 20:56,68.00,52.00,56.58,8.05,M,M
OFK,2025-09-28 21:56,64.00,52.00,64.99,6.90,M,M
OFK,2025-09-28 22:56,62.00,52.00,69.72,0.00,M,M
OFK,2025-09-28 23:56,64.00,52.00,64.99,3.45,M,M
OFK,2025-09-29 00:56,65.00,51.00,60.49,9.20,M,M
OFK,2025-09-29 01:56,65.00,51.00,60.49,10.35,M,M
OFK,2025-09-29 02:56,64.00,52.00,64.99,8.05,M,M
OFK,2025-09-29 03:56,59.00,51.00,74.75,3.45,M,M
OFK,2025-09-29 04:56,57.00,52.00,83.34,3.45,M,M
OFK,2025-09-29 05:56,56.00,52.00,86.40,3.45,M,M
OFK,2025-09-29 06:56,55.00,52.00,89.60,3.45,M,M
OFK,2025-09-29 07:56,55.00,53.00,92.95,3.45,M,M
OFK,2025-09-29 08:56,63.00,56.00,77.91,0.00,M,M
OFK,2025-09-29 09:56,72.00,59.00,63.65,6.90,M,M
OFK,2025-09-29 10:56,78.00,58.00,50.27,6.90,M,M
OFK,2025-09-29 11:56,82.00,59.00,45.73,6.90,M,M
OFK,2025-09-29 12:56,86.00,58.00,38.80,9.20,M,M
OFK,2025-09-29 13:56,87.00,55.00,33.73,14.95,M,M
OFK,2025-09-29 14:56,87.00,54.00,32.52,13.80,M,M
OFK,2025-09-29 15:56,88.00,54.00,31.51,12.65,M,M
OFK,2025-09-29 16:56,87.00,54.00,32.52,9.20,M,M
OFK,2025-09-29 17:56,84.00,54.00,35.79,6.90,M,M
OFK,2025-09-29 18:56,79.00,56.00,45.26,8.05,M,M
OFK,2025-09-29 19:56,75.00,57.00,53.57,9.20,M,M
OFK,2025-09-29 20:56,76.00,56.00,49.97,11.50,M,M
OFK,2025-09-29 21:56,74.00,57.00,55.39,12.65,M,M
OFK,2025-09-29 22:56,73.00,57.00,57.28,9.20,M,M
OFK,2025-09-29 23:56,71.00,56.00,59.11,10.35,M,M
OFK,2025-09-30 00:56,70.00,56.00,61.15,9.20,M,M
OFK,2025-09-30 01:56,68.00,55.00,63.15,8.05,M,M
OFK,2025-09-30 02:56,67.00,56.00,67.78,9.20,M,M
OFK,2025-09-30 03:56,64.00,56.00,75.22,6.90,M,M
OFK,2025-09-30 04:56,62.00,56.00,80.70,5.75,M,M
OFK,2025-09-30 05:56,63.00,57.00,80.77,8.05,M,M
OFK,2025-09-30 06:56,63.00,57.00,80.77,9.20,M,M
OFK,2025-09-30 07:56,64.00,57.00,77.99,9.20,M,M
OFK,2025-09-30 08:56,66.00,57.00,72.74,9.20,M,M
OFK,2025-09-30 09:56,68.00,58.00,70.38,9.20,M,M
OFK,2025-09-30 10:56,71.00,58.00,63.53,11.50,M,M
OFK,2025-09-30 11:56,74.00,58.00,57.42,12.65,M,M
OFK,2025-09-30 12:56,76.00,57.00,51.81,14.95,M,M
OFK,2025-09-30 13:56,76.00,56.00,49.97,13.80,M,M
OFK,2025-09-30 14:56,77.00,57.00,50.12,17.25,M,M
OFK,2025-09-30 15:56,76.00,56.00,49.97,12.65,M,M
OFK,2025-09-30 16:56,75.00,57.00,53.57,9.20,M,M
OFK,2025-09-30 17:56,74.00,56.00,53.42,11.50,M,M
OFK,2025-09-30 18:56,73.00,55.00,53.28,10.35,M,M
OFK,2025-09-30 19:56,69.00,55.00,61.02,4.60,M,M
OFK,2025-09-30 20:56,70.00,55.00,58.97,10.35,M,M
OFK,2025-09-30 21:56,69.00,55.00,61.02,10.35,M,M
OFK,2025-09-30 22:56,67.00,55.00,65.36,9.20,M,M
OFK,2025-09-30 23:56,66.00,55.00,67.66,9.20,M,M
OFK,2025-10-01 00:56,65.00,55.00,70.05,8.05,M,M
OFK,2025-10-01 01:56,64.00,55.00,72.54,8.05,M,M
OFK,2025-10-01 02:56,65.00,55.00,70.05,8.05,M,M
OFK,2025-10-01 03:56,63.00,55.00,75.13,6.90,M,M
OFK,2025-10-01 04:56,62.00,54.00,75.03,6.90,M,M
OFK,2025-10-01 05:56,62.00,54.00,75.03,9.20,M,M
OFK,2025-10-01 06:56,60.00,54.00,80.54,6.90,M,M
OFK,2025-10-01 07:56,63.00,54.00,72.44,9.20,8000.00,M
OFK,2025-10-01 08:56,66.00,55.00,67.66,8.05,M,M
OFK,2025-10-01 09:56,71.00,56.00,59.11,9.20,7000.00,M
OFK,2025-10-01 10:56,69.00,56.00,63.27,11.50,5000.00,M
OFK,2025-10-01 11:56,67.00,58.00,72.85,11.50,4400.00,M
OFK,2025-10-01 12:56,74.00,60.00,61.67,5.75,4700.00,M
OFK,2025-10-01 13:56,77.00,57.00,50.12,10.35,M,M
OFK,2025-10-01 14:56,80.00,57.00,45.42,10.35,M,M
OFK,2025-10-01 15:56,83.00,56.00,39.74,14.95,M,M
OFK,2025-10-01 16:56,83.00,56.00,39.74,12.65,6500.00,M
OFK,2025-10-01 17:56,82.00,56.00,41.05,10.35,M,M
OFK,2025-10-01 18:56,74.00,57.00,55.39,8.05,M,M
OFK,2025-10-01 19:56,71.00,56.00,59.11,8.05,M,M
OFK,2025-10-01 20:56,69.00,56.00,63.27,5.75,M,M
OFK,2025-10-01 21:56,66.00,55.00,67.66,6.90,M,M
OFK,2025-10-01 22:56,67.00,55.00,65.36,10.35,M,M
OFK,2025-10-01 23:56,65.00,55.00,70.05,9.20,M,M
OFK,2025-10-02 00:56,64.00,55.00,72.54,9.20,M,M
OFK,2025-10-02 01:56,64.00,56.00,75.22,10.35,M,M
OFK,2025-10-02 02:56,62.00,56.00,80.70,6.90,M,M
OFK,2025-10-02 03:56,64.00,56.00,75.22,9.20,M,M
OFK,2025-10-02 04:56,63.00,56.00,77.91,9.20,M,M
OFK,2025-10-02 05:56,62.00,56.00,80.70,6.90,M,M
OFK,2025-10-02 06:56,58.00,55.00,89.73,4.60,M,M
OFK,2025-10-02 07:56,57.00,54.00,89.68,0.00,M,M
OFK,2025-10-02 08:56,66.00,57.00,72.74,4.60,M,M
OFK,2025-10-02 09:56,72.00,58.00,61.41,12.65,M,M
OFK,2025-10-02 10:56,75.00,59.00,57.55,11.50,M,M
OFK,2025-10-02 11:56,79.00,59.00,50.42,8.05,M,M
OFK,2025-10-02 12:56,83.00,57.00,41.21,8.05,M,M
OFK,2025-10-02 13:56,86.00,56.00,36.10,4.60,M,M
OFK,2025-10-02 14:56,87.00,56.00,34.97,8.05,M,M
OFK,2025-10-02 15:56,88.00,54.00,31.51,6.90,M,M
OFK,2025-10-02 16:56,87.00,54.00,32.52,8.05,M,M
OFK,2025-10-02 17:56,85.00,56.00,37.27,6.90,M,M
OFK,2025-10-02 18:56,77.00,57.00,50.12,5.75,M,M
OFK,2025-10-02 19:56,74.00,56.00,53.42,8.05,M,M
OFK,2025-10-02 20:56,72.00,57.00,59.24,8.05,M,M
OFK,2025-10-02 21:56,68.00,58.00,70.38,4.60,M,M
OFK,2025-10-02 22:56,66.00,58.00,75.41,3.45,M,M
OFK,2025-10-02 23:56,65.00,58.00,78.08,4.60,M,M
OFK,2025-10-03 00:56,67.00,59.00,75.50,9.20,M,M
OFK,2025-10-03 01:56,68.00,59.00,72.95,11.50,M,M
OFK,2025-10-03 02:56,66.00,58.00,75.41,12.65,M,M
OFK,2025-10-03 03:56,66.00,59.00,78.16,12.65,M,M
OFK,2025-10-03 04:56,64.00,59.00,83.80,10.35,M,M
OFK,2025-10-03 05:56,62.00,58.00,86.73,4.60,M,M
OFK,2025-10-03 06:56,58.00,56.00,93.04,4.60,M,M
OFK,2025-10-03 07:56,58.00,57.00,96.47,4.60,M,M
OFK,2025-10-03 08:56,66.00,60.00,81.00,6.90,M,M
OFK,2025-10-03 09:56,72.00,61.00,68.35,10.35,M,M
OFK,2025-10-03 10:56,77.00,61.00,57.83,10.35,M,M
OFK,2025-10-03 11:56,81.00,61.00,50.72,11.50,M,M
OFK,2025-10-03 12:56,85.00,61.00,44.58,17.25,M,M
OFK,2025-10-03 13:56,87.00,60.00,40.38,14.95,M,M
OFK,2025-10-03 14:56,88.00,60.00,39.12,13.80,M,M
OFK,2025-10-03 15:56,89.00,57.00,34.04,14.95,M,29.90
OFK,2025-10-03 16:56,89.00,57.00,34.04,12.65,M,M
OFK,2025-10-03 17:56,86.00,58.00,38.80,10.35,M,M
OFK,2025-10-03 18:56,81.00,58.00,45.57,9.20,M,M
OFK,2025-10-03 19:56,77.00,58.00,51.96,8.05,M,M
OFK,2025-10-03 20:56,76.00,59.00,55.67,11.50,M,M
OFK,2025-10-03 21:56,75.00,59.00,57.55,12.65,M,M
OFK,2025-10-03 22:56,73.00,59.00,61.54,13.80,M,M
OFK,2025-10-03 23:56,73.00,60.00,63.78,17.25,M,M
OFK,2025-10-04 00:56,74.00,61.00,63.90,14.95,M,29.90
OFK,2025-10-04 01:56,73.00,61.00,66.08,17.25,M,29.90
OFK,2025-10-04 02:56,71.00,61.00,70.70,17.25,M,31.05
OFK,2025-10-04 03:56,71.00,61.00,70.70,18.40,M,31.05
OFK,2025-10-04 04:56,71.00,61.00,70.70,18.40,M,29.90
OFK,2025-10-04 05:56,71.00,60.00,68.23,19.55,M,32.20
OFK,2025-10-04 06:56,70.00,60.00,70.59,18.40,M,31.05
OFK,2025-10-04 07:56,70.00,60.00,70.59,18.40,M,32.20
OFK,2025-10-04 08:56,73.00,60.00,63.78,19.55,M,35.65
OFK,2025-10-04 09:56,76.00,60.00,57.69,23.00,M,37.95
OFK,2025-10-04 10:56,77.00,59.00,53.86,21.85,M,39.10
OFK,2025-10-04 11:56,83.00,59.00,44.27,21.85,M,40.25
OFK,2025-10-04 12:56,86.00,59.00,40.22,23.00,M,40.25
OFK,2025-10-04 13:56,87.00,58.00,37.59,25.30,M,41.40
OFK,2025-10-04 14:52,89.60,57.20,33.65,23.00,800.00,40.25
OFK,2025-10-04 14:56,89.00,57.00,34.04,25.30,800.00,40.25
OFK,2025-10-04 15:56,89.00,57.00,34.04,23.00,12000.00,43.70
OFK,2025-10-04 16:56,88.00,57.00,35.13,24.15,M,42.55
OFK,2025-10-04 17:56,86.00,58.00,38.80,19.55,M,40.25
OFK,2025-10-04 18:56,82.00,58.00,44.12,21.85,M,37.95
OFK,2025-10-04 19:56,79.00,58.00,48.65,16.10,M,32.20
OFK,2025-10-04 20:56,77.00,59.00,53.86,18.40,M,32.20
OFK,2025-10-04 21:56,76.00,59.00,55.67,21.85,M,34.50
OFK,2025-10-04 22:56,74.00,58.00,57.42,21.85,M,40.25
OFK,2025-10-04 23:56,73.00,56.00,55.24,21.85,M,35.65
OFK,2025-10-05 00:56,71.00,55.00,57.00,24.15,M,35.65
OFK,2025-10-05 01:56,70.00,54.00,56.86,20.70,M,39.10
OFK,2025-10-05 02:56,70.00,53.00,54.81,18.40,12000.00,36.80
OFK,2025-10-05 03:56,69.00,52.00,54.67,17.25,9500.00,32.20
OFK,2025-10-05 04:56,69.00,53.00,56.72,17.25,7000.00,M
OFK,2025-10-05 05:56,67.00,53.00,60.75,12.65,M,M
OFK,2025-10-05 06:56,67.00,53.00,60.75,14.95,M,M
OFK,2025-10-05 07:56,67.00,52.00,58.56,18.40,11000.00,M
OFK,2025-10-05 08:56,68.00,53.00,58.70,16.10,M,M
OFK,2025-10-05 09:56,69.00,53.00,56.72,16.10,M,29.90
OFK,2025-10-05 10:56,73.00,54.00,51.37,18.40,M,33.35
OFK,2025-10-05 11:56,75.00,54.00,48.04,16.10,5500.00,32.20
OFK,2025-10-05 12:56,75.00,55.00,49.82,13.80,6500.00,29.90
OFK,2025-10-05 13:56,76.00,54.00,46.47,10.35,6500.00,M
OFK,2025-10-05 14:56,74.00,48.00,39.78,10.35,7000.00,M
OFK,2025-10-05 15:56,72.00,49.00,44.17,10.35,7500.00,M
OFK,2025-10-05 16:56,73.00,50.00,44.33,13.80,8500.00,M
OFK,2025-10-05 17:56,68.00,52.00,56.58,17.25,8500.00,29.90
OFK,2025-10-05 18:56,64.00,50.00,60.35,14.95,8000.00,M
OFK,2025-10-05 19:56,62.00,49.00,62.38,14.95,9000.00,M
OFK,2025-10-05 20:56,59.00,49.00,69.39,11.50,M,M
OFK,2025-10-05 21:56,55.00,48.00,77.21,8.05,M,M
OFK,2025-10-05 22:56,55.00,47.00,74.36,11.50,M,M
OFK,2025-10-05 23:56,53.00,45.00,74.16,9.20,M,M
OFK,2025-10-06 00:56,53.00,45.00,74.16,11.50,M,M
OFK,2025-10-06 01:56,51.00,44.00,76.85,5.75,M,M
OFK,2025-10-06 02:56,51.00,44.00,76.85,5.75,M,M
OFK,2025-10-06 03:56,50.00,43.00,76.76,8.05,M,M
OFK,2025-10-06 04:56,51.00,43.00,73.96,8.05,5000.00,M
OFK,2025-10-06 05:56,50.00,43.00,76.76,5.75,5000.00,M
OFK,2025-10-06 06:56,50.00,43.00,76.76,9.20,5000.00,M
OFK,2025-10-06 07:56,49.00,43.00,79.68,9.20,5500.00,M
OFK,2025-10-06 08:56,49.00,44.00,82.79,10.35,8000.00,M
OFK,2025-10-06 09:56,52.00,43.00,71.28,10.35,11000.00,M
OFK,2025-10-06 10:56,50.00,43.00,76.76,11.50,10000.00,M
OFK,2025-10-06 11:56,52.00,43.00,71.28,6.90,11000.00,M
OFK,2025-10-06 12:56,55.00,43.00,63.87,6.90,12000.00,M
OFK,2025-10-06 13:56,57.00,42.00,57.16,8.05,11000.00,M
OFK,2025-10-06 14:56,58.00,40.00,51.03,8.05,11000.00,M
OFK,2025-10-06 15:56,61.00,40.00,45.85,6.90,10000.00,M
OFK,2025-10-06 16:56,62.00,40.00,44.26,10.35,8000.00,M
OFK,2025-10-06 17:56,61.00,38.00,42.41,9.20,10000.00,M
OFK,2025-10-06 18:56,60.00,37.00,42.24,9.20,10000.00,M
OFK,2025-10-06 19:56,57.00,38.00,48.92,4.60,10000.00,M
OFK,2025-10-06 20:56,53.00,38.00,56.59,0.00,10000.00,M
OFK,2025-10-06 21:56,49.00,41.00,73.76,3.45,10000.00,M
OFK,2025-10-06 22:56,45.00,41.00,85.77,3.45,M,M
OFK,2025-10-06 23:56,44.00,39.00,82.43,5.75,M,M
OFK,2025-10-07 00:56,42.00,38.00,85.59,6.90,M,M
OFK,2025-10-07 01:56,41.00,38.00,88.96,4.60,M,M
OFK,2025-10-07 02:56,40.00,38.00,92.48,4.60,M,M
OFK,2025-10-07 03:56,39.00,37.00,92.45,4.60,M,M
OFK,2025-10-07 04:56,40.00,38.00,92.48,0.00,M,M
OFK,2025-10-07 05:56,37.00,36.00,96.12,4.60,M,M
OFK,2025-10-07 06:56,38.00,36.00,92.42,0.00,M,M
OFK,2025-10-07 07:56,38.00,37.00,96.14,3.45,M,M
OFK,2025-10-07 08:56,45.00,41.00,85.77,0.00,M,M
OFK,2025-10-07 09:56,51.00,42.00,71.17,3.45,M,M
OFK,2025-10-07 10:56,59.00,40.00,49.24,3.45,M,M
OFK,2025-10-07 11:56,63.00,41.00,44.42,8.05,M,M
OFK,2025-10-07 12:56,64.00,41.00,42.89,6.90,6000.00,M
OFK,2025-10-07 13:56,65.00,40.00,39.84,4.60,6000.00,M
OFK,2025-10-07 14:56,68.00,39.00,34.54,5.75,6000.00,M
OFK,2025-10-07 15:56,68.00,38.00,33.22,5.75,6500.00,M
OFK,2025-10-07 16:56,66.00,37.00,34.22,M,7500.00,M
OFK,2025-10-07 17:56,66.00,38.00,35.59,0.00,M,M
OFK,2025-10-07 18:56,62.00,40.00,44.26,4.60,M,M
OFK,2025-10-07 19:56,47.00,41.00,79.51,3.45,M,M
OFK,2025-10-07 20:56,47.00,41.00,79.51,0.00,M,M
OFK,2025-10-07 21:56,46.00,40.00,79.43,0.00,M,M
OFK,2025-10-07 22:56,44.00,40.00,85.71,0.00,M,M
OFK,2025-10-07 23:56,44.00,40.00,85.71,0.00,M,M
OFK,2025-10-08 00:56,44.00,40.00,85.71,0.00,M,M
OFK,2025-10-08 01:56,42.00,41.00,96.21,0.00,M,M
OFK,2025-10-08 02:56,41.00,39.00,92.51,0.00,M,M
OFK,2025-10-08 03:56,39.00,39.00,100.00,0.00,M,M
OFK,2025-10-08 04:56,40.00,39.00,96.18,0.00,M,M
OFK,2025-10-08 05:56,38.00,38.00,100.00,3.45,M,M
OFK,2025-10-08 06:56,39.00,38.00,96.16,0.00,M,M
OFK,2025-10-08 07:56,38.00,37.00,96.14,3.45,M,M
OFK,2025-10-08 08:56,45.00,41.00,85.77,4.60,M,M
OFK,2025-10-08 09:56,53.00,45.00,74.16,6.90,M,M
OFK,2025-10-08 10:56,63.00,45.00,51.79,9.20,M,M
OFK,2025-10-08 11:56,66.00,41.00,40.01,16.10,M,M
OFK,2025-10-08 12:56,68.00,40.00,35.92,14.95,M,M
OFK,2025-10-08 13:56,69.00,41.00,36.08,16.10,M,M
OFK,2025-10-08 14:56,70.00,41.00,34.87,17.25,M,M
OFK,2025-10-08 15:56,70.00,41.00,34.87,13.80,M,M
OFK,2025-10-08 16:56,69.00,42.00,37.50,11.50,M,M
OFK,2025-10-08 17:56,68.00,42.00,38.81,12.65,M,M
OFK,2025-10-08 18:56,63.00,42.00,46.17,9.20,M,M
OFK,2025-10-08 19:56,59.00,42.00,53.20,8.05,M,M
OFK,2025-10-08 20:56,61.00,42.00,49.55,9.20,7000.00,M
OFK,2025-10-08 21:56,61.00,44.00,53.50,10.35,7000.00,M
OFK,2025-10-08 22:56,59.00,44.00,57.44,11.50,8000.00,M
OFK,2025-10-08 23:56,58.00,44.00,59.54,9.20,6000.00,M
OFK,2025-10-09 00:56,58.00,44.00,59.54,10.35,5500.00,M
OFK,2025-10-09 01:56,58.00,45.00,61.85,8.05,5000.00,M
OFK,2025-10-09 02:56,59.00,45.00,59.68,8.05,5500.00,M
OFK,2025-10-09 03:56,59.00,45.00,59.68,10.35,6000.00,M
OFK,2025-10-09 04:56,58.00,45.00,61.85,12.65,6000.00,M
OFK,2025-10-09 05:56,58.00,46.00,64.25,10.35,4700.00,M
OFK,2025-10-09 06:56,56.00,45.00,66.48,8.05,M,M
OFK,2025-10-09 07:56,55.00,45.00,68.94,11.50,M,M
OFK,2025-10-09 08:56,59.00,45.00,59.68,14.95,M,M
OFK,2025-10-09 09:56,63.00,47.00,55.87,17.25,M,M
OFK,2025-10-09 10:56,67.00,50.00,54.38,18.40,M,M
OFK,2025-10-09 11:56,72.00,54.00,53.13,18.40,M,M
OFK,2025-10-09 12:56,75.00,57.00,53.57,14.95,M,M
OFK,2025-10-09 13:56,78.00,58.00,50.27,19.55,M,M
OFK,2025-10-09 14:56,80.00,60.00,50.57,16.10,M,32.20
OFK,2025-10-09 15:56,82.00,61.00,49.10,16.10,M,M
OFK,2025-10-09 16:56,82.00,60.00,47.39,17.25,M,32.20
OFK,2025-10-09 17:56,80.00,60.00,50.57,17.25,4800.00,M
OFK,2025-10-09 18:56,75.00,61.00,61.80,5.75,4900.00,M
OFK,2025-10-09 19:56,71.00,61.00,70.70,4.60,4900.00,M
OFK,2025-10-09 20:56,68.00,60.00,75.59,5.75,M,M
OFK,2025-10-09 21:56,65.00,60.00,83.86,0.00,M,M
OFK,2025-10-09 22:56,61.00,58.00,89.85,0.00,M,M
OFK,2025-10-09 23:56,59.00,57.00,93.07,5.75,M,M
OFK,2025-10-10 00:56,58.00,56.00,93.04,8.05,M,M
OFK,2025-10-10 01:56,56.00,55.00,96.44,8.05,M,M
OFK,2025-10-10 02:56,54.00,53.00,96.40,5.75,M,M
OFK,2025-10-10 03:56,52.00,51.00,96.37,4.60,M,M
OFK,2025-10-10 04:56,52.00,51.00,96.37,4.60,M,M
OFK,2025-10-10 05:56,52.00,51.00,96.37,6.90,M,M
OFK,2025-10-10 06:56,50.00,49.00,96.34,6.90,M,M
OFK,2025-10-10 07:56,51.00,49.00,92.83,9.20,M,M
OFK,2025-10-10 08:56,55.00,51.00,86.35,10.35,M,M
OFK,2025-10-10 09:56,58.00,51.00,77.47,12.65,M,M
OFK,2025-10-10 10:56,64.00,51.00,62.64,8.05,M,M
OFK,2025-10-10 11:56,69.00,49.00,48.91,10.35,M,M
OFK,2025-10-10 12:56,72.00,44.00,36.56,10.35,M,M
OFK,2025-10-10 13:56,73.00,41.00,31.50,8.05,M,M
OFK,2025-10-10 14:56,75.00,40.00,28.34,9.20,M,M
OFK,2025-10-10 15:56,76.00,39.00,26.36,10.35,M,M
OFK,2025-10-10 16:56,74.00,38.00,27.10,8.05,M,M
OFK,2025-10-10 17:56,72.00,39.00,30.14,8.05,M,M
OFK,2025-10-10 18:56,65.00,40.00,39.84,4.60,M,M
OFK,2025-10-10 19:56,57.00,41.00,54.99,0.00,M,M
OFK,2025-10-10 20:56,57.00,40.00,52.90,0.00,M,M
OFK,2025-10-10 21:56,55.00,37.00,50.57,3.45,M,M
OFK,2025-10-10 22:56,55.00,38.00,52.60,4.60,M,M
OFK,2025-10-10 23:56,54.00,38.00,54.55,5.75,M,M
OFK,2025-10-11 00:56,55.00,38.00,52.60,4.60,M,M
OFK,2025-10-11 01:56,52.00,39.00,61.05,4.60,M,M
OFK,2025-10-11 02:56,52.00,39.00,61.05,5.75,M,M
OFK,2025-10-11 03:56,54.00,38.00,54.55,9.20,M,M
OFK,2025-10-11 04:56,52.00,38.00,58.71,6.90,M,M
OFK,2025-10-11 05:56,54.00,37.00,52.45,6.90,M,M
OFK,2025-10-11 06:56,55.00,38.00,52.60,9.20,8500.00,M
OFK,2025-10-11 07:56,55.00,38.00,52.60,8.05,M,M
OFK,2025-10-11 08:56,55.00,39.00,54.70,8.05,10000.00,M
OFK,2025-10-11 09:05,55.00,39.00,54.70,8.05,11000.00,M
OFK,2025-10-11 09:35,55.00,41.00,59.13,11.50,M,M
OFK,2025-10-11 09:56,56.00,41.00,57.02,11.50,9000.00,M
OFK,2025-10-11 10:56,60.00,45.00,57.59,16.10,M,M
OFK,2025-10-11 11:56,63.00,50.00,62.51,17.25,5500.00,M
OFK,2025-10-11 12:56,66.00,52.00,60.62,18.40,M,M
OFK,2025-10-11 13:56,71.00,53.00,52.98,19.55,M,31.05
OFK,2025-10-11 14:56,71.00,53.00,52.98,17.25,M,36.80
OFK,2025-10-11 15:56,74.00,54.00,49.67,17.25,M,32.20
OFK,2025-10-11 16:56,74.00,54.00,49.67,21.85,M,37.95
OFK,2025-10-11 17:56,73.00,54.00,51.37,19.55,M,34.50
OFK,2025-10-11 18:56,69.00,52.00,54.67,17.25,M,M
OFK,2025-10-11 19:56,68.00,53.00,58.70,16.10,M,M
OFK,2025-10-11 20:56,68.00,52.00,56.58,17.25,M,29.90
OFK,2025-10-11 21:56,67.00,52.00,58.56,19.55,M,31.05
OFK,2025-10-11 22:56,67.00,53.00,60.75,21.85,M,32.20
OFK,2025-10-11 23:56,67.00,53.00,60.75,23.00,12000.00,34.50
OFK,2025-10-12 00:56,67.00,54.00,63.02,16.10,M,36.80
OFK,2025-10-12 01:56,66.00,55.00,67.66,16.10,12000.00,31.05
OFK,2025-10-12 02:56,67.00,55.00,65.36,19.55,12000.00,32.20
OFK,2025-10-12 03:56,66.00,55.00,67.66,19.55,9500.00,33.35
OFK,2025-10-12 04:56,66.00,55.00,67.66,17.25,9000.00,29.90
OFK,2025-10-12 05:56,66.00,56.00,70.16,24.15,8500.00,34.50
OFK,2025-10-12 06:56,65.00,56.00,72.64,16.10,M,41.40
OFK,2025-10-12 07:56,65.00,56.00,72.64,11.50,M,32.20
OFK,2025-10-12 08:56,68.00,56.00,65.48,14.95,M,M
OFK,2025-10-12 09:56,71.00,56.00,59.11,18.40,M,32.20
OFK,2025-10-12 10:56,76.00,56.00,49.97,21.85,M,35.65
OFK,2025-10-12 11:56,79.00,55.00,43.65,16.10,M,31.05
OFK,2025-10-12 12:56,82.00,55.00,39.59,16.10,M,M
OFK,2025-10-12 13:56,83.00,56.00,39.74,16.10,M,M
OFK,2025-10-12 14:56,84.00,55.00,37.11,9.20,6500.00,M
OFK,2025-10-12 15:56,81.00,56.00,42.40,9.20,7000.00,M
OFK,2025-10-12 16:56,75.00,49.00,39.94,20.70,6000.00,37.95
OFK,2025-10-12 17:56,70.00,46.00,42.22,23.00,6500.00,36.80
OFK,2025-10-12 18:56,68.00,48.00,48.76,14.95,7000.00,34.50
OFK,2025-10-12 19:56,66.00,47.00,50.31,13.80,7000.00,34.50
OFK,2025-10-12 20:56,64.00,44.00,48.14,16.10,8000.00,32.20
OFK,2025-10-12 21:56,60.00,41.00,49.39,21.85,8500.00,29.90
OFK,2025-10-12 22:56,58.00,42.00,55.14,13.80,8500.00,M
OFK,2025-10-12 23:56,56.00,43.00,61.59,10.35,8500.00,M
OFK,2025-10-13 00:56,53.00,43.00,68.71,8.05,10000.00,M
OFK,2025-10-13 01:56,48.00,42.00,79.59,6.90,M,M
OFK,2025-10-13 02:56,51.00,42.00,71.17,12.65,9000.00,M
OFK,2025-10-13 03:56,50.00,39.00,65.75,12.65,M,M
OFK,2025-10-13 04:56,48.00,36.00,62.96,10.35,10000.00,M
OFK,2025-10-13 05:56,46.00,36.00,67.89,11.50,M,M
OFK,2025-10-13 06:56,46.00,36.00,67.89,10.35,M,M
OFK,2025-10-13 07:56,46.00,35.00,65.24,13.80,11000.00,M
OFK,2025-10-13 08:56,47.00,34.00,60.37,12.65,M,M
OFK,2025-10-13 09:56,51.00,32.00,47.98,17.25,M,M
OFK,2025-10-13 10:56,52.00,33.00,48.14,12.65,M,M
OFK,2025-10-13 11:56,56.00,33.00,41.59,11.50,M,M
OFK,2025-10-13 12:56,59.00,33.00,37.33,10.35,12000.00,M
OFK,2025-10-13 13:56,60.00,31.00,33.23,9.20,M,M
OFK,2025-10-13 14:56,61.00,32.00,33.40,8.05,11000.00,M
OFK,2025-10-13 15:56,60.00,31.00,33.23,12.65,10000.00,M
OFK,2025-10-13 16:56,58.00,36.00,43.62,9.20,9500.00,M
OFK,2025-10-13 17:56,58.00,34.00,40.28,8.05,9500.00,M
OFK,2025-10-13 18:56,57.00,36.00,45.21,3.45,8500.00,M
OFK,2025-10-13 19:56,53.00,42.00,66.11,4.60,7500.00,M
OFK,2025-10-13 20:56,53.00,44.00,71.39,4.60,7000.00,M
OFK,2025-10-13 21:56,54.00,44.00,68.82,0.00,6000.00,M
OFK,2025-10-13 22:56,55.00,41.00,59.13,4.60,5500.00,M
OFK,2025-10-13 23:56,55.00,41.00,59.13,6.90,5000.00,M
OFK,2025-10-14 00:56,55.00,40.00,56.87,10.35,4800.00,M
OFK,2025-10-14 01:56,55.00,39.00,54.70,5.75,4500.00,M
OFK,2025-10-14 02:56,54.00,39.00,56.73,6.90,4500.00,M
OFK,2025-10-14 03:56,52.00,42.00,68.59,9.20,4200.00,M
OFK,2025-10-14 04:56,53.00,41.00,63.61,10.35,4400.00,M
OFK,2025-10-14 05:56,53.00,40.00,61.19,8.05,3600.00,M
OFK,2025-10-14 06:33,52.00,42.00,68.59,6.90,2800.00,M
OFK,2025-10-14 06:56,49.00,45.00,86.00,10.35,1900.00,M
OFK,2025-10-14 07:39,48.00,47.00,96.31,5.75,700.00,M
OFK,2025-10-14 07:56,48.00,47.00,96.31,10.35,500.00,M
OFK,2025-10-14 08:56,48.00,47.00,96.31,10.35,500.00,M
OFK,2025-10-14 09:05,48.00,47.00,96.31,10.35,500.00,M
OFK,2025-10-14 09:23,48.00,47.00,96.31,9.20,500.00,M
OFK,2025-10-14 09:49,48.00,48.00,100.00,12.65,500.00,M
OFK,2025-10-14 09:56,48.00,47.00,96.31,9.20,500.00,M
OFK,2025-10-14 10:37,49.00,48.00,96.32,9.20,500.00,M
OFK,2025-10-14 10:56,49.00,48.00,96.32,9.20,500.00,M
OFK,2025-10-14 11:56,50.00,49.00,96.34,9.20,600.00,M
OFK,2025-10-14 12:53,51.80,50.00,93.55,6.90,500.00,M
OFK,2025-10-14 12:56,51.00,50.00,96.36,6.90,500.00,M
OFK,2025-10-14 13:05,51.00,50.00,96.36,6.90,500.00,M
OFK,2025-10-14 13:56,52.00,50.00,92.86,8.05,500.00,M
OFK,2025-10-14 14:49,52.00,51.00,96.37,6.90,500.00,M
OFK,2025-10-14 14:56,52.00,51.00,96.37,4.60,500.00,M
OFK,2025-10-14 15:08,52.00,51.00,96.37,6.90,300.00,M
OFK,2025-10-14 15:15,52.00,51.00,96.37,5.75,400.00,M
OFK,2025-10-14 15:42,52.00,51.00,96.37,4.60,400.00,M
OFK,2025-10-14 15:47,52.00,51.00,96.37,5.75,400.00,M
OFK,2025-10-14 15:56,52.00,51.00,96.37,4.60,400.00,M
OFK,2025-10-14 16:56,53.00,52.00,96.39,8.05,500.00,M
OFK,2025-10-14 17:27,53.00,52.00,96.39,8.05,400.00,M
OFK,2025-10-14 17:38,53.00,52.00,96.39,5.75,300.00,M
OFK,2025-10-14 17:56,53.00,52.00,96.39,6.90,300.00,M
OFK,2025-10-14 18:56,53.00,53.00,100.00,4.60,200.00,M
OFK,2025-10-14 19:40,53.00,53.00,100.00,5.75,200.00,M
OFK,2025-10-14 19:56,53.00,53.00,100.00,5.75,200.00,M
OFK,2025-10-14 20:56,53.00,53.00,100.00,4.60,200.00,M
OFK,2025-10-14 21:56,53.00,53.00,100.00,4.60,200.00,M
OFK,2025-10-14 22:56,53.00,53.00,100.00,4.60,200.00,M
OFK,2025-10-14 23:42,53.00,53.00,100.00,3.45,300.00,M
OFK,2025-10-14 23:48,54.00,53.00,96.40,3.45,300.00,M
OFK,2025-10-14 23:56,54.00,53.00,96.40,3.45,300.00,M
OFK,2025-10-15 00:30,54.00,54.00,100.00,3.45,300.00,M
OFK,2025-10-15 00:44,54.00,54.00,100.00,4.60,200.00,M
OFK,2025-10-15 00:56,54.00,54.00,100.00,4.60,200.00,M
OFK,2025-10-15 01:23,54.00,54.00,100.00,5.75,200.00,M
OFK,2025-10-15 01:56,54.00,54.00,100.00,6.90,200.00,M
OFK,2025-10-15 02:14,54.00,54.00,100.00,8.05,700.00,M
OFK,2025-10-15 02:56,54.00,54.00,100.00,5.75,500.00,M
OFK,2025-10-15 03:43,54.00,54.00,100.00,4.60,400.00,M
OFK,2025-10-15 03:56,54.00,54.00,100.00,3.45,400.00,M
OFK,2025-10-15 04:56,54.00,54.00,100.00,4.60,400.00,M
OFK,2025-10-15 05:56,55.00,54.00,96.42,3.45,300.00,M
OFK,2025-10-15 06:56,55.00,55.00,100.00,4.60,400.00,M
OFK,2025-10-15 07:56,55.00,55.00,100.00,5.75,200.00,M
OFK,2025-10-15 08:21,56.00,55.00,96.44,6.90,200.00,M
OFK,2025-10-15 08:28,56.00,56.00,100.00,6.90,200.00,M
OFK,2025-10-15 08:56,56.00,56.00,100.00,10.35,200.00,M
OFK,2025-10-15 09:29,56.00,55.00,96.44,8.05,200.00,M
OFK,2025-10-15 09:53,55.40,55.40,100.00,5.75,200.00,M
OFK,2025-10-15 09:56,56.00,56.00,100.00,4.60,200.00,M
OFK,2025-10-15 10:43,58.00,57.00,96.47,5.75,200.00,M
OFK,2025-10-15 10:56,59.00,58.00,96.48,4.60,200.00,M
OFK,2025-10-15 11:06,59.00,58.00,96.48,4.60,300.00,M
OFK,2025-10-15 11:56,64.00,61.00,89.98,6.90,500.00,M
OFK,2025-10-15 12:07,65.00,62.00,90.02,8.05,500.00,M
OFK,2025-10-15 12:56,73.00,64.00,73.44,12.65,M,M
OFK,2025-10-15 13:56,75.00,62.00,64.02,12.65,M,M
OFK,2025-10-15 14:56,77.00,61.00,57.83,12.65,M,M
OFK,2025-10-15 15:56,78.00,59.00,52.11,12.65,M,M
OFK,2025-10-15 16:56,75.00,60.00,59.64,10.35,M,M
OFK,2025-10-15 17:56,72.00,61.00,68.35,12.65,M,M
OFK,2025-10-15 18:56,69.00,62.00,78.41,9.20,M,M
OFK,2025-10-15 19:56,67.00,62.00,83.99,10.35,M,M
OFK,2025-10-15 20:56,66.00,62.00,86.95,9.20,M,M
OFK,2025-10-15 21:56,65.00,61.00,86.89,10.35,M,M
OFK,2025-10-15 22:56,63.00,61.00,93.19,9.20,M,M
OFK,2025-10-15 23:56,62.00,60.00,93.16,9.20,M,M
OFK,2025-10-16 00:56,65.00,61.00,86.89,9.20,M,M
OFK,2025-10-16 01:56,65.00,61.00,86.89,8.05,M,M
OFK,2025-10-16 02:56,63.00,60.00,89.94,6.90,M,M
OFK,2025-10-16 03:56,61.00,59.00,93.13,9.20,M,M
OFK,2025-10-16 04:56,63.00,59.00,86.79,10.35,M,M
OFK,2025-10-16 05:56,64.00,59.00,83.80,13.80,M,M
OFK,2025-10-16 06:56,63.00,59.00,86.79,11.50,M,M
OFK,2025-10-16 07:56,64.00,59.00,83.80,13.80,M,M
OFK,2025-10-16 08:56,65.00,59.00,80.92,13.80,M,M
OFK,2025-10-16 09:56,69.00,59.00,70.49,17.25,M,M
OFK,2025-10-16 10:56,73.00,58.00,59.38,14.95,M,29.90
OFK,2025-10-16 11:56,76.00,55.00,48.19,21.85,M,34.50
OFK,2025-10-16 12:56,81.00,50.00,34.02,24.15,M,39.10
OFK,2025-10-16 13:56,81.00,51.00,35.31,20.70,M,39.10
OFK,2025-10-16 14:56,80.00,49.00,33.86,20.70,M,39.10
OFK,2025-10-16 15:56,83.00,44.00,25.43,21.85,M,34.50
OFK,2025-10-16 16:56,83.00,42.00,23.55,21.85,12000.00,35.65
OFK,2025-10-16 17:56,80.00,46.00,30.25,13.80,M,32.20
OFK,2025-10-16 18:56,73.00,50.00,44.33,8.05,M,M
OFK,2025-10-16 19:56,70.00,50.00,49.06,9.20,M,M
OFK,2025-10-16 20:56,71.00,51.00,49.22,17.25,M,M
OFK,2025-10-16 21:56,70.00,51.00,50.92,16.10,M,33.35
OFK,2025-10-16 22:56,69.00,51.00,52.69,11.50,M,M
OFK,2025-10-16 23:56,64.00,55.00,72.54,8.05,6500.00,M
OFK,2025-10-17 00:56,61.00,57.00,86.68,5.75,8500.00,M
OFK,2025-10-17 01:56,61.00,57.00,86.68,8.05,9000.00,M
OFK,2025-10-17 02:56,62.00,56.00,80.70,8.05,8500.00,M
OFK,2025-10-17 03:56,61.00,56.00,83.60,11.50,8000.00,M
OFK,2025-10-17 04:56,59.00,55.00,86.57,3.45,M,M
OFK,2025-10-17 05:56,58.00,55.00,89.73,4.60,M,M
OFK,2025-10-17 06:56,55.00,54.00,96.42,4.60,M,M
OFK,2025-10-17 07:56,55.00,53.00,92.95,4.60,M,M
OFK,2025-10-17 08:56,58.00,56.00,93.04,9.20,M,M
OFK,2025-10-17 09:56,61.00,53.00,74.94,10.35,M,M
OFK,2025-10-17 10:56,63.00,52.00,67.31,10.35,M,M
OFK,2025-10-17 11:56,67.00,45.00,45.06,14.95,M,M
OFK,2025-10-17 12:56,68.00,44.00,41.90,9.20,M,M
OFK,2025-10-17 13:56,70.00,44.00,39.13,9.20,M,M
OFK,2025-10-17 14:56,72.00,44.00,36.56,6.90,M,M
OFK,2025-10-17 15:56,72.00,43.00,35.19,8.05,M,M
OFK,2025-10-17 16:56,73.00,42.00,32.74,10.35,M,M
OFK,2025-10-17 17:56,71.00,44.00,37.82,3.45,M,M
OFK,2025-10-17 18:56,61.00,45.00,55.58,6.90,M,M
OFK,2025-10-17 19:56,59.00,45.00,59.68,8.05,M,M
OFK,2025-10-17 20:56,57.00,44.00,61.72,9.20,M,M
OFK,2025-10-17 21:56,55.00,44.00,66.36,4.60,M,M
OFK,2025-10-17 22:56,52.00,45.00,76.94,6.90,M,M
OFK,2025-10-17 23:56,50.00,44.00,79.76,6.90,M,M
OFK,2025-10-18 00:56,47.00,44.00,89.24,4.60,M,M
OFK,2025-10-18 01:56,47.00,43.00,85.89,0.00,M,M
OFK,2025-10-18 02:56,45.00,43.00,92.64,4.60,M,M
OFK,2025-10-18 03:56,46.00,42.00,85.83,5.75,M,M
OFK,2025-10-18 04:56,45.00,42.00,89.15,4.60,M,M
OFK,2025-10-18 05:56,47.00,43.00,85.89,3.45,M,M
OFK,2025-10-18 06:56,46.00,43.00,89.19,3.45,M,M
OFK,2025-10-18 07:56,43.00,41.00,92.58,3.45,M,M
OFK,2025-10-18 08:56,49.00,45.00,86.00,6.90,M,M
OFK,2025-10-18 09:56,51.00,44.00,76.85,11.50,M,M
OFK,2025-10-18 10:56,53.00,44.00,71.39,11.50,M,M
OFK,2025-10-18 11:56,60.00,45.00,57.59,14.95,M,M
OFK,2025-10-18 12:56,62.00,41.00,46.01,23.00,M,34.50
OFK,2025-10-18 13:56,59.00,41.00,51.18,24.15,4600.00,40.25
OFK,2025-10-18 14:56,57.00,42.00,57.16,21.85,4000.00,36.80
OFK,2025-10-18 15:56,53.00,45.00,74.16,18.40,8500.00,31.05
OFK,2025-10-18 16:56,52.00,47.00,82.99,14.95,2200.00,M
OFK,2025-10-18 17:08,51.00,46.00,82.93,27.60,2100.00,37.95
OFK,2025-10-18 17:56,49.00,45.00,86.00,9.20,6500.00,37.95
OFK,2025-10-18 18:56,49.00,46.00,89.33,8.05,9000.00,M
OFK,2025-10-18 19:56,48.00,42.00,79.59,9.20,M,M
OFK,2025-10-18 20:56,45.00,38.00,76.30,9.20,M,M
OFK,2025-10-18 21:56,45.00,34.00,65.12,11.50,M,M
OFK,2025-10-18 22:56,45.00,33.00,62.56,11.50,M,M
OFK,2025-10-18 23:56,42.00,34.00,73.05,9.20,M,M
OFK,2025-10-19 00:56,41.00,33.00,72.94,9.20,M,M
OFK,2025-10-19 01:56,41.00,33.00,72.94,10.35,M,M
OFK,2025-10-19 02:56,40.00,32.00,72.84,10.35,M,M
OFK,2025-10-19 03:56,39.00,31.00,72.73,10.35,M,M
OFK,2025-10-19 04:56,39.00,31.00,72.73,10.35,M,M
OFK,2025-10-19 05:56,34.00,30.00,85.10,6.90,M,M
OFK,2025-10-19 06:56,37.00,30.00,75.54,9.20,M,M
OFK,2025-10-19 07:56,37.00,30.00,75.54,10.35,M,M
OFK,2025-10-19 08:56,41.00,30.00,64.61,11.50,M,M
OFK,2025-10-19 09:56,46.00,32.00,57.85,11.50,M,M
OFK,2025-10-19 10:56,53.00,32.00,44.57,10.35,M,M
OFK,2025-10-19 11:56,58.00,30.00,34.27,8.05,M,M
OFK,2025-10-19 12:56,61.00,26.00,26.13,10.35,M,M
OFK,2025-10-19 13:56,63.00,28.00,26.44,11.50,M,M
OFK,2025-10-19 14:56,65.00,27.00,23.66,14.95,M,M
OFK,2025-10-19 15:56,65.00,27.00,23.66,17.25,M,M
OFK,2025-10-19 16:56,65.00,27.00,23.66,16.10,M,M
OFK,2025-10-19 17:56,63.00,29.00,27.55,11.50,M,M
OFK,2025-10-19 18:56,57.00,30.00,35.53,8.05,M,M
OFK,2025-10-19 19:56,53.00,31.00,42.80,8.05,M,M
OFK,2025-10-19 20:56,52.00,31.00,44.40,9.20,M,M
OFK,2025-10-19 21:56,53.00,31.00,42.80,14.95,M,M
OFK,2025-10-19 22:56,54.00,31.00,41.26,18.40,M,M
OFK,2025-10-19 23:56,54.00,32.00,42.96,19.55,M,31.05
OFK,2025-10-20 00:56,53.00,32.00,44.57,18.40,M,32.20
OFK,2025-10-20 01:56,51.00,33.00,49.95,13.80,M,M
OFK,2025-10-20 02:56,52.00,33.00,48.14,17.25,M,M
OFK,2025-10-20 03:56,50.00,34.00,53.95,11.50,M,M
OFK,2025-10-20 04:56,52.00,33.00,48.14,17.25,M,M
OFK,2025-10-20 05:56,49.00,34.00,56.00,11.50,M,M
OFK,2025-10-20 06:56,48.00,34.00,58.14,14.95,M,M
OFK,2025-10-20 07:56,44.00,35.00,70.40,8.05,M,M
OFK,2025-10-20 08:56,50.00,38.00,63.22,6.90,M,M
OFK,2025-10-20 09:56,54.00,42.00,63.74,11.50,M,M
OFK,2025-10-20 10:56,57.00,43.00,59.40,18.40,M,34.50
OFK,2025-10-20 11:56,57.00,43.00,59.40,13.80,M,32.20
OFK,2025-10-20 12:56,58.00,42.00,55.14,14.95,4400.00,33.35
OFK,2025-10-20 13:56,60.00,43.00,53.35,12.65,M,M
OFK,2025-10-20 14:56,64.00,35.00,33.89,20.70,M,34.50
OFK,2025-10-20 15:56,64.00,29.00,26.60,28.75,M,46.00
OFK,2025-10-20 16:56,61.00,31.00,32.07,17.25,M,37.95
OFK,2025-10-20 17:56,60.00,31.00,33.23,16.10,8000.00,39.10
OFK,2025-10-20 18:56,55.00,31.00,39.78,10.35,M,29.90
OFK,2025-10-20 19:56,54.00,31.00,41.26,11.50,M,M
OFK,2025-10-20 20:56,48.00,32.00,53.65,8.05,M,M
OFK,2025-10-20 21:56,48.00,32.00,53.65,9.20,M,M
OFK,2025-10-20 22:56,48.00,33.00,55.86,11.50,9500.00,M
OFK,2025-10-20 23:56,50.00,36.00,58.42,16.10,M,M
OFK,2025-10-21 00:56,47.00,36.00,65.37,14.95,M,M
OFK,2025-10-21 01:56,45.00,36.00,70.51,12.65,M,M
OFK,2025-10-21 02:56,46.00,35.00,65.24,19.55,M,M
OFK,2025-10-21 03:56,46.00,34.00,62.69,13.80,M,31.05
OFK,2025-10-21 04:56,45.00,32.00,60.09,14.95,M,33.35
OFK,2025-10-21 05:56,46.00,31.00,55.56,21.85,M,37.95
OFK,2025-10-21 06:56,44.00,30.00,57.57,21.85,M,37.95
OFK,2025-10-21 07:56,43.00,28.00,55.11,19.55,M,35.65
OFK,2025-10-21 08:56,44.00,28.00,53.04,23.00,M,34.50
OFK,2025-10-21 09:56,46.00,30.00,53.35,26.45,M,39.10
OFK,2025-10-21 10:56,48.00,30.00,49.48,18.40,M,39.10
OFK,2025-10-21 11:56,51.00,31.00,46.07,21.85,M,34.50
OFK,2025-10-21 12:56,54.00,30.00,39.62,23.00,M,35.65
OFK,2025-10-21 13:56,56.00,29.00,35.36,17.25,M,40.25
OFK,2025-10-21 14:56,57.00,25.00,28.92,17.25,M,39.10
OFK,2025-10-21 15:56,58.00,26.00,29.08,18.40,M,37.95
OFK,2025-10-21 16:56,57.00,23.00,26.59,19.55,M,33.35
OFK,2025-10-21 17:56,55.00,24.00,29.82,17.25,M,M
OFK,2025-10-21 18:56,51.00,25.00,36.01,8.05,M,M
OFK,2025-10-21 19:56,46.00,26.00,45.26,4.60,M,M
OFK,2025-10-21 20:56,40.00,27.00,59.39,6.90,M,M
OFK,2025-10-21 21:56,37.00,28.00,69.60,5.75,M,M
OFK,2025-10-21 22:56,37.00,29.00,72.52,4.60,M,M
OFK,2025-10-21 23:56,37.00,29.00,72.52,9.20,M,M
OFK,2025-10-22 00:56,38.00,29.00,69.72,0.00,M,M
OFK,2025-10-22 01:56,33.00,29.00,85.03,3.45,M,M
OFK,2025-10-22 02:56,33.00,29.00,85.03,6.90,M,M
OFK,2025-10-22 03:56,32.00,28.00,84.97,4.60,M,M
OFK,2025-10-22 04:56,29.00,27.00,92.11,3.45,M,M
OFK,2025-10-22 05:56,29.00,28.00,95.98,0.00,M,M
OFK,2025-10-22 06:56,27.00,25.00,92.04,0.00,M,M
OFK,2025-10-22 07:56,27.00,25.00,92.04,4.60,M,M
OFK,2025-10-22 08:56,39.00,33.00,78.84,8.05,M,M
OFK,2025-10-22 09:56,46.00,36.00,67.89,9.20,M,M
OFK,2025-10-22 10:56,55.00,36.00,48.61,11.50,M,M
OFK,2025-10-22 11:56,60.00,35.00,39.03,19.55,M,M
OFK,2025-10-22 12:56,61.00,34.00,36.19,19.55,M,29.90
OFK,2025-10-22 13:56,64.00,33.00,31.29,17.25,M,29.90
OFK,2025-10-22 14:56,62.00,32.00,32.24,11.50,M,31.05
OFK,2025-10-22 15:56,62.00,30.00,29.73,16.10,M,M
OFK,2025-10-22 16:56,61.00,31.00,32.07,19.55,M,M
OFK,2025-10-22 17:56,58.00,32.00,37.17,13.80,M,M
OFK,2025-10-22 18:56,50.00,32.00,49.79,8.05,M,M
OFK,2025-10-22 19:56,46.00,33.00,60.23,6.90,M,M
OFK,2025-10-22 20:56,46.00,33.00,60.23,3.45,M,M
OFK,2025-10-22 21:56,39.00,32.00,75.73,0.00,M,M
OFK,2025-10-22 22:56,33.00,31.00,92.25,4.60,M,M
OFK,2025-10-22 23:56,32.00,30.00,92.21,4.60,M,M
OFK,2025-10-23 00:56,32.00,31.00,96.04,0.00,M,M
OFK,2025-10-23 01:56,32.00,30.00,92.21,0.00,M,M
OFK,2025-10-23 02:56,31.00,29.00,92.18,0.00,M,M
OFK,2025-10-23 03:56,30.00,28.00,92.14,0.00,M,M
OFK,2025-10-23 04:56,31.00,29.00,92.18,0.00,M,M
OFK,2025-10-23 05:56,31.00,29.00,92.18,0.00,M,M
OFK,2025-10-23 06:56,31.00,29.00,92.18,0.00,M,M
OFK,2025-10-23 07:56,28.00,27.00,95.96,0.00,M,M
OFK,2025-10-23 08:56,34.00,31.00,88.62,0.00,M,M
OFK,2025-10-23 09:56,43.00,34.00,70.29,0.00,M,M
OFK,2025-10-23 10:56,49.00,34.00,56.00,0.00,M,M
OFK,2025-10-23 11:56,57.00,35.00,43.45,4.60,M,M
OFK,2025-10-23 12:56,62.00,30.00,29.73,M,M,M
OFK,2025-10-23 13:56,63.00,30.00,28.70,6.90,M,M
OFK,2025-10-23 14:56,64.00,29.00,26.60,4.60,M,M
OFK,2025-10-23 15:56,64.00,29.00,26.60,10.35,M,M
OFK,2025-10-23 16:56,63.00,28.00,26.44,10.35,M,M
OFK,2025-10-23 17:56,60.00,29.00,30.63,6.90,M,M
OFK,2025-10-23 18:56,52.00,30.00,42.64,5.75,M,M
OFK,2025-10-23 19:56,48.00,30.00,49.48,6.90,M,M
OFK,2025-10-23 20:56,45.00,31.00,57.71,6.90,M,M
OFK,2025-10-23 21:56,45.00,31.00,57.71,5.75,M,M
OFK,2025-10-23 22:56,42.00,31.00,64.74,5.75,M,M
OFK,2025-10-23 23:56,42.00,32.00,67.41,4.60,M,M
OFK,2025-10-24 00:56,40.00,31.00,69.95,5.75,M,M
OFK,2025-10-24 01:56,39.00,32.00,75.73,5.75,8000.00,M
OFK,2025-10-24 02:56,43.00,34.00,70.29,6.90,6500.00,M
OFK,2025-10-24 03:56,44.00,34.00,67.65,6.90,7000.00,M
OFK,2025-10-24 04:56,43.00,34.00,70.29,5.75,6500.00,M
OFK,2025-10-24 05:56,45.00,34.00,65.12,6.90,6000.00,M
OFK,2025-10-24 06:56,45.00,35.00,67.77,4.60,6500.00,M
OFK,2025-10-24 07:56,45.00,35.00,67.77,5.75,7000.00,M
OFK,2025-10-24 08:56,48.00,35.00,60.51,11.50,7000.00,M
OFK,2025-10-24 09:56,52.00,34.00,50.10,11.50,8000.00,M
OFK,2025-10-24 10:56,56.00,33.00,41.59,19.55,M,M
OFK,2025-10-24 11:56,57.00,32.00,38.53,19.55,M,33.35
OFK,2025-10-24 12:56,59.00,34.00,38.86,16.10,3200.00,M
OFK,2025-10-24 13:07,59.00,35.00,40.44,18.40,2900.00,M
OFK,2025-10-24 13:54,59.00,35.60,41.42,13.80,3000.00,M
OFK,2025-10-24 13:56,59.00,36.00,42.08,14.95,3000.00,M
OFK,2025-10-24 14:28,58.00,36.00,43.62,16.10,2800.00,M
OFK,2025-10-24 14:56,57.00,38.00,48.92,16.10,2600.00,M
OFK,2025-10-24 15:56,56.00,40.00,54.85,11.50,2600.00,M
OFK,2025-10-24 16:56,56.00,42.00,59.26,11.50,2500.00,M
OFK,2025-10-24 17:56,54.00,43.00,66.24,10.35,2200.00,M
OFK,2025-10-24 18:56,52.00,45.00,76.94,10.35,1700.00,M
OFK,2025-10-24 19:56,52.00,43.00,71.28,9.20,1700.00,M
OFK,2025-10-24 20:56,52.00,44.00,74.06,10.35,1800.00,M
OFK,2025-10-24 21:56,52.00,47.00,82.99,10.35,1400.00,M
OFK,2025-10-24 22:56,51.00,47.00,86.12,5.75,1200.00,M
OFK,2025-10-24 23:22,51.00,48.00,89.42,9.20,800.00,M
OFK,2025-10-24 23:56,50.00,48.00,92.80,8.05,600.00,M
OFK,2025-10-25 00:24,50.00,49.00,96.34,8.05,400.00,M
OFK,2025-10-25 00:43,50.00,49.00,96.34,9.20,400.00,M
OFK,2025-10-25 00:56,50.00,49.00,96.34,8.05,300.00,M
OFK,2025-10-25 01:20,50.00,49.00,96.34,8.05,300.00,M
OFK,2025-10-25 01:56,50.00,49.00,96.34,6.90,400.00,M
OFK,2025-10-25 02:05,50.00,49.00,96.34,8.05,500.00,M
OFK,2025-10-25 02:56,50.00,48.00,92.80,8.05,600.00,M
OFK,2025-10-25 03:56,50.00,48.00,92.80,8.05,700.00,M
OFK,2025-10-25 04:56,49.00,49.00,100.00,6.90,400.00,M
OFK,2025-10-25 05:31,49.00,49.00,100.00,6.90,300.00,M
OFK,2025-10-25 05:56,49.00,49.00,100.00,6.90,300.00,M
OFK,2025-10-25 06:26,49.00,49.00,100.00,5.75,300.00,M
OFK,2025-10-25 06:56,49.00,49.00,100.00,6.90,300.00,M
OFK,2025-10-25 07:56,49.00,48.00,96.32,5.75,300.00,M
OFK,2025-10-25 08:15,49.00,49.00,100.00,5.75,300.00,M
OFK,2025-10-25 08:39,49.00,48.00,96.32,6.90,200.00,M
OFK,2025-10-25 08:56,49.00,49.00,100.00,6.90,200.00,M
OFK,2025-10-25 09:16,49.00,48.00,96.32,9.20,200.00,M
OFK,2025-10-25 09:31,49.00,48.00,96.32,8.05,200.00,M
OFK,2025-10-25 09:56,49.00,48.00,96.32,9.20,300.00,M
OFK,2025-10-25 10:09,50.00,48.00,92.80,8.05,500.00,M
OFK,2025-10-25 10:36,50.00,49.00,96.34,6.90,500.00,M
OFK,2025-10-25 10:39,50.00,49.00,96.34,8.05,400.00,M
OFK,2025-10-25 10:56,49.00,49.00,100.00,8.05,400.00,M
OFK,2025-10-25 11:05,49.00,49.00,100.00,9.20,400.00,M
OFK,2025-10-25 11:42,50.00,49.00,96.34,8.05,400.00,M
OFK,2025-10-25 11:56,50.00,49.00,96.34,8.05,500.00,M
OFK,2025-10-25 12:56,51.00,50.00,96.36,6.90,500.00,M
OFK,2025-10-25 13:56,52.00,49.00,89.46,8.05,600.00,M
OFK,2025-10-25 14:56,53.00,49.00,86.23,8.05,900.00,M
OFK,2025-10-25 15:43,53.00,49.00,86.23,9.20,1000.00,M
OFK,2025-10-25 15:56,53.00,49.00,86.23,10.35,1000.00,M
OFK,2025-10-25 16:56,54.00,49.00,83.13,9.20,1400.00,M
OFK,2025-10-25 17:28,54.00,48.00,80.08,5.75,2200.00,M
OFK,2025-10-25 17:56,54.00,48.00,80.08,4.60,2600.00,M
OFK,2025-10-25 18:07,54.00,48.00,80.08,3.45,2500.00,M
OFK,2025-10-25 18:56,54.00,48.00,80.08,0.00,2400.00,M
OFK,2025-10-25 19:56,53.00,49.00,86.23,4.60,2200.00,M
OFK,2025-10-25 20:56,54.00,49.00,83.13,10.35,1700.00,M
OFK,2025-10-25 21:56,54.00,48.00,80.08,11.50,2800.00,M
OFK,2025-10-25 22:49,53.00,49.00,86.23,13.80,1400.00,M
OFK,2025-10-25 22:56,53.00,48.00,83.06,12.65,1400.00,M
OFK,2025-10-25 23:16,53.00,48.00,83.06,12.65,1600.00,M
OFK,2025-10-25 23:56,53.00,48.00,83.06,11.50,2200.00,M
OFK,2025-10-26 00:56,52.00,48.00,86.18,9.20,1300.00,M
OFK,2025-10-26 01:56,51.00,48.00,89.42,11.50,1100.00,M
OFK,2025-10-26 02:02,51.00,48.00,89.42,12.65,900.00,M
OFK,2025-10-26 02:56,51.00,48.00,89.42,9.20,3800.00,M
OFK,2025-10-26 03:03,51.00,48.00,89.42,10.35,900.00,M
OFK,2025-10-26 03:56,51.00,47.00,86.12,10.35,4500.00,M
OFK,2025-10-26 04:56,49.00,46.00,89.33,11.50,7000.00,M
OFK,2025-10-26 05:56,47.00,44.00,89.24,10.35,M,M
OFK,2025-10-26 06:16,48.00,45.00,89.28,11.50,1500.00,M
OFK,2025-10-26 06:56,49.00,45.00,86.00,11.50,2100.00,M
OFK,2025-10-26 07:56,50.00,45.00,82.86,10.35,2600.00,M
OFK,2025-10-26 08:05,50.00,45.00,82.86,13.80,2600.00,M
OFK,2025-10-26 08:24,50.00,45.00,82.86,10.35,2900.00,M
OFK,2025-10-26 08:56,51.00,46.00,82.93,12.65,2800.00,M
OFK,2025-10-26 09:56,53.00,46.00,77.03,11.50,2800.00,M
OFK,2025-10-26 10:30,54.00,46.00,74.26,12.65,3100.00,M
OFK,2025-10-26 10:56,54.00,46.00,74.26,12.65,2800.00,M
OFK,2025-10-26 11:15,55.00,46.00,71.60,13.80,2200.00,M
OFK,2025-10-26 11:56,55.00,46.00,71.60,13.80,2100.00,M
OFK,2025-10-26 12:56,56.00,46.00,69.05,13.80,2300.00,M
OFK,2025-10-26 13:56,57.00,46.00,66.60,9.20,2600.00,M
OFK,2025-10-26 14:56,61.00,47.00,59.95,14.95,2700.00,M
OFK,2025-10-26 15:56,61.00,48.00,62.25,18.40,2800.00,M
OFK,2025-10-26 16:56,61.00,47.00,59.95,13.80,M,29.90
OFK,2025-10-26 17:56,58.00,47.00,66.72,8.05,3600.00,M
OFK,2025-10-26 18:56,56.00,47.00,71.71,6.90,4000.00,M
OFK,2025-10-26 19:56,55.00,47.00,74.36,8.05,4300.00,M
OFK,2025-10-26 20:56,54.00,45.00,71.50,9.20,3500.00,M
OFK,2025-10-26 21:56,53.00,45.00,74.16,8.05,3000.00,M
OFK,2025-10-26 22:56,54.00,44.00,68.82,12.65,3100.00,M
OFK,2025-10-26 23:23,54.00,44.00,68.82,13.80,2900.00,M
OFK,2025-10-26 23:56,54.00,44.00,68.82,11.50,2600.00,M
OFK,2025-10-27 00:36,53.00,44.00,71.39,13.80,2400.00,M
OFK,2025-10-27 00:45,53.00,44.00,71.39,12.65,2900.00,M
OFK,2025-10-27 00:56,53.00,44.00,71.39,12.65,2700.00,M
OFK,2025-10-27 01:56,53.00,44.00,71.39,12.65,2300.00,M
OFK,2025-10-27 02:23,53.00,45.00,74.16,16.10,2200.00,M
OFK,2025-10-27 02:56,52.00,45.00,76.94,12.65,2100.00,M
OFK,2025-10-27 03:56,52.00,45.00,76.94,6.90,1900.00,M
OFK,2025-10-27 04:56,52.00,45.00,76.94,11.50,1900.00,M
OFK,2025-10-27 05:56,51.00,46.00,82.93,10.35,1600.00,M
OFK,2025-10-27 06:56,51.00,45.00,79.84,11.50,1400.00,M
OFK,2025-10-27 07:56,50.00,46.00,86.06,11.50,1300.00,M
OFK,2025-10-27 08:56,50.00,46.00,86.06,10.35,1400.00,M
OFK,2025-10-27 09:56,52.00,46.00,79.92,11.50,1200.00,M
OFK,2025-10-27 10:56,52.00,47.00,82.99,12.65,1400.00,M
OFK,2025-10-27 11:28,53.00,47.00,80.00,11.50,1500.00,M
OFK,2025-10-27 11:56,53.00,47.00,80.00,12.65,1700.00,M
OFK,2025-10-27 12:56,53.00,47.00,80.00,11.50,1500.00,M
OFK,2025-10-27 13:56,52.00,47.00,82.99,12.65,1400.00,M
OFK,2025-10-27 14:16,52.00,48.00,86.18,10.35,1600.00,M
OFK,2025-10-27 14:56,52.00,49.00,89.46,8.05,1800.00,M
OFK,2025-10-27 15:09,52.00,50.00,92.86,10.35,900.00,M
OFK,2025-10-27 15:37,54.00,50.00,86.29,13.80,700.00,M
OFK,2025-10-27 15:45,54.00,49.00,83.13,14.95,700.00,M
OFK,2025-10-27 15:56,53.00,49.00,86.23,14.95,700.00,M
OFK,2025-10-27 16:10,54.00,49.00,83.13,11.50,1100.00,M
OFK,2025-10-27 16:39,54.00,48.00,80.08,11.50,1300.00,M
OFK,2025-10-27 16:56,54.00,48.00,80.08,13.80,1500.00,M
OFK,2025-10-27 17:03,54.00,48.00,80.08,8.05,1500.00,M
OFK,2025-10-27 17:56,53.00,48.00,83.06,8.05,1600.00,M
OFK,2025-10-27 18:56,53.00,48.00,83.06,10.35,1800.00,M
OFK,2025-10-27 19:56,52.00,49.00,89.46,10.35,1600.00,M
OFK,2025-10-27 20:12,52.00,49.00,89.46,11.50,1300.00,M
OFK,2025-10-27 20:56,52.00,49.00,89.46,8.05,1000.00,M
OFK,2025-10-27 21:30,52.00,49.00,89.46,8.05,900.00,M
OFK,2025-10-27 21:56,51.00,50.00,96.36,5.75,800.00,M
OFK,2025-10-27 22:56,51.00,50.00,96.36,6.90,600.00,M
OFK,2025-10-27 23:17,51.00,50.00,96.36,10.35,500.00,M
OFK,2025-10-27 23:38,51.00,50.00,96.36,8.05,500.00,M
OFK,2025-10-27 23:56,51.00,50.00,96.36,8.05,500.00,M
OFK,2025-10-28 00:21,51.00,50.00,96.36,8.05,500.00,M
OFK,2025-10-28 00:28,51.00,50.00,96.36,6.90,400.00,M
OFK,2025-10-28 00:44,51.00,50.00,96.36,8.05,500.00,M
OFK,2025-10-28 00:56,51.00,50.00,96.36,5.75,500.00,M
OFK,2025-10-28 01:15,51.00,50.00,96.36,6.90,500.00,M
OFK,2025-10-28 01:26,51.00,50.00,96.36,6.90,500.00,M
OFK,2025-10-28 01:45,51.00,50.00,96.36,11.50,500.00,M
OFK,2025-10-28 01:56,51.00,50.00,96.36,6.90,500.00,M
OFK,2025-10-28 02:49,51.00,50.00,96.36,0.00,700.00,M
OFK,2025-10-28 02:56,51.00,50.00,96.36,0.00,700.00,M
OFK,2025-10-28 03:02,51.00,50.00,96.36,0.00,600.00,M
OFK,2025-10-28 03:35,50.00,49.00,96.34,13.80,700.00,M
OFK,2025-10-28 03:56,49.00,47.00,92.77,13.80,600.00,M
OFK,2025-10-28 04:53,46.40,44.60,93.40,14.95,1000.00,M
OFK,2025-10-28 04:56,47.00,44.00,89.24,12.65,1000.00,M
OFK,2025-10-28 05:18,46.00,45.00,96.28,9.20,1000.00,M
OFK,2025-10-28 05:56,45.00,42.00,89.15,13.80,1100.00,M
OFK,2025-10-28 06:56,44.00,41.00,89.10,16.10,1600.00,M
OFK,2025-10-28 07:03,44.00,41.00,89.10,12.65,1600.00,M
OFK,2025-10-28 07:56,44.00,41.00,89.10,13.80,11000.00,M
OFK,2025-10-28 08:56,44.00,40.00,85.71,12.65,M,M
OFK,2025-10-28 09:56,45.00,40.00,82.50,12.65,12000.00,M
OFK,2025-10-28 10:56,47.00,42.00,82.65,12.65,M,M
OFK,2025-10-28 11:56,48.00,42.00,79.59,14.95,1700.00,M
OFK,2025-10-28 12:56,49.00,41.00,73.76,18.40,2000.00,29.90
OFK,2025-10-28 13:56,50.00,38.00,63.22,18.40,M,M
OFK,2025-10-28 14:56,50.00,37.00,60.78,17.25,11000.00,M
OFK,2025-10-28 15:56,51.00,37.00,58.57,20.70,M,31.05
OFK,2025-10-28 16:56,52.00,36.00,54.25,20.70,M,33.35
OFK,2025-10-28 17:56,51.00,37.00,58.57,16.10,M,33.35
OFK,2025-10-28 18:56,49.00,37.00,63.09,19.55,8000.00,32.20
OFK,2025-10-28 19:56,48.00,37.00,65.50,13.80,8500.00,29.90
OFK,2025-10-28 20:56,48.00,33.00,55.86,23.00,8000.00,31.05
OFK,2025-10-28 21:56,47.00,30.00,51.37,24.15,M,40.25
OFK,2025-10-28 22:56,46.00,31.00,55.56,21.85,12000.00,35.65
OFK,2025-10-28 23:56,46.00,30.00,53.35,26.45,12000.00,37.95
OFK,2025-10-29 00:56,45.00,29.00,53.20,25.30,M,39.10
OFK,2025-10-29 01:56,44.00,30.00,57.57,24.15,10000.00,36.80
OFK,2025-10-29 02:56,44.00,30.00,57.57,20.70,10000.00,41.40
OFK,2025-10-29 03:56,43.00,31.00,62.29,18.40,10000.00,35.65
OFK,2025-10-29 04:56,40.00,31.00,69.95,17.25,M,M
OFK,2025-10-29 05:56,38.00,31.00,75.64,16.10,M,M
OFK,2025-10-29 06:56,36.00,30.00,78.58,13.80,M,M
OFK,2025-10-29 07:56,36.00,30.00,78.58,17.25,M,M
OFK,2025-10-29 08:56,38.00,31.00,75.64,14.95,M,M
OFK,2025-10-29 09:56,42.00,31.00,64.74,21.85,M,M
OFK,2025-10-29 10:56,45.00,31.00,57.71,20.70,M,29.90
OFK,2025-10-29 11:56,49.00,31.00,49.63,19.55,M,33.35
OFK,2025-10-29 12:56,50.00,29.00,44.08,23.00,M,32.20
OFK,2025-10-29 13:56,51.00,29.00,42.47,14.95,M,M
OFK,2025-10-29 14:56,52.00,28.00,39.29,18.40,M,29.90
OFK,2025-10-29 15:56,52.00,29.00,40.93,16.10,M,M
OFK,2025-10-29 16:56,51.00,29.00,42.47,13.80,M,M
OFK,2025-10-29 17:56,48.00,28.00,45.59,11.50,M,M
OFK,2025-10-29 18:56,42.00,28.00,57.28,6.90,M,M
OFK,2025-10-29 19:56,36.00,28.00,72.41,4.60,M,M
OFK,2025-10-29 20:56,34.00,28.00,78.41,3.45,M,M
OFK,2025-10-29 21:56,30.00,28.00,92.14,5.75,M,M
OFK,2025-10-29 22:56,31.00,27.00,84.90,0.00,M,M
OFK,2025-10-29 23:56,28.00,25.00,88.32,0.00,M,M
OFK,2025-10-30 00:56,27.00,25.00,92.04,0.00,M,M
OFK,2025-10-30 01:56,27.00,26.00,95.95,0.00,M,M
OFK,2025-10-30 02:56,25.00,24.00,95.91,0.00,M,M
OFK,2025-10-30 03:56,24.00,23.00,95.89,4.60,M,M
OFK,2025-10-30 04:56,24.00,23.00,95.89,0.00,M,M
OFK,2025-10-30 05:56,23.00,22.00,95.87,3.45,M,M
OFK,2025-10-30 06:56,26.00,25.00,95.93,0.00,M,M
OFK,2025-10-30 07:56,26.00,25.00,95.93,0.00,M,M
OFK,2025-10-30 08:56,29.00,27.00,92.11,3.45,11000.00,M
OFK,2025-10-30 09:56,41.00,33.00,72.94,8.05,M,M
OFK,2025-10-30 10:56,49.00,30.00,47.66,12.65,8000.00,M
OFK,2025-10-30 11:56,50.00,30.00,45.91,8.05,8500.00,M
OFK,2025-10-30 12:56,56.00,30.00,36.84,13.80,11000.00,M
OFK,2025-10-30 13:15,56.00,30.00,36.84,12.65,10000.00,M
OFK,2025-10-30 13:56,57.00,30.00,35.53,14.95,M,M
OFK,2025-10-30 14:56,58.00,31.00,35.70,19.55,M,29.90
OFK,2025-10-30 15:56,58.00,32.00,37.17,18.40,M,32.20
OFK,2025-10-30 16:56,57.00,32.00,38.53,14.95,M,32.20
OFK,2025-10-30 17:56,55.00,32.00,41.43,9.20,M,M
OFK,2025-10-30 18:56,48.00,32.00,53.65,8.05,M,M
OFK,2025-10-30 19:56,44.00,31.00,59.95,5.75,M,M
OFK,2025-10-30 20:56,38.00,31.00,75.64,5.75,M,M
OFK,2025-10-30 21:56,39.00,30.00,69.84,6.90,M,M
OFK,2025-10-30 22:56,38.00,29.00,69.72,6.90,M,M
OFK,2025-10-30 23:56,42.00,29.00,59.67,10.35,M,M
OFK,2025-10-31 00:56,40.00,29.00,64.48,11.50,M,M
OFK,2025-10-31 01:56,38.00,29.00,69.72,9.20,M,M
OFK,2025-10-31 02:56,37.00,29.00,72.52,9.20,M,M
OFK,2025-10-31 03:56,37.00,29.00,72.52,10.35,M,M
OFK,2025-10-31 04:56,36.00,29.00,75.44,11.50,M,M
OFK,2025-10-31 05:56,35.00,28.00,75.34,9.20,M,M
OFK,2025-10-31 06:56,32.00,28.00,84.97,9.20,M,M
OFK,2025-10-31 07:56,31.00,27.00,84.90,8.05,M,M
OFK,2025-10-31 08:56,34.00,29.00,81.69,6.90,M,M
OFK,2025-10-31 09:56,40.00,29.00,64.48,19.55,M,M
OFK,2025-10-31 10:56,44.00,27.00,50.90,14.95,M,32.20
OFK,2025-10-31 11:56,45.00,27.00,49.00,20.70,M,33.35
OFK,2025-10-31 12:56,46.00,28.00,49.16,18.40,3900.00,35.65
OFK,2025-10-31 13:56,48.00,28.00,45.59,23.00,4300.00,34.50
OFK,2025-10-31 14:56,47.00,26.00,43.58,23.00,4700.00,34.50
OFK,2025-10-31 15:56,46.00,26.00,45.26,19.55,5000.00,34.50
OFK,2025-10-31 16:56,45.00,27.00,49.00,19.55,6500.00,34.50
OFK,2025-10-31 17:56,43.00,28.00,55.11,19.55,6000.00,33.35
OFK,2025-10-31 18:56,40.00,32.00,72.84,10.35,4300.00,32.20
OFK,2025-10-31 19:56,40.00,34.00,78.93,8.05,4000.00,M
OFK,2025-10-31 20:56,40.00,34.00,78.93,8.05,3000.00,M
OFK,2025-10-31 21:56,40.00,34.00,78.93,12.65,2100.00,M
OFK,2025-10-31 22:33,40.00,34.00,78.93,14.95,2400.00,29.90
OFK,2025-10-31 22:56,40.00,34.00,78.93,12.65,2400.00,29.90
OFK,2025-10-31 23:35,40.00,33.00,75.83,13.80,2200.00,M
OFK,2025-10-31 23:51,39.20,33.80,80.78,13.80,2100.00,M
OFK,2025-10-31 23:56,39.00,35.00,85.41,14.95,2100.00,M
OFK,2025-11-01 00:56,39.00,34.00,82.07,16.10,2000.00,M
OFK,2025-11-01 01:19,39.00,34.00,82.07,14.95,1700.00,M
OFK,2025-11-01 01:49,39.00,34.00,82.07,12.65,1700.00,M
OFK,2025-11-01 01:56,39.00,34.00,82.07,11.50,1400.00,M
OFK,2025-11-01 02:31,38.00,34.00,85.35,12.65,1400.00,M
OFK,2025-11-01 02:56,38.00,34.00,85.35,13.80,1900.00,M
OFK,2025-11-01 03:10,38.00,34.00,85.35,10.35,1400.00,M
OFK,2025-11-01 03:21,38.00,34.00,85.35,12.65,1500.00,M
OFK,2025-11-01 03:32,38.00,34.00,85.35,12.65,1400.00,M
OFK,2025-11-01 03:52,37.40,33.80,86.69,12.65,1600.00,M
OFK,2025-11-01 03:56,38.00,34.00,85.35,14.95,1600.00,M
OFK,2025-11-01 04:05,38.00,34.00,85.35,13.80,1400.00,M
OFK,2025-11-01 04:24,37.00,33.00,85.28,14.95,1600.00,M
OFK,2025-11-01 04:56,37.00,33.00,85.28,14.95,1500.00,M
OFK,2025-11-01 05:56,37.00,32.00,81.92,11.50,1700.00,M
OFK,2025-11-01 06:56,37.00,32.00,81.92,11.50,2800.00,M
OFK,2025-11-01 07:28,37.00,31.00,78.67,11.50,2900.00,M
OFK,2025-11-01 07:56,37.00,31.00,78.67,11.50,3200.00,M
OFK,2025-11-01 08:56,35.00,30.00,81.77,11.50,5000.00,M
OFK,2025-11-01 09:56,37.00,30.00,75.54,9.20,5500.00,M
OFK,2025-11-01 10:56,40.00,29.00,64.48,10.35,4300.00,M
OFK,2025-11-01 11:56,42.00,28.00,57.28,10.35,M,M
OFK,2025-11-01 12:56,43.00,26.00,50.75,9.20,3800.00,M
OFK,2025-11-01 13:56,44.00,25.00,46.85,10.35,4100.00,M
OFK,2025-11-01 14:56,45.00,25.00,45.10,6.90,4100.00,M
OFK,2025-11-01 15:56,45.00,25.00,45.10,6.90,4300.00,M
OFK,2025-11-01 16:56,44.00,24.00,44.93,0.00,M,M
OFK,2025-11-01 17:56,43.00,25.00,48.68,0.00,M,M
OFK,2025-11-01 18:56,37.00,25.00,61.48,4.60,M,M
OFK,2025-11-01 19:56,35.00,25.00,66.55,4.60,M,M
OFK,2025-11-01 20:56,30.00,25.00,81.39,4.60,M,M
OFK,2025-11-01 21:56,34.00,26.00,72.20,8.05,M,M
OFK,2025-11-01 22:56,32.00,25.00,75.05,6.90,M,M
OFK,2025-11-01 23:56,32.00,25.00,75.05,10.35,M,M
OFK,2025-11-02 00:56,31.00,25.00,78.15,9.20,M,M
OFK,2025-11-02 01:56,31.00,25.00,78.15,6.90,M,M
OFK,2025-11-02 01:56,33.00,26.00,75.15,10.35,M,M
OFK,2025-11-02 02:56,33.00,25.00,72.09,17.25,M,M
OFK,2025-11-02 03:56,33.00,25.00,72.09,11.50,M,M
OFK,2025-11-02 04:56,34.00,25.00,69.26,16.10,M,M
OFK,2025-11-02 05:56,36.00,26.00,66.67,18.40,M,M
OFK,2025-11-02 06:56,36.00,27.00,69.49,14.95,M,M
OFK,2025-11-02 07:56,38.00,28.00,66.92,14.95,M,29.90
OFK,2025-11-02 08:56,42.00,30.00,62.16,19.55,M,31.05
OFK,2025-11-02 09:56,47.00,31.00,53.50,18.40,M,33.35
OFK,2025-11-02 10:56,52.00,32.00,46.24,23.00,M,32.20
OFK,2025-11-02 11:56,56.00,33.00,41.59,18.40,M,32.20
OFK,2025-11-02 12:56,61.00,33.00,34.77,12.65,M,29.90
OFK,2025-11-02 13:56,63.00,34.00,33.73,13.80,M,31.05
OFK,2025-11-02 14:56,65.00,34.00,31.45,12.65,M,M
OFK,2025-11-02 15:56,65.00,34.00,31.45,12.65,M,M
OFK,2025-11-02 16:56,61.00,36.00,39.19,8.05,M,M
OFK,2025-11-02 17:56,55.00,36.00,48.61,0.00,M,M
OFK,2025-11-02 18:56,45.00,36.00,70.51,0.00,M,M
OFK,2025-11-02 19:56,47.00,36.00,65.37,0.00,M,M
OFK,2025-11-02 20:56,42.00,35.00,76.02,5.75,M,M
OFK,2025-11-02 21:56,49.00,33.00,53.80,5.75,M,M
OFK,2025-11-02 22:56,48.00,32.00,53.65,8.05,M,M
OFK,2025-11-02 23:56,48.00,31.00,51.53,9.20,M,M
OFK,2025-11-03 00:56,48.00,32.00,53.65,12.65,M,M
OFK,2025-11-03 01:56,45.00,31.00,57.71,9.20,M,M
OFK,2025-11-03 02:56,40.00,30.00,67.16,4.60,M,M
OFK,2025-11-03 03:56,38.00,30.00,72.62,5.75,M,M
OFK,2025-11-03 04:56,38.00,30.00,72.62,4.60,M,M
OFK,2025-11-03 05:56,35.00,29.00,78.50,4.60,M,M
OFK,2025-11-03 06:56,36.00,29.00,75.44,0.00,M,M
OFK,2025-11-03 07:56,37.00,31.00,78.67,5.75,M,M
OFK,2025-11-03 08:56,44.00,32.00,62.43,4.60,M,M
OFK,2025-11-03 09:56,52.00,32.00,46.24,4.60,M,M
OFK,2025-11-03 10:56,56.00,26.00,31.25,6.90,M,M
OFK,2025-11-03 11:56,60.00,21.00,21.95,3.45,M,M
OFK,2025-11-03 12:56,62.00,21.00,20.45,4.60,M,M
OFK,2025-11-03 13:56,62.00,21.00,20.45,3.45,M,M
OFK,2025-11-03 14:56,62.00,20.00,19.59,5.75,M,M
OFK,2025-11-03 15:56,62.00,19.00,18.77,3.45,M,M
OFK,2025-11-03 16:56,56.00,24.00,28.75,8.05,M,M
OFK,2025-11-03 17:56,52.00,24.00,33.28,6.90,M,M
OFK,2025-11-03 18:56,50.00,24.00,35.84,8.05,M,M
OFK,2025-11-03 19:56,51.00,26.00,37.53,8.05,M,M
OFK,2025-11-03 20:56,51.00,24.00,34.53,10.35,M,M
OFK,2025-11-03 21:56,51.00,23.00,33.11,9.20,M,M
OFK,2025-11-03 22:56,48.00,25.00,40.27,3.45,M,M
OFK,2025-11-03 23:56,49.00,24.00,37.20,10.35,M,M
OFK,2025-11-04 00:56,47.00,25.00,41.81,6.90,M,M
OFK,2025-11-04 01:56,40.00,26.00,56.98,6.90,M,M
OFK,2025-11-04 02:56,41.00,27.00,57.13,8.05,M,M
OFK,2025-11-04 03:56,41.00,26.00,54.81,4.60,M,M
OFK,2025-11-04 04:56,42.00,28.00,57.28,8.05,M,M
OFK,2025-11-04 05:56,40.00,29.00,64.48,6.90,M,M
OFK,2025-11-04 06:56,38.00,29.00,69.72,5.75,M,M
OFK,2025-11-04 07:56,40.00,32.00,72.84,4.60,M,M
OFK,2025-11-04 08:56,48.00,33.00,55.86,9.20,M,M
OFK,2025-11-04 09:56,53.00,36.00,52.30,8.05,M,M
OFK,2025-11-04 10:56,58.00,40.00,51.03,9.20,M,M
OFK,2025-11-04 11:56,63.00,42.00,46.17,13.80,M,M
OFK,2025-11-04 12:56,66.00,43.00,43.21,17.25,M,M
OFK,2025-11-04 13:56,71.00,42.00,35.03,13.80,M,M
OFK,2025-11-04 14:56,71.00,40.00,32.42,9.20,M,M
OFK,2025-11-04 15:56,71.00,41.00,33.70,11.50,M,M
OFK,2025-11-04 16:56,66.00,41.00,40.01,8.05,M,M
OFK,2025-11-04 17:56,59.00,40.00,49.24,6.90,M,M
OFK,2025-11-04 18:56,61.00,40.00,45.85,6.90,M,M
OFK,2025-11-04 19:56,58.00,40.00,51.03,5.75,M,M
OFK,2025-11-04 20:56,55.00,39.00,54.70,5.75,M,M
OFK,2025-11-04 21:56,56.00,37.00,48.77,12.65,M,M
OFK,2025-11-04 22:56,55.00,35.00,46.72,13.80,M,M
OFK,2025-11-04 23:56,52.00,35.00,52.14,11.50,M,M
OFK,2025-11-05 00:56,49.00,34.00,56.00,16.10,M,M
OFK,2025-11-05 01:56,47.00,33.00,58.00,18.40,M,M
OFK,2025-11-05 02:56,45.00,33.00,62.56,18.40,M,M
OFK,2025-11-05 03:56,44.00,34.00,67.65,19.55,M,31.05
OFK,2025-11-05 04:56,43.00,34.00,70.29,16.10,M,M
OFK,2025-11-05 05:56,42.00,33.00,70.18,17.25,M,M
OFK,2025-11-05 06:56,40.00,32.00,72.84,13.80,M,M
OFK,2025-11-05 07:56,40.00,33.00,75.83,10.35,M,M
OFK,2025-11-05 08:56,44.00,32.00,62.43,14.95,M,M
OFK,2025-11-05 09:56,47.00,30.00,51.37,13.80,M,M
OFK,2025-11-05 10:56,50.00,29.00,44.08,11.50,M,M
OFK,2025-11-05 11:56,52.00,27.00,37.70,10.35,M,M
OFK,2025-11-05 12:56,53.00,26.00,34.87,8.05,M,M
OFK,2025-11-05 13:56,54.00,25.00,32.24,0.00,M,M
OFK,2025-11-05 14:56,54.00,24.00,30.92,0.00,M,M
OFK,2025-11-05 15:56,55.00,24.00,29.82,0.00,M,M
OFK,2025-11-05 16:56,51.00,24.00,34.53,3.45,M,M
OFK,2025-11-05 17:56,47.00,24.00,40.10,5.75,M,M
OFK,2025-11-05 18:56,43.00,23.00,44.77,6.90,M,M
OFK,2025-11-05 19:56,40.00,25.00,54.66,5.75,M,M
OFK,2025-11-05 20:56,40.00,24.00,52.43,6.90,M,M
OFK,2025-11-05 21:56,34.00,26.00,72.20,6.90,M,M
OFK,2025-11-05 22:56,32.00,25.00,75.05,4.60,M,M
OFK,2025-11-05 23:56,32.00,25.00,75.05,4.60,M,M
OFK,2025-11-06 00:56,33.00,25.00,72.09,4.60,M,M
OFK,2025-11-06 01:56,40.00,27.00,59.39,12.65,M,M
OFK,2025-11-06 02:56,39.00,27.00,61.75,9.20,M,M
OFK,2025-11-06 03:56,41.00,27.00,57.13,16.10,M,M
OFK,2025-11-06 04:56,40.00,28.00,61.89,12.65,M,M
OFK,2025-11-06 05:56,41.00,29.00,62.02,14.95,M,M
OFK,2025-11-06 06:56,42.00,31.00,64.74,18.40,M,M
OFK,2025-11-06 07:56,44.00,32.00,62.43,20.70,M,32.20
OFK,2025-11-06 08:56,45.00,32.00,60.09,24.15,M,35.65
OFK,2025-11-06 09:56,47.00,33.00,58.00,21.85,M,37.95
OFK,2025-11-06 10:56,51.00,35.00,54.10,19.55,M,36.80
OFK,2025-11-06 11:56,53.00,37.00,54.40,21.85,M,33.35
OFK,2025-11-06 12:56,55.00,38.00,52.60,16.10,M,29.90
OFK,2025-11-06 13:56,58.00,39.00,49.08,18.40,M,29.90
OFK,2025-11-06 14:56,60.00,40.00,47.51,13.80,M,M
OFK,2025-11-06 15:04,60.00,39.00,45.69,14.95,200.00,M
OFK,2025-11-06 15:56,59.00,40.00,49.24,9.20,M,M
OFK,2025-11-06 16:56,59.00,40.00,49.24,9.20,M,M
OFK,2025-11-06 17:56,53.00,38.00,56.59,11.50,M,M
OFK,2025-11-06 18:56,50.00,38.00,63.22,9.20,M,M
OFK,2025-11-06 19:56,48.00,38.00,68.12,5.75,11000.00,M
OFK,2025-11-06 20:56,49.00,38.00,65.62,10.35,11000.00,M
OFK,2025-11-06 21:56,48.00,37.00,65.50,9.20,M,M
OFK,2025-11-06 22:56,42.00,36.00,79.10,5.75,M,M
OFK,2025-11-06 23:56,41.00,35.00,79.01,6.90,M,M
OFK,2025-11-07 00:56,41.00,35.00,79.01,4.60,M,M
OFK,2025-11-07 01:56,42.00,33.00,70.18,8.05,M,M
OFK,2025-11-07 02:56,39.00,33.00,78.84,8.05,M,M
OFK,2025-11-07 03:56,42.00,32.00,67.41,10.35,M,M
OFK,2025-11-07 04:56,45.00,33.00,62.56,12.65,11000.00,M
OFK,2025-11-07 05:56,47.00,33.00,58.00,12.65,11000.00,M
OFK,2025-11-07 06:56,46.00,32.00,57.85,10.35,M,M
OFK,2025-11-07 07:56,48.00,32.00,53.65,13.80,M,M
OFK,2025-11-07 08:56,53.00,33.00,46.40,12.65,M,M
OFK,2025-11-07 09:56,58.00,32.00,37.17,11.50,M,M
OFK,2025-11-07 10:56,60.00,32.00,34.60,21.85,M,29.90
OFK,2025-11-07 11:56,61.00,31.00,32.07,20.70,M,M
OFK,2025-11-07 12:56,63.00,32.00,31.12,13.80,M,M
OFK,2025-11-07 13:56,62.00,32.00,32.24,21.85,M,32.20
OFK,2025-11-07 14:56,61.00,31.00,32.07,14.95,M,34.50
OFK,2025-11-07 15:56,59.00,33.00,37.33,13.80,M,31.05
OFK,2025-11-07 16:56,54.00,35.00,48.45,14.95,M,M
OFK,2025-11-07 17:56,47.00,36.00,65.37,9.20,M,M
OFK,2025-11-07 18:56,43.00,34.00,70.29,6.90,M,M
OFK,2025-11-07 19:56,41.00,33.00,72.94,6.90,M,M
OFK,2025-11-07 20:56,37.00,32.00,81.92,4.60,M,M
OFK,2025-11-07 21:56,37.00,32.00,81.92,0.00,M,M
OFK,2025-11-07 22:56,36.00,31.00,81.84,4.60,M,M
OFK,2025-11-07 23:56,35.00,31.00,85.16,5.75,M,M
OFK,2025-11-08 00:56,35.00,32.00,88.67,4.60,12000.00,M
OFK,2025-11-08 01:56,35.00,32.00,88.67,11.50,10000.00,M
OFK,2025-11-08 02:56,35.00,32.00,88.67,10.35,7000.00,M
OFK,2025-11-08 03:56,35.00,32.00,88.67,5.75,1200.00,M
OFK,2025-11-08 04:56,35.00,33.00,92.32,0.00,1000.00,M
OFK,2025-11-08 05:56,35.00,33.00,92.32,0.00,1000.00,M
OFK,2025-11-08 06:05,34.00,33.00,96.07,3.45,900.00,M
OFK,2025-11-08 06:56,35.00,34.00,96.09,10.35,700.00,M
OFK,2025-11-08 07:36,35.00,34.00,96.09,10.35,1000.00,M
OFK,2025-11-08 07:52,35.60,33.80,93.08,10.35,700.00,M
OFK,2025-11-08 07:56,35.00,34.00,96.09,11.50,700.00,M
OFK,2025-11-08 08:56,35.00,34.00,96.09,8.05,700.00,M
OFK,2025-11-08 09:14,35.00,34.00,96.09,6.90,600.00,M
OFK,2025-11-08 09:56,36.00,35.00,96.11,6.90,500.00,M
OFK,2025-11-08 10:56,41.00,38.00,88.96,11.50,700.00,M
OFK,2025-11-08 11:20,42.00,38.00,85.59,9.20,1100.00,M
OFK,2025-11-08 11:49,45.00,39.00,79.35,11.50,1300.00,M
OFK,2025-11-08 11:56,47.00,40.00,76.49,12.65,1600.00,M
OFK,2025-11-08 12:56,46.00,37.00,70.62,16.10,2600.00,M
OFK,2025-11-08 13:46,45.00,37.00,73.36,21.85,2600.00,29.90
OFK,2025-11-08 13:56,44.00,37.00,76.21,18.40,1800.00,29.90
OFK,2025-11-08 14:56,40.00,36.00,85.47,18.40,1400.00,31.05
OFK,2025-11-08 15:56,37.00,33.00,85.28,18.40,1200.00,31.05
OFK,2025-11-08 16:56,35.00,31.00,85.16,18.40,1400.00,29.90
OFK,2025-11-08 17:56,33.00,30.00,88.57,16.10,1300.00,32.20
OFK,2025-11-08 18:39,33.00,29.00,85.03,20.70,1500.00,32.20
OFK,2025-11-08 18:56,33.00,28.00,81.62,19.55,1500.00,32.20
OFK,2025-11-08 19:05,33.00,28.00,81.62,16.10,1300.00,M
OFK,2025-11-08 19:45,31.00,25.00,78.15,20.70,1200.00,32.20
OFK,2025-11-08 19:56,31.00,26.00,81.46,18.40,1400.00,32.20
OFK,2025-11-08 20:46,30.00,24.00,78.06,20.70,1000.00,37.95
OFK,2025-11-08 20:56,30.00,24.00,78.06,18.40,1900.00,37.95
OFK,2025-11-08 21:56,29.00,23.00,77.97,19.55,1600.00,34.50
OFK,2025-11-08 22:56,28.00,19.00,68.54,27.60,2000.00,39.10
OFK,2025-11-08 23:17,27.00,18.00,68.42,21.85,2600.00,34.50
OFK,2025-11-08 23:32,27.00,19.00,71.42,21.85,2600.00,34.50
OFK,2025-11-08 23:56,27.00,19.00,71.42,18.40,2300.00,35.65
OFK,2025-11-09 00:56,27.00,19.00,71.42,17.25,2300.00,36.80
OFK,2025-11-09 01:56,27.00,19.00,71.42,17.25,2100.00,32.20
OFK,2025-11-09 02:56,25.00,16.00,68.18,16.10,2400.00,31.05
OFK,2025-11-09 03:56,25.00,17.00,71.20,16.10,2400.00,34.50
OFK,2025-11-09 04:56,25.00,17.00,71.20,16.10,2200.00,M
OFK,2025-11-09 05:56,25.00,16.00,68.18,17.25,2200.00,29.90
OFK,2025-11-09 06:56,24.00,15.00,68.05,18.40,2300.00,31.05
OFK,2025-11-09 07:56,22.00,13.00,67.81,19.55,2400.00,29.90
OFK,2025-11-09 08:56,24.00,14.00,65.14,17.25,2600.00,31.05
OFK,2025-11-09 09:56,25.00,13.00,59.79,18.40,2500.00,M
OFK,2025-11-09 10:56,25.00,14.00,62.47,19.55,2700.00,M
OFK,2025-11-09 11:56,27.00,13.00,55.03,17.25,2700.00,M
OFK,2025-11-09 12:30,28.00,14.00,55.18,16.10,2800.00,M
OFK,2025-11-09 12:37,28.00,13.00,52.81,19.55,2800.00,M
OFK,2025-11-09 12:46,28.00,13.00,52.81,19.55,2800.00,M
OFK,2025-11-09 12:56,28.00,13.00,52.81,17.25,2900.00,M
OFK,2025-11-09 13:56,30.00,14.00,50.84,17.25,M,M
OFK,2025-11-09 14:56,30.00,12.00,46.55,16.10,M,M
OFK,2025-11-09 15:56,30.00,12.00,46.55,14.95,M,M
OFK,2025-11-09 16:56,29.00,12.00,48.49,11.50,M,M
OFK,2025-11-09 17:56,27.00,14.00,57.50,10.35,M,M
OFK,2025-11-09 18:56,26.00,15.00,62.61,10.35,M,M
OFK,2025-11-09 19:56,23.00,15.00,70.97,8.05,M,M
OFK,2025-11-09 20:56,21.00,14.00,73.92,6.90,M,M
OFK,2025-11-09 21:56,21.00,14.00,73.92,9.20,M,M
OFK,2025-11-09 22:56,20.00,14.00,77.14,8.05,M,M
OFK,2025-11-09 23:56,20.00,15.00,80.59,8.05,M,M
OFK,2025-11-10 00:56,19.00,15.00,84.11,8.05,M,M
OFK,2025-11-10 01:56,16.00,13.00,87.69,3.45,M,M
OFK,2025-11-10 02:56,16.00,13.00,87.69,3.45,M,M
OFK,2025-11-10 03:56,14.00,12.00,91.56,5.75,M,M
OFK,2025-11-10 04:56,14.00,12.00,91.56,0.00,M,M
OFK,2025-11-10 05:56,11.00,9.00,91.44,5.75,M,M
OFK,2025-11-10 06:56,12.00,10.00,91.48,3.45,M,M
OFK,2025-11-10 07:56,15.00,12.00,87.64,3.45,M,M
OFK,2025-11-10 08:56,21.00,16.00,80.67,3.45,M,M
OFK,2025-11-10 09:56,26.00,19.00,74.44,8.05,M,M
OFK,2025-11-10 10:56,29.00,19.00,65.79,9.20,M,M
OFK,2025-11-10 11:56,32.00,18.00,55.79,4.60,M,M
OFK,2025-11-10 12:56,36.00,19.00,49.63,8.05,M,M
OFK,2025-11-10 13:56,38.00,19.00,45.87,13.80,12000.00,M
OFK,2025-11-10 14:56,39.00,19.00,44.11,12.65,M,M
OFK,2025-11-10 15:56,38.00,18.00,43.94,12.65,M,M
OFK,2025-11-10 16:56,37.00,18.00,45.70,12.65,M,M
OFK,2025-11-10 17:56,35.00,18.00,49.47,12.65,M,M
OFK,2025-11-10 18:56,34.00,18.00,51.48,14.95,M,M
OFK,2025-11-10 19:56,34.00,17.00,49.31,14.95,M,M
OFK,2025-11-10 20:56,34.00,17.00,49.31,12.65,M,M
OFK,2025-11-10 21:56,35.00,17.00,47.38,13.80,M,M
OFK,2025-11-10 22:56,34.00,18.00,51.48,11.50,M,M
OFK,2025-11-10 23:56,34.00,19.00,53.74,14.95,M,M
OFK,2025-11-11 00:56,34.00,20.00,56.09,11.50,M,M
OFK,2025-11-11 01:56,35.00,20.00,53.90,13.80,M,M
OFK,2025-11-11 02:56,36.00,21.00,54.05,10.35,M,M
OFK,2025-11-11 03:56,36.00,22.00,56.39,9.20,M,M
OFK,2025-11-11 04:56,38.00,24.00,56.69,8.05,M,M
OFK,2025-11-11 05:56,37.00,25.00,61.48,4.60,M,M
OFK,2025-11-11 06:56,34.00,25.00,69.26,0.00,M,M
OFK,2025-11-11 07:56,36.00,26.00,66.67,6.90,M,M
OFK,2025-11-11 08:56,47.00,30.00,51.37,10.35,M,M
OFK,2025-11-11 09:56,56.00,33.00,41.59,14.95,M,M
OFK,2025-11-11 10:56,60.00,36.00,40.61,21.85,M,M
OFK,2025-11-11 11:56,62.00,36.00,37.83,14.95,M,M
OFK,2025-11-11 12:56,64.00,36.00,35.26,11.50,M,M
OFK,2025-11-11 13:56,65.00,36.00,34.05,14.95,M,M
OFK,2025-11-11 14:56,66.00,37.00,34.22,9.20,M,M
OFK,2025-11-11 15:56,65.00,36.00,34.05,13.80,M,M
OFK,2025-11-11 16:56,61.00,36.00,39.19,10.35,M,M
OFK,2025-11-11 17:56,53.00,35.00,50.26,8.05,M,M
OFK,2025-11-11 18:56,51.00,35.00,54.10,6.90,M,M
OFK,2025-11-11 19:56,44.00,34.00,67.65,8.05,M,M
OFK,2025-11-11 20:56,44.00,34.00,67.65,8.05,M,M
OFK,2025-11-11 21:56,46.00,34.00,62.69,8.05,M,M
OFK,2025-11-11 22:56,41.00,32.00,70.06,4.60,M,M
OFK,2025-11-11 23:56,39.00,32.00,75.73,5.75,M,M
OFK,2025-11-12 00:56,38.00,31.00,75.64,4.60,M,M
OFK,2025-11-12 01:56,37.00,30.00,75.54,6.90,M,M
OFK,2025-11-12 02:56,36.00,30.00,78.58,4.60,M,M
OFK,2025-11-12 03:56,35.00,30.00,81.77,3.45,M,M
OFK,2025-11-12 04:56,36.00,30.00,78.58,0.00,M,M
OFK,2025-11-12 05:56,36.00,31.00,81.84,8.05,M,M
OFK,2025-11-12 06:56,32.00,29.00,88.53,3.45,M,M
OFK,2025-11-12 07:56,34.00,30.00,85.10,5.75,M,M
OFK,2025-11-12 08:56,41.00,33.00,72.94,4.60,M,M
OFK,2025-11-12 09:56,48.00,35.00,60.51,6.90,M,M
OFK,2025-11-12 10:56,53.00,35.00,50.26,10.35,M,M
OFK,2025-11-12 11:56,57.00,33.00,40.11,9.20,M,M
OFK,2025-11-12 12:56,56.00,33.00,41.59,8.05,M,M
OFK,2025-11-12 13:56,58.00,33.00,38.70,0.00,M,M
OFK,2025-11-12 14:56,58.00,33.00,38.70,0.00,M,M
OFK,2025-11-12 15:56,58.00,33.00,38.70,3.45,M,M
OFK,2025-11-12 16:56,54.00,34.00,46.56,3.45,M,M
OFK,2025-11-12 17:56,50.00,32.00,49.79,5.75,M,M
OFK,2025-11-12 18:56,44.00,32.00,62.43,4.60,M,M
OFK,2025-11-12 19:56,42.00,32.00,67.41,3.45,M,M
OFK,2025-11-12 20:56,39.00,32.00,75.73,6.90,M,M
OFK,2025-11-12 21:56,36.00,31.00,81.84,5.75,M,M
OFK,2025-11-12 22:56,36.00,31.00,81.84,5.75,M,M
OFK,2025-11-12 23:56,37.00,31.00,78.67,3.45,M,M
OFK,2025-11-13 00:56,35.00,31.00,85.16,3.45,M,M
OFK,2025-11-13 01:56,38.00,31.00,75.64,6.90,M,M
OFK,2025-11-13 02:56,40.00,33.00,75.83,5.75,M,M
OFK,2025-11-13 03:56,37.00,32.00,81.92,6.90,M,M
OFK,2025-11-13 04:56,43.00,35.00,73.15,8.05,M,M
OFK,2025-11-13 05:56,36.00,32.00,85.22,3.45,M,M
OFK,2025-11-13 06:56,39.00,34.00,82.07,6.90,M,M
OFK,2025-11-13 07:56,39.00,33.00,78.84,3.45,M,M
OFK,2025-11-13 08:56,47.00,35.00,62.83,6.90,M,M
OFK,2025-11-13 09:56,52.00,36.00,54.25,9.20,M,M
OFK,2025-11-13 10:56,57.00,36.00,45.21,6.90,M,M
OFK,2025-11-13 11:56,61.00,37.00,40.77,4.60,M,M
OFK,2025-11-13 12:56,65.00,37.00,35.43,5.75,M,M
OFK,2025-11-13 13:56,68.00,37.00,31.93,5.75,M,M
OFK,2025-11-13 14:56,70.00,37.00,29.82,4.60,M,M
OFK,2025-11-13 15:56,69.00,37.00,30.86,5.75,M,M
OFK,2025-11-13 16:56,59.00,38.00,45.53,6.90,M,M
OFK,2025-11-13 17:56,53.00,37.00,54.40,6.90,M,M
OFK,2025-11-13 18:56,51.00,37.00,58.57,3.45,M,M
OFK,2025-11-13 19:56,49.00,36.00,60.64,0.00,M,M
OFK,2025-11-13 20:56,45.00,36.00,70.51,3.45,M,M
OFK,2025-11-13 21:56,42.00,35.00,76.02,0.00,M,M
OFK,2025-11-13 22:56,41.00,35.00,79.01,0.00,M,M
OFK,2025-11-13 23:56,42.00,35.00,76.02,0.00,M,M
OFK,2025-11-14 00:56,38.00,34.00,85.35,3.45,M,M
OFK,2025-11-14 01:56,37.00,33.00,85.28,3.45,M,M
OFK,2025-11-14 02:56,41.00,35.00,79.01,0.00,M,M
OFK,2025-11-14 03:56,42.00,36.00,79.10,3.45,M,M
OFK,2025-11-14 04:56,36.00,33.00,88.72,0.00,M,M
OFK,2025-11-14 05:56,36.00,34.00,92.35,0.00,M,M
OFK,2025-11-14 06:56,40.00,35.00,82.14,0.00,M,M
OFK,2025-11-14 07:56,38.00,34.00,85.35,3.45,M,M
OFK,2025-11-14 08:56,50.00,39.00,65.75,4.60,M,M
OFK,2025-11-14 09:56,62.00,38.00,40.93,6.90,M,M
OFK,2025-11-14 10:56,67.00,39.00,35.75,10.35,M,M
OFK,2025-11-14 11:56,73.00,38.00,28.02,10.35,M,M
OFK,2025-11-14 12:56,76.00,36.00,23.43,12.65,M,M
OFK,2025-11-14 13:56,79.00,35.00,20.39,21.85,M,M
OFK,2025-11-14 14:56,79.00,34.00,19.59,13.80,M,M
OFK,2025-11-14 15:56,79.00,34.00,19.59,12.65,M,M
OFK,2025-11-14 16:56,73.00,33.00,22.98,10.35,M,M
OFK,2025-11-14 17:56,70.00,32.00,24.43,10.35,M,M
OFK,2025-11-14 18:56,69.00,32.00,25.28,18.40,M,M
OFK,2025-11-14 19:56,65.00,32.00,29.02,18.40,M,M
OFK,2025-11-14 20:56,64.00,31.00,28.86,18.40,M,M
OFK,2025-11-14 21:56,65.00,33.00,30.21,17.25,M,31.05
OFK,2025-11-14 22:56,62.00,34.00,34.93,14.95,M,M
OFK,2025-11-14 23:56,61.00,35.00,37.66,12.65,M,M
OFK,2025-11-15 00:56,61.00,34.00,36.19,10.35,M,M
OFK,2025-11-15 01:56,57.00,35.00,43.45,5.75,M,M
OFK,2025-11-15 02:56,60.00,35.00,39.03,8.05,M,M
OFK,2025-11-15 03:56,56.00,36.00,46.88,9.20,M,M
OFK,2025-11-15 04:56,52.00,37.00,56.44,9.20,M,M
OFK,2025-11-15 05:56,48.00,37.00,65.50,5.75,M,M
OFK,2025-11-15 06:56,47.00,38.00,70.74,8.05,M,M
OFK,2025-11-15 07:56,45.00,38.00,76.30,3.45,M,M
OFK,2025-11-15 08:56,54.00,40.00,58.99,6.90,M,M
OFK,2025-11-15 09:56,60.00,43.00,53.35,12.65,M,M
OFK,2025-11-15 10:56,62.00,45.00,53.65,12.65,M,M
OFK,2025-11-15 11:56,64.00,45.00,50.01,16.10,M,M
OFK,2025-11-15 12:56,64.00,44.00,48.14,14.95,M,M
OFK,2025-11-15 13:56,64.00,43.00,46.33,13.80,M,M
OFK,2025-11-15 14:56,63.00,43.00,47.98,17.25,4200.00,M
OFK,2025-11-15 15:56,60.00,40.00,47.51,17.25,M,M
OFK,2025-11-15 16:56,54.00,39.00,56.73,10.35,M,M
OFK,2025-11-15 17:56,50.00,38.00,63.22,10.35,M,M
OFK,2025-11-15 18:56,47.00,36.00,65.37,5.75,M,M
OFK,2025-11-15 19:56,41.00,35.00,79.01,4.60,M,M
OFK,2025-11-15 20:56,42.00,33.00,70.18,0.00,M,M
OFK,2025-11-15 21:56,41.00,33.00,72.94,3.45,11000.00,M
OFK,2025-11-15 22:56,39.00,32.00,75.73,0.00,M,M
OFK,2025-11-15 23:56,34.00,31.00,88.62,3.45,11000.00,M
OFK,2025-11-16 00:56,33.00,30.00,88.57,3.45,11000.00,M
OFK,2025-11-16 01:56,32.00,29.00,88.53,0.00,M,M
OFK,2025-11-16 02:56,30.00,29.00,96.00,0.00,M,M
OFK,2025-11-16 03:56,29.00,28.00,95.98,0.00,M,M
OFK,2025-11-16 04:56,30.00,29.00,96.00,3.45,M,M
OFK,2025-11-16 05:56,29.00,29.00,100.00,3.45,M,M
OFK,2025-11-16 06:56,25.00,24.00,95.91,3.45,M,M
OFK,2025-11-16 07:56,28.00,26.00,92.07,0.00,M,M
OFK,2025-11-16 08:56,35.00,32.00,88.67,0.00,M,M
OFK,2025-11-16 09:56,39.00,30.00,69.84,8.05,M,M
OFK,2025-11-16 10:56,46.00,30.00,53.35,6.90,M,M
OFK,2025-11-16 11:56,49.00,27.00,42.14,11.50,M,M
OFK,2025-11-16 12:56,49.00,25.00,38.79,9.20,M,M
OFK,2025-11-16 13:56,50.00,28.00,42.31,10.35,M,M
OFK,2025-11-16 14:56,52.00,27.00,37.70,13.80,M,M
OFK,2025-11-16 15:56,52.00,29.00,40.93,8.05,M,M
OFK,2025-11-16 16:56,49.00,29.00,45.75,8.05,M,M
OFK,2025-11-16 17:56,44.00,28.00,53.04,8.05,M,M
OFK,2025-11-16 18:56,42.00,27.00,54.96,9.20,M,M
OFK,2025-11-16 19:56,40.00,25.00,54.66,8.05,M,M
OFK,2025-11-16 20:56,39.00,24.00,54.51,9.20,M,M
OFK,2025-11-16 21:56,38.00,23.00,54.36,8.05,M,M
OFK,2025-11-16 22:56,40.00,23.00,50.27,10.35,M,M
OFK,2025-11-16 23:56,40.00,22.00,48.20,8.05,M,M
OFK,2025-11-17 00:56,40.00,22.00,48.20,10.35,M,M
OFK,2025-11-17 01:56,39.00,22.00,50.11,9.20,M,M
OFK,2025-11-17 02:56,41.00,22.00,46.36,9.20,M,M
OFK,2025-11-17 03:56,39.00,21.00,48.03,11.50,M,M
OFK,2025-11-17 04:56,39.00,22.00,50.11,12.65,M,M
OFK,2025-11-17 05:56,36.00,22.00,56.39,9.20,M,M
OFK,2025-11-17 06:56,36.00,22.00,56.39,9.20,M,M
OFK,2025-11-17 07:56,40.00,21.00,46.20,12.65,5000.00,M
OFK,2025-11-17 08:56,44.00,21.00,39.59,16.10,4900.00,M
OFK,2025-11-17 09:31,44.00,21.00,39.59,14.95,1700.00,M
OFK,2025-11-17 09:56,45.00,22.00,39.76,14.95,1500.00,M
OFK,2025-11-17 10:56,45.00,26.00,47.01,13.80,1800.00,M
OFK,2025-11-17 11:56,48.00,28.00,45.59,10.35,1700.00,M
OFK,2025-11-17 12:56,52.00,29.00,40.93,14.95,2100.00,M
OFK,2025-11-17 13:56,53.00,30.00,41.10,11.50,1800.00,M
OFK,2025-11-17 14:12,53.00,30.00,41.10,16.10,2000.00,M
OFK,2025-11-17 14:22,52.00,30.00,42.64,16.10,2000.00,M
OFK,2025-11-17 14:56,52.00,31.00,44.40,12.65,1900.00,M
OFK,2025-11-17 15:56,53.00,32.00,44.57,14.95,2700.00,M
OFK,2025-11-17 16:13,53.00,32.00,44.57,12.65,3000.00,M
OFK,2025-11-17 16:56,52.00,31.00,44.40,9.20,3400.00,M
OFK,2025-11-17 17:56,52.00,33.00,48.14,10.35,3400.00,M
OFK,2025-11-17 18:34,52.00,35.00,52.14,10.35,2900.00,M
OFK,2025-11-17 18:56,52.00,36.00,54.25,6.90,2700.00,M
OFK,2025-11-17 19:56,51.00,37.00,58.57,3.45,3800.00,M
OFK,2025-11-17 20:56,50.00,37.00,60.78,3.45,3800.00,M
OFK,2025-11-17 21:56,50.00,38.00,63.22,5.75,4000.00,M
OFK,2025-11-17 22:56,46.00,34.00,62.69,6.90,6500.00,M
OFK,2025-11-17 23:56,44.00,33.00,64.99,6.90,3500.00,M
OFK,2025-11-18 00:56,40.00,33.00,75.83,4.60,M,M
OFK,2025-11-18 01:56,38.00,33.00,81.99,4.60,M,M
OFK,2025-11-18 02:56,36.00,33.00,88.72,3.45,M,M
OFK,2025-11-18 03:56,34.00,32.00,92.28,8.05,M,M
OFK,2025-11-18 04:56,34.00,33.00,96.07,4.60,3000.00,M
OFK,2025-11-18 05:52,37.40,35.60,93.13,5.75,2700.00,M
OFK,2025-11-18 05:56,38.00,36.00,92.42,5.75,2700.00,M
OFK,2025-11-18 06:16,38.00,36.00,92.42,5.75,3000.00,M
OFK,2025-11-18 06:56,39.00,36.00,88.87,9.20,3100.00,M
OFK,2025-11-18 07:12,40.00,36.00,85.47,10.35,2500.00,M
OFK,2025-11-18 07:37,40.00,36.00,85.47,14.95,2400.00,M
OFK,2025-11-18 07:56,40.00,36.00,85.47,14.95,1100.00,M
OFK,2025-11-18 08:26,40.00,37.00,88.91,12.65,900.00,M
OFK,2025-11-18 08:56,40.00,36.00,85.47,11.50,900.00,M
OFK,2025-11-18 09:16,40.00,36.00,85.47,13.80,1000.00,M
OFK,2025-11-18 09:40,41.00,36.00,82.21,14.95,900.00,M
OFK,2025-11-18 09:56,41.00,36.00,82.21,13.80,900.00,M
OFK,2025-11-18 10:12,41.00,37.00,85.53,12.65,1000.00,M
OFK,2025-11-18 10:56,42.00,36.00,79.10,12.65,1200.00,M
OFK,2025-11-18 11:56,42.00,36.00,79.10,13.80,1200.00,M
OFK,2025-11-18 12:56,43.00,36.00,76.11,11.50,1400.00,M
OFK,2025-11-18 13:11,44.00,36.00,73.25,10.35,1500.00,M
OFK,2025-11-18 13:56,43.00,36.00,76.11,6.90,1700.00,M
OFK,2025-11-18 14:56,44.00,36.00,73.25,10.35,1900.00,M
OFK,2025-11-18 15:56,43.00,36.00,76.11,9.20,1700.00,M
OFK,2025-11-18 16:56,42.00,36.00,79.10,8.05,1700.00,M
OFK,2025-11-18 17:56,42.00,36.00,79.10,4.60,1800.00,M
OFK,2025-11-18 18:56,42.00,36.00,79.10,4.60,1600.00,M
OFK,2025-11-18 19:47,42.00,36.00,79.10,5.75,1400.00,M
OFK,2025-11-18 19:56,41.00,36.00,82.21,5.75,1400.00,M
OFK,2025-11-18 20:38,42.00,36.00,79.10,5.75,1500.00,M
OFK,2025-11-18 20:56,41.00,36.00,82.21,5.75,1500.00,M
OFK,2025-11-18 21:56,40.00,37.00,88.91,4.60,1400.00,M
OFK,2025-11-18 22:56,39.00,37.00,92.45,5.75,1400.00,M
OFK,2025-11-18 23:44,39.00,37.00,92.45,6.90,600.00,M
OFK,2025-11-18 23:56,39.00,37.00,92.45,8.05,600.00,M
OFK,2025-11-19 00:40,38.00,37.00,96.14,4.60,500.00,M
OFK,2025-11-19 00:53,37.40,37.40,100.00,4.60,500.00,M
OFK,2025-11-19 00:56,38.00,37.00,96.14,3.45,500.00,M
OFK,2025-11-19 01:04,38.00,37.00,96.14,5.75,500.00,M
OFK,2025-11-19 01:44,39.00,37.00,92.45,4.60,500.00,M
OFK,2025-11-19 01:56,39.00,37.00,92.45,4.60,1300.00,M
OFK,2025-11-19 02:54,39.20,37.40,93.19,8.05,1500.00,M
OFK,2025-11-19 02:56,39.00,37.00,92.45,6.90,1500.00,M
OFK,2025-11-19 03:56,39.00,37.00,92.45,3.45,1700.00,M
OFK,2025-11-19 04:56,39.00,37.00,92.45,0.00,1500.00,M
OFK,2025-11-19 05:03,39.00,37.00,92.45,0.00,1300.00,M
OFK,2025-11-19 05:56,39.00,37.00,92.45,4.60,1200.00,M
OFK,2025-11-19 06:09,39.00,36.00,88.87,6.90,1200.00,M
OFK,2025-11-19 06:56,39.00,37.00,92.45,8.05,2000.00,M
OFK,2025-11-19 07:56,40.00,37.00,88.91,10.35,1800.00,M
OFK,2025-11-19 08:56,40.00,37.00,88.91,10.35,1700.00,M
OFK,2025-11-19 09:06,41.00,37.00,85.53,10.35,800.00,M
OFK,2025-11-19 09:56,43.00,37.00,79.18,11.50,1500.00,M
OFK,2025-11-19 10:56,45.00,37.00,73.36,12.65,1600.00,M
OFK,2025-11-19 11:26,47.00,38.00,70.74,11.50,1600.00,M
OFK,2025-11-19 11:56,49.00,38.00,65.62,8.05,M,M
OFK,2025-11-19 12:56,49.00,38.00,65.62,11.50,M,M
OFK,2025-11-19 13:56,51.00,38.00,60.92,12.65,M,M
OFK,2025-11-19 14:56,52.00,39.00,61.05,13.80,M,M
OFK,2025-11-19 15:56,50.00,39.00,65.75,11.50,M,M
OFK,2025-11-19 16:56,46.00,38.00,73.46,6.90,M,M
OFK,2025-11-19 17:56,43.00,37.00,79.18,5.75,M,M
OFK,2025-11-19 18:56,43.00,38.00,82.36,6.90,M,M
OFK,2025-11-19 19:56,43.00,38.00,82.36,10.35,M,M
OFK,2025-11-19 20:56,42.00,38.00,85.59,11.50,M,M
OFK,2025-11-19 21:56,40.00,37.00,88.91,9.20,M,M
OFK,2025-11-19 22:56,40.00,37.00,88.91,10.35,M,M
OFK,2025-11-19 23:56,40.00,37.00,88.91,8.05,M,M
OFK,2025-11-20 00:56,39.00,37.00,92.45,8.05,M,M
OFK,2025-11-20 01:56,38.00,36.00,92.42,6.90,M,M
OFK,2025-11-20 02:56,36.00,34.00,92.35,6.90,M,M
OFK,2025-11-20 03:56,35.00,35.00,100.00,8.05,M,M
OFK,2025-11-20 04:18,36.00,35.00,96.11,11.50,400.00,M
OFK,2025-11-20 04:26,37.00,36.00,96.12,9.20,400.00,M
OFK,2025-11-20 04:56,39.00,39.00,100.00,10.35,300.00,M
OFK,2025-11-20 05:07,40.00,39.00,96.18,10.35,200.00,M
OFK,2025-11-20 05:32,40.00,40.00,100.00,13.80,200.00,M
OFK,2025-11-20 05:43,40.00,40.00,100.00,10.35,200.00,M
OFK,2025-11-20 05:56,40.00,40.00,100.00,11.50,200.00,M
OFK,2025-11-20 06:29,41.00,41.00,100.00,10.35,200.00,M
OFK,2025-11-20 06:56,41.00,41.00,100.00,14.95,200.00,M
OFK,2025-11-20 07:24,41.00,40.00,96.19,12.65,200.00,M
OFK,2025-11-20 07:56,41.00,41.00,100.00,13.80,400.00,M
OFK,2025-11-20 08:51,42.80,41.00,93.29,14.95,500.00,M
OFK,2025-11-20 08:56,42.00,41.00,96.21,13.80,500.00,M
OFK,2025-11-20 09:56,43.00,42.00,96.23,11.50,500.00,M
OFK,2025-11-20 10:56,44.00,42.00,92.61,12.65,600.00,M
OFK,2025-11-20 11:56,47.00,42.00,82.65,10.35,900.00,M
OFK,2025-11-20 12:12,47.00,41.00,79.51,11.50,1100.00,M
OFK,2025-11-20 12:56,48.00,40.00,73.66,11.50,1400.00,M
OFK,2025-11-20 13:15,48.00,40.00,73.66,8.05,1500.00,M
OFK,2025-11-20 13:56,48.00,40.00,73.66,11.50,1600.00,M
OFK,2025-11-20 14:56,49.00,40.00,70.96,8.05,1900.00,M
OFK,2025-11-20 15:08,48.00,39.00,70.85,10.35,1800.00,M
OFK,2025-11-20 15:56,47.00,39.00,73.56,8.05,M,M
OFK,2025-11-20 16:56,45.00,39.00,79.35,5.75,M,M
OFK,2025-11-20 17:56,41.00,37.00,85.53,6.90,M,M
OFK,2025-11-20 18:56,40.00,37.00,88.91,5.75,M,M
OFK,2025-11-20 19:56,37.00,36.00,96.12,0.00,M,M
OFK,2025-11-20 20:56,37.00,35.00,92.38,3.45,M,M
OFK,2025-11-20 21:56,37.00,36.00,96.12,3.45,M,M
OFK,2025-11-20 22:56,36.00,35.00,96.11,3.45,M,M
OFK,2025-11-20 23:56,38.00,36.00,92.42,5.75,M,M
OFK,2025-11-21 00:56,38.00,36.00,92.42,4.60,M,M
OFK,2025-11-21 01:56,38.00,36.00,92.42,4.60,M,M
OFK,2025-11-21 02:56,39.00,36.00,88.87,5.75,11000.00,M
OFK,2025-11-21 03:56,39.00,36.00,88.87,4.60,11000.00,M
OFK,2025-11-21 04:56,39.00,35.00,85.41,4.60,10000.00,M
OFK,2025-11-21 05:56,39.00,35.00,85.41,5.75,7000.00,M
OFK,2025-11-21 06:56,38.00,35.00,88.82,4.60,7000.00,M
OFK,2025-11-21 07:56,38.00,35.00,88.82,4.60,10000.00,M
OFK,2025-11-21 08:56,38.00,35.00,88.82,4.60,10000.00,M
OFK,2025-11-21 09:56,39.00,35.00,85.41,5.75,9000.00,M
OFK,2025-11-21 10:56,41.00,35.00,79.01,6.90,M,M
OFK,2025-11-21 11:56,42.00,34.00,73.05,4.60,M,M
OFK,2025-11-21 12:56,44.00,32.00,62.43,3.45,M,M
OFK,2025-11-21 13:56,47.00,31.00,53.50,4.60,M,M
OFK,2025-11-21 14:56,50.00,26.00,38.95,4.60,M,M
OFK,2025-11-21 15:56,50.00,23.00,34.37,4.60,M,M
OFK,2025-11-21 16:56,46.00,25.00,43.42,4.60,M,M
OFK,2025-11-21 17:56,38.00,25.00,59.11,3.45,M,M
OFK,2025-11-21 18:56,34.00,26.00,72.20,3.45,M,M
OFK,2025-11-21 19:56,36.00,26.00,66.67,6.90,M,M
OFK,2025-11-21 20:56,36.00,26.00,66.67,6.90,M,M
OFK,2025-11-21 21:56,35.00,26.00,69.37,5.75,M,M
OFK,2025-11-21 22:56,36.00,29.00,75.44,8.05,M,M
OFK,2025-11-21 23:56,37.00,29.00,72.52,9.20,M,M
OFK,2025-11-22 00:56,39.00,28.00,64.35,17.25,M,M
OFK,2025-11-22 01:56,40.00,33.00,75.83,12.65,M,M
OFK,2025-11-22 02:56,37.00,32.00,81.92,4.60,M,M
OFK,2025-11-22 03:56,37.00,34.00,88.77,3.45,M,M
OFK,2025-11-22 04:56,38.00,36.00,92.42,0.00,M,M
OFK,2025-11-22 05:56,39.00,37.00,92.45,3.45,M,M
OFK,2025-11-22 06:56,39.00,36.00,88.87,0.00,M,M
OFK,2025-11-22 07:56,39.00,36.00,88.87,8.05,M,M
OFK,2025-11-22 08:56,45.00,39.00,79.35,8.05,M,M
OFK,2025-11-22 09:56,52.00,41.00,65.99,13.80,M,M
OFK,2025-11-22 10:56,56.00,41.00,57.02,16.10,M,M
OFK,2025-11-22 11:56,59.00,40.00,49.24,14.95,M,M
OFK,2025-11-22 12:56,61.00,38.00,42.41,17.25,M,M
OFK,2025-11-22 13:56,61.00,35.00,37.66,18.40,M,M
OFK,2025-11-22 14:56,59.00,32.00,35.86,19.55,M,29.90
OFK,2025-11-22 15:56,56.00,33.00,41.59,12.65,M,M
OFK,2025-11-22 16:56,51.00,32.00,47.98,8.05,M,M
OFK,2025-11-22 17:56,46.00,32.00,57.85,8.05,M,M
OFK,2025-11-22 18:56,37.00,29.00,72.52,4.60,M,M
OFK,2025-11-22 19:56,40.00,31.00,69.95,3.45,M,M
OFK,2025-11-22 20:56,38.00,31.00,75.64,4.60,M,M
OFK,2025-11-22 21:56,35.00,30.00,81.77,0.00,M,M
OFK,2025-11-22 22:56,32.00,28.00,84.97,3.45,M,M
OFK,2025-11-22 23:56,31.00,29.00,92.18,3.45,M,M
OFK,2025-11-23 00:56,28.00,25.00,88.32,0.00,M,M
OFK,2025-11-23 01:56,29.00,27.00,92.11,0.00,M,M
OFK,2025-11-23 02:56,29.00,28.00,95.98,0.00,M,M
OFK,2025-11-23 03:56,27.00,25.00,92.04,3.45,M,M
OFK,2025-11-23 04:56,27.00,26.00,95.95,0.00,M,M
OFK,2025-11-23 05:56,25.00,22.00,88.17,3.45,M,M
OFK,2025-11-23 06:56,24.00,23.00,95.89,0.00,M,M
OFK,2025-11-23 07:56,26.00,25.00,95.93,0.00,M,M
OFK,2025-11-23 08:56,34.00,31.00,88.62,0.00,M,M
OFK,2025-11-23 09:56,46.00,35.00,65.24,6.90,M,M
OFK,2025-11-23 10:56,52.00,35.00,52.14,13.80,M,M
OFK,2025-11-23 11:56,56.00,34.00,43.29,13.80,M,M
OFK,2025-11-23 12:56,59.00,34.00,38.86,11.50,M,M
OFK,2025-11-23 13:56,61.00,36.00,39.19,9.20,M,M
OFK,2025-11-23 14:56,61.00,35.00,37.66,11.50,M,M
OFK,2025-11-23 15:56,60.00,37.00,42.24,13.80,M,M
OFK,2025-11-23 16:56,54.00,38.00,54.55,10.35,M,M
OFK,2025-11-23 17:56,53.00,42.00,66.11,12.65,M,M
OFK,2025-11-23 18:56,51.00,44.00,76.85,11.50,M,M
OFK,2025-11-23 19:56,52.00,44.00,74.06,9.20,M,M
OFK,2025-11-23 20:56,52.00,44.00,74.06,8.05,M,M
OFK,2025-11-23 21:56,49.00,44.00,82.79,8.05,M,M
OFK,2025-11-23 22:56,49.00,45.00,86.00,9.20,M,M
OFK,2025-11-23 23:56,49.00,45.00,86.00,4.60,M,M
OFK,2025-11-24 00:56,48.00,45.00,89.28,10.35,12000.00,M
OFK,2025-11-24 01:56,50.00,46.00,86.06,9.20,M,M
OFK,2025-11-24 02:56,50.00,46.00,86.06,9.20,M,M
OFK,2025-11-24 03:56,49.00,46.00,89.33,9.20,9000.00,M
OFK,2025-11-24 04:56,48.00,46.00,92.74,5.75,7000.00,M
OFK,2025-11-24 05:56,48.00,47.00,96.31,5.75,7000.00,M
OFK,2025-11-24 06:56,48.00,47.00,96.31,6.90,7000.00,M
OFK,2025-11-24 07:12,48.00,47.00,96.31,9.20,400.00,M
OFK,2025-11-24 07:20,47.00,47.00,100.00,6.90,400.00,M
OFK,2025-11-24 07:42,47.00,47.00,100.00,8.05,400.00,M
OFK,2025-11-24 07:56,47.00,47.00,100.00,6.90,1800.00,M
OFK,2025-11-24 08:19,49.00,48.00,96.32,8.05,1000.00,M
OFK,2025-11-24 08:37,49.00,48.00,96.32,8.05,400.00,M
OFK,2025-11-24 08:49,49.00,48.00,96.32,6.90,400.00,M
OFK,2025-11-24 08:56,49.00,48.00,96.32,6.90,400.00,M
OFK,2025-11-24 09:13,50.00,49.00,96.34,0.00,400.00,M
OFK,2025-11-24 09:56,50.00,49.00,96.34,8.05,500.00,M
OFK,2025-11-24 10:56,51.00,50.00,96.36,3.45,500.00,M
OFK,2025-11-24 11:56,51.00,50.00,96.36,5.75,600.00,M
OFK,2025-11-24 12:21,50.00,50.00,100.00,8.05,400.00,M
OFK,2025-11-24 12:56,50.00,49.00,96.34,8.05,300.00,M
OFK,2025-11-24 13:06,50.00,49.00,96.34,8.05,300.00,M
OFK,2025-11-24 13:18,50.00,49.00,96.34,5.75,200.00,M
OFK,2025-11-24 13:45,50.00,50.00,100.00,4.60,200.00,M
OFK,2025-11-24 13:52,50.00,50.00,100.00,5.75,200.00,M
OFK,2025-11-24 13:56,50.00,50.00,100.00,4.60,200.00,M
OFK,2025-11-24 14:56,51.00,50.00,96.36,0.00,300.00,M
OFK,2025-11-24 15:45,52.00,50.00,92.86,0.00,500.00,M
OFK,2025-11-24 15:56,52.00,50.00,92.86,0.00,600.00,M
OFK,2025-11-24 16:56,51.00,50.00,96.36,4.60,600.00,M
OFK,2025-11-24 17:56,51.00,50.00,96.36,3.45,900.00,M
OFK,2025-11-24 18:56,50.00,49.00,96.34,4.60,400.00,M
OFK,2025-11-24 19:13,50.00,50.00,100.00,0.00,300.00,M
OFK,2025-11-24 19:26,50.00,50.00,100.00,0.00,300.00,M
OFK,2025-11-24 19:56,50.00,49.00,96.34,0.00,1000.00,M
OFK,2025-11-24 20:56,50.00,49.00,96.34,0.00,1600.00,M
OFK,2025-11-24 21:16,48.00,48.00,100.00,0.00,1500.00,M
OFK,2025-11-24 21:31,49.00,48.00,96.32,0.00,1000.00,M
OFK,2025-11-24 21:56,49.00,48.00,96.32,0.00,1400.00,M
OFK,2025-11-24 22:05,49.00,48.00,96.32,0.00,1200.00,M
OFK,2025-11-24 22:41,48.00,48.00,100.00,0.00,1000.00,M
OFK,2025-11-24 22:56,49.00,48.00,96.32,0.00,1000.00,M
OFK,2025-11-24 23:34,49.00,48.00,96.32,0.00,900.00,M
OFK,2025-11-24 23:56,49.00,48.00,96.32,0.00,800.00,M
OFK,2025-11-25 00:47,49.00,48.00,96.32,4.60,400.00,M
OFK,2025-11-25 00:56,49.00,48.00,96.32,5.75,400.00,M
OFK,2025-11-25 01:06,49.00,48.00,96.32,5.75,500.00,M
OFK,2025-11-25 01:56,48.00,47.00,96.31,3.45,900.00,M
OFK,2025-11-25 02:17,48.00,47.00,96.31,3.45,1000.00,M
OFK,2025-11-25 02:25,48.00,47.00,96.31,3.45,1000.00,M
OFK,2025-11-25 02:48,47.00,47.00,100.00,3.45,900.00,M
OFK,2025-11-25 02:56,47.00,46.00,96.29,3.45,900.00,M
OFK,2025-11-25 03:17,45.00,45.00,100.00,3.45,800.00,M
OFK,2025-11-25 03:39,47.00,47.00,100.00,3.45,400.00,M
OFK,2025-11-25 03:54,46.40,46.40,100.00,4.60,300.00,M
OFK,2025-11-25 03:56,46.00,46.00,100.00,4.60,300.00,M
OFK,2025-11-25 04:02,46.00,46.00,100.00,3.45,200.00,M
OFK,2025-11-25 04:56,45.00,45.00,100.00,4.60,200.00,M
OFK,2025-11-25 05:56,44.00,44.00,100.00,11.50,200.00,M
OFK,2025-11-25 06:03,42.00,42.00,100.00,12.65,200.00,M
OFK,2025-11-25 06:08,41.00,41.00,100.00,14.95,200.00,M
OFK,2025-11-25 06:20,39.00,39.00,100.00,14.95,200.00,M
OFK,2025-11-25 06:31,39.00,38.00,96.16,16.10,200.00,M
OFK,2025-11-25 06:56,39.00,37.00,92.45,16.10,M,M
OFK,2025-11-25 07:45,41.00,36.00,82.21,21.85,2300.00,36.80
OFK,2025-11-25 07:56,42.00,36.00,79.10,21.85,2300.00,36.80
OFK,2025-11-25 08:56,42.00,32.00,67.41,27.60,12000.00,40.25
OFK,2025-11-25 09:56,40.00,27.00,59.39,26.45,12000.00,47.15
OFK,2025-11-25 10:56,42.00,25.00,50.59,33.35,3800.00,48.30
OFK,2025-11-25 11:56,43.00,24.00,46.69,33.35,M,50.60
OFK,2025-11-25 12:56,42.00,25.00,50.59,25.30,4100.00,55.20
OFK,2025-11-25 13:56,40.00,25.00,54.66,34.50,4100.00,59.80
OFK,2025-11-25 14:56,39.00,26.00,59.25,29.90,3700.00,60.95
OFK,2025-11-25 15:56,37.00,24.00,58.96,28.75,3500.00,56.35
OFK,2025-11-25 16:56,36.00,25.00,63.96,29.90,3400.00,52.90
OFK,2025-11-25 17:56,34.00,25.00,69.26,27.60,2700.00,62.10
OFK,2025-11-25 18:11,34.00,25.00,69.26,27.60,2800.00,46.00
OFK,2025-11-25 18:48,33.00,24.00,69.14,33.35,2700.00,48.30
OFK,2025-11-25 18:56,33.00,24.00,69.14,27.60,3000.00,48.30
OFK,2025-11-25 19:37,34.00,25.00,69.26,20.70,2800.00,44.85
OFK,2025-11-25 19:45,33.00,25.00,72.09,23.00,2600.00,44.85
OFK,2025-11-25 19:56,33.00,25.00,72.09,25.30,2600.00,44.85
OFK,2025-11-25 20:35,32.00,23.00,69.02,32.20,2800.00,50.60
OFK,2025-11-25 20:47,32.00,23.00,69.02,24.15,2800.00,50.60
OFK,2025-11-25 20:56,32.00,23.00,69.02,21.85,2900.00,50.60
OFK,2025-11-25 21:07,32.00,23.00,69.02,26.45,2900.00,41.40
OFK,2025-11-25 21:56,33.00,24.00,69.14,23.00,3000.00,42.55
OFK,2025-11-25 22:56,33.00,21.00,60.92,23.00,3600.00,39.10
OFK,2025-11-25 23:56,31.00,20.00,63.29,20.70,3600.00,43.70
OFK,2025-11-26 00:56,30.00,21.00,68.78,23.00,3200.00,34.50
OFK,2025-11-26 01:09,30.00,21.00,68.78,18.40,2800.00,M
OFK,2025-11-26 01:56,30.00,20.00,65.92,26.45,2700.00,37.95
OFK,2025-11-26 02:28,30.00,19.00,63.16,28.75,3200.00,39.10
OFK,2025-11-26 02:56,29.00,20.00,68.66,19.55,2300.00,39.10
OFK,2025-11-26 03:03,28.00,20.00,71.54,21.85,2300.00,35.65
OFK,2025-11-26 03:56,29.00,21.00,71.65,20.70,2200.00,35.65
OFK,2025-11-26 04:56,28.00,21.00,74.65,20.70,2100.00,35.65
OFK,2025-11-26 05:56,28.00,19.00,68.54,16.10,2300.00,31.05
OFK,2025-11-26 06:56,28.00,20.00,71.54,14.95,2200.00,29.90
OFK,2025-11-26 07:56,27.00,20.00,74.54,14.95,2000.00,M
OFK,2025-11-26 08:56,28.00,20.00,71.54,14.95,2000.00,M
OFK,2025-11-26 09:56,27.00,19.00,71.42,18.40,2000.00,M
OFK,2025-11-26 10:56,31.00,20.00,63.29,11.50,2100.00,M
OFK,2025-11-26 11:56,31.00,19.00,60.64,16.10,2200.00,M
OFK,2025-11-26 12:48,33.00,20.00,58.38,11.50,2500.00,M
OFK,2025-11-26 12:56,32.00,19.00,58.24,12.65,2500.00,M
OFK,2025-11-26 13:56,34.00,19.00,53.74,16.10,M,M
OFK,2025-11-26 14:56,32.00,17.00,53.43,12.65,M,M
OFK,2025-11-26 15:56,30.00,18.00,60.50,8.05,M,M
OFK,2025-11-26 16:56,29.00,18.00,63.02,8.05,M,M
OFK,2025-11-26 17:56,28.00,18.00,65.66,5.75,M,M
OFK,2025-11-26 18:56,27.00,18.00,68.42,4.60,M,M
OFK,2025-11-26 19:56,25.00,18.00,74.34,4.60,M,M
OFK,2025-11-26 20:56,24.00,17.00,74.24,6.90,M,M
OFK,2025-11-26 21:56,18.00,14.00,84.04,5.75,M,M
OFK,2025-11-26 22:56,20.00,16.00,84.18,0.00,M,M
OFK,2025-11-26 23:56,22.00,18.00,84.31,0.00,M,M
OFK,2025-11-27 00:56,20.00,17.00,87.91,3.45,M,M
OFK,2025-11-27 01:56,16.00,15.00,95.74,0.00,9500.00,M
OFK,2025-11-27 02:56,20.00,17.00,87.91,0.00,9500.00,M
OFK,2025-11-27 03:56,22.00,19.00,88.01,0.00,9000.00,M
OFK,2025-11-27 04:56,22.00,20.00,91.86,0.00,9000.00,M
OFK,2025-11-27 05:56,23.00,20.00,88.07,0.00,6500.00,M
OFK,2025-11-27 06:56,23.00,20.00,88.07,0.00,6500.00,M
OFK,2025-11-27 07:56,23.00,20.00,88.07,0.00,6500.00,M
OFK,2025-11-27 08:56,26.00,21.00,81.07,0.00,6000.00,M
OFK,2025-11-27 09:56,28.00,22.00,77.88,0.00,5500.00,M
OFK,2025-11-27 10:56,33.00,20.00,58.38,3.45,M,M
OFK,2025-11-27 11:56,34.00,18.00,51.48,0.00,M,M
OFK,2025-11-27 12:56,37.00,17.00,43.77,0.00,M,M
OFK,2025-11-27 13:56,38.00,16.00,40.30,5.75,M,M
OFK,2025-11-27 14:56,38.00,16.00,40.30,M,M,M
OFK,2025-11-27 15:56,36.00,16.00,43.60,M,M,M
OFK,2025-11-27 16:56,31.00,17.00,55.64,M,M,M
OFK,2025-11-27 17:56,27.00,17.00,65.53,M,M,M
OFK,2025-11-27 18:56,23.00,16.00,74.13,M,M,M
OFK,2025-11-27 19:56,20.00,16.00,84.18,M,M,M
OFK,2025-11-27 20:56,19.00,16.00,87.85,M,M,M
OFK,2025-11-27 21:56,19.00,15.00,84.11,M,M,M
OFK,2025-11-27 22:56,19.00,15.00,84.11,M,M,M
OFK,2025-11-27 23:56,16.00,13.00,87.69,M,M,M
OFK,2025-11-28 00:56,14.00,13.00,95.70,M,M,M
OFK,2025-11-28 01:56,10.00,8.00,91.40,M,M,M
OFK,2025-11-28 02:56,10.00,7.00,87.36,M,M,M
OFK,2025-11-28 03:56,17.00,15.00,91.67,M,10000.00,M
OFK,2025-11-28 04:56,18.00,15.00,87.80,M,9000.00,M
OFK,2025-11-28 05:56,20.00,16.00,84.18,M,9000.00,M
OFK,2025-11-28 06:56,20.00,17.00,87.91,5.75,6500.00,M
OFK,2025-11-28 07:56,21.00,17.00,84.25,6.90,5000.00,M
OFK,2025-11-28 08:35,21.00,17.00,84.25,9.20,3400.00,M
OFK,2025-11-28 08:46,21.00,17.00,84.25,9.20,2600.00,M
OFK,2025-11-28 08:56,21.00,17.00,84.25,14.95,2200.00,M
OFK,2025-11-28 09:47,21.00,18.00,87.96,11.50,2700.00,M
OFK,2025-11-28 09:56,21.00,18.00,87.96,11.50,2300.00,M
OFK,2025-11-28 10:05,21.00,18.00,87.96,10.35,2300.00,M
OFK,2025-11-28 10:12,21.00,18.00,87.96,10.35,3100.00,M
OFK,2025-11-28 10:16,21.00,18.00,87.96,10.35,3300.00,M
OFK,2025-11-28 10:27,22.00,18.00,84.31,12.65,2900.00,M
OFK,2025-11-28 10:35,22.00,18.00,84.31,12.65,3500.00,M
OFK,2025-11-28 10:39,22.00,18.00,84.31,12.65,3300.00,M
OFK,2025-11-28 10:46,22.00,18.00,84.31,11.50,2700.00,M
OFK,2025-11-28 10:54,21.20,17.60,85.73,11.50,2000.00,M
OFK,2025-11-28 10:55,M,M,M,10.35,2000.00,M
OFK,2025-11-28 10:55,22.00,18.00,84.31,10.35,2000.00,M
OFK,2025-11-28 11:10,22.00,18.00,84.31,11.50,2300.00,M
OFK,2025-11-28 11:22,22.00,19.00,88.01,12.65,2700.00,M
OFK,2025-11-28 11:38,22.00,19.00,88.01,14.95,4000.00,M
OFK,2025-11-28 11:56,22.00,18.00,84.31,12.65,5500.00,M
OFK,2025-11-28 12:56,23.00,18.00,80.83,16.10,5000.00,M
OFK,2025-11-28 13:56,23.00,18.00,80.83,14.95,5000.00,M
OFK,2025-11-28 14:56,23.00,18.00,80.83,11.50,4600.00,M
OFK,2025-11-28 15:56,23.00,18.00,80.83,12.65,4400.00,M
OFK,2025-11-28 16:56,22.00,18.00,84.31,10.35,3900.00,M
OFK,2025-11-28 17:28,22.00,19.00,88.01,10.35,1200.00,M
OFK,2025-11-28 17:56,22.00,19.00,88.01,12.65,1100.00,M
OFK,2025-11-28 18:56,22.00,20.00,91.86,13.80,1000.00,M
OFK,2025-11-28 19:18,22.00,20.00,91.86,12.65,900.00,M
OFK,2025-11-28 19:56,22.00,21.00,95.85,11.50,700.00,M
OFK,2025-11-28 20:56,23.00,21.00,91.90,11.50,700.00,M
OFK,2025-11-28 21:56,23.00,21.00,91.90,12.65,600.00,M
OFK,2025-11-28 22:56,23.00,22.00,95.87,11.50,600.00,M
OFK,2025-11-28 23:56,24.00,22.00,91.93,10.35,500.00,M
OFK,2025-11-29 00:56,23.00,22.00,95.87,10.35,600.00,M
OFK,2025-11-29 01:56,24.00,22.00,91.93,11.50,800.00,M
OFK,2025-11-29 02:56,24.00,21.00,88.12,6.90,900.00,M
OFK,2025-11-29 03:03,23.00,21.00,91.90,5.75,1000.00,M
OFK,2025-11-29 03:39,23.00,21.00,91.90,8.05,900.00,M
OFK,2025-11-29 03:56,23.00,21.00,91.90,6.90,900.00,M
OFK,2025-11-29 04:05,23.00,21.00,91.90,5.75,1000.00,M
OFK,2025-11-29 04:18,23.00,22.00,95.87,5.75,1000.00,M
OFK,2025-11-29 04:27,23.00,21.00,91.90,9.20,600.00,M
OFK,2025-11-29 04:51,23.00,21.20,92.68,8.05,600.00,M
OFK,2025-11-29 04:56,23.00,21.00,91.90,5.75,1200.00,M
OFK,2025-11-29 05:24,23.00,21.00,91.90,11.50,1400.00,M
OFK,2025-11-29 05:33,23.00,21.00,91.90,8.05,1600.00,M
OFK,2025-11-29 05:56,23.00,21.00,91.90,8.05,500.00,M
OFK,2025-11-29 06:07,23.00,21.00,91.90,9.20,700.00,M
OFK,2025-11-29 06:24,23.00,21.00,91.90,10.35,800.00,M
OFK,2025-11-29 06:46,23.00,21.00,91.90,10.35,800.00,M
OFK,2025-11-29 06:56,23.00,21.00,91.90,10.35,700.00,M
OFK,2025-11-29 07:13,23.00,21.00,91.90,9.20,700.00,M
OFK,2025-11-29 07:23,23.00,21.00,91.90,10.35,1000.00,M
OFK,2025-11-29 07:48,23.00,21.00,91.90,11.50,800.00,M
OFK,2025-11-29 07:56,23.00,21.00,91.90,10.35,800.00,M
OFK,2025-11-29 08:10,23.00,21.00,91.90,11.50,800.00,M
OFK,2025-11-29 08:21,23.00,21.00,91.90,13.80,800.00,M
OFK,2025-11-29 08:30,23.00,21.00,91.90,11.50,900.00,M
OFK,2025-11-29 08:37,23.00,21.00,91.90,13.80,900.00,M
OFK,2025-11-29 08:46,23.00,21.00,91.90,11.50,900.00,M
OFK,2025-11-29 08:56,23.00,21.00,91.90,14.95,900.00,M
OFK,2025-11-29 09:06,23.00,21.00,91.90,13.80,800.00,M
OFK,2025-11-29 09:19,23.00,21.00,91.90,11.50,800.00,M
OFK,2025-11-29 09:27,23.00,21.00,91.90,13.80,900.00,M
OFK,2025-11-29 09:38,23.00,21.00,91.90,14.95,900.00,M
OFK,2025-11-29 09:56,23.00,21.00,91.90,13.80,1000.00,M
OFK,2025-11-29 10:21,24.00,21.00,88.12,16.10,1000.00,M
OFK,2025-11-29 10:28,24.00,21.00,88.12,14.95,1000.00,M
OFK,2025-11-29 10:39,24.00,20.00,84.45,17.25,1100.00,M
OFK,2025-11-29 10:56,24.00,20.00,84.45,16.10,1200.00,M
OFK,2025-11-29 11:56,24.00,20.00,84.45,24.15,1400.00,32.20
OFK,2025-11-29 12:06,24.00,20.00,84.45,19.55,1500.00,31.05
OFK,2025-11-29 12:56,24.00,20.00,84.45,24.15,1600.00,34.50
OFK,2025-11-29 13:21,24.00,20.00,84.45,20.70,1600.00,36.80
OFK,2025-11-29 13:29,24.00,21.00,88.12,19.55,1800.00,36.80
OFK,2025-11-29 13:56,25.00,20.00,80.99,21.85,1600.00,36.80
OFK,2025-11-29 14:06,24.00,19.00,80.91,26.45,1600.00,43.70
OFK,2025-11-29 14:56,23.00,18.00,80.83,25.30,1600.00,43.70
OFK,2025-11-29 15:17,23.00,18.00,80.83,29.90,2000.00,40.25
OFK,2025-11-29 15:29,23.00,18.00,80.83,24.15,1400.00,40.25
OFK,2025-11-29 15:56,22.00,17.00,80.75,27.60,1800.00,42.55
OFK,2025-11-29 16:38,21.00,17.00,84.25,24.15,1700.00,39.10
OFK,2025-11-29 16:56,21.00,16.00,80.67,25.30,1500.00,39.10
OFK,2025-11-29 17:08,21.00,16.00,80.67,25.30,1700.00,35.65
OFK,2025-11-29 17:56,21.00,15.00,77.23,24.15,1900.00,39.10
OFK,2025-11-29 18:56,18.00,13.00,80.42,27.60,1800.00,41.40
OFK,2025-11-29 19:56,16.00,11.00,80.26,20.70,1800.00,34.50
OFK,2025-11-29 20:56,15.00,9.00,76.66,18.40,1800.00,31.05
OFK,2025-11-29 21:56,14.00,9.00,80.09,17.25,M,29.90
OFK,2025-11-29 22:56,13.00,8.00,80.00,13.80,1600.00,M
OFK,2025-11-29 23:04,14.00,8.00,76.56,16.10,1800.00,M
OFK,2025-11-29 23:56,16.00,10.00,76.75,19.55,2000.00,M
OFK,2025-11-30 00:56,16.00,10.00,76.75,20.70,2000.00,36.80
OFK,2025-11-30 01:56,16.00,11.00,80.26,18.40,2200.00,35.65
OFK,2025-11-30 02:56,16.00,10.00,76.75,18.40,2400.00,29.90
OFK,2025-11-30 03:56,16.00,9.00,73.39,20.70,2200.00,35.65
OFK,2025-11-30 04:56,15.00,9.00,76.66,19.55,2000.00,33.35
OFK,2025-11-30 05:56,15.00,9.00,76.66,16.10,2300.00,M
OFK,2025-11-30 06:56,15.00,8.00,73.28,12.65,2500.00,M
OFK,2025-11-30 07:56,14.00,9.00,80.09,13.80,2400.00,M
OFK,2025-11-30 08:56,12.00,7.00,79.92,10.35,2300.00,M
OFK,2025-11-30 09:56,14.00,8.00,76.56,10.35,2500.00,M
OFK,2025-11-30 10:56,16.00,9.00,73.39,12.65,2500.00,M
OFK,2025-11-30 11:56,17.00,10.00,73.50,10.35,2500.00,M
OFK,2025-11-30 12:56,17.00,10.00,73.50,9.20,2400.00,M
OFK,2025-11-30 13:56,17.00,10.00,73.50,8.05,2300.00,M
OFK,2025-11-30 14:56,17.00,9.00,70.27,4.60,2300.00,M
OFK,2025-11-30 15:56,17.00,9.00,70.27,4.60,2200.00,M
OFK,2025-11-30 16:56,17.00,9.00,70.27,6.90,2200.00,M
OFK,2025-11-30 17:56,16.00,9.00,73.39,4.60,2100.00,M
OFK,2025-11-30 18:34,15.00,11.00,83.83,3.45,1400.00,M
OFK,2025-11-30 18:56,15.00,11.00,83.83,0.00,1200.00,M
OFK,2025-11-30 19:02,14.00,11.00,87.58,0.00,900.00,M
OFK,2025-11-30 19:36,14.00,11.00,87.58,0.00,2000.00,M
OFK,2025-11-30 19:56,14.00,11.00,87.58,0.00,M,M
OFK,2025-11-30 20:56,13.00,10.00,87.53,0.00,M,M
OFK,2025-11-30 21:56,13.00,10.00,87.53,5.75,M,M
OFK,2025-11-30 22:47,14.00,11.00,87.58,3.45,2400.00,M
OFK,2025-11-30 22:56,14.00,11.00,87.58,4.60,2400.00,M
OFK,2025-11-30 23:31,15.00,11.00,83.83,0.00,2400.00,M
OFK,2025-11-30 23:56,15.00,11.00,83.83,3.45,10000.00,M
OFK,2025-12-01 00:56,15.00,11.00,83.83,3.45,11000.00,M
OFK,2025-12-01 01:56,15.00,10.00,80.17,5.75,9000.00,M
OFK,2025-12-01 02:56,14.00,10.00,83.76,5.75,12000.00,M
OFK,2025-12-01 03:56,14.00,10.00,83.76,5.75,11000.00,M
OFK,2025-12-01 04:56,14.00,10.00,83.76,5.75,9000.00,M
OFK,2025-12-01 05:56,15.00,11.00,83.83,8.05,7000.00,M
OFK,2025-12-01 06:56,15.00,12.00,87.64,5.75,3600.00,M
OFK,2025-12-01 07:56,16.00,13.00,87.69,8.05,3600.00,M
OFK,2025-12-01 08:06,16.00,13.00,87.69,11.50,3600.00,M
OFK,2025-12-01 08:25,16.00,13.00,87.69,12.65,4000.00,M
OFK,2025-12-01 08:56,16.00,13.00,87.69,12.65,4200.00,M
OFK,2025-12-01 09:56,17.00,13.00,83.97,12.65,5000.00,M
OFK,2025-12-01 10:56,18.00,13.00,80.42,11.50,3700.00,M
OFK,2025-12-01 11:56,20.00,14.00,77.14,14.95,4100.00,M
OFK,2025-12-01 12:56,21.00,15.00,77.23,13.80,M,M
OFK,2025-12-01 13:56,21.00,15.00,77.23,12.65,M,M
OFK,2025-12-01 14:56,22.00,15.00,74.03,12.65,M,M
OFK,2025-12-01 15:56,22.00,15.00,74.03,10.35,M,M
OFK,2025-12-01 16:56,20.00,15.00,80.59,6.90,M,M
OFK,2025-12-01 17:56,18.00,14.00,84.04,11.50,M,M
OFK,2025-12-01 18:56,16.00,12.00,83.90,8.05,M,M
OFK,2025-12-01 19:56,15.00,11.00,83.83,3.45,M,M
OFK,2025-12-01 20:56,14.00,12.00,91.56,0.00,M,M
OFK,2025-12-01 21:56,12.00,11.00,95.66,0.00,M,M
OFK,2025-12-01 22:56,13.00,11.00,91.52,0.00,M,M
OFK,2025-12-01 23:56,10.00,8.00,91.40,0.00,M,M
OFK,2025-12-02 00:56,7.00,5.00,91.28,0.00,M,M
OFK,2025-12-02 01:56,4.00,3.00,95.49,0.00,M,M
OFK,2025-12-02 02:56,3.00,2.00,95.47,0.00,M,M
OFK,2025-12-02 03:56,6.00,4.00,91.24,0.00,M,M
OFK,2025-12-02 04:56,3.00,1.00,91.12,0.00,M,M
OFK,2025-12-02 05:56,8.00,5.00,87.25,0.00,M,M
OFK,2025-12-02 06:56,5.00,2.00,87.07,0.00,M,M
OFK,2025-12-02 07:56,5.00,2.00,87.07,5.75,M,M
OFK,2025-12-02 08:56,12.00,9.00,87.47,0.00,M,M
OFK,2025-12-02 09:56,21.00,15.00,77.23,5.75,M,M
OFK,2025-12-02 10:56,26.00,18.00,71.31,4.60,M,M
OFK,2025-12-02 11:56,30.00,20.00,65.92,10.35,M,M
OFK,2025-12-02 12:56,31.00,22.00,68.90,11.50,M,M
OFK,2025-12-02 13:56,32.00,24.00,71.98,13.80,11000.00,M
OFK,2025-12-02 14:56,35.00,25.00,66.55,5.75,M,M
OFK,2025-12-02 15:56,35.00,28.00,75.34,5.75,12000.00,M
OFK,2025-12-02 16:56,35.00,28.00,75.34,9.20,12000.00,M
OFK,2025-12-02 17:56,35.00,29.00,78.50,8.05,M,M
OFK,2025-12-02 18:56,34.00,29.00,81.69,0.00,9000.00,M
OFK,2025-12-02 19:56,36.00,29.00,75.44,6.90,9000.00,M
OFK,2025-12-02 20:56,34.00,29.00,81.69,8.05,3800.00,M
OFK,2025-12-02 21:51,35.60,30.20,80.49,8.05,2400.00,M
OFK,2025-12-02 21:56,36.00,30.00,78.58,8.05,2400.00,M
OFK,2025-12-02 22:56,36.00,31.00,81.84,6.90,2100.00,M
OFK,2025-12-02 23:56,36.00,32.00,85.22,6.90,2400.00,M
OFK,2025-12-03 00:27,36.00,32.00,85.22,8.05,1400.00,M
OFK,2025-12-03 00:47,36.00,33.00,88.72,6.90,1500.00,M
OFK,2025-12-03 00:56,37.00,33.00,85.28,6.90,1400.00,M
OFK,2025-12-03 01:32,37.00,33.00,85.28,6.90,1500.00,M
OFK,2025-12-03 01:56,37.00,33.00,85.28,10.35,1400.00,M
OFK,2025-12-03 02:43,36.00,33.00,88.72,11.50,1600.00,M
OFK,2025-12-03 02:56,36.00,32.00,85.22,10.35,1700.00,M
OFK,2025-12-03 03:56,35.00,32.00,88.67,11.50,2000.00,M
OFK,2025-12-03 04:04,35.00,32.00,88.67,13.80,2000.00,M
OFK,2025-12-03 04:22,35.00,32.00,88.67,14.95,1400.00,M
OFK,2025-12-03 04:56,34.00,32.00,92.28,11.50,1100.00,M
OFK,2025-12-03 05:08,34.00,32.00,92.28,14.95,800.00,M
OFK,2025-12-03 05:56,33.00,31.00,92.25,18.40,600.00,M
OFK,2025-12-03 06:10,32.00,29.00,88.53,20.70,600.00,M
OFK,2025-12-03 06:21,32.00,28.00,84.97,17.25,500.00,M
OFK,2025-12-03 06:56,30.00,26.00,84.84,19.55,1300.00,M
OFK,2025-12-03 07:25,28.00,25.00,88.32,17.25,1400.00,M
OFK,2025-12-03 07:56,27.00,23.00,84.65,20.70,1200.00,M
OFK,2025-12-03 08:56,25.00,21.00,84.51,14.95,1300.00,M
OFK,2025-12-03 09:56,24.00,20.00,84.45,18.40,1300.00,M
OFK,2025-12-03 10:15,23.00,18.00,80.83,18.40,1500.00,M
OFK,2025-12-03 10:30,22.00,18.00,84.31,18.40,1400.00,M
OFK,2025-12-03 10:56,20.00,16.00,84.18,14.95,1300.00,M
OFK,2025-12-03 11:56,20.00,15.00,80.59,17.25,1300.00,M
OFK,2025-12-03 12:16,20.00,14.00,77.14,17.25,1500.00,M
OFK,2025-12-03 12:56,20.00,14.00,77.14,18.40,1700.00,M
OFK,2025-12-03 13:56,20.00,13.00,73.82,16.10,1800.00,M
OFK,2025-12-03 14:56,20.00,12.00,70.63,12.65,2000.00,M
OFK,2025-12-03 15:56,18.00,11.00,73.60,16.10,2000.00,M
OFK,2025-12-03 16:56,17.00,10.00,73.50,16.10,1900.00,M
OFK,2025-12-03 17:56,16.00,9.00,73.39,13.80,1900.00,M
OFK,2025-12-03 18:56,13.00,7.00,76.46,12.65,1800.00,M
OFK,2025-12-03 19:20,12.00,7.00,79.92,12.65,1800.00,M
OFK,2025-12-03 19:56,11.00,6.00,79.83,8.05,M,M
OFK,2025-12-03 20:56,8.00,4.00,83.33,5.75,M,M
OFK,2025-12-03 21:56,6.00,2.00,83.18,6.90,M,M
OFK,2025-12-03 22:56,5.00,0.00,79.31,6.90,M,M
OFK,2025-12-03 23:56,4.00,-2.00,75.56,4.60,M,M
OFK,2025-12-04 00:56,3.00,-3.00,75.46,0.00,M,M
OFK,2025-12-04 01:56,1.00,-3.00,82.81,4.60,1600.00,M
OFK,2025-12-04 02:16,1.00,-3.00,82.81,3.45,1600.00,M
OFK,2025-12-04 02:33,1.00,-3.00,82.81,4.60,1600.00,M
OFK,2025-12-04 02:56,1.00,-3.00,82.81,3.45,1500.00,M
OFK,2025-12-04 03:56,4.00,-1.00,79.22,0.00,1600.00,M
OFK,2025-12-04 04:56,7.00,2.00,79.48,0.00,1700.00,M
OFK,2025-12-04 05:52,8.60,5.00,84.92,4.60,1600.00,M
OFK,2025-12-04 05:56,9.00,5.00,83.40,5.75,1600.00,M
OFK,2025-12-04 06:25,10.00,5.00,79.75,8.05,1500.00,M
OFK,2025-12-04 06:43,10.00,5.00,79.75,10.35,1400.00,M
OFK,2025-12-04 06:56,10.00,5.00,79.75,8.05,1400.00,M
OFK,2025-12-04 07:56,11.00,6.00,79.83,10.35,3000.00,M
OFK,2025-12-04 08:05,11.00,7.00,83.55,9.20,2800.00,M
OFK,2025-12-04 08:56,12.00,9.00,87.47,9.20,2400.00,M
OFK,2025-12-04 09:56,14.00,10.00,83.76,17.25,2100.00,M
OFK,2025-12-04 10:56,16.00,11.00,80.26,13.80,1900.00,M
OFK,2025-12-04 11:56,18.00,13.00,80.42,13.80,1900.00,M
OFK,2025-12-04 12:56,19.00,14.00,80.51,14.95,1600.00,M
OFK,2025-12-04 13:15,20.00,15.00,80.59,13.80,1400.00,M
OFK,2025-12-04 13:56,22.00,17.00,80.75,12.65,1300.00,M
OFK,2025-12-04 14:56,25.00,20.00,80.99,17.25,1200.00,M
OFK,2025-12-04 15:42,26.00,21.00,81.07,19.55,1500.00,M
OFK,2025-12-04 15:56,26.00,21.00,81.07,20.70,1700.00,29.90
OFK,2025-12-04 16:25,26.00,21.00,81.07,14.95,1800.00,M
OFK,2025-12-04 16:56,25.00,21.00,84.51,9.20,M,M
OFK,2025-12-04 17:56,26.00,22.00,84.58,10.35,M,M
OFK,2025-12-04 18:56,27.00,21.00,77.78,12.65,M,M
OFK,2025-12-04 19:56,26.00,19.00,74.44,17.25,M,M
OFK,2025-12-04 20:56,25.00,19.00,77.60,6.90,M,M
OFK,2025-12-04 21:56,25.00,20.00,80.99,5.75,M,M
OFK,2025-12-04 22:56,25.00,20.00,80.99,11.50,M,M
OFK,2025-12-04 23:56,24.00,20.00,84.45,13.80,M,M
OFK,2025-12-05 00:56,22.00,19.00,88.01,8.05,M,M
OFK,2025-12-05 01:56,21.00,19.00,91.82,5.75,M,M
OFK,2025-12-05 02:56,23.00,21.00,91.90,5.75,M,M
OFK,2025-12-05 03:56,23.00,21.00,91.90,4.60,M,M
OFK,2025-12-05 04:56,25.00,22.00,88.17,0.00,10000.00,M
OFK,2025-12-05 05:56,26.00,23.00,88.22,0.00,8500.00,M
OFK,2025-12-05 06:56,21.00,21.00,100.00,3.45,8000.00,M
OFK,2025-12-05 07:56,20.00,19.00,95.81,0.00,7500.00,M
OFK,2025-12-05 08:56,31.00,25.00,78.15,10.35,6500.00,M
OFK,2025-12-05 09:56,37.00,26.00,64.09,11.50,M,M
OFK,2025-12-05 10:56,40.00,29.00,64.48,13.80,M,M
OFK,2025-12-05 11:56,44.00,32.00,62.43,16.10,3100.00,M
OFK,2025-12-05 12:56,44.00,32.00,62.43,16.10,3600.00,31.05
OFK,2025-12-05 13:56,46.00,32.00,57.85,14.95,3800.00,M
OFK,2025-12-05 14:56,43.00,31.00,62.29,12.65,4700.00,M
OFK,2025-12-05 15:56,43.00,31.00,62.29,12.65,3900.00,M
OFK,2025-12-05 16:56,38.00,34.00,85.35,11.50,6000.00,M
OFK,2025-12-05 17:31,37.00,33.00,85.28,12.65,2100.00,M
OFK,2025-12-05 17:52,35.60,32.00,86.58,12.65,2000.00,M
OFK,2025-12-05 17:56,36.00,32.00,85.22,14.95,2000.00,M
OFK,2025-12-05 18:56,34.00,30.00,85.10,6.90,4100.00,M
OFK,2025-12-05 19:56,30.00,28.00,92.14,5.75,M,M
OFK,2025-12-05 20:56,29.00,27.00,92.11,4.60,3900.00,M
OFK,2025-12-05 21:56,31.00,28.00,88.48,5.75,3700.00,M
OFK,2025-12-05 22:56,31.00,28.00,88.48,5.75,3500.00,M
OFK,2025-12-05 23:56,26.00,25.00,95.93,3.45,M,M
OFK,2025-12-06 00:46,25.00,24.00,95.91,3.45,1200.00,M
OFK,2025-12-06 00:56,26.00,25.00,95.93,3.45,1100.00,M
OFK,2025-12-06 01:20,26.00,25.00,95.93,0.00,1300.00,M
OFK,2025-12-06 01:56,25.00,24.00,95.91,4.60,1900.00,M
OFK,2025-12-06 02:49,23.00,22.00,95.87,0.00,2100.00,M
OFK,2025-12-06 02:56,22.00,22.00,100.00,3.45,2100.00,M
OFK,2025-12-06 03:34,23.00,22.00,95.87,4.60,2000.00,M
OFK,2025-12-06 03:56,25.00,24.00,95.91,4.60,1900.00,M
OFK,2025-12-06 04:36,22.00,21.00,95.85,4.60,2000.00,M
OFK,2025-12-06 04:56,21.00,21.00,100.00,5.75,M,M
OFK,2025-12-06 05:24,22.00,22.00,100.00,8.05,300.00,M
OFK,2025-12-06 05:35,24.00,23.00,95.89,9.20,200.00,M
OFK,2025-12-06 05:56,25.00,24.00,95.91,5.75,1100.00,M
OFK,2025-12-06 06:12,26.00,25.00,95.93,6.90,300.00,M
OFK,2025-12-06 06:38,26.00,26.00,100.00,8.05,300.00,M
OFK,2025-12-06 06:56,26.00,25.00,95.93,5.75,11000.00,M
OFK,2025-12-06 07:56,28.00,26.00,92.07,8.05,4500.00,M
OFK,2025-12-06 08:17,28.00,26.00,92.07,14.95,600.00,M
OFK,2025-12-06 08:20,28.00,26.00,92.07,14.95,600.00,M
OFK,2025-12-06 08:51,28.40,26.60,92.85,13.80,400.00,M
OFK,2025-12-06 08:56,28.00,27.00,95.96,14.95,400.00,M
OFK,2025-12-06 09:25,29.00,27.00,92.11,14.95,500.00,M
OFK,2025-12-06 09:56,29.00,28.00,95.98,17.25,600.00,M
OFK,2025-12-06 10:07,29.00,28.00,95.98,14.95,600.00,M
OFK,2025-12-06 10:17,29.00,28.00,95.98,16.10,700.00,M
OFK,2025-12-06 10:56,30.00,28.00,92.14,18.40,900.00,M
OFK,2025-12-06 11:08,30.00,29.00,96.00,16.10,900.00,M
OFK,2025-12-06 11:24,30.00,28.00,92.14,18.40,900.00,29.90
OFK,2025-12-06 11:30,30.00,29.00,96.00,18.40,900.00,29.90
OFK,2025-12-06 11:56,31.00,29.00,92.18,17.25,3500.00,29.90
OFK,2025-12-06 12:05,31.00,29.00,92.18,17.25,1000.00,31.05
OFK,2025-12-06 12:15,31.00,29.00,92.18,17.25,1000.00,31.05
OFK,2025-12-06 12:56,31.00,30.00,96.02,14.95,1100.00,31.05
OFK,2025-12-06 13:12,32.00,30.00,92.21,14.95,900.00,M
OFK,2025-12-06 13:56,32.00,30.00,92.21,11.50,900.00,M
OFK,2025-12-06 14:56,34.00,31.00,88.62,9.20,900.00,M
OFK,2025-12-06 15:56,34.00,31.00,88.62,3.45,900.00,M
OFK,2025-12-06 16:56,33.00,30.00,88.57,4.60,900.00,M
OFK,2025-12-06 17:56,32.00,31.00,96.04,6.90,900.00,M
OFK,2025-12-06 18:56,32.00,31.00,96.04,10.35,700.00,M
OFK,2025-12-06 19:21,30.00,29.00,96.00,12.65,400.00,M
OFK,2025-12-06 19:53,28.40,26.60,92.85,13.80,500.00,M
OFK,2025-12-06 19:56,28.00,27.00,95.96,13.80,500.00,M
OFK,2025-12-06 20:56,27.00,25.00,92.04,13.80,500.00,M
OFK,2025-12-06 21:42,26.00,25.00,95.93,11.50,400.00,M
OFK,2025-12-06 21:56,26.00,25.00,95.93,12.65,500.00,M
OFK,2025-12-06 22:24,26.00,25.00,95.93,17.25,400.00,M
OFK,2025-12-06 22:56,26.00,25.00,95.93,16.10,400.00,M
OFK,2025-12-06 23:09,25.00,25.00,100.00,16.10,300.00,M
OFK,2025-12-06 23:18,25.00,25.00,100.00,18.40,300.00,M
OFK,2025-12-06 23:56,25.00,24.00,95.91,17.25,500.00,M
OFK,2025-12-07 00:32,25.00,24.00,95.91,14.95,400.00,M
OFK,2025-12-07 00:42,25.00,24.00,95.91,18.40,500.00,M
OFK,2025-12-07 00:56,25.00,24.00,95.91,18.40,500.00,M
OFK,2025-12-07 01:56,23.00,22.00,95.87,14.95,600.00,M
OFK,2025-12-07 02:56,22.00,20.00,91.86,16.10,600.00,M
OFK,2025-12-07 03:56,21.00,19.00,91.82,8.05,600.00,M
OFK,2025-12-07 04:56,20.00,18.00,91.79,11.50,800.00,M
OFK,2025-12-07 05:56,20.00,18.00,91.79,11.50,700.00,M
OFK,2025-12-07 06:56,19.00,17.00,91.75,13.80,600.00,M
OFK,2025-12-07 07:56,19.00,17.00,91.75,10.35,600.00,M
OFK,2025-12-07 08:56,19.00,17.00,91.75,9.20,600.00,M
OFK,2025-12-07 09:56,19.00,16.00,87.85,9.20,700.00,M
OFK,2025-12-07 10:56,19.00,16.00,87.85,6.90,900.00,M
OFK,2025-12-07 11:19,19.00,16.00,87.85,5.75,1000.00,M
OFK,2025-12-07 11:56,20.00,16.00,84.18,5.75,1100.00,M
OFK,2025-12-07 12:56,21.00,16.00,80.67,5.75,1200.00,M
OFK,2025-12-07 13:56,22.00,16.00,77.32,5.75,1400.00,M
OFK,2025-12-07 14:45,22.00,16.00,77.32,9.20,1500.00,M
OFK,2025-12-07 14:56,22.00,16.00,77.32,9.20,1600.00,M
OFK,2025-12-07 15:56,22.00,17.00,80.75,9.20,1400.00,M
OFK,2025-12-07 16:54,21.20,17.60,85.73,9.20,1500.00,M
OFK,2025-12-07 16:56,22.00,17.00,80.75,9.20,1500.00,M
OFK,2025-12-07 17:44,21.00,18.00,87.96,10.35,1500.00,M
OFK,2025-12-07 17:56,21.00,18.00,87.96,9.20,2600.00,M
OFK,2025-12-07 18:05,21.00,18.00,87.96,10.35,2900.00,M
OFK,2025-12-07 18:18,21.00,18.00,87.96,11.50,2100.00,M
OFK,2025-12-07 18:56,21.00,18.00,87.96,8.05,2800.00,M
OFK,2025-12-07 19:03,21.00,18.00,87.96,10.35,3400.00,M
OFK,2025-12-07 19:56,21.00,18.00,87.96,12.65,3000.00,M
OFK,2025-12-07 20:04,21.00,18.00,87.96,11.50,2800.00,M
OFK,2025-12-07 20:29,22.00,19.00,88.01,11.50,900.00,M
OFK,2025-12-07 20:49,22.00,19.00,88.01,10.35,1000.00,M
OFK,2025-12-07 20:56,22.00,20.00,91.86,12.65,1000.00,M
OFK,2025-12-07 21:39,23.00,20.00,88.07,11.50,1100.00,M
OFK,2025-12-07 21:56,23.00,20.00,88.07,12.65,900.00,M
OFK,2025-12-07 22:56,23.00,21.00,91.90,12.65,800.00,M
OFK,2025-12-07 23:56,25.00,23.00,91.97,12.65,800.00,M
OFK,2025-12-08 00:56,26.00,23.00,88.22,11.50,800.00,M
OFK,2025-12-08 01:56,26.00,24.00,92.00,10.35,900.00,M
OFK,2025-12-08 02:11,26.00,24.00,92.00,10.35,1000.00,M
OFK,2025-12-08 02:54,26.60,24.80,92.80,13.80,900.00,M
OFK,2025-12-08 02:56,27.00,24.00,88.27,14.95,900.00,M
OFK,2025-12-08 03:56,26.00,24.00,92.00,12.65,800.00,M
OFK,2025-12-08 04:56,26.00,24.00,92.00,11.50,600.00,M
OFK,2025-12-08 05:56,26.00,25.00,95.93,12.65,500.00,M
OFK,2025-12-08 06:56,26.00,25.00,95.93,9.20,500.00,M
OFK,2025-12-08 07:56,27.00,25.00,92.04,12.65,500.00,M
OFK,2025-12-08 08:43,26.00,25.00,95.93,12.65,400.00,M
OFK,2025-12-08 08:56,26.00,25.00,95.93,9.20,400.00,M
OFK,2025-12-08 09:56,27.00,26.00,95.95,M,400.00,M
OFK,2025-12-08 10:56,28.00,27.00,95.96,M,400.00,M
OFK,2025-12-08 11:56,30.00,28.00,92.14,M,400.00,M
OFK,2025-12-08 12:08,30.00,28.00,92.14,M,500.00,M
OFK,2025-12-08 12:56,34.00,30.00,85.10,8.05,600.00,M
OFK,2025-12-08 13:47,35.00,31.00,85.16,13.80,900.00,M
OFK,2025-12-08 13:56,36.00,31.00,81.84,13.80,900.00,M
OFK,2025-12-08 14:56,39.00,31.00,72.73,13.80,M,M
OFK,2025-12-08 15:56,41.00,31.00,67.29,8.05,M,M
OFK,2025-12-08 16:56,37.00,31.00,78.67,5.75,M,M
OFK,2025-12-08 17:56,36.00,29.00,75.44,5.75,M,M
OFK,2025-12-08 18:56,32.00,27.00,81.54,0.00,M,M
OFK,2025-12-08 19:56,31.00,29.00,92.18,0.00,M,M
OFK,2025-12-08 20:56,37.00,30.00,75.54,5.75,M,M
OFK,2025-12-08 21:56,40.00,31.00,69.95,10.35,M,M
OFK,2025-12-08 22:56,43.00,30.00,59.81,9.20,M,M
OFK,2025-12-08 23:56,39.00,29.00,67.04,8.05,M,M
OFK,2025-12-09 00:56,38.00,28.00,66.92,9.20,M,M
OFK,2025-12-09 01:56,37.00,28.00,69.60,8.05,M,M
OFK,2025-12-09 02:56,30.00,26.00,84.84,3.45,M,M
OFK,2025-12-09 03:56,29.00,26.00,88.37,3.45,M,M
OFK,2025-12-09 04:56,27.00,25.00,92.04,0.00,M,M
OFK,2025-12-09 05:56,26.00,24.00,92.00,4.60,M,M
OFK,2025-12-09 06:56,27.00,24.00,88.27,4.60,M,M
OFK,2025-12-09 07:56,27.00,24.00,88.27,0.00,M,M
OFK,2025-12-09 08:56,32.00,28.00,84.97,3.45,M,M
OFK,2025-12-09 09:56,41.00,29.00,62.02,0.00,M,M
OFK,2025-12-09 10:56,44.00,31.00,59.95,9.20,9500.00,M
OFK,2025-12-09 11:56,49.00,32.00,51.68,12.65,9500.00,M
OFK,2025-12-09 12:56,51.00,33.00,49.95,13.80,9500.00,M
OFK,2025-12-09 13:56,57.00,33.00,40.11,10.35,11000.00,M
OFK,2025-12-09 14:56,59.00,32.00,35.86,12.65,M,M
OFK,2025-12-09 15:56,58.00,33.00,38.70,9.20,10000.00,M
OFK,2025-12-09 16:56,51.00,33.00,49.95,10.35,M,M
OFK,2025-12-09 17:56,51.00,33.00,49.95,8.05,8500.00,M
OFK,2025-12-09 18:56,54.00,37.00,52.45,9.20,7500.00,M
OFK,2025-12-09 19:56,55.00,36.00,48.61,13.80,11000.00,31.05
OFK,2025-12-09 20:56,52.00,37.00,56.44,25.30,11000.00,48.30
OFK,2025-12-09 21:56,49.00,31.00,49.63,25.30,12000.00,46.00
OFK,2025-12-09 22:56,45.00,27.00,49.00,27.60,M,42.55
OFK,2025-12-09 23:56,42.00,26.00,52.74,25.30,M,49.45
OFK,2025-12-10 00:56,40.00,27.00,59.39,25.30,M,49.45
OFK,2025-12-10 01:56,39.00,25.00,56.84,32.20,M,49.45
OFK,2025-12-10 02:56,38.00,25.00,59.11,32.20,M,48.30
OFK,2025-12-10 03:56,33.00,24.00,69.14,33.35,M,58.65
OFK,2025-12-10 04:56,30.00,23.00,74.85,26.45,2500.00,50.60
OFK,2025-12-10 05:11,30.00,22.00,71.76,26.45,2500.00,34.50
OFK,2025-12-10 05:21,29.00,22.00,74.75,25.30,2500.00,36.80
OFK,2025-12-10 05:56,28.00,20.00,71.54,24.15,M,44.85
OFK,2025-12-10 06:56,27.00,19.00,71.42,21.85,M,37.95
OFK,2025-12-10 07:56,26.00,18.00,71.31,20.70,M,33.35
OFK,2025-12-10 08:56,26.00,18.00,71.31,16.10,M,31.05
OFK,2025-12-10 09:16,26.00,18.00,71.31,20.70,2000.00,M
OFK,2025-12-10 09:25,26.00,18.00,71.31,19.55,2000.00,M
OFK,2025-12-10 09:56,27.00,17.00,65.53,19.55,M,31.05
OFK,2025-12-10 10:56,29.00,16.00,57.80,18.40,M,M
OFK,2025-12-10 11:56,30.00,15.00,53.12,19.55,M,32.20
OFK,2025-12-10 12:56,32.00,16.00,51.17,16.10,M,M
OFK,2025-12-10 13:56,33.00,16.00,49.15,13.80,M,M
OFK,2025-12-10 14:56,32.00,16.00,51.17,11.50,M,M
OFK,2025-12-10 15:56,31.00,16.00,53.28,9.20,M,M
OFK,2025-12-10 16:56,29.00,17.00,60.36,5.75,M,M
OFK,2025-12-10 17:56,28.00,17.00,62.89,8.05,12000.00,M
OFK,2025-12-10 18:56,28.00,17.00,62.89,5.75,10000.00,M
OFK,2025-12-10 19:56,27.00,17.00,65.53,4.60,10000.00,M
OFK,2025-12-10 20:56,27.00,17.00,65.53,0.00,7000.00,M
OFK,2025-12-10 21:56,27.00,18.00,68.42,4.60,6000.00,M
OFK,2025-12-10 22:56,26.00,19.00,74.44,5.75,7500.00,M
OFK,2025-12-10 23:56,26.00,20.00,77.69,6.90,5000.00,M
OFK,2025-12-11 00:56,25.00,20.00,80.99,M,5500.00,M
OFK,2025-12-11 01:56,24.00,19.00,80.91,M,6500.00,M
OFK,2025-12-11 02:56,25.00,20.00,80.99,M,6000.00,M
OFK,2025-12-11 03:19,25.00,21.00,84.51,M,1100.00,M
OFK,2025-12-11 03:56,24.00,20.00,84.45,M,1100.00,M
OFK,2025-12-11 04:56,23.00,20.00,88.07,M,11000.00,M
OFK,2025-12-11 05:15,23.00,20.00,88.07,M,900.00,M
OFK,2025-12-11 05:56,23.00,20.00,88.07,M,900.00,M
OFK,2025-12-11 06:56,24.00,20.00,84.45,M,8500.00,M
OFK,2025-12-11 07:56,24.00,21.00,88.12,M,1200.00,M
OFK,2025-12-11 08:56,26.00,21.00,81.07,M,6500.00,M
OFK,2025-12-11 09:56,27.00,22.00,81.15,M,11000.00,M
OFK,2025-12-11 10:56,29.00,22.00,74.75,M,12000.00,M
OFK,2025-12-11 11:56,31.00,22.00,68.90,10.35,M,M
OFK,2025-12-11 12:56,33.00,23.00,66.30,10.35,M,M
OFK,2025-12-11 13:56,34.00,23.00,63.69,8.05,M,M
OFK,2025-12-11 14:56,34.00,23.00,63.69,5.75,3600.00,M
OFK,2025-12-11 15:56,33.00,23.00,66.30,4.60,3400.00,M
OFK,2025-12-11 16:56,31.00,23.00,71.87,4.60,2400.00,M
OFK,2025-12-11 17:56,31.00,23.00,71.87,6.90,3400.00,M
OFK,2025-12-11 18:35,31.00,23.00,71.87,5.75,2300.00,M
OFK,2025-12-11 18:56,31.00,23.00,71.87,4.60,2200.00,M
OFK,2025-12-11 19:52,30.20,23.00,74.24,0.00,2100.00,M
OFK,2025-12-11 19:56,31.00,23.00,71.87,0.00,2100.00,M
OFK,2025-12-11 20:56,29.00,23.00,77.97,5.75,4500.00,M
OFK,2025-12-11 21:20,29.00,23.00,77.97,6.90,2300.00,M
OFK,2025-12-11 21:56,27.00,23.00,84.65,5.75,1900.00,M
OFK,2025-12-11 22:52,28.40,23.00,79.91,3.45,1400.00,M
OFK,2025-12-11 22:56,28.00,23.00,81.23,0.00,1400.00,M
OFK,2025-12-11 23:56,28.00,24.00,84.71,5.75,1200.00,M
OFK,2025-12-12 00:18,28.00,24.00,84.71,6.90,1200.00,M
OFK,2025-12-12 00:28,28.00,24.00,84.71,5.75,1200.00,M
OFK,2025-12-12 00:56,28.00,24.00,84.71,3.45,2200.00,M
OFK,2025-12-12 01:40,27.00,24.00,88.27,8.05,1100.00,M
OFK,2025-12-12 01:56,27.00,24.00,88.27,6.90,1100.00,M
OFK,2025-12-12 02:52,26.60,24.80,92.80,8.05,900.00,M
OFK,2025-12-12 02:56,27.00,24.00,88.27,8.05,900.00,M
OFK,2025-12-12 03:14,27.00,24.00,88.27,8.05,1000.00,M
OFK,2025-12-12 03:47,27.00,24.00,88.27,8.05,900.00,M
OFK,2025-12-12 03:56,27.00,24.00,88.27,9.20,900.00,M
OFK,2025-12-12 04:40,27.00,24.00,88.27,6.90,1000.00,M
OFK,2025-12-12 04:56,27.00,24.00,88.27,8.05,800.00,M
OFK,2025-12-12 05:56,28.00,25.00,88.32,9.20,700.00,M
OFK,2025-12-12 06:56,27.00,24.00,88.27,17.25,900.00,M
OFK,2025-12-12 07:56,27.00,24.00,88.27,14.95,700.00,M
OFK,2025-12-12 08:56,27.00,24.00,88.27,14.95,700.00,M
OFK,2025-12-12 09:36,27.00,21.00,77.78,16.10,1600.00,29.90
OFK,2025-12-12 09:56,26.00,21.00,81.07,16.10,1400.00,29.90
OFK,2025-12-12 10:56,27.00,22.00,81.15,13.80,1300.00,M
OFK,2025-12-12 11:56,26.00,22.00,84.58,14.95,1100.00,M
OFK,2025-12-12 12:15,24.00,21.00,88.12,16.10,800.00,M
OFK,2025-12-12 12:56,22.00,19.00,88.01,17.25,700.00,M
OFK,2025-12-12 13:28,20.00,14.00,77.14,23.00,1300.00,M
OFK,2025-12-12 13:53,19.40,12.20,73.10,19.55,1500.00,M
OFK,2025-12-12 13:56,19.00,13.00,77.04,19.55,1500.00,M
OFK,2025-12-12 14:37,19.00,13.00,77.04,17.25,1500.00,M
OFK,2025-12-12 14:52,19.40,12.20,73.10,19.55,1700.00,M
OFK,2025-12-12 14:56,19.00,12.00,73.71,19.55,1700.00,M
OFK,2025-12-12 15:27,18.00,10.00,70.39,17.25,2000.00,M
OFK,2025-12-12 15:37,18.00,11.00,73.60,18.40,2200.00,M
OFK,2025-12-12 15:56,18.00,11.00,73.60,18.40,2200.00,M
OFK,2025-12-12 16:08,18.00,10.00,70.39,21.85,2200.00,M
OFK,2025-12-12 16:56,16.00,10.00,76.75,14.95,6000.00,M
OFK,2025-12-12 17:56,15.00,10.00,80.17,11.50,4000.00,M
OFK,2025-12-12 18:21,15.00,10.00,80.17,12.65,1500.00,M
OFK,2025-12-12 18:35,14.00,10.00,83.76,13.80,1500.00,M
OFK,2025-12-12 18:44,14.00,10.00,83.76,12.65,1500.00,M
OFK,2025-12-12 18:56,14.00,10.00,83.76,11.50,1700.00,M
OFK,2025-12-12 19:12,14.00,8.00,76.56,13.80,1400.00,M
OFK,2025-12-12 19:20,14.00,7.00,73.17,17.25,1600.00,M
OFK,2025-12-12 19:56,13.00,6.00,73.06,13.80,6000.00,M
OFK,2025-12-12 20:56,13.00,7.00,76.46,14.95,6000.00,M
OFK,2025-12-12 21:56,12.00,6.00,76.36,13.80,1800.00,M
OFK,2025-12-12 22:56,12.00,4.00,69.68,10.35,1900.00,M
OFK,2025-12-12 23:56,12.00,4.00,69.68,10.35,4500.00,M
OFK,2025-12-13 00:56,11.00,5.00,76.27,6.90,1700.00,M
OFK,2025-12-13 01:53,12.20,6.80,78.50,6.90,1400.00,M
OFK,2025-12-13 01:56,12.00,6.00,76.36,6.90,1400.00,M
OFK,2025-12-13 02:20,11.00,5.00,76.27,5.75,1500.00,M
OFK,2025-12-13 02:56,11.00,4.00,72.84,8.05,1500.00,M
OFK,2025-12-13 03:52,10.40,3.20,72.11,6.90,2600.00,M
OFK,2025-12-13 03:56,10.00,4.00,76.17,6.90,2600.00,M
OFK,2025-12-13 04:21,10.00,4.00,76.17,6.90,1800.00,M
OFK,2025-12-13 04:41,9.00,5.00,83.40,6.90,1800.00,M
OFK,2025-12-13 04:56,9.00,5.00,83.40,6.90,1600.00,M
OFK,2025-12-13 05:14,9.00,5.00,83.40,5.75,1200.00,M
OFK,2025-12-13 05:36,9.00,6.00,87.30,8.05,900.00,M
OFK,2025-12-13 05:42,9.00,5.00,83.40,10.35,1100.00,M
OFK,2025-12-13 05:49,9.00,5.00,83.40,9.20,1100.00,M
OFK,2025-12-13 05:56,9.00,5.00,83.40,8.05,1400.00,M
OFK,2025-12-13 06:47,8.00,5.00,87.25,6.90,1000.00,M
OFK,2025-12-13 06:56,8.00,5.00,87.25,5.75,1000.00,M
OFK,2025-12-13 07:08,8.00,4.00,83.33,5.75,1000.00,M
OFK,2025-12-13 07:23,8.00,5.00,87.25,8.05,1100.00,M
OFK,2025-12-13 07:39,8.00,4.00,83.33,8.05,1300.00,M
OFK,2025-12-13 07:48,8.00,4.00,83.33,9.20,1300.00,M
OFK,2025-12-13 07:56,8.00,5.00,87.25,10.35,1300.00,M
OFK,2025-12-13 08:05,8.00,5.00,87.25,10.35,1200.00,M
OFK,2025-12-13 08:10,8.00,5.00,87.25,10.35,1000.00,M
OFK,2025-12-13 08:21,8.00,5.00,87.25,11.50,1000.00,M
OFK,2025-12-13 08:32,7.00,4.00,87.19,10.35,1100.00,M
OFK,2025-12-13 08:41,7.00,4.00,87.19,10.35,1100.00,M
OFK,2025-12-13 08:52,6.80,3.20,84.80,10.35,1100.00,M
OFK,2025-12-13 08:56,7.00,4.00,87.19,10.35,1100.00,M
OFK,2025-12-13 09:13,7.00,4.00,87.19,8.05,1000.00,M
OFK,2025-12-13 09:20,8.00,4.00,83.33,9.20,1200.00,M
OFK,2025-12-13 09:35,8.00,4.00,83.33,12.65,1500.00,M
OFK,2025-12-13 09:56,8.00,4.00,83.33,9.20,1400.00,M
OFK,2025-12-13 10:01,8.00,4.00,83.33,9.20,1400.00,M
OFK,2025-12-13 10:06,8.00,3.00,79.57,9.20,1400.00,M
OFK,2025-12-13 10:56,9.00,4.00,79.66,13.80,1700.00,M
OFK,2025-12-13 11:04,10.00,3.00,72.73,14.95,1700.00,M
OFK,2025-12-13 11:28,9.00,3.00,76.07,17.25,1800.00,M
OFK,2025-12-13 11:56,10.00,3.00,72.73,14.95,2000.00,M
OFK,2025-12-13 12:56,10.00,2.00,69.44,13.80,1900.00,M
OFK,2025-12-13 13:27,10.00,3.00,72.73,17.25,2100.00,M
OFK,2025-12-13 13:56,11.00,3.00,69.56,11.50,1900.00,M
OFK,2025-12-13 14:16,11.00,3.00,69.56,12.65,1900.00,M
OFK,2025-12-13 14:56,11.00,3.00,69.56,12.65,2100.00,M
OFK,2025-12-13 15:35,11.00,3.00,69.56,12.65,2100.00,M
OFK,2025-12-13 15:46,11.00,2.00,66.41,11.50,2100.00,M
OFK,2025-12-13 15:56,10.00,2.00,69.44,11.50,2200.00,M
OFK,2025-12-13 16:56,8.00,1.00,72.51,13.80,M,M
OFK,2025-12-13 17:56,5.00,0.00,79.31,9.20,M,M
OFK,2025-12-13 18:56,4.00,-1.00,79.22,5.75,M,M
OFK,2025-12-13 19:56,3.00,-1.00,82.96,5.75,M,M
OFK,2025-12-13 20:56,3.00,-2.00,79.13,5.75,M,M
OFK,2025-12-13 21:56,3.00,-1.00,82.96,4.60,M,M
OFK,2025-12-13 22:56,2.00,-2.00,82.88,5.75,M,M
OFK,2025-12-13 23:56,0.00,-3.00,86.78,8.05,M,M
OFK,2025-12-14 00:56,-1.00,-4.00,86.72,8.05,M,M
OFK,2025-12-14 01:56,-1.00,-5.00,82.65,5.75,M,M
OFK,2025-12-14 02:56,-2.00,-5.00,86.66,6.90,M,M
OFK,2025-12-14 03:56,-3.00,-6.00,86.59,0.00,M,M
OFK,2025-12-14 04:56,-3.00,-6.00,86.59,3.45,M,M
OFK,2025-12-14 05:56,-3.00,-6.00,86.59,5.75,M,M
OFK,2025-12-14 06:56,-3.00,-7.00,82.50,8.05,M,M
OFK,2025-12-14 07:56,-2.00,-5.00,86.66,6.90,M,M
OFK,2025-12-14 08:56,4.00,-1.00,79.22,4.60,M,M
OFK,2025-12-14 09:56,7.00,1.00,75.86,10.35,M,M
OFK,2025-12-14 10:56,11.00,2.00,66.41,13.80,M,M
OFK,2025-12-14 11:56,16.00,3.00,55.82,16.10,M,M
OFK,2025-12-14 12:56,18.00,6.00,58.76,14.95,M,M
OFK,2025-12-14 13:56,20.00,8.00,59.06,19.55,M,29.90
OFK,2025-12-14 14:56,21.00,10.00,61.92,19.55,M,31.05
OFK,2025-12-14 15:56,22.00,12.00,64.88,18.40,M,29.90
OFK,2025-12-14 16:56,21.00,13.00,70.74,17.25,M,33.35
OFK,2025-12-14 17:56,21.00,14.00,73.92,12.65,M,M
OFK,2025-12-14 18:34,21.00,14.00,73.92,12.65,2300.00,M
OFK,2025-12-14 18:56,22.00,15.00,74.03,13.80,2200.00,M
OFK,2025-12-14 19:56,23.00,17.00,77.42,17.25,1600.00,M
OFK,2025-12-14 20:35,21.00,16.00,80.67,11.50,1700.00,M
OFK,2025-12-14 20:56,21.00,16.00,80.67,13.80,M,M
OFK,2025-12-14 21:56,19.00,14.00,80.51,13.80,M,M
OFK,2025-12-14 22:56,20.00,13.00,73.82,13.80,M,M
OFK,2025-12-14 23:56,21.00,13.00,70.74,13.80,M,29.90
OFK,2025-12-15 00:56,21.00,14.00,73.92,11.50,M,29.90
OFK,2025-12-15 01:56,22.00,15.00,74.03,14.95,M,M
OFK,2025-12-15 02:56,23.00,17.00,77.42,14.95,M,M
OFK,2025-12-15 03:56,23.00,17.00,77.42,5.75,M,M
OFK,2025-12-15 04:56,23.00,18.00,80.83,8.05,M,M
OFK,2025-12-15 05:56,22.00,18.00,84.31,6.90,M,M
OFK,2025-12-15 06:56,20.00,18.00,91.79,5.75,M,M
OFK,2025-12-15 07:56,17.00,16.00,95.76,3.45,M,M
OFK,2025-12-15 08:56,25.00,20.00,80.99,3.45,M,M
OFK,2025-12-15 09:56,33.00,23.00,66.30,8.05,M,M
OFK,2025-12-15 10:56,42.00,26.00,52.74,9.20,M,M
OFK,2025-12-15 11:56,47.00,29.00,49.32,10.35,M,M
OFK,2025-12-15 12:56,53.00,29.00,39.45,11.50,M,M
OFK,2025-12-15 13:56,54.00,29.00,38.03,4.60,M,M
OFK,2025-12-15 14:56,55.00,29.00,36.67,6.90,M,M
OFK,2025-12-15 15:56,51.00,30.00,44.24,4.60,M,M
OFK,2025-12-15 16:56,40.00,28.00,61.89,0.00,M,M
OFK,2025-12-15 17:56,32.00,26.00,78.23,4.60,M,M
OFK,2025-12-15 18:56,33.00,28.00,81.62,8.05,M,M
OFK,2025-12-15 19:56,30.00,26.00,84.84,0.00,M,M
OFK,2025-12-15 20:56,32.00,27.00,81.54,0.00,M,M
OFK,2025-12-15 21:56,30.00,26.00,84.84,0.00,M,M
OFK,2025-12-15 22:56,28.00,26.00,92.07,0.00,M,M
OFK,2025-12-15 23:56,27.00,25.00,92.04,3.45,M,M
OFK,2025-12-16 00:56,26.00,23.00,88.22,0.00,M,M
OFK,2025-12-16 01:56,27.00,24.00,88.27,4.60,M,M
OFK,2025-12-16 02:56,37.00,25.00,61.48,6.90,M,M
OFK,2025-12-16 03:56,43.00,30.00,59.81,8.05,M,M
OFK,2025-12-16 04:56,39.00,29.00,67.04,6.90,M,M
OFK,2025-12-16 05:56,38.00,28.00,66.92,4.60,M,M
OFK,2025-12-16 06:56,37.00,27.00,66.80,16.10,M,M
OFK,2025-12-16 07:56,35.00,26.00,69.37,9.20,M,M
OFK,2025-12-16 08:56,39.00,27.00,61.75,4.60,M,M
OFK,2025-12-16 09:56,48.00,26.00,41.98,5.75,M,M
OFK,2025-12-16 10:56,46.00,27.00,47.17,4.60,M,M
OFK,2025-12-16 11:56,47.00,26.00,43.58,6.90,M,M
OFK,2025-12-16 12:56,51.00,26.00,37.53,6.90,M,M
OFK,2025-12-16 13:56,56.00,28.00,33.94,9.20,M,M
OFK,2025-12-16 14:56,57.00,29.00,34.11,5.75,M,M
OFK,2025-12-16 15:56,57.00,30.00,35.53,6.90,M,M
OFK,2025-12-16 16:56,55.00,31.00,39.78,12.65,M,M
OFK,2025-12-16 17:56,49.00,30.00,47.66,9.20,M,M
OFK,2025-12-16 18:56,45.00,29.00,53.20,8.05,M,M
OFK,2025-12-16 19:56,44.00,29.00,55.26,9.20,12000.00,M
OFK,2025-12-16 20:56,46.00,30.00,53.35,9.20,12000.00,M
OFK,2025-12-16 21:56,43.00,30.00,59.81,10.35,11000.00,M
OFK,2025-12-16 22:56,43.00,29.00,57.42,6.90,M,M
OFK,2025-12-16 23:56,35.00,27.00,72.30,6.90,12000.00,M
OFK,2025-12-17 00:56,34.00,27.00,75.25,4.60,M,M
OFK,2025-12-17 01:56,35.00,27.00,72.30,0.00,M,M
OFK,2025-12-17 02:56,29.00,25.00,84.78,0.00,M,M
OFK,2025-12-17 03:56,30.00,25.00,81.39,0.00,M,M
OFK,2025-12-17 04:56,29.00,26.00,88.37,0.00,M,M
OFK,2025-12-17 05:56,29.00,25.00,84.78,0.00,M,M
OFK,2025-12-17 06:56,34.00,27.00,75.25,9.20,M,M
OFK,2025-12-17 07:56,36.00,27.00,69.49,10.35,M,M
OFK,2025-12-17 08:56,38.00,28.00,66.92,9.20,M,M
OFK,2025-12-17 09:56,40.00,28.00,61.89,9.20,M,M
OFK,2025-12-17 10:56,47.00,27.00,45.43,12.65,M,M
OFK,2025-12-17 11:56,47.00,29.00,49.32,14.95,M,M
OFK,2025-12-17 12:56,50.00,30.00,45.91,14.95,M,M
OFK,2025-12-17 13:56,53.00,31.00,42.80,20.70,M,31.05
OFK,2025-12-17 14:56,52.00,31.00,44.40,17.25,M,33.35
OFK,2025-12-17 15:56,51.00,31.00,46.07,19.55,M,29.90
OFK,2025-12-17 16:56,51.00,31.00,46.07,17.25,M,33.35
OFK,2025-12-17 17:56,50.00,31.00,47.82,21.85,9500.00,32.20
OFK,2025-12-17 18:56,48.00,32.00,53.65,23.00,M,37.95
OFK,2025-12-17 19:56,48.00,32.00,53.65,25.30,M,44.85
OFK,2025-12-17 20:56,46.00,34.00,62.69,24.15,M,36.80
OFK,2025-12-17 21:56,48.00,37.00,65.50,21.85,11000.00,35.65
OFK,2025-12-17 22:56,47.00,41.00,79.51,19.55,6000.00,32.20
OFK,2025-12-17 23:56,46.00,40.00,79.43,6.90,9000.00,29.90
OFK,2025-12-18 00:56,44.00,40.00,85.71,31.05,2700.00,51.75
OFK,2025-12-18 01:56,43.00,39.00,85.65,19.55,2400.00,39.10
OFK,2025-12-18 02:56,43.00,36.00,76.11,14.95,6500.00,44.85
OFK,2025-12-18 03:56,43.00,33.00,67.53,13.80,9000.00,M
OFK,2025-12-18 04:56,41.00,28.00,59.53,11.50,M,M
OFK,2025-12-18 05:56,37.00,27.00,66.80,9.20,M,M
OFK,2025-12-18 06:56,37.00,27.00,66.80,12.65,M,M
OFK,2025-12-18 07:56,35.00,24.00,63.82,33.35,3000.00,48.30
OFK,2025-12-18 08:56,24.00,11.00,57.05,32.20,3700.00,48.30
OFK,2025-12-18 09:56,21.00,9.00,59.20,29.90,3800.00,50.60
OFK,2025-12-18 10:56,20.00,5.00,51.52,32.20,4800.00,57.50
OFK,2025-12-18 11:56,19.00,6.00,56.29,27.60,2900.00,52.90
OFK,2025-12-18 12:56,20.00,6.00,53.93,32.20,3600.00,55.20
OFK,2025-12-18 13:56,20.00,7.00,56.44,27.60,3500.00,54.05
OFK,2025-12-18 14:56,22.00,7.00,51.85,31.05,3300.00,54.05
OFK,2025-12-18 15:56,24.00,10.00,54.56,27.60,3900.00,50.60
OFK,2025-12-18 16:56,25.00,11.00,54.72,26.45,M,42.55
OFK,2025-12-18 17:56,23.00,8.00,52.01,18.40,M,40.25
OFK,2025-12-18 18:56,22.00,3.00,43.17,23.00,M,42.55
OFK,2025-12-18 19:56,21.00,2.00,42.99,21.85,M,32.20
OFK,2025-12-18 20:56,20.00,1.00,42.82,21.85,M,35.65
OFK,2025-12-18 21:56,18.00,-1.00,42.47,13.80,M,M
OFK,2025-12-18 22:56,17.00,-2.00,42.30,14.95,M,M
OFK,2025-12-18 23:56,16.00,-4.00,40.16,9.20,M,M
OFK,2025-12-19 00:56,14.00,-3.00,45.97,8.05,M,M
OFK,2025-12-19 01:56,12.00,-1.00,55.20,6.90,M,M
OFK,2025-12-19 02:56,12.00,0.00,57.86,5.75,M,M
OFK,2025-12-19 03:56,10.00,3.00,72.73,3.45,M,M
OFK,2025-12-19 04:56,9.00,4.00,79.66,5.75,10000.00,M
OFK,2025-12-19 05:56,8.00,4.00,83.33,3.45,M,M
OFK,2025-12-19 06:56,12.00,3.00,66.54,8.05,M,M
OFK,2025-12-19 07:56,13.00,5.00,69.80,6.90,M,M
OFK,2025-12-19 08:56,18.00,5.00,56.13,13.80,M,M
OFK,2025-12-19 09:56,24.00,2.00,37.88,16.10,M,M
OFK,2025-12-19 10:56,29.00,7.00,38.75,19.55,M,M
OFK,2025-12-19 11:56,35.00,12.00,38.07,26.45,M,40.25
OFK,2025-12-19 12:56,38.00,17.00,42.08,18.40,M,41.40
OFK,2025-12-19 13:56,43.00,19.00,37.78,27.60,M,39.10
OFK,2025-12-19 14:56,44.00,19.00,36.36,23.00,M,42.55
OFK,2025-12-19 15:56,45.00,20.00,36.53,12.65,M,32.20
OFK,2025-12-19 16:56,45.00,21.00,38.11,9.20,M,M
OFK,2025-12-19 17:56,42.00,19.00,39.26,8.05,M,M
OFK,2025-12-19 18:56,42.00,19.00,39.26,18.40,M,31.05
OFK,2025-12-19 19:56,41.00,19.00,40.80,18.40,M,33.35
OFK,2025-12-19 20:56,41.00,20.00,42.59,8.05,M,M
OFK,2025-12-19 21:56,41.00,21.00,44.44,8.05,M,M
OFK,2025-12-19 22:56,41.00,22.00,46.36,10.35,M,M
OFK,2025-12-19 23:56,43.00,23.00,44.77,10.35,M,M
OFK,2025-12-20 00:56,42.00,24.00,48.52,6.90,M,M
OFK,2025-12-20 01:56,44.00,26.00,48.84,14.95,M,M
OFK,2025-12-20 02:56,44.00,27.00,50.90,20.70,M,35.65
OFK,2025-12-20 03:56,43.00,25.00,48.68,18.40,M,35.65
OFK,2025-12-20 04:56,41.00,27.00,57.13,24.15,M,39.10
OFK,2025-12-20 05:56,40.00,28.00,61.89,19.55,10000.00,33.35
OFK,2025-12-20 06:56,39.00,25.00,56.84,16.10,9000.00,29.90
OFK,2025-12-20 07:56,38.00,17.00,42.08,13.80,8500.00,M
OFK,2025-12-20 08:56,34.00,18.00,51.48,9.20,9000.00,M
OFK,2025-12-20 09:56,39.00,22.00,50.11,14.95,M,M
OFK,2025-12-20 10:56,40.00,17.00,38.92,16.10,M,M
OFK,2025-12-20 11:56,42.00,16.00,34.49,10.35,M,M
OFK,2025-12-20 12:56,44.00,16.00,31.94,10.35,M,M
OFK,2025-12-20 13:56,44.00,14.00,29.27,12.65,M,M
OFK,2025-12-20 14:56,44.00,13.00,28.01,8.05,M,M
OFK,2025-12-20 15:56,43.00,14.00,30.41,8.05,M,M
OFK,2025-12-20 16:56,38.00,14.00,36.93,3.45,M,M
OFK,2025-12-20 17:56,33.00,14.00,45.04,6.90,M,M
OFK,2025-12-20 18:56,32.00,16.00,51.17,11.50,10000.00,M
OFK,2025-12-20 19:56,29.00,16.00,57.80,10.35,M,M
OFK,2025-12-20 20:56,30.00,14.00,50.84,9.20,M,M
OFK,2025-12-20 21:56,29.00,14.00,52.96,11.50,M,M
OFK,2025-12-20 22:56,29.00,14.00,52.96,12.65,M,M
OFK,2025-12-20 23:56,30.00,15.00,53.12,11.50,M,M
OFK,2025-12-21 00:56,28.00,15.00,57.65,9.20,M,M
OFK,2025-12-21 01:56,31.00,15.00,51.01,14.95,M,M
OFK,2025-12-21 02:56,31.00,16.00,53.28,16.10,M,M
OFK,2025-12-21 03:56,30.00,17.00,57.95,13.80,M,M
OFK,2025-12-21 04:56,30.00,17.00,57.95,14.95,M,M
OFK,2025-12-21 05:56,29.00,18.00,63.02,8.05,M,M
OFK,2025-12-21 06:56,27.00,17.00,65.53,6.90,M,M
OFK,2025-12-21 07:56,29.00,18.00,63.02,16.10,M,M
OFK,2025-12-21 08:56,32.00,18.00,55.79,12.65,M,M
OFK,2025-12-21 09:56,36.00,18.00,47.54,17.25,M,M
OFK,2025-12-21 10:56,40.00,18.00,40.64,12.65,M,31.05
OFK,2025-12-21 11:56,45.00,17.00,32.11,21.85,M,40.25
OFK,2025-12-21 12:56,45.00,16.00,30.75,21.85,12000.00,40.25
OFK,2025-12-21 13:56,47.00,16.00,28.50,16.10,10000.00,33.35
OFK,2025-12-21 14:56,48.00,15.00,26.28,19.55,M,M
OFK,2025-12-21 15:56,46.00,15.00,28.34,14.95,M,M
OFK,2025-12-21 16:56,41.00,16.00,35.85,10.35,M,M
OFK,2025-12-21 17:56,40.00,17.00,38.92,10.35,M,M
OFK,2025-12-21 18:56,41.00,16.00,35.85,11.50,M,M
OFK,2025-12-21 19:56,41.00,17.00,37.44,12.65,M,M
OFK,2025-12-21 20:56,42.00,17.00,36.02,10.35,M,M
OFK,2025-12-21 21:56,41.00,17.00,37.44,13.80,M,M
OFK,2025-12-21 22:56,41.00,16.00,35.85,10.35,M,M
OFK,2025-12-21 23:56,40.00,17.00,38.92,11.50,M,M
OFK,2025-12-22 00:56,40.00,20.00,44.27,11.50,M,M
OFK,2025-12-22 01:56,39.00,22.00,50.11,14.95,M,M
OFK,2025-12-22 02:56,37.00,23.00,56.54,13.80,M,M
OFK,2025-12-22 03:56,36.00,24.00,61.34,12.65,M,M
OFK,2025-12-22 04:56,36.00,25.00,63.96,11.50,M,M
OFK,2025-12-22 05:56,35.00,25.00,66.55,16.10,M,M
OFK,2025-12-22 06:56,34.00,25.00,69.26,12.65,M,M
OFK,2025-12-22 07:56,34.00,26.00,72.20,11.50,M,M
OFK,2025-12-22 08:56,36.00,27.00,69.49,11.50,M,M
OFK,2025-12-22 09:56,39.00,29.00,67.04,12.65,M,M
OFK,2025-12-22 10:56,43.00,30.00,59.81,9.20,M,M
OFK,2025-12-22 11:56,48.00,31.00,51.53,12.65,M,M
OFK,2025-12-22 12:56,51.00,32.00,47.98,9.20,M,M
OFK,2025-12-22 13:56,57.00,33.00,40.11,12.65,M,M
OFK,2025-12-22 14:56,58.00,34.00,40.28,14.95,M,M
OFK,2025-12-22 15:56,59.00,35.00,40.44,13.80,M,M
OFK,2025-12-22 16:56,54.00,35.00,48.45,5.75,M,M
OFK,2025-12-22 17:56,52.00,35.00,52.14,6.90,M,M
OFK,2025-12-22 18:56,53.00,35.00,50.26,0.00,M,M
OFK,2025-12-22 19:56,49.00,34.00,56.00,4.60,M,M
OFK,2025-12-22 20:56,48.00,34.00,58.14,9.20,M,M
OFK,2025-12-22 21:56,43.00,33.00,67.53,0.00,M,M
OFK,2025-12-22 22:56,41.00,32.00,70.06,0.00,M,M
OFK,2025-12-22 23:56,37.00,32.00,81.92,4.60,M,M
OFK,2025-12-23 00:56,44.00,33.00,64.99,11.50,M,M
OFK,2025-12-23 01:56,41.00,31.00,67.29,3.45,M,M
OFK,2025-12-23 02:56,39.00,30.00,69.84,8.05,M,M
OFK,2025-12-23 03:56,37.00,30.00,75.54,4.60,M,M
OFK,2025-12-23 04:56,36.00,29.00,75.44,6.90,M,M
OFK,2025-12-23 05:56,35.00,29.00,78.50,0.00,M,M
OFK,2025-12-23 06:56,33.00,28.00,81.62,6.90,M,M
OFK,2025-12-23 07:56,32.00,28.00,84.97,4.60,M,M
OFK,2025-12-23 08:56,35.00,30.00,81.77,4.60,M,M
OFK,2025-12-23 09:56,38.00,31.00,75.64,6.90,M,M
OFK,2025-12-23 10:56,45.00,33.00,62.56,8.05,M,M
OFK,2025-12-23 11:56,48.00,34.00,58.14,4.60,M,M
OFK,2025-12-23 12:56,51.00,35.00,54.10,8.05,M,M
OFK,2025-12-23 13:56,53.00,35.00,50.26,6.90,M,M
OFK,2025-12-23 14:56,52.00,35.00,52.14,8.05,M,M
OFK,2025-12-23 15:56,49.00,34.00,56.00,6.90,M,M
OFK,2025-12-23 16:56,45.00,34.00,65.12,4.60,M,M
OFK,2025-12-23 17:56,42.00,33.00,70.18,5.75,M,M
OFK,2025-12-23 18:56,39.00,32.00,75.73,6.90,M,M
OFK,2025-12-23 19:56,38.00,32.00,78.76,9.20,M,M
OFK,2025-12-23 20:56,37.00,32.00,81.92,10.35,M,M
OFK,2025-12-23 21:56,36.00,32.00,85.22,6.90,M,M
OFK,2025-12-23 22:56,36.00,32.00,85.22,10.35,M,M
OFK,2025-12-23 23:56,37.00,32.00,81.92,6.90,M,M
OFK,2025-12-24 00:56,36.00,32.00,85.22,8.05,M,M
OFK,2025-12-24 01:56,37.00,32.00,81.92,6.90,M,M
OFK,2025-12-24 02:56,37.00,32.00,81.92,11.50,M,M
OFK,2025-12-24 03:56,35.00,31.00,85.16,3.45,800.00,M
OFK,2025-12-24 04:12,37.00,32.00,81.92,8.05,600.00,M
OFK,2025-12-24 04:56,37.00,35.00,92.38,6.90,500.00,M
OFK,2025-12-24 05:26,37.00,36.00,96.12,4.60,400.00,M
OFK,2025-12-24 05:47,37.00,35.00,92.38,0.00,500.00,M
OFK,2025-12-24 05:54,37.40,35.60,93.13,0.00,600.00,M
OFK,2025-12-24 05:56,37.00,35.00,92.38,5.75,600.00,M
OFK,2025-12-24 06:12,37.00,35.00,92.38,5.75,600.00,M
OFK,2025-12-24 06:51,37.40,37.40,100.00,6.90,300.00,M
OFK,2025-12-24 06:56,38.00,38.00,100.00,5.75,300.00,M
OFK,2025-12-24 07:18,39.00,39.00,100.00,6.90,200.00,M
OFK,2025-12-24 07:56,39.00,39.00,100.00,6.90,200.00,M
OFK,2025-12-24 08:56,40.00,40.00,100.00,3.45,200.00,M
OFK,2025-12-24 09:15,40.00,40.00,100.00,9.20,300.00,M
OFK,2025-12-24 09:32,40.00,40.00,100.00,10.35,300.00,M
OFK,2025-12-24 09:56,41.00,41.00,100.00,5.75,300.00,M
OFK,2025-12-24 10:07,42.00,41.00,96.21,6.90,300.00,M
OFK,2025-12-24 10:56,43.00,42.00,96.23,8.05,400.00,M
OFK,2025-12-24 11:35,45.00,41.00,85.77,8.05,500.00,M
OFK,2025-12-24 11:48,46.00,41.00,82.57,8.05,500.00,M
OFK,2025-12-24 11:56,47.00,41.00,79.51,10.35,600.00,M
OFK,2025-12-24 12:56,53.00,42.00,66.11,8.05,M,M
OFK,2025-12-24 13:56,55.00,43.00,63.87,9.20,M,M
OFK,2025-12-24 14:56,59.00,43.00,55.29,9.20,M,M
OFK,2025-12-24 15:56,61.00,43.00,51.49,4.60,M,M
OFK,2025-12-24 16:56,51.00,42.00,71.17,4.60,M,M
OFK,2025-12-24 17:56,45.00,41.00,85.77,0.00,M,M
OFK,2025-12-24 18:56,42.00,40.00,92.55,3.45,M,M
OFK,2025-12-24 19:56,43.00,40.00,89.05,0.00,M,M
OFK,2025-12-24 20:56,37.00,37.00,100.00,0.00,M,M
OFK,2025-12-24 21:56,37.00,36.00,96.12,3.45,M,M
OFK,2025-12-24 22:15,37.00,36.00,96.12,6.90,400.00,M
OFK,2025-12-24 22:19,38.00,37.00,96.14,5.75,400.00,M
OFK,2025-12-24 22:26,38.00,38.00,100.00,4.60,200.00,M
OFK,2025-12-24 22:42,39.00,39.00,100.00,4.60,200.00,M
OFK,2025-12-24 22:56,39.00,39.00,100.00,8.05,200.00,M
OFK,2025-12-24 23:56,39.00,39.00,100.00,4.60,200.00,M
OFK,2025-12-25 00:56,39.00,39.00,100.00,8.05,200.00,M
OFK,2025-12-25 01:56,38.00,38.00,100.00,5.75,200.00,M
OFK,2025-12-25 02:56,37.00,37.00,100.00,6.90,200.00,M
OFK,2025-12-25 03:56,37.00,37.00,100.00,8.05,200.00,M
OFK,2025-12-25 04:56,36.00,36.00,100.00,5.75,200.00,M
OFK,2025-12-25 05:56,36.00,36.00,100.00,9.20,200.00,M
OFK,2025-12-25 06:56,37.00,37.00,100.00,11.50,200.00,M
OFK,2025-12-25 07:53,37.40,37.40,100.00,9.20,200.00,M
OFK,2025-12-25 07:56,38.00,38.00,100.00,8.05,200.00,M
OFK,2025-12-25 08:29,38.00,38.00,100.00,10.35,200.00,M
OFK,2025-12-25 08:56,38.00,38.00,100.00,9.20,200.00,M
OFK,2025-12-25 09:52,39.20,39.20,100.00,10.35,200.00,M
OFK,2025-12-25 09:56,40.00,40.00,100.00,11.50,300.00,M
OFK,2025-12-25 10:56,41.00,41.00,100.00,13.80,200.00,M
OFK,2025-12-25 11:07,42.00,41.00,96.21,12.65,200.00,M
OFK,2025-12-25 11:16,41.00,41.00,100.00,17.25,200.00,M
OFK,2025-12-25 11:42,41.00,41.00,100.00,14.95,300.00,M
OFK,2025-12-25 11:53,42.80,42.80,100.00,13.80,300.00,M
OFK,2025-12-25 11:56,42.00,42.00,100.00,13.80,300.00,M
OFK,2025-12-25 12:07,42.00,42.00,100.00,12.65,300.00,M
OFK,2025-12-25 12:19,41.00,41.00,100.00,10.35,300.00,M
OFK,2025-12-25 12:42,42.00,42.00,100.00,6.90,300.00,M
OFK,2025-12-25 12:56,42.00,42.00,100.00,11.50,300.00,M
OFK,2025-12-25 13:14,42.00,42.00,100.00,10.35,300.00,M
OFK,2025-12-25 13:29,42.00,42.00,100.00,12.65,300.00,M
OFK,2025-12-25 13:37,42.00,42.00,100.00,14.95,300.00,M
OFK,2025-12-25 13:56,42.00,42.00,100.00,9.20,300.00,M
OFK,2025-12-25 14:12,42.00,42.00,100.00,10.35,300.00,M
OFK,2025-12-25 14:24,43.00,42.00,96.23,9.20,300.00,M
OFK,2025-12-25 14:31,43.00,42.00,96.23,13.80,300.00,M
OFK,2025-12-25 14:38,42.00,42.00,100.00,10.35,300.00,M
OFK,2025-12-25 14:56,43.00,42.00,96.23,9.20,300.00,M
OFK,2025-12-25 15:11,43.00,42.00,96.23,6.90,300.00,M
OFK,2025-12-25 15:56,43.00,43.00,100.00,3.45,300.00,M
OFK,2025-12-25 16:09,43.00,43.00,100.00,5.75,300.00,M
OFK,2025-12-25 16:34,43.00,43.00,100.00,6.90,200.00,M
OFK,2025-12-25 16:56,43.00,43.00,100.00,8.05,200.00,M
OFK,2025-12-25 17:56,43.00,43.00,100.00,5.75,200.00,M
OFK,2025-12-25 18:13,43.00,43.00,100.00,5.75,200.00,M
OFK,2025-12-25 18:24,43.00,43.00,100.00,4.60,200.00,M
OFK,2025-12-25 18:39,43.00,43.00,100.00,6.90,200.00,M
OFK,2025-12-25 18:56,44.00,44.00,100.00,6.90,200.00,M
OFK,2025-12-25 19:42,44.00,44.00,100.00,11.50,300.00,M
OFK,2025-12-25 19:56,44.00,44.00,100.00,11.50,300.00,M
OFK,2025-12-25 20:40,44.00,44.00,100.00,10.35,300.00,M
OFK,2025-12-25 20:56,44.00,44.00,100.00,10.35,300.00,M
OFK,2025-12-25 21:56,44.00,44.00,100.00,8.05,300.00,M
OFK,2025-12-25 22:56,43.00,43.00,100.00,6.90,300.00,M
OFK,2025-12-25 23:34,41.00,41.00,100.00,9.20,300.00,M
OFK,2025-12-25 23:42,40.00,40.00,100.00,6.90,300.00,M
OFK,2025-12-25 23:56,40.00,40.00,100.00,8.05,200.00,M
OFK,2025-12-26 00:56,38.00,38.00,100.00,4.60,M,M
OFK,2025-12-26 01:56,38.00,37.00,96.14,8.05,M,M
OFK,2025-12-26 02:56,39.00,37.00,92.45,9.20,M,M
OFK,2025-12-26 03:56,40.00,37.00,88.91,8.05,M,M
OFK,2025-12-26 04:56,39.00,37.00,92.45,9.20,M,M
OFK,2025-12-26 05:56,37.00,35.00,92.38,8.05,M,M
OFK,2025-12-26 06:56,35.00,34.00,96.09,8.05,M,M
OFK,2025-12-26 07:56,35.00,34.00,96.09,6.90,M,M
OFK,2025-12-26 08:56,36.00,35.00,96.11,5.75,M,M
OFK,2025-12-26 09:56,41.00,37.00,85.53,5.75,M,M
OFK,2025-12-26 10:56,46.00,39.00,76.39,0.00,M,M
OFK,2025-12-26 11:56,51.00,40.00,65.87,6.90,M,M
OFK,2025-12-26 12:56,55.00,41.00,59.13,0.00,M,M
OFK,2025-12-26 13:56,58.00,42.00,55.14,6.90,M,M
OFK,2025-12-26 14:56,60.00,42.00,51.34,8.05,M,M
OFK,2025-12-26 15:56,58.00,43.00,57.30,10.35,M,M
OFK,2025-12-26 16:56,53.00,43.00,68.71,6.90,M,M
OFK,2025-12-26 17:56,48.00,41.00,76.58,6.90,M,M
OFK,2025-12-26 18:56,45.00,40.00,82.50,3.45,M,M
OFK,2025-12-26 19:56,50.00,41.00,71.06,0.00,M,M
OFK,2025-12-26 20:56,48.00,39.00,70.85,0.00,M,M
OFK,2025-12-26 21:56,46.00,38.00,73.46,4.60,M,M
OFK,2025-12-26 22:56,48.00,36.00,62.96,3.45,M,M
OFK,2025-12-26 23:56,45.00,35.00,67.77,4.60,M,M
OFK,2025-12-27 00:56,43.00,34.00,70.29,0.00,M,M
OFK,2025-12-27 01:56,39.00,34.00,82.07,0.00,M,M
OFK,2025-12-27 02:56,37.00,33.00,85.28,4.60,M,M
OFK,2025-12-27 03:56,33.00,31.00,92.25,0.00,M,M
OFK,2025-12-27 04:56,33.00,31.00,92.25,3.45,M,M
OFK,2025-12-27 05:56,34.00,32.00,92.28,0.00,M,M
OFK,2025-12-27 06:56,35.00,33.00,92.32,3.45,M,M
OFK,2025-12-27 07:56,38.00,36.00,92.42,8.05,M,M
OFK,2025-12-27 08:56,38.00,36.00,92.42,0.00,M,M
OFK,2025-12-27 09:56,42.00,38.00,85.59,3.45,M,M
OFK,2025-12-27 10:56,49.00,40.00,70.96,5.75,M,M
OFK,2025-12-27 11:56,54.00,41.00,61.32,5.75,M,M
OFK,2025-12-27 12:56,59.00,40.00,49.24,0.00,M,M
OFK,2025-12-27 13:56,60.00,37.00,42.24,9.20,M,M
OFK,2025-12-27 14:56,61.00,35.00,37.66,5.75,M,M
OFK,2025-12-27 15:56,58.00,34.00,40.28,0.00,M,M
OFK,2025-12-27 16:56,54.00,35.00,48.45,0.00,M,M
OFK,2025-12-27 17:56,53.00,34.00,48.29,0.00,M,M
OFK,2025-12-27 18:56,47.00,36.00,65.37,3.45,M,M
OFK,2025-12-27 19:56,44.00,35.00,70.40,0.00,M,M
OFK,2025-12-27 20:56,42.00,35.00,76.02,0.00,M,M
OFK,2025-12-27 21:25,40.00,35.00,82.14,0.00,M,M
OFK,2025-12-27 21:32,40.00,36.00,85.47,0.00,M,M
OFK,2025-12-27 21:56,39.00,36.00,88.87,3.45,M,M
OFK,2025-12-27 22:56,37.00,34.00,88.77,4.60,M,M
OFK,2025-12-27 23:56,39.00,35.00,85.41,4.60,12000.00,M
OFK,2025-12-28 00:56,40.00,34.00,78.93,3.45,12000.00,M
OFK,2025-12-28 01:38,44.00,34.00,67.65,17.25,11000.00,32.20
OFK,2025-12-28 01:56,43.00,34.00,70.29,21.85,11000.00,32.20
OFK,2025-12-28 02:29,41.00,34.00,75.92,29.90,1700.00,40.25
OFK,2025-12-28 02:52,35.60,32.00,86.58,34.50,1400.00,48.30
OFK,2025-12-28 02:56,35.00,31.00,85.16,33.35,1200.00,48.30
OFK,2025-12-28 03:11,33.00,31.00,92.25,34.50,900.00,44.85
OFK,2025-12-28 03:56,31.00,27.00,84.90,28.75,1000.00,52.90
OFK,2025-12-28 04:06,31.00,26.00,81.46,31.05,900.00,46.00
OFK,2025-12-28 04:56,28.00,23.00,81.23,32.20,1900.00,49.45
OFK,2025-12-28 05:05,28.00,24.00,84.71,35.65,1700.00,47.15
OFK,2025-12-28 05:11,27.00,24.00,88.27,27.60,1700.00,47.15
OFK,2025-12-28 05:17,27.00,25.00,92.04,19.55,1400.00,47.15
OFK,2025-12-28 05:29,26.00,24.00,92.00,26.45,800.00,47.15
OFK,2025-12-28 05:47,26.00,24.00,92.00,32.20,700.00,47.15
OFK,2025-12-28 05:56,26.00,24.00,92.00,27.60,600.00,47.15
OFK,2025-12-28 06:26,21.00,18.00,87.96,32.20,1200.00,49.45
OFK,2025-12-28 06:35,21.00,18.00,87.96,27.60,1100.00,49.45
OFK,2025-12-28 06:45,21.00,17.00,84.25,34.50,1200.00,49.45
OFK,2025-12-28 06:56,20.00,16.00,84.18,33.35,1500.00,49.45
OFK,2025-12-28 07:21,18.00,15.00,87.80,29.90,1300.00,51.75
OFK,2025-12-28 07:31,18.00,14.00,84.04,33.35,1500.00,51.75
OFK,2025-12-28 07:43,16.00,12.00,83.90,26.45,1500.00,51.75
OFK,2025-12-28 07:56,16.00,11.00,80.26,33.35,1600.00,51.75
OFK,2025-12-28 08:23,15.00,10.00,80.17,29.90,1800.00,48.30
OFK,2025-12-28 08:26,15.00,10.00,80.17,34.50,1800.00,48.30
OFK,2025-12-28 08:36,15.00,9.00,76.66,26.45,1900.00,50.60
OFK,2025-12-28 08:48,14.00,10.00,83.76,31.05,1600.00,50.60
OFK,2025-12-28 08:56,14.00,9.00,80.09,32.20,1700.00,50.60
OFK,2025-12-28 09:18,14.00,8.00,76.56,26.45,1900.00,54.05
OFK,2025-12-28 09:31,13.00,8.00,80.00,32.20,1700.00,54.05
OFK,2025-12-28 09:43,12.00,5.00,72.95,34.50,1900.00,54.05
OFK,2025-12-28 09:52,12.20,5.00,72.31,37.95,1900.00,54.05
OFK,2025-12-28 09:54,10.40,5.00,78.33,39.10,1900.00,54.05
OFK,2025-12-28 09:56,11.00,5.00,76.27,33.35,1900.00,54.05
OFK,2025-12-28 10:10,11.00,5.00,76.27,36.80,2000.00,49.45
OFK,2025-12-28 10:17,12.00,5.00,72.95,37.95,1800.00,50.60
OFK,2025-12-28 10:49,11.00,4.00,72.84,35.65,1800.00,50.60
OFK,2025-12-28 10:56,11.00,4.00,72.84,35.65,1700.00,52.90
OFK,2025-12-28 11:24,11.00,4.00,72.84,27.60,1700.00,54.05
OFK,2025-12-28 11:32,11.00,3.00,69.56,35.65,1900.00,54.05
OFK,2025-12-28 11:43,11.00,2.00,66.41,29.90,2100.00,54.05
OFK,2025-12-28 11:51,10.40,1.40,66.33,37.95,2100.00,54.05
OFK,2025-12-28 11:56,11.00,2.00,66.41,29.90,2100.00,54.05
OFK,2025-12-28 12:07,11.00,2.00,66.41,32.20,2400.00,47.15
OFK,2025-12-28 12:39,11.00,2.00,66.41,31.05,2200.00,49.45
OFK,2025-12-28 12:56,12.00,3.00,66.54,29.90,2200.00,49.45
OFK,2025-12-28 13:47,11.00,1.00,63.38,28.75,2200.00,43.70
OFK,2025-12-28 13:56,11.00,0.00,60.48,28.75,2400.00,43.70
OFK,2025-12-28 14:56,14.00,0.00,52.97,23.00,M,40.25
OFK,2025-12-28 15:56,13.00,-2.00,50.37,26.45,M,42.55
OFK,2025-12-28 16:56,10.00,-3.00,54.88,25.30,M,40.25
OFK,2025-12-28 17:56,9.00,-3.00,57.40,23.00,M,39.10
OFK,2025-12-28 18:56,8.00,-4.00,57.24,24.15,M,37.95
OFK,2025-12-28 19:56,8.00,-4.00,57.24,25.30,4400.00,49.45
OFK,2025-12-28 20:56,8.00,-1.00,66.01,24.15,3200.00,39.10
OFK,2025-12-28 21:10,8.00,-1.00,66.01,24.15,2800.00,41.40
OFK,2025-12-28 21:37,7.00,1.00,75.86,17.25,2600.00,41.40
OFK,2025-12-28 21:56,8.00,2.00,75.97,16.10,2200.00,41.40
OFK,2025-12-28 22:01,7.00,2.00,79.48,17.25,2000.00,M
OFK,2025-12-28 22:07,7.00,1.00,75.86,23.00,2000.00,32.20
OFK,2025-12-28 22:56,7.00,-3.00,62.82,28.75,2900.00,43.70
OFK,2025-12-28 23:49,7.00,0.00,72.39,24.15,2000.00,44.85
OFK,2025-12-28 23:56,7.00,1.00,75.86,31.05,2000.00,44.85
OFK,2025-12-29 00:56,8.00,-1.00,66.01,24.15,2400.00,42.55
OFK,2025-12-29 01:51,6.80,-0.40,71.69,26.45,2200.00,46.00
OFK,2025-12-29 01:56,7.00,-1.00,69.07,21.85,2000.00,46.00
OFK,2025-12-29 02:04,7.00,0.00,72.39,24.15,2000.00,33.35
OFK,2025-12-29 02:56,8.00,0.00,69.19,27.60,2000.00,42.55
OFK,2025-12-29 03:56,8.00,0.00,69.19,25.30,1800.00,43.70
OFK,2025-12-29 04:56,8.00,2.00,75.97,24.15,M,41.40
OFK,2025-12-29 05:56,9.00,3.00,76.07,18.40,1500.00,40.25
OFK,2025-12-29 06:05,9.00,3.00,76.07,17.25,1700.00,M
OFK,2025-12-29 06:56,10.00,4.00,76.17,21.85,1800.00,29.90
OFK,2025-12-29 07:50,8.60,3.20,78.17,17.25,900.00,31.05
OFK,2025-12-29 07:56,9.00,3.00,76.07,20.70,900.00,31.05
OFK,2025-12-29 08:20,7.00,1.00,75.86,20.70,1100.00,32.20
OFK,2025-12-29 08:56,8.00,1.00,72.51,20.70,1100.00,34.50
OFK,2025-12-29 09:56,10.00,1.00,66.27,21.85,M,35.65
OFK,2025-12-29 10:56,12.00,3.00,66.54,18.40,M,33.35
OFK,2025-12-29 11:56,15.00,5.00,63.93,14.95,M,29.90
OFK,2025-12-29 12:56,17.00,7.00,64.21,13.80,M,M
OFK,2025-12-29 13:56,20.00,8.00,59.06,12.65,M,M
OFK,2025-12-29 14:56,21.00,8.00,56.59,12.65,M,M
OFK,2025-12-29 15:56,22.00,9.00,56.75,9.20,M,M
OFK,2025-12-29 16:56,19.00,8.00,61.64,5.75,M,M
OFK,2025-12-29 17:56,18.00,8.00,64.34,0.00,M,M
OFK,2025-12-29 18:56,12.00,6.00,76.36,5.75,M,M
OFK,2025-12-29 19:56,12.00,6.00,76.36,6.90,M,M
OFK,2025-12-29 20:56,10.00,5.00,79.75,0.00,M,M
OFK,2025-12-29 21:56,12.00,7.00,79.92,0.00,M,M
OFK,2025-12-29 22:56,9.00,5.00,83.40,0.00,M,M
OFK,2025-12-29 23:56,8.00,4.00,83.33,0.00,M,M
OFK,2025-12-30 00:56,10.00,6.00,83.47,5.75,M,M
OFK,2025-12-30 01:56,10.00,7.00,87.36,0.00,M,M
OFK,2025-12-30 02:56,11.00,7.00,83.55,0.00,M,M
OFK,2025-12-30 03:56,11.00,7.00,83.55,0.00,M,M
OFK,2025-12-30 04:56,12.00,8.00,83.62,0.00,M,M
OFK,2025-12-30 05:56,14.00,9.00,80.09,0.00,M,M
OFK,2025-12-30 06:56,14.00,10.00,83.76,3.45,M,M
OFK,2025-12-30 07:56,16.00,12.00,83.90,0.00,M,M
OFK,2025-12-30 08:56,22.00,14.00,70.86,0.00,M,M
OFK,2025-12-30 09:56,27.00,16.00,62.75,9.20,M,M
OFK,2025-12-30 10:56,32.00,18.00,55.79,11.50,M,M
OFK,2025-12-30 11:56,38.00,21.00,49.95,10.35,M,M
OFK,2025-12-30 12:56,41.00,23.00,48.36,10.35,M,M
OFK,2025-12-30 13:56,46.00,24.00,41.64,13.80,M,M
OFK,2025-12-30 14:56,47.00,25.00,41.81,13.80,M,M
OFK,2025-12-30 15:56,46.00,26.00,45.26,12.65,M,M
OFK,2025-12-30 16:56,43.00,26.00,50.75,11.50,M,M
OFK,2025-12-30 17:56,37.00,25.00,61.48,8.05,M,M
OFK,2025-12-30 18:56,36.00,26.00,66.67,8.05,M,M
OFK,2025-12-30 19:56,35.00,26.00,69.37,10.35,M,M
OFK,2025-12-30 20:56,33.00,27.00,78.32,9.20,M,M
OFK,2025-12-30 21:56,31.00,26.00,81.46,8.05,M,M
OFK,2025-12-30 22:56,33.00,26.00,75.15,11.50,M,M
OFK,2025-12-30 23:56,30.00,25.00,81.39,10.35,M,M
OFK,2025-12-31 00:56,31.00,26.00,81.46,9.20,M,M
OFK,2025-12-31 01:56,31.00,26.00,81.46,11.50,M,M
OFK,2025-12-31 02:56,28.00,25.00,88.32,8.05,M,M
OFK,2025-12-31 03:56,28.00,24.00,84.71,8.05,M,M
OFK,2025-12-31 04:56,28.00,25.00,88.32,5.75,M,M
OFK,2025-12-31 05:56,27.00,24.00,88.27,4.60,M,M
OFK,2025-12-31 06:56,27.00,24.00,88.27,5.75,M,M
OFK,2025-12-31 07:56,26.00,24.00,92.00,3.45,M,M
OFK,2025-12-31 08:56,28.00,25.00,88.32,0.00,M,M
OFK,2025-12-31 09:56,38.00,30.00,72.62,8.05,M,M
OFK,2025-12-31 10:56,45.00,31.00,57.71,9.20,M,M
OFK,2025-12-31 11:56,49.00,30.00,47.66,10.35,M,M
OFK,2025-12-31 12:56,51.00,30.00,44.24,17.25,M,M
OFK,2025-12-31 13:56,54.00,26.00,33.61,14.95,M,M
OFK,2025-12-31 14:56,54.00,27.00,35.03,13.80,M,M
OFK,2025-12-31 15:56,54.00,28.00,36.51,13.80,M,M
OFK,2025-12-31 16:56,48.00,28.00,45.59,20.70,M,M
OFK,2025-12-31 17:56,41.00,31.00,67.29,18.40,M,33.35
OFK,2025-12-31 18:40,31.00,28.00,88.48,18.40,600.00,34.50
OFK,2025-12-31 18:49,31.00,28.00,88.48,11.50,600.00,34.50
OFK,2025-12-31 18:56,31.00,28.00,88.48,12.65,700.00,34.50
OFK,2025-12-31 19:56,30.00,28.00,92.14,13.80,600.00,M
OFK,2025-12-31 20:56,29.00,26.00,88.37,16.10,700.00,M
OFK,2025-12-31 21:56,29.00,25.00,84.78,10.35,1000.00,M
OFK,2025-12-31 22:56,28.00,25.00,88.32,16.10,900.00,M
OFK,2025-12-31 23:56,26.00,23.00,88.22,8.05,800.00,M
OFK,2026-01-01 00:56,24.00,20.00,84.45,8.05,900.00,M
OFK,2026-01-01 01:07,24.00,20.00,84.45,6.90,1000.00,M
OFK,2026-01-01 01:56,24.00,19.00,80.91,5.75,1100.00,M
OFK,2026-01-01 02:56,23.00,19.00,84.38,3.45,1000.00,M
OFK,2026-01-01 03:56,23.00,18.00,80.83,3.45,1100.00,M
OFK,2026-01-01 04:42,23.00,19.00,84.38,0.00,900.00,M
OFK,2026-01-01 04:56,23.00,19.00,84.38,0.00,900.00,M
OFK,2026-01-01 05:56,23.00,21.00,91.90,5.75,700.00,M
OFK,2026-01-01 06:56,24.00,22.00,91.93,6.90,600.00,M
OFK,2026-01-01 07:38,25.00,24.00,95.91,8.05,400.00,M
OFK,2026-01-01 07:56,25.00,24.00,95.91,9.20,400.00,M
OFK,2026-01-01 08:07,25.00,24.00,95.91,6.90,500.00,M
OFK,2026-01-01 08:56,26.00,25.00,95.93,10.35,500.00,M
OFK,2026-01-01 09:51,26.60,26.60,100.00,11.50,400.00,M
OFK,2026-01-01 09:56,27.00,26.00,95.95,10.35,400.00,M
OFK,2026-01-01 10:06,27.00,26.00,95.95,9.20,500.00,M
OFK,2026-01-01 10:56,28.00,26.00,92.07,12.65,500.00,M
OFK,2026-01-01 11:56,28.00,26.00,92.07,12.65,600.00,M
OFK,2026-01-01 12:56,32.00,27.00,81.54,11.50,900.00,M
OFK,2026-01-01 13:15,33.00,27.00,78.32,13.80,1000.00,M
OFK,2026-01-01 13:49,35.00,27.00,72.30,11.50,1200.00,M
OFK,2026-01-01 13:56,35.00,28.00,75.34,8.05,1200.00,M
OFK,2026-01-01 14:56,39.00,29.00,67.04,5.75,M,M
OFK,2026-01-01 15:56,40.00,29.00,64.48,3.45,M,M
OFK,2026-01-01 16:56,35.00,28.00,75.34,3.45,M,M
OFK,2026-01-01 17:56,31.00,27.00,84.90,12.65,M,M
OFK,2026-01-01 18:56,28.00,25.00,88.32,12.65,M,M
OFK,2026-01-01 19:22,28.00,25.00,88.32,12.65,800.00,M
OFK,2026-01-01 19:40,28.00,25.00,88.32,9.20,900.00,M
OFK,2026-01-01 19:53,28.40,24.80,86.16,10.35,1000.00,M
OFK,2026-01-01 19:56,28.00,25.00,88.32,9.20,1000.00,M
OFK,2026-01-01 20:20,28.00,25.00,88.32,10.35,900.00,M
OFK,2026-01-01 20:56,28.00,25.00,88.32,12.65,900.00,M
OFK,2026-01-01 21:56,26.00,24.00,92.00,9.20,800.00,M
OFK,2026-01-01 22:56,25.00,24.00,95.91,8.05,600.00,M
OFK,2026-01-01 23:56,24.00,22.00,91.93,11.50,500.00,M
OFK,2026-01-02 00:17,24.00,22.00,91.93,5.75,400.00,M
OFK,2026-01-02 00:56,23.00,22.00,95.87,5.75,400.00,M
OFK,2026-01-02 01:52,23.00,21.20,92.68,4.60,500.00,M
OFK,2026-01-02 01:56,23.00,22.00,95.87,4.60,500.00,M
OFK,2026-01-02 02:56,23.00,22.00,95.87,3.45,500.00,M
OFK,2026-01-02 03:07,23.00,22.00,95.87,4.60,400.00,M
OFK,2026-01-02 03:20,23.00,21.00,91.90,0.00,500.00,M
OFK,2026-01-02 03:56,23.00,22.00,95.87,4.60,400.00,M
OFK,2026-01-02 04:18,23.00,21.00,91.90,5.75,500.00,M
OFK,2026-01-02 04:52,23.00,21.20,92.68,9.20,400.00,M
OFK,2026-01-02 04:56,23.00,22.00,95.87,8.05,400.00,M
OFK,2026-01-02 05:35,23.00,21.00,91.90,6.90,400.00,M
OFK,2026-01-02 05:56,22.00,21.00,95.85,8.05,500.00,M
OFK,2026-01-02 06:10,22.00,22.00,100.00,8.05,300.00,M
OFK,2026-01-02 06:23,22.00,22.00,100.00,6.90,300.00,M
OFK,2026-01-02 06:42,22.00,21.00,95.85,8.05,200.00,M
OFK,2026-01-02 06:56,22.00,21.00,95.85,5.75,300.00,M
OFK,2026-01-02 07:08,22.00,21.00,95.85,9.20,300.00,M
OFK,2026-01-02 07:40,22.00,21.00,95.85,10.35,200.00,M
OFK,2026-01-02 07:56,22.00,21.00,95.85,5.75,200.00,M
OFK,2026-01-02 08:05,22.00,21.00,95.85,6.90,200.00,M
OFK,2026-01-02 08:43,22.00,21.00,95.85,6.90,300.00,M
OFK,2026-01-02 08:56,22.00,21.00,95.85,6.90,300.00,M
OFK,2026-01-02 09:08,22.00,21.00,95.85,6.90,300.00,M
OFK,2026-01-02 09:19,22.00,21.00,95.85,6.90,300.00,M
OFK,2026-01-02 09:29,22.00,21.00,95.85,6.90,300.00,M
OFK,2026-01-02 09:43,23.00,22.00,95.87,8.05,200.00,M
OFK,2026-01-02 09:56,23.00,22.00,95.87,8.05,200.00,M
OFK,2026-01-02 10:32,23.00,22.00,95.87,4.60,200.00,M
OFK,2026-01-02 10:56,23.00,22.00,95.87,5.75,400.00,M
OFK,2026-01-02 11:56,23.00,22.00,95.87,6.90,400.00,M
OFK,2026-01-02 12:31,24.00,22.00,91.93,9.20,500.00,M
OFK,2026-01-02 12:56,24.00,22.00,91.93,8.05,500.00,M
OFK,2026-01-02 13:56,24.00,22.00,91.93,6.90,500.00,M
OFK,2026-01-02 14:56,24.00,22.00,91.93,9.20,500.00,M
OFK,2026-01-02 15:52,24.80,23.00,92.74,6.90,400.00,M
OFK,2026-01-02 15:56,25.00,23.00,91.97,6.90,400.00,M
OFK,2026-01-02 16:31,24.00,23.00,95.89,9.20,500.00,M
OFK,2026-01-02 16:56,24.00,23.00,95.89,6.90,500.00,M
OFK,2026-01-02 17:51,24.80,21.20,85.95,4.60,800.00,M
OFK,2026-01-02 17:56,24.00,22.00,91.93,5.75,800.00,M
OFK,2026-01-02 18:03,24.00,22.00,91.93,5.75,800.00,M
OFK,2026-01-02 18:56,24.00,22.00,91.93,3.45,1000.00,M
OFK,2026-01-02 19:26,24.00,21.00,88.12,4.60,1000.00,M
OFK,2026-01-02 19:56,24.00,21.00,88.12,3.45,1100.00,M
OFK,2026-01-02 20:34,24.00,21.00,88.12,5.75,1000.00,M
OFK,2026-01-02 20:56,24.00,21.00,88.12,5.75,4000.00,M
OFK,2026-01-02 21:36,24.00,22.00,91.93,0.00,800.00,M
OFK,2026-01-02 21:53,24.80,21.20,85.95,3.45,900.00,M
OFK,2026-01-02 21:56,24.00,22.00,91.93,3.45,900.00,M
OFK,2026-01-02 22:09,24.00,22.00,91.93,4.60,900.00,M
OFK,2026-01-02 22:56,24.00,21.00,88.12,3.45,3600.00,M
OFK,2026-01-02 23:56,24.00,22.00,91.93,3.45,3000.00,M
OFK,2026-01-03 00:10,24.00,21.00,88.12,3.45,800.00,M
OFK,2026-01-03 00:37,25.00,22.00,88.17,0.00,900.00,M
OFK,2026-01-03 00:56,25.00,22.00,88.17,0.00,900.00,M
OFK,2026-01-03 01:56,25.00,23.00,91.97,3.45,2100.00,M
OFK,2026-01-03 02:56,25.00,23.00,91.97,5.75,1700.00,M
OFK,2026-01-03 03:56,26.00,23.00,88.22,6.90,1800.00,M
OFK,2026-01-03 04:56,26.00,24.00,92.00,0.00,1600.00,M
OFK,2026-01-03 05:04,26.00,24.00,92.00,0.00,1200.00,M
OFK,2026-01-03 05:54,26.60,24.80,92.80,8.05,900.00,M
OFK,2026-01-03 05:56,26.00,24.00,92.00,8.05,900.00,M
OFK,2026-01-03 06:56,27.00,25.00,92.04,5.75,600.00,M
OFK,2026-01-03 07:47,27.00,26.00,95.95,5.75,400.00,M
OFK,2026-01-03 07:56,27.00,26.00,95.95,4.60,400.00,M
OFK,2026-01-03 08:56,27.00,27.00,100.00,6.90,400.00,M
OFK,2026-01-03 09:04,28.00,27.00,95.96,8.05,400.00,M
OFK,2026-01-03 09:56,29.00,28.00,95.98,8.05,400.00,M
OFK,2026-01-03 10:56,31.00,30.00,96.02,8.05,400.00,M
OFK,2026-01-03 11:56,33.00,31.00,92.25,4.60,400.00,M
OFK,2026-01-03 12:15,33.00,31.00,92.25,3.45,500.00,M
OFK,2026-01-03 12:56,34.00,32.00,92.28,0.00,600.00,M
OFK,2026-01-03 13:39,37.00,33.00,85.28,0.00,700.00,M
OFK,2026-01-03 13:56,38.00,33.00,81.99,0.00,M,M
OFK,2026-01-03 14:56,40.00,33.00,75.83,0.00,M,M
OFK,2026-01-03 15:56,41.00,34.00,75.92,3.45,M,M
OFK,2026-01-03 16:56,38.00,33.00,81.99,3.45,M,M
OFK,2026-01-03 17:56,31.00,30.00,96.02,6.90,M,M
OFK,2026-01-03 18:43,29.00,28.00,95.98,5.75,900.00,M
OFK,2026-01-03 18:56,30.00,30.00,100.00,5.75,900.00,M
OFK,2026-01-03 19:03,30.00,30.00,100.00,4.60,900.00,M
OFK,2026-01-03 19:52,32.00,30.20,92.97,6.90,400.00,M
OFK,2026-01-03 19:56,32.00,31.00,96.04,6.90,400.00,M
OFK,2026-01-03 20:17,32.00,32.00,100.00,5.75,300.00,M
OFK,2026-01-03 20:34,32.00,32.00,100.00,6.90,200.00,M
OFK,2026-01-03 20:56,32.00,32.00,100.00,5.75,200.00,M
OFK,2026-01-03 21:14,32.00,32.00,100.00,4.60,200.00,M
OFK,2026-01-03 21:30,32.00,32.00,100.00,8.05,200.00,M
OFK,2026-01-03 21:49,31.00,31.00,100.00,10.35,200.00,M
OFK,2026-01-03 21:56,31.00,31.00,100.00,9.20,200.00,M
OFK,2026-01-03 22:56,31.00,31.00,100.00,9.20,200.00,M
OFK,2026-01-03 23:26,31.00,31.00,100.00,12.65,200.00,M
OFK,2026-01-03 23:56,31.00,31.00,100.00,12.65,200.00,M
OFK,2026-01-04 00:53,30.20,30.20,100.00,9.20,300.00,M
OFK,2026-01-04 00:56,31.00,31.00,100.00,9.20,200.00,M
OFK,2026-01-04 01:56,30.00,30.00,100.00,10.35,200.00,M
OFK,2026-01-04 02:56,30.00,30.00,100.00,13.80,200.00,M
OFK,2026-01-04 03:05,30.00,30.00,100.00,12.65,200.00,M
OFK,2026-01-04 03:18,29.00,29.00,100.00,13.80,200.00,M
OFK,2026-01-04 03:32,29.00,29.00,100.00,11.50,200.00,M
OFK,2026-01-04 03:56,29.00,29.00,100.00,12.65,200.00,M
OFK,2026-01-04 04:07,29.00,29.00,100.00,10.35,200.00,M
OFK,2026-01-04 04:43,28.00,28.00,100.00,12.65,200.00,M
OFK,2026-01-04 04:56,28.00,28.00,100.00,9.20,300.00,M
OFK,2026-01-04 05:11,28.00,28.00,100.00,13.80,300.00,M
OFK,2026-01-04 05:56,28.00,27.00,95.96,10.35,M,M
OFK,2026-01-04 06:56,31.00,29.00,92.18,12.65,M,M
OFK,2026-01-04 07:56,32.00,29.00,88.53,13.80,M,M
OFK,2026-01-04 08:56,33.00,30.00,88.57,17.25,M,M
OFK,2026-01-04 09:56,37.00,33.00,85.28,8.05,M,M
OFK,2026-01-04 10:56,44.00,33.00,64.99,23.00,M,32.20
OFK,2026-01-04 11:56,47.00,35.00,62.83,17.25,M,33.35
OFK,2026-01-04 12:56,50.00,36.00,58.42,14.95,M,29.90
OFK,2026-01-04 13:56,53.00,37.00,54.40,18.40,M,29.90
OFK,2026-01-04 14:56,56.00,37.00,48.77,13.80,M,29.90
OFK,2026-01-04 15:56,56.00,37.00,48.77,13.80,M,M
OFK,2026-01-04 16:56,50.00,37.00,60.78,6.90,M,M
OFK,2026-01-04 17:56,46.00,36.00,67.89,0.00,M,M
OFK,2026-01-04 18:56,42.00,35.00,76.02,4.60,M,M
OFK,2026-01-04 19:56,39.00,34.00,82.07,4.60,M,M
OFK,2026-01-04 20:56,37.00,34.00,88.77,3.45,M,M
OFK,2026-01-04 21:56,38.00,34.00,85.35,3.45,M,M
OFK,2026-01-04 22:56,32.00,32.00,100.00,0.00,M,M
OFK,2026-01-04 23:56,30.00,30.00,100.00,3.45,M,M
OFK,2026-01-05 00:56,34.00,31.00,88.62,0.00,M,M
OFK,2026-01-05 01:56,28.00,28.00,100.00,0.00,M,M
OFK,2026-01-05 02:56,28.00,28.00,100.00,0.00,M,M
OFK,2026-01-05 03:56,26.00,25.00,95.93,0.00,M,M
OFK,2026-01-05 04:56,28.00,28.00,100.00,0.00,M,M
OFK,2026-01-05 05:56,25.00,25.00,100.00,0.00,M,M
OFK,2026-01-05 06:56,26.00,25.00,95.93,0.00,M,M
OFK,2026-01-05 07:56,25.00,25.00,100.00,3.45,M,M
OFK,2026-01-05 08:56,27.00,26.00,95.95,0.00,M,M
OFK,2026-01-05 09:56,37.00,33.00,85.28,0.00,M,M
OFK,2026-01-05 10:56,43.00,36.00,76.11,5.75,M,M
OFK,2026-01-05 11:56,47.00,36.00,65.37,4.60,M,M
OFK,2026-01-05 12:56,48.00,36.00,62.96,0.00,M,M
OFK,2026-01-05 13:56,48.00,37.00,65.50,3.45,M,M
OFK,2026-01-05 14:56,48.00,37.00,65.50,4.60,M,M
OFK,2026-01-05 15:56,48.00,37.00,65.50,0.00,M,M
OFK,2026-01-05 16:56,45.00,37.00,73.36,5.75,M,M
OFK,2026-01-05 17:56,38.00,35.00,88.82,8.05,M,M
OFK,2026-01-05 18:56,35.00,34.00,96.09,6.90,M,M
OFK,2026-01-05 19:56,31.00,31.00,100.00,3.45,M,M
OFK,2026-01-05 20:56,31.00,31.00,100.00,0.00,M,M
OFK,2026-01-05 21:06,30.00,30.00,100.00,0.00,M,M
OFK,2026-01-05 21:14,30.00,30.00,100.00,0.00,300.00,M
OFK,2026-01-05 21:56,30.00,30.00,100.00,0.00,300.00,M
OFK,2026-01-05 22:32,30.00,30.00,100.00,0.00,M,M
OFK,2026-01-05 22:41,30.00,30.00,100.00,3.45,M,M
OFK,2026-01-05 22:49,27.00,27.00,100.00,3.45,M,M
OFK,2026-01-05 22:56,29.00,29.00,100.00,3.45,M,M
OFK,2026-01-05 23:56,33.00,32.00,96.05,6.90,M,M
OFK,2026-01-06 00:56,34.00,31.00,88.62,9.20,M,M
OFK,2026-01-06 01:56,34.00,31.00,88.62,9.20,M,M
OFK,2026-01-06 02:56,33.00,30.00,88.57,8.05,M,M
OFK,2026-01-06 03:56,37.00,31.00,78.67,12.65,M,M
OFK,2026-01-06 04:56,35.00,30.00,81.77,9.20,M,M
OFK,2026-01-06 05:56,31.00,28.00,88.48,9.20,M,M
OFK,2026-01-06 06:56,32.00,28.00,84.97,8.05,M,M
OFK,2026-01-06 07:56,31.00,28.00,88.48,5.75,M,M
OFK,2026-01-06 08:56,35.00,30.00,81.77,6.90,M,M
OFK,2026-01-06 09:56,39.00,32.00,75.73,9.20,M,M
OFK,2026-01-06 10:56,44.00,33.00,64.99,12.65,M,M
OFK,2026-01-06 11:56,49.00,33.00,53.80,9.20,M,M
OFK,2026-01-06 12:56,54.00,31.00,41.26,10.35,M,M
OFK,2026-01-06 13:56,56.00,34.00,43.29,5.75,M,M
OFK,2026-01-06 14:56,57.00,32.00,38.53,4.60,M,M
OFK,2026-01-06 15:56,57.00,30.00,35.53,3.45,M,M
OFK,2026-01-06 16:56,51.00,30.00,44.24,3.45,M,M
OFK,2026-01-06 17:56,44.00,31.00,59.95,4.60,M,M
OFK,2026-01-06 18:56,41.00,30.00,64.61,0.00,M,M
OFK,2026-01-06 19:56,32.00,28.00,84.97,0.00,M,M
OFK,2026-01-06 20:56,35.00,29.00,78.50,4.60,M,M
OFK,2026-01-06 21:56,33.00,28.00,81.62,0.00,M,M
OFK,2026-01-06 22:56,28.00,26.00,92.07,0.00,M,M
OFK,2026-01-06 23:56,29.00,26.00,88.37,0.00,M,M
OFK,2026-01-07 00:56,28.00,26.00,92.07,0.00,M,M
OFK,2026-01-07 01:56,28.00,27.00,95.96,0.00,M,M
OFK,2026-01-07 02:56,31.00,27.00,84.90,6.90,M,M
OFK,2026-01-07 03:56,25.00,24.00,95.91,4.60,M,M
OFK,2026-01-07 04:56,24.00,23.00,95.89,3.45,M,M
OFK,2026-01-07 05:56,27.00,24.00,88.27,4.60,M,M
OFK,2026-01-07 06:56,27.00,22.00,81.15,6.90,M,M
OFK,2026-01-07 07:56,33.00,25.00,72.09,6.90,M,M
OFK,2026-01-07 08:56,37.00,26.00,64.09,10.35,M,M
OFK,2026-01-07 09:56,45.00,28.00,51.06,10.35,M,M
OFK,2026-01-07 10:56,53.00,26.00,34.87,12.65,M,M
OFK,2026-01-07 11:56,58.00,25.00,27.89,14.95,M,M
OFK,2026-01-07 12:56,61.00,25.00,25.06,12.65,M,M
OFK,2026-01-07 13:56,62.00,25.00,24.19,12.65,M,M
OFK,2026-01-07 14:56,62.00,25.00,24.19,13.80,M,M
OFK,2026-01-07 15:56,61.00,24.00,24.04,11.50,M,M
OFK,2026-01-07 16:56,57.00,25.00,28.92,5.75,M,M
OFK,2026-01-07 17:56,47.00,24.00,40.10,8.05,M,M
OFK,2026-01-07 18:56,47.00,23.00,38.45,10.35,M,M
OFK,2026-01-07 19:56,47.00,23.00,38.45,10.35,M,M
OFK,2026-01-07 20:56,48.00,23.00,37.03,11.50,M,M
OFK,2026-01-07 21:56,45.00,23.00,41.48,8.05,M,M
OFK,2026-01-07 22:56,43.00,24.00,46.69,5.75,M,M
OFK,2026-01-07 23:56,40.00,24.00,52.43,0.00,M,M
OFK,2026-01-08 00:56,37.00,24.00,58.96,0.00,M,M
OFK,2026-01-08 01:56,31.00,24.00,74.95,3.45,M,M
OFK,2026-01-08 02:56,30.00,23.00,74.85,0.00,M,M
OFK,2026-01-08 03:56,30.00,25.00,81.39,0.00,M,M
OFK,2026-01-08 04:56,33.00,27.00,78.32,3.45,M,M
OFK,2026-01-08 05:56,32.00,26.00,78.23,0.00,M,M
OFK,2026-01-08 06:56,38.00,26.00,61.62,6.90,M,M
OFK,2026-01-08 07:56,41.00,27.00,57.13,16.10,12000.00,M
OFK,2026-01-08 08:56,39.00,29.00,67.04,8.05,11000.00,M
OFK,2026-01-08 09:56,39.00,30.00,69.84,13.80,11000.00,M
OFK,2026-01-08 10:56,41.00,30.00,64.61,10.35,10000.00,M
OFK,2026-01-08 11:56,40.00,30.00,67.16,9.20,9000.00,M
OFK,2026-01-08 12:56,41.00,31.00,67.29,12.65,6000.00,M
OFK,2026-01-08 13:56,39.00,34.00,82.07,14.95,4100.00,M
OFK,2026-01-08 14:56,38.00,35.00,88.82,14.95,4100.00,M
OFK,2026-01-08 15:56,37.00,32.00,81.92,18.40,4700.00,M
OFK,2026-01-08 16:56,34.00,31.00,88.62,13.80,3700.00,M
OFK,2026-01-08 17:56,34.00,31.00,88.62,18.40,3000.00,M
OFK,2026-01-08 18:15,34.00,31.00,88.62,16.10,2700.00,M
OFK,2026-01-08 18:56,35.00,29.00,78.50,18.40,2800.00,M
OFK,2026-01-08 19:16,35.00,28.00,75.34,17.25,3000.00,M
OFK,2026-01-08 19:56,35.00,27.00,72.30,17.25,3000.00,29.90
OFK,2026-01-08 20:10,35.00,27.00,72.30,19.55,2900.00,M
OFK,2026-01-08 20:41,34.00,26.00,72.20,17.25,2700.00,29.90
OFK,2026-01-08 20:56,34.00,26.00,72.20,20.70,3300.00,29.90
OFK,2026-01-08 21:56,34.00,25.00,69.26,16.10,12000.00,M
OFK,2026-01-08 22:56,33.00,24.00,69.14,14.95,12000.00,M
OFK,2026-01-08 23:56,32.00,22.00,66.17,13.80,M,M
OFK,2026-01-09 00:56,30.00,21.00,68.78,17.25,M,M
OFK,2026-01-09 01:56,28.00,21.00,74.65,12.65,M,M
OFK,2026-01-09 02:56,26.00,20.00,77.69,10.35,M,M
OFK,2026-01-09 03:56,25.00,20.00,80.99,11.50,M,M
OFK,2026-01-09 04:56,24.00,19.00,80.91,9.20,M,M
OFK,2026-01-09 05:56,24.00,19.00,80.91,9.20,M,M
OFK,2026-01-09 06:56,22.00,19.00,88.01,9.20,M,M
OFK,2026-01-09 07:56,21.00,18.00,87.96,6.90,M,M
OFK,2026-01-09 08:56,23.00,19.00,84.38,10.35,M,M
OFK,2026-01-09 09:56,28.00,21.00,74.65,8.05,M,M
OFK,2026-01-09 10:56,30.00,21.00,68.78,9.20,M,M
OFK,2026-01-09 11:56,34.00,22.00,61.06,8.05,M,M
OFK,2026-01-09 12:56,37.00,22.00,54.21,10.35,M,M
OFK,2026-01-09 13:56,38.00,20.00,47.87,9.20,M,M
OFK,2026-01-09 14:56,37.00,21.00,51.96,5.75,11000.00,M
OFK,2026-01-09 15:56,38.00,20.00,47.87,5.75,11000.00,M
OFK,2026-01-09 16:56,35.00,17.00,47.38,6.90,10000.00,M
OFK,2026-01-09 17:56,34.00,19.00,53.74,0.00,10000.00,M
OFK,2026-01-09 18:56,31.00,20.00,63.29,4.60,12000.00,M
OFK,2026-01-09 19:56,32.00,20.00,60.78,4.60,9000.00,M
OFK,2026-01-09 20:56,31.00,20.00,63.29,8.05,10000.00,M
OFK,2026-01-09 21:56,34.00,22.00,61.06,12.65,10000.00,M
OFK,2026-01-09 22:56,31.00,21.00,66.04,13.80,M,M
OFK,2026-01-09 23:56,28.00,19.00,68.54,16.10,M,M
OFK,2026-01-10 00:56,25.00,18.00,74.34,9.20,M,M
OFK,2026-01-10 01:56,23.00,18.00,80.83,8.05,M,M
OFK,2026-01-10 02:56,21.00,16.00,80.67,9.20,M,M
OFK,2026-01-10 03:56,20.00,15.00,80.59,6.90,M,M
OFK,2026-01-10 04:56,20.00,15.00,80.59,6.90,M,M
OFK,2026-01-10 05:56,22.00,13.00,67.81,5.75,7000.00,M
OFK,2026-01-10 06:56,24.00,15.00,68.05,10.35,10000.00,M
OFK,2026-01-10 07:56,27.00,16.00,62.75,11.50,8000.00,M
OFK,2026-01-10 08:56,28.00,18.00,65.66,12.65,7500.00,M
OFK,2026-01-10 09:56,30.00,19.00,63.16,10.35,7000.00,M
OFK,2026-01-10 10:56,33.00,22.00,63.56,18.40,3900.00,M
OFK,2026-01-10 11:34,32.00,23.00,69.02,19.55,1800.00,M
OFK,2026-01-10 11:56,30.00,22.00,71.76,17.25,1800.00,M
OFK,2026-01-10 12:56,30.00,23.00,74.85,18.40,1800.00,M
OFK,2026-01-10 13:56,29.00,21.00,71.65,18.40,1700.00,32.20
OFK,2026-01-10 14:56,28.00,19.00,68.54,19.55,2500.00,29.90
OFK,2026-01-10 15:56,29.00,19.00,65.79,19.55,9500.00,31.05
OFK,2026-01-10 16:56,28.00,16.00,60.22,17.25,9000.00,29.90
OFK,2026-01-10 17:56,25.00,16.00,68.18,11.50,9500.00,M
OFK,2026-01-10 18:56,23.00,16.00,74.13,9.20,M,M
OFK,2026-01-10 19:56,22.00,16.00,77.32,9.20,M,M
OFK,2026-01-10 20:56,21.00,16.00,80.67,9.20,M,M
OFK,2026-01-10 21:56,20.00,16.00,84.18,6.90,M,M
OFK,2026-01-10 22:56,19.00,14.00,80.51,10.35,M,M
OFK,2026-01-10 23:56,18.00,13.00,80.42,11.50,M,M
OFK,2026-01-11 00:56,16.00,13.00,87.69,6.90,M,M
OFK,2026-01-11 01:56,15.00,12.00,87.64,5.75,M,M
OFK,2026-01-11 02:56,16.00,14.00,91.64,8.05,M,M
OFK,2026-01-11 03:56,14.00,12.00,91.56,0.00,M,M
OFK,2026-01-11 04:56,13.00,11.00,91.52,0.00,M,M
OFK,2026-01-11 05:56,13.00,11.00,91.52,4.60,M,M
OFK,2026-01-11 06:56,14.00,12.00,91.56,3.45,M,M
OFK,2026-01-11 07:56,16.00,13.00,87.69,5.75,M,M
OFK,2026-01-11 08:56,18.00,15.00,87.80,3.45,M,M
OFK,2026-01-11 09:56,24.00,17.00,74.24,10.35,M,M
OFK,2026-01-11 10:56,30.00,18.00,60.50,18.40,M,M
OFK,2026-01-11 11:56,35.00,23.00,61.20,16.10,M,M
OFK,2026-01-11 12:56,37.00,25.00,61.48,14.95,M,M
OFK,2026-01-11 13:56,39.00,24.00,54.51,14.95,M,M
OFK,2026-01-11 14:56,42.00,26.00,52.74,13.80,M,M
OFK,2026-01-11 15:56,42.00,26.00,52.74,12.65,M,M
OFK,2026-01-11 16:56,39.00,26.00,59.25,6.90,M,M
OFK,2026-01-11 17:56,35.00,26.00,69.37,9.20,M,M
OFK,2026-01-11 18:56,34.00,26.00,72.20,5.75,M,M
OFK,2026-01-11 19:56,34.00,26.00,72.20,5.75,M,M
OFK,2026-01-11 20:56,34.00,25.00,69.26,8.05,M,M
OFK,2026-01-11 21:56,30.00,24.00,78.06,4.60,M,M
OFK,2026-01-11 22:56,26.00,21.00,81.07,4.60,M,M
OFK,2026-01-11 23:56,23.00,20.00,88.07,5.75,M,M
OFK,2026-01-12 00:56,25.00,22.00,88.17,0.00,M,M
OFK,2026-01-12 01:56,29.00,21.00,71.65,0.00,M,M
OFK,2026-01-12 02:56,30.00,21.00,68.78,3.45,M,M
OFK,2026-01-12 03:56,30.00,23.00,74.85,4.60,M,M
OFK,2026-01-12 04:56,28.00,22.00,77.88,0.00,M,M
OFK,2026-01-12 05:56,30.00,19.00,63.16,0.00,M,M
OFK,2026-01-12 06:56,24.00,18.00,77.51,0.00,M,M
OFK,2026-01-12 07:56,21.00,18.00,87.96,3.45,M,M
OFK,2026-01-12 08:56,29.00,23.00,77.97,0.00,M,M
OFK,2026-01-12 09:56,39.00,26.00,59.25,3.45,M,M
OFK,2026-01-12 10:56,46.00,26.00,45.26,0.00,M,M
OFK,2026-01-12 11:56,54.00,26.00,33.61,0.00,M,M
OFK,2026-01-12 12:56,58.00,19.00,21.65,11.50,M,M
OFK,2026-01-12 13:56,60.00,19.00,20.15,10.35,M,M
OFK,2026-01-12 14:56,62.00,17.00,17.23,10.35,M,M
OFK,2026-01-12 15:56,60.00,17.00,18.49,10.35,M,M
OFK,2026-01-12 16:56,49.00,18.00,28.83,6.90,M,M
OFK,2026-01-12 17:56,44.00,19.00,36.36,9.20,M,M
OFK,2026-01-12 18:56,39.00,21.00,48.03,9.20,M,M
OFK,2026-01-12 19:56,39.00,22.00,50.11,0.00,M,M
OFK,2026-01-12 20:56,40.00,20.00,44.27,0.00,M,M
OFK,2026-01-12 21:56,36.00,22.00,56.39,4.60,M,M
OFK,2026-01-12 22:56,36.00,23.00,58.82,6.90,M,M
OFK,2026-01-12 23:56,37.00,24.00,58.96,8.05,M,M
OFK,2026-01-13 00:56,36.00,26.00,66.67,5.75,M,M
OFK,2026-01-13 01:56,47.00,26.00,43.58,11.50,M,M
OFK,2026-01-13 02:56,46.00,26.00,45.26,11.50,M,M
OFK,2026-01-13 03:56,47.00,27.00,45.43,13.80,M,M
OFK,2026-01-13 04:56,44.00,27.00,50.90,12.65,M,M
OFK,2026-01-13 05:56,45.00,28.00,51.06,11.50,M,M
OFK,2026-01-13 06:56,46.00,29.00,51.22,13.80,M,M
OFK,2026-01-13 07:56,46.00,29.00,51.22,14.95,M,M
OFK,2026-01-13 08:56,47.00,30.00,51.37,12.65,11000.00,M
OFK,2026-01-13 09:56,49.00,31.00,49.63,13.80,12000.00,M
OFK,2026-01-13 10:56,51.00,31.00,46.07,12.65,11000.00,M
OFK,2026-01-13 11:56,54.00,30.00,39.62,17.25,7000.00,M
OFK,2026-01-13 12:56,56.00,30.00,36.84,23.00,7000.00,44.85
OFK,2026-01-13 13:56,53.00,34.00,48.29,18.40,10000.00,34.50
OFK,2026-01-13 14:56,52.00,35.00,52.14,21.85,10000.00,34.50
OFK,2026-01-13 15:56,51.00,36.00,56.30,12.65,6500.00,33.35
OFK,2026-01-13 16:56,48.00,38.00,68.12,18.40,7500.00,34.50
OFK,2026-01-13 17:56,45.00,39.00,79.35,14.95,10000.00,M
OFK,2026-01-13 18:56,45.00,38.00,76.30,17.25,10000.00,M
OFK,2026-01-13 19:56,42.00,37.00,82.29,13.80,M,M
OFK,2026-01-13 20:56,43.00,38.00,82.36,18.40,M,M
OFK,2026-01-13 21:56,41.00,37.00,85.53,10.35,4500.00,M
OFK,2026-01-13 22:56,42.00,35.00,76.02,17.25,M,M
OFK,2026-01-13 23:56,41.00,34.00,75.92,14.95,3700.00,29.90
OFK,2026-01-14 00:32,41.00,33.00,72.94,12.65,2600.00,M
OFK,2026-01-14 00:56,40.00,33.00,75.83,14.95,2400.00,M
OFK,2026-01-14 01:56,39.00,32.00,75.73,19.55,2400.00,33.35
OFK,2026-01-14 02:43,38.00,31.00,75.64,20.70,2300.00,29.90
OFK,2026-01-14 02:56,38.00,31.00,75.64,13.80,2000.00,29.90
OFK,2026-01-14 03:13,38.00,31.00,75.64,14.95,2100.00,M
OFK,2026-01-14 03:56,38.00,29.00,69.72,21.85,2700.00,33.35
OFK,2026-01-14 04:56,37.00,29.00,72.52,20.70,2800.00,39.10
OFK,2026-01-14 05:19,35.00,25.00,66.55,28.75,2600.00,40.25
OFK,2026-01-14 05:56,33.00,21.00,60.92,20.70,3900.00,40.25
OFK,2026-01-14 07:56,26.00,17.00,68.30,13.80,M,34.50
OFK,2026-01-14 08:56,24.00,14.00,65.14,16.10,M,29.90
OFK,2026-01-14 09:56,25.00,12.00,57.20,21.85,M,29.90
OFK,2026-01-14 10:56,26.00,8.00,45.88,16.10,M,29.90
OFK,2026-01-14 11:56,29.00,5.00,35.38,16.10,M,29.90
OFK,2026-01-14 12:56,29.00,7.00,38.75,20.70,M,31.05
OFK,2026-01-14 13:56,30.00,5.00,33.96,17.25,M,M
OFK,2026-01-14 14:56,30.00,4.00,32.44,18.40,M,M
OFK,2026-01-14 15:56,29.00,5.00,35.38,14.95,M,M
OFK,2026-01-14 16:56,27.00,4.00,36.68,11.50,M,M
OFK,2026-01-14 17:56,23.00,5.00,45.37,6.90,M,M
OFK,2026-01-14 18:56,20.00,6.00,53.93,5.75,M,M
OFK,2026-01-14 19:56,20.00,6.00,53.93,3.45,M,M
OFK,2026-01-14 20:56,11.00,4.00,72.84,3.45,M,M
OFK,2026-01-14 21:56,11.00,5.00,76.27,4.60,M,M
OFK,2026-01-14 22:56,11.00,5.00,76.27,0.00,M,M
OFK,2026-01-14 23:56,11.00,5.00,76.27,3.45,M,M
OFK,2026-01-15 00:56,13.00,9.00,83.69,3.45,M,M
OFK,2026-01-15 01:56,18.00,10.00,70.39,0.00,M,M
OFK,2026-01-15 02:56,20.00,10.00,64.61,9.20,12000.00,M
OFK,2026-01-15 03:56,20.00,10.00,64.61,10.35,11000.00,M
OFK,2026-01-15 04:56,21.00,11.00,64.74,8.05,9000.00,M
OFK,2026-01-15 05:56,21.00,12.00,67.68,10.35,M,M
OFK,2026-01-15 06:56,23.00,14.00,67.93,9.20,M,M
OFK,2026-01-15 07:56,24.00,15.00,68.05,9.20,M,M
OFK,2026-01-15 08:56,26.00,18.00,71.31,10.35,M,M
OFK,2026-01-15 09:56,30.00,21.00,68.78,13.80,M,M
OFK,2026-01-15 10:56,34.00,24.00,66.42,14.95,9000.00,M
OFK,2026-01-15 11:56,38.00,26.00,61.62,12.65,M,M
OFK,2026-01-15 12:56,44.00,27.00,50.90,11.50,M,M
OFK,2026-01-15 13:56,51.00,30.00,44.24,19.55,M,M
OFK,2026-01-15 14:56,51.00,30.00,44.24,19.55,M,31.05
OFK,2026-01-15 15:56,49.00,28.00,43.91,19.55,M,36.80
OFK,2026-01-15 16:56,47.00,27.00,45.43,14.95,M,M
OFK,2026-01-15 17:56,42.00,26.00,52.74,6.90,10000.00,M
OFK,2026-01-15 18:56,43.00,26.00,50.75,8.05,11000.00,M
OFK,2026-01-15 19:56,43.00,26.00,50.75,17.25,M,M
OFK,2026-01-15 20:56,44.00,26.00,48.84,17.25,7500.00,32.20
OFK,2026-01-15 21:56,43.00,26.00,50.75,32.20,5000.00,43.70
OFK,2026-01-15 22:56,40.00,28.00,61.89,29.90,3700.00,47.15
OFK,2026-01-15 23:56,38.00,24.00,56.69,26.45,4300.00,47.15
OFK,2026-01-16 00:56,36.00,23.00,58.82,18.40,4300.00,34.50
OFK,2026-01-16 01:56,37.00,22.00,54.21,21.85,4400.00,35.65
OFK,2026-01-16 02:56,35.00,24.00,63.82,14.95,4000.00,39.10
OFK,2026-01-16 03:56,35.00,22.00,58.67,17.25,4400.00,31.05
OFK,2026-01-16 04:56,36.00,21.00,54.05,18.40,4900.00,35.65
OFK,2026-01-16 05:56,36.00,22.00,56.39,21.85,4900.00,34.50
OFK,2026-01-16 06:56,34.00,24.00,66.42,23.00,4100.00,39.10
OFK,2026-01-16 07:46,32.00,26.00,78.23,32.20,2200.00,48.30
OFK,2026-01-16 07:54,30.20,26.60,86.27,21.85,2000.00,51.75
OFK,2026-01-16 07:56,30.00,27.00,88.43,24.15,2300.00,51.75
OFK,2026-01-16 07:59,31.00,26.00,81.46,19.55,2500.00,M
OFK,2026-01-16 08:06,31.00,26.00,81.46,19.55,2700.00,35.65
OFK,2026-01-16 08:16,31.00,26.00,81.46,19.55,2900.00,35.65
OFK,2026-01-16 08:56,31.00,26.00,81.46,13.80,3100.00,35.65
OFK,2026-01-16 09:08,31.00,26.00,81.46,21.85,2900.00,32.20
OFK,2026-01-16 09:22,30.00,26.00,84.84,17.25,3000.00,32.20
OFK,2026-01-16 09:27,31.00,26.00,81.46,14.95,2700.00,32.20
OFK,2026-01-16 09:56,32.00,21.00,63.43,26.45,3900.00,39.10
OFK,2026-01-16 10:38,31.00,21.00,66.04,33.35,2600.00,47.15
OFK,2026-01-16 10:47,29.00,25.00,84.78,27.60,2300.00,47.15
OFK,2026-01-16 10:50,28.40,24.80,86.16,32.20,1300.00,47.15
OFK,2026-01-16 10:56,28.00,24.00,84.71,33.35,1300.00,47.15
OFK,2026-01-16 11:01,28.00,23.00,81.23,29.90,1400.00,41.40
OFK,2026-01-16 11:09,28.00,21.00,74.65,28.75,1900.00,47.15
OFK,2026-01-16 11:25,28.00,18.00,65.66,31.05,2000.00,47.15
OFK,2026-01-16 11:37,27.00,18.00,68.42,31.05,2100.00,47.15
OFK,2026-01-16 11:48,27.00,18.00,68.42,32.20,2800.00,49.45
OFK,2026-01-16 11:56,27.00,19.00,71.42,26.45,2800.00,49.45
OFK,2026-01-16 12:56,24.00,16.00,71.08,31.05,2300.00,50.60
OFK,2026-01-16 13:16,23.00,14.00,67.93,32.20,3100.00,44.85
OFK,2026-01-16 13:25,23.00,15.00,70.97,25.30,2600.00,44.85
OFK,2026-01-16 13:47,24.00,12.00,59.64,33.35,2400.00,47.15
OFK,2026-01-16 13:56,22.00,11.00,62.06,24.15,2900.00,47.15
OFK,2026-01-16 14:56,21.00,11.00,64.74,28.75,2800.00,40.25
OFK,2026-01-16 15:15,21.00,10.00,61.92,26.45,2600.00,37.95
OFK,2026-01-16 15:45,20.00,11.00,67.56,23.00,2900.00,39.10
OFK,2026-01-16 15:56,20.00,12.00,70.63,16.10,1800.00,39.10
OFK,2026-01-16 16:32,18.00,10.00,70.39,21.85,2300.00,35.65
OFK,2026-01-16 16:56,17.00,9.00,70.27,21.85,4400.00,35.65
OFK,2026-01-16 17:56,16.00,9.00,73.39,14.95,5500.00,M
OFK,2026-01-16 18:21,16.00,10.00,76.75,21.85,2700.00,M
OFK,2026-01-16 18:32,15.00,11.00,83.83,13.80,1900.00,M
OFK,2026-01-16 18:56,15.00,10.00,80.17,19.55,2100.00,31.05
OFK,2026-01-16 19:03,15.00,10.00,80.17,19.55,2300.00,32.20
OFK,2026-01-16 19:19,15.00,8.00,73.28,27.60,3100.00,39.10
OFK,2026-01-16 19:25,15.00,9.00,76.66,24.15,1900.00,39.10
OFK,2026-01-16 19:29,14.00,10.00,83.76,25.30,2100.00,39.10
OFK,2026-01-16 19:44,13.00,7.00,76.46,21.85,1600.00,39.10
OFK,2026-01-16 19:52,12.20,6.80,78.50,18.40,1600.00,39.10
OFK,2026-01-16 19:56,12.00,6.00,76.36,17.25,1400.00,39.10
OFK,2026-01-16 20:04,12.00,6.00,76.36,21.85,1600.00,M
OFK,2026-01-16 20:22,11.00,6.00,79.83,20.70,2100.00,33.35
OFK,2026-01-16 20:31,12.00,6.00,76.36,21.85,2100.00,33.35
OFK,2026-01-16 20:56,11.00,4.00,72.84,29.90,3100.00,44.85
OFK,2026-01-16 21:56,10.00,1.00,66.27,24.15,3200.00,43.70
OFK,2026-01-16 22:56,9.00,0.00,66.14,21.85,8000.00,40.25
OFK,2026-01-16 23:56,9.00,0.00,66.14,19.55,M,37.95
OFK,2026-01-17 00:56,9.00,0.00,66.14,14.95,M,34.50
OFK,2026-01-17 01:56,8.00,0.00,69.19,12.65,2900.00,M
OFK,2026-01-17 02:19,8.00,-1.00,66.01,21.85,2900.00,29.90
OFK,2026-01-17 02:56,7.00,-2.00,65.88,23.00,2800.00,34.50
OFK,2026-01-17 03:56,6.00,-2.00,68.94,18.40,3500.00,M
OFK,2026-01-17 04:21,6.00,-1.00,72.28,24.15,2600.00,33.35
OFK,2026-01-17 04:54,3.20,-5.80,65.37,24.15,2300.00,42.55
OFK,2026-01-17 04:56,4.00,-6.00,62.39,19.55,2300.00,42.55
OFK,2026-01-17 05:56,3.00,-6.00,65.34,23.00,2500.00,35.65
OFK,2026-01-17 06:27,3.00,-4.00,71.94,23.00,2300.00,34.50
OFK,2026-01-17 06:56,3.00,-5.00,68.57,23.00,2100.00,39.10
OFK,2026-01-17 07:07,3.00,-3.00,75.46,17.25,1900.00,M
OFK,2026-01-17 07:24,2.00,-4.00,75.35,21.85,1600.00,33.35
OFK,2026-01-17 07:56,2.00,-5.00,71.82,24.15,2000.00,37.95
OFK,2026-01-17 08:33,1.00,-7.00,68.31,24.15,2400.00,43.70
OFK,2026-01-17 08:41,1.00,-7.00,68.31,23.00,2400.00,43.70
OFK,2026-01-17 08:56,1.00,-8.00,65.07,27.60,2500.00,44.85
OFK,2026-01-17 09:56,1.00,-7.00,68.31,25.30,2300.00,42.55
OFK,2026-01-17 10:56,3.00,-6.00,65.34,27.60,2200.00,39.10
OFK,2026-01-17 11:56,3.00,-5.00,68.57,24.15,2100.00,37.95
OFK,2026-01-17 12:53,5.00,-5.80,60.17,26.45,2200.00,40.25
OFK,2026-01-17 12:56,5.00,-5.00,62.54,23.00,2200.00,40.25
OFK,2026-01-17 13:06,5.00,-5.00,62.54,25.30,2500.00,36.80
OFK,2026-01-17 13:31,6.00,-4.00,62.68,20.70,2300.00,36.80
OFK,2026-01-17 13:56,6.00,-5.00,59.74,21.85,2300.00,36.80
OFK,2026-01-17 14:06,7.00,-4.00,59.89,20.70,2100.00,29.90
OFK,2026-01-17 14:29,8.00,-3.00,60.04,19.55,2100.00,33.35
OFK,2026-01-17 14:56,7.00,-3.00,62.82,20.70,2300.00,33.35
OFK,2026-01-17 15:21,8.00,-3.00,60.04,18.40,2400.00,29.90
OFK,2026-01-17 15:32,8.00,-3.00,60.04,16.10,2300.00,29.90
OFK,2026-01-17 15:56,8.00,-3.00,60.04,19.55,2700.00,29.90
OFK,2026-01-17 16:56,6.00,-5.00,59.74,16.10,M,M
OFK,2026-01-17 17:56,4.00,-5.00,65.48,12.65,M,M
OFK,2026-01-17 18:56,3.00,-6.00,65.34,12.65,M,M
OFK,2026-01-17 19:56,2.00,-6.00,68.44,5.75,M,M
OFK,2026-01-17 20:56,0.00,-6.00,75.14,3.45,M,M
OFK,2026-01-17 21:56,3.00,-4.00,71.94,4.60,M,M
OFK,2026-01-17 22:56,6.00,-2.00,68.94,9.20,11000.00,M
OFK,2026-01-17 23:56,8.00,-1.00,66.01,11.50,M,M
OFK,2026-01-18 00:56,10.00,1.00,66.27,14.95,9500.00,M
OFK,2026-01-18 01:56,12.00,2.00,63.52,16.10,8000.00,M
OFK,2026-01-18 02:56,13.00,4.00,66.67,12.65,6000.00,M
OFK,2026-01-18 03:56,15.00,5.00,63.93,8.05,9000.00,M
OFK,2026-01-18 04:56,16.00,6.00,64.07,8.05,7500.00,M
OFK,2026-01-18 05:56,17.00,7.00,64.21,6.90,5500.00,M
OFK,2026-01-18 06:56,19.00,8.00,61.64,5.75,4400.00,M
OFK,2026-01-18 07:56,27.00,13.00,55.03,21.85,3800.00,29.90
OFK,2026-01-18 08:35,28.00,17.00,62.89,21.85,2900.00,33.35
OFK,2026-01-18 08:56,29.00,18.00,63.02,18.40,2900.00,33.35
OFK,2026-01-18 09:56,29.00,20.00,68.66,14.95,2700.00,M
OFK,2026-01-18 10:56,30.00,21.00,68.78,12.65,2800.00,M
OFK,2026-01-18 11:33,33.00,23.00,66.30,16.10,2500.00,M
OFK,2026-01-18 11:43,34.00,24.00,66.42,19.55,2700.00,M
OFK,2026-01-18 11:52,35.60,24.80,64.44,25.30,2700.00,32.20
OFK,2026-01-18 11:56,34.00,24.00,66.42,26.45,2700.00,35.65
OFK,2026-01-18 12:03,35.00,24.00,63.82,23.00,2700.00,33.35
OFK,2026-01-18 12:11,35.00,23.00,61.20,24.15,2700.00,43.70
OFK,2026-01-18 12:56,34.00,24.00,66.42,21.85,2800.00,43.70
OFK,2026-01-18 13:56,34.00,24.00,66.42,17.25,3000.00,33.35
OFK,2026-01-18 14:56,35.00,23.00,61.20,17.25,2800.00,31.05
OFK,2026-01-18 15:56,32.00,23.00,69.02,21.85,3000.00,35.65
OFK,2026-01-18 16:34,30.00,23.00,74.85,25.30,2300.00,43.70
OFK,2026-01-18 16:56,29.00,19.00,65.79,23.00,2800.00,43.70
OFK,2026-01-18 17:07,28.00,17.00,62.89,32.20,3000.00,42.55
OFK,2026-01-18 17:56,23.00,13.00,65.01,24.15,3400.00,42.55
OFK,2026-01-18 18:56,18.00,8.00,64.34,24.15,3200.00,40.25
OFK,2026-01-18 19:56,17.00,8.00,67.18,16.10,3600.00,34.50
OFK,2026-01-18 20:56,16.00,6.00,64.07,24.15,M,33.35
OFK,2026-01-18 21:56,15.00,6.00,66.92,21.85,2900.00,41.40
OFK,2026-01-18 22:27,13.00,6.00,73.06,26.45,2000.00,33.35
OFK,2026-01-18 22:56,11.00,1.00,63.38,24.15,1500.00,39.10
OFK,2026-01-18 23:56,8.00,0.00,69.19,19.55,2700.00,35.65
OFK,2026-01-19 00:51,6.80,-0.40,71.69,16.10,1700.00,M
OFK,2026-01-19 00:56,7.00,1.00,75.86,16.10,1700.00,M
OFK,2026-01-19 01:31,6.00,0.00,75.76,13.80,2200.00,M
OFK,2026-01-19 01:56,6.00,-2.00,68.94,23.00,1400.00,32.20
OFK,2026-01-19 02:56,4.00,-3.00,72.05,14.95,M,37.95
OFK,2026-01-19 03:56,2.00,-5.00,71.82,19.55,M,29.90
OFK,2026-01-19 04:56,1.00,-7.00,68.31,14.95,M,M
OFK,2026-01-19 05:56,0.00,-6.00,75.14,10.35,M,M
OFK,2026-01-19 06:56,-1.00,-7.00,75.04,13.80,M,M
OFK,2026-01-19 07:56,-2.00,-7.00,78.67,8.05,M,M
OFK,2026-01-19 08:56,1.00,-6.00,71.71,9.20,M,M
OFK,2026-01-19 09:56,4.00,-6.00,62.39,9.20,M,M
OFK,2026-01-19 10:56,7.00,-4.00,59.89,11.50,M,M
OFK,2026-01-19 11:56,10.00,-4.00,52.32,9.20,M,M
OFK,2026-01-19 12:56,14.00,-6.00,39.81,12.65,M,M
OFK,2026-01-19 13:23,15.00,-6.00,38.10,14.95,M,M
OFK,2026-01-19 13:32,15.00,-6.00,38.10,12.65,M,M
OFK,2026-01-19 13:56,17.00,-6.00,34.93,11.50,M,M
OFK,2026-01-19 14:56,19.00,-3.00,37.01,18.40,M,M
OFK,2026-01-19 15:56,18.00,2.00,48.88,18.40,3800.00,34.50
OFK,2026-01-19 16:56,18.00,4.00,53.61,8.05,4600.00,29.90
OFK,2026-01-19 17:56,15.00,4.00,61.06,4.60,7000.00,M
OFK,2026-01-19 18:56,17.00,6.00,61.35,0.00,5500.00,M
OFK,2026-01-19 19:56,17.00,6.00,61.35,5.75,5500.00,M
OFK,2026-01-19 20:56,17.00,5.00,58.61,5.75,5500.00,M
OFK,2026-01-19 21:56,15.00,6.00,66.92,0.00,5500.00,M
OFK,2026-01-19 22:56,13.00,7.00,76.46,0.00,4300.00,M
OFK,2026-01-19 23:56,7.00,4.00,87.19,3.45,M,M
OFK,2026-01-20 00:56,4.00,2.00,91.16,0.00,M,M
OFK,2026-01-20 01:56,7.00,3.00,83.26,3.45,M,M
OFK,2026-01-20 02:56,7.00,3.00,83.26,3.45,M,M
OFK,2026-01-20 03:56,7.00,2.00,79.48,0.00,M,M
OFK,2026-01-20 04:56,6.00,2.00,83.18,0.00,M,M
OFK,2026-01-20 05:56,6.00,3.00,87.13,3.45,M,M
OFK,2026-01-20 06:56,5.00,2.00,87.07,3.45,M,M
OFK,2026-01-20 07:56,6.00,2.00,83.18,0.00,M,M
OFK,2026-01-20 08:56,10.00,7.00,87.36,4.60,M,M
OFK,2026-01-20 09:56,15.00,9.00,76.66,10.35,10000.00,M
OFK,2026-01-20 10:56,21.00,10.00,61.92,13.80,8000.00,M
OFK,2026-01-20 11:56,25.00,10.00,52.33,16.10,M,M
OFK,2026-01-20 12:56,28.00,10.00,46.22,12.65,M,M
OFK,2026-01-20 13:56,30.00,10.00,42.59,13.80,10000.00,M
OFK,2026-01-20 14:56,33.00,11.00,39.44,16.10,10000.00,M
OFK,2026-01-20 15:56,33.00,12.00,41.23,12.65,9500.00,M
OFK,2026-01-20 16:56,32.00,12.00,42.93,6.90,10000.00,M
OFK,2026-01-20 17:56,30.00,13.00,48.66,5.75,11000.00,M
OFK,2026-01-20 18:56,27.00,12.00,52.65,4.60,10000.00,M
OFK,2026-01-20 19:56,24.00,13.00,62.34,4.60,4200.00,M
OFK,2026-01-20 20:56,32.00,21.00,63.43,13.80,4100.00,M
OFK,2026-01-20 21:56,30.00,22.00,71.76,20.70,2200.00,31.05
OFK,2026-01-20 22:16,29.00,23.00,77.97,17.25,2200.00,M
OFK,2026-01-20 22:56,28.00,22.00,77.88,17.25,1900.00,31.05
OFK,2026-01-20 23:56,25.00,20.00,80.99,12.65,2700.00,M
OFK,2026-01-21 00:56,23.00,19.00,84.38,12.65,1500.00,M
OFK,2026-01-21 01:56,24.00,18.00,77.51,13.80,M,M
OFK,2026-01-21 02:56,23.00,16.00,74.13,11.50,M,M
OFK,2026-01-21 03:56,20.00,14.00,77.14,11.50,M,M
OFK,2026-01-21 04:56,19.00,14.00,80.51,8.05,4700.00,M
OFK,2026-01-21 05:56,16.00,12.00,83.90,10.35,M,M
OFK,2026-01-21 06:56,19.00,14.00,80.51,11.50,5500.00,M
OFK,2026-01-21 07:56,19.00,13.00,77.04,12.65,M,M
OFK,2026-01-21 08:56,23.00,14.00,67.93,14.95,M,M
OFK,2026-01-21 09:56,29.00,17.00,60.36,16.10,M,M
OFK,2026-01-21 10:56,37.00,17.00,43.77,28.75,M,39.10
OFK,2026-01-21 11:43,40.00,12.00,31.27,33.35,700.00,62.10
OFK,2026-01-21 11:56,41.00,12.00,30.08,32.20,1000.00,62.10
OFK,2026-01-21 12:26,41.00,12.00,30.08,33.35,2000.00,59.80
OFK,2026-01-21 12:38,39.00,14.00,35.51,32.20,2200.00,59.80
OFK,2026-01-21 12:56,38.00,5.00,24.66,40.25,2200.00,62.10
OFK,2026-01-21 13:41,34.00,9.00,34.65,36.80,3200.00,62.10
OFK,2026-01-21 13:56,35.00,11.00,36.41,35.65,4200.00,62.10
OFK,2026-01-21 14:56,33.00,7.00,32.95,32.20,5500.00,55.20
OFK,2026-01-21 15:56,32.00,1.00,26.03,27.60,M,48.30
OFK,2026-01-21 16:56,29.00,4.00,33.79,17.25,M,42.55
OFK,2026-01-21 17:56,25.00,6.00,43.68,6.90,M,M
OFK,2026-01-21 18:56,23.00,5.00,45.37,6.90,M,M
OFK,2026-01-21 19:56,22.00,7.00,51.85,9.20,M,M
OFK,2026-01-21 20:56,16.00,8.00,70.16,9.20,M,M
OFK,2026-01-21 21:56,16.00,7.00,67.05,6.90,M,M
OFK,2026-01-21 22:56,12.00,6.00,76.36,5.75,M,M
OFK,2026-01-21 23:56,12.00,6.00,76.36,5.75,M,M
OFK,2026-01-22 00:56,11.00,6.00,79.83,9.20,M,M
OFK,2026-01-22 01:56,8.00,4.00,83.33,9.20,M,M
OFK,2026-01-22 02:56,7.00,2.00,79.48,4.60,M,M
OFK,2026-01-22 03:56,6.00,2.00,83.18,5.75,M,M
OFK,2026-01-22 04:56,7.00,2.00,79.48,0.00,M,M
OFK,2026-01-22 05:56,6.00,2.00,83.18,5.75,11000.00,M
OFK,2026-01-22 06:56,11.00,6.00,79.83,3.45,7500.00,M
OFK,2026-01-22 07:56,13.00,8.00,80.00,3.45,9000.00,M
OFK,2026-01-22 08:56,15.00,9.00,76.66,4.60,10000.00,M
OFK,2026-01-22 09:56,19.00,10.00,67.43,6.90,M,M
OFK,2026-01-22 10:56,23.00,7.00,49.71,10.35,11000.00,M
OFK,2026-01-22 11:56,24.00,6.00,45.54,14.95,M,M
OFK,2026-01-22 12:56,25.00,7.00,45.71,20.70,M,29.90
OFK,2026-01-22 13:56,25.00,5.00,41.73,17.25,M,32.20
OFK,2026-01-22 14:56,24.00,3.00,39.68,19.55,M,M
OFK,2026-01-22 15:56,22.00,1.00,39.33,17.25,4600.00,29.90
OFK,2026-01-22 16:56,19.00,1.00,44.69,18.40,M,M
OFK,2026-01-22 17:56,16.00,0.00,48.54,11.50,M,M
OFK,2026-01-22 18:56,13.00,-1.00,52.81,12.65,M,M
OFK,2026-01-22 19:56,10.00,-3.00,54.88,12.65,M,M
OFK,2026-01-22 20:56,6.00,-5.00,59.74,17.25,M,M
OFK,2026-01-22 21:56,2.00,-11.00,53.59,17.25,M,M
OFK,2026-01-22 22:56,1.00,-14.00,48.33,19.55,7500.00,M
OFK,2026-01-22 23:56,-2.00,-12.00,61.52,17.25,7000.00,M
OFK,2026-01-23 00:56,-3.00,-15.00,55.50,18.40,7000.00,M
OFK,2026-01-23 01:56,-4.00,-16.00,55.34,19.55,7500.00,M
OFK,2026-01-23 02:56,-6.00,-17.00,57.90,14.95,11000.00,M
OFK,2026-01-23 03:56,-8.00,-20.00,54.68,17.25,M,29.90
OFK,2026-01-23 04:56,-9.00,-21.00,54.52,16.10,M,M
OFK,2026-01-23 05:56,-9.00,-21.00,54.52,16.10,10000.00,M
OFK,2026-01-23 06:56,-10.00,-21.00,57.27,12.65,11000.00,M
OFK,2026-01-23 07:56,-10.00,-25.00,46.40,14.95,9000.00,M
OFK,2026-01-23 08:56,-10.00,-23.00,51.57,14.95,9000.00,M
OFK,2026-01-23 09:56,-9.00,-26.00,41.88,12.65,10000.00,M
OFK,2026-01-23 10:56,-7.00,-24.00,42.24,11.50,M,M
OFK,2026-01-23 11:56,-5.00,-24.00,38.35,10.35,9500.00,M
OFK,2026-01-23 12:56,-4.00,-24.00,36.55,9.20,M,M
OFK,2026-01-23 13:56,-1.00,-23.00,33.41,9.20,10000.00,M
OFK,2026-01-23 14:56,-1.00,-24.00,31.70,9.20,9000.00,M
OFK,2026-01-23 15:56,-2.00,-24.00,33.23,4.60,10000.00,M
OFK,2026-01-23 16:56,-1.00,-23.00,33.41,3.45,9000.00,M
OFK,2026-01-23 17:56,-2.00,-22.00,36.92,8.05,9500.00,M
OFK,2026-01-23 18:56,-2.00,-22.00,36.92,6.90,10000.00,M
OFK,2026-01-23 19:56,-2.00,-22.00,36.92,5.75,8000.00,M
OFK,2026-01-23 20:56,-2.00,-21.00,38.90,6.90,7000.00,M
OFK,2026-01-23 21:56,-2.00,-21.00,38.90,5.75,6000.00,M
OFK,2026-01-23 22:56,-2.00,-20.00,40.97,4.60,6000.00,M
OFK,2026-01-23 23:56,-2.00,-18.00,45.43,3.45,5500.00,M
OFK,2026-01-24 00:56,-2.00,-15.00,52.92,3.45,5500.00,M
OFK,2026-01-24 01:56,-3.00,-14.00,58.37,3.45,M,M
OFK,2026-01-24 02:56,-3.00,-13.00,61.37,0.00,5000.00,M
OFK,2026-01-24 03:56,-3.00,-12.00,64.51,3.45,5000.00,M
OFK,2026-01-24 04:56,-3.00,-11.00,67.80,5.75,5000.00,M
OFK,2026-01-24 05:29,-3.00,-10.00,71.23,5.75,2500.00,M
OFK,2026-01-24 05:49,-4.00,-11.00,71.11,4.60,1700.00,M
OFK,2026-01-24 05:56,-4.00,-11.00,71.11,4.60,1500.00,M
OFK,2026-01-24 06:56,-4.00,-10.00,74.72,4.60,M,M
OFK,2026-01-24 07:56,-4.00,-9.00,78.48,4.60,M,M
OFK,2026-01-24 08:56,-2.00,-9.00,71.35,9.20,M,M
OFK,2026-01-24 09:56,-1.00,-9.00,68.06,8.05,M,M
OFK,2026-01-24 10:56,2.00,-7.00,65.20,8.05,M,M
OFK,2026-01-24 11:56,3.00,-7.00,62.25,5.75,M,M
OFK,2026-01-24 12:56,4.00,-6.00,62.39,6.90,M,M
OFK,2026-01-24 13:56,6.00,-5.00,59.74,6.90,M,M
OFK,2026-01-24 14:56,6.00,-4.00,62.68,5.75,M,M
OFK,2026-01-24 15:56,6.00,-4.00,62.68,8.05,M,M
OFK,2026-01-24 16:56,5.00,-4.00,65.61,6.90,M,M
OFK,2026-01-24 17:56,3.00,-4.00,71.94,5.75,M,M
OFK,2026-01-24 18:56,1.00,-4.00,78.95,3.45,M,M
OFK,2026-01-24 19:56,-1.00,-6.00,78.76,5.75,M,M
OFK,2026-01-24 20:56,-1.00,-6.00,78.76,4.60,M,M
OFK,2026-01-24 21:56,-1.00,-6.00,78.76,5.75,M,M
OFK,2026-01-24 22:56,-3.00,-6.00,86.59,6.90,M,M
OFK,2026-01-24 23:56,-4.00,-8.00,82.42,4.60,M,M
OFK,2026-01-25 00:56,-5.00,-9.00,82.34,3.45,M,M
OFK,2026-01-25 01:56,-7.00,-11.00,82.18,0.00,M,M
OFK,2026-01-25 02:56,-9.00,-12.00,86.22,4.60,M,M
OFK,2026-01-25 03:56,-9.00,-13.00,82.02,3.45,M,M
OFK,2026-01-25 04:56,-8.00,-12.00,82.10,0.00,M,M
OFK,2026-01-25 05:56,-8.00,-13.00,78.11,0.00,M,M
OFK,2026-01-25 06:56,-6.00,-10.00,82.26,3.45,M,M
OFK,2026-01-25 07:56,-5.00,-9.00,82.34,0.00,7000.00,M
OFK,2026-01-25 08:56,-2.00,-8.00,74.93,0.00,M,M
OFK,2026-01-25 09:56,2.00,-3.00,79.04,8.05,M,M
OFK,2026-01-25 10:56,7.00,-2.00,65.88,9.20,M,M
OFK,2026-01-25 11:56,11.00,-1.00,57.70,8.05,M,M
OFK,2026-01-25 12:56,15.00,1.00,53.13,10.35,M,M
OFK,2026-01-25 13:45,15.00,1.00,53.13,13.80,2900.00,M
OFK,2026-01-25 13:56,15.00,1.00,53.13,16.10,2900.00,M
OFK,2026-01-25 14:04,14.00,1.00,55.51,16.10,3000.00,M
OFK,2026-01-25 14:56,13.00,2.00,60.77,16.10,3800.00,M
OFK,2026-01-25 15:29,12.00,1.00,60.63,13.80,2300.00,M
OFK,2026-01-25 15:56,12.00,1.00,60.63,18.40,2400.00,M
OFK,2026-01-25 16:21,11.00,-1.00,57.70,17.25,2700.00,M
OFK,2026-01-25 16:56,10.00,0.00,63.24,17.25,3000.00,M
OFK,2026-01-25 17:56,6.00,-2.00,68.94,16.10,M,M
OFK,2026-01-25 18:56,4.00,-3.00,72.05,14.95,M,M
OFK,2026-01-25 19:56,2.00,-5.00,71.82,14.95,M,M
OFK,2026-01-25 20:56,0.00,-6.00,75.14,11.50,M,M
OFK,2026-01-25 21:56,-2.00,-7.00,78.67,11.50,M,M
OFK,2026-01-25 22:56,-4.00,-9.00,78.48,9.20,M,M
OFK,2026-01-25 23:56,-5.00,-9.00,82.34,8.05,M,M
OFK,2026-01-26 00:56,-9.00,-13.00,82.02,8.05,M,M
OFK,2026-01-26 01:56,-9.00,-13.00,82.02,5.75,M,M
OFK,2026-01-26 02:56,-10.00,-14.00,81.94,5.75,M,M
OFK,2026-01-26 03:56,-11.00,-15.00,81.86,5.75,M,M
OFK,2026-01-26 04:56,-10.00,-15.00,77.91,8.05,M,M
OFK,2026-01-26 05:56,-8.00,-13.00,78.11,6.90,M,M
OFK,2026-01-26 06:56,-5.00,-11.00,74.61,3.45,M,M
OFK,2026-01-26 07:56,-5.00,-11.00,74.61,12.65,M,M
OFK,2026-01-26 08:56,1.00,-6.00,71.71,16.10,M,M
OFK,2026-01-26 09:56,7.00,-2.00,65.88,16.10,M,M
OFK,2026-01-26 10:56,14.00,1.00,55.51,18.40,M,M
OFK,2026-01-26 11:56,20.00,3.00,46.99,18.40,M,M
OFK,2026-01-26 12:56,26.00,6.00,41.90,21.85,M,31.05
OFK,2026-01-26 13:56,31.00,5.00,32.61,19.55,M,M
OFK,2026-01-26 14:56,35.00,6.00,29.07,17.25,M,M
OFK,2026-01-26 15:56,37.00,7.00,28.10,16.10,M,M
OFK,2026-01-26 16:56,36.00,10.00,33.47,17.25,M,M
OFK,2026-01-26 17:56,34.00,11.00,37.89,14.95,M,M
OFK,2026-01-26 18:56,30.00,11.00,44.53,11.50,M,M
OFK,2026-01-26 19:56,24.00,10.00,54.56,5.75,11000.00,M
OFK,2026-01-26 20:56,20.00,9.00,61.78,8.05,M,M
OFK,2026-01-26 21:56,20.00,7.00,56.44,6.90,M,M
OFK,2026-01-26 22:56,24.00,8.00,49.87,8.05,M,M
OFK,2026-01-26 23:56,20.00,9.00,61.78,9.20,M,M
OFK,2026-01-27 00:56,19.00,10.00,67.43,10.35,M,M
OFK,2026-01-27 01:56,19.00,10.00,67.43,8.05,M,M
OFK,2026-01-27 02:56,18.00,11.00,73.60,9.20,M,M
OFK,2026-01-27 03:56,18.00,8.00,64.34,13.80,M,M
OFK,2026-01-27 04:56,15.00,2.00,55.67,10.35,M,M
OFK,2026-01-27 05:56,13.00,1.00,58.01,12.65,M,M
OFK,2026-01-27 06:56,12.00,0.00,57.86,10.35,M,M
OFK,2026-01-27 07:56,10.00,0.00,63.24,6.90,M,M
OFK,2026-01-27 08:56,12.00,1.00,60.63,8.05,M,M
OFK,2026-01-27 09:56,16.00,-1.00,46.31,19.55,M,M
OFK,2026-01-27 10:56,19.00,-2.00,38.81,21.85,M,M
OFK,2026-01-27 11:56,20.00,-2.00,37.18,12.65,M,M
OFK,2026-01-27 12:56,22.00,-3.00,32.57,11.50,M,M
OFK,2026-01-27 13:56,24.00,-4.00,28.55,8.05,M,M
OFK,2026-01-27 14:56,24.00,-4.00,28.55,11.50,12000.00,M
OFK,2026-01-27 15:56,27.00,-4.00,25.20,12.65,11000.00,M
OFK,2026-01-27 16:56,23.00,-3.00,31.23,9.20,10000.00,M
OFK,2026-01-27 17:56,22.00,-3.00,32.57,4.60,10000.00,M
OFK,2026-01-27 18:56,21.00,-3.00,33.98,0.00,10000.00,M
OFK,2026-01-27 19:56,20.00,0.00,40.86,0.00,10000.00,M
OFK,2026-01-27 20:56,20.00,-1.00,38.98,0.00,10000.00,M
OFK,2026-01-27 21:56,20.00,3.00,46.99,0.00,5500.00,M
OFK,2026-01-27 22:56,21.00,2.00,42.99,4.60,5000.00,M
OFK,2026-01-27 23:56,17.00,0.00,46.48,4.60,5000.00,M
OFK,2026-01-28 00:56,15.00,-1.00,48.37,3.45,M,M
OFK,2026-01-28 01:56,13.00,-1.00,52.81,0.00,M,M
OFK,2026-01-28 02:56,9.00,-1.00,63.10,3.45,M,M
OFK,2026-01-28 03:56,11.00,0.00,60.48,0.00,M,M
OFK,2026-01-28 04:56,8.00,0.00,69.19,4.60,M,M
OFK,2026-01-28 05:56,8.00,-1.00,66.01,0.00,M,M
OFK,2026-01-28 06:56,7.00,0.00,72.39,0.00,M,M
OFK,2026-01-28 07:56,5.00,-1.00,75.66,0.00,M,M
OFK,2026-01-28 08:56,10.00,1.00,66.27,4.60,M,M
OFK,2026-01-28 09:56,18.00,2.00,48.88,0.00,7500.00,M
OFK,2026-01-28 10:56,25.00,-1.00,31.57,5.75,M,M
OFK,2026-01-28 11:56,28.00,1.00,30.63,M,M,M
OFK,2026-01-28 12:56,30.00,2.00,29.57,4.60,M,M
OFK,2026-01-28 13:56,33.00,3.00,27.44,M,M,M
OFK,2026-01-28 14:56,33.00,2.00,26.19,M,M,M
OFK,2026-01-28 15:56,33.00,2.00,26.19,M,M,M
OFK,2026-01-28 16:56,30.00,1.00,28.22,M,M,M
OFK,2026-01-28 17:56,26.00,0.00,31.75,M,M,M
OFK,2026-01-28 18:56,24.00,5.00,43.51,M,M,M
OFK,2026-01-28 19:56,22.00,6.00,49.54,M,M,M
OFK,2026-01-28 20:56,22.00,7.00,51.85,M,M,M
OFK,2026-01-28 21:56,22.00,8.00,54.25,M,M,M
OFK,2026-01-28 22:56,21.00,9.00,59.20,M,12000.00,M
OFK,2026-01-28 23:56,22.00,9.00,56.75,M,3200.00,M
OFK,2026-01-29 00:56,21.00,7.00,54.09,M,3200.00,M
OFK,2026-01-29 01:56,17.00,10.00,73.50,M,4800.00,M
OFK,2026-01-29 02:17,17.00,12.00,80.34,M,3400.00,M
OFK,2026-01-29 02:35,16.00,12.00,83.90,M,2800.00,M
OFK,2026-01-29 02:45,16.00,13.00,87.69,M,2400.00,M
OFK,2026-01-29 02:56,16.00,13.00,87.69,M,2200.00,M
OFK,2026-01-29 03:17,15.00,12.00,87.64,M,2400.00,M
OFK,2026-01-29 03:44,15.00,12.00,87.64,M,3000.00,M
OFK,2026-01-29 03:56,15.00,11.00,83.83,M,3100.00,M
OFK,2026-01-29 04:06,15.00,11.00,83.83,M,2900.00,M
OFK,2026-01-29 04:16,15.00,11.00,83.83,M,3300.00,M
OFK,2026-01-29 04:24,15.00,11.00,83.83,M,3300.00,M
OFK,2026-01-29 04:35,15.00,11.00,83.83,M,3400.00,M
OFK,2026-01-29 04:56,14.00,11.00,87.58,M,2800.00,M
OFK,2026-01-29 05:32,14.00,11.00,87.58,M,2500.00,M
OFK,2026-01-29 05:56,14.00,11.00,87.58,M,2100.00,M
OFK,2026-01-29 06:09,14.00,11.00,87.58,M,2300.00,M
OFK,2026-01-29 06:29,14.00,11.00,87.58,M,3100.00,M
OFK,2026-01-29 06:46,14.00,10.00,83.76,M,3700.00,M
OFK,2026-01-29 06:56,14.00,11.00,87.58,M,3900.00,M
OFK,2026-01-29 07:56,13.00,10.00,87.53,M,4900.00,M
OFK,2026-01-29 08:35,13.00,10.00,87.53,M,3500.00,M
OFK,2026-01-29 08:56,14.00,10.00,83.76,M,2900.00,M
OFK,2026-01-29 09:10,14.00,10.00,83.76,M,3100.00,M
OFK,2026-01-29 09:18,14.00,10.00,83.76,M,3100.00,M
OFK,2026-01-29 09:28,14.00,10.00,83.76,M,3100.00,M
OFK,2026-01-29 09:35,15.00,10.00,80.17,M,2700.00,M
OFK,2026-01-29 09:56,15.00,10.00,80.17,M,2700.00,M
OFK,2026-01-29 10:08,15.00,11.00,83.83,0.00,2300.00,M
OFK,2026-01-29 10:31,16.00,10.00,76.75,3.45,3300.00,M
OFK,2026-01-29 10:56,16.00,10.00,76.75,0.00,3600.00,M
OFK,2026-01-29 11:27,18.00,11.00,73.60,3.45,3700.00,M
OFK,2026-01-29 11:37,17.00,11.00,76.85,0.00,3000.00,M
OFK,2026-01-29 11:44,17.00,10.00,73.50,0.00,3000.00,M
OFK,2026-01-29 11:56,17.00,11.00,76.85,0.00,3000.00,M
OFK,2026-01-29 12:07,18.00,12.00,76.95,0.00,2500.00,M
OFK,2026-01-29 12:23,19.00,11.00,70.51,0.00,2500.00,M
OFK,2026-01-29 12:56,19.00,12.00,73.71,0.00,3800.00,M
OFK,2026-01-29 13:56,20.00,13.00,73.82,3.45,3900.00,M
OFK,2026-01-29 14:56,23.00,14.00,67.93,3.45,4800.00,M
OFK,2026-01-29 15:56,22.00,14.00,70.86,3.45,3500.00,M
OFK,2026-01-29 16:56,22.00,14.00,70.86,3.45,3600.00,M
OFK,2026-01-29 17:56,22.00,15.00,74.03,5.75,3600.00,M
OFK,2026-01-29 18:56,21.00,15.00,77.23,0.00,3400.00,M
OFK,2026-01-29 19:31,21.00,15.00,77.23,0.00,2900.00,M
OFK,2026-01-29 19:56,21.00,15.00,77.23,0.00,2500.00,M
OFK,2026-01-29 20:56,21.00,16.00,80.67,0.00,3000.00,M
OFK,2026-01-29 21:56,21.00,17.00,84.25,3.45,2900.00,M
OFK,2026-01-29 22:21,21.00,17.00,84.25,6.90,1400.00,M
OFK,2026-01-29 22:56,19.00,11.00,70.51,5.75,1300.00,M
OFK,2026-01-29 23:06,19.00,11.00,70.51,4.60,1300.00,M
OFK,2026-01-29 23:56,19.00,11.00,70.51,0.00,3800.00,M
OFK,2026-01-30 00:56,19.00,11.00,70.51,3.45,2400.00,M
OFK,2026-01-30 01:56,18.00,6.00,58.76,5.75,2600.00,M
OFK,2026-01-30 02:31,17.00,6.00,61.35,10.35,3200.00,M
OFK,2026-01-30 02:49,16.00,5.00,61.21,5.75,2700.00,M
OFK,2026-01-30 02:56,16.00,5.00,61.21,8.05,2700.00,M
OFK,2026-01-30 03:56,14.00,6.00,69.92,8.05,3200.00,M
OFK,2026-01-30 04:56,13.00,5.00,69.80,5.75,3500.00,M
OFK,2026-01-30 05:56,12.00,4.00,69.68,10.35,3600.00,M
OFK,2026-01-30 06:56,10.00,3.00,72.73,6.90,12000.00,M
OFK,2026-01-30 07:56,9.00,3.00,76.07,9.20,11000.00,M
OFK,2026-01-30 08:40,9.00,3.00,76.07,13.80,2000.00,M
OFK,2026-01-30 08:56,7.00,2.00,79.48,12.65,2000.00,M
OFK,2026-01-30 09:18,7.00,1.00,75.86,12.65,2100.00,M
OFK,2026-01-30 09:56,7.00,1.00,75.86,11.50,2200.00,M
OFK,2026-01-30 10:56,8.00,3.00,79.57,12.65,1600.00,M
OFK,2026-01-30 11:56,9.00,2.00,72.62,12.65,1800.00,M
OFK,2026-01-30 12:38,9.00,1.00,69.31,18.40,2200.00,M
OFK,2026-01-30 12:46,10.00,1.00,66.27,19.55,2200.00,M
OFK,2026-01-30 12:56,10.00,2.00,69.44,17.25,2300.00,M
OFK,2026-01-30 13:56,11.00,0.00,60.48,18.40,2600.00,29.90
OFK,2026-01-30 14:48,12.00,0.00,57.86,19.55,2800.00,M
OFK,2026-01-30 14:56,11.00,0.00,60.48,18.40,2800.00,M
OFK,2026-01-30 15:03,12.00,1.00,60.63,20.70,2000.00,M
OFK,2026-01-30 15:15,12.00,-1.00,55.20,18.40,2000.00,M
OFK,2026-01-30 15:56,12.00,-1.00,55.20,17.25,2800.00,M
OFK,2026-01-30 16:56,11.00,-3.00,52.48,14.95,M,M
OFK,2026-01-30 17:56,8.00,-4.00,57.24,11.50,M,M
OFK,2026-01-30 18:56,4.00,-5.00,65.48,5.75,M,M
OFK,2026-01-30 19:56,-1.00,-7.00,75.04,5.75,M,M
OFK,2026-01-30 20:56,0.00,-6.00,75.14,3.45,M,M
OFK,2026-01-30 21:56,0.00,-6.00,75.14,4.60,M,M
OFK,2026-01-30 22:56,-7.00,-11.00,82.18,3.45,M,M
OFK,2026-01-30 23:56,-6.00,-10.00,82.26,3.45,M,M
OFK,2026-01-31 00:56,-7.00,-11.00,82.18,3.45,M,M
OFK,2026-01-31 01:56,-7.00,-11.00,82.18,0.00,M,M
OFK,2026-01-31 02:56,-9.00,-12.00,86.22,0.00,M,M
OFK,2026-01-31 03:56,-10.00,-14.00,81.94,0.00,M,M
OFK,2026-01-31 04:56,-9.00,-13.00,82.02,0.00,M,M
OFK,2026-01-31 05:56,-9.00,-12.00,86.22,0.00,M,M
OFK,2026-01-31 06:56,-9.00,-13.00,82.02,0.00,M,M
OFK,2026-01-31 07:56,-7.00,-12.00,78.20,4.60,M,M
OFK,2026-01-31 08:56,2.00,-3.00,79.04,8.05,M,M
OFK,2026-01-31 09:56,8.00,0.00,69.19,11.50,M,M
OFK,2026-01-31 10:56,13.00,2.00,60.77,14.95,M,M
OFK,2026-01-31 11:56,16.00,1.00,50.87,12.65,M,M
OFK,2026-01-31 12:56,19.00,3.00,49.04,12.65,M,M
OFK,2026-01-31 13:56,20.00,2.00,44.86,16.10,10000.00,M
OFK,2026-01-31 14:56,20.00,2.00,44.86,14.95,9000.00,M
OFK,2026-01-31 15:56,20.00,3.00,46.99,14.95,6000.00,M
OFK,2026-01-31 16:40,19.00,6.00,56.29,18.40,2600.00,M
OFK,2026-01-31 16:52,17.60,8.60,67.26,14.95,2000.00,M
OFK,2026-01-31 16:56,18.00,9.00,67.31,13.80,2000.00,M
OFK,2026-01-31 17:17,17.00,12.00,80.34,12.65,1300.00,M
OFK,2026-01-31 17:56,16.00,12.00,83.90,14.95,1400.00,M
OFK,2026-01-31 18:21,16.00,12.00,83.90,16.10,2000.00,M
OFK,2026-01-31 18:44,16.00,12.00,83.90,17.25,2900.00,M
OFK,2026-01-31 18:56,15.00,12.00,87.64,16.10,2900.00,M
OFK,2026-01-31 19:19,16.00,11.00,80.26,16.10,4000.00,M
OFK,2026-01-31 19:56,16.00,11.00,80.26,16.10,4700.00,M
OFK,2026-01-31 20:54,15.80,12.20,85.39,13.80,2600.00,M
OFK,2026-01-31 20:56,16.00,12.00,83.90,14.95,2600.00,M
OFK,2026-01-31 21:04,16.00,12.00,83.90,14.95,3000.00,M
OFK,2026-01-31 21:16,16.00,12.00,83.90,13.80,2100.00,M
OFK,2026-01-31 21:40,16.00,12.00,83.90,13.80,2100.00,M
OFK,2026-01-31 21:47,16.00,12.00,83.90,18.40,2100.00,M
OFK,2026-01-31 21:56,16.00,12.00,83.90,14.95,2700.00,M
OFK,2026-01-31 22:09,16.00,12.00,83.90,14.95,2600.00,M
OFK,2026-01-31 22:20,16.00,12.00,83.90,14.95,2600.00,M
OFK,2026-01-31 22:56,16.00,12.00,83.90,16.10,4100.00,M
OFK,2026-01-31 23:56,17.00,12.00,80.34,13.80,4800.00,M
OFK,2026-02-01 00:56,17.00,12.00,80.34,16.10,5000.00,M
OFK,2026-02-01 01:56,18.00,12.00,76.95,17.25,4900.00,M
OFK,2026-02-01 02:56,15.00,10.00,80.17,11.50,4900.00,M
OFK,2026-02-01 03:56,14.00,9.00,80.09,8.05,M,M
OFK,2026-02-01 04:56,13.00,9.00,83.69,4.60,M,M
OFK,2026-02-01 05:56,12.00,8.00,83.62,3.45,M,M
OFK,2026-02-01 06:56,8.00,6.00,91.32,0.00,M,M
OFK,2026-02-01 07:56,8.00,6.00,91.32,0.00,M,M
OFK,2026-02-01 08:56,17.00,12.00,80.34,4.60,M,M
OFK,2026-02-01 09:56,31.00,23.00,71.87,10.35,M,M
OFK,2026-02-01 10:56,39.00,29.00,67.04,16.10,M,M
OFK,2026-02-01 11:56,40.00,30.00,67.16,20.70,M,M
OFK,2026-02-01 12:56,41.00,31.00,67.29,19.55,M,M
OFK,2026-02-01 13:40,42.00,31.00,64.74,16.10,2300.00,M
OFK,2026-02-01 13:56,42.00,30.00,62.16,16.10,2300.00,M
OFK,2026-02-01 14:56,39.00,30.00,69.84,18.40,2400.00,M
OFK,2026-02-01 15:56,38.00,30.00,72.62,10.35,2500.00,M
OFK,2026-02-01 16:18,38.00,29.00,69.72,11.50,2500.00,M
OFK,2026-02-01 16:56,39.00,29.00,67.04,13.80,3000.00,M
OFK,2026-02-01 17:05,39.00,29.00,67.04,14.95,2800.00,M
OFK,2026-02-01 17:56,37.00,29.00,72.52,9.20,2700.00,M
OFK,2026-02-01 18:56,36.00,29.00,75.44,6.90,2500.00,M
OFK,2026-02-01 19:56,36.00,29.00,75.44,6.90,2600.00,M
OFK,2026-02-01 20:56,35.00,28.00,75.34,4.60,2500.00,M
OFK,2026-02-01 21:56,32.00,27.00,81.54,3.45,2400.00,M
OFK,2026-02-01 22:56,28.00,27.00,95.96,4.60,M,M
OFK,2026-02-01 23:56,26.00,25.00,95.93,5.75,M,M
OFK,2026-02-02 00:56,25.00,24.00,95.91,0.00,M,M
OFK,2026-02-02 01:56,24.00,24.00,100.00,0.00,M,M
OFK,2026-02-02 02:56,19.00,18.00,95.79,3.45,M,M
OFK,2026-02-02 03:56,21.00,20.00,95.83,0.00,M,M
OFK,2026-02-02 04:56,20.00,19.00,95.81,4.60,M,M
OFK,2026-02-02 05:43,19.00,19.00,100.00,0.00,200.00,M
OFK,2026-02-02 05:51,21.20,19.40,92.62,0.00,200.00,M
OFK,2026-02-02 05:56,20.00,20.00,100.00,3.45,100.00,M
OFK,2026-02-02 06:13,18.00,17.00,95.78,3.45,100.00,M
OFK,2026-02-02 06:20,17.00,16.00,95.76,3.45,100.00,M
OFK,2026-02-02 06:29,18.00,17.00,95.78,3.45,100.00,M
OFK,2026-02-02 06:56,18.00,18.00,100.00,0.00,M,M
OFK,2026-02-02 07:56,16.00,15.00,95.74,0.00,M,M
OFK,2026-02-02 08:51,23.00,21.20,92.68,5.75,200.00,M
OFK,2026-02-02 08:56,24.00,23.00,95.89,5.75,200.00,M
OFK,2026-02-02 09:56,28.00,26.00,92.07,6.90,M,M
OFK,2026-02-02 10:56,34.00,29.00,81.69,8.05,M,M
OFK,2026-02-02 11:56,38.00,29.00,69.72,11.50,1500.00,M
OFK,2026-02-02 12:56,39.00,29.00,67.04,10.35,1900.00,M
OFK,2026-02-02 13:56,40.00,29.00,64.48,9.20,M,M
OFK,2026-02-02 14:56,41.00,30.00,64.61,10.35,M,M
OFK,2026-02-02 15:56,41.00,29.00,62.02,0.00,M,M
OFK,2026-02-02 16:56,39.00,29.00,67.04,0.00,M,M
OFK,2026-02-02 17:56,32.00,28.00,84.97,5.75,M,M
OFK,2026-02-02 18:49,32.00,28.00,84.97,6.90,2700.00,M
OFK,2026-02-02 18:56,32.00,28.00,84.97,3.45,2700.00,M
OFK,2026-02-02 19:24,30.00,28.00,92.14,3.45,2700.00,M
OFK,2026-02-02 19:56,32.00,29.00,88.53,0.00,M,M
OFK,2026-02-02 20:56,26.00,25.00,95.93,0.00,M,M
OFK,2026-02-02 21:56,26.00,25.00,95.93,4.60,M,M
OFK,2026-02-02 22:56,27.00,23.00,84.65,5.75,M,M
OFK,2026-02-02 23:56,28.00,24.00,84.71,10.35,4000.00,M
OFK,2026-02-03 00:56,29.00,24.00,81.31,4.60,3300.00,M
OFK,2026-02-03 01:56,28.00,25.00,88.32,0.00,3300.00,M
OFK,2026-02-03 02:56,29.00,25.00,84.78,3.45,1600.00,M
OFK,2026-02-03 03:11,29.00,25.00,84.78,4.60,1400.00,M
OFK,2026-02-03 03:27,29.00,25.00,84.78,4.60,1600.00,M
OFK,2026-02-03 03:56,29.00,24.00,81.31,4.60,1700.00,M
OFK,2026-02-03 04:46,29.00,24.00,81.31,5.75,1400.00,M
OFK,2026-02-03 04:56,29.00,24.00,81.31,5.75,1400.00,M
OFK,2026-02-03 05:56,28.00,24.00,84.71,4.60,1400.00,M
OFK,2026-02-03 06:06,28.00,24.00,84.71,3.45,1500.00,M
OFK,2026-02-03 06:56,27.00,25.00,92.04,3.45,1300.00,M
OFK,2026-02-03 07:20,27.00,25.00,92.04,4.60,800.00,M
OFK,2026-02-03 07:56,27.00,25.00,92.04,5.75,700.00,M
OFK,2026-02-03 08:56,27.00,24.00,88.27,5.75,800.00,M
OFK,2026-02-03 09:56,27.00,25.00,92.04,5.75,700.00,M
OFK,2026-02-03 10:56,27.00,25.00,92.04,4.60,600.00,M
OFK,2026-02-03 11:56,29.00,25.00,84.78,4.60,700.00,M
OFK,2026-02-03 12:56,29.00,24.00,81.31,6.90,900.00,M
OFK,2026-02-03 13:56,29.00,25.00,84.78,4.60,900.00,M
OFK,2026-02-03 14:29,29.00,25.00,84.78,3.45,1000.00,M
OFK,2026-02-03 14:56,30.00,25.00,81.39,5.75,1100.00,M
OFK,2026-02-03 15:56,30.00,25.00,81.39,5.75,1200.00,M
OFK,2026-02-03 16:56,30.00,25.00,81.39,4.60,1500.00,M
OFK,2026-02-03 17:43,30.00,25.00,81.39,4.60,2700.00,M
OFK,2026-02-03 17:52,28.40,24.80,86.16,3.45,2600.00,M
OFK,2026-02-03 17:56,29.00,25.00,84.78,3.45,2400.00,M
OFK,2026-02-03 18:43,29.00,26.00,88.37,0.00,2100.00,M
OFK,2026-02-03 18:56,30.00,26.00,84.84,0.00,2100.00,M
OFK,2026-02-03 19:56,29.00,26.00,88.37,0.00,1700.00,M
OFK,2026-02-03 20:56,29.00,26.00,88.37,0.00,1300.00,M
OFK,2026-02-03 21:56,29.00,27.00,92.11,3.45,1800.00,M
OFK,2026-02-03 22:56,30.00,28.00,92.14,3.45,2400.00,M
OFK,2026-02-03 23:56,30.00,28.00,92.14,3.45,1900.00,M
OFK,2026-02-04 00:36,32.00,28.00,84.97,9.20,1400.00,M
OFK,2026-02-04 00:56,32.00,28.00,84.97,9.20,1300.00,M
OFK,2026-02-04 01:56,32.00,28.00,84.97,5.75,1200.00,M
OFK,2026-02-04 02:56,32.00,29.00,88.53,5.75,1000.00,M
OFK,2026-02-04 03:17,32.00,29.00,88.53,6.90,900.00,M
OFK,2026-02-04 03:30,32.00,30.00,92.21,6.90,900.00,M
OFK,2026-02-04 03:38,32.00,30.00,92.21,6.90,1100.00,M
OFK,2026-02-04 03:56,32.00,30.00,92.21,5.75,1100.00,M
OFK,2026-02-04 04:04,32.00,30.00,92.21,3.45,1200.00,M
OFK,2026-02-04 04:56,31.00,30.00,96.02,0.00,2000.00,M
OFK,2026-02-04 05:56,32.00,31.00,96.04,4.60,1600.00,M
OFK,2026-02-04 06:03,32.00,31.00,96.04,4.60,1400.00,M
OFK,2026-02-04 06:26,32.00,31.00,96.04,5.75,800.00,M
OFK,2026-02-04 06:56,32.00,31.00,96.04,5.75,600.00,M
OFK,2026-02-04 07:56,33.00,31.00,92.25,18.40,800.00,M
OFK,2026-02-04 08:56,30.00,28.00,92.14,21.85,700.00,31.05
OFK,2026-02-04 09:04,30.00,28.00,92.14,17.25,900.00,M
OFK,2026-02-04 09:52,28.40,26.60,92.85,17.25,1000.00,M
OFK,2026-02-04 09:56,29.00,27.00,92.11,18.40,1000.00,M
OFK,2026-02-04 10:56,28.00,25.00,88.32,18.40,1100.00,M
OFK,2026-02-04 11:16,28.00,25.00,88.32,19.55,900.00,M
OFK,2026-02-04 11:39,28.00,24.00,84.71,16.10,1000.00,M
OFK,2026-02-04 11:56,28.00,24.00,84.71,12.65,1100.00,M
OFK,2026-02-04 12:56,28.00,24.00,84.71,14.95,1100.00,M
OFK,2026-02-04 13:56,28.00,23.00,81.23,13.80,1200.00,M
OFK,2026-02-04 14:56,29.00,23.00,77.97,10.35,1200.00,M
OFK,2026-02-04 15:56,28.00,22.00,77.88,8.05,1400.00,M
OFK,2026-02-04 16:04,29.00,22.00,74.75,13.80,1500.00,M
OFK,2026-02-04 16:56,29.00,23.00,77.97,9.20,1500.00,M
OFK,2026-02-04 17:34,28.00,23.00,81.23,4.60,1400.00,M
OFK,2026-02-04 17:56,28.00,23.00,81.23,4.60,1400.00,M
OFK,2026-02-04 18:56,28.00,23.00,81.23,0.00,1200.00,M
OFK,2026-02-04 19:56,26.00,23.00,88.22,4.60,1100.00,M
OFK,2026-02-04 20:32,26.00,23.00,88.22,4.60,1000.00,M
OFK,2026-02-04 20:56,25.00,22.00,88.17,6.90,M,M
OFK,2026-02-04 21:56,26.00,23.00,88.22,5.75,M,M
OFK,2026-02-04 22:56,26.00,23.00,88.22,6.90,M,M
OFK,2026-02-04 23:56,25.00,23.00,91.97,9.20,M,M
OFK,2026-02-05 00:56,25.00,23.00,91.97,10.35,M,M
OFK,2026-02-05 01:56,26.00,24.00,92.00,4.60,12000.00,M
OFK,2026-02-05 02:56,29.00,25.00,84.78,17.25,M,M
OFK,2026-02-05 03:56,29.00,25.00,84.78,5.75,M,M
OFK,2026-02-05 04:56,28.00,24.00,84.71,8.05,M,M
OFK,2026-02-05 05:56,32.00,25.00,75.05,10.35,M,M
OFK,2026-02-05 06:56,32.00,26.00,78.23,10.35,M,M
OFK,2026-02-05 07:56,35.00,28.00,75.34,13.80,M,M
OFK,2026-02-05 08:56,41.00,32.00,70.06,16.10,M,M
OFK,2026-02-05 09:56,48.00,34.00,58.14,12.65,M,M
OFK,2026-02-05 10:56,53.00,34.00,48.29,14.95,M,M
OFK,2026-02-05 11:56,56.00,35.00,45.05,19.55,M,M
OFK,2026-02-05 12:56,60.00,36.00,40.61,19.55,M,M
OFK,2026-02-05 13:56,61.00,36.00,39.19,17.25,M,33.35
OFK,2026-02-05 14:56,62.00,36.00,37.83,14.95,M,33.35
OFK,2026-02-05 15:56,61.00,36.00,39.19,16.10,M,M
OFK,2026-02-05 16:56,59.00,36.00,42.08,10.35,M,M
OFK,2026-02-05 17:56,51.00,35.00,54.10,8.05,M,M
OFK,2026-02-05 18:56,43.00,33.00,67.53,8.05,M,M
OFK,2026-02-05 19:56,42.00,34.00,73.05,10.35,M,M
OFK,2026-02-05 20:56,45.00,34.00,65.12,10.35,M,M
OFK,2026-02-05 21:56,45.00,34.00,65.12,11.50,M,M
OFK,2026-02-05 22:56,45.00,34.00,65.12,10.35,M,M
OFK,2026-02-05 23:56,45.00,33.00,62.56,10.35,M,M
OFK,2026-02-06 00:56,42.00,32.00,67.41,18.40,M,M
OFK,2026-02-06 01:56,49.00,34.00,56.00,19.55,M,M
OFK,2026-02-06 02:56,46.00,35.00,65.24,19.55,M,29.90
OFK,2026-02-06 03:56,44.00,35.00,70.40,20.70,M,35.65
OFK,2026-02-06 04:56,40.00,34.00,78.93,16.10,M,43.70
OFK,2026-02-06 05:56,38.00,33.00,81.99,17.25,1900.00,33.35
OFK,2026-02-06 06:08,38.00,33.00,81.99,16.10,1900.00,M
OFK,2026-02-06 06:56,39.00,33.00,78.84,23.00,1700.00,31.05
OFK,2026-02-06 07:56,38.00,33.00,81.99,17.25,1600.00,29.90
OFK,2026-02-06 08:20,38.00,33.00,81.99,17.25,1600.00,M
OFK,2026-02-06 08:34,38.00,33.00,81.99,16.10,2900.00,M
OFK,2026-02-06 08:56,39.00,33.00,78.84,14.95,2700.00,29.90
OFK,2026-02-06 09:56,40.00,33.00,75.83,23.00,2200.00,M
OFK,2026-02-06 10:56,40.00,32.00,72.84,14.95,2100.00,35.65
OFK,2026-02-06 11:56,40.00,32.00,72.84,19.55,1900.00,M
OFK,2026-02-06 12:56,40.00,32.00,72.84,18.40,1900.00,M
OFK,2026-02-06 13:56,40.00,31.00,69.95,12.65,2300.00,M
OFK,2026-02-06 14:56,42.00,30.00,62.16,17.25,2400.00,M
OFK,2026-02-06 15:56,42.00,30.00,62.16,11.50,2900.00,M
OFK,2026-02-06 16:56,41.00,30.00,64.61,9.20,2900.00,M
OFK,2026-02-06 17:56,40.00,30.00,67.16,6.90,2900.00,M
OFK,2026-02-06 18:56,37.00,30.00,75.54,3.45,2800.00,M
OFK,2026-02-06 19:56,39.00,30.00,69.84,5.75,2700.00,M
OFK,2026-02-06 20:56,38.00,29.00,69.72,0.00,2700.00,M
OFK,2026-02-06 21:56,36.00,29.00,75.44,0.00,2600.00,M
OFK,2026-02-06 22:56,34.00,28.00,78.41,3.45,2600.00,M
OFK,2026-02-06 23:27,33.00,28.00,81.62,0.00,2600.00,M
OFK,2026-02-06 23:56,27.00,26.00,95.95,8.05,M,M
OFK,2026-02-07 00:56,28.00,23.00,81.23,9.20,M,M
OFK,2026-02-07 01:56,25.00,21.00,84.51,8.05,M,M
OFK,2026-02-07 02:56,25.00,19.00,77.60,6.90,M,M
OFK,2026-02-07 03:56,25.00,18.00,74.34,5.75,M,M
OFK,2026-02-07 04:56,23.00,17.00,77.42,6.90,M,M
OFK,2026-02-07 05:56,25.00,16.00,68.18,10.35,M,M
OFK,2026-02-07 06:56,24.00,17.00,74.24,10.35,M,M
OFK,2026-02-07 07:56,25.00,16.00,68.18,12.65,M,M
OFK,2026-02-07 08:56,28.00,18.00,65.66,13.80,M,M
OFK,2026-02-07 09:56,32.00,20.00,60.78,17.25,M,M
OFK,2026-02-07 10:56,38.00,23.00,54.36,21.85,M,32.20
OFK,2026-02-07 11:56,43.00,27.00,52.89,19.55,M,32.20
OFK,2026-02-07 12:56,47.00,29.00,49.32,21.85,M,33.35
OFK,2026-02-07 13:56,47.00,30.00,51.37,14.95,M,40.25
OFK,2026-02-07 14:56,49.00,31.00,49.63,19.55,M,40.25
OFK,2026-02-07 15:56,51.00,32.00,47.98,19.55,M,33.35
OFK,2026-02-07 16:56,50.00,32.00,49.79,16.10,M,31.05
OFK,2026-02-07 17:56,47.00,33.00,58.00,13.80,M,M
OFK,2026-02-07 18:56,43.00,33.00,67.53,10.35,M,M
OFK,2026-02-07 19:56,41.00,33.00,72.94,8.05,M,M
OFK,2026-02-07 20:56,39.00,32.00,75.73,0.00,M,M
OFK,2026-02-07 21:56,38.00,32.00,78.76,3.45,M,M
OFK,2026-02-07 22:56,36.00,32.00,85.22,8.05,M,M
OFK,2026-02-07 23:56,32.00,30.00,92.21,3.45,M,M
OFK,2026-02-08 00:56,30.00,28.00,92.14,3.45,M,M
OFK,2026-02-08 01:56,31.00,28.00,88.48,9.20,M,M
OFK,2026-02-08 02:56,32.00,28.00,84.97,9.20,M,M
OFK,2026-02-08 03:56,30.00,26.00,84.84,9.20,M,M
OFK,2026-02-08 04:56,26.00,24.00,92.00,6.90,M,M
OFK,2026-02-08 05:56,28.00,25.00,88.32,6.90,M,M
OFK,2026-02-08 06:56,28.00,25.00,88.32,4.60,M,M
OFK,2026-02-08 07:56,28.00,25.00,88.32,0.00,M,M
OFK,2026-02-08 08:56,34.00,27.00,75.25,4.60,M,M
OFK,2026-02-08 09:56,39.00,30.00,69.84,3.45,M,M
OFK,2026-02-08 10:56,46.00,31.00,55.56,8.05,M,M
OFK,2026-02-08 11:56,51.00,31.00,46.07,9.20,M,M
OFK,2026-02-08 12:56,54.00,31.00,41.26,6.90,M,M
OFK,2026-02-08 13:56,57.00,30.00,35.53,6.90,M,M
OFK,2026-02-08 14:56,59.00,28.00,30.47,6.90,M,M
OFK,2026-02-08 15:56,60.00,27.00,28.22,5.75,M,M
OFK,2026-02-08 16:56,60.00,27.00,28.22,0.00,M,M
OFK,2026-02-08 17:56,52.00,28.00,39.29,0.00,M,M
OFK,2026-02-08 18:56,42.00,27.00,54.96,6.90,M,M
OFK,2026-02-08 19:56,41.00,27.00,57.13,8.05,M,M
OFK,2026-02-08 20:56,34.00,26.00,72.20,0.00,M,M
OFK,2026-02-08 21:56,36.00,26.00,66.67,4.60,M,M
OFK,2026-02-08 22:56,34.00,26.00,72.20,3.45,M,M
OFK,2026-02-08 23:56,32.00,25.00,75.05,0.00,M,M
OFK,2026-02-09 00:56,32.00,24.00,71.98,3.45,M,M
OFK,2026-02-09 01:56,30.00,24.00,78.06,0.00,M,M
OFK,2026-02-09 02:56,29.00,24.00,81.31,4.60,M,M
OFK,2026-02-09 03:56,29.00,24.00,81.31,4.60,M,M
OFK,2026-02-09 04:56,33.00,25.00,72.09,5.75,M,M
OFK,2026-02-09 05:56,31.00,24.00,74.95,0.00,M,M
OFK,2026-02-09 06:56,33.00,24.00,69.14,4.60,M,M
OFK,2026-02-09 07:56,32.00,25.00,75.05,4.60,M,M
OFK,2026-02-09 08:56,41.00,27.00,57.13,4.60,M,M
OFK,2026-02-09 09:56,47.00,28.00,47.34,5.75,M,M
OFK,2026-02-09 10:56,58.00,27.00,30.31,10.35,M,M
OFK,2026-02-09 11:56,66.00,26.00,21.93,9.20,M,M
OFK,2026-02-09 12:56,70.00,25.00,18.33,16.10,M,M
OFK,2026-02-09 13:56,71.00,25.00,17.72,10.35,M,M
OFK,2026-02-09 14:56,72.00,27.00,18.61,10.35,M,M
OFK,2026-02-09 15:56,74.00,25.00,16.02,10.35,M,M
OFK,2026-02-09 16:56,69.00,27.00,20.61,5.75,M,M
OFK,2026-02-09 17:56,58.00,27.00,30.31,11.50,M,M
OFK,2026-02-09 18:56,53.00,27.00,36.34,11.50,M,M
OFK,2026-02-09 19:56,44.00,29.00,55.26,16.10,M,M
OFK,2026-02-09 20:56,42.00,30.00,62.16,12.65,M,M
OFK,2026-02-09 21:56,42.00,31.00,64.74,11.50,M,M
OFK,2026-02-09 22:56,42.00,32.00,67.41,13.80,M,M
OFK,2026-02-09 23:56,40.00,31.00,69.95,16.10,M,M
OFK,2026-02-10 00:56,37.00,29.00,72.52,17.25,M,M
OFK,2026-02-10 01:56,35.00,27.00,72.30,16.10,M,M
OFK,2026-02-10 02:56,34.00,27.00,75.25,13.80,M,M
OFK,2026-02-10 03:56,33.00,26.00,75.15,11.50,M,M
OFK,2026-02-10 04:56,34.00,26.00,72.20,8.05,M,M
OFK,2026-02-10 05:56,34.00,26.00,72.20,10.35,M,M
OFK,2026-02-10 06:56,33.00,26.00,75.15,12.65,M,M
OFK,2026-02-10 07:56,33.00,27.00,78.32,13.80,M,M
OFK,2026-02-10 08:56,34.00,28.00,78.41,13.80,M,M
OFK,2026-02-10 09:56,37.00,28.00,69.60,18.40,M,M
OFK,2026-02-10 10:48,36.00,28.00,72.41,20.70,1800.00,29.90
OFK,2026-02-10 10:56,36.00,28.00,72.41,18.40,1800.00,29.90
OFK,2026-02-10 11:56,39.00,28.00,64.35,17.25,1900.00,29.90
OFK,2026-02-10 12:05,39.00,27.00,61.75,16.10,1900.00,M
OFK,2026-02-10 12:56,39.00,27.00,61.75,16.10,M,M
OFK,2026-02-10 13:56,44.00,27.00,50.90,18.40,M,M
OFK,2026-02-10 14:56,46.00,25.00,43.42,16.10,M,M
OFK,2026-02-10 15:56,45.00,24.00,43.25,13.80,M,M
OFK,2026-02-10 16:56,44.00,25.00,46.85,10.35,M,M
OFK,2026-02-10 17:56,38.00,22.00,52.11,6.90,M,M
OFK,2026-02-10 18:56,35.00,22.00,58.67,5.75,M,M
OFK,2026-02-10 19:56,29.00,21.00,71.65,4.60,M,M
OFK,2026-02-10 20:56,30.00,22.00,71.76,5.75,M,M
OFK,2026-02-10 21:56,28.00,21.00,74.65,3.45,M,M
OFK,2026-02-10 22:56,26.00,21.00,81.07,0.00,M,M
OFK,2026-02-10 23:56,26.00,20.00,77.69,3.45,M,M
OFK,2026-02-11 00:56,23.00,19.00,84.38,0.00,M,M
OFK,2026-02-11 01:56,25.00,19.00,77.60,4.60,M,M
OFK,2026-02-11 02:56,21.00,18.00,87.96,0.00,M,M
OFK,2026-02-11 03:56,20.00,18.00,91.79,3.45,M,M
OFK,2026-02-11 04:56,15.00,13.00,91.60,3.45,M,M
OFK,2026-02-11 05:56,19.00,17.00,91.75,0.00,M,M
OFK,2026-02-11 06:56,14.00,13.00,95.70,0.00,M,M
OFK,2026-02-11 07:56,15.00,13.00,91.60,0.00,M,M
OFK,2026-02-11 08:56,26.00,22.00,84.58,0.00,M,M
OFK,2026-02-11 09:56,39.00,28.00,64.35,8.05,M,M
OFK,2026-02-11 10:56,45.00,24.00,43.25,12.65,M,M
OFK,2026-02-11 11:56,47.00,22.00,36.86,16.10,M,M
OFK,2026-02-11 12:56,50.00,22.00,32.95,14.95,M,M
OFK,2026-02-11 13:56,51.00,20.00,29.16,14.95,9000.00,M
OFK,2026-02-11 14:56,50.00,21.00,31.58,11.50,9500.00,M
OFK,2026-02-11 15:56,49.00,17.00,27.61,16.10,10000.00,M
OFK,2026-02-11 16:56,47.00,21.00,35.33,9.20,11000.00,M
OFK,2026-02-11 17:56,46.00,21.00,36.69,8.05,9000.00,M
OFK,2026-02-11 18:56,44.00,21.00,39.59,6.90,9000.00,M
OFK,2026-02-11 19:56,43.00,21.00,41.14,10.35,9500.00,M
OFK,2026-02-11 21:56,41.00,23.00,48.36,9.20,9000.00,M
OFK,2026-02-11 22:56,40.00,23.00,50.27,6.90,8500.00,M
OFK,2026-02-11 23:56,40.00,23.00,50.27,13.80,11000.00,M
OFK,2026-02-12 00:56,39.00,23.00,52.27,9.20,6500.00,M
OFK,2026-02-12 01:56,39.00,23.00,52.27,13.80,12000.00,M
OFK,2026-02-12 02:56,39.00,24.00,54.51,4.60,6500.00,M
OFK,2026-02-12 03:56,37.00,24.00,58.96,9.20,5500.00,M
OFK,2026-02-12 04:56,36.00,24.00,61.34,9.20,8500.00,M
OFK,2026-02-12 05:56,33.00,23.00,66.30,10.35,M,M
OFK,2026-02-12 06:56,31.00,22.00,68.90,11.50,M,M
OFK,2026-02-12 07:56,32.00,22.00,66.17,4.60,M,M
OFK,2026-02-12 08:56,36.00,23.00,58.82,6.90,M,M
OFK,2026-02-12 09:56,39.00,23.00,52.27,5.75,M,M
OFK,2026-02-12 10:56,43.00,25.00,48.68,5.75,M,M
OFK,2026-02-12 11:56,46.00,25.00,43.42,3.45,M,M
OFK,2026-02-12 12:56,50.00,26.00,38.95,5.75,M,M
OFK,2026-02-12 13:56,54.00,27.00,35.03,11.50,M,M
OFK,2026-02-12 14:56,55.00,27.00,33.78,12.65,M,M
OFK,2026-02-12 15:56,56.00,25.00,29.98,10.35,M,M
OFK,2026-02-12 16:56,54.00,24.00,30.92,11.50,M,M
OFK,2026-02-12 17:56,48.00,24.00,38.62,4.60,M,M
OFK,2026-02-12 18:56,47.00,24.00,40.10,0.00,M,M
OFK,2026-02-12 19:56,42.00,24.00,48.52,0.00,M,M
OFK,2026-02-12 20:56,32.00,24.00,71.98,4.60,M,M
OFK,2026-02-12 21:56,27.00,22.00,81.15,3.45,M,M
OFK,2026-02-12 22:56,26.00,22.00,84.58,0.00,M,M
OFK,2026-02-12 23:56,27.00,22.00,81.15,0.00,M,M
OFK,2026-02-13 00:56,21.00,18.00,87.96,0.00,M,M
OFK,2026-02-13 01:56,25.00,20.00,80.99,0.00,M,M
OFK,2026-02-13 02:56,23.00,20.00,88.07,0.00,M,M
OFK,2026-02-13 03:56,22.00,19.00,88.01,0.00,M,M
OFK,2026-02-13 04:56,23.00,19.00,84.38,0.00,M,M
OFK,2026-02-13 05:56,22.00,18.00,84.31,0.00,M,M
OFK,2026-02-13 06:56,20.00,16.00,84.18,0.00,M,M
OFK,2026-02-13 07:56,25.00,19.00,77.60,3.45,M,M
OFK,2026-02-13 08:56,30.00,24.00,78.06,0.00,M,M
OFK,2026-02-13 09:56,43.00,30.00,59.81,0.00,M,M
OFK,2026-02-13 10:56,55.00,27.00,33.78,8.05,M,M
OFK,2026-02-13 11:56,60.00,24.00,24.91,12.65,M,M
OFK,2026-02-13 12:56,62.00,25.00,24.19,12.65,M,M
OFK,2026-02-13 13:56,64.00,24.00,21.63,14.95,M,M
OFK,2026-02-13 14:56,64.00,23.00,20.74,14.95,M,M
OFK,2026-02-13 15:56,64.00,25.00,22.55,11.50,M,M
OFK,2026-02-13 16:56,63.00,24.00,22.40,12.65,M,M
OFK,2026-02-13 17:56,58.00,22.00,24.59,10.35,M,M
OFK,2026-02-13 18:56,54.00,21.00,27.25,10.35,M,M
OFK,2026-02-13 19:56,51.00,20.00,29.16,10.35,M,M
OFK,2026-02-13 20:56,49.00,20.00,31.41,10.35,M,M
OFK,2026-02-13 21:56,48.00,19.00,31.25,11.50,M,M
OFK,2026-02-13 22:56,46.00,19.00,33.69,9.20,M,M
OFK,2026-02-13 23:56,38.00,20.00,47.87,0.00,M,M
OFK,2026-02-14 00:56,37.00,20.00,49.79,0.00,12000.00,M
OFK,2026-02-14 01:56,36.00,19.00,49.63,4.60,11000.00,M
OFK,2026-02-14 02:56,35.00,20.00,53.90,6.90,11000.00,M
OFK,2026-02-14 03:56,34.00,20.00,56.09,0.00,M,M
OFK,2026-02-14 04:56,34.00,23.00,63.69,0.00,9000.00,M
OFK,2026-02-14 05:56,46.00,24.00,41.64,12.65,9500.00,M
OFK,2026-02-14 06:56,40.00,23.00,50.27,0.00,9000.00,M
OFK,2026-02-14 07:56,41.00,25.00,52.58,0.00,9000.00,M
OFK,2026-02-14 08:56,44.00,27.00,50.90,0.00,8500.00,M
OFK,2026-02-14 09:56,49.00,27.00,42.14,4.60,9000.00,M
OFK,2026-02-14 10:56,54.00,31.00,41.26,4.60,M,M
OFK,2026-02-14 11:56,60.00,38.00,43.94,6.90,M,M
OFK,2026-02-14 12:56,62.00,41.00,46.01,6.90,M,M
OFK,2026-02-14 13:56,63.00,42.00,46.17,8.05,9500.00,M
OFK,2026-02-14 14:56,62.00,42.00,47.82,8.05,10000.00,M
OFK,2026-02-14 15:56,62.00,42.00,47.82,6.90,10000.00,M
OFK,2026-02-14 16:56,61.00,42.00,49.55,6.90,9500.00,M
OFK,2026-02-14 17:56,57.00,41.00,54.99,3.45,10000.00,M
OFK,2026-02-14 18:56,50.00,41.00,71.06,5.75,M,M
OFK,2026-02-14 19:56,46.00,39.00,76.39,5.75,10000.00,M
OFK,2026-02-14 20:56,44.00,37.00,76.21,4.60,10000.00,M
OFK,2026-02-14 21:56,41.00,33.00,72.94,6.90,10000.00,M
OFK,2026-02-14 22:56,39.00,31.00,72.73,6.90,M,M
OFK,2026-02-14 23:56,39.00,30.00,69.84,5.75,M,M
OFK,2026-02-15 00:56,35.00,28.00,75.34,9.20,M,M
OFK,2026-02-15 01:56,35.00,27.00,72.30,4.60,M,M
OFK,2026-02-15 02:56,33.00,25.00,72.09,4.60,M,M
OFK,2026-02-15 03:56,28.00,24.00,84.71,5.75,M,M
OFK,2026-02-15 04:56,28.00,22.00,77.88,5.75,M,M
OFK,2026-02-15 05:56,29.00,23.00,77.97,4.60,M,M
OFK,2026-02-15 06:56,28.00,22.00,77.88,0.00,M,M
OFK,2026-02-15 07:56,28.00,21.00,74.65,4.60,M,M
OFK,2026-02-15 08:56,34.00,25.00,69.26,0.00,M,M
OFK,2026-02-15 09:56,46.00,28.00,49.16,0.00,M,M
OFK,2026-02-15 10:56,54.00,28.00,36.51,0.00,M,M
OFK,2026-02-15 11:56,62.00,24.00,23.20,10.35,M,M
OFK,2026-02-15 12:56,63.00,22.00,20.59,12.65,M,M
OFK,2026-02-15 13:56,65.00,24.00,20.89,17.25,M,M
OFK,2026-02-15 14:56,65.00,26.00,22.70,20.70,M,29.90
OFK,2026-02-15 15:56,66.00,38.00,35.59,18.40,M,M
OFK,2026-02-15 16:56,63.00,37.00,37.99,18.40,M,29.90
OFK,2026-02-15 17:56,58.00,38.00,47.19,13.80,M,M
OFK,2026-02-15 18:56,55.00,38.00,52.60,11.50,M,M
OFK,2026-02-15 19:56,54.00,39.00,56.73,16.10,M,M
OFK,2026-02-15 20:56,52.00,40.00,63.48,18.40,M,29.90
OFK,2026-02-15 21:56,51.00,43.00,73.96,16.10,M,M
OFK,2026-02-15 22:56,50.00,43.00,76.76,19.55,M,M
OFK,2026-02-15 23:56,51.00,43.00,73.96,17.25,M,29.90
OFK,2026-02-16 00:56,48.00,41.00,76.58,11.50,M,M
OFK,2026-02-16 01:56,47.00,40.00,76.49,8.05,M,M
OFK,2026-02-16 02:56,42.00,38.00,85.59,4.60,M,M
OFK,2026-02-16 03:56,39.00,37.00,92.45,0.00,M,M
OFK,2026-02-16 04:56,34.00,33.00,96.07,3.45,M,M
OFK,2026-02-16 05:56,35.00,34.00,96.09,4.60,M,M
OFK,2026-02-16 06:56,35.00,34.00,96.09,4.60,M,M
OFK,2026-02-16 07:56,40.00,39.00,96.18,6.90,M,M
OFK,2026-02-16 08:56,46.00,41.00,82.57,6.90,M,M
OFK,2026-02-16 09:56,50.00,41.00,71.06,4.60,M,M
OFK,2026-02-16 10:56,53.00,40.00,61.19,3.45,M,M
OFK,2026-02-16 11:56,56.00,40.00,54.85,0.00,M,M
OFK,2026-02-16 12:56,59.00,40.00,49.24,0.00,M,M
OFK,2026-02-16 13:56,62.00,40.00,44.26,3.45,M,M
OFK,2026-02-16 14:56,64.00,39.00,39.68,4.60,M,M
OFK,2026-02-16 15:56,63.00,39.00,41.10,3.45,M,M
OFK,2026-02-16 16:56,61.00,39.00,44.10,4.60,M,M
OFK,2026-02-16 17:56,57.00,39.00,50.88,6.90,M,M
OFK,2026-02-16 18:56,50.00,39.00,65.75,5.75,M,M
OFK,2026-02-16 19:56,51.00,39.00,63.35,5.75,M,M
OFK,2026-02-16 20:56,48.00,38.00,68.12,6.90,M,M
OFK,2026-02-16 21:56,46.00,38.00,73.46,5.75,M,M
OFK,2026-02-16 22:56,43.00,37.00,79.18,3.45,M,M
OFK,2026-02-16 23:56,44.00,37.00,76.21,3.45,M,M
OFK,2026-02-17 00:56,42.00,38.00,85.59,4.60,M,M
OFK,2026-02-17 01:56,43.00,38.00,82.36,4.60,M,M
OFK,2026-02-17 02:56,44.00,39.00,82.43,8.05,M,M
OFK,2026-02-17 03:56,45.00,39.00,79.35,10.35,M,M
OFK,2026-02-17 04:56,46.00,40.00,79.43,11.50,M,M
OFK,2026-02-17 05:56,45.00,40.00,82.50,10.35,M,M
OFK,2026-02-17 06:56,47.00,42.00,82.65,12.65,M,M
OFK,2026-02-17 07:56,45.00,41.00,85.77,10.35,M,M
OFK,2026-02-17 08:56,47.00,42.00,82.65,13.80,M,M
OFK,2026-02-17 09:56,53.00,44.00,71.39,13.80,M,M
OFK,2026-02-17 10:56,57.00,45.00,64.12,17.25,M,31.05
OFK,2026-02-17 11:56,62.00,46.00,55.72,19.55,M,29.90
OFK,2026-02-17 12:56,64.00,45.00,50.01,21.85,M,32.20
OFK,2026-02-17 13:56,68.00,45.00,43.53,23.00,M,33.35
OFK,2026-02-17 14:56,71.00,43.00,36.40,19.55,M,32.20
OFK,2026-02-17 15:56,71.00,40.00,32.42,17.25,M,35.65
OFK,2026-02-17 16:56,70.00,39.00,32.26,17.25,M,34.50
OFK,2026-02-17 17:56,69.00,37.00,30.86,18.40,11000.00,36.80
OFK,2026-02-17 18:09,68.00,36.00,30.70,32.20,4500.00,49.45
OFK,2026-02-17 18:22,64.00,35.00,33.89,27.60,8500.00,49.45
OFK,2026-02-17 18:56,62.00,31.00,30.96,24.15,11000.00,49.45
OFK,2026-02-17 19:56,55.00,32.00,41.43,9.20,M,41.40
OFK,2026-02-17 20:56,52.00,29.00,40.93,10.35,M,M
OFK,2026-02-17 21:56,52.00,19.00,26.93,14.95,M,M
OFK,2026-02-17 22:56,53.00,18.00,24.86,21.85,M,32.20
OFK,2026-02-17 23:56,50.00,32.00,49.79,24.15,M,47.15
OFK,2026-02-18 00:56,48.00,30.00,49.48,23.00,M,33.35
OFK,2026-02-18 01:56,46.00,30.00,53.35,19.55,M,39.10
OFK,2026-02-18 02:56,45.00,28.00,51.06,21.85,M,31.05
OFK,2026-02-18 03:56,44.00,24.00,44.93,18.40,M,35.65
OFK,2026-02-18 04:56,42.00,21.00,42.75,17.25,M,32.20
OFK,2026-02-18 05:56,40.00,26.00,56.98,16.10,M,M
OFK,2026-02-18 06:56,37.00,25.00,61.48,10.35,M,M
OFK,2026-02-18 07:56,36.00,27.00,69.49,10.35,M,M
OFK,2026-02-18 08:56,41.00,26.00,54.81,13.80,M,M
OFK,2026-02-18 09:56,46.00,20.00,35.17,19.55,M,31.05
OFK,2026-02-18 10:56,49.00,16.00,26.44,23.00,M,39.10
OFK,2026-02-18 11:56,52.00,16.00,23.66,19.55,M,34.50
OFK,2026-02-18 12:56,54.00,16.00,21.98,20.70,M,34.50
OFK,2026-02-18 13:56,55.00,15.00,20.29,20.70,M,M
OFK,2026-02-18 14:56,55.00,14.00,19.42,12.65,M,M
OFK,2026-02-18 15:56,56.00,13.00,17.92,14.95,M,M
OFK,2026-02-18 16:56,54.00,14.00,20.14,10.35,M,M
OFK,2026-02-18 17:56,49.00,13.00,23.19,4.60,M,M
OFK,2026-02-18 18:56,43.00,13.00,29.10,11.50,M,M
OFK,2026-02-18 19:56,39.00,17.00,40.47,16.10,M,M
OFK,2026-02-18 20:56,34.00,16.00,47.22,12.65,M,M
OFK,2026-02-18 21:56,32.00,16.00,51.17,16.10,M,M
OFK,2026-02-18 22:56,29.00,16.00,57.80,16.10,M,M
OFK,2026-02-18 23:56,26.00,15.00,62.61,19.55,M,M
OFK,2026-02-19 00:56,24.00,15.00,68.05,13.80,M,M
OFK,2026-02-19 01:56,21.00,14.00,73.92,16.10,M,M
OFK,2026-02-19 02:56,19.00,13.00,77.04,17.25,M,M
OFK,2026-02-19 03:56,18.00,13.00,80.42,17.25,M,M
OFK,2026-02-19 04:56,16.00,12.00,83.90,16.10,M,M
OFK,2026-02-19 05:56,15.00,11.00,83.83,14.95,1200.00,M
OFK,2026-02-19 06:56,14.00,10.00,83.76,21.85,1200.00,M
OFK,2026-02-19 07:56,15.00,10.00,80.17,20.70,1200.00,M
OFK,2026-02-19 08:49,15.00,10.00,80.17,21.85,1300.00,34.50
OFK,2026-02-19 08:56,16.00,10.00,76.75,23.00,1300.00,34.50
OFK,2026-02-19 09:56,17.00,11.00,76.85,21.85,1400.00,34.50
OFK,2026-02-19 10:22,17.00,11.00,76.85,24.15,1500.00,39.10
OFK,2026-02-19 10:56,17.00,10.00,73.50,32.20,1600.00,44.85
OFK,2026-02-19 11:15,18.00,10.00,70.39,34.50,1600.00,44.85
OFK,2026-02-19 11:56,19.00,9.00,64.48,27.60,7000.00,48.30
OFK,2026-02-19 12:39,20.00,9.00,61.78,26.45,2100.00,43.70
OFK,2026-02-19 12:56,20.00,8.00,59.06,21.85,2200.00,43.70
OFK,2026-02-19 13:37,20.00,8.00,59.06,26.45,2300.00,43.70
OFK,2026-02-19 13:56,21.00,8.00,56.59,29.90,2400.00,43.70
OFK,2026-02-19 14:27,21.00,8.00,56.59,25.30,2600.00,40.25
OFK,2026-02-19 14:56,21.00,8.00,56.59,25.30,2500.00,40.25
OFK,2026-02-19 15:56,21.00,11.00,64.74,27.60,2700.00,41.40
OFK,2026-02-19 16:07,21.00,12.00,67.68,24.15,2700.00,33.35
OFK,2026-02-19 16:17,21.00,14.00,73.92,23.00,2900.00,34.50
OFK,2026-02-19 16:56,20.00,15.00,80.59,21.85,2800.00,35.65
OFK,2026-02-19 17:12,20.00,16.00,84.18,16.10,2200.00,29.90
OFK,2026-02-19 17:34,20.00,15.00,80.59,20.70,1200.00,29.90
OFK,2026-02-19 17:56,19.00,15.00,84.11,20.70,1000.00,31.05
OFK,2026-02-19 18:33,19.00,15.00,84.11,20.70,900.00,M
OFK,2026-02-19 18:56,18.00,15.00,87.80,23.00,900.00,32.20
OFK,2026-02-19 19:08,18.00,15.00,87.80,18.40,1000.00,M
OFK,2026-02-19 19:16,18.00,14.00,84.04,14.95,1100.00,M
OFK,2026-02-19 19:56,18.00,14.00,84.04,18.40,1200.00,M
OFK,2026-02-19 20:30,17.00,13.00,83.97,17.25,1600.00,M
OFK,2026-02-19 20:56,17.00,12.00,80.34,19.55,2200.00,31.05
OFK,2026-02-19 21:06,17.00,12.00,80.34,21.85,2400.00,32.20
OFK,2026-02-19 21:35,16.00,11.00,80.26,21.85,2200.00,32.20
OFK,2026-02-19 21:56,16.00,11.00,80.26,23.00,1800.00,33.35
OFK,2026-02-19 22:34,16.00,8.00,70.16,24.15,2400.00,32.20
OFK,2026-02-19 22:47,16.00,6.00,64.07,23.00,3800.00,35.65
OFK,2026-02-19 22:56,16.00,5.00,61.21,19.55,4600.00,35.65
OFK,2026-02-19 23:56,14.00,4.00,63.80,24.15,3200.00,37.95
OFK,2026-02-20 00:56,14.00,4.00,63.80,17.25,10000.00,32.20
OFK,2026-02-20 01:56,14.00,2.00,58.16,24.15,11000.00,33.35
OFK,2026-02-20 02:56,13.00,2.00,60.77,18.40,11000.00,31.05
OFK,2026-02-20 03:56,13.00,2.00,60.77,17.25,12000.00,M
OFK,2026-02-20 04:56,12.00,1.00,60.63,17.25,12000.00,M
OFK,2026-02-20 05:56,11.00,2.00,66.41,13.80,12000.00,M
OFK,2026-02-20 06:56,10.00,1.00,66.27,10.35,M,M
OFK,2026-02-20 07:56,9.00,1.00,69.31,8.05,M,M
OFK,2026-02-20 08:56,12.00,2.00,63.52,11.50,M,M
OFK,2026-02-20 09:56,14.00,2.00,58.16,16.10,M,M
OFK,2026-02-20 10:56,16.00,2.00,53.29,13.80,M,M
OFK,2026-02-20 11:56,19.00,4.00,51.36,14.95,M,M
OFK,2026-02-20 12:56,21.00,5.00,49.38,11.50,M,M
OFK,2026-02-20 13:56,24.00,6.00,45.54,12.65,M,M
OFK,2026-02-20 14:56,26.00,6.00,41.90,10.35,M,M
OFK,2026-02-20 15:56,27.00,6.00,40.20,12.65,M,M
OFK,2026-02-20 16:56,27.00,6.00,40.20,9.20,M,M
OFK,2026-02-20 17:56,23.00,6.00,47.50,6.90,M,M
OFK,2026-02-20 18:56,20.00,6.00,53.93,8.05,M,M
OFK,2026-02-20 19:56,18.00,5.00,56.13,3.45,M,M
OFK,2026-02-20 20:56,17.00,5.00,58.61,3.45,M,M
OFK,2026-02-20 21:56,13.00,6.00,73.06,3.45,M,M
OFK,2026-02-20 22:56,17.00,4.00,55.98,0.00,M,M
OFK,2026-02-20 23:56,12.00,4.00,69.68,3.45,M,M
OFK,2026-02-21 00:56,11.00,3.00,69.56,4.60,M,M
OFK,2026-02-21 01:56,13.00,6.00,73.06,5.75,M,M
OFK,2026-02-21 02:56,12.00,5.00,72.95,4.60,M,M
OFK,2026-02-21 03:56,10.00,4.00,76.17,3.45,M,M
OFK,2026-02-21 04:56,10.00,4.00,76.17,5.75,M,M
OFK,2026-02-21 05:56,11.00,5.00,76.27,6.90,M,M
OFK,2026-02-21 06:56,12.00,6.00,76.36,4.60,12000.00,M
OFK,2026-02-21 07:56,13.00,7.00,76.46,4.60,12000.00,M
OFK,2026-02-21 08:56,15.00,8.00,73.28,6.90,M,M
OFK,2026-02-21 09:56,18.00,10.00,70.39,6.90,M,M
OFK,2026-02-21 10:56,21.00,10.00,61.92,8.05,M,M
OFK,2026-02-21 11:56,24.00,10.00,54.56,9.20,M,M
OFK,2026-02-21 12:56,28.00,11.00,48.33,9.20,M,M
OFK,2026-02-21 13:56,30.00,11.00,44.53,8.05,M,M
OFK,2026-02-21 14:56,32.00,12.00,42.93,17.25,M,M
OFK,2026-02-21 15:56,32.00,12.00,42.93,18.40,M,M
OFK,2026-02-21 16:56,31.00,11.00,42.76,16.10,M,M
OFK,2026-02-21 17:56,28.00,11.00,48.33,14.95,M,M
OFK,2026-02-21 18:56,25.00,10.00,52.33,10.35,5500.00,M
OFK,2026-02-21 19:56,23.00,9.00,54.40,9.20,M,M
OFK,2026-02-21 20:56,20.00,9.00,61.78,9.20,M,M
OFK,2026-02-21 21:56,21.00,7.00,54.09,11.50,M,M
OFK,2026-02-21 22:56,19.00,7.00,58.91,10.35,M,M
OFK,2026-02-21 23:56,16.00,4.00,58.46,14.95,M,M
OFK,2026-02-22 00:56,14.00,4.00,63.80,11.50,M,M
OFK,2026-02-22 01:56,11.00,2.00,66.41,19.55,M,34.50
OFK,2026-02-22 02:56,9.00,0.00,66.14,23.00,M,34.50
OFK,2026-02-22 03:56,7.00,-2.00,65.88,20.70,M,31.05
OFK,2026-02-22 04:56,6.00,-2.00,68.94,18.40,M,M
OFK,2026-02-22 05:56,5.00,-2.00,72.17,11.50,M,M
OFK,2026-02-22 06:56,5.00,-2.00,72.17,14.95,M,M
OFK,2026-02-22 07:56,5.00,-2.00,72.17,17.25,M,M
OFK,2026-02-22 08:56,8.00,-1.00,66.01,21.85,M,29.90
OFK,2026-02-22 09:56,12.00,0.00,57.86,18.40,M,M
OFK,2026-02-22 10:56,15.00,1.00,53.13,17.25,M,M
OFK,2026-02-22 11:56,18.00,2.00,48.88,17.25,M,M
OFK,2026-02-22 12:56,22.00,3.00,43.17,17.25,M,M
OFK,2026-02-22 13:56,24.00,3.00,39.68,16.10,M,M
OFK,2026-02-22 14:56,27.00,4.00,36.68,16.10,M,M
OFK,2026-02-22 15:56,27.00,3.00,35.03,16.10,M,M
OFK,2026-02-22 16:56,25.00,3.00,38.06,13.80,M,M
OFK,2026-02-22 17:56,23.00,3.00,41.38,12.65,M,M
OFK,2026-02-22 18:56,19.00,3.00,49.04,10.35,M,M
OFK,2026-02-22 19:56,17.00,3.00,53.46,9.20,M,M
OFK,2026-02-22 20:56,16.00,2.00,53.29,9.20,M,M
OFK,2026-02-22 21:56,14.00,2.00,58.16,8.05,M,M
OFK,2026-02-22 22:56,11.00,1.00,63.38,8.05,M,M
OFK,2026-02-22 23:56,10.00,0.00,63.24,12.65,M,M
OFK,2026-02-23 00:56,8.00,0.00,69.19,11.50,M,M
OFK,2026-02-23 01:56,6.00,0.00,75.76,9.20,M,M
OFK,2026-02-23 02:56,5.00,-1.00,75.66,4.60,M,M
OFK,2026-02-23 03:56,1.00,-2.00,86.84,4.60,M,M
OFK,2026-02-23 04:56,1.00,-2.00,86.84,0.00,M,M
OFK,2026-02-23 05:56,0.00,-3.00,86.78,0.00,M,M
OFK,2026-02-23 06:56,0.00,-3.00,86.78,3.45,M,M
OFK,2026-02-23 07:56,4.00,0.00,83.03,4.60,M,M
OFK,2026-02-23 08:56,7.00,2.00,79.48,6.90,M,M
OFK,2026-02-23 09:56,10.00,2.00,69.44,10.35,M,M
OFK,2026-02-23 10:56,14.00,3.00,60.92,10.35,M,M
OFK,2026-02-23 11:56,16.00,5.00,61.21,12.65,M,M
OFK,2026-02-23 12:56,19.00,6.00,56.29,13.80,M,M
OFK,2026-02-23 13:56,21.00,8.00,56.59,12.65,M,M
OFK,2026-02-23 14:56,23.00,10.00,56.90,16.10,M,M
OFK,2026-02-23 15:56,24.00,11.00,57.05,13.80,M,M
OFK,2026-02-23 16:56,24.00,12.00,59.64,11.50,M,M
OFK,2026-02-23 17:56,23.00,12.00,62.20,12.65,M,M
OFK,2026-02-23 18:56,21.00,12.00,67.68,11.50,M,M
OFK,2026-02-23 19:56,21.00,12.00,67.68,13.80,M,M
OFK,2026-02-23 20:56,19.00,12.00,73.71,10.35,M,M
OFK,2026-02-23 21:56,22.00,12.00,64.88,9.20,M,M
OFK,2026-02-23 22:56,27.00,13.00,55.03,4.60,M,M
OFK,2026-02-23 23:56,27.00,13.00,55.03,9.20,M,M
OFK,2026-02-24 00:56,28.00,15.00,57.65,9.20,M,M
OFK,2026-02-24 01:56,29.00,18.00,63.02,6.90,M,M
OFK,2026-02-24 02:56,28.00,18.00,65.66,9.20,M,M
OFK,2026-02-24 03:56,29.00,19.00,65.79,5.75,M,M
OFK,2026-02-24 04:56,28.00,20.00,71.54,4.60,M,M
OFK,2026-02-24 05:56,27.00,20.00,74.54,3.45,M,M
OFK,2026-02-24 06:56,25.00,20.00,80.99,5.75,M,M
OFK,2026-02-24 07:56,26.00,20.00,77.69,3.45,M,M
OFK,2026-02-24 08:56,34.00,23.00,63.69,6.90,M,M
OFK,2026-02-24 09:56,45.00,26.00,47.01,9.20,M,M
OFK,2026-02-24 10:56,52.00,26.00,36.17,24.15,M,32.20
OFK,2026-02-24 11:56,54.00,27.00,35.03,24.15,M,32.20
OFK,2026-02-24 12:56,54.00,26.00,33.61,19.55,M,33.35
OFK,2026-02-24 13:56,54.00,26.00,33.61,23.00,M,33.35
OFK,2026-02-24 14:56,55.00,26.00,32.41,19.55,M,31.05
OFK,2026-02-24 15:56,54.00,27.00,35.03,17.25,M,32.20
OFK,2026-02-24 16:56,52.00,27.00,37.70,10.35,M,M
OFK,2026-02-24 17:56,45.00,26.00,47.01,8.05,M,M
OFK,2026-02-24 18:56,42.00,26.00,52.74,8.05,M,M
OFK,2026-02-24 19:56,36.00,26.00,66.67,0.00,M,M
OFK,2026-02-24 20:56,35.00,27.00,72.30,4.60,M,M
OFK,2026-02-24 21:56,32.00,27.00,81.54,5.75,8000.00,M
OFK,2026-02-24 22:56,32.00,27.00,81.54,3.45,8000.00,M
OFK,2026-02-24 23:56,31.00,26.00,81.46,0.00,8500.00,M
OFK,2026-02-25 00:56,30.00,26.00,84.84,0.00,M,M
OFK,2026-02-25 01:56,32.00,27.00,81.54,6.90,11000.00,M
OFK,2026-02-25 02:56,34.00,27.00,75.25,8.05,12000.00,M
OFK,2026-02-25 03:56,32.00,25.00,75.05,8.05,10000.00,M
OFK,2026-02-25 04:56,29.00,22.00,74.75,9.20,12000.00,M
OFK,2026-02-25 05:56,28.00,20.00,71.54,6.90,12000.00,M
OFK,2026-02-25 06:56,26.00,19.00,74.44,10.35,7000.00,M
OFK,2026-02-25 07:56,26.00,15.00,62.61,8.05,11000.00,M
OFK,2026-02-25 08:56,28.00,16.00,60.22,10.35,10000.00,M
OFK,2026-02-25 09:56,29.00,17.00,60.36,8.05,8000.00,M
OFK,2026-02-25 10:56,31.00,18.00,58.09,10.35,5500.00,M
OFK,2026-02-25 11:56,32.00,18.00,55.79,9.20,5000.00,M
OFK,2026-02-25 12:56,35.00,21.00,56.24,6.90,8000.00,M
OFK,2026-02-25 13:56,35.00,21.00,56.24,10.35,M,M
OFK,2026-02-25 14:56,35.00,22.00,58.67,9.20,12000.00,M
OFK,2026-02-25 15:56,34.00,22.00,61.06,9.20,9000.00,M
OFK,2026-02-25 16:56,35.00,23.00,61.20,10.35,8000.00,M
OFK,2026-02-25 17:56,33.00,23.00,66.30,9.20,7500.00,M
OFK,2026-02-25 18:56,33.00,23.00,66.30,9.20,5500.00,M
OFK,2026-02-25 19:56,32.00,23.00,69.02,8.05,5500.00,M
OFK,2026-02-25 20:56,32.00,23.00,69.02,9.20,6000.00,M
OFK,2026-02-25 21:56,29.00,22.00,74.75,3.45,M,M
OFK,2026-02-25 22:56,26.00,22.00,84.58,0.00,M,M
OFK,2026-02-25 23:56,22.00,20.00,91.86,3.45,M,M
OFK,2026-02-26 00:56,18.00,17.00,95.78,3.45,M,M
OFK,2026-02-26 01:56,23.00,21.00,91.90,3.45,M,M
OFK,2026-02-26 02:56,22.00,21.00,95.85,0.00,M,M
OFK,2026-02-26 03:56,22.00,20.00,91.86,0.00,M,M
OFK,2026-02-26 04:56,21.00,20.00,95.83,0.00,M,M
OFK,2026-02-26 05:56,19.00,18.00,95.79,0.00,M,M
OFK,2026-02-26 06:56,20.00,20.00,100.00,3.45,M,M
OFK,2026-02-26 07:56,26.00,23.00,88.22,4.60,M,M
OFK,2026-02-26 08:56,35.00,29.00,78.50,5.75,M,M
OFK,2026-02-26 09:56,43.00,29.00,57.42,8.05,M,M
OFK,2026-02-26 10:56,51.00,27.00,39.12,6.90,M,M
OFK,2026-02-26 11:56,58.00,17.00,19.86,12.65,M,M
OFK,2026-02-26 12:56,60.00,20.00,21.03,18.40,M,M
OFK,2026-02-26 13:56,62.00,20.00,19.59,13.80,M,M
OFK,2026-02-26 14:56,63.00,20.00,18.92,18.40,M,31.05
OFK,2026-02-26 15:56,62.00,20.00,19.59,18.40,M,35.65
OFK,2026-02-26 16:56,60.00,19.00,20.15,20.70,M,29.90
OFK,2026-02-26 17:56,56.00,19.00,23.27,10.35,M,29.90
OFK,2026-02-26 18:56,48.00,18.00,29.93,4.60,M,M
OFK,2026-02-26 19:56,39.00,19.00,44.11,5.75,M,M
OFK,2026-02-26 20:56,36.00,19.00,49.63,8.05,M,M
OFK,2026-02-26 21:56,31.00,19.00,60.64,3.45,M,M
OFK,2026-02-26 22:56,30.00,19.00,63.16,0.00,M,M
OFK,2026-02-26 23:56,28.00,18.00,65.66,4.60,M,M
OFK,2026-02-27 00:56,32.00,19.00,58.24,3.45,M,M
OFK,2026-02-27 01:56,26.00,19.00,74.44,3.45,M,M
OFK,2026-02-27 02:56,26.00,20.00,77.69,4.60,M,M
OFK,2026-02-27 03:56,32.00,22.00,66.17,4.60,M,M
OFK,2026-02-27 04:56,30.00,21.00,68.78,0.00,M,M
OFK,2026-02-27 05:56,30.00,21.00,68.78,3.45,M,M
OFK,2026-02-27 06:56,29.00,21.00,71.65,3.45,M,M
OFK,2026-02-27 07:56,34.00,24.00,66.42,9.20,M,M
OFK,2026-02-27 08:56,45.00,24.00,43.25,10.35,M,M
OFK,2026-02-27 09:56,53.00,24.00,32.08,10.35,M,M
OFK,2026-02-27 10:56,61.00,19.00,19.45,13.80,M,M
OFK,2026-02-27 11:56,63.00,18.00,17.36,26.45,M,37.95
OFK,2026-02-27 12:56,65.00,17.00,15.51,26.45,M,36.80
OFK,2026-02-27 13:56,65.00,18.00,16.19,23.00,M,34.50
OFK,2026-02-27 14:56,64.00,19.00,17.50,23.00,M,33.35
OFK,2026-02-27 15:56,63.00,20.00,18.92,14.95,M,35.65
OFK,2026-02-27 16:56,61.00,19.00,19.45,19.55,M,34.50
OFK,2026-02-27 17:56,57.00,20.00,23.42,11.50,M,M
OFK,2026-02-27 18:56,53.00,20.00,27.09,9.20,M,M
OFK,2026-02-27 19:56,46.00,21.00,36.69,5.75,M,M
OFK,2026-02-27 20:56,43.00,21.00,41.14,3.45,M,M
OFK,2026-02-27 21:56,38.00,22.00,52.11,5.75,M,M
OFK,2026-02-27 22:56,40.00,22.00,48.20,5.75,M,M
OFK,2026-02-27 23:56,38.00,22.00,52.11,10.35,M,M
OFK,2026-02-28 00:56,35.00,22.00,58.67,9.20,M,M
OFK,2026-02-28 01:56,33.00,22.00,63.56,10.35,M,M
OFK,2026-02-28 02:56,31.00,20.00,63.29,10.35,M,M
OFK,2026-02-28 03:56,29.00,16.00,57.80,8.05,M,M
OFK,2026-02-28 04:56,26.00,16.00,65.40,10.35,M,M
OFK,2026-02-28 05:56,24.00,15.00,68.05,9.20,M,M
OFK,2026-02-28 06:56,22.00,14.00,70.86,6.90,M,M
OFK,2026-02-28 07:56,22.00,14.00,70.86,10.35,M,M
OFK,2026-02-28 08:56,26.00,13.00,57.35,17.25,M,M
OFK,2026-02-28 09:56,30.00,10.00,42.59,17.25,M,M
OFK,2026-02-28 10:56,33.00,10.00,37.72,17.25,M,M
OFK,2026-02-28 11:56,36.00,8.00,30.59,16.10,M,M
OFK,2026-02-28 12:56,37.00,11.00,33.64,11.50,M,M
OFK,2026-02-28 13:56,39.00,10.00,29.74,11.50,M,M
OFK,2026-02-28 14:56,40.00,10.00,28.60,12.65,M,M
OFK,2026-02-28 15:56,40.00,11.00,29.91,10.35,M,M
OFK,2026-02-28 16:56,39.00,12.00,32.51,9.20,M,M
OFK,2026-02-28 17:56,36.00,13.00,38.24,8.05,M,M
OFK,2026-02-28 18:56,32.00,15.00,48.98,8.05,M,M
OFK,2026-02-28 19:56,29.00,14.00,52.96,10.35,M,M
OFK,2026-02-28 20:56,26.00,14.00,59.93,9.20,M,M
OFK,2026-02-28 21:56,25.00,14.00,62.47,6.90,M,M
OFK,2026-02-28 22:56,22.00,13.00,67.81,9.20,M,M
OFK,2026-02-28 23:56,19.00,13.00,77.04,9.20,M,M
OFK,2026-03-01 00:56,18.00,13.00,80.42,6.90,M,M
OFK,2026-03-01 01:56,16.00,12.00,83.90,5.75,M,M
OFK,2026-03-01 02:56,15.00,12.00,87.64,9.20,M,M
OFK,2026-03-01 03:56,14.00,11.00,87.58,4.60,M,M
OFK,2026-03-01 04:56,14.00,11.00,87.58,5.75,M,M
OFK,2026-03-01 05:56,14.00,11.00,87.58,4.60,M,M
OFK,2026-03-01 06:48,15.00,12.00,87.64,6.90,800.00,M
OFK,2026-03-01 06:56,15.00,12.00,87.64,6.90,800.00,M
OFK,2026-03-01 07:20,15.00,12.00,87.64,5.75,800.00,M
OFK,2026-03-01 07:56,16.00,12.00,83.90,8.05,M,M
OFK,2026-03-01 08:25,17.00,14.00,87.75,12.65,700.00,M
OFK,2026-03-01 08:33,17.00,14.00,87.75,10.35,700.00,M
OFK,2026-03-01 08:56,18.00,15.00,87.80,8.05,700.00,M
OFK,2026-03-01 09:09,19.00,15.00,84.11,6.90,700.00,M
OFK,2026-03-01 09:56,22.00,15.00,74.03,11.50,10000.00,M
OFK,2026-03-01 10:56,26.00,15.00,62.61,9.20,10000.00,M
OFK,2026-03-01 11:56,26.00,16.00,65.40,13.80,7000.00,M
OFK,2026-03-01 12:56,28.00,16.00,60.22,11.50,5500.00,M
OFK,2026-03-01 13:56,31.00,16.00,53.28,10.35,7000.00,M
OFK,2026-03-01 14:56,34.00,17.00,49.31,10.35,7000.00,M
OFK,2026-03-01 15:56,36.00,17.00,45.54,12.65,M,M
OFK,2026-03-01 16:56,34.00,17.00,49.31,8.05,6000.00,M
OFK,2026-03-01 17:56,33.00,17.00,51.32,11.50,5500.00,M
OFK,2026-03-01 18:56,32.00,18.00,55.79,4.60,4400.00,M
OFK,2026-03-01 19:56,29.00,18.00,63.02,5.75,6000.00,M
OFK,2026-03-01 20:56,28.00,18.00,65.66,4.60,5500.00,M
OFK,2026-03-01 21:56,26.00,18.00,71.31,4.60,5500.00,M
OFK,2026-03-01 22:56,24.00,17.00,74.24,0.00,5500.00,M
OFK,2026-03-01 23:56,23.00,17.00,77.42,0.00,5500.00,M
OFK,2026-03-02 00:56,23.00,17.00,77.42,0.00,M,M
OFK,2026-03-02 01:18,23.00,18.00,80.83,0.00,2700.00,M
OFK,2026-03-02 01:56,26.00,21.00,81.07,4.60,2500.00,M
OFK,2026-03-02 02:56,27.00,20.00,74.54,5.75,2100.00,M
OFK,2026-03-02 03:56,27.00,20.00,74.54,4.60,2100.00,M
OFK,2026-03-02 04:29,28.00,21.00,74.65,4.60,2200.00,M
OFK,2026-03-02 04:56,28.00,21.00,74.65,3.45,3000.00,M
OFK,2026-03-02 05:18,29.00,21.00,71.65,4.60,2900.00,M
OFK,2026-03-02 05:56,29.00,21.00,71.65,5.75,2100.00,M
OFK,2026-03-02 06:56,30.00,20.00,65.92,6.90,1800.00,M
OFK,2026-03-02 07:56,31.00,19.00,60.64,9.20,2300.00,M
OFK,2026-03-02 08:56,33.00,22.00,63.56,11.50,1800.00,M
OFK,2026-03-02 09:56,34.00,24.00,66.42,13.80,1800.00,M
OFK,2026-03-02 10:56,36.00,25.00,63.96,10.35,2200.00,M
OFK,2026-03-02 11:56,40.00,27.00,59.39,16.10,2100.00,M
OFK,2026-03-02 12:17,40.00,28.00,61.89,14.95,2100.00,M
OFK,2026-03-02 12:56,40.00,28.00,61.89,13.80,2100.00,M
OFK,2026-03-02 13:56,42.00,30.00,62.16,13.80,2000.00,M
OFK,2026-03-02 14:56,43.00,31.00,62.29,6.90,2300.00,M
OFK,2026-03-02 15:29,43.00,31.00,62.29,6.90,2100.00,M
OFK,2026-03-02 15:56,43.00,32.00,64.86,9.20,3200.00,M
OFK,2026-03-02 16:56,44.00,31.00,59.95,8.05,11000.00,M
OFK,2026-03-02 17:56,42.00,31.00,64.74,8.05,11000.00,M
OFK,2026-03-02 18:56,41.00,31.00,67.29,8.05,2800.00,M
OFK,2026-03-02 19:11,41.00,31.00,67.29,6.90,2800.00,M
OFK,2026-03-02 19:56,41.00,30.00,64.61,8.05,2600.00,M
OFK,2026-03-02 20:56,40.00,31.00,69.95,10.35,2500.00,M
OFK,2026-03-02 21:56,40.00,31.00,69.95,5.75,2300.00,M
OFK,2026-03-02 22:56,40.00,33.00,75.83,5.75,2800.00,M
OFK,2026-03-02 23:11,41.00,33.00,72.94,6.90,3000.00,M
OFK,2026-03-02 23:40,41.00,34.00,75.92,10.35,2800.00,M
OFK,2026-03-02 23:56,41.00,35.00,79.01,10.35,2700.00,M
OFK,2026-03-03 00:56,40.00,35.00,82.14,8.05,2200.00,M
OFK,2026-03-03 01:49,39.00,36.00,88.87,4.60,1000.00,M
OFK,2026-03-03 01:56,39.00,36.00,88.87,5.75,1000.00,M
OFK,2026-03-03 02:25,38.00,37.00,96.14,4.60,800.00,M
OFK,2026-03-03 02:38,38.00,38.00,100.00,4.60,600.00,M
OFK,2026-03-03 02:56,38.00,38.00,100.00,3.45,400.00,M
OFK,2026-03-03 03:22,38.00,38.00,100.00,5.75,400.00,M
OFK,2026-03-03 03:40,38.00,38.00,100.00,3.45,400.00,M
OFK,2026-03-03 03:56,38.00,38.00,100.00,0.00,400.00,M
OFK,2026-03-03 04:44,38.00,37.00,96.14,3.45,500.00,M
OFK,2026-03-03 04:56,38.00,38.00,100.00,4.60,500.00,M
OFK,2026-03-03 05:23,38.00,37.00,96.14,0.00,400.00,M
OFK,2026-03-03 05:54,37.40,37.40,100.00,0.00,300.00,M
OFK,2026-03-03 05:56,38.00,37.00,96.14,0.00,300.00,M
OFK,2026-03-03 06:13,38.00,37.00,96.14,3.45,300.00,M
OFK,2026-03-03 06:38,38.00,38.00,100.00,0.00,300.00,M
OFK,2026-03-03 06:53,37.40,37.40,100.00,0.00,200.00,M
OFK,2026-03-03 06:56,37.00,37.00,100.00,0.00,200.00,M
OFK,2026-03-03 07:56,38.00,38.00,100.00,4.60,200.00,M
OFK,2026-03-03 08:33,38.00,38.00,100.00,3.45,200.00,M
OFK,2026-03-03 08:56,39.00,39.00,100.00,3.45,200.00,M
OFK,2026-03-03 09:56,40.00,39.00,96.18,0.00,500.00,M
OFK,2026-03-03 10:56,41.00,39.00,92.51,3.45,800.00,M
OFK,2026-03-03 11:10,41.00,39.00,92.51,3.45,1000.00,M
OFK,2026-03-03 11:56,41.00,39.00,92.51,4.60,1200.00,M
OFK,2026-03-03 12:56,44.00,38.00,79.27,5.75,1400.00,M
OFK,2026-03-03 13:13,45.00,38.00,76.30,4.60,1500.00,M
OFK,2026-03-03 13:56,46.00,38.00,73.46,3.45,1700.00,M
OFK,2026-03-03 14:56,47.00,38.00,70.74,5.75,2100.00,M
OFK,2026-03-03 15:56,47.00,38.00,70.74,10.35,2100.00,M
OFK,2026-03-03 16:56,46.00,38.00,73.46,10.35,2100.00,M
OFK,2026-03-03 17:56,46.00,38.00,73.46,3.45,2300.00,M
OFK,2026-03-03 18:56,45.00,38.00,76.30,5.75,2300.00,M
OFK,2026-03-03 19:56,43.00,37.00,79.18,4.60,2800.00,M
OFK,2026-03-03 20:08,43.00,37.00,79.18,5.75,3000.00,M
OFK,2026-03-03 20:56,42.00,37.00,82.29,3.45,2500.00,M
OFK,2026-03-03 21:05,42.00,37.00,82.29,3.45,2600.00,M
OFK,2026-03-03 21:56,41.00,37.00,85.53,3.45,2200.00,M
OFK,2026-03-03 22:56,41.00,37.00,85.53,0.00,1700.00,M
OFK,2026-03-03 23:56,41.00,37.00,85.53,0.00,1600.00,M
OFK,2026-03-04 00:56,41.00,37.00,85.53,0.00,1500.00,M
OFK,2026-03-04 01:34,41.00,37.00,85.53,0.00,1400.00,M
OFK,2026-03-04 01:56,40.00,37.00,88.91,0.00,1300.00,M
OFK,2026-03-04 02:56,40.00,37.00,88.91,3.45,1300.00,M
OFK,2026-03-04 03:25,40.00,37.00,88.91,3.45,1200.00,M
OFK,2026-03-04 03:56,40.00,37.00,88.91,0.00,2100.00,M
OFK,2026-03-04 04:56,41.00,37.00,85.53,3.45,1600.00,M
OFK,2026-03-04 05:09,40.00,36.00,85.47,4.60,1400.00,M
OFK,2026-03-04 05:49,40.00,37.00,88.91,5.75,800.00,M
OFK,2026-03-04 05:56,40.00,37.00,88.91,5.75,800.00,M
OFK,2026-03-04 06:56,39.00,37.00,92.45,4.60,700.00,M
OFK,2026-03-04 07:13,39.00,38.00,96.16,4.60,500.00,M
OFK,2026-03-04 07:20,39.00,38.00,96.16,0.00,500.00,M
OFK,2026-03-04 07:28,39.00,38.00,96.16,0.00,400.00,M
OFK,2026-03-04 07:56,38.00,38.00,100.00,0.00,300.00,M
OFK,2026-03-04 08:21,38.00,38.00,100.00,3.45,400.00,M
OFK,2026-03-04 08:56,39.00,38.00,96.16,3.45,300.00,M
OFK,2026-03-04 09:56,39.00,39.00,100.00,4.60,200.00,M
OFK,2026-03-04 10:30,41.00,40.00,96.19,3.45,300.00,M
OFK,2026-03-04 10:39,41.00,40.00,96.19,0.00,300.00,M
OFK,2026-03-04 10:56,41.00,40.00,96.19,3.45,400.00,M
OFK,2026-03-04 11:09,42.00,40.00,92.55,0.00,500.00,M
OFK,2026-03-04 11:56,45.00,40.00,82.50,5.75,900.00,M
OFK,2026-03-04 12:16,46.00,40.00,79.43,4.60,1000.00,M
OFK,2026-03-04 12:56,48.00,40.00,73.66,4.60,1300.00,M
OFK,2026-03-04 13:36,50.00,41.00,71.06,8.05,1500.00,M
OFK,2026-03-04 13:56,51.00,41.00,68.48,3.45,3200.00,M
OFK,2026-03-04 14:56,52.00,41.00,65.99,6.90,3200.00,M
OFK,2026-03-04 15:56,52.00,41.00,65.99,8.05,3100.00,M
OFK,2026-03-04 16:56,52.00,41.00,65.99,10.35,2400.00,M
OFK,2026-03-04 17:09,52.00,42.00,68.59,12.65,2300.00,M
OFK,2026-03-04 17:56,48.00,41.00,76.58,10.35,2600.00,M
OFK,2026-03-04 18:56,40.00,38.00,92.48,6.90,M,M
OFK,2026-03-04 19:56,39.00,37.00,92.45,6.90,M,M
OFK,2026-03-04 20:56,36.00,36.00,100.00,5.75,M,M
OFK,2026-03-04 21:56,35.00,35.00,100.00,5.75,M,M
OFK,2026-03-04 22:46,36.00,36.00,100.00,4.60,M,M
OFK,2026-03-04 22:56,33.00,33.00,100.00,5.75,M,M
OFK,2026-03-04 23:02,32.00,32.00,100.00,4.60,M,M
OFK,2026-03-04 23:10,33.00,33.00,100.00,4.60,M,M
OFK,2026-03-04 23:36,32.00,32.00,100.00,5.75,M,M
OFK,2026-03-04 23:44,31.00,31.00,100.00,6.90,M,M
OFK,2026-03-04 23:56,32.00,32.00,100.00,4.60,M,M
OFK,2026-03-05 00:07,31.00,31.00,100.00,5.75,M,M
OFK,2026-03-05 00:19,31.00,31.00,100.00,5.75,500.00,M
OFK,2026-03-05 00:32,32.00,32.00,100.00,5.75,500.00,M
OFK,2026-03-05 00:36,33.00,33.00,100.00,5.75,500.00,M
OFK,2026-03-05 00:46,34.00,34.00,100.00,4.60,500.00,M
OFK,2026-03-05 00:56,34.00,34.00,100.00,5.75,M,M
OFK,2026-03-05 01:06,33.00,33.00,100.00,4.60,600.00,M
OFK,2026-03-05 01:13,33.00,33.00,100.00,3.45,600.00,M
OFK,2026-03-05 01:28,32.00,32.00,100.00,0.00,400.00,M
OFK,2026-03-05 01:48,38.00,38.00,100.00,8.05,200.00,M
OFK,2026-03-05 01:56,37.00,37.00,100.00,9.20,200.00,M
OFK,2026-03-05 02:56,38.00,38.00,100.00,6.90,200.00,M
OFK,2026-03-05 03:56,36.00,36.00,100.00,10.35,200.00,M
OFK,2026-03-05 04:05,35.00,35.00,100.00,8.05,200.00,M
OFK,2026-03-05 04:33,35.00,35.00,100.00,6.90,200.00,M
OFK,2026-03-05 04:56,35.00,35.00,100.00,5.75,200.00,M
OFK,2026-03-05 05:56,35.00,35.00,100.00,5.75,200.00,M
OFK,2026-03-05 06:09,36.00,36.00,100.00,8.05,200.00,M
OFK,2026-03-05 06:56,35.00,35.00,100.00,6.90,200.00,M
OFK,2026-03-05 07:18,35.00,35.00,100.00,6.90,200.00,M
OFK,2026-03-05 07:56,35.00,35.00,100.00,8.05,200.00,M
OFK,2026-03-05 08:16,36.00,36.00,100.00,8.05,200.00,M
OFK,2026-03-05 08:44,38.00,38.00,100.00,8.05,200.00,M
OFK,2026-03-05 08:56,38.00,38.00,100.00,9.20,200.00,M
OFK,2026-03-05 09:08,39.00,39.00,100.00,6.90,300.00,M
OFK,2026-03-05 09:27,40.00,40.00,100.00,8.05,300.00,M
OFK,2026-03-05 09:56,42.00,41.00,96.21,12.65,400.00,M
OFK,2026-03-05 10:17,45.00,42.00,89.15,11.50,500.00,M
OFK,2026-03-05 10:32,46.00,42.00,85.83,13.80,800.00,M
OFK,2026-03-05 10:56,52.00,42.00,68.59,18.40,1300.00,M
OFK,2026-03-05 11:56,55.00,42.00,61.46,19.55,M,M
OFK,2026-03-05 12:56,58.00,42.00,55.14,18.40,M,M
OFK,2026-03-05 13:56,59.00,40.00,49.24,18.40,M,29.90
OFK,2026-03-05 14:56,60.00,39.00,45.69,18.40,M,M
OFK,2026-03-05 15:56,59.00,38.00,45.53,18.40,M,M
OFK,2026-03-05 16:56,58.00,40.00,51.03,17.25,M,M
OFK,2026-03-05 17:56,57.00,40.00,52.90,12.65,M,M
OFK,2026-03-05 18:56,54.00,42.00,63.74,13.80,M,M
OFK,2026-03-05 19:56,52.00,42.00,68.59,17.25,4800.00,M
OFK,2026-03-05 20:53,51.80,42.80,71.26,13.80,2800.00,M
OFK,2026-03-05 20:56,52.00,42.00,68.59,12.65,2500.00,M
OFK,2026-03-05 21:14,53.00,42.00,66.11,16.10,2700.00,M
OFK,2026-03-05 21:37,53.00,43.00,68.71,16.10,2600.00,M
OFK,2026-03-05 21:56,52.00,44.00,74.06,14.95,2200.00,M
OFK,2026-03-05 22:56,52.00,44.00,74.06,11.50,1800.00,M
OFK,2026-03-05 23:41,51.00,47.00,86.12,9.20,1400.00,M
OFK,2026-03-05 23:56,50.00,48.00,92.80,6.90,1100.00,M
OFK,2026-03-06 00:06,50.00,48.00,92.80,5.75,800.00,M
OFK,2026-03-06 00:14,50.00,49.00,96.34,4.60,600.00,M
OFK,2026-03-06 00:34,49.00,49.00,100.00,0.00,600.00,M
OFK,2026-03-06 00:56,49.00,49.00,100.00,0.00,600.00,M
OFK,2026-03-06 01:04,49.00,49.00,100.00,0.00,600.00,M
OFK,2026-03-06 01:17,49.00,49.00,100.00,3.45,500.00,M
OFK,2026-03-06 01:30,49.00,49.00,100.00,3.45,400.00,M
OFK,2026-03-06 01:49,49.00,49.00,100.00,4.60,400.00,M
OFK,2026-03-06 01:56,49.00,49.00,100.00,4.60,300.00,M
OFK,2026-03-06 02:10,49.00,49.00,100.00,5.75,200.00,M
OFK,2026-03-06 02:44,49.00,49.00,100.00,4.60,200.00,M
OFK,2026-03-06 02:56,49.00,49.00,100.00,0.00,200.00,M
OFK,2026-03-06 03:36,50.00,50.00,100.00,4.60,300.00,M
OFK,2026-03-06 03:49,50.00,50.00,100.00,3.45,300.00,M
OFK,2026-03-06 03:56,50.00,50.00,100.00,0.00,200.00,M
OFK,2026-03-06 04:04,50.00,50.00,100.00,3.45,200.00,M
OFK,2026-03-06 04:19,50.00,50.00,100.00,3.45,300.00,M
OFK,2026-03-06 04:30,50.00,50.00,100.00,5.75,300.00,M
OFK,2026-03-06 04:56,50.00,50.00,100.00,3.45,300.00,M
OFK,2026-03-06 05:56,50.00,50.00,100.00,3.45,300.00,M
OFK,2026-03-06 06:14,50.00,50.00,100.00,0.00,300.00,M
OFK,2026-03-06 06:17,50.00,49.00,96.34,4.60,300.00,M
OFK,2026-03-06 06:50,50.00,50.00,100.00,4.60,300.00,M
OFK,2026-03-06 06:56,50.00,50.00,100.00,3.45,300.00,M
OFK,2026-03-06 07:24,50.00,50.00,100.00,5.75,300.00,M
OFK,2026-03-06 07:56,50.00,50.00,100.00,13.80,400.00,M
OFK,2026-03-06 08:08,44.00,44.00,100.00,23.00,400.00,32.20
OFK,2026-03-06 08:38,37.00,36.00,96.12,17.25,600.00,32.20
OFK,2026-03-06 08:56,36.00,35.00,96.11,18.40,500.00,32.20
OFK,2026-03-06 09:56,34.00,33.00,96.07,20.70,600.00,29.90
OFK,2026-03-06 10:35,33.00,32.00,96.05,19.55,500.00,M
OFK,2026-03-06 10:56,33.00,33.00,100.00,18.40,500.00,M
OFK,2026-03-06 11:18,33.00,32.00,96.05,21.85,400.00,M
OFK,2026-03-06 11:32,33.00,32.00,96.05,21.85,500.00,M
OFK,2026-03-06 11:56,33.00,32.00,96.05,20.70,500.00,M
OFK,2026-03-06 12:49,32.00,31.00,96.04,23.00,500.00,29.90
OFK,2026-03-06 12:56,32.00,31.00,96.04,24.15,500.00,32.20
OFK,2026-03-06 13:11,32.00,31.00,96.04,23.00,500.00,32.20
OFK,2026-03-06 13:20,31.00,30.00,96.02,20.70,500.00,33.35
OFK,2026-03-06 13:56,31.00,30.00,96.02,21.85,600.00,33.35
OFK,2026-03-06 14:09,31.00,31.00,100.00,17.25,600.00,M
OFK,2026-03-06 14:45,30.00,29.00,96.00,21.85,500.00,31.05
OFK,2026-03-06 14:56,30.00,29.00,96.00,21.85,600.00,31.05
OFK,2026-03-06 15:31,30.00,29.00,96.00,23.00,800.00,32.20
OFK,2026-03-06 15:56,30.00,29.00,96.00,21.85,800.00,33.35
OFK,2026-03-06 16:40,30.00,28.00,92.14,21.85,1000.00,36.80
OFK,2026-03-06 16:56,30.00,28.00,92.14,21.85,800.00,36.80
OFK,2026-03-06 17:56,29.00,27.00,92.11,23.00,800.00,33.35
OFK,2026-03-06 18:31,29.00,27.00,92.11,21.85,700.00,35.65
OFK,2026-03-06 18:42,28.00,27.00,95.96,21.85,700.00,35.65
OFK,2026-03-06 18:56,28.00,27.00,95.96,20.70,700.00,35.65
OFK,2026-03-06 19:31,28.00,26.00,92.07,20.70,700.00,35.65
OFK,2026-03-06 19:46,28.00,27.00,95.96,18.40,700.00,35.65
OFK,2026-03-06 19:56,28.00,26.00,92.07,19.55,900.00,35.65
OFK,2026-03-06 20:56,28.00,27.00,95.96,24.15,800.00,36.80
OFK,2026-03-06 21:56,28.00,27.00,95.96,23.00,800.00,33.35
OFK,2026-03-06 22:56,28.00,27.00,95.96,18.40,900.00,31.05
OFK,2026-03-06 23:05,28.00,27.00,95.96,19.55,900.00,M
OFK,2026-03-06 23:19,28.00,26.00,92.07,20.70,1000.00,32.20
OFK,2026-03-06 23:48,28.00,27.00,95.96,21.85,1000.00,32.20
OFK,2026-03-06 23:56,28.00,26.00,92.07,23.00,1000.00,32.20
OFK,2026-03-07 00:11,28.00,27.00,95.96,20.70,900.00,M
OFK,2026-03-07 00:56,28.00,26.00,92.07,18.40,800.00,29.90
OFK,2026-03-07 01:21,28.00,26.00,92.07,18.40,1000.00,32.20
OFK,2026-03-07 01:53,28.40,26.60,92.85,21.85,900.00,34.50
OFK,2026-03-07 01:56,28.00,26.00,92.07,23.00,900.00,34.50
OFK,2026-03-07 02:05,28.00,26.00,92.07,20.70,1000.00,31.05
OFK,2026-03-07 02:56,29.00,26.00,88.37,18.40,1300.00,31.05
OFK,2026-03-07 03:22,29.00,26.00,88.37,19.55,1200.00,M
OFK,2026-03-07 03:30,29.00,26.00,88.37,18.40,1200.00,M
OFK,2026-03-07 03:56,29.00,26.00,88.37,18.40,1100.00,29.90
OFK,2026-03-07 04:56,29.00,26.00,88.37,20.70,1000.00,34.50
OFK,2026-03-07 05:56,28.00,25.00,88.32,17.25,1300.00,34.50
OFK,2026-03-07 06:35,27.00,24.00,88.27,10.35,1300.00,32.20
OFK,2026-03-07 06:56,26.00,24.00,92.00,12.65,M,32.20
OFK,2026-03-07 07:56,28.00,24.00,84.71,14.95,M,M
OFK,2026-03-07 08:56,30.00,26.00,84.84,12.65,M,M
OFK,2026-03-07 09:56,35.00,28.00,75.34,17.25,M,M
OFK,2026-03-07 10:56,40.00,29.00,64.48,11.50,M,M
OFK,2026-03-07 11:56,44.00,29.00,55.26,9.20,M,M
OFK,2026-03-07 12:56,48.00,29.00,47.50,10.35,M,M
OFK,2026-03-07 13:56,50.00,26.00,38.95,9.20,M,M
OFK,2026-03-07 14:56,52.00,24.00,33.28,9.20,M,M
OFK,2026-03-07 15:56,55.00,23.00,28.59,9.20,M,M
OFK,2026-03-07 16:56,55.00,23.00,28.59,16.10,M,M
OFK,2026-03-07 17:56,52.00,24.00,33.28,8.05,M,M
OFK,2026-03-07 18:56,46.00,24.00,41.64,9.20,M,M
OFK,2026-03-07 19:56,44.00,25.00,46.85,12.65,M,M
OFK,2026-03-07 20:56,41.00,24.00,50.43,11.50,M,M
OFK,2026-03-07 21:56,38.00,23.00,54.36,9.20,M,M
OFK,2026-03-07 22:56,39.00,22.00,50.11,12.65,M,M
OFK,2026-03-07 23:56,40.00,20.00,44.27,14.95,M,M
OFK,2026-03-08 00:56,39.00,20.00,46.03,9.20,M,M
OFK,2026-03-08 01:56,38.00,20.00,47.87,8.05,M,M
OFK,2026-03-08 03:56,35.00,20.00,53.90,5.75,M,M
OFK,2026-03-08 04:56,37.00,23.00,56.54,6.90,M,M
OFK,2026-03-08 05:56,35.00,24.00,63.82,5.75,M,M
OFK,2026-03-08 06:56,33.00,24.00,69.14,3.45,M,M
OFK,2026-03-08 07:56,35.00,27.00,72.30,6.90,M,M
OFK,2026-03-08 08:56,36.00,28.00,72.41,0.00,M,M
OFK,2026-03-08 09:56,49.00,31.00,49.63,4.60,M,M
OFK,2026-03-08 10:56,56.00,32.00,39.95,9.20,M,M
OFK,2026-03-08 11:56,65.00,33.00,30.21,6.90,M,M
OFK,2026-03-08 12:56,68.00,33.00,27.23,16.10,M,M
OFK,2026-03-08 13:56,71.00,33.00,24.58,18.40,M,M
OFK,2026-03-08 14:56,70.00,32.00,24.43,17.25,M,31.05
OFK,2026-03-08 15:56,73.00,30.00,20.35,21.85,M,33.35
OFK,2026-03-08 16:56,74.00,30.00,19.68,18.40,M,34.50
OFK,2026-03-08 17:56,75.00,28.00,17.54,21.85,M,34.50
OFK,2026-03-08 18:56,71.00,27.00,19.25,13.80,M,31.05
OFK,2026-03-08 19:56,63.00,28.00,26.44,12.65,M,M
OFK,2026-03-08 20:56,62.00,27.00,26.29,14.95,M,M
OFK,2026-03-08 21:56,59.00,27.00,29.24,14.95,M,M
OFK,2026-03-08 22:56,57.00,28.00,32.74,16.10,M,M
OFK,2026-03-08 23:56,55.00,29.00,36.67,19.55,M,M
OFK,2026-03-09 00:56,51.00,29.00,42.47,16.10,M,M
OFK,2026-03-09 01:56,52.00,27.00,37.70,18.40,M,M
OFK,2026-03-09 02:56,53.00,27.00,36.34,16.10,M,M
OFK,2026-03-09 03:56,49.00,28.00,43.91,0.00,M,M
OFK,2026-03-09 04:56,43.00,28.00,55.11,9.20,M,M
OFK,2026-03-09 05:56,40.00,28.00,61.89,3.45,M,M
OFK,2026-03-09 06:56,35.00,28.00,75.34,4.60,M,M
OFK,2026-03-09 07:56,40.00,29.00,64.48,8.05,M,M
OFK,2026-03-09 08:56,45.00,33.00,62.56,5.75,M,M
OFK,2026-03-09 09:56,53.00,34.00,48.29,6.90,M,M
OFK,2026-03-09 10:56,57.00,33.00,40.11,6.90,M,M
OFK,2026-03-09 11:56,66.00,33.00,29.18,13.80,M,M
OFK,2026-03-09 12:56,69.00,33.00,26.32,12.65,M,M
OFK,2026-03-09 13:56,70.00,33.00,25.43,11.50,M,M
OFK,2026-03-09 14:56,70.00,33.00,25.43,8.05,M,M
OFK,2026-03-09 15:56,71.00,32.00,23.61,M,M,M
OFK,2026-03-09 16:56,71.00,33.00,24.58,6.90,M,M
OFK,2026-03-09 17:56,71.00,34.00,25.59,5.75,M,M
OFK,2026-03-09 18:56,66.00,35.00,31.61,6.90,M,M
OFK,2026-03-09 19:56,58.00,35.00,41.92,11.50,M,M
OFK,2026-03-09 20:56,54.00,34.00,46.56,5.75,M,M
OFK,2026-03-09 21:56,52.00,38.00,58.71,10.35,M,M
OFK,2026-03-09 22:56,49.00,39.00,68.24,12.65,M,M
OFK,2026-03-09 23:56,46.00,40.00,79.43,13.80,M,M
OFK,2026-03-10 00:56,45.00,40.00,82.50,8.05,M,M
OFK,2026-03-10 01:56,43.00,39.00,85.65,11.50,M,M
OFK,2026-03-10 02:56,39.00,34.00,82.07,11.50,M,M
OFK,2026-03-10 03:54,33.80,30.20,86.48,18.40,1300.00,M
OFK,2026-03-10 03:56,34.00,30.00,85.10,17.25,1300.00,M
OFK,2026-03-10 04:20,33.00,29.00,85.03,17.25,1300.00,M
OFK,2026-03-10 04:56,32.00,27.00,81.54,16.10,M,M
OFK,2026-03-10 05:56,31.00,26.00,81.46,12.65,M,M
OFK,2026-03-10 06:56,31.00,26.00,81.46,11.50,M,M
OFK,2026-03-10 07:56,31.00,25.00,78.15,13.80,M,M
OFK,2026-03-10 08:56,35.00,26.00,69.37,16.10,M,M
OFK,2026-03-10 09:56,39.00,27.00,61.75,14.95,M,M
OFK,2026-03-10 10:56,42.00,28.00,57.28,14.95,M,M
OFK,2026-03-10 11:56,46.00,29.00,51.22,14.95,M,M
OFK,2026-03-10 12:56,48.00,29.00,47.50,13.80,M,M
OFK,2026-03-10 13:56,52.00,30.00,42.64,18.40,M,M
OFK,2026-03-10 14:56,54.00,30.00,39.62,18.40,M,M
OFK,2026-03-10 15:56,52.00,29.00,40.93,18.40,M,31.05
OFK,2026-03-10 16:56,52.00,29.00,40.93,20.70,M,29.90
OFK,2026-03-10 17:56,48.00,29.00,47.50,20.70,M,31.05
OFK,2026-03-10 18:56,44.00,29.00,55.26,19.55,M,M
OFK,2026-03-10 19:56,41.00,28.00,59.53,18.40,M,M
OFK,2026-03-10 20:56,38.00,28.00,66.92,14.95,4400.00,M
OFK,2026-03-10 21:56,36.00,27.00,69.49,18.40,4300.00,M
OFK,2026-03-10 22:56,35.00,27.00,72.30,12.65,4400.00,M
OFK,2026-03-10 23:47,33.00,27.00,78.32,17.25,1500.00,M
OFK,2026-03-10 23:56,34.00,28.00,78.41,13.80,1500.00,M
OFK,2026-03-11 00:48,34.00,29.00,81.69,18.40,1400.00,M
OFK,2026-03-11 00:56,34.00,29.00,81.69,16.10,1400.00,M
OFK,2026-03-11 01:47,33.00,28.00,81.62,20.70,1500.00,32.20
OFK,2026-03-11 01:56,33.00,28.00,81.62,18.40,1500.00,32.20
OFK,2026-03-11 02:31,32.00,28.00,84.97,16.10,1300.00,M
OFK,2026-03-11 02:42,31.00,29.00,92.18,12.65,1300.00,M
OFK,2026-03-11 02:56,31.00,30.00,96.02,9.20,800.00,M
OFK,2026-03-11 03:35,30.00,30.00,100.00,14.95,600.00,M
OFK,2026-03-11 03:42,30.00,29.00,96.00,13.80,600.00,M
OFK,2026-03-11 03:56,30.00,29.00,96.00,14.95,800.00,M
OFK,2026-03-11 04:25,30.00,29.00,96.00,12.65,600.00,M
OFK,2026-03-11 04:43,30.00,29.00,96.00,18.40,800.00,M
OFK,2026-03-11 04:56,30.00,29.00,96.00,17.25,700.00,M
OFK,2026-03-11 05:32,30.00,29.00,96.00,14.95,900.00,M
OFK,2026-03-11 05:54,30.20,28.40,92.91,17.25,700.00,M
OFK,2026-03-11 05:56,30.00,28.00,92.14,16.10,1100.00,M
OFK,2026-03-11 06:03,30.00,28.00,92.14,17.25,900.00,M
OFK,2026-03-11 06:12,30.00,28.00,92.14,16.10,1000.00,M
OFK,2026-03-11 06:25,30.00,27.00,88.43,17.25,800.00,M
OFK,2026-03-11 06:33,29.00,27.00,92.11,17.25,800.00,M
OFK,2026-03-11 06:56,29.00,27.00,92.11,19.55,900.00,M
OFK,2026-03-11 07:03,29.00,27.00,92.11,18.40,900.00,M
OFK,2026-03-11 07:15,29.00,27.00,92.11,18.40,900.00,M
OFK,2026-03-11 07:23,29.00,27.00,92.11,17.25,900.00,M
OFK,2026-03-11 07:31,29.00,27.00,92.11,20.70,900.00,M
OFK,2026-03-11 07:42,29.00,26.00,88.37,18.40,1000.00,M
OFK,2026-03-11 07:56,28.00,24.00,84.71,18.40,1000.00,M
OFK,2026-03-11 08:56,27.00,22.00,81.15,20.70,M,33.35
OFK,2026-03-11 09:56,28.00,23.00,81.23,21.85,M,32.20
OFK,2026-03-11 10:56,30.00,24.00,78.06,20.70,M,33.35
OFK,2026-03-11 11:56,32.00,26.00,78.23,14.95,M,M
OFK,2026-03-11 12:56,36.00,28.00,72.41,18.40,2200.00,M
OFK,2026-03-11 13:56,40.00,26.00,56.98,16.10,M,M
OFK,2026-03-11 14:56,44.00,22.00,41.31,18.40,M,M
OFK,2026-03-11 15:56,45.00,24.00,43.25,16.10,4600.00,M
OFK,2026-03-11 16:56,42.00,32.00,67.41,10.35,3500.00,31.05
OFK,2026-03-11 17:56,43.00,27.00,52.89,16.10,8000.00,31.05
OFK,2026-03-11 18:56,42.00,29.00,59.67,6.90,6000.00,M
OFK,2026-03-11 19:56,35.00,27.00,72.30,4.60,M,M
OFK,2026-03-11 20:56,29.00,24.00,81.31,6.90,M,M
OFK,2026-03-11 21:56,28.00,22.00,77.88,4.60,M,M
OFK,2026-03-11 22:56,27.00,19.00,71.42,3.45,M,M
OFK,2026-03-11 23:56,28.00,20.00,71.54,6.90,M,M
OFK,2026-03-12 00:56,25.00,19.00,77.60,3.45,M,M
OFK,2026-03-12 01:56,24.00,18.00,77.51,8.05,M,M
OFK,2026-03-12 02:56,25.00,18.00,74.34,3.45,M,M
OFK,2026-03-12 03:56,24.00,17.00,74.24,5.75,M,M
OFK,2026-03-12 04:56,25.00,17.00,71.20,3.45,M,M
OFK,2026-03-12 05:56,28.00,19.00,68.54,11.50,M,M
OFK,2026-03-12 06:56,29.00,19.00,65.79,14.95,M,M
OFK,2026-03-12 07:56,30.00,19.00,63.16,16.10,M,M
OFK,2026-03-12 08:56,34.00,19.00,53.74,24.15,M,37.95
OFK,2026-03-12 09:56,40.00,20.00,44.27,25.30,M,40.25
OFK,2026-03-12 10:56,44.00,20.00,37.95,27.60,M,46.00
OFK,2026-03-12 11:56,54.00,21.00,27.25,33.35,M,49.45
OFK,2026-03-12 12:56,59.00,22.00,23.73,26.45,M,44.85
OFK,2026-03-12 13:56,64.00,23.00,20.74,31.05,M,41.40
OFK,2026-03-12 14:56,68.00,24.00,18.83,27.60,M,41.40
OFK,2026-03-12 15:56,69.00,25.00,18.97,24.15,M,36.80
OFK,2026-03-12 16:56,70.00,27.00,19.92,20.70,M,33.35
OFK,2026-03-12 17:56,72.00,26.00,17.86,26.45,M,36.80
OFK,2026-03-12 18:56,69.00,26.00,19.78,12.65,11000.00,31.05
OFK,2026-03-12 19:56,65.00,28.00,24.66,26.45,10000.00,43.70
OFK,2026-03-12 20:09,60.00,30.00,31.91,19.55,10000.00,32.20
OFK,2026-03-12 20:56,57.00,33.00,40.11,13.80,12000.00,32.20
OFK,2026-03-12 21:56,56.00,34.00,43.29,19.55,M,32.20
OFK,2026-03-12 22:56,55.00,29.00,36.67,16.10,M,32.20
OFK,2026-03-12 23:56,52.00,22.00,30.59,21.85,M,42.55
OFK,2026-03-13 00:56,49.00,23.00,35.67,20.70,4100.00,39.10
OFK,2026-03-13 01:56,42.00,21.00,42.75,18.40,9500.00,47.15
OFK,2026-03-13 02:56,39.00,21.00,48.03,23.00,10000.00,36.80
OFK,2026-03-13 03:56,35.00,22.00,58.67,16.10,10000.00,35.65
OFK,2026-03-13 04:56,34.00,22.00,61.06,17.25,M,33.35
OFK,2026-03-13 05:56,33.00,22.00,63.56,16.10,10000.00,32.20
OFK,2026-03-13 06:56,32.00,23.00,69.02,18.40,10000.00,31.05
OFK,2026-03-13 07:56,31.00,23.00,71.87,16.10,10000.00,M
OFK,2026-03-13 08:56,32.00,23.00,69.02,12.65,11000.00,M
OFK,2026-03-13 09:56,34.00,23.00,63.69,16.10,12000.00,M
OFK,2026-03-13 10:56,34.00,21.00,58.53,11.50,11000.00,M
OFK,2026-03-13 11:56,38.00,22.00,52.11,4.60,11000.00,M
OFK,2026-03-13 12:56,40.00,19.00,42.42,5.75,10000.00,M
OFK,2026-03-13 13:56,41.00,16.00,35.85,10.35,7500.00,M
OFK,2026-03-13 14:56,42.00,15.00,33.02,5.75,9500.00,M
OFK,2026-03-13 15:56,43.00,14.00,30.41,5.75,9000.00,M
OFK,2026-03-13 16:56,43.00,12.00,27.84,8.05,10000.00,M
OFK,2026-03-13 17:56,43.00,11.00,26.64,5.75,12000.00,M
OFK,2026-03-13 18:56,41.00,13.00,31.44,6.90,12000.00,M
OFK,2026-03-13 19:56,39.00,12.00,32.51,8.05,M,M
OFK,2026-03-13 20:56,38.00,11.00,32.34,6.90,11000.00,M
OFK,2026-03-13 21:56,36.00,13.00,38.24,6.90,11000.00,M
OFK,2026-03-13 22:56,36.00,14.00,39.96,6.90,9000.00,M
OFK,2026-03-13 23:56,36.00,14.00,39.96,10.35,11000.00,M
OFK,2026-03-14 00:56,34.00,16.00,47.22,9.20,M,M
OFK,2026-03-14 01:56,33.00,18.00,53.59,10.35,12000.00,M
OFK,2026-03-14 02:56,33.00,18.00,53.59,8.05,M,M
OFK,2026-03-14 03:56,33.00,18.00,53.59,8.05,M,M
OFK,2026-03-14 04:56,31.00,17.00,55.64,8.05,M,M
OFK,2026-03-14 05:56,29.00,15.00,55.33,10.35,M,M
OFK,2026-03-14 06:56,29.00,16.00,57.80,12.65,M,M
OFK,2026-03-14 07:56,28.00,17.00,62.89,12.65,M,M
OFK,2026-03-14 08:56,31.00,18.00,58.09,12.65,M,M
OFK,2026-03-14 09:56,35.00,19.00,51.64,14.95,M,M
OFK,2026-03-14 10:56,41.00,19.00,40.80,18.40,M,32.20
OFK,2026-03-14 11:56,46.00,20.00,35.17,17.25,M,32.20
OFK,2026-03-14 12:56,48.00,20.00,32.61,18.40,M,29.90
OFK,2026-03-14 13:56,52.00,23.00,31.91,20.70,M,31.05
OFK,2026-03-14 14:56,53.00,25.00,33.45,17.25,M,31.05
OFK,2026-03-14 15:56,56.00,26.00,31.25,16.10,M,M
OFK,2026-03-14 16:56,57.00,28.00,32.74,16.10,M,M
OFK,2026-03-14 17:56,54.00,28.00,36.51,16.10,M,M
OFK,2026-03-14 18:56,54.00,29.00,38.03,10.35,M,M
OFK,2026-03-14 19:56,51.00,29.00,42.47,6.90,M,M
OFK,2026-03-14 20:56,51.00,30.00,44.24,16.10,11000.00,M
OFK,2026-03-14 21:56,49.00,36.00,60.64,18.40,6000.00,46.00
OFK,2026-03-14 22:56,46.00,41.00,82.57,12.65,5000.00,M
OFK,2026-03-14 23:56,45.00,40.00,82.50,9.20,6000.00,M
OFK,2026-03-15 00:06,45.00,41.00,85.77,5.75,5000.00,M
OFK,2026-03-15 00:18,44.00,42.00,92.61,10.35,4300.00,M
OFK,2026-03-15 00:23,44.00,42.00,92.61,12.65,4500.00,M
OFK,2026-03-15 00:40,45.00,41.00,85.77,19.55,4100.00,M
OFK,2026-03-15 00:56,46.00,40.00,79.43,19.55,6000.00,M
OFK,2026-03-15 01:56,44.00,37.00,76.21,5.75,7000.00,31.05
OFK,2026-03-15 02:56,40.00,35.00,82.14,11.50,M,M
OFK,2026-03-15 03:35,38.00,36.00,92.42,18.40,600.00,M
OFK,2026-03-15 03:41,36.00,35.00,96.11,18.40,600.00,M
OFK,2026-03-15 03:48,35.00,34.00,96.09,24.15,500.00,31.05
OFK,2026-03-15 03:56,34.00,32.00,92.28,21.85,500.00,31.05
OFK,2026-03-15 04:56,32.00,30.00,92.21,27.60,600.00,40.25
OFK,2026-03-15 05:56,30.00,28.00,92.14,19.55,800.00,44.85
OFK,2026-03-15 06:36,30.00,27.00,88.43,25.30,1200.00,35.65
OFK,2026-03-15 06:56,28.00,26.00,92.07,24.15,1000.00,36.80
OFK,2026-03-15 07:10,27.00,25.00,92.04,26.45,900.00,42.55
OFK,2026-03-15 07:41,28.00,24.00,84.71,28.75,1000.00,42.55
OFK,2026-03-15 07:56,28.00,24.00,84.71,26.45,1000.00,46.00
OFK,2026-03-15 08:56,27.00,23.00,84.65,32.20,1400.00,50.60
OFK,2026-03-15 09:22,26.00,22.00,84.58,29.90,1500.00,50.60
OFK,2026-03-15 09:28,26.00,22.00,84.58,29.90,1400.00,50.60
OFK,2026-03-15 09:33,26.00,22.00,84.58,31.05,1600.00,50.60
OFK,2026-03-15 09:40,26.00,23.00,88.22,29.90,1400.00,50.60
OFK,2026-03-15 09:51,26.60,23.00,86.06,29.90,1500.00,50.60
OFK,2026-03-15 09:56,26.00,22.00,84.58,33.35,1000.00,50.60
OFK,2026-03-15 10:13,26.00,23.00,88.22,29.90,1300.00,43.70
OFK,2026-03-15 10:20,26.00,23.00,88.22,26.45,1500.00,43.70
OFK,2026-03-15 10:36,25.00,22.00,88.17,26.45,1400.00,43.70
OFK,2026-03-15 10:56,25.00,21.00,84.51,31.05,1200.00,49.45
OFK,2026-03-15 11:03,25.00,21.00,84.51,33.35,1400.00,44.85
OFK,2026-03-15 11:18,24.00,21.00,88.12,29.90,1400.00,48.30
OFK,2026-03-15 11:25,24.00,21.00,88.12,33.35,1500.00,48.30
OFK,2026-03-15 11:39,24.00,20.00,84.45,32.20,1300.00,48.30
OFK,2026-03-15 11:56,24.00,20.00,84.45,33.35,1200.00,51.75
OFK,2026-03-15 12:12,24.00,20.00,84.45,35.65,1500.00,57.50
OFK,2026-03-15 12:40,24.00,19.00,80.91,34.50,1500.00,57.50
OFK,2026-03-15 12:56,23.00,19.00,84.38,33.35,1500.00,57.50
OFK,2026-03-15 13:03,24.00,19.00,80.91,32.20,1900.00,47.15
OFK,2026-03-15 13:34,24.00,19.00,80.91,36.80,1700.00,54.05
OFK,2026-03-15 13:44,23.00,19.00,84.38,36.80,1700.00,54.05
OFK,2026-03-15 13:56,23.00,19.00,84.38,35.65,1700.00,54.05
OFK,2026-03-15 14:56,22.00,18.00,84.31,37.95,1700.00,54.05
OFK,2026-03-15 15:43,22.00,17.00,80.75,37.95,1600.00,55.20
OFK,2026-03-15 15:56,23.00,17.00,77.42,39.10,1600.00,55.20
OFK,2026-03-15 16:56,22.00,15.00,74.03,32.20,2000.00,54.05
OFK,2026-03-15 17:56,20.00,13.00,73.82,39.10,2000.00,60.95
OFK,2026-03-15 18:56,18.00,11.00,73.60,26.45,2000.00,55.20
OFK,2026-03-15 19:56,15.00,8.00,73.28,32.20,1800.00,47.15
OFK,2026-03-15 20:56,12.00,6.00,76.36,32.20,2000.00,46.00
OFK,2026-03-15 21:56,11.00,4.00,72.84,35.65,1900.00,51.75
OFK,2026-03-15 22:56,10.00,3.00,72.73,27.60,2300.00,47.15
OFK,2026-03-15 23:52,8.60,-0.40,66.09,26.45,2300.00,47.15
OFK,2026-03-15 23:56,9.00,0.00,66.14,31.05,2300.00,47.15
OFK,2026-03-16 00:05,9.00,0.00,66.14,32.20,2400.00,43.70
OFK,2026-03-16 00:17,9.00,0.00,66.14,28.75,2400.00,46.00
OFK,2026-03-16 00:56,8.00,-2.00,62.96,26.45,M,49.45
OFK,2026-03-16 01:36,8.00,0.00,69.19,24.15,2400.00,42.55
OFK,2026-03-16 01:56,8.00,1.00,72.51,27.60,2300.00,42.55
OFK,2026-03-16 02:05,8.00,0.00,69.19,28.75,2300.00,37.95
OFK,2026-03-16 02:56,7.00,-1.00,69.07,24.15,M,37.95
OFK,2026-03-16 03:56,7.00,0.00,72.39,19.55,M,35.65
OFK,2026-03-16 04:56,7.00,0.00,72.39,18.40,M,33.35
OFK,2026-03-16 05:56,5.00,-1.00,75.66,19.55,M,M
OFK,2026-03-16 06:56,5.00,-2.00,72.17,12.65,M,M
OFK,2026-03-16 07:56,4.00,-2.00,75.56,14.95,2900.00,M
OFK,2026-03-16 08:09,4.00,-2.00,75.56,11.50,2900.00,M
OFK,2026-03-16 08:56,7.00,0.00,72.39,11.50,2700.00,M
OFK,2026-03-16 09:56,9.00,1.00,69.31,18.40,2500.00,M
OFK,2026-03-16 10:43,10.00,2.00,69.44,23.00,2500.00,M
OFK,2026-03-16 10:56,11.00,2.00,66.41,18.40,2500.00,M
OFK,2026-03-16 11:05,12.00,4.00,69.68,17.25,2400.00,M
OFK,2026-03-16 11:29,12.00,3.00,66.54,20.70,2300.00,32.20
OFK,2026-03-16 11:56,13.00,4.00,66.67,19.55,2300.00,32.20
OFK,2026-03-16 12:56,15.00,5.00,63.93,19.55,M,31.05
OFK,2026-03-16 13:56,18.00,6.00,58.76,23.00,2700.00,29.90
OFK,2026-03-16 14:56,20.00,7.00,56.44,18.40,M,M
OFK,2026-03-16 15:56,21.00,6.00,51.69,18.40,M,M
OFK,2026-03-16 16:56,23.00,7.00,49.71,12.65,M,M
OFK,2026-03-16 17:56,23.00,8.00,52.01,14.95,M,M
OFK,2026-03-16 18:56,21.00,8.00,56.59,13.80,M,M
OFK,2026-03-16 19:56,19.00,8.00,61.64,10.35,M,M
OFK,2026-03-16 20:56,16.00,9.00,73.39,6.90,M,M
OFK,2026-03-16 21:56,16.00,8.00,70.16,4.60,M,M
OFK,2026-03-16 22:56,15.00,9.00,76.66,0.00,M,M
OFK,2026-03-16 23:56,13.00,8.00,80.00,0.00,M,M
OFK,2026-03-17 00:56,11.00,7.00,83.55,4.60,M,M
OFK,2026-03-17 01:56,9.00,6.00,87.30,0.00,M,M
OFK,2026-03-17 02:56,10.00,6.00,83.47,5.75,M,M
OFK,2026-03-17 03:56,12.00,8.00,83.62,5.75,M,M
OFK,2026-03-17 04:56,13.00,7.00,76.46,8.05,M,M
OFK,2026-03-17 05:56,13.00,8.00,80.00,12.65,11000.00,M
OFK,2026-03-17 06:56,13.00,7.00,76.46,10.35,11000.00,M
OFK,2026-03-17 07:56,13.00,6.00,73.06,16.10,11000.00,M
OFK,2026-03-17 08:56,14.00,7.00,73.17,12.65,7500.00,M
OFK,2026-03-17 09:56,16.00,9.00,73.39,13.80,5000.00,M
OFK,2026-03-17 10:56,18.00,10.00,70.39,19.55,4000.00,M
OFK,2026-03-17 11:56,21.00,12.00,67.68,19.55,4000.00,32.20
OFK,2026-03-17 12:31,22.00,12.00,64.88,20.70,2400.00,M
OFK,2026-03-17 12:39,21.00,14.00,73.92,21.85,2000.00,31.05
OFK,2026-03-17 12:53,21.20,15.80,79.30,18.40,2000.00,31.05
OFK,2026-03-17 12:56,22.00,16.00,77.32,16.10,2000.00,31.05
OFK,2026-03-17 13:05,23.00,16.00,74.13,13.80,2000.00,M
OFK,2026-03-17 13:12,23.00,15.00,70.97,20.70,2700.00,M
OFK,2026-03-17 13:56,27.00,16.00,62.75,20.70,5000.00,35.65
OFK,2026-03-17 14:56,32.00,15.00,48.98,18.40,6000.00,35.65
OFK,2026-03-17 15:56,38.00,14.00,36.93,25.30,7000.00,35.65
OFK,2026-03-17 16:56,40.00,14.00,34.15,13.80,12000.00,41.40
OFK,2026-03-17 17:56,43.00,14.00,30.41,16.10,12000.00,M
OFK,2026-03-17 18:56,43.00,15.00,31.77,10.35,11000.00,M
OFK,2026-03-17 19:56,43.00,17.00,34.66,9.20,12000.00,M
OFK,2026-03-17 20:56,42.00,17.00,36.02,6.90,M,M
OFK,2026-03-17 21:56,41.00,18.00,39.09,5.75,M,M
OFK,2026-03-17 22:56,39.00,19.00,44.11,3.45,M,M
OFK,2026-03-17 23:56,31.00,20.00,63.29,0.00,M,M
OFK,2026-03-18 00:56,32.00,23.00,69.02,0.00,M,M
OFK,2026-03-18 01:56,35.00,22.00,58.67,0.00,M,M
OFK,2026-03-18 02:56,31.00,23.00,71.87,0.00,M,M
OFK,2026-03-18 03:56,33.00,25.00,72.09,3.45,M,M
OFK,2026-03-18 04:56,35.00,30.00,81.77,8.05,M,M
OFK,2026-03-18 05:56,37.00,32.00,81.92,8.05,M,M
OFK,2026-03-18 06:56,40.00,34.00,78.93,12.65,M,M
OFK,2026-03-18 07:56,40.00,34.00,78.93,10.35,M,M
OFK,2026-03-18 08:56,43.00,35.00,73.15,6.90,M,M
OFK,2026-03-18 09:56,50.00,36.00,58.42,8.05,M,M
OFK,2026-03-18 10:56,56.00,37.00,48.77,5.75,M,M
OFK,2026-03-18 11:56,62.00,38.00,40.93,9.20,M,M
OFK,2026-03-18 12:56,66.00,39.00,37.01,10.35,M,M
OFK,2026-03-18 13:56,70.00,38.00,31.02,10.35,M,M
OFK,2026-03-18 14:56,73.00,37.00,26.94,11.50,M,M
OFK,2026-03-18 15:56,74.00,38.00,27.10,9.20,M,M
OFK,2026-03-18 16:56,73.00,37.00,26.94,6.90,M,M
OFK,2026-03-18 17:56,70.00,39.00,32.26,3.45,M,M
OFK,2026-03-18 18:56,68.00,39.00,34.54,0.00,M,M
OFK,2026-03-18 19:56,62.00,38.00,40.93,0.00,M,M
OFK,2026-03-18 20:56,62.00,39.00,42.57,6.90,11000.00,M
OFK,2026-03-18 21:56,56.00,40.00,54.85,3.45,M,M
OFK,2026-03-18 22:56,50.00,39.00,65.75,3.45,M,M
OFK,2026-03-18 23:56,48.00,37.00,65.50,3.45,M,M
OFK,2026-03-19 00:56,45.00,37.00,73.36,5.75,M,M
OFK,2026-03-19 01:56,47.00,36.00,65.37,6.90,M,M
OFK,2026-03-19 02:56,44.00,36.00,73.25,3.45,M,M
OFK,2026-03-19 03:56,45.00,35.00,67.77,0.00,M,M
OFK,2026-03-19 04:56,41.00,34.00,75.92,4.60,M,M
OFK,2026-03-19 05:56,40.00,34.00,78.93,0.00,M,M
OFK,2026-03-19 06:56,39.00,34.00,82.07,3.45,M,M
OFK,2026-03-19 07:56,38.00,33.00,81.99,0.00,M,M
OFK,2026-03-19 08:56,46.00,37.00,70.62,5.75,M,M
OFK,2026-03-19 09:56,55.00,38.00,52.60,4.60,M,M
OFK,2026-03-19 10:56,64.00,39.00,39.68,3.45,M,M
OFK,2026-03-19 11:56,71.00,38.00,29.98,0.00,M,M
OFK,2026-03-19 12:56,75.00,39.00,27.25,4.60,M,M
OFK,2026-03-19 13:56,78.00,38.00,23.73,5.75,M,M
OFK,2026-03-19 14:56,80.00,37.00,21.36,6.90,M,M
OFK,2026-03-19 15:56,81.00,37.00,20.68,8.05,M,M
OFK,2026-03-19 16:56,81.00,36.00,19.88,9.20,M,M
OFK,2026-03-19 17:56,80.00,35.00,19.74,6.90,M,M
OFK,2026-03-19 18:56,76.00,36.00,23.43,3.45,M,M
OFK,2026-03-19 19:56,66.00,37.00,34.22,4.60,M,M
OFK,2026-03-19 20:56,58.00,38.00,47.19,4.60,M,M
OFK,2026-03-19 21:56,59.00,39.00,47.35,0.00,M,M
OFK,2026-03-19 22:56,56.00,39.00,52.75,0.00,M,M
OFK,2026-03-19 23:56,53.00,38.00,56.59,0.00,M,M
OFK,2026-03-20 00:56,44.00,37.00,76.21,0.00,M,M
OFK,2026-03-20 01:56,48.00,37.00,65.50,3.45,M,M
OFK,2026-03-20 02:56,44.00,35.00,70.40,0.00,M,M
OFK,2026-03-20 03:56,44.00,37.00,76.21,0.00,M,M
OFK,2026-03-20 04:56,43.00,36.00,76.11,0.00,M,M
OFK,2026-03-20 05:56,42.00,35.00,76.02,5.75,M,M
OFK,2026-03-20 06:56,41.00,34.00,75.92,3.45,M,M
OFK,2026-03-20 07:56,40.00,34.00,78.93,4.60,M,M
OFK,2026-03-20 08:56,49.00,37.00,63.09,5.75,M,M
OFK,2026-03-20 09:56,57.00,37.00,47.04,4.60,M,M
OFK,2026-03-20 10:56,66.00,39.00,37.01,8.05,M,M
OFK,2026-03-20 11:56,73.00,37.00,26.94,5.75,M,M
OFK,2026-03-20 12:56,76.00,37.00,24.37,4.60,M,M
OFK,2026-03-20 13:56,81.00,34.00,18.36,4.60,M,M
OFK,2026-03-20 14:56,83.00,33.00,16.53,6.90,M,M
OFK,2026-03-20 15:56,84.00,33.00,16.01,6.90,M,M
OFK,2026-03-20 16:56,83.00,34.00,17.21,9.20,M,M
OFK,2026-03-20 17:56,83.00,35.00,17.91,8.05,M,M
OFK,2026-03-20 18:56,80.00,36.00,20.54,5.75,M,M
OFK,2026-03-20 19:56,71.00,36.00,27.71,0.00,M,M
OFK,2026-03-20 20:56,60.00,41.00,49.39,4.60,M,M
OFK,2026-03-20 21:56,57.00,38.00,48.92,3.45,M,M
OFK,2026-03-20 22:56,53.00,39.00,58.85,0.00,M,M
OFK,2026-03-20 23:56,54.00,38.00,54.55,0.00,M,M
OFK,2026-03-21 00:56,53.00,37.00,54.40,0.00,M,M
OFK,2026-03-21 01:56,49.00,38.00,65.62,0.00,M,M
OFK,2026-03-21 02:56,47.00,39.00,73.56,0.00,M,M
OFK,2026-03-21 03:56,46.00,38.00,73.46,0.00,M,M
OFK,2026-03-21 04:56,46.00,38.00,73.46,0.00,M,M
OFK,2026-03-21 05:56,61.00,33.00,34.77,14.95,M,M
OFK,2026-03-21 06:56,58.00,32.00,37.17,9.20,M,M
OFK,2026-03-21 07:56,58.00,32.00,37.17,12.65,M,M
OFK,2026-03-21 08:56,60.00,33.00,36.03,5.75,M,M
OFK,2026-03-21 09:56,69.00,34.00,27.39,8.05,M,M
OFK,2026-03-21 10:56,75.00,33.00,21.49,5.75,M,M
OFK,2026-03-21 11:56,81.00,34.00,18.36,0.00,M,M
OFK,2026-03-21 12:56,86.00,31.00,13.85,0.00,M,M
OFK,2026-03-21 13:56,93.00,27.00,9.44,14.95,M,M
OFK,2026-03-21 14:56,95.00,26.00,8.52,18.40,M,M
OFK,2026-03-21 15:56,95.00,24.00,7.84,19.55,M,32.20
OFK,2026-03-21 16:56,96.00,23.00,7.29,19.55,M,33.35
OFK,2026-03-21 17:56,95.00,23.00,7.51,12.65,M,32.20
OFK,2026-03-21 18:56,90.00,24.00,9.15,10.35,M,29.90
OFK,2026-03-21 19:56,77.00,26.00,15.11,4.60,M,M
OFK,2026-03-21 20:56,65.00,29.00,25.69,6.90,M,M
OFK,2026-03-21 21:56,68.00,26.00,20.47,0.00,M,M
OFK,2026-03-21 22:56,68.00,31.00,25.12,5.75,M,M
OFK,2026-03-21 23:56,67.00,37.00,33.05,3.45,M,M
OFK,2026-03-22 00:56,63.00,46.00,53.79,16.10,M,M
OFK,2026-03-22 01:53,53.60,44.60,71.45,24.15,2200.00,37.95
OFK,2026-03-22 01:56,54.00,44.00,68.82,21.85,2400.00,37.95
OFK,2026-03-22 02:12,51.00,42.00,71.17,20.70,2300.00,34.50
OFK,2026-03-22 02:56,48.00,37.00,65.50,19.55,M,34.50
OFK,2026-03-22 03:56,45.00,36.00,70.51,12.65,M,34.50
OFK,2026-03-22 04:56,45.00,35.00,67.77,17.25,M,M
OFK,2026-03-22 05:56,41.00,34.00,75.92,20.70,M,35.65
OFK,2026-03-22 06:45,39.00,33.00,78.84,27.60,1500.00,40.25
OFK,2026-03-22 06:53,39.20,33.80,80.78,26.45,1400.00,40.25
OFK,2026-03-22 06:56,39.00,33.00,78.84,27.60,1400.00,40.25
OFK,2026-03-22 07:56,38.00,33.00,81.99,24.15,1300.00,40.25
OFK,2026-03-22 08:56,37.00,32.00,81.92,23.00,1200.00,42.55
OFK,2026-03-22 09:56,40.00,32.00,72.84,25.30,1400.00,43.70
OFK,2026-03-22 10:14,40.00,31.00,69.95,31.05,1600.00,40.25
OFK,2026-03-22 10:56,38.00,30.00,72.62,26.45,1600.00,42.55
OFK,2026-03-22 11:56,42.00,30.00,62.16,26.45,1900.00,39.10
OFK,2026-03-22 12:43,44.00,29.00,55.26,23.00,2400.00,39.10
OFK,2026-03-22 12:56,44.00,29.00,55.26,24.15,2600.00,39.10
OFK,2026-03-22 13:56,47.00,28.00,47.34,26.45,M,42.55
OFK,2026-03-22 14:56,47.00,27.00,45.43,23.00,M,41.40
OFK,2026-03-22 15:56,49.00,26.00,40.43,24.15,M,39.10
OFK,2026-03-22 16:56,50.00,27.00,40.60,23.00,M,35.65
OFK,2026-03-22 17:56,48.00,26.00,41.98,21.85,M,35.65
OFK,2026-03-22 18:56,46.00,26.00,45.26,20.70,M,34.50
OFK,2026-03-22 19:56,42.00,25.00,50.59,18.40,M,M
OFK,2026-03-22 20:56,39.00,25.00,56.84,10.35,M,M
OFK,2026-03-22 21:56,35.00,24.00,63.82,6.90,M,M
OFK,2026-03-22 22:56,34.00,24.00,66.42,6.90,M,M
OFK,2026-03-22 23:56,31.00,23.00,71.87,3.45,M,M