station,valid,tmpf,dwpf,relh,sped,skyl1,peak_wind_gust_mph
OMA,2025-01-01 00:52,31.00,21.00,66.07,10.35,4300.00,M
OMA,2025-01-01 01:52,31.00,20.00,63.32,10.35,3800.00,M
OMA,2025-01-01 02:52,31.00,20.00,63.32,13.80,3800.00,M
OMA,2025-01-01 03:52,31.00,19.00,60.67,10.35,3700.00,M
OMA,2025-01-01 04:52,30.00,19.00,63.18,6.90,3600.00,M
OMA,2025-01-01 05:52,31.00,19.00,60.67,9.20,3500.00,M
OMA,2025-01-01 06:52,31.00,19.00,60.67,8.05,3200.00,M
OMA,2025-01-01 07:43,30.00,20.00,65.94,12.65,2900.00,M
OMA,2025-01-01 07:52,30.00,20.00,65.94,12.65,2900.00,M
OMA,2025-01-01 08:41,29.00,20.00,68.69,9.20,3000.00,M
OMA,2025-01-01 08:52,29.00,20.00,68.69,12.65,3000.00,M
OMA,2025-01-01 09:52,30.00,20.00,65.94,8.05,3500.00,M
OMA,2025-01-01 10:52,33.00,20.00,58.41,8.05,3500.00,M
OMA,2025-01-01 11:52,35.00,21.00,56.27,10.35,3000.00,M
OMA,2025-01-01 12:52,36.00,21.00,54.08,10.35,3000.00,M
OMA,2025-01-01 13:52,37.00,22.00,54.23,10.35,3000.00,M
OMA,2025-01-01 14:52,37.00,22.00,54.23,8.05,3000.00,M
OMA,2025-01-01 15:52,38.00,22.00,52.14,9.20,3000.00,M
OMA,2025-01-01 16:52,36.00,22.00,56.42,6.90,3000.00,M
OMA,2025-01-01 17:52,34.00,23.00,63.72,3.45,3000.00,M
OMA,2025-01-01 18:52,30.00,22.00,71.78,5.75,25000.00,M
OMA,2025-01-01 19:52,29.00,21.00,71.67,0.00,M,M
OMA,2025-01-01 20:52,28.00,22.00,77.89,4.60,M,M
OMA,2025-01-01 21:52,27.00,22.00,81.17,5.75,M,M
OMA,2025-01-01 22:52,26.00,22.00,84.59,9.20,10000.00,M
OMA,2025-01-01 23:52,29.00,23.00,77.98,5.75,8000.00,M
OMA,2025-01-02 00:52,28.00,23.00,81.25,6.90,6500.00,M
OMA,2025-01-02 01:52,28.00,24.00,84.72,5.75,10000.00,M
OMA,2025-01-02 02:41,29.00,25.00,84.79,8.05,4400.00,M
OMA,2025-01-02 02:52,30.00,26.00,84.85,5.75,4600.00,M
OMA,2025-01-02 03:06,30.00,26.00,84.85,6.90,4100.00,M
OMA,2025-01-02 03:12,30.00,26.00,84.85,6.90,3900.00,M
OMA,2025-01-02 03:26,30.00,27.00,88.44,0.00,2900.00,M
OMA,2025-01-02 03:33,30.00,27.00,88.44,8.05,2500.00,M
OMA,2025-01-02 03:52,30.00,27.00,88.44,9.20,2300.00,M
OMA,2025-01-02 03:59,30.00,27.00,88.44,8.05,2000.00,M
OMA,2025-01-02 04:48,28.40,28.40,100.00,4.60,1400.00,M
OMA,2025-01-02 04:52,30.00,29.00,96.00,3.45,1300.00,M
OMA,2025-01-02 05:00,30.00,29.00,96.00,3.45,1100.00,M
OMA,2025-01-02 05:06,30.00,29.00,96.00,3.45,400.00,M
OMA,2025-01-02 05:14,29.00,28.00,95.99,4.60,600.00,M
OMA,2025-01-02 05:34,27.00,27.00,100.00,6.90,4900.00,M
OMA,2025-01-02 05:52,26.00,26.00,100.00,3.45,5500.00,M
OMA,2025-01-02 06:34,28.00,27.00,95.97,4.60,600.00,M
OMA,2025-01-02 06:52,28.00,27.00,95.97,0.00,600.00,M
OMA,2025-01-02 07:36,28.00,27.00,95.97,5.75,2900.00,M
OMA,2025-01-02 07:42,29.00,27.00,92.12,6.90,600.00,M
OMA,2025-01-02 07:52,29.00,27.00,92.12,8.05,600.00,M
OMA,2025-01-02 08:52,29.00,28.00,95.99,8.05,700.00,M
OMA,2025-01-02 09:48,28.40,28.40,100.00,8.05,500.00,M
OMA,2025-01-02 09:52,30.00,28.00,92.15,8.05,500.00,M
OMA,2025-01-02 10:24,30.00,28.00,92.15,6.90,700.00,M
OMA,2025-01-02 10:52,28.00,26.00,92.08,16.10,800.00,M
OMA,2025-01-02 11:52,28.00,26.00,92.08,13.80,800.00,M
OMA,2025-01-02 12:31,29.00,25.00,84.79,8.05,1000.00,M
OMA,2025-01-02 12:52,29.00,25.00,84.79,11.50,1000.00,M
OMA,2025-01-02 13:52,29.00,25.00,84.79,11.50,1200.00,M
OMA,2025-01-02 14:45,30.00,25.00,81.40,11.50,1500.00,M
OMA,2025-01-02 14:52,30.00,25.00,81.40,11.50,1500.00,M
OMA,2025-01-02 15:52,28.00,23.00,81.25,11.50,1800.00,M
OMA,2025-01-02 16:52,27.00,22.00,81.17,10.35,2000.00,M
OMA,2025-01-02 17:52,23.00,20.00,88.08,5.75,1800.00,M
OMA,2025-01-02 18:06,22.00,19.00,88.02,4.60,1800.00,M
OMA,2025-01-02 18:52,20.00,17.00,87.92,3.45,1800.00,M
OMA,2025-01-02 19:52,18.00,16.00,91.72,3.45,1800.00,M
OMA,2025-01-02 20:52,19.00,17.00,91.76,3.45,M,M
OMA,2025-01-02 21:52,18.00,15.00,87.81,4.60,M,M
OMA,2025-01-02 22:52,19.00,16.00,87.87,4.60,3600.00,M
OMA,2025-01-02 23:52,21.00,18.00,87.97,4.60,3600.00,M
OMA,2025-01-03 00:46,23.00,19.40,85.85,4.60,2500.00,M
OMA,2025-01-03 00:52,23.00,20.00,88.08,4.60,2500.00,M
OMA,2025-01-03 01:52,23.00,19.00,84.39,4.60,2700.00,M
OMA,2025-01-03 02:52,23.00,20.00,88.08,0.00,2600.00,M
OMA,2025-01-03 03:52,22.00,17.00,80.77,10.35,1900.00,M
OMA,2025-01-03 04:52,21.00,16.00,80.69,9.20,2300.00,M
OMA,2025-01-03 05:52,20.00,15.00,80.60,10.35,1500.00,M
OMA,2025-01-03 06:43,17.00,14.00,87.76,10.35,2400.00,M
OMA,2025-01-03 06:52,17.00,13.00,83.98,9.20,2400.00,M
OMA,2025-01-03 07:38,17.00,13.00,83.98,6.90,2500.00,M
OMA,2025-01-03 07:50,15.80,12.20,85.40,6.93,2500.00,M
OMA,2025-01-03 07:52,16.00,13.00,87.70,8.05,2600.00,M
OMA,2025-01-03 08:52,17.00,12.00,80.36,10.35,2900.00,M
OMA,2025-01-03 09:52,19.00,12.00,73.73,9.20,3100.00,M
OMA,2025-01-03 10:41,19.00,11.00,70.53,9.20,2100.00,M
OMA,2025-01-03 10:52,19.00,11.00,70.53,9.20,2100.00,M
OMA,2025-01-03 11:50,19.40,12.20,73.13,9.17,2099.00,M
OMA,2025-01-03 11:52,20.00,12.00,70.65,9.20,2100.00,M
OMA,2025-01-03 12:52,21.00,13.00,70.76,8.05,2500.00,M
OMA,2025-01-03 13:52,21.00,12.00,67.71,8.05,10000.00,M
OMA,2025-01-03 14:52,21.00,13.00,70.76,10.35,10000.00,M
OMA,2025-01-03 15:52,20.00,13.00,73.84,11.50,9000.00,M
OMA,2025-01-03 16:52,20.00,13.00,73.84,10.35,6500.00,M
OMA,2025-01-03 17:52,20.00,13.00,73.84,5.75,9000.00,M
OMA,2025-01-03 18:52,20.00,14.00,77.16,6.90,7000.00,M
OMA,2025-01-03 19:52,20.00,14.00,77.16,4.60,7000.00,M
OMA,2025-01-03 20:52,20.00,14.00,77.16,5.75,7000.00,M
OMA,2025-01-03 21:52,20.00,13.00,73.84,8.05,7000.00,M
OMA,2025-01-03 22:52,20.00,14.00,77.16,8.05,7000.00,M
OMA,2025-01-03 23:52,20.00,14.00,77.16,5.75,6500.00,M
OMA,2025-01-04 00:45,20.00,14.00,77.16,6.90,6000.00,M
OMA,2025-01-04 00:52,20.00,14.00,77.16,6.90,6000.00,M
OMA,2025-01-04 01:22,20.00,13.00,73.84,8.05,5500.00,M
OMA,2025-01-04 01:29,20.00,13.00,73.84,8.05,5000.00,M
OMA,2025-01-04 01:52,20.00,13.00,73.84,9.20,4200.00,M
OMA,2025-01-04 02:52,20.00,12.00,70.65,8.05,4300.00,M
OMA,2025-01-04 03:52,18.00,10.00,70.41,12.65,8000.00,M
OMA,2025-01-04 04:02,18.00,9.00,67.33,8.05,7500.00,M
OMA,2025-01-04 04:52,16.00,7.00,67.07,8.05,7500.00,M
OMA,2025-01-04 05:52,15.00,7.00,70.06,5.75,5000.00,M
OMA,2025-01-04 06:52,14.00,5.00,66.82,8.05,7000.00,M
OMA,2025-01-04 07:52,14.00,4.00,63.82,10.35,6000.00,M
OMA,2025-01-04 08:52,14.00,4.00,63.82,4.60,7000.00,M
OMA,2025-01-04 09:52,14.00,5.00,66.82,10.35,6500.00,M
OMA,2025-01-04 10:52,14.00,5.00,66.82,8.05,5500.00,M
OMA,2025-01-04 11:52,15.00,7.00,70.06,9.20,6000.00,M
OMA,2025-01-04 12:52,15.00,7.00,70.06,11.50,6000.00,M
OMA,2025-01-04 13:52,16.00,7.00,67.07,8.05,6000.00,M
OMA,2025-01-04 14:52,16.00,7.00,67.07,8.05,5000.00,M
OMA,2025-01-04 15:52,15.00,6.00,66.95,11.50,5000.00,M
OMA,2025-01-04 16:42,15.00,5.00,63.96,9.20,8000.00,M
OMA,2025-01-04 16:52,15.00,5.00,63.96,9.20,8000.00,M
OMA,2025-01-04 17:52,14.00,3.00,60.94,9.20,7000.00,M
OMA,2025-01-04 18:52,14.00,3.00,60.94,9.20,4600.00,M
OMA,2025-01-04 19:52,15.00,3.00,58.34,11.50,6500.00,M
OMA,2025-01-04 20:27,15.00,2.00,55.69,10.35,6000.00,M
OMA,2025-01-04 20:52,15.00,3.00,58.34,9.20,4400.00,M
OMA,2025-01-04 21:02,15.00,3.00,58.34,8.05,4200.00,M
OMA,2025-01-04 21:52,16.00,6.00,64.09,12.65,5500.00,M
OMA,2025-01-04 22:34,16.00,7.00,67.07,10.35,6500.00,M
OMA,2025-01-04 22:52,16.00,8.00,70.18,13.80,3600.00,M
OMA,2025-01-04 23:44,17.00,8.00,67.20,11.50,3500.00,M
OMA,2025-01-04 23:52,17.00,7.00,64.23,12.65,3500.00,M
OMA,2025-01-04 23:58,16.00,7.00,67.07,11.50,3600.00,M
OMA,2025-01-05 00:52,16.00,8.00,70.18,12.65,3900.00,M
OMA,2025-01-05 01:07,16.00,7.00,67.07,12.65,3900.00,M
OMA,2025-01-05 01:52,16.00,4.00,58.49,13.80,3900.00,M
OMA,2025-01-05 02:44,16.00,5.00,61.23,16.10,4100.00,M
OMA,2025-01-05 02:52,16.00,5.00,61.23,18.40,4100.00,M
OMA,2025-01-05 03:52,15.00,6.00,66.95,17.25,4800.00,M
OMA,2025-01-05 04:52,15.00,6.00,66.95,13.80,5000.00,M
OMA,2025-01-05 05:52,14.00,2.00,58.18,17.25,6000.00,M
OMA,2025-01-05 06:22,14.00,2.00,58.18,13.80,6500.00,M
OMA,2025-01-05 06:52,14.00,0.00,53.00,20.70,7000.00,34.50
OMA,2025-01-05 07:52,13.00,1.00,58.03,20.70,6500.00,31.05
OMA,2025-01-05 08:52,13.00,0.00,55.38,13.80,6000.00,M
OMA,2025-01-05 09:52,14.00,-2.00,48.23,21.85,5000.00,M
OMA,2025-01-05 10:52,14.00,-1.00,50.56,23.00,8000.00,32.20
OMA,2025-01-05 11:52,14.00,-2.00,48.23,24.15,10000.00,34.50
OMA,2025-01-05 12:52,13.00,-2.00,50.39,23.00,9500.00,31.05
OMA,2025-01-05 13:52,13.00,1.00,58.03,19.55,11000.00,32.20
OMA,2025-01-05 14:52,13.00,-1.00,52.83,21.85,11000.00,31.05
OMA,2025-01-05 15:52,14.00,-1.00,50.56,20.70,12000.00,31.05
OMA,2025-01-05 16:52,15.00,0.00,50.73,20.70,12000.00,29.90
OMA,2025-01-05 17:52,16.00,0.00,48.57,13.80,12000.00,M
OMA,2025-01-05 18:52,16.00,1.00,50.90,17.25,12000.00,M
OMA,2025-01-05 19:52,16.00,1.00,50.90,14.95,12000.00,M
OMA,2025-01-05 20:52,15.00,2.00,55.69,20.70,18000.00,31.05
OMA,2025-01-05 21:52,13.00,2.00,60.80,17.25,18000.00,M
OMA,2025-01-05 22:52,12.00,0.00,57.88,17.25,18000.00,M
OMA,2025-01-05 23:52,11.00,-1.00,57.72,13.80,18000.00,M
OMA,2025-01-06 00:52,11.00,-1.00,57.72,14.95,18000.00,M
OMA,2025-01-06 01:52,10.00,-2.00,57.57,13.80,M,M
OMA,2025-01-06 02:52,9.00,-2.00,60.21,14.95,M,M
OMA,2025-01-06 03:52,8.00,-2.00,62.98,11.50,M,M
OMA,2025-01-06 04:52,8.00,-2.00,62.98,11.50,M,M
OMA,2025-01-06 05:52,7.00,-2.00,65.89,12.65,M,M
OMA,2025-01-06 06:52,6.00,-2.00,68.96,10.35,M,M
OMA,2025-01-06 07:52,6.00,-2.00,68.96,11.50,20000.00,M
OMA,2025-01-06 08:52,8.00,-2.00,62.98,13.80,20000.00,M
OMA,2025-01-06 09:52,10.00,-1.00,60.36,13.80,20000.00,M
OMA,2025-01-06 10:52,13.00,0.00,55.38,11.50,20000.00,M
OMA,2025-01-06 11:52,15.00,2.00,55.69,11.50,20000.00,M
OMA,2025-01-06 12:52,17.00,3.00,53.48,8.05,20000.00,M
OMA,2025-01-06 13:52,18.00,4.00,53.64,9.20,20000.00,M
OMA,2025-01-06 14:52,20.00,4.00,49.24,10.35,20000.00,M
OMA,2025-01-06 15:52,18.00,2.00,48.91,12.65,20000.00,M
OMA,2025-01-06 16:52,16.00,3.00,55.85,10.35,20000.00,M
OMA,2025-01-06 17:12,14.00,4.00,63.82,9.20,200.00,M
OMA,2025-01-06 17:19,14.00,4.00,63.82,8.05,200.00,M
OMA,2025-01-06 17:52,13.00,4.00,66.69,6.90,20000.00,M
OMA,2025-01-06 18:52,11.00,4.00,72.86,5.75,20000.00,M
OMA,2025-01-06 19:52,10.00,4.00,76.18,4.60,20000.00,M
OMA,2025-01-06 20:52,9.00,4.00,79.67,4.60,20000.00,M
OMA,2025-01-06 21:52,10.00,4.00,76.18,0.00,20000.00,M
OMA,2025-01-06 22:52,9.00,3.00,76.08,3.45,16000.00,M
OMA,2025-01-06 23:52,8.00,3.00,79.58,3.45,18000.00,M
OMA,2025-01-07 00:52,8.00,4.00,83.34,4.60,18000.00,M
OMA,2025-01-07 01:52,8.00,3.00,79.58,0.00,15000.00,M
OMA,2025-01-07 02:52,7.00,3.00,83.27,3.45,15000.00,M
OMA,2025-01-07 03:52,8.00,4.00,83.34,0.00,12000.00,M
OMA,2025-01-07 04:52,9.00,5.00,83.41,4.60,12000.00,M
OMA,2025-01-07 05:52,11.00,5.00,76.28,0.00,12000.00,M
OMA,2025-01-07 06:52,11.00,5.00,76.28,3.45,6500.00,M
OMA,2025-01-07 07:52,13.00,7.00,76.48,0.00,13000.00,M
OMA,2025-01-07 08:52,13.00,7.00,76.48,3.45,9500.00,M
OMA,2025-01-07 09:52,17.00,8.00,67.20,6.90,8000.00,M
OMA,2025-01-07 10:52,21.00,8.00,56.62,13.80,6000.00,M
OMA,2025-01-07 11:52,20.00,7.00,56.47,11.50,5500.00,M
OMA,2025-01-07 12:52,22.00,7.00,51.88,11.50,3500.00,M
OMA,2025-01-07 13:52,22.00,9.00,56.78,13.80,3500.00,M
OMA,2025-01-07 14:52,22.00,11.00,62.09,14.95,2900.00,M
OMA,2025-01-07 15:18,21.00,11.00,64.77,14.95,2700.00,M
OMA,2025-01-07 15:52,20.00,10.00,64.64,14.95,2700.00,M
OMA,2025-01-07 16:52,20.00,10.00,64.64,12.65,2900.00,M
OMA,2025-01-07 17:52,19.00,11.00,70.53,12.65,2400.00,M
OMA,2025-01-07 18:10,19.00,11.00,70.53,12.65,2400.00,M
OMA,2025-01-07 18:52,19.00,12.00,73.73,10.35,2200.00,M
OMA,2025-01-07 19:21,19.00,12.00,73.73,11.50,2400.00,M
OMA,2025-01-07 19:44,19.00,11.00,70.53,13.80,2400.00,M
OMA,2025-01-07 19:52,19.00,11.00,70.53,14.95,2300.00,M
OMA,2025-01-07 20:37,18.00,10.00,70.41,16.10,2500.00,M
OMA,2025-01-07 20:52,17.00,10.00,73.52,11.50,2300.00,M
OMA,2025-01-07 21:49,15.80,8.60,72.73,14.95,2600.00,M
OMA,2025-01-07 21:52,15.00,9.00,76.68,14.95,3000.00,M
OMA,2025-01-07 22:52,14.00,8.00,76.58,14.95,3500.00,M
OMA,2025-01-07 23:52,12.00,7.00,79.93,13.80,M,M
OMA,2025-01-08 00:52,10.00,5.00,79.76,6.90,M,M
OMA,2025-01-08 01:52,9.00,4.00,79.67,10.35,M,M
OMA,2025-01-08 02:52,8.00,3.00,79.58,10.35,M,M
OMA,2025-01-08 03:52,7.00,2.00,79.50,10.35,M,M
OMA,2025-01-08 04:52,6.00,1.00,79.41,9.20,M,M
OMA,2025-01-08 05:52,4.00,0.00,83.04,6.90,M,M
OMA,2025-01-08 06:52,5.00,0.00,79.32,3.45,M,M
OMA,2025-01-08 07:52,6.00,0.00,75.78,3.45,M,M
OMA,2025-01-08 08:52,8.00,2.00,75.98,0.00,M,M
OMA,2025-01-08 09:52,12.00,4.00,69.70,5.75,M,M
OMA,2025-01-08 10:52,16.00,4.00,58.49,12.65,25000.00,M
OMA,2025-01-08 11:52,19.00,6.00,56.32,12.65,M,M
OMA,2025-01-08 12:52,22.00,9.00,56.78,13.80,M,M
OMA,2025-01-08 13:52,25.00,10.00,52.36,12.65,25000.00,M
OMA,2025-01-08 14:52,27.00,12.00,52.68,11.50,25000.00,M
OMA,2025-01-08 15:52,26.00,12.00,54.90,12.65,25000.00,M
OMA,2025-01-08 16:52,23.00,12.00,62.23,12.65,25000.00,M
OMA,2025-01-08 17:52,20.00,11.00,67.58,16.10,25000.00,M
OMA,2025-01-08 18:52,19.00,10.00,67.46,13.80,25000.00,M
OMA,2025-01-08 19:52,16.00,9.00,73.41,13.80,25000.00,M
OMA,2025-01-08 20:52,14.00,8.00,76.58,12.65,25000.00,M
OMA,2025-01-08 21:52,14.00,8.00,76.58,12.65,25000.00,M
OMA,2025-01-08 22:52,13.00,8.00,80.02,11.50,25000.00,M
OMA,2025-01-08 23:52,13.00,8.00,80.02,9.20,25000.00,M
OMA,2025-01-09 00:52,10.00,7.00,87.37,10.35,14000.00,M
OMA,2025-01-09 01:52,12.00,8.00,83.63,10.35,21000.00,M
OMA,2025-01-09 02:52,13.00,10.00,87.54,11.50,15000.00,M
OMA,2025-01-09 03:52,14.00,10.00,83.77,10.35,17000.00,M
OMA,2025-01-09 04:52,13.00,10.00,87.54,10.35,17000.00,M
OMA,2025-01-09 05:52,13.00,11.00,91.53,6.90,17000.00,M
OMA,2025-01-09 06:52,16.00,12.00,83.91,12.65,17000.00,M
OMA,2025-01-09 07:52,16.00,13.00,87.70,10.35,17000.00,M
OMA,2025-01-09 08:52,18.00,14.00,84.05,10.35,17000.00,M
OMA,2025-01-09 09:52,21.00,16.00,80.69,8.05,25000.00,M
OMA,2025-01-09 10:52,28.00,18.00,65.69,6.90,2000.00,M
OMA,2025-01-09 11:39,29.00,19.00,65.81,6.90,2200.00,M
OMA,2025-01-09 11:52,29.00,19.00,65.81,9.20,2000.00,M
OMA,2025-01-09 12:52,31.00,20.00,63.32,6.90,2000.00,M
OMA,2025-01-09 13:52,33.00,22.00,63.59,5.75,1900.00,M
OMA,2025-01-09 14:52,35.00,24.00,63.85,4.60,2300.00,M
OMA,2025-01-09 15:52,36.00,26.00,66.69,4.60,2100.00,M
OMA,2025-01-09 16:50,35.60,28.40,74.80,16.10,2099.00,M
OMA,2025-01-09 16:52,35.00,29.00,78.51,18.40,2100.00,M
OMA,2025-01-09 17:17,34.00,30.00,85.11,18.40,1200.00,M
OMA,2025-01-09 17:39,33.00,30.00,88.58,17.25,1200.00,M
OMA,2025-01-09 17:50,33.80,30.20,86.49,17.21,1400.00,M
OMA,2025-01-09 17:52,33.00,30.00,88.58,21.85,1400.00,M
OMA,2025-01-09 18:52,32.00,30.00,92.22,10.35,1000.00,M
OMA,2025-01-09 19:19,32.00,31.00,96.04,6.90,1000.00,M
OMA,2025-01-09 19:40,32.00,31.00,96.04,4.60,800.00,M
OMA,2025-01-09 19:52,32.00,31.00,96.04,5.75,800.00,M
OMA,2025-01-09 20:22,32.00,30.00,92.22,4.60,1000.00,M
OMA,2025-01-09 20:37,32.00,31.00,96.04,3.45,2800.00,M
OMA,2025-01-09 20:52,31.00,30.00,96.02,0.00,2800.00,M
OMA,2025-01-09 21:52,33.00,29.00,85.04,8.05,2700.00,M
OMA,2025-01-09 22:52,33.00,25.00,72.11,12.65,3400.00,M
OMA,2025-01-09 23:52,32.00,25.00,75.07,12.65,3600.00,M
OMA,2025-01-10 00:52,32.00,25.00,75.07,5.75,3600.00,M
OMA,2025-01-10 01:52,32.00,26.00,78.25,8.05,4200.00,M
OMA,2025-01-10 02:52,31.00,26.00,81.48,9.20,2600.00,M
OMA,2025-01-10 03:52,28.00,24.00,84.72,10.35,2500.00,M
OMA,2025-01-10 04:12,28.00,24.00,84.72,11.50,2200.00,M
OMA,2025-01-10 04:24,28.00,24.00,84.72,10.35,2200.00,M
OMA,2025-01-10 04:52,27.00,23.00,84.66,9.20,21000.00,M
OMA,2025-01-10 05:52,26.00,22.00,84.59,11.50,21000.00,M
OMA,2025-01-10 06:52,23.00,20.00,88.08,10.35,21000.00,M
OMA,2025-01-10 07:52,23.00,19.00,84.39,11.50,1100.00,M
OMA,2025-01-10 08:52,25.00,20.00,81.01,10.35,1100.00,M
OMA,2025-01-10 09:52,28.00,21.00,74.67,14.95,1200.00,M
OMA,2025-01-10 10:52,30.00,20.00,65.94,13.80,2000.00,M
OMA,2025-01-10 11:52,31.00,20.00,63.32,12.65,2500.00,M
OMA,2025-01-10 12:52,30.00,18.00,60.53,14.95,3100.00,M
OMA,2025-01-10 13:52,31.00,19.00,60.67,17.25,3400.00,M
OMA,2025-01-10 14:52,31.00,18.00,58.12,16.10,3200.00,M
OMA,2025-01-10 15:52,31.00,19.00,60.67,13.80,3300.00,M
OMA,2025-01-10 16:52,30.00,18.00,60.53,12.65,3300.00,M
OMA,2025-01-10 17:52,29.00,18.00,63.05,9.20,3400.00,M
OMA,2025-01-10 18:52,26.00,17.00,68.32,8.05,3300.00,M
OMA,2025-01-10 19:52,25.00,17.00,71.22,5.75,M,M
OMA,2025-01-10 20:52,23.00,16.00,74.15,4.60,M,M
OMA,2025-01-10 21:52,19.00,15.00,84.12,4.60,M,M
OMA,2025-01-10 22:52,18.00,14.00,84.05,0.00,M,M
OMA,2025-01-10 23:52,17.00,13.00,83.98,6.90,M,M
OMA,2025-01-11 00:52,16.00,13.00,87.70,6.90,M,M
OMA,2025-01-11 01:52,17.00,13.00,83.98,8.05,M,M
OMA,2025-01-11 02:52,16.00,13.00,87.70,8.05,M,M
OMA,2025-01-11 03:52,20.00,17.00,87.92,10.35,9500.00,M
OMA,2025-01-11 04:52,21.00,18.00,87.97,8.05,9500.00,M
OMA,2025-01-11 05:52,23.00,18.00,80.85,8.05,10000.00,M
OMA,2025-01-11 06:52,23.00,19.00,84.39,9.20,10000.00,M
OMA,2025-01-11 07:52,23.00,19.00,84.39,10.35,9000.00,M
OMA,2025-01-11 08:52,23.00,19.00,84.39,8.05,12000.00,M
OMA,2025-01-11 09:52,26.00,20.00,77.71,10.35,16000.00,M
OMA,2025-01-11 10:52,27.00,19.00,71.45,12.65,11000.00,M
OMA,2025-01-11 11:52,28.00,19.00,68.57,10.35,8000.00,M
OMA,2025-01-11 12:52,28.00,19.00,68.57,5.75,10000.00,M
OMA,2025-01-11 13:52,31.00,20.00,63.32,6.90,9000.00,M
OMA,2025-01-11 14:52,33.00,21.00,60.95,5.75,7000.00,M
OMA,2025-01-11 15:52,34.00,22.00,61.09,3.45,7000.00,M
OMA,2025-01-11 16:48,35.60,21.20,55.41,3.45,2800.00,M
OMA,2025-01-11 16:52,35.00,22.00,58.70,3.45,2800.00,M
OMA,2025-01-11 17:52,34.00,23.00,63.72,3.45,2800.00,M
OMA,2025-01-11 18:52,34.00,23.00,63.72,0.00,2900.00,M
OMA,2025-01-11 19:52,34.00,24.00,66.45,3.45,3100.00,M
OMA,2025-01-11 20:52,34.00,24.00,66.45,3.45,3800.00,M
OMA,2025-01-11 21:52,34.00,27.00,75.26,3.45,3500.00,M
OMA,2025-01-11 22:52,36.00,30.00,78.60,9.20,3500.00,M
OMA,2025-01-11 23:52,37.00,31.00,78.69,9.20,4500.00,M
OMA,2025-01-12 00:52,37.00,31.00,78.69,11.50,4700.00,M
OMA,2025-01-12 01:47,37.40,30.20,74.98,14.95,2200.00,M
OMA,2025-01-12 01:52,37.00,31.00,78.69,16.10,2200.00,M
OMA,2025-01-12 02:14,37.00,30.00,75.56,13.80,3100.00,M
OMA,2025-01-12 02:52,35.00,27.00,72.32,16.10,6500.00,M
OMA,2025-01-12 03:52,33.00,24.00,69.16,18.40,6000.00,M
OMA,2025-01-12 04:52,30.00,23.00,74.87,16.10,4800.00,M
OMA,2025-01-12 05:03,29.00,23.00,77.98,11.50,5500.00,M
OMA,2025-01-12 05:52,30.00,22.00,71.78,16.10,4000.00,M
OMA,2025-01-12 06:52,30.00,21.00,68.81,12.65,3900.00,M
OMA,2025-01-12 07:52,29.00,20.00,68.69,24.15,2200.00,32.20
OMA,2025-01-12 08:52,27.00,17.00,65.56,17.25,3500.00,39.10
OMA,2025-01-12 09:52,26.00,17.00,68.32,20.70,2700.00,35.65
OMA,2025-01-12 10:52,26.00,12.00,54.90,21.85,3000.00,39.10
OMA,2025-01-12 11:52,24.00,11.00,57.08,25.30,3300.00,37.95
OMA,2025-01-12 12:20,24.00,12.00,59.67,19.55,2900.00,36.80
OMA,2025-01-12 12:52,24.00,11.00,57.08,23.00,3200.00,36.80
OMA,2025-01-12 13:30,23.00,10.00,56.93,23.00,2900.00,32.20
OMA,2025-01-12 13:52,23.00,9.00,54.44,19.55,2900.00,34.50
OMA,2025-01-12 14:45,22.00,7.00,51.88,19.55,3100.00,36.80
OMA,2025-01-12 14:52,20.00,7.00,56.47,21.85,3100.00,36.80
OMA,2025-01-12 15:52,19.00,7.00,58.94,18.40,3100.00,33.35
OMA,2025-01-12 16:52,18.00,6.00,58.79,19.55,2500.00,35.65
OMA,2025-01-12 17:52,15.00,4.00,61.09,19.55,3100.00,33.35
OMA,2025-01-12 18:52,14.00,4.00,63.82,13.80,2800.00,M
OMA,2025-01-12 19:52,13.00,4.00,66.69,12.65,M,M
OMA,2025-01-12 20:52,13.00,4.00,66.69,13.80,M,M
OMA,2025-01-12 21:52,12.00,4.00,69.70,10.35,M,M
OMA,2025-01-12 22:52,11.00,4.00,72.86,5.75,M,M
OMA,2025-01-12 23:52,11.00,3.00,69.58,5.75,M,M
OMA,2025-01-13 00:52,10.00,3.00,72.75,8.05,M,M
OMA,2025-01-13 01:52,10.00,3.00,72.75,11.50,M,M
OMA,2025-01-13 02:52,10.00,2.00,69.45,9.20,M,M
OMA,2025-01-13 03:52,9.00,2.00,72.64,13.80,M,M
OMA,2025-01-13 04:52,9.00,2.00,72.64,11.50,M,M
OMA,2025-01-13 05:52,9.00,2.00,72.64,11.50,M,M
OMA,2025-01-13 06:52,8.00,2.00,75.98,10.35,M,M
OMA,2025-01-13 07:52,7.00,2.00,79.50,8.05,M,M
OMA,2025-01-13 08:52,11.00,2.00,66.43,11.50,M,M
OMA,2025-01-13 09:52,15.00,3.00,58.34,8.05,M,M
OMA,2025-01-13 10:52,17.00,3.00,53.48,11.50,12000.00,M
OMA,2025-01-13 11:52,20.00,4.00,49.24,10.35,12000.00,M
OMA,2025-01-13 12:52,22.00,4.00,45.24,5.75,M,M
OMA,2025-01-13 13:52,25.00,4.00,39.89,11.50,12000.00,M
OMA,2025-01-13 14:52,28.00,6.00,38.61,9.20,12000.00,M
OMA,2025-01-13 15:52,29.00,9.00,42.45,10.35,5000.00,M
OMA,2025-01-13 16:52,31.00,11.00,42.79,5.75,4700.00,M
OMA,2025-01-13 17:52,31.00,12.00,44.73,6.90,5500.00,M
OMA,2025-01-13 18:52,30.00,15.00,53.15,9.20,5000.00,M
OMA,2025-01-13 19:52,28.00,15.00,57.68,12.65,5500.00,M
OMA,2025-01-13 20:52,27.00,14.00,57.53,10.35,5500.00,M
OMA,2025-01-13 21:52,26.00,14.00,59.96,10.35,5500.00,M
OMA,2025-01-13 22:52,27.00,16.00,62.78,13.80,6000.00,M
OMA,2025-01-13 23:52,28.00,17.00,62.91,11.50,8000.00,M
OMA,2025-01-14 00:52,25.00,20.00,81.01,18.40,1500.00,M
OMA,2025-01-14 01:09,24.00,18.00,77.53,18.40,1800.00,M
OMA,2025-01-14 01:21,24.00,18.00,77.53,23.00,1400.00,32.20
OMA,2025-01-14 01:26,24.00,18.00,77.53,20.70,1400.00,32.20
OMA,2025-01-14 01:48,23.00,15.80,73.51,20.70,1500.00,32.20
OMA,2025-01-14 01:52,22.00,16.00,77.34,21.85,1500.00,32.20
OMA,2025-01-14 02:52,21.00,14.00,73.94,19.55,2600.00,32.20
OMA,2025-01-14 03:52,19.00,12.00,73.73,19.55,1900.00,31.05
OMA,2025-01-14 04:52,12.00,6.00,76.38,17.25,1200.00,M
OMA,2025-01-14 05:06,11.00,4.00,72.86,16.10,1200.00,M
OMA,2025-01-14 05:52,8.00,0.00,69.21,13.80,4500.00,M
OMA,2025-01-14 06:52,5.00,-1.00,75.67,10.35,M,M
OMA,2025-01-14 07:52,2.00,-5.00,71.83,12.65,M,M
OMA,2025-01-14 08:52,2.00,-6.00,68.45,13.80,M,M
OMA,2025-01-14 09:52,4.00,-6.00,62.40,11.50,M,M
OMA,2025-01-14 10:52,7.00,-6.00,54.41,10.35,M,M
OMA,2025-01-14 11:52,10.00,-5.00,49.89,6.90,M,M
OMA,2025-01-14 12:52,12.00,-4.00,47.89,5.75,10000.00,M
OMA,2025-01-14 13:52,15.00,-3.00,44.02,8.05,10000.00,M
OMA,2025-01-14 14:52,15.00,-3.00,44.02,5.75,10000.00,M
OMA,2025-01-14 15:52,15.00,-2.00,46.16,5.75,10000.00,M
OMA,2025-01-14 16:52,14.00,-2.00,48.23,8.05,10000.00,M
OMA,2025-01-14 17:52,14.00,-1.00,50.56,6.90,10000.00,M
OMA,2025-01-14 18:52,13.00,-1.00,52.83,4.60,10000.00,M
OMA,2025-01-14 19:52,12.00,-1.00,55.22,4.60,7500.00,M
OMA,2025-01-14 20:52,12.00,-1.00,55.22,4.60,5500.00,M
OMA,2025-01-14 21:52,12.00,-1.00,55.22,4.60,5500.00,M
OMA,2025-01-14 22:52,12.00,0.00,57.88,6.90,8000.00,M
OMA,2025-01-14 23:52,12.00,0.00,57.88,5.75,3900.00,M
OMA,2025-01-15 00:52,12.00,0.00,57.88,4.60,3300.00,M
OMA,2025-01-15 01:52,10.00,0.00,63.26,4.60,3600.00,M
OMA,2025-01-15 02:52,9.00,1.00,69.33,6.90,4500.00,M
OMA,2025-01-15 03:52,10.00,2.00,69.45,8.05,3100.00,M
OMA,2025-01-15 04:52,9.00,1.00,69.33,8.05,5000.00,M
OMA,2025-01-15 05:52,12.00,3.00,66.56,4.60,4200.00,M
OMA,2025-01-15 06:43,11.00,3.00,69.58,8.05,2900.00,M
OMA,2025-01-15 06:52,13.00,4.00,66.69,6.90,2900.00,M
OMA,2025-01-15 07:52,15.00,4.00,61.09,6.90,2600.00,M
OMA,2025-01-15 08:52,17.00,3.00,53.48,12.65,2400.00,M
OMA,2025-01-15 09:52,19.00,3.00,49.07,9.20,2400.00,M
OMA,2025-01-15 10:52,21.00,7.00,54.12,14.95,1500.00,M
OMA,2025-01-15 11:37,25.00,11.00,54.75,10.35,1500.00,M
OMA,2025-01-15 11:52,26.00,12.00,54.90,10.35,1500.00,M
OMA,2025-01-15 12:52,30.00,14.00,50.88,14.95,20000.00,M
OMA,2025-01-15 13:52,34.00,16.00,47.25,13.80,20000.00,M
OMA,2025-01-15 14:52,36.00,17.00,45.57,13.80,20000.00,M
OMA,2025-01-15 15:52,38.00,19.00,45.90,13.80,20000.00,M
OMA,2025-01-15 16:52,38.00,20.00,47.90,13.80,12000.00,M
OMA,2025-01-15 17:52,37.00,21.00,51.99,9.20,12000.00,M
OMA,2025-01-15 18:52,35.00,21.00,56.27,13.80,12000.00,M
OMA,2025-01-15 19:52,34.00,22.00,61.09,6.90,11000.00,M
OMA,2025-01-15 20:52,28.00,21.00,74.67,9.20,10000.00,M
OMA,2025-01-15 21:52,31.00,22.00,68.92,3.45,20000.00,M
OMA,2025-01-15 22:52,35.00,25.00,66.57,5.75,20000.00,M
OMA,2025-01-15 23:52,38.00,28.00,66.94,14.95,20000.00,M
OMA,2025-01-16 00:52,38.00,28.00,66.94,17.25,M,M
OMA,2025-01-16 01:52,35.00,28.00,75.36,10.35,M,M
OMA,2025-01-16 02:52,35.00,28.00,75.36,10.35,M,M
OMA,2025-01-16 03:52,34.00,27.00,75.26,6.90,M,M
OMA,2025-01-16 04:52,35.00,27.00,72.32,0.00,M,M
OMA,2025-01-16 05:52,32.00,25.00,75.07,8.05,M,M
OMA,2025-01-16 06:52,35.00,27.00,72.32,10.35,M,M
OMA,2025-01-16 07:52,34.00,26.00,72.22,10.35,M,M
OMA,2025-01-16 08:52,36.00,27.00,69.51,10.35,25000.00,M
OMA,2025-01-16 09:52,39.00,28.00,64.37,11.50,25000.00,M
OMA,2025-01-16 10:52,41.00,28.00,59.55,10.35,25000.00,M
OMA,2025-01-16 11:52,43.00,27.00,52.91,8.05,25000.00,M
OMA,2025-01-16 12:52,46.00,25.00,43.44,6.90,25000.00,M
OMA,2025-01-16 13:52,46.00,25.00,43.44,4.60,25000.00,M
OMA,2025-01-16 14:52,49.00,24.00,37.22,3.45,25000.00,M
OMA,2025-01-16 15:52,49.00,24.00,37.22,4.60,25000.00,M
OMA,2025-01-16 16:52,45.00,23.00,41.50,6.90,25000.00,M
OMA,2025-01-16 17:52,39.00,22.00,50.14,8.05,25000.00,M
OMA,2025-01-16 18:52,42.00,29.00,59.69,10.35,25000.00,M
OMA,2025-01-16 19:52,39.00,28.00,64.37,11.50,25000.00,M
OMA,2025-01-16 20:52,34.00,26.00,72.22,13.80,25000.00,M
OMA,2025-01-16 21:52,33.00,26.00,75.17,11.50,M,M
OMA,2025-01-16 22:52,31.00,26.00,81.48,11.50,M,M
OMA,2025-01-16 23:52,30.00,25.00,81.40,10.35,M,M
OMA,2025-01-17 00:52,29.00,25.00,84.79,10.35,M,M
OMA,2025-01-17 01:52,29.00,25.00,84.79,13.80,M,M
OMA,2025-01-17 02:52,31.00,26.00,81.48,14.95,M,M
OMA,2025-01-17 03:52,32.00,27.00,81.55,14.95,M,M
OMA,2025-01-17 04:52,32.00,27.00,81.55,11.50,M,M
OMA,2025-01-17 05:52,29.00,25.00,84.79,6.90,M,M
OMA,2025-01-17 06:52,29.00,25.00,84.79,12.65,M,M
OMA,2025-01-17 07:52,27.00,24.00,88.28,9.20,M,M
OMA,2025-01-17 08:52,32.00,26.00,78.25,6.90,M,M
OMA,2025-01-17 09:52,37.00,27.00,66.82,5.75,M,M
OMA,2025-01-17 10:52,42.00,28.00,57.30,6.90,25000.00,M
OMA,2025-01-17 11:52,45.00,30.00,55.43,16.10,25000.00,M
OMA,2025-01-17 12:52,47.00,31.00,53.52,18.40,25000.00,M
OMA,2025-01-17 13:52,49.00,31.00,49.65,21.85,13000.00,32.20
OMA,2025-01-17 14:52,49.00,25.00,38.81,24.15,13000.00,36.80
OMA,2025-01-17 15:52,46.00,25.00,43.44,26.45,13000.00,40.25
OMA,2025-01-17 16:52,41.00,24.00,50.46,29.90,5000.00,47.15
OMA,2025-01-17 17:52,37.00,23.00,56.57,20.70,12000.00,39.10
OMA,2025-01-17 18:52,34.00,19.00,53.77,32.20,12000.00,48.30
OMA,2025-01-17 19:52,32.00,19.00,58.27,24.15,10000.00,46.00
OMA,2025-01-17 20:52,31.00,19.00,60.67,27.60,11000.00,40.25
OMA,2025-01-17 21:52,28.00,16.00,60.25,33.35,3200.00,44.85
OMA,2025-01-17 22:52,25.00,14.00,62.50,27.60,3500.00,46.00
OMA,2025-01-17 23:19,24.00,14.00,65.17,32.20,2700.00,44.85
OMA,2025-01-17 23:52,22.00,12.00,64.90,29.90,2700.00,47.15
OMA,2025-01-18 00:52,18.00,7.00,61.52,28.75,2000.00,44.85
OMA,2025-01-18 01:52,16.00,6.00,64.09,26.45,2000.00,46.00
OMA,2025-01-18 02:52,15.00,5.00,63.96,28.75,2400.00,40.25
OMA,2025-01-18 03:52,14.00,4.00,63.82,24.15,2400.00,41.40
OMA,2025-01-18 04:52,13.00,4.00,66.69,24.15,2400.00,37.95
OMA,2025-01-18 05:52,12.00,4.00,69.70,19.55,2400.00,41.40
OMA,2025-01-18 06:52,12.00,3.00,66.56,24.15,2000.00,36.80
OMA,2025-01-18 07:52,11.00,3.00,69.58,23.00,14000.00,33.35
OMA,2025-01-18 08:52,12.00,1.00,60.65,25.30,15000.00,35.65
OMA,2025-01-18 09:52,13.00,1.00,58.03,21.85,15000.00,32.20
OMA,2025-01-18 10:52,14.00,0.00,53.00,23.00,14000.00,33.35
OMA,2025-01-18 11:52,17.00,-1.00,44.37,20.70,15000.00,32.20
OMA,2025-01-18 12:52,19.00,-1.00,40.71,23.00,15000.00,32.20
OMA,2025-01-18 13:52,19.00,-3.00,37.03,25.30,15000.00,34.50
OMA,2025-01-18 14:52,20.00,0.00,40.89,21.85,15000.00,36.80
OMA,2025-01-18 15:52,18.00,-1.00,42.50,20.70,15000.00,31.05
OMA,2025-01-18 16:52,17.00,0.00,46.51,20.70,15000.00,31.05
OMA,2025-01-18 17:52,15.00,-1.00,48.40,18.40,13000.00,29.90
OMA,2025-01-18 18:52,13.00,-2.00,50.39,19.55,13000.00,M
OMA,2025-01-18 19:52,13.00,-3.00,48.06,21.85,14000.00,31.05
OMA,2025-01-18 20:52,12.00,-4.00,47.89,20.70,9000.00,32.20
OMA,2025-01-18 21:52,10.00,-5.00,49.89,19.55,12000.00,36.80
OMA,2025-01-18 22:52,9.00,-5.00,52.17,16.10,11000.00,M
OMA,2025-01-18 23:52,7.00,-5.00,57.10,12.65,M,M
OMA,2025-01-19 00:52,7.00,-5.00,57.10,14.95,M,M
OMA,2025-01-19 01:52,5.00,-6.00,59.60,17.25,M,M
OMA,2025-01-19 02:52,3.00,-9.00,56.47,18.40,M,29.90
OMA,2025-01-19 03:52,0.00,-13.00,53.26,17.25,M,32.20
OMA,2025-01-19 04:52,-2.00,-16.00,50.30,23.00,M,34.50
OMA,2025-01-19 05:52,-3.00,-14.00,58.36,13.80,M,33.35
OMA,2025-01-19 06:52,-4.00,-14.00,61.22,13.80,M,M
OMA,2025-01-19 07:52,-4.00,-14.00,61.22,10.35,M,M
OMA,2025-01-19 08:52,-2.00,-13.00,58.52,16.10,M,M
OMA,2025-01-19 09:52,0.00,-13.00,53.26,13.80,2900.00,M
OMA,2025-01-19 10:52,3.00,-12.00,48.68,14.95,2900.00,M
OMA,2025-01-19 11:52,5.00,-12.00,44.40,12.65,M,M
OMA,2025-01-19 12:52,6.00,-13.00,40.36,13.80,M,M
OMA,2025-01-19 13:52,10.00,-12.00,35.42,13.80,M,M
OMA,2025-01-19 14:52,10.00,-11.00,37.22,13.80,M,M
OMA,2025-01-19 15:52,10.00,-11.00,37.22,16.10,M,M
OMA,2025-01-19 16:52,10.00,-10.00,39.11,12.65,M,M
OMA,2025-01-19 17:52,5.00,-10.00,49.03,6.90,M,M
OMA,2025-01-19 18:52,6.00,-9.00,49.20,4.60,M,M
OMA,2025-01-19 19:52,5.00,-9.00,51.50,3.45,M,M
OMA,2025-01-19 20:52,4.00,-7.00,59.45,0.00,M,M
OMA,2025-01-19 21:52,2.00,-8.00,62.11,0.00,M,M
OMA,2025-01-19 22:52,1.00,-8.00,65.07,0.00,M,M
OMA,2025-01-19 23:52,0.00,-7.00,71.59,0.00,M,M
OMA,2025-01-20 00:52,0.00,-5.00,78.86,0.00,M,M
OMA,2025-01-20 01:52,-1.00,-9.00,68.06,0.00,M,M
OMA,2025-01-20 02:52,1.00,-8.00,65.07,0.00,M,M
OMA,2025-01-20 03:52,1.00,-9.00,61.96,5.75,M,M
OMA,2025-01-20 04:52,2.00,-8.00,62.11,10.35,M,M
OMA,2025-01-20 05:52,2.00,-9.00,59.15,11.50,M,M
OMA,2025-01-20 06:52,1.00,-9.00,61.96,12.65,M,M
OMA,2025-01-20 07:52,-1.00,-9.00,68.06,8.05,M,M
OMA,2025-01-20 08:52,2.00,-7.00,65.21,11.50,M,M
OMA,2025-01-20 09:52,5.00,-7.00,56.79,17.25,3000.00,M
OMA,2025-01-20 10:52,6.00,-7.00,54.25,16.10,3400.00,M
OMA,2025-01-20 11:52,7.00,-7.00,51.84,20.70,3700.00,M
OMA,2025-01-20 12:14,6.00,-5.00,59.76,20.70,2600.00,M
OMA,2025-01-20 12:52,6.00,-6.00,56.94,13.80,3000.00,M
OMA,2025-01-20 13:02,6.00,-7.00,54.25,17.25,3000.00,M
OMA,2025-01-20 13:18,6.00,-4.00,62.69,17.25,2700.00,M
OMA,2025-01-20 13:36,10.00,-4.00,52.34,23.00,2800.00,29.90
OMA,2025-01-20 13:41,6.00,-4.00,62.69,23.00,2800.00,31.05
OMA,2025-01-20 13:50,3.20,-5.80,65.38,20.79,1899.00,32.20
OMA,2025-01-20 13:52,4.00,-5.00,65.49,17.25,1900.00,32.20
OMA,2025-01-20 13:55,4.00,-5.00,65.49,18.40,1900.00,M
OMA,2025-01-20 14:08,5.00,-6.00,59.60,20.70,2200.00,29.90
OMA,2025-01-20 14:18,5.00,-7.00,56.79,16.10,2600.00,29.90
OMA,2025-01-20 14:27,6.00,-8.00,51.67,16.10,3300.00,29.90
OMA,2025-01-20 14:52,4.00,-9.00,53.92,24.15,3800.00,29.90
OMA,2025-01-20 15:52,3.00,-13.00,46.31,18.40,3500.00,33.35
OMA,2025-01-20 16:52,0.00,-16.00,45.78,18.40,3600.00,32.20
OMA,2025-01-20 17:52,-3.00,-17.00,50.13,18.40,3600.00,29.90
OMA,2025-01-20 18:52,-4.00,-18.00,49.95,21.85,3600.00,M
OMA,2025-01-20 19:52,-6.00,-16.00,60.91,14.95,M,M
OMA,2025-01-20 20:52,-7.00,-18.00,57.73,14.95,M,M
OMA,2025-01-20 21:52,-9.00,-20.00,57.40,8.05,3500.00,M
OMA,2025-01-20 22:52,-11.00,-20.00,63.35,5.75,M,M
OMA,2025-01-20 23:52,-9.00,-20.00,57.40,4.60,M,M
OMA,2025-01-21 00:52,-9.00,-19.00,60.45,3.45,M,M
OMA,2025-01-21 01:52,-9.00,-19.00,60.45,5.75,M,M
OMA,2025-01-21 02:52,-9.00,-18.00,63.65,5.75,M,M
OMA,2025-01-21 03:52,-8.00,-17.00,63.79,9.20,M,M
OMA,2025-01-21 04:52,-7.00,-17.00,60.76,8.05,M,M
OMA,2025-01-21 05:52,-7.00,-17.00,60.76,8.05,M,M
OMA,2025-01-21 06:52,-7.00,-17.00,60.76,8.05,M,M
OMA,2025-01-21 07:52,-10.00,-17.00,70.37,9.20,M,M
OMA,2025-01-21 08:52,-6.00,-13.00,70.87,8.05,M,M
OMA,2025-01-21 09:52,-2.00,-12.00,61.52,11.50,M,M
OMA,2025-01-21 10:52,5.00,-11.00,46.67,16.10,25000.00,M
OMA,2025-01-21 11:52,10.00,-9.00,41.08,18.40,25000.00,M
OMA,2025-01-21 12:52,14.00,-9.00,34.41,16.10,25000.00,31.05
OMA,2025-01-21 13:52,16.00,-9.00,31.54,25.30,25000.00,34.50
OMA,2025-01-21 14:52,18.00,-8.00,30.38,23.00,25000.00,33.35
OMA,2025-01-21 15:52,18.00,-7.00,31.89,24.15,13000.00,35.65
OMA,2025-01-21 16:52,17.00,-4.00,38.48,23.00,12000.00,34.50
OMA,2025-01-21 17:52,16.00,-3.00,42.15,19.55,11000.00,31.05
OMA,2025-01-21 18:52,15.00,-1.00,48.40,19.55,10000.00,32.20
OMA,2025-01-21 19:52,15.00,0.00,50.73,18.40,11000.00,32.20
OMA,2025-01-21 20:52,16.00,1.00,50.90,17.25,11000.00,M
OMA,2025-01-21 21:52,18.00,3.00,51.23,16.10,9500.00,M
OMA,2025-01-21 22:52,20.00,6.00,53.96,13.80,8500.00,M
OMA,2025-01-21 23:52,22.00,8.00,54.28,12.65,6000.00,M
OMA,2025-01-22 00:52,22.00,9.00,56.78,16.10,5000.00,M
OMA,2025-01-22 01:52,22.00,10.00,59.38,11.50,7000.00,M
OMA,2025-01-22 02:52,23.00,11.00,59.52,13.80,11000.00,M
OMA,2025-01-22 03:52,22.00,11.00,62.09,9.20,9000.00,M
OMA,2025-01-22 04:52,20.00,11.00,67.58,9.20,11000.00,M
OMA,2025-01-22 05:52,18.00,11.00,73.62,9.20,15000.00,M
OMA,2025-01-22 06:52,18.00,11.00,73.62,6.90,5000.00,M
OMA,2025-01-22 07:52,19.00,12.00,73.73,5.75,4300.00,M
OMA,2025-01-22 08:52,23.00,14.00,67.96,0.00,3500.00,M
OMA,2025-01-22 09:52,30.00,19.00,63.18,9.20,5500.00,M
OMA,2025-01-22 10:52,33.00,21.00,60.95,14.95,4500.00,M
OMA,2025-01-22 11:52,39.00,22.00,50.14,16.10,4800.00,34.50
OMA,2025-01-22 12:52,36.00,22.00,56.42,18.40,3900.00,M
OMA,2025-01-22 13:52,36.00,21.00,54.08,21.85,3900.00,32.20
OMA,2025-01-22 14:52,36.00,21.00,54.08,23.00,3900.00,34.50
OMA,2025-01-22 15:52,36.00,21.00,54.08,17.25,4100.00,M
OMA,2025-01-22 16:52,36.00,20.00,51.83,14.95,4500.00,M
OMA,2025-01-22 17:52,33.00,22.00,63.59,16.10,4700.00,33.35
OMA,2025-01-22 18:52,33.00,22.00,63.59,12.65,6500.00,M
OMA,2025-01-22 19:52,31.00,23.00,71.89,11.50,5500.00,29.90
OMA,2025-01-22 20:52,31.00,24.00,74.97,9.20,4300.00,M
OMA,2025-01-22 21:52,32.00,24.00,72.00,12.65,2800.00,M
OMA,2025-01-22 22:52,29.00,23.00,77.98,25.30,2400.00,39.10
OMA,2025-01-22 23:52,20.00,11.00,67.58,23.00,2800.00,41.40
OMA,2025-01-23 00:24,18.00,8.00,64.37,21.85,2900.00,36.80
OMA,2025-01-23 00:44,16.00,6.00,64.09,23.00,2900.00,36.80
OMA,2025-01-23 00:52,15.00,6.00,66.95,19.55,M,36.80
OMA,2025-01-23 01:52,14.00,7.00,73.19,16.10,M,M
OMA,2025-01-23 02:50,12.20,6.80,78.51,16.10,1499.00,29.90
OMA,2025-01-23 02:52,12.00,6.00,76.38,14.95,1500.00,29.90
OMA,2025-01-23 03:04,12.00,6.00,76.38,17.25,1400.00,M
OMA,2025-01-23 03:52,10.00,5.00,79.76,16.10,M,M
OMA,2025-01-23 04:52,9.00,3.00,76.08,18.40,M,M
OMA,2025-01-23 05:52,8.00,2.00,75.98,11.50,M,M
OMA,2025-01-23 06:52,7.00,1.00,75.88,14.95,M,M
OMA,2025-01-23 07:52,6.00,0.00,75.78,9.20,20000.00,M
OMA,2025-01-23 08:52,10.00,2.00,69.45,12.65,20000.00,M
OMA,2025-01-23 09:52,11.00,2.00,66.43,19.55,2000.00,29.90
OMA,2025-01-23 10:52,15.00,2.00,55.69,17.25,2000.00,M
OMA,2025-01-23 11:52,18.00,3.00,51.23,11.50,2500.00,M
OMA,2025-01-23 12:52,19.00,2.00,46.85,16.10,2500.00,M
OMA,2025-01-23 13:52,21.00,2.00,43.02,13.80,3000.00,M
OMA,2025-01-23 14:52,22.00,4.00,45.24,12.65,3500.00,M
OMA,2025-01-23 15:52,21.00,4.00,47.19,11.50,3500.00,M
OMA,2025-01-23 16:52,20.00,5.00,51.55,9.20,3500.00,M
OMA,2025-01-23 17:52,15.00,4.00,61.09,6.90,M,M
OMA,2025-01-23 18:52,14.00,4.00,63.82,3.45,M,M
OMA,2025-01-23 19:52,13.00,3.00,63.68,0.00,M,M
OMA,2025-01-23 20:52,11.00,5.00,76.28,0.00,M,M
OMA,2025-01-23 21:52,10.00,3.00,72.75,3.45,M,M
OMA,2025-01-23 22:52,9.00,3.00,76.08,5.75,3500.00,M
OMA,2025-01-23 23:52,8.00,2.00,75.98,8.05,3500.00,M
OMA,2025-01-24 00:52,8.00,2.00,75.98,8.05,M,M
OMA,2025-01-24 01:52,8.00,2.00,75.98,9.20,M,M
OMA,2025-01-24 02:52,6.00,0.00,75.78,8.05,M,M
OMA,2025-01-24 03:52,6.00,1.00,79.41,10.35,25000.00,M
OMA,2025-01-24 04:52,9.00,4.00,79.67,8.05,18000.00,M
OMA,2025-01-24 05:52,11.00,6.00,79.85,11.50,16000.00,M
OMA,2025-01-24 06:52,13.00,7.00,76.48,11.50,16000.00,M
OMA,2025-01-24 07:52,13.00,8.00,80.02,12.65,13000.00,M
OMA,2025-01-24 08:52,16.00,10.00,76.77,13.80,12000.00,M
OMA,2025-01-24 09:52,19.00,12.00,73.73,16.10,9000.00,M
OMA,2025-01-24 10:52,26.00,16.00,65.43,13.80,12000.00,M
OMA,2025-01-24 11:52,34.00,15.00,45.24,17.25,12000.00,M
OMA,2025-01-24 12:52,38.00,15.00,38.61,13.80,25000.00,M
OMA,2025-01-24 13:52,41.00,15.00,34.35,12.65,25000.00,M
OMA,2025-01-24 14:52,44.00,17.00,33.39,11.50,25000.00,M
OMA,2025-01-24 15:52,45.00,19.00,35.02,6.90,12000.00,M
OMA,2025-01-24 16:52,43.00,23.00,44.80,10.35,10000.00,M
OMA,2025-01-24 17:52,39.00,24.00,54.54,13.80,10000.00,M
OMA,2025-01-24 18:52,34.00,23.00,63.72,3.45,4200.00,M
OMA,2025-01-24 19:52,33.00,23.00,66.32,0.00,4200.00,M
OMA,2025-01-24 20:52,34.00,24.00,66.45,3.45,10000.00,M
OMA,2025-01-24 21:52,34.00,24.00,66.45,3.45,9000.00,M
OMA,2025-01-24 22:52,33.00,24.00,69.16,0.00,7500.00,M
OMA,2025-01-24 23:52,34.00,24.00,66.45,0.00,8000.00,M
OMA,2025-01-25 00:52,32.00,23.00,69.04,0.00,9000.00,M
OMA,2025-01-25 01:52,29.00,22.00,74.77,0.00,9500.00,M
OMA,2025-01-25 02:52,33.00,24.00,69.16,8.05,10000.00,M
OMA,2025-01-25 03:52,31.00,23.00,71.89,9.20,11000.00,M
OMA,2025-01-25 04:52,30.00,22.00,71.78,4.60,11000.00,M
OMA,2025-01-25 05:52,25.00,19.00,77.62,6.90,11000.00,M
OMA,2025-01-25 06:52,28.00,20.00,71.56,6.90,11000.00,M
OMA,2025-01-25 07:52,23.00,17.00,77.44,6.90,13000.00,M
OMA,2025-01-25 08:52,30.00,20.00,65.94,9.20,13000.00,M
OMA,2025-01-25 09:52,34.00,19.00,53.77,13.80,15000.00,M
OMA,2025-01-25 10:52,37.00,17.00,43.80,18.40,15000.00,M
OMA,2025-01-25 11:52,39.00,15.00,37.13,19.55,2500.00,29.90
OMA,2025-01-25 12:52,41.00,14.00,32.88,21.85,4000.00,32.20
OMA,2025-01-25 13:52,39.00,15.00,37.13,23.00,4000.00,33.35
OMA,2025-01-25 14:52,38.00,15.00,38.61,18.40,4000.00,29.90
OMA,2025-01-25 15:52,33.00,7.00,32.99,26.45,15000.00,33.35
OMA,2025-01-25 16:52,30.00,7.00,37.24,20.70,14000.00,31.05
OMA,2025-01-25 17:52,28.00,7.00,40.41,13.80,14000.00,M
OMA,2025-01-25 18:52,26.00,7.00,43.89,12.65,14000.00,M
OMA,2025-01-25 19:52,23.00,7.00,49.74,9.20,17000.00,M
OMA,2025-01-25 20:52,20.00,7.00,56.47,6.90,15000.00,M
OMA,2025-01-25 21:52,19.00,7.00,58.94,4.60,15000.00,M
OMA,2025-01-25 22:52,19.00,8.00,61.66,8.05,23000.00,M
OMA,2025-01-25 23:52,17.00,8.00,67.20,6.90,23000.00,M
OMA,2025-01-26 00:52,17.00,8.00,67.20,0.00,25000.00,M
OMA,2025-01-26 01:52,16.00,8.00,70.18,4.60,25000.00,M
OMA,2025-01-26 02:52,16.00,9.00,73.41,0.00,18000.00,M
OMA,2025-01-26 03:52,16.00,8.00,70.18,0.00,13000.00,M
OMA,2025-01-26 04:52,15.00,8.00,73.30,0.00,18000.00,M
OMA,2025-01-26 05:52,15.00,9.00,76.68,0.00,18000.00,M
OMA,2025-01-26 06:52,13.00,7.00,76.48,4.60,18000.00,M
OMA,2025-01-26 07:52,13.00,7.00,76.48,4.60,12000.00,M
OMA,2025-01-26 08:52,16.00,10.00,76.77,4.60,12000.00,M
OMA,2025-01-26 09:52,19.00,10.00,67.46,4.60,12000.00,M
OMA,2025-01-26 10:52,23.00,10.00,56.93,0.00,12000.00,M
OMA,2025-01-26 11:52,28.00,6.00,38.61,6.90,12000.00,M
OMA,2025-01-26 12:52,31.00,6.00,34.17,8.05,14000.00,M
OMA,2025-01-26 13:52,32.00,7.00,34.34,6.90,14000.00,M
OMA,2025-01-26 14:52,34.00,6.00,30.28,12.65,14000.00,M
OMA,2025-01-26 15:52,35.00,3.00,25.36,8.05,14000.00,M
OMA,2025-01-26 16:52,34.00,2.00,25.19,9.20,14000.00,M
OMA,2025-01-26 17:52,31.00,4.00,31.18,4.60,M,M
OMA,2025-01-26 18:52,30.00,5.00,33.99,4.60,M,M
OMA,2025-01-26 19:52,24.00,6.00,45.58,5.75,M,M
OMA,2025-01-26 20:52,24.00,7.00,47.70,5.75,M,M
OMA,2025-01-26 21:52,21.00,8.00,56.62,8.05,M,M
OMA,2025-01-26 22:52,21.00,9.00,59.23,5.75,M,M
OMA,2025-01-26 23:52,18.00,8.00,64.37,6.90,M,M
OMA,2025-01-27 00:52,17.00,8.00,67.20,9.20,M,M
OMA,2025-01-27 01:52,16.00,8.00,70.18,9.20,M,M
OMA,2025-01-27 02:52,15.00,8.00,73.30,6.90,M,M
OMA,2025-01-27 03:52,19.00,10.00,67.46,4.60,M,M
OMA,2025-01-27 04:52,18.00,11.00,73.62,5.75,M,M
OMA,2025-01-27 05:52,18.00,11.00,73.62,9.20,M,M
OMA,2025-01-27 06:52,20.00,12.00,70.65,3.45,M,M
OMA,2025-01-27 07:52,23.00,14.00,67.96,6.90,M,M
OMA,2025-01-27 08:52,26.00,15.00,62.64,8.05,M,M
OMA,2025-01-27 09:52,30.00,13.00,48.69,6.90,M,M
OMA,2025-01-27 10:52,37.00,11.00,33.67,9.20,M,M
OMA,2025-01-27 11:52,41.00,11.00,28.80,9.20,M,M
OMA,2025-01-27 12:52,46.00,13.00,25.99,11.50,25000.00,M
OMA,2025-01-27 13:52,51.00,14.00,22.52,12.65,25000.00,M
OMA,2025-01-27 14:52,53.00,11.00,18.32,13.80,13000.00,M
OMA,2025-01-27 15:52,52.00,10.00,18.18,13.80,13000.00,M
OMA,2025-01-27 16:52,50.00,11.00,20.47,11.50,12000.00,M
OMA,2025-01-27 17:52,49.00,12.00,22.21,9.20,12000.00,M
OMA,2025-01-27 18:52,48.00,12.00,23.06,10.35,17000.00,M
OMA,2025-01-27 19:52,42.00,13.00,30.28,10.35,17000.00,M
OMA,2025-01-27 20:52,35.00,13.00,39.82,8.05,25000.00,M
OMA,2025-01-27 21:52,34.00,16.00,47.25,9.20,25000.00,M
OMA,2025-01-27 22:52,33.00,17.00,51.36,4.60,25000.00,M
OMA,2025-01-27 23:52,32.00,16.00,51.20,0.00,M,M
OMA,2025-01-28 00:52,29.00,16.00,57.83,0.00,M,M
OMA,2025-01-28 01:52,26.00,17.00,68.32,3.45,M,M
OMA,2025-01-28 02:52,24.00,15.00,68.08,4.60,M,M
OMA,2025-01-28 03:52,25.00,17.00,71.22,4.60,M,M
OMA,2025-01-28 04:52,22.00,15.00,74.05,0.00,M,M
OMA,2025-01-28 05:52,24.00,17.00,74.26,4.60,M,M
OMA,2025-01-28 06:52,24.00,17.00,74.26,0.00,M,M
OMA,2025-01-28 07:52,24.00,18.00,77.53,4.60,25000.00,M
OMA,2025-01-28 08:52,29.00,22.00,74.77,3.45,25000.00,M
OMA,2025-01-28 09:52,35.00,24.00,63.85,4.60,25000.00,M
OMA,2025-01-28 10:52,42.00,25.00,50.61,10.35,25000.00,M
OMA,2025-01-28 11:52,46.00,26.00,45.29,14.95,25000.00,M
OMA,2025-01-28 12:52,53.00,25.00,33.46,14.95,25000.00,M
OMA,2025-01-28 13:52,56.00,24.00,28.77,19.55,25000.00,31.05
OMA,2025-01-28 14:52,59.00,23.00,24.76,20.70,25000.00,33.35
OMA,2025-01-28 15:52,60.00,21.00,21.96,21.85,25000.00,33.35
OMA,2025-01-28 16:52,58.00,21.00,23.59,17.25,25000.00,31.05
OMA,2025-01-28 17:52,54.00,20.00,26.13,10.35,M,M
OMA,2025-01-28 18:52,49.00,20.00,31.44,10.35,M,M
OMA,2025-01-28 19:52,42.00,19.00,39.29,8.05,M,M
OMA,2025-01-28 20:52,45.00,21.00,38.14,10.35,M,M
OMA,2025-01-28 21:52,41.00,22.00,46.39,11.50,M,M
OMA,2025-01-28 22:52,36.00,21.00,54.08,10.35,M,M
OMA,2025-01-28 23:52,38.00,23.00,54.39,11.50,M,M
OMA,2025-01-29 00:52,35.00,22.00,58.70,9.20,M,M
OMA,2025-01-29 01:52,32.00,21.00,63.45,6.90,M,M
OMA,2025-01-29 02:52,33.00,22.00,63.59,4.60,M,M
OMA,2025-01-29 03:52,35.00,23.00,61.23,3.45,M,M
OMA,2025-01-29 04:52,26.00,19.00,74.46,0.00,M,M
OMA,2025-01-29 05:52,27.00,20.00,74.57,0.00,M,M
OMA,2025-01-29 06:52,28.00,21.00,74.67,0.00,M,M
OMA,2025-01-29 07:52,29.00,22.00,74.77,4.60,25000.00,M
OMA,2025-01-29 08:52,35.00,26.00,69.39,3.45,25000.00,M
OMA,2025-01-29 09:52,41.00,25.00,52.61,6.90,25000.00,M
OMA,2025-01-29 10:52,45.00,25.00,45.12,4.60,25000.00,M
OMA,2025-01-29 11:52,49.00,25.00,38.81,0.00,25000.00,M
OMA,2025-01-29 12:52,51.00,24.00,34.55,5.75,25000.00,M
OMA,2025-01-29 13:52,54.00,22.00,28.45,6.90,25000.00,M
OMA,2025-01-29 14:52,55.00,20.00,25.20,5.75,25000.00,M
OMA,2025-01-29 15:52,55.00,19.00,24.14,6.90,1000.00,M
OMA,2025-01-29 16:52,54.00,20.00,26.13,0.00,25000.00,M
OMA,2025-01-29 17:52,47.00,19.00,32.47,5.75,M,M
OMA,2025-01-29 18:52,37.00,19.00,47.74,8.05,M,M
OMA,2025-01-29 19:52,38.00,21.00,49.98,9.20,M,M
OMA,2025-01-29 20:52,38.00,23.00,54.39,9.20,M,M
OMA,2025-01-29 21:52,38.00,24.00,56.71,10.35,M,M
OMA,2025-01-29 22:52,35.00,24.00,63.85,11.50,M,M
OMA,2025-01-29 23:52,30.00,22.00,71.78,8.05,M,M
OMA,2025-01-30 00:52,31.00,24.00,74.97,9.20,M,M
OMA,2025-01-30 01:52,30.00,23.00,74.87,6.90,M,M
OMA,2025-01-30 02:52,31.00,24.00,74.97,9.20,16000.00,M
OMA,2025-01-30 03:52,28.00,23.00,81.25,6.90,9000.00,M
OMA,2025-01-30 04:52,33.00,26.00,75.17,6.90,9000.00,M
OMA,2025-01-30 05:52,29.00,24.00,81.32,0.00,9000.00,M
OMA,2025-01-30 06:52,30.00,24.00,78.07,6.90,9000.00,M
OMA,2025-01-30 07:52,34.00,26.00,72.22,4.60,2700.00,M
OMA,2025-01-30 08:00,34.00,26.00,72.22,4.60,2000.00,M
OMA,2025-01-30 08:43,35.00,28.00,75.36,6.90,1000.00,M
OMA,2025-01-30 08:52,36.00,29.00,75.46,3.45,1000.00,M
OMA,2025-01-30 09:17,36.00,28.00,72.43,5.75,900.00,M
OMA,2025-01-30 09:52,37.00,28.00,69.63,4.60,900.00,M
OMA,2025-01-30 10:14,39.00,32.00,75.75,5.75,1000.00,M
OMA,2025-01-30 10:43,43.00,36.00,76.12,3.45,1000.00,M
OMA,2025-01-30 10:52,45.00,36.00,70.53,4.60,1000.00,M
OMA,2025-01-30 11:20,44.00,37.00,76.22,8.05,1100.00,M
OMA,2025-01-30 11:52,42.00,35.00,76.03,8.05,1300.00,M
OMA,2025-01-30 12:07,43.00,36.00,76.12,5.75,1500.00,M
OMA,2025-01-30 12:27,44.00,36.00,73.27,4.60,1300.00,M
OMA,2025-01-30 12:50,46.40,35.60,65.83,4.69,1601.00,M
OMA,2025-01-30 12:52,46.00,36.00,67.90,4.60,1600.00,M
OMA,2025-01-30 13:52,47.00,37.00,68.02,8.05,2400.00,M
OMA,2025-01-30 14:52,47.00,39.00,73.57,9.20,1600.00,M
OMA,2025-01-30 15:52,47.00,38.00,70.74,3.45,1600.00,M
OMA,2025-01-30 16:52,47.00,39.00,73.57,4.60,1700.00,M
OMA,2025-01-30 17:52,46.00,38.00,73.47,0.00,1800.00,M
OMA,2025-01-30 18:52,44.00,37.00,76.22,0.00,1600.00,M
OMA,2025-01-30 19:52,42.00,36.00,79.11,5.75,2300.00,M
OMA,2025-01-30 20:52,45.00,38.00,76.31,0.00,2900.00,M
OMA,2025-01-30 21:52,43.00,37.00,79.19,4.60,2100.00,M
OMA,2025-01-30 22:52,40.00,35.00,82.15,6.90,2100.00,M
OMA,2025-01-30 23:05,40.00,35.00,82.15,8.05,2100.00,M
OMA,2025-01-30 23:52,37.00,34.00,88.78,8.05,4000.00,M
OMA,2025-01-31 00:52,38.00,35.00,88.83,0.00,4100.00,M
OMA,2025-01-31 01:52,41.00,36.00,82.22,9.20,4800.00,M
OMA,2025-01-31 02:52,38.00,32.00,78.77,8.05,6000.00,M
OMA,2025-01-31 03:52,38.00,29.00,69.74,13.80,6000.00,M
OMA,2025-01-31 04:52,31.00,25.00,78.16,12.65,6000.00,M
OMA,2025-01-31 05:52,30.00,25.00,81.40,12.65,6000.00,M
OMA,2025-01-31 06:52,29.00,25.00,84.79,16.10,6000.00,M
OMA,2025-01-31 07:52,29.00,25.00,84.79,18.40,6000.00,M
OMA,2025-01-31 08:52,31.00,25.00,78.16,21.85,6000.00,M
OMA,2025-01-31 09:52,34.00,26.00,72.22,20.70,6000.00,32.20
OMA,2025-01-31 10:52,39.00,27.00,61.78,20.70,6000.00,29.90
OMA,2025-01-31 11:52,43.00,27.00,52.91,23.00,M,29.90
OMA,2025-01-31 12:52,48.00,28.00,45.61,17.25,M,29.90
OMA,2025-01-31 13:52,51.00,26.00,37.55,19.55,M,31.05
OMA,2025-01-31 14:52,54.00,24.00,30.94,18.40,M,M
OMA,2025-01-31 15:52,53.00,22.00,29.51,14.95,M,M
OMA,2025-01-31 16:52,51.00,22.00,31.77,12.65,M,M
OMA,2025-01-31 17:52,45.00,22.00,39.79,8.05,25000.00,M
OMA,2025-01-31 18:52,41.00,21.00,44.47,5.75,25000.00,M
OMA,2025-01-31 19:52,36.00,20.00,51.83,3.45,25000.00,M
OMA,2025-01-31 20:52,34.00,20.00,56.12,3.45,25000.00,M
OMA,2025-01-31 21:52,33.00,21.00,60.95,0.00,25000.00,M
OMA,2025-01-31 22:52,37.00,22.00,54.23,3.45,25000.00,M
OMA,2025-01-31 23:52,34.00,22.00,61.09,4.60,25000.00,M
OMA,2025-02-01 00:52,33.00,22.00,63.59,8.05,25000.00,M
OMA,2025-02-01 01:52,31.00,22.00,68.92,10.35,25000.00,M
OMA,2025-02-01 02:52,33.00,23.00,66.32,12.65,25000.00,M
OMA,2025-02-01 03:52,32.00,22.00,66.20,12.65,25000.00,M
OMA,2025-02-01 04:52,32.00,22.00,66.20,13.80,25000.00,M
OMA,2025-02-01 05:52,34.00,23.00,63.72,17.25,25000.00,M
OMA,2025-02-01 06:52,34.00,25.00,69.28,13.80,25000.00,M
OMA,2025-02-01 07:52,34.00,27.00,75.26,18.40,25000.00,M
OMA,2025-02-01 08:52,38.00,30.00,72.64,19.55,20000.00,31.05
OMA,2025-02-01 09:52,39.00,30.00,69.85,17.25,18000.00,M
OMA,2025-02-01 10:52,40.00,31.00,69.97,18.40,16000.00,M
OMA,2025-02-01 11:52,42.00,29.00,59.69,17.25,18000.00,M
OMA,2025-02-01 12:52,42.00,33.00,70.19,20.70,1500.00,35.65
OMA,2025-02-01 13:41,40.00,34.00,78.94,23.00,1500.00,36.80
OMA,2025-02-01 13:52,40.00,34.00,78.94,21.85,1500.00,36.80
OMA,2025-02-01 14:01,39.00,34.00,82.08,23.00,1200.00,31.05
OMA,2025-02-01 14:52,39.00,35.00,85.42,16.10,1000.00,33.35
OMA,2025-02-01 15:02,39.00,35.00,85.42,19.55,900.00,M
OMA,2025-02-01 15:52,39.00,36.00,88.87,21.85,800.00,29.90
OMA,2025-02-01 16:52,40.00,36.00,85.48,16.10,900.00,32.20
OMA,2025-02-01 17:17,40.00,36.00,85.48,16.10,1200.00,M
OMA,2025-02-01 17:52,41.00,36.00,82.22,12.65,1400.00,M
OMA,2025-02-01 18:52,40.00,36.00,85.48,11.50,1300.00,M
OMA,2025-02-01 19:23,39.00,36.00,88.87,6.90,1300.00,M
OMA,2025-02-01 19:52,39.00,36.00,88.87,9.20,13000.00,M
OMA,2025-02-01 20:52,39.00,36.00,88.87,10.35,11000.00,M
OMA,2025-02-01 21:52,38.00,36.00,92.42,9.20,16000.00,M
OMA,2025-02-01 22:52,36.00,35.00,96.11,6.90,16000.00,M
OMA,2025-02-01 23:52,37.00,35.00,92.39,8.05,18000.00,M
OMA,2025-02-02 00:52,36.00,35.00,96.11,6.90,18000.00,M
OMA,2025-02-02 01:52,37.00,36.00,96.13,6.90,18000.00,M
OMA,2025-02-02 02:52,36.00,35.00,96.11,8.05,18000.00,M
OMA,2025-02-02 03:52,34.00,34.00,100.00,4.60,18000.00,M
OMA,2025-02-02 04:48,30.20,30.20,100.00,6.90,M,M
OMA,2025-02-02 04:52,31.00,31.00,100.00,6.90,18000.00,M
OMA,2025-02-02 05:52,30.00,30.00,100.00,6.90,18000.00,M
OMA,2025-02-02 06:24,29.00,29.00,100.00,4.60,200.00,M
OMA,2025-02-02 06:48,28.40,28.40,100.00,0.00,200.00,M
OMA,2025-02-02 06:52,29.00,29.00,100.00,0.00,200.00,M
OMA,2025-02-02 07:21,24.00,24.00,100.00,4.60,100.00,M
OMA,2025-02-02 07:50,26.60,26.60,100.00,0.00,98.00,M
OMA,2025-02-02 07:52,27.00,26.00,95.95,0.00,100.00,M
OMA,2025-02-02 08:50,30.20,30.20,100.00,3.35,98.00,M
OMA,2025-02-02 08:52,30.00,30.00,100.00,3.45,100.00,M
OMA,2025-02-02 09:15,32.00,32.00,100.00,3.35,25000.00,M
OMA,2025-02-02 09:52,36.00,36.00,100.00,0.00,12000.00,M
OMA,2025-02-02 10:52,44.00,35.00,70.42,3.45,12000.00,M
OMA,2025-02-02 11:52,49.00,34.00,56.02,4.60,12000.00,M
OMA,2025-02-02 12:52,54.00,34.00,46.57,6.90,14000.00,M
OMA,2025-02-02 13:52,56.00,34.00,43.30,5.75,14000.00,M
OMA,2025-02-02 14:52,57.00,33.00,40.12,4.60,12000.00,M
OMA,2025-02-02 15:52,57.00,32.00,38.54,3.45,12000.00,M
OMA,2025-02-02 16:52,55.00,33.00,43.14,5.75,11000.00,M
OMA,2025-02-02 17:52,50.00,32.00,49.81,4.60,12000.00,M
OMA,2025-02-02 18:52,49.00,33.00,53.82,9.20,14000.00,M
OMA,2025-02-02 19:52,49.00,37.00,63.10,10.35,12000.00,M
OMA,2025-02-02 20:52,45.00,38.00,76.31,0.00,15000.00,M
OMA,2025-02-02 21:52,44.00,37.00,76.22,6.90,13000.00,M
OMA,2025-02-02 22:52,42.00,37.00,82.30,5.75,13000.00,M
OMA,2025-02-02 23:52,42.00,37.00,82.30,8.05,20000.00,M
OMA,2025-02-03 00:52,42.00,37.00,82.30,8.05,25000.00,M
OMA,2025-02-03 01:52,40.00,36.00,85.48,9.20,25000.00,M
OMA,2025-02-03 02:52,42.00,36.00,79.11,8.05,25000.00,M
OMA,2025-02-03 03:52,37.00,34.00,88.78,8.05,25000.00,M
OMA,2025-02-03 04:52,37.00,34.00,88.78,8.05,25000.00,M
OMA,2025-02-03 05:52,36.00,33.00,88.73,9.20,25000.00,M
OMA,2025-02-03 06:52,36.00,33.00,88.73,4.60,25000.00,M
OMA,2025-02-03 07:52,32.00,30.00,92.22,8.05,25000.00,M
OMA,2025-02-03 08:52,33.00,28.00,81.63,19.55,25000.00,M
OMA,2025-02-03 09:52,36.00,29.00,75.46,23.00,1500.00,29.90
OMA,2025-02-03 10:13,36.00,30.00,78.60,19.55,1300.00,32.20
OMA,2025-02-03 10:52,36.00,30.00,78.60,19.55,1100.00,32.20
OMA,2025-02-03 11:50,37.40,30.20,74.98,24.15,1600.00,33.35
OMA,2025-02-03 11:52,37.00,30.00,75.56,21.85,1600.00,33.35
OMA,2025-02-03 12:52,35.00,28.00,75.36,23.00,1500.00,33.35
OMA,2025-02-03 13:38,34.00,27.00,75.26,24.15,1400.00,36.80
OMA,2025-02-03 13:48,33.80,26.60,74.63,23.00,1500.00,36.80
OMA,2025-02-03 13:52,33.00,25.00,72.11,24.15,1500.00,36.80
OMA,2025-02-03 14:52,32.00,25.00,75.07,27.60,1600.00,35.65
OMA,2025-02-03 15:52,30.00,23.00,74.87,23.00,1500.00,34.50
OMA,2025-02-03 16:24,28.00,23.00,81.25,20.70,1300.00,35.65
OMA,2025-02-03 16:52,27.00,22.00,81.17,20.70,1200.00,35.65
OMA,2025-02-03 17:52,25.00,20.00,81.01,17.25,1200.00,32.20
OMA,2025-02-03 18:52,25.00,19.00,77.62,17.25,1400.00,M
OMA,2025-02-03 19:34,25.00,18.00,74.36,17.25,1500.00,M
OMA,2025-02-03 19:52,25.00,17.00,71.22,23.00,1700.00,M
OMA,2025-02-03 20:52,24.00,17.00,74.26,17.25,1900.00,29.90
OMA,2025-02-03 21:52,24.00,16.00,71.11,14.95,1800.00,M
OMA,2025-02-03 22:52,22.00,13.00,67.83,18.40,2100.00,M
OMA,2025-02-03 23:52,20.00,12.00,70.65,19.55,2900.00,M
OMA,2025-02-04 00:18,19.00,10.00,67.46,18.40,3000.00,M
OMA,2025-02-04 00:52,18.00,9.00,67.33,19.55,3000.00,M
OMA,2025-02-04 01:52,16.00,9.00,73.41,18.40,M,M
OMA,2025-02-04 02:52,15.00,6.00,66.95,16.10,25000.00,M
OMA,2025-02-04 03:52,13.00,5.00,69.82,12.65,25000.00,M
OMA,2025-02-04 04:52,12.00,3.00,66.56,10.35,25000.00,M
OMA,2025-02-04 05:52,11.00,1.00,63.40,12.65,23000.00,M
OMA,2025-02-04 06:52,10.00,0.00,63.26,12.65,23000.00,M
OMA,2025-02-04 07:52,9.00,0.00,66.16,13.80,23000.00,M
OMA,2025-02-04 08:52,11.00,0.00,60.50,12.65,23000.00,M
OMA,2025-02-04 09:52,11.00,0.00,60.50,13.80,25000.00,M
OMA,2025-02-04 10:52,14.00,0.00,53.00,11.50,25000.00,M
OMA,2025-02-04 11:52,17.00,0.00,46.51,14.95,13000.00,M
OMA,2025-02-04 12:52,21.00,1.00,41.07,13.80,7000.00,M
OMA,2025-02-04 13:52,23.00,2.00,39.54,14.95,7000.00,M
OMA,2025-02-04 14:52,24.00,2.00,37.92,13.80,16000.00,M
OMA,2025-02-04 15:52,24.00,2.00,37.92,12.65,16000.00,M
OMA,2025-02-04 16:52,21.00,1.00,41.07,13.80,16000.00,M
OMA,2025-02-04 17:52,20.00,1.00,42.85,8.05,16000.00,M
OMA,2025-02-04 18:52,19.00,1.00,44.72,5.75,16000.00,M
OMA,2025-02-04 19:52,19.00,2.00,46.85,4.60,25000.00,M
OMA,2025-02-04 20:52,18.00,4.00,53.64,5.75,25000.00,M
OMA,2025-02-04 21:52,19.00,3.00,49.07,3.45,25000.00,M
OMA,2025-02-04 22:52,19.00,4.00,51.39,4.60,4800.00,M
OMA,2025-02-04 23:52,19.00,4.00,51.39,6.90,4500.00,M
OMA,2025-02-05 00:23,20.00,3.00,47.02,4.60,2600.00,M
OMA,2025-02-05 00:52,20.00,3.00,47.02,6.90,2400.00,M
OMA,2025-02-05 01:52,20.00,4.00,49.24,5.75,2200.00,M
OMA,2025-02-05 02:52,20.00,8.00,59.08,11.50,2200.00,M
OMA,2025-02-05 03:52,19.00,9.00,64.50,8.05,1900.00,M
OMA,2025-02-05 04:52,20.00,10.00,64.64,9.20,1900.00,M
OMA,2025-02-05 05:52,20.00,11.00,67.58,6.90,1800.00,M
OMA,2025-02-05 06:52,20.00,13.00,73.84,5.75,1600.00,M
OMA,2025-02-05 07:42,20.00,15.00,80.60,6.90,1400.00,M
OMA,2025-02-05 07:52,20.00,15.00,80.60,6.90,1400.00,M
OMA,2025-02-05 08:16,20.00,16.00,84.19,9.20,1200.00,M
OMA,2025-02-05 08:52,20.00,18.00,91.79,8.05,1000.00,M
OMA,2025-02-05 09:05,20.00,18.00,91.79,9.20,800.00,M
OMA,2025-02-05 09:52,21.00,19.00,91.83,5.75,800.00,M
OMA,2025-02-05 10:40,22.00,20.00,91.87,8.05,700.00,M
OMA,2025-02-05 10:52,22.00,20.00,91.87,6.90,700.00,M
OMA,2025-02-05 11:52,23.00,21.00,91.90,6.90,700.00,M
OMA,2025-02-05 12:52,25.00,22.00,88.18,9.20,800.00,M
OMA,2025-02-05 13:27,25.00,23.00,91.97,8.05,700.00,M
OMA,2025-02-05 13:50,26.60,23.00,86.07,8.05,698.00,M
OMA,2025-02-05 13:52,26.00,24.00,92.01,8.05,700.00,M
OMA,2025-02-05 14:52,26.00,24.00,92.01,10.35,700.00,M
OMA,2025-02-05 15:52,26.00,25.00,95.93,6.90,700.00,M
OMA,2025-02-05 16:52,27.00,25.00,92.05,10.35,600.00,M
OMA,2025-02-05 17:52,27.00,25.00,92.05,8.05,700.00,M
OMA,2025-02-05 18:52,27.00,26.00,95.95,6.90,600.00,M
OMA,2025-02-05 19:37,27.00,26.00,95.95,8.05,600.00,M
OMA,2025-02-05 19:52,27.00,26.00,95.95,5.75,600.00,M
OMA,2025-02-05 20:52,27.00,27.00,100.00,5.75,500.00,M
OMA,2025-02-05 20:56,28.00,27.00,95.97,4.60,400.00,M
OMA,2025-02-05 21:35,28.00,27.00,95.97,0.00,500.00,M
OMA,2025-02-05 21:52,28.00,28.00,100.00,3.45,500.00,M
OMA,2025-02-05 22:08,28.00,27.00,95.97,4.60,600.00,M
OMA,2025-02-05 22:38,28.00,27.00,95.97,4.60,700.00,M
OMA,2025-02-05 22:52,28.00,27.00,95.97,5.75,700.00,M
OMA,2025-02-05 23:52,29.00,26.00,88.38,5.75,1600.00,M
OMA,2025-02-06 00:37,29.00,26.00,88.38,8.05,1300.00,M
OMA,2025-02-06 00:52,29.00,26.00,88.38,8.05,1400.00,M
OMA,2025-02-06 01:06,29.00,26.00,88.38,6.90,1600.00,M
OMA,2025-02-06 01:28,29.00,26.00,88.38,6.90,1200.00,M
OMA,2025-02-06 01:52,29.00,25.00,84.79,11.50,1200.00,M
OMA,2025-02-06 02:52,27.00,23.00,84.66,9.20,1300.00,M
OMA,2025-02-06 03:13,24.00,22.00,91.94,6.90,1400.00,M
OMA,2025-02-06 03:52,24.00,21.00,88.13,9.20,1400.00,M
OMA,2025-02-06 04:52,24.00,18.00,77.53,16.10,M,M
OMA,2025-02-06 05:52,21.00,15.00,77.25,11.50,M,M
OMA,2025-02-06 06:52,19.00,12.00,73.73,10.35,M,M
OMA,2025-02-06 07:52,18.00,11.00,73.62,11.50,1500.00,M
OMA,2025-02-06 08:52,21.00,14.00,73.94,12.65,1500.00,M
OMA,2025-02-06 09:52,22.00,13.00,67.83,12.65,2000.00,M
OMA,2025-02-06 10:52,24.00,15.00,68.08,8.05,12000.00,M
OMA,2025-02-06 11:52,28.00,17.00,62.91,4.60,12000.00,M
OMA,2025-02-06 12:52,33.00,17.00,51.36,4.60,12000.00,M
OMA,2025-02-06 13:52,36.00,16.00,43.64,4.60,3000.00,M
OMA,2025-02-06 14:52,40.00,15.00,35.71,0.00,25000.00,M
OMA,2025-02-06 15:52,44.00,15.00,30.61,9.20,25000.00,M
OMA,2025-02-06 16:52,44.00,15.00,30.61,4.60,25000.00,M
OMA,2025-02-06 17:52,39.00,10.00,29.77,3.45,25000.00,M
OMA,2025-02-06 18:52,35.00,10.00,34.86,6.90,25000.00,M
OMA,2025-02-06 19:52,29.00,10.00,44.40,5.75,25000.00,M
OMA,2025-02-06 20:52,28.00,12.00,50.56,3.45,25000.00,M
OMA,2025-02-06 21:52,25.00,12.00,57.23,0.00,25000.00,M
OMA,2025-02-06 22:52,24.00,11.00,57.08,0.00,25000.00,M
OMA,2025-02-06 23:52,21.00,12.00,67.71,3.45,25000.00,M
OMA,2025-02-07 00:52,20.00,13.00,73.84,3.45,M,M
OMA,2025-02-07 01:52,18.00,11.00,73.62,4.60,10000.00,M
OMA,2025-02-07 02:52,20.00,12.00,70.65,3.45,10000.00,M
OMA,2025-02-07 03:52,21.00,13.00,70.76,5.75,10000.00,M
OMA,2025-02-07 04:52,22.00,13.00,67.83,4.60,10000.00,M
OMA,2025-02-07 05:52,25.00,9.00,50.07,5.75,10000.00,M
OMA,2025-02-07 06:52,22.00,11.00,62.09,0.00,10000.00,M
OMA,2025-02-07 07:52,22.00,8.00,54.28,4.60,11000.00,M
OMA,2025-02-07 08:52,25.00,7.00,45.75,6.90,11000.00,M
OMA,2025-02-07 09:52,30.00,7.00,37.24,10.35,11000.00,M
OMA,2025-02-07 10:52,35.00,7.00,30.45,11.50,11000.00,M
OMA,2025-02-07 11:52,38.00,7.00,27.05,12.65,7000.00,M
OMA,2025-02-07 12:52,42.00,5.00,21.14,17.25,7000.00,M
OMA,2025-02-07 13:52,44.00,4.00,18.70,19.55,7000.00,M
OMA,2025-02-07 14:52,44.00,2.00,17.05,16.10,7000.00,M
OMA,2025-02-07 15:50,42.80,1.40,17.36,14.95,0.00,M
OMA,2025-02-07 15:52,43.00,2.00,17.71,14.95,0.00,M
OMA,2025-02-07 16:52,42.00,2.00,18.41,17.25,6000.00,M
OMA,2025-02-07 17:52,39.00,6.00,24.86,13.80,5500.00,M
OMA,2025-02-07 18:52,38.00,8.00,28.30,16.10,5500.00,M
OMA,2025-02-07 19:52,36.00,10.00,33.50,12.65,5000.00,M
OMA,2025-02-07 20:52,36.00,12.00,36.62,16.10,4700.00,M
OMA,2025-02-07 21:52,36.00,13.00,38.27,16.10,3100.00,M
OMA,2025-02-07 22:52,36.00,14.00,39.99,13.80,3200.00,M
OMA,2025-02-07 23:52,35.00,16.00,45.40,13.80,3200.00,M
OMA,2025-02-08 00:52,35.00,16.00,45.40,4.60,3200.00,M
OMA,2025-02-08 01:52,33.00,17.00,51.36,4.60,3500.00,M
OMA,2025-02-08 02:52,33.00,17.00,51.36,3.45,3400.00,M
OMA,2025-02-08 03:52,33.00,17.00,51.36,3.45,3900.00,M
OMA,2025-02-08 04:52,31.00,18.00,58.12,3.45,4600.00,M
OMA,2025-02-08 05:52,31.00,18.00,58.12,3.45,3700.00,M
OMA,2025-02-08 06:52,31.00,18.00,58.12,5.75,4300.00,M
OMA,2025-02-08 07:52,32.00,19.00,58.27,5.75,4600.00,M
OMA,2025-02-08 08:52,34.00,18.00,51.52,14.95,5000.00,M
OMA,2025-02-08 09:52,35.00,16.00,45.40,19.55,5000.00,M
OMA,2025-02-08 10:52,30.00,17.00,57.98,21.85,4500.00,33.35
OMA,2025-02-08 11:52,29.00,17.00,60.39,14.95,4000.00,32.20
OMA,2025-02-08 12:52,29.00,17.00,60.39,21.85,2200.00,29.90
OMA,2025-02-08 13:30,28.00,17.00,62.91,24.15,2400.00,35.65
OMA,2025-02-08 13:30,M,M,M,M,2400.00,M
OMA,2025-02-08 13:52,28.00,17.00,62.91,21.85,2300.00,35.65
OMA,2025-02-08 14:52,29.00,17.00,60.39,21.85,2100.00,34.50
OMA,2025-02-08 15:05,29.00,16.00,57.83,25.30,2100.00,33.35
OMA,2025-02-08 15:52,29.00,15.00,55.36,21.85,2100.00,33.35
OMA,2025-02-08 16:52,28.00,13.00,52.84,20.70,2100.00,34.50
OMA,2025-02-08 17:52,24.00,13.00,62.36,17.25,2100.00,M
OMA,2025-02-08 18:52,22.00,12.00,64.90,16.10,M,M
OMA,2025-02-08 19:52,20.00,11.00,67.58,16.10,M,M
OMA,2025-02-08 20:52,18.00,11.00,73.62,14.95,M,M
OMA,2025-02-08 21:52,14.00,9.00,80.10,9.20,M,M
OMA,2025-02-08 22:52,14.00,8.00,76.58,9.20,M,M
OMA,2025-02-08 23:52,12.00,7.00,79.93,4.60,M,M
OMA,2025-02-09 00:52,10.00,6.00,83.49,4.60,M,M
OMA,2025-02-09 01:52,11.00,6.00,79.85,4.60,M,M
OMA,2025-02-09 02:52,12.00,7.00,79.93,0.00,M,M
OMA,2025-02-09 03:52,10.00,6.00,83.49,4.60,20000.00,M
OMA,2025-02-09 04:52,11.00,6.00,79.85,5.75,20000.00,M
OMA,2025-02-09 05:52,11.00,6.00,79.85,6.90,20000.00,M
OMA,2025-02-09 06:52,11.00,4.00,72.86,0.00,14000.00,M
OMA,2025-02-09 07:52,10.00,6.00,83.49,4.60,14000.00,M
OMA,2025-02-09 08:52,14.00,6.00,69.94,4.60,14000.00,M
OMA,2025-02-09 09:52,16.00,7.00,67.07,4.60,14000.00,M
OMA,2025-02-09 10:52,19.00,6.00,56.32,0.00,14000.00,M
OMA,2025-02-09 11:52,25.00,6.00,43.71,0.00,6000.00,M
OMA,2025-02-09 12:52,25.00,6.00,43.71,5.75,5500.00,M
OMA,2025-02-09 13:52,26.00,6.00,41.94,0.00,5000.00,M
OMA,2025-02-09 14:52,28.00,8.00,42.28,4.60,5000.00,M
OMA,2025-02-09 15:52,30.00,8.00,38.96,0.00,4000.00,M
OMA,2025-02-09 16:52,30.00,9.00,40.75,4.60,4000.00,M
OMA,2025-02-09 17:52,27.00,8.00,44.06,3.45,4000.00,M
OMA,2025-02-09 18:52,22.00,9.00,56.78,3.45,M,M
OMA,2025-02-09 19:52,24.00,10.00,54.59,3.45,M,M
OMA,2025-02-09 20:52,22.00,10.00,59.38,0.00,M,M
OMA,2025-02-09 21:52,19.00,10.00,67.46,3.45,M,M
OMA,2025-02-09 22:52,20.00,10.00,64.64,4.60,M,M
OMA,2025-02-09 23:52,17.00,9.00,70.30,5.75,M,M
OMA,2025-02-10 00:52,19.00,10.00,67.46,5.75,M,M
OMA,2025-02-10 01:52,17.00,9.00,70.30,5.75,M,M
OMA,2025-02-10 02:52,19.00,9.00,64.50,4.60,M,M
OMA,2025-02-10 03:52,17.00,9.00,70.30,0.00,M,M
OMA,2025-02-10 04:52,11.00,6.00,79.85,4.60,25000.00,M
OMA,2025-02-10 05:52,13.00,8.00,80.02,9.20,18000.00,M
OMA,2025-02-10 06:52,11.00,6.00,79.85,3.45,18000.00,M
OMA,2025-02-10 07:52,11.00,6.00,79.85,6.90,10000.00,M
OMA,2025-02-10 08:52,14.00,9.00,80.10,4.60,11000.00,M
OMA,2025-02-10 09:52,20.00,14.00,25.28,0.00,10000.00,M
OMA,2025-02-10 10:52,25.00,13.00,59.82,3.45,10000.00,M
OMA,2025-02-10 11:52,30.00,13.00,48.69,5.75,6500.00,M
OMA,2025-02-10 12:52,33.00,12.00,41.27,8.05,6500.00,M
OMA,2025-02-10 13:52,35.00,11.00,36.45,12.65,6500.00,M
OMA,2025-02-10 14:52,34.00,11.00,37.93,6.90,6500.00,M
OMA,2025-02-10 15:52,34.00,12.00,39.65,6.90,6500.00,M
OMA,2025-02-10 16:52,33.00,13.00,43.13,8.05,8000.00,M
OMA,2025-02-10 17:52,32.00,13.00,44.90,4.60,7000.00,M
OMA,2025-02-10 18:52,32.00,13.00,44.90,3.45,8000.00,M
OMA,2025-02-10 19:52,30.00,13.00,48.69,6.90,8000.00,M
OMA,2025-02-10 20:52,28.00,16.00,60.25,14.95,8000.00,M
OMA,2025-02-10 21:52,20.00,13.00,73.84,18.40,8000.00,33.35
OMA,2025-02-10 22:20,19.00,12.00,73.73,21.85,1900.00,29.90
OMA,2025-02-10 22:52,18.00,11.00,73.62,16.10,1800.00,29.90
OMA,2025-02-10 23:52,16.00,8.00,70.18,16.10,1800.00,31.05
OMA,2025-02-11 00:12,16.00,8.00,70.18,18.40,1800.00,M
OMA,2025-02-11 00:25,15.00,8.00,73.30,17.25,1600.00,M
OMA,2025-02-11 00:52,14.00,8.00,76.58,16.10,1600.00,M
OMA,2025-02-11 01:39,13.00,7.00,76.48,13.86,1299.00,M
OMA,2025-02-11 01:52,13.00,7.00,76.48,16.10,1299.00,M
OMA,2025-02-11 02:52,12.00,5.00,72.97,19.67,1200.00,M
OMA,2025-02-11 03:30,12.00,6.00,76.38,14.95,1300.00,M
OMA,2025-02-11 03:52,12.00,6.00,76.38,11.50,4100.00,M
OMA,2025-02-11 04:52,11.00,6.00,79.85,17.25,1700.00,29.90
OMA,2025-02-11 05:52,9.00,4.00,79.67,12.65,2100.00,29.90
OMA,2025-02-11 06:52,7.00,0.00,72.41,16.10,4100.00,M
OMA,2025-02-11 07:52,6.00,-6.00,56.94,12.65,4100.00,M
OMA,2025-02-11 08:52,7.00,-7.00,51.84,16.10,4000.00,29.90
OMA,2025-02-11 09:52,9.00,-7.00,47.37,14.95,4900.00,M
OMA,2025-02-11 10:52,12.00,-8.00,39.47,13.80,4900.00,M
OMA,2025-02-11 11:52,14.00,-8.00,36.14,16.10,5000.00,M
OMA,2025-02-11 12:52,15.00,-8.00,34.59,16.10,6000.00,M
OMA,2025-02-11 13:52,16.00,-8.00,33.12,18.40,5500.00,M
OMA,2025-02-11 14:52,15.00,-8.00,34.59,17.25,6000.00,M
OMA,2025-02-11 15:52,14.00,-6.00,39.83,19.55,5500.00,31.05
OMA,2025-02-11 16:52,13.00,-7.00,39.65,17.25,5500.00,M
OMA,2025-02-11 17:52,11.00,-6.00,45.47,17.25,6000.00,M
OMA,2025-02-11 18:52,10.00,-1.00,60.36,13.80,4600.00,M
OMA,2025-02-11 19:52,9.00,0.00,66.16,12.65,6500.00,M
OMA,2025-02-11 20:52,8.00,0.00,69.21,10.35,5500.00,M
OMA,2025-02-11 21:52,8.00,0.00,69.21,10.35,5000.00,M
OMA,2025-02-11 22:52,8.00,1.00,72.52,11.50,4000.00,M
OMA,2025-02-11 23:52,8.00,2.00,75.98,12.65,3600.00,M
OMA,2025-02-12 00:12,7.00,3.00,83.27,12.65,1900.00,M
OMA,2025-02-12 00:25,7.00,3.00,83.27,12.65,1200.00,M
OMA,2025-02-12 00:41,7.00,4.00,87.20,11.50,1800.00,M
OMA,2025-02-12 00:52,7.00,3.00,83.27,12.65,2000.00,M
OMA,2025-02-12 01:08,7.00,3.00,83.27,12.65,2400.00,M
OMA,2025-02-12 01:50,6.80,3.20,84.80,11.40,3398.00,M
OMA,2025-02-12 01:52,7.00,3.00,83.27,11.50,3600.00,M
OMA,2025-02-12 02:21,6.00,2.00,83.19,12.65,4400.00,M
OMA,2025-02-12 02:40,6.00,2.00,83.19,11.50,3000.00,M
OMA,2025-02-12 02:44,6.00,2.00,83.19,10.35,2800.00,M
OMA,2025-02-12 02:52,6.00,2.00,83.19,12.65,2400.00,M
OMA,2025-02-12 03:30,6.00,3.00,87.14,12.65,1400.00,M
OMA,2025-02-12 03:52,6.00,2.00,83.19,16.10,1200.00,M
OMA,2025-02-12 04:13,6.00,3.00,87.14,13.80,1800.00,M
OMA,2025-02-12 04:52,5.00,2.00,87.08,13.80,2200.00,M
OMA,2025-02-12 05:52,5.00,1.00,83.12,11.50,2500.00,M
OMA,2025-02-12 06:08,5.00,1.00,83.12,13.80,2700.00,M
OMA,2025-02-12 06:18,5.00,2.00,87.08,12.65,2500.00,M
OMA,2025-02-12 06:52,5.00,2.00,87.08,11.50,2100.00,M
OMA,2025-02-12 07:52,5.00,2.00,87.08,13.80,1800.00,M
OMA,2025-02-12 08:04,5.00,2.00,87.08,16.10,1600.00,M
OMA,2025-02-12 08:20,5.00,2.00,87.08,16.10,1400.00,M
OMA,2025-02-12 08:30,5.00,2.00,87.08,17.25,1500.00,M
OMA,2025-02-12 08:52,5.00,2.00,87.08,12.65,1700.00,M
OMA,2025-02-12 09:01,6.00,2.00,83.19,17.25,1600.00,M
OMA,2025-02-12 09:12,6.00,2.00,83.19,18.40,1300.00,M
OMA,2025-02-12 09:37,6.00,2.00,83.19,18.40,1500.00,M
OMA,2025-02-12 09:52,7.00,2.00,79.50,17.25,2300.00,M
OMA,2025-02-12 10:01,7.00,3.00,83.27,17.25,2500.00,M
OMA,2025-02-12 10:15,7.00,2.00,79.50,19.55,2700.00,M
OMA,2025-02-12 10:34,7.00,3.00,83.27,17.25,1400.00,M
OMA,2025-02-12 10:50,6.80,3.20,84.80,18.33,1801.00,M
OMA,2025-02-12 10:52,7.00,3.00,83.27,18.40,2000.00,M
OMA,2025-02-12 11:52,8.00,4.00,83.34,17.25,2000.00,M
OMA,2025-02-12 12:06,8.00,4.00,83.34,18.40,1500.00,M
OMA,2025-02-12 12:21,8.00,5.00,87.25,18.40,1400.00,M
OMA,2025-02-12 12:52,9.00,5.00,83.41,18.40,1200.00,M
OMA,2025-02-12 13:01,9.00,5.00,83.41,19.55,1400.00,M
OMA,2025-02-12 13:24,10.00,5.00,79.76,16.10,1600.00,M
OMA,2025-02-12 13:52,11.00,6.00,79.85,18.40,2900.00,M
OMA,2025-02-12 14:02,11.00,6.00,79.85,17.25,2700.00,M
OMA,2025-02-12 14:13,11.00,5.00,76.28,16.10,2000.00,M
OMA,2025-02-12 14:36,11.00,6.00,79.85,18.40,1400.00,M
OMA,2025-02-12 14:50,10.40,5.00,78.35,19.67,1601.00,M
OMA,2025-02-12 14:52,10.00,6.00,83.49,18.40,1600.00,M
OMA,2025-02-12 15:08,10.00,5.00,79.76,19.55,1000.00,M
OMA,2025-02-12 15:24,10.00,6.00,83.49,19.55,900.00,M
OMA,2025-02-12 15:50,10.40,5.00,78.35,19.67,898.00,M
OMA,2025-02-12 15:52,10.00,5.00,79.76,20.70,900.00,M
OMA,2025-02-12 16:23,9.00,5.00,83.41,17.25,2600.00,M
OMA,2025-02-12 16:36,9.00,5.00,83.41,14.95,1300.00,M
OMA,2025-02-12 16:52,9.00,4.00,79.67,18.40,1300.00,M
OMA,2025-02-12 17:52,8.00,4.00,83.34,18.40,2500.00,M
OMA,2025-02-12 18:52,7.00,2.00,79.50,14.95,9000.00,M
OMA,2025-02-12 19:52,5.00,1.00,83.12,13.80,9000.00,M
OMA,2025-02-12 20:52,4.00,0.00,83.04,11.50,M,M
OMA,2025-02-12 21:52,2.00,-2.00,82.89,9.20,M,M
OMA,2025-02-12 22:52,-2.00,-5.00,86.66,8.05,M,M
OMA,2025-02-12 23:52,-2.00,-5.00,86.66,8.05,M,M
OMA,2025-02-13 00:52,-3.00,-6.00,86.60,4.60,M,M
OMA,2025-02-13 01:52,-5.00,-8.00,86.47,4.60,M,M
OMA,2025-02-13 02:52,-4.00,-8.00,82.42,5.75,M,M
OMA,2025-02-13 03:52,-4.00,-7.00,86.53,3.45,M,M
OMA,2025-02-13 04:52,-5.00,-9.00,82.34,4.60,M,M
OMA,2025-02-13 05:52,-7.00,-11.00,82.18,3.45,M,M
OMA,2025-02-13 06:52,-5.00,-9.00,82.34,4.60,M,M
OMA,2025-02-13 07:52,-6.00,-10.00,82.26,5.75,M,M
OMA,2025-02-13 08:52,-3.00,-5.00,90.87,4.60,M,M
OMA,2025-02-13 09:52,1.00,-6.00,71.71,0.00,M,M
OMA,2025-02-13 10:52,4.00,-4.00,68.70,3.45,M,M
OMA,2025-02-13 11:52,10.00,-1.00,60.36,8.05,M,M
OMA,2025-02-13 12:52,12.00,-1.00,55.22,6.90,M,M
OMA,2025-02-13 13:52,13.00,-1.00,52.83,13.80,M,M
OMA,2025-02-13 14:52,15.00,1.00,53.16,14.95,M,M
OMA,2025-02-13 15:52,15.00,2.00,55.69,17.25,M,M
OMA,2025-02-13 16:52,15.00,3.00,58.34,13.80,M,M
OMA,2025-02-13 17:52,15.00,3.00,58.34,12.65,M,M
OMA,2025-02-13 18:52,12.00,3.00,66.56,14.95,25000.00,M
OMA,2025-02-13 19:52,12.00,3.00,66.56,13.80,12000.00,M
OMA,2025-02-13 20:52,11.00,2.00,66.43,12.65,12000.00,M
OMA,2025-02-13 21:52,11.00,2.00,66.43,12.65,25000.00,M
OMA,2025-02-13 22:52,11.00,2.00,66.43,13.80,25000.00,M
OMA,2025-02-13 23:52,10.00,2.00,69.45,11.50,25000.00,M
OMA,2025-02-14 00:52,11.00,3.00,69.58,12.65,25000.00,M
OMA,2025-02-14 01:52,11.00,3.00,69.58,11.50,15000.00,M
OMA,2025-02-14 02:52,13.00,4.00,66.69,12.65,21000.00,M
OMA,2025-02-14 03:52,13.00,5.00,69.82,12.65,16000.00,M
OMA,2025-02-14 04:52,15.00,7.00,70.06,17.25,16000.00,M
OMA,2025-02-14 05:52,15.00,7.00,70.06,14.95,16000.00,M
OMA,2025-02-14 06:52,15.00,9.00,76.68,16.10,15000.00,M
OMA,2025-02-14 07:52,17.00,10.00,73.52,18.40,15000.00,M
OMA,2025-02-14 08:52,20.00,13.00,73.84,20.70,7000.00,33.35
OMA,2025-02-14 09:52,24.00,16.00,71.11,32.20,6000.00,40.25
OMA,2025-02-14 10:52,26.00,18.00,71.33,25.30,5000.00,35.65
OMA,2025-02-14 11:35,26.00,20.00,77.71,23.00,6000.00,33.35
OMA,2025-02-14 11:52,26.00,21.00,81.09,19.55,6000.00,33.35
OMA,2025-02-14 12:01,27.00,22.00,81.17,20.70,5500.00,M
OMA,2025-02-14 12:38,29.00,23.00,77.98,19.55,2900.00,31.05
OMA,2025-02-14 12:52,29.00,23.00,77.98,23.00,2700.00,33.35
OMA,2025-02-14 13:52,31.00,23.00,71.89,21.85,2700.00,39.10
OMA,2025-02-14 14:52,32.00,24.00,72.00,20.70,2800.00,35.65
OMA,2025-02-14 15:45,33.00,24.00,69.16,20.70,3100.00,32.20
OMA,2025-02-14 15:52,33.00,24.00,69.16,21.85,3100.00,32.20
OMA,2025-02-14 16:52,34.00,24.00,66.45,13.80,3300.00,32.20
OMA,2025-02-14 17:52,34.00,24.00,66.45,11.50,3200.00,M
OMA,2025-02-14 18:52,31.00,24.00,74.97,5.75,3200.00,M
OMA,2025-02-14 19:52,29.00,23.00,77.98,8.05,3400.00,M
OMA,2025-02-14 20:52,30.00,23.00,74.87,8.05,3400.00,M
OMA,2025-02-14 21:52,30.00,22.00,71.78,6.90,4000.00,M
OMA,2025-02-14 22:52,29.00,22.00,74.77,0.00,4000.00,M
OMA,2025-02-14 23:52,29.00,21.00,71.67,0.00,4200.00,M
OMA,2025-02-15 00:29,29.00,21.00,71.67,4.60,6000.00,M
OMA,2025-02-15 00:44,28.00,22.00,77.89,5.75,6000.00,M
OMA,2025-02-15 00:52,28.00,22.00,77.89,4.60,6000.00,M
OMA,2025-02-15 01:33,29.00,22.00,74.77,0.00,2900.00,M
OMA,2025-02-15 01:52,27.00,24.00,88.28,4.60,2900.00,M
OMA,2025-02-15 02:52,28.00,23.00,81.25,6.90,2900.00,M
OMA,2025-02-15 03:52,27.00,25.00,92.05,8.05,2700.00,M
OMA,2025-02-15 04:21,27.00,26.00,95.95,9.20,2200.00,M
OMA,2025-02-15 04:52,27.00,26.00,95.95,11.50,3000.00,M
OMA,2025-02-15 05:30,27.00,27.00,100.00,12.65,500.00,M
OMA,2025-02-15 05:52,27.00,27.00,100.00,13.80,2500.00,M
OMA,2025-02-15 06:06,27.00,26.00,95.95,13.80,3700.00,M
OMA,2025-02-15 06:52,27.00,25.00,92.05,16.10,3700.00,M
OMA,2025-02-15 07:05,26.00,25.00,95.93,14.95,800.00,M
OMA,2025-02-15 07:12,26.00,25.00,95.93,14.95,800.00,M
OMA,2025-02-15 07:19,26.00,25.00,95.93,16.10,1700.00,M
OMA,2025-02-15 07:26,26.00,25.00,95.93,17.25,800.00,M
OMA,2025-02-15 07:33,26.00,25.00,95.93,16.10,800.00,M
OMA,2025-02-15 07:49,26.60,24.80,92.80,17.25,1400.00,M
OMA,2025-02-15 07:52,26.00,25.00,95.93,17.25,1000.00,M
OMA,2025-02-15 07:57,26.00,25.00,95.93,17.25,1000.00,M
OMA,2025-02-15 08:11,26.00,25.00,95.93,18.40,800.00,M
OMA,2025-02-15 08:52,26.00,23.00,88.23,18.40,900.00,M
OMA,2025-02-15 09:01,25.00,23.00,91.97,18.40,1000.00,M
OMA,2025-02-15 09:21,25.00,23.00,91.97,17.25,1000.00,M
OMA,2025-02-15 09:45,25.00,23.00,91.97,18.40,1000.00,M
OMA,2025-02-15 09:50,24.80,23.00,92.74,19.67,1000.00,M
OMA,2025-02-15 09:52,25.00,22.00,88.18,19.55,1000.00,M
OMA,2025-02-15 10:16,25.00,22.00,88.18,19.55,1200.00,M
OMA,2025-02-15 10:50,24.80,21.20,85.96,18.33,1200.00,M
OMA,2025-02-15 10:52,24.00,21.00,88.13,18.40,1200.00,M
OMA,2025-02-15 11:52,22.00,18.00,84.33,21.85,1800.00,29.90
OMA,2025-02-15 12:28,21.00,18.00,87.97,21.85,1400.00,31.05
OMA,2025-02-15 12:52,21.00,18.00,87.97,21.85,1400.00,31.05
OMA,2025-02-15 13:52,20.00,17.00,87.92,23.00,1300.00,33.35
OMA,2025-02-15 14:37,19.00,15.00,84.12,25.30,1500.00,34.50
OMA,2025-02-15 14:52,19.00,15.00,84.12,25.30,1500.00,35.65
OMA,2025-02-15 15:52,18.00,14.00,84.05,24.15,1500.00,35.65
OMA,2025-02-15 16:43,17.00,13.00,83.98,20.70,1900.00,33.35
OMA,2025-02-15 16:52,17.00,13.00,83.98,21.85,1900.00,33.35
OMA,2025-02-15 17:45,17.00,13.00,83.98,23.00,2000.00,34.50
OMA,2025-02-15 17:52,17.00,12.00,80.36,24.15,1900.00,34.50
OMA,2025-02-15 18:52,16.00,11.00,80.27,18.40,2100.00,33.35
OMA,2025-02-15 19:42,15.00,12.00,87.65,19.55,1600.00,M
OMA,2025-02-15 19:44,15.00,11.00,83.84,21.85,1600.00,M
OMA,2025-02-15 19:52,15.00,11.00,83.84,21.85,1800.00,M
OMA,2025-02-15 20:52,14.00,10.00,83.77,19.55,1800.00,29.90
OMA,2025-02-15 21:52,13.00,8.00,80.02,19.55,2500.00,29.90
OMA,2025-02-15 22:30,12.00,7.00,79.93,19.55,1900.00,32.20
OMA,2025-02-15 22:52,12.00,6.00,76.38,20.70,2000.00,32.20
OMA,2025-02-15 23:52,10.00,4.00,76.18,20.70,2400.00,31.05
OMA,2025-02-16 00:52,10.00,4.00,76.18,18.40,2300.00,29.90
OMA,2025-02-16 00:59,10.00,4.00,76.18,19.55,2900.00,M
OMA,2025-02-16 01:27,9.00,2.00,72.64,21.85,2900.00,31.05
OMA,2025-02-16 01:40,8.00,3.00,79.58,17.25,2900.00,31.05
OMA,2025-02-16 01:52,8.00,2.00,75.98,14.95,2700.00,31.05
OMA,2025-02-16 02:52,9.00,1.00,69.33,24.15,1700.00,32.20
OMA,2025-02-16 03:08,8.00,1.00,72.52,20.70,7000.00,M
OMA,2025-02-16 03:52,7.00,0.00,72.41,23.00,7500.00,31.05
OMA,2025-02-16 04:52,7.00,0.00,72.41,21.85,7500.00,29.90
OMA,2025-02-16 05:52,6.00,-1.00,72.29,19.55,7000.00,32.20
OMA,2025-02-16 06:52,6.00,-1.00,72.29,19.55,7000.00,M
OMA,2025-02-16 07:52,5.00,-2.00,72.18,20.70,7000.00,29.90
OMA,2025-02-16 08:52,5.00,-2.00,72.18,18.40,7000.00,M
OMA,2025-02-16 09:52,6.00,-2.00,68.96,20.70,2000.00,31.05
OMA,2025-02-16 10:52,7.00,-2.00,65.89,18.40,2000.00,M
OMA,2025-02-16 11:52,8.00,-2.00,62.98,17.25,7000.00,M
OMA,2025-02-16 12:52,11.00,1.00,63.40,12.65,3000.00,M
OMA,2025-02-16 13:52,11.00,0.00,60.50,14.95,3000.00,M
OMA,2025-02-16 14:52,12.00,0.00,57.88,11.50,3000.00,M
OMA,2025-02-16 15:52,11.00,0.00,60.50,10.35,5000.00,M
OMA,2025-02-16 16:52,10.00,0.00,63.26,13.80,5000.00,M
OMA,2025-02-16 17:52,7.00,-1.00,69.08,9.20,5000.00,M
OMA,2025-02-16 18:52,4.00,-2.00,75.57,4.60,20000.00,M
OMA,2025-02-16 19:52,4.00,-2.00,75.57,4.60,20000.00,M
OMA,2025-02-16 20:52,4.00,-2.00,75.57,3.45,M,M
OMA,2025-02-16 21:52,5.00,0.00,79.32,0.00,M,M
OMA,2025-02-16 22:52,1.00,-3.00,82.81,4.60,M,M
OMA,2025-02-16 23:52,2.00,-2.00,82.89,3.45,25000.00,M
OMA,2025-02-17 00:52,1.00,-3.00,82.81,3.45,18000.00,M
OMA,2025-02-17 01:52,1.00,-2.00,86.84,3.45,11000.00,M
OMA,2025-02-17 02:52,3.00,-1.00,82.97,0.00,11000.00,M
OMA,2025-02-17 03:52,4.00,-1.00,79.23,5.75,7000.00,M
OMA,2025-02-17 04:11,5.00,-1.00,75.67,8.05,6000.00,M
OMA,2025-02-17 04:52,3.00,-1.00,82.97,6.90,4000.00,M
OMA,2025-02-17 05:10,4.00,0.00,83.04,5.75,3000.00,M
OMA,2025-02-17 05:52,4.00,0.00,83.04,6.90,3700.00,M
OMA,2025-02-17 06:13,3.00,0.00,86.96,6.90,2900.00,M
OMA,2025-02-17 06:52,2.00,-1.00,86.90,8.05,1500.00,M
OMA,2025-02-17 07:00,2.00,-1.00,86.90,6.90,1300.00,M
OMA,2025-02-17 07:33,2.00,-1.00,86.90,6.90,1500.00,M
OMA,2025-02-17 07:41,2.00,-1.00,86.90,6.90,1600.00,M
OMA,2025-02-17 07:52,2.00,-1.00,86.90,5.75,2000.00,M
OMA,2025-02-17 08:52,2.00,-1.00,86.90,8.05,2200.00,M
OMA,2025-02-17 09:16,2.00,-1.00,86.90,11.50,2400.00,M
OMA,2025-02-17 09:52,3.00,-1.00,82.97,11.50,1800.00,M
OMA,2025-02-17 10:52,3.00,-2.00,79.14,14.95,2400.00,M
OMA,2025-02-17 11:16,3.00,-2.00,79.14,14.95,2300.00,M
OMA,2025-02-17 11:43,3.00,-2.00,79.14,12.65,3000.00,M
OMA,2025-02-17 11:52,3.00,-2.00,79.14,14.95,3200.00,M
OMA,2025-02-17 12:18,5.00,-3.00,68.83,13.80,2100.00,M
OMA,2025-02-17 12:52,4.00,-4.00,68.70,9.20,2300.00,M
OMA,2025-02-17 13:34,4.00,-2.00,75.57,10.35,2100.00,M
OMA,2025-02-17 13:52,4.00,-2.00,75.57,12.65,2300.00,M
OMA,2025-02-17 14:18,2.00,-4.00,75.36,12.65,2400.00,M
OMA,2025-02-17 14:45,2.00,-5.00,71.83,13.80,2300.00,M
OMA,2025-02-17 14:52,2.00,-4.00,75.36,13.80,2100.00,M
OMA,2025-02-17 15:35,1.00,-5.00,75.25,13.80,2300.00,M
OMA,2025-02-17 15:52,2.00,-5.00,71.83,11.50,2200.00,M
OMA,2025-02-17 16:26,1.00,-7.00,68.32,12.65,2800.00,M
OMA,2025-02-17 16:52,1.00,-9.00,61.96,13.80,4300.00,M
OMA,2025-02-17 17:06,1.00,-8.00,65.07,11.50,3500.00,M
OMA,2025-02-17 17:32,0.00,-6.00,75.15,13.80,2500.00,M
OMA,2025-02-17 17:52,0.00,-5.00,78.86,12.65,2700.00,M
OMA,2025-02-17 18:28,-1.00,-6.00,78.77,11.50,3100.00,M
OMA,2025-02-17 18:52,-1.00,-6.00,78.77,12.65,3000.00,M
OMA,2025-02-17 18:57,-1.00,-7.00,75.04,13.80,2900.00,M
OMA,2025-02-17 19:28,-2.00,-8.00,74.93,11.50,3500.00,M
OMA,2025-02-17 19:52,-2.00,-7.00,78.67,10.35,3500.00,M
OMA,2025-02-17 20:52,-3.00,-12.00,64.51,13.80,5000.00,M
OMA,2025-02-17 21:30,-5.00,-14.00,64.23,11.50,8000.00,M
OMA,2025-02-17 21:52,-4.00,-13.00,64.37,16.10,8000.00,M
OMA,2025-02-17 22:52,-5.00,-14.00,64.23,14.95,7500.00,M
OMA,2025-02-17 23:52,-6.00,-15.00,64.08,9.20,9000.00,M
OMA,2025-02-18 00:52,-6.00,-14.00,67.40,6.90,11000.00,M
OMA,2025-02-18 01:52,-8.00,-14.00,74.28,8.05,9000.00,M
OMA,2025-02-18 02:52,-6.00,-15.00,64.08,14.95,9500.00,M
OMA,2025-02-18 03:52,-6.00,-14.00,67.40,13.80,9000.00,M
OMA,2025-02-18 04:52,-8.00,-15.00,70.62,16.10,9000.00,M
OMA,2025-02-18 05:52,-8.00,-15.00,70.62,10.35,8500.00,M
OMA,2025-02-18 06:52,-9.00,-17.00,66.99,10.35,8500.00,M
OMA,2025-02-18 07:52,-10.00,-17.00,70.37,6.90,8500.00,M
OMA,2025-02-18 08:52,-9.00,-17.00,66.99,12.65,8000.00,M
OMA,2025-02-18 09:52,-8.00,-16.00,67.13,11.50,9000.00,M
OMA,2025-02-18 10:52,-7.00,-14.00,70.74,11.50,8500.00,M
OMA,2025-02-18 11:52,-6.00,-13.00,70.87,11.50,9000.00,M
OMA,2025-02-18 12:52,-4.00,-12.00,67.67,12.65,8500.00,M
OMA,2025-02-18 13:52,-3.00,-11.00,67.80,12.65,7000.00,M
OMA,2025-02-18 14:52,-2.00,-11.00,64.65,12.65,7000.00,M
OMA,2025-02-18 15:52,0.00,-12.00,55.98,13.80,7000.00,M
OMA,2025-02-18 16:52,0.00,-11.00,58.84,11.50,10000.00,M
OMA,2025-02-18 17:52,1.00,-9.00,61.96,11.50,9500.00,M
OMA,2025-02-18 18:52,2.00,-9.00,59.15,10.35,9500.00,M
OMA,2025-02-18 19:52,1.00,-9.00,61.96,11.50,10000.00,M
OMA,2025-02-18 20:52,2.00,-6.00,68.45,13.80,9500.00,M
OMA,2025-02-18 21:52,1.00,-6.00,71.71,13.80,7000.00,M
OMA,2025-02-18 22:52,0.00,-7.00,71.59,16.10,7500.00,M
OMA,2025-02-18 23:52,0.00,-7.00,71.59,11.50,9500.00,M
OMA,2025-02-19 00:52,0.00,-8.00,68.19,13.80,6500.00,M
OMA,2025-02-19 01:10,0.00,-7.00,71.59,13.80,6000.00,M
OMA,2025-02-19 01:50,-2.20,-7.60,77.14,14.98,2798.00,M
OMA,2025-02-19 01:52,-2.00,-8.00,74.93,14.95,2800.00,M
OMA,2025-02-19 02:08,-2.00,-9.00,71.35,14.95,2200.00,M
OMA,2025-02-19 02:13,-2.00,-9.00,71.35,13.80,2200.00,M
OMA,2025-02-19 02:52,-2.00,-9.00,71.35,11.50,11000.00,M
OMA,2025-02-19 03:52,-2.00,-8.00,74.93,12.65,6000.00,M
OMA,2025-02-19 04:01,-2.00,-9.00,71.35,13.80,6500.00,M
OMA,2025-02-19 04:52,-2.00,-9.00,71.35,16.10,5000.00,M
OMA,2025-02-19 05:52,-2.00,-8.00,74.93,14.95,7000.00,M
OMA,2025-02-19 06:52,-3.00,-9.00,74.83,18.40,5500.00,M
OMA,2025-02-19 07:50,-2.20,-9.40,70.63,17.25,3900.00,M
OMA,2025-02-19 07:52,-3.00,-9.00,74.83,17.25,3900.00,M
OMA,2025-02-19 08:42,-3.00,-9.00,74.83,18.40,3400.00,M
OMA,2025-02-19 08:52,-3.00,-9.00,74.83,17.25,3900.00,M
OMA,2025-02-19 09:18,-3.00,-10.00,71.23,16.10,3600.00,M
OMA,2025-02-19 09:52,-2.00,-9.00,71.35,12.65,3000.00,M
OMA,2025-02-19 10:52,0.00,-8.00,68.19,12.65,2000.00,M
OMA,2025-02-19 11:52,1.00,-9.00,61.96,12.65,M,M
OMA,2025-02-19 12:52,2.00,-9.00,59.15,14.95,M,M
OMA,2025-02-19 13:52,3.00,-7.00,62.26,16.10,M,M
OMA,2025-02-19 14:52,3.00,-8.00,59.30,17.25,M,M
OMA,2025-02-19 15:52,3.00,-7.00,62.26,11.50,M,M
OMA,2025-02-19 16:52,2.00,-8.00,62.11,11.50,M,M
OMA,2025-02-19 17:52,0.00,-9.00,64.93,12.65,M,M
OMA,2025-02-19 18:52,-1.00,-10.00,64.79,9.20,M,M
OMA,2025-02-19 19:52,-3.00,-11.00,67.80,9.20,M,M
OMA,2025-02-19 20:52,-5.00,-11.00,74.61,11.50,M,M
OMA,2025-02-19 21:52,-6.00,-12.00,74.50,5.75,M,M
OMA,2025-02-19 22:52,-5.00,-12.00,70.99,6.90,M,M
OMA,2025-02-19 23:52,-10.00,-15.00,77.90,8.05,M,M
OMA,2025-02-20 00:52,-7.00,-14.00,70.74,8.05,M,M
OMA,2025-02-20 01:52,-8.00,-14.00,74.28,6.90,M,M
OMA,2025-02-20 02:52,-10.00,-16.00,74.05,8.05,M,M
OMA,2025-02-20 03:52,-10.00,-14.00,81.93,3.45,M,M
OMA,2025-02-20 04:52,-14.00,-19.00,77.50,5.75,M,M
OMA,2025-02-20 05:52,-14.00,-18.00,81.60,5.75,M,M
OMA,2025-02-20 06:52,-13.00,-18.00,77.60,4.60,M,M
OMA,2025-02-20 07:52,-14.00,-19.00,77.50,5.75,M,M
OMA,2025-02-20 08:52,-8.00,-14.00,74.28,5.75,M,M
OMA,2025-02-20 09:52,-3.00,-12.00,64.51,4.60,M,M
OMA,2025-02-20 10:52,0.00,-9.00,64.93,9.20,M,M
OMA,2025-02-20 11:52,2.00,-7.00,65.21,8.05,25000.00,M
OMA,2025-02-20 12:52,6.00,-5.00,59.76,8.05,25000.00,M
OMA,2025-02-20 13:52,9.00,-3.00,57.41,5.75,25000.00,M
OMA,2025-02-20 14:52,12.00,-4.00,47.89,5.75,25000.00,M
OMA,2025-02-20 15:52,11.00,-3.00,52.51,4.60,25000.00,M
OMA,2025-02-20 16:52,9.00,-4.00,54.74,8.05,25000.00,M
OMA,2025-02-20 17:52,7.00,-5.00,57.10,0.00,25000.00,M
OMA,2025-02-20 18:52,5.00,-4.00,65.62,4.60,M,M
OMA,2025-02-20 19:52,2.00,-5.00,71.83,3.45,M,M
OMA,2025-02-20 20:52,2.00,-3.00,79.04,0.00,M,M
OMA,2025-02-20 21:52,0.00,-6.00,75.15,0.00,M,M
OMA,2025-02-20 22:52,2.00,-4.00,75.36,0.00,M,M
OMA,2025-02-20 23:52,0.00,-6.00,75.15,0.00,M,M
OMA,2025-02-21 00:31,-5.00,-7.00,90.79,0.00,200.00,M
OMA,2025-02-21 00:52,-2.00,-5.00,86.66,3.45,200.00,M
OMA,2025-02-21 01:52,-2.00,-5.00,86.66,5.75,M,M
OMA,2025-02-21 02:52,-5.00,-9.00,82.34,3.45,M,M
OMA,2025-02-21 03:52,-5.00,-8.00,86.47,5.75,M,M
OMA,2025-02-21 04:52,-4.00,-8.00,82.42,5.75,M,M
OMA,2025-02-21 05:52,-8.00,-11.00,86.28,9.20,M,M
OMA,2025-02-21 06:52,-8.00,-11.00,86.28,8.05,25000.00,M
OMA,2025-02-21 07:52,-8.00,-11.00,86.28,8.05,M,M
OMA,2025-02-21 08:52,-2.00,-5.00,86.66,10.35,M,M
OMA,2025-02-21 09:52,4.00,-4.00,68.70,10.35,M,M
OMA,2025-02-21 10:52,11.00,-4.00,50.06,12.65,M,M
OMA,2025-02-21 11:52,15.00,-1.00,48.40,13.80,M,M
OMA,2025-02-21 12:52,17.00,-2.00,42.32,12.65,M,M
OMA,2025-02-21 13:52,20.00,0.00,40.89,13.80,M,M
OMA,2025-02-21 14:52,21.00,2.00,43.02,13.80,M,M
OMA,2025-02-21 15:52,21.00,3.00,45.06,14.95,M,M
OMA,2025-02-21 16:52,21.00,4.00,47.19,17.25,M,M
OMA,2025-02-21 17:52,20.00,4.00,49.24,13.80,M,M
OMA,2025-02-21 18:52,19.00,5.00,53.80,12.65,M,M
OMA,2025-02-21 19:52,18.00,5.00,56.16,13.80,M,M
OMA,2025-02-21 20:52,17.00,4.00,56.01,13.80,M,M
OMA,2025-02-21 21:52,16.00,4.00,58.49,13.80,M,M
OMA,2025-02-21 22:52,16.00,3.00,55.85,12.65,M,M
OMA,2025-02-21 23:52,14.00,4.00,63.82,11.50,M,M
OMA,2025-02-22 00:52,11.00,3.00,69.58,11.50,M,M
OMA,2025-02-22 01:52,9.00,2.00,72.64,12.65,M,M
OMA,2025-02-22 02:52,8.00,2.00,75.98,11.50,M,M
OMA,2025-02-22 03:52,8.00,3.00,79.58,10.35,M,M
OMA,2025-02-22 04:52,8.00,2.00,75.98,12.65,M,M
OMA,2025-02-22 05:52,9.00,3.00,76.08,10.35,M,M
OMA,2025-02-22 06:52,9.00,3.00,76.08,9.20,25000.00,M
OMA,2025-02-22 07:52,10.00,4.00,76.18,10.35,25000.00,M
OMA,2025-02-22 08:52,15.00,6.00,66.95,8.05,25000.00,M
OMA,2025-02-22 09:52,20.00,9.00,61.80,6.90,25000.00,M
OMA,2025-02-22 10:52,23.00,11.00,59.52,9.20,25000.00,M
OMA,2025-02-22 11:52,27.00,14.00,57.53,9.20,25000.00,M
OMA,2025-02-22 12:52,30.00,18.00,60.53,9.20,25000.00,M
OMA,2025-02-22 13:52,32.00,20.00,60.81,10.35,25000.00,M
OMA,2025-02-22 14:52,34.00,22.00,61.09,16.10,25000.00,M
OMA,2025-02-22 15:52,35.00,24.00,63.85,11.50,25000.00,M
OMA,2025-02-22 16:52,36.00,25.00,63.98,10.35,25000.00,M
OMA,2025-02-22 17:52,35.00,26.00,69.39,10.35,25000.00,M
OMA,2025-02-22 18:52,31.00,25.00,78.16,5.75,25000.00,M
OMA,2025-02-22 19:52,30.00,25.00,81.40,6.90,25000.00,M
OMA,2025-02-22 20:52,28.00,24.00,84.72,6.90,25000.00,M
OMA,2025-02-22 21:52,27.00,24.00,88.28,9.20,M,M
OMA,2025-02-22 22:52,25.00,23.00,91.97,9.20,M,M
OMA,2025-02-22 23:52,25.00,22.00,88.18,9.20,M,M
OMA,2025-02-23 00:52,25.00,23.00,91.97,6.90,25000.00,M
OMA,2025-02-23 01:52,25.00,23.00,91.97,9.20,25000.00,M
OMA,2025-02-23 02:52,25.00,24.00,95.91,8.05,25000.00,M
OMA,2025-02-23 03:52,25.00,24.00,95.91,9.20,25000.00,M
OMA,2025-02-23 04:52,24.00,22.00,91.94,9.20,25000.00,M
OMA,2025-02-23 05:52,24.00,23.00,95.89,10.35,25000.00,M
OMA,2025-02-23 06:52,23.00,21.00,91.90,6.90,25000.00,M
OMA,2025-02-23 07:52,23.00,22.00,95.88,6.90,25000.00,M
OMA,2025-02-23 08:52,30.00,27.00,88.44,9.20,25000.00,M
OMA,2025-02-23 09:52,35.00,29.00,78.51,6.90,25000.00,M
OMA,2025-02-23 10:52,39.00,30.00,69.85,6.90,25000.00,M
OMA,2025-02-23 11:52,45.00,31.00,57.73,6.90,25000.00,M
OMA,2025-02-23 12:52,49.00,32.00,51.70,6.90,25000.00,M
OMA,2025-02-23 13:52,51.00,32.00,47.99,9.20,25000.00,M
OMA,2025-02-23 14:52,52.00,33.00,48.15,6.90,25000.00,M
OMA,2025-02-23 15:52,55.00,32.00,41.44,5.75,25000.00,M
OMA,2025-02-23 16:52,54.00,32.00,42.98,8.05,25000.00,M
OMA,2025-02-23 17:52,51.00,33.00,49.96,6.90,25000.00,M
OMA,2025-02-23 18:52,43.00,32.00,64.88,6.90,25000.00,M
OMA,2025-02-23 19:52,39.00,31.00,72.75,8.05,25000.00,M
OMA,2025-02-23 20:52,37.00,32.00,81.93,10.35,25000.00,M
OMA,2025-02-23 21:52,38.00,32.00,78.77,8.05,25000.00,M
OMA,2025-02-23 22:52,38.00,33.00,82.00,9.20,21000.00,M
OMA,2025-02-23 23:52,38.00,33.00,82.00,10.35,17000.00,M
OMA,2025-02-24 00:52,38.00,34.00,85.35,9.20,17000.00,M
OMA,2025-02-24 01:52,39.00,34.00,82.08,5.75,18000.00,M
OMA,2025-02-24 02:52,39.00,35.00,85.42,9.20,15000.00,M
OMA,2025-02-24 03:52,39.00,34.00,82.08,5.75,15000.00,M
OMA,2025-02-24 04:52,38.00,33.00,82.00,0.00,23000.00,M
OMA,2025-02-24 05:52,37.00,33.00,85.29,0.00,22000.00,M
OMA,2025-02-24 06:52,37.00,33.00,85.29,0.00,22000.00,M
OMA,2025-02-24 07:52,35.00,32.00,88.68,0.00,22000.00,M
OMA,2025-02-24 08:52,43.00,35.00,73.16,0.00,22000.00,M
OMA,2025-02-24 09:52,50.00,35.00,56.16,0.00,20000.00,M
OMA,2025-02-24 10:52,55.00,37.00,50.58,8.05,20000.00,M
OMA,2025-02-24 11:52,59.00,37.00,43.78,9.20,20000.00,M
OMA,2025-02-24 12:52,60.00,37.00,42.24,5.75,15000.00,M
OMA,2025-02-24 13:52,63.00,38.00,39.51,4.60,12000.00,M
OMA,2025-02-24 14:52,64.00,38.00,38.15,11.50,12000.00,M
OMA,2025-02-24 15:52,63.00,38.00,39.51,10.35,10000.00,M
OMA,2025-02-24 16:52,63.00,37.00,37.99,11.50,11000.00,M
OMA,2025-02-24 17:52,60.00,36.00,40.61,6.90,15000.00,M
OMA,2025-02-24 18:52,57.00,38.00,48.93,5.75,15000.00,M
OMA,2025-02-24 19:52,56.00,39.00,52.75,12.65,15000.00,M
OMA,2025-02-24 20:52,53.00,31.00,42.81,14.95,15000.00,M
OMA,2025-02-24 21:52,50.00,27.00,40.62,10.35,11000.00,M
OMA,2025-02-24 22:52,48.00,31.00,51.54,17.25,25000.00,M
OMA,2025-02-24 23:52,44.00,33.00,65.01,14.95,M,33.35
OMA,2025-02-25 00:52,38.00,32.00,78.77,9.20,M,M
OMA,2025-02-25 01:52,36.00,33.00,88.73,3.45,M,M
OMA,2025-02-25 02:52,34.00,32.00,92.29,8.05,M,M
OMA,2025-02-25 03:52,34.00,32.00,92.29,3.45,M,M
OMA,2025-02-25 04:52,31.00,29.00,92.19,3.45,23000.00,M
OMA,2025-02-25 05:52,30.00,28.00,92.15,0.00,23000.00,M
OMA,2025-02-25 06:52,30.00,28.00,92.15,0.00,23000.00,M
OMA,2025-02-25 07:52,32.00,30.00,92.22,3.45,23000.00,M
OMA,2025-02-25 08:52,39.00,33.00,78.86,0.00,25000.00,M
OMA,2025-02-25 09:52,44.00,34.00,67.66,4.60,25000.00,M
OMA,2025-02-25 10:52,49.00,35.00,58.30,5.75,25000.00,M
OMA,2025-02-25 11:52,53.00,35.00,50.27,11.50,25000.00,M
OMA,2025-02-25 12:52,58.00,36.30,44.14,14.95,25000.00,M
OMA,2025-02-25 13:52,59.00,33.00,37.34,13.80,25000.00,M
OMA,2025-02-25 14:52,61.00,33.00,34.77,13.80,18000.00,M
OMA,2025-02-25 15:52,61.00,33.00,34.77,16.10,20000.00,M
OMA,2025-02-25 16:52,62.00,35.00,36.35,13.80,20000.00,M
OMA,2025-02-25 17:52,58.00,36.00,43.62,14.95,12000.00,M
OMA,2025-02-25 18:52,52.00,36.00,54.26,12.65,12000.00,M
OMA,2025-02-25 19:52,52.00,36.00,54.26,12.65,12000.00,M
OMA,2025-02-25 20:52,52.00,37.00,56.45,11.50,6000.00,M
OMA,2025-02-25 21:52,53.00,37.00,54.41,4.60,6000.00,31.05
OMA,2025-02-25 22:52,44.00,35.00,70.42,0.00,11000.00,M
OMA,2025-02-25 23:52,41.00,35.00,79.02,0.00,18000.00,M
OMA,2025-02-26 00:52,47.00,34.00,60.38,8.05,19000.00,M
OMA,2025-02-26 01:52,47.00,34.00,60.38,10.35,17000.00,M
OMA,2025-02-26 02:52,47.00,36.00,65.38,17.25,16000.00,M
OMA,2025-02-26 03:52,46.00,35.00,65.26,13.80,16000.00,M
OMA,2025-02-26 04:52,45.00,34.00,65.13,13.80,18000.00,M
OMA,2025-02-26 05:52,44.00,34.00,67.66,11.50,17000.00,M
OMA,2025-02-26 06:52,42.00,34.00,73.06,13.80,17000.00,M
OMA,2025-02-26 07:52,42.00,34.00,73.06,13.80,17000.00,M
OMA,2025-02-26 08:52,46.00,35.00,65.26,16.10,17000.00,M
OMA,2025-02-26 09:52,49.00,37.00,63.10,20.70,2300.00,M
OMA,2025-02-26 10:52,51.00,38.00,60.92,23.00,2600.00,34.50
OMA,2025-02-26 11:52,54.00,38.00,54.56,20.70,2900.00,33.35
OMA,2025-02-26 12:52,56.00,38.00,50.73,19.55,3500.00,35.65
OMA,2025-02-26 13:52,59.00,36.00,42.08,20.70,4200.00,33.35
OMA,2025-02-26 14:52,58.00,35.00,41.92,18.40,4700.00,32.20
OMA,2025-02-26 15:52,58.00,32.00,37.18,21.85,4900.00,29.90
OMA,2025-02-26 16:52,57.00,31.00,37.01,14.95,4900.00,M
OMA,2025-02-26 17:52,52.00,31.00,44.42,9.20,M,M
OMA,2025-02-26 18:52,51.00,29.00,42.49,6.90,M,M
OMA,2025-02-26 19:52,44.00,28.00,53.07,5.75,M,M
OMA,2025-02-26 20:52,41.00,28.00,59.55,0.00,M,M
OMA,2025-02-26 21:52,39.00,27.00,61.78,0.00,M,M
OMA,2025-02-26 22:52,38.00,28.00,66.94,0.00,M,M
OMA,2025-02-26 23:52,38.00,28.00,66.94,4.60,M,M
OMA,2025-02-27 00:52,38.00,27.00,64.24,3.45,M,M
OMA,2025-02-27 01:52,37.00,27.00,66.82,4.60,M,M
OMA,2025-02-27 02:52,34.00,26.00,72.22,3.45,M,M
OMA,2025-02-27 03:52,36.00,27.00,69.51,0.00,11000.00,M
OMA,2025-02-27 04:52,37.00,28.00,69.63,4.60,M,M
OMA,2025-02-27 05:52,37.00,29.00,72.54,10.35,M,M
OMA,2025-02-27 06:52,38.00,29.00,69.74,11.50,M,M
OMA,2025-02-27 07:52,39.00,29.00,67.06,8.05,M,M
OMA,2025-02-27 08:52,43.00,30.00,59.83,12.65,M,M
OMA,2025-02-27 09:52,48.00,28.00,45.61,13.80,M,M
OMA,2025-02-27 10:52,50.00,26.00,38.97,17.25,M,M
OMA,2025-02-27 11:52,53.00,25.00,33.46,12.65,M,M
OMA,2025-02-27 12:52,55.00,24.00,29.83,14.95,25000.00,M
OMA,2025-02-27 13:52,57.00,22.00,25.51,11.50,25000.00,M
OMA,2025-02-27 14:52,59.00,24.00,25.82,9.20,25000.00,M
OMA,2025-02-27 15:52,59.00,23.00,24.76,10.35,25000.00,M
OMA,2025-02-27 16:52,59.00,24.00,25.82,12.65,25000.00,M
OMA,2025-02-27 17:52,56.00,24.00,28.77,5.75,25000.00,M
OMA,2025-02-27 18:52,48.00,24.00,38.64,6.90,25000.00,M
OMA,2025-02-27 19:52,44.00,25.00,46.88,6.90,25000.00,M
OMA,2025-02-27 20:52,40.00,25.00,54.69,8.05,25000.00,M
OMA,2025-02-27 21:52,41.00,26.00,54.84,8.05,25000.00,M
OMA,2025-02-27 22:52,40.00,26.00,57.01,10.35,25000.00,M
OMA,2025-02-27 23:52,39.00,27.00,61.78,9.20,25000.00,M
OMA,2025-02-28 00:52,40.00,27.00,59.41,8.05,25000.00,M
OMA,2025-02-28 01:52,46.00,25.00,43.44,8.05,25000.00,M
OMA,2025-02-28 02:52,41.00,25.00,52.61,10.35,25000.00,M
OMA,2025-02-28 03:52,39.00,25.00,56.86,8.05,M,M
OMA,2025-02-28 04:52,46.00,23.00,39.96,12.65,M,M
OMA,2025-02-28 05:52,42.00,23.00,46.55,5.75,M,M
OMA,2025-02-28 06:52,43.00,23.00,44.80,3.45,25000.00,M
OMA,2025-02-28 07:52,43.00,25.00,48.70,0.00,25000.00,M
OMA,2025-02-28 08:52,50.00,25.00,37.39,3.45,25000.00,M
OMA,2025-02-28 09:52,55.00,26.00,32.42,11.50,13000.00,M
OMA,2025-02-28 10:52,60.00,26.00,27.08,29.90,13000.00,34.50
OMA,2025-02-28 11:52,61.00,28.00,28.38,25.30,15000.00,43.70
OMA,2025-02-28 12:52,59.00,27.00,29.25,31.05,20000.00,44.85
OMA,2025-02-28 13:52,61.00,25.00,25.07,32.20,20000.00,47.15
OMA,2025-02-28 14:52,61.00,25.00,25.07,25.30,7000.00,43.70
OMA,2025-02-28 15:52,60.00,25.00,25.98,28.75,7000.00,46.00
OMA,2025-02-28 16:52,59.00,26.00,28.07,21.85,7000.00,41.40
OMA,2025-02-28 17:52,55.00,26.00,32.42,16.10,7000.00,42.55
OMA,2025-02-28 18:52,48.00,29.00,47.52,13.80,25000.00,29.90
OMA,2025-02-28 19:52,45.00,29.00,53.22,12.65,25000.00,M
OMA,2025-02-28 20:52,41.00,27.00,57.15,17.25,25000.00,M
OMA,2025-02-28 21:52,39.00,26.00,59.27,24.15,25000.00,34.50
OMA,2025-02-28 22:52,38.00,24.00,56.71,14.95,22000.00,32.20
OMA,2025-02-28 23:52,34.00,23.00,63.72,10.35,22000.00,M
OMA,2025-03-01 00:52,32.00,22.00,66.20,12.65,22000.00,M
OMA,2025-03-01 01:52,28.00,20.00,71.56,6.90,M,M
OMA,2025-03-01 02:52,26.00,20.00,77.71,4.60,M,M
OMA,2025-03-01 03:52,27.00,19.00,71.45,14.95,22000.00,M
OMA,2025-03-01 04:52,25.00,19.00,77.62,10.35,9500.00,M
OMA,2025-03-01 05:52,24.00,19.00,80.93,4.60,8000.00,M
OMA,2025-03-01 06:52,24.00,16.00,71.11,13.80,8000.00,M
OMA,2025-03-01 07:52,25.00,15.00,65.30,11.50,8000.00,M
OMA,2025-03-01 08:52,27.00,10.00,48.20,12.65,8000.00,M
OMA,2025-03-01 09:52,28.00,1.00,30.66,13.80,6500.00,M
OMA,2025-03-01 10:52,29.00,-4.00,23.24,9.20,7000.00,M
OMA,2025-03-01 11:52,30.00,0.00,26.96,10.35,7000.00,M
OMA,2025-03-01 12:52,33.00,1.00,25.03,8.05,7000.00,M
OMA,2025-03-01 13:52,35.00,2.00,24.21,5.75,7000.00,M
OMA,2025-03-01 14:52,35.00,4.00,26.55,3.45,7000.00,M
OMA,2025-03-01 15:52,37.00,3.00,23.43,3.45,7000.00,M
OMA,2025-03-01 16:52,36.00,4.00,25.52,6.90,7000.00,M
OMA,2025-03-01 17:52,35.00,5.00,27.80,5.75,7000.00,M
OMA,2025-03-01 18:52,33.00,6.00,31.52,4.60,18000.00,M
OMA,2025-03-01 19:52,32.00,6.00,32.81,4.60,18000.00,M
OMA,2025-03-01 20:52,30.00,7.00,37.24,6.90,16000.00,M
OMA,2025-03-01 21:52,30.00,6.00,35.58,3.45,15000.00,M
OMA,2025-03-01 22:52,30.00,6.00,35.58,3.45,15000.00,M
OMA,2025-03-01 23:52,28.00,6.00,38.61,6.90,14000.00,M
OMA,2025-03-02 00:52,26.00,6.00,41.94,8.05,15000.00,M
OMA,2025-03-02 01:52,26.00,6.00,41.94,8.05,M,M
OMA,2025-03-02 02:52,24.00,7.00,47.70,9.20,M,M
OMA,2025-03-02 03:52,24.00,7.00,47.70,10.35,M,M
OMA,2025-03-02 04:52,23.00,8.00,52.04,8.05,M,M
OMA,2025-03-02 05:52,23.00,8.00,52.04,10.35,M,M
OMA,2025-03-02 06:52,22.00,9.00,56.78,9.20,M,M
OMA,2025-03-02 07:52,26.00,9.00,48.03,11.50,20000.00,M
OMA,2025-03-02 08:52,31.00,9.00,39.13,12.65,25000.00,M
OMA,2025-03-02 09:52,36.00,10.00,33.50,11.50,M,M
OMA,2025-03-02 10:52,40.00,11.00,29.94,12.65,M,M
OMA,2025-03-02 11:52,45.00,14.00,28.20,13.80,M,M
OMA,2025-03-02 12:52,49.00,15.00,25.34,14.95,15000.00,M
OMA,2025-03-02 13:52,52.00,17.00,24.73,19.55,25000.00,M
OMA,2025-03-02 14:52,54.00,19.00,25.04,19.55,3000.00,32.20
OMA,2025-03-02 15:52,55.00,20.00,25.20,17.25,25000.00,29.90
OMA,2025-03-02 16:52,54.00,21.00,27.27,20.70,25000.00,M
OMA,2025-03-02 17:52,52.00,22.00,30.62,18.40,25000.00,M
OMA,2025-03-02 18:52,49.00,22.00,34.22,16.10,25000.00,M
OMA,2025-03-02 19:52,45.00,23.00,41.50,14.95,M,M
OMA,2025-03-02 20:52,42.00,23.00,46.55,11.50,25000.00,M
OMA,2025-03-02 21:52,41.00,23.00,48.39,9.20,25000.00,M
OMA,2025-03-02 22:52,42.00,23.00,46.55,12.65,25000.00,M
OMA,2025-03-02 23:52,43.00,23.00,44.80,16.10,25000.00,M
OMA,2025-03-03 00:52,41.00,24.00,50.46,10.35,25000.00,M
OMA,2025-03-03 01:52,41.00,26.00,54.84,12.65,25000.00,M
OMA,2025-03-03 02:52,38.00,27.00,64.24,11.50,M,M
OMA,2025-03-03 03:52,38.00,27.00,64.24,10.35,M,M
OMA,2025-03-03 04:52,37.00,27.00,66.82,9.20,M,M
OMA,2025-03-03 05:52,37.00,28.00,69.63,10.35,M,M
OMA,2025-03-03 06:52,36.00,29.00,75.46,11.50,M,M
OMA,2025-03-03 07:52,41.00,31.00,67.30,12.65,M,M
OMA,2025-03-03 08:52,45.00,31.00,57.73,14.95,M,M
OMA,2025-03-03 09:52,50.00,33.00,51.85,13.80,3000.00,M
OMA,2025-03-03 10:52,55.00,35.00,46.73,14.95,3000.00,M
OMA,2025-03-03 11:52,56.00,37.00,48.77,20.70,3500.00,M
OMA,2025-03-03 12:27,57.00,39.00,50.88,19.55,2900.00,M
OMA,2025-03-03 12:52,55.00,40.00,56.88,20.70,2900.00,M
OMA,2025-03-03 13:42,56.00,39.00,52.75,18.40,3000.00,M
OMA,2025-03-03 13:52,57.00,39.00,50.88,18.40,3100.00,M
OMA,2025-03-03 14:52,56.00,39.00,52.75,17.25,3000.00,31.05
OMA,2025-03-03 15:52,57.00,40.00,52.90,23.00,3700.00,32.20
OMA,2025-03-03 16:52,57.00,40.00,52.90,20.70,3700.00,33.35
OMA,2025-03-03 17:52,56.00,41.00,57.02,16.10,3800.00,M
OMA,2025-03-03 18:52,55.00,42.00,61.46,18.40,3800.00,34.50
OMA,2025-03-03 19:52,53.00,41.00,63.61,10.35,3800.00,M
OMA,2025-03-03 20:52,52.00,42.00,68.59,10.35,3900.00,M
OMA,2025-03-03 21:52,53.00,44.00,71.39,11.50,3900.00,M
OMA,2025-03-03 22:52,53.00,45.00,74.16,10.35,3100.00,M
OMA,2025-03-03 23:28,54.00,48.00,80.07,16.10,2900.00,M
OMA,2025-03-03 23:52,52.00,50.00,92.86,9.20,1100.00,M
OMA,2025-03-04 00:05,51.00,49.00,92.83,6.90,1100.00,M
OMA,2025-03-04 00:31,51.00,50.00,96.36,6.90,1000.00,M
OMA,2025-03-04 00:35,51.00,50.00,96.36,4.60,900.00,M
OMA,2025-03-04 00:52,50.00,50.00,100.00,4.60,700.00,M
OMA,2025-03-04 00:58,50.00,50.00,100.00,5.75,700.00,M
OMA,2025-03-04 01:13,50.00,50.00,100.00,4.60,700.00,M
OMA,2025-03-04 01:52,51.00,50.00,96.36,5.75,700.00,M
OMA,2025-03-04 02:00,51.00,50.00,96.36,4.60,700.00,M
OMA,2025-03-04 02:52,51.00,50.00,96.36,5.75,1000.00,M
OMA,2025-03-04 02:57,51.00,50.00,96.36,6.90,800.00,M
OMA,2025-03-04 03:52,51.00,50.00,96.36,9.20,900.00,M
OMA,2025-03-04 04:34,53.00,51.00,92.89,10.35,900.00,M
OMA,2025-03-04 04:52,53.00,51.00,92.89,10.35,900.00,M
OMA,2025-03-04 05:32,53.00,51.00,92.89,12.65,1200.00,M
OMA,2025-03-04 05:52,54.00,52.00,92.92,14.95,1500.00,M
OMA,2025-03-04 06:52,54.00,51.00,89.55,16.10,1700.00,M
OMA,2025-03-04 07:12,54.00,51.00,89.55,12.65,1000.00,M
OMA,2025-03-04 07:52,54.00,51.00,89.55,6.90,1100.00,M
OMA,2025-03-04 08:52,54.00,52.00,92.92,4.60,1000.00,M
OMA,2025-03-04 09:52,56.00,52.00,86.40,5.75,1000.00,M
OMA,2025-03-04 10:03,56.00,52.00,86.40,6.90,1000.00,M
OMA,2025-03-04 10:52,56.00,52.00,86.40,3.45,1000.00,M
OMA,2025-03-04 11:52,57.00,52.00,83.33,3.45,3000.00,M
OMA,2025-03-04 12:52,58.00,52.00,80.38,3.45,3100.00,M
OMA,2025-03-04 13:38,56.00,51.00,83.26,9.20,2600.00,M
OMA,2025-03-04 13:45,52.00,48.00,86.17,14.95,2600.00,M
OMA,2025-03-04 13:52,49.00,46.00,89.33,23.00,2600.00,31.05
OMA,2025-03-04 13:54,48.00,46.00,92.74,19.55,600.00,M
OMA,2025-03-04 14:02,45.00,44.00,96.26,21.85,600.00,31.05
OMA,2025-03-04 14:26,43.00,42.00,96.23,24.15,600.00,34.50
OMA,2025-03-04 14:52,42.00,40.00,92.55,29.90,600.00,44.85
OMA,2025-03-04 15:23,41.00,39.00,92.52,29.90,800.00,44.85
OMA,2025-03-04 15:37,40.00,39.00,96.18,29.90,700.00,44.85
OMA,2025-03-04 15:52,39.00,38.00,96.16,33.35,700.00,44.85
OMA,2025-03-04 16:29,37.00,35.00,92.39,33.35,1000.00,48.30
OMA,2025-03-04 16:36,36.00,34.00,92.35,34.50,1200.00,48.30
OMA,2025-03-04 16:52,35.00,34.00,96.09,35.65,1300.00,50.60
OMA,2025-03-04 17:06,35.00,33.00,92.32,40.25,1500.00,54.05
OMA,2025-03-04 17:39,34.00,32.00,92.29,37.95,1200.00,58.65
OMA,2025-03-04 17:52,34.00,32.00,92.29,35.65,1200.00,58.65
OMA,2025-03-04 18:40,33.00,31.00,92.25,31.05,1000.00,51.75
OMA,2025-03-04 18:52,32.00,31.00,96.04,36.80,1000.00,51.75
OMA,2025-03-04 19:19,32.00,31.00,96.04,36.80,800.00,64.40
OMA,2025-03-04 19:45,32.00,31.00,96.04,39.10,800.00,64.40
OMA,2025-03-04 19:52,32.00,31.00,96.04,39.10,800.00,64.40
OMA,2025-03-04 20:52,32.00,30.00,92.22,36.80,500.00,59.80
OMA,2025-03-04 21:52,31.00,29.00,92.19,35.65,800.00,63.25
OMA,2025-03-04 22:52,29.00,27.00,92.12,41.40,900.00,59.80
OMA,2025-03-04 23:00,29.00,27.00,92.12,40.25,1000.00,58.65
OMA,2025-03-04 23:36,29.00,26.00,88.38,35.65,1600.00,64.40
OMA,2025-03-04 23:44,29.00,26.00,88.38,44.85,1400.00,64.40
OMA,2025-03-04 23:52,28.00,26.00,92.08,40.25,1400.00,64.40
OMA,2025-03-05 00:13,28.00,25.00,88.33,36.80,1400.00,56.35
OMA,2025-03-05 00:25,28.00,24.00,84.72,37.95,1600.00,56.35
OMA,2025-03-05 00:52,27.00,24.00,88.28,28.75,1600.00,57.50
OMA,2025-03-05 01:30,27.00,23.00,84.66,36.80,1800.00,64.40
OMA,2025-03-05 01:52,26.00,23.00,88.23,33.35,1800.00,64.40
OMA,2025-03-05 02:52,26.00,20.00,77.71,39.10,2400.00,58.65
OMA,2025-03-05 03:43,25.00,20.00,81.01,31.05,1900.00,54.05
OMA,2025-03-05 03:52,25.00,20.00,81.01,32.20,1900.00,54.05
OMA,2025-03-05 04:03,25.00,20.00,81.01,32.20,1900.00,43.70
OMA,2025-03-05 04:08,25.00,21.00,84.53,34.50,1900.00,46.00
OMA,2025-03-05 04:35,24.00,20.00,84.46,33.35,1700.00,49.45
OMA,2025-03-05 04:47,24.80,19.40,79.62,39.10,2200.00,50.60
OMA,2025-03-05 04:52,24.00,19.00,80.93,35.65,2200.00,50.60
OMA,2025-03-05 05:09,23.00,19.00,84.39,32.20,1900.00,51.75
OMA,2025-03-05 05:21,23.00,18.00,80.85,34.50,2100.00,54.05
OMA,2025-03-05 05:27,23.00,17.00,77.44,39.10,2100.00,54.05
OMA,2025-03-05 05:52,23.00,17.00,77.44,39.10,2300.00,57.50
OMA,2025-03-05 06:52,22.00,17.00,80.77,33.35,2200.00,57.50
OMA,2025-03-05 06:56,22.00,17.00,80.77,33.35,2600.00,54.05
OMA,2025-03-05 07:17,22.00,16.00,77.34,33.35,2300.00,54.05
OMA,2025-03-05 07:31,22.00,15.00,74.05,35.65,2300.00,54.05
OMA,2025-03-05 07:52,22.00,15.00,74.05,28.75,2600.00,54.05
OMA,2025-03-05 08:52,23.00,15.00,70.99,26.45,2800.00,50.60
OMA,2025-03-05 09:00,22.00,16.00,77.34,27.60,1900.00,44.85
OMA,2025-03-05 09:40,23.00,14.00,67.96,40.25,2100.00,54.05
OMA,2025-03-05 09:52,23.00,15.00,70.99,36.80,2100.00,54.05
OMA,2025-03-05 10:52,24.00,15.00,68.08,35.65,2600.00,51.75
OMA,2025-03-05 11:52,26.00,15.00,62.64,28.75,2700.00,46.00
OMA,2025-03-05 12:47,26.60,17.60,68.40,24.15,2900.00,46.00
OMA,2025-03-05 12:52,28.00,18.00,65.69,25.30,2900.00,46.00
OMA,2025-03-05 13:52,29.00,19.00,65.81,18.40,3100.00,39.10
OMA,2025-03-05 14:52,31.00,20.00,63.32,23.00,3000.00,36.80
OMA,2025-03-05 15:52,32.00,20.00,60.81,20.70,3000.00,34.50
OMA,2025-03-05 16:52,33.00,20.00,58.41,24.15,3000.00,33.35
OMA,2025-03-05 17:52,32.00,21.00,63.45,20.70,M,34.50
OMA,2025-03-05 18:52,30.00,21.00,68.81,12.65,M,M
OMA,2025-03-05 19:52,29.00,21.00,71.67,12.65,M,M
OMA,2025-03-05 20:52,30.00,21.00,68.81,12.65,M,M
OMA,2025-03-05 21:52,30.00,20.00,65.94,9.20,M,M
OMA,2025-03-05 22:52,29.00,20.00,68.69,11.50,M,M
OMA,2025-03-05 23:52,28.00,20.00,71.56,11.50,M,M
OMA,2025-03-06 00:52,27.00,19.00,71.45,0.00,M,M
OMA,2025-03-06 01:52,25.00,19.00,77.62,3.45,M,M
OMA,2025-03-06 02:52,27.00,19.00,71.45,0.00,25000.00,M
OMA,2025-03-06 03:52,23.00,19.00,84.39,5.75,22000.00,M
OMA,2025-03-06 04:52,21.00,18.00,87.97,5.75,22000.00,M
OMA,2025-03-06 05:52,21.00,18.00,87.97,8.05,22000.00,M
OMA,2025-03-06 06:52,23.00,19.00,84.39,6.90,18000.00,M
OMA,2025-03-06 07:52,25.00,20.00,81.01,5.75,18000.00,M
OMA,2025-03-06 08:52,29.00,22.00,74.77,6.90,18000.00,M
OMA,2025-03-06 09:52,34.00,23.00,63.72,9.20,17000.00,M
OMA,2025-03-06 10:52,37.00,23.00,56.57,8.05,18000.00,M
OMA,2025-03-06 11:52,40.00,26.00,57.01,9.20,18000.00,M
OMA,2025-03-06 12:52,40.00,25.00,54.69,10.35,13000.00,M
OMA,2025-03-06 13:52,40.00,27.00,59.41,11.50,10000.00,M
OMA,2025-03-06 14:52,41.00,28.00,59.55,14.95,10000.00,M
OMA,2025-03-06 15:52,41.00,28.00,59.55,13.80,7000.00,M
OMA,2025-03-06 16:52,40.00,29.00,64.50,11.50,5000.00,M
OMA,2025-03-06 17:52,39.00,27.00,61.78,8.05,5000.00,M
OMA,2025-03-06 18:52,39.00,28.00,64.37,8.05,5500.00,M
OMA,2025-03-06 19:52,38.00,28.00,66.94,8.05,6500.00,M
OMA,2025-03-06 20:52,37.00,28.00,69.63,6.90,9500.00,M
OMA,2025-03-06 21:52,37.00,31.00,78.69,10.35,10000.00,M
OMA,2025-03-06 22:52,37.00,31.00,78.69,5.75,8000.00,M
OMA,2025-03-06 23:52,37.00,30.00,75.56,8.05,6000.00,M
OMA,2025-03-07 00:52,38.00,29.00,69.74,5.75,8000.00,M
OMA,2025-03-07 01:52,37.00,31.00,78.69,17.25,4700.00,M
OMA,2025-03-07 02:52,37.00,31.00,78.69,9.20,4900.00,M
OMA,2025-03-07 03:32,37.00,32.00,81.93,4.60,4800.00,M
OMA,2025-03-07 03:41,37.00,32.00,81.93,6.90,4800.00,M
OMA,2025-03-07 03:52,37.00,32.00,81.93,9.20,4100.00,M
OMA,2025-03-07 04:52,37.00,32.00,81.93,14.95,6000.00,35.65
OMA,2025-03-07 05:52,37.00,32.00,81.93,17.25,7000.00,35.65
OMA,2025-03-07 06:52,37.00,33.00,85.29,16.10,7000.00,32.20
OMA,2025-03-07 07:52,37.00,33.00,85.29,9.20,1300.00,M
OMA,2025-03-07 08:04,37.00,33.00,85.29,6.90,1300.00,M
OMA,2025-03-07 08:40,37.00,33.00,85.29,11.50,1200.00,M
OMA,2025-03-07 08:52,37.00,33.00,85.29,12.65,3000.00,M
OMA,2025-03-07 09:52,38.00,34.00,85.35,9.20,1200.00,M
OMA,2025-03-07 10:11,39.00,34.00,82.08,10.35,1200.00,M
OMA,2025-03-07 10:52,38.00,34.00,85.35,16.10,1100.00,M
OMA,2025-03-07 11:52,38.00,34.00,85.35,18.40,1100.00,M
OMA,2025-03-07 12:52,38.00,34.00,85.35,14.95,1200.00,M
OMA,2025-03-07 13:52,40.00,34.00,78.94,18.40,1400.00,M
OMA,2025-03-07 14:06,40.00,34.00,78.94,16.10,1500.00,M
OMA,2025-03-07 14:52,40.00,35.00,82.15,16.10,1500.00,M
OMA,2025-03-07 15:52,40.00,34.00,78.94,17.25,1700.00,M
OMA,2025-03-07 16:52,39.00,34.00,82.08,12.65,1600.00,M
OMA,2025-03-07 17:52,38.00,33.00,82.00,12.65,1700.00,M
OMA,2025-03-07 18:52,37.00,32.00,81.93,13.80,1500.00,M
OMA,2025-03-07 19:52,36.00,31.00,81.86,10.35,2000.00,M
OMA,2025-03-07 20:38,33.00,29.00,85.04,11.50,2200.00,M
OMA,2025-03-07 20:52,33.00,28.00,81.63,12.65,2200.00,M
OMA,2025-03-07 21:52,30.00,26.00,84.85,6.90,23000.00,M
OMA,2025-03-07 22:52,30.00,24.00,78.07,5.75,24000.00,M
OMA,2025-03-07 23:52,26.00,22.00,84.59,5.75,24000.00,M
OMA,2025-03-08 00:52,27.00,23.00,84.66,3.45,24000.00,M
OMA,2025-03-08 01:52,28.00,22.00,77.89,0.00,25000.00,M
OMA,2025-03-08 02:52,25.00,21.00,84.53,0.00,25000.00,M
OMA,2025-03-08 03:52,24.00,21.00,88.13,4.60,25000.00,M
OMA,2025-03-08 04:52,22.00,19.00,88.02,0.00,25000.00,M
OMA,2025-03-08 05:52,24.00,20.00,84.46,5.75,25000.00,M
OMA,2025-03-08 06:52,25.00,20.00,81.01,4.60,M,M
OMA,2025-03-08 07:52,26.00,20.00,77.71,3.45,M,M
OMA,2025-03-08 08:52,30.00,23.00,74.87,3.45,M,M
OMA,2025-03-08 09:52,35.00,22.00,58.70,3.45,M,M
OMA,2025-03-08 10:52,41.00,20.00,42.62,5.75,M,M
OMA,2025-03-08 11:52,45.00,19.00,35.02,5.75,M,M
OMA,2025-03-08 12:52,50.00,16.00,25.50,11.50,M,M
OMA,2025-03-08 13:52,51.00,20.00,29.18,8.05,16000.00,M
OMA,2025-03-08 14:52,53.00,21.00,28.29,9.20,20000.00,M
OMA,2025-03-08 15:52,55.00,17.00,22.15,10.35,20000.00,M
OMA,2025-03-08 16:52,55.00,21.00,26.29,9.20,M,M
OMA,2025-03-08 17:52,53.00,21.00,28.29,6.90,M,M
OMA,2025-03-08 18:52,50.00,22.00,32.97,0.00,M,M
OMA,2025-03-08 19:52,38.00,24.00,56.71,0.00,M,M
OMA,2025-03-08 20:52,35.00,25.00,66.57,0.00,M,M
OMA,2025-03-08 21:52,35.00,26.00,69.39,0.00,M,M
OMA,2025-03-08 22:52,31.00,25.00,78.16,0.00,M,M
OMA,2025-03-08 23:52,30.00,25.00,81.40,5.75,M,M
OMA,2025-03-09 00:52,31.00,25.00,78.16,5.75,M,M
OMA,2025-03-09 01:52,28.00,24.00,84.72,4.60,M,M
OMA,2025-03-09 03:52,32.00,25.00,75.07,0.00,25000.00,M
OMA,2025-03-09 04:52,28.00,23.00,81.25,4.60,25000.00,M
OMA,2025-03-09 05:52,29.00,24.00,81.32,4.60,25000.00,M
OMA,2025-03-09 06:52,28.00,23.00,81.25,5.75,25000.00,M
OMA,2025-03-09 07:52,29.00,24.00,81.32,4.60,25000.00,M
OMA,2025-03-09 08:52,30.00,26.00,84.85,5.75,25000.00,M
OMA,2025-03-09 09:52,38.00,27.00,64.24,8.05,25000.00,M
OMA,2025-03-09 10:52,44.00,27.00,50.93,8.05,25000.00,M
OMA,2025-03-09 11:52,52.00,26.00,36.19,5.75,25000.00,M
OMA,2025-03-09 12:52,58.00,22.00,24.61,9.20,25000.00,M
OMA,2025-03-09 13:52,63.00,23.00,21.49,11.50,25000.00,M
OMA,2025-03-09 14:52,65.00,24.00,20.89,11.50,25000.00,M
OMA,2025-03-09 15:52,67.00,25.00,20.32,11.50,21000.00,M
OMA,2025-03-09 16:52,67.00,26.00,21.18,12.65,21000.00,M
OMA,2025-03-09 17:52,66.00,28.00,23.82,12.65,21000.00,31.05
OMA,2025-03-09 18:52,63.00,28.00,26.45,8.05,18000.00,M
OMA,2025-03-09 19:52,59.00,29.00,31.76,0.00,25000.00,M
OMA,2025-03-09 20:52,52.00,29.00,40.95,4.60,25000.00,M
OMA,2025-03-09 21:52,48.00,33.00,55.87,0.00,25000.00,M
OMA,2025-03-09 22:52,43.00,29.00,57.44,3.45,25000.00,M
OMA,2025-03-10 00:52,39.00,31.00,72.75,5.75,M,M
OMA,2025-03-10 01:52,39.00,31.00,72.75,3.45,M,M
OMA,2025-03-10 02:52,39.00,30.00,69.85,5.75,M,M
OMA,2025-03-10 03:52,35.00,28.00,75.36,8.05,M,M
OMA,2025-03-10 04:52,33.00,27.00,78.34,9.20,M,M
OMA,2025-03-10 05:52,36.00,27.00,69.51,9.20,M,M
OMA,2025-03-10 06:52,36.00,27.00,69.51,10.35,M,M
OMA,2025-03-10 07:52,35.00,27.00,72.32,11.50,25000.00,M
OMA,2025-03-10 08:52,41.00,30.00,64.63,10.35,25000.00,M
OMA,2025-03-10 09:52,50.00,29.00,44.10,11.50,25000.00,M
OMA,2025-03-10 10:52,60.00,27.00,28.23,10.35,25000.00,M
OMA,2025-03-10 11:52,67.00,25.00,20.32,13.80,25000.00,M
OMA,2025-03-10 12:52,70.00,28.00,20.75,13.80,25000.00,M
OMA,2025-03-10 13:52,75.00,26.00,16.14,17.25,25000.00,M
OMA,2025-03-10 14:52,79.00,26.00,14.13,18.40,25000.00,35.65
OMA,2025-03-10 15:52,81.00,23.00,11.68,18.40,25000.00,31.05
OMA,2025-03-10 16:52,81.00,23.00,11.68,17.25,25000.00,36.80
OMA,2025-03-10 17:52,81.00,20.00,10.29,21.85,25000.00,31.05
OMA,2025-03-10 18:52,78.00,20.00,11.35,12.65,25000.00,29.90
OMA,2025-03-10 19:52,73.00,19.00,12.85,6.90,25000.00,M
OMA,2025-03-10 20:52,60.00,24.00,24.92,9.20,M,M
OMA,2025-03-10 21:52,53.00,26.00,34.88,5.75,M,M
OMA,2025-03-10 22:52,49.00,28.00,43.93,5.75,M,M
OMA,2025-03-10 23:52,47.00,28.00,47.36,0.00,M,M
OMA,2025-03-11 00:52,43.00,33.00,67.54,0.00,M,M
OMA,2025-03-11 01:52,42.00,31.00,64.75,0.00,M,M
OMA,2025-03-11 02:52,39.00,31.00,72.75,5.75,M,M
OMA,2025-03-11 03:52,39.00,32.00,75.75,6.90,M,M
OMA,2025-03-11 04:52,39.00,32.00,75.75,8.05,M,M
OMA,2025-03-11 05:52,37.00,31.00,78.69,12.65,M,M
OMA,2025-03-11 06:52,33.00,30.00,88.58,10.35,M,M
OMA,2025-03-11 07:52,32.00,29.00,88.53,14.95,25000.00,M
OMA,2025-03-11 08:52,34.00,29.00,81.71,14.95,25000.00,M
OMA,2025-03-11 09:52,38.00,28.00,66.94,17.25,25000.00,M
OMA,2025-03-11 10:52,41.00,29.00,62.04,13.80,25000.00,M
OMA,2025-03-11 11:52,46.00,29.00,51.24,12.65,25000.00,M
OMA,2025-03-11 12:52,48.00,29.00,47.52,11.50,25000.00,M
OMA,2025-03-11 13:52,51.00,29.00,42.49,8.05,25000.00,M
OMA,2025-03-11 14:52,54.00,29.00,38.05,8.05,25000.00,M
OMA,2025-03-11 15:52,55.00,29.00,36.69,5.75,25000.00,M
OMA,2025-03-11 16:52,57.00,29.00,34.12,11.50,25000.00,M
OMA,2025-03-11 17:52,56.00,30.00,36.85,10.35,25000.00,M
OMA,2025-03-11 18:52,54.00,30.00,39.63,9.20,25000.00,M
OMA,2025-03-11 19:52,50.00,30.00,45.93,5.75,25000.00,M
OMA,2025-03-11 20:52,47.00,30.00,51.39,3.45,25000.00,M
OMA,2025-03-11 21:52,41.00,30.00,64.63,0.00,25000.00,M
OMA,2025-03-11 22:52,35.00,29.00,78.51,6.90,M,M
OMA,2025-03-11 23:52,37.00,30.00,75.56,8.05,25000.00,M
OMA,2025-03-12 00:52,34.00,29.00,81.71,3.45,25000.00,M
OMA,2025-03-12 01:52,34.00,29.00,81.71,3.45,25000.00,M
OMA,2025-03-12 02:52,30.00,28.00,92.15,5.75,M,M
OMA,2025-03-12 03:52,31.00,28.00,88.48,10.35,M,M
OMA,2025-03-12 04:52,29.00,27.00,92.12,4.60,M,M
OMA,2025-03-12 05:52,28.00,27.00,95.97,4.60,M,M
OMA,2025-03-12 06:52,28.00,26.00,92.08,4.60,25000.00,M
OMA,2025-03-12 07:52,28.00,26.00,92.08,3.45,25000.00,M
OMA,2025-03-12 08:52,33.00,29.00,85.04,4.60,25000.00,M
OMA,2025-03-12 09:52,39.00,33.00,78.86,0.00,25000.00,M
OMA,2025-03-12 10:52,47.00,35.00,62.84,3.45,25000.00,M
OMA,2025-03-12 11:52,53.00,37.00,54.41,3.45,25000.00,M
OMA,2025-03-12 12:52,59.00,38.00,45.53,5.75,25000.00,M
OMA,2025-03-12 13:52,64.00,37.00,36.68,6.90,25000.00,M
OMA,2025-03-12 14:52,66.00,35.00,31.60,8.05,25000.00,M
OMA,2025-03-12 15:52,67.00,35.00,30.53,4.60,25000.00,M
OMA,2025-03-12 16:52,69.00,35.00,28.50,0.00,25000.00,M
OMA,2025-03-12 17:52,70.00,34.00,26.46,4.60,25000.00,M
OMA,2025-03-12 18:52,67.00,33.00,28.18,5.75,25000.00,M
OMA,2025-03-12 19:52,59.00,34.00,38.87,3.45,25000.00,M
OMA,2025-03-12 20:52,59.00,34.00,38.87,3.45,25000.00,M
OMA,2025-03-12 21:52,58.00,34.00,40.28,4.60,25000.00,M
OMA,2025-03-12 22:52,55.00,33.00,43.14,3.45,25000.00,M
OMA,2025-03-12 23:52,48.00,33.00,55.87,0.00,25000.00,M
OMA,2025-03-13 00:52,50.00,34.00,53.97,8.05,25000.00,M
OMA,2025-03-13 01:52,50.00,34.00,53.97,6.90,M,M
OMA,2025-03-13 02:52,47.00,35.00,62.84,9.20,M,M
OMA,2025-03-13 03:52,41.00,34.00,75.94,0.00,M,M
OMA,2025-03-13 04:52,37.00,33.00,85.29,0.00,M,M
OMA,2025-03-13 05:52,40.00,35.00,82.15,5.75,M,M
OMA,2025-03-13 06:52,35.00,32.00,88.68,0.00,M,M
OMA,2025-03-13 07:52,35.00,33.00,92.32,4.60,25000.00,M
OMA,2025-03-13 08:52,44.00,37.00,76.22,0.00,25000.00,M
OMA,2025-03-13 09:52,52.00,39.00,61.06,9.20,M,M
OMA,2025-03-13 10:52,58.00,40.00,51.03,9.20,M,M
OMA,2025-03-13 11:52,63.00,40.00,42.72,10.35,M,M
OMA,2025-03-13 12:52,69.00,40.00,34.69,11.50,M,M
OMA,2025-03-13 13:52,74.00,39.00,28.16,13.80,25000.00,M
OMA,2025-03-13 14:52,77.00,36.00,22.64,13.80,25000.00,M
OMA,2025-03-13 15:52,78.00,36.00,21.90,11.50,25000.00,M
OMA,2025-03-13 16:52,79.00,33.00,18.80,19.55,25000.00,M
OMA,2025-03-13 17:52,76.00,38.00,25.32,14.95,25000.00,M
OMA,2025-03-13 18:52,74.00,36.00,25.02,16.10,25000.00,M
OMA,2025-03-13 19:52,65.00,38.00,36.84,10.35,25000.00,M
OMA,2025-03-13 20:52,63.00,39.00,41.09,11.50,25000.00,M
OMA,2025-03-13 21:52,59.00,39.00,47.35,10.35,25000.00,M
OMA,2025-03-13 22:52,60.00,41.00,49.39,11.50,25000.00,M
OMA,2025-03-13 23:52,59.00,42.00,53.20,12.65,25000.00,M
OMA,2025-03-14 00:52,61.00,44.00,53.49,12.65,25000.00,M
OMA,2025-03-14 01:52,57.00,44.00,61.72,12.65,25000.00,M
OMA,2025-03-14 02:52,58.00,42.00,55.14,13.80,M,M
OMA,2025-03-14 03:52,56.00,41.00,57.02,13.80,M,M
OMA,2025-03-14 04:52,57.00,40.00,52.90,17.25,M,M
OMA,2025-03-14 05:52,58.00,38.00,47.20,18.40,M,M
OMA,2025-03-14 06:52,56.00,39.00,52.75,18.40,M,M
OMA,2025-03-14 07:52,55.00,39.00,54.70,16.10,20000.00,M
OMA,2025-03-14 08:52,61.00,39.00,44.10,19.55,20000.00,32.20
OMA,2025-03-14 09:52,64.00,39.00,39.67,27.60,25000.00,39.10
OMA,2025-03-14 10:52,67.00,39.00,35.74,21.85,20000.00,37.95
OMA,2025-03-14 11:52,70.00,37.00,29.81,26.45,5000.00,40.25
OMA,2025-03-14 12:52,73.00,36.00,25.88,21.85,5000.00,37.95
OMA,2025-03-14 13:52,70.00,38.00,31.00,18.40,5000.00,M
OMA,2025-03-14 14:52,73.00,41.00,31.47,32.20,5000.00,49.45
OMA,2025-03-14 15:52,74.00,45.00,35.48,23.00,8500.00,44.85
OMA,2025-03-14 16:44,71.00,46.00,40.78,18.40,6000.00,40.25
OMA,2025-03-14 16:52,70.00,38.00,31.00,34.50,6000.00,62.10
OMA,2025-03-14 17:26,62.00,44.00,51.63,26.45,6000.00,46.00
OMA,2025-03-14 17:52,61.00,43.00,51.48,25.30,3300.00,54.05
OMA,2025-03-14 18:52,60.00,40.00,47.51,6.90,6000.00,33.35
OMA,2025-03-14 19:52,52.00,39.00,61.06,3.45,11000.00,M
OMA,2025-03-14 20:52,50.00,39.00,65.75,5.75,11000.00,M
OMA,2025-03-14 21:52,53.00,38.00,56.59,0.00,10000.00,M
OMA,2025-03-14 22:52,54.00,38.00,54.56,9.20,9500.00,M
OMA,2025-03-14 23:52,52.00,39.00,61.06,11.50,5000.00,M
OMA,2025-03-15 00:52,50.00,42.00,73.87,20.70,2200.00,M
OMA,2025-03-15 01:01,44.00,41.00,89.11,21.85,1500.00,29.90
OMA,2025-03-15 01:19,43.00,39.00,85.66,19.55,1400.00,31.05
OMA,2025-03-15 01:50,42.80,37.40,81.07,21.85,1600.00,33.35
OMA,2025-03-15 01:52,42.00,37.00,82.30,25.30,1600.00,33.35
OMA,2025-03-15 02:52,40.00,35.00,82.15,14.95,1700.00,36.80
OMA,2025-03-15 03:52,39.00,33.00,78.86,20.70,1800.00,40.25
OMA,2025-03-15 04:52,38.00,32.00,78.77,25.30,2100.00,41.40
OMA,2025-03-15 05:52,37.00,30.00,75.56,19.55,2200.00,36.80
OMA,2025-03-15 06:52,36.00,30.00,78.60,21.85,1900.00,46.00
OMA,2025-03-15 07:52,35.00,29.00,78.51,18.40,2000.00,42.55
OMA,2025-03-15 08:52,34.00,28.00,78.43,26.45,1800.00,37.95
OMA,2025-03-15 09:52,34.00,27.00,75.26,25.30,2100.00,37.95
OMA,2025-03-15 10:52,34.00,27.00,75.26,19.55,1900.00,31.05
OMA,2025-03-15 11:52,33.00,25.00,72.11,20.70,2200.00,33.35
OMA,2025-03-15 12:52,36.00,25.00,63.98,24.15,2300.00,35.65
OMA,2025-03-15 13:41,38.00,25.00,59.13,33.35,2500.00,44.85
OMA,2025-03-15 13:52,39.00,26.00,59.27,27.60,2500.00,44.85
OMA,2025-03-15 14:05,40.00,26.00,57.01,32.20,2700.00,40.25
OMA,2025-03-15 14:52,41.00,25.00,52.61,18.40,3000.00,40.25
OMA,2025-03-15 15:52,41.00,24.00,50.46,17.25,3600.00,33.35
OMA,2025-03-15 16:52,43.00,22.00,42.95,21.85,3600.00,33.35
OMA,2025-03-15 17:52,41.00,22.00,46.39,23.00,4000.00,34.50
OMA,2025-03-15 18:52,40.00,21.00,46.23,20.70,10000.00,39.10
OMA,2025-03-15 19:52,37.00,20.00,49.82,18.40,10000.00,35.65
OMA,2025-03-15 20:52,36.00,21.00,54.08,17.25,18000.00,29.90
OMA,2025-03-15 21:52,36.00,20.00,51.83,18.40,18000.00,M
OMA,2025-03-15 22:52,35.00,19.00,51.67,16.10,18000.00,M
OMA,2025-03-15 23:52,33.00,18.00,53.62,14.95,18000.00,M
OMA,2025-03-16 00:52,32.00,18.00,55.82,13.80,18000.00,M
OMA,2025-03-16 01:52,28.00,18.00,65.69,8.05,18000.00,M
OMA,2025-03-16 02:52,27.00,18.00,68.45,10.35,M,M
OMA,2025-03-16 03:52,28.00,18.00,65.69,13.80,M,M
OMA,2025-03-16 04:52,25.00,18.00,74.36,5.75,M,M
OMA,2025-03-16 05:52,24.00,17.00,74.26,9.20,M,M
OMA,2025-03-16 06:52,22.00,17.00,80.77,8.05,M,M
OMA,2025-03-16 07:52,23.00,17.00,77.44,8.05,25000.00,M
OMA,2025-03-16 08:52,28.00,17.00,62.91,14.95,25000.00,M
OMA,2025-03-16 09:52,31.00,16.00,53.31,14.95,25000.00,M
OMA,2025-03-16 10:52,35.00,16.00,45.40,10.35,25000.00,M
OMA,2025-03-16 11:52,37.00,13.00,36.79,9.20,25000.00,M
OMA,2025-03-16 12:52,41.00,13.00,31.47,4.60,25000.00,M
OMA,2025-03-16 13:52,46.00,11.00,23.78,5.75,25000.00,M
OMA,2025-03-16 14:52,48.00,11.00,22.06,4.60,25000.00,M
OMA,2025-03-16 15:52,51.00,9.00,18.04,0.00,25000.00,M
OMA,2025-03-16 16:52,52.00,10.00,18.18,5.75,M,M
OMA,2025-03-16 17:52,53.00,11.00,18.32,10.35,M,M
OMA,2025-03-16 18:52,52.00,12.00,19.87,8.05,0.00,M
OMA,2025-03-16 19:52,45.00,13.00,26.99,8.05,20000.00,M
OMA,2025-03-16 20:52,44.00,15.00,30.61,12.65,21000.00,M
OMA,2025-03-16 21:52,45.00,14.00,28.20,11.50,M,M
OMA,2025-03-16 22:52,44.00,15.00,30.61,10.35,18000.00,M
OMA,2025-03-16 23:52,43.00,15.00,31.80,10.35,17000.00,M
OMA,2025-03-17 00:52,43.00,15.00,31.80,17.25,17000.00,M
OMA,2025-03-17 01:52,43.00,15.00,31.80,20.70,17000.00,32.20
OMA,2025-03-17 02:52,44.00,15.00,30.61,18.40,17000.00,29.90
OMA,2025-03-17 03:52,43.00,17.00,34.69,12.65,13000.00,M
OMA,2025-03-17 04:52,40.00,19.00,42.45,13.80,12000.00,M
OMA,2025-03-17 05:52,39.00,20.00,46.06,11.50,M,M
OMA,2025-03-17 06:52,36.00,21.00,54.08,11.50,M,M
OMA,2025-03-17 07:52,35.00,22.00,58.70,10.35,12000.00,M
OMA,2025-03-17 08:52,42.00,24.00,48.55,10.35,13000.00,M
OMA,2025-03-17 09:52,52.00,23.00,31.93,9.20,25000.00,M
OMA,2025-03-17 10:52,59.00,24.00,25.82,10.35,25000.00,M
OMA,2025-03-17 11:52,65.00,25.00,21.78,12.65,25000.00,M
OMA,2025-03-17 12:52,71.00,25.00,17.72,14.95,25000.00,M
OMA,2025-03-17 13:52,75.00,24.00,14.85,16.10,25000.00,M
OMA,2025-03-17 14:52,77.00,24.00,13.89,11.50,25000.00,M
OMA,2025-03-17 15:52,81.00,21.00,10.73,17.25,25000.00,35.65
OMA,2025-03-17 16:52,82.00,20.00,9.96,17.25,25000.00,31.05
OMA,2025-03-17 17:52,81.00,17.00,9.05,14.95,25000.00,M
OMA,2025-03-17 18:52,79.00,19.00,10.53,10.35,24000.00,M
OMA,2025-03-17 19:52,74.00,20.00,12.97,4.60,20000.00,M
OMA,2025-03-17 20:52,64.00,24.00,21.64,3.45,20000.00,M
OMA,2025-03-17 21:52,69.00,24.00,18.19,8.05,20000.00,M
OMA,2025-03-17 22:52,65.00,25.00,21.78,3.45,22000.00,M
OMA,2025-03-17 23:52,52.00,27.00,37.72,0.00,10000.00,M
OMA,2025-03-18 00:52,55.00,30.00,38.21,4.60,21000.00,M
OMA,2025-03-18 01:52,46.00,29.00,51.24,4.60,19000.00,M
OMA,2025-03-18 02:52,43.00,29.00,57.44,5.75,19000.00,M
OMA,2025-03-18 03:52,44.00,31.00,59.97,3.45,M,M
OMA,2025-03-18 04:52,48.00,34.00,58.16,5.75,M,M
OMA,2025-03-18 05:52,46.00,34.00,62.71,6.90,M,M
OMA,2025-03-18 06:52,46.00,34.00,62.71,14.95,M,M
OMA,2025-03-18 07:52,45.00,33.00,62.58,3.45,25000.00,M
OMA,2025-03-18 08:52,47.00,34.00,60.38,5.75,25000.00,M
OMA,2025-03-18 09:52,52.00,35.00,52.15,6.90,25000.00,M
OMA,2025-03-18 10:52,57.00,36.00,45.22,5.75,25000.00,M
OMA,2025-03-18 11:52,61.00,36.00,39.19,0.00,25000.00,M
OMA,2025-03-18 12:52,64.00,35.00,33.89,0.00,25000.00,M
OMA,2025-03-18 13:52,67.00,35.00,30.53,3.45,25000.00,M
OMA,2025-03-18 14:52,69.00,34.00,27.38,0.00,14000.00,M
OMA,2025-03-18 15:52,72.00,33.00,23.75,4.60,15000.00,M
OMA,2025-03-18 16:52,73.00,32.00,22.06,3.45,15000.00,M
OMA,2025-03-18 17:52,73.00,34.00,23.90,9.20,12000.00,M
OMA,2025-03-18 18:52,70.00,35.00,27.54,17.25,12000.00,M
OMA,2025-03-18 19:52,63.00,38.00,39.51,13.80,12000.00,M
OMA,2025-03-18 20:52,58.00,39.00,49.08,23.00,12000.00,36.80
OMA,2025-03-18 21:52,51.00,35.00,54.12,20.70,12000.00,36.80
OMA,2025-03-18 22:52,48.00,33.00,55.87,19.55,12000.00,32.20
OMA,2025-03-18 23:52,46.00,31.00,55.58,31.05,11000.00,40.25
OMA,2025-03-19 00:52,45.00,30.00,55.43,25.30,12000.00,47.15
OMA,2025-03-19 01:13,44.00,29.00,55.29,32.20,10000.00,41.40
OMA,2025-03-19 01:41,42.00,32.00,67.42,23.00,11000.00,41.40
OMA,2025-03-19 01:47,39.20,32.00,75.16,27.60,5500.00,41.40
OMA,2025-03-19 01:52,40.00,33.00,75.84,21.85,4600.00,41.40
OMA,2025-03-19 02:52,40.00,34.00,78.94,20.70,7000.00,40.25
OMA,2025-03-19 03:20,39.00,33.00,78.86,28.75,2400.00,40.25
OMA,2025-03-19 03:52,39.00,33.00,78.86,25.30,2400.00,43.70
OMA,2025-03-19 04:12,39.00,33.00,78.86,24.15,2300.00,40.25
OMA,2025-03-19 04:42,39.00,33.00,78.86,33.35,5500.00,49.45
OMA,2025-03-19 04:49,37.40,33.80,86.69,28.75,5500.00,49.45
OMA,2025-03-19 04:52,38.00,33.00,82.00,27.60,6000.00,49.45
OMA,2025-03-19 05:00,38.00,33.00,82.00,36.80,6000.00,49.45
OMA,2025-03-19 05:06,38.00,34.00,85.35,33.35,6000.00,50.60
OMA,2025-03-19 05:20,38.00,34.00,85.35,34.50,6000.00,58.65
OMA,2025-03-19 05:52,36.00,33.00,88.73,21.85,1600.00,58.65
OMA,2025-03-19 05:57,35.00,33.00,92.32,25.30,1400.00,31.05
OMA,2025-03-19 06:05,35.00,32.00,88.68,29.90,1400.00,39.10
OMA,2025-03-19 06:19,35.00,33.00,92.32,36.80,1400.00,47.15
OMA,2025-03-19 06:52,34.00,32.00,92.29,25.30,1400.00,47.15
OMA,2025-03-19 07:06,34.00,32.00,92.29,24.15,1400.00,34.50
OMA,2025-03-19 07:17,34.00,32.00,92.29,34.50,1400.00,46.00
OMA,2025-03-19 07:52,34.00,32.00,92.29,34.50,1400.00,49.45
OMA,2025-03-19 08:06,34.00,31.00,88.63,25.30,1400.00,44.85
OMA,2025-03-19 08:39,33.00,31.00,92.25,31.05,1400.00,50.60
OMA,2025-03-19 08:46,33.80,30.20,86.49,26.45,1400.00,50.60
OMA,2025-03-19 08:52,33.00,32.00,96.06,27.60,1400.00,50.60
OMA,2025-03-19 09:16,33.00,32.00,96.06,28.75,1000.00,46.00
OMA,2025-03-19 09:52,33.00,32.00,96.06,29.90,1000.00,46.00
OMA,2025-03-19 10:02,33.00,32.00,96.06,29.90,500.00,39.10
OMA,2025-03-19 10:52,33.00,32.00,96.06,32.20,700.00,48.30
OMA,2025-03-19 11:10,33.00,32.00,96.06,32.20,500.00,47.15
OMA,2025-03-19 11:26,33.00,32.00,96.06,33.35,500.00,47.15
OMA,2025-03-19 11:52,33.00,32.00,96.06,32.20,600.00,47.15
OMA,2025-03-19 12:36,32.00,32.00,100.00,35.65,M,57.50
OMA,2025-03-19 12:45,32.00,32.00,100.00,M,600.00,57.50
OMA,2025-03-19 12:52,32.00,32.00,100.00,23.00,600.00,57.50
OMA,2025-03-19 13:52,32.00,31.00,96.04,39.10,800.00,63.25
OMA,2025-03-19 14:27,32.00,31.00,96.04,43.70,800.00,59.80
OMA,2025-03-19 14:52,32.00,31.00,96.04,44.85,800.00,59.80
OMA,2025-03-19 14:59,32.00,31.00,96.04,42.55,1000.00,56.35
OMA,2025-03-19 15:08,31.00,30.00,96.02,40.25,900.00,56.35
OMA,2025-03-19 15:19,31.00,30.00,96.02,35.65,1100.00,58.65
OMA,2025-03-19 15:52,31.00,30.00,96.02,39.10,900.00,58.65
OMA,2025-03-19 16:20,31.00,30.00,96.02,36.80,1000.00,54.05
OMA,2025-03-19 16:44,32.00,31.00,96.04,32.20,900.00,55.20
OMA,2025-03-19 16:52,32.00,31.00,96.04,28.75,1700.00,55.20
OMA,2025-03-19 17:05,34.00,30.00,85.11,28.75,2500.00,39.10
OMA,2025-03-19 17:52,34.00,29.00,81.71,28.75,4700.00,44.85
OMA,2025-03-19 18:52,35.00,29.00,78.51,25.30,11000.00,44.85
OMA,2025-03-19 19:52,34.00,29.00,81.71,18.40,13000.00,34.50
OMA,2025-03-19 20:52,34.00,28.00,78.43,21.85,13000.00,31.05
OMA,2025-03-19 21:52,33.00,26.00,75.17,16.10,13000.00,32.20
OMA,2025-03-19 22:52,30.00,25.00,81.40,8.05,24000.00,M
OMA,2025-03-19 23:52,33.00,24.00,69.16,16.10,24000.00,M
OMA,2025-03-20 00:52,29.00,23.00,77.98,9.20,24000.00,M
OMA,2025-03-20 01:52,30.00,22.00,71.78,13.80,24000.00,M
OMA,2025-03-20 02:52,26.00,20.00,77.71,9.20,M,M
OMA,2025-03-20 03:52,25.00,18.00,74.36,9.20,M,M
OMA,2025-03-20 04:52,22.00,16.00,77.34,6.90,M,M
OMA,2025-03-20 05:52,23.00,15.00,70.99,8.05,M,M
OMA,2025-03-20 06:52,22.00,15.00,74.05,9.20,M,M
OMA,2025-03-20 07:52,22.00,15.00,74.05,5.75,M,M
OMA,2025-03-20 08:52,26.00,19.00,74.46,0.00,M,M
OMA,2025-03-20 09:52,29.00,19.00,65.81,0.00,25000.00,M
OMA,2025-03-20 10:52,32.00,19.00,58.27,0.00,25000.00,M
OMA,2025-03-20 11:52,35.00,20.00,53.93,4.60,25000.00,M
OMA,2025-03-20 12:52,41.00,19.00,40.83,9.20,25000.00,M
OMA,2025-03-20 13:52,42.00,20.00,41.00,10.35,25000.00,M
OMA,2025-03-20 14:52,42.00,18.00,37.64,13.80,25000.00,M
OMA,2025-03-20 15:52,44.00,16.00,31.97,16.10,25000.00,M
OMA,2025-03-20 16:52,46.00,22.00,38.31,9.20,25000.00,M
OMA,2025-03-20 17:52,48.00,25.00,40.29,12.65,25000.00,34.50
OMA,2025-03-20 18:52,49.00,27.00,42.16,14.95,25000.00,M
OMA,2025-03-20 19:52,46.00,27.00,47.20,13.80,25000.00,M
OMA,2025-03-20 20:52,42.00,29.00,59.69,11.50,25000.00,M
OMA,2025-03-20 21:52,43.00,28.00,55.14,13.80,25000.00,M
OMA,2025-03-20 22:52,40.00,29.00,64.50,12.65,25000.00,M
OMA,2025-03-20 23:52,39.00,29.00,67.06,11.50,25000.00,M
OMA,2025-03-21 00:52,39.00,29.00,67.06,12.65,25000.00,M
OMA,2025-03-21 01:52,39.00,29.00,67.06,13.80,18000.00,M
OMA,2025-03-21 02:52,40.00,29.00,64.50,13.80,15000.00,M
OMA,2025-03-21 03:52,46.00,28.00,49.18,11.50,15000.00,M
OMA,2025-03-21 04:52,40.00,29.00,64.50,11.50,15000.00,M
OMA,2025-03-21 05:52,40.00,28.00,61.91,6.90,18000.00,M
OMA,2025-03-21 06:52,43.00,28.00,55.14,9.20,15000.00,M
OMA,2025-03-21 07:52,43.00,28.00,55.14,10.35,15000.00,M
OMA,2025-03-21 08:52,45.00,29.00,53.22,8.05,15000.00,M
OMA,2025-03-21 09:52,45.00,30.00,55.43,5.75,14000.00,M
OMA,2025-03-21 10:52,46.00,30.00,53.37,8.05,14000.00,M
OMA,2025-03-21 11:52,48.00,33.00,55.87,11.50,9500.00,M
OMA,2025-03-21 12:52,52.00,37.00,56.45,16.10,10000.00,M
OMA,2025-03-21 13:52,57.00,39.00,50.88,18.40,3500.00,M
OMA,2025-03-21 14:52,57.00,36.00,45.22,17.25,4700.00,33.35
OMA,2025-03-21 15:52,55.00,35.00,46.73,21.85,6500.00,41.40
OMA,2025-03-21 16:52,54.00,35.00,48.46,23.00,6500.00,39.10
OMA,2025-03-21 17:52,53.00,34.00,48.30,16.10,7500.00,35.65
OMA,2025-03-21 18:52,53.00,35.00,50.27,14.95,8000.00,M
OMA,2025-03-21 19:52,50.00,33.00,51.85,9.20,8000.00,M
OMA,2025-03-21 20:52,46.00,32.00,57.87,12.65,20000.00,M
OMA,2025-03-21 21:52,40.00,32.00,72.85,5.75,20000.00,M
OMA,2025-03-21 22:52,39.00,31.00,72.75,3.45,M,M
OMA,2025-03-21 23:52,37.00,31.00,78.69,3.45,M,M
OMA,2025-03-22 00:52,36.00,28.00,72.43,0.00,M,M
OMA,2025-03-22 01:52,34.00,28.00,78.43,0.00,12000.00,M
OMA,2025-03-22 02:52,34.00,29.00,81.71,4.60,12000.00,M
OMA,2025-03-22 03:52,34.00,29.00,81.71,0.00,12000.00,M
OMA,2025-03-22 04:52,31.00,27.00,84.92,0.00,25000.00,M
OMA,2025-03-22 05:52,31.00,27.00,84.92,3.45,25000.00,M
OMA,2025-03-22 06:52,28.00,25.00,88.33,4.60,M,M
OMA,2025-03-22 07:52,31.00,27.00,84.92,10.35,25000.00,M
OMA,2025-03-22 08:52,37.00,30.00,75.56,9.20,25000.00,M
OMA,2025-03-22 09:52,44.00,30.00,57.59,11.50,21000.00,M
OMA,2025-03-22 10:52,49.00,31.00,49.65,13.80,21000.00,M
OMA,2025-03-22 11:52,55.00,31.00,39.80,16.10,21000.00,M
OMA,2025-03-22 12:52,59.00,29.00,31.76,18.40,15000.00,M
OMA,2025-03-22 13:52,62.00,26.00,25.23,14.95,13000.00,M
OMA,2025-03-22 14:52,62.00,27.00,26.29,16.10,13000.00,M
OMA,2025-03-22 15:52,65.00,24.00,20.89,18.40,9000.00,31.05
OMA,2025-03-22 16:52,65.00,23.00,20.04,19.55,10000.00,34.50
OMA,2025-03-22 17:52,65.00,24.00,20.89,25.30,12000.00,36.80
OMA,2025-03-22 18:52,61.00,26.00,26.14,20.70,12000.00,36.80
OMA,2025-03-22 19:52,58.00,28.00,31.59,17.25,12000.00,29.90
OMA,2025-03-22 20:52,57.00,29.00,34.12,21.85,12000.00,29.90
OMA,2025-03-22 21:52,55.00,28.00,35.21,13.80,12000.00,32.20
OMA,2025-03-22 22:52,56.00,27.00,32.59,19.55,12000.00,M
OMA,2025-03-22 23:52,56.00,27.00,32.59,23.00,10000.00,34.50
OMA,2025-03-23 00:52,56.00,27.00,32.59,17.25,8000.00,31.05
OMA,2025-03-23 01:52,53.00,27.00,36.36,16.10,20000.00,M
OMA,2025-03-23 02:52,50.00,28.00,42.33,12.65,12000.00,M
OMA,2025-03-23 03:52,52.00,28.00,39.30,11.50,10000.00,M
OMA,2025-03-23 04:52,52.00,30.00,42.65,13.80,14000.00,M
OMA,2025-03-23 05:52,49.00,32.00,51.70,12.65,10000.00,31.05
OMA,2025-03-23 06:52,49.00,35.00,58.30,9.20,9000.00,M
OMA,2025-03-23 07:52,47.00,38.00,70.74,18.40,2900.00,M
OMA,2025-03-23 08:52,47.00,37.00,68.02,20.70,3300.00,33.35
OMA,2025-03-23 09:52,46.00,36.00,67.90,28.75,2900.00,39.10
OMA,2025-03-23 10:52,48.00,34.00,58.16,33.35,3300.00,48.30
OMA,2025-03-23 11:52,49.00,33.00,53.82,26.45,3300.00,54.05
OMA,2025-03-23 12:52,51.00,32.00,47.99,28.75,4000.00,42.55
OMA,2025-03-23 13:52,55.00,30.00,38.21,31.05,4700.00,40.25
OMA,2025-03-23 14:52,56.00,25.00,30.00,28.75,5000.00,41.40
OMA,2025-03-23 15:52,58.00,25.00,27.91,26.45,5000.00,41.40
OMA,2025-03-23 16:52,57.00,22.00,25.51,24.15,8000.00,39.10
OMA,2025-03-23 17:52,56.00,24.00,28.77,26.45,5000.00,35.65
OMA,2025-03-23 18:52,54.00,24.00,30.94,24.15,8000.00,35.65
OMA,2025-03-23 19:52,51.00,26.00,37.55,14.95,11000.00,31.05
OMA,2025-03-23 20:52,49.00,28.00,43.93,12.65,15000.00,M
OMA,2025-03-23 21:52,47.00,27.00,45.45,14.95,15000.00,M
OMA,2025-03-23 22:52,44.00,28.00,53.07,14.95,21000.00,M
OMA,2025-03-23 23:52,41.00,29.00,62.04,12.65,21000.00,M
OMA,2025-03-24 00:52,36.00,27.00,69.51,9.20,M,M
OMA,2025-03-24 01:52,34.00,27.00,75.26,6.90,12000.00,M
OMA,2025-03-24 02:52,31.00,26.00,81.48,3.45,11000.00,M
OMA,2025-03-24 03:52,35.00,24.00,63.85,4.60,10000.00,M
OMA,2025-03-24 04:52,36.00,25.00,63.98,3.45,11000.00,M
OMA,2025-03-24 05:52,32.00,27.00,81.55,3.45,11000.00,M
OMA,2025-03-24 06:52,33.00,27.00,78.34,3.45,11000.00,M
OMA,2025-03-24 07:52,34.00,27.00,75.26,3.45,10000.00,M
OMA,2025-03-24 08:52,37.00,29.00,72.54,5.75,10000.00,M
OMA,2025-03-24 09:52,42.00,28.00,57.30,5.75,11000.00,M
OMA,2025-03-24 10:52,47.00,26.00,43.61,6.90,8000.00,M
OMA,2025-03-24 11:52,49.00,26.00,40.45,0.00,7000.00,M
OMA,2025-03-24 12:52,54.00,27.00,35.05,8.05,6500.00,M
OMA,2025-03-24 13:52,57.00,27.00,31.43,6.90,7000.00,M
OMA,2025-03-24 14:52,58.00,24.00,26.77,11.50,10000.00,M
OMA,2025-03-24 15:52,59.00,25.00,26.92,6.90,10000.00,M
OMA,2025-03-24 16:52,63.00,23.00,21.49,12.65,10000.00,M
OMA,2025-03-24 17:52,61.00,25.00,25.07,6.90,9000.00,M
OMA,2025-03-24 18:52,60.00,26.00,27.08,6.90,9500.00,M
OMA,2025-03-24 19:52,56.00,28.00,33.96,5.75,9000.00,M
OMA,2025-03-24 20:52,53.00,27.00,36.36,11.50,9000.00,M
OMA,2025-03-24 21:52,53.00,30.00,41.11,10.35,25000.00,M
OMA,2025-03-24 22:52,44.00,29.00,55.29,11.50,25000.00,M
OMA,2025-03-24 23:52,41.00,31.00,67.30,6.90,25000.00,M
OMA,2025-03-25 00:52,38.00,32.00,78.77,3.45,M,M
OMA,2025-03-25 01:52,38.00,32.00,78.77,3.45,M,M
OMA,2025-03-25 02:52,35.00,31.00,85.17,8.05,20000.00,M
OMA,2025-03-25 03:52,34.00,30.00,85.11,4.60,20000.00,M
OMA,2025-03-25 04:52,34.00,31.00,88.63,0.00,20000.00,M
OMA,2025-03-25 05:52,34.00,30.00,85.11,0.00,M,M
OMA,2025-03-25 06:52,31.00,30.00,96.02,3.45,20000.00,M
OMA,2025-03-25 07:52,34.00,31.00,88.63,4.60,11000.00,M
OMA,2025-03-25 08:52,40.00,34.00,78.94,10.35,10000.00,M
OMA,2025-03-25 09:52,42.00,34.00,73.06,3.45,10000.00,M
OMA,2025-03-25 10:52,46.00,35.00,65.26,3.45,11000.00,M
OMA,2025-03-25 11:52,49.00,36.00,60.66,5.75,10000.00,M
OMA,2025-03-25 12:52,52.00,36.00,54.26,5.75,11000.00,M
OMA,2025-03-25 13:52,54.00,34.00,46.57,3.45,12000.00,M
OMA,2025-03-25 14:52,57.00,35.00,43.46,4.60,11000.00,M
OMA,2025-03-25 15:52,58.00,35.00,41.92,8.05,5000.00,M
OMA,2025-03-25 16:52,60.00,35.00,39.03,9.20,5000.00,M
OMA,2025-03-25 17:52,61.00,35.00,37.66,12.65,5000.00,M
OMA,2025-03-25 18:52,59.00,35.00,40.45,9.20,5000.00,M
OMA,2025-03-25 19:52,57.00,36.00,45.22,9.20,11000.00,M
OMA,2025-03-25 20:52,57.00,30.00,35.54,13.80,11000.00,M
OMA,2025-03-25 21:52,53.00,26.00,34.88,12.65,25000.00,M
OMA,2025-03-25 22:52,46.00,27.00,47.20,10.35,25000.00,M
OMA,2025-03-25 23:52,45.00,30.00,55.43,9.20,25000.00,M
OMA,2025-03-26 00:52,43.00,30.00,59.83,0.00,25000.00,M
OMA,2025-03-26 01:52,38.00,30.00,72.64,0.00,M,M
OMA,2025-03-26 02:52,38.00,29.00,69.74,5.75,M,M
OMA,2025-03-26 03:52,35.00,29.00,78.51,0.00,M,M
OMA,2025-03-26 04:52,35.00,30.00,81.78,4.60,M,M
OMA,2025-03-26 05:52,32.00,28.00,84.98,4.60,M,M
OMA,2025-03-26 06:52,31.00,28.00,88.48,0.00,15000.00,M
OMA,2025-03-26 07:52,34.00,30.00,85.11,5.75,15000.00,M
OMA,2025-03-26 08:52,41.00,32.00,70.08,0.00,15000.00,M
OMA,2025-03-26 09:52,46.00,31.00,55.58,0.00,15000.00,M
OMA,2025-03-26 10:52,53.00,30.00,41.11,0.00,15000.00,M
OMA,2025-03-26 11:52,58.00,25.00,27.91,10.35,15000.00,M
OMA,2025-03-26 12:52,61.00,23.00,23.06,6.90,15000.00,M
OMA,2025-03-26 13:52,63.00,23.00,21.49,16.10,15000.00,M
OMA,2025-03-26 14:52,64.00,22.00,19.89,11.50,11000.00,M
OMA,2025-03-26 15:52,65.00,22.00,19.21,12.65,9500.00,M
OMA,2025-03-26 16:52,64.00,23.00,20.75,12.65,9500.00,M
OMA,2025-03-26 17:52,65.00,24.00,20.89,16.10,9000.00,M
OMA,2025-03-26 18:52,64.00,26.00,23.51,19.55,9500.00,M
OMA,2025-03-26 19:52,59.00,28.00,30.48,8.05,9000.00,M
OMA,2025-03-26 20:52,58.00,27.00,30.32,10.35,13000.00,M
OMA,2025-03-26 21:52,55.00,27.00,33.79,12.65,13000.00,M
OMA,2025-03-26 22:52,55.00,27.00,33.79,17.25,13000.00,M
OMA,2025-03-26 23:52,55.00,27.00,33.79,13.80,8000.00,M
OMA,2025-03-27 00:52,55.00,28.00,35.21,14.95,11000.00,M
OMA,2025-03-27 01:30,53.00,28.00,37.88,13.80,11000.00,M
OMA,2025-03-27 01:52,52.00,35.00,52.15,18.40,6000.00,M
OMA,2025-03-27 02:52,51.00,36.00,56.31,16.10,9000.00,31.05
OMA,2025-03-27 03:17,51.00,34.00,52.00,16.10,10000.00,M
OMA,2025-03-27 03:52,52.00,34.00,50.12,6.90,6000.00,M
OMA,2025-03-27 04:15,53.00,32.00,44.58,14.95,5500.00,M
OMA,2025-03-27 04:52,52.00,32.00,46.25,14.95,11000.00,M
OMA,2025-03-27 05:52,52.00,32.00,46.25,19.55,9500.00,M
OMA,2025-03-27 06:52,52.00,34.00,50.12,16.10,9500.00,M
OMA,2025-03-27 07:52,51.00,37.00,58.58,16.10,9000.00,M
OMA,2025-03-27 08:52,53.00,39.00,58.85,13.80,9000.00,M
OMA,2025-03-27 09:52,57.00,40.00,52.90,18.40,9000.00,M
OMA,2025-03-27 10:52,61.00,42.00,49.54,19.55,M,M
OMA,2025-03-27 11:52,66.00,45.00,46.62,13.80,M,M
OMA,2025-03-27 12:52,69.00,47.00,45.35,9.20,M,M
OMA,2025-03-27 13:52,74.00,49.00,41.26,8.05,M,M
OMA,2025-03-27 14:52,75.00,49.00,39.90,5.75,25000.00,M
OMA,2025-03-27 15:52,78.00,50.00,37.48,13.80,25000.00,M
OMA,2025-03-27 16:52,78.00,51.00,38.90,16.10,25000.00,M
OMA,2025-03-27 17:52,79.00,51.00,37.64,10.35,6500.00,M
OMA,2025-03-27 18:52,73.00,49.00,42.67,20.70,6500.00,M
OMA,2025-03-27 19:52,69.00,50.00,50.74,17.25,25000.00,M
OMA,2025-03-27 20:52,66.00,49.00,54.21,16.10,25000.00,M
OMA,2025-03-27 21:52,63.00,49.00,60.20,13.80,25000.00,M
OMA,2025-03-27 22:52,61.00,49.00,64.61,11.50,25000.00,M
OMA,2025-03-27 23:52,56.00,48.00,74.45,8.05,25000.00,M
OMA,2025-03-28 00:52,56.00,49.00,77.29,9.20,M,M
OMA,2025-03-28 01:52,58.00,49.00,71.91,10.35,M,M
OMA,2025-03-28 02:52,66.00,49.00,54.21,11.50,M,M
OMA,2025-03-28 03:52,61.00,49.00,64.61,8.05,M,M
OMA,2025-03-28 04:52,69.00,52.00,54.64,14.95,M,M
OMA,2025-03-28 05:52,69.00,53.00,56.69,20.70,M,39.10
OMA,2025-03-28 06:52,67.00,53.00,60.73,12.65,20000.00,32.20
OMA,2025-03-28 07:52,66.00,54.00,65.21,16.10,20000.00,M
OMA,2025-03-28 08:52,68.00,53.00,58.67,19.55,20000.00,32.20
OMA,2025-03-28 09:52,71.00,53.00,52.95,16.10,20000.00,42.55
OMA,2025-03-28 10:52,74.00,53.00,47.84,17.25,20000.00,33.35
OMA,2025-03-28 11:52,77.00,53.00,43.29,23.00,25000.00,37.95
OMA,2025-03-28 12:52,79.00,53.00,40.52,27.60,25000.00,42.55
OMA,2025-03-28 13:52,81.00,52.00,36.58,27.60,25000.00,44.85
OMA,2025-03-28 14:52,83.00,52.00,34.28,28.75,25000.00,43.70
OMA,2025-03-28 15:52,83.00,52.00,34.28,31.05,25000.00,44.85
OMA,2025-03-28 16:52,82.00,52.00,35.41,25.30,25000.00,43.70
OMA,2025-03-28 17:52,81.00,52.00,36.58,18.40,25000.00,43.70
OMA,2025-03-28 18:52,79.00,52.00,39.06,21.85,25000.00,41.40
OMA,2025-03-28 19:52,76.00,53.00,44.75,13.80,5000.00,36.80
OMA,2025-03-28 20:52,72.00,55.00,55.06,24.15,25000.00,36.80
OMA,2025-03-28 21:52,70.00,55.00,58.94,18.40,M,32.20
OMA,2025-03-28 22:52,67.00,56.00,67.75,18.40,M,31.05
OMA,2025-03-28 23:52,65.00,55.00,70.03,16.10,4000.00,33.35
OMA,2025-03-29 00:43,65.00,55.00,70.03,5.75,2900.00,M
OMA,2025-03-29 00:52,65.00,55.00,70.03,9.20,2900.00,M
OMA,2025-03-29 01:52,65.00,56.00,72.62,9.20,2600.00,M
OMA,2025-03-29 02:33,64.00,56.00,75.20,10.35,3000.00,M
OMA,2025-03-29 02:52,64.00,57.00,77.97,10.35,3000.00,M
OMA,2025-03-29 03:52,63.00,57.00,80.76,5.75,3000.00,M
OMA,2025-03-29 03:59,63.00,57.00,80.76,8.05,2900.00,M
OMA,2025-03-29 04:12,62.00,57.00,83.65,8.05,3100.00,M
OMA,2025-03-29 04:41,55.00,52.00,89.59,16.10,2500.00,M
OMA,2025-03-29 04:52,51.00,49.00,92.83,14.95,2500.00,M
OMA,2025-03-29 05:17,50.00,47.00,89.37,17.25,2500.00,M
OMA,2025-03-29 05:45,49.00,47.00,92.77,14.95,1400.00,M
OMA,2025-03-29 05:52,49.00,46.00,89.33,14.95,1400.00,M
OMA,2025-03-29 06:52,50.00,48.00,92.80,8.05,1200.00,M
OMA,2025-03-29 07:52,50.00,47.00,89.37,11.50,1300.00,M
OMA,2025-03-29 08:52,50.00,46.00,86.06,4.60,1200.00,M
OMA,2025-03-29 09:39,50.00,48.00,92.80,6.90,600.00,M
OMA,2025-03-29 09:52,49.00,48.00,96.32,12.65,600.00,M
OMA,2025-03-29 10:01,49.00,47.00,92.77,12.65,600.00,M
OMA,2025-03-29 10:52,47.00,45.00,92.71,16.10,600.00,M
OMA,2025-03-29 11:12,46.40,44.60,93.40,11.50,700.00,M
OMA,2025-03-29 11:52,47.00,45.00,92.71,11.50,700.00,M
OMA,2025-03-29 11:57,47.00,45.00,92.71,14.95,700.00,M
OMA,2025-03-29 12:33,46.00,44.00,92.68,12.65,700.00,M
OMA,2025-03-29 12:35,46.00,44.00,92.68,12.65,700.00,M
OMA,2025-03-29 12:41,46.00,44.00,92.68,12.65,700.00,M
OMA,2025-03-29 12:52,46.00,45.00,96.28,12.65,600.00,M
OMA,2025-03-29 12:57,46.00,45.00,96.28,12.65,600.00,M
OMA,2025-03-29 13:52,46.00,44.00,92.68,14.95,700.00,M
OMA,2025-03-29 13:57,46.00,44.00,92.68,14.95,700.00,M
OMA,2025-03-29 14:52,46.00,45.00,96.28,13.80,500.00,M
OMA,2025-03-29 15:52,47.00,46.00,96.29,9.20,500.00,M
OMA,2025-03-29 16:52,47.00,46.00,96.29,10.35,500.00,M
OMA,2025-03-29 17:37,48.00,47.00,96.31,5.75,600.00,M
OMA,2025-03-29 17:52,49.00,47.00,92.77,3.45,600.00,M
OMA,2025-03-29 18:52,49.00,47.00,92.77,13.80,600.00,M
OMA,2025-03-29 19:52,46.00,44.00,92.68,20.70,600.00,M
OMA,2025-03-29 20:52,44.00,43.00,96.24,17.25,500.00,M
OMA,2025-03-29 21:52,43.00,42.00,96.23,20.70,500.00,M
OMA,2025-03-29 22:52,41.00,40.00,96.19,18.40,500.00,M
OMA,2025-03-29 23:52,40.00,39.00,96.18,23.00,800.00,29.90
OMA,2025-03-30 00:52,39.00,38.00,96.16,17.25,900.00,29.90
OMA,2025-03-30 01:43,39.00,37.00,92.45,17.25,1100.00,29.90
OMA,2025-03-30 01:52,39.00,37.00,92.45,21.85,1100.00,29.90
OMA,2025-03-30 02:34,38.00,36.00,92.42,18.40,900.00,29.90
OMA,2025-03-30 02:52,37.00,35.00,92.39,19.55,1000.00,29.90
OMA,2025-03-30 03:42,37.00,35.00,92.39,18.40,900.00,29.90
OMA,2025-03-30 03:52,37.00,35.00,92.39,18.40,900.00,29.90
OMA,2025-03-30 04:19,37.00,34.00,88.78,16.10,1000.00,M
OMA,2025-03-30 04:52,36.00,33.00,88.73,14.95,1100.00,M
OMA,2025-03-30 05:52,36.00,33.00,88.73,14.95,1200.00,M
OMA,2025-03-30 06:52,36.00,33.00,88.73,18.40,1200.00,M
OMA,2025-03-30 07:52,35.00,33.00,92.32,16.10,1000.00,M
OMA,2025-03-30 08:52,35.00,34.00,96.09,13.80,1200.00,M
OMA,2025-03-30 09:52,36.00,33.00,88.73,16.10,1300.00,M
OMA,2025-03-30 10:19,37.00,33.00,85.29,20.70,1500.00,29.90
OMA,2025-03-30 10:52,37.00,33.00,85.29,17.25,1600.00,29.90
OMA,2025-03-30 11:52,37.00,34.00,88.78,18.40,1600.00,29.90
OMA,2025-03-30 12:04,38.00,34.00,85.35,19.55,1600.00,M
OMA,2025-03-30 12:11,37.00,34.00,88.78,18.40,1300.00,M
OMA,2025-03-30 12:23,38.00,33.00,82.00,17.25,1500.00,M
OMA,2025-03-30 12:38,38.00,33.00,82.00,18.40,1500.00,M
OMA,2025-03-30 12:45,38.00,34.00,85.35,13.80,1500.00,M
OMA,2025-03-30 12:52,39.00,33.00,78.86,13.80,1500.00,M
OMA,2025-03-30 13:52,40.00,34.00,78.94,20.70,2100.00,M
OMA,2025-03-30 14:52,39.00,35.00,85.42,16.10,1900.00,M
OMA,2025-03-30 15:52,38.00,35.00,88.83,20.70,1400.00,M
OMA,2025-03-30 16:42,39.00,34.00,82.08,19.55,1600.00,31.05
OMA,2025-03-30 16:52,38.00,34.00,85.35,18.40,1500.00,31.05
OMA,2025-03-30 17:18,38.00,34.00,85.35,19.55,1300.00,29.90
OMA,2025-03-30 17:52,38.00,33.00,82.00,19.55,1300.00,29.90
OMA,2025-03-30 18:52,37.00,33.00,85.29,16.10,1300.00,M
OMA,2025-03-30 19:52,38.00,33.00,82.00,14.95,1400.00,M
OMA,2025-03-30 20:52,37.00,32.00,81.93,19.55,1400.00,M
OMA,2025-03-30 21:24,37.00,32.00,81.93,17.25,1600.00,M
OMA,2025-03-30 21:52,37.00,33.00,85.29,13.80,1800.00,M
OMA,2025-03-30 22:52,37.00,32.00,81.93,12.65,2100.00,M
OMA,2025-03-30 23:52,38.00,32.00,78.77,14.95,2000.00,M
OMA,2025-03-31 00:29,37.00,33.00,85.29,12.65,2000.00,M
OMA,2025-03-31 00:52,38.00,33.00,82.00,8.05,5000.00,M
OMA,2025-03-31 01:52,35.00,33.00,92.32,5.75,5000.00,M
OMA,2025-03-31 02:52,35.00,32.00,88.68,5.75,5000.00,M
OMA,2025-03-31 03:52,34.00,32.00,92.29,5.75,5000.00,M
OMA,2025-03-31 04:52,33.00,31.00,92.25,5.75,2100.00,M
OMA,2025-03-31 05:13,33.00,31.00,92.25,6.90,2000.00,M
OMA,2025-03-31 05:52,33.00,32.00,96.06,5.75,5500.00,M
OMA,2025-03-31 06:52,34.00,33.00,96.08,3.45,5500.00,M
OMA,2025-03-31 07:52,36.00,33.00,88.73,9.20,5500.00,M
OMA,2025-03-31 08:52,38.00,32.00,78.77,14.95,6000.00,M
OMA,2025-03-31 09:52,40.00,31.00,69.97,14.95,6000.00,M
OMA,2025-03-31 10:52,43.00,32.00,64.88,14.95,1800.00,M
OMA,2025-03-31 11:52,45.00,32.00,60.11,6.90,2100.00,M
OMA,2025-03-31 12:52,46.00,31.00,55.58,6.90,3000.00,M
OMA,2025-03-31 13:52,49.00,32.00,51.70,9.20,3500.00,M
OMA,2025-03-31 14:52,50.00,31.00,47.83,5.75,3800.00,M
OMA,2025-03-31 15:52,53.00,28.00,37.88,4.60,4500.00,M
OMA,2025-03-31 16:52,53.00,28.00,37.88,3.45,4500.00,M
OMA,2025-03-31 17:52,53.00,28.00,37.88,4.60,4500.00,M
OMA,2025-03-31 18:52,52.00,27.00,37.72,6.90,25000.00,M
OMA,2025-03-31 19:52,49.00,29.00,45.77,4.60,15000.00,M
OMA,2025-03-31 20:52,46.00,30.00,53.37,6.90,15000.00,M
OMA,2025-03-31 21:52,45.00,28.00,51.08,10.35,15000.00,M
OMA,2025-03-31 22:52,43.00,27.00,52.91,14.95,11000.00,M
OMA,2025-03-31 23:52,42.00,27.00,54.99,12.65,11000.00,M
OMA,2025-04-01 00:52,41.00,27.00,57.15,10.35,11000.00,M
OMA,2025-04-01 01:52,40.00,27.00,59.41,12.65,20000.00,M
OMA,2025-04-01 02:52,39.00,28.00,64.37,11.50,25000.00,M
OMA,2025-04-01 03:52,40.00,29.00,64.50,16.10,25000.00,M
OMA,2025-04-01 04:52,40.00,29.00,64.50,16.10,14000.00,M
OMA,2025-04-01 05:52,41.00,29.00,62.04,14.95,8000.00,M
OMA,2025-04-01 06:52,41.00,28.00,59.55,13.80,11000.00,M
OMA,2025-04-01 07:52,42.00,28.00,57.30,17.25,8000.00,M
OMA,2025-04-01 08:52,43.00,28.00,55.14,24.15,7500.00,29.90
OMA,2025-04-01 09:52,44.00,29.00,55.29,23.00,7500.00,33.35
OMA,2025-04-01 10:52,46.00,31.00,55.58,25.30,7000.00,36.80
OMA,2025-04-01 11:52,48.00,32.00,53.67,31.05,7500.00,41.40
OMA,2025-04-01 12:52,50.00,34.00,53.97,23.00,5000.00,44.85
OMA,2025-04-01 13:52,50.00,35.00,56.16,24.15,4900.00,40.25
OMA,2025-04-01 14:52,51.00,36.00,56.31,28.75,3900.00,43.70
OMA,2025-04-01 15:52,50.00,37.00,60.79,28.75,3700.00,40.25
OMA,2025-04-01 16:52,50.00,38.00,63.23,20.70,3500.00,34.50
OMA,2025-04-01 17:52,52.00,39.00,61.06,17.25,3800.00,29.90
OMA,2025-04-01 18:52,53.00,40.00,61.19,16.10,3900.00,M
OMA,2025-04-01 19:52,53.00,40.00,61.19,20.70,4000.00,M
OMA,2025-04-01 20:52,54.00,39.00,56.74,13.80,3800.00,33.35
OMA,2025-04-01 21:52,54.00,39.00,56.74,20.70,3900.00,32.20
OMA,2025-04-01 22:52,53.00,39.00,58.85,25.30,3900.00,39.10
OMA,2025-04-01 23:52,53.00,39.00,58.85,14.95,3500.00,35.65
OMA,2025-04-02 00:52,53.00,41.00,63.61,9.20,3500.00,M
OMA,2025-04-02 01:24,52.00,42.00,68.59,11.50,2800.00,M
OMA,2025-04-02 01:52,50.00,44.00,79.76,8.05,2300.00,M
OMA,2025-04-02 01:54,50.00,44.00,79.76,8.05,1900.00,M
OMA,2025-04-02 02:22,49.00,45.00,86.00,8.05,1700.00,M
OMA,2025-04-02 02:52,49.00,46.00,89.33,6.90,1500.00,M
OMA,2025-04-02 03:52,48.00,46.00,92.74,6.90,1000.00,M
OMA,2025-04-02 04:00,47.00,45.00,92.71,13.80,900.00,M
OMA,2025-04-02 04:52,46.00,45.00,96.28,12.65,800.00,M
OMA,2025-04-02 05:52,48.00,47.00,96.31,4.60,700.00,M
OMA,2025-04-02 06:28,50.00,48.00,92.80,6.90,1000.00,M
OMA,2025-04-02 06:52,50.00,48.00,92.80,10.35,1000.00,M
OMA,2025-04-02 07:10,50.00,48.00,92.80,11.50,900.00,M
OMA,2025-04-02 07:19,50.00,48.00,92.80,12.65,900.00,M
OMA,2025-04-02 07:52,50.00,48.00,92.80,16.10,1000.00,M
OMA,2025-04-02 08:14,50.00,49.00,96.34,17.25,900.00,M
OMA,2025-04-02 08:52,51.00,49.00,92.83,9.20,700.00,M
OMA,2025-04-02 09:52,54.00,51.00,89.55,11.50,800.00,M
OMA,2025-04-02 10:52,55.00,50.00,83.20,23.00,1400.00,32.20
OMA,2025-04-02 11:21,49.00,46.00,89.33,13.80,900.00,32.20
OMA,2025-04-02 11:41,52.00,45.00,76.94,18.40,1000.00,32.20
OMA,2025-04-02 11:52,51.00,44.00,76.85,23.00,1000.00,32.20
OMA,2025-04-02 12:09,51.00,44.00,76.85,18.40,1500.00,32.20
OMA,2025-04-02 12:35,50.00,44.00,79.76,23.00,1400.00,34.50
OMA,2025-04-02 12:52,50.00,43.00,76.76,24.15,1500.00,34.50
OMA,2025-04-02 13:22,50.00,44.00,79.76,14.95,1300.00,31.05
OMA,2025-04-02 13:52,51.00,43.00,73.97,13.80,1400.00,31.05
OMA,2025-04-02 14:35,53.00,41.00,63.61,20.70,1400.00,29.90
OMA,2025-04-02 14:52,52.00,41.00,66.00,18.40,1500.00,29.90
OMA,2025-04-02 15:52,53.00,41.00,63.61,12.65,2900.00,M
OMA,2025-04-02 16:52,52.00,41.00,66.00,12.65,2900.00,M
OMA,2025-04-02 17:52,52.00,40.00,63.48,13.80,2900.00,M
OMA,2025-04-02 17:59,52.00,40.00,63.48,16.10,3100.00,M
OMA,2025-04-02 18:52,51.00,38.00,60.92,21.85,4000.00,29.90
OMA,2025-04-02 19:52,50.00,38.00,63.23,13.80,3600.00,M
OMA,2025-04-02 20:52,47.00,37.00,68.02,8.05,4700.00,M
OMA,2025-04-02 21:52,47.00,37.00,68.02,10.35,4700.00,M
OMA,2025-04-02 22:52,46.00,35.00,65.26,10.35,4700.00,M
OMA,2025-04-02 23:52,43.00,35.00,73.16,11.50,M,M
OMA,2025-04-03 00:52,42.00,34.00,73.06,12.65,M,M
OMA,2025-04-03 01:52,40.00,33.00,75.84,14.95,M,M
OMA,2025-04-03 02:52,37.00,32.00,81.93,6.90,M,M
OMA,2025-04-03 03:33,38.00,32.00,78.77,8.05,2800.00,M
OMA,2025-04-03 03:44,37.00,31.00,78.69,6.90,2800.00,M
OMA,2025-04-03 03:52,37.00,31.00,78.69,5.75,2800.00,M
OMA,2025-04-03 04:52,37.00,31.00,78.69,8.05,M,M
OMA,2025-04-03 05:52,37.00,31.00,78.69,4.60,25000.00,M
OMA,2025-04-03 06:52,35.00,31.00,85.17,9.20,25000.00,M
OMA,2025-04-03 07:52,36.00,31.00,81.86,4.60,25000.00,M
OMA,2025-04-03 08:52,38.00,32.00,78.77,5.75,25000.00,M
OMA,2025-04-03 09:52,41.00,33.00,72.96,6.90,1500.00,M
OMA,2025-04-03 10:52,42.00,32.00,67.42,6.90,1900.00,M
OMA,2025-04-03 11:52,44.00,32.00,62.44,4.60,2400.00,M
OMA,2025-04-03 12:52,48.00,32.00,53.67,6.90,3000.00,M
OMA,2025-04-03 13:52,50.00,33.00,51.85,8.05,3500.00,M
OMA,2025-04-03 14:52,51.00,32.00,47.99,4.60,4000.00,M
OMA,2025-04-03 15:52,53.00,32.00,44.58,4.60,4000.00,M
OMA,2025-04-03 16:52,53.00,33.00,46.41,4.60,4000.00,M
OMA,2025-04-03 17:52,54.00,33.00,44.74,4.60,4000.00,M
OMA,2025-04-03 18:52,53.00,34.00,48.30,4.60,14000.00,M
OMA,2025-04-03 19:52,51.00,33.00,49.96,5.75,14000.00,M
OMA,2025-04-03 20:52,47.00,33.00,58.01,5.75,25000.00,M
OMA,2025-04-03 21:52,42.00,35.00,76.03,6.90,25000.00,M
OMA,2025-04-03 22:52,46.00,34.00,62.71,3.45,25000.00,M
OMA,2025-04-03 23:52,45.00,34.00,65.13,16.10,16000.00,M
OMA,2025-04-04 00:52,44.00,34.00,67.66,13.80,15000.00,M
OMA,2025-04-04 01:52,43.00,34.00,70.30,13.80,12000.00,M
OMA,2025-04-04 02:52,43.00,34.00,70.30,16.10,12000.00,M
OMA,2025-04-04 03:52,42.00,34.00,73.06,12.65,12000.00,M
OMA,2025-04-04 04:52,41.00,34.00,75.94,6.90,12000.00,M
OMA,2025-04-04 05:52,40.00,34.00,78.94,6.90,12000.00,M
OMA,2025-04-04 06:52,40.00,33.00,75.84,4.60,12000.00,M
OMA,2025-04-04 07:52,40.00,33.00,75.84,6.90,12000.00,M
OMA,2025-04-04 08:52,41.00,34.00,75.94,8.05,8500.00,M
OMA,2025-04-04 09:52,42.00,34.00,73.06,6.90,8000.00,M
OMA,2025-04-04 10:52,44.00,35.00,70.42,5.75,8000.00,M
OMA,2025-04-04 11:52,46.00,36.00,67.90,11.50,7500.00,M
OMA,2025-04-04 12:52,48.00,36.00,62.97,4.60,8000.00,M
OMA,2025-04-04 13:52,49.00,36.00,60.66,3.45,6000.00,M
OMA,2025-04-04 14:52,51.00,36.00,56.31,5.75,6000.00,M
OMA,2025-04-04 15:52,51.00,36.00,56.31,5.75,7000.00,M
OMA,2025-04-04 16:52,52.00,37.00,56.45,5.75,5500.00,M
OMA,2025-04-04 17:52,52.00,36.00,54.26,10.35,5500.00,M
OMA,2025-04-04 18:52,50.00,38.00,63.23,11.50,5500.00,M
OMA,2025-04-04 19:52,50.00,37.00,60.79,8.05,6000.00,M
OMA,2025-04-04 20:52,48.00,37.00,65.51,6.90,4500.00,M
OMA,2025-04-04 21:52,47.00,38.00,70.74,5.75,4200.00,M
OMA,2025-04-04 22:52,47.00,41.00,79.52,19.55,1600.00,M
OMA,2025-04-04 23:52,45.00,41.00,85.77,18.40,1500.00,M
OMA,2025-04-05 00:19,44.00,40.00,85.71,14.95,1200.00,M
OMA,2025-04-05 00:52,43.00,39.00,85.66,17.25,1100.00,M
OMA,2025-04-05 01:20,41.00,40.00,96.19,21.85,900.00,29.90
OMA,2025-04-05 01:52,41.00,39.00,92.52,21.85,900.00,33.35
OMA,2025-04-05 02:52,39.00,36.00,88.87,27.60,1100.00,36.80
OMA,2025-04-05 03:52,37.00,35.00,92.39,21.85,1100.00,36.80
OMA,2025-04-05 04:52,36.00,32.00,85.23,19.55,1300.00,32.20
OMA,2025-04-05 05:45,33.00,29.00,85.04,20.70,1300.00,33.35
OMA,2025-04-05 05:52,33.00,29.00,85.04,23.00,1300.00,33.35
OMA,2025-04-05 06:52,31.00,27.00,84.92,19.55,1300.00,32.20
OMA,2025-04-05 07:52,32.00,26.00,78.25,19.55,20000.00,M
OMA,2025-04-05 08:52,33.00,25.00,72.11,21.85,2000.00,31.05
OMA,2025-04-05 09:52,36.00,23.00,58.85,16.10,2000.00,M
OMA,2025-04-05 10:52,38.00,18.00,43.97,14.95,2000.00,29.90
OMA,2025-04-05 11:52,40.00,17.00,38.95,16.10,20000.00,M
OMA,2025-04-05 12:52,42.00,17.00,36.05,18.40,20000.00,M
OMA,2025-04-05 13:52,44.00,19.00,36.39,13.80,20000.00,29.90
OMA,2025-04-05 14:52,46.00,17.00,30.94,16.10,20000.00,32.20
OMA,2025-04-05 15:52,48.00,17.00,28.69,19.55,25000.00,32.20
OMA,2025-04-05 16:52,48.00,17.00,28.69,19.55,25000.00,31.05
OMA,2025-04-05 17:52,48.00,17.00,28.69,14.95,25000.00,M
OMA,2025-04-05 18:52,46.00,16.00,29.63,17.25,25000.00,M
OMA,2025-04-05 19:52,43.00,17.00,34.69,12.65,25000.00,M
OMA,2025-04-05 20:52,39.00,19.00,44.14,8.05,25000.00,M
OMA,2025-04-05 21:52,37.00,20.00,49.82,3.45,25000.00,M
OMA,2025-04-05 22:52,36.00,21.00,54.08,4.60,M,M
OMA,2025-04-05 23:52,34.00,21.00,58.56,0.00,M,M
OMA,2025-04-06 00:52,32.00,21.00,63.45,0.00,M,M
OMA,2025-04-06 01:52,31.00,20.00,63.32,0.00,M,M
OMA,2025-04-06 02:52,31.00,20.00,63.32,0.00,M,M
OMA,2025-04-06 03:52,29.00,21.00,71.67,0.00,M,M
OMA,2025-04-06 04:52,29.00,22.00,74.77,0.00,M,M
OMA,2025-04-06 05:52,27.00,20.00,74.57,0.00,M,M
OMA,2025-04-06 06:52,27.00,24.00,88.28,0.00,25000.00,M
OMA,2025-04-06 07:52,29.00,24.00,81.32,0.00,25000.00,M
OMA,2025-04-06 08:52,35.00,25.00,66.57,0.00,25000.00,M
OMA,2025-04-06 09:52,42.00,21.00,42.78,0.00,25000.00,M
OMA,2025-04-06 10:52,47.00,17.00,29.79,4.60,25000.00,M
OMA,2025-04-06 11:52,50.00,17.00,26.63,9.20,25000.00,M
OMA,2025-04-06 12:52,53.00,18.00,24.88,6.90,25000.00,M
OMA,2025-04-06 13:52,54.00,19.00,25.04,5.75,25000.00,M
OMA,2025-04-06 14:52,56.00,19.00,23.28,4.60,25000.00,M
OMA,2025-04-06 15:52,58.00,18.00,20.75,8.05,25000.00,M
OMA,2025-04-06 16:52,59.00,19.00,20.90,M,25000.00,M
OMA,2025-04-06 17:20,60.00,19.00,20.17,6.90,M,M
OMA,2025-04-06 17:52,59.00,20.00,21.81,8.05,25000.00,M
OMA,2025-04-06 18:52,58.00,20.00,22.61,9.20,25000.00,M
OMA,2025-04-06 19:52,57.00,20.00,23.44,3.45,18000.00,M
OMA,2025-04-06 20:52,53.00,22.00,29.51,6.90,25000.00,M
OMA,2025-04-06 21:52,45.00,24.00,43.28,8.05,25000.00,M
OMA,2025-04-06 22:52,44.00,25.00,46.88,6.90,25000.00,M
OMA,2025-04-06 23:52,41.00,25.00,52.61,8.05,25000.00,M
OMA,2025-04-07 00:52,40.00,25.00,54.69,8.05,M,M
OMA,2025-04-07 01:52,38.00,25.00,59.13,8.05,M,M
OMA,2025-04-07 02:52,38.00,24.00,56.71,6.90,M,M
OMA,2025-04-07 03:52,41.00,24.00,50.46,8.05,M,M
OMA,2025-04-07 04:52,38.00,26.00,61.64,13.80,M,M
OMA,2025-04-07 05:52,35.00,27.00,72.32,10.35,M,M
OMA,2025-04-07 06:52,33.00,27.00,78.34,16.10,M,M
OMA,2025-04-07 07:52,33.00,23.00,66.32,12.65,M,M
OMA,2025-04-07 08:52,35.00,21.00,56.27,19.55,M,M
OMA,2025-04-07 09:52,37.00,19.00,47.74,18.40,M,M
OMA,2025-04-07 10:52,40.00,19.00,42.45,17.25,M,M
OMA,2025-04-07 11:52,42.00,17.00,36.05,14.95,M,M
OMA,2025-04-07 12:52,44.00,16.00,31.97,18.40,M,M
OMA,2025-04-07 13:52,46.00,14.00,27.15,16.10,M,M
OMA,2025-04-07 14:52,47.00,14.00,26.15,10.35,M,M
OMA,2025-04-07 15:52,47.00,10.00,21.90,9.20,M,M
OMA,2025-04-07 16:52,48.00,8.00,19.28,12.65,M,M
OMA,2025-04-07 17:52,47.00,7.00,19.14,9.20,M,M
OMA,2025-04-07 18:52,46.00,7.00,19.87,8.05,M,M
OMA,2025-04-07 19:52,44.00,7.00,21.44,9.20,M,M
OMA,2025-04-07 20:52,41.00,8.00,25.18,3.45,25000.00,M
OMA,2025-04-07 21:52,34.00,14.00,43.30,4.60,25000.00,M
OMA,2025-04-07 22:52,32.00,17.00,53.46,5.75,25000.00,M
OMA,2025-04-07 23:52,29.00,14.00,53.00,3.45,25000.00,M
OMA,2025-04-08 00:52,27.00,15.00,60.10,4.60,M,M
OMA,2025-04-08 01:52,30.00,13.00,48.69,5.75,M,M
OMA,2025-04-08 02:52,27.00,14.00,57.53,3.45,M,M
OMA,2025-04-08 03:52,29.00,12.00,48.53,0.00,M,M
OMA,2025-04-08 04:52,29.00,11.00,46.42,0.00,M,M
OMA,2025-04-08 05:52,29.00,12.00,48.53,3.45,M,M
OMA,2025-04-08 06:52,27.00,11.00,50.39,4.60,M,M
OMA,2025-04-08 07:52,31.00,13.00,46.75,6.90,M,M
OMA,2025-04-08 08:52,36.00,12.00,36.62,12.65,M,M
OMA,2025-04-08 09:52,41.00,13.00,31.47,14.95,M,M
OMA,2025-04-08 10:52,45.00,13.00,26.99,18.40,M,M
OMA,2025-04-08 11:52,49.00,14.00,24.26,17.25,25000.00,M
OMA,2025-04-08 12:52,53.00,13.00,20.02,12.65,25000.00,M
OMA,2025-04-08 13:52,55.00,15.00,20.31,21.85,25000.00,33.35
OMA,2025-04-08 14:52,57.00,15.00,18.89,18.40,25000.00,M
OMA,2025-04-08 15:52,59.00,18.00,20.02,21.85,25000.00,31.05
OMA,2025-04-08 16:52,58.00,19.00,21.66,21.85,16000.00,33.35
OMA,2025-04-08 17:52,59.00,21.00,22.76,17.25,16000.00,32.20
OMA,2025-04-08 18:52,59.00,23.00,24.76,16.10,25000.00,29.90
OMA,2025-04-08 19:52,55.00,26.00,32.42,12.65,25000.00,M
OMA,2025-04-08 20:52,54.00,26.00,33.63,13.80,25000.00,M
OMA,2025-04-08 21:52,54.00,25.00,32.26,14.95,25000.00,M
OMA,2025-04-08 22:52,52.00,27.00,37.72,13.80,15000.00,M
OMA,2025-04-08 23:52,51.00,27.00,39.14,16.10,15000.00,M
OMA,2025-04-09 00:52,50.00,29.00,44.10,14.95,15000.00,M
OMA,2025-04-09 01:52,49.00,30.00,47.68,14.95,15000.00,M
OMA,2025-04-09 02:52,49.00,32.00,51.70,16.10,15000.00,M
OMA,2025-04-09 03:52,50.00,34.00,53.97,11.50,15000.00,M
OMA,2025-04-09 04:52,47.00,34.00,60.38,5.75,14000.00,M
OMA,2025-04-09 05:52,46.00,35.00,65.26,0.00,14000.00,M
OMA,2025-04-09 06:52,43.00,32.00,64.88,9.20,14000.00,M
OMA,2025-04-09 07:52,42.00,32.00,67.42,8.05,14000.00,M
OMA,2025-04-09 08:52,47.00,33.00,58.01,12.65,14000.00,M
OMA,2025-04-09 09:52,52.00,33.00,48.15,11.50,15000.00,M
OMA,2025-04-09 10:52,57.00,32.00,38.54,9.20,20000.00,M
OMA,2025-04-09 11:52,62.00,32.00,32.24,11.50,20000.00,M
OMA,2025-04-09 12:52,67.00,33.00,28.18,10.35,19000.00,M
OMA,2025-04-09 13:52,72.00,33.00,23.75,16.10,16000.00,M
OMA,2025-04-09 14:52,73.00,34.00,23.90,16.10,9000.00,31.05
OMA,2025-04-09 15:52,74.00,32.00,21.33,23.00,9000.00,33.35
OMA,2025-04-09 16:52,73.00,31.00,21.18,14.95,9000.00,33.35
OMA,2025-04-09 17:11,74.00,33.00,22.20,13.80,9500.00,M
OMA,2025-04-09 17:52,72.00,31.00,21.91,10.35,10000.00,M
OMA,2025-04-09 18:52,70.00,24.00,17.58,16.10,10000.00,M
OMA,2025-04-09 19:52,65.00,25.00,21.78,9.20,10000.00,M
OMA,2025-04-09 20:52,63.00,24.00,22.41,9.20,25000.00,M
OMA,2025-04-09 21:52,58.00,24.00,26.77,0.00,25000.00,M
OMA,2025-04-09 22:52,54.00,28.00,36.52,0.00,18000.00,M
OMA,2025-04-09 23:52,51.00,28.00,40.78,0.00,20000.00,M
OMA,2025-04-10 00:52,47.00,28.00,47.36,3.45,20000.00,M
OMA,2025-04-10 01:52,46.00,28.00,49.18,3.45,11000.00,M
OMA,2025-04-10 02:52,52.00,26.00,36.19,5.75,12000.00,M
OMA,2025-04-10 03:52,48.00,28.00,45.61,4.60,12000.00,M
OMA,2025-04-10 04:52,45.00,29.00,53.22,6.90,17000.00,M
OMA,2025-04-10 05:52,46.00,30.00,53.37,9.20,11000.00,M
OMA,2025-04-10 06:52,46.00,32.00,57.87,9.20,9500.00,M
OMA,2025-04-10 07:52,45.00,33.00,62.58,3.45,10000.00,M
OMA,2025-04-10 08:52,55.00,37.00,50.58,23.00,10000.00,29.90
OMA,2025-04-10 09:52,58.00,38.00,47.20,21.85,10000.00,35.65
OMA,2025-04-10 10:52,61.00,37.00,40.77,20.70,5000.00,39.10
OMA,2025-04-10 11:52,63.00,37.00,37.99,27.60,5500.00,37.95
OMA,2025-04-10 12:52,67.00,34.00,29.33,29.90,6500.00,44.85
OMA,2025-04-10 13:52,67.00,33.00,28.18,26.45,7500.00,41.40
OMA,2025-04-10 14:52,69.00,32.00,25.27,31.05,8000.00,43.70
OMA,2025-04-10 15:52,69.00,31.00,24.27,23.00,9000.00,39.10
OMA,2025-04-10 16:52,69.00,29.00,22.37,29.90,9500.00,42.55
OMA,2025-04-10 17:52,67.00,30.00,24.97,33.35,9500.00,44.85
OMA,2025-04-10 18:52,65.00,31.00,27.87,21.85,9000.00,40.25
OMA,2025-04-10 19:52,61.00,34.00,36.19,14.95,9000.00,34.50
OMA,2025-04-10 20:52,54.00,34.00,46.57,9.20,9000.00,M
OMA,2025-04-10 21:52,50.00,33.00,51.85,5.75,M,M
OMA,2025-04-10 22:52,49.00,35.00,58.30,4.60,M,M
OMA,2025-04-10 23:52,45.00,35.00,67.78,4.60,M,M
OMA,2025-04-11 00:52,46.00,35.00,65.26,9.20,M,M
OMA,2025-04-11 01:52,42.00,32.00,67.42,5.75,M,M
OMA,2025-04-11 02:52,42.00,33.00,70.19,5.75,M,M
OMA,2025-04-11 03:52,38.00,33.00,82.00,5.75,M,M
OMA,2025-04-11 04:52,38.00,33.00,82.00,9.20,M,M
OMA,2025-04-11 05:52,36.00,32.00,85.23,6.90,M,M
OMA,2025-04-11 06:52,35.00,33.00,92.32,4.60,M,M
OMA,2025-04-11 07:52,39.00,35.00,85.42,5.75,M,M
OMA,2025-04-11 08:52,44.00,37.00,76.22,8.05,M,M
OMA,2025-04-11 09:52,49.00,38.00,65.63,5.75,M,M
OMA,2025-04-11 10:52,52.00,38.00,58.71,6.90,0.00,M
OMA,2025-04-11 11:52,56.00,37.00,48.77,3.45,0.00,M
OMA,2025-04-11 12:52,58.00,36.00,43.62,0.00,0.00,M
OMA,2025-04-11 13:03,59.00,36.00,42.08,0.00,0.00,M
OMA,2025-04-11 13:52,60.00,33.00,36.03,0.00,5000.00,M
OMA,2025-04-11 14:52,64.00,32.00,30.05,0.00,25000.00,M
OMA,2025-04-11 15:52,64.00,31.00,28.86,0.00,25000.00,M
OMA,2025-04-11 16:52,65.00,31.00,27.87,0.00,25000.00,M
OMA,2025-04-11 17:52,65.00,29.00,25.69,4.60,25000.00,M
OMA,2025-04-11 18:52,65.00,31.00,27.87,8.05,M,M
OMA,2025-04-11 19:52,60.00,32.00,34.61,8.05,M,M
OMA,2025-04-11 20:52,56.00,33.00,41.60,6.90,M,M
OMA,2025-04-11 21:52,54.00,32.00,42.98,6.90,M,M
OMA,2025-04-11 22:52,52.00,33.00,48.15,11.50,M,M
OMA,2025-04-11 23:52,53.00,34.00,48.30,13.80,M,M
OMA,2025-04-12 00:52,50.00,36.00,58.44,11.50,12000.00,M
OMA,2025-04-12 01:52,48.00,37.00,65.51,11.50,12000.00,M
OMA,2025-04-12 02:52,48.00,38.00,68.13,12.65,12000.00,M
OMA,2025-04-12 03:52,46.00,38.00,73.47,11.50,12000.00,M
OMA,2025-04-12 04:52,46.00,38.00,73.47,11.50,25000.00,M
OMA,2025-04-12 05:52,45.00,38.00,76.31,11.50,25000.00,M
OMA,2025-04-12 06:52,45.00,38.00,76.31,10.35,25000.00,M
OMA,2025-04-12 07:52,46.00,39.00,76.40,13.80,14000.00,M
OMA,2025-04-12 08:52,51.00,40.00,65.87,18.40,14000.00,M
OMA,2025-04-12 09:52,57.00,39.00,50.88,21.85,14000.00,29.90
OMA,2025-04-12 10:52,64.00,38.00,38.15,21.85,20000.00,33.35
OMA,2025-04-12 11:52,68.00,36.00,30.69,31.05,20000.00,41.40
OMA,2025-04-12 12:52,72.00,37.00,27.85,27.60,14000.00,49.45
OMA,2025-04-12 13:52,75.00,36.00,24.20,25.30,14000.00,44.85
OMA,2025-04-12 14:52,76.00,37.00,24.35,29.90,14000.00,43.70
OMA,2025-04-12 15:52,77.00,38.00,24.50,29.90,14000.00,49.45
OMA,2025-04-12 16:52,79.00,39.00,23.85,25.30,14000.00,43.70
OMA,2025-04-12 17:52,78.00,39.00,24.65,23.00,14000.00,44.85
OMA,2025-04-12 18:52,76.00,39.00,26.34,21.85,14000.00,39.10
OMA,2025-04-12 19:52,72.00,40.00,31.32,17.25,14000.00,32.20
OMA,2025-04-12 20:52,70.00,40.00,33.52,16.10,14000.00,M
OMA,2025-04-12 21:52,69.00,40.00,34.69,21.85,25000.00,29.90
OMA,2025-04-12 22:52,68.00,41.00,37.32,18.40,25000.00,M
OMA,2025-04-12 23:52,68.00,42.00,38.79,20.70,23000.00,29.90
OMA,2025-04-13 00:52,67.00,43.00,41.72,24.15,25000.00,33.35
OMA,2025-04-13 01:52,65.00,43.00,44.73,19.55,25000.00,31.05
OMA,2025-04-13 02:52,64.00,44.00,48.12,16.10,25000.00,29.90
OMA,2025-04-13 03:52,64.00,44.00,48.12,16.10,19000.00,M
OMA,2025-04-13 04:52,64.00,45.00,49.99,16.10,15000.00,M
OMA,2025-04-13 05:52,62.00,45.00,53.63,16.10,19000.00,M
OMA,2025-04-13 06:52,59.00,45.00,59.67,10.35,15000.00,M
OMA,2025-04-13 07:52,60.00,45.00,57.58,10.35,15000.00,M
OMA,2025-04-13 08:52,62.00,46.00,55.71,9.20,15000.00,M
OMA,2025-04-13 09:52,64.00,46.00,51.93,9.20,20000.00,M
OMA,2025-04-13 10:52,68.00,46.00,45.19,5.75,20000.00,M
OMA,2025-04-13 11:52,72.00,48.00,42.51,9.20,25000.00,M
OMA,2025-04-13 12:52,77.00,49.00,37.33,12.65,15000.00,M
OMA,2025-04-13 13:52,79.00,49.00,34.94,19.55,25000.00,31.05
OMA,2025-04-13 14:52,79.00,43.00,27.84,24.15,25000.00,35.65
OMA,2025-04-13 15:52,78.00,43.00,28.77,25.30,21000.00,37.95
OMA,2025-04-13 16:52,79.00,42.00,26.79,21.85,21000.00,33.35
OMA,2025-04-13 17:52,77.00,41.00,27.53,23.00,21000.00,39.10
OMA,2025-04-13 18:52,75.00,40.00,28.31,24.15,21000.00,34.50
OMA,2025-04-13 19:52,71.00,40.00,32.40,19.55,21000.00,34.50
OMA,2025-04-13 20:52,68.00,41.00,37.32,27.60,25000.00,36.80
OMA,2025-04-13 21:52,64.00,41.00,42.88,21.85,25000.00,39.10
OMA,2025-04-13 22:52,61.00,38.00,42.40,10.35,18000.00,M
OMA,2025-04-13 23:52,63.00,27.00,25.38,20.70,18000.00,33.35
OMA,2025-04-14 00:52,59.00,28.00,30.48,25.30,14000.00,41.40
OMA,2025-04-14 01:52,55.00,28.00,35.21,31.05,12000.00,50.60
OMA,2025-04-14 02:52,54.00,29.00,38.05,17.25,11000.00,39.10
OMA,2025-04-14 03:52,52.00,31.00,44.42,20.70,15000.00,35.65
OMA,2025-04-14 04:52,50.00,31.00,47.83,21.85,18000.00,39.10
OMA,2025-04-14 05:52,48.00,32.00,53.67,20.70,19000.00,32.20
OMA,2025-04-14 06:52,47.00,33.00,58.01,19.55,18000.00,34.50
OMA,2025-04-14 07:52,47.00,33.00,58.01,24.15,18000.00,34.50
OMA,2025-04-14 08:52,48.00,33.00,55.87,23.00,3400.00,34.50
OMA,2025-04-14 09:52,50.00,32.00,49.81,24.15,3800.00,39.10
OMA,2025-04-14 10:52,54.00,32.00,42.98,23.00,4300.00,36.80
OMA,2025-04-14 11:52,54.00,31.00,41.27,16.10,4600.00,40.25
OMA,2025-04-14 12:52,58.00,30.00,34.28,19.55,5500.00,37.95
OMA,2025-04-14 13:52,58.00,30.00,34.28,20.70,6000.00,34.50
OMA,2025-04-14 14:52,62.00,30.00,29.73,23.00,6500.00,34.50
OMA,2025-04-14 15:52,60.00,26.00,27.08,21.85,7500.00,41.40
OMA,2025-04-14 16:52,59.00,23.00,24.76,25.30,7500.00,40.25
OMA,2025-04-14 17:52,57.00,28.00,32.75,26.45,8500.00,40.25
OMA,2025-04-14 18:52,50.00,33.00,51.85,31.05,7500.00,55.20
OMA,2025-04-14 19:52,48.00,29.00,47.52,18.40,9500.00,46.00
OMA,2025-04-14 20:52,46.00,30.00,53.37,14.95,9500.00,31.05
OMA,2025-04-14 21:52,45.00,31.00,57.73,12.65,M,M
OMA,2025-04-14 22:52,44.00,30.00,57.59,13.80,M,M
OMA,2025-04-14 23:52,43.00,30.00,59.83,19.55,M,M
OMA,2025-04-15 00:52,43.00,29.00,57.44,18.40,M,M
OMA,2025-04-15 01:52,42.00,30.00,62.18,14.95,M,M
OMA,2025-04-15 02:52,41.00,29.00,62.04,14.95,M,M
OMA,2025-04-15 03:52,41.00,28.00,59.55,18.40,M,M
OMA,2025-04-15 04:52,40.00,27.00,59.41,14.95,M,M
OMA,2025-04-15 05:52,40.00,26.00,57.01,10.35,M,M
OMA,2025-04-15 06:52,38.00,26.00,61.64,4.60,M,M
OMA,2025-04-15 07:52,39.00,26.00,59.27,8.05,M,M
OMA,2025-04-15 08:52,45.00,25.00,45.12,12.65,M,M
OMA,2025-04-15 09:52,49.00,25.00,38.81,10.35,M,M
OMA,2025-04-15 10:52,54.00,25.00,32.26,13.80,M,M
OMA,2025-04-15 11:52,58.00,23.00,25.67,17.25,M,M
OMA,2025-04-15 12:52,60.00,21.00,21.96,14.95,M,31.05
OMA,2025-04-15 13:52,61.00,19.00,19.46,9.20,M,M
OMA,2025-04-15 14:52,63.00,18.00,17.37,13.80,M,M
OMA,2025-04-15 15:52,65.00,18.00,16.20,12.65,M,M
OMA,2025-04-15 16:52,66.00,18.00,15.64,8.05,M,M
OMA,2025-04-15 17:52,66.00,16.00,14.35,10.35,M,M
OMA,2025-04-15 18:52,65.00,18.00,16.20,9.20,M,M
OMA,2025-04-15 19:52,63.00,17.00,16.64,4.60,M,M
OMA,2025-04-15 20:52,54.00,24.00,30.94,4.60,M,M
OMA,2025-04-15 21:52,52.00,23.00,31.93,4.60,M,M
OMA,2025-04-15 22:52,50.00,25.00,37.39,4.60,M,M
OMA,2025-04-15 23:52,49.00,28.00,43.93,5.75,M,M
OMA,2025-04-16 00:52,46.00,25.00,43.44,6.90,M,M
OMA,2025-04-16 01:52,45.00,25.00,45.12,10.35,M,M
OMA,2025-04-16 02:52,45.00,25.00,45.12,9.20,M,M
OMA,2025-04-16 03:52,44.00,26.00,48.86,8.05,M,M
OMA,2025-04-16 04:52,43.00,27.00,52.91,9.20,M,M
OMA,2025-04-16 05:52,48.00,24.00,38.64,11.50,25000.00,M
OMA,2025-04-16 06:52,47.00,25.00,41.83,10.35,25000.00,M
OMA,2025-04-16 07:52,49.00,28.00,43.93,10.35,25000.00,M
OMA,2025-04-16 08:52,56.00,27.00,32.59,17.25,25000.00,M
OMA,2025-04-16 09:52,60.00,29.00,30.64,16.10,25000.00,M
OMA,2025-04-16 10:52,67.00,31.00,26.00,20.70,25000.00,32.20
OMA,2025-04-16 11:52,70.00,32.00,24.42,23.00,25000.00,34.50
OMA,2025-04-16 12:52,72.00,33.00,23.75,23.00,25000.00,36.80
OMA,2025-04-16 13:52,75.00,34.00,22.35,24.15,25000.00,36.80
OMA,2025-04-16 14:52,78.00,35.00,21.05,21.85,25000.00,40.25
OMA,2025-04-16 15:52,79.00,37.00,22.05,19.55,25000.00,40.25
OMA,2025-04-16 16:52,79.00,37.00,22.05,21.85,25000.00,35.65
OMA,2025-04-16 17:52,78.00,38.00,23.70,25.30,25000.00,33.35
OMA,2025-04-16 18:52,77.00,39.00,25.47,17.25,25000.00,35.65
OMA,2025-04-16 19:52,73.00,39.00,29.12,16.10,25000.00,M
OMA,2025-04-16 20:52,73.00,42.00,32.71,21.85,15000.00,31.05
OMA,2025-04-16 21:52,68.00,42.00,38.79,13.80,15000.00,M
OMA,2025-04-16 22:52,64.00,40.00,41.25,12.65,15000.00,M
OMA,2025-04-16 23:52,62.00,42.00,47.82,11.50,15000.00,M
OMA,2025-04-17 00:52,63.00,44.00,49.84,13.80,25000.00,M
OMA,2025-04-17 01:52,67.00,47.00,48.58,18.40,25000.00,31.05
OMA,2025-04-17 02:52,66.00,48.00,52.22,18.40,23000.00,29.90
OMA,2025-04-17 03:52,65.00,50.00,58.26,18.40,21000.00,M
OMA,2025-04-17 04:52,65.00,51.00,60.47,17.25,18000.00,M
OMA,2025-04-17 05:52,65.00,53.00,65.09,18.40,18000.00,M
OMA,2025-04-17 06:52,65.00,56.00,72.62,14.95,18000.00,M
OMA,2025-04-17 07:52,67.00,58.00,72.82,18.40,18000.00,M
OMA,2025-04-17 08:52,70.00,56.00,61.11,17.25,18000.00,M
OMA,2025-04-17 09:52,72.00,56.00,57.10,17.25,4900.00,M
OMA,2025-04-17 10:52,75.00,58.00,55.48,19.55,4500.00,32.20
OMA,2025-04-17 11:52,75.00,58.00,55.48,18.40,4000.00,M
OMA,2025-04-17 12:52,78.00,58.00,50.22,14.95,4000.00,M
OMA,2025-04-17 13:52,77.00,58.00,51.90,18.40,4300.00,M
OMA,2025-04-17 14:52,79.00,59.00,50.36,11.50,4400.00,M
OMA,2025-04-17 15:52,80.00,58.00,47.02,18.40,4400.00,M
OMA,2025-04-17 16:52,80.00,59.00,48.74,12.65,4500.00,M
OMA,2025-04-17 17:52,80.00,59.00,48.74,14.95,4000.00,M
OMA,2025-04-17 18:46,77.00,60.80,57.36,13.80,4000.00,M
OMA,2025-04-17 18:52,77.00,60.00,55.75,18.40,4000.00,M
OMA,2025-04-17 19:00,77.00,60.00,55.75,20.70,4000.00,M
OMA,2025-04-17 19:12,77.00,60.00,55.75,17.25,4000.00,37.95
OMA,2025-04-17 19:16,75.20,59.00,57.12,20.70,4000.00,37.95
OMA,2025-04-17 19:23,76.00,59.00,55.62,M,4000.00,37.95
OMA,2025-04-17 19:52,69.80,62.60,77.90,9.20,4500.00,37.95
OMA,2025-04-17 20:34,64.00,62.00,93.21,0.00,2500.00,M
OMA,2025-04-17 20:52,64.00,61.00,89.97,10.35,2500.00,M
OMA,2025-04-17 21:52,62.00,47.00,57.85,21.85,3600.00,35.65
OMA,2025-04-17 22:52,59.00,49.00,69.38,13.80,2600.00,M
OMA,2025-04-17 23:52,56.00,49.00,77.29,18.40,3600.00,M
OMA,2025-04-18 00:52,55.00,48.00,77.21,18.40,2900.00,M
OMA,2025-04-18 01:52,53.00,47.00,80.00,20.70,2400.00,31.05
OMA,2025-04-18 02:52,50.00,43.00,76.76,29.90,2200.00,40.25
OMA,2025-04-18 03:52,47.00,43.00,85.89,25.30,2100.00,41.40
OMA,2025-04-18 04:52,47.00,43.00,85.89,21.85,2100.00,32.20
OMA,2025-04-18 05:52,47.00,42.00,82.65,16.10,1600.00,31.05
OMA,2025-04-18 06:52,47.00,42.00,82.65,24.15,1700.00,34.50
OMA,2025-04-18 07:52,47.00,41.00,79.52,21.85,1900.00,34.50
OMA,2025-04-18 08:52,47.00,40.00,76.49,24.15,1900.00,35.65
OMA,2025-04-18 09:52,46.00,40.00,79.44,21.85,2000.00,35.65
OMA,2025-04-18 10:52,47.00,39.00,73.57,18.40,1900.00,32.20
OMA,2025-04-18 11:52,48.00,39.00,70.85,23.00,2300.00,33.35
OMA,2025-04-18 12:52,51.00,39.00,63.36,18.40,3000.00,32.20
OMA,2025-04-18 13:52,53.00,40.00,61.19,17.25,4000.00,M
OMA,2025-04-18 14:52,55.00,39.00,54.70,23.00,4300.00,33.35
OMA,2025-04-18 15:52,56.00,36.00,46.88,24.15,4700.00,32.20
OMA,2025-04-18 16:52,56.00,35.00,45.06,20.70,5000.00,33.35
OMA,2025-04-18 17:52,56.00,34.00,43.30,14.95,5500.00,M
OMA,2025-04-18 18:52,54.00,31.00,41.27,23.00,5500.00,32.20
OMA,2025-04-18 19:52,51.00,30.00,44.26,18.40,6000.00,31.05
OMA,2025-04-18 20:52,50.00,29.00,44.10,16.10,6000.00,M
OMA,2025-04-18 21:52,49.00,30.00,47.68,9.20,5500.00,M
OMA,2025-04-18 22:52,48.00,31.00,51.54,10.35,6000.00,M
OMA,2025-04-18 23:52,46.00,32.00,57.87,5.75,5500.00,M
OMA,2025-04-19 00:52,45.00,30.00,55.43,4.60,6000.00,M
OMA,2025-04-19 01:52,42.00,31.00,64.75,6.90,6000.00,M
OMA,2025-04-19 02:52,41.00,32.00,70.08,8.05,6000.00,M
OMA,2025-04-19 03:52,40.00,31.00,69.97,5.75,6000.00,M
OMA,2025-04-19 04:52,39.00,31.00,72.75,5.75,6000.00,M
OMA,2025-04-19 05:52,38.00,32.00,78.77,8.05,6000.00,M
OMA,2025-04-19 06:52,37.00,32.00,81.93,6.90,6000.00,M
OMA,2025-04-19 07:52,39.00,31.00,72.75,3.45,14000.00,M
OMA,2025-04-19 08:52,43.00,31.00,62.31,5.75,14000.00,M
OMA,2025-04-19 09:52,47.00,30.00,51.39,9.20,14000.00,M
OMA,2025-04-19 10:52,49.00,27.00,42.16,10.35,3000.00,M
OMA,2025-04-19 11:52,52.00,25.00,34.72,14.95,3000.00,M
OMA,2025-04-19 12:52,53.00,25.00,33.46,8.05,5000.00,M
OMA,2025-04-19 13:52,56.00,24.00,28.77,10.35,6000.00,M
OMA,2025-04-19 14:52,56.00,24.00,28.77,3.45,6500.00,M
OMA,2025-04-19 15:52,57.00,24.00,27.75,5.75,7000.00,M
OMA,2025-04-19 16:52,58.00,24.00,26.77,3.45,20000.00,M
OMA,2025-04-19 17:52,58.00,24.00,26.77,5.75,20000.00,M
OMA,2025-04-19 18:52,57.00,22.00,25.51,5.75,20000.00,M
OMA,2025-04-19 19:52,54.00,24.00,30.94,4.60,0.00,M
OMA,2025-04-19 20:52,51.00,29.00,42.49,4.60,20000.00,M
OMA,2025-04-19 21:52,48.00,32.00,53.67,4.60,20000.00,M
OMA,2025-04-19 22:52,45.00,29.00,53.22,0.00,M,M
OMA,2025-04-19 23:52,46.00,26.00,45.29,8.05,M,M
OMA,2025-04-20 00:52,47.00,26.00,43.61,8.05,25000.00,M
OMA,2025-04-20 01:52,47.00,26.00,43.61,13.80,25000.00,M
OMA,2025-04-20 02:52,47.00,28.00,47.36,13.80,25000.00,M
OMA,2025-04-20 03:52,46.00,29.00,51.24,13.80,20000.00,M
OMA,2025-04-20 04:52,47.00,29.00,49.34,9.20,20000.00,M
OMA,2025-04-20 05:52,47.00,29.00,49.34,10.35,15000.00,M
OMA,2025-04-20 06:52,46.00,30.00,53.37,8.05,9000.00,M
OMA,2025-04-20 07:52,47.00,30.00,51.39,11.50,6000.00,M
OMA,2025-04-20 08:52,47.00,31.00,53.52,9.20,5500.00,M
OMA,2025-04-20 09:45,47.00,33.00,58.01,6.90,1800.00,M
OMA,2025-04-20 09:52,46.00,35.00,65.26,9.20,1800.00,M
OMA,2025-04-20 10:52,44.00,39.00,82.44,6.90,1900.00,M
OMA,2025-04-20 11:29,43.00,41.00,92.58,10.35,600.00,M
OMA,2025-04-20 11:52,44.00,42.00,92.61,10.35,600.00,M
OMA,2025-04-20 12:14,44.00,41.00,89.11,14.95,900.00,M
OMA,2025-04-20 12:45,44.00,42.00,92.61,10.35,800.00,M
OMA,2025-04-20 12:52,44.00,42.00,92.61,11.50,800.00,M
OMA,2025-04-20 13:52,44.00,43.00,96.24,12.65,800.00,M
OMA,2025-04-20 14:52,45.00,43.00,92.65,16.10,800.00,M
OMA,2025-04-20 15:08,46.00,43.00,89.20,13.80,1000.00,M
OMA,2025-04-20 15:52,46.00,43.00,89.20,17.25,1100.00,M
OMA,2025-04-20 16:52,47.00,44.00,89.24,13.80,1100.00,M
OMA,2025-04-20 17:52,48.00,44.00,85.95,11.50,1200.00,M
OMA,2025-04-20 18:52,48.00,44.00,85.95,14.95,1200.00,M
OMA,2025-04-20 19:52,48.00,44.00,85.95,12.65,1200.00,M
OMA,2025-04-20 20:52,48.00,44.00,85.95,12.65,1300.00,M
OMA,2025-04-20 21:52,48.00,44.00,85.95,9.20,1200.00,M
OMA,2025-04-20 22:52,47.00,46.00,96.29,9.20,1000.00,M
OMA,2025-04-20 23:39,47.00,44.00,89.24,12.65,1900.00,M
OMA,2025-04-20 23:52,47.00,44.00,89.24,10.35,1900.00,M
OMA,2025-04-21 00:52,47.00,44.00,89.24,8.05,2100.00,M
OMA,2025-04-21 01:52,47.00,43.00,85.89,11.50,1900.00,M
OMA,2025-04-21 02:52,47.00,42.00,82.65,11.50,1600.00,M
OMA,2025-04-21 03:52,47.00,42.00,82.65,8.05,1900.00,M
OMA,2025-04-21 04:34,45.00,41.00,85.77,8.05,2100.00,M
OMA,2025-04-21 04:52,46.00,41.00,82.58,8.05,2100.00,M
OMA,2025-04-21 05:24,45.00,41.00,85.77,6.90,1500.00,M
OMA,2025-04-21 05:52,45.00,41.00,85.77,5.75,1400.00,M
OMA,2025-04-21 06:41,44.00,41.00,89.11,0.00,1300.00,M
OMA,2025-04-21 06:52,44.00,41.00,89.11,3.45,1300.00,M
OMA,2025-04-21 07:52,46.00,42.00,85.83,3.45,M,M
OMA,2025-04-21 08:52,49.00,42.00,76.67,0.00,M,M
OMA,2025-04-21 09:52,52.00,42.00,68.59,3.45,M,M
OMA,2025-04-21 10:52,56.00,42.00,59.26,8.05,M,M
OMA,2025-04-21 11:52,60.00,40.00,47.51,5.75,M,M
OMA,2025-04-21 12:52,64.00,40.00,41.25,9.20,M,M
OMA,2025-04-21 13:52,67.00,40.00,37.16,12.65,4500.00,M
OMA,2025-04-21 14:46,69.80,41.00,35.09,13.80,0.00,M
OMA,2025-04-21 14:52,70.00,41.00,34.85,12.65,0.00,M
OMA,2025-04-21 15:52,73.00,41.00,31.47,16.10,0.00,M
OMA,2025-04-21 16:52,74.00,43.00,32.87,14.95,25000.00,M
OMA,2025-04-21 17:52,74.00,43.00,32.87,17.25,25000.00,M
OMA,2025-04-21 18:52,73.00,45.00,36.70,18.40,25000.00,M
OMA,2025-04-21 19:52,70.00,46.00,42.20,16.10,14000.00,M
OMA,2025-04-21 20:52,67.00,48.00,50.44,18.40,14000.00,M
OMA,2025-04-21 21:52,66.00,49.00,54.21,11.50,8000.00,M
OMA,2025-04-21 22:40,66.00,51.00,58.40,18.40,6000.00,M
OMA,2025-04-21 22:52,64.00,52.00,64.97,12.65,4200.00,29.90
OMA,2025-04-21 22:59,61.00,55.00,80.61,19.55,4200.00,M
OMA,2025-04-21 23:11,58.00,54.00,86.51,17.25,4200.00,M
OMA,2025-04-21 23:29,59.00,53.00,80.46,11.50,4500.00,M
OMA,2025-04-21 23:40,61.00,53.00,74.93,13.80,4900.00,M
OMA,2025-04-21 23:52,62.00,53.00,72.32,13.80,4900.00,M
OMA,2025-04-22 00:52,60.00,51.00,72.12,10.35,14000.00,M
OMA,2025-04-22 01:52,59.00,51.00,74.74,6.90,14000.00,M
OMA,2025-04-22 02:52,57.00,50.00,77.38,8.05,M,M
OMA,2025-04-22 03:52,57.00,50.00,77.38,8.05,M,M
OMA,2025-04-22 04:52,53.00,49.00,86.23,8.05,M,M
OMA,2025-04-22 05:52,52.00,49.00,89.46,3.45,M,M
OMA,2025-04-22 06:52,52.00,48.00,86.17,12.65,1900.00,M
OMA,2025-04-22 07:52,52.00,46.00,79.92,18.40,18000.00,M
OMA,2025-04-22 08:52,55.00,47.00,74.36,11.50,16000.00,M
OMA,2025-04-22 09:52,58.00,45.00,61.85,14.95,16000.00,M
OMA,2025-04-22 10:52,59.00,44.00,57.44,8.05,15000.00,M
OMA,2025-04-22 11:52,60.00,43.00,53.34,10.35,5000.00,M
OMA,2025-04-22 12:52,64.00,42.00,44.57,8.05,11000.00,M
OMA,2025-04-22 13:52,67.00,42.00,40.15,12.65,11000.00,M
OMA,2025-04-22 14:52,68.00,42.00,38.79,6.90,11000.00,M
OMA,2025-04-22 15:52,71.00,39.00,31.16,9.20,11000.00,M
OMA,2025-04-22 16:52,72.00,38.00,28.96,10.35,11000.00,M
OMA,2025-04-22 17:52,73.00,36.00,25.88,9.20,11000.00,M
OMA,2025-04-22 18:52,72.00,37.00,27.85,11.50,11000.00,M
OMA,2025-04-22 19:52,69.00,39.00,33.36,5.75,11000.00,M
OMA,2025-04-22 20:52,66.00,40.00,38.47,3.45,11000.00,M
OMA,2025-04-22 21:52,63.00,42.00,46.16,3.45,25000.00,M
OMA,2025-04-22 22:52,63.00,41.00,44.41,5.75,25000.00,M
OMA,2025-04-22 23:52,62.00,43.00,49.69,0.00,8500.00,M
OMA,2025-04-23 00:52,59.00,44.00,57.44,0.00,9500.00,M
OMA,2025-04-23 01:52,52.00,45.00,76.94,3.45,9500.00,M
OMA,2025-04-23 02:52,56.00,45.00,66.48,5.75,M,M
OMA,2025-04-23 03:52,54.00,46.00,74.26,0.00,M,M
OMA,2025-04-23 04:52,50.00,45.00,82.86,10.35,M,M
OMA,2025-04-23 05:52,50.00,44.00,79.76,9.20,6500.00,M
OMA,2025-04-23 06:52,50.00,45.00,82.86,3.45,6000.00,M
OMA,2025-04-23 07:52,53.00,46.00,77.03,6.90,6000.00,M
OMA,2025-04-23 08:52,57.00,48.00,71.81,10.35,6000.00,M
OMA,2025-04-23 09:52,60.00,50.00,69.49,9.20,6000.00,M
OMA,2025-04-23 10:52,65.00,52.00,62.74,9.20,6000.00,M
OMA,2025-04-23 11:52,69.00,53.00,56.69,4.60,6000.00,M
OMA,2025-04-23 12:52,72.00,54.00,53.09,6.90,6000.00,M
OMA,2025-04-23 13:52,74.00,53.00,47.84,3.45,6000.00,M
OMA,2025-04-23 14:52,76.00,52.00,43.13,5.75,6000.00,M
OMA,2025-04-23 15:52,77.00,52.00,41.72,3.45,6000.00,M
OMA,2025-04-23 16:52,76.00,52.00,43.13,5.75,5000.00,M
OMA,2025-04-23 17:52,68.00,54.00,60.86,14.95,4000.00,36.80
OMA,2025-04-23 18:39,66.00,53.00,62.87,13.80,6000.00,29.90
OMA,2025-04-23 18:52,66.00,52.00,60.60,13.80,6000.00,29.90
OMA,2025-04-23 19:52,64.00,53.00,67.41,4.60,4700.00,M
OMA,2025-04-23 20:52,60.00,52.00,74.83,8.05,7000.00,M
OMA,2025-04-23 21:52,60.00,52.00,74.83,5.75,11000.00,M
OMA,2025-04-23 22:52,58.00,52.00,80.38,0.00,12000.00,M
OMA,2025-04-23 23:52,58.00,52.00,80.38,3.45,12000.00,M
OMA,2025-04-24 00:52,58.00,52.00,80.38,0.00,12000.00,M
OMA,2025-04-24 01:52,57.00,52.00,83.33,6.90,12000.00,M
OMA,2025-04-24 02:52,58.00,52.00,80.38,0.00,12000.00,M
OMA,2025-04-24 03:52,56.00,52.00,86.40,4.60,10000.00,M
OMA,2025-04-24 04:52,56.00,53.00,89.64,3.45,5000.00,M
OMA,2025-04-24 05:52,57.00,54.00,89.68,4.60,1300.00,M
OMA,2025-04-24 06:52,57.00,55.00,93.01,5.75,6500.00,M
OMA,2025-04-24 06:59,57.00,55.00,93.01,9.20,800.00,M
OMA,2025-04-24 07:09,57.00,55.00,93.01,8.05,800.00,M
OMA,2025-04-24 07:28,57.00,55.00,93.01,8.05,900.00,M
OMA,2025-04-24 07:52,58.00,56.00,93.04,5.75,900.00,M
OMA,2025-04-24 08:52,59.00,56.00,89.76,6.90,900.00,M
OMA,2025-04-24 09:52,60.00,57.00,89.80,4.60,800.00,M
OMA,2025-04-24 10:36,63.00,57.00,80.76,12.65,800.00,M
OMA,2025-04-24 10:52,63.00,57.00,80.76,11.50,800.00,M
OMA,2025-04-24 11:20,63.00,57.00,80.76,6.90,800.00,M
OMA,2025-04-24 11:52,65.00,57.00,75.30,6.90,1400.00,M
OMA,2025-04-24 12:52,66.00,57.00,72.72,6.90,1700.00,M
OMA,2025-04-24 13:52,68.00,58.00,70.35,8.05,1700.00,M
OMA,2025-04-24 14:52,70.00,59.00,68.09,9.20,2300.00,M
OMA,2025-04-24 15:19,70.00,59.00,68.09,9.20,2700.00,M
OMA,2025-04-24 15:52,69.00,60.00,73.02,14.95,2400.00,M
OMA,2025-04-24 16:04,68.00,59.00,72.92,17.25,2300.00,M
OMA,2025-04-24 16:44,64.00,61.00,89.97,13.80,2000.00,M
OMA,2025-04-24 16:52,62.00,59.00,89.89,17.25,2000.00,37.95
OMA,2025-04-24 16:59,60.00,57.00,89.80,11.50,2000.00,M
OMA,2025-04-24 17:13,63.00,61.00,93.18,11.50,2000.00,M
OMA,2025-04-24 17:48,60.80,57.20,87.92,26.45,2000.00,33.35
OMA,2025-04-24 17:52,58.00,57.00,96.46,18.40,800.00,33.35
OMA,2025-04-24 17:59,58.00,56.00,93.04,21.85,800.00,M
OMA,2025-04-24 18:18,58.00,56.00,93.04,17.25,2500.00,M
OMA,2025-04-24 18:52,58.00,56.00,93.04,14.95,1000.00,M
OMA,2025-04-24 19:40,59.00,56.00,89.76,11.50,2700.00,M
OMA,2025-04-24 19:52,59.00,56.00,89.76,12.65,4000.00,M
OMA,2025-04-24 20:52,58.00,55.00,89.72,11.50,3100.00,M
OMA,2025-04-24 21:14,57.00,55.00,93.01,10.35,800.00,M
OMA,2025-04-24 21:52,56.00,54.00,92.98,5.75,1000.00,M
OMA,2025-04-24 22:52,55.00,53.00,92.95,11.50,3400.00,M
OMA,2025-04-24 23:35,55.00,54.00,96.42,10.35,800.00,M
OMA,2025-04-24 23:44,55.00,54.00,96.42,10.35,800.00,M
OMA,2025-04-24 23:52,55.00,54.00,96.42,9.20,800.00,M
OMA,2025-04-25 00:52,54.00,52.00,92.92,10.35,800.00,M
OMA,2025-04-25 01:52,53.00,52.00,96.39,14.95,700.00,M
OMA,2025-04-25 02:16,52.00,51.00,96.37,11.50,600.00,M
OMA,2025-04-25 02:52,51.00,50.00,96.36,13.80,600.00,M
OMA,2025-04-25 03:52,50.00,49.00,96.34,14.95,500.00,M
OMA,2025-04-25 04:52,50.00,48.00,92.80,14.95,600.00,M
OMA,2025-04-25 05:46,48.20,46.40,93.45,20.70,500.00,M
OMA,2025-04-25 05:52,49.00,47.00,92.77,17.25,500.00,M
OMA,2025-04-25 06:52,48.00,47.00,96.31,17.25,600.00,M
OMA,2025-04-25 07:52,48.00,46.00,92.74,18.40,600.00,M
OMA,2025-04-25 08:43,48.00,46.00,92.74,16.10,600.00,M
OMA,2025-04-25 08:52,48.00,47.00,96.31,14.95,600.00,M
OMA,2025-04-25 09:23,48.00,46.00,92.74,20.70,600.00,M
OMA,2025-04-25 09:52,48.00,46.00,92.74,20.70,600.00,29.90
OMA,2025-04-25 10:52,49.00,47.00,92.77,19.55,700.00,34.50
OMA,2025-04-25 11:52,51.00,47.00,86.12,14.95,1100.00,M
OMA,2025-04-25 12:52,53.00,47.00,80.00,18.40,1300.00,M
OMA,2025-04-25 13:12,54.00,48.00,80.07,16.10,1500.00,M
OMA,2025-04-25 13:52,54.00,48.00,80.07,18.40,1700.00,M
OMA,2025-04-25 14:52,55.00,47.00,74.36,17.25,2300.00,M
OMA,2025-04-25 15:52,55.00,47.00,74.36,12.65,2500.00,M
OMA,2025-04-25 16:52,56.00,47.00,71.70,11.50,2700.00,M
OMA,2025-04-25 17:29,56.00,46.00,69.05,11.50,3000.00,M
OMA,2025-04-25 17:52,56.00,47.00,71.70,14.95,3000.00,M
OMA,2025-04-25 18:52,56.00,46.00,69.05,8.05,3300.00,M
OMA,2025-04-25 19:52,55.00,46.00,71.60,5.75,4100.00,M
OMA,2025-04-25 20:52,54.00,45.00,71.50,4.60,4100.00,M
OMA,2025-04-25 21:52,51.00,46.00,82.93,4.60,25000.00,M
OMA,2025-04-25 22:52,50.00,47.00,89.37,4.60,25000.00,M
OMA,2025-04-25 23:52,48.00,46.00,92.74,3.45,25000.00,M
OMA,2025-04-26 00:52,46.00,45.00,96.28,0.00,25000.00,M
OMA,2025-04-26 01:52,44.00,44.00,100.00,4.60,25000.00,M
OMA,2025-04-26 02:52,50.00,44.00,79.76,3.45,25000.00,M
OMA,2025-04-26 03:52,46.00,44.00,92.68,4.60,25000.00,M
OMA,2025-04-26 04:52,47.00,43.00,85.89,3.45,16000.00,M
OMA,2025-04-26 05:52,47.00,41.00,79.52,9.20,12000.00,M
OMA,2025-04-26 06:52,47.00,39.00,73.57,4.60,10000.00,M
OMA,2025-04-26 07:52,49.00,40.00,70.96,11.50,10000.00,M
OMA,2025-04-26 08:52,51.00,39.00,63.36,11.50,10000.00,M
OMA,2025-04-26 09:52,53.00,39.00,58.85,14.95,2000.00,M
OMA,2025-04-26 10:52,55.00,39.00,54.70,12.65,3000.00,29.90
OMA,2025-04-26 11:52,58.00,39.00,49.08,12.65,3500.00,M
OMA,2025-04-26 12:52,60.00,41.00,49.39,13.80,3800.00,M
OMA,2025-04-26 13:52,63.00,43.00,47.97,18.40,3900.00,M
OMA,2025-04-26 14:52,63.00,43.00,47.97,14.95,4000.00,M
OMA,2025-04-26 15:52,64.00,44.00,48.12,13.80,4100.00,M
OMA,2025-04-26 16:52,63.00,45.00,51.78,14.95,4000.00,M
OMA,2025-04-26 17:52,65.00,46.00,50.14,12.65,4000.00,M
OMA,2025-04-26 18:52,63.00,46.00,53.78,14.95,4000.00,M
OMA,2025-04-26 19:52,61.00,46.00,57.72,14.95,7000.00,M
OMA,2025-04-26 20:52,59.00,47.00,64.36,12.65,8500.00,M
OMA,2025-04-26 21:52,57.00,47.00,69.16,12.65,8500.00,M
OMA,2025-04-26 22:52,55.00,47.00,74.36,11.50,8500.00,M
OMA,2025-04-26 23:52,55.00,47.00,74.36,10.35,6000.00,M
OMA,2025-04-27 00:52,53.00,46.00,77.03,10.35,M,M
OMA,2025-04-27 01:52,53.00,47.00,80.00,9.20,6000.00,M
OMA,2025-04-27 02:52,54.00,47.00,77.12,11.50,4300.00,M
OMA,2025-04-27 03:21,54.00,47.00,77.12,11.50,2300.00,M
OMA,2025-04-27 03:52,54.00,47.00,77.12,11.50,1900.00,M
OMA,2025-04-27 04:52,54.00,47.00,77.12,10.35,1800.00,M
OMA,2025-04-27 05:52,53.00,48.00,83.06,11.50,1200.00,M
OMA,2025-04-27 06:52,53.00,50.00,89.51,11.50,1000.00,M
OMA,2025-04-27 07:41,54.00,51.00,89.55,13.80,700.00,M
OMA,2025-04-27 07:52,55.00,52.00,89.59,14.95,700.00,M
OMA,2025-04-27 08:52,55.00,53.00,92.95,14.95,800.00,M
OMA,2025-04-27 09:52,56.00,53.00,89.64,19.55,900.00,M
OMA,2025-04-27 10:52,57.00,53.00,86.45,18.40,800.00,M
OMA,2025-04-27 11:43,59.00,54.00,83.46,19.55,1000.00,M
OMA,2025-04-27 11:52,59.00,54.00,83.46,18.40,1000.00,M
OMA,2025-04-27 12:52,61.00,54.00,77.72,19.55,1100.00,M
OMA,2025-04-27 13:52,62.00,55.00,77.81,18.40,1400.00,M
OMA,2025-04-27 14:39,63.00,55.00,75.11,20.70,1500.00,M
OMA,2025-04-27 14:52,64.00,56.00,75.20,20.70,1700.00,M
OMA,2025-04-27 15:52,65.00,56.00,72.62,23.00,1700.00,31.05
OMA,2025-04-27 16:52,64.00,57.00,77.97,18.40,1600.00,32.20
OMA,2025-04-27 17:52,63.00,57.00,80.76,20.70,1600.00,29.90
OMA,2025-04-27 18:36,63.00,57.00,80.76,20.70,1400.00,M
OMA,2025-04-27 18:52,63.00,57.00,80.76,21.85,1400.00,M
OMA,2025-04-27 19:52,62.00,57.00,83.65,24.15,1300.00,33.35
OMA,2025-04-27 20:52,61.00,57.00,86.67,18.40,1100.00,34.50
OMA,2025-04-27 21:32,60.00,58.00,93.10,19.55,900.00,M
OMA,2025-04-27 21:52,60.00,58.00,93.10,18.40,900.00,29.90
OMA,2025-04-27 22:52,61.00,59.00,93.12,19.55,800.00,M
OMA,2025-04-27 23:52,61.00,59.00,93.12,23.00,800.00,29.90
OMA,2025-04-28 00:41,62.00,60.00,93.15,19.55,1000.00,M
OMA,2025-04-28 00:52,63.00,60.00,89.93,20.70,1100.00,M
OMA,2025-04-28 01:52,63.00,60.00,89.93,19.55,1100.00,M
OMA,2025-04-28 02:52,64.00,61.00,89.97,20.70,1200.00,31.05
OMA,2025-04-28 03:48,64.40,60.80,88.09,18.40,1500.00,M
OMA,2025-04-28 03:52,65.00,61.00,86.88,20.70,1500.00,M
OMA,2025-04-28 04:02,65.00,61.00,86.88,19.55,1300.00,M
OMA,2025-04-28 04:52,65.00,62.00,90.01,18.40,1400.00,29.90
OMA,2025-04-28 05:39,68.00,63.00,84.03,28.75,1700.00,39.10
OMA,2025-04-28 05:48,68.00,62.60,82.86,25.30,1700.00,43.70
OMA,2025-04-28 05:52,68.00,63.00,84.03,28.75,1700.00,43.70
OMA,2025-04-28 06:25,68.00,63.00,84.03,25.30,2000.00,42.55
OMA,2025-04-28 06:52,68.00,63.00,84.03,25.30,1900.00,42.55
OMA,2025-04-28 07:52,69.00,64.00,84.09,29.90,1500.00,43.70
OMA,2025-04-28 08:52,70.00,64.00,81.27,25.30,1500.00,39.10
OMA,2025-04-28 09:52,70.00,64.00,81.27,23.00,1900.00,39.10
OMA,2025-04-28 10:52,72.00,65.00,78.62,19.55,2100.00,36.80
OMA,2025-04-28 11:52,73.00,65.00,76.01,25.30,2100.00,36.80
OMA,2025-04-28 12:52,78.00,66.00,66.61,23.00,2800.00,35.65
OMA,2025-04-28 13:07,79.00,66.00,64.45,21.85,3000.00,35.65
OMA,2025-04-28 13:52,82.00,65.00,56.43,23.00,4000.00,42.55
OMA,2025-04-28 14:52,87.00,60.00,40.29,24.15,4200.00,41.40
OMA,2025-04-28 15:52,88.00,57.00,35.05,27.60,6000.00,47.15
OMA,2025-04-28 16:52,87.00,55.00,33.65,25.30,6500.00,46.00
OMA,2025-04-28 17:52,88.00,55.00,32.60,21.85,6500.00,41.40
OMA,2025-04-28 18:52,87.00,33.00,14.52,19.55,8000.00,48.30
OMA,2025-04-28 19:52,84.00,36.00,18.01,21.85,8000.00,40.25
OMA,2025-04-28 20:52,81.00,32.00,16.92,16.10,8000.00,34.50
OMA,2025-04-28 21:36,67.00,52.00,58.53,25.30,12000.00,42.55
OMA,2025-04-28 21:52,66.00,51.00,58.40,16.10,12000.00,42.55
OMA,2025-04-28 22:52,61.00,50.00,67.06,20.70,20000.00,41.40
OMA,2025-04-28 23:52,54.00,47.00,77.12,20.70,12000.00,M
OMA,2025-04-29 00:39,53.00,44.00,71.39,19.55,2000.00,31.05
OMA,2025-04-29 00:52,52.00,44.00,74.07,20.70,2200.00,31.05
OMA,2025-04-29 01:52,51.00,43.00,73.97,26.45,2200.00,34.50
OMA,2025-04-29 02:52,50.00,41.00,71.07,26.45,2400.00,35.65
OMA,2025-04-29 03:52,49.00,40.00,70.96,23.00,2600.00,35.65
OMA,2025-04-29 04:52,48.00,39.00,70.85,17.25,2400.00,33.35
OMA,2025-04-29 05:20,48.00,40.00,73.67,19.55,2600.00,M
OMA,2025-04-29 05:52,46.00,39.00,76.40,16.10,2600.00,31.05
OMA,2025-04-29 06:52,46.00,39.00,76.40,12.65,2600.00,M
OMA,2025-04-29 07:52,47.00,37.00,68.02,10.35,25000.00,M
OMA,2025-04-29 08:52,49.00,36.00,60.66,12.65,25000.00,M
OMA,2025-04-29 09:52,51.00,28.00,40.78,13.80,25000.00,M
OMA,2025-04-29 10:52,54.00,23.00,29.67,11.50,25000.00,M
OMA,2025-04-29 11:52,58.00,24.00,26.77,9.20,25000.00,M
OMA,2025-04-29 12:52,60.00,20.00,21.05,9.20,1000.00,M
OMA,2025-04-29 13:52,62.00,20.00,19.61,4.60,25000.00,M
OMA,2025-04-29 14:52,65.00,22.00,19.21,9.20,25000.00,M
OMA,2025-04-29 15:52,65.00,20.00,17.65,3.45,25000.00,M
OMA,2025-04-29 16:52,67.00,21.00,17.18,6.90,25000.00,M
OMA,2025-04-29 17:52,67.00,20.00,16.46,9.20,25000.00,M
OMA,2025-04-29 18:52,66.00,19.00,16.33,4.60,M,M
OMA,2025-04-29 19:52,63.00,25.00,23.36,4.60,M,M
OMA,2025-04-29 20:52,57.00,31.00,37.01,5.75,M,M
OMA,2025-04-29 21:52,57.00,29.00,34.12,3.45,M,M
OMA,2025-04-29 22:52,56.00,29.00,35.38,0.00,25000.00,M
OMA,2025-04-29 23:52,56.00,28.00,33.96,0.00,25000.00,M
OMA,2025-04-30 00:52,52.00,31.00,44.42,4.60,25000.00,M
OMA,2025-04-30 01:52,51.00,34.00,52.00,0.00,25000.00,M
OMA,2025-04-30 02:52,50.00,31.00,47.83,5.75,25000.00,M
OMA,2025-04-30 03:52,52.00,30.00,42.65,3.45,25000.00,M
OMA,2025-04-30 04:52,50.00,32.00,49.81,4.60,25000.00,M
OMA,2025-04-30 05:52,49.00,35.00,58.30,5.75,25000.00,M
OMA,2025-04-30 06:52,48.00,37.00,65.51,5.75,25000.00,M
OMA,2025-04-30 07:52,52.00,39.00,61.06,5.75,12000.00,M
OMA,2025-04-30 08:52,55.00,41.00,59.13,6.90,12000.00,M
OMA,2025-04-30 09:52,59.00,46.00,61.98,8.05,10000.00,M
OMA,2025-04-30 10:52,59.00,48.00,66.83,14.95,2900.00,M
OMA,2025-04-30 11:07,59.00,48.00,66.83,10.35,2900.00,M
OMA,2025-04-30 11:52,58.00,50.00,74.64,10.35,5500.00,M
OMA,2025-04-30 12:52,62.00,48.00,60.07,11.50,3100.00,M
OMA,2025-04-30 13:52,65.00,50.00,58.26,12.65,4500.00,M
OMA,2025-04-30 14:52,66.00,50.00,56.27,11.50,11000.00,M
OMA,2025-04-30 15:52,67.00,52.00,58.53,12.65,3500.00,M
OMA,2025-04-30 16:52,66.00,53.00,62.87,8.05,3500.00,M
OMA,2025-04-30 17:52,61.00,58.00,89.84,8.05,3400.00,M
OMA,2025-04-30 18:52,63.00,58.00,83.72,3.45,3500.00,M
OMA,2025-04-30 19:52,62.00,58.00,86.72,3.45,3500.00,M
OMA,2025-04-30 20:52,60.00,57.00,89.80,5.75,5000.00,M
OMA,2025-04-30 21:52,60.00,57.00,89.80,8.05,5000.00,M
OMA,2025-04-30 22:52,60.00,57.00,89.80,10.35,1200.00,M
OMA,2025-04-30 23:52,59.00,56.00,89.76,5.75,1200.00,M
OMA,2025-05-01 00:52,59.00,56.00,89.76,9.20,1000.00,M
OMA,2025-05-01 01:05,59.00,56.00,89.76,6.90,900.00,M
OMA,2025-05-01 01:52,59.00,56.00,89.76,4.60,900.00,M
OMA,2025-05-01 02:52,59.00,56.00,89.76,4.60,800.00,M
OMA,2025-05-01 03:52,58.00,57.00,96.46,3.45,700.00,M
OMA,2025-05-01 04:52,58.00,57.00,96.46,4.60,700.00,M
OMA,2025-05-01 05:52,58.00,57.00,96.46,5.75,500.00,M
OMA,2025-05-01 06:52,58.00,57.00,96.46,0.00,500.00,M
OMA,2025-05-01 07:31,59.00,57.00,93.07,0.00,500.00,M
OMA,2025-05-01 07:43,59.00,57.00,93.07,4.60,700.00,M
OMA,2025-05-01 07:52,59.00,57.00,93.07,8.05,600.00,M
OMA,2025-05-01 08:52,59.00,56.00,89.76,9.20,900.00,M
OMA,2025-05-01 09:52,57.00,54.00,89.68,16.10,900.00,M
OMA,2025-05-01 10:30,59.00,54.00,83.46,10.35,900.00,M
OMA,2025-05-01 10:52,60.00,54.00,80.53,8.05,1700.00,M
OMA,2025-05-01 11:52,61.00,54.00,77.72,13.80,1900.00,M
OMA,2025-05-01 12:52,59.00,53.00,80.46,16.10,1900.00,M
OMA,2025-05-01 13:52,59.00,52.00,77.55,13.80,1800.00,M
OMA,2025-05-01 14:52,62.00,52.00,69.71,20.70,2300.00,M
OMA,2025-05-01 15:52,62.00,50.00,64.73,18.40,2700.00,31.05
OMA,2025-05-01 16:52,65.00,47.00,52.07,17.25,3800.00,32.20
OMA,2025-05-01 17:52,65.00,46.00,50.14,14.95,3800.00,M
OMA,2025-05-01 18:52,65.00,46.00,50.14,8.05,4000.00,M
OMA,2025-05-01 19:52,61.00,48.00,62.23,4.60,4000.00,M
OMA,2025-05-01 20:52,60.00,48.00,64.49,0.00,8000.00,M
OMA,2025-05-01 21:52,55.00,48.00,77.21,3.45,20000.00,M
OMA,2025-05-01 22:52,53.00,47.00,80.00,0.00,25000.00,M
OMA,2025-05-01 23:52,53.00,48.00,83.06,0.00,25000.00,M
OMA,2025-05-02 00:52,50.00,47.00,89.37,0.00,25000.00,M
OMA,2025-05-02 01:52,49.00,46.00,89.33,0.00,9000.00,M
OMA,2025-05-02 02:52,50.00,47.00,89.37,4.60,9000.00,M
OMA,2025-05-02 03:52,51.00,47.00,86.12,9.20,8500.00,M
OMA,2025-05-02 04:52,52.00,47.00,82.99,10.35,7000.00,M
OMA,2025-05-02 05:52,50.00,49.00,96.34,9.20,6000.00,M
OMA,2025-05-02 06:08,50.00,49.00,96.34,6.90,700.00,M
OMA,2025-05-02 06:21,50.00,49.00,96.34,9.20,700.00,M
OMA,2025-05-02 06:31,50.00,49.00,96.34,6.90,600.00,M
OMA,2025-05-02 06:52,50.00,46.00,86.06,10.35,6000.00,M
OMA,2025-05-02 07:52,50.00,44.00,79.76,0.00,3100.00,M
OMA,2025-05-02 08:52,50.00,45.00,82.86,3.45,3000.00,M
OMA,2025-05-02 09:52,51.00,45.00,79.84,0.00,4000.00,M
OMA,2025-05-02 10:36,52.00,46.00,79.92,8.05,2600.00,M
OMA,2025-05-02 10:52,51.00,46.00,82.93,5.75,2400.00,M
OMA,2025-05-02 11:27,52.00,47.00,82.99,3.45,2300.00,M
OMA,2025-05-02 11:52,52.00,47.00,82.99,4.60,2000.00,M
OMA,2025-05-02 12:52,57.00,50.00,77.38,6.90,4000.00,M
OMA,2025-05-02 13:52,59.00,47.00,64.36,8.05,2900.00,M
OMA,2025-05-02 14:22,61.00,46.00,57.72,16.10,2900.00,31.05
OMA,2025-05-02 14:52,58.00,46.00,64.24,9.20,2500.00,31.05
OMA,2025-05-02 15:33,61.00,44.00,53.49,11.50,3500.00,M
OMA,2025-05-02 15:52,60.00,45.00,57.58,19.55,3500.00,M
OMA,2025-05-02 16:03,58.00,46.00,64.24,21.85,3500.00,29.90
OMA,2025-05-02 16:14,56.00,41.00,57.02,13.80,3500.00,29.90
OMA,2025-05-02 16:48,57.20,44.60,62.69,9.20,4000.00,29.90
OMA,2025-05-02 16:52,58.00,44.00,59.54,8.05,4000.00,29.90
OMA,2025-05-02 17:52,61.00,46.00,57.72,3.45,6000.00,M
OMA,2025-05-02 18:52,62.00,42.00,47.82,12.65,7000.00,M
OMA,2025-05-02 19:52,60.00,40.00,47.51,10.35,7500.00,M
OMA,2025-05-02 20:52,54.00,43.00,66.24,5.75,7500.00,M
OMA,2025-05-02 21:52,52.00,42.00,68.59,8.05,25000.00,M
OMA,2025-05-02 22:52,49.00,41.00,73.77,5.75,25000.00,M
OMA,2025-05-02 23:52,49.00,41.00,73.77,5.75,25000.00,M
OMA,2025-05-03 00:52,47.00,41.00,79.52,4.60,M,M
OMA,2025-05-03 01:52,46.00,39.00,76.40,0.00,M,M
OMA,2025-05-03 02:52,44.00,40.00,85.71,0.00,M,M
OMA,2025-05-03 03:52,43.00,41.00,92.58,3.45,M,M
OMA,2025-05-03 04:52,40.00,39.00,96.18,3.45,M,M
OMA,2025-05-03 05:52,38.00,38.00,100.00,4.60,M,M
OMA,2025-05-03 06:52,40.00,39.00,96.18,4.60,M,M
OMA,2025-05-03 07:52,43.00,41.00,92.58,5.75,M,M
OMA,2025-05-03 08:52,48.00,43.00,82.72,6.90,M,M
OMA,2025-05-03 09:52,52.00,43.00,71.28,6.90,M,M
OMA,2025-05-03 10:52,57.00,42.00,57.16,8.05,3000.00,M
OMA,2025-05-03 11:52,60.00,41.00,49.39,11.50,5000.00,M
OMA,2025-05-03 12:52,61.00,39.00,44.10,11.50,5000.00,M
OMA,2025-05-03 13:52,64.00,39.00,39.67,12.65,5000.00,M
OMA,2025-05-03 14:52,66.00,37.00,34.21,12.65,5000.00,M
OMA,2025-05-03 15:52,66.00,34.00,30.37,10.35,5000.00,M
OMA,2025-05-03 16:52,66.00,35.00,31.60,4.60,5000.00,M
OMA,2025-05-03 17:52,66.00,35.00,31.60,3.45,5000.00,M
OMA,2025-05-03 18:52,66.00,35.00,31.60,6.90,M,M
OMA,2025-05-03 19:52,65.00,35.00,32.72,3.45,M,M
OMA,2025-05-03 20:52,59.00,40.00,49.23,4.60,25000.00,M
OMA,2025-05-03 21:52,57.00,39.00,50.88,0.00,M,M
OMA,2025-05-03 22:52,53.00,40.00,61.19,0.00,M,M
OMA,2025-05-03 23:52,53.00,40.00,61.19,0.00,M,M
OMA,2025-05-04 00:52,49.00,45.00,86.00,0.00,M,M
OMA,2025-05-04 01:52,47.00,44.00,89.24,0.00,M,M
OMA,2025-05-04 02:52,48.00,44.00,85.95,0.00,M,M
OMA,2025-05-04 03:52,48.00,40.00,73.67,0.00,M,M
OMA,2025-05-04 04:52,44.00,41.00,89.11,0.00,M,M
OMA,2025-05-04 05:52,44.00,42.00,92.61,0.00,M,M
OMA,2025-05-04 06:52,41.00,41.00,100.00,3.45,M,M
OMA,2025-05-04 07:52,48.00,44.00,85.95,0.00,M,M
OMA,2025-05-04 08:52,54.00,45.00,71.50,3.45,M,M
OMA,2025-05-04 09:52,60.00,41.00,49.39,0.00,M,M
OMA,2025-05-04 10:52,64.00,40.00,41.25,0.00,25000.00,M
OMA,2025-05-04 11:52,68.00,41.00,37.32,5.75,25000.00,M
OMA,2025-05-04 12:52,70.00,40.00,33.52,6.90,25000.00,M
OMA,2025-05-04 13:52,72.00,40.00,31.32,3.45,25000.00,M
OMA,2025-05-04 14:52,73.00,40.00,30.28,5.75,25000.00,M
OMA,2025-05-04 15:52,74.00,38.00,27.08,0.00,25000.00,M
OMA,2025-05-04 16:52,74.00,39.00,28.16,3.45,25000.00,M
OMA,2025-05-04 17:52,74.00,39.00,28.16,5.75,25000.00,M
OMA,2025-05-04 18:52,74.00,38.00,27.08,0.00,25000.00,M
OMA,2025-05-04 19:52,72.00,40.00,31.32,4.60,25000.00,M
OMA,2025-05-04 20:52,67.00,43.00,41.72,4.60,25000.00,M
OMA,2025-05-04 21:52,62.00,44.00,51.63,4.60,M,M
OMA,2025-05-04 22:52,63.00,43.00,47.97,0.00,M,M
OMA,2025-05-04 23:52,61.00,42.00,49.54,4.60,M,M
OMA,2025-05-05 00:52,58.00,43.00,57.30,0.00,M,M
OMA,2025-05-05 01:52,54.00,46.00,74.26,3.45,M,M
OMA,2025-05-05 02:52,53.00,44.00,71.39,0.00,M,M
OMA,2025-05-05 03:52,50.00,47.00,89.37,0.00,M,M
OMA,2025-05-05 04:52,49.00,45.00,86.00,3.45,M,M
OMA,2025-05-05 05:52,48.00,44.00,85.95,0.00,M,M
OMA,2025-05-05 06:52,47.00,44.00,89.24,0.00,M,M
OMA,2025-05-05 07:52,52.00,47.00,82.99,0.00,M,M
OMA,2025-05-05 08:52,59.00,48.00,66.83,0.00,M,M
OMA,2025-05-05 09:52,65.00,47.00,52.07,3.45,M,M
OMA,2025-05-05 10:52,71.00,47.00,42.35,6.90,M,M
OMA,2025-05-05 11:52,73.00,40.00,30.28,3.45,M,M
OMA,2025-05-05 12:52,75.00,41.00,29.43,3.45,7000.00,M
OMA,2025-05-05 13:52,78.00,40.00,25.62,11.50,7500.00,29.90
OMA,2025-05-05 14:52,78.00,40.00,25.62,3.45,M,M
OMA,2025-05-05 15:52,80.00,38.00,22.19,13.80,M,M
OMA,2025-05-05 16:52,78.00,36.00,21.90,6.90,10000.00,M
OMA,2025-05-05 17:52,78.00,37.00,22.79,0.00,10000.00,M
OMA,2025-05-05 18:52,77.00,37.00,23.55,4.60,10000.00,M
OMA,2025-05-05 19:52,74.00,39.00,28.16,3.45,10000.00,M
OMA,2025-05-05 20:52,67.00,44.00,43.35,5.75,20000.00,M
OMA,2025-05-05 21:52,66.00,38.00,35.58,9.20,20000.00,M
OMA,2025-05-05 22:52,64.00,37.00,36.68,9.20,M,M
OMA,2025-05-05 23:52,61.00,41.00,47.66,9.20,M,M
OMA,2025-05-06 00:52,57.00,43.00,59.40,9.20,M,M
OMA,2025-05-06 01:52,57.00,44.00,61.72,10.35,M,M
OMA,2025-05-06 02:52,55.00,44.00,66.36,8.05,M,M
OMA,2025-05-06 03:52,54.00,44.00,68.82,8.05,M,M
OMA,2025-05-06 04:52,54.00,44.00,68.82,8.05,M,M
OMA,2025-05-06 05:52,53.00,45.00,74.16,8.05,M,M
OMA,2025-05-06 06:52,53.00,45.00,74.16,6.90,25000.00,M
OMA,2025-05-06 07:52,56.00,47.00,71.70,6.90,25000.00,M
OMA,2025-05-06 08:52,59.00,47.00,64.36,5.75,25000.00,M
OMA,2025-05-06 09:52,63.00,48.00,57.99,4.60,25000.00,M
OMA,2025-05-06 10:52,69.00,48.00,47.09,4.60,25000.00,M
OMA,2025-05-06 11:52,73.00,47.00,39.58,6.90,25000.00,M
OMA,2025-05-06 12:45,75.00,42.00,30.59,3.45,0.00,M
OMA,2025-05-06 12:52,76.00,42.00,29.59,3.45,0.00,M
OMA,2025-05-06 13:52,78.00,43.00,28.77,12.65,25000.00,M
OMA,2025-05-06 14:52,76.00,41.00,28.47,0.00,25000.00,M
OMA,2025-05-06 15:52,78.00,42.00,27.69,8.05,25000.00,M
OMA,2025-05-06 16:52,78.00,42.00,27.69,11.50,25000.00,M
OMA,2025-05-06 17:52,77.00,43.00,29.74,10.35,25000.00,M
OMA,2025-05-06 18:52,76.00,43.00,30.75,9.20,25000.00,M
OMA,2025-05-06 19:52,74.00,44.00,34.15,5.75,25000.00,M
OMA,2025-05-06 20:52,69.00,45.00,42.04,6.90,25000.00,M
OMA,2025-05-06 21:52,67.00,47.00,48.58,5.75,25000.00,M
OMA,2025-05-06 22:52,65.00,47.00,52.07,4.60,25000.00,M
OMA,2025-05-06 23:52,65.00,48.00,54.07,4.60,25000.00,M
OMA,2025-05-07 00:52,63.00,48.00,57.99,4.60,25000.00,M
OMA,2025-05-07 01:52,58.00,52.00,80.38,0.00,25000.00,M
OMA,2025-05-07 02:52,56.00,51.00,83.26,3.45,25000.00,M
OMA,2025-05-07 03:52,57.00,49.00,74.55,3.45,25000.00,M
OMA,2025-05-07 04:52,57.00,51.00,80.31,0.00,20000.00,M
OMA,2025-05-07 05:52,58.00,49.00,71.91,0.00,20000.00,M
OMA,2025-05-07 06:52,57.00,50.00,77.38,3.45,20000.00,M
OMA,2025-05-07 07:52,58.00,52.00,80.38,0.00,16000.00,M
OMA,2025-05-07 08:52,62.00,50.00,64.73,0.00,16000.00,M
OMA,2025-05-07 09:52,65.00,49.00,56.13,3.45,16000.00,M
OMA,2025-05-07 10:52,68.00,48.00,48.73,6.90,6000.00,M
OMA,2025-05-07 11:52,71.00,46.00,40.78,9.20,6000.00,M
OMA,2025-05-07 12:52,73.00,43.00,34.00,10.35,6000.00,M
OMA,2025-05-07 13:52,77.00,40.00,26.49,11.50,7000.00,M
OMA,2025-05-07 14:52,76.00,44.00,31.95,8.05,7000.00,M
OMA,2025-05-07 15:52,80.00,40.00,23.99,19.55,7000.00,M
OMA,2025-05-07 16:52,78.00,41.00,26.64,9.20,7000.00,32.20
OMA,2025-05-07 17:52,78.00,42.00,27.69,12.65,7000.00,M
OMA,2025-05-07 18:52,77.00,43.00,29.74,10.35,7000.00,M
OMA,2025-05-07 19:52,73.00,46.00,38.11,5.75,20000.00,M
OMA,2025-05-07 20:52,70.00,48.00,45.50,3.45,10000.00,M
OMA,2025-05-07 21:52,66.00,49.00,54.21,9.20,9000.00,M
OMA,2025-05-07 22:52,68.00,49.00,50.59,12.65,8500.00,M
OMA,2025-05-07 23:52,67.00,48.00,50.44,9.20,8000.00,M
OMA,2025-05-08 00:52,67.00,47.00,48.58,10.35,12000.00,M
OMA,2025-05-08 01:52,65.00,49.00,56.13,0.00,14000.00,M
OMA,2025-05-08 02:52,61.00,51.00,69.60,5.75,14000.00,M
OMA,2025-05-08 03:52,59.00,49.00,69.38,4.60,16000.00,M
OMA,2025-05-08 04:52,57.00,50.00,77.38,9.20,13000.00,M
OMA,2025-05-08 05:52,57.00,50.00,77.38,8.05,11000.00,M
OMA,2025-05-08 06:52,57.00,50.00,77.38,8.05,11000.00,M
OMA,2025-05-08 07:52,60.00,51.00,72.12,4.60,11000.00,M
OMA,2025-05-08 08:52,63.00,51.00,64.85,9.20,25000.00,M
OMA,2025-05-08 09:52,66.00,52.00,60.60,5.75,M,M
OMA,2025-05-08 10:52,69.00,51.00,52.66,8.05,M,M
OMA,2025-05-08 11:52,72.00,50.00,45.81,9.20,M,M
OMA,2025-05-08 12:52,74.00,51.00,44.44,12.65,M,M
OMA,2025-05-08 13:52,76.00,48.00,37.17,11.50,M,M
OMA,2025-05-08 14:52,77.00,48.00,35.95,11.50,M,M
OMA,2025-05-08 15:52,78.00,46.00,32.26,5.75,7000.00,M
OMA,2025-05-08 16:52,79.00,45.00,30.05,10.35,7000.00,M
OMA,2025-05-08 17:52,78.00,44.00,29.90,6.90,7000.00,M
OMA,2025-05-08 18:52,77.00,43.00,29.74,13.80,M,M
OMA,2025-05-08 19:52,74.00,44.00,34.15,9.20,M,M
OMA,2025-05-08 20:52,70.00,43.00,37.64,6.90,M,M
OMA,2025-05-08 21:52,70.00,40.00,33.52,8.05,M,M
OMA,2025-05-08 22:52,65.00,40.00,39.83,3.45,M,M
OMA,2025-05-08 23:52,60.00,39.00,45.69,8.05,M,M
OMA,2025-05-09 00:52,59.00,38.00,45.53,4.60,M,M
OMA,2025-05-09 01:52,61.00,38.00,42.40,0.00,M,M
OMA,2025-05-09 02:52,56.00,42.00,59.26,0.00,M,M
OMA,2025-05-09 03:52,53.00,43.00,68.71,0.00,M,M
OMA,2025-05-09 04:52,50.00,45.00,82.86,4.60,M,M
OMA,2025-05-09 05:52,49.00,44.00,82.79,0.00,M,M
OMA,2025-05-09 06:52,50.00,43.00,76.76,0.00,M,M
OMA,2025-05-09 07:52,56.00,46.00,69.05,0.00,M,M
OMA,2025-05-09 08:52,62.00,45.00,53.63,5.75,M,M
OMA,2025-05-09 09:52,67.00,47.00,48.58,4.60,M,M
OMA,2025-05-09 10:52,71.00,47.00,42.35,3.45,25000.00,M
OMA,2025-05-09 11:52,74.00,42.00,31.63,5.75,25000.00,M
OMA,2025-05-09 12:52,76.00,43.00,30.75,3.45,25000.00,M
OMA,2025-05-09 13:52,80.00,46.00,30.20,3.45,25000.00,M
OMA,2025-05-09 14:52,81.00,43.00,26.08,5.75,25000.00,M
OMA,2025-05-09 15:52,82.00,43.00,25.24,5.75,25000.00,M
OMA,2025-05-09 16:52,83.00,44.00,25.39,9.20,25000.00,M
OMA,2025-05-09 17:52,83.00,43.00,24.44,6.90,25000.00,M
OMA,2025-05-09 18:52,82.00,42.00,24.29,3.45,25000.00,M
OMA,2025-05-09 19:52,78.00,45.00,31.06,10.35,25000.00,M
OMA,2025-05-09 20:52,73.00,45.00,36.70,10.35,25000.00,M
OMA,2025-05-09 21:52,68.00,47.00,46.93,8.05,M,M
OMA,2025-05-09 22:52,69.00,45.00,42.04,6.90,M,M
OMA,2025-05-09 23:52,66.00,46.00,48.43,5.75,M,M
OMA,2025-05-10 00:52,62.00,45.00,53.63,6.90,M,M
OMA,2025-05-10 01:52,64.00,44.00,48.12,5.75,M,M
OMA,2025-05-10 02:52,59.00,45.00,59.67,5.75,M,M
OMA,2025-05-10 03:52,60.00,44.00,55.42,4.60,M,M
OMA,2025-05-10 04:52,58.00,47.00,66.71,4.60,M,M
OMA,2025-05-10 05:52,58.00,43.00,57.30,4.60,M,M
OMA,2025-05-10 06:52,56.00,48.00,74.45,0.00,25000.00,M
OMA,2025-05-10 07:52,61.00,46.00,57.72,0.00,M,M
OMA,2025-05-10 08:52,67.00,47.00,48.58,4.60,M,M
OMA,2025-05-10 09:52,73.00,47.00,39.58,0.00,M,M
OMA,2025-05-10 10:52,76.00,48.00,37.17,3.45,M,M
OMA,2025-05-10 11:52,81.00,48.00,31.52,6.90,M,M
OMA,2025-05-10 12:52,84.00,47.00,27.55,9.20,M,M
OMA,2025-05-10 13:52,87.00,43.00,21.49,9.20,7000.00,M
OMA,2025-05-10 14:52,88.00,42.00,20.03,11.50,7000.00,M
OMA,2025-05-10 15:52,88.00,42.00,20.03,5.75,7000.00,M
OMA,2025-05-10 16:52,88.00,41.00,19.28,10.35,11000.00,M
OMA,2025-05-10 17:52,87.00,43.00,21.49,9.20,10000.00,M
OMA,2025-05-10 18:52,86.00,43.00,22.19,9.20,10000.00,M
OMA,2025-05-10 19:52,82.00,47.00,29.39,8.05,10000.00,M
OMA,2025-05-10 20:52,75.00,49.00,39.90,8.05,M,M
OMA,2025-05-10 21:52,76.00,45.00,33.19,8.05,M,M
OMA,2025-05-10 22:52,73.00,41.00,31.47,8.05,M,M
OMA,2025-05-10 23:52,71.00,43.00,36.38,5.75,M,M
OMA,2025-05-11 00:52,66.00,46.00,48.43,6.90,M,M
OMA,2025-05-11 01:52,66.00,48.00,52.22,6.90,M,M
OMA,2025-05-11 02:52,65.00,48.00,54.07,5.75,M,M
OMA,2025-05-11 03:52,64.00,48.00,55.99,4.60,M,M
OMA,2025-05-11 04:52,63.00,49.00,60.20,0.00,M,M
OMA,2025-05-11 05:52,61.00,47.00,59.94,0.00,M,M
OMA,2025-05-11 06:52,61.00,48.00,62.23,4.60,M,M
OMA,2025-05-11 07:52,65.00,49.00,56.13,5.75,M,M
OMA,2025-05-11 08:52,72.00,45.00,37.96,9.20,M,M
OMA,2025-05-11 09:52,76.00,47.00,35.80,6.90,M,M
OMA,2025-05-11 10:52,79.00,46.00,31.21,9.20,M,M
OMA,2025-05-11 11:52,83.00,45.00,26.37,9.20,M,M
OMA,2025-05-11 12:52,85.00,42.00,22.05,10.35,M,M
OMA,2025-05-11 13:52,86.00,42.00,21.35,12.65,M,M
OMA,2025-05-11 14:52,88.00,39.00,17.83,11.50,M,M
OMA,2025-05-11 15:52,88.00,38.00,17.15,11.50,M,M
OMA,2025-05-11 16:52,88.00,39.00,17.83,16.10,M,32.20
OMA,2025-05-11 17:52,87.00,40.00,19.14,18.40,M,M
OMA,2025-05-11 18:52,84.00,40.00,21.07,17.25,M,M
OMA,2025-05-11 19:52,80.00,36.00,20.51,10.35,M,M
OMA,2025-05-11 20:52,76.00,37.00,24.35,10.35,M,M
OMA,2025-05-11 21:52,72.00,37.00,27.85,10.35,M,M
OMA,2025-05-11 22:52,67.00,38.00,34.37,9.20,M,M
OMA,2025-05-11 23:52,65.00,39.00,38.31,9.20,M,M
OMA,2025-05-12 00:52,66.00,40.00,38.47,11.50,M,M
OMA,2025-05-12 01:52,61.00,41.00,47.66,8.05,M,M
OMA,2025-05-12 02:52,60.00,41.00,49.39,5.75,M,M
OMA,2025-05-12 03:52,58.00,44.00,59.54,5.75,M,M
OMA,2025-05-12 04:52,58.00,43.00,57.30,5.75,M,M
OMA,2025-05-12 05:52,56.00,43.00,61.59,4.60,25000.00,M
OMA,2025-05-12 06:52,57.00,43.00,59.40,5.75,25000.00,M
OMA,2025-05-12 07:52,62.00,44.00,51.63,4.60,25000.00,M
OMA,2025-05-12 08:52,68.00,43.00,40.31,11.50,25000.00,M
OMA,2025-05-12 09:52,73.00,45.00,36.70,10.35,25000.00,M
OMA,2025-05-12 10:52,77.00,44.00,30.90,10.35,25000.00,M
OMA,2025-05-12 11:52,80.00,43.00,26.94,11.50,25000.00,M
OMA,2025-05-12 12:52,83.00,41.00,22.62,13.80,25000.00,M
OMA,2025-05-12 13:52,84.00,38.00,19.49,14.95,25000.00,M
OMA,2025-05-12 14:52,84.00,38.00,19.49,12.65,25000.00,M
OMA,2025-05-12 15:52,86.00,37.00,17.57,11.50,25000.00,M
OMA,2025-05-12 16:52,86.00,36.00,16.89,9.20,25000.00,M
OMA,2025-05-12 17:52,86.00,34.00,15.60,13.80,25000.00,M
OMA,2025-05-12 18:52,85.00,35.00,16.76,10.35,25000.00,M
OMA,2025-05-12 19:52,80.00,38.00,22.19,11.50,25000.00,M
OMA,2025-05-12 20:52,77.00,42.00,28.62,11.50,M,M
OMA,2025-05-12 21:52,74.00,41.00,30.43,10.35,M,M
OMA,2025-05-12 22:52,68.00,44.00,41.88,6.90,M,M
OMA,2025-05-12 23:52,67.00,45.00,45.04,9.20,M,M
OMA,2025-05-13 00:52,67.00,45.00,45.04,5.75,M,M
OMA,2025-05-13 01:52,64.00,47.00,53.92,4.60,M,M
OMA,2025-05-13 02:52,65.00,48.00,54.07,3.45,M,M
OMA,2025-05-13 03:52,61.00,47.00,59.94,4.60,M,M
OMA,2025-05-13 04:52,61.00,48.00,62.23,0.00,M,M
OMA,2025-05-13 05:52,58.00,48.00,69.27,3.45,25000.00,M
OMA,2025-05-13 06:52,60.00,49.00,66.95,4.60,25000.00,M
OMA,2025-05-13 07:52,64.00,50.00,60.34,4.60,M,M
OMA,2025-05-13 08:52,71.00,52.00,51.07,5.75,M,M
OMA,2025-05-13 09:52,76.00,52.00,43.18,8.05,M,M
OMA,2025-05-13 10:52,80.00,53.00,39.27,9.20,M,M
OMA,2025-05-13 11:52,83.00,51.00,33.09,9.20,7000.00,M
OMA,2025-05-13 12:52,85.00,50.00,29.91,10.35,7500.00,M
OMA,2025-05-13 13:52,86.00,51.00,30.06,16.10,7500.00,M
OMA,2025-05-13 14:52,87.00,50.00,28.06,11.50,8000.00,M
OMA,2025-05-13 15:52,87.00,49.00,27.03,17.25,8500.00,M
OMA,2025-05-13 16:52,88.00,48.00,25.23,11.50,8500.00,M
OMA,2025-05-13 17:52,88.00,49.00,26.19,12.65,8500.00,M
OMA,2025-05-13 18:52,86.00,50.00,28.97,14.95,8500.00,M
OMA,2025-05-13 19:52,84.00,51.00,32.05,14.95,9000.00,M
OMA,2025-05-13 20:52,81.00,53.00,38.01,12.65,8500.00,M
OMA,2025-05-13 21:52,78.00,55.00,45.11,11.50,8500.00,M
OMA,2025-05-13 22:52,75.00,55.00,49.82,11.50,8500.00,M
OMA,2025-05-13 23:52,71.00,55.00,57.00,8.05,M,M
OMA,2025-05-14 00:52,68.00,56.00,65.48,6.90,M,M
OMA,2025-05-14 01:52,67.00,56.00,67.78,5.75,M,M
OMA,2025-05-14 02:52,66.00,57.00,72.74,6.90,M,M
OMA,2025-05-14 03:52,65.00,57.00,75.32,5.75,M,M
OMA,2025-05-14 04:52,65.00,58.00,78.08,6.90,M,M
OMA,2025-05-14 05:52,65.00,58.00,78.08,5.75,M,M
OMA,2025-05-14 06:52,64.00,58.00,80.85,5.75,M,M
OMA,2025-05-14 07:52,68.00,59.00,72.95,9.20,M,M
OMA,2025-05-14 08:52,74.00,61.00,63.90,8.05,M,M
OMA,2025-05-14 09:52,79.00,60.00,52.25,14.95,M,M
OMA,2025-05-14 10:52,82.00,57.00,42.56,18.40,5000.00,M
OMA,2025-05-14 11:52,84.00,55.00,37.11,19.55,6000.00,33.35
OMA,2025-05-14 12:52,86.00,53.00,32.36,20.70,7000.00,32.20
OMA,2025-05-14 13:52,88.00,53.00,30.37,17.25,7500.00,32.20
OMA,2025-05-14 14:52,89.00,53.00,29.43,17.25,7500.00,32.20
OMA,2025-05-14 15:52,89.00,54.00,30.53,17.25,8000.00,31.05
OMA,2025-05-14 16:52,90.00,55.00,30.69,17.25,8000.00,29.90
OMA,2025-05-14 17:52,88.00,55.00,32.68,21.85,8000.00,29.90
OMA,2025-05-14 18:52,87.00,58.00,37.59,20.70,7000.00,32.20
OMA,2025-05-14 19:52,85.00,60.00,43.03,16.10,7000.00,29.90
OMA,2025-05-14 20:52,83.00,61.00,47.54,16.10,6500.00,M
OMA,2025-05-14 21:52,81.00,62.00,52.55,14.95,6000.00,M
OMA,2025-05-14 22:52,80.00,63.00,56.23,19.55,6000.00,M
OMA,2025-05-14 23:52,79.00,64.00,60.17,14.95,4300.00,M
OMA,2025-05-15 00:52,77.00,66.00,68.90,19.55,8000.00,29.90
OMA,2025-05-15 01:52,76.00,67.00,73.73,21.85,25000.00,31.05
OMA,2025-05-15 02:52,74.00,66.00,76.14,21.85,25000.00,33.35
OMA,2025-05-15 03:52,72.00,66.00,81.44,16.10,25000.00,31.05
OMA,2025-05-15 04:52,70.00,65.00,84.18,11.50,M,M
OMA,2025-05-15 05:52,71.00,65.00,81.37,16.10,25000.00,M
OMA,2025-05-15 06:52,70.00,62.00,75.78,18.40,25000.00,M
OMA,2025-05-15 07:52,66.00,53.00,62.89,12.65,2300.00,37.95
OMA,2025-05-15 08:52,68.00,51.00,54.53,13.80,M,41.40
OMA,2025-05-15 09:52,70.00,49.00,47.27,23.00,25000.00,32.20
OMA,2025-05-15 10:52,72.00,49.00,44.17,23.00,4500.00,35.65
OMA,2025-05-15 11:52,73.00,48.00,41.13,24.15,3400.00,44.85
OMA,2025-05-15 12:52,75.00,49.00,39.94,26.45,6000.00,46.00
OMA,2025-05-15 13:52,76.00,46.00,34.51,26.45,6000.00,43.70
OMA,2025-05-15 14:52,76.00,45.00,33.22,21.85,7000.00,40.25
OMA,2025-05-15 15:52,77.00,44.00,30.94,19.55,7000.00,39.10
OMA,2025-05-15 16:52,78.00,42.00,27.72,19.55,9000.00,35.65
OMA,2025-05-15 17:52,78.00,40.00,25.66,18.40,9000.00,32.20
OMA,2025-05-15 18:52,77.00,40.00,26.52,14.95,10000.00,32.20
OMA,2025-05-15 19:52,75.00,41.00,29.46,10.35,10000.00,M
OMA,2025-05-15 20:52,73.00,42.00,32.74,6.90,10000.00,M
OMA,2025-05-15 21:52,73.00,42.00,32.74,8.05,M,M
OMA,2025-05-15 22:52,72.00,42.00,33.86,8.05,M,M
OMA,2025-05-15 23:52,69.00,43.00,38.97,8.05,M,M
OMA,2025-05-16 00:52,63.00,45.00,51.79,4.60,M,M
OMA,2025-05-16 01:52,67.00,42.00,40.17,8.05,M,M
OMA,2025-05-16 02:52,66.00,40.00,38.48,12.65,M,M
OMA,2025-05-16 03:52,65.00,39.00,38.32,9.20,M,M
OMA,2025-05-16 04:52,64.00,39.00,39.68,8.05,M,M
OMA,2025-05-16 05:52,63.00,38.00,39.52,9.20,12000.00,M
OMA,2025-05-16 06:52,63.00,39.00,41.10,11.50,16000.00,M
OMA,2025-05-16 07:52,63.00,40.00,42.73,8.05,13000.00,M
OMA,2025-05-16 08:52,63.00,40.00,42.73,10.35,11000.00,M
OMA,2025-05-16 09:52,62.00,41.00,46.01,11.50,7500.00,M
OMA,2025-05-16 10:52,69.00,42.00,37.50,13.80,5500.00,M
OMA,2025-05-16 11:52,71.00,39.00,31.18,20.70,7000.00,34.50
OMA,2025-05-16 12:52,73.00,39.00,29.14,26.45,7500.00,40.25
OMA,2025-05-16 13:52,69.00,38.00,32.10,33.35,8000.00,47.15
OMA,2025-05-16 14:52,67.00,40.00,37.17,29.90,3200.00,52.90
OMA,2025-05-16 15:31,64.00,40.00,41.26,29.90,2700.00,55.20
OMA,2025-05-16 15:50,62.60,41.00,45.05,31.05,3000.00,55.20
OMA,2025-05-16 15:52,63.00,41.00,44.42,25.30,3000.00,55.20
OMA,2025-05-16 16:52,62.00,40.00,44.26,31.05,3000.00,46.00
OMA,2025-05-16 17:52,60.00,43.00,53.35,23.00,3000.00,41.40
OMA,2025-05-16 18:52,59.00,43.00,55.29,18.40,4200.00,44.85
OMA,2025-05-16 19:52,58.00,41.00,53.05,28.75,4700.00,44.85
OMA,2025-05-16 20:52,58.00,42.00,55.14,21.85,3900.00,47.15
OMA,2025-05-16 21:52,56.00,43.00,61.59,20.70,3600.00,50.60
OMA,2025-05-16 22:52,56.00,43.00,61.59,19.55,3600.00,37.95
OMA,2025-05-16 23:52,55.00,43.00,63.87,16.10,3500.00,34.50
OMA,2025-05-17 00:52,54.00,43.00,66.24,17.25,3500.00,M
OMA,2025-05-17 01:52,53.00,42.00,66.11,19.55,3500.00,M
OMA,2025-05-17 02:52,52.00,40.00,63.48,19.55,3500.00,33.35
OMA,2025-05-17 03:52,52.00,39.00,61.05,18.40,3500.00,37.95
OMA,2025-05-17 04:52,52.00,40.00,63.48,17.25,3400.00,34.50
OMA,2025-05-17 05:52,51.00,41.00,68.48,14.95,3200.00,M
OMA,2025-05-17 06:52,50.00,40.00,68.36,17.25,3400.00,M
OMA,2025-05-17 07:52,50.00,38.00,63.22,20.70,3400.00,36.80
OMA,2025-05-17 08:52,53.00,38.00,56.59,20.70,3400.00,31.05
OMA,2025-05-17 09:52,54.00,36.00,50.41,23.00,3400.00,35.65
OMA,2025-05-17 10:52,58.00,38.00,47.19,18.40,3800.00,31.05
OMA,2025-05-17 11:52,61.00,39.00,44.10,17.25,M,29.90
OMA,2025-05-17 12:52,64.00,39.00,39.68,14.95,M,M
OMA,2025-05-17 13:52,67.00,38.00,34.38,14.95,M,M
OMA,2025-05-17 14:52,69.00,38.00,32.10,16.10,M,31.05
OMA,2025-05-17 15:52,70.00,37.00,29.82,14.95,M,M
OMA,2025-05-17 16:52,70.00,36.00,28.67,11.50,M,M
OMA,2025-05-17 17:52,70.00,36.00,28.67,8.05,25000.00,M
OMA,2025-05-17 18:52,69.00,35.00,28.51,13.80,25000.00,M
OMA,2025-05-17 19:52,65.00,35.00,32.73,10.35,20000.00,M
OMA,2025-05-17 20:52,60.00,36.00,40.61,6.90,20000.00,M
OMA,2025-05-17 21:52,54.00,38.00,54.55,6.90,25000.00,M
OMA,2025-05-17 22:52,55.00,39.00,54.70,3.45,25000.00,M
OMA,2025-05-17 23:52,49.00,39.00,68.24,4.60,M,M
OMA,2025-05-18 00:52,49.00,39.00,68.24,6.90,M,M
OMA,2025-05-18 01:52,48.00,38.00,68.12,4.60,M,M
OMA,2025-05-18 02:52,50.00,38.00,63.22,4.60,12000.00,M
OMA,2025-05-18 03:52,48.00,37.00,65.50,3.45,12000.00,M
OMA,2025-05-18 04:52,45.00,36.00,70.51,3.45,M,M
OMA,2025-05-18 05:52,44.00,36.00,73.25,0.00,M,M
OMA,2025-05-18 06:52,44.00,36.00,73.25,0.00,25000.00,M
OMA,2025-05-18 07:52,46.00,36.00,67.89,6.90,25000.00,M
OMA,2025-05-18 08:52,50.00,38.00,63.22,10.35,25000.00,M
OMA,2025-05-18 09:52,55.00,39.00,54.70,6.90,25000.00,M
OMA,2025-05-18 10:52,59.00,39.00,47.35,8.05,25000.00,M
OMA,2025-05-18 11:52,64.00,38.00,38.16,10.35,25000.00,M
OMA,2025-05-18 12:52,68.00,37.00,31.93,9.20,25000.00,M
OMA,2025-05-18 13:52,73.00,36.00,25.90,14.95,20000.00,M
OMA,2025-05-18 14:52,77.00,35.00,21.78,16.10,20000.00,M
OMA,2025-05-18 15:52,78.00,34.00,20.25,17.25,20000.00,32.20
OMA,2025-05-18 16:52,80.00,35.00,19.74,18.40,25000.00,M
OMA,2025-05-18 17:52,79.00,35.00,20.39,21.85,18000.00,32.20
OMA,2025-05-18 18:52,77.00,38.00,24.52,21.85,8000.00,31.05
OMA,2025-05-18 19:52,74.00,37.00,26.05,18.40,8000.00,33.35
OMA,2025-05-18 20:52,73.00,39.00,29.14,16.10,7000.00,34.50
OMA,2025-05-18 21:52,68.00,46.00,45.22,16.10,6500.00,31.05
OMA,2025-05-18 22:29,61.00,51.00,69.61,14.95,4000.00,29.90
OMA,2025-05-18 22:41,62.00,52.00,69.72,11.50,3800.00,29.90
OMA,2025-05-18 22:52,61.00,52.00,72.23,11.50,3500.00,29.90
OMA,2025-05-18 23:52,60.00,52.00,74.84,9.20,5000.00,34.50
OMA,2025-05-19 00:52,59.00,53.00,80.47,0.00,3800.00,29.90
OMA,2025-05-19 01:04,59.00,52.00,77.56,0.00,3400.00,M
OMA,2025-05-19 01:19,59.00,52.00,77.56,5.75,3200.00,M
OMA,2025-05-19 01:52,57.00,53.00,86.46,10.35,3500.00,M
OMA,2025-05-19 02:52,57.00,53.00,86.46,11.50,3200.00,32.20
OMA,2025-05-19 03:52,58.00,55.00,89.73,20.70,4300.00,37.95
OMA,2025-05-19 04:05,58.00,56.00,93.04,17.25,4300.00,32.20
OMA,2025-05-19 04:52,59.00,56.00,89.77,20.70,6500.00,36.80
OMA,2025-05-19 05:20,59.00,56.00,89.77,16.10,4000.00,M
OMA,2025-05-19 05:45,60.00,56.00,86.62,18.40,3300.00,M
OMA,2025-05-19 05:52,60.00,56.00,86.62,18.40,3300.00,M
OMA,2025-05-19 06:52,61.00,57.00,86.68,20.70,2500.00,31.05
OMA,2025-05-19 07:07,61.00,57.00,86.68,14.95,2400.00,M
OMA,2025-05-19 07:52,60.00,56.00,86.62,17.25,1600.00,32.20
OMA,2025-05-19 08:52,60.00,56.00,86.62,18.40,1300.00,34.50
OMA,2025-05-19 09:52,62.00,57.00,83.67,19.55,1300.00,29.90
OMA,2025-05-19 10:52,64.00,59.00,83.80,18.40,1200.00,33.35
OMA,2025-05-19 11:52,65.00,61.00,86.89,18.40,1100.00,29.90
OMA,2025-05-19 12:25,64.00,62.00,93.22,16.10,900.00,M
OMA,2025-05-19 12:52,65.00,63.00,93.24,13.80,800.00,M
OMA,2025-05-19 13:52,66.00,63.00,90.06,14.95,800.00,M
OMA,2025-05-19 14:48,66.20,64.40,93.93,14.95,700.00,M
OMA,2025-05-19 14:52,66.00,64.00,93.27,17.25,700.00,M
OMA,2025-05-19 15:41,67.00,64.00,90.10,20.70,700.00,31.05
OMA,2025-05-19 15:52,68.00,64.00,87.05,20.70,700.00,32.20
OMA,2025-05-19 16:52,69.00,64.00,84.12,21.85,900.00,32.20
OMA,2025-05-19 17:52,67.00,62.00,83.99,18.40,1100.00,36.80
OMA,2025-05-19 18:52,66.00,62.00,86.95,21.85,1100.00,39.10
OMA,2025-05-19 19:52,65.00,61.00,86.89,14.95,1400.00,35.65
OMA,2025-05-19 20:52,62.00,57.00,83.67,10.35,1400.00,M
OMA,2025-05-19 21:27,63.00,58.00,83.73,13.80,3700.00,M
OMA,2025-05-19 21:52,64.00,59.00,83.80,17.25,3700.00,M
OMA,2025-05-19 22:52,64.00,59.00,83.80,20.70,4300.00,32.20
OMA,2025-05-19 23:52,63.00,58.00,83.73,18.40,4500.00,M
OMA,2025-05-20 00:52,62.00,57.00,83.67,11.50,18000.00,M
OMA,2025-05-20 01:52,63.00,57.00,80.77,5.75,4100.00,M
OMA,2025-05-20 02:47,62.60,57.20,82.51,0.00,2800.00,M
OMA,2025-05-20 02:52,62.00,58.00,86.73,0.00,2600.00,M
OMA,2025-05-20 03:52,61.00,59.00,93.13,0.00,1200.00,M
OMA,2025-05-20 04:06,61.00,59.00,93.13,0.00,1200.00,M
OMA,2025-05-20 04:32,62.00,60.00,93.16,8.05,1000.00,M
OMA,2025-05-20 04:52,62.00,60.00,93.16,9.20,3300.00,M
OMA,2025-05-20 05:19,62.00,60.00,93.16,10.35,2700.00,M
OMA,2025-05-20 05:26,61.00,59.00,93.13,12.65,900.00,M
OMA,2025-05-20 05:44,61.00,59.00,93.13,12.65,1100.00,M
OMA,2025-05-20 05:52,61.00,59.00,93.13,11.50,1100.00,M
OMA,2025-05-20 05:59,61.00,59.00,93.13,12.65,900.00,M
OMA,2025-05-20 06:07,61.00,59.00,93.13,10.35,900.00,M
OMA,2025-05-20 06:15,61.00,59.00,93.13,9.20,900.00,M
OMA,2025-05-20 06:52,61.00,59.00,93.13,4.60,3700.00,M
OMA,2025-05-20 07:13,61.00,59.00,93.13,6.90,900.00,M
OMA,2025-05-20 07:21,59.00,57.00,93.07,13.80,700.00,M
OMA,2025-05-20 07:52,55.00,53.00,92.95,12.65,600.00,M
OMA,2025-05-20 08:52,53.00,51.00,92.89,10.35,600.00,M
OMA,2025-05-20 09:52,54.00,51.00,89.55,11.50,700.00,M
OMA,2025-05-20 10:40,54.00,50.00,86.29,14.95,1000.00,M
OMA,2025-05-20 10:49,53.60,50.00,87.56,14.95,800.00,M
OMA,2025-05-20 10:52,53.00,50.00,89.51,14.95,800.00,M
OMA,2025-05-20 11:30,54.00,49.00,83.13,14.95,800.00,M
OMA,2025-05-20 11:52,54.00,49.00,83.13,12.65,800.00,M
OMA,2025-05-20 12:52,54.00,48.00,80.08,17.25,1300.00,M
OMA,2025-05-20 13:42,55.00,49.00,80.16,9.20,1500.00,M
OMA,2025-05-20 13:52,55.00,49.00,80.16,16.10,1500.00,M
OMA,2025-05-20 14:52,56.00,50.00,80.23,12.65,1600.00,M
OMA,2025-05-20 15:52,58.00,50.00,74.65,14.95,2400.00,M
OMA,2025-05-20 16:52,57.00,49.00,74.55,12.65,2200.00,M
OMA,2025-05-20 17:52,57.00,48.00,71.81,16.10,2200.00,29.90
OMA,2025-05-20 18:52,56.00,47.00,71.71,17.25,2700.00,M
OMA,2025-05-20 18:59,56.00,46.00,69.05,17.25,2800.00,M
OMA,2025-05-20 19:52,55.00,46.00,71.60,12.65,2700.00,M
OMA,2025-05-20 20:52,54.00,45.00,71.50,10.35,3200.00,M
OMA,2025-05-20 21:52,53.00,45.00,74.16,10.35,4000.00,M
OMA,2025-05-20 22:52,52.00,44.00,74.06,8.05,4000.00,M
OMA,2025-05-20 23:52,50.00,44.00,79.76,10.35,5500.00,M
OMA,2025-05-21 00:52,49.00,44.00,82.79,10.35,M,M
OMA,2025-05-21 01:52,49.00,43.00,79.68,12.65,M,M
OMA,2025-05-21 02:52,47.00,43.00,85.89,9.20,M,M
OMA,2025-05-21 03:52,47.00,43.00,85.89,8.05,M,M
OMA,2025-05-21 04:52,47.00,42.00,82.65,9.20,M,M
OMA,2025-05-21 05:52,46.00,42.00,85.83,9.20,M,M
OMA,2025-05-21 06:04,47.00,43.00,85.89,10.35,2100.00,M
OMA,2025-05-21 06:45,47.00,43.00,85.89,11.50,2300.00,M
OMA,2025-05-21 06:52,47.00,43.00,85.89,11.50,2200.00,M
OMA,2025-05-21 07:52,51.00,44.00,76.85,11.50,2200.00,M
OMA,2025-05-21 08:46,51.80,44.60,76.34,13.80,2500.00,M
OMA,2025-05-21 08:52,53.00,44.00,71.39,12.65,2500.00,M
OMA,2025-05-21 09:19,53.00,43.00,68.71,17.25,2500.00,M
OMA,2025-05-21 09:44,53.00,43.00,68.71,16.10,2900.00,M
OMA,2025-05-21 09:52,53.00,42.00,66.11,17.25,2900.00,M
OMA,2025-05-21 10:52,56.00,44.00,63.99,14.95,2900.00,M
OMA,2025-05-21 11:07,56.00,44.00,63.99,16.10,2900.00,M
OMA,2025-05-21 11:52,60.00,45.00,57.59,16.10,2900.00,M
OMA,2025-05-21 12:52,61.00,44.00,53.50,18.40,3600.00,M
OMA,2025-05-21 13:52,62.00,45.00,53.65,20.70,4000.00,32.20
OMA,2025-05-21 14:52,64.00,46.00,51.94,17.25,4400.00,31.05
OMA,2025-05-21 15:52,63.00,46.00,53.79,14.95,4300.00,M
OMA,2025-05-21 16:52,64.00,46.00,51.94,13.80,4300.00,M
OMA,2025-05-21 17:52,62.00,46.00,55.72,12.65,4000.00,M
OMA,2025-05-21 18:52,63.00,46.00,53.79,11.50,4000.00,M
OMA,2025-05-21 19:52,60.00,45.00,57.59,14.95,20000.00,M
OMA,2025-05-21 20:52,56.00,45.00,66.48,8.05,20000.00,M
OMA,2025-05-21 21:52,52.00,45.00,76.94,5.75,20000.00,M
OMA,2025-05-21 22:52,50.00,46.00,86.06,0.00,20000.00,M
OMA,2025-05-21 23:52,49.00,43.00,79.68,4.60,20000.00,M
OMA,2025-05-22 00:52,49.00,45.00,86.00,0.00,M,M
OMA,2025-05-22 01:52,47.00,43.00,85.89,4.60,M,M
OMA,2025-05-22 02:52,45.00,43.00,92.64,4.60,M,M
OMA,2025-05-22 03:52,44.00,42.00,92.61,4.60,M,M
OMA,2025-05-22 04:52,43.00,42.00,96.23,4.60,11000.00,M
OMA,2025-05-22 05:52,44.00,41.00,89.10,5.75,11000.00,M
OMA,2025-05-22 06:52,46.00,42.00,85.83,5.75,11000.00,M
OMA,2025-05-22 07:52,49.00,42.00,76.67,9.20,11000.00,M
OMA,2025-05-22 08:52,52.00,40.00,63.48,16.10,2000.00,M
OMA,2025-05-22 09:52,54.00,41.00,61.32,13.80,2500.00,M
OMA,2025-05-22 10:52,58.00,42.00,55.14,17.25,3100.00,M
OMA,2025-05-22 11:52,58.00,40.00,51.03,18.40,4000.00,M
OMA,2025-05-22 12:52,61.00,40.00,45.85,18.40,4500.00,M
OMA,2025-05-22 13:52,63.00,40.00,42.73,14.95,4800.00,M
OMA,2025-05-22 14:52,64.00,40.00,41.26,12.65,4900.00,M
OMA,2025-05-22 15:52,64.00,40.00,41.26,13.80,5000.00,M
OMA,2025-05-22 16:52,64.00,41.00,42.89,14.95,5000.00,M
OMA,2025-05-22 17:52,64.00,41.00,42.89,16.10,5000.00,M
OMA,2025-05-22 18:52,63.00,40.00,42.73,9.20,5000.00,M
OMA,2025-05-22 19:52,61.00,42.00,49.55,6.90,5000.00,M
OMA,2025-05-22 20:52,58.00,44.00,59.54,5.75,5000.00,M
OMA,2025-05-22 21:52,54.00,44.00,68.82,4.60,25000.00,M
OMA,2025-05-22 22:52,50.00,46.00,86.06,5.75,25000.00,M
OMA,2025-05-22 23:52,50.00,46.00,86.06,3.45,25000.00,M
OMA,2025-05-23 00:52,48.00,46.00,92.74,3.45,M,M
OMA,2025-05-23 01:52,46.00,45.00,96.28,4.60,M,M
OMA,2025-05-23 02:52,45.00,44.00,96.26,0.00,M,M
OMA,2025-05-23 03:52,44.00,43.00,96.24,0.00,25000.00,M
OMA,2025-05-23 04:52,46.00,44.00,92.68,0.00,22000.00,M
OMA,2025-05-23 05:52,46.00,44.00,92.68,3.45,22000.00,M
OMA,2025-05-23 06:52,48.00,45.00,89.28,3.45,11000.00,M
OMA,2025-05-23 07:52,51.00,46.00,82.93,0.00,11000.00,M
OMA,2025-05-23 08:52,54.00,47.00,77.12,0.00,13000.00,M
OMA,2025-05-23 09:52,57.00,45.00,64.12,0.00,12000.00,M
OMA,2025-05-23 10:52,60.00,42.00,51.34,3.45,3500.00,M
OMA,2025-05-23 11:52,61.00,41.00,47.67,3.45,4000.00,M
OMA,2025-05-23 12:52,63.00,42.00,46.17,6.90,4000.00,M
OMA,2025-05-23 13:52,64.00,42.00,44.58,9.20,9500.00,M
OMA,2025-05-23 14:52,64.00,40.00,41.26,6.90,9500.00,M
OMA,2025-05-23 15:52,65.00,42.00,43.05,6.90,8500.00,M
OMA,2025-05-23 16:52,64.00,44.00,48.14,10.35,7000.00,M
OMA,2025-05-23 17:52,60.00,49.00,66.96,4.60,7000.00,M
OMA,2025-05-23 18:52,57.00,52.00,83.34,8.05,7000.00,M
OMA,2025-05-23 19:52,56.00,52.00,86.40,5.75,4300.00,M
OMA,2025-05-23 20:52,55.00,53.00,92.95,5.75,4800.00,M
OMA,2025-05-23 21:52,55.00,53.00,92.95,3.45,5000.00,M
OMA,2025-05-23 22:52,55.00,53.00,92.95,5.75,5000.00,M
OMA,2025-05-23 23:52,55.00,52.00,89.60,4.60,5000.00,M
OMA,2025-05-24 00:52,55.00,52.00,89.60,4.60,5000.00,M
OMA,2025-05-24 01:52,56.00,50.00,80.23,6.90,7000.00,M
OMA,2025-05-24 02:52,54.00,49.00,83.13,4.60,7000.00,M
OMA,2025-05-24 03:52,55.00,51.00,86.35,5.75,6500.00,M
OMA,2025-05-24 04:52,56.00,49.00,77.30,0.00,7000.00,M
OMA,2025-05-24 05:52,54.00,50.00,86.29,5.75,7000.00,M
OMA,2025-05-24 06:52,55.00,49.00,80.16,5.75,10000.00,M
OMA,2025-05-24 07:52,57.00,48.00,71.81,13.80,11000.00,M
OMA,2025-05-24 08:52,59.00,48.00,66.84,16.10,6500.00,M
OMA,2025-05-24 09:52,60.00,49.00,66.96,10.35,7000.00,M
OMA,2025-05-24 10:52,65.00,49.00,56.15,8.05,7000.00,M
OMA,2025-05-24 11:52,67.00,48.00,50.47,8.05,7000.00,M
OMA,2025-05-24 12:52,67.00,49.00,52.39,6.90,7000.00,M
OMA,2025-05-24 13:52,68.00,49.00,50.62,4.60,10000.00,M
OMA,2025-05-24 14:52,66.00,51.00,58.42,9.20,4000.00,M
OMA,2025-05-24 15:52,64.00,55.00,72.54,12.65,4000.00,M
OMA,2025-05-24 16:52,63.00,54.00,72.44,10.35,8000.00,M
OMA,2025-05-24 17:52,62.00,54.00,75.03,11.50,8000.00,M
OMA,2025-05-24 18:52,61.00,54.00,77.73,5.75,10000.00,M
OMA,2025-05-24 19:52,62.00,52.00,69.72,9.20,5500.00,M
OMA,2025-05-24 20:52,61.00,53.00,74.94,0.00,10000.00,M
OMA,2025-05-24 21:52,62.00,50.00,64.75,10.35,8000.00,M
OMA,2025-05-24 22:52,62.00,49.00,62.38,9.20,11000.00,M
OMA,2025-05-24 23:52,60.00,51.00,72.13,4.60,8000.00,M
OMA,2025-05-25 00:52,57.00,53.00,86.46,3.45,7000.00,M
OMA,2025-05-25 01:52,58.00,52.00,80.39,10.35,6000.00,M
OMA,2025-05-25 02:52,56.00,52.00,86.40,4.60,4400.00,M
OMA,2025-05-25 03:52,56.00,51.00,83.27,11.50,4300.00,M
OMA,2025-05-25 04:52,54.00,52.00,92.92,5.75,4000.00,M
OMA,2025-05-25 05:52,54.00,52.00,92.92,4.60,3600.00,M
OMA,2025-05-25 06:52,55.00,51.00,86.35,11.50,3400.00,M
OMA,2025-05-25 07:52,56.00,50.00,80.23,11.50,4200.00,M
OMA,2025-05-25 08:52,57.00,50.00,77.39,6.90,4000.00,M
OMA,2025-05-25 09:52,58.00,51.00,77.47,5.75,4400.00,M
OMA,2025-05-25 10:52,59.00,50.00,72.02,8.05,4600.00,M
OMA,2025-05-25 11:52,62.00,49.00,62.38,14.95,4800.00,M
OMA,2025-05-25 12:52,65.00,48.00,54.09,18.40,4900.00,M
OMA,2025-05-25 13:52,68.00,49.00,50.62,14.95,5000.00,M
OMA,2025-05-25 14:52,69.00,48.00,47.11,18.40,5500.00,M
OMA,2025-05-25 15:52,68.00,48.00,48.76,13.80,4500.00,M
OMA,2025-05-25 16:52,69.00,47.00,45.37,14.95,4500.00,M
OMA,2025-05-25 17:52,69.00,47.00,45.37,14.95,4500.00,M
OMA,2025-05-25 18:52,68.00,47.00,46.96,14.95,4500.00,M
OMA,2025-05-25 19:52,67.00,47.00,48.60,11.50,4500.00,M
OMA,2025-05-25 20:52,65.00,48.00,54.09,4.60,8000.00,M
OMA,2025-05-25 21:52,63.00,48.00,58.01,5.75,8000.00,M
OMA,2025-05-25 22:52,62.00,48.00,60.09,4.60,8500.00,M
OMA,2025-05-25 23:52,59.00,49.00,69.39,6.90,8500.00,M
OMA,2025-05-26 00:52,58.00,48.00,69.28,8.05,25000.00,M
OMA,2025-05-26 01:52,57.00,49.00,74.55,6.90,25000.00,M
OMA,2025-05-26 02:52,57.00,49.00,74.55,9.20,20000.00,M
OMA,2025-05-26 03:52,56.00,48.00,74.46,6.90,5500.00,M
OMA,2025-05-26 04:52,56.00,48.00,74.46,6.90,6000.00,M
OMA,2025-05-26 05:52,55.00,49.00,80.16,0.00,6500.00,M
OMA,2025-05-26 06:52,56.00,49.00,77.30,0.00,5000.00,M
OMA,2025-05-26 07:52,57.00,49.00,74.55,9.20,5000.00,M
OMA,2025-05-26 08:52,59.00,50.00,72.02,9.20,5500.00,M
OMA,2025-05-26 09:52,61.00,50.00,67.08,10.35,7500.00,M
OMA,2025-05-26 10:52,64.00,49.00,58.15,12.65,7500.00,M
OMA,2025-05-26 11:52,66.00,47.00,50.31,13.80,4000.00,M
OMA,2025-05-26 12:52,67.00,42.00,40.17,14.95,5000.00,M
OMA,2025-05-26 13:52,68.00,42.00,38.81,16.10,5500.00,31.05
OMA,2025-05-26 14:52,66.00,45.00,46.64,14.95,5500.00,M
OMA,2025-05-26 15:52,61.00,51.00,69.61,8.05,7000.00,M
OMA,2025-05-26 16:52,59.00,49.00,69.39,8.05,7000.00,M
OMA,2025-05-26 17:52,58.00,52.00,80.39,3.45,7500.00,M
OMA,2025-05-26 18:52,57.00,53.00,86.46,4.60,8500.00,M
OMA,2025-05-26 19:52,57.00,53.00,86.46,5.75,7000.00,M
OMA,2025-05-26 20:52,56.00,52.00,86.40,6.90,6000.00,M
OMA,2025-05-26 21:52,56.00,52.00,86.40,4.60,6000.00,M
OMA,2025-05-26 22:52,56.00,52.00,86.40,4.60,5500.00,M
OMA,2025-05-26 23:52,55.00,51.00,86.35,0.00,5000.00,M
OMA,2025-05-27 00:52,55.00,52.00,89.60,3.45,4800.00,M
OMA,2025-05-27 01:52,55.00,52.00,89.60,4.60,4800.00,M
OMA,2025-05-27 02:52,54.00,52.00,92.92,5.75,4400.00,M
OMA,2025-05-27 03:52,54.00,52.00,92.92,5.75,3400.00,M
OMA,2025-05-27 04:52,54.00,52.00,92.92,8.05,3000.00,M
OMA,2025-05-27 05:52,54.00,52.00,92.92,6.90,3600.00,M
OMA,2025-05-27 06:52,54.00,51.00,89.55,5.75,3100.00,M
OMA,2025-05-27 07:52,54.00,51.00,89.55,8.05,4000.00,M
OMA,2025-05-27 08:52,55.00,51.00,86.35,8.05,4200.00,M
OMA,2025-05-27 09:52,56.00,52.00,86.40,6.90,4700.00,M
OMA,2025-05-27 10:52,57.00,51.00,80.31,10.35,1000.00,M
OMA,2025-05-27 11:52,58.00,51.00,77.47,10.35,1000.00,M
OMA,2025-05-27 12:52,58.00,50.00,74.65,11.50,1500.00,M
OMA,2025-05-27 13:27,58.00,51.00,77.47,6.90,2500.00,M
OMA,2025-05-27 13:52,60.00,52.00,74.84,8.05,2300.00,M
OMA,2025-05-27 14:00,60.00,51.00,72.13,9.20,2300.00,M
OMA,2025-05-27 14:52,60.00,50.00,69.50,8.05,3000.00,M
OMA,2025-05-27 15:52,61.00,50.00,67.08,6.90,2600.00,M
OMA,2025-05-27 16:52,59.00,52.00,77.56,6.90,3200.00,M
OMA,2025-05-27 17:52,60.00,51.00,72.13,5.75,3200.00,M
OMA,2025-05-27 18:52,59.00,52.00,77.56,6.90,3200.00,M
OMA,2025-05-27 19:52,59.00,52.00,77.56,3.45,3000.00,M
OMA,2025-05-27 20:52,58.00,53.00,83.40,4.60,4900.00,M
OMA,2025-05-27 21:52,57.00,53.00,86.46,3.45,5000.00,M
OMA,2025-05-27 22:52,57.00,53.00,86.46,4.60,5000.00,M
OMA,2025-05-27 23:52,56.00,52.00,86.40,4.60,4600.00,M
OMA,2025-05-28 00:52,55.00,52.00,89.60,3.45,8500.00,M
OMA,2025-05-28 01:52,55.00,54.00,96.42,4.60,8500.00,M
OMA,2025-05-28 02:52,53.00,53.00,100.00,4.60,8000.00,M
OMA,2025-05-28 03:30,52.00,52.00,100.00,5.75,400.00,M
OMA,2025-05-28 03:39,53.00,53.00,100.00,5.75,400.00,M
OMA,2025-05-28 03:52,54.00,53.00,96.40,6.90,400.00,M
OMA,2025-05-28 04:41,53.00,53.00,100.00,9.20,200.00,M
OMA,2025-05-28 04:52,53.00,53.00,100.00,8.05,200.00,M
OMA,2025-05-28 05:52,53.00,53.00,100.00,5.75,200.00,M
OMA,2025-05-28 06:42,53.00,53.00,100.00,3.45,200.00,M
OMA,2025-05-28 06:52,53.00,53.00,100.00,3.45,200.00,M
OMA,2025-05-28 07:30,53.00,53.00,100.00,0.00,200.00,M
OMA,2025-05-28 07:52,53.00,53.00,100.00,3.45,200.00,M
OMA,2025-05-28 08:06,54.00,53.00,96.40,4.60,400.00,M
OMA,2025-05-28 08:16,54.00,53.00,96.40,0.00,500.00,M
OMA,2025-05-28 08:52,54.00,53.00,96.40,3.45,600.00,M
OMA,2025-05-28 09:17,56.00,52.00,86.40,0.00,800.00,M
OMA,2025-05-28 09:52,61.00,52.00,72.23,3.45,1200.00,M
OMA,2025-05-28 10:52,64.00,51.00,62.64,3.45,2500.00,M
OMA,2025-05-28 11:52,65.00,49.00,56.15,5.75,2700.00,M
OMA,2025-05-28 12:52,67.00,49.00,52.39,5.75,3800.00,M
OMA,2025-05-28 13:52,68.00,48.00,48.76,6.90,4000.00,M
OMA,2025-05-28 14:52,67.00,50.00,54.38,8.05,4000.00,M
OMA,2025-05-28 15:52,67.00,48.00,50.47,5.75,4700.00,M
OMA,2025-05-28 16:52,68.00,49.00,50.62,6.90,4500.00,M
OMA,2025-05-28 17:52,67.00,48.00,50.47,6.90,4500.00,M
OMA,2025-05-28 18:52,66.00,48.00,52.24,5.75,5000.00,M
OMA,2025-05-28 19:52,65.00,49.00,56.15,5.75,7000.00,M
OMA,2025-05-28 20:52,63.00,50.00,62.51,5.75,5000.00,M
OMA,2025-05-28 21:52,62.00,50.00,64.75,5.75,4800.00,M
OMA,2025-05-28 22:52,58.00,52.00,80.39,5.75,5000.00,M
OMA,2025-05-28 23:52,56.00,52.00,86.40,3.45,14000.00,M
OMA,2025-05-29 00:52,53.00,51.00,92.89,5.75,21000.00,M
OMA,2025-05-29 01:52,54.00,51.00,89.55,5.75,14000.00,M
OMA,2025-05-29 02:52,53.00,51.00,92.89,4.60,15000.00,M
OMA,2025-05-29 03:52,50.00,49.00,96.34,4.60,15000.00,M
OMA,2025-05-29 04:52,50.00,49.00,96.34,8.05,15000.00,M
OMA,2025-05-29 05:52,49.00,48.00,96.32,4.60,15000.00,M
OMA,2025-05-29 06:52,50.00,49.00,96.34,6.90,15000.00,M
OMA,2025-05-29 07:52,53.00,51.00,92.89,9.20,15000.00,M
OMA,2025-05-29 08:27,56.00,51.00,83.27,9.20,600.00,M
OMA,2025-05-29 08:52,57.00,52.00,83.34,8.05,M,M
OMA,2025-05-29 09:52,61.00,53.00,74.94,6.90,1400.00,M
OMA,2025-05-29 10:52,64.00,51.00,62.64,8.05,2300.00,M
OMA,2025-05-29 11:52,68.00,48.00,48.76,8.05,3600.00,M
OMA,2025-05-29 12:52,67.00,49.00,52.39,12.65,4900.00,M
OMA,2025-05-29 13:52,69.00,47.00,45.37,8.05,4900.00,M
OMA,2025-05-29 14:52,71.00,47.00,42.38,9.20,5000.00,M
OMA,2025-05-29 15:52,71.00,47.00,42.38,9.20,5500.00,M
OMA,2025-05-29 16:52,71.00,47.00,42.38,13.80,6000.00,M
OMA,2025-05-29 17:52,69.00,48.00,47.11,14.95,6000.00,M
OMA,2025-05-29 18:52,69.00,47.00,45.37,10.35,6000.00,M
OMA,2025-05-29 19:52,67.00,46.00,46.80,10.35,6000.00,M
OMA,2025-05-29 20:52,63.00,48.00,58.01,9.20,6000.00,M
OMA,2025-05-29 21:52,58.00,50.00,74.65,4.60,11000.00,M
OMA,2025-05-29 22:52,58.00,51.00,77.47,4.60,25000.00,M
OMA,2025-05-29 23:52,56.00,51.00,83.27,0.00,25000.00,M
OMA,2025-05-30 00:52,54.00,51.00,89.55,3.45,M,M
OMA,2025-05-30 01:52,53.00,50.00,89.51,0.00,M,M
OMA,2025-05-30 02:52,52.00,48.00,86.18,0.00,M,M
OMA,2025-05-30 03:52,53.00,47.00,80.00,0.00,M,M
OMA,2025-05-30 04:52,54.00,47.00,77.12,3.45,8000.00,M
OMA,2025-05-30 05:52,53.00,47.00,80.00,0.00,8000.00,M
OMA,2025-05-30 06:52,52.00,48.00,86.18,3.45,8000.00,M
OMA,2025-05-30 07:52,57.00,49.00,74.55,0.00,M,M
OMA,2025-05-30 08:52,61.00,49.00,64.62,5.75,M,M
OMA,2025-05-30 09:52,67.00,50.00,54.38,6.90,M,M
OMA,2025-05-30 10:52,72.00,49.00,44.17,0.00,M,M
OMA,2025-05-30 11:52,74.00,48.00,39.78,5.75,M,M
OMA,2025-05-30 12:52,76.00,47.00,35.84,8.05,M,M
OMA,2025-05-30 13:52,77.00,49.00,37.37,8.05,6000.00,M
OMA,2025-05-30 14:52,77.00,48.00,36.00,8.05,6000.00,M
OMA,2025-05-30 15:52,77.00,46.00,33.38,5.75,6500.00,M
OMA,2025-05-30 16:52,78.00,49.00,36.16,11.50,6500.00,M
OMA,2025-05-30 17:52,77.00,48.00,36.00,10.35,20000.00,M
OMA,2025-05-30 18:52,76.00,47.00,35.84,9.20,20000.00,M
OMA,2025-05-30 19:52,74.00,47.00,38.31,4.60,20000.00,M
OMA,2025-05-30 20:52,68.00,52.00,56.58,3.45,20000.00,M
OMA,2025-05-30 21:52,65.00,51.00,60.49,4.60,20000.00,M
OMA,2025-05-30 22:52,64.00,51.00,62.64,4.60,20000.00,M
OMA,2025-05-30 23:52,62.00,52.00,69.72,4.60,20000.00,M
OMA,2025-05-31 00:52,61.00,50.00,67.08,3.45,20000.00,M
OMA,2025-05-31 01:52,60.00,50.00,69.50,4.60,20000.00,M
OMA,2025-05-31 02:52,58.00,49.00,71.92,4.60,20000.00,M
OMA,2025-05-31 03:52,58.00,49.00,71.92,5.75,20000.00,M
OMA,2025-05-31 04:52,57.00,50.00,77.39,4.60,20000.00,M
OMA,2025-05-31 05:52,57.00,50.00,77.39,4.60,20000.00,M
OMA,2025-05-31 06:52,59.00,52.00,77.56,5.75,20000.00,M
OMA,2025-05-31 07:52,60.00,53.00,77.65,6.90,4000.00,M
OMA,2025-05-31 08:52,65.00,54.00,67.55,4.60,4000.00,M
OMA,2025-05-31 09:52,70.00,55.00,58.97,0.00,20000.00,M
OMA,2025-05-31 10:52,74.00,56.00,53.42,0.00,20000.00,M
OMA,2025-05-31 11:52,79.00,58.00,48.65,3.45,20000.00,M
OMA,2025-05-31 12:52,81.00,55.00,40.89,0.00,5500.00,M
OMA,2025-05-31 13:52,84.00,55.00,37.11,9.20,5500.00,M
OMA,2025-05-31 14:52,83.00,51.00,33.09,8.05,6500.00,M
OMA,2025-05-31 15:52,85.00,51.00,31.04,3.45,7000.00,M
OMA,2025-05-31 16:52,86.00,50.00,28.97,3.45,7000.00,M
OMA,2025-05-31 17:52,83.00,53.00,35.63,3.45,7000.00,M
OMA,2025-05-31 18:52,80.00,55.00,42.25,6.90,8500.00,M
OMA,2025-05-31 19:52,75.00,52.00,44.64,16.10,9500.00,M
OMA,2025-05-31 20:52,72.00,51.00,47.58,11.50,8500.00,M
OMA,2025-05-31 21:52,70.00,51.00,50.92,0.00,9000.00,M
OMA,2025-05-31 22:52,69.00,52.00,54.67,0.00,M,M
OMA,2025-05-31 23:52,64.00,53.00,67.43,5.75,M,M
OMA,2025-06-01 00:52,65.00,52.00,62.76,4.60,M,M
OMA,2025-06-01 01:52,62.00,55.00,77.82,0.00,M,M
OMA,2025-06-01 02:52,60.00,54.00,80.54,3.45,M,M
OMA,2025-06-01 03:52,59.00,53.00,80.47,0.00,M,M
OMA,2025-06-01 04:52,56.00,52.00,86.40,0.00,M,M
OMA,2025-06-01 05:52,55.00,52.00,89.60,4.60,M,M
OMA,2025-06-01 06:52,58.00,53.00,83.40,4.60,M,M
OMA,2025-06-01 07:52,62.00,54.00,75.03,0.00,M,M
OMA,2025-06-01 08:52,66.00,56.00,70.16,4.60,M,M
OMA,2025-06-01 09:52,71.00,57.00,61.28,4.60,M,M
OMA,2025-06-01 10:52,76.00,57.00,51.81,3.45,M,M
OMA,2025-06-01 11:52,80.00,59.00,48.80,4.60,M,M
OMA,2025-06-01 12:52,83.00,55.00,38.33,4.60,M,M
OMA,2025-06-01 13:52,84.00,50.00,30.88,3.45,M,M
OMA,2025-06-01 14:52,85.00,53.00,33.41,4.60,M,M
OMA,2025-06-01 15:52,87.00,53.00,31.35,8.05,M,M
OMA,2025-06-01 16:52,86.00,52.00,31.19,3.45,M,M
OMA,2025-06-01 17:52,86.00,51.00,30.06,4.60,M,M
OMA,2025-06-01 18:52,86.00,52.00,31.19,4.60,M,M
OMA,2025-06-01 19:52,84.00,54.00,35.79,5.75,M,M
OMA,2025-06-01 20:52,81.00,54.00,39.43,6.90,M,M
OMA,2025-06-01 21:52,74.00,58.00,57.42,5.75,M,M
OMA,2025-06-01 22:52,73.00,57.00,57.28,4.60,M,M
OMA,2025-06-01 23:52,70.00,56.00,61.15,8.05,M,M
OMA,2025-06-02 00:52,68.00,56.00,65.48,8.05,M,M
OMA,2025-06-02 01:52,66.00,56.00,70.16,9.20,M,M
OMA,2025-06-02 02:52,66.00,56.00,70.16,8.05,M,M
OMA,2025-06-02 03:52,65.00,56.00,72.64,9.20,M,M
OMA,2025-06-02 04:52,64.00,56.00,75.22,6.90,M,M
OMA,2025-06-02 05:52,64.00,57.00,77.99,6.90,20000.00,M
OMA,2025-06-02 06:52,66.00,57.00,72.74,10.35,20000.00,M
OMA,2025-06-02 07:52,69.00,59.00,70.49,10.35,20000.00,M
OMA,2025-06-02 08:52,74.00,59.00,59.51,9.20,20000.00,M
OMA,2025-06-02 09:52,80.00,59.00,48.80,14.95,20000.00,M
OMA,2025-06-02 10:52,83.00,58.00,42.72,19.55,20000.00,31.05
OMA,2025-06-02 11:52,86.00,57.00,37.43,17.25,20000.00,29.90
OMA,2025-06-02 12:52,87.00,55.00,33.73,20.70,20000.00,29.90
OMA,2025-06-02 13:52,88.00,55.00,32.68,18.40,20000.00,33.35
OMA,2025-06-02 14:52,91.00,57.00,31.98,16.10,20000.00,32.20
OMA,2025-06-02 16:52,90.00,56.00,31.82,17.25,25000.00,33.35
OMA,2025-06-02 17:52,90.00,56.00,31.82,19.55,25000.00,32.20
OMA,2025-06-02 18:52,87.00,57.00,36.26,19.55,18000.00,34.50
OMA,2025-06-02 19:52,86.00,59.00,40.22,11.50,8500.00,M
OMA,2025-06-02 20:52,84.00,60.00,44.43,13.80,9000.00,M
OMA,2025-06-02 21:52,82.00,59.00,45.73,12.65,10000.00,M
OMA,2025-06-02 22:52,80.00,60.00,50.57,14.95,10000.00,M
OMA,2025-06-02 23:52,80.00,61.00,52.40,12.65,8000.00,M
OMA,2025-06-03 00:52,78.00,61.00,55.95,13.80,4200.00,M
OMA,2025-06-03 01:00,78.00,60.00,54.00,14.95,4300.00,M
OMA,2025-06-03 01:28,79.00,62.00,56.09,16.10,3700.00,M
OMA,2025-06-03 01:41,78.00,62.00,57.97,17.25,3700.00,M
OMA,2025-06-03 01:52,76.00,65.00,68.79,12.65,3700.00,M
OMA,2025-06-03 02:52,72.00,68.00,87.26,11.50,1800.00,M
OMA,2025-06-03 03:20,70.00,68.00,93.38,8.05,1500.00,M
OMA,2025-06-03 03:33,71.00,67.00,87.21,8.05,2000.00,M
OMA,2025-06-03 03:52,69.00,64.00,84.12,10.35,4200.00,M
OMA,2025-06-03 04:46,66.20,64.40,93.93,5.75,3800.00,M
OMA,2025-06-03 04:52,67.00,65.00,93.30,5.75,3800.00,M
OMA,2025-06-03 05:26,67.00,65.00,93.30,0.00,2100.00,M
OMA,2025-06-03 05:52,67.00,65.00,93.30,3.45,1600.00,M
OMA,2025-06-03 06:48,66.20,64.40,93.93,11.50,600.00,M
OMA,2025-06-03 06:52,66.00,65.00,96.59,11.50,400.00,M
OMA,2025-06-03 07:02,65.00,63.00,93.24,8.05,400.00,M
OMA,2025-06-03 07:14,64.00,63.00,96.56,5.75,400.00,M
OMA,2025-06-03 07:29,64.00,63.00,96.56,18.40,400.00,M
OMA,2025-06-03 07:38,63.00,61.00,93.19,16.10,400.00,M
OMA,2025-06-03 07:52,62.00,61.00,96.53,14.95,600.00,M
OMA,2025-06-03 08:03,61.00,59.00,93.13,19.55,600.00,M
OMA,2025-06-03 08:52,59.00,57.00,93.07,18.40,800.00,29.90
OMA,2025-06-03 09:52,57.00,55.00,93.01,17.25,900.00,32.20
OMA,2025-06-03 10:44,58.00,55.00,89.73,14.95,1000.00,M
OMA,2025-06-03 10:52,57.00,55.00,93.01,13.80,1000.00,M
OMA,2025-06-03 11:04,57.00,55.00,93.01,16.10,1000.00,M
OMA,2025-06-03 11:20,57.00,55.00,93.01,13.80,900.00,M
OMA,2025-06-03 11:26,57.00,55.00,93.01,19.55,900.00,M
OMA,2025-06-03 11:52,57.00,55.00,93.01,14.95,900.00,M
OMA,2025-06-03 12:04,57.00,55.00,93.01,13.80,1100.00,M
OMA,2025-06-03 12:48,57.20,55.40,93.70,23.00,900.00,29.90
OMA,2025-06-03 12:52,57.00,55.00,93.01,21.85,900.00,29.90
OMA,2025-06-03 13:40,57.00,55.00,93.01,18.40,900.00,32.20
OMA,2025-06-03 13:47,57.20,55.40,93.70,19.55,1200.00,32.20
OMA,2025-06-03 13:52,57.00,55.00,93.01,16.10,1300.00,32.20
OMA,2025-06-03 14:52,58.00,55.00,89.73,14.95,1000.00,M
OMA,2025-06-03 15:52,58.00,55.00,89.73,17.25,1500.00,M
OMA,2025-06-03 16:32,58.00,55.00,89.73,17.25,1800.00,M
OMA,2025-06-03 16:52,59.00,55.00,86.57,16.10,1800.00,M
OMA,2025-06-03 17:52,59.00,54.00,83.47,11.50,2000.00,M
OMA,2025-06-03 18:52,58.00,54.00,86.51,10.35,3500.00,M
OMA,2025-06-03 19:52,60.00,55.00,83.54,4.60,11000.00,M
OMA,2025-06-03 20:52,60.00,56.00,86.62,3.45,13000.00,M
OMA,2025-06-03 21:52,56.00,54.00,92.98,5.75,13000.00,M
OMA,2025-06-03 22:52,57.00,55.00,93.01,0.00,13000.00,M
OMA,2025-06-03 23:52,55.00,55.00,100.00,0.00,13000.00,M
OMA,2025-06-04 00:52,54.00,53.00,96.40,0.00,M,M
OMA,2025-06-04 01:52,54.00,54.00,100.00,0.00,M,M
OMA,2025-06-04 02:20,52.00,52.00,100.00,0.00,500.00,M
OMA,2025-06-04 02:48,51.80,51.80,100.00,0.00,400.00,M
OMA,2025-06-04 02:52,52.00,51.00,96.37,0.00,400.00,M
OMA,2025-06-04 03:11,52.00,52.00,100.00,0.00,300.00,M
OMA,2025-06-04 03:40,51.00,51.00,100.00,0.00,100.00,M
OMA,2025-06-04 03:52,51.00,51.00,100.00,0.00,100.00,M
OMA,2025-06-04 04:27,51.00,51.00,100.00,0.00,200.00,M
OMA,2025-06-04 04:52,51.00,51.00,100.00,0.00,400.00,M
OMA,2025-06-04 05:10,50.00,50.00,100.00,0.00,300.00,M
OMA,2025-06-04 05:31,50.00,50.00,100.00,0.00,200.00,M
OMA,2025-06-04 05:52,49.00,49.00,100.00,0.00,200.00,M
OMA,2025-06-04 06:12,49.00,49.00,100.00,3.45,100.00,M
OMA,2025-06-04 06:41,50.00,50.00,100.00,3.45,100.00,M
OMA,2025-06-04 06:52,50.00,50.00,100.00,3.45,100.00,M
OMA,2025-06-04 07:38,53.00,53.00,100.00,3.45,100.00,M
OMA,2025-06-04 07:52,54.00,54.00,100.00,0.00,0.00,M
OMA,2025-06-04 08:19,56.00,55.00,96.44,3.45,25000.00,M
OMA,2025-06-04 08:52,58.00,56.00,93.04,0.00,25000.00,M
OMA,2025-06-04 09:52,65.00,58.00,78.08,4.60,25000.00,M
OMA,2025-06-04 10:52,69.00,50.00,50.77,4.60,25000.00,M
OMA,2025-06-04 11:52,72.00,49.00,44.17,6.90,25000.00,M
OMA,2025-06-04 12:52,73.00,48.00,41.13,9.20,5500.00,M
OMA,2025-06-04 13:52,75.00,47.00,37.05,5.75,5500.00,M
OMA,2025-06-04 14:52,76.00,47.00,35.84,6.90,6000.00,M
OMA,2025-06-04 15:52,75.00,48.00,38.47,4.60,6000.00,M
OMA,2025-06-04 16:52,76.00,47.00,35.84,3.45,6000.00,M
OMA,2025-06-04 17:52,75.00,47.00,37.05,3.45,6500.00,M
OMA,2025-06-04 18:52,76.00,49.00,38.63,5.75,7000.00,M
OMA,2025-06-04 19:52,73.00,51.00,46.00,4.60,7000.00,M
OMA,2025-06-04 20:52,70.00,54.00,56.86,5.75,8000.00,M
OMA,2025-06-04 21:52,67.00,53.00,60.75,5.75,15000.00,M
OMA,2025-06-04 22:52,63.00,54.00,72.44,0.00,15000.00,M
OMA,2025-06-04 23:52,60.00,56.00,86.62,3.45,15000.00,M
OMA,2025-06-05 00:52,57.00,55.00,93.01,3.45,10000.00,M
OMA,2025-06-05 01:52,59.00,55.00,86.57,5.75,10000.00,M
OMA,2025-06-05 02:52,57.00,55.00,93.01,3.45,10000.00,M
OMA,2025-06-05 03:52,57.00,55.00,93.01,0.00,10000.00,M
OMA,2025-06-05 04:52,57.00,55.00,93.01,0.00,11000.00,M
OMA,2025-06-05 05:52,56.00,55.00,96.44,0.00,11000.00,M
OMA,2025-06-05 06:52,58.00,56.00,93.04,3.45,15000.00,M
OMA,2025-06-05 07:52,61.00,56.00,83.60,0.00,11000.00,M
OMA,2025-06-05 08:52,65.00,57.00,75.32,0.00,11000.00,M
OMA,2025-06-05 09:52,69.00,54.00,58.83,6.90,10000.00,M
OMA,2025-06-05 10:52,70.00,53.00,54.81,5.75,11000.00,M
OMA,2025-06-05 11:52,71.00,53.00,52.98,6.90,10000.00,M
OMA,2025-06-05 12:52,71.00,53.00,52.98,9.20,10000.00,M
OMA,2025-06-05 13:52,72.00,51.00,47.58,6.90,11000.00,M
OMA,2025-06-05 14:52,73.00,51.00,46.00,12.65,10000.00,M
OMA,2025-06-05 15:52,71.00,53.00,52.98,8.05,4000.00,M
OMA,2025-06-05 16:52,71.00,56.00,59.11,4.60,4000.00,M
OMA,2025-06-05 17:52,71.00,58.00,63.53,5.75,4000.00,M
OMA,2025-06-05 18:52,70.00,59.00,68.12,5.75,9500.00,M
OMA,2025-06-05 19:52,70.00,56.00,61.15,0.00,5500.00,M
OMA,2025-06-05 20:52,67.00,61.00,81.07,0.00,5500.00,M
OMA,2025-06-05 21:52,67.00,60.00,78.24,3.45,5500.00,M
OMA,2025-06-05 22:52,66.00,59.00,78.16,3.45,7500.00,M
OMA,2025-06-05 23:52,65.00,61.00,86.89,3.45,6000.00,M
OMA,2025-06-06 00:52,64.00,59.00,83.80,0.00,6000.00,M
OMA,2025-06-06 01:52,63.00,60.00,89.94,5.75,6000.00,M
OMA,2025-06-06 02:52,64.00,59.00,83.80,0.00,4700.00,M
OMA,2025-06-06 03:52,62.00,55.00,77.82,3.45,4500.00,M
OMA,2025-06-06 04:52,63.00,56.00,77.91,5.75,4700.00,M
OMA,2025-06-06 05:52,62.00,56.00,80.70,3.45,6500.00,M
OMA,2025-06-06 06:52,61.00,58.00,89.85,6.90,3500.00,M
OMA,2025-06-06 07:52,62.00,59.00,89.89,8.05,9000.00,M
OMA,2025-06-06 08:52,67.00,57.00,70.27,4.60,3500.00,M
OMA,2025-06-06 09:52,69.00,57.00,65.60,3.45,3500.00,M
OMA,2025-06-06 10:52,70.00,56.00,61.15,0.00,3500.00,M
OMA,2025-06-06 11:52,71.00,59.00,65.84,4.60,2700.00,M
OMA,2025-06-06 12:52,72.00,58.00,61.41,0.00,2700.00,M
OMA,2025-06-06 13:52,75.00,59.00,57.55,6.90,3000.00,M
OMA,2025-06-06 14:52,76.00,58.00,53.71,3.45,3600.00,M
OMA,2025-06-06 15:52,76.00,57.00,51.81,3.45,4400.00,M
OMA,2025-06-06 16:52,78.00,57.00,48.50,6.90,4400.00,M
OMA,2025-06-06 17:52,76.00,58.00,53.71,5.75,4500.00,M
OMA,2025-06-06 18:52,75.00,60.00,59.64,5.75,4500.00,M
OMA,2025-06-06 19:52,73.00,59.00,61.54,6.90,4500.00,M
OMA,2025-06-06 20:52,69.00,60.00,73.05,3.45,7500.00,M
OMA,2025-06-06 21:52,69.00,62.00,78.41,3.45,17000.00,M
OMA,2025-06-06 22:52,67.00,61.00,81.07,3.45,13000.00,M
OMA,2025-06-06 23:52,66.00,62.00,86.95,3.45,11000.00,M
OMA,2025-06-07 00:52,66.00,61.00,83.93,0.00,11000.00,M
OMA,2025-06-07 01:52,66.00,61.00,83.93,0.00,12000.00,M
OMA,2025-06-07 02:52,65.00,62.00,90.02,3.45,12000.00,M
OMA,2025-06-07 03:52,65.00,61.00,86.89,0.00,12000.00,M
OMA,2025-06-07 04:52,63.00,61.00,93.19,4.60,14000.00,M
OMA,2025-06-07 05:52,64.00,61.00,89.98,5.75,11000.00,M
OMA,2025-06-07 06:52,64.00,61.00,89.98,0.00,5000.00,M
OMA,2025-06-07 07:52,65.00,62.00,90.02,8.05,4700.00,M
OMA,2025-06-07 08:52,66.00,61.00,83.93,0.00,4700.00,M
OMA,2025-06-07 09:52,67.00,61.00,81.07,0.00,5000.00,M
OMA,2025-06-07 10:52,68.00,60.00,75.59,4.60,5000.00,M
OMA,2025-06-07 11:52,70.00,62.00,75.78,8.05,5000.00,M
OMA,2025-06-07 12:52,72.00,60.00,65.96,5.75,5000.00,M
OMA,2025-06-07 13:52,75.00,59.00,57.55,5.75,3500.00,M
OMA,2025-06-07 14:52,77.00,60.00,55.81,5.75,4100.00,M
OMA,2025-06-07 15:52,78.00,58.00,50.27,6.90,4900.00,M
OMA,2025-06-07 16:52,79.00,58.00,48.65,4.60,5000.00,M
OMA,2025-06-07 17:52,79.00,57.00,46.93,9.20,5000.00,M
OMA,2025-06-07 18:52,79.00,57.00,46.93,6.90,5000.00,M
OMA,2025-06-07 19:52,78.00,58.00,50.27,6.90,5000.00,M
OMA,2025-06-07 20:52,77.00,57.00,50.12,6.90,25000.00,M
OMA,2025-06-07 21:52,75.00,58.00,55.53,5.75,M,M
OMA,2025-06-07 22:52,69.00,59.00,70.49,9.20,M,M
OMA,2025-06-07 23:52,68.00,60.00,75.59,5.75,M,M
OMA,2025-06-08 00:52,66.00,60.00,81.00,6.90,14000.00,M
OMA,2025-06-08 01:52,65.00,60.00,83.86,6.90,15000.00,M
OMA,2025-06-08 02:52,66.00,60.00,81.00,4.60,9000.00,M
OMA,2025-06-08 03:52,69.00,59.00,70.49,0.00,17000.00,M
OMA,2025-06-08 04:52,67.00,59.00,75.50,13.80,17000.00,M
OMA,2025-06-08 05:52,65.00,56.00,72.64,9.20,13000.00,M
OMA,2025-06-08 06:52,66.00,55.00,67.66,9.20,11000.00,M
OMA,2025-06-08 07:52,68.00,54.00,60.89,12.65,15000.00,M
OMA,2025-06-08 08:52,68.00,50.00,52.54,13.80,14000.00,M
OMA,2025-06-08 09:52,65.00,45.00,48.29,12.65,10000.00,31.05
OMA,2025-06-08 10:52,60.00,49.00,66.96,10.35,9000.00,M
OMA,2025-06-08 11:52,58.00,53.00,83.40,5.75,9000.00,M
OMA,2025-06-08 12:52,58.00,52.00,80.39,8.05,9000.00,M
OMA,2025-06-08 13:52,58.00,51.00,77.47,8.05,10000.00,M
OMA,2025-06-08 14:52,60.00,50.00,69.50,8.05,12000.00,M
OMA,2025-06-08 15:52,63.00,50.00,62.51,9.20,12000.00,M
OMA,2025-06-08 16:52,66.00,49.00,54.23,11.50,12000.00,M
OMA,2025-06-08 17:52,67.00,50.00,54.38,11.50,12000.00,M
OMA,2025-06-08 18:52,67.00,51.00,56.44,16.10,12000.00,M
OMA,2025-06-08 19:52,67.00,51.00,56.44,10.35,M,M
OMA,2025-06-08 20:52,66.00,51.00,58.42,10.35,M,M
OMA,2025-06-08 21:52,64.00,51.00,62.64,9.20,M,M
OMA,2025-06-08 22:52,60.00,51.00,72.13,5.75,M,M
OMA,2025-06-08 23:52,62.00,50.00,64.75,5.75,M,M
OMA,2025-06-09 00:52,61.00,50.00,67.08,10.35,M,M
OMA,2025-06-09 01:52,61.00,49.00,64.62,9.20,M,M
OMA,2025-06-09 02:52,61.00,47.00,59.95,8.05,M,M
OMA,2025-06-09 03:52,60.00,45.00,57.59,8.05,M,M
OMA,2025-06-09 04:52,59.00,45.00,59.68,10.35,M,M
OMA,2025-06-09 05:52,60.00,43.00,53.35,12.65,8000.00,M
OMA,2025-06-09 06:52,57.00,44.00,61.72,5.75,8000.00,M
OMA,2025-06-09 07:52,60.00,44.00,55.43,12.65,7000.00,M
OMA,2025-06-09 08:52,63.00,45.00,51.79,10.35,M,M
OMA,2025-06-09 09:52,66.00,46.00,48.45,13.80,13000.00,M
OMA,2025-06-09 10:52,67.00,47.00,48.60,11.50,4000.00,M
OMA,2025-06-09 11:52,68.00,49.00,50.62,16.10,5000.00,M
OMA,2025-06-09 12:52,68.00,48.00,48.76,16.10,5000.00,29.90
OMA,2025-06-09 13:52,68.00,50.00,52.54,16.10,4600.00,29.90
OMA,2025-06-09 14:52,68.00,49.00,50.62,13.80,5000.00,M
OMA,2025-06-09 15:52,69.00,50.00,50.77,17.25,4700.00,M
OMA,2025-06-09 16:52,69.00,49.00,48.91,18.40,5000.00,M
OMA,2025-06-09 17:52,69.00,50.00,50.77,13.80,5000.00,M
OMA,2025-06-09 18:52,69.00,49.00,48.91,13.80,25000.00,M
OMA,2025-06-09 19:52,66.00,49.00,54.23,10.35,25000.00,M
OMA,2025-06-09 20:52,64.00,50.00,60.35,0.00,25000.00,M
OMA,2025-06-09 21:52,61.00,50.00,67.08,0.00,25000.00,M
OMA,2025-06-09 22:52,58.00,52.00,80.39,4.60,M,M
OMA,2025-06-09 23:52,58.00,50.00,74.65,3.45,M,M
OMA,2025-06-10 00:52,56.00,50.00,80.23,0.00,M,M
OMA,2025-06-10 01:52,55.00,50.00,83.20,4.60,M,M
OMA,2025-06-10 02:52,59.00,53.00,80.47,0.00,M,M
OMA,2025-06-10 03:52,58.60,52.00,78.68,0.00,M,M
OMA,2025-06-10 04:52,53.00,50.00,89.51,5.75,M,M
OMA,2025-06-10 05:52,54.00,50.00,86.29,4.60,M,M
OMA,2025-06-10 06:52,55.00,51.00,86.35,5.75,M,M
OMA,2025-06-10 07:52,59.00,53.00,80.47,6.90,M,M
OMA,2025-06-10 08:52,65.00,53.00,65.12,8.05,M,M
OMA,2025-06-10 09:52,69.00,54.00,58.83,6.90,M,M
OMA,2025-06-10 10:52,73.00,55.00,53.28,6.90,M,M
OMA,2025-06-10 11:52,78.00,54.00,43.49,6.90,M,M
OMA,2025-06-10 12:52,81.00,51.00,35.31,8.05,M,M
OMA,2025-06-10 13:52,85.00,44.00,23.85,8.05,M,M
OMA,2025-06-10 14:52,86.00,46.00,24.93,9.20,M,M
OMA,2025-06-10 15:52,88.00,46.00,23.40,16.10,M,M
OMA,2025-06-10 16:52,88.00,45.00,22.53,13.80,M,M
OMA,2025-06-10 17:52,89.00,45.00,21.83,13.80,M,M
OMA,2025-06-10 18:52,88.00,46.00,23.40,13.80,M,M
OMA,2025-06-10 19:52,87.00,48.00,26.04,6.90,M,M
OMA,2025-06-10 20:52,79.00,52.00,39.11,9.20,M,M
OMA,2025-06-10 21:52,75.00,53.00,46.31,8.05,M,M
OMA,2025-06-10 22:52,71.00,54.00,54.96,5.75,M,M
OMA,2025-06-10 23:52,70.00,55.00,58.97,8.05,M,M
OMA,2025-06-11 00:52,68.00,54.00,60.89,9.20,M,M
OMA,2025-06-11 01:52,66.00,55.00,67.66,8.05,M,M
OMA,2025-06-11 02:52,64.00,54.00,69.94,10.35,M,M
OMA,2025-06-11 03:52,64.00,54.00,69.94,10.35,M,M
OMA,2025-06-11 04:52,64.00,54.00,69.94,10.35,M,M
OMA,2025-06-11 06:52,65.00,54.00,67.55,10.35,25000.00,M
OMA,2025-06-11 07:52,69.00,56.00,63.27,10.35,25000.00,M
OMA,2025-06-11 08:52,74.00,59.00,59.51,8.05,25000.00,M
OMA,2025-06-11 09:52,80.00,61.00,52.40,8.05,25000.00,M
OMA,2025-06-11 10:52,84.00,62.00,47.69,8.05,25000.00,M
OMA,2025-06-11 11:52,87.00,63.00,44.89,8.05,25000.00,M
OMA,2025-06-11 12:52,91.00,62.00,38.22,10.35,25000.00,M
OMA,2025-06-11 13:52,92.00,60.00,34.51,12.65,5000.00,M
OMA,2025-06-11 14:52,94.00,57.00,29.14,16.10,8000.00,M
OMA,2025-06-11 15:52,94.00,57.00,29.14,18.40,8000.00,29.90
OMA,2025-06-11 16:52,94.00,56.00,28.11,13.80,9000.00,29.90
OMA,2025-06-11 17:52,94.00,53.00,25.19,12.65,9500.00,M
OMA,2025-06-11 18:52,93.00,54.00,26.95,13.80,9500.00,M
OMA,2025-06-11 19:52,90.00,57.00,32.99,14.95,10000.00,M
OMA,2025-06-11 20:52,87.00,57.00,36.26,11.50,10000.00,M
OMA,2025-06-11 21:52,82.00,60.00,47.39,9.20,25000.00,M
OMA,2025-06-11 22:52,81.00,60.00,48.95,12.65,25000.00,M
OMA,2025-06-11 23:52,81.00,59.00,47.24,10.35,25000.00,M
OMA,2025-06-12 00:52,78.00,59.00,52.11,10.35,M,M
OMA,2025-06-12 01:52,76.00,60.00,57.69,9.20,M,M
OMA,2025-06-12 02:52,75.00,60.00,59.64,5.75,M,M
OMA,2025-06-12 03:52,72.00,60.00,65.96,5.75,M,M
OMA,2025-06-12 05:52,66.00,60.00,81.00,8.05,12000.00,M
OMA,2025-06-12 06:52,69.00,61.00,75.69,3.45,12000.00,M
OMA,2025-06-12 07:52,72.00,62.00,70.81,0.00,25000.00,M
OMA,2025-06-12 08:52,74.00,61.00,63.90,5.75,12000.00,M
OMA,2025-06-12 09:52,77.00,61.00,57.83,5.75,12000.00,M
OMA,2025-06-12 10:52,79.00,62.00,56.09,10.35,25000.00,M
OMA,2025-06-12 11:52,82.00,63.00,52.69,13.80,6000.00,M
OMA,2025-06-12 12:52,84.00,62.00,47.69,16.10,4000.00,M
OMA,2025-06-12 13:52,83.00,63.00,51.02,14.95,4000.00,M
OMA,2025-06-12 14:52,85.00,63.00,47.84,16.10,4000.00,M
OMA,2025-06-12 15:52,85.00,62.00,46.19,19.55,4000.00,M
OMA,2025-06-12 16:52,85.00,62.00,46.19,12.65,4000.00,M
OMA,2025-06-12 17:52,85.00,63.00,47.84,18.40,6000.00,M
OMA,2025-06-12 18:52,83.00,62.00,49.25,16.10,6000.00,M
OMA,2025-06-12 19:52,82.00,61.00,49.10,12.65,25000.00,M
OMA,2025-06-12 20:52,79.00,62.00,56.09,9.20,18000.00,M
OMA,2025-06-12 21:52,76.00,62.00,61.93,11.50,18000.00,M
OMA,2025-06-12 22:52,76.00,62.00,61.93,6.90,25000.00,M
OMA,2025-06-12 23:52,71.00,62.00,73.24,9.20,25000.00,M
OMA,2025-06-13 00:52,71.00,62.00,73.24,4.60,25000.00,M
OMA,2025-06-13 01:52,68.00,62.00,81.15,6.90,25000.00,M
OMA,2025-06-13 02:52,68.00,61.00,78.33,8.05,25000.00,M
OMA,2025-06-13 03:52,67.00,62.00,83.99,5.75,25000.00,M
OMA,2025-06-13 04:52,66.00,62.00,86.95,4.60,25000.00,M
OMA,2025-06-13 05:52,65.00,61.00,86.89,6.90,25000.00,M
OMA,2025-06-13 06:52,66.00,61.00,83.93,9.20,25000.00,M
OMA,2025-06-13 07:52,69.00,62.00,78.41,9.20,25000.00,M
OMA,2025-06-13 08:52,71.00,63.00,75.87,9.20,25000.00,M
OMA,2025-06-13 09:52,74.00,65.00,73.54,8.05,25000.00,M
OMA,2025-06-13 10:52,77.00,64.00,64.27,8.05,2500.00,M
OMA,2025-06-13 11:52,78.00,64.00,62.18,3.45,3400.00,M
OMA,2025-06-13 12:52,81.00,64.00,56.37,3.45,4500.00,M
OMA,2025-06-13 13:52,82.00,64.00,54.57,3.45,4500.00,M
OMA,2025-06-13 14:52,85.00,62.00,46.19,6.90,4900.00,M
OMA,2025-06-13 15:52,86.00,63.00,46.34,5.75,4900.00,M
OMA,2025-06-13 16:52,86.00,62.00,44.74,5.75,5500.00,M
OMA,2025-06-13 17:52,87.00,62.00,43.34,0.00,5500.00,M
OMA,2025-06-13 18:52,87.00,61.00,41.83,5.75,6000.00,M
OMA,2025-06-13 19:52,86.00,62.00,44.74,6.90,6000.00,M
OMA,2025-06-13 20:52,84.00,64.00,51.16,10.35,20000.00,M
OMA,2025-06-13 21:52,79.00,65.00,62.31,9.20,20000.00,M
OMA,2025-06-13 22:52,79.00,65.00,62.31,9.20,25000.00,M
OMA,2025-06-13 23:52,75.00,65.00,71.12,6.90,20000.00,M
OMA,2025-06-14 00:52,75.00,65.00,71.12,3.45,25000.00,M
OMA,2025-06-14 01:52,74.00,65.00,73.54,3.45,25000.00,M
OMA,2025-06-14 02:52,72.00,65.00,78.66,5.75,6000.00,M
OMA,2025-06-14 03:52,71.00,65.00,81.37,4.60,6000.00,M
OMA,2025-06-14 04:52,70.00,65.00,84.18,6.90,6000.00,M
OMA,2025-06-14 05:52,69.00,65.00,87.10,6.90,12000.00,M
OMA,2025-06-14 06:52,70.00,66.00,87.16,9.20,12000.00,M
OMA,2025-06-14 07:52,73.00,66.00,78.74,6.90,6000.00,M
OMA,2025-06-14 08:52,77.00,67.00,71.33,8.05,13000.00,M
OMA,2025-06-14 09:52,79.00,67.00,66.78,4.60,25000.00,M
OMA,2025-06-14 10:52,82.00,68.00,62.69,9.20,2500.00,M
OMA,2025-06-14 11:52,85.00,67.00,54.99,4.60,3500.00,M
OMA,2025-06-14 12:52,86.00,66.00,51.46,10.35,3500.00,M
OMA,2025-06-14 13:52,88.00,66.00,48.30,8.05,4000.00,M
OMA,2025-06-14 14:52,89.00,65.00,45.20,8.05,4000.00,M
OMA,2025-06-14 15:52,90.00,64.00,42.30,10.35,4500.00,M
OMA,2025-06-14 16:52,89.00,64.00,43.65,9.20,5500.00,M
OMA,2025-06-14 17:52,89.00,64.00,43.65,12.65,5500.00,M
OMA,2025-06-14 18:52,87.00,65.00,48.15,12.65,5000.00,M
OMA,2025-06-14 19:52,87.00,64.00,46.49,11.50,5000.00,M
OMA,2025-06-14 20:52,84.00,65.00,52.98,8.05,5000.00,M
OMA,2025-06-14 21:52,81.00,66.00,60.44,4.60,5000.00,M
OMA,2025-06-14 22:52,79.00,66.00,64.51,4.60,5000.00,M
OMA,2025-06-14 23:52,77.00,67.00,71.33,5.75,13000.00,M
OMA,2025-06-15 00:52,72.00,67.00,84.30,0.00,13000.00,M
OMA,2025-06-15 01:52,76.00,67.00,73.73,10.35,17000.00,M
OMA,2025-06-15 02:52,75.00,67.00,76.23,5.75,18000.00,M
OMA,2025-06-15 03:52,75.00,67.00,76.23,3.45,19000.00,M
OMA,2025-06-15 04:52,73.00,67.00,81.51,3.45,19000.00,M
OMA,2025-06-15 05:52,72.00,67.00,84.30,8.05,19000.00,M
OMA,2025-06-15 06:52,72.00,67.00,84.30,4.60,20000.00,M
OMA,2025-06-15 07:52,74.00,67.00,78.82,4.60,8500.00,M
OMA,2025-06-15 08:52,76.00,67.00,73.73,8.05,8500.00,M
OMA,2025-06-15 09:52,78.00,67.00,69.01,8.05,4500.00,M
OMA,2025-06-15 10:52,80.00,68.00,66.90,6.90,14000.00,M
OMA,2025-06-15 11:52,83.00,69.00,62.81,6.90,3500.00,M
OMA,2025-06-15 12:52,87.00,66.00,49.85,11.50,3500.00,M
OMA,2025-06-15 13:52,89.00,66.00,46.80,14.95,4500.00,M
OMA,2025-06-15 14:52,90.00,65.00,43.80,11.50,4500.00,M
OMA,2025-06-15 15:52,91.00,64.00,41.00,11.50,6000.00,M
OMA,2025-06-15 16:52,92.00,63.00,38.38,10.35,6000.00,M
OMA,2025-06-15 17:52,90.00,64.00,42.30,6.90,6000.00,M
OMA,2025-06-15 18:52,88.00,65.00,46.65,9.20,6000.00,M
OMA,2025-06-15 19:52,86.00,68.00,55.13,6.90,6000.00,M
OMA,2025-06-15 20:52,84.00,67.00,56.78,10.35,7000.00,M
OMA,2025-06-15 21:52,82.00,67.00,60.57,20.70,7500.00,29.90
OMA,2025-06-15 22:52,77.00,65.00,66.55,12.65,7000.00,M
OMA,2025-06-15 23:52,75.00,63.00,66.32,10.35,7000.00,M
OMA,2025-06-16 00:52,74.00,64.00,71.02,6.90,25000.00,M
OMA,2025-06-16 01:52,74.00,65.00,73.54,9.20,25000.00,M
OMA,2025-06-16 02:52,73.00,65.00,76.05,8.05,25000.00,M
OMA,2025-06-16 03:52,72.00,66.00,81.44,9.20,6000.00,M
OMA,2025-06-16 04:52,71.00,66.00,84.24,11.50,6000.00,M
OMA,2025-06-16 05:52,72.00,66.00,81.44,11.50,25000.00,M
OMA,2025-06-16 06:52,73.00,66.00,78.74,11.50,25000.00,M
OMA,2025-06-16 07:52,75.00,66.00,73.64,10.35,8000.00,M
OMA,2025-06-16 08:52,77.00,66.00,68.90,12.65,8000.00,M
OMA,2025-06-16 09:52,80.00,66.00,62.44,6.90,8000.00,M
OMA,2025-06-16 10:52,83.00,66.00,56.65,8.05,3000.00,M
OMA,2025-06-16 11:52,85.00,67.00,54.99,5.75,4000.00,M
OMA,2025-06-16 12:52,88.00,67.00,50.00,12.65,6000.00,M
OMA,2025-06-16 13:52,88.00,65.00,46.65,11.50,6000.00,M
OMA,2025-06-16 14:52,90.00,65.00,43.80,14.95,6000.00,M
OMA,2025-06-16 15:52,92.00,66.00,42.61,18.40,20000.00,M
OMA,2025-06-16 16:52,92.00,65.00,41.16,18.40,10000.00,M
OMA,2025-06-16 17:52,90.00,64.00,42.30,17.25,10000.00,M
OMA,2025-06-16 18:52,88.00,66.00,48.30,9.20,8000.00,M
OMA,2025-06-16 19:39,83.00,61.00,47.54,31.05,4000.00,43.70
OMA,2025-06-16 19:52,76.00,57.00,51.81,26.45,4000.00,47.15
OMA,2025-06-16 20:52,72.00,61.00,68.35,8.05,6000.00,29.90
OMA,2025-06-16 21:36,70.00,65.00,84.18,8.05,6000.00,M
OMA,2025-06-16 21:52,70.00,65.00,84.18,13.80,6000.00,M
OMA,2025-06-16 22:52,69.00,67.00,93.36,13.80,9500.00,M
OMA,2025-06-16 23:52,76.00,57.00,51.81,18.40,7000.00,48.30
OMA,2025-06-17 00:43,73.00,59.00,61.54,13.80,16000.00,32.20
OMA,2025-06-17 00:52,72.00,59.00,63.65,8.05,16000.00,32.20
OMA,2025-06-17 01:52,73.00,58.00,59.38,11.50,16000.00,M
OMA,2025-06-17 02:52,70.00,60.00,70.59,10.35,15000.00,M
OMA,2025-06-17 03:52,71.00,61.00,70.70,3.45,16000.00,M
OMA,2025-06-17 04:52,68.00,63.00,84.05,9.20,16000.00,M
OMA,2025-06-17 05:52,69.00,60.00,73.05,11.50,15000.00,M
OMA,2025-06-17 06:52,67.00,62.00,83.99,3.45,18000.00,M
OMA,2025-06-17 07:52,68.00,62.00,81.15,0.00,10000.00,M
OMA,2025-06-17 08:52,70.00,62.00,75.78,5.75,6000.00,M
OMA,2025-06-17 09:52,73.00,63.00,70.91,5.75,6000.00,M
OMA,2025-06-17 10:52,76.00,63.00,64.15,6.90,12000.00,M
OMA,2025-06-17 11:52,79.00,62.00,56.09,0.00,12000.00,M
OMA,2025-06-17 12:52,83.00,60.00,45.88,18.40,4000.00,M
OMA,2025-06-17 13:52,84.00,60.00,44.43,12.65,4000.00,M
OMA,2025-06-17 14:52,84.00,62.00,47.69,16.10,6000.00,M
OMA,2025-06-17 15:52,83.00,62.00,49.25,10.35,6000.00,M
OMA,2025-06-17 17:52,79.00,64.00,60.17,6.90,6000.00,M
OMA,2025-06-17 18:52,79.00,63.00,58.10,4.60,6000.00,M
OMA,2025-06-17 19:52,75.00,64.00,68.68,5.75,3900.00,M
OMA,2025-06-17 20:52,74.00,65.00,73.54,6.90,4200.00,M
OMA,2025-06-17 21:52,71.00,62.00,73.24,11.50,7000.00,M
OMA,2025-06-17 22:52,70.00,61.00,73.15,9.20,14000.00,M
OMA,2025-06-17 23:52,68.00,61.00,78.33,0.00,20000.00,M
OMA,2025-06-18 00:52,67.00,62.00,83.99,0.00,14000.00,M
OMA,2025-06-18 01:52,65.00,63.00,93.24,8.05,14000.00,M
OMA,2025-06-18 02:52,64.00,62.00,93.22,6.90,14000.00,M
OMA,2025-06-18 03:52,63.00,62.00,96.54,6.90,25000.00,M
OMA,2025-06-18 04:52,63.00,61.00,93.19,4.60,25000.00,M
OMA,2025-06-18 05:52,62.00,61.00,96.53,6.90,7500.00,M
OMA,2025-06-18 06:52,63.00,62.00,96.54,4.60,7500.00,M
OMA,2025-06-18 07:52,65.00,63.00,93.24,8.05,4500.00,M
OMA,2025-06-18 08:52,66.00,63.00,90.06,8.05,4500.00,M
OMA,2025-06-18 09:52,69.00,64.00,84.12,11.50,4000.00,M
OMA,2025-06-18 10:52,75.00,65.00,71.12,12.65,1600.00,M
OMA,2025-06-18 11:52,74.00,64.00,71.02,10.35,2200.00,M
OMA,2025-06-18 12:16,74.00,64.00,71.02,10.35,2500.00,M
OMA,2025-06-18 12:52,74.00,64.00,71.02,10.35,2500.00,M
OMA,2025-06-18 13:32,76.00,64.00,66.43,14.95,3000.00,M
OMA,2025-06-18 13:52,77.00,62.00,59.91,14.95,3000.00,M
OMA,2025-06-18 14:52,75.00,64.00,68.68,12.65,3000.00,M
OMA,2025-06-18 15:52,77.00,63.00,62.06,8.05,3000.00,M
OMA,2025-06-18 16:52,79.00,62.00,56.09,12.65,4200.00,M
OMA,2025-06-18 17:52,79.00,60.00,52.25,11.50,4800.00,M
OMA,2025-06-18 18:52,78.00,61.00,55.95,14.95,5500.00,M
OMA,2025-06-18 19:52,74.00,60.00,61.67,9.20,5500.00,M
OMA,2025-06-18 20:52,71.00,60.00,68.23,3.45,5000.00,M
OMA,2025-06-18 21:52,70.00,60.00,70.59,0.00,10000.00,M
OMA,2025-06-18 22:52,68.00,59.00,72.95,0.00,M,M
OMA,2025-06-18 23:52,66.00,59.00,78.16,0.00,M,M
OMA,2025-06-19 00:52,65.00,59.00,80.92,0.00,M,M
OMA,2025-06-19 01:52,64.00,59.00,83.80,4.60,M,M
OMA,2025-06-19 02:52,65.00,60.00,83.86,0.00,M,M
OMA,2025-06-19 03:52,64.00,59.00,83.80,3.45,M,M
OMA,2025-06-19 04:52,62.00,59.00,89.89,3.45,M,M
OMA,2025-06-19 05:52,62.00,60.00,93.16,6.90,M,M
OMA,2025-06-19 06:52,64.00,61.00,89.98,5.75,M,M
OMA,2025-06-19 07:52,68.00,62.00,81.15,5.75,M,M
OMA,2025-06-19 08:52,73.00,63.00,70.91,5.75,M,M
OMA,2025-06-19 09:52,78.00,63.00,60.04,4.60,M,M
OMA,2025-06-19 10:52,81.00,61.00,50.72,8.05,M,M
OMA,2025-06-19 11:52,85.00,61.00,44.58,9.20,5000.00,M
OMA,2025-06-19 12:52,87.00,59.00,38.96,9.20,M,M
OMA,2025-06-19 13:52,89.00,59.00,36.58,11.50,M,M
OMA,2025-06-19 14:52,90.00,59.00,35.45,6.90,13000.00,M
OMA,2025-06-19 15:52,90.00,58.00,34.20,9.20,14000.00,M
OMA,2025-06-19 16:52,93.00,59.00,32.29,12.65,16000.00,M
OMA,2025-06-19 17:52,92.00,58.00,32.13,14.95,16000.00,M
OMA,2025-06-19 18:52,91.00,59.00,34.36,16.10,16000.00,M
OMA,2025-06-19 19:52,88.00,62.00,41.99,19.55,16000.00,M
OMA,2025-06-19 20:52,86.00,63.00,46.34,16.10,16000.00,M
OMA,2025-06-19 21:52,83.00,64.00,52.84,16.10,16000.00,M
OMA,2025-06-19 22:52,81.00,65.00,58.37,13.80,8500.00,M
OMA,2025-06-19 23:52,82.00,65.00,56.51,16.10,8500.00,34.50
OMA,2025-06-20 00:52,81.00,64.00,56.37,16.10,8500.00,36.80
OMA,2025-06-20 01:52,77.00,63.00,62.06,16.10,17000.00,42.55
OMA,2025-06-20 02:52,77.00,64.00,64.27,16.10,25000.00,M
OMA,2025-06-20 03:52,76.00,65.00,68.79,18.40,25000.00,M
OMA,2025-06-20 04:52,76.00,65.00,68.79,13.80,25000.00,M
OMA,2025-06-20 05:52,76.00,66.00,71.23,16.10,25000.00,M
OMA,2025-06-20 06:52,77.00,68.00,73.83,16.10,25000.00,M
OMA,2025-06-20 07:52,78.00,69.00,73.93,16.10,25000.00,M
OMA,2025-06-20 08:52,83.00,71.00,67.24,18.40,25000.00,M
OMA,2025-06-20 09:52,87.00,72.00,61.21,19.55,25000.00,31.05
OMA,2025-06-20 10:52,91.00,71.00,52.18,16.10,M,32.20
OMA,2025-06-20 11:52,94.00,70.00,45.96,18.40,M,32.20
OMA,2025-06-20 12:52,98.00,70.00,40.68,20.70,M,32.20
OMA,2025-06-20 13:52,100.00,69.00,37.01,24.15,M,35.65
OMA,2025-06-20 14:52,100.00,67.00,34.55,24.15,M,40.25
OMA,2025-06-20 15:52,102.00,65.00,30.37,21.85,M,41.40
OMA,2025-06-20 16:52,101.00,68.00,34.71,27.60,M,41.40
OMA,2025-06-20 17:52,99.00,65.00,33.22,27.60,M,40.25
OMA,2025-06-20 18:52,97.00,66.00,36.54,27.60,M,46.00
OMA,2025-06-20 20:52,92.00,69.00,47.25,23.00,M,35.65
OMA,2025-06-20 21:52,90.00,70.00,52.04,19.55,M,33.35
OMA,2025-06-20 22:52,89.00,71.00,55.55,21.85,M,36.80
OMA,2025-06-20 23:52,87.00,71.00,59.17,23.00,M,39.10
OMA,2025-06-21 00:52,86.00,71.00,61.08,24.15,12000.00,41.40
OMA,2025-06-21 01:52,85.00,71.00,63.06,25.30,12000.00,42.55
OMA,2025-06-21 02:52,84.00,71.00,65.11,20.70,22000.00,35.65
OMA,2025-06-21 03:52,83.00,70.00,65.00,23.00,12000.00,35.65
OMA,2025-06-21 04:52,83.00,70.00,65.00,24.15,12000.00,34.50
OMA,2025-06-21 05:52,82.00,70.00,67.13,20.70,11000.00,33.35
OMA,2025-06-21 06:52,82.00,69.00,64.88,20.70,11000.00,36.80
OMA,2025-06-21 07:52,83.00,69.00,62.81,17.25,11000.00,29.90
OMA,2025-06-21 08:52,86.00,69.00,57.06,17.25,11000.00,40.25
OMA,2025-06-21 09:52,89.00,68.00,50.14,20.70,13000.00,40.25
OMA,2025-06-21 10:52,92.00,68.00,45.66,20.70,25000.00,42.55
OMA,2025-06-21 11:52,94.00,69.00,44.42,29.90,25000.00,43.70
OMA,2025-06-21 12:52,96.00,68.00,40.37,27.60,25000.00,44.85
OMA,2025-06-21 13:52,97.00,67.00,37.83,24.15,25000.00,42.55
OMA,2025-06-21 14:52,100.00,66.00,33.38,28.75,25000.00,44.85
OMA,2025-06-21 15:52,100.00,65.00,32.24,28.75,M,48.30
OMA,2025-06-21 16:52,100.00,66.00,33.38,25.30,M,48.30
OMA,2025-06-21 17:52,99.00,66.00,34.40,26.45,M,44.85
OMA,2025-06-21 18:52,97.00,68.00,39.16,25.30,M,46.00
OMA,2025-06-21 19:52,94.00,68.00,42.92,20.70,M,41.40
OMA,2025-06-21 20:52,91.00,69.00,48.74,23.00,M,34.50
OMA,2025-06-21 21:52,89.00,69.00,51.89,18.40,M,41.40
OMA,2025-06-21 22:52,88.00,69.00,53.55,18.40,M,34.50
OMA,2025-06-21 23:52,86.00,69.00,57.06,21.85,M,36.80
OMA,2025-06-22 00:52,85.00,70.00,60.95,19.55,M,36.80
OMA,2025-06-22 01:52,83.00,70.00,65.00,18.40,M,40.25
OMA,2025-06-22 02:52,83.00,70.00,65.00,20.70,M,36.80
OMA,2025-06-22 03:52,82.00,70.00,67.13,19.55,M,33.35
OMA,2025-06-22 04:52,81.00,69.00,67.01,16.10,M,29.90
OMA,2025-06-22 05:52,81.00,69.00,67.01,18.40,M,29.90
OMA,2025-06-22 06:52,81.00,69.00,67.01,20.70,M,32.20
OMA,2025-06-22 07:52,82.00,69.00,64.88,19.55,M,33.35
OMA,2025-06-22 08:52,84.00,69.00,60.82,26.45,M,40.25
OMA,2025-06-22 09:52,86.00,69.00,57.06,24.15,4000.00,39.10
OMA,2025-06-22 10:52,90.00,70.00,52.04,20.70,5000.00,39.10
OMA,2025-06-22 11:52,91.00,69.00,48.74,31.05,5000.00,44.85
OMA,2025-06-22 12:52,93.00,69.00,45.81,27.60,5000.00,41.40
OMA,2025-06-22 13:52,94.00,70.00,45.96,23.00,5500.00,43.70
OMA,2025-06-22 14:52,96.00,69.00,41.78,25.30,6000.00,47.15
OMA,2025-06-22 15:52,97.00,67.00,37.83,28.75,M,50.60
OMA,2025-06-22 16:52,97.00,67.00,37.83,29.90,6500.00,50.60
OMA,2025-06-22 17:52,96.00,68.00,40.37,25.30,6500.00,43.70
OMA,2025-06-22 18:52,95.00,67.00,40.21,27.60,M,40.25
OMA,2025-06-22 20:52,90.00,65.00,43.80,25.30,25000.00,42.55
OMA,2025-06-22 21:52,88.00,64.00,45.05,25.30,25000.00,35.65
OMA,2025-06-22 22:52,85.00,65.00,51.31,21.85,M,34.50
OMA,2025-06-22 23:52,85.00,66.00,53.12,24.15,M,36.80
OMA,2025-06-23 00:52,84.00,67.00,56.78,20.70,M,40.25
OMA,2025-06-23 01:52,83.00,68.00,60.70,19.55,M,36.80
OMA,2025-06-23 02:52,82.00,68.00,62.69,13.80,16000.00,31.05
OMA,2025-06-23 03:52,82.00,68.00,62.69,12.65,17000.00,M
OMA,2025-06-23 04:52,81.00,68.00,64.76,8.05,17000.00,M
OMA,2025-06-23 05:52,81.00,69.00,67.01,9.20,8500.00,M
OMA,2025-06-23 06:52,80.00,70.00,71.64,11.50,6500.00,M
OMA,2025-06-23 07:52,80.00,70.00,71.64,12.65,6500.00,M
OMA,2025-06-23 08:52,84.00,70.00,62.94,14.95,4000.00,M
OMA,2025-06-23 09:52,86.00,69.00,57.06,17.25,4000.00,29.90
OMA,2025-06-23 10:52,85.00,69.00,58.91,16.10,3800.00,29.90
OMA,2025-06-23 11:52,87.00,69.00,55.27,11.50,4300.00,M
OMA,2025-06-23 12:49,80.60,69.80,69.77,14.95,3800.00,M
OMA,2025-06-23 12:52,80.00,71.00,74.12,16.10,3800.00,M
OMA,2025-06-23 12:59,81.00,71.00,71.74,13.80,4000.00,M
OMA,2025-06-23 13:52,81.00,70.00,69.34,19.55,1900.00,M
OMA,2025-06-23 14:52,76.00,67.00,73.73,14.95,1000.00,M
OMA,2025-06-23 15:52,74.00,67.00,78.82,14.95,5000.00,M
OMA,2025-06-23 16:52,75.00,68.00,78.90,12.65,6000.00,M
OMA,2025-06-23 17:52,75.00,69.00,81.65,8.05,1400.00,M
OMA,2025-06-23 18:29,74.00,69.00,84.43,13.80,2900.00,M
OMA,2025-06-23 18:52,73.00,70.00,90.34,12.65,2900.00,M
OMA,2025-06-23 19:18,73.00,71.00,93.47,9.20,2900.00,M
OMA,2025-06-23 19:37,73.00,71.00,93.47,8.05,4000.00,M
OMA,2025-06-23 19:52,73.00,72.00,96.69,8.05,4000.00,M
OMA,2025-06-23 20:20,73.00,72.00,96.69,9.20,1100.00,M
OMA,2025-06-23 20:38,73.00,72.00,96.69,10.35,1100.00,M
OMA,2025-06-23 20:42,73.00,72.00,96.69,12.65,1100.00,M
OMA,2025-06-23 20:52,74.00,72.00,93.49,10.35,1100.00,M
OMA,2025-06-23 21:52,74.00,72.00,93.49,0.00,1100.00,M
OMA,2025-06-23 22:52,74.00,72.00,93.49,0.00,1200.00,M
OMA,2025-06-23 23:52,74.00,71.00,90.38,5.75,2000.00,M
OMA,2025-06-24 00:18,73.00,70.00,90.34,8.05,2000.00,M
OMA,2025-06-24 00:52,73.00,70.00,90.34,6.90,2000.00,M
OMA,2025-06-24 01:36,73.00,70.00,90.34,9.20,1900.00,M
OMA,2025-06-24 01:52,73.00,71.00,93.47,9.20,1700.00,M
OMA,2025-06-24 02:21,72.00,70.00,93.44,6.90,2900.00,M
OMA,2025-06-24 02:52,72.00,70.00,93.44,3.45,3300.00,M
OMA,2025-06-24 03:52,72.00,70.00,93.44,4.60,1400.00,M
OMA,2025-06-24 03:59,72.00,70.00,93.44,5.75,1400.00,M
OMA,2025-06-24 04:36,72.00,70.00,93.44,5.75,800.00,M
OMA,2025-06-24 04:52,72.00,70.00,93.44,5.75,800.00,M
OMA,2025-06-24 05:52,72.00,71.00,96.67,5.75,600.00,M
OMA,2025-06-24 06:23,72.00,71.00,96.67,5.75,700.00,M
OMA,2025-06-24 06:39,72.00,71.00,96.67,5.75,1000.00,M
OMA,2025-06-24 06:52,72.00,71.00,96.67,5.75,1000.00,M
OMA,2025-06-24 07:52,73.00,71.00,93.47,8.05,1000.00,M
OMA,2025-06-24 08:32,74.00,72.00,93.49,9.20,900.00,M
OMA,2025-06-24 08:52,74.00,71.00,90.38,10.35,900.00,M
OMA,2025-06-24 09:52,75.00,72.00,90.42,6.90,700.00,M
OMA,2025-06-24 10:52,77.00,73.00,87.51,11.50,800.00,M
OMA,2025-06-24 11:23,77.00,73.00,87.51,10.35,900.00,M
OMA,2025-06-24 11:52,76.00,74.00,93.55,11.50,900.00,M
OMA,2025-06-24 12:27,76.00,72.00,87.46,8.05,1400.00,M
OMA,2025-06-24 12:37,77.00,73.00,87.51,6.90,1500.00,M
OMA,2025-06-24 12:52,77.00,73.00,87.51,8.05,1500.00,M
OMA,2025-06-24 13:52,78.00,73.00,84.67,10.35,1700.00,M
OMA,2025-06-24 14:18,79.00,72.00,79.22,9.20,1400.00,M
OMA,2025-06-24 14:47,80.60,71.60,74.17,9.20,2000.00,M
OMA,2025-06-24 14:52,80.00,72.00,76.67,10.35,2000.00,M
OMA,2025-06-24 15:52,81.00,72.00,74.21,10.35,1800.00,M
OMA,2025-06-24 16:52,81.00,71.00,71.74,11.50,1500.00,M
OMA,2025-06-24 17:52,80.00,72.00,76.67,12.65,1500.00,M
OMA,2025-06-24 18:21,79.00,74.00,84.73,12.65,1700.00,M
OMA,2025-06-24 18:52,77.00,75.00,93.57,11.50,1500.00,M
OMA,2025-06-24 19:02,77.00,75.00,93.57,11.50,900.00,M
OMA,2025-06-24 19:52,74.00,70.00,87.36,8.05,900.00,M
OMA,2025-06-24 20:52,74.00,71.00,90.38,3.45,900.00,M
OMA,2025-06-24 21:52,74.00,71.00,90.38,0.00,900.00,M
OMA,2025-06-24 22:52,75.00,70.00,84.49,6.90,900.00,M
OMA,2025-06-24 23:52,75.00,71.00,87.41,9.20,900.00,M
OMA,2025-06-25 00:52,74.00,70.00,87.36,10.35,6000.00,M
OMA,2025-06-25 01:12,73.00,70.00,90.34,12.65,6000.00,M
OMA,2025-06-25 01:41,72.00,70.00,93.44,16.10,2200.00,M
OMA,2025-06-25 01:52,72.00,70.00,93.44,14.95,1900.00,M
OMA,2025-06-25 02:06,72.00,70.00,93.44,11.50,1100.00,M
OMA,2025-06-25 02:11,72.00,70.00,93.44,8.05,700.00,M
OMA,2025-06-25 02:20,71.00,71.00,100.00,8.05,700.00,M
OMA,2025-06-25 02:25,72.00,71.00,96.67,6.90,700.00,M
OMA,2025-06-25 02:36,72.00,71.00,96.67,5.75,700.00,M
OMA,2025-06-25 02:44,72.00,71.00,96.67,9.20,700.00,M
OMA,2025-06-25 02:52,72.00,70.00,93.44,10.35,600.00,M
OMA,2025-06-25 03:26,72.00,70.00,93.44,11.50,4800.00,M
OMA,2025-06-25 03:52,72.00,70.00,93.44,13.80,4800.00,M
OMA,2025-06-25 04:07,72.00,70.00,93.44,14.95,4500.00,M
OMA,2025-06-25 04:13,71.00,70.00,96.66,16.10,4500.00,M
OMA,2025-06-25 04:32,71.00,70.00,96.66,10.35,4500.00,M
OMA,2025-06-25 04:52,72.00,70.00,93.44,5.75,4100.00,M
OMA,2025-06-25 05:04,72.00,70.00,93.44,5.75,3900.00,M
OMA,2025-06-25 05:52,71.00,70.00,96.66,8.05,3500.00,M
OMA,2025-06-25 06:52,72.00,70.00,93.44,0.00,400.00,M
OMA,2025-06-25 07:52,73.00,70.00,90.34,6.90,400.00,M
OMA,2025-06-25 08:52,75.00,71.00,87.41,11.50,500.00,M
OMA,2025-06-25 09:52,79.00,72.00,79.22,14.95,1000.00,M
OMA,2025-06-25 11:52,85.00,73.00,67.47,16.10,3000.00,M
OMA,2025-06-25 12:52,88.00,74.00,63.43,14.95,3000.00,M
OMA,2025-06-25 13:52,89.00,72.00,57.47,19.55,4000.00,M
OMA,2025-06-25 14:52,91.00,70.00,50.44,17.25,4600.00,M
OMA,2025-06-25 15:52,91.00,70.00,50.44,19.55,5000.00,29.90
OMA,2025-06-25 16:52,90.00,70.00,52.04,18.40,5000.00,29.90
OMA,2025-06-25 17:52,91.00,69.00,48.74,14.95,5500.00,M
OMA,2025-06-25 18:52,76.00,69.00,78.98,13.80,1000.00,32.20
OMA,2025-06-25 19:52,77.00,69.00,76.41,8.05,5000.00,M
OMA,2025-06-25 20:38,75.00,69.00,81.65,13.80,500.00,M
OMA,2025-06-25 20:52,75.00,69.00,81.65,11.50,500.00,M
OMA,2025-06-25 21:52,72.00,70.00,93.44,0.00,500.00,M
OMA,2025-06-25 22:52,72.00,69.00,90.30,5.75,3500.00,M
OMA,2025-06-25 23:27,71.00,69.00,93.41,13.80,1300.00,M
OMA,2025-06-25 23:34,72.00,69.00,90.30,8.05,300.00,M
OMA,2025-06-25 23:52,71.00,69.00,93.41,12.65,300.00,M
OMA,2025-06-26 00:02,71.00,68.00,90.26,4.60,4000.00,M
OMA,2025-06-26 00:52,71.00,68.00,90.26,0.00,4000.00,M
OMA,2025-06-26 01:52,71.00,68.00,90.26,3.45,5500.00,M
OMA,2025-06-26 02:52,71.00,69.00,93.41,0.00,3800.00,M
OMA,2025-06-26 03:52,71.00,69.00,93.41,5.75,4500.00,M
OMA,2025-06-26 04:52,72.00,69.00,90.30,3.45,4600.00,M
OMA,2025-06-26 05:52,70.00,69.00,96.64,8.05,2800.00,M
OMA,2025-06-26 06:52,71.00,69.00,93.41,0.00,6500.00,M
OMA,2025-06-26 07:52,75.00,70.00,84.49,9.20,5000.00,M
OMA,2025-06-26 08:01,75.00,71.00,87.41,9.20,5500.00,M
OMA,2025-06-26 08:52,74.00,72.00,93.49,9.20,1000.00,M
OMA,2025-06-26 09:52,77.00,73.00,87.51,12.65,1000.00,M
OMA,2025-06-26 10:48,80.60,73.40,78.81,13.80,1900.00,M
OMA,2025-06-26 10:52,80.00,73.00,79.30,11.50,1900.00,M
OMA,2025-06-26 11:52,80.00,72.00,76.67,12.65,2600.00,M
OMA,2025-06-26 12:52,84.00,72.00,67.36,16.10,2500.00,M
OMA,2025-06-26 13:52,86.00,71.00,61.08,14.95,3500.00,M
OMA,2025-06-26 14:18,77.00,71.00,81.79,13.80,2300.00,M
OMA,2025-06-26 14:52,78.00,72.00,81.86,6.90,4000.00,M
OMA,2025-06-26 15:16,79.00,72.00,79.22,8.05,4000.00,M
OMA,2025-06-26 15:52,83.00,74.00,74.40,11.50,3000.00,M
OMA,2025-06-26 16:52,87.00,71.00,59.17,12.65,3000.00,M
OMA,2025-06-26 17:52,86.00,71.00,61.08,13.80,5000.00,M
OMA,2025-06-26 18:52,86.00,69.00,57.06,10.35,5000.00,M
OMA,2025-06-26 19:52,82.00,71.00,69.45,10.35,4000.00,M
OMA,2025-06-26 20:52,78.00,71.00,79.14,8.05,4000.00,M
OMA,2025-06-26 21:52,73.00,70.00,90.34,6.90,4000.00,M
OMA,2025-06-26 22:52,72.00,69.00,90.30,4.60,25000.00,M
OMA,2025-06-26 23:52,71.00,67.00,87.21,8.05,25000.00,M
OMA,2025-06-27 00:52,68.00,66.00,93.33,6.90,25000.00,M
OMA,2025-06-27 01:52,67.00,65.00,93.30,6.90,25000.00,M
OMA,2025-06-27 02:52,67.00,65.00,93.30,4.60,25000.00,M
OMA,2025-06-27 03:52,67.00,64.00,90.10,0.00,M,M
OMA,2025-06-27 04:52,66.00,63.00,90.06,0.00,25000.00,M
OMA,2025-06-27 05:52,63.00,63.00,100.00,0.00,25000.00,M
OMA,2025-06-27 06:52,64.00,63.00,96.56,3.45,4500.00,M
OMA,2025-06-27 07:52,68.00,64.00,87.05,0.00,25000.00,M
OMA,2025-06-27 08:52,71.00,64.00,78.57,0.00,25000.00,M
OMA,2025-06-27 09:52,75.00,66.00,73.64,3.45,25000.00,M
OMA,2025-06-27 10:52,78.00,65.00,64.39,4.60,25000.00,M
OMA,2025-06-27 11:52,81.00,64.00,56.37,0.00,25000.00,M
OMA,2025-06-27 12:52,83.00,64.00,52.84,4.60,4000.00,M
OMA,2025-06-27 13:52,85.00,63.00,47.84,3.45,4500.00,M
OMA,2025-06-27 14:52,87.00,65.00,48.15,9.20,25000.00,M
OMA,2025-06-27 15:52,87.00,66.00,49.85,9.20,25000.00,M
OMA,2025-06-27 16:52,87.00,67.00,51.60,11.50,25000.00,M
OMA,2025-06-27 17:52,88.00,67.00,50.00,13.80,25000.00,M
OMA,2025-06-27 18:52,87.00,69.00,55.27,12.65,25000.00,M
OMA,2025-06-27 19:52,86.00,70.00,59.04,12.65,25000.00,M
OMA,2025-06-27 20:52,83.00,70.00,65.00,12.65,25000.00,M
OMA,2025-06-27 21:52,81.00,71.00,71.74,9.20,25000.00,M
OMA,2025-06-27 22:52,80.00,72.00,76.67,9.20,M,M
OMA,2025-06-27 23:52,80.00,72.00,76.67,9.20,M,M
OMA,2025-06-28 00:52,79.00,70.00,74.02,6.90,10000.00,M
OMA,2025-06-28 01:52,78.00,70.00,76.49,9.20,10000.00,M
OMA,2025-06-28 02:52,76.00,71.00,84.55,5.75,10000.00,M
OMA,2025-06-28 03:52,75.00,71.00,87.41,5.75,10000.00,M
OMA,2025-06-28 04:52,75.00,72.00,90.42,5.75,10000.00,M
OMA,2025-06-28 05:52,74.00,71.00,90.38,4.60,5000.00,M
OMA,2025-06-28 06:52,74.00,71.00,90.38,9.20,5000.00,M
OMA,2025-06-28 07:52,76.00,72.00,87.46,9.20,5000.00,M
OMA,2025-06-28 08:52,79.00,73.00,81.93,12.65,5000.00,M
OMA,2025-06-28 09:52,81.00,72.00,74.21,13.80,18000.00,M
OMA,2025-06-28 10:52,85.00,73.00,67.47,13.80,16000.00,M
OMA,2025-06-28 11:52,87.00,71.00,59.17,18.40,3000.00,M
OMA,2025-06-28 12:52,88.00,72.00,59.30,17.25,4000.00,M
OMA,2025-06-28 13:52,90.00,71.00,53.84,18.40,4000.00,M
OMA,2025-06-28 14:52,91.00,71.00,52.18,19.55,4000.00,M
OMA,2025-06-28 16:52,91.00,69.00,48.74,17.25,5000.00,M
OMA,2025-06-28 17:52,90.00,71.00,53.84,19.55,5000.00,31.05
OMA,2025-06-28 18:52,89.00,73.00,59.44,13.80,5000.00,M
OMA,2025-06-28 19:52,87.00,73.00,63.31,16.10,5000.00,M
OMA,2025-06-28 20:52,85.00,73.00,67.47,17.25,25000.00,M
OMA,2025-06-28 21:52,82.00,72.00,71.84,13.80,25000.00,M
OMA,2025-06-28 22:52,80.00,72.00,76.67,11.50,25000.00,M
OMA,2025-06-28 23:52,79.00,72.00,79.22,12.65,M,M
OMA,2025-06-29 00:52,78.00,72.00,81.86,11.50,25000.00,M
OMA,2025-06-29 01:52,77.00,72.00,84.61,13.80,25000.00,M
OMA,2025-06-29 02:52,77.00,71.00,81.79,10.35,25000.00,M
OMA,2025-06-29 03:52,74.00,71.00,90.38,8.05,25000.00,M
OMA,2025-06-29 04:52,74.00,71.00,90.38,6.90,3000.00,M
OMA,2025-06-29 05:44,74.00,64.00,71.02,39.10,1100.00,62.10
OMA,2025-06-29 05:52,70.00,65.00,84.18,27.60,1300.00,62.10
OMA,2025-06-29 06:44,69.00,65.00,87.10,27.60,7500.00,46.00
OMA,2025-06-29 06:52,69.00,64.00,84.12,23.00,3500.00,46.00
OMA,2025-06-29 07:45,68.00,62.00,81.15,14.95,3000.00,39.10
OMA,2025-06-29 07:52,68.00,62.00,81.15,14.95,3000.00,39.10
OMA,2025-06-29 08:31,67.00,64.00,90.10,13.80,3000.00,32.20
OMA,2025-06-29 08:52,69.00,64.00,84.12,10.35,5500.00,37.95
OMA,2025-06-29 09:52,71.00,63.00,75.87,8.05,12000.00,36.80
OMA,2025-06-29 10:52,72.00,64.00,75.96,10.35,17000.00,M
OMA,2025-06-29 11:52,74.00,65.00,73.54,4.60,17000.00,M
OMA,2025-06-29 12:52,77.00,67.00,71.33,5.75,17000.00,M
OMA,2025-06-29 13:52,79.00,68.00,69.12,9.20,3000.00,M
OMA,2025-06-29 14:52,81.00,69.00,67.01,5.75,3000.00,M
OMA,2025-06-29 15:52,82.00,69.00,64.88,10.35,4000.00,M
OMA,2025-06-29 17:52,83.00,69.00,62.81,6.90,4000.00,M
OMA,2025-06-29 18:52,83.00,69.00,62.81,5.75,4000.00,M
OMA,2025-06-29 19:52,82.00,71.00,69.45,3.45,4000.00,M
OMA,2025-06-29 20:52,80.00,70.00,71.64,3.45,M,M
OMA,2025-06-29 21:52,78.00,71.00,79.14,3.45,M,M
OMA,2025-06-29 22:52,75.00,70.00,84.49,0.00,M,M
OMA,2025-06-29 23:52,72.00,70.00,93.44,4.60,M,M
OMA,2025-06-30 00:52,71.00,71.00,100.00,3.45,13000.00,M
OMA,2025-06-30 01:52,72.00,71.00,96.67,0.00,12000.00,M
OMA,2025-06-30 02:52,70.00,70.00,100.00,4.60,12000.00,M
OMA,2025-06-30 03:52,71.00,70.00,96.66,9.20,13000.00,M
OMA,2025-06-30 04:46,69.80,69.80,100.00,4.60,200.00,M
OMA,2025-06-30 04:52,70.00,69.00,96.64,5.75,200.00,M
OMA,2025-06-30 04:59,70.00,69.00,96.64,5.75,200.00,M
OMA,2025-06-30 05:02,70.00,69.00,96.64,6.90,100.00,M
OMA,2025-06-30 05:06,70.00,69.00,96.64,6.90,100.00,M
OMA,2025-06-30 05:19,70.00,70.00,100.00,6.90,100.00,M
OMA,2025-06-30 05:52,70.00,70.00,100.00,3.45,100.00,M
OMA,2025-06-30 06:03,70.00,70.00,100.00,0.00,100.00,M
OMA,2025-06-30 06:14,70.00,70.00,100.00,0.00,100.00,M
OMA,2025-06-30 06:28,71.00,70.00,96.66,0.00,300.00,M
OMA,2025-06-30 06:52,72.00,71.00,96.67,0.00,300.00,M
OMA,2025-06-30 07:52,71.00,70.00,96.66,0.00,6000.00,M
OMA,2025-06-30 08:52,73.00,71.00,93.47,5.75,6000.00,M
OMA,2025-06-30 09:52,73.00,71.00,93.47,0.00,3500.00,M
OMA,2025-06-30 10:48,75.20,71.60,88.61,3.45,600.00,M
OMA,2025-06-30 10:52,75.00,71.00,87.41,0.00,600.00,M
OMA,2025-06-30 11:52,78.00,70.00,76.49,0.00,3800.00,M
OMA,2025-06-30 12:52,83.00,68.00,60.70,17.25,3700.00,M
OMA,2025-06-30 13:52,84.00,68.00,58.77,19.55,3700.00,M
OMA,2025-06-30 14:52,85.00,64.00,49.55,18.40,3700.00,M
OMA,2025-06-30 15:52,86.00,61.00,43.19,16.10,4000.00,M
OMA,2025-06-30 16:52,86.00,61.00,43.19,13.80,4000.00,M
OMA,2025-06-30 17:52,85.00,56.00,37.27,14.95,4000.00,M
OMA,2025-06-30 18:52,83.00,57.00,41.21,11.50,4000.00,M
OMA,2025-06-30 19:52,79.00,61.00,54.14,6.90,4000.00,M
OMA,2025-06-30 20:52,74.00,64.00,71.02,0.00,M,M
OMA,2025-06-30 21:52,71.00,64.00,78.57,4.60,M,M
OMA,2025-06-30 22:52,70.00,63.00,78.49,4.60,M,M
OMA,2025-06-30 23:52,69.00,63.00,81.22,3.45,M,M
OMA,2025-07-01 00:52,66.00,62.00,86.95,6.90,M,M
OMA,2025-07-01 01:52,66.00,63.00,90.06,0.00,M,M
OMA,2025-07-01 02:52,63.00,61.00,93.19,4.60,M,M
OMA,2025-07-01 03:52,62.00,61.00,96.53,3.45,M,M
OMA,2025-07-01 04:52,63.00,62.00,96.54,3.45,M,M
OMA,2025-07-01 05:52,63.00,60.00,89.94,3.45,M,M
OMA,2025-07-01 06:52,66.00,60.00,81.00,0.00,M,M
OMA,2025-07-01 07:52,70.00,61.00,73.15,3.45,M,M
OMA,2025-07-01 08:52,73.00,62.00,68.46,4.60,M,M
OMA,2025-07-01 09:52,77.00,64.00,64.27,3.45,M,M
OMA,2025-07-01 10:52,80.00,64.00,58.24,4.60,M,M
OMA,2025-07-01 11:52,84.00,54.00,35.79,4.60,6000.00,M
OMA,2025-07-01 12:52,85.00,56.00,37.27,4.60,6000.00,M
OMA,2025-07-01 13:52,85.00,54.00,34.66,4.60,6500.00,M
OMA,2025-07-01 14:52,86.00,58.00,38.80,4.60,6500.00,M
OMA,2025-07-01 15:52,86.00,59.00,40.22,9.20,7500.00,M
OMA,2025-07-01 16:52,87.00,57.00,36.26,8.05,7500.00,M
OMA,2025-07-01 17:52,86.00,59.00,40.22,6.90,7000.00,M
OMA,2025-07-01 18:52,86.00,58.00,38.80,4.60,7000.00,M
OMA,2025-07-01 19:52,84.00,59.00,42.87,3.45,M,M
OMA,2025-07-01 20:52,81.00,62.00,52.55,0.00,M,M
OMA,2025-07-01 21:52,74.00,63.00,68.57,4.60,25000.00,M
OMA,2025-07-01 22:52,76.00,61.00,59.78,8.05,M,M
OMA,2025-07-01 23:52,73.00,63.00,70.91,8.05,M,M
OMA,2025-07-02 00:52,72.00,64.00,75.96,8.05,25000.00,M
OMA,2025-07-02 01:52,73.00,64.00,73.44,8.05,25000.00,M
OMA,2025-07-02 02:52,71.00,64.00,78.57,9.20,25000.00,M
OMA,2025-07-02 03:52,70.00,64.00,81.29,10.35,25000.00,M
OMA,2025-07-02 04:52,69.00,63.00,81.22,9.20,10000.00,M
OMA,2025-07-02 05:52,71.00,62.00,73.24,6.90,11000.00,M
OMA,2025-07-02 06:52,70.00,62.00,75.78,9.20,12000.00,M
OMA,2025-07-02 07:52,71.00,62.00,73.24,10.35,11000.00,M
OMA,2025-07-02 08:36,73.00,62.00,68.46,10.35,3000.00,M
OMA,2025-07-02 08:52,71.00,62.00,73.24,14.95,3000.00,M
OMA,2025-07-02 09:19,70.00,64.00,81.29,9.20,3000.00,M
OMA,2025-07-02 09:36,68.00,65.00,90.14,13.80,3000.00,M
OMA,2025-07-02 09:45,68.00,65.00,90.14,3.45,3000.00,M
OMA,2025-07-02 09:52,67.00,66.00,96.60,11.50,3200.00,M
OMA,2025-07-02 09:55,68.00,66.00,93.33,5.75,2300.00,M
OMA,2025-07-02 10:09,68.00,66.00,93.33,3.45,3000.00,M
OMA,2025-07-02 10:52,70.00,67.00,90.22,14.95,3000.00,M
OMA,2025-07-02 11:38,75.00,67.00,76.23,8.05,3000.00,M
OMA,2025-07-02 11:52,75.00,67.00,76.23,11.50,3000.00,M
OMA,2025-07-02 12:52,79.00,67.00,66.78,9.20,12000.00,M
OMA,2025-07-02 13:52,81.00,68.00,64.76,11.50,12000.00,M
OMA,2025-07-02 14:52,83.00,70.00,65.00,9.20,3000.00,M
OMA,2025-07-02 15:52,84.00,71.00,65.11,9.20,3000.00,M
OMA,2025-07-02 16:52,86.00,72.00,63.19,8.05,3500.00,M
OMA,2025-07-02 17:52,87.00,73.00,63.31,9.20,3500.00,M
OMA,2025-07-02 18:52,87.00,73.00,63.31,9.20,3500.00,M
OMA,2025-07-02 19:52,86.00,75.00,69.88,6.90,3000.00,M
OMA,2025-07-02 20:52,85.00,75.00,72.14,6.90,3000.00,M
OMA,2025-07-02 21:52,82.00,74.00,76.84,8.05,10000.00,M
OMA,2025-07-02 22:52,80.00,73.00,79.30,6.90,M,M
OMA,2025-07-02 23:52,78.00,73.00,84.67,5.75,M,M
OMA,2025-07-03 00:52,76.00,73.00,90.46,8.05,M,M
OMA,2025-07-03 01:52,76.00,71.00,84.55,8.05,M,M
OMA,2025-07-03 02:52,75.00,69.00,81.65,9.20,M,M
OMA,2025-07-03 03:52,73.00,68.00,84.37,8.05,M,M
OMA,2025-07-03 04:52,72.00,68.00,87.26,6.90,15000.00,M
OMA,2025-07-03 05:52,72.00,68.00,87.26,9.20,15000.00,M
OMA,2025-07-03 06:52,73.00,69.00,87.31,6.90,15000.00,M
OMA,2025-07-03 07:52,77.00,69.00,76.41,8.05,18000.00,M
OMA,2025-07-03 08:52,80.00,70.00,71.64,6.90,18000.00,M
OMA,2025-07-03 09:52,82.00,70.00,67.13,6.90,18000.00,M
OMA,2025-07-03 10:52,85.00,71.00,63.06,8.05,18000.00,M
OMA,2025-07-03 11:52,87.00,73.00,63.31,10.35,18000.00,M
OMA,2025-07-03 12:52,90.00,74.00,59.57,13.80,3000.00,M
OMA,2025-07-03 13:52,91.00,71.00,52.18,14.95,4500.00,M
OMA,2025-07-03 14:52,92.00,69.00,47.25,17.25,5000.00,M
OMA,2025-07-03 15:52,91.00,71.00,52.18,13.80,5500.00,M
OMA,2025-07-03 16:52,92.00,70.00,48.89,16.10,5500.00,M
OMA,2025-07-03 17:52,91.00,70.00,50.44,11.50,5500.00,M
OMA,2025-07-03 18:52,91.00,72.00,53.98,17.25,5500.00,M
OMA,2025-07-03 19:52,89.00,71.00,55.55,13.80,5000.00,M
OMA,2025-07-03 20:52,86.00,72.00,63.19,12.65,M,M
OMA,2025-07-03 21:52,84.00,72.00,67.36,11.50,M,M
OMA,2025-07-03 22:52,81.00,72.00,74.21,10.35,M,M
OMA,2025-07-03 23:52,81.00,71.00,71.74,14.95,M,M
OMA,2025-07-04 00:52,80.00,71.00,74.12,10.35,M,M
OMA,2025-07-04 01:52,78.00,71.00,79.14,9.20,M,M
OMA,2025-07-04 02:52,77.00,70.00,79.06,8.05,M,M
OMA,2025-07-04 03:52,76.00,70.00,81.72,9.20,M,M
OMA,2025-07-04 04:52,74.00,70.00,87.36,6.90,M,M
OMA,2025-07-04 05:52,74.00,69.00,84.43,11.50,M,M
OMA,2025-07-04 06:52,74.00,69.00,84.43,10.35,M,M
OMA,2025-07-04 07:52,77.00,68.00,73.83,13.80,M,M
OMA,2025-07-04 08:52,79.00,68.00,69.12,13.80,M,M
OMA,2025-07-04 09:52,82.00,69.00,64.88,12.65,25000.00,M
OMA,2025-07-04 10:52,84.00,71.00,65.11,14.95,2500.00,M
OMA,2025-07-04 11:52,86.00,70.00,59.04,14.95,3400.00,M
OMA,2025-07-04 12:52,87.00,69.00,55.27,16.10,4500.00,29.90
OMA,2025-07-04 13:52,88.00,68.00,51.75,19.55,4500.00,29.90
OMA,2025-07-04 14:52,89.00,68.00,50.14,17.25,4900.00,32.20
OMA,2025-07-04 15:52,88.00,69.00,53.55,19.55,5000.00,32.20
OMA,2025-07-04 16:52,88.00,69.00,53.55,21.85,4800.00,31.05
OMA,2025-07-04 17:52,89.00,68.00,50.14,17.25,7000.00,M
OMA,2025-07-04 18:52,88.00,69.00,53.55,18.40,5000.00,M
OMA,2025-07-04 19:52,86.00,70.00,59.04,17.25,5000.00,M
OMA,2025-07-04 20:52,85.00,70.00,60.95,12.65,10000.00,M
OMA,2025-07-04 21:52,84.00,71.00,65.11,12.65,6000.00,M
OMA,2025-07-04 22:52,82.00,72.00,71.84,13.80,6000.00,M
OMA,2025-07-04 23:52,81.00,72.00,74.21,11.50,21000.00,M
OMA,2025-07-05 00:52,81.00,71.00,71.74,10.35,14000.00,M
OMA,2025-07-05 01:52,80.00,71.00,74.12,11.50,5000.00,M
OMA,2025-07-05 02:52,78.00,72.00,81.86,11.50,5500.00,M
OMA,2025-07-05 03:52,76.00,72.00,87.46,9.20,4700.00,M
OMA,2025-07-05 04:52,76.00,72.00,87.46,10.35,4300.00,M
OMA,2025-07-05 05:52,76.00,72.00,87.46,6.90,2700.00,M
OMA,2025-07-05 05:59,76.00,72.00,87.46,6.90,2700.00,M
OMA,2025-07-05 06:04,77.00,72.00,84.61,9.20,2700.00,M
OMA,2025-07-05 06:35,77.00,72.00,84.61,14.95,2700.00,M
OMA,2025-07-05 06:47,75.20,71.60,88.61,13.80,1600.00,M
OMA,2025-07-05 06:52,75.00,73.00,93.52,10.35,1600.00,M
OMA,2025-07-05 07:05,75.00,73.00,93.52,8.05,1400.00,M
OMA,2025-07-05 07:39,75.00,73.00,93.52,6.90,1200.00,M
OMA,2025-07-05 07:52,75.00,73.00,93.52,6.90,1200.00,M
OMA,2025-07-05 08:24,76.00,73.00,90.46,9.20,1200.00,M
OMA,2025-07-05 08:52,76.00,73.00,90.46,8.05,2400.00,M
OMA,2025-07-05 09:18,76.00,73.00,90.46,10.35,1400.00,M
OMA,2025-07-05 09:45,78.00,74.00,87.56,11.50,1300.00,M
OMA,2025-07-05 09:52,78.00,74.00,87.56,12.65,1300.00,M
OMA,2025-07-05 10:20,78.00,74.00,87.56,10.35,1500.00,M
OMA,2025-07-05 10:52,79.00,74.00,84.73,9.20,1700.00,M
OMA,2025-07-05 11:52,82.00,73.00,74.31,6.90,2100.00,M
OMA,2025-07-05 12:16,81.00,73.00,76.76,6.90,2100.00,M
OMA,2025-07-05 12:52,84.00,71.00,65.11,11.50,3100.00,M
OMA,2025-07-05 13:52,86.00,73.00,65.35,8.05,5000.00,M
OMA,2025-07-05 14:52,88.00,73.00,61.34,9.20,3700.00,M
OMA,2025-07-05 15:52,89.00,72.00,57.47,13.80,3900.00,M
OMA,2025-07-05 16:52,90.00,72.00,55.69,11.50,3900.00,M
OMA,2025-07-05 17:32,82.00,74.00,76.84,16.10,3900.00,34.50
OMA,2025-07-05 17:52,83.00,73.00,71.94,13.80,3900.00,34.50
OMA,2025-07-05 18:52,83.00,72.00,69.56,5.75,5000.00,M
OMA,2025-07-05 19:52,80.00,72.00,76.67,6.90,5000.00,M
OMA,2025-07-05 20:52,79.00,72.00,79.22,5.75,5000.00,M
OMA,2025-07-05 21:52,77.00,71.00,81.79,8.05,5000.00,M
OMA,2025-07-05 22:52,75.00,72.00,90.42,0.00,M,M
OMA,2025-07-05 23:52,73.00,72.00,96.69,4.60,M,M
OMA,2025-07-06 00:52,73.00,72.00,96.69,3.45,M,M
OMA,2025-07-06 01:52,72.00,71.00,96.67,4.60,M,M
OMA,2025-07-06 02:52,71.00,70.00,96.66,3.45,8000.00,M
OMA,2025-07-06 03:21,72.00,71.00,96.67,4.60,2800.00,M
OMA,2025-07-06 03:52,72.00,70.00,93.44,8.05,2900.00,M
OMA,2025-07-06 04:52,70.00,69.00,96.64,8.05,2900.00,M
OMA,2025-07-06 05:52,70.00,69.00,96.64,8.05,500.00,M
OMA,2025-07-06 06:52,71.00,69.00,93.41,10.35,700.00,M
OMA,2025-07-06 07:52,71.00,70.00,96.66,10.35,600.00,M
OMA,2025-07-06 08:52,72.00,70.00,93.44,10.35,600.00,M
OMA,2025-07-06 09:52,73.00,70.00,90.34,4.60,600.00,M
OMA,2025-07-06 10:24,74.00,70.00,87.36,3.45,1000.00,M
OMA,2025-07-06 10:52,75.00,70.00,84.49,4.60,1000.00,M
OMA,2025-07-06 11:52,76.00,70.00,81.72,4.60,1200.00,M
OMA,2025-07-06 12:34,78.00,71.00,79.14,11.50,1600.00,M
OMA,2025-07-06 12:52,79.00,71.00,76.58,9.20,1600.00,M
OMA,2025-07-06 13:42,80.00,71.00,74.12,9.20,1700.00,M
OMA,2025-07-06 13:52,80.00,71.00,74.12,4.60,1700.00,M
OMA,2025-07-06 14:52,84.00,71.00,65.11,6.90,2300.00,M
OMA,2025-07-06 15:52,85.00,71.00,63.06,12.65,3500.00,M
OMA,2025-07-06 16:52,86.00,70.00,59.04,13.80,3500.00,M
OMA,2025-07-06 17:52,83.00,68.00,60.70,11.50,3500.00,M
OMA,2025-07-06 18:52,84.00,68.00,58.77,5.75,3500.00,M
OMA,2025-07-06 19:52,82.00,71.00,69.45,5.75,3500.00,M
OMA,2025-07-06 20:52,78.00,71.00,79.14,4.60,20000.00,M
OMA,2025-07-06 21:52,75.00,71.00,87.41,4.60,20000.00,M
OMA,2025-07-06 22:52,72.00,70.00,93.44,4.60,20000.00,M
OMA,2025-07-06 23:52,70.00,69.00,96.64,5.75,M,M
OMA,2025-07-07 00:52,69.00,68.00,96.63,4.60,25000.00,M
OMA,2025-07-07 01:52,69.00,68.00,96.63,3.45,25000.00,M
OMA,2025-07-07 02:52,66.00,66.00,100.00,4.60,25000.00,M
OMA,2025-07-07 03:52,67.00,66.00,96.60,4.60,M,M
OMA,2025-07-07 04:52,66.00,65.00,96.59,4.60,M,M
OMA,2025-07-07 05:52,66.00,66.00,100.00,3.45,100.00,M
OMA,2025-07-07 06:52,68.00,66.00,93.33,4.60,4000.00,M
OMA,2025-07-07 07:52,70.00,67.00,90.22,0.00,3500.00,M
OMA,2025-07-07 08:52,76.00,69.00,78.98,0.00,3500.00,M
OMA,2025-07-07 09:52,80.00,70.00,71.64,0.00,4000.00,M
OMA,2025-07-07 10:52,82.00,70.00,67.13,4.60,4000.00,M
OMA,2025-07-07 11:52,84.00,70.00,62.94,3.45,3200.00,M
OMA,2025-07-07 12:52,85.00,69.00,58.91,4.60,3500.00,M
OMA,2025-07-07 13:52,86.00,70.00,59.04,4.60,3500.00,M
OMA,2025-07-07 14:52,86.00,69.00,57.06,5.75,3600.00,M
OMA,2025-07-07 15:52,86.00,69.00,57.06,9.20,4300.00,M
OMA,2025-07-07 16:52,87.00,69.00,55.27,5.75,4500.00,M
OMA,2025-07-07 17:52,87.00,69.00,55.27,9.20,4500.00,M
OMA,2025-07-07 18:52,86.00,68.00,55.13,10.35,4000.00,M
OMA,2025-07-07 19:52,85.00,71.00,63.06,9.20,4000.00,M
OMA,2025-07-07 20:52,82.00,71.00,69.45,5.75,4000.00,M
OMA,2025-07-07 21:52,81.00,71.00,71.74,0.00,5500.00,M
OMA,2025-07-07 22:06,78.00,71.00,79.14,39.10,4500.00,55.20
OMA,2025-07-07 22:19,65.00,63.00,93.24,29.90,1800.00,56.35
OMA,2025-07-07 22:30,65.00,63.00,93.24,29.90,1600.00,56.35
OMA,2025-07-07 22:37,66.00,63.00,90.06,21.85,1600.00,56.35
OMA,2025-07-07 22:44,66.00,63.00,90.06,17.25,1600.00,56.35
OMA,2025-07-07 22:52,65.00,63.00,93.24,13.80,2200.00,56.35
OMA,2025-07-07 23:40,66.00,64.00,93.27,9.20,3000.00,M
OMA,2025-07-07 23:52,66.00,64.00,93.27,8.05,3000.00,M
OMA,2025-07-08 00:52,66.00,65.00,96.59,8.05,5000.00,M
OMA,2025-07-08 01:52,67.00,65.00,93.30,4.60,5000.00,M
OMA,2025-07-08 02:08,67.00,65.00,93.30,9.20,8000.00,M
OMA,2025-07-08 02:52,66.00,64.00,93.27,0.00,11000.00,M
OMA,2025-07-08 03:52,66.00,64.00,93.27,3.45,1100.00,M
OMA,2025-07-08 04:29,67.00,64.00,90.10,3.45,1100.00,M
OMA,2025-07-08 04:36,67.00,64.00,90.10,4.60,1100.00,M
OMA,2025-07-08 04:52,67.00,65.00,93.30,10.35,1800.00,M
OMA,2025-07-08 05:52,66.00,64.00,93.27,8.05,24000.00,M
OMA,2025-07-08 06:52,67.00,64.00,90.10,9.20,18000.00,M
OMA,2025-07-08 07:28,67.00,64.00,90.10,5.75,600.00,M
OMA,2025-07-08 07:52,68.00,64.00,87.05,4.60,700.00,M
OMA,2025-07-08 08:52,70.00,65.00,84.18,8.05,900.00,M
OMA,2025-07-08 09:52,71.00,66.00,84.24,8.05,1200.00,M
OMA,2025-07-08 10:52,75.00,66.00,73.64,6.90,2000.00,M
OMA,2025-07-08 11:52,79.00,65.00,62.31,4.60,25000.00,M
OMA,2025-07-08 12:52,82.00,65.00,56.51,6.90,25000.00,M
OMA,2025-07-08 13:52,84.00,66.00,54.85,6.90,25000.00,M
OMA,2025-07-08 14:52,85.00,65.00,51.31,6.90,25000.00,M
OMA,2025-07-08 15:52,85.00,64.00,49.55,6.90,4000.00,M
OMA,2025-07-08 16:52,86.00,66.00,51.46,4.60,4000.00,M
OMA,2025-07-08 17:52,86.00,68.00,55.13,5.75,4000.00,M
OMA,2025-07-08 18:52,85.00,67.00,54.99,5.75,4000.00,M
OMA,2025-07-08 19:52,85.00,67.00,54.99,5.75,4000.00,M
OMA,2025-07-08 20:52,81.00,70.00,69.34,4.60,10000.00,M
OMA,2025-07-08 21:52,78.00,70.00,76.49,0.00,25000.00,M
OMA,2025-07-08 22:52,77.00,70.00,79.06,3.45,25000.00,M
OMA,2025-07-08 23:52,76.00,70.00,81.72,5.75,25000.00,M
OMA,2025-07-09 00:52,75.00,70.00,84.49,6.90,M,M
OMA,2025-07-09 01:52,74.00,69.00,84.43,4.60,M,M
OMA,2025-07-09 02:52,72.00,69.00,90.30,4.60,M,M
OMA,2025-07-09 03:52,71.00,68.00,90.26,4.60,M,M
OMA,2025-07-09 04:52,71.00,68.00,90.26,5.75,M,M
OMA,2025-07-09 05:52,71.00,68.00,90.26,4.60,M,M
OMA,2025-07-09 06:52,68.00,67.00,96.61,0.00,25000.00,M
OMA,2025-07-09 07:52,73.00,69.00,87.31,3.45,25000.00,M
OMA,2025-07-09 08:52,77.00,70.00,79.06,6.90,25000.00,M
OMA,2025-07-09 09:52,80.00,70.00,71.64,9.20,2000.00,M
OMA,2025-07-09 10:52,82.00,70.00,67.13,11.50,2200.00,M
OMA,2025-07-09 11:52,83.00,71.00,67.24,9.20,2500.00,M
OMA,2025-07-09 12:52,85.00,71.00,63.06,8.05,2500.00,M
OMA,2025-07-09 13:52,87.00,72.00,61.21,12.65,3000.00,M
OMA,2025-07-09 14:52,88.00,72.00,59.30,13.80,3500.00,M
OMA,2025-07-09 15:52,88.00,72.00,59.30,13.80,4000.00,M
OMA,2025-07-09 16:52,89.00,73.00,59.44,14.95,4000.00,M
OMA,2025-07-09 17:52,89.00,73.00,59.44,14.95,4000.00,M
OMA,2025-07-09 18:52,88.00,74.00,63.43,14.95,4000.00,M
OMA,2025-07-09 19:52,87.00,74.00,65.47,13.80,9500.00,M
OMA,2025-07-09 20:52,84.00,74.00,72.04,11.50,6000.00,M
OMA,2025-07-09 21:52,82.00,74.00,76.84,10.35,6000.00,M
OMA,2025-07-09 22:52,81.00,74.00,79.38,14.95,6000.00,M
OMA,2025-07-09 23:52,81.00,73.00,76.76,12.65,12000.00,M
OMA,2025-07-10 00:52,80.00,72.00,76.67,9.20,10000.00,M
OMA,2025-07-10 01:20,80.00,71.00,74.12,10.35,7000.00,M
OMA,2025-07-10 01:52,80.00,71.00,74.12,12.65,7000.00,M
OMA,2025-07-10 02:17,79.00,70.00,74.02,25.30,3600.00,37.95
OMA,2025-07-10 02:28,70.00,68.00,93.38,23.00,1100.00,47.15
OMA,2025-07-10 02:52,71.00,68.00,90.26,8.05,1100.00,47.15
OMA,2025-07-10 03:16,71.00,67.00,87.21,19.55,4700.00,M
OMA,2025-07-10 03:46,69.80,66.20,88.36,10.35,4700.00,M
OMA,2025-07-10 03:52,71.00,67.00,87.21,4.60,14000.00,M
OMA,2025-07-10 04:52,71.00,66.00,84.24,0.00,14000.00,M
OMA,2025-07-10 05:52,70.00,67.00,90.22,6.90,23000.00,M
OMA,2025-07-10 06:52,71.00,69.00,93.41,10.35,25000.00,M
OMA,2025-07-10 07:52,75.00,68.00,78.90,14.95,25000.00,M
OMA,2025-07-10 08:52,76.00,67.00,73.73,9.20,25000.00,M
OMA,2025-07-10 09:52,78.00,67.00,69.01,13.80,25000.00,M
OMA,2025-07-10 10:52,80.00,68.00,66.90,12.65,13000.00,M
OMA,2025-07-10 11:52,83.00,71.00,67.24,8.05,12000.00,M
OMA,2025-07-10 12:52,84.00,72.00,67.36,5.75,12000.00,M
OMA,2025-07-10 13:52,84.00,70.00,62.94,9.20,6500.00,M
OMA,2025-07-10 14:36,79.00,71.00,76.58,20.70,6000.00,M
OMA,2025-07-10 14:44,81.00,66.00,60.44,18.40,6000.00,M
OMA,2025-07-10 14:52,82.00,68.00,62.69,13.80,6000.00,M
OMA,2025-07-10 14:58,81.00,70.00,69.34,11.50,9000.00,M
OMA,2025-07-10 15:12,84.00,70.00,62.94,11.50,800.00,M
OMA,2025-07-10 15:37,86.00,72.00,63.19,13.80,800.00,M
OMA,2025-07-10 15:52,87.00,70.00,57.19,13.80,800.00,M
OMA,2025-07-10 16:52,88.00,68.00,51.75,10.35,6000.00,M
OMA,2025-07-10 17:52,87.00,72.00,61.21,12.65,6000.00,M
OMA,2025-07-10 18:52,86.00,73.00,65.35,10.35,6000.00,M
OMA,2025-07-10 19:52,84.00,74.00,72.04,10.35,6000.00,M
OMA,2025-07-10 20:52,84.00,73.00,69.67,9.20,6000.00,M
OMA,2025-07-10 21:52,81.00,75.00,82.07,9.20,6000.00,M
OMA,2025-07-10 22:13,73.00,68.00,84.37,26.45,2200.00,41.40
OMA,2025-07-10 22:52,69.00,67.00,93.36,12.65,2200.00,43.70
OMA,2025-07-10 23:41,69.00,66.00,90.18,25.30,1700.00,32.20
OMA,2025-07-10 23:54,68.00,66.00,93.33,21.85,1300.00,M
OMA,2025-07-11 00:06,69.00,66.00,90.18,23.00,1100.00,32.20
OMA,2025-07-11 00:20,69.00,66.00,90.18,24.15,600.00,36.80
OMA,2025-07-11 00:32,69.00,66.00,90.18,19.55,1100.00,36.80
OMA,2025-07-11 00:52,69.00,66.00,90.18,8.05,1100.00,36.80
OMA,2025-07-11 01:52,69.00,66.00,90.18,5.75,5000.00,M
OMA,2025-07-11 02:37,70.00,65.00,84.18,5.75,5500.00,M
OMA,2025-07-11 02:52,70.00,66.00,87.16,3.45,5500.00,M
OMA,2025-07-11 03:52,68.00,66.00,93.33,8.05,14000.00,M
OMA,2025-07-11 04:52,69.00,66.00,90.18,8.05,14000.00,M
OMA,2025-07-11 05:52,68.00,66.00,93.33,12.65,11000.00,M
OMA,2025-07-11 06:52,69.00,66.00,90.18,6.90,1500.00,M
OMA,2025-07-11 07:37,70.00,67.00,90.22,6.90,1700.00,M
OMA,2025-07-11 07:52,70.00,67.00,90.22,4.60,1000.00,M
OMA,2025-07-11 08:52,72.00,68.00,87.26,6.90,1000.00,M
OMA,2025-07-11 09:25,73.00,68.00,84.37,9.20,1200.00,M
OMA,2025-07-11 09:52,73.00,69.00,87.31,5.75,1100.00,M
OMA,2025-07-11 10:33,76.00,70.00,81.72,5.75,1200.00,M
OMA,2025-07-11 10:52,74.00,70.00,87.36,6.90,1200.00,M
OMA,2025-07-11 11:52,74.00,70.00,87.36,9.20,1200.00,M
OMA,2025-07-11 12:52,74.00,70.00,87.36,11.50,1200.00,M
OMA,2025-07-11 13:38,72.00,71.00,96.67,12.65,800.00,M
OMA,2025-07-11 13:52,72.00,71.00,96.67,16.10,600.00,M
OMA,2025-07-11 14:26,72.00,70.00,93.44,14.95,800.00,M
OMA,2025-07-11 14:52,72.00,69.00,90.30,16.10,900.00,M
OMA,2025-07-11 15:03,73.00,69.00,87.31,16.10,1100.00,M
OMA,2025-07-11 15:14,73.00,68.00,84.37,17.25,1300.00,M
OMA,2025-07-11 15:52,76.00,69.00,78.98,16.10,2300.00,M
OMA,2025-07-11 16:52,77.00,67.00,71.33,12.65,3000.00,M
OMA,2025-07-11 17:52,79.00,68.00,69.12,9.20,2500.00,M
OMA,2025-07-11 18:52,79.00,68.00,69.12,8.05,25000.00,M
OMA,2025-07-11 19:52,78.00,68.00,71.43,5.75,25000.00,M
OMA,2025-07-11 20:52,74.00,69.00,84.43,5.75,5000.00,M
OMA,2025-07-11 21:52,74.00,69.00,84.43,0.00,15000.00,M
OMA,2025-07-11 22:52,73.00,70.00,90.34,6.90,15000.00,M
OMA,2025-07-11 23:52,74.00,67.00,78.82,10.35,3300.00,M
OMA,2025-07-12 00:52,71.00,67.00,87.21,8.05,3300.00,M
OMA,2025-07-12 01:52,70.00,67.00,90.22,5.75,6000.00,M
OMA,2025-07-12 02:52,70.00,67.00,90.22,8.05,6000.00,M
OMA,2025-07-12 03:52,68.00,65.00,90.14,10.35,6000.00,M
OMA,2025-07-12 04:52,67.00,63.00,87.00,10.35,6000.00,M
OMA,2025-07-12 05:52,66.00,62.00,86.95,8.05,4600.00,M
OMA,2025-07-12 06:52,68.00,63.00,84.05,9.20,5000.00,M
OMA,2025-07-12 07:52,69.00,62.00,78.41,10.35,5000.00,M
OMA,2025-07-12 08:52,70.00,62.00,75.78,12.65,5000.00,M
OMA,2025-07-12 09:52,72.00,62.00,70.81,12.65,5000.00,M
OMA,2025-07-12 10:52,74.00,61.00,63.90,11.50,5000.00,M
OMA,2025-07-12 11:52,76.00,60.00,57.69,10.35,3500.00,M
OMA,2025-07-12 12:52,76.00,59.00,55.67,10.35,4400.00,M
OMA,2025-07-12 13:52,77.00,58.00,51.96,8.05,4400.00,M
OMA,2025-07-12 14:52,78.00,59.00,52.11,6.90,5000.00,M
OMA,2025-07-12 15:52,77.00,58.00,51.96,5.75,5000.00,M
OMA,2025-07-12 16:52,77.00,58.00,51.96,0.00,4000.00,M
OMA,2025-07-12 17:52,78.00,59.00,52.11,0.00,4600.00,M
OMA,2025-07-12 18:52,77.00,60.00,55.81,6.90,4600.00,M
OMA,2025-07-12 19:52,76.00,61.00,59.78,3.45,25000.00,M
OMA,2025-07-12 20:52,71.00,62.00,73.24,6.90,25000.00,M
OMA,2025-07-12 21:52,70.00,64.00,81.29,0.00,25000.00,M
OMA,2025-07-12 22:52,69.00,62.00,78.41,0.00,25000.00,M
OMA,2025-07-12 23:52,68.00,62.00,81.15,3.45,25000.00,M
OMA,2025-07-13 00:52,67.00,61.00,81.07,3.45,4000.00,M
OMA,2025-07-13 01:52,66.00,62.00,86.95,0.00,6500.00,M
OMA,2025-07-13 02:52,66.00,61.00,83.93,3.45,6500.00,M
OMA,2025-07-13 03:52,64.00,61.00,89.98,3.45,M,M
OMA,2025-07-13 04:52,63.00,60.00,89.94,0.00,M,M
OMA,2025-07-13 05:52,62.00,60.00,93.16,0.00,M,M
OMA,2025-07-13 06:05,61.00,61.00,100.00,0.00,600.00,M
OMA,2025-07-13 06:52,62.00,60.00,93.16,0.00,M,M
OMA,2025-07-13 07:52,65.00,62.00,90.02,0.00,M,M
OMA,2025-07-13 08:52,68.00,63.00,84.05,4.60,M,M
OMA,2025-07-13 09:52,73.00,63.00,70.91,0.00,M,M
OMA,2025-07-13 10:52,76.00,60.00,57.69,5.75,M,M
OMA,2025-07-13 11:52,78.00,61.00,55.95,6.90,M,M
OMA,2025-07-13 12:52,80.00,61.00,52.40,9.20,M,M
OMA,2025-07-13 13:52,81.00,62.00,52.55,10.35,5000.00,M
OMA,2025-07-13 14:52,83.00,62.00,49.25,8.05,M,M
OMA,2025-07-13 15:52,83.00,62.00,49.25,8.05,M,M
OMA,2025-07-13 16:52,84.00,61.00,46.04,9.20,M,M
OMA,2025-07-13 17:52,85.00,62.00,46.19,10.35,M,M
OMA,2025-07-13 18:52,84.00,62.00,47.69,10.35,M,M
OMA,2025-07-13 19:52,82.00,64.00,54.57,10.35,25000.00,M
OMA,2025-07-13 20:52,80.00,64.00,58.24,10.35,25000.00,M
OMA,2025-07-13 21:52,76.00,65.00,68.79,6.90,25000.00,M
OMA,2025-07-13 22:52,74.00,65.00,73.54,8.05,25000.00,M
OMA,2025-07-13 23:52,72.00,65.00,78.66,8.05,25000.00,M
OMA,2025-07-14 00:52,74.00,63.00,68.57,6.90,25000.00,M
OMA,2025-07-14 01:52,72.00,63.00,73.34,8.05,11000.00,M
OMA,2025-07-14 02:52,71.00,63.00,75.87,8.05,M,M
OMA,2025-07-14 03:52,69.00,63.00,81.22,6.90,M,M
OMA,2025-07-14 04:52,69.00,63.00,81.22,6.90,M,M
OMA,2025-07-14 05:52,69.00,63.00,81.22,8.05,M,M
OMA,2025-07-14 06:52,69.00,64.00,84.12,5.75,25000.00,M
OMA,2025-07-14 07:52,72.00,64.00,75.96,8.05,M,M
OMA,2025-07-14 08:52,76.00,64.00,66.43,8.05,M,M
OMA,2025-07-14 09:52,79.00,67.00,66.78,11.50,25000.00,M
OMA,2025-07-14 10:52,81.00,68.00,64.76,11.50,25000.00,M
OMA,2025-07-14 11:52,84.00,69.00,60.82,13.80,25000.00,M
OMA,2025-07-14 12:52,87.00,70.00,57.19,16.10,25000.00,M
OMA,2025-07-14 13:52,88.00,70.00,55.41,16.10,25000.00,M
OMA,2025-07-14 14:52,90.00,70.00,52.04,16.10,25000.00,M
OMA,2025-07-14 15:52,90.00,70.00,52.04,17.25,25000.00,M
OMA,2025-07-14 16:52,90.00,69.00,50.29,19.55,25000.00,M
OMA,2025-07-14 17:52,89.00,69.00,51.89,16.10,25000.00,M
OMA,2025-07-14 18:52,88.00,67.00,50.00,19.55,25000.00,M
OMA,2025-07-14 19:52,87.00,68.00,53.41,17.25,25000.00,M
OMA,2025-07-14 20:52,82.00,72.00,71.84,11.50,25000.00,M
OMA,2025-07-14 21:52,81.00,70.00,69.34,9.20,25000.00,M
OMA,2025-07-14 22:52,78.00,69.00,73.93,6.90,25000.00,M
OMA,2025-07-14 23:52,76.00,69.00,78.98,6.90,25000.00,M
OMA,2025-07-15 00:52,75.00,69.00,81.65,8.05,25000.00,M
OMA,2025-07-15 01:52,76.00,67.00,73.73,6.90,25000.00,M
OMA,2025-07-15 02:52,75.00,67.00,76.23,9.20,25000.00,M
OMA,2025-07-15 03:52,73.00,67.00,81.51,9.20,25000.00,M
OMA,2025-07-15 04:52,74.00,66.00,76.14,9.20,25000.00,M
OMA,2025-07-15 05:52,74.00,66.00,76.14,9.20,25000.00,M
OMA,2025-07-15 06:52,72.00,66.00,81.44,10.35,25000.00,M
OMA,2025-07-15 07:52,74.00,67.00,78.82,9.20,25000.00,M
OMA,2025-07-15 08:52,77.00,67.00,71.33,10.35,25000.00,M
OMA,2025-07-15 09:52,80.00,69.00,69.23,10.35,25000.00,M
OMA,2025-07-15 10:52,83.00,70.00,65.00,10.35,25000.00,M
OMA,2025-07-15 11:52,85.00,71.00,63.06,11.50,25000.00,M
OMA,2025-07-15 12:52,87.00,71.00,59.17,8.05,3500.00,M
OMA,2025-07-15 13:52,89.00,67.00,48.45,11.50,4400.00,M
OMA,2025-07-15 14:52,90.00,68.00,48.59,13.80,5000.00,M
OMA,2025-07-15 15:52,91.00,68.00,47.10,13.80,5500.00,M
OMA,2025-07-15 16:52,90.00,68.00,48.59,14.95,5500.00,M
OMA,2025-07-15 17:52,90.00,67.00,46.95,14.95,25000.00,M
OMA,2025-07-15 18:52,88.00,67.00,50.00,14.95,25000.00,M
OMA,2025-07-15 19:52,86.00,70.00,59.04,14.95,20000.00,M
OMA,2025-07-15 20:52,84.00,72.00,67.36,12.65,15000.00,M
OMA,2025-07-15 21:52,83.00,72.00,69.56,11.50,15000.00,M
OMA,2025-07-15 22:52,82.00,72.00,71.84,12.65,8000.00,M
OMA,2025-07-15 23:52,81.00,71.00,71.74,16.10,6000.00,M
OMA,2025-07-16 00:15,76.00,64.00,66.43,20.70,3000.00,46.00
OMA,2025-07-16 00:22,73.00,64.00,73.44,35.65,3200.00,51.75
OMA,2025-07-16 00:27,68.00,65.00,90.14,29.90,1900.00,51.75
OMA,2025-07-16 00:29,67.00,65.00,93.30,27.60,1900.00,51.75
OMA,2025-07-16 00:41,67.00,65.00,93.30,23.00,1200.00,51.75
OMA,2025-07-16 00:47,66.20,64.40,93.93,17.25,1600.00,51.75
OMA,2025-07-16 00:52,67.00,65.00,93.30,13.80,1600.00,51.75
OMA,2025-07-16 01:08,67.00,65.00,93.30,13.80,1600.00,M
OMA,2025-07-16 01:38,68.00,66.00,93.33,9.20,1600.00,M
OMA,2025-07-16 01:52,68.00,65.00,90.14,8.05,5500.00,M
OMA,2025-07-16 02:52,68.00,65.00,90.14,0.00,5500.00,M
OMA,2025-07-16 03:52,68.00,66.00,93.33,4.60,11000.00,M
OMA,2025-07-16 04:52,68.00,66.00,93.33,6.90,14000.00,M
OMA,2025-07-16 05:52,68.00,66.00,93.33,9.20,800.00,M
OMA,2025-07-16 06:25,68.00,65.00,90.14,6.90,900.00,M
OMA,2025-07-16 06:52,68.00,66.00,93.33,4.60,900.00,M
OMA,2025-07-16 07:52,69.00,66.00,90.18,5.75,900.00,M
OMA,2025-07-16 08:52,70.00,66.00,87.16,8.05,900.00,M
OMA,2025-07-16 09:26,71.00,66.00,84.24,10.35,1100.00,M
OMA,2025-07-16 09:52,72.00,66.00,81.44,9.20,1100.00,M
OMA,2025-07-16 10:03,73.00,67.00,81.51,6.90,1100.00,M
OMA,2025-07-16 10:30,75.00,67.00,76.23,8.05,1600.00,M
OMA,2025-07-16 10:52,74.00,67.00,78.82,8.05,1600.00,M
OMA,2025-07-16 11:52,77.00,67.00,71.33,8.05,2400.00,M
OMA,2025-07-16 12:52,78.00,67.00,69.01,9.20,2900.00,M
OMA,2025-07-16 13:52,80.00,67.00,64.63,9.20,2900.00,M
OMA,2025-07-16 14:52,81.00,67.00,62.56,10.35,3500.00,M
OMA,2025-07-16 15:52,79.00,69.00,71.54,13.80,2800.00,M
OMA,2025-07-16 16:52,79.00,69.00,71.54,16.10,2100.00,M
OMA,2025-07-16 17:52,77.00,67.00,71.33,16.10,2200.00,M
OMA,2025-07-16 18:52,73.00,66.00,78.74,13.80,2000.00,M
OMA,2025-07-16 19:52,71.00,66.00,84.24,9.20,1800.00,M
OMA,2025-07-16 20:52,70.00,65.00,84.18,13.80,2400.00,M
OMA,2025-07-16 21:52,69.00,65.00,87.10,11.50,2900.00,M
OMA,2025-07-16 22:23,68.00,64.00,87.05,12.65,3100.00,M
OMA,2025-07-16 22:52,69.00,64.00,84.12,12.65,3100.00,M
OMA,2025-07-16 23:32,67.00,64.00,90.10,12.65,2000.00,M
OMA,2025-07-16 23:52,67.00,64.00,90.10,10.35,1500.00,M
OMA,2025-07-17 00:43,67.00,62.00,83.99,9.20,1700.00,M
OMA,2025-07-17 00:52,67.00,61.00,81.07,10.35,3100.00,M
OMA,2025-07-17 01:52,66.00,62.00,86.95,4.60,3100.00,M
OMA,2025-07-17 02:17,67.00,61.00,81.07,6.90,2800.00,M
OMA,2025-07-17 02:52,66.00,61.00,83.93,5.75,2100.00,M
OMA,2025-07-17 03:52,65.00,60.00,83.86,13.80,1600.00,M
OMA,2025-07-17 04:42,63.00,59.00,86.79,12.65,2600.00,M
OMA,2025-07-17 04:52,62.00,59.00,89.89,11.50,2500.00,M
OMA,2025-07-17 05:52,62.00,58.00,86.73,8.05,9500.00,M
OMA,2025-07-17 06:52,61.00,58.00,89.85,8.05,10000.00,M
OMA,2025-07-17 07:52,62.00,57.00,83.67,10.35,10000.00,M
OMA,2025-07-17 08:52,65.00,57.00,75.32,13.80,1500.00,M
OMA,2025-07-17 09:52,67.00,56.00,67.78,12.65,2000.00,M
OMA,2025-07-17 10:52,70.00,56.00,61.15,10.35,2500.00,M
OMA,2025-07-17 11:52,71.00,56.00,59.11,11.50,3500.00,M
OMA,2025-07-17 12:52,73.00,57.00,57.28,10.35,3500.00,M
OMA,2025-07-17 13:52,74.00,57.00,55.39,10.35,3500.00,M
OMA,2025-07-17 14:52,75.00,58.00,55.53,3.45,3500.00,M
OMA,2025-07-17 15:52,76.00,59.00,55.67,5.75,3900.00,M
OMA,2025-07-17 16:52,75.00,59.00,57.55,6.90,3900.00,M
OMA,2025-07-17 17:52,76.00,59.00,55.67,9.20,3800.00,M
OMA,2025-07-17 18:52,74.00,61.00,63.90,3.45,4000.00,M
OMA,2025-07-17 19:52,74.00,61.00,63.90,5.75,4100.00,M
OMA,2025-07-17 20:52,73.00,61.00,66.08,6.90,4200.00,M
OMA,2025-07-17 21:52,71.00,62.00,73.24,6.90,4200.00,M
OMA,2025-07-17 22:52,69.00,62.00,78.41,6.90,25000.00,M
OMA,2025-07-17 23:52,69.00,62.00,78.41,8.05,3800.00,M
OMA,2025-07-18 00:52,69.00,62.00,78.41,10.35,3900.00,M
OMA,2025-07-18 01:52,69.00,62.00,78.41,6.90,3400.00,M
OMA,2025-07-18 02:52,68.00,63.00,84.05,6.90,4200.00,M
OMA,2025-07-18 03:52,68.00,63.00,84.05,8.05,4300.00,M
OMA,2025-07-18 04:52,68.00,62.00,81.15,6.90,2200.00,M
OMA,2025-07-18 05:03,68.00,63.00,84.05,6.90,2000.00,M
OMA,2025-07-18 05:52,68.00,63.00,84.05,8.05,2000.00,M
OMA,2025-07-18 06:52,67.00,63.00,87.00,10.35,1700.00,M
OMA,2025-07-18 07:52,69.00,63.00,81.22,9.20,1500.00,M
OMA,2025-07-18 08:18,70.00,64.00,81.29,10.35,1500.00,M
OMA,2025-07-18 08:34,70.00,64.00,81.29,10.35,1400.00,M
OMA,2025-07-18 08:52,71.00,65.00,81.37,9.20,1300.00,M
OMA,2025-07-18 09:52,72.00,66.00,81.44,11.50,1200.00,M
OMA,2025-07-18 10:52,74.00,68.00,81.58,6.90,1300.00,M
OMA,2025-07-18 11:05,75.00,68.00,78.90,6.90,1500.00,M
OMA,2025-07-18 11:30,76.00,68.00,76.32,9.20,1500.00,M
OMA,2025-07-18 11:52,78.00,68.00,71.43,9.20,1800.00,M
OMA,2025-07-18 12:52,81.00,69.00,67.01,9.20,2500.00,M
OMA,2025-07-18 13:52,83.00,70.00,65.00,12.65,3200.00,M
OMA,2025-07-18 14:52,82.00,70.00,67.13,12.65,2900.00,M
OMA,2025-07-18 15:52,85.00,70.00,60.95,16.10,4600.00,M
OMA,2025-07-18 16:52,84.00,70.00,62.94,12.65,3400.00,M
OMA,2025-07-18 17:52,84.00,72.00,67.36,16.10,3000.00,M
OMA,2025-07-18 18:52,84.00,72.00,67.36,14.95,3000.00,M
OMA,2025-07-18 19:52,83.00,73.00,71.94,9.20,3000.00,M
OMA,2025-07-18 20:52,81.00,73.00,76.76,10.35,2400.00,M
OMA,2025-07-18 21:52,79.00,73.00,81.93,12.65,12000.00,M
OMA,2025-07-18 22:52,78.00,73.00,84.67,10.35,12000.00,M
OMA,2025-07-18 23:52,77.00,73.00,87.51,8.05,12000.00,M
OMA,2025-07-19 00:52,77.00,73.00,87.51,6.90,12000.00,M
OMA,2025-07-19 01:52,77.00,73.00,87.51,4.60,6000.00,M
OMA,2025-07-19 02:52,78.00,74.00,87.56,11.50,6000.00,M
OMA,2025-07-19 03:52,78.00,73.00,84.67,5.75,6000.00,M
OMA,2025-07-19 04:52,77.00,73.00,87.51,13.80,6000.00,M
OMA,2025-07-19 05:52,78.00,72.00,81.86,6.90,6000.00,M
OMA,2025-07-19 06:52,75.00,72.00,90.42,3.45,6000.00,M
OMA,2025-07-19 07:52,75.00,73.00,93.52,4.60,6000.00,M
OMA,2025-07-19 08:52,79.00,73.00,81.93,0.00,12000.00,M
OMA,2025-07-19 09:52,83.00,74.00,74.40,3.45,12000.00,M
OMA,2025-07-19 10:52,86.00,71.00,61.08,6.90,2000.00,M
OMA,2025-07-19 11:52,88.00,72.00,59.30,8.05,3000.00,M
OMA,2025-07-19 12:52,89.00,70.00,53.70,9.20,3000.00,M
OMA,2025-07-19 13:52,89.00,72.00,57.47,8.05,M,M
OMA,2025-07-19 14:52,89.00,74.00,61.46,8.05,3500.00,M
OMA,2025-07-19 15:52,89.00,74.00,61.46,10.35,3300.00,M
OMA,2025-07-19 16:52,90.00,73.00,57.60,10.35,4200.00,M
OMA,2025-07-19 17:52,87.00,75.00,67.69,10.35,4800.00,M
OMA,2025-07-19 18:52,87.00,74.00,65.47,9.20,4500.00,M
OMA,2025-07-19 19:52,86.00,75.00,69.88,6.90,4500.00,M
OMA,2025-07-19 20:41,85.00,76.00,74.59,5.75,4000.00,M
OMA,2025-07-19 20:52,83.00,77.00,82.21,5.75,4000.00,M
OMA,2025-07-19 21:12,83.00,76.00,79.53,3.45,5000.00,M
OMA,2025-07-19 21:33,83.00,76.00,79.53,5.75,5000.00,M
OMA,2025-07-19 21:52,83.00,77.00,82.21,8.05,9000.00,M
OMA,2025-07-19 22:02,82.00,77.00,84.91,6.90,5000.00,M
OMA,2025-07-19 22:27,82.00,76.00,82.14,4.60,5000.00,M
OMA,2025-07-19 22:52,82.00,76.00,82.14,4.60,5000.00,M
OMA,2025-07-19 23:52,80.00,76.00,87.66,0.00,5000.00,M
OMA,2025-07-20 00:43,80.00,77.00,90.61,3.45,7000.00,M
OMA,2025-07-20 00:52,79.00,77.00,93.63,4.60,4600.00,M
OMA,2025-07-20 01:22,79.00,76.00,90.58,3.45,900.00,M
OMA,2025-07-20 01:32,78.00,76.00,93.60,12.65,900.00,M
OMA,2025-07-20 01:52,78.00,76.00,93.60,8.05,900.00,M
OMA,2025-07-20 02:08,76.00,74.00,93.55,8.05,900.00,M
OMA,2025-07-20 02:20,76.00,74.00,93.55,10.35,2800.00,M
OMA,2025-07-20 02:52,74.00,72.00,93.49,9.20,3000.00,M
OMA,2025-07-20 03:03,74.00,72.00,93.49,14.95,800.00,M
OMA,2025-07-20 03:40,73.00,72.00,96.69,13.80,800.00,M
OMA,2025-07-20 03:52,73.00,71.00,93.47,17.25,800.00,M
OMA,2025-07-20 04:52,72.00,69.00,90.30,0.00,800.00,M
OMA,2025-07-20 05:52,71.00,69.00,93.41,9.20,6000.00,M
OMA,2025-07-20 06:31,72.00,70.00,93.44,6.90,900.00,M
OMA,2025-07-20 06:35,73.00,70.00,90.34,4.60,900.00,M
OMA,2025-07-20 06:52,73.00,71.00,93.47,8.05,900.00,M
OMA,2025-07-20 07:16,74.00,71.00,90.38,4.60,1100.00,M
OMA,2025-07-20 07:52,74.00,71.00,90.38,10.35,800.00,M
OMA,2025-07-20 08:52,76.00,72.00,87.46,5.75,800.00,M
OMA,2025-07-20 09:32,77.00,72.00,84.61,8.05,1000.00,M
OMA,2025-07-20 09:52,78.00,72.00,81.86,10.35,1000.00,M
OMA,2025-07-20 10:27,80.00,73.00,79.30,10.35,1400.00,M
OMA,2025-07-20 10:52,81.00,73.00,76.76,10.35,1500.00,M
OMA,2025-07-20 11:03,82.00,73.00,74.31,11.50,1700.00,M
OMA,2025-07-20 11:10,82.00,73.00,74.31,11.50,1700.00,M
OMA,2025-07-20 11:52,84.00,73.00,69.67,10.35,2100.00,M
OMA,2025-07-20 12:52,86.00,73.00,65.35,8.05,2700.00,M
OMA,2025-07-20 13:52,88.00,72.00,59.30,3.45,3500.00,M
OMA,2025-07-20 14:52,88.00,71.00,57.33,4.60,4000.00,M
OMA,2025-07-20 15:52,90.00,73.00,57.60,3.45,4300.00,M
OMA,2025-07-20 16:52,89.00,74.00,61.46,10.35,4100.00,M
OMA,2025-07-20 17:52,90.00,74.00,59.57,13.80,3700.00,M
OMA,2025-07-20 18:52,89.00,73.00,59.44,12.65,3700.00,M
OMA,2025-07-20 19:52,86.00,75.00,69.88,12.65,3700.00,M
OMA,2025-07-20 20:52,84.00,74.00,72.04,10.35,3500.00,M
OMA,2025-07-20 21:52,82.00,75.00,79.45,6.90,3500.00,M
OMA,2025-07-20 22:52,81.00,74.00,79.38,10.35,4500.00,M
OMA,2025-07-20 23:52,79.00,74.00,84.73,8.05,4500.00,M
OMA,2025-07-21 00:52,78.00,73.00,84.67,3.45,20000.00,M
OMA,2025-07-21 01:52,77.00,72.00,84.61,5.75,25000.00,M
OMA,2025-07-21 02:52,76.00,72.00,87.46,6.90,25000.00,M
OMA,2025-07-21 03:52,76.00,73.00,90.46,3.45,4500.00,M
OMA,2025-07-21 04:10,76.00,73.00,90.46,5.75,800.00,M
OMA,2025-07-21 04:52,76.00,74.00,93.55,5.75,700.00,M
OMA,2025-07-21 05:52,77.00,74.00,90.50,6.90,700.00,M
OMA,2025-07-21 06:52,77.00,74.00,90.50,11.50,800.00,M
OMA,2025-07-21 07:52,78.00,74.00,87.56,14.95,900.00,M
OMA,2025-07-21 08:52,79.00,75.00,87.61,13.80,900.00,M
OMA,2025-07-21 09:40,80.00,76.00,87.66,13.80,1000.00,M
OMA,2025-07-21 09:52,81.00,76.00,84.85,13.80,1000.00,M
OMA,2025-07-21 10:49,82.40,75.20,78.96,9.20,1500.00,M
OMA,2025-07-21 10:52,82.00,76.00,82.14,10.35,1500.00,M
OMA,2025-07-21 11:52,84.00,76.00,77.01,17.25,1800.00,M
OMA,2025-07-21 12:13,86.00,77.00,74.68,16.10,1800.00,M
OMA,2025-07-21 12:52,86.00,73.00,65.35,23.00,2200.00,29.90
OMA,2025-07-21 13:52,84.00,72.00,67.36,14.95,2800.00,29.90
OMA,2025-07-21 14:52,82.00,71.00,69.45,16.10,3000.00,M
OMA,2025-07-21 15:52,84.00,71.00,65.11,13.80,20000.00,M
OMA,2025-07-21 16:52,81.00,70.00,69.34,10.35,20000.00,M
OMA,2025-07-21 17:52,78.00,70.00,76.49,10.35,20000.00,M
OMA,2025-07-21 18:52,78.00,70.00,76.49,11.50,20000.00,M
OMA,2025-07-21 19:52,76.00,69.00,78.98,9.20,20000.00,M
OMA,2025-07-21 20:52,75.00,69.00,81.65,8.05,20000.00,M
OMA,2025-07-21 21:52,75.00,69.00,81.65,4.60,20000.00,M
OMA,2025-07-21 22:52,74.00,69.00,84.43,6.90,20000.00,M
OMA,2025-07-21 23:52,74.00,70.00,87.36,11.50,20000.00,M
OMA,2025-07-22 00:52,74.00,69.00,84.43,9.20,25000.00,M
OMA,2025-07-22 01:52,74.00,68.00,81.58,10.35,25000.00,M
OMA,2025-07-22 02:52,74.00,68.00,81.58,6.90,25000.00,M
OMA,2025-07-22 03:52,73.00,69.00,87.31,8.05,5000.00,M
OMA,2025-07-22 04:52,73.00,69.00,87.31,9.20,5000.00,M
OMA,2025-07-22 05:52,73.00,69.00,87.31,5.75,20000.00,M
OMA,2025-07-22 06:52,74.00,70.00,87.36,8.05,1000.00,M
OMA,2025-07-22 07:52,75.00,72.00,90.42,8.05,1000.00,M
OMA,2025-07-22 08:24,76.00,72.00,87.46,12.65,1200.00,M
OMA,2025-07-22 08:52,77.00,73.00,87.51,11.50,1100.00,M
OMA,2025-07-22 09:16,79.00,74.00,84.73,10.35,1100.00,M
OMA,2025-07-22 09:43,80.00,73.00,79.30,11.50,1500.00,M
OMA,2025-07-22 09:52,80.00,73.00,79.30,12.65,1500.00,M
OMA,2025-07-22 10:52,82.00,72.00,71.84,12.65,2200.00,M
OMA,2025-07-22 11:52,M,M,M,M,M,M
OMA,2025-07-22 12:52,82.00,M,M,11.50,2000.00,M
OMA,2025-07-22 13:52,84.00,M,M,5.75,3000.00,M
OMA,2025-07-22 14:52,84.00,M,M,9.20,3000.00,M
OMA,2025-07-22 15:52,86.00,M,M,5.75,3000.00,M
OMA,2025-07-22 16:52,90.00,M,M,13.80,3000.00,M
OMA,2025-07-22 17:52,90.00,M,M,13.80,3000.00,M
OMA,2025-07-22 18:52,88.00,M,M,13.80,3000.00,M
OMA,2025-07-22 19:52,85.00,M,M,11.50,3000.00,M
OMA,2025-07-22 20:52,81.00,M,M,8.05,15000.00,M
OMA,2025-07-22 21:52,81.00,M,M,6.90,15000.00,M
OMA,2025-07-22 22:52,80.00,M,M,5.75,15000.00,M
OMA,2025-07-22 23:52,79.00,M,M,9.20,15000.00,M
OMA,2025-07-23 00:52,80.00,77.00,90.61,8.05,15000.00,M
OMA,2025-07-23 01:52,80.00,76.00,87.66,11.50,20000.00,M
OMA,2025-07-23 02:52,80.00,74.00,82.00,9.20,20000.00,M
OMA,2025-07-23 03:52,80.00,73.00,79.30,11.50,20000.00,M
OMA,2025-07-23 04:52,80.00,73.00,79.30,11.50,20000.00,M
OMA,2025-07-23 05:52,76.00,71.00,84.55,10.35,12000.00,M
OMA,2025-07-23 06:52,76.00,71.00,84.55,8.05,12000.00,M
OMA,2025-07-23 07:52,77.00,71.00,81.79,13.80,12000.00,M
OMA,2025-07-23 08:52,81.00,71.00,71.74,13.80,M,M
OMA,2025-07-23 09:52,81.00,72.00,74.21,13.80,M,M
OMA,2025-07-23 10:52,81.00,72.00,74.21,14.95,M,M
OMA,2025-07-23 11:52,88.00,73.00,61.34,20.70,25000.00,M
OMA,2025-07-23 12:52,90.00,74.00,59.57,16.10,25000.00,M
OMA,2025-07-23 13:52,91.00,74.00,57.73,16.10,13000.00,M
OMA,2025-07-23 14:52,92.00,75.00,57.87,17.25,3500.00,M
OMA,2025-07-23 15:52,93.00,75.00,56.10,23.00,4000.00,29.90
OMA,2025-07-23 16:52,93.00,73.00,52.47,21.85,4500.00,29.90
OMA,2025-07-23 17:52,92.00,74.00,55.97,16.10,4000.00,29.90
OMA,2025-07-23 18:52,91.00,73.00,55.83,17.25,4000.00,M
OMA,2025-07-23 19:52,88.00,73.00,61.34,12.65,14000.00,M
OMA,2025-07-23 20:52,87.00,75.00,67.69,8.05,4000.00,M
OMA,2025-07-23 21:52,84.00,76.00,77.01,9.20,4000.00,M
OMA,2025-07-23 22:52,78.00,66.00,66.67,31.05,3000.00,42.55
OMA,2025-07-23 23:00,77.00,67.00,71.33,20.70,3000.00,37.95
OMA,2025-07-23 23:05,73.00,69.00,87.31,21.85,3000.00,37.95
OMA,2025-07-23 23:20,72.00,68.00,87.26,16.10,3000.00,39.10
OMA,2025-07-23 23:52,72.00,68.00,87.26,11.50,3000.00,39.10
OMA,2025-07-24 00:52,72.00,68.00,87.26,5.75,4000.00,M
OMA,2025-07-24 01:11,72.00,68.00,87.26,9.20,4000.00,M
OMA,2025-07-24 01:52,71.00,67.00,87.21,0.00,4100.00,M
OMA,2025-07-24 02:52,71.00,69.00,93.41,9.20,4300.00,M
OMA,2025-07-24 03:52,70.00,69.00,96.64,6.90,4300.00,M
OMA,2025-07-24 04:01,70.00,69.00,96.64,6.90,4300.00,M
OMA,2025-07-24 04:52,71.00,68.00,90.26,10.35,11000.00,M
OMA,2025-07-24 05:52,70.00,68.00,93.38,4.60,16000.00,M
OMA,2025-07-24 06:52,71.00,68.00,90.26,5.75,1000.00,M
OMA,2025-07-24 07:52,72.00,69.00,90.30,3.45,1000.00,M
OMA,2025-07-24 08:52,73.00,69.00,87.31,6.90,1000.00,M
OMA,2025-07-24 09:52,73.00,69.00,87.31,3.45,1400.00,M
OMA,2025-07-24 10:52,75.00,70.00,84.49,3.45,1300.00,M
OMA,2025-07-24 11:32,77.00,70.00,79.06,3.45,1500.00,M
OMA,2025-07-24 11:52,76.00,71.00,84.55,3.45,1700.00,M
OMA,2025-07-24 12:50,77.00,71.60,83.47,11.50,1200.00,M
OMA,2025-07-24 12:52,77.00,71.00,81.79,11.50,1200.00,M
OMA,2025-07-24 13:52,80.00,70.00,71.64,6.90,2100.00,M
OMA,2025-07-24 14:52,83.00,70.00,65.00,5.75,2300.00,M
OMA,2025-07-24 15:52,83.00,71.00,67.24,0.00,2900.00,M
OMA,2025-07-24 16:52,83.00,71.00,67.24,8.05,2900.00,M
OMA,2025-07-24 17:52,82.00,72.00,71.84,8.05,3000.00,M
OMA,2025-07-24 18:52,82.00,72.00,71.84,8.05,3000.00,M
OMA,2025-07-24 19:52,81.00,72.00,74.21,6.90,2400.00,M
OMA,2025-07-24 20:52,79.00,73.00,81.93,4.60,3000.00,M
OMA,2025-07-24 21:52,77.00,73.00,87.51,4.60,25000.00,M
OMA,2025-07-24 22:52,76.00,72.00,87.46,0.00,25000.00,M
OMA,2025-07-24 23:52,74.00,72.00,93.49,0.00,25000.00,M
OMA,2025-07-25 00:52,71.00,71.00,100.00,3.45,25000.00,M
OMA,2025-07-25 01:28,70.00,70.00,100.00,4.60,400.00,M
OMA,2025-07-25 01:52,69.00,69.00,100.00,3.45,400.00,M
OMA,2025-07-25 02:41,70.00,70.00,100.00,0.00,900.00,M
OMA,2025-07-25 02:52,70.00,70.00,100.00,0.00,700.00,M
OMA,2025-07-25 03:03,69.00,69.00,100.00,0.00,400.00,M
OMA,2025-07-25 03:09,69.00,69.00,100.00,3.45,400.00,M
OMA,2025-07-25 03:31,70.00,70.00,100.00,0.00,400.00,M
OMA,2025-07-25 03:52,71.00,71.00,100.00,0.00,1100.00,M
OMA,2025-07-25 04:34,71.00,71.00,100.00,0.00,1200.00,M
OMA,2025-07-25 04:52,71.00,71.00,100.00,0.00,4000.00,M
OMA,2025-07-25 05:02,72.00,71.00,96.67,0.00,600.00,M
OMA,2025-07-25 05:50,71.60,71.60,100.00,0.00,3800.00,M
OMA,2025-07-25 05:52,72.00,71.00,96.67,0.00,3800.00,M
OMA,2025-07-25 06:39,72.00,71.00,96.67,6.90,4500.00,M
OMA,2025-07-25 06:52,71.00,71.00,100.00,4.60,4500.00,M
OMA,2025-07-25 07:06,71.00,71.00,100.00,3.45,4600.00,M
OMA,2025-07-25 07:52,72.00,71.00,96.67,0.00,4600.00,M
OMA,2025-07-25 08:14,75.00,72.00,90.42,0.00,500.00,M
OMA,2025-07-25 08:52,76.00,73.00,90.46,3.45,500.00,M
OMA,2025-07-25 09:15,77.00,73.00,87.51,5.75,500.00,M
OMA,2025-07-25 09:52,79.00,72.00,79.22,6.90,800.00,M
OMA,2025-07-25 10:12,80.00,72.00,76.67,8.05,1600.00,M
OMA,2025-07-25 10:52,81.00,71.00,71.74,9.20,1800.00,M
OMA,2025-07-25 11:25,81.00,72.00,74.21,10.35,2100.00,M
OMA,2025-07-25 11:52,82.00,72.00,71.84,9.20,2100.00,M
OMA,2025-07-25 12:52,84.00,71.00,65.11,10.35,4700.00,M
OMA,2025-07-25 13:52,85.00,71.00,63.06,6.90,2500.00,M
OMA,2025-07-25 14:47,84.20,73.40,70.16,14.95,2600.00,M
OMA,2025-07-25 14:52,84.00,73.00,69.67,12.65,2600.00,M
OMA,2025-07-25 15:12,83.00,72.00,69.56,13.80,2400.00,M
OMA,2025-07-25 15:52,82.00,72.00,71.84,11.50,2200.00,M
OMA,2025-07-25 16:52,81.00,71.00,71.74,10.35,2500.00,M
OMA,2025-07-25 17:52,80.00,72.00,76.67,10.35,2500.00,M
OMA,2025-07-25 18:52,80.00,73.00,79.30,10.35,2500.00,M
OMA,2025-07-25 19:52,79.00,73.00,81.93,8.05,2500.00,M
OMA,2025-07-25 20:27,78.00,72.00,81.86,8.05,1400.00,M
OMA,2025-07-25 20:52,78.00,72.00,81.86,3.45,1400.00,M
OMA,2025-07-25 21:50,77.00,71.60,83.47,0.00,1300.00,M
OMA,2025-07-25 21:52,77.00,71.00,81.79,3.45,1300.00,M
OMA,2025-07-25 22:52,76.00,73.00,90.46,5.75,4000.00,M
OMA,2025-07-25 23:19,76.00,73.00,90.46,4.60,2000.00,M
OMA,2025-07-25 23:47,75.20,71.60,88.61,3.45,2000.00,M
OMA,2025-07-25 23:52,76.00,72.00,87.46,3.45,2000.00,M
OMA,2025-07-26 00:10,76.00,73.00,90.46,3.45,1600.00,M
OMA,2025-07-26 00:42,76.00,74.00,93.55,3.45,1400.00,M
OMA,2025-07-26 00:52,76.00,73.00,90.46,3.45,1300.00,M
OMA,2025-07-26 01:30,76.00,73.00,90.46,0.00,1100.00,M
OMA,2025-07-26 01:52,76.00,74.00,93.55,3.45,1100.00,M
OMA,2025-07-26 02:52,75.00,73.00,93.52,0.00,1100.00,M
OMA,2025-07-26 02:59,75.00,73.00,93.52,0.00,700.00,M
OMA,2025-07-26 03:34,75.00,73.00,93.52,3.45,2100.00,M
OMA,2025-07-26 03:38,75.00,73.00,93.52,3.45,900.00,M
OMA,2025-07-26 03:52,75.00,73.00,93.52,4.60,900.00,M
OMA,2025-07-26 04:03,75.00,73.00,93.52,4.60,900.00,M
OMA,2025-07-26 04:52,75.00,73.00,93.52,4.60,900.00,M
OMA,2025-07-26 04:59,75.00,73.00,93.52,4.60,1100.00,M
OMA,2025-07-26 05:25,75.00,73.00,93.52,4.60,900.00,M
OMA,2025-07-26 05:52,75.00,73.00,93.52,5.75,800.00,M
OMA,2025-07-26 06:33,75.00,73.00,93.52,5.75,800.00,M
OMA,2025-07-26 06:44,75.00,73.00,93.52,6.90,900.00,M
OMA,2025-07-26 06:52,75.00,73.00,93.52,6.90,800.00,M
OMA,2025-07-26 07:03,75.00,73.00,93.52,8.05,800.00,M
OMA,2025-07-26 07:21,75.00,73.00,93.52,5.75,800.00,M
OMA,2025-07-26 07:52,76.00,73.00,90.46,5.75,800.00,M
OMA,2025-07-26 07:59,76.00,73.00,90.46,4.60,800.00,M
OMA,2025-07-26 08:52,78.00,73.00,84.67,4.60,1000.00,M
OMA,2025-07-26 08:59,79.00,73.00,81.93,4.60,1000.00,M
OMA,2025-07-26 09:52,80.00,72.00,76.67,4.60,1800.00,M
OMA,2025-07-26 10:52,83.00,73.00,71.94,5.75,1800.00,M
OMA,2025-07-26 11:52,84.00,73.00,69.67,0.00,2400.00,M
OMA,2025-07-26 12:52,85.00,71.00,63.06,0.00,3000.00,M
OMA,2025-07-26 13:52,86.00,71.00,61.08,3.45,3200.00,M
OMA,2025-07-26 14:52,87.00,71.00,59.17,5.75,4500.00,M
OMA,2025-07-26 15:52,88.00,71.00,57.33,4.60,5500.00,M
OMA,2025-07-26 16:52,88.00,71.00,57.33,3.45,5000.00,M
OMA,2025-07-26 17:52,89.00,71.00,55.55,8.05,4000.00,M
OMA,2025-07-26 18:52,87.00,73.00,63.31,5.75,4000.00,M
OMA,2025-07-26 19:52,86.00,71.00,61.08,8.05,4000.00,M
OMA,2025-07-26 20:52,84.00,72.00,67.36,10.35,4000.00,M
OMA,2025-07-26 21:52,84.00,73.00,69.67,6.90,M,M
OMA,2025-07-26 22:52,81.00,73.00,76.76,4.60,M,M
OMA,2025-07-26 23:52,80.00,73.00,79.30,4.60,M,M
OMA,2025-07-27 00:52,79.00,73.00,81.93,4.60,M,M
OMA,2025-07-27 01:52,77.00,73.00,87.51,0.00,M,M
OMA,2025-07-27 02:52,77.00,73.00,87.51,0.00,M,M
OMA,2025-07-27 03:52,77.00,73.00,87.51,3.45,M,M
OMA,2025-07-27 04:52,77.00,73.00,87.51,4.60,M,M
OMA,2025-07-27 05:52,76.00,73.00,90.46,8.05,6000.00,M
OMA,2025-07-27 06:52,76.00,73.00,90.46,6.90,6000.00,M
OMA,2025-07-27 07:52,78.00,74.00,87.56,9.20,6000.00,M
OMA,2025-07-27 08:52,81.00,74.00,79.38,9.20,6000.00,M
OMA,2025-07-27 09:52,84.00,76.00,77.01,6.90,6000.00,M
OMA,2025-07-27 10:52,87.00,76.00,69.99,8.05,6000.00,M
OMA,2025-07-27 11:52,89.00,77.00,67.92,10.35,25000.00,M
OMA,2025-07-27 12:52,93.00,75.00,56.10,13.80,4000.00,M
OMA,2025-07-27 13:52,94.00,74.00,52.61,14.95,5000.00,M
OMA,2025-07-27 14:52,94.00,76.00,56.24,13.80,5000.00,M
OMA,2025-07-27 15:52,95.00,77.00,56.38,14.95,4000.00,M
OMA,2025-07-27 16:52,95.00,80.00,62.22,16.10,4000.00,M
OMA,2025-07-27 17:52,94.00,79.00,62.09,17.25,4000.00,M
OMA,2025-07-27 18:52,93.00,80.00,66.17,16.10,3400.00,M
OMA,2025-07-27 19:52,91.00,80.00,70.40,14.95,3400.00,M
OMA,2025-07-27 20:52,90.00,80.00,72.64,14.95,M,M
OMA,2025-07-27 21:52,88.00,80.00,77.35,10.35,M,M
OMA,2025-07-27 22:52,87.00,80.00,79.84,11.50,M,M
OMA,2025-07-27 23:52,86.00,80.00,82.41,11.50,M,M
OMA,2025-07-28 00:52,85.00,79.00,82.35,10.35,M,M
OMA,2025-07-28 01:52,85.00,77.00,77.10,10.35,M,M
OMA,2025-07-28 02:52,83.00,76.00,79.53,8.05,18000.00,M
OMA,2025-07-28 03:18,80.00,69.00,69.23,34.50,2800.00,55.20
OMA,2025-07-28 03:52,72.00,63.00,73.34,31.05,4000.00,56.35
OMA,2025-07-28 04:52,71.00,64.00,78.57,25.30,4900.00,46.00
OMA,2025-07-28 05:52,72.00,64.00,75.96,19.55,6000.00,41.40
OMA,2025-07-28 06:52,73.00,64.00,73.44,17.25,10000.00,M
OMA,2025-07-28 07:52,76.00,65.00,68.79,18.40,10000.00,M
OMA,2025-07-28 08:52,79.00,68.00,69.12,16.10,M,M
OMA,2025-07-28 09:52,82.00,68.00,62.69,20.70,M,M
OMA,2025-07-28 10:52,85.00,70.00,60.95,21.85,25000.00,33.35
OMA,2025-07-28 11:52,88.00,72.00,59.30,19.55,25000.00,29.90
OMA,2025-07-28 12:52,90.00,74.00,59.57,18.40,3000.00,31.05
OMA,2025-07-28 13:52,91.00,75.00,59.70,14.95,3500.00,M
OMA,2025-07-28 14:52,93.00,77.00,59.96,13.80,3500.00,M
OMA,2025-07-28 15:52,95.00,78.00,58.27,13.80,25000.00,M
OMA,2025-07-28 16:52,97.00,76.00,51.31,13.80,25000.00,M
OMA,2025-07-28 17:52,95.00,77.00,56.38,12.65,25000.00,M
OMA,2025-07-28 18:52,94.00,78.00,60.08,16.10,25000.00,M
OMA,2025-07-28 19:52,91.00,81.00,72.74,13.80,25000.00,M
OMA,2025-07-28 20:52,89.00,80.00,74.95,11.50,25000.00,M
OMA,2025-07-28 21:52,87.00,80.00,79.84,12.65,25000.00,M
OMA,2025-07-28 22:52,85.00,80.00,85.08,8.05,25000.00,M
OMA,2025-07-28 23:52,85.00,79.00,82.35,0.00,25000.00,M
OMA,2025-07-29 00:32,82.00,80.00,93.71,13.80,1400.00,M
OMA,2025-07-29 00:52,80.00,71.00,74.12,14.95,1300.00,M
OMA,2025-07-29 01:07,79.00,70.00,74.02,12.65,1200.00,M
OMA,2025-07-29 01:52,77.00,68.00,73.83,4.60,3700.00,M
OMA,2025-07-29 02:52,77.00,66.00,68.90,5.75,M,M
OMA,2025-07-29 03:52,76.00,66.00,71.23,8.05,M,M
OMA,2025-07-29 04:52,76.00,67.00,73.73,6.90,M,M
OMA,2025-07-29 05:52,77.00,68.00,73.83,10.35,25000.00,M
OMA,2025-07-29 06:52,74.00,69.00,84.43,4.60,25000.00,M
OMA,2025-07-29 07:52,78.00,70.00,76.49,8.05,25000.00,M
OMA,2025-07-29 08:52,80.00,71.00,74.12,6.90,25000.00,M
OMA,2025-07-29 09:52,85.00,74.00,69.77,8.05,25000.00,M
OMA,2025-07-29 10:52,88.00,75.00,65.59,9.20,25000.00,M
OMA,2025-07-29 11:52,91.00,75.00,59.70,6.90,25000.00,M
OMA,2025-07-29 12:52,92.00,76.00,59.83,6.90,25000.00,M
OMA,2025-07-29 13:52,94.00,75.00,54.40,11.50,3800.00,M
OMA,2025-07-29 14:52,95.00,77.00,56.38,12.65,4000.00,M
OMA,2025-07-29 15:52,96.00,77.00,54.68,12.65,25000.00,M
OMA,2025-07-29 16:52,96.00,76.00,52.90,13.80,5000.00,M
OMA,2025-07-29 17:52,96.00,75.00,51.16,14.95,3000.00,M
OMA,2025-07-29 18:52,94.00,77.00,58.13,12.65,3000.00,M
OMA,2025-07-29 19:52,92.00,77.00,61.84,12.65,6000.00,M
OMA,2025-07-29 20:52,90.00,78.00,68.03,12.65,6000.00,M
OMA,2025-07-29 21:52,88.00,78.00,72.44,11.50,12000.00,M
OMA,2025-07-29 22:52,86.00,78.00,77.18,10.35,12000.00,M
OMA,2025-07-29 23:44,86.00,78.00,77.18,8.05,6000.00,M
OMA,2025-07-29 23:52,85.00,76.00,74.59,5.75,6000.00,M
OMA,2025-07-30 00:10,73.00,69.00,87.31,28.75,2700.00,52.90
OMA,2025-07-30 00:20,72.00,70.00,93.44,26.45,1800.00,52.90
OMA,2025-07-30 00:40,71.00,70.00,96.66,26.45,2200.00,52.90
OMA,2025-07-30 00:49,71.60,69.80,94.07,31.05,1300.00,52.90
OMA,2025-07-30 01:00,70.00,69.00,96.64,25.30,800.00,32.20
OMA,2025-07-30 01:33,71.00,69.00,93.41,12.65,1200.00,36.80
OMA,2025-07-30 01:52,70.00,69.00,96.64,8.05,1200.00,36.80
OMA,2025-07-30 02:04,70.00,68.00,93.38,5.75,1000.00,M
OMA,2025-07-30 02:52,70.00,68.00,93.38,0.00,1400.00,M
OMA,2025-07-30 03:09,70.00,68.00,93.38,5.75,1100.00,M
OMA,2025-07-30 03:35,70.00,68.00,93.38,4.60,1100.00,M
OMA,2025-07-30 03:52,69.00,68.00,96.63,4.60,7500.00,M
OMA,2025-07-30 04:52,69.00,67.00,93.36,10.35,1100.00,M
OMA,2025-07-30 05:52,69.00,66.00,90.18,0.00,1200.00,M
OMA,2025-07-30 05:59,69.00,66.00,90.18,4.60,1200.00,M
OMA,2025-07-30 06:12,69.00,66.00,90.18,3.45,1200.00,M
OMA,2025-07-30 06:52,68.00,66.00,93.33,3.45,17000.00,M
OMA,2025-07-30 07:52,69.00,67.00,93.36,8.05,1000.00,M
OMA,2025-07-30 08:45,70.00,67.00,90.22,11.50,1200.00,M
OMA,2025-07-30 08:52,70.00,67.00,90.22,10.35,1200.00,M
OMA,2025-07-30 09:52,73.00,67.00,81.51,8.05,1400.00,M
OMA,2025-07-30 10:52,74.00,67.00,78.82,8.05,1400.00,M
OMA,2025-07-30 11:09,75.00,67.00,76.23,8.05,1400.00,M
OMA,2025-07-30 11:52,76.00,68.00,76.32,6.90,1400.00,M
OMA,2025-07-30 12:52,77.00,68.00,73.83,8.05,1500.00,M
OMA,2025-07-30 13:50,78.80,69.80,74.00,6.90,2800.00,M
OMA,2025-07-30 13:52,78.00,69.00,73.93,6.90,2800.00,M
OMA,2025-07-30 14:26,79.00,70.00,74.02,8.05,2500.00,M
OMA,2025-07-30 14:52,80.00,70.00,71.64,11.50,2500.00,M
OMA,2025-07-30 15:52,79.00,70.00,74.02,8.05,2900.00,M
OMA,2025-07-30 16:52,79.00,69.00,71.54,6.90,3000.00,M
OMA,2025-07-30 17:52,80.00,69.00,69.23,5.75,3000.00,M
OMA,2025-07-30 18:52,80.00,69.00,69.23,6.90,3000.00,M
OMA,2025-07-30 19:52,77.00,71.00,81.79,6.90,3000.00,M
OMA,2025-07-30 20:52,75.00,72.00,90.42,6.90,6000.00,M
OMA,2025-07-30 21:52,75.00,72.00,90.42,5.75,6000.00,M
OMA,2025-07-30 22:52,73.00,71.00,93.47,6.90,2500.00,M
OMA,2025-07-30 23:52,72.00,70.00,93.44,5.75,2500.00,M
OMA,2025-07-31 00:52,73.00,69.00,87.31,0.00,9000.00,M
OMA,2025-07-31 01:52,71.00,69.00,93.41,5.75,4900.00,M
OMA,2025-07-31 02:52,72.00,68.00,87.26,9.20,4900.00,M
OMA,2025-07-31 03:52,72.00,68.00,87.26,8.05,3600.00,M
OMA,2025-07-31 04:52,71.00,69.00,93.41,5.75,2100.00,M
OMA,2025-07-31 05:18,71.00,68.00,90.26,9.20,1200.00,M
OMA,2025-07-31 05:29,71.00,69.00,93.41,11.50,800.00,M
OMA,2025-07-31 05:52,69.00,67.00,93.36,13.80,800.00,M
OMA,2025-07-31 06:26,69.00,66.00,90.18,11.50,1100.00,M
OMA,2025-07-31 06:52,68.00,64.00,87.05,11.50,1100.00,M
OMA,2025-07-31 07:05,68.00,64.00,87.05,9.20,1100.00,M
OMA,2025-07-31 07:31,68.00,64.00,87.05,6.90,1500.00,M
OMA,2025-07-31 07:39,68.00,64.00,87.05,6.90,1300.00,M
OMA,2025-07-31 07:52,68.00,65.00,90.14,4.60,1300.00,M
OMA,2025-07-31 08:52,68.00,65.00,90.14,5.75,1100.00,M
OMA,2025-07-31 09:52,70.00,65.00,84.18,5.75,1300.00,M
OMA,2025-07-31 10:00,70.00,65.00,84.18,9.20,1500.00,M
OMA,2025-07-31 10:52,72.00,63.00,73.34,10.35,1800.00,M
OMA,2025-07-31 11:04,73.00,63.00,70.91,6.90,1800.00,M
OMA,2025-07-31 11:52,74.00,62.00,66.20,11.50,2500.00,M
OMA,2025-07-31 12:52,77.00,61.00,57.83,12.65,3000.00,M
OMA,2025-07-31 13:52,78.00,60.00,54.00,14.95,3500.00,M
OMA,2025-07-31 14:52,78.00,62.00,57.97,10.35,3500.00,M
OMA,2025-07-31 15:52,79.00,61.00,54.14,12.65,3900.00,M
OMA,2025-07-31 16:52,79.00,61.00,54.14,10.35,3900.00,M
OMA,2025-07-31 17:52,78.00,61.00,55.95,9.20,4000.00,M
OMA,2025-07-31 18:52,78.00,61.00,55.95,5.75,4000.00,M
OMA,2025-07-31 19:52,75.00,63.00,66.32,5.75,20000.00,M
OMA,2025-07-31 20:52,73.00,63.00,70.91,5.75,20000.00,M
OMA,2025-07-31 21:52,72.00,62.00,70.81,6.90,20000.00,M
OMA,2025-07-31 22:52,70.00,62.00,75.78,8.05,20000.00,M
OMA,2025-07-31 23:52,69.00,62.00,78.41,6.90,20000.00,M
OMA,2025-08-01 00:52,68.00,62.00,81.15,8.05,20000.00,M
OMA,2025-08-01 01:52,67.00,62.00,83.99,9.20,20000.00,M
OMA,2025-08-01 02:52,66.00,61.00,83.93,6.90,M,M
OMA,2025-08-01 03:52,65.00,60.00,83.86,4.60,M,M
OMA,2025-08-01 04:52,64.00,58.00,80.85,0.00,4300.00,M
OMA,2025-08-01 05:52,63.00,60.00,89.94,3.45,4300.00,M
OMA,2025-08-01 06:52,64.00,60.00,86.84,0.00,4400.00,M
OMA,2025-08-01 07:52,65.00,58.00,78.08,0.00,4300.00,M
OMA,2025-08-01 08:52,67.00,57.00,70.27,0.00,15000.00,M
OMA,2025-08-01 09:52,70.00,55.00,58.97,5.75,25000.00,M
OMA,2025-08-01 10:52,72.00,52.00,49.37,11.50,25000.00,M
OMA,2025-08-01 11:52,73.00,51.00,46.00,10.35,25000.00,M
OMA,2025-08-01 12:52,73.00,51.00,46.00,3.45,25000.00,M
OMA,2025-08-01 13:52,74.00,50.00,42.86,6.90,5000.00,M
OMA,2025-08-01 14:52,76.00,53.00,44.80,8.05,5000.00,M
OMA,2025-08-01 15:52,76.00,54.00,46.47,9.20,5000.00,M
OMA,2025-08-01 16:52,75.00,54.00,48.04,11.50,5000.00,M
OMA,2025-08-01 17:52,74.00,56.00,53.42,9.20,6000.00,M
OMA,2025-08-01 18:52,73.00,55.00,53.28,8.05,6000.00,M
OMA,2025-08-01 20:52,70.00,58.00,65.72,4.60,15000.00,M
OMA,2025-08-01 21:52,67.00,59.00,75.50,4.60,15000.00,M
OMA,2025-08-01 22:52,65.00,59.00,80.92,6.90,25000.00,M
OMA,2025-08-01 23:52,64.00,57.00,77.99,5.75,25000.00,M
OMA,2025-08-02 00:52,60.00,56.00,86.62,3.45,25000.00,M
OMA,2025-08-02 01:52,60.00,58.00,93.10,0.00,25000.00,M
OMA,2025-08-02 02:52,58.00,58.00,100.00,0.00,25000.00,M
OMA,2025-08-02 03:52,58.00,57.00,96.47,3.45,25000.00,M
OMA,2025-08-02 04:52,57.00,55.00,93.01,4.60,13000.00,M
OMA,2025-08-02 05:52,57.00,55.00,93.01,4.60,13000.00,M
OMA,2025-08-02 06:52,56.00,55.00,96.44,0.00,15000.00,M
OMA,2025-08-02 07:52,61.00,55.00,80.62,0.00,4000.00,M
OMA,2025-08-02 08:52,65.00,56.00,72.64,6.90,13000.00,M
OMA,2025-08-02 09:52,68.00,58.00,70.38,5.75,13000.00,M
OMA,2025-08-02 10:52,70.00,59.00,68.12,3.45,4700.00,M
OMA,2025-08-02 11:52,74.00,60.00,61.67,5.75,4700.00,M
OMA,2025-08-02 12:52,76.00,61.00,59.78,9.20,6000.00,M
OMA,2025-08-02 13:52,77.00,58.00,51.96,12.65,3600.00,M
OMA,2025-08-02 14:52,78.00,57.00,48.50,13.80,3600.00,M
OMA,2025-08-02 15:52,76.00,58.00,53.71,13.80,3600.00,M
OMA,2025-08-02 16:52,76.00,59.00,55.67,14.95,14000.00,M
OMA,2025-08-02 17:52,76.00,59.00,55.67,12.65,14000.00,M
OMA,2025-08-02 18:52,76.00,60.00,57.69,12.65,4000.00,M
OMA,2025-08-02 19:52,74.00,60.00,61.67,9.20,14000.00,M
OMA,2025-08-02 21:52,69.00,61.00,75.69,6.90,M,M
OMA,2025-08-02 22:52,69.00,61.00,75.69,5.75,M,M
OMA,2025-08-02 23:52,68.00,61.00,78.33,8.05,M,M
OMA,2025-08-03 00:52,67.00,61.00,81.07,8.05,M,M
OMA,2025-08-03 01:52,66.00,61.00,83.93,10.35,M,M
OMA,2025-08-03 02:52,65.00,61.00,86.89,10.35,25000.00,M
OMA,2025-08-03 03:52,64.00,61.00,89.98,10.35,25000.00,M
OMA,2025-08-03 04:52,65.00,60.00,83.86,9.20,12000.00,M
OMA,2025-08-03 05:52,64.00,60.00,86.84,5.75,12000.00,M
OMA,2025-08-03 06:52,64.00,60.00,86.84,9.20,12000.00,M
OMA,2025-08-03 07:52,65.00,59.00,80.92,9.20,12000.00,M
OMA,2025-08-03 08:52,66.00,59.00,78.16,8.05,13000.00,M
OMA,2025-08-03 09:52,67.00,58.00,72.85,10.35,4500.00,M
OMA,2025-08-03 10:52,68.00,58.00,70.38,11.50,4500.00,M
OMA,2025-08-03 11:52,70.00,57.00,63.40,13.80,6000.00,M
OMA,2025-08-03 12:52,71.00,58.00,63.53,11.50,6000.00,M
OMA,2025-08-03 13:52,71.00,58.00,63.53,13.80,6000.00,M
OMA,2025-08-03 14:52,71.00,59.00,65.84,13.80,3000.00,M
OMA,2025-08-03 15:52,72.00,57.00,59.24,12.65,3000.00,M
OMA,2025-08-03 16:52,72.00,57.00,59.24,12.65,3000.00,M
OMA,2025-08-03 17:52,71.00,57.00,61.28,11.50,8000.00,M
OMA,2025-08-03 18:52,70.00,59.00,68.12,11.50,8000.00,M
OMA,2025-08-03 19:52,70.00,60.00,70.59,10.35,8000.00,M
OMA,2025-08-03 20:52,69.00,61.00,75.69,6.90,8000.00,M
OMA,2025-08-03 21:52,67.00,62.00,83.99,6.90,20000.00,M
OMA,2025-08-03 22:52,68.00,60.00,75.59,5.75,11000.00,M
OMA,2025-08-03 23:52,66.00,60.00,81.00,8.05,12000.00,M
OMA,2025-08-04 00:52,64.00,59.00,83.80,6.90,22000.00,M
OMA,2025-08-04 01:52,64.00,58.00,80.85,5.75,10000.00,M
OMA,2025-08-04 02:52,63.00,59.00,86.79,5.75,10000.00,M
OMA,2025-08-04 03:52,64.00,59.00,83.80,3.45,10000.00,M
OMA,2025-08-04 04:52,63.00,59.00,86.79,8.05,7000.00,M
OMA,2025-08-04 05:52,61.00,58.00,89.85,4.60,7000.00,M
OMA,2025-08-04 06:52,63.00,59.00,86.79,3.45,6500.00,M
OMA,2025-08-04 07:41,64.00,59.00,83.80,3.45,6500.00,M
OMA,2025-08-04 07:52,65.00,59.00,80.92,4.60,6500.00,M
OMA,2025-08-04 08:52,64.00,60.00,86.84,0.00,3300.00,M
OMA,2025-08-04 09:29,65.00,61.00,86.89,9.20,4300.00,M
OMA,2025-08-04 09:52,66.00,62.00,86.95,8.05,2700.00,M
OMA,2025-08-04 10:02,66.00,62.00,86.95,6.90,3200.00,M
OMA,2025-08-04 10:52,66.00,62.00,86.95,4.60,5500.00,M
OMA,2025-08-04 11:52,66.00,62.00,86.95,4.60,8000.00,M
OMA,2025-08-04 12:52,67.00,63.00,87.00,6.90,1000.00,M
OMA,2025-08-04 13:52,69.00,63.00,81.22,5.75,1400.00,M
OMA,2025-08-04 14:52,70.00,64.00,81.29,0.00,1600.00,M
OMA,2025-08-04 15:52,70.00,64.00,81.29,5.75,2800.00,M
OMA,2025-08-04 16:52,74.00,64.00,71.02,6.90,3000.00,M
OMA,2025-08-04 17:52,74.00,62.00,66.20,10.35,8000.00,M
OMA,2025-08-04 18:52,74.00,63.00,68.57,8.05,8500.00,M
OMA,2025-08-04 19:52,74.00,64.00,71.02,5.75,7000.00,M
OMA,2025-08-04 20:52,71.00,66.00,84.24,4.60,5500.00,M
OMA,2025-08-04 21:52,70.00,64.00,81.29,8.05,7500.00,M
OMA,2025-08-04 22:52,70.00,63.00,78.49,8.05,6500.00,M
OMA,2025-08-04 23:52,69.00,62.00,78.41,4.60,5500.00,M
OMA,2025-08-05 00:52,69.00,61.00,75.69,8.05,5500.00,M
OMA,2025-08-05 01:52,67.00,61.00,81.07,8.05,8500.00,M
OMA,2025-08-05 02:52,66.00,61.00,83.93,6.90,M,M
OMA,2025-08-05 03:52,64.00,60.00,86.84,4.60,M,M
OMA,2025-08-05 04:52,63.00,60.00,89.94,4.60,M,M
OMA,2025-08-05 05:52,63.00,60.00,89.94,5.75,M,M
OMA,2025-08-05 06:52,64.00,60.00,86.84,5.75,6500.00,M
OMA,2025-08-05 07:52,66.00,61.00,83.93,8.05,6000.00,M
OMA,2025-08-05 08:52,70.00,61.00,73.15,10.35,5500.00,M
OMA,2025-08-05 09:52,74.00,62.00,66.20,12.65,5500.00,M
OMA,2025-08-05 10:52,77.00,62.00,59.91,13.80,6000.00,M
OMA,2025-08-05 11:52,78.00,62.00,57.97,13.80,6500.00,M
OMA,2025-08-05 12:52,81.00,63.00,54.43,14.95,7000.00,M
OMA,2025-08-05 13:52,82.00,64.00,54.57,18.40,25000.00,M
OMA,2025-08-05 14:52,82.00,65.00,56.51,16.10,25000.00,M
OMA,2025-08-05 15:52,83.00,65.00,54.71,17.25,25000.00,M
OMA,2025-08-05 16:52,82.00,64.00,54.57,19.55,20000.00,M
OMA,2025-08-05 17:52,81.00,64.00,56.37,17.25,20000.00,M
OMA,2025-08-05 18:52,80.00,66.00,62.44,16.10,20000.00,M
OMA,2025-08-05 19:52,78.00,67.00,69.01,10.35,8000.00,M
OMA,2025-08-05 20:52,76.00,67.00,73.73,6.90,12000.00,M
OMA,2025-08-05 21:52,74.00,67.00,78.82,10.35,12000.00,M
OMA,2025-08-05 22:52,75.00,66.00,73.64,14.95,12000.00,M
OMA,2025-08-05 23:52,74.00,65.00,73.54,16.10,12000.00,M
OMA,2025-08-06 00:52,73.00,65.00,76.05,14.95,25000.00,M
OMA,2025-08-06 01:52,72.00,65.00,78.66,16.10,25000.00,M
OMA,2025-08-06 02:52,72.00,65.00,78.66,11.50,9000.00,M
OMA,2025-08-06 03:52,71.00,65.00,81.37,12.65,10000.00,M
OMA,2025-08-06 04:52,72.00,65.00,78.66,16.10,10000.00,M
OMA,2025-08-06 05:52,71.00,65.00,81.37,13.80,10000.00,M
OMA,2025-08-06 06:31,72.00,66.00,81.44,14.95,5000.00,M
OMA,2025-08-06 06:52,73.00,66.00,78.74,11.50,5000.00,M
OMA,2025-08-06 07:07,71.00,66.00,84.24,31.05,1800.00,44.85
OMA,2025-08-06 07:10,70.00,67.00,90.22,29.90,1800.00,47.15
OMA,2025-08-06 07:13,69.00,67.00,93.36,25.30,1800.00,47.15
OMA,2025-08-06 07:18,68.00,67.00,96.61,23.00,800.00,47.15
OMA,2025-08-06 07:21,68.00,67.00,96.61,13.80,800.00,47.15
OMA,2025-08-06 07:30,M,M,M,12.65,900.00,M
OMA,2025-08-06 07:30,69.00,68.00,96.63,13.80,900.00,47.15
OMA,2025-08-06 08:04,69.00,67.00,93.36,16.10,2400.00,33.35
OMA,2025-08-06 08:52,69.00,66.00,90.18,28.75,1000.00,39.10
OMA,2025-08-06 09:17,69.00,65.00,87.10,20.70,1000.00,43.70
OMA,2025-08-06 09:52,70.00,64.00,81.29,11.50,1000.00,43.70
OMA,2025-08-06 10:52,70.00,65.00,84.18,13.80,10000.00,M
OMA,2025-08-06 11:52,74.00,66.00,76.14,13.80,10000.00,M
OMA,2025-08-06 12:52,79.00,67.00,66.78,17.25,10000.00,M
OMA,2025-08-06 13:52,83.00,66.00,56.65,14.95,25000.00,32.20
OMA,2025-08-06 14:52,85.00,67.00,54.99,11.50,25000.00,M
OMA,2025-08-06 15:52,86.00,68.00,55.13,9.20,25000.00,M
OMA,2025-08-06 16:52,88.00,69.00,53.55,11.50,M,M
OMA,2025-08-06 17:52,87.00,70.00,57.19,10.35,8000.00,M
OMA,2025-08-06 18:52,86.00,70.00,59.04,9.20,8000.00,M
OMA,2025-08-06 19:52,84.00,70.00,62.94,9.20,8000.00,M
OMA,2025-08-06 20:52,79.00,72.00,79.22,8.05,5500.00,M
OMA,2025-08-06 21:52,79.00,71.00,76.58,6.90,5500.00,M
OMA,2025-08-06 22:52,77.00,70.00,79.06,9.20,5500.00,M
OMA,2025-08-07 00:52,77.00,70.00,79.06,8.05,8000.00,M
OMA,2025-08-07 01:52,77.00,70.00,79.06,8.05,7000.00,M
OMA,2025-08-07 02:52,75.00,70.00,84.49,6.90,10000.00,M
OMA,2025-08-07 03:52,75.00,71.00,87.41,5.75,10000.00,M
OMA,2025-08-07 04:52,74.00,71.00,90.38,8.05,10000.00,M
OMA,2025-08-07 05:52,73.00,70.00,90.34,4.60,10000.00,M
OMA,2025-08-07 06:52,73.00,70.00,90.34,5.75,25000.00,M
OMA,2025-08-07 07:52,75.00,70.00,84.49,8.05,25000.00,M
OMA,2025-08-07 08:52,78.00,71.00,79.14,12.65,25000.00,M
OMA,2025-08-07 10:52,81.00,71.00,71.74,17.25,2500.00,M
OMA,2025-08-07 11:21,82.00,71.00,69.45,17.25,2400.00,M
OMA,2025-08-07 11:52,82.00,72.00,71.84,17.25,2400.00,M
OMA,2025-08-07 12:52,82.00,71.00,69.45,18.40,2700.00,M
OMA,2025-08-07 13:52,83.00,72.00,69.56,17.25,2700.00,M
OMA,2025-08-07 14:52,84.00,73.00,69.67,20.70,2900.00,M
OMA,2025-08-07 15:52,86.00,73.00,65.35,18.40,2800.00,M
OMA,2025-08-07 15:59,86.00,73.00,65.35,18.40,2900.00,M
OMA,2025-08-07 16:52,86.00,74.00,67.58,18.40,2900.00,M
OMA,2025-08-07 17:52,85.00,75.00,72.14,11.50,3000.00,M
OMA,2025-08-07 18:52,84.00,76.00,77.01,11.50,10000.00,M
OMA,2025-08-07 19:52,83.00,76.00,79.53,10.35,10000.00,M
OMA,2025-08-07 20:52,81.00,75.00,82.07,10.35,10000.00,M
OMA,2025-08-07 21:52,80.00,75.00,84.79,11.50,10000.00,M
OMA,2025-08-07 22:52,80.00,75.00,84.79,12.65,10000.00,M
OMA,2025-08-07 23:52,79.00,74.00,84.73,16.10,25000.00,M
OMA,2025-08-08 00:52,78.00,74.00,87.56,14.95,25000.00,M
OMA,2025-08-08 01:52,78.00,72.00,81.86,14.95,M,M
OMA,2025-08-08 02:52,78.00,71.00,79.14,13.80,M,M
OMA,2025-08-08 03:52,77.00,71.00,81.79,13.80,25000.00,M
OMA,2025-08-08 04:52,75.00,71.00,87.41,12.65,25000.00,M
OMA,2025-08-08 05:52,76.00,71.00,84.55,12.65,25000.00,M
OMA,2025-08-08 06:52,76.00,71.00,84.55,10.35,25000.00,M
OMA,2025-08-08 07:52,78.00,72.00,81.86,16.10,10000.00,M
OMA,2025-08-08 08:52,80.00,72.00,76.67,18.40,25000.00,M
OMA,2025-08-08 09:52,82.00,72.00,71.84,17.25,M,M
OMA,2025-08-08 10:52,84.00,73.00,69.67,18.40,3000.00,M
OMA,2025-08-08 11:52,87.00,74.00,65.47,12.65,3000.00,M
OMA,2025-08-08 12:52,89.00,74.00,61.46,20.70,25000.00,M
OMA,2025-08-08 13:52,90.00,74.00,59.57,18.40,3000.00,31.05
OMA,2025-08-08 14:52,91.00,75.00,59.70,21.85,3500.00,M
OMA,2025-08-08 15:52,91.00,74.00,57.73,19.55,4000.00,M
OMA,2025-08-08 16:52,91.00,75.00,59.70,16.10,4000.00,29.90
OMA,2025-08-08 17:52,92.00,75.00,57.87,10.35,12000.00,M
OMA,2025-08-08 19:52,89.00,77.00,67.92,6.90,6000.00,M
OMA,2025-08-08 20:52,85.00,77.00,77.10,5.75,6000.00,M
OMA,2025-08-08 21:52,85.00,76.00,74.59,9.20,18000.00,M
OMA,2025-08-08 22:52,87.00,73.00,63.31,17.25,16000.00,M
OMA,2025-08-08 23:52,85.00,73.00,67.47,17.25,16000.00,29.90
OMA,2025-08-09 00:52,85.00,72.00,65.23,17.25,16000.00,M
OMA,2025-08-09 01:52,83.00,72.00,69.56,8.05,10000.00,M
OMA,2025-08-09 02:52,83.00,72.00,69.56,8.05,20000.00,M
OMA,2025-08-09 03:52,80.00,72.00,76.67,8.05,10000.00,M
OMA,2025-08-09 04:52,80.00,72.00,76.67,10.35,5000.00,M
OMA,2025-08-09 05:52,80.00,72.00,76.67,16.10,6000.00,M
OMA,2025-08-09 06:08,81.00,71.00,71.74,32.20,900.00,48.30
OMA,2025-08-09 06:52,76.00,61.00,59.78,29.90,3400.00,54.05
OMA,2025-08-09 07:12,77.00,60.00,55.81,17.25,3400.00,36.80
OMA,2025-08-09 07:26,76.00,61.00,59.78,12.65,3400.00,36.80
OMA,2025-08-09 07:52,73.00,63.00,70.91,3.45,3400.00,M
OMA,2025-08-09 08:22,75.00,64.00,68.68,9.20,3400.00,M
OMA,2025-08-09 08:38,73.00,66.00,78.74,18.40,3400.00,M
OMA,2025-08-09 08:52,73.00,67.00,81.51,16.10,3400.00,M
OMA,2025-08-09 09:52,74.00,67.00,78.82,20.70,5000.00,37.95
OMA,2025-08-09 10:52,76.00,70.00,81.72,13.80,7500.00,M
OMA,2025-08-09 11:42,77.00,70.00,79.06,8.05,1800.00,M
OMA,2025-08-09 11:52,77.00,71.00,81.79,5.75,2000.00,M
OMA,2025-08-09 12:52,78.00,71.00,79.14,9.20,2100.00,M
OMA,2025-08-09 13:27,81.00,72.00,74.21,0.00,1700.00,M
OMA,2025-08-09 13:52,81.00,73.00,76.76,4.60,1700.00,M
OMA,2025-08-09 14:52,82.00,73.00,74.31,4.60,2400.00,M
OMA,2025-08-09 15:52,83.00,75.00,76.93,8.05,2300.00,M
OMA,2025-08-09 16:18,82.00,75.00,79.45,6.90,2300.00,M
OMA,2025-08-09 16:50,82.40,75.20,78.96,6.90,2100.00,M
OMA,2025-08-09 16:52,83.00,75.00,76.93,4.60,2100.00,M
OMA,2025-08-09 17:52,84.00,75.00,74.49,10.35,2100.00,M
OMA,2025-08-09 18:52,83.00,75.00,76.93,6.90,3300.00,M
OMA,2025-08-09 19:52,82.00,75.00,79.45,4.60,3500.00,M
OMA,2025-08-09 20:52,81.00,75.00,82.07,4.60,3000.00,M
OMA,2025-08-09 21:52,79.00,75.00,87.61,6.90,4000.00,M
OMA,2025-08-09 22:52,76.00,75.00,96.73,4.60,15000.00,M
OMA,2025-08-09 23:52,76.00,74.00,93.55,5.75,15000.00,M
OMA,2025-08-10 00:52,75.00,74.00,96.71,11.50,800.00,M
OMA,2025-08-10 01:40,76.00,74.00,93.55,6.90,1600.00,M
OMA,2025-08-10 01:44,75.00,74.00,96.71,9.20,1600.00,M
OMA,2025-08-10 01:52,75.00,74.00,96.71,6.90,1600.00,M
OMA,2025-08-10 02:10,77.00,74.00,90.50,5.75,1700.00,M
OMA,2025-08-10 02:52,72.00,70.00,93.44,13.80,1400.00,35.65
OMA,2025-08-10 03:16,70.00,68.00,93.38,5.75,1400.00,M
OMA,2025-08-10 03:34,70.00,68.00,93.38,8.05,1400.00,M
OMA,2025-08-10 03:52,71.00,68.00,90.26,3.45,1400.00,M
OMA,2025-08-10 04:45,70.00,69.00,96.64,4.60,1200.00,M
OMA,2025-08-10 04:52,70.00,68.00,93.38,8.05,1200.00,M
OMA,2025-08-10 05:21,70.00,68.00,93.38,6.90,1700.00,M
OMA,2025-08-10 05:52,70.00,69.00,96.64,5.75,1200.00,M
OMA,2025-08-10 06:09,70.00,68.00,93.38,4.60,800.00,M
OMA,2025-08-10 06:52,70.00,69.00,96.64,3.45,800.00,M
OMA,2025-08-10 07:52,71.00,69.00,93.41,5.75,600.00,M
OMA,2025-08-10 08:52,73.00,71.00,93.47,6.90,500.00,M
OMA,2025-08-10 09:52,74.00,71.00,90.38,5.75,700.00,M
OMA,2025-08-10 10:10,75.00,72.00,90.42,3.45,700.00,M
OMA,2025-08-10 10:42,79.00,73.00,81.93,5.75,700.00,M
OMA,2025-08-10 10:52,79.00,73.00,81.93,6.90,700.00,M
OMA,2025-08-10 11:52,81.00,69.00,67.01,11.50,2600.00,M
OMA,2025-08-10 12:14,82.00,69.00,64.88,8.05,2600.00,M
OMA,2025-08-10 12:21,82.00,69.00,64.88,10.35,2600.00,M
OMA,2025-08-10 12:45,83.00,69.00,62.81,6.90,2600.00,M
OMA,2025-08-10 12:52,82.00,68.00,62.69,4.60,2600.00,M
OMA,2025-08-10 13:01,77.00,68.00,73.83,25.30,2600.00,34.50
OMA,2025-08-10 13:16,72.00,65.00,78.66,18.40,2600.00,34.50
OMA,2025-08-10 13:22,72.00,64.00,75.96,13.80,2900.00,34.50
OMA,2025-08-10 13:52,76.00,66.00,71.23,14.95,3000.00,34.50
OMA,2025-08-10 14:52,74.00,66.00,76.14,0.00,3000.00,M
OMA,2025-08-10 15:52,78.00,69.00,73.93,3.45,12000.00,M
OMA,2025-08-10 17:52,82.00,69.00,64.88,5.75,16000.00,M
OMA,2025-08-10 18:52,81.00,70.00,69.34,5.75,16000.00,M
OMA,2025-08-10 19:52,79.00,70.00,74.02,3.45,16000.00,M
OMA,2025-08-10 20:52,76.00,69.00,78.98,3.45,25000.00,M
OMA,2025-08-10 21:52,70.00,69.00,96.64,4.60,25000.00,M
OMA,2025-08-10 22:52,70.00,70.00,100.00,3.45,15000.00,M
OMA,2025-08-10 23:52,71.00,68.00,90.26,0.00,25000.00,M
OMA,2025-08-11 00:52,69.00,68.00,96.63,5.75,2900.00,M
OMA,2025-08-11 01:18,68.00,67.00,96.61,4.60,2900.00,M
OMA,2025-08-11 01:25,68.00,68.00,100.00,5.75,100.00,M
OMA,2025-08-11 01:27,68.00,68.00,100.00,5.75,100.00,M
OMA,2025-08-11 01:30,68.00,68.00,100.00,6.90,100.00,M
OMA,2025-08-11 01:52,69.00,68.00,96.63,4.60,100.00,M
OMA,2025-08-11 02:05,68.00,68.00,100.00,5.75,100.00,M
OMA,2025-08-11 02:12,68.00,68.00,100.00,5.75,100.00,M
OMA,2025-08-11 02:52,68.00,68.00,100.00,3.45,300.00,M
OMA,2025-08-11 03:00,68.00,68.00,100.00,4.60,300.00,M
OMA,2025-08-11 03:05,68.00,68.00,100.00,3.45,200.00,M
OMA,2025-08-11 03:14,67.00,67.00,100.00,4.60,100.00,M
OMA,2025-08-11 03:44,66.00,66.00,100.00,3.45,100.00,M
OMA,2025-08-11 03:52,66.00,66.00,100.00,3.45,100.00,M
OMA,2025-08-11 04:12,67.00,67.00,100.00,3.45,100.00,M
OMA,2025-08-11 04:22,66.00,66.00,100.00,4.60,100.00,M
OMA,2025-08-11 04:52,66.00,65.00,96.59,3.45,100.00,M
OMA,2025-08-11 05:27,66.00,65.00,96.59,3.45,200.00,M
OMA,2025-08-11 05:35,66.00,66.00,100.00,0.00,100.00,M
OMA,2025-08-11 05:52,66.00,66.00,100.00,0.00,100.00,M
OMA,2025-08-11 06:17,65.00,65.00,100.00,0.00,200.00,M
OMA,2025-08-11 06:30,65.00,65.00,100.00,0.00,200.00,M
OMA,2025-08-11 06:40,66.00,66.00,100.00,3.45,200.00,M
OMA,2025-08-11 06:49,66.20,64.40,93.93,3.45,200.00,M
OMA,2025-08-11 06:50,66.00,65.00,96.59,3.45,200.00,M
OMA,2025-08-11 06:50,M,M,M,2.30,200.00,M
OMA,2025-08-11 07:52,67.00,66.00,96.60,0.00,200.00,M
OMA,2025-08-11 08:48,66.20,66.20,100.00,5.75,100.00,M
OMA,2025-08-11 08:52,67.00,67.00,100.00,5.75,100.00,M
OMA,2025-08-11 09:52,68.00,68.00,100.00,0.00,200.00,M
OMA,2025-08-11 10:52,74.00,68.00,81.58,0.00,16000.00,M
OMA,2025-08-11 11:52,76.00,66.00,71.23,4.60,16000.00,M
OMA,2025-08-11 12:52,78.00,68.00,71.43,3.45,3500.00,M
OMA,2025-08-11 13:52,79.00,69.00,71.54,5.75,2500.00,M
OMA,2025-08-11 15:52,78.00,69.00,73.93,8.05,2000.00,M
OMA,2025-08-11 16:52,80.00,69.00,69.23,4.60,2400.00,M
OMA,2025-08-11 17:52,79.00,68.00,69.12,3.45,2700.00,M
OMA,2025-08-11 18:52,79.00,67.00,66.78,6.90,3000.00,M
OMA,2025-08-11 19:52,75.00,67.00,76.23,4.60,3000.00,M
OMA,2025-08-11 20:52,73.00,66.00,78.74,5.75,3000.00,M
OMA,2025-08-11 21:52,71.00,67.00,87.21,0.00,18000.00,M
OMA,2025-08-11 22:52,68.00,67.00,96.61,3.45,20000.00,M
OMA,2025-08-11 23:52,70.00,65.00,84.18,4.60,20000.00,M
OMA,2025-08-12 00:52,68.00,66.00,93.33,3.45,25000.00,M
OMA,2025-08-12 01:52,66.00,65.00,96.59,4.60,21000.00,M
OMA,2025-08-12 02:52,66.00,66.00,100.00,0.00,20000.00,M
OMA,2025-08-12 03:52,67.00,66.00,96.60,0.00,18000.00,M
OMA,2025-08-12 04:52,68.00,66.00,93.33,0.00,18000.00,M
OMA,2025-08-12 05:38,65.00,65.00,100.00,0.00,600.00,M
OMA,2025-08-12 05:52,66.00,66.00,100.00,0.00,600.00,M
OMA,2025-08-12 06:52,65.00,65.00,100.00,4.60,400.00,M
OMA,2025-08-12 07:09,66.00,65.00,96.59,4.60,200.00,M
OMA,2025-08-12 07:52,67.00,66.00,96.60,3.45,200.00,M
OMA,2025-08-12 08:33,70.00,67.00,90.22,0.00,200.00,M
OMA,2025-08-12 08:52,72.00,68.00,87.26,3.45,200.00,M
OMA,2025-08-12 09:52,76.00,69.00,78.98,0.00,18000.00,M
OMA,2025-08-12 10:52,78.00,68.00,71.43,5.75,2000.00,M
OMA,2025-08-12 11:52,80.00,65.00,60.30,3.45,3000.00,M
OMA,2025-08-12 12:52,83.00,66.00,56.65,4.60,3500.00,M
OMA,2025-08-12 13:52,83.00,68.00,60.70,8.05,3500.00,M
OMA,2025-08-12 14:52,85.00,67.00,54.99,9.20,3500.00,M
OMA,2025-08-12 15:52,86.00,69.00,57.06,10.35,3700.00,M
OMA,2025-08-12 16:52,85.00,67.00,54.99,9.20,3700.00,M
OMA,2025-08-12 17:52,84.00,67.00,56.78,9.20,3500.00,M
OMA,2025-08-12 18:52,83.00,69.00,62.81,8.05,3500.00,M
OMA,2025-08-12 19:52,78.00,70.00,76.49,4.60,3500.00,M
OMA,2025-08-12 20:52,76.00,70.00,81.72,3.45,3500.00,M
OMA,2025-08-12 21:52,73.00,70.00,90.34,3.45,25000.00,M
OMA,2025-08-12 22:52,69.00,68.00,96.63,3.45,M,M
OMA,2025-08-12 23:52,68.00,67.00,96.61,3.45,M,M
OMA,2025-08-13 00:52,66.00,66.00,100.00,4.60,M,M
OMA,2025-08-13 01:52,68.00,67.00,96.61,0.00,M,M
OMA,2025-08-13 02:52,65.00,65.00,100.00,0.00,M,M
OMA,2025-08-13 03:52,64.00,64.00,100.00,0.00,300.00,M
OMA,2025-08-13 04:52,64.00,64.00,100.00,0.00,200.00,M
OMA,2025-08-13 05:52,62.00,62.00,100.00,4.60,200.00,M
OMA,2025-08-13 06:52,63.00,62.00,96.54,3.45,200.00,M
OMA,2025-08-13 07:52,65.00,64.00,96.57,0.00,8500.00,M
OMA,2025-08-13 08:52,70.00,65.00,84.18,0.00,8500.00,M
OMA,2025-08-13 09:52,75.00,65.00,71.12,5.75,8500.00,M
OMA,2025-08-13 10:52,78.00,64.00,62.18,6.90,8500.00,M
OMA,2025-08-13 11:52,81.00,64.00,56.37,10.35,25000.00,M
OMA,2025-08-13 12:52,83.00,65.00,54.71,8.05,3500.00,M
OMA,2025-08-13 13:52,84.00,66.00,54.85,8.05,4100.00,M
OMA,2025-08-13 14:52,85.00,65.00,51.31,8.05,4100.00,M
OMA,2025-08-13 15:52,86.00,68.00,55.13,10.35,4000.00,M
OMA,2025-08-13 16:52,86.00,68.00,55.13,10.35,4000.00,M
OMA,2025-08-13 17:52,86.00,68.00,55.13,10.35,4000.00,M
OMA,2025-08-13 18:52,85.00,69.00,58.91,12.65,4000.00,M
OMA,2025-08-13 19:52,82.00,68.00,62.69,11.50,M,M
OMA,2025-08-13 20:52,79.00,69.00,71.54,10.35,M,M
OMA,2025-08-13 21:52,78.00,69.00,73.93,6.90,M,M
OMA,2025-08-13 22:52,76.00,68.00,76.32,10.35,M,M
OMA,2025-08-13 23:52,74.00,67.00,78.82,8.05,M,M
OMA,2025-08-14 00:52,73.00,67.00,81.51,8.05,25000.00,M
OMA,2025-08-14 01:52,73.00,66.00,78.74,8.05,25000.00,M
OMA,2025-08-14 02:52,72.00,66.00,81.44,9.20,25000.00,M
OMA,2025-08-14 03:52,72.00,67.00,84.30,5.75,5500.00,M
OMA,2025-08-14 04:52,73.00,67.00,81.51,10.35,2300.00,M
OMA,2025-08-14 05:52,73.00,68.00,84.37,13.80,11000.00,M
OMA,2025-08-14 06:52,72.00,67.00,84.30,12.65,5000.00,M
OMA,2025-08-14 07:52,72.00,66.00,81.44,14.95,11000.00,M
OMA,2025-08-14 08:52,74.00,67.00,78.82,18.40,11000.00,M
OMA,2025-08-14 09:52,76.00,66.00,71.23,16.10,11000.00,M
OMA,2025-08-14 10:52,75.00,66.00,73.64,12.65,6000.00,31.05
OMA,2025-08-14 11:52,79.00,66.00,64.51,18.40,5500.00,29.90
OMA,2025-08-14 12:52,83.00,68.00,60.70,16.10,12000.00,M
OMA,2025-08-14 13:52,86.00,69.00,57.06,19.55,12000.00,M
OMA,2025-08-14 14:52,87.00,71.00,59.17,18.40,10000.00,M
OMA,2025-08-14 15:52,88.00,71.00,57.33,21.85,3500.00,31.05
OMA,2025-08-14 16:52,88.00,70.00,55.41,23.00,3500.00,32.20
OMA,2025-08-14 17:52,88.00,71.00,57.33,18.40,3500.00,31.05
OMA,2025-08-14 18:52,86.00,72.00,63.19,17.25,3500.00,M
OMA,2025-08-14 19:52,83.00,72.00,69.56,12.65,M,M
OMA,2025-08-14 20:52,81.00,71.00,71.74,12.65,M,M
OMA,2025-08-14 21:52,79.00,71.00,76.58,16.10,M,M
OMA,2025-08-14 22:52,78.00,70.00,76.49,17.25,M,M
OMA,2025-08-14 23:52,77.00,70.00,79.06,17.25,M,M
OMA,2025-08-15 00:52,76.00,70.00,81.72,12.65,M,M
OMA,2025-08-15 01:52,77.00,70.00,79.06,9.20,M,M
OMA,2025-08-15 02:52,77.00,70.00,79.06,11.50,9500.00,M
OMA,2025-08-15 03:52,76.00,70.00,81.72,9.20,9500.00,M
OMA,2025-08-15 04:52,75.00,70.00,84.49,9.20,9500.00,M
OMA,2025-08-15 05:52,76.00,70.00,81.72,10.35,9500.00,M
OMA,2025-08-15 06:52,76.00,70.00,81.72,12.65,10000.00,M
OMA,2025-08-15 07:52,77.00,70.00,79.06,16.10,10000.00,M
OMA,2025-08-15 08:52,79.00,71.00,76.58,14.95,10000.00,M
OMA,2025-08-15 09:52,82.00,72.00,71.84,12.65,25000.00,M
OMA,2025-08-15 10:52,86.00,72.00,63.19,12.65,15000.00,M
OMA,2025-08-15 11:52,89.00,73.00,59.44,12.65,13000.00,M
OMA,2025-08-15 12:52,91.00,74.00,57.73,18.40,13000.00,M
OMA,2025-08-15 13:52,92.00,74.00,55.97,17.25,13000.00,M
OMA,2025-08-15 14:52,92.00,75.00,57.87,12.65,15000.00,M
OMA,2025-08-15 15:52,93.00,75.00,56.10,16.10,15000.00,M
OMA,2025-08-15 16:52,91.00,78.00,65.94,14.95,8000.00,M
OMA,2025-08-15 17:52,92.00,77.00,61.84,16.10,8000.00,M
OMA,2025-08-15 18:52,90.00,77.00,65.82,16.10,8000.00,M
OMA,2025-08-15 19:52,89.00,76.00,65.70,17.25,14000.00,M
OMA,2025-08-15 20:52,87.00,76.00,69.99,11.50,14000.00,M
OMA,2025-08-15 21:52,84.00,76.00,77.01,11.50,18000.00,M
OMA,2025-08-15 22:52,84.00,75.00,74.49,13.80,18000.00,M
OMA,2025-08-15 23:52,82.00,75.00,79.45,11.50,M,M
OMA,2025-08-16 00:52,81.00,75.00,82.07,9.20,15000.00,M
OMA,2025-08-16 01:52,81.00,74.00,79.38,8.05,M,M
OMA,2025-08-16 02:52,81.00,74.00,79.38,10.35,M,M
OMA,2025-08-16 03:52,80.00,73.00,79.30,10.35,13000.00,M
OMA,2025-08-16 04:52,78.00,73.00,84.67,12.65,13000.00,M
OMA,2025-08-16 05:52,80.00,72.00,76.67,9.20,13000.00,M
OMA,2025-08-16 07:52,80.00,72.00,76.67,6.90,13000.00,M
OMA,2025-08-16 08:52,81.00,72.00,74.21,8.05,13000.00,M
OMA,2025-08-16 09:52,83.00,73.00,71.94,8.05,13000.00,M
OMA,2025-08-16 10:52,86.00,73.00,65.35,11.50,18000.00,M
OMA,2025-08-16 11:52,89.00,73.00,59.44,10.35,18000.00,M
OMA,2025-08-16 12:52,92.00,73.00,54.12,13.80,18000.00,M
OMA,2025-08-16 13:52,94.00,74.00,52.61,16.10,16000.00,M
OMA,2025-08-16 14:52,95.00,73.00,49.34,16.10,16000.00,M
OMA,2025-08-16 15:52,95.00,73.00,49.34,18.40,16000.00,M
OMA,2025-08-16 16:52,95.00,72.00,47.70,14.95,12000.00,M
OMA,2025-08-16 17:52,95.00,71.00,46.11,13.80,15000.00,M
OMA,2025-08-16 18:52,93.00,73.00,52.47,13.80,5000.00,M
OMA,2025-08-16 19:52,90.00,74.00,59.57,13.80,5000.00,M
OMA,2025-08-16 20:52,88.00,74.00,63.43,9.20,5000.00,M
OMA,2025-08-16 21:52,84.00,76.00,77.01,9.20,25000.00,M
OMA,2025-08-16 22:52,84.00,75.00,74.49,13.80,25000.00,M
OMA,2025-08-16 23:52,82.00,74.00,76.84,11.50,25000.00,M
OMA,2025-08-17 00:52,81.00,73.00,76.76,10.35,25000.00,M
OMA,2025-08-17 01:52,79.00,73.00,81.93,8.05,25000.00,M
OMA,2025-08-17 02:52,78.00,72.00,81.86,9.20,25000.00,M
OMA,2025-08-17 03:52,77.50,72.00,83.22,9.20,25000.00,M
OMA,2025-08-17 04:52,78.00,71.00,79.14,9.20,8000.00,M
OMA,2025-08-17 05:52,78.00,74.00,87.56,8.05,8000.00,M
OMA,2025-08-17 06:52,77.00,71.80,84.04,10.35,8000.00,M
OMA,2025-08-17 07:52,79.50,72.30,78.72,8.05,8000.00,M
OMA,2025-08-17 08:52,81.00,71.00,71.74,9.20,8000.00,M
OMA,2025-08-17 09:52,85.00,72.00,65.23,12.65,8000.00,M
OMA,2025-08-17 10:52,88.00,72.00,59.30,10.35,8000.00,M
OMA,2025-08-17 11:52,91.00,72.00,53.98,11.50,8000.00,M
OMA,2025-08-17 12:52,91.00,73.00,55.83,13.80,10000.00,M
OMA,2025-08-17 13:52,92.00,71.00,50.58,14.95,6000.00,M
OMA,2025-08-17 14:52,93.00,71.00,49.04,17.25,6000.00,M
OMA,2025-08-17 15:11,93.00,71.00,49.04,18.40,6000.00,M
OMA,2025-08-17 15:52,93.00,72.00,50.73,16.10,5000.00,M
OMA,2025-08-17 16:52,92.00,71.00,50.58,17.25,5000.00,M
OMA,2025-08-17 17:52,92.00,73.00,54.12,14.95,5000.00,M
OMA,2025-08-17 18:52,91.00,73.00,55.83,11.50,5000.00,M
OMA,2025-08-17 19:52,89.00,74.00,61.46,11.50,25000.00,M
OMA,2025-08-17 20:52,86.00,74.00,67.58,10.35,12000.00,M
OMA,2025-08-17 21:52,85.00,74.00,69.77,9.20,12000.00,M
OMA,2025-08-17 22:52,84.00,73.00,69.67,10.35,M,M
OMA,2025-08-17 23:52,83.00,73.00,71.94,10.35,12000.00,M
OMA,2025-08-18 00:52,83.00,72.00,69.56,11.50,13000.00,M
OMA,2025-08-18 01:52,82.00,72.00,71.84,10.35,13000.00,M
OMA,2025-08-18 02:52,81.00,73.00,76.76,9.20,11000.00,M
OMA,2025-08-18 03:52,81.00,72.00,74.21,11.50,14000.00,M
OMA,2025-08-18 04:42,79.00,70.00,74.02,18.40,2800.00,M
OMA,2025-08-18 04:52,75.00,70.00,84.49,13.80,2800.00,M
OMA,2025-08-18 05:04,74.00,70.00,87.36,13.80,3000.00,M
OMA,2025-08-18 05:52,73.00,70.00,90.34,10.35,10000.00,M
OMA,2025-08-18 06:52,72.00,70.00,93.44,18.40,1000.00,M
OMA,2025-08-18 07:52,72.00,69.00,90.30,3.45,1100.00,32.20
OMA,2025-08-18 08:52,73.00,69.00,87.31,4.60,1100.00,M
OMA,2025-08-18 09:52,74.00,70.00,87.36,4.60,1100.00,M
OMA,2025-08-18 10:52,76.00,70.00,81.72,0.00,1000.00,M
OMA,2025-08-18 11:52,79.00,71.00,76.58,4.60,1000.00,M
OMA,2025-08-18 12:52,83.00,73.00,71.94,6.90,2000.00,M
OMA,2025-08-18 13:52,84.00,73.00,69.67,4.60,3200.00,M
OMA,2025-08-18 14:52,85.00,72.00,65.23,0.00,3100.00,M
OMA,2025-08-18 15:52,87.00,74.00,65.47,4.60,3700.00,M
OMA,2025-08-18 16:52,88.00,75.00,65.59,5.75,3700.00,M
OMA,2025-08-18 17:52,87.00,75.00,67.69,6.90,3500.00,M
OMA,2025-08-18 18:52,85.00,75.00,72.14,6.90,3500.00,M
OMA,2025-08-18 19:52,82.00,75.00,79.45,5.75,25000.00,M
OMA,2025-08-18 20:52,80.00,75.00,84.79,0.00,25000.00,M
OMA,2025-08-18 21:52,76.00,74.00,93.55,3.45,25000.00,M
OMA,2025-08-18 22:52,75.00,74.00,96.71,3.45,25000.00,M
OMA,2025-08-18 23:52,75.00,73.00,93.52,3.45,25000.00,M
OMA,2025-08-19 00:52,73.00,72.00,96.69,4.60,25000.00,M
OMA,2025-08-19 01:52,73.00,72.00,96.69,0.00,25000.00,M
OMA,2025-08-19 02:52,72.00,71.00,96.67,3.45,25000.00,M
OMA,2025-08-19 03:16,71.00,71.00,100.00,6.90,200.00,M
OMA,2025-08-19 03:52,71.00,71.00,100.00,4.60,200.00,M
OMA,2025-08-19 04:31,72.00,71.00,96.67,6.90,200.00,M
OMA,2025-08-19 04:34,72.00,71.00,96.67,5.75,100.00,M
OMA,2025-08-19 04:37,72.00,71.00,96.67,4.60,200.00,M
OMA,2025-08-19 04:44,71.00,71.00,100.00,3.45,200.00,M
OMA,2025-08-19 04:52,71.00,71.00,100.00,3.45,200.00,M
OMA,2025-08-19 04:58,71.00,71.00,100.00,3.45,200.00,M
OMA,2025-08-19 05:02,72.00,71.00,96.67,3.45,200.00,M
OMA,2025-08-19 05:27,71.00,71.00,100.00,5.75,200.00,M
OMA,2025-08-19 05:36,71.00,71.00,100.00,6.90,100.00,M
OMA,2025-08-19 05:52,71.00,71.00,100.00,6.90,100.00,M
OMA,2025-08-19 06:08,70.00,70.00,100.00,8.05,100.00,M
OMA,2025-08-19 06:20,70.00,70.00,100.00,8.05,100.00,M
OMA,2025-08-19 06:31,71.00,71.00,100.00,9.20,200.00,M
OMA,2025-08-19 06:52,71.00,70.00,96.66,10.35,200.00,M
OMA,2025-08-19 07:52,71.00,71.00,100.00,0.00,200.00,M
OMA,2025-08-19 08:12,71.00,71.00,100.00,0.00,200.00,M
OMA,2025-08-19 08:29,73.00,73.00,100.00,0.00,200.00,M
OMA,2025-08-19 08:52,73.00,73.00,100.00,0.00,200.00,M
OMA,2025-08-19 09:08,74.00,73.00,96.70,0.00,200.00,M
OMA,2025-08-19 09:52,80.00,75.00,84.79,0.00,200.00,M
OMA,2025-08-19 10:52,84.00,76.00,77.01,3.45,1500.00,M
OMA,2025-08-19 11:52,87.00,71.00,59.17,4.60,3000.00,M
OMA,2025-08-19 12:52,88.00,71.00,57.33,4.60,3500.00,M
OMA,2025-08-19 13:52,89.00,71.00,55.55,5.75,4000.00,M
OMA,2025-08-19 14:52,90.00,72.00,55.69,4.60,4000.00,M
OMA,2025-08-19 15:52,91.00,70.00,50.44,4.60,4400.00,M
OMA,2025-08-19 16:52,91.00,71.00,52.18,6.90,4700.00,M
OMA,2025-08-19 17:52,90.00,72.00,55.69,8.05,4400.00,M
OMA,2025-08-19 18:52,88.00,72.00,59.30,8.05,4400.00,M
OMA,2025-08-19 19:52,85.00,73.00,67.47,4.60,10000.00,M
OMA,2025-08-19 20:52,80.00,74.00,82.00,3.45,20000.00,M
OMA,2025-08-19 21:52,78.00,74.00,87.56,4.60,20000.00,M
OMA,2025-08-19 22:52,77.00,74.00,90.50,3.45,25000.00,M
OMA,2025-08-19 23:52,76.00,73.00,90.46,0.00,25000.00,M
OMA,2025-08-20 00:52,78.00,72.00,81.86,3.45,25000.00,M
OMA,2025-08-20 01:52,77.00,71.00,81.79,0.00,M,M
OMA,2025-08-20 02:52,72.00,71.00,96.67,3.45,M,M
OMA,2025-08-20 03:52,71.00,71.00,100.00,3.45,M,M
OMA,2025-08-20 04:52,70.00,69.00,96.64,4.60,M,M
OMA,2025-08-20 05:52,70.00,70.00,100.00,0.00,M,M
OMA,2025-08-20 06:52,69.00,69.00,100.00,5.75,M,M
OMA,2025-08-20 07:02,70.00,69.00,96.64,5.75,100.00,M
OMA,2025-08-20 07:11,70.00,70.00,100.00,5.75,100.00,M
OMA,2025-08-20 07:15,70.00,70.00,100.00,5.75,100.00,M
OMA,2025-08-20 07:22,70.00,69.00,96.64,4.60,100.00,M
OMA,2025-08-20 07:40,70.00,70.00,100.00,0.00,100.00,M
OMA,2025-08-20 07:52,71.00,70.00,96.66,4.60,100.00,M
OMA,2025-08-20 08:06,71.00,71.00,100.00,3.45,100.00,M
OMA,2025-08-20 08:52,75.00,72.00,90.42,3.45,100.00,M
OMA,2025-08-20 09:52,80.00,73.00,79.30,3.45,1200.00,M
OMA,2025-08-20 10:52,83.00,70.00,65.00,0.00,2500.00,M
OMA,2025-08-20 11:52,86.00,68.00,55.13,3.45,2500.00,M
OMA,2025-08-20 12:52,87.00,69.00,55.27,0.00,3500.00,M
OMA,2025-08-20 13:52,89.00,69.00,51.89,5.75,4100.00,M
OMA,2025-08-20 14:52,91.00,65.00,42.46,3.45,4400.00,M
OMA,2025-08-20 15:52,88.00,69.00,53.55,4.60,4500.00,M
OMA,2025-08-20 16:52,87.00,68.00,53.41,4.60,4500.00,M
OMA,2025-08-20 17:52,87.00,67.00,51.60,6.90,4800.00,M
OMA,2025-08-20 18:52,86.00,69.00,57.06,8.05,4700.00,M
OMA,2025-08-20 19:52,84.00,70.00,62.94,5.75,4500.00,M
OMA,2025-08-20 20:52,80.00,70.00,71.64,5.75,8500.00,M
OMA,2025-08-20 21:52,78.00,68.00,71.43,8.05,M,M
OMA,2025-08-20 22:52,77.00,65.00,66.55,0.00,M,M
OMA,2025-08-20 23:52,71.00,68.00,90.26,3.45,M,M
OMA,2025-08-21 00:52,72.00,67.00,84.30,0.00,M,M
OMA,2025-08-21 01:52,72.00,65.00,78.66,0.00,M,M
OMA,2025-08-21 02:52,67.00,65.00,93.30,3.45,M,M
OMA,2025-08-21 03:52,66.00,65.00,96.59,0.00,M,M
OMA,2025-08-21 04:52,70.00,65.00,84.18,4.60,5000.00,M
OMA,2025-08-21 05:52,69.00,65.00,87.10,4.60,4800.00,M
OMA,2025-08-21 06:52,69.00,65.00,87.10,5.75,4800.00,M
OMA,2025-08-21 07:52,70.00,66.00,87.16,6.90,4300.00,M
OMA,2025-08-21 08:52,73.00,67.00,81.51,6.90,5000.00,M
OMA,2025-08-21 09:52,77.00,67.00,71.33,8.05,5000.00,M
OMA,2025-08-21 10:52,80.00,68.00,66.90,6.90,4500.00,M
OMA,2025-08-21 11:52,83.00,66.00,56.65,6.90,4500.00,M
OMA,2025-08-21 12:52,83.00,67.00,58.64,6.90,4500.00,M
OMA,2025-08-21 13:52,85.00,68.00,56.92,8.05,4500.00,M
OMA,2025-08-21 14:52,87.00,68.00,53.41,10.35,4200.00,M
OMA,2025-08-21 15:52,87.00,67.00,51.60,4.60,4200.00,M
OMA,2025-08-21 16:52,86.00,67.00,53.27,8.05,4200.00,M
OMA,2025-08-21 17:52,86.00,66.00,51.46,10.35,4500.00,M
OMA,2025-08-21 18:52,85.00,65.00,51.31,10.35,4500.00,M
OMA,2025-08-21 19:52,82.00,65.00,56.51,6.90,4500.00,M
OMA,2025-08-21 20:52,78.00,65.00,64.39,5.75,4500.00,M
OMA,2025-08-21 21:52,77.00,66.00,68.90,8.05,M,M
OMA,2025-08-21 22:52,75.00,66.00,73.64,8.05,M,M
OMA,2025-08-21 23:52,73.00,65.00,76.05,8.05,M,M
OMA,2025-08-22 00:52,72.00,65.00,78.66,9.20,M,M
OMA,2025-08-22 01:52,70.00,65.00,84.18,9.20,M,M
OMA,2025-08-22 02:52,70.00,64.00,81.29,10.35,M,M
OMA,2025-08-22 03:52,70.00,64.00,81.29,11.50,M,M
OMA,2025-08-22 04:52,69.00,64.00,84.12,10.35,4900.00,M
OMA,2025-08-22 05:52,69.00,64.00,84.12,9.20,M,M
OMA,2025-08-22 06:52,69.00,64.00,84.12,9.20,5000.00,M
OMA,2025-08-22 07:52,69.00,64.00,84.12,9.20,5000.00,M
OMA,2025-08-22 08:52,72.00,64.00,75.96,9.20,18000.00,M
OMA,2025-08-22 09:52,76.00,65.00,68.79,6.90,5500.00,M
OMA,2025-08-22 10:52,77.00,66.00,68.90,9.20,6000.00,M
OMA,2025-08-22 11:52,81.00,67.00,62.56,11.50,6000.00,M
OMA,2025-08-22 12:52,83.00,68.00,60.70,5.75,3000.00,M
OMA,2025-08-22 13:52,85.00,67.00,54.99,11.50,3000.00,M
OMA,2025-08-22 14:52,86.00,67.00,53.27,12.65,3500.00,M
OMA,2025-08-22 15:52,87.00,68.00,53.41,11.50,3500.00,M
OMA,2025-08-22 16:52,84.00,67.00,56.78,4.60,3500.00,M
OMA,2025-08-22 17:18,83.00,69.00,62.81,4.60,3500.00,M
OMA,2025-08-22 17:52,78.00,73.00,84.67,5.75,3000.00,M
OMA,2025-08-22 18:24,79.00,73.00,81.93,6.90,3000.00,M
OMA,2025-08-22 18:52,78.00,72.00,81.86,6.90,3000.00,M
OMA,2025-08-22 19:52,78.00,73.00,84.67,4.60,3000.00,M
OMA,2025-08-22 20:52,76.00,73.00,90.46,11.50,5000.00,M
OMA,2025-08-22 21:52,74.00,72.00,93.49,9.20,5000.00,M
OMA,2025-08-22 22:52,73.00,71.00,93.47,4.60,5000.00,M
OMA,2025-08-22 23:52,72.00,71.00,96.67,5.75,3500.00,M
OMA,2025-08-23 00:52,71.00,70.00,96.66,4.60,3500.00,M
OMA,2025-08-23 01:52,71.00,70.00,96.66,4.60,5000.00,M
OMA,2025-08-23 02:52,69.00,69.00,100.00,4.60,5000.00,M
OMA,2025-08-23 03:25,69.00,69.00,100.00,6.90,100.00,M
OMA,2025-08-23 03:36,69.00,68.00,96.63,6.90,300.00,M
OMA,2025-08-23 03:52,69.00,68.00,96.63,6.90,200.00,M
OMA,2025-08-23 04:13,68.00,68.00,100.00,5.75,100.00,M
OMA,2025-08-23 04:16,68.00,68.00,100.00,5.75,200.00,M
OMA,2025-08-23 04:31,68.00,68.00,100.00,5.75,200.00,M
OMA,2025-08-23 04:39,68.00,68.00,100.00,4.60,200.00,M
OMA,2025-08-23 04:52,69.00,69.00,100.00,4.60,200.00,M
OMA,2025-08-23 05:39,69.00,68.00,96.63,8.05,200.00,M
OMA,2025-08-23 05:52,68.00,68.00,100.00,4.60,200.00,M
OMA,2025-08-23 06:01,67.00,67.00,100.00,5.75,200.00,M
OMA,2025-08-23 06:09,67.00,67.00,100.00,6.90,200.00,M
OMA,2025-08-23 06:52,66.00,65.00,96.59,13.80,1000.00,M
OMA,2025-08-23 07:20,65.00,64.00,96.57,12.65,1100.00,M
OMA,2025-08-23 07:52,65.00,64.00,96.57,10.35,13000.00,M
OMA,2025-08-23 08:52,68.00,59.00,72.95,12.65,1500.00,M
OMA,2025-08-23 09:52,69.00,59.00,70.49,18.40,2500.00,M
OMA,2025-08-23 10:52,71.00,55.00,57.00,18.40,3000.00,M
OMA,2025-08-23 11:52,72.00,55.00,55.10,16.10,4000.00,M
OMA,2025-08-23 12:52,74.00,53.00,47.89,18.40,5000.00,M
OMA,2025-08-23 13:52,75.00,56.00,51.67,11.50,4500.00,M
OMA,2025-08-23 14:52,76.00,55.00,48.19,17.25,4500.00,M
OMA,2025-08-23 16:52,76.00,53.00,44.80,14.95,4500.00,M
OMA,2025-08-23 17:52,75.00,55.00,49.82,10.35,4500.00,M
OMA,2025-08-23 18:52,74.00,55.00,51.52,10.35,4500.00,M
OMA,2025-08-23 19:52,69.00,57.00,65.60,8.05,4500.00,M
OMA,2025-08-23 20:52,64.00,58.00,80.85,5.75,4500.00,M
OMA,2025-08-23 21:52,64.00,58.00,80.85,0.00,4500.00,M
OMA,2025-08-23 22:52,62.00,58.00,86.73,0.00,4500.00,M
OMA,2025-08-23 23:52,61.00,57.00,86.68,5.75,4000.00,M
OMA,2025-08-24 00:52,58.00,57.00,96.47,3.45,12000.00,M
OMA,2025-08-24 01:52,59.00,57.00,93.07,3.45,12000.00,M
OMA,2025-08-24 02:52,59.00,57.00,93.07,3.45,11000.00,M
OMA,2025-08-24 03:52,59.00,57.00,93.07,3.45,10000.00,M
OMA,2025-08-24 04:52,59.00,57.00,93.07,4.60,10000.00,M
OMA,2025-08-24 05:52,57.00,56.00,96.45,3.45,10000.00,M
OMA,2025-08-24 06:52,58.00,57.00,96.47,0.00,10000.00,M
OMA,2025-08-24 07:52,61.00,55.00,80.62,0.00,10000.00,M
OMA,2025-08-24 08:52,63.00,57.00,80.77,4.60,12000.00,M
OMA,2025-08-24 09:52,68.00,55.00,63.15,10.35,10000.00,M
OMA,2025-08-24 10:52,70.00,54.00,56.86,10.35,3500.00,M
OMA,2025-08-24 11:52,73.00,51.00,46.00,11.50,4500.00,M
OMA,2025-08-24 12:52,74.00,48.00,39.78,14.95,5000.00,M
OMA,2025-08-24 13:52,75.00,51.00,43.02,13.80,5000.00,M
OMA,2025-08-24 14:52,75.00,48.00,38.47,11.50,5500.00,M
OMA,2025-08-24 15:52,75.00,49.00,39.94,11.50,6000.00,M
OMA,2025-08-24 16:52,74.00,50.00,42.86,11.50,6000.00,M
OMA,2025-08-24 17:52,74.00,51.00,44.48,14.95,5500.00,M
OMA,2025-08-24 18:52,73.00,50.00,44.33,12.65,5500.00,M
OMA,2025-08-24 19:52,68.00,52.00,56.58,8.05,5500.00,M
OMA,2025-08-24 20:52,61.00,53.00,74.94,4.60,5500.00,M
OMA,2025-08-24 21:52,61.00,53.00,74.94,4.60,25000.00,M
OMA,2025-08-24 22:52,58.00,53.00,83.40,3.45,25000.00,M
OMA,2025-08-24 23:52,56.00,53.00,89.64,4.60,25000.00,M
OMA,2025-08-25 00:52,56.00,53.00,89.64,4.60,M,M
OMA,2025-08-25 01:52,54.00,52.00,92.92,5.75,M,M
OMA,2025-08-25 02:52,51.00,50.00,96.36,5.75,M,M
OMA,2025-08-25 03:52,51.00,50.00,96.36,4.60,M,M
OMA,2025-08-25 04:52,51.00,51.00,100.00,3.45,M,M
OMA,2025-08-25 05:52,51.00,51.00,100.00,3.45,M,M
OMA,2025-08-25 06:03,50.00,50.00,100.00,0.00,200.00,M
OMA,2025-08-25 06:12,51.00,51.00,100.00,0.00,200.00,M
OMA,2025-08-25 06:21,50.00,50.00,100.00,4.60,200.00,M
OMA,2025-08-25 06:52,50.00,50.00,100.00,3.45,0.00,M
OMA,2025-08-25 07:40,52.00,52.00,100.00,4.60,0.00,M
OMA,2025-08-25 07:52,53.00,52.00,96.39,4.60,0.00,M
OMA,2025-08-25 08:04,53.00,53.00,100.00,5.75,20000.00,M
OMA,2025-08-25 08:52,55.00,54.00,96.42,8.05,200.00,M
OMA,2025-08-25 09:52,62.00,53.00,72.34,5.75,25000.00,M
OMA,2025-08-25 10:52,67.00,49.00,52.39,3.45,2500.00,M
OMA,2025-08-25 11:52,68.00,46.00,45.22,3.45,4000.00,M
OMA,2025-08-25 12:52,70.00,47.00,43.85,3.45,5000.00,M
OMA,2025-08-25 13:52,72.00,45.00,37.99,8.05,4700.00,M
OMA,2025-08-25 14:52,73.00,46.00,38.15,9.20,5000.00,M
OMA,2025-08-25 15:52,73.00,46.00,38.15,10.35,5500.00,M
OMA,2025-08-25 16:52,74.00,48.00,39.78,11.50,5500.00,M
OMA,2025-08-25 17:52,73.00,46.00,38.15,6.90,5500.00,M
OMA,2025-08-25 18:52,72.00,46.00,39.45,6.90,5500.00,M
OMA,2025-08-25 19:52,67.00,50.00,54.38,5.75,M,M
OMA,2025-08-25 21:52,59.00,54.00,83.47,3.45,M,M
OMA,2025-08-25 22:52,57.00,54.00,89.68,3.45,M,M
OMA,2025-08-25 23:52,54.00,53.00,96.40,3.45,M,M
OMA,2025-08-26 00:52,53.00,52.00,96.39,0.00,M,M
OMA,2025-08-26 01:52,52.00,52.00,100.00,3.45,M,M
OMA,2025-08-26 02:52,53.00,53.00,100.00,0.00,M,M
OMA,2025-08-26 03:52,54.00,52.00,92.92,0.00,M,M
OMA,2025-08-26 04:52,52.00,51.00,96.37,3.45,9500.00,M
OMA,2025-08-26 05:52,53.00,52.00,96.39,0.00,5500.00,M
OMA,2025-08-26 06:52,54.00,53.00,96.40,0.00,5000.00,M
OMA,2025-08-26 07:52,57.00,54.00,89.68,0.00,5000.00,M
OMA,2025-08-26 08:52,60.00,53.00,77.65,0.00,5000.00,M
OMA,2025-08-26 09:52,60.00,55.00,83.54,3.45,5000.00,M
OMA,2025-08-26 10:52,61.00,54.00,77.73,0.00,7000.00,M
OMA,2025-08-26 11:52,64.00,53.00,67.43,4.60,6500.00,M
OMA,2025-08-26 12:52,67.00,51.00,56.44,5.75,6000.00,M
OMA,2025-08-26 13:52,70.00,52.00,52.83,8.05,5500.00,M
OMA,2025-08-26 14:52,73.00,53.00,49.52,8.05,5000.00,M
OMA,2025-08-26 15:52,75.00,53.00,46.31,10.35,5000.00,M
OMA,2025-08-26 16:52,75.00,55.00,49.82,8.05,6000.00,M
OMA,2025-08-26 17:52,76.00,55.00,48.19,8.05,8000.00,M
OMA,2025-08-26 18:52,75.00,55.00,49.82,10.35,8000.00,M
OMA,2025-08-26 19:52,71.00,57.00,61.28,10.35,8000.00,M
OMA,2025-08-26 21:52,67.00,57.00,70.27,5.75,8000.00,M
OMA,2025-08-26 22:52,66.00,57.00,72.74,8.05,8000.00,M
OMA,2025-08-26 23:52,66.00,56.00,70.16,9.20,9000.00,M
OMA,2025-08-27 00:52,66.00,56.00,70.16,9.20,9000.00,M
OMA,2025-08-27 01:52,63.00,56.00,77.91,8.05,9000.00,M
OMA,2025-08-27 02:52,62.00,56.00,80.70,9.20,9000.00,M
OMA,2025-08-27 03:52,62.00,56.00,80.70,10.35,9000.00,M
OMA,2025-08-27 04:52,61.00,56.00,83.60,8.05,8000.00,M
OMA,2025-08-27 05:52,61.00,56.00,83.60,9.20,8500.00,M
OMA,2025-08-27 06:52,60.00,55.00,83.54,9.20,8500.00,M
OMA,2025-08-27 07:52,62.00,56.00,80.70,9.20,8500.00,M
OMA,2025-08-27 08:52,65.00,56.00,72.64,9.20,9500.00,M
OMA,2025-08-27 09:52,70.00,54.00,56.86,9.20,9000.00,M
OMA,2025-08-27 10:52,75.00,55.00,49.82,9.20,25000.00,M
OMA,2025-08-27 11:52,77.00,53.00,43.34,13.80,25000.00,M
OMA,2025-08-27 12:52,79.00,51.00,37.69,14.95,25000.00,M
OMA,2025-08-27 13:52,80.00,51.00,36.48,16.10,25000.00,M
OMA,2025-08-27 14:52,81.00,52.00,36.64,13.80,25000.00,M
OMA,2025-08-27 16:52,81.00,49.00,32.78,9.20,25000.00,M
OMA,2025-08-27 17:52,81.00,48.00,31.57,12.65,25000.00,M
OMA,2025-08-27 18:52,79.00,51.00,37.69,6.90,20000.00,M
OMA,2025-08-27 19:52,74.00,53.00,47.89,9.20,25000.00,M
OMA,2025-08-27 20:52,70.00,55.00,58.97,6.90,25000.00,M
OMA,2025-08-27 21:52,71.00,56.00,59.11,10.35,25000.00,M
OMA,2025-08-27 23:52,70.00,58.00,65.72,5.75,25000.00,M
OMA,2025-08-28 00:52,64.00,58.00,80.85,6.90,25000.00,M
OMA,2025-08-28 01:52,63.00,58.00,83.73,8.05,M,M
OMA,2025-08-28 02:52,61.00,58.00,89.85,5.75,M,M
OMA,2025-08-28 03:52,61.00,58.00,89.85,6.90,M,M
OMA,2025-08-28 04:52,59.00,57.00,93.07,3.45,M,M
OMA,2025-08-28 05:52,58.00,56.00,93.04,4.60,25000.00,M
OMA,2025-08-28 06:52,55.00,55.00,100.00,3.45,25000.00,M
OMA,2025-08-28 07:17,57.00,56.00,96.45,3.45,1900.00,M
OMA,2025-08-28 07:52,61.00,57.00,86.68,0.00,1900.00,M
OMA,2025-08-28 08:52,64.00,58.00,80.85,6.90,1900.00,M
OMA,2025-08-28 09:24,66.00,59.00,78.16,5.75,2000.00,M
OMA,2025-08-28 10:52,71.00,60.00,68.23,3.45,2000.00,M
OMA,2025-08-28 11:52,74.00,60.00,61.67,4.60,2400.00,M
OMA,2025-08-28 12:52,76.00,62.00,61.93,5.75,2800.00,M
OMA,2025-08-28 13:52,78.00,62.00,57.97,3.45,2900.00,M
OMA,2025-08-28 14:52,78.00,62.00,57.97,8.05,3300.00,M
OMA,2025-08-28 15:52,78.00,61.00,55.95,5.75,3500.00,M
OMA,2025-08-28 16:52,80.00,61.00,52.40,6.90,3500.00,M
OMA,2025-08-28 18:52,78.00,60.00,54.00,3.45,4300.00,M
OMA,2025-08-28 19:52,75.00,63.00,66.32,0.00,4500.00,M
OMA,2025-08-28 20:52,72.00,63.00,73.34,4.60,25000.00,M
OMA,2025-08-28 21:52,66.00,63.00,90.06,4.60,25000.00,M
OMA,2025-08-28 22:52,64.00,62.00,93.22,3.45,25000.00,M
OMA,2025-08-28 23:52,66.00,62.00,86.95,0.00,25000.00,M
OMA,2025-08-29 00:52,61.00,61.00,100.00,4.60,25000.00,M
OMA,2025-08-29 01:52,63.00,61.00,93.19,0.00,25000.00,M
OMA,2025-08-29 02:52,60.00,60.00,100.00,0.00,25000.00,M
OMA,2025-08-29 03:52,61.00,61.00,100.00,0.00,22000.00,M
OMA,2025-08-29 04:52,61.00,61.00,100.00,0.00,22000.00,M
OMA,2025-08-29 05:52,60.00,60.00,100.00,0.00,22000.00,M
OMA,2025-08-29 06:25,59.00,59.00,100.00,3.45,300.00,M
OMA,2025-08-29 06:34,58.00,58.00,100.00,3.45,300.00,M
OMA,2025-08-29 06:52,58.00,58.00,100.00,0.00,200.00,M
OMA,2025-08-29 07:52,60.00,60.00,100.00,0.00,200.00,M
OMA,2025-08-29 08:22,63.00,62.00,96.54,0.00,200.00,M
OMA,2025-08-29 08:52,64.00,61.00,89.98,4.60,14000.00,M
OMA,2025-08-29 09:52,73.00,61.00,66.08,6.90,5000.00,M
OMA,2025-08-29 10:52,76.00,62.00,61.93,3.45,5000.00,M
OMA,2025-08-29 11:52,80.00,58.00,47.08,11.50,3000.00,M
OMA,2025-08-29 12:52,81.00,58.00,45.57,9.20,4500.00,M
OMA,2025-08-29 13:52,81.00,56.00,42.40,8.05,5500.00,M
OMA,2025-08-29 14:52,82.00,56.00,41.05,3.45,6000.00,M
OMA,2025-08-29 15:52,83.00,57.00,41.21,10.35,5500.00,M
OMA,2025-08-29 16:52,82.00,56.00,41.05,12.65,6000.00,M
OMA,2025-08-29 17:52,81.00,57.00,43.96,10.35,6000.00,M
OMA,2025-08-29 18:52,79.00,57.00,46.93,10.35,6000.00,M
OMA,2025-08-29 19:52,78.00,57.00,48.50,5.75,12000.00,M
OMA,2025-08-29 20:52,71.00,62.00,73.24,6.90,12000.00,M
OMA,2025-08-29 21:52,71.00,61.00,70.70,0.00,9000.00,M
OMA,2025-08-29 22:52,69.00,64.00,84.12,4.60,8000.00,M
OMA,2025-08-29 23:52,66.00,63.00,90.06,0.00,8000.00,M
OMA,2025-08-30 00:52,70.00,62.00,75.78,4.60,8000.00,M
OMA,2025-08-30 01:52,71.00,60.00,68.23,5.75,8000.00,M
OMA,2025-08-30 02:52,69.00,60.00,73.05,3.45,8500.00,M
OMA,2025-08-30 04:52,68.00,60.00,75.59,0.00,8500.00,M
OMA,2025-08-30 05:52,67.00,59.00,75.50,4.60,10000.00,M
OMA,2025-08-30 06:52,66.00,58.00,75.41,5.75,9500.00,M
OMA,2025-08-30 07:52,67.00,58.00,72.85,4.60,9500.00,M
OMA,2025-08-30 08:52,68.00,57.00,67.89,3.45,9500.00,M
OMA,2025-08-30 09:52,70.00,57.00,63.40,5.75,11000.00,M
OMA,2025-08-30 10:52,73.00,55.00,53.28,8.05,10000.00,M
OMA,2025-08-30 11:52,75.00,55.00,49.82,6.90,10000.00,M
OMA,2025-08-30 12:52,75.00,55.00,49.82,8.05,10000.00,M
OMA,2025-08-30 13:52,76.00,55.00,48.19,10.35,9000.00,M
OMA,2025-08-30 14:52,76.00,58.00,53.71,6.90,9000.00,M
OMA,2025-08-30 15:52,76.00,59.00,55.67,6.90,4400.00,M
OMA,2025-08-30 16:44,75.00,59.00,57.55,5.75,4500.00,M
OMA,2025-08-30 16:52,76.00,59.00,55.67,5.75,4500.00,M
OMA,2025-08-30 17:52,75.00,60.00,59.64,5.75,4500.00,M
OMA,2025-08-30 18:52,74.00,61.00,63.90,4.60,6000.00,M
OMA,2025-08-30 19:16,73.00,61.00,66.08,3.45,5000.00,M
OMA,2025-08-30 19:52,73.00,60.00,63.78,0.00,5000.00,M
OMA,2025-08-30 20:52,68.00,65.00,90.14,3.45,4500.00,M
OMA,2025-08-30 21:52,68.00,65.00,90.14,0.00,5000.00,M
OMA,2025-08-30 22:52,68.00,64.00,87.05,3.45,8000.00,M
OMA,2025-08-30 23:52,68.00,64.00,87.05,3.45,9000.00,M
OMA,2025-08-31 00:52,67.00,64.00,90.10,4.60,11000.00,M
OMA,2025-08-31 01:52,66.00,64.00,93.27,4.60,6000.00,M
OMA,2025-08-31 02:52,66.00,64.00,93.27,4.60,5500.00,M
OMA,2025-08-31 03:52,66.00,64.00,93.27,0.00,5000.00,M
OMA,2025-08-31 04:52,66.00,64.00,93.27,3.45,5000.00,M
OMA,2025-08-31 05:52,65.00,60.00,83.86,6.90,6000.00,M
OMA,2025-08-31 06:52,65.00,62.00,90.02,5.75,6000.00,M
OMA,2025-08-31 08:52,65.00,63.00,93.24,3.45,6000.00,M
OMA,2025-08-31 09:52,67.00,65.00,93.30,4.60,4500.00,M
OMA,2025-08-31 10:52,68.00,65.00,90.14,6.90,1000.00,M
OMA,2025-08-31 11:52,69.00,66.00,90.18,10.35,5000.00,M
OMA,2025-08-31 12:52,70.00,65.00,84.18,10.35,1300.00,M
OMA,2025-08-31 13:52,70.00,65.00,84.18,6.90,1600.00,M
OMA,2025-08-31 14:52,68.00,63.00,84.05,13.80,1600.00,M
OMA,2025-08-31 15:52,66.00,64.00,93.27,11.50,1800.00,M
OMA,2025-08-31 16:16,66.00,64.00,93.27,8.05,2000.00,M
OMA,2025-08-31 16:32,66.00,64.00,93.27,8.05,800.00,M
OMA,2025-08-31 16:52,66.00,63.00,90.06,9.20,800.00,M
OMA,2025-08-31 17:02,65.00,63.00,93.24,6.90,800.00,M
OMA,2025-08-31 17:52,66.00,64.00,93.27,6.90,800.00,M
OMA,2025-08-31 18:30,66.00,64.00,93.27,6.90,800.00,M
OMA,2025-08-31 18:43,66.00,64.00,93.27,11.50,500.00,M
OMA,2025-08-31 18:52,66.00,64.00,93.27,11.50,500.00,M
OMA,2025-08-31 19:26,66.00,64.00,93.27,14.95,500.00,M
OMA,2025-08-31 19:52,66.00,63.00,90.06,12.65,800.00,M
OMA,2025-08-31 20:52,66.00,64.00,93.27,9.20,1500.00,M
OMA,2025-08-31 20:59,66.00,64.00,93.27,13.80,1300.00,M
OMA,2025-08-31 21:20,66.00,65.00,96.59,10.35,1000.00,M
OMA,2025-08-31 21:41,66.00,64.00,93.27,16.10,1000.00,M
OMA,2025-08-31 21:48,66.20,64.40,93.93,19.55,1000.00,M
OMA,2025-08-31 21:52,66.00,64.00,93.27,20.70,1000.00,M
OMA,2025-08-31 22:44,66.00,64.00,93.27,16.10,1000.00,M
OMA,2025-08-31 22:52,66.00,64.00,93.27,14.95,1000.00,M
OMA,2025-08-31 22:59,66.00,64.00,93.27,14.95,1000.00,M
OMA,2025-08-31 23:34,66.00,63.00,90.06,12.65,1300.00,M
OMA,2025-08-31 23:45,66.00,63.00,90.06,13.80,900.00,M
OMA,2025-08-31 23:52,66.00,63.00,90.06,13.80,1500.00,M
OMA,2025-09-01 00:18,65.00,63.00,93.24,13.80,1100.00,M
OMA,2025-09-01 00:40,65.00,63.00,93.24,12.65,1100.00,M
OMA,2025-09-01 00:52,65.00,63.00,93.24,11.50,900.00,M
OMA,2025-09-01 01:05,65.00,63.00,93.24,13.80,1200.00,M
OMA,2025-09-01 01:52,65.00,63.00,93.24,10.35,1300.00,M
OMA,2025-09-01 02:24,65.00,63.00,93.24,11.50,1100.00,M
OMA,2025-09-01 02:42,65.00,63.00,93.24,13.80,1500.00,M
OMA,2025-09-01 02:52,65.00,63.00,93.24,11.50,3600.00,M
OMA,2025-09-01 03:00,65.00,63.00,93.24,16.10,3600.00,M
OMA,2025-09-01 03:23,65.00,63.00,93.24,14.95,900.00,M
OMA,2025-09-01 03:52,65.00,63.00,93.24,14.95,3900.00,M
OMA,2025-09-01 04:52,65.00,63.00,93.24,9.20,1000.00,M
OMA,2025-09-01 05:06,65.00,63.00,93.24,12.65,900.00,M
OMA,2025-09-01 05:30,65.00,63.00,93.24,13.80,1000.00,M
OMA,2025-09-01 05:52,65.00,63.00,93.24,10.35,1000.00,M
OMA,2025-09-01 06:21,65.00,62.00,90.02,13.80,1000.00,M
OMA,2025-09-01 06:52,64.00,62.00,93.22,12.65,2000.00,M
OMA,2025-09-01 07:11,64.00,62.00,93.22,11.50,2000.00,M
OMA,2025-09-01 07:52,64.00,61.00,89.98,12.65,2200.00,M
OMA,2025-09-01 08:52,63.00,61.00,93.19,13.80,1100.00,M
OMA,2025-09-01 09:20,63.00,61.00,93.19,11.50,1100.00,M
OMA,2025-09-01 09:52,63.00,61.00,93.19,14.95,1200.00,M
OMA,2025-09-01 10:00,63.00,61.00,93.19,12.65,1000.00,M
OMA,2025-09-01 10:52,63.00,61.00,93.19,10.35,1100.00,M
OMA,2025-09-01 11:02,64.00,61.00,89.98,9.20,1100.00,M
OMA,2025-09-01 11:52,64.00,62.00,93.22,9.20,1200.00,M
OMA,2025-09-01 12:52,65.00,61.00,86.89,8.05,1400.00,M
OMA,2025-09-01 13:07,66.00,61.00,83.93,10.35,1200.00,M
OMA,2025-09-01 13:52,66.00,61.00,83.93,10.35,1300.00,M
OMA,2025-09-01 14:52,66.00,60.00,81.00,9.20,1800.00,M
OMA,2025-09-01 15:52,67.00,60.00,78.24,9.20,1800.00,M
OMA,2025-09-01 16:52,66.00,60.00,81.00,3.45,1800.00,M
OMA,2025-09-01 17:52,67.00,61.00,81.07,6.90,5500.00,M
OMA,2025-09-01 18:52,67.00,61.00,81.07,3.45,6000.00,M
OMA,2025-09-01 19:52,66.00,61.00,83.93,3.45,6500.00,M
OMA,2025-09-01 20:52,63.00,61.00,93.19,0.00,7000.00,M
OMA,2025-09-01 21:52,62.00,61.00,96.53,0.00,8000.00,M
OMA,2025-09-01 22:52,59.00,59.00,100.00,5.75,8000.00,M
OMA,2025-09-01 23:52,58.00,58.00,100.00,5.75,8000.00,M
OMA,2025-09-02 00:29,59.00,59.00,100.00,3.45,300.00,M
OMA,2025-09-02 00:52,58.00,58.00,100.00,3.45,300.00,M
OMA,2025-09-02 01:26,58.00,58.00,100.00,5.75,100.00,M
OMA,2025-09-02 01:35,59.00,58.00,96.48,6.90,100.00,M
OMA,2025-09-02 01:52,59.00,58.00,96.48,8.05,100.00,M
OMA,2025-09-02 02:39,57.00,57.00,100.00,5.75,200.00,M
OMA,2025-09-02 02:52,57.00,57.00,100.00,6.90,200.00,M
OMA,2025-09-02 03:02,57.00,57.00,100.00,8.05,200.00,M
OMA,2025-09-02 03:09,57.00,57.00,100.00,6.90,100.00,M
OMA,2025-09-02 03:30,56.00,56.00,100.00,5.75,100.00,M
OMA,2025-09-02 03:44,56.00,56.00,100.00,5.75,200.00,M
OMA,2025-09-02 03:46,55.40,55.40,100.00,5.75,200.00,M
OMA,2025-09-02 03:52,56.00,56.00,100.00,4.60,200.00,M
OMA,2025-09-02 04:43,55.00,55.00,100.00,3.45,100.00,M
OMA,2025-09-02 04:48,55.40,55.40,100.00,0.00,100.00,M
OMA,2025-09-02 04:52,55.00,55.00,100.00,3.45,100.00,M
OMA,2025-09-02 05:01,55.00,55.00,100.00,0.00,200.00,M
OMA,2025-09-02 05:20,56.00,56.00,100.00,3.45,200.00,M
OMA,2025-09-02 05:50,55.40,55.40,100.00,3.45,200.00,M
OMA,2025-09-02 05:52,55.00,55.00,100.00,0.00,200.00,M
OMA,2025-09-02 06:13,56.00,56.00,100.00,4.60,200.00,M
OMA,2025-09-02 06:35,55.00,55.00,100.00,3.45,200.00,M
OMA,2025-09-02 06:52,54.00,54.00,100.00,0.00,200.00,M
OMA,2025-09-02 07:05,54.00,54.00,100.00,4.60,200.00,M
OMA,2025-09-02 07:28,55.00,54.00,96.42,5.75,200.00,M
OMA,2025-09-02 08:50,57.20,57.20,100.00,4.60,200.00,M
OMA,2025-09-02 08:52,57.00,57.00,100.00,4.60,200.00,M
OMA,2025-09-02 08:59,57.00,57.00,100.00,4.60,200.00,M
OMA,2025-09-02 09:19,58.00,58.00,100.00,3.45,200.00,M
OMA,2025-09-02 09:31,59.00,59.00,100.00,0.00,200.00,M
OMA,2025-09-02 09:52,61.00,60.00,96.51,0.00,200.00,M
OMA,2025-09-02 10:52,69.00,58.00,68.01,5.75,2000.00,M
OMA,2025-09-02 11:52,72.00,59.00,63.65,4.60,2500.00,M
OMA,2025-09-02 12:52,75.00,55.00,49.82,4.60,3500.00,M
OMA,2025-09-02 13:52,75.00,54.00,48.04,3.45,4500.00,M
OMA,2025-09-02 14:52,77.00,53.00,43.34,5.75,5500.00,M
OMA,2025-09-02 15:52,78.00,54.00,43.49,6.90,5500.00,M
OMA,2025-09-02 16:52,78.00,54.00,43.49,0.00,5500.00,M
OMA,2025-09-02 17:52,78.00,55.00,45.11,4.60,5000.00,M
OMA,2025-09-02 18:52,77.00,55.00,46.62,3.45,25000.00,M
OMA,2025-09-02 19:52,75.00,57.00,53.57,6.90,25000.00,M
OMA,2025-09-02 20:52,72.00,57.00,59.24,5.75,25000.00,M
OMA,2025-09-02 21:52,66.00,60.00,81.00,4.60,25000.00,M
OMA,2025-09-02 22:52,65.00,59.00,80.92,0.00,25000.00,M
OMA,2025-09-02 23:52,63.00,60.00,89.94,0.00,25000.00,M
OMA,2025-09-03 00:52,63.00,59.00,86.79,6.90,25000.00,M
OMA,2025-09-03 01:52,64.00,59.00,83.80,4.60,25000.00,M
OMA,2025-09-03 02:52,64.00,59.00,83.80,5.75,25000.00,M
OMA,2025-09-03 03:52,62.00,59.00,89.89,9.20,25000.00,M
OMA,2025-09-03 04:52,62.00,59.00,89.89,6.90,25000.00,M
OMA,2025-09-03 05:52,63.00,59.00,86.79,5.75,8000.00,M
OMA,2025-09-03 07:52,64.00,61.00,89.98,8.05,12000.00,M
OMA,2025-09-03 08:52,67.00,62.00,83.99,9.20,11000.00,M
OMA,2025-09-03 09:52,71.00,63.00,75.87,12.65,1800.00,M
OMA,2025-09-03 10:52,72.00,61.00,68.35,18.40,2500.00,M
OMA,2025-09-03 11:52,71.00,59.00,65.84,18.40,2500.00,31.05
OMA,2025-09-03 12:52,67.00,61.00,81.07,12.65,2800.00,29.90
OMA,2025-09-03 13:40,67.00,62.00,83.99,10.35,2100.00,M
OMA,2025-09-03 13:52,67.00,63.00,87.00,9.20,1700.00,M
OMA,2025-09-03 14:52,67.00,59.00,75.50,14.95,2000.00,M
OMA,2025-09-03 15:19,67.00,57.00,70.27,18.40,2900.00,M
OMA,2025-09-03 15:52,65.00,55.00,70.05,14.95,4000.00,M
OMA,2025-09-03 16:52,65.00,53.00,65.12,14.95,2800.00,M
OMA,2025-09-03 17:52,63.00,54.00,72.44,9.20,9000.00,M
OMA,2025-09-03 18:52,63.00,54.00,72.44,8.05,10000.00,M
OMA,2025-09-03 19:52,60.00,54.00,80.54,6.90,25000.00,M
OMA,2025-09-03 20:52,57.00,51.00,80.31,3.45,25000.00,M
OMA,2025-09-03 21:52,57.00,51.00,80.31,0.00,25000.00,M
OMA,2025-09-03 22:52,55.00,50.00,83.20,0.00,25000.00,M
OMA,2025-09-03 23:52,52.00,51.00,96.37,0.00,25000.00,M
OMA,2025-09-04 00:52,52.00,51.00,96.37,0.00,25000.00,M
OMA,2025-09-04 01:52,50.00,50.00,100.00,0.00,M,M
OMA,2025-09-04 02:52,51.00,51.00,100.00,0.00,20000.00,M
OMA,2025-09-04 03:04,51.00,51.00,100.00,0.00,500.00,M
OMA,2025-09-04 03:52,51.00,50.00,96.36,0.00,20000.00,M
OMA,2025-09-04 04:52,50.00,49.00,96.34,0.00,20000.00,M
OMA,2025-09-04 05:05,50.00,49.00,96.34,0.00,200.00,M
OMA,2025-09-04 05:16,49.00,49.00,100.00,3.45,500.00,M
OMA,2025-09-04 05:28,49.00,48.00,96.32,3.45,300.00,M
OMA,2025-09-04 05:32,49.00,49.00,100.00,3.45,300.00,M
OMA,2025-09-04 05:34,49.00,49.00,100.00,3.45,400.00,M
OMA,2025-09-04 05:43,50.00,49.00,96.34,3.45,400.00,M
OMA,2025-09-04 05:52,49.00,49.00,100.00,0.00,400.00,M
OMA,2025-09-04 06:39,48.00,47.00,96.31,4.60,400.00,M
OMA,2025-09-04 06:52,48.00,47.00,96.31,3.45,400.00,M
OMA,2025-09-04 07:25,48.00,48.00,100.00,4.60,800.00,M
OMA,2025-09-04 07:52,50.00,49.00,96.34,4.60,600.00,M
OMA,2025-09-04 08:12,51.00,50.00,96.36,4.60,600.00,M
OMA,2025-09-04 08:52,53.00,51.00,92.89,3.45,600.00,M
OMA,2025-09-04 09:52,60.00,50.00,69.50,8.05,18000.00,M
OMA,2025-09-04 10:52,65.00,48.00,54.09,10.35,19000.00,M
OMA,2025-09-04 11:52,67.00,46.00,46.80,14.95,20000.00,M
OMA,2025-09-04 12:52,69.00,46.00,43.69,12.65,7000.00,M
OMA,2025-09-04 13:52,70.00,48.00,45.53,12.65,7000.00,M
OMA,2025-09-04 14:52,71.00,47.00,42.38,12.65,6000.00,M
OMA,2025-09-04 15:52,71.00,48.00,44.01,17.25,6500.00,M
OMA,2025-09-04 16:52,73.00,49.00,42.70,14.95,5000.00,M
OMA,2025-09-04 17:52,72.00,50.00,45.84,17.25,4600.00,M
OMA,2025-09-04 18:52,71.00,51.00,49.22,11.50,20000.00,M
OMA,2025-09-04 19:52,70.00,53.00,54.81,11.50,8000.00,M
OMA,2025-09-04 20:52,68.00,54.00,60.89,12.65,6500.00,M
OMA,2025-09-04 21:52,67.00,56.00,67.78,13.80,6000.00,M
OMA,2025-09-04 22:52,64.00,50.00,60.35,13.80,6000.00,M
OMA,2025-09-04 23:52,61.00,48.00,62.25,11.50,6000.00,M
OMA,2025-09-05 00:52,60.00,46.00,59.81,8.05,20000.00,M
OMA,2025-09-05 01:52,57.00,47.00,69.16,6.90,6000.00,M
OMA,2025-09-05 02:52,58.00,46.00,64.25,0.00,6000.00,M
OMA,2025-09-05 03:52,58.00,45.00,61.85,8.05,6000.00,M
OMA,2025-09-05 04:52,58.00,45.00,61.85,14.95,6000.00,M
OMA,2025-09-05 05:52,56.00,45.00,66.48,16.10,6000.00,M
OMA,2025-09-05 06:52,54.00,44.00,68.82,12.65,5000.00,M
OMA,2025-09-05 07:52,55.00,42.00,61.46,14.95,5000.00,M
OMA,2025-09-05 08:52,57.00,43.00,59.40,16.10,17000.00,M
OMA,2025-09-05 09:52,59.00,43.00,55.29,17.25,3500.00,33.35
OMA,2025-09-05 10:52,62.00,43.00,49.70,16.10,3500.00,M
OMA,2025-09-05 11:52,64.00,43.00,46.33,18.40,4500.00,29.90
OMA,2025-09-05 12:52,65.00,43.00,44.74,13.80,4500.00,29.90
OMA,2025-09-05 13:52,66.00,43.00,43.21,18.40,4800.00,M
OMA,2025-09-05 14:52,68.00,44.00,41.90,17.25,6000.00,M
OMA,2025-09-05 15:52,67.00,41.00,38.65,17.25,7000.00,M
OMA,2025-09-05 16:52,68.00,43.00,40.33,17.25,7000.00,M
OMA,2025-09-05 17:52,66.00,43.00,43.21,11.50,7500.00,M
OMA,2025-09-05 18:52,65.00,45.00,48.29,6.90,7500.00,M
OMA,2025-09-05 19:52,60.00,46.00,59.81,3.45,7500.00,M
OMA,2025-09-05 20:52,58.00,49.00,71.92,0.00,8000.00,M
OMA,2025-09-05 21:52,55.00,47.00,74.36,3.45,8000.00,M
OMA,2025-09-05 22:52,53.00,48.00,83.06,3.45,8000.00,M
OMA,2025-09-05 23:52,51.00,49.00,92.83,0.00,M,M
OMA,2025-09-06 00:52,53.00,49.00,86.23,3.45,M,M
OMA,2025-09-06 01:52,52.00,48.00,86.18,0.00,8500.00,M
OMA,2025-09-06 02:52,50.00,46.00,86.06,8.05,8000.00,M
OMA,2025-09-06 03:52,48.00,46.00,92.74,6.90,8000.00,M
OMA,2025-09-06 04:52,47.00,46.00,96.29,4.60,M,M
OMA,2025-09-06 05:52,46.00,45.00,96.28,3.45,M,M
OMA,2025-09-06 06:52,45.00,45.00,100.00,0.00,25000.00,M
OMA,2025-09-06 07:23,45.00,45.00,100.00,0.00,100.00,M
OMA,2025-09-06 07:52,46.00,46.00,100.00,0.00,100.00,M
OMA,2025-09-06 08:52,50.00,48.00,92.80,3.45,20000.00,M
OMA,2025-09-06 09:52,57.00,47.00,69.16,0.00,20000.00,M
OMA,2025-09-06 10:52,62.00,43.00,49.70,4.60,20000.00,M
OMA,2025-09-06 12:52,67.00,43.00,41.74,8.05,5500.00,M
OMA,2025-09-06 13:52,68.00,41.00,37.34,5.75,6000.00,M
OMA,2025-09-06 14:52,67.00,40.00,37.17,6.90,6000.00,M
OMA,2025-09-06 15:52,69.00,41.00,36.08,3.45,6500.00,M
OMA,2025-09-06 16:52,68.00,42.00,38.81,6.90,6500.00,M
OMA,2025-09-06 17:52,69.00,41.00,36.08,10.35,6500.00,M
OMA,2025-09-06 18:52,67.00,43.00,41.74,5.75,6500.00,M
OMA,2025-09-06 19:52,65.00,45.00,48.29,0.00,6500.00,M
OMA,2025-09-06 20:52,60.00,47.00,62.12,0.00,M,M
OMA,2025-09-06 21:52,55.00,49.00,80.16,3.45,M,M
OMA,2025-09-06 22:52,53.00,51.00,92.89,0.00,4500.00,M
OMA,2025-09-06 23:52,52.00,50.00,92.86,0.00,M,M
OMA,2025-09-07 00:52,48.00,48.00,100.00,0.00,M,M
OMA,2025-09-07 01:52,47.00,45.00,92.71,3.45,M,M
OMA,2025-09-07 02:52,46.00,44.00,92.68,8.05,M,M
OMA,2025-09-07 03:52,47.00,45.00,92.71,0.00,M,M
OMA,2025-09-07 04:52,49.00,47.00,92.77,3.45,M,M
OMA,2025-09-07 05:52,43.00,43.00,100.00,5.75,M,M
OMA,2025-09-07 06:24,43.00,43.00,100.00,4.60,200.00,M
OMA,2025-09-07 06:34,43.00,43.00,100.00,0.00,200.00,M
OMA,2025-09-07 06:52,43.00,43.00,100.00,3.45,8000.00,M
OMA,2025-09-07 07:52,46.00,44.00,92.68,3.45,8000.00,M
OMA,2025-09-07 08:52,52.00,48.00,86.18,0.00,25000.00,M
OMA,2025-09-07 09:52,58.00,49.00,71.92,3.45,8000.00,M
OMA,2025-09-07 10:52,65.00,47.00,52.09,5.75,6000.00,M
OMA,2025-09-07 11:52,69.00,45.00,42.06,9.20,6000.00,M
OMA,2025-09-07 12:52,71.00,46.00,40.81,9.20,6000.00,M
OMA,2025-09-07 13:52,71.00,46.00,40.81,9.20,5500.00,M
OMA,2025-09-07 14:52,74.00,48.00,39.78,12.65,5500.00,M
OMA,2025-09-07 15:52,76.00,48.00,37.21,8.05,7500.00,M
OMA,2025-09-07 16:52,76.00,50.00,40.10,11.50,8000.00,M
OMA,2025-09-07 17:52,76.00,51.00,41.61,13.80,8000.00,M
OMA,2025-09-07 18:52,75.00,52.00,44.64,11.50,20000.00,M
OMA,2025-09-07 19:52,69.00,53.00,56.72,8.05,20000.00,M
OMA,2025-09-07 20:52,65.00,53.00,65.12,8.05,M,M
OMA,2025-09-07 21:52,66.00,53.00,62.89,10.35,M,M
OMA,2025-09-07 22:52,63.00,53.00,69.83,9.20,M,M
OMA,2025-09-07 23:52,63.00,53.00,69.83,6.90,20000.00,M
OMA,2025-09-08 00:52,62.00,52.00,69.72,11.50,20000.00,M
OMA,2025-09-08 01:52,59.00,52.00,77.56,9.20,20000.00,M
OMA,2025-09-08 02:52,60.00,53.00,77.65,9.20,20000.00,M
OMA,2025-09-08 03:52,59.00,53.00,80.47,10.35,20000.00,M
OMA,2025-09-08 04:52,59.00,53.00,80.47,9.20,20000.00,M
OMA,2025-09-08 05:52,59.00,53.00,80.47,9.20,7000.00,M
OMA,2025-09-08 06:52,58.00,53.00,83.40,11.50,7000.00,M
OMA,2025-09-08 07:52,59.00,53.00,80.47,10.35,7000.00,M
OMA,2025-09-08 08:52,62.00,53.00,72.34,17.25,6000.00,M
OMA,2025-09-08 09:52,67.00,53.00,60.75,17.25,6500.00,M
OMA,2025-09-08 10:52,70.00,54.00,56.86,17.25,8500.00,M
OMA,2025-09-08 11:52,74.00,55.00,51.52,19.55,9000.00,29.90
OMA,2025-09-08 12:52,74.00,56.00,53.42,23.00,7500.00,36.80
OMA,2025-09-08 13:52,76.00,55.00,48.19,25.30,7500.00,37.95
OMA,2025-09-08 14:52,76.00,56.00,49.97,25.30,9000.00,37.95
OMA,2025-09-08 15:52,75.00,56.00,51.67,20.70,9000.00,33.35
OMA,2025-09-08 16:52,74.00,55.00,51.52,21.85,12000.00,39.10
OMA,2025-09-08 17:52,73.00,56.00,55.24,16.10,12000.00,29.90
OMA,2025-09-08 18:52,71.00,56.00,59.11,19.55,12000.00,31.05
OMA,2025-09-08 19:52,69.00,57.00,65.60,17.25,12000.00,M
OMA,2025-09-08 20:52,68.00,57.00,67.89,13.80,12000.00,M
OMA,2025-09-08 21:52,66.00,57.00,72.74,11.50,5500.00,M
OMA,2025-09-08 22:52,66.00,56.00,70.16,11.50,5000.00,M
OMA,2025-09-08 23:52,66.00,56.00,70.16,12.65,5000.00,M
OMA,2025-09-09 00:52,67.00,56.00,67.78,13.80,5000.00,M
OMA,2025-09-09 01:52,66.00,55.00,67.66,12.65,5000.00,M
OMA,2025-09-09 02:52,66.00,56.00,70.16,16.10,5000.00,M
OMA,2025-09-09 03:24,66.00,56.00,70.16,11.50,4000.00,M
OMA,2025-09-09 03:52,63.00,59.00,86.79,14.95,4000.00,M
OMA,2025-09-09 04:38,63.00,59.00,86.79,9.20,5500.00,M
OMA,2025-09-09 04:52,63.00,59.00,86.79,13.80,12000.00,M
OMA,2025-09-09 05:52,62.00,58.00,86.73,10.35,16000.00,M
OMA,2025-09-09 06:52,62.00,58.00,86.73,10.35,5500.00,M
OMA,2025-09-09 07:52,62.00,58.00,86.73,11.50,6500.00,M
OMA,2025-09-09 08:52,65.00,58.00,78.08,13.80,6500.00,M
OMA,2025-09-09 09:52,68.00,59.00,72.95,13.80,4200.00,M
OMA,2025-09-09 10:52,70.00,60.00,70.59,11.50,4000.00,M
OMA,2025-09-09 11:52,72.00,61.00,68.35,11.50,2400.00,M
OMA,2025-09-09 12:52,75.00,61.00,61.80,9.20,2400.00,M
OMA,2025-09-09 13:52,75.00,62.00,64.02,10.35,2700.00,M
OMA,2025-09-09 14:21,75.00,62.00,64.02,5.75,2900.00,M
OMA,2025-09-09 14:52,77.00,63.00,62.06,6.90,3000.00,M
OMA,2025-09-09 15:52,77.00,63.00,62.06,6.90,3000.00,M
OMA,2025-09-09 16:52,77.00,62.00,59.91,4.60,3900.00,M
OMA,2025-09-09 17:52,77.00,62.00,59.91,5.75,3800.00,M
OMA,2025-09-09 18:52,77.00,62.00,59.91,10.35,4600.00,M
OMA,2025-09-09 19:52,74.00,63.00,68.57,6.90,4400.00,M
OMA,2025-09-09 20:52,72.00,64.00,75.96,5.75,4400.00,M
OMA,2025-09-09 21:52,73.00,64.00,73.44,8.05,4500.00,M
OMA,2025-09-09 22:52,72.00,63.00,73.34,10.35,4600.00,M
OMA,2025-09-09 23:52,71.00,62.00,73.24,8.05,4500.00,M
OMA,2025-09-10 00:52,69.00,62.00,78.41,10.35,4400.00,M
OMA,2025-09-10 01:52,68.00,62.00,81.15,5.75,4400.00,M
OMA,2025-09-10 02:52,68.00,62.00,81.15,6.90,4500.00,M
OMA,2025-09-10 03:52,68.00,62.00,81.15,6.90,5000.00,M
OMA,2025-09-10 04:52,65.00,61.00,86.89,5.75,5000.00,M
OMA,2025-09-10 05:52,63.00,60.00,89.94,4.60,5000.00,M
OMA,2025-09-10 06:52,63.00,60.00,89.94,3.45,25000.00,M
OMA,2025-09-10 07:52,62.00,60.00,93.16,3.45,25000.00,M
OMA,2025-09-10 08:52,67.00,62.00,83.99,0.00,17000.00,M
OMA,2025-09-10 09:52,71.00,62.00,73.24,3.45,17000.00,M
OMA,2025-09-10 10:52,75.00,63.00,66.32,3.45,16000.00,M
OMA,2025-09-10 11:52,78.00,63.00,60.04,6.90,3000.00,M
OMA,2025-09-10 12:52,81.00,63.00,54.43,12.65,3500.00,M
OMA,2025-09-10 13:52,81.00,61.00,50.72,6.90,4000.00,M
OMA,2025-09-10 14:52,82.00,63.00,52.69,8.05,4000.00,M
OMA,2025-09-10 15:52,83.00,62.00,49.25,6.90,4000.00,M
OMA,2025-09-10 16:52,83.00,63.00,51.02,8.05,4000.00,M
OMA,2025-09-10 17:52,83.00,62.00,49.25,4.60,4000.00,M
OMA,2025-09-10 18:52,81.00,64.00,56.37,5.75,16000.00,M
OMA,2025-09-10 19:52,77.00,65.00,66.55,3.45,16000.00,M
OMA,2025-09-10 20:52,71.00,65.00,81.37,4.60,25000.00,M
OMA,2025-09-10 21:52,73.00,64.00,73.44,6.90,25000.00,M
OMA,2025-09-10 22:52,72.00,64.00,75.96,3.45,25000.00,M
OMA,2025-09-10 23:52,71.00,63.00,75.87,4.60,25000.00,M
OMA,2025-09-11 00:52,70.00,63.00,78.49,4.60,25000.00,M
OMA,2025-09-11 01:52,69.00,62.00,78.41,4.60,M,M
OMA,2025-09-11 02:52,68.00,62.00,81.15,3.45,M,M
OMA,2025-09-11 03:52,67.00,61.00,81.07,3.45,M,M
OMA,2025-09-11 04:52,67.00,61.00,81.07,5.75,M,M
OMA,2025-09-11 05:52,66.00,60.00,81.00,3.45,M,M
OMA,2025-09-11 06:52,65.00,60.00,83.86,4.60,25000.00,M
OMA,2025-09-11 07:52,66.00,61.00,83.93,5.75,25000.00,M
OMA,2025-09-11 08:52,69.00,61.00,75.69,8.05,25000.00,M
OMA,2025-09-11 09:52,74.00,62.00,66.20,9.20,25000.00,M
OMA,2025-09-11 10:52,78.00,64.00,62.18,10.35,25000.00,M
OMA,2025-09-11 11:52,80.00,65.00,60.30,11.50,25000.00,M
OMA,2025-09-11 12:52,83.00,66.00,56.65,13.80,25000.00,M
OMA,2025-09-11 13:52,85.00,66.00,53.12,13.80,25000.00,M
OMA,2025-09-11 14:52,87.00,66.00,49.85,13.80,25000.00,M
OMA,2025-09-11 15:52,88.00,66.00,48.30,17.25,25000.00,M
OMA,2025-09-11 16:52,87.00,66.00,49.85,16.10,25000.00,M
OMA,2025-09-11 17:52,87.00,66.00,49.85,16.10,25000.00,M
OMA,2025-09-11 18:52,85.00,66.00,53.12,11.50,15000.00,M
OMA,2025-09-11 19:52,82.00,66.00,58.51,11.50,25000.00,M
OMA,2025-09-11 20:52,80.00,66.00,62.44,11.50,25000.00,M
OMA,2025-09-11 21:52,78.00,66.00,66.67,10.35,25000.00,M
OMA,2025-09-11 22:52,76.00,65.00,68.79,8.05,25000.00,M
OMA,2025-09-11 23:52,76.00,65.00,68.79,10.35,25000.00,M
OMA,2025-09-12 00:52,75.00,64.00,68.68,11.50,25000.00,M
OMA,2025-09-12 01:52,74.00,64.00,71.02,9.20,25000.00,M
OMA,2025-09-12 02:52,73.00,64.00,73.44,10.35,25000.00,M
OMA,2025-09-12 03:52,73.00,63.00,70.91,9.20,25000.00,M
OMA,2025-09-12 04:52,72.00,64.00,75.96,10.35,25000.00,M
OMA,2025-09-12 05:52,74.00,63.00,68.57,11.50,25000.00,M
OMA,2025-09-12 06:52,71.00,63.00,75.87,11.50,12000.00,M
OMA,2025-09-12 07:52,73.00,63.00,70.91,9.20,12000.00,M
OMA,2025-09-12 08:52,73.00,63.00,70.91,10.35,12000.00,M
OMA,2025-09-12 09:52,76.00,64.00,66.43,12.65,1200.00,M
OMA,2025-09-12 10:52,80.00,64.00,58.24,14.95,130200.00,M
OMA,2025-09-12 11:52,82.00,65.00,56.51,12.65,13000.00,M
OMA,2025-09-12 12:52,84.00,64.00,51.16,13.80,15000.00,M
OMA,2025-09-12 13:52,87.00,63.00,44.89,14.95,15000.00,M
OMA,2025-09-12 14:52,88.00,63.00,43.50,14.95,15000.00,M
OMA,2025-09-12 15:52,90.00,64.00,42.30,18.40,15000.00,M
OMA,2025-09-12 16:52,91.00,65.00,42.46,17.25,15000.00,M
OMA,2025-09-12 17:52,91.00,64.00,41.00,12.65,15000.00,M
OMA,2025-09-12 18:52,87.00,68.00,53.41,8.05,15000.00,M
OMA,2025-09-12 19:52,84.00,67.00,56.78,10.35,15000.00,M
OMA,2025-09-12 20:52,80.00,68.00,66.90,10.35,15000.00,M
OMA,2025-09-12 21:52,80.00,68.00,66.90,10.35,25000.00,M
OMA,2025-09-12 22:52,78.00,67.00,69.01,11.50,25000.00,M
OMA,2025-09-12 23:52,76.00,67.00,73.73,12.65,M,M
OMA,2025-09-13 00:52,75.00,67.00,76.23,10.35,M,M
OMA,2025-09-13 01:52,72.00,66.00,81.44,9.20,M,M
OMA,2025-09-13 02:52,72.00,66.00,81.44,11.50,M,M
OMA,2025-09-13 03:52,69.00,65.00,87.10,8.05,M,M
OMA,2025-09-13 04:52,68.00,64.00,87.05,9.20,M,M
OMA,2025-09-13 05:52,68.00,64.00,87.05,10.35,M,M
OMA,2025-09-13 06:52,69.00,63.00,81.22,10.35,25000.00,M
OMA,2025-09-13 07:52,70.00,64.00,81.29,10.35,25000.00,M
OMA,2025-09-13 08:52,74.00,64.00,71.02,10.35,25000.00,M
OMA,2025-09-13 09:52,80.00,64.00,58.24,8.05,25000.00,M
OMA,2025-09-13 10:52,85.00,66.00,53.12,9.20,25000.00,M
OMA,2025-09-13 11:52,92.00,62.00,37.05,10.35,25000.00,M
OMA,2025-09-13 12:52,94.00,62.00,34.83,11.50,25000.00,M
OMA,2025-09-13 13:52,96.00,63.00,33.93,12.65,25000.00,M
OMA,2025-09-13 14:52,96.00,60.00,30.52,19.55,25000.00,M
OMA,2025-09-13 15:52,96.00,61.00,31.62,13.80,25000.00,M
OMA,2025-09-13 16:52,94.00,61.00,33.62,13.80,25000.00,M
OMA,2025-09-13 17:52,92.00,60.00,34.51,10.35,25000.00,M
OMA,2025-09-13 18:52,90.00,61.00,38.06,11.50,25000.00,M
OMA,2025-09-13 19:52,87.00,62.00,43.34,9.20,22000.00,M
OMA,2025-09-13 20:52,79.00,64.00,60.17,8.05,22000.00,M
OMA,2025-09-13 21:52,78.00,64.00,62.18,9.20,22000.00,M
OMA,2025-09-13 22:52,76.00,65.00,68.79,9.20,22000.00,M
OMA,2025-09-13 23:52,76.00,66.00,71.23,9.20,22000.00,M
OMA,2025-09-14 00:52,74.00,66.00,76.14,9.20,18000.00,M
OMA,2025-09-14 01:52,76.00,66.00,71.23,9.20,13000.00,M
OMA,2025-09-14 02:52,75.00,66.00,73.64,8.05,13000.00,M
OMA,2025-09-14 03:52,74.00,66.00,76.14,9.20,13000.00,M
OMA,2025-09-14 04:52,72.00,66.00,81.44,8.05,M,M
OMA,2025-09-14 05:52,71.00,66.00,84.24,6.90,25000.00,M
OMA,2025-09-14 06:52,72.00,67.00,84.30,5.75,15000.00,M
OMA,2025-09-14 07:52,71.00,66.00,84.24,6.90,15000.00,M
OMA,2025-09-14 08:52,74.00,67.00,78.82,4.60,15000.00,M
OMA,2025-09-14 09:52,79.00,67.00,66.78,10.35,15000.00,M
OMA,2025-09-14 10:52,82.00,67.00,60.57,12.65,15000.00,M
OMA,2025-09-14 11:52,83.00,66.00,56.65,17.25,14000.00,M
OMA,2025-09-14 12:52,85.00,65.00,51.31,16.10,14000.00,M
OMA,2025-09-14 13:52,87.00,64.00,46.49,17.25,14000.00,M
OMA,2025-09-14 14:52,87.00,62.00,43.34,19.55,8000.00,M
OMA,2025-09-14 15:52,89.00,63.00,42.15,19.55,6000.00,M
OMA,2025-09-14 16:52,87.00,62.00,43.34,19.55,6000.00,29.90
OMA,2025-09-14 17:17,78.00,61.00,55.95,25.30,6000.00,41.40
OMA,2025-09-14 17:39,76.00,63.00,64.15,33.35,3800.00,52.90
OMA,2025-09-14 17:52,76.00,62.00,61.93,12.65,1600.00,52.90
OMA,2025-09-14 18:11,74.00,65.00,73.54,5.75,1600.00,M
OMA,2025-09-14 18:52,76.00,68.00,76.32,0.00,5500.00,M
OMA,2025-09-14 19:52,73.00,69.00,87.31,3.45,5500.00,M
OMA,2025-09-14 20:52,74.00,68.00,81.58,3.45,17000.00,M
OMA,2025-09-14 22:52,77.00,65.00,66.55,18.40,6000.00,M
OMA,2025-09-14 23:52,76.00,62.00,61.93,11.50,6000.00,M
OMA,2025-09-15 01:52,67.00,61.00,81.07,10.35,10000.00,M
OMA,2025-09-15 02:52,68.00,59.00,72.95,6.90,24000.00,M
OMA,2025-09-15 03:52,67.00,60.00,78.24,5.75,24000.00,M
OMA,2025-09-15 04:52,67.00,60.00,78.24,8.05,7000.00,M
OMA,2025-09-15 05:52,66.00,61.00,83.93,8.05,25000.00,M
OMA,2025-09-15 06:52,68.00,61.00,78.33,6.90,12000.00,M
OMA,2025-09-15 07:52,68.00,62.00,81.15,9.20,12000.00,M
OMA,2025-09-15 08:52,71.00,62.00,73.24,8.05,12000.00,M
OMA,2025-09-15 09:52,75.00,64.00,68.68,10.35,12000.00,M
OMA,2025-09-15 10:52,79.00,65.00,62.31,12.65,12000.00,M
OMA,2025-09-15 11:52,81.00,65.00,58.37,12.65,12000.00,M
OMA,2025-09-15 12:52,84.00,66.00,54.85,10.35,13000.00,M
OMA,2025-09-15 13:52,86.00,66.00,51.46,10.35,14000.00,M
OMA,2025-09-15 14:52,89.00,65.00,45.20,12.65,4500.00,M
OMA,2025-09-15 15:52,90.00,65.00,43.80,11.50,5000.00,M
OMA,2025-09-15 16:52,90.00,63.00,40.85,11.50,5000.00,M
OMA,2025-09-15 17:52,89.00,62.00,40.69,11.50,5000.00,M
OMA,2025-09-15 18:52,87.00,64.00,46.49,11.50,5000.00,M
OMA,2025-09-15 19:52,82.00,66.00,58.51,8.05,6500.00,M
OMA,2025-09-15 20:52,79.00,66.00,64.51,8.05,6500.00,M
OMA,2025-09-15 21:52,77.00,68.00,73.83,6.90,6500.00,32.20
OMA,2025-09-15 22:52,77.00,66.00,68.90,8.05,7000.00,M
OMA,2025-09-15 23:52,75.00,66.00,73.64,6.90,7000.00,M
OMA,2025-09-16 00:52,74.00,66.00,76.14,10.35,M,M
OMA,2025-09-16 01:52,72.00,66.00,81.44,3.45,M,M
OMA,2025-09-16 02:52,72.00,66.00,81.44,5.75,6500.00,M
OMA,2025-09-16 03:52,73.00,66.00,78.74,6.90,7000.00,M
OMA,2025-09-16 04:52,70.00,65.00,84.18,5.75,7000.00,M
OMA,2025-09-16 05:52,71.00,65.00,81.37,0.00,M,M
OMA,2025-09-16 06:52,69.00,65.00,87.10,5.75,12000.00,M
OMA,2025-09-16 07:52,71.00,65.00,81.37,4.60,12000.00,M
OMA,2025-09-16 08:52,74.00,66.00,76.14,10.35,12000.00,M
OMA,2025-09-16 09:52,77.00,66.00,68.90,3.45,12000.00,M
OMA,2025-09-16 10:52,82.00,67.00,60.57,4.60,11000.00,M
OMA,2025-09-16 11:52,84.00,67.00,56.78,5.75,11000.00,M
OMA,2025-09-16 12:52,87.00,67.00,51.60,6.90,25000.00,M
OMA,2025-09-16 13:52,89.00,66.00,46.80,6.90,5000.00,M
OMA,2025-09-16 14:52,89.00,64.00,43.65,10.35,6000.00,M
OMA,2025-09-16 15:52,89.00,62.00,40.69,8.05,7000.00,M
OMA,2025-09-16 16:52,87.00,66.00,49.85,6.90,4000.00,M
OMA,2025-09-16 17:52,84.00,70.00,62.94,4.60,7000.00,M
OMA,2025-09-16 18:36,83.00,69.00,62.81,5.75,6500.00,M
OMA,2025-09-16 18:38,83.00,69.00,62.81,5.75,6500.00,M
OMA,2025-09-16 18:52,83.00,68.00,60.70,4.60,6500.00,M
OMA,2025-09-16 19:52,78.00,70.00,76.49,3.45,7000.00,M
OMA,2025-09-16 20:52,73.00,70.00,90.34,3.45,7500.00,M
OMA,2025-09-16 21:52,75.00,68.00,78.90,12.65,8500.00,M
OMA,2025-09-16 22:52,76.00,64.00,66.43,9.20,8500.00,M
OMA,2025-09-16 23:33,77.00,64.00,64.27,17.25,7000.00,M
OMA,2025-09-16 23:52,73.00,65.00,76.05,24.15,7000.00,35.65
OMA,2025-09-17 00:45,69.00,64.00,84.12,12.65,7000.00,41.40
OMA,2025-09-17 00:52,69.00,64.00,84.12,17.25,6500.00,41.40
OMA,2025-09-17 01:39,69.00,62.00,78.41,24.15,7500.00,40.25
OMA,2025-09-17 01:52,69.00,62.00,78.41,24.15,7500.00,40.25
OMA,2025-09-17 02:52,69.00,61.00,75.69,5.75,4900.00,34.50
OMA,2025-09-17 03:39,67.00,61.00,81.07,5.75,2300.00,M
OMA,2025-09-17 03:52,67.00,61.00,81.07,4.60,5000.00,M
OMA,2025-09-17 04:52,65.00,62.00,90.02,3.45,5000.00,M
OMA,2025-09-17 05:34,65.00,62.00,90.02,6.90,4000.00,M
OMA,2025-09-17 05:52,67.00,61.00,81.07,5.75,4000.00,M
OMA,2025-09-17 06:33,66.00,62.00,86.95,0.00,3900.00,M
OMA,2025-09-17 06:42,65.00,63.00,93.24,6.90,3000.00,M
OMA,2025-09-17 06:52,65.00,63.00,93.24,8.05,3000.00,M
OMA,2025-09-17 07:13,66.00,63.00,90.06,4.60,4600.00,M
OMA,2025-09-17 07:52,66.00,63.00,90.06,6.90,12000.00,M
OMA,2025-09-17 08:52,67.00,64.00,90.10,6.90,10000.00,M
OMA,2025-09-17 09:52,67.00,64.00,90.10,5.75,9500.00,M
OMA,2025-09-17 10:52,68.00,65.00,90.14,5.75,9000.00,M
OMA,2025-09-17 11:52,69.00,66.00,90.18,8.05,3000.00,M
OMA,2025-09-17 12:52,70.00,67.00,90.22,5.75,3000.00,M
OMA,2025-09-17 13:18,70.00,66.00,87.16,5.75,900.00,M
OMA,2025-09-17 13:52,71.00,67.00,87.21,4.60,900.00,M
OMA,2025-09-17 14:52,74.00,67.00,78.82,4.60,1100.00,M
OMA,2025-09-17 15:52,76.00,66.00,71.23,6.90,2200.00,M
OMA,2025-09-17 16:52,77.00,66.00,68.90,5.75,3300.00,M
OMA,2025-09-17 17:52,77.00,66.00,68.90,6.90,2700.00,M
OMA,2025-09-17 18:52,76.00,67.00,73.73,5.75,3400.00,M
OMA,2025-09-17 19:52,74.00,67.00,78.82,9.20,8000.00,M
OMA,2025-09-17 20:52,72.00,66.00,81.44,6.90,11000.00,M
OMA,2025-09-17 21:52,71.00,66.00,84.24,6.90,5500.00,M
OMA,2025-09-17 22:52,70.00,66.00,87.16,5.75,4200.00,M
OMA,2025-09-17 23:52,69.00,67.00,93.36,5.75,3800.00,M
OMA,2025-09-18 00:52,69.00,66.00,90.18,5.75,M,M
OMA,2025-09-18 01:52,67.00,65.00,93.30,0.00,M,M
OMA,2025-09-18 02:52,66.00,65.00,96.59,0.00,4100.00,M
OMA,2025-09-18 03:52,66.00,65.00,96.59,3.45,25000.00,M
OMA,2025-09-18 03:59,64.00,63.00,96.56,3.45,400.00,M
OMA,2025-09-18 04:52,63.00,62.00,96.54,0.00,25000.00,M
OMA,2025-09-18 05:28,62.00,62.00,100.00,4.60,200.00,M
OMA,2025-09-18 05:52,63.00,62.00,96.54,4.60,200.00,M
OMA,2025-09-18 06:52,64.00,63.00,96.56,5.75,25000.00,M
OMA,2025-09-18 07:52,64.00,63.00,96.56,6.90,400.00,M
OMA,2025-09-18 08:52,66.00,64.00,93.27,6.90,400.00,M
OMA,2025-09-18 09:52,68.00,65.00,90.14,8.05,400.00,M
OMA,2025-09-18 10:52,71.00,65.00,81.37,9.20,1100.00,M
OMA,2025-09-18 11:52,73.00,65.00,76.05,8.05,1500.00,M
OMA,2025-09-18 12:52,76.00,63.00,64.15,8.05,2000.00,M
OMA,2025-09-18 13:52,75.00,63.00,66.32,10.35,4400.00,M
OMA,2025-09-18 14:52,72.00,65.00,78.66,9.20,4500.00,M
OMA,2025-09-18 15:52,71.00,65.00,81.37,9.20,4500.00,M
OMA,2025-09-18 16:52,71.00,65.00,81.37,8.05,3500.00,M
OMA,2025-09-18 17:52,69.00,66.00,90.18,9.20,3000.00,M
OMA,2025-09-18 18:45,M,M,M,5.75,900.00,M
OMA,2025-09-18 18:45,68.00,64.00,87.05,6.90,900.00,M
OMA,2025-09-18 19:24,66.00,62.00,86.95,5.75,900.00,M
OMA,2025-09-18 19:52,65.00,63.00,93.24,4.60,2000.00,M
OMA,2025-09-18 20:52,65.00,63.00,93.24,5.75,5000.00,M
OMA,2025-09-18 21:52,65.00,63.00,93.24,4.60,7000.00,M
OMA,2025-09-18 22:52,65.00,63.00,93.24,5.75,6000.00,M
OMA,2025-09-18 23:52,64.00,63.00,96.56,4.60,8500.00,M
OMA,2025-09-19 00:41,64.00,63.00,96.56,6.90,700.00,M
OMA,2025-09-19 00:45,64.00,63.00,96.56,5.75,700.00,M
OMA,2025-09-19 00:52,64.00,63.00,96.56,6.90,700.00,M
OMA,2025-09-19 01:19,64.00,63.00,96.56,8.05,2300.00,M
OMA,2025-09-19 01:26,64.00,63.00,96.56,8.05,200.00,M
OMA,2025-09-19 01:30,64.00,63.00,96.56,8.05,200.00,M
OMA,2025-09-19 01:34,64.00,63.00,96.56,6.90,200.00,M
OMA,2025-09-19 01:52,64.00,63.00,96.56,6.90,200.00,M
OMA,2025-09-19 02:01,64.00,63.00,96.56,6.90,200.00,M
OMA,2025-09-19 02:24,64.00,63.00,96.56,6.90,300.00,M
OMA,2025-09-19 02:52,64.00,63.00,96.56,6.90,13000.00,M
OMA,2025-09-19 03:07,64.00,63.00,96.56,6.90,700.00,M
OMA,2025-09-19 03:16,64.00,63.00,96.56,5.75,1100.00,M
OMA,2025-09-19 03:52,65.00,63.00,93.24,4.60,1000.00,M
OMA,2025-09-19 04:02,65.00,63.00,93.24,5.75,700.00,M
OMA,2025-09-19 04:24,65.00,63.00,93.24,3.45,900.00,M
OMA,2025-09-19 04:52,64.00,63.00,96.56,0.00,900.00,M
OMA,2025-09-19 05:52,62.00,60.00,93.16,4.60,5500.00,M
OMA,2025-09-19 06:52,61.00,58.00,89.85,5.75,17000.00,M
OMA,2025-09-19 07:52,60.00,56.00,86.62,4.60,17000.00,M
OMA,2025-09-19 08:52,63.00,56.00,77.91,4.60,2500.00,M
OMA,2025-09-19 09:52,65.00,56.00,72.64,8.05,1500.00,M
OMA,2025-09-19 10:31,65.00,56.00,72.64,8.05,2100.00,M
OMA,2025-09-19 10:52,65.00,57.00,75.32,9.20,2400.00,M
OMA,2025-09-19 11:52,67.00,56.00,67.78,6.90,2900.00,M
OMA,2025-09-19 12:40,M,M,M,10.35,3000.00,M
OMA,2025-09-19 12:40,68.00,56.00,65.48,10.35,3000.00,M
OMA,2025-09-19 13:13,69.00,57.00,65.60,10.35,2800.00,M
OMA,2025-09-19 13:52,70.00,57.00,63.40,8.05,2800.00,M
OMA,2025-09-19 14:52,72.00,58.00,61.41,13.80,3400.00,M
OMA,2025-09-19 15:52,71.00,56.00,59.11,6.90,3700.00,M
OMA,2025-09-19 16:52,70.00,58.00,65.72,8.05,3700.00,M
OMA,2025-09-19 17:52,70.00,56.00,61.15,5.75,5500.00,M
OMA,2025-09-19 20:52,65.00,57.00,75.32,3.45,12000.00,M
OMA,2025-09-19 21:52,64.00,58.00,80.85,0.00,10000.00,M
OMA,2025-09-19 22:52,63.00,59.00,86.79,3.45,9000.00,M
OMA,2025-09-19 23:52,62.00,59.00,89.89,5.75,8000.00,M
OMA,2025-09-20 00:52,65.00,59.00,80.92,4.60,7000.00,M
OMA,2025-09-20 01:52,63.00,59.00,86.79,9.20,8000.00,M
OMA,2025-09-20 02:52,63.00,59.00,86.79,8.05,6000.00,M
OMA,2025-09-20 03:52,63.00,60.00,89.94,0.00,5500.00,M
OMA,2025-09-20 04:52,63.00,60.00,89.94,8.05,4600.00,M
OMA,2025-09-20 05:38,63.00,60.00,89.94,4.60,800.00,M
OMA,2025-09-20 05:52,63.00,60.00,89.94,6.90,800.00,M
OMA,2025-09-20 06:52,63.00,60.00,89.94,8.05,800.00,M
OMA,2025-09-20 07:52,63.00,60.00,89.94,4.60,600.00,M
OMA,2025-09-20 08:10,63.00,60.00,89.94,4.60,600.00,M
OMA,2025-09-20 08:52,64.00,61.00,89.98,4.60,600.00,M
OMA,2025-09-20 09:52,65.00,61.00,86.89,0.00,800.00,M
OMA,2025-09-20 10:52,69.00,62.00,78.41,5.75,1000.00,M
OMA,2025-09-20 13:52,76.00,61.00,59.78,5.75,3300.00,M
OMA,2025-09-20 14:52,76.00,59.00,55.67,3.45,4000.00,M
OMA,2025-09-20 15:52,78.00,59.00,52.11,5.75,4000.00,M
OMA,2025-09-20 16:52,78.00,59.00,52.11,0.00,6500.00,M
OMA,2025-09-20 17:52,77.00,58.00,51.96,5.75,6500.00,M
OMA,2025-09-20 18:52,76.00,60.00,57.69,3.45,6500.00,M
OMA,2025-09-20 19:52,72.00,61.00,68.35,3.45,6000.00,M
OMA,2025-09-20 20:52,69.00,62.00,78.41,4.60,6000.00,M
OMA,2025-09-20 22:52,66.00,61.00,83.93,5.75,M,M
OMA,2025-09-20 23:52,65.00,60.00,83.86,3.45,25000.00,M
OMA,2025-09-21 00:52,64.00,60.00,86.84,0.00,25000.00,M
OMA,2025-09-21 02:52,62.00,60.00,93.16,4.60,25000.00,M
OMA,2025-09-21 03:52,62.00,60.00,93.16,3.45,12000.00,M
OMA,2025-09-21 04:52,61.00,59.00,93.13,0.00,12000.00,M
OMA,2025-09-21 05:52,61.00,60.00,96.51,3.45,12000.00,M
OMA,2025-09-21 06:52,60.00,59.00,96.50,5.75,12000.00,M
OMA,2025-09-21 07:32,60.00,59.00,96.50,5.75,200.00,M
OMA,2025-09-21 07:38,60.00,60.00,100.00,3.45,200.00,M
OMA,2025-09-21 07:52,61.00,60.00,96.51,4.60,200.00,M
OMA,2025-09-21 08:52,63.00,61.00,93.19,0.00,200.00,M
OMA,2025-09-21 09:52,64.00,62.00,93.22,6.90,400.00,M
OMA,2025-09-21 10:52,66.00,63.00,90.06,6.90,400.00,M
OMA,2025-09-21 11:06,67.00,63.00,87.00,8.05,500.00,M
OMA,2025-09-21 11:52,70.00,64.00,81.29,6.90,500.00,M
OMA,2025-09-21 13:52,78.00,63.00,60.04,8.05,4000.00,M
OMA,2025-09-21 14:52,79.00,63.00,58.10,14.95,5500.00,M
OMA,2025-09-21 15:52,79.00,62.00,56.09,12.65,4000.00,M
OMA,2025-09-21 16:52,79.00,62.00,56.09,13.80,4000.00,M
OMA,2025-09-21 17:52,78.00,63.00,60.04,11.50,4000.00,M
OMA,2025-09-21 18:52,77.00,64.00,64.27,13.80,4000.00,M
OMA,2025-09-21 19:52,74.00,65.00,73.54,12.65,4000.00,M
OMA,2025-09-21 20:52,71.00,65.00,81.37,11.50,M,M
OMA,2025-09-21 21:52,71.00,65.00,81.37,11.50,M,M
OMA,2025-09-21 22:52,70.00,65.00,84.18,12.65,M,M
OMA,2025-09-21 23:52,69.00,65.00,87.10,8.05,M,M
OMA,2025-09-22 00:52,66.00,65.00,96.59,8.05,M,M
OMA,2025-09-22 01:52,68.00,65.00,90.14,6.90,M,M
OMA,2025-09-22 02:52,65.00,64.00,96.57,6.90,M,M
OMA,2025-09-22 03:52,65.00,63.00,93.24,8.05,M,M
OMA,2025-09-22 04:52,64.00,63.00,96.56,6.90,M,M
OMA,2025-09-22 05:52,64.00,63.00,96.56,8.05,M,M
OMA,2025-09-22 06:52,64.00,63.00,96.56,8.05,25000.00,M
OMA,2025-09-22 07:24,64.00,63.00,96.56,10.35,400.00,M
OMA,2025-09-22 07:52,64.00,63.00,96.56,9.20,400.00,M
OMA,2025-09-22 08:06,64.00,63.00,96.56,8.05,400.00,M
OMA,2025-09-22 08:12,64.00,63.00,96.56,9.20,400.00,M
OMA,2025-09-22 08:52,65.00,63.00,93.24,5.75,300.00,M
OMA,2025-09-22 09:52,70.00,64.00,81.29,11.50,12000.00,M
OMA,2025-09-22 10:52,74.00,65.00,73.54,8.05,12000.00,M
OMA,2025-09-22 11:52,78.00,67.00,69.01,12.65,12000.00,M
OMA,2025-09-22 12:52,81.00,67.00,62.56,12.65,11000.00,M
OMA,2025-09-22 13:52,80.00,68.00,66.90,11.50,11000.00,M
OMA,2025-09-22 14:52,83.00,67.00,58.64,16.10,12000.00,M
OMA,2025-09-22 15:52,86.00,67.00,53.27,19.55,12000.00,M
OMA,2025-09-22 16:52,87.00,66.00,49.85,13.80,8000.00,M
OMA,2025-09-22 17:52,87.00,65.00,48.15,8.05,8000.00,M
OMA,2025-09-22 18:52,84.00,66.00,54.85,8.05,8000.00,M
OMA,2025-09-22 19:52,80.00,67.00,64.63,9.20,8000.00,M
OMA,2025-09-22 20:52,79.00,67.00,66.78,11.50,8000.00,M
OMA,2025-09-22 21:49,78.80,66.20,65.39,12.65,6000.00,M
OMA,2025-09-22 21:52,79.00,67.00,66.78,11.50,6000.00,M
OMA,2025-09-22 22:52,78.00,67.00,69.01,10.35,6000.00,M
OMA,2025-09-22 23:05,77.00,68.00,73.83,4.60,6000.00,M
OMA,2025-09-22 23:52,78.00,68.00,71.43,4.60,3500.00,M
OMA,2025-09-23 00:52,70.00,66.00,87.16,3.45,4400.00,M
OMA,2025-09-23 01:52,68.00,65.00,90.14,9.20,5000.00,M
OMA,2025-09-23 02:52,67.00,65.00,93.30,3.45,5500.00,M
OMA,2025-09-23 03:32,66.00,64.00,93.27,3.45,5500.00,M
OMA,2025-09-23 03:52,67.00,64.00,90.10,6.90,6500.00,M
OMA,2025-09-23 05:52,64.00,62.00,93.22,6.90,14000.00,M
OMA,2025-09-23 06:52,65.00,63.00,93.24,0.00,14000.00,M
OMA,2025-09-23 07:52,64.00,62.00,93.22,0.00,17000.00,M
OMA,2025-09-23 09:52,66.00,63.00,90.06,8.05,1000.00,M
OMA,2025-09-23 10:15,66.00,63.00,90.06,11.50,800.00,M
OMA,2025-09-23 10:27,66.00,63.00,90.06,8.05,800.00,M
OMA,2025-09-23 10:52,66.00,64.00,93.27,9.20,700.00,M
OMA,2025-09-23 11:52,69.00,65.00,87.10,9.20,1200.00,M
OMA,2025-09-23 12:41,68.00,64.00,87.05,11.50,1500.00,M
OMA,2025-09-23 12:52,68.00,64.00,87.05,11.50,1400.00,M
OMA,2025-09-23 13:47,69.80,62.60,77.93,6.90,1500.00,M
OMA,2025-09-23 13:52,70.00,63.00,78.49,10.35,1500.00,M
OMA,2025-09-23 14:52,72.00,63.00,73.34,5.75,2300.00,M
OMA,2025-09-23 15:52,72.00,64.00,75.96,9.20,2800.00,M
OMA,2025-09-23 16:40,74.00,63.00,68.57,9.20,2800.00,M
OMA,2025-09-23 16:52,73.00,63.00,70.91,10.35,2900.00,M
OMA,2025-09-23 17:52,73.00,63.00,70.91,8.05,3500.00,M
OMA,2025-09-23 18:52,71.00,63.00,75.87,5.75,3500.00,M
OMA,2025-09-23 19:52,68.00,64.00,87.05,3.45,10000.00,M
OMA,2025-09-23 20:52,67.00,63.00,87.00,5.75,10000.00,M
OMA,2025-09-23 21:52,65.00,62.00,90.02,6.90,8500.00,M
OMA,2025-09-24 00:52,63.00,62.00,96.54,6.90,25000.00,M
OMA,2025-09-24 01:52,62.00,61.00,96.53,8.05,25000.00,M
OMA,2025-09-24 03:52,60.00,59.00,96.50,8.05,25000.00,M
OMA,2025-09-24 04:52,59.00,58.00,96.48,6.90,25000.00,M
OMA,2025-09-24 05:52,58.00,57.00,96.47,6.90,25000.00,M
OMA,2025-09-24 06:52,57.00,56.00,96.45,6.90,25000.00,M
OMA,2025-09-24 07:52,57.00,56.00,96.45,6.90,8000.00,M
OMA,2025-09-24 08:52,59.00,57.00,93.07,5.75,8000.00,M
OMA,2025-09-24 09:52,65.00,60.00,83.86,8.05,8000.00,M
OMA,2025-09-24 10:52,70.00,61.00,73.15,5.75,2000.00,M
OMA,2025-09-24 11:52,74.00,58.00,57.42,5.75,3000.00,M
OMA,2025-09-24 12:52,77.00,56.00,48.35,8.05,4000.00,M
OMA,2025-09-24 13:52,79.00,52.00,39.11,11.50,5500.00,M
OMA,2025-09-24 14:52,80.00,53.00,39.27,8.05,5500.00,M
OMA,2025-09-24 15:52,78.00,53.00,41.93,9.20,7000.00,M
OMA,2025-09-24 16:52,79.00,51.00,37.69,10.35,6500.00,M
OMA,2025-09-24 17:52,79.00,53.00,40.57,6.90,7000.00,M
OMA,2025-09-24 18:52,75.00,54.00,48.04,5.75,9000.00,M
OMA,2025-09-24 19:52,69.00,55.00,61.02,0.00,25000.00,M
OMA,2025-09-24 20:52,64.00,59.00,83.80,0.00,M,M
OMA,2025-09-24 21:52,62.00,58.00,86.73,3.45,M,M
OMA,2025-09-24 22:52,61.00,58.00,89.85,3.45,M,M
OMA,2025-09-24 23:52,58.00,57.00,96.47,3.45,M,M
OMA,2025-09-25 00:52,58.00,56.00,93.04,0.00,M,M
OMA,2025-09-25 01:52,56.00,54.00,92.98,4.60,M,M
OMA,2025-09-25 02:52,56.00,55.00,96.44,4.60,M,M
OMA,2025-09-25 04:52,55.00,55.00,100.00,4.60,M,M
OMA,2025-09-25 05:52,53.00,53.00,100.00,4.60,M,M
OMA,2025-09-25 06:24,53.00,53.00,100.00,3.45,200.00,M
OMA,2025-09-25 06:52,54.00,53.00,96.40,0.00,200.00,M
OMA,2025-09-25 07:52,54.00,53.00,96.40,0.00,200.00,M
OMA,2025-09-25 08:52,59.00,57.00,93.07,0.00,200.00,M
OMA,2025-09-25 09:52,65.00,58.00,78.08,0.00,M,M
OMA,2025-09-25 10:52,70.00,58.00,65.72,0.00,M,M
OMA,2025-09-25 11:52,77.00,59.00,53.86,3.45,M,M
OMA,2025-09-25 12:52,80.00,57.00,45.42,6.90,4500.00,M
OMA,2025-09-25 13:52,81.00,55.00,40.89,3.45,6500.00,M
OMA,2025-09-25 14:52,82.00,56.00,41.05,6.90,6000.00,M
OMA,2025-09-25 15:52,83.00,56.00,39.74,6.90,M,M
OMA,2025-09-25 16:52,83.00,56.00,39.74,5.75,M,M
OMA,2025-09-25 17:52,83.00,55.00,38.33,4.60,M,M
OMA,2025-09-25 18:52,81.00,55.00,40.89,0.00,M,M
OMA,2025-09-25 19:52,73.00,60.00,63.78,3.45,M,M
OMA,2025-09-25 20:52,70.00,59.00,68.12,0.00,M,M
OMA,2025-09-25 21:52,66.00,58.00,75.41,3.45,M,M
OMA,2025-09-25 22:52,65.00,58.00,78.08,0.00,M,M
OMA,2025-09-25 23:52,65.00,57.00,75.32,0.00,M,M
OMA,2025-09-26 00:52,64.00,59.00,83.80,0.00,M,M
OMA,2025-09-26 01:52,62.00,59.00,89.89,4.60,M,M
OMA,2025-09-26 02:52,61.00,58.00,89.85,4.60,M,M
OMA,2025-09-26 03:52,61.00,57.00,86.68,4.60,M,M
OMA,2025-09-26 04:52,59.00,56.00,89.77,5.75,M,M
OMA,2025-09-26 05:52,60.00,56.00,86.62,4.60,M,M
OMA,2025-09-26 06:52,60.00,55.00,83.54,5.75,M,M
OMA,2025-09-26 07:52,59.00,56.00,89.77,4.60,M,M
OMA,2025-09-26 08:52,63.00,58.00,83.73,5.75,M,M
OMA,2025-09-26 09:52,68.00,58.00,70.38,4.60,M,M
OMA,2025-09-26 10:52,74.00,58.00,57.42,3.45,M,M
OMA,2025-09-26 11:52,78.00,57.00,48.50,0.00,M,M
OMA,2025-09-26 12:52,82.00,56.00,41.05,6.90,M,M
OMA,2025-09-26 13:52,84.00,55.00,37.11,8.05,M,M
OMA,2025-09-26 14:52,86.00,51.00,30.06,9.20,M,M
OMA,2025-09-26 15:52,86.00,50.00,28.97,11.50,M,M
OMA,2025-09-26 16:52,86.00,49.00,27.91,16.10,M,M
OMA,2025-09-26 17:52,85.00,50.00,29.91,11.50,M,M
OMA,2025-09-26 19:52,73.00,56.00,55.24,5.75,M,M
OMA,2025-09-26 20:52,70.00,56.00,61.15,6.90,M,M
OMA,2025-09-26 21:52,72.00,55.00,55.10,8.05,M,M
OMA,2025-09-26 22:52,65.00,55.00,70.05,9.20,M,M
OMA,2025-09-26 23:52,67.00,55.00,65.36,8.05,25000.00,M
OMA,2025-09-27 00:52,63.00,55.00,75.13,9.20,25000.00,M
OMA,2025-09-27 01:52,64.00,55.00,72.54,9.20,25000.00,M
OMA,2025-09-27 02:52,64.00,55.00,72.54,10.35,25000.00,M
OMA,2025-09-27 03:52,62.00,55.00,77.82,10.35,25000.00,M
OMA,2025-09-27 04:52,61.00,55.00,80.62,8.05,25000.00,M
OMA,2025-09-27 05:52,61.00,55.00,80.62,10.35,M,M
OMA,2025-09-27 06:52,61.00,56.00,83.60,8.05,25000.00,M
OMA,2025-09-27 07:52,61.00,56.00,83.60,6.90,25000.00,M
OMA,2025-09-27 08:52,65.00,57.00,75.32,4.60,25000.00,M
OMA,2025-09-27 09:52,68.00,57.00,67.89,9.20,25000.00,M
OMA,2025-09-27 10:52,70.00,57.00,63.40,10.35,25000.00,M
OMA,2025-09-27 11:52,75.00,57.00,53.57,12.65,M,M
OMA,2025-09-27 12:52,79.00,58.00,48.65,16.10,M,M
OMA,2025-09-27 13:52,81.00,56.00,42.40,12.65,M,M
OMA,2025-09-27 14:52,82.00,53.00,36.80,13.80,M,M
OMA,2025-09-27 15:52,82.00,49.00,31.73,13.80,M,M
OMA,2025-09-27 16:52,82.00,45.00,27.29,12.65,M,M
OMA,2025-09-27 17:52,81.00,45.00,28.19,11.50,M,M
OMA,2025-09-27 18:52,74.00,43.00,32.90,5.75,M,M
OMA,2025-09-27 19:52,63.00,46.00,53.79,6.90,M,M
OMA,2025-09-27 20:52,62.00,47.00,57.87,5.75,M,M
OMA,2025-09-27 22:52,54.00,49.00,83.13,5.75,M,M
OMA,2025-09-27 23:52,53.00,49.00,86.23,6.90,M,M
OMA,2025-09-28 00:52,52.00,48.00,86.18,8.05,M,M
OMA,2025-09-28 01:52,51.00,48.00,89.42,8.05,M,M
OMA,2025-09-28 02:52,51.00,47.00,86.12,5.75,M,M
OMA,2025-09-28 03:52,52.00,47.00,82.99,3.45,M,M
OMA,2025-09-28 04:52,51.00,46.00,82.93,6.90,M,M
OMA,2025-09-28 05:52,49.00,46.00,89.33,4.60,M,M
OMA,2025-09-28 06:52,49.00,47.00,92.77,5.75,M,M
OMA,2025-09-28 07:52,50.00,47.00,89.37,3.45,M,M
OMA,2025-09-28 08:52,56.00,49.00,77.30,4.60,M,M
OMA,2025-09-28 09:52,63.00,50.00,62.51,3.45,M,M
OMA,2025-09-28 10:52,70.00,52.00,52.83,0.00,M,M
OMA,2025-09-28 11:52,76.00,53.00,44.80,5.75,M,M
OMA,2025-09-28 12:52,80.00,51.00,36.48,0.00,M,M
OMA,2025-09-28 13:52,83.00,49.00,30.72,0.00,M,M
OMA,2025-09-28 14:52,85.00,49.00,28.81,3.45,M,M
OMA,2025-09-28 15:52,87.00,49.00,27.03,6.90,M,M
OMA,2025-09-28 16:52,88.00,49.00,26.19,6.90,M,M
OMA,2025-09-28 17:52,86.00,52.00,31.19,5.75,M,M
OMA,2025-09-28 18:52,81.00,54.00,39.43,5.75,M,M
OMA,2025-09-28 19:52,75.00,56.00,51.67,3.45,M,M
OMA,2025-09-28 20:52,70.00,56.00,61.15,0.00,M,M
OMA,2025-09-28 21:52,65.00,60.00,83.86,0.00,M,M
OMA,2025-09-28 22:52,61.00,58.00,89.85,3.45,M,M
OMA,2025-09-28 23:52,61.00,58.00,89.85,0.00,M,M
OMA,2025-09-29 00:52,62.00,59.00,89.89,0.00,M,M
OMA,2025-09-29 01:52,61.00,58.00,89.85,0.00,M,M
OMA,2025-09-29 02:52,60.00,59.00,96.50,0.00,M,M
OMA,2025-09-29 03:52,60.00,57.00,89.81,0.00,M,M
OMA,2025-09-29 04:52,59.00,58.00,96.48,0.00,M,M
OMA,2025-09-29 05:52,61.00,58.00,89.85,4.60,M,M
OMA,2025-09-29 06:52,61.00,56.00,83.60,3.45,25000.00,M
OMA,2025-09-29 07:52,61.00,57.00,86.68,5.75,25000.00,M
OMA,2025-09-29 08:52,66.00,59.00,78.16,8.05,25000.00,M
OMA,2025-09-29 09:52,71.00,60.00,68.23,8.05,18000.00,M
OMA,2025-09-29 10:52,76.00,62.00,61.93,8.05,25000.00,M
OMA,2025-09-29 11:52,80.00,61.00,52.40,6.90,25000.00,M
OMA,2025-09-29 12:52,83.00,62.00,49.25,6.90,25000.00,M
OMA,2025-09-29 13:52,85.00,61.00,44.58,3.45,5000.00,M
OMA,2025-09-29 14:52,87.00,60.00,40.38,8.05,5500.00,M
OMA,2025-09-29 15:52,88.00,58.00,36.42,8.05,6000.00,M
OMA,2025-09-29 16:52,86.00,58.00,38.80,8.05,6500.00,M
OMA,2025-09-29 17:52,85.00,58.00,40.06,8.05,6500.00,M
OMA,2025-09-29 18:52,82.00,59.00,45.73,8.05,6500.00,M
OMA,2025-09-29 19:52,75.00,60.00,59.64,6.90,14000.00,M
OMA,2025-09-29 20:52,74.00,61.00,63.90,4.60,25000.00,M
OMA,2025-09-29 21:52,72.00,61.00,68.35,5.75,25000.00,M
OMA,2025-09-29 22:52,69.00,60.00,73.05,6.90,7000.00,M
OMA,2025-09-29 23:52,72.00,60.00,65.96,5.75,25000.00,M
OMA,2025-09-30 00:52,69.00,59.00,70.49,3.45,25000.00,M
OMA,2025-09-30 01:52,66.00,58.00,75.41,3.45,25000.00,M
OMA,2025-09-30 02:52,65.00,59.00,80.92,4.60,25000.00,M
OMA,2025-09-30 03:52,63.00,58.00,83.73,4.60,25000.00,M
OMA,2025-09-30 04:52,63.00,58.00,83.73,3.45,24000.00,M
OMA,2025-09-30 05:52,63.00,58.00,83.73,3.45,24000.00,M
OMA,2025-09-30 06:52,63.00,58.00,83.73,3.45,24000.00,M
OMA,2025-09-30 07:52,63.00,57.00,80.77,3.45,25000.00,M
OMA,2025-09-30 08:52,65.00,59.00,80.92,0.00,25000.00,M
OMA,2025-09-30 09:52,69.00,60.00,73.05,4.60,25000.00,M
OMA,2025-09-30 10:52,75.00,59.00,57.55,8.05,20000.00,M
OMA,2025-09-30 11:52,78.00,60.00,54.00,8.05,20000.00,M
OMA,2025-09-30 12:52,81.00,58.00,45.57,10.35,5000.00,M
OMA,2025-09-30 13:52,81.00,56.00,42.40,11.50,5000.00,M
OMA,2025-09-30 14:52,83.00,54.00,36.96,12.65,6500.00,M
OMA,2025-09-30 15:52,82.00,53.00,36.80,11.50,7000.00,M
OMA,2025-09-30 16:52,81.00,54.00,39.43,9.20,7000.00,M
OMA,2025-09-30 17:52,79.00,56.00,45.26,5.75,15000.00,M
OMA,2025-09-30 18:52,76.00,58.00,53.71,5.75,15000.00,M
OMA,2025-09-30 19:52,73.00,57.00,57.28,5.75,14000.00,M
OMA,2025-09-30 20:52,71.00,57.00,61.28,6.90,14000.00,M
OMA,2025-09-30 21:52,73.00,56.00,55.24,6.90,14000.00,M
OMA,2025-09-30 22:52,69.00,57.00,65.60,4.60,20000.00,M
OMA,2025-10-01 00:52,71.00,56.00,59.11,3.45,18000.00,M
OMA,2025-10-01 01:52,67.00,58.00,72.85,3.45,15000.00,M
OMA,2025-10-01 02:52,65.00,57.00,75.32,5.75,22000.00,M
OMA,2025-10-01 03:52,66.00,56.00,70.16,4.60,22000.00,M
OMA,2025-10-01 04:52,66.00,56.00,70.16,0.00,20000.00,M
OMA,2025-10-01 05:52,63.00,57.00,80.77,0.00,20000.00,M
OMA,2025-10-01 06:52,62.00,56.00,80.70,3.45,20000.00,M
OMA,2025-10-01 07:52,61.00,56.00,83.60,3.45,21000.00,M
OMA,2025-10-01 08:52,67.00,57.00,70.27,3.45,21000.00,M
OMA,2025-10-01 09:52,70.00,57.00,63.40,6.90,13000.00,M
OMA,2025-10-01 10:52,76.00,57.00,51.81,10.35,6500.00,M
OMA,2025-10-01 11:52,80.00,56.00,43.81,13.80,20000.00,M
OMA,2025-10-01 12:52,82.00,56.00,41.05,17.25,7000.00,M
OMA,2025-10-01 13:52,84.00,53.00,34.50,18.40,7000.00,M
OMA,2025-10-01 14:52,85.00,55.00,35.94,13.80,7000.00,35.65
OMA,2025-10-01 15:52,85.00,52.00,32.20,24.15,20000.00,34.50
OMA,2025-10-01 16:52,85.00,52.00,32.20,13.80,7000.00,M
OMA,2025-10-01 17:52,83.00,53.00,35.63,12.65,7000.00,M
OMA,2025-10-01 18:52,79.00,56.00,45.26,5.75,7000.00,M
OMA,2025-10-01 19:52,74.00,58.00,57.42,3.45,18000.00,M
OMA,2025-10-01 20:52,71.00,57.00,61.28,6.90,18000.00,M
OMA,2025-10-01 21:52,71.00,55.00,57.00,6.90,M,M
OMA,2025-10-01 22:52,72.00,55.00,55.10,6.90,M,M
OMA,2025-10-01 23:52,68.00,56.00,65.48,6.90,10000.00,M
OMA,2025-10-02 00:52,67.00,56.00,67.78,8.05,16000.00,M
OMA,2025-10-02 01:52,65.00,56.00,72.64,6.90,M,M
OMA,2025-10-02 02:52,64.00,56.00,75.22,8.05,M,M
OMA,2025-10-02 03:52,64.00,56.00,75.22,8.05,M,M
OMA,2025-10-02 04:52,63.00,56.00,77.91,6.90,12000.00,M
OMA,2025-10-02 05:52,65.00,57.00,75.32,6.90,8000.00,M
OMA,2025-10-02 06:52,64.00,57.00,77.99,6.90,8500.00,M
OMA,2025-10-02 07:52,66.00,57.00,72.74,6.90,8500.00,M
OMA,2025-10-02 08:52,69.00,58.00,68.01,9.20,9000.00,M
OMA,2025-10-02 09:52,74.00,59.00,59.51,9.20,8000.00,M
OMA,2025-10-02 10:52,78.00,60.00,54.00,9.20,8500.00,M
OMA,2025-10-02 11:52,82.00,58.00,44.12,13.80,8500.00,M
OMA,2025-10-02 12:52,85.00,59.00,41.52,13.80,9000.00,M
OMA,2025-10-02 13:52,86.00,60.00,41.68,10.35,9000.00,M
OMA,2025-10-02 14:52,88.00,60.00,39.12,12.65,5500.00,M
OMA,2025-10-02 15:52,90.00,60.00,36.73,13.80,5500.00,M
OMA,2025-10-02 16:52,88.00,59.00,37.75,12.65,7500.00,M
OMA,2025-10-02 17:52,87.00,60.00,40.38,11.50,7500.00,M
OMA,2025-10-02 18:52,82.00,60.00,47.39,10.35,7500.00,M
OMA,2025-10-02 19:52,77.00,61.00,57.83,8.05,M,M
OMA,2025-10-02 20:52,76.00,60.00,57.69,8.05,M,M
OMA,2025-10-02 21:52,76.00,59.00,55.67,9.20,M,M
OMA,2025-10-02 22:52,72.00,60.00,65.96,8.05,M,M
OMA,2025-10-02 23:52,71.00,60.00,68.23,6.90,M,M
OMA,2025-10-03 00:52,68.00,61.00,78.33,9.20,M,M
OMA,2025-10-03 01:52,67.00,60.00,78.24,6.90,M,M
OMA,2025-10-03 02:52,66.00,60.00,81.00,6.90,M,M
OMA,2025-10-03 03:52,65.00,60.00,83.86,8.05,M,M
OMA,2025-10-03 04:52,65.00,60.00,83.86,6.90,M,M
OMA,2025-10-03 05:52,65.00,60.00,83.86,6.90,M,M
OMA,2025-10-03 06:52,65.00,60.00,83.86,6.90,M,M
OMA,2025-10-03 07:52,66.00,60.00,81.00,6.90,M,M
OMA,2025-10-03 08:52,69.00,61.00,75.69,8.05,6500.00,M
OMA,2025-10-03 09:52,73.00,62.00,68.46,11.50,7500.00,M
OMA,2025-10-03 10:52,77.00,62.00,59.91,10.35,7500.00,M
OMA,2025-10-03 11:52,81.00,63.00,54.43,8.05,7500.00,M
OMA,2025-10-03 12:52,85.00,62.00,46.19,11.50,7500.00,M
OMA,2025-10-03 13:52,87.00,61.00,41.83,12.65,8000.00,M
OMA,2025-10-03 14:52,89.00,61.00,39.28,12.65,8000.00,M
OMA,2025-10-03 15:52,90.00,59.00,35.45,19.55,8000.00,M
OMA,2025-10-03 16:52,89.00,58.00,35.29,19.55,8000.00,M
OMA,2025-10-03 17:52,88.00,58.00,36.42,17.25,8000.00,M
OMA,2025-10-03 18:52,82.00,59.00,45.73,13.80,M,M
OMA,2025-10-03 19:52,79.00,59.00,50.42,12.65,M,M
OMA,2025-10-03 20:52,78.00,60.00,54.00,10.35,M,M
OMA,2025-10-03 21:52,78.00,60.00,54.00,13.80,M,M
OMA,2025-10-03 22:52,75.00,61.00,61.80,12.65,M,M
OMA,2025-10-03 23:52,75.00,61.00,61.80,11.50,M,M
OMA,2025-10-04 00:52,75.00,61.00,61.80,12.65,M,M
OMA,2025-10-04 01:52,73.00,62.00,68.46,13.80,M,M
OMA,2025-10-04 02:52,72.00,62.00,70.81,14.95,M,M
OMA,2025-10-04 03:52,71.00,62.00,73.24,14.95,M,M
OMA,2025-10-04 04:52,70.00,62.00,75.78,16.10,M,M
OMA,2025-10-04 05:52,70.00,61.00,73.15,14.95,15000.00,M
OMA,2025-10-04 06:52,70.00,60.00,70.59,16.10,6000.00,M
OMA,2025-10-04 07:52,70.00,60.00,70.59,17.25,6000.00,M
OMA,2025-10-04 08:52,71.00,61.00,70.70,19.55,12000.00,M
OMA,2025-10-04 09:52,72.00,61.00,68.35,18.40,12000.00,M
OMA,2025-10-04 10:52,78.00,61.00,55.95,17.25,12000.00,M
OMA,2025-10-04 11:52,84.00,60.00,44.43,25.30,12000.00,35.65
OMA,2025-10-04 12:52,86.00,60.00,41.68,24.15,12000.00,36.80
OMA,2025-10-04 13:52,87.00,61.00,41.83,23.00,12000.00,35.65
OMA,2025-10-04 14:52,89.00,60.00,37.91,20.70,12000.00,39.10
OMA,2025-10-04 15:52,89.00,59.00,36.58,25.30,18000.00,39.10
OMA,2025-10-04 16:52,89.00,59.00,36.58,26.45,18000.00,40.25
OMA,2025-10-04 17:52,86.00,60.00,41.68,25.30,18000.00,40.25
OMA,2025-10-04 18:52,83.00,59.00,44.27,20.70,18000.00,36.80
OMA,2025-10-04 19:52,80.00,59.00,48.80,19.55,M,34.50
OMA,2025-10-04 20:52,78.00,59.00,52.11,20.70,M,31.05
OMA,2025-10-04 21:52,76.00,58.00,53.71,21.85,M,31.05
OMA,2025-10-04 22:52,74.00,58.00,57.42,21.85,M,32.20
OMA,2025-10-04 23:52,73.00,56.00,55.24,18.40,M,34.50
OMA,2025-10-05 00:52,71.00,55.00,57.00,19.55,M,33.35
OMA,2025-10-05 01:52,69.00,55.00,61.02,18.40,M,M
OMA,2025-10-05 02:52,68.00,55.00,63.15,20.70,M,M
OMA,2025-10-05 03:52,67.00,56.00,67.78,14.95,M,M
OMA,2025-10-05 04:52,66.00,56.00,70.16,16.10,11000.00,M
OMA,2025-10-05 05:52,66.00,56.00,70.16,17.25,11000.00,M
OMA,2025-10-05 06:52,66.00,56.00,70.16,19.55,6000.00,M
OMA,2025-10-05 07:52,66.00,57.00,72.74,17.25,6000.00,M
OMA,2025-10-05 08:52,66.00,57.00,72.74,16.10,6000.00,M
OMA,2025-10-05 09:52,67.00,58.00,72.85,12.65,4600.00,M
OMA,2025-10-05 10:52,73.00,58.00,59.38,14.95,6000.00,M
OMA,2025-10-05 11:52,76.00,58.00,53.71,17.25,6000.00,M
OMA,2025-10-05 12:52,80.00,59.00,48.80,13.80,6000.00,M
OMA,2025-10-05 13:52,83.00,58.00,42.72,17.25,5000.00,M
OMA,2025-10-05 14:52,81.00,59.00,47.24,16.10,5500.00,M
OMA,2025-10-05 15:52,82.00,59.00,45.73,9.20,5000.00,M
OMA,2025-10-05 16:52,80.00,60.00,50.57,6.90,6000.00,M
OMA,2025-10-05 17:43,79.00,60.00,52.25,0.00,6500.00,M
OMA,2025-10-05 17:52,78.00,62.00,57.97,3.45,6500.00,M
OMA,2025-10-05 18:00,74.00,65.00,73.54,16.10,5500.00,M
OMA,2025-10-05 18:12,71.00,65.00,81.37,5.75,4700.00,M
OMA,2025-10-05 18:21,71.00,65.00,81.37,0.00,5000.00,M
OMA,2025-10-05 18:40,71.00,65.00,81.37,9.20,5000.00,M
OMA,2025-10-05 18:52,70.00,65.00,84.18,10.35,4300.00,M
OMA,2025-10-05 19:49,64.40,59.00,82.63,9.20,4000.00,M
OMA,2025-10-05 19:52,64.00,60.00,86.84,10.35,3800.00,M
OMA,2025-10-05 20:52,64.00,60.00,86.84,8.05,5000.00,M
OMA,2025-10-05 21:52,64.00,60.00,86.84,6.90,4800.00,M
OMA,2025-10-05 22:52,63.00,56.00,77.91,11.50,4800.00,M
OMA,2025-10-05 23:52,62.00,55.00,77.82,6.90,3000.00,M
OMA,2025-10-06 00:52,61.00,54.00,77.73,11.50,3900.00,M
OMA,2025-10-06 01:52,60.00,52.00,74.84,13.80,4100.00,M
OMA,2025-10-06 01:58,59.00,52.00,77.56,14.95,3400.00,M
OMA,2025-10-06 02:52,56.00,52.00,86.40,8.05,3700.00,M
OMA,2025-10-06 03:13,55.00,53.00,92.95,10.35,4100.00,M
OMA,2025-10-06 03:52,55.00,52.00,89.60,12.65,1300.00,M
OMA,2025-10-06 04:52,55.00,51.00,86.35,8.05,3800.00,M
OMA,2025-10-06 05:52,55.00,51.00,86.35,9.20,3700.00,M
OMA,2025-10-06 06:52,55.00,51.00,86.35,5.75,3800.00,M
OMA,2025-10-06 07:52,54.00,51.00,89.55,10.35,3600.00,M
OMA,2025-10-06 08:52,53.00,50.00,89.51,9.20,3800.00,M
OMA,2025-10-06 09:52,53.00,50.00,89.51,11.50,4000.00,M
OMA,2025-10-06 10:52,54.00,50.00,86.29,8.05,1300.00,M
OMA,2025-10-06 11:52,54.00,50.00,86.29,13.80,4200.00,M
OMA,2025-10-06 12:52,53.00,50.00,89.51,11.50,1600.00,M
OMA,2025-10-06 13:52,53.00,50.00,89.51,12.65,1200.00,M
OMA,2025-10-06 14:11,54.00,51.00,89.55,9.20,900.00,M
OMA,2025-10-06 14:24,54.00,51.00,89.55,10.35,1100.00,M
OMA,2025-10-06 14:52,54.00,50.00,86.29,10.35,1100.00,M
OMA,2025-10-06 15:52,55.00,51.00,86.35,9.20,1400.00,M
OMA,2025-10-06 16:13,55.00,51.00,86.35,9.20,1500.00,M
OMA,2025-10-06 16:20,54.00,51.00,89.55,10.35,1300.00,M
OMA,2025-10-06 16:52,54.00,51.00,89.55,11.50,1300.00,M
OMA,2025-10-06 17:27,54.00,51.00,89.55,8.05,1700.00,M
OMA,2025-10-06 17:50,53.60,51.80,93.60,9.20,1100.00,M
OMA,2025-10-06 17:52,54.00,51.00,89.55,8.05,1100.00,M
OMA,2025-10-06 18:52,54.00,51.00,89.55,8.05,1100.00,M
OMA,2025-10-06 19:52,55.00,52.00,89.60,6.90,3500.00,M
OMA,2025-10-06 20:52,55.00,52.00,89.60,5.75,3800.00,M
OMA,2025-10-06 21:52,55.00,52.00,89.60,6.90,3900.00,M
OMA,2025-10-06 22:52,55.00,52.00,89.60,5.75,4000.00,M
OMA,2025-10-06 23:52,55.00,52.00,89.60,6.90,5000.00,M
OMA,2025-10-07 00:52,56.00,52.00,86.40,6.90,6000.00,M
OMA,2025-10-07 01:52,55.00,51.00,86.35,8.05,6500.00,M
OMA,2025-10-07 02:52,53.00,50.00,89.51,8.05,8000.00,M
OMA,2025-10-07 03:52,51.00,49.00,92.83,4.60,8000.00,M
OMA,2025-10-07 04:52,49.00,47.00,92.77,8.05,M,M
OMA,2025-10-07 05:52,48.00,46.00,92.74,8.05,M,M
OMA,2025-10-07 06:52,46.00,44.00,92.68,6.90,17000.00,M
OMA,2025-10-07 07:52,46.00,44.00,92.68,8.05,17000.00,M
OMA,2025-10-07 08:52,49.00,45.00,86.00,8.05,17000.00,M
OMA,2025-10-07 09:52,53.00,46.00,77.03,4.60,17000.00,M
OMA,2025-10-07 10:52,59.00,46.00,61.99,0.00,17000.00,M
OMA,2025-10-07 11:52,61.00,43.00,51.49,6.90,M,M
OMA,2025-10-07 12:52,64.00,43.00,46.33,5.75,4000.00,M
OMA,2025-10-07 13:52,66.00,44.00,44.90,6.90,4500.00,M
OMA,2025-10-07 14:52,68.00,43.00,40.33,6.90,5000.00,M
OMA,2025-10-07 15:52,68.00,42.00,38.81,9.20,5500.00,M
OMA,2025-10-07 16:52,67.00,41.00,38.65,3.45,5500.00,M
OMA,2025-10-07 17:52,67.00,41.00,38.65,6.90,5500.00,M
OMA,2025-10-07 18:52,64.00,43.00,46.33,3.45,5500.00,M
OMA,2025-10-07 19:52,57.00,46.00,66.60,0.00,M,M
OMA,2025-10-07 20:52,54.00,48.00,80.08,0.00,M,M
OMA,2025-10-07 21:52,54.00,46.00,74.26,0.00,M,M
OMA,2025-10-07 22:52,52.00,45.00,76.94,0.00,M,M
OMA,2025-10-07 23:52,49.00,47.00,92.77,3.45,M,M
OMA,2025-10-08 00:52,48.00,47.00,96.31,0.00,M,M
OMA,2025-10-08 01:52,47.00,47.00,100.00,0.00,M,M
OMA,2025-10-08 02:52,46.00,46.00,100.00,0.00,M,M
OMA,2025-10-08 03:52,45.00,45.00,100.00,3.45,M,M
OMA,2025-10-08 04:52,43.00,42.00,96.23,3.45,0.00,M
OMA,2025-10-08 05:52,44.00,42.00,92.61,3.45,0.00,M
OMA,2025-10-08 06:52,44.00,43.00,96.24,0.00,200.00,M
OMA,2025-10-08 07:52,43.00,43.00,100.00,0.00,200.00,M
OMA,2025-10-08 08:52,47.00,46.00,96.29,0.00,200.00,M
OMA,2025-10-08 09:52,54.00,48.00,80.08,0.00,M,M
OMA,2025-10-08 10:52,61.00,48.00,62.25,4.60,M,M
OMA,2025-10-08 11:52,67.00,44.00,43.37,8.05,M,M
OMA,2025-10-08 12:52,69.00,42.00,37.50,10.35,6000.00,M
OMA,2025-10-08 13:52,70.00,40.00,33.54,12.65,6000.00,M
OMA,2025-10-08 14:52,71.00,41.00,33.70,9.20,6500.00,M
OMA,2025-10-08 15:52,71.00,41.00,33.70,9.20,M,M
OMA,2025-10-08 16:52,71.00,41.00,33.70,12.65,M,M
OMA,2025-10-08 17:52,70.00,40.00,33.54,13.80,M,M
OMA,2025-10-08 18:52,64.00,43.00,46.33,6.90,5500.00,M
OMA,2025-10-08 19:52,60.00,46.00,59.81,5.75,8000.00,M
OMA,2025-10-08 20:52,59.00,44.00,57.44,8.05,8000.00,M
OMA,2025-10-08 21:52,59.00,43.00,55.29,8.05,8000.00,M
OMA,2025-10-08 22:52,62.00,42.00,47.82,10.35,8500.00,M
OMA,2025-10-08 23:52,60.00,42.00,51.34,10.35,9500.00,M
OMA,2025-10-09 00:52,55.00,43.00,63.87,6.90,9500.00,M
OMA,2025-10-09 01:52,57.00,43.00,59.40,8.05,6500.00,M
OMA,2025-10-09 02:52,57.00,44.00,61.72,8.05,6500.00,M
OMA,2025-10-09 03:52,57.00,44.00,61.72,8.05,7000.00,M
OMA,2025-10-09 04:52,56.00,44.00,63.99,10.35,7000.00,M
OMA,2025-10-09 05:52,55.00,45.00,68.94,9.20,7500.00,M
OMA,2025-10-09 06:52,56.00,44.00,63.99,8.05,8000.00,M
OMA,2025-10-09 07:52,56.00,44.00,63.99,10.35,8000.00,M
OMA,2025-10-09 08:52,59.00,43.00,55.29,16.10,6500.00,M
OMA,2025-10-09 09:52,62.00,44.00,51.64,13.80,6500.00,M
OMA,2025-10-09 10:52,67.00,46.00,46.80,16.10,6500.00,M
OMA,2025-10-09 12:52,72.00,51.00,47.58,18.40,6000.00,M
OMA,2025-10-09 13:52,76.00,54.00,46.47,16.10,7000.00,M
OMA,2025-10-09 14:52,77.00,56.00,48.35,18.40,7000.00,M
OMA,2025-10-09 15:52,78.00,58.00,50.27,18.40,7000.00,31.05
OMA,2025-10-09 16:52,78.00,59.00,52.11,18.40,7000.00,31.05
OMA,2025-10-09 17:52,76.00,59.00,55.67,19.55,4500.00,29.90
OMA,2025-10-09 18:52,74.00,60.00,61.67,17.25,4700.00,29.90
OMA,2025-10-09 19:52,73.00,59.00,61.54,14.95,4000.00,M
OMA,2025-10-09 20:52,72.00,58.00,61.41,14.95,3600.00,M
OMA,2025-10-09 21:52,71.00,56.00,59.11,14.95,3500.00,M
OMA,2025-10-09 22:52,70.00,56.00,61.15,16.10,3700.00,M
OMA,2025-10-09 23:52,69.00,56.00,63.27,11.50,5500.00,M
OMA,2025-10-10 00:52,68.00,56.00,65.48,9.20,5000.00,M
OMA,2025-10-10 01:52,65.00,57.00,75.32,9.20,5500.00,M
OMA,2025-10-10 02:52,62.00,57.00,83.67,8.05,6000.00,M
OMA,2025-10-10 03:35,63.00,57.00,80.77,8.05,2700.00,M
OMA,2025-10-10 03:52,64.00,57.00,77.99,5.75,2500.00,M
OMA,2025-10-10 04:44,62.00,57.00,83.67,3.45,2200.00,M
OMA,2025-10-10 04:52,62.00,57.00,83.67,0.00,2300.00,M
OMA,2025-10-10 05:22,61.00,57.00,86.68,0.00,1200.00,M
OMA,2025-10-10 05:52,61.00,58.00,89.85,0.00,1200.00,M
OMA,2025-10-10 06:52,58.00,58.00,100.00,3.45,1200.00,M
OMA,2025-10-10 07:52,58.00,56.00,93.04,6.90,18000.00,M
OMA,2025-10-10 08:52,60.00,56.00,86.62,10.35,M,M
OMA,2025-10-10 09:52,64.00,56.00,75.22,11.50,M,M
OMA,2025-10-10 10:52,68.00,57.00,67.89,11.50,M,M
OMA,2025-10-10 11:52,72.00,56.00,57.14,11.50,3000.00,M
OMA,2025-10-10 12:52,75.00,55.00,49.82,12.65,3000.00,M
OMA,2025-10-10 13:52,77.00,52.00,41.77,10.35,25000.00,M
OMA,2025-10-10 14:52,77.00,45.00,32.14,13.80,25000.00,M
OMA,2025-10-10 15:52,78.00,45.00,31.10,11.50,25000.00,M
OMA,2025-10-10 16:52,77.00,45.00,32.14,10.35,25000.00,M
OMA,2025-10-10 17:52,75.00,45.00,34.35,9.20,25000.00,M
OMA,2025-10-10 18:52,66.00,45.00,46.64,5.75,25000.00,M
OMA,2025-10-10 19:52,58.00,46.00,64.25,5.75,25000.00,M
OMA,2025-10-10 20:52,58.00,46.00,64.25,6.90,25000.00,M
OMA,2025-10-10 21:52,54.00,47.00,77.12,6.90,25000.00,M
OMA,2025-10-10 22:52,56.00,45.00,66.48,5.75,25000.00,M
OMA,2025-10-10 23:52,55.00,42.00,61.46,5.75,25000.00,M
OMA,2025-10-11 00:52,54.00,41.00,61.32,3.45,25000.00,M
OMA,2025-10-11 01:52,54.00,39.00,56.73,0.00,24000.00,M
OMA,2025-10-11 02:52,57.00,37.00,47.04,0.00,24000.00,M
OMA,2025-10-11 03:52,51.00,42.00,71.17,0.00,24000.00,M
OMA,2025-10-11 04:52,53.00,39.00,58.85,5.75,24000.00,M
OMA,2025-10-11 05:52,52.00,41.00,65.99,4.60,24000.00,M
OMA,2025-10-11 06:52,53.00,39.00,58.85,6.90,24000.00,M
OMA,2025-10-11 07:52,54.00,40.00,58.99,6.90,10000.00,M
OMA,2025-10-11 08:52,56.00,42.00,59.26,8.05,8000.00,M
OMA,2025-10-11 09:52,58.00,43.00,57.30,10.35,8500.00,M
OMA,2025-10-11 10:52,60.00,44.00,55.43,11.50,14000.00,M
OMA,2025-10-11 11:52,64.00,46.00,51.94,10.35,9000.00,M
OMA,2025-10-11 12:52,68.00,49.00,50.62,12.65,9000.00,M
OMA,2025-10-11 13:52,71.00,50.00,47.42,14.95,17000.00,M
OMA,2025-10-11 14:52,73.00,50.00,44.33,14.95,17000.00,M
OMA,2025-10-11 15:52,76.00,48.00,37.21,19.55,24000.00,M
OMA,2025-10-11 16:52,76.00,49.00,38.63,20.70,24000.00,M
OMA,2025-10-11 17:52,73.00,50.00,44.33,13.80,24000.00,M
OMA,2025-10-11 18:52,71.00,50.00,47.42,14.95,14000.00,M
OMA,2025-10-11 19:52,70.00,50.00,49.06,18.40,16000.00,M
OMA,2025-10-11 20:52,68.00,52.00,56.58,16.10,18000.00,M
OMA,2025-10-11 21:52,67.00,54.00,63.02,19.55,18000.00,M
OMA,2025-10-11 22:52,66.00,55.00,67.66,16.10,20000.00,31.05
OMA,2025-10-11 23:52,66.00,56.00,70.16,19.55,20000.00,M
OMA,2025-10-12 00:52,65.00,56.00,72.64,16.10,20000.00,M
OMA,2025-10-12 01:52,65.00,56.00,72.64,18.40,18000.00,M
OMA,2025-10-12 02:52,65.00,56.00,72.64,20.70,19000.00,29.90
OMA,2025-10-12 03:52,65.00,56.00,72.64,19.55,18000.00,29.90
OMA,2025-10-12 05:52,65.00,55.00,70.05,20.70,15000.00,29.90
OMA,2025-10-12 06:52,64.00,55.00,72.54,18.40,11000.00,M
OMA,2025-10-12 07:52,64.00,56.00,75.22,16.10,10000.00,M
OMA,2025-10-12 08:52,65.00,56.00,72.64,18.40,10000.00,M
OMA,2025-10-12 09:52,66.00,57.00,72.74,21.85,10000.00,32.20
OMA,2025-10-12 10:52,68.00,57.00,67.89,19.55,10000.00,29.90
OMA,2025-10-12 11:52,71.00,57.00,61.28,18.40,11000.00,M
OMA,2025-10-12 12:52,76.00,57.00,51.81,18.40,11000.00,34.50
OMA,2025-10-12 13:52,79.00,57.00,46.93,24.15,16000.00,36.80
OMA,2025-10-12 14:52,85.00,57.00,38.64,24.15,14000.00,34.50
OMA,2025-10-12 15:52,86.00,57.00,37.43,18.40,13000.00,33.35
OMA,2025-10-12 16:52,87.00,57.00,36.26,19.55,13000.00,M
OMA,2025-10-12 17:52,84.00,58.00,41.36,10.35,7500.00,M
OMA,2025-10-12 18:52,82.00,59.00,45.73,3.45,7500.00,M
OMA,2025-10-12 19:52,76.00,55.00,48.19,21.85,8000.00,31.05
OMA,2025-10-12 20:52,71.00,52.00,51.07,19.55,7500.00,35.65
OMA,2025-10-12 21:52,68.00,47.00,46.96,23.00,7500.00,35.65
OMA,2025-10-12 22:52,66.00,46.00,48.45,16.10,7000.00,35.65
OMA,2025-10-12 23:52,64.00,46.00,51.94,17.25,8000.00,32.20
OMA,2025-10-13 00:52,62.00,47.00,57.87,14.95,M,M
OMA,2025-10-13 01:52,60.00,43.00,53.35,12.65,11000.00,M
OMA,2025-10-13 02:52,57.00,44.00,61.72,13.80,11000.00,M
OMA,2025-10-13 03:52,55.00,44.00,66.36,10.35,11000.00,M
OMA,2025-10-13 04:52,52.00,44.00,74.06,8.05,M,M
OMA,2025-10-13 05:52,51.00,45.00,79.84,12.65,25000.00,M
OMA,2025-10-13 06:52,50.00,43.00,76.76,10.35,25000.00,M
OMA,2025-10-13 07:52,47.00,42.00,82.65,6.90,20000.00,M
OMA,2025-10-13 08:52,51.00,41.00,68.48,13.80,20000.00,M
OMA,2025-10-13 09:52,54.00,41.00,61.32,13.80,20000.00,M
OMA,2025-10-13 10:52,58.00,40.00,51.03,14.95,20000.00,M
OMA,2025-10-13 11:52,62.00,39.00,42.57,13.80,20000.00,M
OMA,2025-10-13 12:52,66.00,37.00,34.22,12.65,20000.00,M
OMA,2025-10-13 13:52,68.00,34.00,28.35,11.50,20000.00,M
OMA,2025-10-13 14:52,69.00,33.00,26.32,10.35,16000.00,M
OMA,2025-10-13 15:52,69.00,33.00,26.32,10.35,10000.00,M
OMA,2025-10-13 16:52,69.00,33.00,26.32,13.80,9500.00,M
OMA,2025-10-13 18:52,64.00,37.00,36.68,12.65,8500.00,M
OMA,2025-10-13 19:52,62.00,37.00,39.35,8.05,6500.00,M
OMA,2025-10-13 20:52,61.00,38.00,42.41,9.20,6500.00,M
OMA,2025-10-13 21:52,61.00,37.00,40.77,9.20,7500.00,M
OMA,2025-10-13 22:52,60.00,36.00,40.61,9.20,4800.00,M
OMA,2025-10-13 23:52,60.00,36.00,40.61,11.50,4500.00,M
OMA,2025-10-14 00:52,59.00,36.00,42.08,8.05,4100.00,M
OMA,2025-10-14 01:52,59.00,37.00,43.78,8.05,4100.00,M
OMA,2025-10-14 02:52,59.00,37.00,43.78,4.60,6000.00,M
OMA,2025-10-14 03:52,59.00,38.00,45.53,3.45,5000.00,M
OMA,2025-10-14 04:52,57.00,42.00,57.16,8.05,4200.00,M
OMA,2025-10-14 05:52,54.00,47.00,77.12,6.90,4500.00,M
OMA,2025-10-14 06:52,52.00,47.00,82.99,10.35,4300.00,M
OMA,2025-10-14 08:52,55.00,45.00,68.94,9.20,2500.00,M
OMA,2025-10-14 10:16,56.00,46.00,69.05,9.20,2700.00,M
OMA,2025-10-14 10:52,58.00,47.00,66.72,5.75,2500.00,M
OMA,2025-10-14 11:33,58.00,48.00,69.28,5.75,2100.00,M
OMA,2025-10-14 11:52,59.00,49.00,69.39,6.90,2100.00,M
OMA,2025-10-14 11:56,59.00,49.00,69.39,6.90,2100.00,M
OMA,2025-10-14 12:42,58.00,53.00,83.40,9.20,1700.00,M
OMA,2025-10-14 12:52,58.00,53.00,83.40,8.05,1600.00,M
OMA,2025-10-14 13:52,60.00,53.00,77.65,8.05,1400.00,M
OMA,2025-10-14 14:52,62.00,54.00,75.03,5.75,1400.00,M
OMA,2025-10-14 15:47,64.40,55.40,72.58,6.90,1500.00,M
OMA,2025-10-14 15:52,65.00,56.00,72.64,6.90,1500.00,M
OMA,2025-10-14 16:17,65.00,57.00,75.32,10.35,1600.00,M
OMA,2025-10-14 16:52,65.00,57.00,75.32,8.05,1600.00,M
OMA,2025-10-14 17:52,65.00,57.00,75.32,3.45,9000.00,M
OMA,2025-10-14 18:52,64.00,57.00,77.99,5.75,8500.00,M
OMA,2025-10-14 19:52,64.00,56.00,75.22,3.45,8500.00,M
OMA,2025-10-14 20:52,64.00,57.00,77.99,0.00,9000.00,M
OMA,2025-10-14 21:52,62.00,56.00,80.70,3.45,8500.00,M
OMA,2025-10-14 22:52,60.00,56.00,86.62,0.00,8500.00,M
OMA,2025-10-14 23:52,59.00,55.00,86.57,5.75,8500.00,M
OMA,2025-10-15 00:52,58.00,55.00,89.73,5.75,9000.00,M
OMA,2025-10-15 01:52,58.00,56.00,93.04,8.05,10000.00,M
OMA,2025-10-15 02:52,58.00,56.00,93.04,3.45,9500.00,M
OMA,2025-10-15 03:52,58.00,56.00,93.04,3.45,10000.00,M
OMA,2025-10-15 04:52,58.00,57.00,96.47,3.45,9500.00,M
OMA,2025-10-15 05:52,60.00,57.00,89.81,0.00,8500.00,M
OMA,2025-10-15 06:52,59.00,58.00,96.48,3.45,9000.00,M
OMA,2025-10-15 07:52,60.00,58.00,93.10,0.00,9000.00,M
OMA,2025-10-15 09:52,64.00,61.00,89.98,0.00,9000.00,M
OMA,2025-10-15 10:52,70.00,64.00,81.29,9.20,1000.00,M
OMA,2025-10-15 12:55,M,M,M,6.90,4500.00,M
OMA,2025-10-15 13:52,73.00,63.00,70.91,10.35,12000.00,M
OMA,2025-10-15 14:52,73.00,64.00,73.44,11.50,3800.00,M
OMA,2025-10-15 15:52,73.40,64.40,73.48,8.05,3800.00,M
OMA,2025-10-15 16:52,75.20,62.60,64.96,11.50,4000.00,M
OMA,2025-10-15 18:42,71.60,62.60,73.30,103.50,4000.00,M
OMA,2025-10-15 19:52,71.60,62.60,73.30,13.80,15000.00,M
OMA,2025-10-15 20:52,69.80,62.60,77.93,11.50,15000.00,M
OMA,2025-10-15 21:52,69.80,62.60,77.93,11.50,25000.00,M
OMA,2025-10-15 22:52,68.00,62.60,82.88,8.05,14000.00,M
OMA,2025-10-15 23:52,66.20,62.60,88.19,8.05,14000.00,M
OMA,2025-10-16 00:52,66.20,62.60,88.19,9.20,14000.00,M
OMA,2025-10-16 01:52,66.20,62.60,88.19,8.05,14000.00,M
OMA,2025-10-16 02:52,66.20,60.80,82.76,10.35,14000.00,M
OMA,2025-10-16 03:52,66.20,60.80,82.76,12.65,14000.00,M
OMA,2025-10-16 04:52,66.20,60.80,82.76,11.50,11000.00,M
OMA,2025-10-16 05:52,66.20,60.80,82.76,11.50,11000.00,M
OMA,2025-10-16 06:01,66.20,60.80,82.76,13.80,6000.00,M
OMA,2025-10-16 06:18,66.20,60.80,82.76,12.65,6000.00,M
OMA,2025-10-16 07:51,66.00,60.00,81.00,12.65,10000.00,M
OMA,2025-10-16 08:52,68.00,60.00,75.59,14.95,11000.00,M
OMA,2025-10-16 09:52,70.00,61.00,73.15,12.65,11000.00,M
OMA,2025-10-16 10:52,74.00,59.00,59.51,17.25,11000.00,M
OMA,2025-10-16 11:52,77.00,57.00,50.12,19.55,11000.00,M
OMA,2025-10-16 12:52,81.00,55.00,40.89,20.70,12000.00,31.05
OMA,2025-10-16 13:52,82.00,55.00,39.59,21.85,13000.00,33.35
OMA,2025-10-16 14:52,83.00,53.00,35.63,23.00,25000.00,37.95
OMA,2025-10-16 15:52,83.00,51.00,33.09,21.85,25000.00,34.50
OMA,2025-10-16 16:52,82.00,50.00,32.94,23.00,25000.00,33.35
OMA,2025-10-16 17:52,81.00,49.00,32.78,18.40,25000.00,36.80
OMA,2025-10-16 18:52,78.00,51.00,38.95,14.95,15000.00,M
OMA,2025-10-16 19:52,73.00,52.00,47.73,8.05,15000.00,M
OMA,2025-10-16 20:52,70.00,54.00,56.86,10.35,15000.00,M
OMA,2025-10-16 21:52,69.00,53.00,56.72,16.10,15000.00,M
OMA,2025-10-16 22:52,68.00,53.00,58.70,10.35,22000.00,M
OMA,2025-10-16 23:52,68.00,53.00,58.70,13.80,22000.00,M
OMA,2025-10-17 00:52,67.00,53.00,60.75,12.65,22000.00,M
OMA,2025-10-17 01:52,66.00,53.00,62.89,12.65,14000.00,M
OMA,2025-10-17 02:52,66.00,54.00,65.24,6.90,16000.00,M
OMA,2025-10-17 03:52,64.00,54.00,69.94,9.20,16000.00,M
OMA,2025-10-17 04:52,63.00,57.00,80.77,12.65,7000.00,M
OMA,2025-10-17 05:52,64.00,56.00,75.22,14.95,8500.00,M
OMA,2025-10-17 06:52,64.00,57.00,77.99,16.10,11000.00,M
OMA,2025-10-17 07:52,64.00,57.00,77.99,12.65,10000.00,M
OMA,2025-10-17 08:52,65.00,57.00,75.32,11.50,10000.00,M
OMA,2025-10-17 09:52,67.00,58.00,72.85,12.65,10000.00,M
OMA,2025-10-17 10:52,69.00,58.00,68.01,6.90,9000.00,M
OMA,2025-10-17 11:35,68.00,59.00,72.95,16.10,3500.00,M
OMA,2025-10-17 11:52,65.00,59.00,80.92,3.45,3500.00,M
OMA,2025-10-17 12:26,67.00,61.00,81.07,8.05,4200.00,M
OMA,2025-10-17 12:52,69.00,60.00,73.05,13.80,4200.00,M
OMA,2025-10-17 13:52,72.00,58.00,61.41,6.90,4200.00,M
OMA,2025-10-17 14:52,73.00,59.00,61.54,5.75,3000.00,M
OMA,2025-10-17 15:52,73.00,59.00,61.54,3.45,4000.00,M
OMA,2025-10-17 16:52,74.00,58.00,57.42,5.75,4000.00,M
OMA,2025-10-17 17:52,73.00,57.00,57.28,5.75,4000.00,M
OMA,2025-10-17 18:52,70.00,56.00,61.15,4.60,7000.00,M
OMA,2025-10-17 19:52,65.00,57.00,75.32,6.90,M,M
OMA,2025-10-17 20:52,63.00,57.00,80.77,3.45,M,M
OMA,2025-10-17 21:52,62.00,56.00,80.70,0.00,M,M
OMA,2025-10-17 22:52,59.00,55.00,86.57,4.60,M,M
OMA,2025-10-17 23:52,59.00,53.00,80.47,0.00,M,M
OMA,2025-10-18 00:52,56.00,53.00,89.64,3.45,M,M
OMA,2025-10-18 01:52,55.00,51.00,86.35,3.45,M,M
OMA,2025-10-18 02:52,54.00,51.00,89.55,4.60,M,M
OMA,2025-10-18 03:52,53.00,49.00,86.23,5.75,M,M
OMA,2025-10-18 04:52,53.00,46.00,77.03,0.00,M,M
OMA,2025-10-18 05:52,50.00,46.00,86.06,0.00,M,M
OMA,2025-10-18 06:52,50.00,45.00,82.86,3.45,M,M
OMA,2025-10-18 07:52,49.00,46.00,89.33,4.60,20000.00,M
OMA,2025-10-18 08:52,53.00,49.00,86.23,5.75,18000.00,M
OMA,2025-10-18 09:52,58.00,48.00,69.28,5.75,18000.00,M
OMA,2025-10-18 10:52,62.00,49.00,62.38,10.35,18000.00,M
OMA,2025-10-18 11:52,67.00,48.00,50.47,13.80,18000.00,M
OMA,2025-10-18 12:52,64.00,45.00,50.01,16.10,16000.00,M
OMA,2025-10-18 13:52,65.00,46.00,50.16,17.25,16000.00,M
OMA,2025-10-18 14:52,64.00,44.00,48.14,23.00,16000.00,39.10
OMA,2025-10-18 15:52,65.00,43.00,44.74,18.40,14000.00,29.90
OMA,2025-10-18 16:52,63.00,43.00,47.98,23.00,6000.00,36.80
OMA,2025-10-18 17:52,60.00,43.00,53.35,26.45,4000.00,35.65
OMA,2025-10-18 18:52,54.00,46.00,74.26,23.00,4000.00,37.95
OMA,2025-10-18 19:52,52.00,47.00,82.99,13.80,4200.00,33.35
OMA,2025-10-18 20:52,51.00,48.00,89.42,8.05,7000.00,M
OMA,2025-10-18 21:52,53.00,44.00,71.39,17.25,10000.00,M
OMA,2025-10-18 22:52,51.00,43.00,73.96,13.80,11000.00,M
OMA,2025-10-18 23:52,50.00,40.00,68.36,17.25,20000.00,M
OMA,2025-10-19 00:52,48.00,37.00,65.50,16.10,M,M
OMA,2025-10-19 01:52,45.00,35.00,67.77,6.90,M,M
OMA,2025-10-19 02:52,44.00,35.00,70.40,6.90,M,M
OMA,2025-10-19 03:52,43.00,34.00,70.29,6.90,M,M
OMA,2025-10-19 04:52,42.00,34.00,73.05,5.75,M,M
OMA,2025-10-19 05:52,42.00,34.00,73.05,5.75,M,M
OMA,2025-10-19 06:52,41.00,33.00,72.94,6.90,M,M
OMA,2025-10-19 07:52,42.00,32.00,67.41,5.75,M,M
OMA,2025-10-19 08:52,45.00,33.00,62.56,3.45,M,M
OMA,2025-10-19 09:52,49.00,33.00,53.80,10.35,M,M
OMA,2025-10-19 10:52,52.00,33.00,48.14,10.35,M,M
OMA,2025-10-19 11:52,57.00,33.00,40.11,8.05,M,M
OMA,2025-10-19 12:52,60.00,30.00,31.91,13.80,M,M
OMA,2025-10-19 13:52,63.00,27.00,25.38,10.35,M,M
OMA,2025-10-19 14:52,64.00,26.00,23.51,16.10,20000.00,M
OMA,2025-10-19 15:52,65.00,25.00,21.78,8.05,25000.00,M
OMA,2025-10-19 16:52,65.00,25.00,21.78,9.20,25000.00,M
OMA,2025-10-19 17:52,64.00,27.00,24.50,5.75,25000.00,M
OMA,2025-10-19 18:52,58.00,30.00,34.27,8.05,25000.00,M
OMA,2025-10-19 19:52,54.00,33.00,44.73,8.05,25000.00,M
OMA,2025-10-19 20:52,52.00,34.00,50.10,10.35,25000.00,M
OMA,2025-10-19 21:52,53.00,33.00,46.40,10.35,M,M
OMA,2025-10-19 22:52,52.00,34.00,50.10,11.50,M,M
OMA,2025-10-19 23:52,53.00,33.00,46.40,14.95,M,M
OMA,2025-10-20 00:52,53.00,33.00,46.40,16.10,M,M
OMA,2025-10-20 01:52,52.00,34.00,50.10,13.80,M,M
OMA,2025-10-20 02:52,51.00,34.00,51.99,14.95,M,M
OMA,2025-10-20 03:52,52.00,34.00,50.10,14.95,M,M
OMA,2025-10-20 04:52,52.00,34.00,50.10,18.40,M,M
OMA,2025-10-20 05:52,52.00,34.00,50.10,20.70,15000.00,29.90
OMA,2025-10-20 06:52,52.00,35.00,52.14,19.55,15000.00,32.20
OMA,2025-10-20 07:52,51.00,36.00,56.30,13.80,13000.00,32.20
OMA,2025-10-20 08:52,52.00,37.00,56.44,9.20,13000.00,M
OMA,2025-10-20 09:52,56.00,38.00,50.72,9.20,14000.00,M
OMA,2025-10-20 10:52,59.00,38.00,45.53,11.50,14000.00,M
OMA,2025-10-20 11:52,64.00,40.00,41.26,14.95,14000.00,M
OMA,2025-10-20 12:52,65.00,43.00,44.74,26.45,14000.00,34.50
OMA,2025-10-20 13:52,62.00,44.00,51.64,17.25,3500.00,32.20
OMA,2025-10-20 14:52,61.00,44.00,53.50,12.65,4600.00,M
OMA,2025-10-20 15:52,62.00,44.00,51.64,19.55,4600.00,M
OMA,2025-10-20 16:52,64.00,42.00,44.58,11.50,4600.00,M
OMA,2025-10-20 17:52,64.00,38.00,38.16,13.80,8000.00,M
OMA,2025-10-20 18:52,61.00,32.00,33.40,14.95,8000.00,M
OMA,2025-10-20 19:52,57.00,34.00,41.75,10.35,25000.00,M
OMA,2025-10-20 20:52,55.00,34.00,44.89,9.20,M,M
OMA,2025-10-20 21:52,53.00,33.00,46.40,8.05,M,M
OMA,2025-10-20 22:52,53.00,33.00,46.40,9.20,M,M
OMA,2025-10-20 23:52,52.00,34.00,50.10,9.20,9500.00,M
OMA,2025-10-21 00:52,53.00,33.00,46.40,16.10,9500.00,M
OMA,2025-10-21 01:52,52.00,35.00,52.14,17.25,9500.00,M
OMA,2025-10-21 02:52,51.00,36.00,56.30,17.25,M,M
OMA,2025-10-21 03:52,51.00,35.00,54.10,17.25,M,29.90
OMA,2025-10-21 04:52,50.00,35.00,56.15,19.55,M,32.20
OMA,2025-10-21 05:52,49.00,33.00,53.80,14.95,M,36.80
OMA,2025-10-21 06:52,49.00,33.00,53.80,17.25,M,29.90
OMA,2025-10-21 07:52,47.00,33.00,58.00,13.80,5000.00,M
OMA,2025-10-21 09:52,50.00,31.00,47.82,25.30,4500.00,40.25
OMA,2025-10-21 10:52,51.00,31.00,46.07,21.85,4500.00,42.55
OMA,2025-10-21 11:52,53.00,32.00,44.57,25.30,4500.00,40.25
OMA,2025-10-21 12:52,56.00,33.00,41.59,19.55,4600.00,36.80
OMA,2025-10-21 13:52,56.00,34.00,43.29,19.55,5000.00,33.35
OMA,2025-10-21 14:52,58.00,32.00,37.17,20.70,5500.00,33.35
OMA,2025-10-21 15:52,59.00,30.00,33.07,25.30,6000.00,36.80
OMA,2025-10-21 17:52,57.00,27.00,31.42,14.95,M,33.35
OMA,2025-10-21 18:52,49.00,29.00,45.75,8.05,M,M
OMA,2025-10-21 19:52,50.00,30.00,45.91,8.05,M,M
OMA,2025-10-21 20:52,47.00,29.00,49.32,9.20,M,M
OMA,2025-10-21 21:52,48.00,29.00,47.50,9.20,M,M
OMA,2025-10-21 22:52,44.00,29.00,55.26,6.90,M,M
OMA,2025-10-21 23:52,44.00,30.00,57.57,3.45,M,M
OMA,2025-10-22 00:52,40.00,31.00,69.95,5.75,M,M
OMA,2025-10-22 02:52,38.00,31.00,75.64,0.00,M,M
OMA,2025-10-22 03:52,37.00,31.00,78.67,0.00,M,M
OMA,2025-10-22 04:52,39.00,32.00,75.73,0.00,M,M
OMA,2025-10-22 05:52,37.00,32.00,81.92,0.00,M,M
OMA,2025-10-22 06:52,39.00,32.00,75.73,0.00,M,M
OMA,2025-10-22 07:52,37.00,33.00,85.28,4.60,M,M
OMA,2025-10-22 08:52,40.00,34.00,78.93,5.75,M,M
OMA,2025-10-22 09:52,46.00,35.00,65.24,6.90,M,M
OMA,2025-10-22 10:52,53.00,34.00,48.29,6.90,M,M
OMA,2025-10-22 11:52,56.00,35.00,45.05,5.75,25000.00,M
OMA,2025-10-22 12:52,59.00,36.00,42.08,9.20,25000.00,M
OMA,2025-10-22 13:52,63.00,36.00,36.52,13.80,25000.00,M
OMA,2025-10-22 14:52,65.00,36.00,34.05,14.95,M,M
OMA,2025-10-22 15:52,64.00,33.00,31.29,16.10,M,M
OMA,2025-10-22 16:52,64.00,34.00,32.56,10.35,M,M
OMA,2025-10-22 17:52,61.00,33.00,34.77,12.65,M,M
OMA,2025-10-22 18:52,51.00,33.00,49.95,6.90,M,M
OMA,2025-10-22 19:52,49.00,34.00,56.00,5.75,M,M
OMA,2025-10-22 20:52,46.00,34.00,62.69,4.60,M,M
OMA,2025-10-22 21:52,46.00,36.00,67.89,3.45,M,M
OMA,2025-10-22 22:52,42.00,34.00,73.05,5.75,M,M
OMA,2025-10-22 23:52,43.00,36.00,76.11,3.45,M,M
OMA,2025-10-23 00:52,38.00,36.00,92.42,3.45,M,M
OMA,2025-10-23 01:52,41.00,35.00,79.01,4.60,M,M
OMA,2025-10-23 02:52,40.00,35.00,82.14,0.00,M,M
OMA,2025-10-23 03:52,39.00,36.00,88.87,0.00,11000.00,M
OMA,2025-10-23 04:52,38.00,35.00,88.82,4.60,10000.00,M
OMA,2025-10-23 05:52,41.00,36.00,82.21,0.00,10000.00,M
OMA,2025-10-23 06:52,40.00,36.00,85.47,3.45,10000.00,M
OMA,2025-10-23 07:52,38.00,35.00,88.82,0.00,10000.00,M
OMA,2025-10-23 08:52,39.00,37.00,92.45,0.00,9000.00,M
OMA,2025-10-23 09:52,46.00,39.00,76.39,0.00,9000.00,M
OMA,2025-10-23 10:52,51.00,37.00,58.57,0.00,9000.00,M
OMA,2025-10-23 11:52,56.00,36.00,46.88,3.45,9000.00,M
OMA,2025-10-23 12:52,61.00,34.00,36.19,0.00,25000.00,M
OMA,2025-10-23 13:52,63.00,32.00,31.12,3.45,25000.00,M
OMA,2025-10-23 14:52,65.00,31.00,27.87,6.90,25000.00,M
OMA,2025-10-23 15:52,65.00,30.00,26.76,0.00,25000.00,M
OMA,2025-10-23 16:52,64.00,30.00,27.71,0.00,25000.00,M
OMA,2025-10-23 17:52,62.00,32.00,32.24,6.90,25000.00,M
OMA,2025-10-23 18:52,55.00,35.00,46.72,4.60,25000.00,M
OMA,2025-10-23 19:52,50.00,35.00,56.15,0.00,25000.00,M
OMA,2025-10-23 20:52,45.00,38.00,76.30,4.60,25000.00,M
OMA,2025-10-23 21:52,48.00,37.00,65.50,0.00,25000.00,M
OMA,2025-10-23 22:52,46.00,36.00,67.89,3.45,25000.00,M
OMA,2025-10-23 23:52,48.00,33.00,55.86,4.60,25000.00,M
OMA,2025-10-24 00:52,46.00,34.00,62.69,3.45,M,M
OMA,2025-10-24 01:52,48.00,33.00,55.86,3.45,M,M
OMA,2025-10-24 02:52,47.00,33.00,58.00,3.45,9000.00,M
OMA,2025-10-24 03:52,48.00,34.00,58.14,4.60,8000.00,M
OMA,2025-10-24 04:52,47.00,34.00,60.37,6.90,8500.00,M
OMA,2025-10-24 05:52,47.00,34.00,60.37,9.20,9000.00,M
OMA,2025-10-24 06:52,49.00,34.00,56.00,10.35,9500.00,M
OMA,2025-10-24 07:52,49.00,34.00,56.00,10.35,9500.00,M
OMA,2025-10-24 08:52,50.00,34.00,53.95,11.50,9500.00,M
OMA,2025-10-24 09:52,53.00,35.00,50.26,11.50,9500.00,M
OMA,2025-10-24 10:52,55.00,35.00,46.72,11.50,11000.00,M
OMA,2025-10-24 11:52,57.00,35.00,43.45,14.95,10000.00,M
OMA,2025-10-24 12:52,59.00,35.00,40.44,14.95,6500.00,M
OMA,2025-10-24 13:52,59.00,34.00,38.86,17.25,3600.00,M
OMA,2025-10-24 14:52,58.00,35.00,41.92,17.25,4400.00,M
OMA,2025-10-24 16:39,59.00,38.00,45.53,13.80,2800.00,M
OMA,2025-10-24 16:52,58.00,38.00,47.19,11.50,2700.00,M
OMA,2025-10-24 17:52,58.00,38.00,47.19,12.65,2700.00,M
OMA,2025-10-24 18:52,57.00,39.00,50.88,11.50,2700.00,M
OMA,2025-10-24 19:52,56.00,39.00,52.75,8.05,2800.00,M
OMA,2025-10-24 20:52,55.00,45.00,68.94,13.80,2800.00,M
OMA,2025-10-24 21:52,55.00,44.00,66.36,11.50,2200.00,M
OMA,2025-10-24 22:52,54.00,45.00,71.50,12.65,2100.00,M
OMA,2025-10-24 23:52,54.00,45.00,71.50,13.80,1900.00,M
OMA,2025-10-25 00:29,53.00,44.00,71.39,12.65,2100.00,M
OMA,2025-10-25 00:52,53.00,43.00,68.71,13.80,2900.00,M
OMA,2025-10-25 01:52,53.00,42.00,66.11,11.50,2100.00,M
OMA,2025-10-25 02:52,52.00,42.00,68.59,9.20,2300.00,M
OMA,2025-10-25 03:52,52.00,42.00,68.59,9.20,2400.00,M
OMA,2025-10-25 04:52,52.00,42.00,68.59,5.75,2400.00,M
OMA,2025-10-25 05:52,51.00,42.00,71.17,8.05,2800.00,M
OMA,2025-10-25 06:52,51.00,41.00,68.48,8.05,2000.00,M
OMA,2025-10-25 07:52,51.00,41.00,68.48,6.90,2300.00,M
OMA,2025-10-25 08:52,52.00,42.00,68.59,6.90,1900.00,M
OMA,2025-10-25 09:52,53.00,43.00,68.71,9.20,2100.00,M
OMA,2025-10-25 10:52,55.00,44.00,66.36,9.20,2200.00,M
OMA,2025-10-25 11:52,56.00,42.00,59.26,9.20,2000.00,M
OMA,2025-10-25 12:52,57.00,43.00,59.40,10.35,2300.00,M
OMA,2025-10-25 13:52,59.00,45.00,59.68,10.35,2500.00,M
OMA,2025-10-25 14:52,60.00,46.00,59.81,8.05,2700.00,M
OMA,2025-10-25 15:52,61.00,47.00,59.95,11.50,2800.00,M
OMA,2025-10-25 16:52,61.00,48.00,62.25,12.65,2900.00,M
OMA,2025-10-25 17:52,59.00,48.00,66.84,12.65,2700.00,M
OMA,2025-10-25 18:52,56.00,47.00,71.71,12.65,2200.00,M
OMA,2025-10-25 19:52,54.00,48.00,80.08,12.65,1500.00,M
OMA,2025-10-25 20:21,54.00,48.00,80.08,10.35,3500.00,M
OMA,2025-10-25 20:52,54.00,47.00,77.12,10.35,3900.00,M
OMA,2025-10-25 21:52,54.00,47.00,77.12,8.05,4800.00,M
OMA,2025-10-25 22:52,55.00,47.00,74.36,8.05,5500.00,M
OMA,2025-10-25 23:52,55.00,45.00,68.94,8.05,4700.00,M
OMA,2025-10-26 00:52,55.00,44.00,66.36,11.50,4500.00,M
OMA,2025-10-26 01:52,54.00,43.00,66.24,9.20,7000.00,M
OMA,2025-10-26 02:52,49.00,42.00,76.67,6.90,8500.00,M
OMA,2025-10-26 03:52,51.00,43.00,73.96,9.20,8500.00,M
OMA,2025-10-26 04:52,51.00,43.00,73.96,10.35,6000.00,M
OMA,2025-10-26 05:52,51.00,43.00,73.96,6.90,5000.00,M
OMA,2025-10-26 06:52,52.00,43.00,71.28,10.35,5000.00,M
OMA,2025-10-26 07:52,51.00,43.00,73.96,8.05,7000.00,M
OMA,2025-10-26 08:52,53.00,44.00,71.39,6.90,4500.00,M
OMA,2025-10-26 09:52,56.00,44.00,63.99,11.50,4500.00,M
OMA,2025-10-26 10:52,61.00,45.00,55.58,19.55,5000.00,M
OMA,2025-10-26 11:52,63.00,44.00,49.85,21.85,5000.00,33.35
OMA,2025-10-26 12:52,65.00,45.00,48.29,18.40,4000.00,32.20
OMA,2025-10-26 13:52,66.00,45.00,46.64,20.70,4500.00,M
OMA,2025-10-26 14:52,66.00,45.00,46.64,16.10,4000.00,29.90
OMA,2025-10-26 16:52,64.00,46.00,51.94,13.80,4500.00,M
OMA,2025-10-26 17:52,63.00,44.00,49.85,19.55,7500.00,M
OMA,2025-10-26 18:52,60.00,44.00,55.43,16.10,7500.00,M
OMA,2025-10-26 19:52,60.00,44.00,55.43,14.95,6500.00,M
OMA,2025-10-26 20:52,57.00,44.00,61.72,11.50,6000.00,M
OMA,2025-10-26 21:52,56.00,43.00,61.59,17.25,5000.00,M
OMA,2025-10-26 22:52,56.00,43.00,61.59,10.35,4900.00,M
OMA,2025-10-26 23:52,55.00,44.00,66.36,9.20,4700.00,M
OMA,2025-10-27 00:52,54.00,44.00,68.82,5.75,4100.00,M
OMA,2025-10-27 01:52,54.00,44.00,68.82,8.05,3100.00,M
OMA,2025-10-27 02:02,54.00,44.00,68.82,8.05,2900.00,M
OMA,2025-10-27 02:52,54.00,44.00,68.82,10.35,2600.00,M
OMA,2025-10-27 03:52,54.00,45.00,71.50,10.35,2200.00,M
OMA,2025-10-27 04:52,53.00,47.00,80.00,11.50,1800.00,M
OMA,2025-10-27 05:52,53.00,45.00,74.16,8.05,1600.00,M
OMA,2025-10-27 06:52,53.00,45.00,74.16,5.75,1600.00,M
OMA,2025-10-27 07:52,53.00,46.00,77.03,4.60,1600.00,M
OMA,2025-10-27 08:48,51.80,48.20,87.47,6.90,1400.00,M
OMA,2025-10-27 08:52,52.00,47.00,82.99,5.75,1400.00,M
OMA,2025-10-27 09:04,52.00,47.00,82.99,8.05,1500.00,M
OMA,2025-10-27 09:52,53.00,47.00,80.00,9.20,1500.00,M
OMA,2025-10-27 10:05,53.00,48.00,83.06,11.50,1400.00,M
OMA,2025-10-27 10:52,54.00,48.00,80.08,9.20,1400.00,M
OMA,2025-10-27 11:52,54.00,48.00,80.08,8.05,1400.00,M
OMA,2025-10-27 12:52,54.00,48.00,80.08,11.50,1400.00,M
OMA,2025-10-27 13:12,54.00,49.00,83.13,10.35,1500.00,M
OMA,2025-10-27 13:23,54.00,49.00,83.13,12.65,1400.00,M
OMA,2025-10-27 13:48,55.40,48.20,76.67,11.50,1600.00,M
OMA,2025-10-27 13:52,55.00,49.00,80.16,11.50,1600.00,M
OMA,2025-10-27 14:16,55.00,49.00,80.16,12.65,1400.00,M
OMA,2025-10-27 14:52,55.00,49.00,80.16,9.20,1400.00,M
OMA,2025-10-27 15:52,54.00,49.00,83.13,10.35,1600.00,M
OMA,2025-10-27 16:52,55.00,48.00,77.21,9.20,1800.00,M
OMA,2025-10-27 17:52,55.00,49.00,80.16,9.20,1700.00,M
OMA,2025-10-27 18:52,54.00,49.00,83.13,10.35,1500.00,M
OMA,2025-10-27 19:17,54.00,49.00,83.13,10.35,1400.00,M
OMA,2025-10-27 19:52,54.00,49.00,83.13,10.35,1400.00,M
OMA,2025-10-27 20:36,52.00,49.00,89.46,12.65,800.00,M
OMA,2025-10-27 20:52,52.00,50.00,92.86,10.35,700.00,M
OMA,2025-10-27 21:52,52.00,49.00,89.46,8.05,800.00,M
OMA,2025-10-27 23:36,52.00,49.00,89.46,6.90,1000.00,M
OMA,2025-10-27 23:52,52.00,49.00,89.46,4.60,900.00,M
OMA,2025-10-28 00:52,52.00,49.00,89.46,6.90,800.00,M
OMA,2025-10-28 01:52,51.00,49.00,92.83,6.90,700.00,M
OMA,2025-10-28 02:52,51.00,49.00,92.83,4.60,600.00,M
OMA,2025-10-28 03:17,51.00,50.00,96.36,4.60,500.00,M
OMA,2025-10-28 03:52,51.00,50.00,96.36,5.75,500.00,M
OMA,2025-10-28 04:35,51.00,50.00,96.36,4.60,500.00,M
OMA,2025-10-28 04:52,51.00,50.00,96.36,4.60,500.00,M
OMA,2025-10-28 05:18,51.00,50.00,96.36,4.60,400.00,M
OMA,2025-10-28 05:36,51.00,50.00,96.36,4.60,400.00,M
OMA,2025-10-28 05:47,51.80,50.00,93.55,4.60,400.00,M
OMA,2025-10-28 05:52,51.00,50.00,96.36,4.60,400.00,M
OMA,2025-10-28 06:21,51.00,50.00,96.36,4.60,400.00,M
OMA,2025-10-28 06:47,51.80,50.00,93.55,3.45,400.00,M
OMA,2025-10-28 07:01,51.00,50.00,96.36,3.45,400.00,M
OMA,2025-10-28 07:26,51.00,50.00,96.36,0.00,400.00,M
OMA,2025-10-28 07:52,51.00,51.00,100.00,0.00,400.00,M
OMA,2025-10-28 08:29,51.00,51.00,100.00,3.45,500.00,M
OMA,2025-10-28 08:52,51.00,50.00,96.36,19.55,500.00,M
OMA,2025-10-28 09:17,48.00,46.00,92.74,20.70,1000.00,29.90
OMA,2025-10-28 09:25,48.00,46.00,92.74,19.55,1000.00,29.90
OMA,2025-10-28 09:52,48.00,46.00,92.74,19.55,1000.00,29.90
OMA,2025-10-28 10:52,47.00,45.00,92.71,18.40,1100.00,31.05
OMA,2025-10-28 11:19,47.00,45.00,92.71,18.40,1200.00,M
OMA,2025-10-28 11:49,48.20,44.60,87.28,17.25,1400.00,M
OMA,2025-10-28 11:52,48.00,45.00,89.28,19.55,1400.00,29.90
OMA,2025-10-28 12:52,48.00,45.00,89.28,14.95,1400.00,31.05
OMA,2025-10-28 13:11,48.00,45.00,89.28,14.95,1500.00,M
OMA,2025-10-28 13:52,49.00,45.00,86.00,17.25,1800.00,M
OMA,2025-10-28 14:52,49.00,45.00,86.00,17.25,2600.00,M
OMA,2025-10-28 15:10,49.00,45.00,86.00,13.80,2600.00,M
OMA,2025-10-28 15:19,49.00,45.00,86.00,14.95,2100.00,M
OMA,2025-10-28 15:52,49.00,45.00,86.00,16.10,2400.00,M
OMA,2025-10-28 16:52,49.00,43.00,79.68,20.70,2400.00,34.50
OMA,2025-10-28 17:52,48.00,44.00,85.95,24.15,1600.00,32.20
OMA,2025-10-28 18:37,48.00,44.00,85.95,24.15,2500.00,36.80
OMA,2025-10-28 18:52,47.00,43.00,85.89,19.55,3100.00,36.80
OMA,2025-10-28 19:52,47.00,43.00,85.89,21.85,2300.00,37.95
OMA,2025-10-28 20:27,47.00,43.00,85.89,25.30,1800.00,36.80
OMA,2025-10-28 20:52,46.00,42.00,85.83,27.60,1500.00,41.40
OMA,2025-10-28 21:31,46.00,42.00,85.83,25.30,2900.00,43.70
OMA,2025-10-28 21:52,45.00,42.00,89.15,27.60,2400.00,43.70
OMA,2025-10-28 22:52,45.00,42.00,89.15,24.15,1500.00,46.00
OMA,2025-10-28 23:29,45.00,42.00,89.15,26.45,1400.00,40.25
OMA,2025-10-28 23:52,45.00,41.00,85.77,28.75,1900.00,44.85
OMA,2025-10-29 00:52,45.00,41.00,85.77,24.15,2300.00,44.85
OMA,2025-10-29 01:52,44.00,42.00,92.61,25.30,1800.00,41.40
OMA,2025-10-29 02:15,44.00,42.00,92.61,23.00,1300.00,36.80
OMA,2025-10-29 02:42,44.00,42.00,92.61,25.30,1500.00,37.95
OMA,2025-10-29 02:52,44.00,42.00,92.61,26.45,1700.00,37.95
OMA,2025-10-29 03:52,44.00,40.00,85.71,27.60,2000.00,39.10
OMA,2025-10-29 04:52,44.00,40.00,85.71,20.70,1700.00,40.25
OMA,2025-10-29 05:52,44.00,40.00,85.71,26.45,1800.00,37.95
OMA,2025-10-29 06:52,44.00,40.00,85.71,20.70,1600.00,35.65
OMA,2025-10-29 07:52,44.00,41.00,89.10,16.10,1500.00,29.90
OMA,2025-10-29 08:24,44.00,41.00,89.10,16.10,1400.00,M
OMA,2025-10-29 08:52,44.00,40.00,85.71,14.95,1400.00,M
OMA,2025-10-29 09:52,44.00,41.00,89.10,16.10,1300.00,M
OMA,2025-10-29 10:52,44.00,40.00,85.71,16.10,1400.00,M
OMA,2025-10-29 11:52,45.00,41.00,85.77,19.55,1100.00,M
OMA,2025-10-29 13:16,47.00,42.00,82.65,19.55,1200.00,M
OMA,2025-10-29 13:52,47.00,41.00,79.51,17.25,1500.00,M
OMA,2025-10-29 14:23,49.00,42.00,76.67,18.40,1500.00,M
OMA,2025-10-29 14:52,49.00,42.00,76.67,18.40,1500.00,M
OMA,2025-10-29 15:52,50.00,42.00,73.86,17.25,1600.00,M
OMA,2025-10-29 17:52,47.00,40.00,76.49,13.80,3200.00,M
OMA,2025-10-29 18:52,44.00,40.00,85.71,9.20,3500.00,M
OMA,2025-10-29 19:52,41.00,39.00,92.51,6.90,M,M
OMA,2025-10-29 20:52,39.00,38.00,96.16,6.90,M,M
OMA,2025-10-29 21:52,38.00,37.00,96.14,5.75,M,M
OMA,2025-10-29 22:52,35.00,35.00,100.00,5.75,M,M
OMA,2025-10-29 23:52,37.00,37.00,100.00,4.60,M,M
OMA,2025-10-30 00:40,37.00,36.00,96.12,3.45,200.00,M
OMA,2025-10-30 00:52,36.00,36.00,100.00,5.75,200.00,M
OMA,2025-10-30 00:57,36.00,35.00,96.11,4.60,200.00,M
OMA,2025-10-30 01:00,35.00,34.00,96.09,3.45,200.00,M
OMA,2025-10-30 01:06,34.00,34.00,100.00,4.60,200.00,M
OMA,2025-10-30 01:17,34.00,34.00,100.00,4.60,100.00,M
OMA,2025-10-30 01:52,34.00,34.00,100.00,5.75,100.00,M
OMA,2025-10-30 02:36,34.00,34.00,100.00,3.45,200.00,M
OMA,2025-10-30 02:52,34.00,34.00,100.00,3.45,200.00,M
OMA,2025-10-30 03:52,33.00,33.00,100.00,3.45,200.00,M
OMA,2025-10-30 04:14,33.00,33.00,100.00,0.00,200.00,M
OMA,2025-10-30 04:32,34.00,34.00,100.00,0.00,200.00,M
OMA,2025-10-30 04:52,35.00,35.00,100.00,0.00,200.00,M
OMA,2025-10-30 05:52,34.00,34.00,100.00,0.00,200.00,M
OMA,2025-10-30 06:52,34.00,34.00,100.00,0.00,200.00,M
OMA,2025-10-30 07:52,35.00,35.00,100.00,5.75,200.00,M
OMA,2025-10-30 08:25,34.00,34.00,100.00,3.45,200.00,M
OMA,2025-10-30 08:32,34.00,34.00,100.00,3.45,200.00,M
OMA,2025-10-30 08:52,34.00,34.00,100.00,4.60,200.00,M
OMA,2025-10-30 09:52,36.00,36.00,100.00,0.00,200.00,M
OMA,2025-10-30 10:12,37.00,37.00,100.00,3.45,200.00,M
OMA,2025-10-30 10:31,37.00,37.00,100.00,4.60,200.00,M
OMA,2025-10-30 10:52,39.00,39.00,100.00,5.75,300.00,M
OMA,2025-10-30 11:19,40.00,39.00,96.18,3.45,500.00,M
OMA,2025-10-30 11:39,40.00,39.00,96.18,3.45,500.00,M
OMA,2025-10-30 11:52,42.00,41.00,96.21,0.00,500.00,M
OMA,2025-10-30 12:52,49.00,37.00,63.09,4.60,10000.00,M
OMA,2025-10-30 13:52,52.00,35.00,52.14,6.90,10000.00,M
OMA,2025-10-30 14:52,55.00,36.00,48.61,10.35,9000.00,M
OMA,2025-10-30 15:52,60.00,32.00,34.60,13.80,9000.00,M
OMA,2025-10-30 16:52,58.00,32.00,37.17,17.25,9000.00,M
OMA,2025-10-30 17:52,53.00,34.00,48.29,6.90,11000.00,M
OMA,2025-10-30 18:52,48.00,35.00,60.51,6.90,M,M
OMA,2025-10-30 19:52,46.00,36.00,67.89,0.00,M,M
OMA,2025-10-30 20:52,44.00,37.00,76.21,0.00,M,M
OMA,2025-10-30 21:52,40.00,35.00,82.14,0.00,M,M
OMA,2025-10-30 22:52,39.00,34.00,82.07,4.60,M,M
OMA,2025-10-30 23:52,40.00,35.00,82.14,4.60,M,M
OMA,2025-10-31 00:52,38.00,33.00,81.99,4.60,M,M
OMA,2025-10-31 01:52,40.00,34.00,78.93,0.00,M,M
OMA,2025-10-31 02:52,41.00,32.00,70.06,6.90,M,M
OMA,2025-10-31 03:52,39.00,31.00,72.73,8.05,M,M
OMA,2025-10-31 04:52,40.00,31.00,69.95,3.45,M,M
OMA,2025-10-31 05:52,38.00,30.00,72.62,4.60,M,M
OMA,2025-10-31 06:52,35.00,30.00,81.77,4.60,M,M
OMA,2025-10-31 07:52,35.00,30.00,81.77,4.60,5000.00,M
OMA,2025-10-31 08:52,38.00,31.00,75.64,4.60,M,M
OMA,2025-10-31 09:52,42.00,33.00,70.18,8.05,20000.00,M
OMA,2025-10-31 10:52,46.00,32.00,57.85,12.65,20000.00,M
OMA,2025-10-31 11:52,48.00,31.00,51.53,16.10,3000.00,M
OMA,2025-10-31 12:52,49.00,30.00,47.66,21.85,4200.00,33.35
OMA,2025-10-31 13:52,51.00,29.00,42.47,20.70,4600.00,34.50
OMA,2025-10-31 15:52,50.00,27.00,40.60,20.70,4600.00,29.90
OMA,2025-10-31 16:52,49.00,28.00,43.91,16.10,5500.00,M
OMA,2025-10-31 17:52,47.00,28.00,47.34,11.50,5500.00,31.05
OMA,2025-10-31 18:52,46.00,29.00,51.22,11.50,6500.00,M
OMA,2025-10-31 19:52,45.00,30.00,55.41,9.20,7500.00,M
OMA,2025-10-31 20:52,45.00,31.00,57.71,13.80,7000.00,M
OMA,2025-10-31 21:52,42.00,31.00,64.74,13.80,7000.00,M
OMA,2025-10-31 22:52,41.00,32.00,70.06,9.20,8000.00,M
OMA,2025-10-31 23:52,42.00,34.00,73.05,10.35,2800.00,M
OMA,2025-11-01 00:52,43.00,35.00,73.15,13.80,3300.00,M
OMA,2025-11-01 01:52,42.00,34.00,73.05,14.95,3000.00,M
OMA,2025-11-01 02:52,42.00,35.00,76.02,13.80,2500.00,M
OMA,2025-11-01 03:01,41.00,36.00,82.21,18.40,2100.00,M
OMA,2025-11-01 03:52,40.00,36.00,85.47,17.25,1500.00,M
OMA,2025-11-01 04:52,40.00,35.00,82.14,12.65,1700.00,M
OMA,2025-11-01 05:52,40.00,34.00,78.93,14.95,1700.00,M
OMA,2025-11-01 06:52,40.00,34.00,78.93,12.65,1700.00,M
OMA,2025-11-01 07:52,40.00,35.00,82.14,11.50,1900.00,M
OMA,2025-11-01 08:52,41.00,34.00,75.92,12.65,2000.00,M
OMA,2025-11-01 09:52,41.00,34.00,75.92,16.10,1900.00,M
OMA,2025-11-01 10:52,42.00,34.00,73.05,14.95,1900.00,M
OMA,2025-11-01 11:52,43.00,34.00,70.29,13.80,2100.00,M
OMA,2025-11-01 12:52,45.00,33.00,62.56,13.80,2400.00,M
OMA,2025-11-01 12:59,45.00,33.00,62.56,13.80,2900.00,M
OMA,2025-11-01 13:28,46.00,33.00,60.23,14.95,3100.00,M
OMA,2025-11-01 13:52,47.00,33.00,58.00,11.50,3100.00,M
OMA,2025-11-01 14:52,48.00,31.00,51.53,10.35,3400.00,M
OMA,2025-11-01 15:52,47.00,30.00,51.37,6.90,3800.00,M
OMA,2025-11-01 16:52,48.00,31.00,51.53,3.45,4500.00,M
OMA,2025-11-01 17:52,48.00,28.00,45.59,8.05,5000.00,M
OMA,2025-11-01 18:52,43.00,30.00,59.81,3.45,5000.00,M
OMA,2025-11-01 19:52,40.00,31.00,69.95,0.00,5000.00,M
OMA,2025-11-01 20:52,37.00,31.00,78.67,0.00,20000.00,M
OMA,2025-11-01 21:52,31.00,30.00,96.02,4.60,20000.00,M
OMA,2025-11-01 22:52,34.00,30.00,85.10,0.00,20000.00,M
OMA,2025-11-01 23:52,34.00,31.00,88.62,3.45,20000.00,M
OMA,2025-11-02 00:52,34.00,31.00,88.62,5.75,20000.00,M
OMA,2025-11-02 01:52,33.00,31.00,92.25,8.05,20000.00,M
OMA,2025-11-02 01:52,35.00,32.00,88.67,8.05,20000.00,M
OMA,2025-11-02 02:52,32.00,30.00,92.21,6.90,M,M
OMA,2025-11-02 03:52,35.00,32.00,88.67,6.90,M,M
OMA,2025-11-02 04:52,32.00,30.00,92.21,10.35,M,M
OMA,2025-11-02 05:52,32.00,30.00,92.21,11.50,20000.00,M
OMA,2025-11-02 06:52,32.00,30.00,92.21,10.35,20000.00,M
OMA,2025-11-02 07:52,34.00,30.00,85.10,13.80,20000.00,M
OMA,2025-11-02 08:52,39.00,31.00,72.73,13.80,20000.00,M
OMA,2025-11-02 09:52,45.00,32.00,60.09,18.40,20000.00,M
OMA,2025-11-02 10:52,50.00,32.00,49.79,21.85,20000.00,34.50
OMA,2025-11-02 11:52,55.00,34.00,44.89,20.70,M,34.50
OMA,2025-11-02 12:52,56.00,34.00,43.29,24.15,M,34.50
OMA,2025-11-02 13:52,59.00,34.00,38.86,26.45,M,40.25
OMA,2025-11-02 14:52,60.00,35.00,39.03,23.00,M,40.25
OMA,2025-11-02 15:52,60.00,36.00,40.61,21.85,25000.00,35.65
OMA,2025-11-02 16:52,59.00,36.00,42.08,14.95,25000.00,33.35
OMA,2025-11-02 17:52,56.00,37.00,48.77,11.50,25000.00,M
OMA,2025-11-02 18:52,54.00,38.00,54.55,9.20,25000.00,M
OMA,2025-11-02 19:52,47.00,37.00,68.01,9.20,25000.00,M
OMA,2025-11-02 20:52,46.00,38.00,73.46,6.90,25000.00,M
OMA,2025-11-02 21:52,46.00,38.00,73.46,8.05,25000.00,M
OMA,2025-11-02 22:52,45.00,38.00,76.30,4.60,25000.00,M
OMA,2025-11-02 23:52,44.00,37.00,76.21,3.45,25000.00,M
OMA,2025-11-03 00:52,42.00,36.00,79.10,0.00,25000.00,M
OMA,2025-11-03 01:52,42.00,36.00,79.10,6.90,M,M
OMA,2025-11-03 02:52,44.00,36.00,73.25,10.35,M,M
OMA,2025-11-03 03:52,41.00,35.00,79.01,9.20,M,M
OMA,2025-11-03 04:52,39.00,34.00,82.07,6.90,M,M
OMA,2025-11-03 05:52,39.00,34.00,82.07,8.05,M,M
OMA,2025-11-03 06:52,35.00,32.00,88.67,5.75,M,M
OMA,2025-11-03 07:52,39.00,35.00,85.41,5.75,25000.00,M
OMA,2025-11-03 08:52,45.00,37.00,73.36,3.45,25000.00,M
OMA,2025-11-03 09:52,51.00,38.00,60.92,3.45,25000.00,M
OMA,2025-11-03 10:52,57.00,35.00,43.45,5.75,25000.00,M
OMA,2025-11-03 11:52,60.00,24.00,24.91,6.90,25000.00,M
OMA,2025-11-03 12:52,61.00,22.00,22.10,4.60,25000.00,M
OMA,2025-11-03 13:52,63.00,21.00,19.74,3.45,25000.00,M
OMA,2025-11-03 14:52,64.00,21.00,19.06,0.00,25000.00,M
OMA,2025-11-03 15:52,64.00,20.00,18.27,0.00,25000.00,M
OMA,2025-11-03 16:52,61.00,22.00,22.10,0.00,25000.00,M
OMA,2025-11-03 17:52,51.00,30.00,44.24,5.75,25000.00,M
OMA,2025-11-03 18:52,49.00,31.00,49.63,3.45,25000.00,M
OMA,2025-11-03 19:52,47.00,33.00,58.00,0.00,25000.00,M
OMA,2025-11-03 20:52,47.00,35.00,62.83,0.00,25000.00,M
OMA,2025-11-03 21:52,44.00,36.00,73.25,0.00,20000.00,M
OMA,2025-11-03 22:52,45.00,39.00,79.35,0.00,20000.00,M
OMA,2025-11-03 23:52,47.00,35.00,62.83,5.75,20000.00,M
OMA,2025-11-04 00:52,49.00,27.00,42.14,5.75,20000.00,M
OMA,2025-11-04 01:52,44.00,33.00,64.99,0.00,20000.00,M
OMA,2025-11-04 02:52,46.00,29.00,51.22,4.60,22000.00,M
OMA,2025-11-04 03:52,45.00,29.00,53.20,6.90,22000.00,M
OMA,2025-11-04 04:52,46.00,30.00,53.35,9.20,6500.00,M
OMA,2025-11-04 05:52,46.00,29.00,51.22,8.05,6500.00,M
OMA,2025-11-04 06:52,45.00,32.00,60.09,10.35,6500.00,M
OMA,2025-11-04 07:52,45.00,34.00,65.12,5.75,6500.00,M
OMA,2025-11-04 08:52,50.00,37.00,60.78,11.50,6500.00,M
OMA,2025-11-04 09:52,54.00,39.00,56.73,9.20,M,M
OMA,2025-11-04 10:52,56.00,41.00,57.02,10.35,M,M
OMA,2025-11-04 11:52,59.00,43.00,55.29,8.05,25000.00,M
OMA,2025-11-04 12:52,63.00,44.00,49.85,9.20,25000.00,M
OMA,2025-11-04 13:52,66.00,46.00,48.45,12.65,25000.00,M
OMA,2025-11-04 14:52,68.00,46.00,45.22,12.65,25000.00,M
OMA,2025-11-04 15:52,69.00,47.00,45.37,10.35,25000.00,M
OMA,2025-11-04 16:52,67.00,47.00,48.60,8.05,25000.00,M
OMA,2025-11-04 17:52,64.00,48.00,56.01,10.35,25000.00,M
OMA,2025-11-04 18:52,61.00,47.00,59.95,10.35,25000.00,M
OMA,2025-11-04 19:52,60.00,46.00,59.81,9.20,25000.00,M
OMA,2025-11-04 20:52,55.00,45.00,68.94,8.05,25000.00,M
OMA,2025-11-04 21:52,51.00,45.00,79.84,8.05,25000.00,M
OMA,2025-11-04 22:52,51.00,45.00,79.84,0.00,25000.00,M
OMA,2025-11-04 23:52,51.00,45.00,79.84,4.60,25000.00,M
OMA,2025-11-05 00:52,50.00,43.00,76.76,6.90,M,M
OMA,2025-11-05 01:52,47.00,42.00,82.65,10.35,M,M
OMA,2025-11-05 02:52,47.00,39.00,73.56,12.65,25000.00,M
OMA,2025-11-05 03:52,48.00,36.00,62.96,21.85,25000.00,31.05
OMA,2025-11-05 04:52,45.00,37.00,73.36,12.65,21000.00,29.90
OMA,2025-11-05 05:52,44.00,37.00,76.21,12.65,25000.00,M
OMA,2025-11-05 06:52,43.00,36.00,76.11,13.80,25000.00,M
OMA,2025-11-05 07:52,44.00,35.00,70.40,18.40,25000.00,M
OMA,2025-11-05 08:52,46.00,35.00,65.24,18.40,M,M
OMA,2025-11-05 09:52,49.00,34.00,56.00,17.25,M,M
OMA,2025-11-05 10:52,53.00,31.00,42.80,20.70,M,31.05
OMA,2025-11-05 11:52,54.00,28.00,36.51,11.50,M,M
OMA,2025-11-05 12:52,56.00,26.00,31.25,11.50,M,M
OMA,2025-11-05 13:52,58.00,27.00,30.31,6.90,25000.00,M
OMA,2025-11-05 14:52,58.00,26.00,29.08,4.60,25000.00,M
OMA,2025-11-05 15:52,58.00,27.00,30.31,4.60,25000.00,M
OMA,2025-11-05 16:52,55.00,28.00,35.20,0.00,25000.00,M
OMA,2025-11-05 17:52,50.00,29.00,44.08,0.00,25000.00,M
OMA,2025-11-05 18:52,43.00,31.00,62.29,0.00,M,M
OMA,2025-11-05 19:52,41.00,31.00,67.29,0.00,M,M
OMA,2025-11-05 20:52,39.00,34.00,82.07,0.00,M,M
OMA,2025-11-05 21:52,36.00,33.00,88.72,4.60,M,M
OMA,2025-11-05 22:52,37.00,31.00,78.67,3.45,M,M
OMA,2025-11-05 23:52,34.00,30.00,85.10,0.00,M,M
OMA,2025-11-06 00:52,35.00,32.00,88.67,0.00,M,M
OMA,2025-11-06 01:52,39.00,33.00,78.84,3.45,M,M
OMA,2025-11-06 02:52,39.00,29.00,67.04,9.20,25000.00,M
OMA,2025-11-06 03:52,40.00,29.00,64.48,6.90,25000.00,M
OMA,2025-11-06 04:52,38.00,29.00,69.72,8.05,25000.00,M
OMA,2025-11-06 05:52,40.00,30.00,67.16,10.35,25000.00,M
OMA,2025-11-06 06:52,40.00,30.00,67.16,9.20,25000.00,M
OMA,2025-11-06 07:52,42.00,31.00,64.74,10.35,25000.00,M
OMA,2025-11-06 08:52,46.00,30.00,53.35,17.25,25000.00,M
OMA,2025-11-06 09:52,49.00,31.00,49.63,18.40,25000.00,33.35
OMA,2025-11-06 10:52,53.00,32.00,44.57,19.55,25000.00,29.90
OMA,2025-11-06 11:52,56.00,35.00,45.05,20.70,25000.00,34.50
OMA,2025-11-06 12:52,59.00,38.00,45.53,14.95,25000.00,M
OMA,2025-11-06 13:52,60.00,40.00,47.51,9.20,4500.00,M
OMA,2025-11-06 14:52,61.00,41.00,47.67,11.50,4500.00,M
OMA,2025-11-06 15:52,60.00,43.00,53.35,12.65,20000.00,M
OMA,2025-11-06 16:52,59.00,44.00,57.44,4.60,20000.00,M
OMA,2025-11-06 17:52,54.00,45.00,71.50,6.90,20000.00,M
OMA,2025-11-06 18:52,58.00,46.00,64.25,3.45,25000.00,M
OMA,2025-11-06 19:52,53.00,45.00,74.16,4.60,22000.00,M
OMA,2025-11-06 20:52,54.00,43.00,66.24,5.75,22000.00,M
OMA,2025-11-06 21:52,53.00,41.00,63.61,10.35,12000.00,M
OMA,2025-11-06 22:52,55.00,41.00,59.13,14.95,11000.00,M
OMA,2025-11-06 23:52,49.00,40.00,70.96,5.75,11000.00,M
OMA,2025-11-07 00:52,47.00,40.00,76.49,3.45,M,M
OMA,2025-11-07 01:52,45.00,39.00,79.35,4.60,M,M
OMA,2025-11-07 02:52,43.00,39.00,85.65,3.45,M,M
OMA,2025-11-07 03:52,46.00,38.00,73.46,0.00,M,M
OMA,2025-11-07 04:52,46.00,37.00,70.62,3.45,M,M
OMA,2025-11-07 05:52,46.00,37.00,70.62,11.50,M,M
OMA,2025-11-07 06:52,45.00,34.00,65.12,6.90,25000.00,M
OMA,2025-11-07 07:52,47.00,35.00,62.83,4.60,11000.00,M
OMA,2025-11-07 08:52,52.00,36.00,54.25,3.45,10000.00,M
OMA,2025-11-07 09:52,59.00,36.00,42.08,11.50,14000.00,M
OMA,2025-11-07 10:52,61.00,35.00,37.66,14.95,14000.00,M
OMA,2025-11-07 11:52,64.00,33.00,31.29,13.80,15000.00,M
OMA,2025-11-07 12:52,66.00,34.00,30.37,17.25,25000.00,29.90
OMA,2025-11-07 13:52,66.00,34.00,30.37,14.95,25000.00,M
OMA,2025-11-07 14:52,66.00,34.00,30.37,13.80,25000.00,M
OMA,2025-11-07 15:52,64.00,33.00,31.29,14.95,M,M
OMA,2025-11-07 16:52,60.00,34.00,37.50,12.65,M,M
OMA,2025-11-07 17:52,51.00,34.00,51.99,16.10,25000.00,M
OMA,2025-11-07 18:52,49.00,37.00,63.09,11.50,25000.00,M
OMA,2025-11-07 19:52,44.00,36.00,73.25,9.20,M,M
OMA,2025-11-07 20:52,43.00,35.00,73.15,11.50,M,M
OMA,2025-11-07 21:52,41.00,34.00,75.92,6.90,25000.00,M
OMA,2025-11-07 22:52,40.00,33.00,75.83,3.45,25000.00,M
OMA,2025-11-08 00:52,39.00,32.00,75.73,0.00,25000.00,M
OMA,2025-11-08 01:52,38.00,33.00,81.99,3.45,19000.00,M
OMA,2025-11-08 02:52,38.00,32.00,78.76,0.00,12000.00,M
OMA,2025-11-08 03:52,38.00,32.00,78.76,0.00,9000.00,M
OMA,2025-11-08 04:52,38.00,32.00,78.76,5.75,6500.00,M
OMA,2025-11-08 05:52,38.00,34.00,85.35,4.60,5500.00,M
OMA,2025-11-08 06:52,38.00,34.00,85.35,11.50,7000.00,M
OMA,2025-11-08 07:49,37.40,35.60,93.13,4.60,1300.00,M
OMA,2025-11-08 07:52,38.00,35.00,88.82,4.60,1300.00,M
OMA,2025-11-08 08:52,38.00,36.00,92.42,6.90,1200.00,M
OMA,2025-11-08 09:49,37.40,35.60,93.13,8.05,800.00,M
OMA,2025-11-08 09:52,38.00,36.00,92.42,8.05,800.00,M
OMA,2025-11-08 09:59,37.00,36.00,96.12,9.20,800.00,M
OMA,2025-11-08 10:52,36.00,35.00,96.11,14.95,800.00,M
OMA,2025-11-08 11:52,38.00,35.00,88.82,14.95,700.00,M
OMA,2025-11-08 12:52,38.00,36.00,92.42,12.65,700.00,M
OMA,2025-11-08 13:36,39.00,36.00,88.87,16.10,1000.00,M
OMA,2025-11-08 13:52,39.00,36.00,88.87,13.80,1000.00,M
OMA,2025-11-08 14:52,39.00,35.00,85.41,16.10,1200.00,M
OMA,2025-11-08 14:59,39.00,35.00,85.41,13.80,1200.00,M
OMA,2025-11-08 15:52,38.00,35.00,88.82,12.65,1200.00,M
OMA,2025-11-08 16:25,38.00,35.00,88.82,16.10,1200.00,M
OMA,2025-11-08 16:52,37.00,34.00,88.77,13.80,1200.00,M
OMA,2025-11-08 17:27,37.00,33.00,85.28,19.55,1300.00,M
OMA,2025-11-08 17:52,36.00,32.00,85.22,20.70,1500.00,M
OMA,2025-11-08 18:19,35.00,31.00,85.16,18.40,1400.00,32.20
OMA,2025-11-08 18:33,35.00,31.00,85.16,14.95,1600.00,32.20
OMA,2025-11-08 18:45,34.00,31.00,88.62,18.40,1300.00,33.35
OMA,2025-11-08 18:52,34.00,30.00,85.10,20.70,1300.00,33.35
OMA,2025-11-08 19:52,34.00,30.00,85.10,18.40,1200.00,M
OMA,2025-11-08 20:52,33.00,28.00,81.62,18.40,1900.00,35.65
OMA,2025-11-08 21:52,33.00,28.00,81.62,17.25,1900.00,29.90
OMA,2025-11-08 22:52,33.00,27.00,78.32,16.10,2200.00,29.90
OMA,2025-11-08 23:52,32.00,26.00,78.23,24.15,2400.00,33.35
OMA,2025-11-09 00:52,31.00,24.00,74.95,20.70,2500.00,33.35
OMA,2025-11-09 01:49,28.40,19.40,68.59,24.15,2400.00,42.55
OMA,2025-11-09 01:52,28.00,20.00,71.54,27.60,2400.00,42.55
OMA,2025-11-09 02:52,25.00,18.00,74.34,18.40,3700.00,41.40
OMA,2025-11-09 03:52,26.00,17.00,68.30,21.85,2900.00,35.65
OMA,2025-11-09 04:52,26.00,17.00,68.30,18.40,2800.00,33.35
OMA,2025-11-09 05:52,26.00,18.00,71.31,17.25,2800.00,M
OMA,2025-11-09 06:52,26.00,17.00,68.30,16.10,3100.00,M
OMA,2025-11-09 07:13,26.00,17.00,68.30,14.95,2900.00,M
OMA,2025-11-09 07:52,25.00,16.00,68.18,19.55,2900.00,29.90
OMA,2025-11-09 08:32,26.00,14.00,59.93,17.25,3200.00,31.05
OMA,2025-11-09 08:52,26.00,14.00,59.93,25.30,3200.00,33.35
OMA,2025-11-09 09:52,27.00,12.00,52.65,25.30,3400.00,37.95
OMA,2025-11-09 11:52,28.00,16.00,60.22,18.40,3100.00,M
OMA,2025-11-09 12:15,28.00,15.00,57.65,19.55,2900.00,M
OMA,2025-11-09 12:41,29.00,15.00,55.33,18.40,3100.00,M
OMA,2025-11-09 12:52,30.00,15.00,53.12,14.95,3100.00,M
OMA,2025-11-09 13:52,31.00,15.00,51.01,23.00,3500.00,32.20
OMA,2025-11-09 15:52,30.00,16.00,55.49,19.55,3400.00,M
OMA,2025-11-09 16:52,28.00,15.00,57.65,18.40,3400.00,M
OMA,2025-11-09 17:52,26.00,16.00,65.40,14.95,M,M
OMA,2025-11-09 18:52,23.00,16.00,74.13,9.20,M,M
OMA,2025-11-09 19:52,24.00,17.00,74.24,10.35,M,M
OMA,2025-11-09 20:52,24.00,16.00,71.08,11.50,M,M
OMA,2025-11-09 21:52,21.00,16.00,80.67,5.75,M,M
OMA,2025-11-09 22:52,22.00,17.00,80.75,8.05,3600.00,M
OMA,2025-11-09 23:52,23.00,17.00,77.42,10.35,3500.00,M
OMA,2025-11-10 00:52,24.00,18.00,77.51,10.35,3200.00,M
OMA,2025-11-10 01:25,24.00,18.00,77.51,11.50,2900.00,M
OMA,2025-11-10 01:52,25.00,18.00,74.34,10.35,2600.00,M
OMA,2025-11-10 02:52,25.00,18.00,74.34,11.50,2500.00,M
OMA,2025-11-10 03:52,26.00,16.00,65.40,11.50,2500.00,M
OMA,2025-11-10 04:44,24.00,15.00,68.05,10.35,2500.00,M
OMA,2025-11-10 04:52,23.00,16.00,74.13,8.05,2600.00,M
OMA,2025-11-10 05:52,19.00,15.00,84.11,6.90,2500.00,M
OMA,2025-11-10 06:52,19.00,15.00,84.11,5.75,M,M
OMA,2025-11-10 07:52,22.00,17.00,80.75,4.60,25000.00,M
OMA,2025-11-10 08:52,26.00,18.00,71.31,8.05,15000.00,M
OMA,2025-11-10 09:52,29.00,17.00,60.36,5.75,15000.00,M
OMA,2025-11-10 10:52,30.00,16.00,55.49,3.45,2800.00,M
OMA,2025-11-10 11:52,33.00,16.00,49.15,5.75,2500.00,M
OMA,2025-11-10 12:52,34.00,16.00,47.22,5.75,3000.00,M
OMA,2025-11-10 13:52,34.00,15.00,45.20,5.75,25000.00,M
OMA,2025-11-10 14:52,35.00,15.00,43.44,10.35,15000.00,M
OMA,2025-11-10 15:52,36.00,14.00,39.96,10.35,15000.00,M
OMA,2025-11-10 16:52,35.00,15.00,43.44,9.20,15000.00,M
OMA,2025-11-10 18:52,32.00,16.00,51.17,8.05,25000.00,M
OMA,2025-11-10 19:52,31.00,17.00,55.64,11.50,25000.00,M
OMA,2025-11-10 20:52,31.00,18.00,58.09,11.50,25000.00,M
OMA,2025-11-10 21:52,32.00,18.00,55.79,13.80,23000.00,M
OMA,2025-11-10 22:52,32.00,19.00,58.24,14.95,23000.00,M
OMA,2025-11-10 23:52,32.00,20.00,60.78,12.65,23000.00,M
OMA,2025-11-11 00:52,32.00,20.00,60.78,16.10,20000.00,M
OMA,2025-11-11 01:52,32.00,20.00,60.78,14.95,22000.00,M
OMA,2025-11-11 02:52,32.00,21.00,63.43,13.80,25000.00,M
OMA,2025-11-11 03:52,35.00,21.00,56.24,17.25,14000.00,M
OMA,2025-11-11 04:52,36.00,22.00,56.39,10.35,15000.00,M
OMA,2025-11-11 05:52,38.00,22.00,52.11,9.20,15000.00,M
OMA,2025-11-11 06:52,38.00,22.00,52.11,6.90,15000.00,M
OMA,2025-11-11 07:52,38.00,23.00,54.36,5.75,15000.00,M
OMA,2025-11-11 08:52,40.00,24.00,52.43,8.05,15000.00,M
OMA,2025-11-11 09:52,44.00,26.00,48.84,4.60,15000.00,M
OMA,2025-11-11 10:52,51.00,28.00,40.76,8.05,15000.00,M
OMA,2025-11-11 11:52,57.00,32.00,38.53,9.20,18000.00,M
OMA,2025-11-11 12:52,61.00,35.00,37.66,5.75,17000.00,M
OMA,2025-11-11 13:52,65.00,38.00,36.85,10.35,17000.00,M
OMA,2025-11-11 14:52,65.00,39.00,38.32,9.20,17000.00,M
OMA,2025-11-11 15:52,65.00,38.00,36.85,6.90,25000.00,M
OMA,2025-11-11 16:52,58.00,37.00,45.37,6.90,25000.00,M
OMA,2025-11-11 17:52,53.00,37.00,54.40,3.45,25000.00,M
OMA,2025-11-11 18:52,50.00,37.00,60.78,0.00,M,M
OMA,2025-11-11 19:52,43.00,37.00,79.18,4.60,M,M
OMA,2025-11-11 20:52,43.00,36.00,76.11,0.00,M,M
OMA,2025-11-11 21:52,40.00,36.00,85.47,5.75,M,M
OMA,2025-11-11 22:52,39.00,35.00,85.41,0.00,M,M
OMA,2025-11-11 23:52,36.00,35.00,96.11,3.45,M,M
OMA,2025-11-12 00:52,35.00,32.00,88.67,3.45,M,M
OMA,2025-11-12 01:52,35.00,33.00,92.32,4.60,M,M
OMA,2025-11-12 02:52,34.00,31.00,88.62,0.00,M,M
OMA,2025-11-12 03:52,33.00,31.00,92.25,0.00,M,M
OMA,2025-11-12 04:52,32.00,32.00,100.00,3.45,M,M
OMA,2025-11-12 05:52,31.00,31.00,100.00,0.00,M,M
OMA,2025-11-12 06:52,32.00,30.00,92.21,0.00,25000.00,M
OMA,2025-11-12 07:52,33.00,32.00,96.05,0.00,25000.00,M
OMA,2025-11-12 08:52,40.00,35.00,82.14,0.00,25000.00,M
OMA,2025-11-12 09:52,46.00,36.00,67.89,4.60,M,M
OMA,2025-11-12 10:52,51.00,37.00,58.57,3.45,M,M
OMA,2025-11-12 11:52,56.00,37.00,48.77,4.60,25000.00,M
OMA,2025-11-12 12:52,59.00,37.00,43.78,5.75,25000.00,M
OMA,2025-11-12 13:52,59.00,37.00,43.78,12.65,1000.00,M
OMA,2025-11-12 14:52,59.00,37.00,43.78,8.05,1000.00,M
OMA,2025-11-12 15:52,56.00,34.00,43.29,5.75,1000.00,M
OMA,2025-11-12 16:52,55.00,36.00,48.61,0.00,1000.00,M
OMA,2025-11-12 17:52,49.00,35.00,58.28,0.00,25000.00,M
OMA,2025-11-12 18:52,46.00,35.00,65.24,0.00,25000.00,M
OMA,2025-11-12 19:52,43.00,35.00,73.15,0.00,25000.00,M
OMA,2025-11-12 20:52,42.00,34.00,73.05,0.00,25000.00,M
OMA,2025-11-12 21:52,40.00,35.00,82.14,0.00,25000.00,M
OMA,2025-11-12 22:52,35.00,33.00,92.32,4.60,25000.00,M
OMA,2025-11-12 23:52,36.00,33.00,88.72,3.45,25000.00,M
OMA,2025-11-13 00:52,36.00,32.00,85.22,3.45,25000.00,M
OMA,2025-11-13 01:52,36.00,32.00,85.22,0.00,M,M
OMA,2025-11-13 03:52,40.00,35.00,82.14,3.45,22000.00,M
OMA,2025-11-13 04:52,42.00,35.00,76.02,10.35,25000.00,M
OMA,2025-11-13 05:52,43.00,35.00,73.15,10.35,25000.00,M
OMA,2025-11-13 06:52,41.00,34.00,75.92,8.05,24000.00,M
OMA,2025-11-13 07:52,44.00,36.00,73.25,9.20,24000.00,M
OMA,2025-11-13 09:52,54.00,37.00,52.45,16.10,25000.00,M
OMA,2025-11-13 10:52,59.00,39.00,47.35,10.35,25000.00,M
OMA,2025-11-13 11:52,64.00,40.00,41.26,11.50,25000.00,M
OMA,2025-11-13 12:52,68.00,40.00,35.92,11.50,25000.00,M
OMA,2025-11-13 13:52,70.00,40.00,33.54,9.20,25000.00,M
OMA,2025-11-13 14:52,71.00,39.00,31.18,10.35,25000.00,M
OMA,2025-11-13 15:52,70.00,40.00,33.54,9.20,M,M
OMA,2025-11-13 16:52,67.00,40.00,37.17,4.60,M,M
OMA,2025-11-13 17:52,57.00,39.00,50.88,5.75,M,M
OMA,2025-11-13 18:52,55.00,42.00,61.46,8.05,M,M
OMA,2025-11-13 19:52,53.00,42.00,66.11,4.60,M,M
OMA,2025-11-13 20:52,52.00,42.00,68.59,5.75,M,M
OMA,2025-11-13 21:52,50.00,42.00,73.86,8.05,M,M
OMA,2025-11-13 22:52,49.00,42.00,76.67,5.75,M,M
OMA,2025-11-13 23:52,47.00,42.00,82.65,8.05,M,M
OMA,2025-11-14 00:52,48.00,43.00,82.72,8.05,M,M
OMA,2025-11-14 01:52,48.00,44.00,85.95,6.90,M,M
OMA,2025-11-14 02:52,45.00,43.00,92.64,6.90,M,M
OMA,2025-11-14 03:52,44.00,43.00,96.24,8.05,M,M
OMA,2025-11-14 04:52,44.00,43.00,96.24,8.05,M,M
OMA,2025-11-14 05:52,45.00,44.00,96.26,8.05,M,M
OMA,2025-11-14 06:52,45.00,45.00,100.00,9.20,M,M
OMA,2025-11-14 07:52,48.00,47.00,96.31,11.50,M,M
OMA,2025-11-14 08:52,51.00,48.00,89.42,10.35,25000.00,M
OMA,2025-11-14 09:52,56.00,50.00,80.23,9.20,25000.00,M
OMA,2025-11-14 10:31,58.00,50.00,74.65,3.45,M,M
OMA,2025-11-14 10:38,59.00,50.00,72.02,0.00,M,M
OMA,2025-11-14 11:52,68.00,50.00,52.54,12.65,25000.00,M
OMA,2025-11-14 12:52,71.00,48.00,44.01,12.65,25000.00,M
OMA,2025-11-14 13:52,75.00,47.00,37.05,12.65,25000.00,M
OMA,2025-11-14 14:49,75.20,48.20,38.50,13.80,0.00,M
OMA,2025-11-14 14:52,76.00,48.00,37.21,12.65,0.00,M
OMA,2025-11-14 15:52,74.00,49.00,41.29,11.50,0.00,M
OMA,2025-11-14 16:52,71.00,50.00,47.42,13.80,25000.00,M
OMA,2025-11-14 17:52,65.00,50.00,58.28,9.20,25000.00,M
OMA,2025-11-14 18:52,61.00,50.00,67.08,11.50,25000.00,M
OMA,2025-11-14 19:52,62.00,49.00,62.38,11.50,25000.00,M
OMA,2025-11-14 20:52,65.00,49.00,56.15,10.35,25000.00,M
OMA,2025-11-14 21:52,60.00,48.00,64.50,8.05,20000.00,M
OMA,2025-11-14 22:52,59.00,49.00,69.39,11.50,25000.00,M
OMA,2025-11-14 23:52,58.00,49.00,71.92,11.50,25000.00,M
OMA,2025-11-15 00:52,58.00,48.00,69.28,8.05,M,M
OMA,2025-11-15 01:52,59.00,48.00,66.84,6.90,18000.00,M
OMA,2025-11-15 02:52,58.00,46.00,64.25,5.75,18000.00,M
OMA,2025-11-15 03:52,55.00,44.00,66.36,0.00,18000.00,M
OMA,2025-11-15 04:52,53.00,43.00,68.71,5.75,18000.00,M
OMA,2025-11-15 05:52,56.00,38.00,50.72,13.80,18000.00,M
OMA,2025-11-15 06:52,50.00,39.00,65.75,13.80,13000.00,M
OMA,2025-11-15 07:52,49.00,39.00,68.24,10.35,13000.00,M
OMA,2025-11-15 08:52,54.00,41.00,61.32,8.05,17000.00,M
OMA,2025-11-15 09:52,60.00,41.00,49.39,9.20,25000.00,M
OMA,2025-11-15 10:52,64.00,43.00,46.33,19.55,25000.00,M
OMA,2025-11-15 11:52,67.00,44.00,43.37,12.65,25000.00,M
OMA,2025-11-15 12:52,68.00,46.00,45.22,13.80,25000.00,M
OMA,2025-11-15 13:52,68.00,46.00,45.22,11.50,25000.00,M
OMA,2025-11-15 14:52,67.00,44.00,43.37,16.10,5000.00,M
OMA,2025-11-15 15:52,65.00,45.00,48.29,18.40,5000.00,M
OMA,2025-11-15 16:52,60.00,44.00,55.43,11.50,25000.00,M
OMA,2025-11-15 17:52,54.00,42.00,63.74,8.05,25000.00,M
OMA,2025-11-15 18:52,52.00,41.00,65.99,11.50,25000.00,M
OMA,2025-11-15 19:52,48.00,40.00,73.66,9.20,25000.00,M
OMA,2025-11-15 20:52,46.00,38.00,73.46,5.75,25000.00,M
OMA,2025-11-15 21:52,44.00,37.00,76.21,8.05,25000.00,M
OMA,2025-11-15 22:52,41.00,35.00,79.01,6.90,25000.00,M
OMA,2025-11-15 23:52,41.00,35.00,79.01,5.75,25000.00,M
OMA,2025-11-16 00:52,40.00,35.00,82.14,6.90,25000.00,M
OMA,2025-11-16 01:52,38.00,34.00,85.35,4.60,25000.00,M
OMA,2025-11-16 02:52,37.00,34.00,88.77,5.75,25000.00,M
OMA,2025-11-16 03:52,37.00,33.00,85.28,5.75,25000.00,M
OMA,2025-11-16 04:52,33.00,32.00,96.05,6.90,25000.00,M
OMA,2025-11-16 05:52,33.00,31.00,92.25,4.60,25000.00,M
OMA,2025-11-16 06:52,31.00,30.00,96.02,3.45,9500.00,M
OMA,2025-11-16 07:52,34.00,31.00,88.62,0.00,9000.00,M
OMA,2025-11-16 08:52,40.00,32.00,72.84,0.00,9000.00,M
OMA,2025-11-16 09:52,45.00,22.00,39.76,8.05,9000.00,M
OMA,2025-11-16 10:52,45.00,21.00,38.11,6.90,9000.00,M
OMA,2025-11-16 11:52,47.00,23.00,38.45,5.75,9000.00,M
OMA,2025-11-16 12:52,51.00,23.00,33.11,3.45,7000.00,M
OMA,2025-11-16 13:52,53.00,21.00,28.27,3.45,7000.00,M
OMA,2025-11-16 14:52,53.00,21.00,28.27,4.60,7000.00,M
OMA,2025-11-16 15:52,54.00,18.00,23.97,5.75,7000.00,M
OMA,2025-11-16 16:52,51.00,20.00,29.16,8.05,7000.00,M
OMA,2025-11-16 17:52,47.00,22.00,36.86,4.60,M,M
OMA,2025-11-16 18:52,44.00,23.00,43.09,5.75,M,M
OMA,2025-11-16 19:52,45.00,22.00,39.76,6.90,M,M
OMA,2025-11-16 20:52,44.00,21.00,39.59,6.90,M,M
OMA,2025-11-16 21:52,43.00,22.00,42.92,6.90,M,M
OMA,2025-11-16 22:52,41.00,22.00,46.36,8.05,M,M
OMA,2025-11-16 23:52,40.00,22.00,48.20,6.90,M,M
OMA,2025-11-17 00:52,39.00,21.00,48.03,6.90,M,M
OMA,2025-11-17 01:52,42.00,21.00,42.75,8.05,M,M
OMA,2025-11-17 02:52,42.00,21.00,42.75,8.05,M,M
OMA,2025-11-17 03:52,42.00,20.00,40.97,10.35,M,M
OMA,2025-11-17 04:52,45.00,19.00,35.00,13.80,15000.00,M
OMA,2025-11-17 05:52,43.00,19.00,37.78,9.20,15000.00,M
OMA,2025-11-17 06:52,42.00,19.00,39.26,11.50,15000.00,M
OMA,2025-11-17 07:52,43.00,20.00,39.43,11.50,4000.00,M
OMA,2025-11-17 08:52,47.00,20.00,33.86,14.95,3600.00,M
OMA,2025-11-17 09:52,49.00,22.00,34.20,17.25,4100.00,M
OMA,2025-11-17 10:52,53.00,25.00,33.45,13.80,4500.00,M
OMA,2025-11-17 11:52,58.00,28.00,31.58,19.55,4500.00,M
OMA,2025-11-17 12:52,58.00,28.00,31.58,17.25,3400.00,M
OMA,2025-11-17 13:52,58.00,28.00,31.58,20.70,3000.00,M
OMA,2025-11-17 14:06,58.00,29.00,32.90,17.25,2800.00,M
OMA,2025-11-17 14:52,58.00,30.00,34.27,19.55,2900.00,M
OMA,2025-11-17 15:32,57.00,32.00,38.53,17.25,3000.00,31.05
OMA,2025-11-17 15:52,57.00,31.00,37.00,14.95,3200.00,31.05
OMA,2025-11-17 16:52,58.00,32.00,37.17,13.80,3700.00,M
OMA,2025-11-17 17:52,58.00,31.00,35.70,11.50,4000.00,M
OMA,2025-11-17 18:52,57.00,31.00,37.00,10.35,4400.00,M
OMA,2025-11-17 19:52,55.00,33.00,43.13,11.50,4500.00,M
OMA,2025-11-17 20:52,54.00,39.00,56.73,16.10,4500.00,M
OMA,2025-11-17 21:22,54.00,39.00,56.73,13.80,3500.00,M
OMA,2025-11-17 21:52,52.00,40.00,63.48,16.10,2000.00,M
OMA,2025-11-17 22:11,50.00,43.00,76.76,17.25,3000.00,31.05
OMA,2025-11-17 22:29,50.00,44.00,79.76,4.60,2500.00,31.05
OMA,2025-11-17 22:43,50.00,43.00,76.76,8.05,2500.00,31.05
OMA,2025-11-17 23:11,48.00,44.00,85.95,6.90,4000.00,M
OMA,2025-11-17 23:52,47.00,43.00,85.89,3.45,4200.00,M
OMA,2025-11-18 00:52,44.00,41.00,89.10,11.50,M,M
OMA,2025-11-18 01:52,40.00,38.00,92.48,6.90,M,M
OMA,2025-11-18 02:52,39.00,37.00,92.45,6.90,M,M
OMA,2025-11-18 03:52,37.00,36.00,96.12,9.20,M,M
OMA,2025-11-18 04:52,37.00,35.00,92.38,8.05,25000.00,M
OMA,2025-11-18 05:52,37.00,35.00,92.38,8.05,13000.00,M
OMA,2025-11-18 06:52,36.00,35.00,96.11,11.50,13000.00,M
OMA,2025-11-18 07:52,36.00,35.00,96.11,9.20,13000.00,M
OMA,2025-11-18 08:52,40.00,38.00,92.48,12.65,500.00,M
OMA,2025-11-18 09:52,43.00,39.00,85.65,12.65,800.00,M
OMA,2025-11-18 10:36,46.00,41.00,82.57,14.95,1200.00,M
OMA,2025-11-18 10:52,45.00,40.00,82.50,12.65,1200.00,M
OMA,2025-11-18 11:52,45.00,40.00,82.50,14.95,1300.00,M
OMA,2025-11-18 12:52,45.00,40.00,82.50,13.80,1400.00,M
OMA,2025-11-18 13:52,45.00,40.00,82.50,10.35,1500.00,M
OMA,2025-11-18 14:11,45.00,40.00,82.50,9.20,1400.00,M
OMA,2025-11-18 14:52,44.00,39.00,82.43,8.05,1400.00,M
OMA,2025-11-18 15:52,44.00,39.00,82.43,9.20,1600.00,M
OMA,2025-11-18 16:52,44.00,38.00,79.27,9.20,1500.00,M
OMA,2025-11-18 17:52,43.00,39.00,85.65,6.90,1600.00,M
OMA,2025-11-18 18:52,43.00,39.00,85.65,8.05,1500.00,M
OMA,2025-11-18 19:52,42.00,40.00,92.55,4.60,1900.00,M
OMA,2025-11-18 20:52,42.00,40.00,92.55,4.60,1000.00,M
OMA,2025-11-18 21:45,42.00,40.00,92.55,4.60,900.00,M
OMA,2025-11-18 21:52,42.00,40.00,92.55,4.60,900.00,M
OMA,2025-11-18 22:42,41.00,40.00,96.19,4.60,1400.00,M
OMA,2025-11-18 22:52,41.00,40.00,96.19,4.60,1300.00,M
OMA,2025-11-18 23:14,41.00,40.00,96.19,5.75,500.00,M
OMA,2025-11-18 23:25,41.00,40.00,96.19,6.90,700.00,M
OMA,2025-11-18 23:52,41.00,41.00,100.00,5.75,400.00,M
OMA,2025-11-19 00:52,41.00,40.00,96.19,3.45,400.00,M
OMA,2025-11-19 01:52,41.00,40.00,96.19,3.45,400.00,M
OMA,2025-11-19 02:12,41.00,40.00,96.19,0.00,600.00,M
OMA,2025-11-19 02:43,41.00,40.00,96.19,4.60,400.00,M
OMA,2025-11-19 02:52,41.00,40.00,96.19,4.60,400.00,M
OMA,2025-11-19 03:52,41.00,40.00,96.19,3.45,500.00,M
OMA,2025-11-19 04:52,41.00,40.00,96.19,3.45,400.00,M
OMA,2025-11-19 05:52,41.00,40.00,96.19,3.45,400.00,M
OMA,2025-11-19 06:52,41.00,40.00,96.19,3.45,400.00,M
OMA,2025-11-19 07:15,41.00,41.00,100.00,0.00,600.00,M
OMA,2025-11-19 07:52,41.00,41.00,100.00,3.45,600.00,M
OMA,2025-11-19 08:52,42.00,41.00,96.21,0.00,600.00,M
OMA,2025-11-19 09:52,42.00,41.00,96.21,3.45,700.00,M
OMA,2025-11-19 10:09,42.00,40.00,92.55,5.75,600.00,M
OMA,2025-11-19 10:52,43.00,40.00,89.05,4.60,1400.00,M
OMA,2025-11-19 11:52,43.00,38.00,82.36,6.90,1400.00,M
OMA,2025-11-19 12:41,44.00,38.00,79.27,3.45,1500.00,M
OMA,2025-11-19 12:52,44.00,37.00,76.21,0.00,1500.00,M
OMA,2025-11-19 13:52,45.00,39.00,79.35,4.60,1500.00,M
OMA,2025-11-19 14:52,45.00,38.00,76.30,6.90,1800.00,M
OMA,2025-11-19 15:52,45.00,39.00,79.35,9.20,2100.00,M
OMA,2025-11-19 16:10,45.00,39.00,79.35,11.50,2000.00,M
OMA,2025-11-19 16:52,44.00,39.00,82.43,9.20,18000.00,M
OMA,2025-11-19 17:52,43.00,39.00,85.65,9.20,12000.00,M
OMA,2025-11-19 18:52,43.00,39.00,85.65,8.05,12000.00,M
OMA,2025-11-19 19:52,41.00,38.00,88.96,0.00,18000.00,M
OMA,2025-11-19 20:52,40.00,38.00,92.48,8.05,12000.00,M
OMA,2025-11-19 21:52,39.00,38.00,96.16,4.60,25000.00,M
OMA,2025-11-19 22:52,40.00,39.00,96.18,4.60,4800.00,M
OMA,2025-11-19 23:52,40.00,38.00,92.48,5.75,4500.00,M
OMA,2025-11-20 00:52,40.00,38.00,92.48,5.75,4500.00,M
OMA,2025-11-20 01:52,38.00,37.00,96.14,6.90,25000.00,M
OMA,2025-11-20 02:52,37.00,36.00,96.12,3.45,M,M
OMA,2025-11-20 03:52,38.00,37.00,96.14,0.00,M,M
OMA,2025-11-20 04:20,36.00,36.00,100.00,0.00,1400.00,M
OMA,2025-11-20 04:23,35.00,34.00,96.09,0.00,1300.00,M
OMA,2025-11-20 04:28,36.00,35.00,96.11,0.00,1000.00,M
OMA,2025-11-20 04:52,36.00,36.00,100.00,3.45,1000.00,M
OMA,2025-11-20 04:59,34.00,34.00,100.00,0.00,800.00,M
OMA,2025-11-20 05:52,36.00,36.00,100.00,0.00,900.00,M
OMA,2025-11-20 06:05,36.00,35.00,96.11,0.00,1300.00,M
OMA,2025-11-20 06:27,32.00,32.00,100.00,4.60,1200.00,M
OMA,2025-11-20 06:40,33.00,33.00,100.00,4.60,900.00,M
OMA,2025-11-20 06:43,32.00,32.00,100.00,5.75,600.00,M
OMA,2025-11-20 06:52,32.00,32.00,100.00,6.90,500.00,M
OMA,2025-11-20 07:16,33.00,33.00,100.00,3.45,400.00,M
OMA,2025-11-20 07:28,31.00,31.00,100.00,5.75,400.00,M
OMA,2025-11-20 07:52,32.00,32.00,100.00,5.75,200.00,M
OMA,2025-11-20 08:30,36.00,35.00,96.11,9.20,300.00,M
OMA,2025-11-20 08:33,36.00,36.00,100.00,10.35,300.00,M
OMA,2025-11-20 08:52,37.00,37.00,100.00,16.10,200.00,M
OMA,2025-11-20 09:24,38.00,38.00,100.00,10.35,200.00,M
OMA,2025-11-20 09:52,39.00,39.00,100.00,8.05,200.00,M
OMA,2025-11-20 10:52,41.00,41.00,100.00,9.20,200.00,M
OMA,2025-11-20 11:24,41.00,41.00,100.00,9.20,200.00,M
OMA,2025-11-20 11:52,41.00,41.00,100.00,5.75,300.00,M
OMA,2025-11-20 12:12,42.00,41.00,96.21,4.60,300.00,M
OMA,2025-11-20 12:40,42.00,42.00,100.00,5.75,200.00,M
OMA,2025-11-20 12:52,43.00,42.00,96.23,9.20,300.00,M
OMA,2025-11-20 13:52,43.00,42.00,96.23,9.20,200.00,M
OMA,2025-11-20 14:19,43.00,42.00,96.23,11.50,400.00,M
OMA,2025-11-20 14:32,43.00,42.00,96.23,13.80,500.00,M
OMA,2025-11-20 14:52,43.00,42.00,96.23,10.35,600.00,M
OMA,2025-11-20 15:52,44.00,42.00,92.61,8.05,600.00,M
OMA,2025-11-20 16:52,44.00,42.00,92.61,11.50,600.00,M
OMA,2025-11-20 17:52,44.00,42.00,92.61,6.90,500.00,M
OMA,2025-11-20 18:52,44.00,42.00,92.61,9.20,600.00,M
OMA,2025-11-20 19:52,44.00,42.00,92.61,10.35,600.00,M
OMA,2025-11-20 21:52,44.00,41.00,89.10,8.05,800.00,M
OMA,2025-11-20 22:52,44.00,42.00,92.61,8.05,800.00,M
OMA,2025-11-20 23:16,44.00,42.00,92.61,4.60,1000.00,M
OMA,2025-11-20 23:52,45.00,41.00,85.77,4.60,1200.00,M
OMA,2025-11-21 00:49,42.80,41.00,93.29,6.90,1400.00,M
OMA,2025-11-21 01:45,43.00,41.00,92.58,6.90,900.00,M
OMA,2025-11-21 01:52,42.00,41.00,96.21,6.90,900.00,M
OMA,2025-11-21 02:52,42.00,41.00,96.21,6.90,18000.00,M
OMA,2025-11-21 03:52,41.00,40.00,96.19,8.05,18000.00,M
OMA,2025-11-21 04:06,41.00,40.00,96.19,4.60,900.00,M
OMA,2025-11-21 04:08,41.00,40.00,96.19,4.60,900.00,M
OMA,2025-11-21 04:52,42.00,40.00,92.55,6.90,900.00,M
OMA,2025-11-21 05:52,42.00,39.00,89.01,8.05,1000.00,M
OMA,2025-11-21 06:09,42.00,38.00,85.59,6.90,1100.00,M
OMA,2025-11-21 06:52,42.00,37.00,82.29,6.90,10000.00,M
OMA,2025-11-21 07:52,41.00,35.00,79.01,6.90,11000.00,M
OMA,2025-11-21 08:52,42.00,34.00,73.05,5.75,6000.00,M
OMA,2025-11-21 09:52,42.00,34.00,73.05,6.90,8000.00,M
OMA,2025-11-21 10:52,43.00,34.00,70.29,6.90,5500.00,M
OMA,2025-11-21 11:52,46.00,33.00,60.23,9.20,6000.00,M
OMA,2025-11-21 13:52,44.00,35.00,70.40,9.20,8000.00,M
OMA,2025-11-21 14:52,43.00,37.00,79.18,5.75,8000.00,M
OMA,2025-11-21 15:52,44.00,36.00,73.25,9.20,5500.00,M
OMA,2025-11-21 16:52,43.00,36.00,76.11,5.75,7500.00,M
OMA,2025-11-21 17:52,42.00,36.00,79.10,5.75,7500.00,M
OMA,2025-11-21 18:52,41.00,36.00,82.21,6.90,7000.00,M
OMA,2025-11-21 19:52,40.00,34.00,78.93,6.90,7000.00,M
OMA,2025-11-21 20:52,35.00,31.00,85.16,4.60,12000.00,M
OMA,2025-11-21 21:52,34.00,31.00,88.62,5.75,12000.00,M
OMA,2025-11-21 22:52,34.00,31.00,88.62,3.45,12000.00,M
OMA,2025-11-22 00:52,33.00,30.00,88.57,5.75,12000.00,M
OMA,2025-11-22 01:52,33.00,31.00,92.25,4.60,12000.00,M
OMA,2025-11-22 02:52,33.00,30.00,88.57,5.75,12000.00,M
OMA,2025-11-22 03:52,33.00,30.00,88.57,6.90,12000.00,M
OMA,2025-11-22 04:52,32.00,30.00,92.21,6.90,25000.00,M
OMA,2025-11-22 05:52,33.00,31.00,92.25,9.20,25000.00,M
OMA,2025-11-22 06:52,34.00,31.00,88.62,6.90,25000.00,M
OMA,2025-11-22 07:52,35.00,31.00,85.16,10.35,25000.00,M
OMA,2025-11-22 08:52,40.00,34.00,78.93,9.20,25000.00,M
OMA,2025-11-22 09:52,48.00,38.00,68.12,8.05,25000.00,M
OMA,2025-11-22 10:52,54.00,41.00,61.32,10.35,25000.00,M
OMA,2025-11-22 11:52,59.00,42.00,53.20,12.65,25000.00,M
OMA,2025-11-22 12:52,63.00,43.00,47.98,13.80,25000.00,M
OMA,2025-11-22 13:52,66.00,45.00,46.64,13.80,25000.00,M
OMA,2025-11-22 14:52,64.00,44.00,48.14,11.50,20000.00,M
OMA,2025-11-22 15:52,62.00,45.00,53.65,4.60,25000.00,M
OMA,2025-11-22 16:52,56.00,44.00,63.99,9.20,25000.00,M
OMA,2025-11-22 18:52,49.00,39.00,68.24,6.90,M,M
OMA,2025-11-22 19:52,45.00,38.00,76.30,9.20,M,M
OMA,2025-11-22 20:52,42.00,37.00,82.29,5.75,M,M
OMA,2025-11-22 21:52,38.00,35.00,88.82,6.90,M,M
OMA,2025-11-22 22:52,36.00,34.00,92.35,6.90,M,M
OMA,2025-11-22 23:52,39.00,35.00,85.41,4.60,M,M
OMA,2025-11-23 00:52,36.00,34.00,92.35,5.75,M,M
OMA,2025-11-23 01:52,33.00,31.00,92.25,0.00,M,M
OMA,2025-11-23 02:52,35.00,34.00,96.09,0.00,M,M
OMA,2025-11-23 02:58,34.00,33.00,96.07,0.00,100.00,M
OMA,2025-11-23 03:05,34.00,34.00,100.00,0.00,100.00,M
OMA,2025-11-23 03:41,32.00,31.00,96.04,0.00,M,M
OMA,2025-11-23 03:48,33.80,32.00,93.02,0.00,M,M
OMA,2025-11-23 04:52,31.00,29.00,92.18,0.00,M,M
OMA,2025-11-23 05:10,32.00,30.00,92.21,0.00,200.00,M
OMA,2025-11-23 05:52,32.00,31.00,96.04,4.60,M,M
OMA,2025-11-23 06:52,34.00,33.00,96.07,3.45,M,M
OMA,2025-11-23 07:52,33.00,32.00,96.05,0.00,M,M
OMA,2025-11-23 08:52,38.00,35.00,88.82,3.45,M,M
OMA,2025-11-23 09:52,43.00,37.00,79.18,6.90,M,M
OMA,2025-11-23 10:52,49.00,37.00,63.09,9.20,M,M
OMA,2025-11-23 11:52,54.00,39.00,56.73,10.35,M,M
OMA,2025-11-23 12:52,57.00,39.00,50.88,11.50,M,M
OMA,2025-11-23 13:52,59.00,37.00,43.78,11.50,M,M
OMA,2025-11-23 14:52,60.00,38.00,43.94,12.65,M,M
OMA,2025-11-23 15:52,60.00,40.00,47.51,10.35,25000.00,M
OMA,2025-11-23 16:52,56.00,43.00,61.59,11.50,25000.00,M
OMA,2025-11-23 17:52,51.00,43.00,73.96,9.20,25000.00,M
OMA,2025-11-23 18:52,52.00,45.00,76.94,11.50,25000.00,M
OMA,2025-11-23 19:52,52.00,46.00,79.92,6.90,25000.00,M
OMA,2025-11-23 20:52,53.00,46.00,77.03,12.65,25000.00,M
OMA,2025-11-23 21:52,51.00,46.00,82.93,10.35,15000.00,M
OMA,2025-11-23 22:52,50.00,46.00,86.06,10.35,15000.00,M
OMA,2025-11-23 23:52,50.00,45.00,82.86,11.50,15000.00,M
OMA,2025-11-24 00:52,50.00,45.00,82.86,11.50,13000.00,M
OMA,2025-11-24 01:52,48.00,44.00,85.95,10.35,13000.00,M
OMA,2025-11-24 02:52,48.00,45.00,89.28,11.50,13000.00,M
OMA,2025-11-24 03:52,48.00,45.00,89.28,11.50,10000.00,M
OMA,2025-11-24 04:52,48.00,45.00,89.28,8.05,8500.00,M
OMA,2025-11-24 05:52,48.00,45.00,89.28,10.35,7500.00,M
OMA,2025-11-24 06:52,48.00,46.00,92.74,6.90,4300.00,M
OMA,2025-11-24 07:18,48.00,46.00,92.74,6.90,700.00,M
OMA,2025-11-24 07:34,47.00,46.00,96.29,6.90,500.00,M
OMA,2025-11-24 07:52,47.00,46.00,96.29,8.05,500.00,M
OMA,2025-11-24 08:52,48.00,47.00,96.31,6.90,500.00,M
OMA,2025-11-24 09:52,49.00,47.00,92.77,9.20,500.00,M
OMA,2025-11-24 10:52,50.00,48.00,92.80,9.20,600.00,M
OMA,2025-11-24 11:04,50.00,48.00,92.80,6.90,600.00,M
OMA,2025-11-24 11:52,50.00,49.00,96.34,5.75,500.00,M
OMA,2025-11-24 12:11,50.00,49.00,96.34,4.60,500.00,M
OMA,2025-11-24 12:26,50.00,49.00,96.34,0.00,500.00,M
OMA,2025-11-24 12:52,51.00,50.00,96.36,6.90,500.00,M
OMA,2025-11-24 12:54,51.00,49.00,92.83,8.05,400.00,M
OMA,2025-11-24 13:00,51.00,49.00,92.83,6.90,400.00,M
OMA,2025-11-24 13:05,51.00,50.00,96.36,5.75,400.00,M
OMA,2025-11-24 13:14,51.00,50.00,96.36,5.75,400.00,M
OMA,2025-11-24 13:37,51.00,49.00,92.83,4.60,400.00,M
OMA,2025-11-24 13:52,51.00,49.00,92.83,4.60,400.00,M
OMA,2025-11-24 14:52,51.00,50.00,96.36,5.75,700.00,M
OMA,2025-11-24 16:52,51.00,50.00,96.36,0.00,300.00,M
OMA,2025-11-24 17:52,51.00,50.00,96.36,3.45,1100.00,M
OMA,2025-11-24 18:02,51.00,50.00,96.36,0.00,900.00,M
OMA,2025-11-24 18:52,50.00,50.00,100.00,0.00,900.00,M
OMA,2025-11-24 19:23,50.00,50.00,100.00,3.45,900.00,M
OMA,2025-11-24 19:49,50.00,50.00,100.00,0.00,300.00,M
OMA,2025-11-24 19:52,50.00,50.00,100.00,0.00,300.00,M
OMA,2025-11-24 20:40,50.00,49.00,96.34,0.00,600.00,M
OMA,2025-11-24 20:52,50.00,50.00,100.00,0.00,400.00,M
OMA,2025-11-24 21:52,51.00,50.00,96.36,0.00,300.00,M
OMA,2025-11-24 22:21,50.00,50.00,100.00,4.60,300.00,M
OMA,2025-11-24 22:52,49.00,49.00,100.00,4.60,900.00,M
OMA,2025-11-24 23:52,50.00,50.00,100.00,0.00,600.00,M
OMA,2025-11-25 00:52,50.00,50.00,100.00,0.00,900.00,M
OMA,2025-11-25 01:11,50.00,49.00,96.34,0.00,1000.00,M
OMA,2025-11-25 01:43,50.00,49.00,96.34,3.45,1400.00,M
OMA,2025-11-25 01:52,50.00,49.00,96.34,3.45,1400.00,M
OMA,2025-11-25 02:08,50.00,49.00,96.34,3.45,1000.00,M
OMA,2025-11-25 02:13,50.00,49.00,96.34,3.45,800.00,M
OMA,2025-11-25 02:26,50.00,50.00,100.00,3.45,900.00,M
OMA,2025-11-25 02:52,50.00,50.00,100.00,3.45,700.00,M
OMA,2025-11-25 03:24,50.00,50.00,100.00,3.45,700.00,M
OMA,2025-11-25 03:52,50.00,50.00,100.00,0.00,1900.00,M
OMA,2025-11-25 04:01,50.00,50.00,100.00,0.00,600.00,M
OMA,2025-11-25 04:19,51.00,50.00,96.36,3.45,500.00,M
OMA,2025-11-25 04:52,51.00,50.00,96.36,3.45,500.00,M
OMA,2025-11-25 05:52,50.00,50.00,100.00,5.75,500.00,M
OMA,2025-11-25 06:52,51.00,50.00,96.36,3.45,800.00,M
OMA,2025-11-25 07:52,51.00,49.00,92.83,3.45,700.00,M
OMA,2025-11-25 08:11,51.00,49.00,92.83,4.60,700.00,M
OMA,2025-11-25 08:40,51.00,49.00,92.83,21.85,700.00,M
OMA,2025-11-25 08:52,49.00,47.00,92.77,18.40,700.00,M
OMA,2025-11-25 09:52,45.00,39.00,79.35,23.00,700.00,35.65
OMA,2025-11-25 10:16,47.00,39.00,73.56,24.15,700.00,33.35
OMA,2025-11-25 10:52,49.00,39.00,68.24,19.55,2800.00,37.95
OMA,2025-11-25 11:52,48.00,33.00,55.86,27.60,3200.00,39.10
OMA,2025-11-25 13:52,48.00,27.00,43.75,28.75,4600.00,42.55
OMA,2025-11-25 14:52,46.00,27.00,47.17,25.30,4900.00,49.45
OMA,2025-11-25 15:52,43.00,26.00,50.75,26.45,4700.00,48.30
OMA,2025-11-25 16:52,40.00,24.00,52.43,32.20,4700.00,52.90
OMA,2025-11-25 17:52,39.00,26.00,59.25,25.30,3700.00,56.35
OMA,2025-11-25 18:52,38.00,24.00,56.69,32.20,3800.00,49.45
OMA,2025-11-25 19:52,35.00,23.00,61.20,33.35,3800.00,58.65
OMA,2025-11-25 20:52,34.00,23.00,63.69,20.70,3800.00,54.05
OMA,2025-11-25 22:52,34.00,22.00,61.06,28.75,3300.00,46.00
OMA,2025-11-25 23:52,34.00,22.00,61.06,29.90,M,47.15
OMA,2025-11-26 00:52,34.00,24.00,66.42,17.25,3500.00,41.40
OMA,2025-11-26 01:52,35.00,22.00,58.67,27.60,3800.00,51.75
OMA,2025-11-26 02:52,33.00,21.00,60.92,20.70,4200.00,43.70
OMA,2025-11-26 03:52,32.00,22.00,66.17,25.30,4000.00,37.95
OMA,2025-11-26 05:52,30.00,21.00,68.78,17.25,3300.00,39.10
OMA,2025-11-26 06:52,30.00,20.00,65.92,18.40,3500.00,M
OMA,2025-11-26 07:52,30.00,21.00,68.78,16.10,3000.00,M
OMA,2025-11-26 08:52,30.00,21.00,68.78,14.95,3000.00,M
OMA,2025-11-26 09:04,31.00,21.00,66.04,18.40,2900.00,M
OMA,2025-11-26 09:52,32.00,21.00,63.43,20.70,2900.00,M
OMA,2025-11-26 10:52,34.00,21.00,58.53,20.70,2800.00,M
OMA,2025-11-26 11:25,35.00,20.00,53.90,17.25,3100.00,M
OMA,2025-11-26 11:52,37.00,21.00,51.96,17.25,3100.00,M
OMA,2025-11-26 13:52,39.00,21.00,48.03,14.95,3500.00,M
OMA,2025-11-26 14:52,38.00,21.00,49.95,14.95,3500.00,M
OMA,2025-11-26 16:52,32.00,21.00,63.43,11.50,3800.00,M
OMA,2025-11-26 17:52,30.00,21.00,68.78,8.05,3800.00,M
OMA,2025-11-26 18:52,29.00,22.00,74.75,8.05,18000.00,M
OMA,2025-11-26 19:52,29.00,20.00,68.66,8.05,17000.00,M
OMA,2025-11-26 20:52,28.00,19.00,68.54,6.90,17000.00,M
OMA,2025-11-26 21:52,28.00,19.00,68.54,9.20,22000.00,M
OMA,2025-11-26 22:52,25.00,18.00,74.34,4.60,22000.00,M
OMA,2025-11-26 23:52,25.00,18.00,74.34,3.45,M,M
OMA,2025-11-27 00:52,23.00,18.00,80.83,3.45,M,M
OMA,2025-11-27 02:52,23.00,18.00,80.83,0.00,9000.00,M
OMA,2025-11-27 03:52,23.00,18.00,80.83,0.00,8500.00,M
OMA,2025-11-27 04:52,24.00,18.00,77.51,0.00,9000.00,M
OMA,2025-11-27 05:52,26.00,16.00,65.40,0.00,7500.00,M
OMA,2025-11-27 06:52,26.00,19.00,74.44,0.00,7500.00,M
OMA,2025-11-27 07:52,26.00,18.00,71.31,0.00,7500.00,M
OMA,2025-11-27 08:52,27.00,18.00,68.42,0.00,7500.00,M
OMA,2025-11-27 09:52,29.00,18.00,63.02,0.00,6000.00,M
OMA,2025-11-27 10:52,31.00,19.00,60.64,0.00,6500.00,M
OMA,2025-11-27 11:52,35.00,19.00,51.64,4.60,6000.00,M
OMA,2025-11-27 12:52,38.00,15.00,38.58,5.75,6500.00,M
OMA,2025-11-27 13:52,39.00,16.00,38.75,10.35,6500.00,M
OMA,2025-11-27 14:52,39.00,16.00,38.75,8.05,M,M
OMA,2025-11-27 15:52,39.00,16.00,38.75,10.35,M,M
OMA,2025-11-27 16:52,32.00,17.00,53.43,6.90,M,M
OMA,2025-11-27 17:52,32.00,19.00,58.24,10.35,M,M
OMA,2025-11-27 18:52,28.00,18.00,65.66,6.90,M,M
OMA,2025-11-27 19:52,26.00,19.00,74.44,6.90,M,M
OMA,2025-11-27 20:52,25.00,19.00,77.60,9.20,M,M
OMA,2025-11-27 21:52,24.00,18.00,77.51,10.35,M,M
OMA,2025-11-27 22:52,22.00,18.00,84.31,3.45,21000.00,M
OMA,2025-11-27 23:52,22.00,17.00,80.75,6.90,18000.00,M
OMA,2025-11-28 00:52,18.00,15.00,87.80,6.90,18000.00,M
OMA,2025-11-28 01:52,20.00,16.00,84.18,3.45,M,M
OMA,2025-11-28 02:52,19.00,16.00,87.85,3.45,M,M
OMA,2025-11-28 03:52,19.00,16.00,87.85,0.00,15000.00,M
OMA,2025-11-28 04:52,21.00,18.00,87.96,0.00,12000.00,M
OMA,2025-11-28 05:52,21.00,18.00,87.96,3.45,11000.00,M
OMA,2025-11-28 07:52,23.00,16.00,74.13,8.05,9000.00,M
OMA,2025-11-28 08:52,24.00,15.00,68.05,8.05,9000.00,M
OMA,2025-11-28 09:52,24.00,15.00,68.05,10.35,7500.00,M
OMA,2025-11-28 10:52,25.00,14.00,62.47,14.95,8000.00,M
OMA,2025-11-28 11:52,26.00,14.00,59.93,13.80,7500.00,M
OMA,2025-11-28 12:52,27.00,14.00,57.50,13.80,7000.00,M
OMA,2025-11-28 13:52,28.00,14.00,55.18,18.40,6000.00,M
OMA,2025-11-28 14:52,28.00,14.00,55.18,17.25,5000.00,M
OMA,2025-11-28 15:36,28.00,14.00,55.18,14.95,4300.00,M
OMA,2025-11-28 15:52,28.00,14.00,55.18,16.10,4300.00,M
OMA,2025-11-28 16:21,28.00,15.00,57.65,13.80,4600.00,M
OMA,2025-11-28 16:39,28.00,15.00,57.65,17.25,5000.00,M
OMA,2025-11-28 16:52,28.00,15.00,57.65,16.10,5000.00,M
OMA,2025-11-28 17:23,28.00,15.00,57.65,16.10,5500.00,M
OMA,2025-11-28 17:52,28.00,14.00,55.18,11.50,3600.00,M
OMA,2025-11-28 18:01,28.00,14.00,55.18,10.35,3900.00,M
OMA,2025-11-28 18:37,28.00,16.00,60.22,11.50,4900.00,M
OMA,2025-11-28 18:52,28.00,16.00,60.22,11.50,6000.00,M
OMA,2025-11-28 19:52,28.00,16.00,60.22,8.05,5500.00,M
OMA,2025-11-28 20:26,27.00,18.00,68.42,16.10,2600.00,M
OMA,2025-11-28 20:52,26.00,21.00,81.07,10.35,2400.00,M
OMA,2025-11-28 21:21,26.00,22.00,84.58,11.50,2900.00,M
OMA,2025-11-28 21:25,26.00,22.00,84.58,10.35,2900.00,M
OMA,2025-11-28 21:35,26.00,22.00,84.58,11.50,2900.00,M
OMA,2025-11-28 21:52,26.00,21.00,81.07,14.95,2800.00,M
OMA,2025-11-28 22:27,26.00,22.00,84.58,11.50,1500.00,M
OMA,2025-11-28 22:52,26.00,23.00,88.22,9.20,1400.00,M
OMA,2025-11-28 23:12,26.00,23.00,88.22,10.35,1300.00,M
OMA,2025-11-28 23:52,26.00,24.00,92.00,12.65,1000.00,M
OMA,2025-11-29 00:36,27.00,24.00,88.27,11.50,900.00,M
OMA,2025-11-29 00:52,27.00,25.00,92.04,10.35,900.00,M
OMA,2025-11-29 01:33,27.00,25.00,92.04,10.35,1100.00,M
OMA,2025-11-29 01:52,27.00,25.00,92.04,10.35,1100.00,M
OMA,2025-11-29 02:52,28.00,25.00,88.32,8.05,1000.00,M
OMA,2025-11-29 03:39,28.00,26.00,92.07,9.20,900.00,M
OMA,2025-11-29 03:52,28.00,26.00,92.07,10.35,900.00,M
OMA,2025-11-29 04:04,28.00,26.00,92.07,8.05,900.00,M
OMA,2025-11-29 04:35,28.00,26.00,92.07,0.00,900.00,M
OMA,2025-11-29 04:52,28.00,26.00,92.07,0.00,1000.00,M
OMA,2025-11-29 05:10,28.00,27.00,95.96,4.60,800.00,M
OMA,2025-11-29 05:52,27.00,26.00,95.95,9.20,1000.00,M
OMA,2025-11-29 06:08,27.00,26.00,95.95,10.35,1200.00,M
OMA,2025-11-29 06:33,27.00,26.00,95.95,10.35,900.00,M
OMA,2025-11-29 06:52,27.00,26.00,95.95,10.35,900.00,M
OMA,2025-11-29 07:01,27.00,26.00,95.95,11.50,1700.00,M
OMA,2025-11-29 07:18,27.00,25.00,92.04,13.80,800.00,M
OMA,2025-11-29 07:50,26.60,24.80,92.80,12.65,800.00,M
OMA,2025-11-29 07:52,26.00,25.00,95.93,11.50,800.00,M
OMA,2025-11-29 08:52,26.00,24.00,92.00,14.95,800.00,M
OMA,2025-11-29 09:52,26.00,24.00,92.00,12.65,800.00,M
OMA,2025-11-29 10:52,27.00,24.00,88.27,14.95,900.00,M
OMA,2025-11-29 11:07,26.00,24.00,92.00,17.25,900.00,M
OMA,2025-11-29 11:39,26.00,23.00,88.22,18.40,1000.00,M
OMA,2025-11-29 11:52,26.00,23.00,88.22,20.70,1000.00,M
OMA,2025-11-29 11:59,26.00,23.00,88.22,17.25,1100.00,M
OMA,2025-11-29 12:33,26.00,23.00,88.22,18.40,1000.00,M
OMA,2025-11-29 12:52,26.00,23.00,88.22,18.40,1200.00,M
OMA,2025-11-29 13:14,26.00,23.00,88.22,21.85,1200.00,M
OMA,2025-11-29 13:52,26.00,22.00,84.58,23.00,1200.00,32.20
OMA,2025-11-29 14:16,26.00,21.00,81.07,25.30,1600.00,34.50
OMA,2025-11-29 14:47,26.60,21.20,79.76,25.30,1700.00,34.50
OMA,2025-11-29 14:52,26.00,21.00,81.07,26.45,1700.00,34.50
OMA,2025-11-29 15:37,26.00,21.00,81.07,26.45,1700.00,36.80
OMA,2025-11-29 15:52,25.00,21.00,84.51,25.30,1700.00,36.80
OMA,2025-11-29 16:24,25.00,20.00,80.99,25.30,1600.00,41.40
OMA,2025-11-29 16:52,24.00,19.00,80.91,23.00,1800.00,43.70
OMA,2025-11-29 17:52,24.00,19.00,80.91,24.15,2000.00,37.95
OMA,2025-11-29 18:22,22.00,17.00,80.75,25.30,2000.00,33.35
OMA,2025-11-29 18:32,22.00,17.00,80.75,21.85,2000.00,33.35
OMA,2025-11-29 18:44,22.00,18.00,84.31,21.85,2000.00,33.35
OMA,2025-11-29 18:52,23.00,18.00,80.83,23.00,2000.00,33.35
OMA,2025-11-29 19:52,22.00,17.00,80.75,27.60,2100.00,37.95
OMA,2025-11-29 20:52,22.00,16.00,77.32,25.30,2200.00,39.10
OMA,2025-11-29 21:52,20.00,14.00,77.14,24.15,2200.00,40.25
OMA,2025-11-29 22:52,18.00,13.00,80.42,20.70,2300.00,36.80
OMA,2025-11-29 23:23,17.00,12.00,80.34,19.55,2000.00,29.90
OMA,2025-11-29 23:52,16.00,11.00,80.26,18.40,2000.00,29.90
OMA,2025-11-30 00:52,16.00,10.00,76.75,20.70,2000.00,29.90
OMA,2025-11-30 01:52,15.00,9.00,76.66,19.55,2000.00,M
OMA,2025-11-30 02:42,15.00,10.00,80.17,25.30,1800.00,34.50
OMA,2025-11-30 02:52,16.00,10.00,76.75,23.00,1800.00,36.80
OMA,2025-11-30 03:52,17.00,10.00,73.50,20.70,2200.00,34.50
OMA,2025-11-30 04:52,17.00,11.00,76.85,17.25,2200.00,34.50
OMA,2025-11-30 05:52,18.00,11.00,73.60,14.95,2300.00,M
OMA,2025-11-30 06:52,18.00,11.00,73.60,16.10,2400.00,M
OMA,2025-11-30 07:52,19.00,11.00,70.51,16.10,2700.00,M
OMA,2025-11-30 08:52,19.00,11.00,70.51,14.95,2500.00,M
OMA,2025-11-30 09:52,20.00,12.00,70.63,11.50,2000.00,M
OMA,2025-11-30 10:49,21.20,12.20,67.71,12.65,2400.00,M
OMA,2025-11-30 10:52,22.00,13.00,67.81,17.25,2400.00,M
OMA,2025-11-30 11:43,21.00,12.00,67.68,16.10,2200.00,M
OMA,2025-11-30 11:52,22.00,12.00,64.88,16.10,2200.00,M
OMA,2025-11-30 12:44,22.00,13.00,67.81,12.65,2300.00,M
OMA,2025-11-30 12:52,22.00,13.00,67.81,12.65,2300.00,M
OMA,2025-11-30 13:52,22.00,13.00,67.81,10.35,2400.00,M
OMA,2025-11-30 14:52,22.00,13.00,67.81,11.50,2400.00,M
OMA,2025-11-30 15:35,21.00,14.00,73.92,10.35,2200.00,M
OMA,2025-11-30 15:45,21.00,14.00,73.92,11.50,2200.00,M
OMA,2025-11-30 15:52,21.00,14.00,73.92,10.35,2200.00,M
OMA,2025-11-30 16:52,20.00,14.00,77.14,6.90,2100.00,M
OMA,2025-11-30 17:52,20.00,14.00,77.14,6.90,2600.00,M
OMA,2025-11-30 18:52,19.00,13.00,77.04,6.90,2500.00,M
OMA,2025-11-30 19:52,19.00,14.00,80.51,6.90,2400.00,M
OMA,2025-11-30 20:52,19.00,14.00,80.51,5.75,2300.00,M
OMA,2025-11-30 21:52,19.00,14.00,80.51,0.00,2200.00,M
OMA,2025-11-30 22:52,19.00,14.00,80.51,0.00,2100.00,M
OMA,2025-11-30 23:52,19.00,14.00,80.51,0.00,2100.00,M
OMA,2025-12-01 00:52,20.00,13.00,73.82,3.45,1900.00,M
OMA,2025-12-01 01:52,19.00,14.00,80.51,6.90,2100.00,M
OMA,2025-12-01 02:52,19.00,13.00,77.04,5.75,1800.00,M
OMA,2025-12-01 03:52,19.00,14.00,80.51,5.75,1800.00,M
OMA,2025-12-01 04:52,19.00,14.00,80.51,5.75,2100.00,M
OMA,2025-12-01 05:36,19.00,14.00,80.51,5.75,2000.00,M
OMA,2025-12-01 05:52,19.00,14.00,80.51,5.75,2000.00,M
OMA,2025-12-01 06:52,19.00,14.00,80.51,8.05,3500.00,M
OMA,2025-12-01 07:04,19.00,15.00,84.11,8.05,3100.00,M
OMA,2025-12-01 07:52,18.00,15.00,87.80,6.90,3800.00,M
OMA,2025-12-01 08:07,18.00,15.00,87.80,8.05,4400.00,M
OMA,2025-12-01 08:18,18.00,15.00,87.80,8.05,3400.00,M
OMA,2025-12-01 08:23,19.00,15.00,84.11,9.20,3200.00,M
OMA,2025-12-01 08:35,19.00,15.00,84.11,9.20,2600.00,M
OMA,2025-12-01 08:52,19.00,16.00,87.85,9.20,2300.00,M
OMA,2025-12-01 09:17,19.00,16.00,87.85,5.75,2900.00,M
OMA,2025-12-01 09:52,20.00,16.00,84.18,9.20,3800.00,M
OMA,2025-12-01 09:55,20.00,16.00,84.18,9.20,3800.00,M
OMA,2025-12-01 10:17,20.00,16.00,84.18,6.90,3600.00,M
OMA,2025-12-01 10:40,21.00,17.00,84.25,6.90,3300.00,M
OMA,2025-12-01 10:52,21.00,17.00,84.25,8.05,2700.00,M
OMA,2025-12-01 11:20,22.00,17.00,80.75,6.90,1600.00,M
OMA,2025-12-01 11:52,23.00,17.00,77.42,11.50,1600.00,M
OMA,2025-12-01 12:08,23.00,17.00,77.42,10.35,1600.00,M
OMA,2025-12-01 12:20,23.00,16.00,74.13,8.05,1700.00,M
OMA,2025-12-01 12:52,23.00,17.00,77.42,8.05,1800.00,M
OMA,2025-12-01 14:52,24.00,17.00,74.24,8.05,2000.00,M
OMA,2025-12-01 15:10,24.00,17.00,74.24,10.35,1900.00,M
OMA,2025-12-01 15:52,24.00,17.00,74.24,10.35,2000.00,M
OMA,2025-12-01 16:52,23.00,17.00,77.42,8.05,1800.00,M
OMA,2025-12-01 17:52,22.00,17.00,80.75,4.60,1800.00,M
OMA,2025-12-01 18:52,21.00,16.00,80.67,4.60,25000.00,M
OMA,2025-12-01 19:52,17.00,15.00,91.67,6.90,M,M
OMA,2025-12-01 20:52,16.00,14.00,91.64,9.20,M,M
OMA,2025-12-01 21:52,13.00,11.00,91.52,9.20,M,M
OMA,2025-12-01 22:52,13.00,11.00,91.52,8.05,M,M
OMA,2025-12-01 23:52,12.00,10.00,91.48,9.20,M,M
OMA,2025-12-02 00:52,11.00,9.00,91.44,8.05,M,M
OMA,2025-12-02 01:52,11.00,9.00,91.44,8.05,M,M
OMA,2025-12-02 02:52,10.00,8.00,91.40,8.05,M,M
OMA,2025-12-02 03:52,9.00,7.00,91.36,10.35,M,M
OMA,2025-12-02 04:52,10.00,7.00,87.36,8.05,M,M
OMA,2025-12-02 05:52,10.00,8.00,91.40,9.20,M,M
OMA,2025-12-02 06:52,10.00,7.00,87.36,8.05,M,M
OMA,2025-12-02 07:52,11.00,8.00,87.42,9.20,M,M
OMA,2025-12-02 08:52,14.00,11.00,87.58,10.35,25000.00,M
OMA,2025-12-02 09:52,18.00,12.00,76.95,10.35,25000.00,M
OMA,2025-12-02 10:52,21.00,15.00,77.23,12.65,25000.00,M
OMA,2025-12-02 11:52,23.00,17.00,77.42,11.50,19000.00,M
OMA,2025-12-02 12:52,27.00,19.00,71.42,11.50,20000.00,M
OMA,2025-12-02 13:52,28.00,20.00,71.54,13.80,19000.00,M
OMA,2025-12-02 14:52,30.00,21.00,68.78,13.80,18000.00,M
OMA,2025-12-02 15:52,30.00,23.00,74.85,14.95,14000.00,M
OMA,2025-12-02 16:52,30.00,24.00,78.06,12.65,18000.00,M
OMA,2025-12-02 17:52,30.00,24.00,78.06,9.20,18000.00,M
OMA,2025-12-02 18:52,32.00,26.00,78.23,8.05,18000.00,M
OMA,2025-12-02 19:52,30.00,25.00,81.39,3.45,12000.00,M
OMA,2025-12-02 20:52,29.00,25.00,84.78,5.75,18000.00,M
OMA,2025-12-02 21:52,29.00,25.00,84.78,6.90,15000.00,M
OMA,2025-12-02 22:52,27.00,24.00,88.27,9.20,18000.00,M
OMA,2025-12-02 23:52,29.00,26.00,88.37,8.05,18000.00,M
OMA,2025-12-03 00:52,29.00,26.00,88.37,4.60,19000.00,M
OMA,2025-12-03 01:52,29.00,26.00,88.37,5.75,19000.00,M
OMA,2025-12-03 02:52,27.00,25.00,92.04,4.60,19000.00,M
OMA,2025-12-03 03:17,28.00,26.00,92.07,3.45,2700.00,M
OMA,2025-12-03 03:52,29.00,27.00,92.11,0.00,2200.00,M
OMA,2025-12-03 04:27,30.00,27.00,88.43,0.00,2800.00,M
OMA,2025-12-03 04:52,30.00,27.00,88.43,0.00,1600.00,M
OMA,2025-12-03 05:07,31.00,28.00,88.48,0.00,1400.00,M
OMA,2025-12-03 05:37,33.00,31.00,92.25,9.20,1100.00,M
OMA,2025-12-03 05:52,34.00,32.00,92.28,9.20,1100.00,M
OMA,2025-12-03 06:52,35.00,32.00,88.67,11.50,1400.00,M
OMA,2025-12-03 07:04,35.00,32.00,88.67,10.35,1400.00,M
OMA,2025-12-03 07:41,34.00,31.00,88.62,10.35,1700.00,M
OMA,2025-12-03 07:52,34.00,31.00,88.62,8.05,1500.00,M
OMA,2025-12-03 08:06,34.00,31.00,88.62,8.05,1300.00,M
OMA,2025-12-03 08:32,33.00,30.00,88.57,19.55,900.00,M
OMA,2025-12-03 08:39,33.00,30.00,88.57,19.55,900.00,M
OMA,2025-12-03 08:52,32.00,29.00,88.53,20.70,900.00,M
OMA,2025-12-03 09:32,30.00,25.00,81.39,23.00,900.00,M
OMA,2025-12-03 09:49,28.40,23.00,79.91,17.25,1300.00,29.90
OMA,2025-12-03 09:52,29.00,23.00,77.97,19.55,1300.00,29.90
OMA,2025-12-03 10:52,26.00,19.00,74.44,20.70,2500.00,M
OMA,2025-12-03 11:52,23.00,16.00,74.13,19.55,2500.00,M
OMA,2025-12-03 12:52,22.00,13.00,67.81,20.70,3500.00,M
OMA,2025-12-03 13:52,20.00,11.00,67.56,19.55,25000.00,M
OMA,2025-12-03 14:52,19.00,9.00,64.48,17.25,25000.00,M
OMA,2025-12-03 15:52,19.00,8.00,61.64,17.25,25000.00,M
OMA,2025-12-03 16:52,17.00,8.00,67.18,14.95,25000.00,M
OMA,2025-12-03 17:52,14.00,8.00,76.56,10.35,25000.00,M
OMA,2025-12-03 18:52,12.00,6.00,76.36,8.05,25000.00,M
OMA,2025-12-03 19:52,12.00,6.00,76.36,8.05,M,M
OMA,2025-12-03 20:52,10.00,5.00,79.75,10.35,M,M
OMA,2025-12-03 21:52,8.00,4.00,83.33,3.45,M,M
OMA,2025-12-03 22:52,7.00,2.00,79.48,6.90,M,M
OMA,2025-12-03 23:52,6.00,0.00,75.76,6.90,M,M
OMA,2025-12-04 00:52,4.00,0.00,83.03,6.90,M,M
OMA,2025-12-04 01:52,3.00,-1.00,82.96,5.75,M,M
OMA,2025-12-04 02:52,3.00,-1.00,82.96,6.90,M,M
OMA,2025-12-04 03:52,3.00,-1.00,82.96,5.75,M,M
OMA,2025-12-04 04:52,2.00,-1.00,86.90,3.45,M,M
OMA,2025-12-04 05:52,2.00,-1.00,86.90,3.45,M,M
OMA,2025-12-04 06:52,1.00,-1.00,91.04,0.00,M,M
OMA,2025-12-04 07:26,1.00,-3.00,82.81,0.00,200.00,M
OMA,2025-12-04 07:52,2.00,-2.00,82.88,0.00,200.00,M
OMA,2025-12-04 08:52,5.00,-1.00,75.66,5.75,M,M
OMA,2025-12-04 09:52,9.00,-1.00,63.10,10.35,M,M
OMA,2025-12-04 10:52,11.00,-3.00,52.48,13.80,3500.00,M
OMA,2025-12-04 11:52,15.00,-1.00,48.37,13.80,4200.00,M
OMA,2025-12-04 12:52,17.00,1.00,48.71,13.80,4500.00,M
OMA,2025-12-04 13:52,19.00,0.00,42.65,14.95,3100.00,M
OMA,2025-12-04 14:52,19.00,2.00,46.82,18.40,3300.00,M
OMA,2025-12-04 15:52,20.00,8.00,59.06,14.95,3300.00,M
OMA,2025-12-04 16:52,20.00,9.00,61.78,14.95,18000.00,M
OMA,2025-12-04 17:52,20.00,9.00,61.78,13.80,18000.00,M
OMA,2025-12-04 18:52,18.00,10.00,70.39,10.35,18000.00,M
OMA,2025-12-04 19:52,19.00,10.00,67.43,11.50,15000.00,M
OMA,2025-12-04 20:52,18.00,10.00,70.39,16.10,18000.00,M
OMA,2025-12-04 21:52,18.00,11.00,73.60,12.65,18000.00,M
OMA,2025-12-04 22:52,19.00,11.00,70.51,13.80,18000.00,M
OMA,2025-12-04 23:52,20.00,12.00,70.63,12.65,20000.00,M
OMA,2025-12-05 00:52,20.00,13.00,73.82,12.65,20000.00,M
OMA,2025-12-05 01:52,19.00,13.00,77.04,12.65,19000.00,M
OMA,2025-12-05 02:52,18.00,13.00,80.42,12.65,19000.00,M
OMA,2025-12-05 03:52,18.00,13.00,80.42,12.65,25000.00,M
OMA,2025-12-05 04:52,19.00,14.00,80.51,9.20,21000.00,M
OMA,2025-12-05 05:52,19.00,14.00,80.51,11.50,21000.00,M
OMA,2025-12-05 06:52,20.00,15.00,80.59,10.35,16000.00,M
OMA,2025-12-05 07:52,18.00,14.00,84.04,9.20,12000.00,M
OMA,2025-12-05 08:52,22.00,16.00,77.32,6.90,10000.00,M
OMA,2025-12-05 09:52,26.00,20.00,77.69,5.75,9000.00,M
OMA,2025-12-05 10:52,32.00,23.00,69.02,6.90,9000.00,M
OMA,2025-12-05 11:52,37.00,25.00,61.48,6.90,8000.00,M
OMA,2025-12-05 12:52,39.00,26.00,59.25,5.75,8500.00,M
OMA,2025-12-05 13:52,41.00,28.00,59.53,8.05,9000.00,M
OMA,2025-12-05 14:52,43.00,31.00,62.29,11.50,9000.00,M
OMA,2025-12-05 15:52,42.00,32.00,67.41,10.35,6500.00,M
OMA,2025-12-05 16:52,41.00,32.00,70.06,8.05,6000.00,M
OMA,2025-12-05 17:52,36.00,32.00,85.22,6.90,7500.00,M
OMA,2025-12-05 18:52,38.00,33.00,81.99,13.80,4100.00,M
OMA,2025-12-05 19:23,37.00,32.00,81.92,13.80,2700.00,M
OMA,2025-12-05 19:52,37.00,31.00,78.67,16.10,2700.00,M
OMA,2025-12-05 20:43,33.00,30.00,88.57,5.75,2800.00,M
OMA,2025-12-05 20:52,33.00,30.00,88.57,5.75,2800.00,M
OMA,2025-12-05 21:52,30.00,29.00,96.00,3.45,M,M
OMA,2025-12-05 22:52,30.00,28.00,92.14,3.45,M,M
OMA,2025-12-05 23:52,26.00,25.00,95.93,3.45,M,M
OMA,2025-12-06 00:52,27.00,26.00,95.95,4.60,3100.00,M
OMA,2025-12-06 01:03,29.00,27.00,92.11,0.00,2900.00,M
OMA,2025-12-06 01:52,29.00,27.00,92.11,5.75,2400.00,M
OMA,2025-12-06 01:59,29.00,28.00,95.98,3.45,2400.00,M
OMA,2025-12-06 02:22,29.00,28.00,95.98,3.45,2000.00,M
OMA,2025-12-06 02:52,29.00,28.00,95.98,0.00,2100.00,M
OMA,2025-12-06 03:36,27.00,27.00,100.00,0.00,2200.00,M
OMA,2025-12-06 03:52,26.00,26.00,100.00,0.00,2200.00,M
OMA,2025-12-06 04:09,25.00,24.00,95.91,3.45,200.00,M
OMA,2025-12-06 04:52,25.00,24.00,95.91,3.45,300.00,M
OMA,2025-12-06 05:11,23.00,23.00,100.00,0.00,600.00,M
OMA,2025-12-06 05:32,23.00,22.00,95.87,0.00,400.00,M
OMA,2025-12-06 05:52,22.00,22.00,100.00,0.00,400.00,M
OMA,2025-12-06 06:43,24.00,23.00,95.89,3.45,200.00,M
OMA,2025-12-06 06:52,24.00,23.00,95.89,4.60,200.00,M
OMA,2025-12-06 07:13,25.00,24.00,95.91,3.45,200.00,M
OMA,2025-12-06 07:32,25.00,24.00,95.91,0.00,200.00,M
OMA,2025-12-06 07:52,26.00,25.00,95.93,0.00,200.00,M
OMA,2025-12-06 09:52,31.00,28.00,88.48,10.35,6500.00,M
OMA,2025-12-06 10:52,32.00,28.00,84.97,13.80,4600.00,M
OMA,2025-12-06 11:52,34.00,29.00,81.69,14.95,6000.00,M
OMA,2025-12-06 12:36,34.00,29.00,81.69,16.10,3400.00,M
OMA,2025-12-06 12:52,34.00,29.00,81.69,16.10,2500.00,M
OMA,2025-12-06 13:52,34.00,28.00,78.41,18.40,7000.00,M
OMA,2025-12-06 14:50,35.60,28.40,74.79,19.55,8000.00,M
OMA,2025-12-06 14:52,35.00,29.00,78.50,19.55,8000.00,M
OMA,2025-12-06 15:52,35.00,30.00,81.77,12.65,4000.00,M
OMA,2025-12-06 15:57,35.00,30.00,81.77,13.80,4000.00,M
OMA,2025-12-06 16:40,35.00,30.00,81.77,10.35,4000.00,M
OMA,2025-12-06 16:52,35.00,31.00,85.16,9.20,4000.00,M
OMA,2025-12-06 17:25,35.00,30.00,81.77,3.45,1700.00,M
OMA,2025-12-06 17:52,35.00,31.00,85.16,4.60,1600.00,M
OMA,2025-12-06 18:52,35.00,31.00,85.16,0.00,1600.00,M
OMA,2025-12-06 21:52,32.00,28.00,84.97,13.80,1500.00,M
OMA,2025-12-06 22:04,31.00,28.00,88.48,11.50,1300.00,M
OMA,2025-12-06 22:22,31.00,28.00,88.48,12.65,900.00,M
OMA,2025-12-06 22:52,30.00,27.00,88.43,12.65,800.00,M
OMA,2025-12-06 23:52,28.00,25.00,88.32,12.65,900.00,M
OMA,2025-12-07 00:52,27.00,25.00,92.04,19.55,900.00,M
OMA,2025-12-07 01:52,26.00,23.00,88.22,16.10,900.00,M
OMA,2025-12-07 02:52,26.00,23.00,88.22,18.40,900.00,M
OMA,2025-12-07 03:21,26.00,23.00,88.22,17.25,1000.00,M
OMA,2025-12-07 03:52,26.00,22.00,84.58,11.50,1200.00,M
OMA,2025-12-07 04:31,26.00,22.00,84.58,14.95,1600.00,M
OMA,2025-12-07 04:52,27.00,22.00,81.15,11.50,1600.00,M
OMA,2025-12-07 05:49,26.60,21.20,79.76,13.80,1400.00,M
OMA,2025-12-07 05:52,27.00,22.00,81.15,13.80,1400.00,M
OMA,2025-12-07 06:18,26.00,22.00,84.58,10.35,1500.00,M
OMA,2025-12-07 06:48,26.60,21.20,79.76,11.50,1300.00,M
OMA,2025-12-07 06:52,26.00,21.00,81.07,14.95,1300.00,M
OMA,2025-12-07 07:52,23.00,19.00,84.38,13.80,1300.00,M
OMA,2025-12-07 08:52,21.00,16.00,80.67,20.70,1000.00,M
OMA,2025-12-07 09:52,22.00,16.00,77.32,12.65,1300.00,M
OMA,2025-12-07 10:03,22.00,14.00,70.86,14.95,1300.00,M
OMA,2025-12-07 10:52,22.00,11.00,62.06,14.95,1500.00,M
OMA,2025-12-07 11:52,22.00,9.00,56.75,9.20,1500.00,M
OMA,2025-12-07 12:52,22.00,8.00,54.25,6.90,2600.00,M
OMA,2025-12-07 13:42,22.00,10.00,59.35,9.20,2700.00,M
OMA,2025-12-07 13:52,22.00,10.00,59.35,6.90,2700.00,M
OMA,2025-12-07 14:14,22.00,9.00,56.75,8.05,2600.00,M
OMA,2025-12-07 14:52,23.00,9.00,54.40,4.60,2600.00,M
OMA,2025-12-07 15:52,22.00,9.00,56.75,3.45,2600.00,M
OMA,2025-12-07 16:52,20.00,8.00,59.06,6.90,7000.00,M
OMA,2025-12-07 17:52,19.00,7.00,58.91,3.45,3600.00,M
OMA,2025-12-07 18:52,17.00,7.00,64.21,8.05,3600.00,M
OMA,2025-12-07 19:52,17.00,7.00,64.21,8.05,3600.00,M
OMA,2025-12-07 20:52,17.00,6.00,61.35,6.90,3600.00,M
OMA,2025-12-07 21:17,17.00,7.00,64.21,5.75,4700.00,M
OMA,2025-12-07 21:50,15.80,8.60,72.71,4.60,2700.00,M
OMA,2025-12-07 21:52,16.00,9.00,73.39,5.75,2500.00,M
OMA,2025-12-07 22:00,16.00,10.00,76.75,6.90,2300.00,M
OMA,2025-12-07 22:22,16.00,11.00,80.26,8.05,3100.00,M
OMA,2025-12-07 22:52,16.00,11.00,80.26,10.35,3400.00,M
OMA,2025-12-07 23:52,16.00,12.00,83.90,11.50,5000.00,M
OMA,2025-12-08 00:52,16.00,12.00,83.90,11.50,3600.00,M
OMA,2025-12-08 01:52,17.00,13.00,83.97,13.80,3300.00,M
OMA,2025-12-08 02:37,17.00,13.00,83.97,11.50,2800.00,M
OMA,2025-12-08 02:52,17.00,13.00,83.97,11.50,2800.00,M
OMA,2025-12-08 03:52,18.00,13.00,80.42,12.65,1800.00,M
OMA,2025-12-08 04:24,18.00,14.00,84.04,13.80,1300.00,M
OMA,2025-12-08 04:52,18.00,14.00,84.04,13.80,1200.00,M
OMA,2025-12-08 05:52,19.00,14.00,80.51,14.95,1200.00,M
OMA,2025-12-08 06:52,20.00,15.00,80.59,12.65,1000.00,M
OMA,2025-12-08 07:05,M,M,M,12.65,900.00,M
OMA,2025-12-08 07:05,20.00,15.00,80.59,13.80,900.00,M
OMA,2025-12-08 08:52,23.00,19.00,84.38,14.95,900.00,M
OMA,2025-12-08 09:52,24.00,21.00,88.12,14.95,900.00,M
OMA,2025-12-08 10:52,27.00,23.00,84.65,13.80,900.00,M
OMA,2025-12-08 11:35,28.00,24.00,84.71,12.65,900.00,M
OMA,2025-12-08 11:52,28.00,24.00,84.71,14.95,900.00,M
OMA,2025-12-08 12:13,29.00,25.00,84.78,12.65,1000.00,M
OMA,2025-12-08 12:52,31.00,26.00,81.46,14.95,1000.00,M
OMA,2025-12-08 13:52,31.00,27.00,84.90,14.95,1000.00,M
OMA,2025-12-08 14:52,32.00,28.00,84.97,18.40,1100.00,M
OMA,2025-12-08 15:52,33.00,28.00,81.62,13.80,1100.00,M
OMA,2025-12-08 16:52,33.00,29.00,85.03,9.20,1300.00,M
OMA,2025-12-08 17:16,33.00,28.00,81.62,10.35,1500.00,M
OMA,2025-12-08 17:28,32.00,28.00,84.97,9.20,1600.00,M
OMA,2025-12-08 17:52,30.00,27.00,88.43,9.20,1600.00,M
OMA,2025-12-08 18:52,29.00,27.00,92.11,10.35,20000.00,M
OMA,2025-12-08 19:52,31.00,28.00,88.48,11.50,20000.00,M
OMA,2025-12-08 20:52,31.00,28.00,88.48,9.20,20000.00,M
OMA,2025-12-08 21:52,30.00,27.00,88.43,9.20,20000.00,M
OMA,2025-12-08 22:52,30.00,28.00,92.14,8.05,18000.00,M
OMA,2025-12-08 23:52,29.00,27.00,92.11,8.05,16000.00,M
OMA,2025-12-09 00:52,30.00,28.00,92.14,8.05,16000.00,M
OMA,2025-12-09 01:52,27.00,26.00,95.95,5.75,16000.00,M
OMA,2025-12-09 02:52,28.00,26.00,92.07,6.90,M,M
OMA,2025-12-09 03:52,26.00,25.00,95.93,4.60,M,M
OMA,2025-12-09 04:52,27.00,25.00,92.04,9.20,M,M
OMA,2025-12-09 05:52,27.00,25.00,92.04,8.05,25000.00,M
OMA,2025-12-09 06:52,29.00,27.00,92.11,4.60,10000.00,M
OMA,2025-12-09 07:52,28.00,26.00,92.07,8.05,10000.00,M
OMA,2025-12-09 08:52,32.00,29.00,88.53,9.20,10000.00,M
OMA,2025-12-09 09:52,36.00,30.00,78.58,11.50,10000.00,M
OMA,2025-12-09 10:52,41.00,31.00,67.29,10.35,10000.00,M
OMA,2025-12-09 11:52,45.00,32.00,60.09,10.35,12000.00,M
OMA,2025-12-09 12:52,46.00,32.00,57.85,13.80,10000.00,M
OMA,2025-12-09 13:52,48.00,33.00,55.86,10.35,10000.00,M
OMA,2025-12-09 14:52,49.00,34.00,56.00,9.20,10000.00,M
OMA,2025-12-09 15:52,52.00,34.00,50.10,4.60,10000.00,M
OMA,2025-12-09 16:52,45.00,35.00,67.77,6.90,11000.00,M
OMA,2025-12-09 17:52,43.00,34.00,70.29,6.90,10000.00,M
OMA,2025-12-09 18:52,45.00,35.00,67.77,4.60,10000.00,M
OMA,2025-12-09 19:52,51.00,34.00,51.99,10.35,9000.00,M
OMA,2025-12-09 20:52,52.00,35.00,52.14,16.10,8500.00,M
OMA,2025-12-09 21:52,52.00,37.00,56.44,21.85,11000.00,33.35
OMA,2025-12-09 22:52,49.00,36.00,60.64,19.55,10000.00,36.80
OMA,2025-12-09 23:52,46.00,34.00,62.69,24.15,12000.00,36.80
OMA,2025-12-10 00:52,42.00,30.00,62.16,27.60,4100.00,42.55
OMA,2025-12-10 01:52,40.00,28.00,61.89,29.90,4100.00,48.30
OMA,2025-12-10 02:52,40.00,27.00,59.39,26.45,3900.00,44.85
OMA,2025-12-10 03:52,39.00,26.00,59.25,35.65,3500.00,57.50
OMA,2025-12-10 04:39,36.00,25.00,63.96,39.10,2800.00,58.65
OMA,2025-12-10 04:52,35.00,25.00,66.55,42.55,2800.00,62.10
OMA,2025-12-10 05:52,33.00,23.00,66.30,36.80,2700.00,63.25
OMA,2025-12-10 06:52,32.00,23.00,69.02,27.60,2300.00,56.35
OMA,2025-12-10 07:52,31.00,23.00,71.87,19.55,2400.00,41.40
OMA,2025-12-10 08:52,31.00,22.00,68.90,23.00,2100.00,34.50
OMA,2025-12-10 09:52,31.00,22.00,68.90,18.40,2200.00,34.50
OMA,2025-12-10 10:52,32.00,22.00,66.17,12.65,2000.00,M
OMA,2025-12-10 11:52,32.00,21.00,63.43,19.55,2300.00,29.90
OMA,2025-12-10 12:52,32.00,21.00,63.43,20.70,2200.00,M
OMA,2025-12-10 13:52,32.00,22.00,66.17,14.95,2100.00,M
OMA,2025-12-10 14:52,31.00,20.00,63.29,17.25,2300.00,M
OMA,2025-12-10 15:52,29.00,20.00,68.66,9.20,2500.00,M
OMA,2025-12-10 16:52,29.00,21.00,71.65,10.35,2500.00,M
OMA,2025-12-10 17:52,28.00,20.00,71.54,10.35,14000.00,M
OMA,2025-12-10 18:52,27.00,20.00,74.54,8.05,12000.00,M
OMA,2025-12-10 20:52,25.00,19.00,77.60,9.20,11000.00,M
OMA,2025-12-10 21:52,25.00,20.00,80.99,5.75,10000.00,M
OMA,2025-12-10 22:52,25.00,19.00,77.60,3.45,9000.00,M
OMA,2025-12-10 23:52,25.00,18.00,74.34,3.45,9000.00,M
OMA,2025-12-11 00:52,25.00,18.00,74.34,6.90,8000.00,M
OMA,2025-12-11 01:52,25.00,19.00,77.60,5.75,7500.00,M
OMA,2025-12-11 02:52,25.00,17.00,71.20,5.75,7500.00,M
OMA,2025-12-11 04:52,25.00,18.00,74.34,10.35,7500.00,M
OMA,2025-12-11 05:52,26.00,19.00,74.44,10.35,7500.00,M
OMA,2025-12-11 06:52,26.00,19.00,74.44,12.65,7000.00,M
OMA,2025-12-11 07:52,26.00,20.00,77.69,12.65,11000.00,M
OMA,2025-12-11 08:52,26.00,19.00,74.44,12.65,9000.00,M
OMA,2025-12-11 09:46,26.60,19.40,73.87,13.80,7000.00,M
OMA,2025-12-11 09:52,27.00,20.00,74.54,13.80,7000.00,M
OMA,2025-12-11 10:01,28.00,20.00,71.54,16.10,7000.00,M
OMA,2025-12-11 10:03,28.00,20.00,71.54,14.95,7000.00,M
OMA,2025-12-11 10:15,29.00,20.00,68.66,12.65,7000.00,M
OMA,2025-12-11 10:52,30.00,20.00,65.92,12.65,7000.00,M
OMA,2025-12-11 11:52,31.00,19.00,60.64,10.35,7500.00,M
OMA,2025-12-11 12:52,33.00,20.00,58.38,10.35,12000.00,M
OMA,2025-12-11 13:52,34.00,20.00,56.09,11.50,12000.00,M
OMA,2025-12-11 14:52,35.00,21.00,56.24,6.90,11000.00,M
OMA,2025-12-11 15:52,35.00,21.00,56.24,6.90,11000.00,M
OMA,2025-12-11 16:52,34.00,21.00,58.53,8.05,4600.00,M
OMA,2025-12-11 17:52,32.00,21.00,63.43,8.05,4600.00,M
OMA,2025-12-11 18:52,30.00,21.00,68.78,8.05,4300.00,M
OMA,2025-12-11 19:52,29.00,21.00,71.65,5.75,3600.00,M
OMA,2025-12-11 20:52,28.00,21.00,74.65,4.60,4000.00,M
OMA,2025-12-11 21:52,28.00,21.00,74.65,13.80,4600.00,M
OMA,2025-12-11 22:52,26.00,20.00,77.69,8.05,4700.00,M
OMA,2025-12-11 23:52,26.00,20.00,77.69,5.75,4700.00,M
OMA,2025-12-12 00:52,25.00,20.00,80.99,8.05,5000.00,M
OMA,2025-12-12 01:52,24.00,20.00,84.45,6.90,5000.00,M
OMA,2025-12-12 02:29,24.00,20.00,84.45,9.20,1200.00,M
OMA,2025-12-12 02:52,24.00,20.00,84.45,9.20,1200.00,M
OMA,2025-12-12 03:19,24.00,19.00,80.91,6.90,1400.00,M
OMA,2025-12-12 04:52,24.00,19.00,80.91,6.90,3100.00,M
OMA,2025-12-12 05:52,24.00,19.00,80.91,8.05,1200.00,M
OMA,2025-12-12 06:52,24.00,20.00,84.45,10.35,3000.00,M
OMA,2025-12-12 07:52,25.00,20.00,80.99,10.35,1900.00,M
OMA,2025-12-12 08:52,25.00,20.00,80.99,11.50,1300.00,M
OMA,2025-12-12 10:52,28.00,22.00,77.88,11.50,1300.00,M
OMA,2025-12-12 11:32,28.00,21.00,74.65,13.80,1500.00,M
OMA,2025-12-12 11:52,28.00,22.00,77.88,14.95,1500.00,M
OMA,2025-12-12 12:09,28.00,22.00,77.88,11.50,1400.00,M
OMA,2025-12-12 12:52,29.00,22.00,74.75,11.50,1500.00,M
OMA,2025-12-12 13:52,30.00,22.00,71.76,16.10,1800.00,M
OMA,2025-12-12 14:52,29.00,21.00,71.65,14.95,2100.00,M
OMA,2025-12-12 15:29,27.00,22.00,81.15,20.70,1400.00,M
OMA,2025-12-12 15:52,25.00,20.00,80.99,17.25,1100.00,M
OMA,2025-12-12 16:34,23.00,15.00,70.97,20.70,1500.00,29.90
OMA,2025-12-12 16:52,22.00,15.00,74.03,18.40,1500.00,29.90
OMA,2025-12-12 17:49,19.40,12.20,73.10,17.25,2000.00,M
OMA,2025-12-12 17:52,20.00,13.00,73.82,16.10,2000.00,M
OMA,2025-12-12 18:21,18.00,11.00,73.60,19.55,1900.00,M
OMA,2025-12-12 18:49,17.60,12.20,78.98,14.95,1800.00,M
OMA,2025-12-12 18:52,18.00,12.00,76.95,17.25,1800.00,M
OMA,2025-12-12 19:52,17.00,11.00,76.85,16.10,1800.00,M
OMA,2025-12-12 20:52,15.00,8.00,73.28,18.40,1800.00,M
OMA,2025-12-12 21:52,15.00,7.00,70.04,16.10,1600.00,M
OMA,2025-12-12 22:52,15.00,7.00,70.04,10.35,2000.00,M
OMA,2025-12-12 23:52,14.00,2.00,58.16,13.80,6500.00,M
OMA,2025-12-13 01:52,14.00,4.00,63.80,10.35,4800.00,M
OMA,2025-12-13 02:52,14.00,4.00,63.80,10.35,3900.00,M
OMA,2025-12-13 03:52,13.00,3.00,63.66,14.95,3500.00,M
OMA,2025-12-13 04:52,13.00,2.00,60.77,10.35,3300.00,M
OMA,2025-12-13 05:52,13.00,2.00,60.77,8.05,2900.00,M
OMA,2025-12-13 06:52,12.00,5.00,72.95,9.20,2000.00,M
OMA,2025-12-13 07:08,12.00,6.00,76.36,6.90,2000.00,M
OMA,2025-12-13 07:52,12.00,6.00,76.36,8.05,2300.00,M
OMA,2025-12-13 08:04,11.00,6.00,79.83,8.05,1800.00,M
OMA,2025-12-13 08:47,10.40,6.80,85.04,9.20,1600.00,M
OMA,2025-12-13 08:52,11.00,7.00,83.55,9.20,1600.00,M
OMA,2025-12-13 09:14,11.00,7.00,83.55,8.05,1800.00,M
OMA,2025-12-13 09:27,11.00,7.00,83.55,10.35,1800.00,M
OMA,2025-12-13 09:48,10.40,8.60,92.25,11.50,1300.00,M
OMA,2025-12-13 09:49,11.00,7.00,83.55,11.50,1300.00,M
OMA,2025-12-13 09:58,11.00,7.00,83.55,11.50,1500.00,M
OMA,2025-12-13 10:29,11.00,6.00,79.83,11.50,1500.00,M
OMA,2025-12-13 10:49,10.40,6.80,85.04,12.65,1500.00,M
OMA,2025-12-13 10:52,11.00,5.00,76.27,12.65,1500.00,M
OMA,2025-12-13 11:32,11.00,5.00,76.27,14.95,3100.00,M
OMA,2025-12-13 11:52,12.00,6.00,76.36,14.95,2300.00,M
OMA,2025-12-13 12:19,12.00,6.00,76.36,16.10,1600.00,M
OMA,2025-12-13 12:52,12.00,5.00,72.95,16.10,2300.00,M
OMA,2025-12-13 13:48,12.20,5.00,72.31,13.80,2000.00,M
OMA,2025-12-13 13:52,12.00,4.00,69.68,13.80,2000.00,M
OMA,2025-12-13 14:40,13.00,4.00,66.67,16.10,1500.00,M
OMA,2025-12-13 14:52,13.00,4.00,66.67,14.95,1500.00,M
OMA,2025-12-13 15:52,11.00,3.00,69.56,16.10,2000.00,M
OMA,2025-12-13 16:52,10.00,3.00,72.73,10.35,2000.00,M
OMA,2025-12-13 17:52,8.00,2.00,75.97,10.35,6000.00,M
OMA,2025-12-13 18:52,7.00,2.00,79.48,10.35,M,M
OMA,2025-12-13 19:52,8.00,0.00,69.19,13.80,M,M
OMA,2025-12-13 20:52,6.00,0.00,75.76,12.65,M,M
OMA,2025-12-13 21:52,6.00,-1.00,72.28,13.80,M,M
OMA,2025-12-13 22:52,5.00,-1.00,75.66,10.35,M,M
OMA,2025-12-13 23:52,5.00,-1.00,75.66,10.35,M,M
OMA,2025-12-14 00:52,5.00,-2.00,72.17,10.35,M,M
OMA,2025-12-14 01:52,3.00,-3.00,75.46,5.75,M,M
OMA,2025-12-14 02:52,2.00,-3.00,79.04,3.45,12000.00,M
OMA,2025-12-14 03:52,3.00,-4.00,71.94,6.90,12000.00,M
OMA,2025-12-14 04:52,2.00,-4.00,75.35,6.90,12000.00,M
OMA,2025-12-14 05:52,1.00,-5.00,75.25,8.05,M,M
OMA,2025-12-14 06:52,0.00,-6.00,75.14,3.45,18000.00,M
OMA,2025-12-14 07:52,1.00,-5.00,75.25,0.00,20000.00,M
OMA,2025-12-14 08:52,4.00,-4.00,68.69,5.75,25000.00,M
OMA,2025-12-14 09:52,7.00,-5.00,57.09,4.60,25000.00,M
OMA,2025-12-14 10:52,10.00,-3.00,54.88,5.75,25000.00,M
OMA,2025-12-14 11:52,14.00,0.00,52.97,12.65,25000.00,M
OMA,2025-12-14 12:52,17.00,1.00,48.71,11.50,25000.00,M
OMA,2025-12-14 13:52,20.00,1.00,42.82,13.80,25000.00,M
OMA,2025-12-14 14:52,21.00,2.00,42.99,16.10,25000.00,M
OMA,2025-12-14 15:52,22.00,3.00,43.17,16.10,25000.00,M
OMA,2025-12-14 16:52,21.00,3.00,45.03,13.80,25000.00,M
OMA,2025-12-14 17:52,20.00,5.00,51.52,12.65,M,M
OMA,2025-12-14 18:52,20.00,5.00,51.52,16.10,M,M
OMA,2025-12-14 19:52,20.00,6.00,53.93,14.95,M,M
OMA,2025-12-14 21:52,19.00,6.00,56.29,14.95,M,M
OMA,2025-12-14 22:52,19.00,6.00,56.29,16.10,M,M
OMA,2025-12-14 23:52,21.00,6.00,51.69,20.70,M,29.90
OMA,2025-12-15 00:52,20.00,6.00,53.93,17.25,M,29.90
OMA,2025-12-15 02:52,20.00,9.00,61.78,14.95,M,M
OMA,2025-12-15 03:52,21.00,10.00,61.92,13.80,M,M
OMA,2025-12-15 04:52,23.00,12.00,62.20,11.50,M,M
OMA,2025-12-15 05:52,23.00,13.00,65.01,9.20,M,M
OMA,2025-12-15 06:52,22.00,14.00,70.86,9.20,20000.00,M
OMA,2025-12-15 07:52,24.00,15.00,68.05,9.20,20000.00,M
OMA,2025-12-15 08:52,27.00,16.00,62.75,9.20,20000.00,M
OMA,2025-12-15 09:52,31.00,18.00,58.09,8.05,20000.00,M
OMA,2025-12-15 10:52,35.00,20.00,53.90,8.05,20000.00,M
OMA,2025-12-15 11:52,39.00,21.00,48.03,6.90,20000.00,M
OMA,2025-12-15 12:52,42.00,22.00,44.60,8.05,20000.00,M
OMA,2025-12-15 13:52,45.00,23.00,41.48,0.00,20000.00,M
OMA,2025-12-15 14:52,47.00,24.00,40.10,3.45,25000.00,M
OMA,2025-12-15 15:52,46.00,24.00,41.64,4.60,25000.00,M
OMA,2025-12-15 16:52,43.00,24.00,46.69,4.60,25000.00,M
OMA,2025-12-15 17:52,35.00,24.00,63.82,4.60,25000.00,M
OMA,2025-12-15 18:52,32.00,24.00,71.98,3.45,25000.00,M
OMA,2025-12-15 19:52,33.00,25.00,72.09,0.00,25000.00,M
OMA,2025-12-15 20:52,30.00,24.00,78.06,0.00,25000.00,M
OMA,2025-12-15 21:52,28.00,23.00,81.23,5.75,25000.00,M
OMA,2025-12-15 22:52,28.00,23.00,81.23,6.90,25000.00,M
OMA,2025-12-15 23:52,27.00,22.00,81.15,8.05,25000.00,M
OMA,2025-12-16 00:52,25.00,21.00,84.51,8.05,25000.00,M
OMA,2025-12-16 01:52,25.00,21.00,84.51,8.05,M,M
OMA,2025-12-16 02:52,25.00,21.00,84.51,9.20,M,M
OMA,2025-12-16 03:52,25.00,21.00,84.51,10.35,M,M
OMA,2025-12-16 04:52,24.00,20.00,84.45,9.20,M,M
OMA,2025-12-16 05:52,24.00,20.00,84.45,10.35,M,M
OMA,2025-12-16 06:52,25.00,22.00,88.17,10.35,M,M
OMA,2025-12-16 07:52,25.00,22.00,88.17,12.65,25000.00,M
OMA,2025-12-16 08:52,28.00,24.00,84.71,11.50,25000.00,M
OMA,2025-12-16 09:52,32.00,26.00,78.23,12.65,25000.00,M
OMA,2025-12-16 10:52,38.00,29.00,69.72,11.50,25000.00,M
OMA,2025-12-16 11:52,43.00,30.00,59.81,10.35,15000.00,M
OMA,2025-12-16 12:52,49.00,31.00,49.63,3.45,15000.00,M
OMA,2025-12-16 13:52,52.00,31.00,44.40,12.65,13000.00,M
OMA,2025-12-16 14:52,55.00,31.00,39.78,5.75,13000.00,M
OMA,2025-12-16 15:52,53.00,29.00,39.45,4.60,15000.00,M
OMA,2025-12-16 16:52,46.00,29.00,51.22,3.45,15000.00,M
OMA,2025-12-16 17:52,42.00,29.00,59.67,0.00,15000.00,M
OMA,2025-12-16 18:52,39.00,29.00,67.04,0.00,15000.00,M
OMA,2025-12-16 19:52,37.00,28.00,69.60,0.00,15000.00,M
OMA,2025-12-16 20:52,34.00,28.00,78.41,0.00,25000.00,M
OMA,2025-12-16 21:52,32.00,28.00,84.97,5.75,25000.00,M
OMA,2025-12-16 22:52,38.00,30.00,72.62,5.75,25000.00,M
OMA,2025-12-16 23:52,36.00,30.00,78.58,5.75,25000.00,M
OMA,2025-12-17 00:52,37.00,30.00,75.54,4.60,14000.00,M
OMA,2025-12-17 01:52,31.00,28.00,88.48,6.90,M,M
OMA,2025-12-17 02:52,30.00,28.00,92.14,0.00,25000.00,M
OMA,2025-12-17 03:52,28.00,25.00,88.32,0.00,25000.00,M
OMA,2025-12-17 05:52,29.00,27.00,92.11,0.00,23000.00,M
OMA,2025-12-17 06:52,29.00,27.00,92.11,0.00,23000.00,M
OMA,2025-12-17 07:52,30.00,28.00,92.14,3.45,23000.00,M
OMA,2025-12-17 08:52,30.00,27.00,88.43,6.90,15000.00,M
OMA,2025-12-17 09:52,38.00,31.00,75.64,8.05,15000.00,M
OMA,2025-12-17 10:52,43.00,32.00,64.86,11.50,15000.00,M
OMA,2025-12-17 11:52,47.00,31.00,53.50,9.20,20000.00,M
OMA,2025-12-17 12:52,51.00,29.00,42.47,12.65,25000.00,M
OMA,2025-12-17 13:52,53.00,29.00,39.45,17.25,15000.00,M
OMA,2025-12-17 14:52,53.00,31.00,42.80,18.40,15000.00,M
OMA,2025-12-17 15:52,50.00,32.00,49.79,18.40,15000.00,M
OMA,2025-12-17 16:52,47.00,32.00,55.71,11.50,15000.00,M
OMA,2025-12-17 17:52,45.00,33.00,62.56,11.50,15000.00,M
OMA,2025-12-17 18:52,48.00,34.00,58.14,18.40,15000.00,M
OMA,2025-12-17 19:52,47.00,36.00,65.37,23.00,15000.00,31.05
OMA,2025-12-17 20:52,47.00,39.00,73.56,19.55,15000.00,33.35
OMA,2025-12-17 21:52,46.00,40.00,79.43,20.70,14000.00,M
OMA,2025-12-17 22:37,46.00,41.00,82.57,16.10,1800.00,M
OMA,2025-12-17 22:52,47.00,42.00,82.65,14.95,1600.00,M
OMA,2025-12-17 23:52,51.00,45.00,79.84,17.25,1800.00,36.80
OMA,2025-12-18 00:02,50.00,45.00,82.86,13.80,1800.00,M
OMA,2025-12-18 00:32,50.00,44.00,79.76,5.75,2100.00,M
OMA,2025-12-18 01:52,48.00,44.00,85.95,6.90,7000.00,M
OMA,2025-12-18 02:52,47.00,44.00,89.24,31.05,1500.00,42.55
OMA,2025-12-18 03:03,45.00,42.00,89.15,19.55,1500.00,31.05
OMA,2025-12-18 03:48,42.80,39.20,86.99,16.10,2100.00,39.10
OMA,2025-12-18 03:52,43.00,40.00,89.05,14.95,2100.00,39.10
OMA,2025-12-18 04:52,41.00,36.00,82.21,21.85,1800.00,46.00
OMA,2025-12-18 05:52,41.00,35.00,79.01,4.60,5500.00,M
OMA,2025-12-18 06:52,42.00,33.00,70.18,8.05,12000.00,M
OMA,2025-12-18 07:52,40.00,32.00,72.84,6.90,15000.00,M
OMA,2025-12-18 08:52,42.00,30.00,62.16,17.25,15000.00,M
OMA,2025-12-18 09:52,38.00,28.00,66.92,26.45,3500.00,46.00
OMA,2025-12-18 10:52,29.00,16.00,57.80,26.45,3300.00,50.60
OMA,2025-12-18 11:52,27.00,12.00,52.65,31.05,3700.00,55.20
OMA,2025-12-18 12:52,25.00,10.00,52.33,40.25,4000.00,55.20
OMA,2025-12-18 13:33,24.00,13.00,62.34,32.20,3600.00,50.60
OMA,2025-12-18 13:52,23.00,12.00,62.20,29.90,3300.00,50.60
OMA,2025-12-18 14:09,23.00,10.00,56.90,32.20,2900.00,44.85
OMA,2025-12-18 14:24,23.00,10.00,56.90,34.50,3100.00,44.85
OMA,2025-12-18 14:52,22.00,7.00,51.85,35.65,3500.00,55.20
OMA,2025-12-18 14:57,22.00,7.00,51.85,37.95,3600.00,49.45
OMA,2025-12-18 15:10,21.00,8.00,56.59,29.90,3600.00,49.45
OMA,2025-12-18 15:37,21.00,8.00,56.59,32.20,3600.00,49.45
OMA,2025-12-18 15:52,22.00,9.00,56.75,26.45,3800.00,49.45
OMA,2025-12-18 16:52,22.00,9.00,56.75,27.60,3800.00,48.30
OMA,2025-12-18 17:52,22.00,11.00,62.06,24.15,3300.00,43.70
OMA,2025-12-18 18:52,23.00,12.00,62.20,21.85,3200.00,35.65
OMA,2025-12-18 19:52,22.00,10.00,59.35,25.30,M,39.10
OMA,2025-12-18 20:52,21.00,6.00,51.69,26.45,M,43.70
OMA,2025-12-18 21:52,20.00,5.00,51.52,17.25,M,37.95
OMA,2025-12-18 22:52,19.00,3.00,49.04,18.40,M,M
OMA,2025-12-18 23:52,18.00,0.00,44.52,14.95,M,M
OMA,2025-12-19 00:52,17.00,1.00,48.71,6.90,M,M
OMA,2025-12-19 01:52,15.00,2.00,55.67,11.50,M,M
OMA,2025-12-19 02:52,14.00,4.00,63.80,5.75,M,M
OMA,2025-12-19 03:52,16.00,0.00,48.54,10.35,M,M
OMA,2025-12-19 04:52,14.00,2.00,58.16,5.75,M,M
OMA,2025-12-19 05:52,13.00,4.00,66.67,0.00,M,M
OMA,2025-12-19 06:52,15.00,1.00,53.13,0.00,11000.00,M
OMA,2025-12-19 07:52,14.00,4.00,63.80,4.60,11000.00,M
OMA,2025-12-19 08:52,18.00,4.00,53.61,10.35,11000.00,M
OMA,2025-12-19 09:52,22.00,2.00,41.21,11.50,11000.00,M
OMA,2025-12-19 10:52,26.00,-1.00,30.29,18.40,12000.00,M
OMA,2025-12-19 11:52,31.00,-1.00,24.67,17.25,13000.00,M
OMA,2025-12-19 12:52,35.00,4.00,26.52,23.00,13000.00,29.90
OMA,2025-12-19 13:52,37.00,8.00,29.41,27.60,13000.00,39.10
OMA,2025-12-19 14:52,38.00,13.00,35.34,25.30,25000.00,36.80
OMA,2025-12-19 15:52,41.00,13.00,31.44,24.15,25000.00,33.35
OMA,2025-12-19 16:52,38.00,16.00,40.30,14.95,25000.00,31.05
OMA,2025-12-19 17:52,36.00,18.00,47.54,16.10,25000.00,M
OMA,2025-12-19 18:52,38.00,19.00,45.87,18.40,25000.00,M
OMA,2025-12-19 19:52,37.00,20.00,49.79,20.70,25000.00,M
OMA,2025-12-19 20:52,37.00,21.00,51.96,17.25,25000.00,M
OMA,2025-12-19 21:52,36.00,22.00,56.39,16.10,25000.00,M
OMA,2025-12-19 22:52,36.00,22.00,56.39,13.80,25000.00,M
OMA,2025-12-19 23:52,35.00,23.00,61.20,14.95,25000.00,M
OMA,2025-12-20 00:52,35.00,23.00,61.20,12.65,25000.00,M
OMA,2025-12-20 01:52,38.00,23.00,54.36,10.35,25000.00,M
OMA,2025-12-20 02:52,42.00,22.00,44.60,6.90,25000.00,M
OMA,2025-12-20 03:52,46.00,23.00,39.93,14.95,22000.00,M
OMA,2025-12-20 04:52,44.00,28.00,53.04,17.25,22000.00,31.05
OMA,2025-12-20 05:52,42.00,26.00,52.74,17.25,14000.00,31.05
OMA,2025-12-20 06:52,39.00,27.00,61.75,11.50,14000.00,M
OMA,2025-12-20 07:52,36.00,28.00,72.41,10.35,13000.00,M
OMA,2025-12-20 09:52,41.00,25.00,52.58,16.10,10000.00,M
OMA,2025-12-20 10:52,41.00,18.00,39.09,19.55,9500.00,31.05
OMA,2025-12-20 11:52,42.00,16.00,34.49,20.70,10000.00,33.35
OMA,2025-12-20 12:52,41.00,19.00,40.80,13.80,12000.00,31.05
OMA,2025-12-20 13:52,44.00,17.00,33.36,19.55,16000.00,M
OMA,2025-12-20 15:52,42.00,17.00,36.02,6.90,16000.00,M
OMA,2025-12-20 16:52,37.00,16.00,41.91,8.05,16000.00,M
OMA,2025-12-20 17:52,36.00,17.00,45.54,0.00,16000.00,M
OMA,2025-12-20 18:52,31.00,18.00,58.09,0.00,10000.00,M
OMA,2025-12-20 19:52,30.00,18.00,60.50,5.75,11000.00,M
OMA,2025-12-20 20:52,28.00,18.00,65.66,6.90,11000.00,M
OMA,2025-12-20 21:52,29.00,18.00,63.02,3.45,22000.00,M
OMA,2025-12-20 22:52,27.00,18.00,68.42,0.00,M,M
OMA,2025-12-20 23:52,26.00,19.00,74.44,4.60,M,M
OMA,2025-12-21 00:52,26.00,17.00,68.30,8.05,M,M
OMA,2025-12-21 01:52,24.00,17.00,74.24,10.35,M,M
OMA,2025-12-21 02:52,23.00,16.00,74.13,6.90,M,M
OMA,2025-12-21 03:52,23.00,17.00,77.42,8.05,M,M
OMA,2025-12-21 04:52,21.00,16.00,80.67,8.05,25000.00,M
OMA,2025-12-21 05:52,23.00,17.00,77.42,9.20,25000.00,M
OMA,2025-12-21 06:52,23.00,16.00,74.13,9.20,M,M
OMA,2025-12-21 07:52,22.00,17.00,80.75,9.20,12000.00,M
OMA,2025-12-21 08:52,25.00,19.00,77.60,10.35,12000.00,M
OMA,2025-12-21 09:52,32.00,21.00,63.43,11.50,12000.00,M
OMA,2025-12-21 10:52,37.00,21.00,51.96,11.50,12000.00,M
OMA,2025-12-21 11:52,44.00,18.00,34.83,21.85,8000.00,M
OMA,2025-12-21 12:52,47.00,16.00,28.50,13.80,8000.00,29.90
OMA,2025-12-21 13:52,47.00,13.00,25.00,17.25,8000.00,32.20
OMA,2025-12-21 14:52,49.00,13.00,23.19,16.10,10000.00,29.90
OMA,2025-12-21 15:52,48.00,13.00,24.07,17.25,10000.00,M
OMA,2025-12-21 16:52,44.00,15.00,30.58,16.10,10000.00,M
OMA,2025-12-21 17:52,40.00,16.00,37.27,8.05,10000.00,M
OMA,2025-12-21 18:52,38.00,16.00,40.30,12.65,25000.00,M
OMA,2025-12-21 19:52,36.00,17.00,45.54,11.50,10000.00,M
OMA,2025-12-21 20:52,40.00,16.00,37.27,14.95,10000.00,M
OMA,2025-12-21 21:52,40.00,16.00,37.27,12.65,10000.00,M
OMA,2025-12-21 22:52,41.00,16.00,35.85,13.80,10000.00,M
OMA,2025-12-21 23:52,41.00,16.00,35.85,16.10,10000.00,M
OMA,2025-12-22 00:52,41.00,16.00,35.85,9.20,15000.00,M
OMA,2025-12-22 01:52,35.00,17.00,47.38,10.35,16000.00,M
OMA,2025-12-22 02:52,37.00,17.00,43.77,12.65,16000.00,M
OMA,2025-12-22 03:52,36.00,16.00,43.60,14.95,16000.00,M
OMA,2025-12-22 04:52,37.00,17.00,43.77,12.65,16000.00,M
OMA,2025-12-22 05:52,36.00,18.00,47.54,16.10,16000.00,M
OMA,2025-12-22 06:52,37.00,20.00,49.79,13.80,16000.00,M
OMA,2025-12-22 07:52,37.00,22.00,54.21,14.95,16000.00,M
OMA,2025-12-22 08:52,39.00,24.00,54.51,11.50,16000.00,M
OMA,2025-12-22 09:52,44.00,29.00,55.26,18.40,25000.00,M
OMA,2025-12-22 10:52,47.00,34.00,60.37,16.10,25000.00,M
OMA,2025-12-22 11:52,51.00,38.00,60.92,13.80,25000.00,M
OMA,2025-12-22 12:52,54.00,39.00,56.73,17.25,25000.00,M
OMA,2025-12-22 13:52,56.00,40.00,54.85,13.80,25000.00,M
OMA,2025-12-22 14:52,59.00,41.00,51.18,12.65,25000.00,M
OMA,2025-12-22 15:52,58.00,41.00,53.05,13.80,25000.00,M
OMA,2025-12-22 16:52,55.00,41.00,59.13,10.35,25000.00,M
OMA,2025-12-22 17:52,50.00,41.00,71.06,8.05,25000.00,M
OMA,2025-12-22 18:52,48.00,40.00,73.66,9.20,25000.00,M
OMA,2025-12-22 19:52,47.00,40.00,76.49,9.20,25000.00,M
OMA,2025-12-22 20:52,44.00,40.00,85.71,10.35,25000.00,M
OMA,2025-12-22 21:52,44.00,40.00,85.71,10.35,25000.00,M
OMA,2025-12-22 22:52,43.00,39.00,85.65,8.05,25000.00,M
OMA,2025-12-23 00:52,39.00,37.00,92.45,9.20,25000.00,M
OMA,2025-12-23 01:52,42.00,37.00,82.29,0.00,25000.00,M
OMA,2025-12-23 02:52,38.00,35.00,88.82,9.20,25000.00,M
OMA,2025-12-23 03:52,39.00,33.00,78.84,8.05,25000.00,M
OMA,2025-12-23 05:52,35.00,31.00,85.16,12.65,25000.00,M
OMA,2025-12-23 06:52,35.00,31.00,85.16,9.20,25000.00,M
OMA,2025-12-23 07:52,34.00,31.00,88.62,9.20,25000.00,M
OMA,2025-12-23 08:52,36.00,31.00,81.84,9.20,25000.00,M
OMA,2025-12-23 09:52,42.00,33.00,70.18,10.35,25000.00,M
OMA,2025-12-23 10:52,45.00,33.00,62.56,9.20,25000.00,M
OMA,2025-12-23 11:52,49.00,33.00,53.80,9.20,25000.00,M
OMA,2025-12-23 12:52,52.00,34.00,50.10,6.90,25000.00,M
OMA,2025-12-23 13:52,55.00,34.00,44.89,0.00,25000.00,M
OMA,2025-12-23 14:52,57.00,34.00,41.75,5.75,25000.00,M
OMA,2025-12-23 15:52,54.00,34.00,46.56,6.90,25000.00,M
OMA,2025-12-23 16:52,47.00,34.00,60.37,9.20,25000.00,M
OMA,2025-12-23 17:52,42.00,33.00,70.18,6.90,25000.00,M
OMA,2025-12-23 18:52,42.00,34.00,73.05,4.60,25000.00,M
OMA,2025-12-23 19:52,40.00,33.00,75.83,4.60,25000.00,M
OMA,2025-12-23 20:52,41.00,32.00,70.06,3.45,25000.00,M
OMA,2025-12-23 21:52,39.00,32.00,75.73,0.00,25000.00,M
OMA,2025-12-23 22:52,37.00,31.00,78.67,6.90,25000.00,M
OMA,2025-12-23 23:52,37.00,31.00,78.67,5.75,25000.00,M
OMA,2025-12-24 00:52,38.00,31.00,75.64,8.05,25000.00,M
OMA,2025-12-24 01:52,36.00,30.00,78.58,10.35,25000.00,M
OMA,2025-12-24 02:52,35.00,30.00,81.77,9.20,25000.00,M
OMA,2025-12-24 03:52,35.00,30.00,81.77,6.90,25000.00,M
OMA,2025-12-24 04:31,36.00,31.00,81.84,3.45,2000.00,M
OMA,2025-12-24 04:52,38.00,32.00,78.76,3.45,1100.00,M
OMA,2025-12-24 05:52,41.00,33.00,72.94,4.60,1000.00,M
OMA,2025-12-24 06:08,41.00,34.00,75.92,6.90,900.00,M
OMA,2025-12-24 07:52,42.00,37.00,82.29,0.00,900.00,M
OMA,2025-12-24 08:52,42.00,39.00,89.01,8.05,700.00,M
OMA,2025-12-24 09:49,42.80,41.00,93.29,3.45,500.00,M
OMA,2025-12-24 09:52,43.00,41.00,92.58,4.60,500.00,M
OMA,2025-12-24 10:16,42.00,41.00,96.21,3.45,400.00,M
OMA,2025-12-24 10:34,43.00,42.00,96.23,5.75,300.00,M
OMA,2025-12-24 10:35,43.00,42.00,96.23,4.60,300.00,M
OMA,2025-12-24 10:52,43.00,42.00,96.23,8.05,300.00,M
OMA,2025-12-24 11:32,44.00,43.00,96.24,9.20,300.00,M
OMA,2025-12-24 11:52,44.00,43.00,96.24,0.00,300.00,M
OMA,2025-12-24 12:40,46.00,44.00,92.68,4.60,400.00,M
OMA,2025-12-24 12:52,46.00,44.00,92.68,0.00,400.00,M
OMA,2025-12-24 12:58,47.00,44.00,89.24,0.00,500.00,M
OMA,2025-12-24 13:47,48.20,44.60,87.28,0.00,500.00,M
OMA,2025-12-24 13:52,48.00,46.00,92.74,0.00,500.00,M
OMA,2025-12-24 14:52,49.00,46.00,89.33,5.75,700.00,M
OMA,2025-12-24 15:52,49.00,46.00,89.33,5.75,700.00,M
OMA,2025-12-24 16:52,49.00,46.00,89.33,3.45,700.00,M
OMA,2025-12-24 17:52,48.00,46.00,92.74,3.45,600.00,M
OMA,2025-12-24 18:52,47.00,46.00,96.29,5.75,500.00,M
OMA,2025-12-24 19:06,48.00,46.00,92.74,6.90,400.00,M
OMA,2025-12-24 19:52,47.00,46.00,96.29,3.45,300.00,M
OMA,2025-12-24 20:52,47.00,46.00,96.29,3.45,400.00,M
OMA,2025-12-24 21:37,47.00,46.00,96.29,3.45,200.00,M
OMA,2025-12-24 21:47,46.40,46.40,100.00,4.60,200.00,M
OMA,2025-12-24 21:52,47.00,46.00,96.29,3.45,200.00,M
OMA,2025-12-24 22:18,47.00,46.00,96.29,0.00,300.00,M
OMA,2025-12-24 22:52,46.00,46.00,100.00,3.45,200.00,M
OMA,2025-12-24 23:16,46.00,46.00,100.00,3.45,200.00,M
OMA,2025-12-24 23:52,46.00,45.00,96.28,4.60,300.00,M
OMA,2025-12-25 00:52,45.00,45.00,100.00,0.00,400.00,M
OMA,2025-12-25 01:48,44.60,44.60,100.00,3.45,500.00,M
OMA,2025-12-25 01:52,45.00,44.00,96.26,0.00,500.00,M
OMA,2025-12-25 02:34,45.00,44.00,96.26,4.60,400.00,M
OMA,2025-12-25 02:52,44.00,44.00,100.00,5.75,400.00,M
OMA,2025-12-25 03:29,44.00,43.00,96.24,5.75,500.00,M
OMA,2025-12-25 03:52,44.00,43.00,96.24,4.60,400.00,M
OMA,2025-12-25 04:52,43.00,42.00,96.23,5.75,400.00,M
OMA,2025-12-25 05:52,43.00,42.00,96.23,0.00,400.00,M
OMA,2025-12-25 06:52,42.00,41.00,96.21,6.90,400.00,M
OMA,2025-12-25 07:42,42.00,42.00,100.00,6.90,300.00,M
OMA,2025-12-25 07:52,42.00,42.00,100.00,6.90,300.00,M
OMA,2025-12-25 08:37,44.00,43.00,96.24,16.10,300.00,M
OMA,2025-12-25 08:52,44.00,43.00,96.24,13.80,400.00,M
OMA,2025-12-25 09:52,44.00,43.00,96.24,13.80,400.00,M
OMA,2025-12-25 10:22,45.00,44.00,96.26,11.50,400.00,M
OMA,2025-12-25 10:52,45.00,44.00,96.26,10.35,400.00,M
OMA,2025-12-25 11:52,45.00,44.00,96.26,11.50,400.00,M
OMA,2025-12-25 12:52,46.00,45.00,96.28,11.50,400.00,M
OMA,2025-12-25 13:52,46.00,45.00,96.28,11.50,400.00,M
OMA,2025-12-25 14:37,46.00,45.00,96.28,10.35,400.00,M
OMA,2025-12-25 14:52,46.00,45.00,96.28,10.35,300.00,M
OMA,2025-12-25 15:17,47.00,46.00,96.29,10.35,200.00,M
OMA,2025-12-25 15:52,47.00,47.00,100.00,5.75,200.00,M
OMA,2025-12-25 16:52,47.00,47.00,100.00,0.00,300.00,M
OMA,2025-12-25 17:52,46.00,46.00,100.00,0.00,300.00,M
OMA,2025-12-25 18:52,45.00,45.00,100.00,0.00,400.00,M
OMA,2025-12-25 19:21,46.00,46.00,100.00,0.00,500.00,M
OMA,2025-12-25 19:42,46.00,46.00,100.00,0.00,400.00,M
OMA,2025-12-25 19:52,46.00,46.00,100.00,9.20,400.00,M
OMA,2025-12-25 20:52,45.00,45.00,100.00,0.00,300.00,M
OMA,2025-12-25 21:14,45.00,45.00,100.00,0.00,300.00,M
OMA,2025-12-25 21:52,45.00,45.00,100.00,0.00,200.00,M
OMA,2025-12-25 22:52,45.00,45.00,100.00,0.00,200.00,M
OMA,2025-12-25 23:30,45.00,45.00,100.00,0.00,400.00,M
OMA,2025-12-25 23:44,45.00,45.00,100.00,0.00,400.00,M
OMA,2025-12-25 23:52,46.00,46.00,100.00,3.45,1000.00,M
OMA,2025-12-26 00:07,47.00,47.00,100.00,6.90,800.00,M
OMA,2025-12-26 00:52,47.00,46.00,96.29,8.05,700.00,M
OMA,2025-12-26 01:52,46.00,45.00,96.28,3.45,500.00,M
OMA,2025-12-26 02:52,43.00,43.00,100.00,4.60,600.00,M
OMA,2025-12-26 03:02,43.00,43.00,100.00,0.00,700.00,M
OMA,2025-12-26 03:45,41.00,41.00,100.00,5.75,600.00,M
OMA,2025-12-26 03:52,41.00,41.00,100.00,6.90,600.00,M
OMA,2025-12-26 04:11,42.00,42.00,100.00,5.75,600.00,M
OMA,2025-12-26 04:21,42.00,42.00,100.00,3.45,600.00,M
OMA,2025-12-26 04:27,41.00,41.00,100.00,3.45,600.00,M
OMA,2025-12-26 04:52,38.00,38.00,100.00,0.00,600.00,M
OMA,2025-12-26 05:06,36.00,36.00,100.00,0.00,600.00,M
OMA,2025-12-26 05:12,37.00,37.00,100.00,0.00,300.00,M
OMA,2025-12-26 05:52,38.00,38.00,100.00,10.35,M,M
OMA,2025-12-26 06:52,38.00,36.00,92.42,9.20,M,M
OMA,2025-12-26 07:52,34.00,34.00,100.00,6.90,400.00,M
OMA,2025-12-26 08:52,37.00,36.00,96.12,9.20,200.00,M
OMA,2025-12-26 09:14,37.00,37.00,100.00,11.50,200.00,M
OMA,2025-12-26 09:29,38.00,37.00,96.14,11.50,200.00,M
OMA,2025-12-26 09:52,38.00,38.00,100.00,8.05,200.00,M
OMA,2025-12-26 10:04,39.00,38.00,96.16,9.20,200.00,M
OMA,2025-12-26 10:11,40.00,39.00,96.18,8.05,200.00,M
OMA,2025-12-26 10:52,43.00,40.00,89.05,5.75,200.00,M
OMA,2025-12-26 11:52,47.00,39.00,73.56,0.00,500.00,M
OMA,2025-12-26 12:52,51.00,41.00,68.48,4.60,25000.00,M
OMA,2025-12-26 13:52,52.00,41.00,65.99,0.00,25000.00,M
OMA,2025-12-26 14:52,55.00,41.00,59.13,4.60,25000.00,M
OMA,2025-12-26 15:52,55.00,41.00,59.13,10.35,25000.00,M
OMA,2025-12-26 16:52,49.00,41.00,73.76,5.75,25000.00,M
OMA,2025-12-26 17:52,47.00,40.00,76.49,3.45,25000.00,M
OMA,2025-12-26 18:52,44.00,40.00,85.71,6.90,25000.00,M
OMA,2025-12-26 19:52,44.00,41.00,89.10,5.75,25000.00,M
OMA,2025-12-26 20:52,43.00,40.00,89.05,4.60,25000.00,M
OMA,2025-12-26 21:52,42.00,40.00,92.55,8.05,25000.00,M
OMA,2025-12-26 22:52,40.00,39.00,96.18,5.75,25000.00,M
OMA,2025-12-26 23:52,39.00,38.00,96.16,8.05,25000.00,M
OMA,2025-12-27 00:52,40.00,39.00,96.18,5.75,25000.00,M
OMA,2025-12-27 01:52,40.00,39.00,96.18,8.05,25000.00,M
OMA,2025-12-27 02:52,39.00,38.00,96.16,6.90,25000.00,M
OMA,2025-12-27 03:52,40.00,39.00,96.18,9.20,25000.00,M
OMA,2025-12-27 04:52,39.00,38.00,96.16,3.45,25000.00,M
OMA,2025-12-27 05:52,40.00,39.00,96.18,8.05,22000.00,M
OMA,2025-12-27 06:52,40.00,38.00,92.48,10.35,20000.00,M
OMA,2025-12-27 07:52,40.00,39.00,96.18,13.80,1000.00,M
OMA,2025-12-27 09:52,43.00,42.00,96.23,12.65,500.00,M
OMA,2025-12-27 10:05,44.00,42.00,92.61,10.35,500.00,M
OMA,2025-12-27 10:52,46.00,44.00,92.68,9.20,600.00,M
OMA,2025-12-27 11:52,48.00,45.00,89.28,6.90,700.00,M
OMA,2025-12-27 12:52,50.00,45.00,82.86,13.80,900.00,M
OMA,2025-12-27 13:52,49.00,45.00,86.00,9.20,800.00,M
OMA,2025-12-27 14:52,49.00,46.00,89.33,5.75,800.00,M
OMA,2025-12-27 15:52,49.00,46.00,89.33,3.45,700.00,M
OMA,2025-12-27 16:52,49.00,46.00,89.33,0.00,800.00,M
OMA,2025-12-27 17:52,48.00,46.00,92.74,5.75,700.00,M
OMA,2025-12-27 18:52,48.00,45.00,89.28,4.60,800.00,M
OMA,2025-12-27 19:52,48.00,45.00,89.28,0.00,700.00,M
OMA,2025-12-27 20:52,47.00,45.00,92.71,0.00,700.00,M
OMA,2025-12-27 22:36,46.00,45.00,96.28,6.90,400.00,M
OMA,2025-12-27 22:47,44.60,44.60,100.00,6.90,500.00,M
OMA,2025-12-27 22:52,45.00,44.00,96.26,4.60,700.00,M
OMA,2025-12-27 23:43,45.00,44.00,96.26,3.45,600.00,M
OMA,2025-12-27 23:52,45.00,44.00,96.26,0.00,600.00,M
OMA,2025-12-28 00:52,45.00,45.00,100.00,4.60,600.00,M
OMA,2025-12-28 01:10,45.00,44.00,96.26,4.60,300.00,M
OMA,2025-12-28 01:52,45.00,44.00,96.26,10.35,300.00,M
OMA,2025-12-28 02:52,46.00,45.00,96.28,12.65,200.00,M
OMA,2025-12-28 03:31,45.00,45.00,100.00,9.20,200.00,M
OMA,2025-12-28 03:52,46.00,45.00,96.28,13.80,200.00,M
OMA,2025-12-28 04:15,45.00,45.00,100.00,13.80,200.00,M
OMA,2025-12-28 04:33,45.00,44.00,96.26,20.70,400.00,M
OMA,2025-12-28 04:52,44.00,42.00,92.61,26.45,600.00,35.65
OMA,2025-12-28 05:52,37.00,36.00,96.12,25.30,500.00,42.55
OMA,2025-12-28 06:00,37.00,36.00,96.12,35.65,400.00,46.00
OMA,2025-12-28 06:16,35.00,34.00,96.09,35.65,500.00,47.15
OMA,2025-12-28 07:13,32.00,28.00,84.97,25.30,1100.00,41.40
OMA,2025-12-28 07:50,30.20,24.80,80.06,31.05,1600.00,44.85
OMA,2025-12-28 07:52,30.00,25.00,81.39,32.20,1800.00,44.85
OMA,2025-12-28 08:18,29.00,24.00,81.31,25.30,1800.00,43.70
OMA,2025-12-28 08:34,29.00,23.00,77.97,34.50,1800.00,47.15
OMA,2025-12-28 08:43,28.00,23.00,81.23,27.60,1800.00,47.15
OMA,2025-12-28 08:52,28.00,23.00,81.23,29.90,1800.00,47.15
OMA,2025-12-28 09:00,27.00,22.00,81.15,29.90,1600.00,46.00
OMA,2025-12-28 09:17,25.00,21.00,84.51,33.35,1500.00,46.00
OMA,2025-12-28 09:29,25.00,20.00,80.99,36.80,1300.00,46.00
OMA,2025-12-28 09:36,25.00,19.00,77.60,32.20,1300.00,50.60
OMA,2025-12-28 09:52,24.00,18.00,77.51,33.35,2100.00,52.90
OMA,2025-12-28 10:02,23.00,18.00,80.83,29.90,1800.00,48.30
OMA,2025-12-28 10:33,21.00,15.00,77.23,39.10,1900.00,51.75
OMA,2025-12-28 10:43,20.00,15.00,80.59,31.05,1900.00,51.75
OMA,2025-12-28 10:52,20.00,14.00,77.14,34.50,1900.00,51.75
OMA,2025-12-28 11:52,18.00,13.00,80.42,25.30,1800.00,49.45
OMA,2025-12-28 12:12,17.00,11.00,76.85,28.75,2000.00,47.15
OMA,2025-12-28 12:21,17.00,11.00,76.85,33.35,1800.00,47.15
OMA,2025-12-28 12:43,16.00,10.00,76.75,29.90,1700.00,47.15
OMA,2025-12-28 12:52,15.00,10.00,80.17,29.90,1700.00,47.15
OMA,2025-12-28 13:08,16.00,9.00,73.39,29.90,1900.00,43.70
OMA,2025-12-28 13:19,16.00,8.00,70.16,32.20,2000.00,43.70
OMA,2025-12-28 13:32,16.00,7.00,67.05,27.60,2200.00,43.70
OMA,2025-12-28 13:52,17.00,7.00,64.21,28.75,2400.00,43.70
OMA,2025-12-28 14:52,16.00,7.00,67.05,24.15,2700.00,42.55
OMA,2025-12-28 15:07,16.00,6.00,64.07,28.75,2700.00,36.80
OMA,2025-12-28 15:52,16.00,6.00,64.07,25.30,2700.00,43.70
OMA,2025-12-28 16:52,15.00,3.00,58.31,19.55,2700.00,42.55
OMA,2025-12-28 17:52,14.00,3.00,60.92,18.40,20000.00,39.10
OMA,2025-12-28 18:52,12.00,1.00,60.63,23.00,2500.00,41.40
OMA,2025-12-28 19:52,11.00,0.00,60.48,24.15,M,36.80
OMA,2025-12-28 20:52,11.00,-2.00,55.04,27.60,4800.00,43.70
OMA,2025-12-28 21:52,11.00,-1.00,57.70,26.45,3300.00,44.85
OMA,2025-12-28 22:05,11.00,1.00,63.38,25.30,2600.00,39.10
OMA,2025-12-28 22:52,10.00,-1.00,60.34,28.75,2800.00,42.55
OMA,2025-12-28 23:36,10.00,-1.00,60.34,24.15,3500.00,42.55
OMA,2025-12-28 23:52,9.00,0.00,66.14,18.40,2400.00,42.55
OMA,2025-12-29 01:52,10.00,0.00,63.24,26.45,3200.00,40.25
OMA,2025-12-29 02:52,10.00,0.00,63.24,24.15,3000.00,37.95
OMA,2025-12-29 03:52,10.00,1.00,66.27,21.85,2900.00,40.25
OMA,2025-12-29 04:30,10.00,1.00,66.27,26.45,2600.00,39.10
OMA,2025-12-29 04:52,10.00,1.00,66.27,23.00,2500.00,42.55
OMA,2025-12-29 05:52,10.00,2.00,69.44,20.70,2600.00,40.25
OMA,2025-12-29 06:17,10.00,2.00,69.44,23.00,2600.00,29.90
OMA,2025-12-29 06:39,10.00,2.00,69.44,20.70,2500.00,34.50
OMA,2025-12-29 06:52,10.00,2.00,69.44,19.55,2300.00,34.50
OMA,2025-12-29 07:52,10.00,2.00,69.44,21.85,2400.00,33.35
OMA,2025-12-29 08:52,12.00,3.00,66.54,14.95,2400.00,31.05
OMA,2025-12-29 09:52,15.00,5.00,63.93,20.70,2000.00,34.50
OMA,2025-12-29 10:52,15.00,4.00,61.06,26.45,2000.00,34.50
OMA,2025-12-29 11:52,17.00,6.00,61.35,19.55,2600.00,37.95
OMA,2025-12-29 12:52,18.00,6.00,58.76,17.25,2600.00,M
OMA,2025-12-29 13:52,20.00,8.00,59.06,17.25,16000.00,M
OMA,2025-12-29 14:52,21.00,8.00,56.59,16.10,20000.00,M
OMA,2025-12-29 15:52,21.00,9.00,59.20,10.35,20000.00,M
OMA,2025-12-29 16:52,19.00,9.00,64.48,10.35,M,M
OMA,2025-12-29 17:52,17.00,9.00,70.27,8.05,M,M
OMA,2025-12-29 18:52,15.00,9.00,76.66,4.60,M,M
OMA,2025-12-29 19:52,15.00,8.00,73.28,3.45,M,M
OMA,2025-12-29 20:52,15.00,9.00,76.66,0.00,M,M
OMA,2025-12-29 23:52,14.00,10.00,83.76,3.45,M,M
OMA,2025-12-30 00:52,13.00,9.00,83.69,6.90,M,M
OMA,2025-12-30 01:52,13.00,9.00,83.69,8.05,M,M
OMA,2025-12-30 02:52,14.00,9.00,80.09,9.20,M,M
OMA,2025-12-30 03:52,13.00,9.00,83.69,8.05,25000.00,M
OMA,2025-12-30 04:52,15.00,10.00,80.17,9.20,25000.00,M
OMA,2025-12-30 05:52,16.00,11.00,80.26,8.05,25000.00,M
OMA,2025-12-30 06:52,18.00,12.00,76.95,9.20,18000.00,M
OMA,2025-12-30 07:52,18.00,14.00,84.04,6.90,18000.00,M
OMA,2025-12-30 08:52,20.00,15.00,80.59,6.90,18000.00,M
OMA,2025-12-30 09:52,25.00,17.00,71.20,5.75,14000.00,M
OMA,2025-12-30 10:52,29.00,17.00,60.36,5.75,14000.00,M
OMA,2025-12-30 11:52,35.00,17.00,47.38,3.45,14000.00,M
OMA,2025-12-30 12:52,39.00,18.00,42.25,4.60,14000.00,M
OMA,2025-12-30 13:52,41.00,20.00,42.59,5.75,25000.00,M
OMA,2025-12-30 14:52,45.00,22.00,39.76,6.90,25000.00,M
OMA,2025-12-30 15:52,46.00,22.00,38.28,10.35,25000.00,M
OMA,2025-12-30 16:52,43.00,23.00,44.77,6.90,25000.00,M
OMA,2025-12-30 17:52,37.00,23.00,56.54,0.00,25000.00,M
OMA,2025-12-30 18:52,33.00,24.00,69.14,3.45,5000.00,M
OMA,2025-12-30 19:52,34.00,25.00,69.26,9.20,5000.00,M
OMA,2025-12-30 20:52,33.00,26.00,75.15,6.90,5000.00,M
OMA,2025-12-30 21:52,36.00,29.00,75.44,12.65,5000.00,M
OMA,2025-12-30 22:11,36.00,30.00,78.58,12.65,2700.00,M
OMA,2025-12-30 22:52,37.00,30.00,75.54,6.90,2300.00,M
OMA,2025-12-30 23:52,38.00,31.00,75.64,9.20,2400.00,M
OMA,2025-12-31 00:52,36.00,30.00,78.58,10.35,2700.00,M
OMA,2025-12-31 01:07,36.00,30.00,78.58,8.05,2700.00,M
OMA,2025-12-31 01:40,35.00,29.00,78.50,8.05,2700.00,M
OMA,2025-12-31 01:52,35.00,29.00,78.50,9.20,2600.00,M
OMA,2025-12-31 02:52,34.00,28.00,78.41,11.50,2200.00,M
OMA,2025-12-31 03:52,33.00,28.00,81.62,5.75,2100.00,M
OMA,2025-12-31 04:21,32.00,28.00,84.97,6.90,2100.00,M
OMA,2025-12-31 04:52,32.00,28.00,84.97,8.05,2000.00,M
OMA,2025-12-31 05:52,29.00,26.00,88.37,0.00,2000.00,M
OMA,2025-12-31 06:52,29.00,26.00,88.37,0.00,2000.00,M
OMA,2025-12-31 07:52,26.00,25.00,95.93,5.75,22000.00,M
OMA,2025-12-31 08:52,31.00,27.00,84.90,3.45,20000.00,M
OMA,2025-12-31 09:52,36.00,28.00,72.41,5.75,20000.00,M
OMA,2025-12-31 10:52,41.00,29.00,62.02,6.90,25000.00,M
OMA,2025-12-31 11:52,45.00,31.00,57.71,9.20,25000.00,M
OMA,2025-12-31 12:52,48.00,31.00,51.53,6.90,25000.00,M
OMA,2025-12-31 13:52,50.00,31.00,47.82,10.35,25000.00,M
OMA,2025-12-31 14:52,52.00,31.00,44.40,8.05,25000.00,M
OMA,2025-12-31 15:52,53.00,30.00,41.10,8.05,25000.00,M
OMA,2025-12-31 16:52,48.00,30.00,49.48,0.00,25000.00,M
OMA,2025-12-31 17:52,37.00,29.00,72.52,5.75,25000.00,M
OMA,2025-12-31 18:52,37.00,29.00,72.52,9.20,M,M
OMA,2025-12-31 19:52,35.00,31.00,85.16,14.95,1300.00,M
OMA,2025-12-31 20:30,33.00,31.00,92.25,21.85,600.00,32.20
OMA,2025-12-31 20:52,33.00,30.00,88.57,16.10,700.00,32.20
OMA,2025-12-31 21:21,32.00,28.00,84.97,17.25,1000.00,M
OMA,2025-12-31 21:52,31.00,28.00,88.48,11.50,1100.00,M
OMA,2025-12-31 22:52,31.00,26.00,81.46,13.80,1400.00,M
OMA,2025-12-31 23:09,31.00,25.00,78.15,11.50,1500.00,M
OMA,2025-12-31 23:52,30.00,24.00,78.06,14.95,1500.00,M
OMA,2026-01-01 00:52,28.00,23.00,81.23,13.80,1500.00,M
OMA,2026-01-01 01:14,28.00,23.00,81.23,10.35,1300.00,M
OMA,2026-01-01 01:52,27.00,22.00,81.15,10.35,1300.00,M
OMA,2026-01-01 02:52,26.00,20.00,77.69,4.60,1300.00,M
OMA,2026-01-01 04:52,25.00,20.00,80.99,4.60,1400.00,M
OMA,2026-01-01 07:52,23.00,19.00,84.38,5.75,1200.00,M
OMA,2026-01-01 08:52,24.00,19.00,80.91,5.75,1100.00,M
OMA,2026-01-01 09:52,25.00,20.00,80.99,8.05,1000.00,M
OMA,2026-01-01 10:52,26.00,21.00,81.07,9.20,1000.00,M
OMA,2026-01-01 11:52,27.00,22.00,81.15,8.05,1000.00,M
OMA,2026-01-01 12:52,28.00,23.00,81.23,11.50,1100.00,M
OMA,2026-01-01 13:52,29.00,24.00,81.31,5.75,1000.00,M
OMA,2026-01-01 14:52,29.00,25.00,84.78,6.90,1000.00,M
OMA,2026-01-01 15:52,30.00,25.00,81.39,4.60,1100.00,M
OMA,2026-01-01 16:52,30.00,25.00,81.39,4.60,1100.00,M
OMA,2026-01-01 17:52,30.00,26.00,84.84,4.60,1200.00,M
OMA,2026-01-01 18:34,30.00,26.00,84.84,5.75,1500.00,M
OMA,2026-01-01 19:52,30.00,26.00,84.84,4.60,1800.00,M
OMA,2026-01-01 20:52,30.00,26.00,84.84,0.00,1600.00,M
OMA,2026-01-01 21:52,29.00,26.00,88.37,0.00,1500.00,M
OMA,2026-01-01 22:13,29.00,26.00,88.37,0.00,1400.00,M
OMA,2026-01-01 22:52,29.00,26.00,88.37,0.00,1400.00,M
OMA,2026-01-01 23:52,29.00,26.00,88.37,3.45,1200.00,M
OMA,2026-01-02 00:52,29.00,26.00,88.37,6.90,1000.00,M
OMA,2026-01-02 01:39,29.00,26.00,88.37,8.05,900.00,M
OMA,2026-01-02 01:52,29.00,25.00,84.78,5.75,900.00,M
OMA,2026-01-02 02:52,28.00,25.00,88.32,5.75,900.00,M
OMA,2026-01-02 03:52,28.00,25.00,88.32,6.90,800.00,M
OMA,2026-01-02 04:52,27.00,24.00,88.27,9.20,800.00,M
OMA,2026-01-02 05:52,26.00,23.00,88.22,9.20,700.00,M
OMA,2026-01-02 06:52,26.00,22.00,84.58,10.35,800.00,M
OMA,2026-01-02 07:52,25.00,22.00,88.17,10.35,700.00,M
OMA,2026-01-02 08:52,25.00,22.00,88.17,9.20,700.00,M
OMA,2026-01-02 09:52,25.00,21.00,84.51,9.20,800.00,M
OMA,2026-01-02 10:52,24.00,20.00,84.45,4.60,1000.00,M
OMA,2026-01-02 11:52,25.00,21.00,84.51,4.60,900.00,M
OMA,2026-01-02 12:52,25.00,21.00,84.51,6.90,900.00,M
OMA,2026-01-02 13:52,25.00,20.00,80.99,5.75,900.00,M
OMA,2026-01-02 14:52,27.00,20.00,74.54,6.90,1400.00,M
OMA,2026-01-02 14:59,27.00,19.00,71.42,8.05,1600.00,M
OMA,2026-01-02 15:52,27.00,20.00,74.54,6.90,1700.00,M
OMA,2026-01-02 16:52,27.00,20.00,74.54,5.75,1700.00,M
OMA,2026-01-02 17:52,27.00,20.00,74.54,6.90,1800.00,M
OMA,2026-01-02 18:52,27.00,19.00,71.42,6.90,6000.00,M
OMA,2026-01-02 19:52,27.00,20.00,74.54,6.90,5500.00,M
OMA,2026-01-02 20:52,27.00,19.00,71.42,4.60,5500.00,M
OMA,2026-01-02 21:14,27.00,20.00,74.54,4.60,5000.00,M
OMA,2026-01-02 21:52,26.00,21.00,81.07,3.45,4700.00,M
OMA,2026-01-02 22:52,26.00,22.00,84.58,0.00,5000.00,M
OMA,2026-01-02 23:52,26.00,22.00,84.58,3.45,4700.00,M
OMA,2026-01-03 00:52,25.00,22.00,88.17,3.45,4500.00,M
OMA,2026-01-03 01:28,26.00,22.00,84.58,0.00,900.00,M
OMA,2026-01-03 01:52,26.00,22.00,84.58,0.00,3400.00,M
OMA,2026-01-03 02:52,26.00,22.00,84.58,0.00,1700.00,M
OMA,2026-01-03 03:45,26.00,22.00,84.58,0.00,1400.00,M
OMA,2026-01-03 03:52,26.00,22.00,84.58,0.00,1300.00,M
OMA,2026-01-03 04:38,26.00,22.00,84.58,0.00,1300.00,M
OMA,2026-01-03 04:52,26.00,22.00,84.58,0.00,1300.00,M
OMA,2026-01-03 05:05,26.00,22.00,84.58,0.00,1300.00,M
OMA,2026-01-03 05:52,25.00,22.00,88.17,0.00,4800.00,M
OMA,2026-01-03 06:52,26.00,22.00,84.58,0.00,4700.00,M
OMA,2026-01-03 07:52,23.00,21.00,91.90,0.00,2000.00,M
OMA,2026-01-03 08:52,27.00,24.00,88.27,4.60,2500.00,M
OMA,2026-01-03 09:52,29.00,24.00,81.31,4.60,2500.00,M
OMA,2026-01-03 11:52,34.00,25.00,69.26,5.75,1400.00,M
OMA,2026-01-03 12:52,34.00,27.00,75.25,3.45,1400.00,M
OMA,2026-01-03 13:52,35.00,28.00,75.34,0.00,1400.00,M
OMA,2026-01-03 14:52,36.00,30.00,78.58,4.60,1200.00,M
OMA,2026-01-03 15:52,35.00,31.00,85.16,0.00,1200.00,M
OMA,2026-01-03 16:52,35.00,31.00,85.16,0.00,1100.00,M
OMA,2026-01-03 17:52,35.00,30.00,81.77,0.00,1200.00,M
OMA,2026-01-03 18:52,30.00,28.00,92.14,5.75,1200.00,M
OMA,2026-01-03 19:52,30.00,28.00,92.14,3.45,M,M
OMA,2026-01-03 20:52,28.00,28.00,100.00,0.00,M,M
OMA,2026-01-03 21:52,29.00,28.00,95.98,0.00,M,M
OMA,2026-01-03 22:52,28.00,26.00,92.07,0.00,M,M
OMA,2026-01-03 23:52,28.00,26.00,92.07,5.75,M,M
OMA,2026-01-04 00:52,27.00,25.00,92.04,8.05,25000.00,M
OMA,2026-01-04 01:52,26.00,24.00,92.00,5.75,25000.00,M
OMA,2026-01-04 02:52,25.00,23.00,91.97,5.75,25000.00,M
OMA,2026-01-04 03:52,25.00,23.00,91.97,8.05,25000.00,M
OMA,2026-01-04 04:52,27.00,24.00,88.27,10.35,25000.00,M
OMA,2026-01-04 05:52,28.00,25.00,88.32,12.65,25000.00,M
OMA,2026-01-04 06:52,30.00,26.00,84.84,14.95,25000.00,M
OMA,2026-01-04 07:52,29.00,26.00,88.37,13.80,25000.00,M
OMA,2026-01-04 08:52,32.00,28.00,84.97,13.80,18000.00,M
OMA,2026-01-04 09:52,34.00,28.00,78.41,17.25,20000.00,M
OMA,2026-01-04 10:52,36.00,29.00,75.44,18.40,20000.00,M
OMA,2026-01-04 11:52,43.00,30.00,59.81,18.40,20000.00,M
OMA,2026-01-04 12:52,45.00,31.00,57.71,23.00,20000.00,37.95
OMA,2026-01-04 13:52,45.00,32.00,60.09,25.30,12000.00,32.20
OMA,2026-01-04 14:52,49.00,33.00,53.80,17.25,20000.00,33.35
OMA,2026-01-04 15:52,49.00,33.00,53.80,16.10,20000.00,M
OMA,2026-01-04 16:52,46.00,33.00,60.23,14.95,20000.00,M
OMA,2026-01-04 17:52,45.00,33.00,62.56,16.10,25000.00,M
OMA,2026-01-04 18:52,43.00,33.00,67.53,11.50,25000.00,M
OMA,2026-01-04 19:52,40.00,33.00,75.83,11.50,25000.00,M
OMA,2026-01-04 20:52,38.00,33.00,81.99,11.50,25000.00,M
OMA,2026-01-04 21:52,35.00,31.00,85.16,9.20,25000.00,M
OMA,2026-01-04 22:52,35.00,31.00,85.16,10.35,25000.00,M
OMA,2026-01-04 23:52,34.00,31.00,88.62,8.05,25000.00,M
OMA,2026-01-05 00:52,36.00,32.00,85.22,5.75,25000.00,M
OMA,2026-01-05 01:52,34.00,31.00,88.62,4.60,25000.00,M
OMA,2026-01-05 02:52,32.00,30.00,92.21,6.90,25000.00,M
OMA,2026-01-05 03:52,32.00,30.00,92.21,8.05,25000.00,M
OMA,2026-01-05 04:52,32.00,30.00,92.21,6.90,25000.00,M
OMA,2026-01-05 05:52,33.00,31.00,92.25,8.05,25000.00,M
OMA,2026-01-05 06:52,33.00,31.00,92.25,9.20,23000.00,M
OMA,2026-01-05 07:52,32.00,30.00,92.21,8.05,23000.00,M
OMA,2026-01-05 08:52,35.00,33.00,92.32,9.20,22000.00,M
OMA,2026-01-05 09:52,38.00,34.00,85.35,9.20,21000.00,M
OMA,2026-01-05 10:52,41.00,35.00,79.01,4.60,20000.00,M
OMA,2026-01-05 11:52,44.00,36.00,73.25,8.05,20000.00,M
OMA,2026-01-05 12:52,47.00,37.00,68.01,6.90,20000.00,M
OMA,2026-01-05 13:52,48.00,38.00,68.12,5.75,20000.00,M
OMA,2026-01-05 14:52,50.00,38.00,63.22,0.00,21000.00,M
OMA,2026-01-05 15:52,48.00,39.00,70.85,0.00,20000.00,M
OMA,2026-01-05 16:52,46.00,40.00,79.43,17.25,20000.00,M
OMA,2026-01-05 17:52,44.00,41.00,89.10,9.20,20000.00,M
OMA,2026-01-05 17:59,44.00,41.00,89.10,9.20,900.00,M
OMA,2026-01-05 18:52,44.00,42.00,92.61,4.60,1100.00,M
OMA,2026-01-05 19:52,43.00,41.00,92.58,3.45,1000.00,M
OMA,2026-01-05 20:52,40.00,39.00,96.18,4.60,1000.00,M
OMA,2026-01-05 21:05,38.00,38.00,100.00,5.75,1000.00,M
OMA,2026-01-05 21:39,36.00,36.00,100.00,3.45,600.00,M
OMA,2026-01-05 21:52,36.00,36.00,100.00,4.60,0.00,M
OMA,2026-01-05 21:59,36.00,36.00,100.00,6.90,0.00,M
OMA,2026-01-05 22:35,38.00,38.00,100.00,5.75,100.00,M
OMA,2026-01-05 22:45,38.00,38.00,100.00,6.90,100.00,M
OMA,2026-01-05 22:52,38.00,38.00,100.00,6.90,100.00,M
OMA,2026-01-05 23:41,38.00,38.00,100.00,3.45,200.00,M
OMA,2026-01-05 23:52,38.00,38.00,100.00,0.00,200.00,M
OMA,2026-01-06 00:20,38.00,37.00,96.14,4.60,200.00,M
OMA,2026-01-06 00:52,37.00,37.00,100.00,3.45,200.00,M
OMA,2026-01-06 01:52,36.00,36.00,100.00,0.00,200.00,M
OMA,2026-01-06 02:52,32.00,32.00,100.00,4.60,200.00,M
OMA,2026-01-06 03:16,31.00,31.00,100.00,4.60,200.00,M
OMA,2026-01-06 03:22,32.00,31.00,96.04,5.75,200.00,M
OMA,2026-01-06 03:27,32.00,31.00,96.04,4.60,200.00,M
OMA,2026-01-06 03:37,32.00,31.00,96.04,3.45,200.00,M
OMA,2026-01-06 03:52,32.00,32.00,100.00,0.00,200.00,M
OMA,2026-01-06 04:18,27.00,27.00,100.00,4.60,200.00,M
OMA,2026-01-06 04:52,28.00,28.00,100.00,3.45,200.00,M
OMA,2026-01-06 05:05,28.00,28.00,100.00,0.00,200.00,M
OMA,2026-01-06 05:52,29.00,29.00,100.00,5.75,200.00,M
OMA,2026-01-06 06:52,31.00,31.00,100.00,3.45,M,M
OMA,2026-01-06 07:52,31.00,30.00,96.02,5.75,M,M
OMA,2026-01-06 08:52,34.00,31.00,88.62,6.90,M,M
OMA,2026-01-06 09:52,37.00,32.00,81.92,8.05,M,M
OMA,2026-01-06 10:52,44.00,34.00,67.65,8.05,M,M
OMA,2026-01-06 11:52,48.00,35.00,60.51,11.50,25000.00,M
OMA,2026-01-06 12:52,51.00,35.00,54.10,9.20,25000.00,M
OMA,2026-01-06 13:52,54.00,35.00,48.45,5.75,25000.00,M
OMA,2026-01-06 14:52,56.00,34.00,43.29,9.20,25000.00,M
OMA,2026-01-06 15:52,57.00,35.00,43.45,4.60,14000.00,M
OMA,2026-01-06 16:52,52.00,33.00,48.14,3.45,14000.00,M
OMA,2026-01-06 17:52,44.00,33.00,64.99,0.00,M,M
OMA,2026-01-06 18:52,42.00,32.00,67.41,0.00,M,M
OMA,2026-01-06 19:52,35.00,30.00,81.77,3.45,M,M
OMA,2026-01-06 20:52,34.00,31.00,88.62,4.60,M,M
OMA,2026-01-06 21:52,31.00,28.00,88.48,3.45,M,M
OMA,2026-01-06 22:52,30.00,27.00,88.43,0.00,M,M
OMA,2026-01-06 23:52,27.00,24.00,88.27,0.00,25000.00,M
OMA,2026-01-07 00:52,29.00,27.00,92.11,0.00,25000.00,M
OMA,2026-01-07 01:52,29.00,26.00,88.37,0.00,M,M
OMA,2026-01-07 02:52,29.00,27.00,92.11,8.05,M,M
OMA,2026-01-07 03:52,30.00,27.00,88.43,5.75,M,M
OMA,2026-01-07 04:52,29.00,26.00,88.37,5.75,M,M
OMA,2026-01-07 05:52,30.00,25.00,81.39,8.05,25000.00,M
OMA,2026-01-07 06:52,29.00,25.00,84.78,9.20,25000.00,M
OMA,2026-01-07 07:52,29.00,24.00,81.31,10.35,25000.00,M
OMA,2026-01-07 08:52,33.00,27.00,78.32,9.20,25000.00,M
OMA,2026-01-07 09:52,39.00,28.00,64.35,8.05,25000.00,M
OMA,2026-01-07 10:52,44.00,28.00,53.04,8.05,25000.00,M
OMA,2026-01-07 11:52,51.00,28.00,40.76,10.35,25000.00,M
OMA,2026-01-07 12:52,54.00,30.00,39.62,10.35,25000.00,M
OMA,2026-01-07 13:52,60.00,30.00,31.91,9.20,25000.00,M
OMA,2026-01-07 14:48,64.40,30.20,27.55,11.50,500.00,M
OMA,2026-01-07 14:52,65.00,30.00,26.76,10.35,500.00,M
OMA,2026-01-07 15:52,66.00,26.00,21.93,11.50,25000.00,M
OMA,2026-01-07 16:52,62.00,26.00,25.22,8.05,25000.00,M
OMA,2026-01-07 19:52,45.00,28.00,51.06,9.20,M,M
OMA,2026-01-07 20:52,48.00,28.00,45.59,3.45,25000.00,M
OMA,2026-01-07 21:52,39.00,28.00,64.35,3.45,25000.00,M
OMA,2026-01-07 22:52,43.00,27.00,52.89,4.60,25000.00,M
OMA,2026-01-07 23:52,39.00,26.00,59.25,8.05,25000.00,M
OMA,2026-01-08 00:52,40.00,25.00,54.66,4.60,23000.00,M
OMA,2026-01-08 01:52,38.00,25.00,59.11,8.05,23000.00,M
OMA,2026-01-08 02:52,39.00,26.00,59.25,8.05,25000.00,M
OMA,2026-01-08 03:52,33.00,26.00,75.15,0.00,25000.00,M
OMA,2026-01-08 04:52,32.00,26.00,78.23,4.60,17000.00,M
OMA,2026-01-08 05:52,34.00,27.00,75.25,3.45,16000.00,M
OMA,2026-01-08 06:52,34.00,28.00,78.41,3.45,15000.00,M
OMA,2026-01-08 07:52,34.00,29.00,81.69,0.00,13000.00,M
OMA,2026-01-08 08:52,37.00,30.00,75.54,6.90,12000.00,M
OMA,2026-01-08 09:52,37.00,31.00,78.67,4.60,6000.00,M
OMA,2026-01-08 10:52,37.00,32.00,81.92,8.05,7000.00,M
OMA,2026-01-08 11:52,37.00,34.00,88.77,9.20,6000.00,M
OMA,2026-01-08 12:52,37.00,35.00,92.38,9.20,5500.00,M
OMA,2026-01-08 14:52,37.00,36.00,96.12,20.70,1600.00,M
OMA,2026-01-08 15:47,37.40,35.60,93.13,19.55,2300.00,31.05
OMA,2026-01-08 15:52,38.00,36.00,92.42,20.70,2300.00,31.05
OMA,2026-01-08 16:30,38.00,36.00,92.42,18.40,1200.00,M
OMA,2026-01-08 16:52,38.00,36.00,92.42,21.85,800.00,29.90
OMA,2026-01-08 17:03,38.00,36.00,92.42,24.15,1000.00,31.05
OMA,2026-01-08 17:40,38.00,36.00,92.42,20.70,1500.00,31.05
OMA,2026-01-08 17:52,37.00,36.00,96.12,19.55,1500.00,31.05
OMA,2026-01-08 18:38,37.00,35.00,92.38,16.10,1000.00,29.90
OMA,2026-01-08 18:52,37.00,35.00,92.38,21.85,1000.00,32.20
OMA,2026-01-08 19:52,37.00,35.00,92.38,20.70,1200.00,35.65
OMA,2026-01-08 20:52,36.00,34.00,92.35,23.00,1100.00,34.50
OMA,2026-01-08 21:52,35.00,33.00,92.32,19.55,1000.00,33.35
OMA,2026-01-08 22:52,35.00,33.00,92.32,19.55,1200.00,M
OMA,2026-01-08 23:17,35.00,32.00,88.67,17.25,1500.00,M
OMA,2026-01-08 23:42,35.00,32.00,88.67,13.80,1700.00,M
OMA,2026-01-08 23:52,35.00,32.00,88.67,13.80,1700.00,M
OMA,2026-01-09 00:27,34.00,31.00,88.62,10.35,2600.00,M
OMA,2026-01-09 00:52,35.00,31.00,85.16,10.35,2400.00,M
OMA,2026-01-09 00:54,34.00,31.00,88.62,10.35,2400.00,M
OMA,2026-01-09 01:52,35.00,29.00,78.50,13.80,2800.00,M
OMA,2026-01-09 02:33,34.00,28.00,78.41,10.35,3000.00,M
OMA,2026-01-09 02:52,35.00,28.00,75.34,8.05,3100.00,M
OMA,2026-01-09 03:52,33.00,27.00,78.32,9.20,20000.00,M
OMA,2026-01-09 04:52,31.00,25.00,78.15,9.20,20000.00,M
OMA,2026-01-09 05:52,30.00,24.00,78.06,13.80,M,M
OMA,2026-01-09 06:52,28.00,23.00,81.23,6.90,M,M
OMA,2026-01-09 07:52,26.00,23.00,88.22,10.35,M,M
OMA,2026-01-09 08:52,29.00,23.00,77.97,12.65,M,M
OMA,2026-01-09 09:52,29.00,23.00,77.97,13.80,20000.00,M
OMA,2026-01-09 10:52,31.00,24.00,74.95,12.65,3000.00,M
OMA,2026-01-09 11:52,34.00,27.00,75.25,9.20,20000.00,M
OMA,2026-01-09 12:52,36.00,27.00,69.49,9.20,20000.00,M
OMA,2026-01-09 13:52,38.00,27.00,64.22,9.20,15000.00,M
OMA,2026-01-09 14:52,38.00,28.00,66.92,10.35,15000.00,M
OMA,2026-01-09 15:52,38.00,28.00,66.92,10.35,13000.00,M
OMA,2026-01-09 16:52,35.00,28.00,75.34,6.90,12000.00,M
OMA,2026-01-09 17:52,33.00,28.00,81.62,4.60,11000.00,M
OMA,2026-01-09 18:52,34.00,28.00,78.41,6.90,10000.00,M
OMA,2026-01-09 19:52,34.00,29.00,81.69,5.75,7500.00,M
OMA,2026-01-09 20:52,33.00,29.00,85.03,8.05,9000.00,M
OMA,2026-01-09 21:52,33.00,28.00,81.62,4.60,8000.00,M
OMA,2026-01-09 22:52,33.00,26.00,75.15,3.45,4800.00,M
OMA,2026-01-09 23:52,35.00,27.00,72.30,3.45,4600.00,M
OMA,2026-01-10 00:52,33.00,26.00,75.15,6.90,4500.00,M
OMA,2026-01-10 01:52,33.00,25.00,72.09,12.65,10000.00,M
OMA,2026-01-10 03:52,27.00,22.00,81.15,6.90,15000.00,M
OMA,2026-01-10 04:52,27.00,20.00,74.54,6.90,22000.00,M
OMA,2026-01-10 05:52,25.00,20.00,80.99,6.90,M,M
OMA,2026-01-10 06:52,25.00,19.00,77.60,6.90,22000.00,M
OMA,2026-01-10 07:52,26.00,19.00,74.44,4.60,14000.00,M
OMA,2026-01-10 08:52,28.00,19.00,68.54,6.90,10000.00,M
OMA,2026-01-10 09:52,31.00,18.00,58.09,6.90,9000.00,M
OMA,2026-01-10 10:52,33.00,19.00,55.94,16.10,7500.00,M
OMA,2026-01-10 11:52,33.00,21.00,60.92,13.80,7000.00,M
OMA,2026-01-10 12:52,36.00,25.00,63.96,25.30,2500.00,32.20
OMA,2026-01-10 13:52,33.00,24.00,69.14,19.55,2400.00,32.20
OMA,2026-01-10 14:14,34.00,23.00,63.69,23.00,2900.00,31.05
OMA,2026-01-10 14:52,34.00,22.00,61.06,14.95,3300.00,32.20
OMA,2026-01-10 15:52,31.00,16.00,53.28,18.40,3300.00,32.20
OMA,2026-01-10 16:52,28.00,17.00,62.89,12.65,3000.00,M
OMA,2026-01-10 17:52,27.00,18.00,68.42,14.95,3000.00,M
OMA,2026-01-10 18:52,26.00,16.00,65.40,13.80,M,M
OMA,2026-01-10 19:52,26.00,17.00,68.30,14.95,M,M
OMA,2026-01-10 20:52,25.00,16.00,68.18,11.50,M,M
OMA,2026-01-10 21:52,24.00,12.00,59.64,11.50,M,M
OMA,2026-01-10 22:52,23.00,12.00,62.20,9.20,M,M
OMA,2026-01-10 23:52,23.00,11.00,59.50,13.80,M,M
OMA,2026-01-11 00:52,23.00,10.00,56.90,16.10,M,M
OMA,2026-01-11 01:52,21.00,10.00,61.92,10.35,M,M
OMA,2026-01-11 02:52,19.00,11.00,70.51,10.35,M,M
OMA,2026-01-11 03:52,18.00,10.00,70.39,8.05,M,M
OMA,2026-01-11 04:52,18.00,10.00,70.39,9.20,25000.00,M
OMA,2026-01-11 05:52,15.00,10.00,80.17,4.60,M,M
OMA,2026-01-11 06:52,15.00,8.00,73.28,6.90,25000.00,M
OMA,2026-01-11 07:52,18.00,8.00,64.34,4.60,25000.00,M
OMA,2026-01-11 08:52,21.00,10.00,61.92,5.75,25000.00,M
OMA,2026-01-11 09:52,23.00,10.00,56.90,0.00,25000.00,M
OMA,2026-01-11 10:52,28.00,9.00,44.19,3.45,25000.00,M
OMA,2026-01-11 11:52,31.00,7.00,35.72,8.05,M,M
OMA,2026-01-11 12:52,35.00,7.00,30.42,10.35,25000.00,M
OMA,2026-01-11 13:52,37.00,13.00,36.75,13.80,25000.00,M
OMA,2026-01-11 14:52,38.00,16.00,40.30,13.80,25000.00,M
OMA,2026-01-11 15:52,39.00,19.00,44.11,13.80,25000.00,M
OMA,2026-01-11 16:52,38.00,21.00,49.95,9.20,25000.00,M
OMA,2026-01-11 17:52,36.00,23.00,58.82,11.50,25000.00,M
OMA,2026-01-11 18:52,34.00,23.00,63.69,10.35,M,M
OMA,2026-01-11 19:52,32.00,23.00,69.02,10.35,M,M
OMA,2026-01-11 20:52,30.00,23.00,74.85,9.20,M,M
OMA,2026-01-11 21:52,30.00,24.00,78.06,10.35,M,M
OMA,2026-01-11 22:52,26.00,23.00,88.22,10.35,M,M
OMA,2026-01-11 23:52,25.00,23.00,91.97,8.05,M,M
OMA,2026-01-12 00:52,25.00,23.00,91.97,9.20,M,M
OMA,2026-01-12 01:52,25.00,23.00,91.97,8.05,M,M
OMA,2026-01-12 02:52,26.00,23.00,88.22,10.35,M,M
OMA,2026-01-12 03:52,27.00,24.00,88.27,8.05,14000.00,M
OMA,2026-01-12 04:52,27.00,25.00,92.04,5.75,15000.00,M
OMA,2026-01-12 06:52,27.00,24.00,88.27,3.45,14000.00,M
OMA,2026-01-12 07:52,25.00,23.00,91.97,4.60,14000.00,M
OMA,2026-01-12 08:52,29.00,26.00,88.37,4.60,14000.00,M
OMA,2026-01-12 09:52,34.00,28.00,78.41,4.60,14000.00,M
OMA,2026-01-12 10:52,40.00,28.00,61.89,5.75,15000.00,M
OMA,2026-01-12 11:52,45.00,29.00,53.20,5.75,12000.00,M
OMA,2026-01-12 12:52,48.00,30.00,49.48,8.05,12000.00,M
OMA,2026-01-12 13:52,54.00,31.00,41.26,6.90,0.00,M
OMA,2026-01-12 14:52,55.00,24.00,29.82,5.75,0.00,M
OMA,2026-01-12 15:52,55.00,31.00,39.78,6.90,15000.00,M
OMA,2026-01-12 16:52,47.00,30.00,51.37,8.05,15000.00,M
OMA,2026-01-12 17:52,47.00,31.00,53.50,6.90,25000.00,M
OMA,2026-01-12 18:52,38.00,29.00,69.72,6.90,25000.00,M
OMA,2026-01-12 19:52,38.00,29.00,69.72,8.05,25000.00,M
OMA,2026-01-12 20:52,38.00,28.00,66.92,5.75,25000.00,M
OMA,2026-01-12 21:52,40.00,29.00,64.48,8.05,25000.00,M
OMA,2026-01-12 23:52,37.00,29.00,72.52,9.20,25000.00,M
OMA,2026-01-13 00:52,36.00,29.00,75.44,9.20,25000.00,M
OMA,2026-01-13 01:52,34.00,28.00,78.41,9.20,25000.00,M
OMA,2026-01-13 02:52,35.00,29.00,78.50,9.20,25000.00,M
OMA,2026-01-13 03:52,39.00,28.00,64.35,4.60,25000.00,M
OMA,2026-01-13 04:52,47.00,27.00,45.43,9.20,25000.00,M
OMA,2026-01-13 05:52,45.00,28.00,51.06,3.45,25000.00,M
OMA,2026-01-13 06:52,50.00,29.00,44.08,17.25,25000.00,M
OMA,2026-01-13 07:52,50.00,29.00,44.08,6.90,18000.00,M
OMA,2026-01-13 08:52,49.00,30.00,47.66,4.60,12000.00,M
OMA,2026-01-13 09:52,49.00,30.00,47.66,5.75,18000.00,M
OMA,2026-01-13 10:52,51.00,31.00,46.07,11.50,12000.00,M
OMA,2026-01-13 11:52,52.00,31.00,44.40,13.80,13000.00,M
OMA,2026-01-13 12:52,53.00,32.00,44.57,16.10,11000.00,M
OMA,2026-01-13 13:52,57.00,30.00,35.53,13.80,7500.00,31.05
OMA,2026-01-13 14:52,56.00,32.00,39.95,16.10,10000.00,M
OMA,2026-01-13 15:52,55.00,34.00,44.89,18.40,9000.00,33.35
OMA,2026-01-13 16:52,53.00,36.00,52.30,18.40,8000.00,32.20
OMA,2026-01-13 17:52,52.00,37.00,56.44,13.80,10000.00,M
OMA,2026-01-13 18:52,50.00,36.00,58.42,18.40,11000.00,M
OMA,2026-01-13 19:52,49.00,37.00,63.09,19.55,9500.00,32.20
OMA,2026-01-13 20:52,47.00,37.00,68.01,19.55,12000.00,36.80
OMA,2026-01-13 21:52,45.00,37.00,73.36,19.55,3500.00,M
OMA,2026-01-13 22:52,46.00,36.00,67.89,17.25,3500.00,31.05
OMA,2026-01-13 23:52,44.00,36.00,73.25,18.40,14000.00,M
OMA,2026-01-14 00:52,42.00,34.00,73.05,19.55,15000.00,M
OMA,2026-01-14 01:52,39.00,33.00,78.84,12.65,2700.00,31.05
OMA,2026-01-14 02:52,38.00,30.00,72.62,21.85,3200.00,31.05
OMA,2026-01-14 03:52,38.00,29.00,69.72,17.25,3600.00,32.20
OMA,2026-01-14 04:52,36.00,28.00,72.41,23.00,6000.00,35.65
OMA,2026-01-14 05:52,32.00,20.00,60.78,28.75,6000.00,42.55
OMA,2026-01-14 06:52,30.00,16.00,55.49,27.60,6000.00,40.25
OMA,2026-01-14 07:52,27.00,15.00,60.07,25.30,M,39.10
OMA,2026-01-14 08:52,27.00,14.00,57.50,18.40,M,36.80
OMA,2026-01-14 09:52,27.00,12.00,52.65,24.15,M,40.25
OMA,2026-01-14 10:52,27.00,11.00,50.36,20.70,M,35.65
OMA,2026-01-14 11:52,28.00,10.00,46.22,18.40,25000.00,31.05
OMA,2026-01-14 12:52,30.00,11.00,44.53,17.25,25000.00,32.20
OMA,2026-01-14 13:52,31.00,8.00,37.38,21.85,25000.00,31.05
OMA,2026-01-14 14:52,30.00,6.00,35.55,18.40,20000.00,31.05
OMA,2026-01-14 15:52,29.00,6.00,37.03,20.70,18000.00,M
OMA,2026-01-14 16:52,28.00,8.00,42.25,14.95,18000.00,M
OMA,2026-01-14 17:52,25.00,8.00,47.83,5.75,18000.00,M
OMA,2026-01-14 18:52,22.00,9.00,56.75,6.90,18000.00,M
OMA,2026-01-14 19:52,19.00,10.00,67.43,3.45,18000.00,M
OMA,2026-01-14 20:52,18.00,9.00,67.31,4.60,M,M
OMA,2026-01-14 21:52,19.00,9.00,64.48,5.75,M,M
OMA,2026-01-14 22:52,16.00,8.00,70.16,6.90,M,M
OMA,2026-01-14 23:52,17.00,9.00,70.27,4.60,20000.00,M
OMA,2026-01-15 00:52,17.00,10.00,73.50,0.00,18000.00,M
OMA,2026-01-15 01:52,15.00,8.00,73.28,0.00,18000.00,M
OMA,2026-01-15 02:52,17.00,10.00,73.50,0.00,18000.00,M
OMA,2026-01-15 03:52,19.00,12.00,73.71,0.00,15000.00,M
OMA,2026-01-15 04:52,19.00,13.00,77.04,3.45,13000.00,M
OMA,2026-01-15 05:52,21.00,10.00,61.92,5.75,12000.00,M
OMA,2026-01-15 06:52,18.00,11.00,73.60,10.35,11000.00,M
OMA,2026-01-15 07:52,19.00,12.00,73.71,10.35,11000.00,M
OMA,2026-01-15 08:52,22.00,12.00,64.88,12.65,11000.00,M
OMA,2026-01-15 09:52,23.00,12.00,62.20,16.10,16000.00,M
OMA,2026-01-15 10:52,27.00,13.00,55.03,14.95,15000.00,M
OMA,2026-01-15 11:52,28.00,14.00,55.18,17.25,14000.00,M
OMA,2026-01-15 12:52,31.00,16.00,53.28,20.70,13000.00,M
OMA,2026-01-15 13:52,37.00,19.00,47.71,12.65,11000.00,M
OMA,2026-01-15 14:52,40.00,21.00,46.20,13.80,11000.00,M
OMA,2026-01-15 15:52,41.00,24.00,50.43,12.65,11000.00,M
OMA,2026-01-15 16:52,38.00,22.00,52.11,10.35,16000.00,M
OMA,2026-01-15 17:52,36.00,23.00,58.82,6.90,16000.00,M
OMA,2026-01-15 18:52,30.00,23.00,74.85,9.20,16000.00,M
OMA,2026-01-15 19:52,32.00,24.00,71.98,3.45,12000.00,M
OMA,2026-01-15 20:52,31.00,24.00,74.95,5.75,11000.00,M
OMA,2026-01-15 21:52,30.00,23.00,74.85,0.00,12000.00,M
OMA,2026-01-15 22:52,42.00,28.00,57.28,16.10,8500.00,M
OMA,2026-01-15 23:52,43.00,28.00,55.11,23.00,4800.00,32.20
OMA,2026-01-16 00:52,39.00,32.00,75.73,20.70,2600.00,47.15
OMA,2026-01-16 01:52,38.00,27.00,64.22,17.25,18000.00,32.20
OMA,2026-01-16 02:52,37.00,25.00,61.48,17.25,18000.00,32.20
OMA,2026-01-16 03:52,36.00,24.00,61.34,12.65,5000.00,M
OMA,2026-01-16 04:52,37.00,25.00,61.48,17.25,3800.00,31.05
OMA,2026-01-16 05:52,37.00,24.00,58.96,16.10,4500.00,29.90
OMA,2026-01-16 06:52,37.00,23.00,56.54,18.40,5500.00,29.90
OMA,2026-01-16 07:52,37.00,23.00,56.54,16.10,5000.00,M
OMA,2026-01-16 08:52,37.00,25.00,61.48,14.95,4000.00,33.35
OMA,2026-01-16 09:38,36.00,27.00,69.49,20.70,2300.00,33.35
OMA,2026-01-16 09:52,34.00,28.00,78.41,14.95,2100.00,33.35
OMA,2026-01-16 10:14,34.00,28.00,78.41,11.50,2100.00,M
OMA,2026-01-16 10:40,35.00,25.00,66.55,16.10,3100.00,M
OMA,2026-01-16 10:52,35.00,25.00,66.55,19.55,3100.00,M
OMA,2026-01-16 11:22,35.00,26.00,69.37,17.25,2700.00,M
OMA,2026-01-16 11:52,37.00,24.00,58.96,16.10,3300.00,36.80
OMA,2026-01-16 11:59,35.00,25.00,66.55,41.40,2000.00,55.20
OMA,2026-01-16 12:01,33.00,26.00,75.15,31.05,1500.00,55.20
OMA,2026-01-16 12:21,30.00,24.00,78.06,26.45,1100.00,55.20
OMA,2026-01-16 12:52,32.00,19.00,58.24,28.75,3600.00,55.20
OMA,2026-01-16 13:52,29.00,13.00,50.68,36.80,3500.00,62.10
OMA,2026-01-16 14:44,26.00,14.00,59.93,26.45,4300.00,52.90
OMA,2026-01-16 14:52,26.00,14.00,59.93,24.15,4100.00,52.90
OMA,2026-01-16 15:52,24.00,7.00,47.66,33.35,4800.00,55.20
OMA,2026-01-16 16:52,23.00,7.00,49.71,25.30,4500.00,46.00
OMA,2026-01-16 17:52,21.00,7.00,54.09,16.10,3800.00,41.40
OMA,2026-01-16 18:52,19.00,7.00,58.91,16.10,8000.00,35.65
OMA,2026-01-16 19:52,17.00,4.00,55.98,26.45,3200.00,35.65
OMA,2026-01-16 20:45,16.00,8.00,70.16,19.55,3600.00,35.65
OMA,2026-01-16 20:52,16.00,8.00,70.16,20.70,3600.00,35.65
OMA,2026-01-16 21:22,15.00,-1.00,48.37,26.45,3200.00,46.00
OMA,2026-01-16 21:52,14.00,-2.00,48.20,26.45,6500.00,46.00
OMA,2026-01-16 22:52,12.00,0.00,57.86,19.55,6500.00,41.40
OMA,2026-01-16 23:52,11.00,2.00,66.41,16.10,6500.00,M
OMA,2026-01-17 00:52,11.00,1.00,63.38,19.55,2500.00,29.90
OMA,2026-01-17 01:52,10.00,0.00,63.24,25.30,3000.00,34.50
OMA,2026-01-17 02:52,9.00,0.00,66.14,18.40,3300.00,33.35
OMA,2026-01-17 03:52,9.00,1.00,69.31,17.25,3300.00,M
OMA,2026-01-17 04:52,9.00,-1.00,63.10,23.00,3100.00,31.05
OMA,2026-01-17 05:52,8.00,-2.00,62.96,24.15,2400.00,36.80
OMA,2026-01-17 06:19,8.00,1.00,72.51,20.70,2400.00,31.05
OMA,2026-01-17 06:52,8.00,2.00,75.97,23.00,2200.00,31.05
OMA,2026-01-17 07:00,8.00,-1.00,66.01,26.45,1900.00,37.95
OMA,2026-01-17 07:04,8.00,-2.00,62.96,25.30,2400.00,37.95
OMA,2026-01-17 07:34,7.00,-2.00,65.88,21.85,2800.00,37.95
OMA,2026-01-17 07:44,7.00,-2.00,65.88,24.15,3000.00,37.95
OMA,2026-01-17 07:52,8.00,-2.00,62.96,26.45,3000.00,37.95
OMA,2026-01-17 08:52,7.00,-4.00,59.89,27.60,2500.00,42.55
OMA,2026-01-17 08:59,7.00,-3.00,62.82,26.45,2500.00,37.95
OMA,2026-01-17 09:19,7.00,-3.00,62.82,26.45,2500.00,37.95
OMA,2026-01-17 09:36,7.00,-4.00,59.89,28.75,2500.00,40.25
OMA,2026-01-17 09:52,8.00,-3.00,60.04,26.45,3000.00,40.25
OMA,2026-01-17 09:58,8.00,-3.00,60.04,27.60,3000.00,37.95
OMA,2026-01-17 10:52,9.00,-2.00,60.19,24.15,3000.00,37.95
OMA,2026-01-17 10:59,8.00,-2.00,62.96,23.00,2600.00,33.35
OMA,2026-01-17 11:36,9.00,-4.00,54.72,24.15,2600.00,37.95
OMA,2026-01-17 11:52,10.00,-3.00,54.88,23.00,3300.00,37.95
OMA,2026-01-17 12:52,11.00,-3.00,52.48,26.45,3800.00,37.95
OMA,2026-01-17 13:19,11.00,-2.00,55.04,23.00,3200.00,35.65
OMA,2026-01-17 13:52,11.00,-2.00,55.04,26.45,3300.00,35.65
OMA,2026-01-17 14:25,10.00,-4.00,52.32,21.85,2900.00,33.35
OMA,2026-01-17 14:52,10.00,-4.00,52.32,21.85,2900.00,35.65
OMA,2026-01-17 15:52,9.00,-3.00,57.40,17.25,3000.00,29.90
OMA,2026-01-17 16:52,9.00,-2.00,60.19,16.10,0.00,M
OMA,2026-01-17 17:52,9.00,-2.00,60.19,11.50,10000.00,M
OMA,2026-01-17 18:52,8.00,-1.00,66.01,10.35,M,M
OMA,2026-01-17 20:52,8.00,-3.00,60.04,10.35,M,M
OMA,2026-01-17 21:52,8.00,-3.00,60.04,10.35,M,M
OMA,2026-01-17 22:52,8.00,-4.00,57.24,5.75,19000.00,M
OMA,2026-01-17 23:52,8.00,-5.00,54.56,3.45,16000.00,M
OMA,2026-01-18 00:52,9.00,-4.00,54.72,9.20,13000.00,M
OMA,2026-01-18 01:52,9.00,-3.00,57.40,9.20,10000.00,M
OMA,2026-01-18 02:52,10.00,-1.00,60.34,5.75,10000.00,M
OMA,2026-01-18 03:52,11.00,0.00,60.48,12.65,7000.00,M
OMA,2026-01-18 04:52,13.00,1.00,58.01,11.50,4400.00,M
OMA,2026-01-18 05:52,13.00,3.00,63.66,14.95,6500.00,M
OMA,2026-01-18 06:52,14.00,3.00,60.92,9.20,7500.00,M
OMA,2026-01-18 07:52,13.00,5.00,69.80,10.35,7000.00,M
OMA,2026-01-18 08:52,17.00,6.00,61.35,9.20,6000.00,M
OMA,2026-01-18 09:52,23.00,7.00,49.71,8.05,4900.00,M
OMA,2026-01-18 10:52,28.00,11.00,48.33,13.80,3800.00,M
OMA,2026-01-18 11:52,29.00,15.00,55.33,16.10,2800.00,M
OMA,2026-01-18 12:12,31.00,17.00,55.64,19.55,3000.00,M
OMA,2026-01-18 12:52,33.00,19.00,55.94,19.55,3200.00,M
OMA,2026-01-18 13:52,36.00,20.00,51.80,17.25,3600.00,37.95
OMA,2026-01-18 14:52,36.00,20.00,51.80,23.00,4300.00,40.25
OMA,2026-01-18 15:52,34.00,19.00,53.74,18.40,4500.00,39.10
OMA,2026-01-18 16:52,33.00,20.00,58.38,11.50,4500.00,M
OMA,2026-01-18 17:52,32.00,20.00,60.78,23.00,3400.00,34.50
OMA,2026-01-18 18:52,26.00,9.00,48.00,33.35,3500.00,50.60
OMA,2026-01-18 19:52,19.00,4.00,51.36,36.80,2900.00,55.20
OMA,2026-01-18 20:52,16.00,2.00,53.29,23.00,M,52.90
OMA,2026-01-18 21:52,15.00,3.00,58.31,19.55,M,M
OMA,2026-01-18 22:52,14.00,4.00,63.80,17.25,M,32.20
OMA,2026-01-18 23:52,13.00,1.00,58.01,25.30,2900.00,36.80
OMA,2026-01-19 00:50,10.40,3.20,72.11,16.10,2200.00,29.90
OMA,2026-01-19 00:52,11.00,3.00,69.56,17.25,2200.00,29.90
OMA,2026-01-19 01:43,9.00,1.00,69.31,23.00,1600.00,32.20
OMA,2026-01-19 01:52,9.00,0.00,66.14,21.85,1700.00,32.20
OMA,2026-01-19 02:52,6.00,-6.00,56.93,25.30,24000.00,36.80
OMA,2026-01-19 03:52,6.00,-5.00,59.74,21.85,22000.00,35.65
OMA,2026-01-19 04:52,5.00,-6.00,59.59,25.30,21000.00,35.65
OMA,2026-01-19 05:52,4.00,-5.00,65.48,18.40,20000.00,32.20
OMA,2026-01-19 06:52,3.00,-7.00,62.25,14.95,20000.00,31.05
OMA,2026-01-19 07:52,2.00,-6.00,68.44,14.95,20000.00,M
OMA,2026-01-19 08:52,3.00,-7.00,62.25,14.95,20000.00,M
OMA,2026-01-19 09:52,6.00,-6.00,56.93,13.80,3000.00,M
OMA,2026-01-19 10:52,8.00,-8.00,47.18,11.50,M,M
OMA,2026-01-19 11:52,11.00,-7.00,43.30,10.35,M,M
OMA,2026-01-19 12:52,13.00,-7.00,39.63,8.05,M,M
OMA,2026-01-19 13:52,15.00,-8.00,34.57,9.20,M,M
OMA,2026-01-19 14:52,18.00,-6.00,33.45,11.50,13000.00,M
OMA,2026-01-19 15:52,19.00,-8.00,29.08,12.65,15000.00,M
OMA,2026-01-19 16:52,18.00,-5.00,35.10,11.50,13000.00,M
OMA,2026-01-19 17:52,19.00,-5.00,33.63,3.45,4800.00,M
OMA,2026-01-19 18:52,20.00,-5.00,32.22,5.75,5500.00,M
OMA,2026-01-19 19:52,21.00,1.00,41.04,6.90,7000.00,M
OMA,2026-01-19 21:52,20.00,6.00,53.93,5.75,6500.00,M
OMA,2026-01-19 22:52,19.00,7.00,58.91,10.35,6500.00,M
OMA,2026-01-19 23:52,18.00,7.00,61.49,6.90,6000.00,M
OMA,2026-01-20 00:52,13.00,5.00,69.80,5.75,6000.00,M
OMA,2026-01-20 01:52,13.00,6.00,73.06,0.00,M,M
OMA,2026-01-20 02:52,12.00,6.00,76.36,0.00,M,M
OMA,2026-01-20 03:52,11.00,6.00,79.83,3.45,M,M
OMA,2026-01-20 04:52,9.00,4.00,79.66,3.45,M,M
OMA,2026-01-20 05:52,8.00,3.00,79.57,4.60,25000.00,M
OMA,2026-01-20 06:52,9.00,3.00,76.07,0.00,25000.00,M
OMA,2026-01-20 07:52,8.00,3.00,79.57,3.45,25000.00,M
OMA,2026-01-20 08:52,14.00,5.00,66.79,5.75,14000.00,M
OMA,2026-01-20 09:52,17.00,4.00,55.98,8.05,14000.00,M
OMA,2026-01-20 11:52,25.00,6.00,43.68,11.50,10000.00,M
OMA,2026-01-20 12:52,27.00,8.00,44.02,9.20,12000.00,M
OMA,2026-01-20 13:52,29.00,9.00,42.42,11.50,11000.00,M
OMA,2026-01-20 14:52,28.00,9.00,44.19,13.80,11000.00,M
OMA,2026-01-20 15:52,29.00,9.00,42.42,11.50,11000.00,M
OMA,2026-01-20 16:52,29.00,9.00,42.42,8.05,10000.00,M
OMA,2026-01-20 17:52,30.00,10.00,42.59,8.05,9000.00,M
OMA,2026-01-20 18:52,29.00,10.00,44.36,5.75,10000.00,M
OMA,2026-01-20 19:52,27.00,13.00,55.03,3.45,9500.00,M
OMA,2026-01-20 20:52,26.00,13.00,57.35,0.00,11000.00,M
OMA,2026-01-20 21:52,26.00,14.00,59.93,0.00,5000.00,M
OMA,2026-01-20 22:52,25.00,15.00,65.27,4.60,4800.00,M
OMA,2026-01-20 23:52,25.00,13.00,59.79,8.05,10000.00,M
OMA,2026-01-21 00:52,28.00,19.00,68.54,17.25,17000.00,M
OMA,2026-01-21 01:52,26.00,20.00,77.69,9.20,3700.00,M
OMA,2026-01-21 02:52,23.00,19.00,84.38,8.05,M,M
OMA,2026-01-21 03:52,23.00,19.00,84.38,3.45,M,M
OMA,2026-01-21 04:52,23.00,19.00,84.38,11.50,M,M
OMA,2026-01-21 05:52,24.00,17.00,74.24,10.35,5000.00,M
OMA,2026-01-21 06:52,22.00,16.00,77.32,6.90,25000.00,M
OMA,2026-01-21 07:52,22.00,15.00,74.03,0.00,5000.00,M
OMA,2026-01-21 08:52,26.00,17.00,68.30,6.90,5500.00,M
OMA,2026-01-21 09:52,30.00,16.00,55.49,9.20,5500.00,M
OMA,2026-01-21 10:52,35.00,16.00,45.37,16.10,5500.00,29.90
OMA,2026-01-21 11:52,41.00,17.00,37.44,20.70,5500.00,32.20
OMA,2026-01-21 12:52,44.00,17.00,33.36,20.70,6000.00,46.00
OMA,2026-01-21 13:52,45.00,12.00,25.80,34.50,7000.00,57.50
OMA,2026-01-21 14:52,40.00,11.00,29.91,35.65,3500.00,58.65
OMA,2026-01-21 15:52,36.00,10.00,33.47,21.85,6000.00,52.90
OMA,2026-01-21 16:52,33.00,7.00,32.95,27.60,6000.00,55.20
OMA,2026-01-21 17:52,28.00,6.00,38.58,12.65,20000.00,36.80
OMA,2026-01-21 18:52,26.00,5.00,40.03,11.50,20000.00,M
OMA,2026-01-21 19:52,21.00,5.00,49.38,6.90,20000.00,M
OMA,2026-01-21 20:52,24.00,7.00,47.66,8.05,20000.00,M
OMA,2026-01-21 21:52,23.00,6.00,47.50,6.90,20000.00,M
OMA,2026-01-21 22:52,22.00,7.00,51.85,0.00,20000.00,M
OMA,2026-01-21 23:52,16.00,6.00,64.07,4.60,20000.00,M
OMA,2026-01-22 00:52,17.00,6.00,61.35,0.00,M,M
OMA,2026-01-22 01:52,18.00,8.00,64.34,6.90,M,M
OMA,2026-01-22 02:52,18.00,8.00,64.34,3.45,M,M
OMA,2026-01-22 03:52,14.00,7.00,73.17,0.00,12000.00,M
OMA,2026-01-22 04:52,16.00,9.00,73.39,0.00,11000.00,M
OMA,2026-01-22 05:52,15.00,8.00,73.28,0.00,11000.00,M
OMA,2026-01-22 06:52,17.00,11.00,76.85,3.45,12000.00,M
OMA,2026-01-22 07:52,17.00,10.00,73.50,4.60,8000.00,M
OMA,2026-01-22 08:52,18.00,10.00,70.39,4.60,10000.00,M
OMA,2026-01-22 09:52,20.00,8.00,59.06,0.00,7000.00,M
OMA,2026-01-22 10:52,23.00,9.00,54.40,0.00,7000.00,M
OMA,2026-01-22 11:52,27.00,10.00,48.16,0.00,8000.00,M
OMA,2026-01-22 12:52,31.00,7.00,35.72,11.50,9000.00,M
OMA,2026-01-22 13:52,33.00,8.00,34.48,13.80,9000.00,M
OMA,2026-01-22 14:52,30.00,7.00,37.20,20.70,4000.00,M
OMA,2026-01-22 15:52,27.00,6.00,40.20,17.25,4000.00,29.90
OMA,2026-01-22 16:52,24.00,5.00,43.51,16.10,5000.00,M
OMA,2026-01-22 17:52,20.00,2.00,44.86,16.10,10000.00,M
OMA,2026-01-22 18:52,17.00,2.00,51.03,11.50,10000.00,M
OMA,2026-01-22 19:52,16.00,1.00,50.87,13.80,10000.00,M
OMA,2026-01-22 20:52,13.00,-2.00,50.37,13.80,10000.00,M
OMA,2026-01-22 21:52,11.00,-2.00,55.04,16.10,10000.00,M
OMA,2026-01-22 22:52,8.00,-7.00,49.53,18.40,10000.00,M
OMA,2026-01-22 23:52,4.00,-11.00,48.85,19.55,7000.00,31.05
OMA,2026-01-23 00:52,2.00,-14.00,46.13,21.85,7000.00,33.35
OMA,2026-01-23 01:52,0.00,-16.00,45.78,18.40,12000.00,31.05
OMA,2026-01-23 02:52,-1.00,-16.00,47.99,21.85,8000.00,31.05
OMA,2026-01-23 03:52,-3.00,-18.00,47.64,20.70,9000.00,32.20
OMA,2026-01-23 04:52,-4.00,-22.00,40.61,23.00,9500.00,31.05
OMA,2026-01-23 05:52,-5.00,-24.00,38.35,21.85,9500.00,35.65
OMA,2026-01-23 06:52,-7.00,-24.00,42.24,23.00,11000.00,32.20
OMA,2026-01-23 07:52,-7.00,-22.00,46.93,18.40,10000.00,29.90
OMA,2026-01-23 08:52,-7.00,-21.00,49.45,17.25,9500.00,M
OMA,2026-01-23 09:52,-5.00,-19.00,49.79,14.95,8500.00,M
OMA,2026-01-23 10:52,-4.00,-24.00,36.55,13.80,8500.00,M
OMA,2026-01-23 11:52,-3.00,-24.00,34.85,9.20,10000.00,M
OMA,2026-01-23 12:52,-1.00,-23.00,33.41,12.65,10000.00,M
OMA,2026-01-23 13:52,-2.00,-24.00,33.23,11.50,10000.00,M
OMA,2026-01-23 14:52,-1.00,-23.00,33.41,5.75,8500.00,M
OMA,2026-01-23 15:52,0.00,-23.00,31.88,6.90,9000.00,M
OMA,2026-01-23 16:52,0.00,-22.00,33.60,5.75,9000.00,M
OMA,2026-01-23 17:52,0.00,-21.00,35.40,5.75,10000.00,M
OMA,2026-01-23 18:52,0.00,-21.00,35.40,9.20,9000.00,M
OMA,2026-01-23 19:52,1.00,-21.00,33.78,8.05,7500.00,M
OMA,2026-01-23 20:52,0.00,-21.00,35.40,8.05,7000.00,M
OMA,2026-01-23 21:52,0.00,-18.00,41.34,6.90,6000.00,M
OMA,2026-01-23 22:52,0.00,-13.00,53.26,4.60,4600.00,M
OMA,2026-01-23 23:52,0.00,-11.00,58.83,4.60,4500.00,M
OMA,2026-01-24 00:42,-1.00,-8.00,71.47,4.60,3100.00,M
OMA,2026-01-24 00:52,-1.00,-8.00,71.47,5.75,2900.00,M
OMA,2026-01-24 01:16,-1.00,-8.00,71.47,4.60,3100.00,M
OMA,2026-01-24 01:23,-1.00,-8.00,71.47,3.45,3100.00,M
OMA,2026-01-24 01:44,-1.00,-8.00,71.47,5.75,3500.00,M
OMA,2026-01-24 01:52,-1.00,-8.00,71.47,4.60,3400.00,M
OMA,2026-01-24 02:19,-1.00,-7.00,75.04,4.60,1900.00,M
OMA,2026-01-24 02:24,0.00,-7.00,71.59,4.60,1900.00,M
OMA,2026-01-24 02:52,-1.00,-7.00,75.04,4.60,1800.00,M
OMA,2026-01-24 03:52,-1.00,-7.00,75.04,4.60,1700.00,M
OMA,2026-01-24 04:36,-1.00,-7.00,75.04,5.75,1800.00,M
OMA,2026-01-24 04:52,-1.00,-8.00,71.47,5.75,3800.00,M
OMA,2026-01-24 05:20,-1.00,-7.00,75.04,5.75,1800.00,M
OMA,2026-01-24 05:29,-1.00,-7.00,75.04,4.60,1800.00,M
OMA,2026-01-24 05:52,-1.00,-8.00,71.47,5.75,1800.00,M
OMA,2026-01-24 06:16,-1.00,-8.00,71.47,5.75,4300.00,M
OMA,2026-01-24 06:21,-1.00,-9.00,68.06,4.60,4300.00,M
OMA,2026-01-24 06:52,-1.00,-8.00,71.47,4.60,4900.00,M
OMA,2026-01-24 07:52,-1.00,-9.00,68.06,5.75,5500.00,M
OMA,2026-01-24 08:52,-1.00,-8.00,71.47,5.75,2800.00,M
OMA,2026-01-24 09:25,0.00,-7.00,71.59,6.90,1500.00,M
OMA,2026-01-24 09:52,0.00,-8.00,68.19,5.75,1800.00,M
OMA,2026-01-24 10:52,2.00,-8.00,62.11,3.45,1900.00,M
OMA,2026-01-24 11:52,4.00,-6.00,62.39,3.45,1500.00,M
OMA,2026-01-24 12:52,4.00,-5.00,65.48,4.60,2000.00,M
OMA,2026-01-24 13:52,5.00,-5.00,62.54,3.45,2000.00,M
OMA,2026-01-24 14:21,5.00,-5.00,62.54,5.75,2400.00,M
OMA,2026-01-24 14:42,5.00,-5.00,62.54,4.60,2400.00,M
OMA,2026-01-24 15:52,6.00,-5.00,59.74,4.60,2400.00,M
OMA,2026-01-24 16:08,6.00,-4.00,62.68,6.90,2300.00,M
OMA,2026-01-24 16:52,5.00,-4.00,65.61,4.60,2300.00,M
OMA,2026-01-24 17:33,5.00,-4.00,65.61,5.75,2300.00,M
OMA,2026-01-24 17:52,5.00,-4.00,65.61,4.60,2300.00,M
OMA,2026-01-24 18:52,5.00,-4.00,65.61,4.60,14000.00,M
OMA,2026-01-24 19:52,5.00,-3.00,68.82,4.60,17000.00,M
OMA,2026-01-24 20:52,5.00,-4.00,65.61,6.90,16000.00,M
OMA,2026-01-24 21:52,5.00,-4.00,65.61,3.45,18000.00,M
OMA,2026-01-24 22:52,4.00,-4.00,68.69,3.45,19000.00,M
OMA,2026-01-24 23:52,3.00,-4.00,71.94,0.00,25000.00,M
OMA,2026-01-25 00:52,2.00,-4.00,75.35,0.00,24000.00,M
OMA,2026-01-25 01:52,0.00,-3.00,86.78,0.00,25000.00,M
OMA,2026-01-25 02:52,1.00,-5.00,75.25,0.00,25000.00,M
OMA,2026-01-25 03:52,-4.00,-6.00,90.83,4.60,25000.00,M
OMA,2026-01-25 04:52,-5.00,-9.00,82.34,6.90,25000.00,M
OMA,2026-01-25 05:52,-4.00,-7.00,86.53,5.75,25000.00,M
OMA,2026-01-25 06:52,-5.00,-8.00,86.47,3.45,25000.00,M
OMA,2026-01-25 07:52,-7.00,-10.00,86.35,5.75,25000.00,M
OMA,2026-01-25 08:52,0.00,-5.00,78.85,4.60,25000.00,M
OMA,2026-01-25 09:52,4.00,-2.00,75.56,3.45,25000.00,M
OMA,2026-01-25 10:52,7.00,-1.00,69.07,6.90,2000.00,M
OMA,2026-01-25 11:52,10.00,-1.00,60.34,6.90,2000.00,M
OMA,2026-01-25 12:52,12.00,0.00,57.86,3.45,2000.00,M
OMA,2026-01-25 13:52,13.00,1.00,58.01,6.90,2500.00,M
OMA,2026-01-25 14:52,15.00,1.00,53.13,5.75,2900.00,M
OMA,2026-01-25 15:52,17.00,2.00,51.03,9.20,3200.00,M
OMA,2026-01-25 16:52,15.00,1.00,53.13,12.65,3200.00,M
OMA,2026-01-25 17:52,9.00,0.00,66.14,8.05,4700.00,M
OMA,2026-01-25 18:52,10.00,1.00,66.27,9.20,4200.00,M
OMA,2026-01-25 19:52,10.00,3.00,72.73,8.05,3900.00,M
OMA,2026-01-25 20:14,12.00,6.00,76.36,17.25,2800.00,M
OMA,2026-01-25 20:22,11.00,6.00,79.83,18.40,2100.00,M
OMA,2026-01-25 20:30,11.00,4.00,72.84,20.70,1900.00,M
OMA,2026-01-25 20:52,9.00,2.00,72.62,17.25,2100.00,M
OMA,2026-01-25 21:26,7.00,0.00,72.39,18.40,2800.00,M
OMA,2026-01-25 21:52,6.00,-1.00,72.28,19.55,2800.00,M
OMA,2026-01-25 22:52,3.00,-3.00,75.46,11.50,3400.00,M
OMA,2026-01-25 23:52,1.00,-5.00,75.25,13.80,M,M
OMA,2026-01-26 00:52,-1.00,-6.00,78.76,8.05,M,M
OMA,2026-01-26 01:52,-2.00,-9.00,71.35,8.05,M,M
OMA,2026-01-26 02:52,-3.00,-10.00,71.23,9.20,M,M
OMA,2026-01-26 03:52,-3.00,-10.00,71.23,8.05,M,M
OMA,2026-01-26 04:52,-4.00,-10.00,74.72,6.90,M,M
OMA,2026-01-26 06:52,-4.00,-9.00,78.48,0.00,M,M
OMA,2026-01-26 07:52,-5.00,-10.00,78.39,5.75,M,M
OMA,2026-01-26 08:52,0.00,-7.00,71.59,8.05,M,M
OMA,2026-01-26 09:52,5.00,-6.00,59.59,10.35,M,M
OMA,2026-01-26 10:52,10.00,-4.00,52.32,12.65,M,M
OMA,2026-01-26 11:52,14.00,0.00,52.97,17.25,M,M
OMA,2026-01-26 12:52,18.00,4.00,53.61,17.25,M,29.90
OMA,2026-01-26 13:52,20.00,6.00,53.93,21.85,M,M
OMA,2026-01-26 14:52,23.00,8.00,52.01,14.95,25000.00,34.50
OMA,2026-01-26 15:52,23.00,10.00,56.90,18.40,25000.00,M
OMA,2026-01-26 16:52,24.00,9.00,52.17,13.80,25000.00,29.90
OMA,2026-01-26 17:52,22.00,10.00,59.35,12.65,M,M
OMA,2026-01-26 18:52,22.00,11.00,62.06,10.35,M,M
OMA,2026-01-26 19:52,20.00,12.00,70.63,10.35,M,M
OMA,2026-01-26 20:52,15.00,11.00,83.83,9.20,M,M
OMA,2026-01-26 21:52,14.00,10.00,83.76,8.05,M,M
OMA,2026-01-26 22:52,13.00,9.00,83.69,8.05,M,M
OMA,2026-01-26 23:52,14.00,10.00,83.76,3.45,M,M
OMA,2026-01-27 00:52,17.00,13.00,83.97,0.00,M,M
OMA,2026-01-27 01:52,14.00,11.00,87.58,0.00,M,M
OMA,2026-01-27 02:52,20.00,11.00,67.56,13.80,M,M
OMA,2026-01-27 03:52,21.00,10.00,61.92,13.80,M,M
OMA,2026-01-27 04:52,20.00,6.00,53.93,16.10,M,M
OMA,2026-01-27 05:52,18.00,5.00,56.13,14.95,M,M
OMA,2026-01-27 06:52,16.00,3.00,55.82,11.50,M,M
OMA,2026-01-27 07:52,15.00,2.00,55.67,12.65,25000.00,M
OMA,2026-01-27 08:52,17.00,0.00,46.48,18.40,25000.00,M
OMA,2026-01-27 09:52,18.00,1.00,46.65,17.25,25000.00,29.90
OMA,2026-01-27 10:52,20.00,1.00,42.82,19.55,25000.00,M
OMA,2026-01-27 11:52,22.00,2.00,41.21,18.40,25000.00,M
OMA,2026-01-27 12:52,23.00,1.00,37.71,17.25,25000.00,M
OMA,2026-01-27 13:52,25.00,2.00,36.33,12.65,25000.00,M
OMA,2026-01-27 14:52,25.00,1.00,34.68,12.65,12000.00,M
OMA,2026-01-27 15:52,24.00,1.00,36.16,13.80,13000.00,M
OMA,2026-01-27 16:52,22.00,0.00,37.53,11.50,12000.00,M
OMA,2026-01-27 17:52,21.00,1.00,41.04,4.60,11000.00,M
OMA,2026-01-27 18:52,21.00,1.00,41.04,4.60,11000.00,M
OMA,2026-01-27 19:52,21.00,2.00,42.99,3.45,8000.00,M
OMA,2026-01-27 20:52,21.00,3.00,45.03,3.45,11000.00,M
OMA,2026-01-27 21:52,20.00,2.00,44.86,8.05,10000.00,M
OMA,2026-01-27 22:52,20.00,2.00,44.86,3.45,10000.00,M
OMA,2026-01-27 23:52,20.00,0.00,40.86,0.00,10000.00,M
OMA,2026-01-28 00:52,18.00,1.00,46.65,0.00,6000.00,M
OMA,2026-01-28 01:52,19.00,5.00,53.77,5.75,6000.00,M
OMA,2026-01-28 02:52,17.00,6.00,61.35,4.60,6000.00,M
OMA,2026-01-28 03:52,18.00,7.00,61.49,3.45,11000.00,M
OMA,2026-01-28 04:52,16.00,8.00,70.16,4.60,9000.00,M
OMA,2026-01-28 05:52,12.00,7.00,79.92,0.00,9000.00,M
OMA,2026-01-28 06:52,13.00,6.00,73.06,3.45,9000.00,M
OMA,2026-01-28 08:52,16.00,9.00,73.39,3.45,8000.00,M
OMA,2026-01-28 09:52,22.00,9.00,56.75,3.45,8000.00,M
OMA,2026-01-28 10:52,25.00,7.00,45.71,3.45,8000.00,M
OMA,2026-01-28 11:52,27.00,6.00,40.20,5.75,8000.00,M
OMA,2026-01-28 12:52,29.00,5.00,35.38,3.45,8000.00,M
OMA,2026-01-28 13:52,31.00,0.00,25.86,4.60,8000.00,M
OMA,2026-01-28 14:52,34.00,0.00,22.92,6.90,8000.00,M
OMA,2026-01-28 15:52,33.00,0.00,23.86,8.05,8000.00,M
OMA,2026-01-28 16:52,31.00,1.00,27.10,6.90,8000.00,M
OMA,2026-01-28 17:52,27.00,3.00,35.03,6.90,8000.00,M
OMA,2026-01-28 18:52,26.00,4.00,38.23,6.90,25000.00,M
OMA,2026-01-28 19:52,26.00,8.00,45.88,8.05,25000.00,M
OMA,2026-01-28 20:52,24.00,9.00,52.17,8.05,22000.00,M
OMA,2026-01-28 21:52,23.00,9.00,54.40,6.90,15000.00,M
OMA,2026-01-28 22:52,23.00,8.00,52.01,6.90,14000.00,M
OMA,2026-01-28 23:52,23.00,9.00,54.40,6.90,16000.00,M
OMA,2026-01-29 00:52,22.00,6.00,49.54,5.75,7500.00,M
OMA,2026-01-29 01:52,20.00,2.00,44.86,4.60,7500.00,M
OMA,2026-01-29 02:52,19.00,3.00,49.04,6.90,6000.00,M
OMA,2026-01-29 03:52,18.00,4.00,53.61,8.05,5000.00,M
OMA,2026-01-29 04:38,17.00,5.00,58.61,4.60,3400.00,M
OMA,2026-01-29 04:52,17.00,7.00,64.21,5.75,3300.00,M
OMA,2026-01-29 05:52,16.00,9.00,73.39,6.90,4900.00,M
OMA,2026-01-29 06:52,16.00,7.00,67.05,9.20,6000.00,M
OMA,2026-01-29 07:12,15.00,8.00,73.28,9.20,5000.00,M
OMA,2026-01-29 07:52,15.00,6.00,66.92,8.05,5500.00,M
OMA,2026-01-29 08:52,15.00,4.00,61.06,6.90,5000.00,M
OMA,2026-01-29 09:52,15.00,7.00,70.04,6.90,4000.00,M
OMA,2026-01-29 10:52,16.00,9.00,73.39,8.05,3000.00,M
OMA,2026-01-29 11:52,18.00,9.00,67.31,6.90,1400.00,M
OMA,2026-01-29 12:52,20.00,7.00,56.44,0.00,6000.00,M
OMA,2026-01-29 13:52,22.00,4.00,45.20,3.45,4500.00,M
OMA,2026-01-29 14:52,24.00,4.00,41.56,0.00,25000.00,M
OMA,2026-01-29 15:52,26.00,4.00,38.23,5.75,25000.00,M
OMA,2026-01-29 16:52,25.00,3.00,38.06,6.90,16000.00,M
OMA,2026-01-29 17:52,21.00,4.00,47.16,5.75,5000.00,M
OMA,2026-01-29 18:52,21.00,5.00,49.38,3.45,5500.00,M
OMA,2026-01-29 19:52,21.00,4.00,47.16,6.90,5500.00,M
OMA,2026-01-29 20:52,21.00,4.00,47.16,4.60,5000.00,M
OMA,2026-01-29 21:52,21.00,5.00,49.38,3.45,5000.00,M
OMA,2026-01-29 22:52,20.00,5.00,51.52,5.75,6000.00,M
OMA,2026-01-29 23:52,20.00,5.00,51.52,3.45,6500.00,M
OMA,2026-01-30 00:52,20.00,4.00,49.21,9.20,6000.00,M
OMA,2026-01-30 02:52,16.00,3.00,55.82,9.20,5000.00,M
OMA,2026-01-30 03:52,15.00,2.00,55.67,8.05,4700.00,M
OMA,2026-01-30 04:52,12.00,1.00,60.63,9.20,5000.00,M
OMA,2026-01-30 05:52,11.00,2.00,66.41,11.50,4800.00,M
OMA,2026-01-30 06:52,9.00,0.00,66.14,14.95,12000.00,M
OMA,2026-01-30 07:52,8.00,-1.00,66.01,13.80,12000.00,M
OMA,2026-01-30 08:52,8.00,0.00,69.19,14.95,1800.00,M
OMA,2026-01-30 09:52,11.00,0.00,60.48,14.95,2000.00,M
OMA,2026-01-30 10:21,11.00,0.00,60.48,11.50,2200.00,M
OMA,2026-01-30 10:52,11.00,1.00,63.38,16.10,2300.00,M
OMA,2026-01-30 11:40,12.00,3.00,66.54,14.95,2300.00,M
OMA,2026-01-30 11:52,13.00,2.00,60.77,17.25,2300.00,M
OMA,2026-01-30 11:56,12.00,3.00,66.54,18.40,2000.00,M
OMA,2026-01-30 12:13,13.00,-2.00,50.37,14.95,2200.00,M
OMA,2026-01-30 12:52,14.00,-2.00,48.20,16.10,2200.00,M
OMA,2026-01-30 13:52,15.00,-4.00,41.95,20.70,3800.00,33.35
OMA,2026-01-30 14:14,13.00,-2.00,50.37,20.70,3100.00,31.05
OMA,2026-01-30 14:21,15.00,-5.00,39.98,21.85,2700.00,31.05
OMA,2026-01-30 14:33,14.00,-1.00,50.54,17.25,3000.00,31.05
OMA,2026-01-30 14:52,15.00,-4.00,41.95,18.40,3700.00,31.05
OMA,2026-01-30 15:52,14.00,-2.00,48.20,20.70,3700.00,29.90
OMA,2026-01-30 16:52,13.00,-4.00,45.80,18.40,3600.00,M
OMA,2026-01-30 17:52,11.00,-3.00,52.48,12.65,3500.00,M
OMA,2026-01-30 18:52,9.00,-3.00,57.40,10.35,M,M
OMA,2026-01-30 19:52,5.00,-4.00,65.61,6.90,M,M
OMA,2026-01-30 20:52,4.00,-5.00,65.48,6.90,M,M
OMA,2026-01-30 21:52,3.00,-5.00,68.57,6.90,M,M
OMA,2026-01-30 22:52,2.00,-4.00,75.35,5.75,M,M
OMA,2026-01-30 23:52,2.00,-4.00,75.35,3.45,M,M
OMA,2026-01-31 00:52,1.00,-5.00,75.25,3.45,M,M
OMA,2026-01-31 01:52,-1.00,-5.00,82.65,4.60,M,M
OMA,2026-01-31 02:52,0.00,-5.00,78.85,4.60,M,M
OMA,2026-01-31 03:52,0.00,-3.00,86.78,3.45,M,M
OMA,2026-01-31 04:52,1.00,-3.00,82.81,0.00,M,M
OMA,2026-01-31 05:52,1.00,-3.00,82.81,3.45,M,M
OMA,2026-01-31 06:52,-1.00,-4.00,86.72,0.00,M,M
OMA,2026-01-31 07:52,0.00,-6.00,75.14,0.00,22000.00,M
OMA,2026-01-31 08:52,4.00,-3.00,72.05,0.00,25000.00,M
OMA,2026-01-31 09:52,9.00,-1.00,63.10,0.00,25000.00,M
OMA,2026-01-31 10:52,13.00,-2.00,50.37,5.75,25000.00,M
OMA,2026-01-31 11:52,16.00,-2.00,44.17,8.05,25000.00,M
OMA,2026-01-31 12:52,19.00,-2.00,38.81,5.75,25000.00,M
OMA,2026-01-31 13:52,22.00,-1.00,35.81,9.20,18000.00,M
OMA,2026-01-31 14:52,23.00,0.00,35.98,11.50,18000.00,M
OMA,2026-01-31 15:52,23.00,1.00,37.71,10.35,18000.00,M
OMA,2026-01-31 16:52,22.00,1.00,39.33,11.50,15000.00,M
OMA,2026-01-31 17:52,21.00,2.00,42.99,12.65,13000.00,M
OMA,2026-01-31 18:52,21.00,2.00,42.99,12.65,12000.00,M
OMA,2026-01-31 19:52,20.00,1.00,42.82,11.50,9500.00,M
OMA,2026-01-31 20:52,19.00,3.00,49.04,14.95,8500.00,M
OMA,2026-01-31 21:52,19.00,4.00,51.36,14.95,4500.00,M
OMA,2026-01-31 22:45,19.00,5.00,53.77,14.95,7000.00,M
OMA,2026-01-31 22:52,19.00,6.00,56.29,16.10,7500.00,M
OMA,2026-01-31 23:52,19.00,9.00,64.48,16.10,7500.00,M
OMA,2026-02-01 00:52,19.00,10.00,67.43,14.95,4800.00,M
OMA,2026-02-01 01:09,19.00,10.00,67.43,13.80,4800.00,M
OMA,2026-02-01 01:52,20.00,10.00,64.61,12.65,4000.00,M
OMA,2026-02-01 02:17,20.00,10.00,64.61,12.65,3100.00,M
OMA,2026-02-01 02:52,20.00,9.00,61.78,13.80,4400.00,M
OMA,2026-02-01 03:52,21.00,9.00,59.20,12.65,3700.00,M
OMA,2026-02-01 04:52,21.00,9.00,59.20,11.50,5500.00,M
OMA,2026-02-01 05:52,20.00,10.00,64.61,12.65,6000.00,M
OMA,2026-02-01 06:52,20.00,10.00,64.61,12.65,4600.00,M
OMA,2026-02-01 07:52,18.00,10.00,70.39,9.20,4600.00,M
OMA,2026-02-01 08:52,20.00,11.00,67.56,11.50,5000.00,M
OMA,2026-02-01 09:52,25.00,13.00,59.79,6.90,5000.00,M
OMA,2026-02-01 10:52,31.00,16.00,53.28,5.75,5000.00,M
OMA,2026-02-01 11:52,38.00,21.00,49.95,8.05,5000.00,M
OMA,2026-02-01 12:52,44.00,26.00,48.84,9.20,5000.00,M
OMA,2026-02-01 13:52,49.00,29.00,45.75,16.10,3700.00,M
OMA,2026-02-01 14:52,50.00,30.00,45.91,17.25,3900.00,M
OMA,2026-02-01 15:52,47.00,29.00,49.32,14.95,4100.00,M
OMA,2026-02-01 16:52,44.00,29.00,55.26,13.80,3700.00,M
OMA,2026-02-01 17:52,42.00,29.00,59.67,16.10,3300.00,M
OMA,2026-02-01 18:52,40.00,29.00,64.48,11.50,3200.00,M
OMA,2026-02-01 19:52,38.00,28.00,66.92,5.75,2900.00,M
OMA,2026-02-01 20:24,38.00,28.00,66.92,4.60,3100.00,M
OMA,2026-02-01 20:52,38.00,28.00,66.92,6.90,3200.00,M
OMA,2026-02-01 21:47,37.40,28.40,69.65,8.05,2900.00,M
OMA,2026-02-01 21:52,38.00,28.00,66.92,6.90,2900.00,M
OMA,2026-02-01 22:47,37.40,28.40,69.65,3.45,3000.00,M
OMA,2026-02-01 22:52,37.00,27.00,66.80,3.45,3000.00,M
OMA,2026-02-01 23:52,36.00,27.00,69.49,3.45,3100.00,M
OMA,2026-02-02 00:52,35.00,27.00,72.30,3.45,3100.00,M
OMA,2026-02-02 01:52,34.00,27.00,75.25,0.00,3000.00,M
OMA,2026-02-02 02:52,30.00,26.00,84.84,0.00,3000.00,M
OMA,2026-02-02 03:52,32.00,26.00,78.23,0.00,3000.00,M
OMA,2026-02-02 04:09,31.00,26.00,81.46,3.45,2900.00,M
OMA,2026-02-02 04:52,32.00,26.00,78.23,0.00,2900.00,M
OMA,2026-02-02 05:52,30.00,26.00,84.84,0.00,2800.00,M
OMA,2026-02-02 06:01,31.00,26.00,81.46,0.00,2800.00,M
OMA,2026-02-02 06:52,27.00,25.00,92.04,0.00,2800.00,M
OMA,2026-02-02 07:52,26.00,24.00,92.00,4.60,2800.00,M
OMA,2026-02-02 08:52,31.00,27.00,84.90,4.60,2800.00,M
OMA,2026-02-02 09:52,37.00,28.00,69.60,0.00,3000.00,M
OMA,2026-02-02 10:52,41.00,28.00,59.53,8.05,3000.00,M
OMA,2026-02-02 11:52,42.00,28.00,57.28,6.90,25000.00,M
OMA,2026-02-02 13:52,43.00,28.00,55.11,10.35,25000.00,M
OMA,2026-02-02 14:52,44.00,27.00,50.90,6.90,22000.00,M
OMA,2026-02-02 15:52,43.00,27.00,52.89,8.05,19000.00,M
OMA,2026-02-02 16:52,42.00,27.00,54.96,8.05,18000.00,M
OMA,2026-02-02 17:52,40.00,26.00,56.98,5.75,18000.00,M
OMA,2026-02-02 18:52,34.00,25.00,69.26,3.45,20000.00,M
OMA,2026-02-02 19:52,36.00,24.00,61.34,6.90,22000.00,M
OMA,2026-02-02 20:52,33.00,23.00,66.30,5.75,22000.00,M
OMA,2026-02-02 21:52,30.00,22.00,71.76,6.90,22000.00,M
OMA,2026-02-02 22:52,28.00,21.00,74.65,4.60,24000.00,M
OMA,2026-02-02 23:52,26.00,21.00,81.07,3.45,3000.00,M
OMA,2026-02-03 00:52,28.00,21.00,74.65,3.45,3900.00,M
OMA,2026-02-03 01:52,28.00,21.00,74.65,4.60,3600.00,M
OMA,2026-02-03 02:52,28.00,21.00,74.65,4.60,3400.00,M
OMA,2026-02-03 03:52,28.00,21.00,74.65,5.75,3300.00,M
OMA,2026-02-03 04:52,27.00,20.00,74.54,5.75,3200.00,M
OMA,2026-02-03 05:52,27.00,19.00,71.42,4.60,3100.00,M
OMA,2026-02-03 06:52,27.00,19.00,71.42,8.05,3000.00,M
OMA,2026-02-03 07:07,27.00,18.00,68.42,8.05,2900.00,M
OMA,2026-02-03 07:52,27.00,16.00,62.75,8.05,2700.00,M
OMA,2026-02-03 08:52,27.00,16.00,62.75,5.75,2700.00,M
OMA,2026-02-03 09:52,28.00,17.00,62.89,4.60,2600.00,M
OMA,2026-02-03 10:52,28.00,18.00,65.66,6.90,2100.00,M
OMA,2026-02-03 11:52,27.00,21.00,77.78,5.75,1600.00,M
OMA,2026-02-03 12:52,28.00,21.00,74.65,4.60,1600.00,M
OMA,2026-02-03 13:52,28.00,21.00,74.65,3.45,1500.00,M
OMA,2026-02-03 14:52,28.00,20.00,71.54,4.60,1700.00,M
OMA,2026-02-03 15:52,29.00,20.00,68.66,5.75,2000.00,M
OMA,2026-02-03 16:52,30.00,21.00,68.78,6.90,2100.00,M
OMA,2026-02-03 17:03,30.00,21.00,68.78,4.60,2100.00,M
OMA,2026-02-03 17:52,29.00,20.00,68.66,6.90,4700.00,M
OMA,2026-02-03 18:52,28.00,20.00,71.54,4.60,4400.00,M
OMA,2026-02-03 19:52,28.00,21.00,74.65,0.00,4400.00,M
OMA,2026-02-03 20:52,29.00,21.00,71.65,0.00,3000.00,M
OMA,2026-02-03 21:33,29.00,21.00,71.65,3.45,2900.00,M
OMA,2026-02-03 21:52,29.00,20.00,68.66,4.60,2900.00,M
OMA,2026-02-03 22:52,29.00,21.00,71.65,4.60,2200.00,M
OMA,2026-02-03 23:52,29.00,21.00,71.65,0.00,2000.00,M
OMA,2026-02-04 00:52,29.00,21.00,71.65,0.00,2100.00,M
OMA,2026-02-04 01:52,29.00,21.00,71.65,0.00,1600.00,M
OMA,2026-02-04 02:52,29.00,22.00,74.75,3.45,1600.00,M
OMA,2026-02-04 03:22,29.00,22.00,74.75,0.00,1400.00,M
OMA,2026-02-04 03:48,28.40,21.20,74.06,0.00,1500.00,M
OMA,2026-02-04 03:52,29.00,22.00,74.75,0.00,1700.00,M
OMA,2026-02-04 04:52,29.00,22.00,74.75,0.00,2100.00,M
OMA,2026-02-04 06:52,29.00,23.00,77.97,0.00,1900.00,M
OMA,2026-02-04 07:44,29.00,24.00,81.31,0.00,1300.00,M
OMA,2026-02-04 07:52,30.00,24.00,78.06,0.00,1300.00,M
OMA,2026-02-04 08:52,31.00,25.00,78.15,3.45,1300.00,M
OMA,2026-02-04 09:22,32.00,26.00,78.23,6.90,2000.00,M
OMA,2026-02-04 09:31,32.00,27.00,81.54,5.75,2100.00,M
OMA,2026-02-04 09:42,32.00,27.00,81.54,6.90,2800.00,M
OMA,2026-02-04 09:52,33.00,27.00,78.32,6.90,2000.00,M
OMA,2026-02-04 10:52,34.00,28.00,78.41,9.20,1500.00,M
OMA,2026-02-04 11:00,34.00,28.00,78.41,9.20,1400.00,M
OMA,2026-02-04 11:52,35.00,29.00,78.50,11.50,1300.00,M
OMA,2026-02-04 12:52,35.00,29.00,78.50,12.65,1200.00,M
OMA,2026-02-04 13:52,34.00,30.00,85.10,12.65,1100.00,M
OMA,2026-02-04 14:52,35.00,28.00,75.34,13.80,1300.00,M
OMA,2026-02-04 15:05,35.00,28.00,75.34,13.80,1500.00,M
OMA,2026-02-04 15:52,34.00,28.00,78.41,11.50,1500.00,M
OMA,2026-02-04 16:52,33.00,27.00,78.32,11.50,1500.00,M
OMA,2026-02-04 18:52,31.00,26.00,81.46,4.60,1700.00,M
OMA,2026-02-04 19:52,31.00,25.00,78.15,5.75,1600.00,M
OMA,2026-02-04 20:52,30.00,24.00,78.06,5.75,1600.00,M
OMA,2026-02-04 21:52,30.00,24.00,78.06,4.60,1500.00,M
OMA,2026-02-04 22:52,30.00,24.00,78.06,4.60,1500.00,M
OMA,2026-02-04 23:20,30.00,24.00,78.06,4.60,1500.00,M
OMA,2026-02-04 23:52,30.00,24.00,78.06,6.90,1400.00,M
OMA,2026-02-05 00:52,29.00,24.00,81.31,6.90,18000.00,M
OMA,2026-02-05 01:52,29.00,24.00,81.31,10.35,18000.00,M
OMA,2026-02-05 02:52,29.00,24.00,81.31,11.50,13000.00,M
OMA,2026-02-05 03:52,29.00,24.00,81.31,10.35,12000.00,M
OMA,2026-02-05 04:52,29.00,24.00,81.31,11.50,13000.00,M
OMA,2026-02-05 05:52,29.00,25.00,84.78,6.90,11000.00,M
OMA,2026-02-05 06:52,27.00,24.00,88.27,6.90,25000.00,M
OMA,2026-02-05 07:52,27.00,24.00,88.27,6.90,22000.00,M
OMA,2026-02-05 08:52,33.00,27.00,78.32,0.00,25000.00,M
OMA,2026-02-05 09:52,40.00,28.00,61.89,14.95,14000.00,M
OMA,2026-02-05 10:52,49.00,32.00,51.68,12.65,14000.00,M
OMA,2026-02-05 12:52,57.00,34.00,41.75,18.40,14000.00,M
OMA,2026-02-05 13:52,61.00,33.00,34.77,19.55,14000.00,M
OMA,2026-02-05 14:52,61.00,33.00,34.77,16.10,14000.00,M
OMA,2026-02-05 15:52,61.00,34.00,36.19,20.70,13000.00,M
OMA,2026-02-05 16:52,59.00,35.00,40.44,14.95,13000.00,M
OMA,2026-02-05 17:52,51.00,34.00,51.99,5.75,13000.00,M
OMA,2026-02-05 18:52,48.00,33.00,55.86,3.45,25000.00,M
OMA,2026-02-05 19:52,42.00,32.00,67.41,0.00,25000.00,M
OMA,2026-02-05 20:52,38.00,30.00,72.62,0.00,25000.00,M
OMA,2026-02-05 21:52,44.00,33.00,64.99,4.60,25000.00,M
OMA,2026-02-05 22:52,47.00,35.00,62.83,8.05,25000.00,M
OMA,2026-02-05 23:52,40.00,32.00,72.84,3.45,25000.00,M
OMA,2026-02-06 00:52,41.00,33.00,72.94,3.45,M,M
OMA,2026-02-06 01:52,39.00,31.00,72.73,0.00,M,M
OMA,2026-02-06 02:52,47.00,34.00,60.37,17.25,M,M
OMA,2026-02-06 03:52,49.00,35.00,58.28,25.30,M,37.95
OMA,2026-02-06 04:52,46.00,35.00,65.24,25.30,M,40.25
OMA,2026-02-06 05:52,43.00,34.00,70.29,19.55,M,42.55
OMA,2026-02-06 06:52,40.00,33.00,75.83,19.55,2000.00,32.20
OMA,2026-02-06 07:27,40.00,33.00,75.83,14.95,2400.00,M
OMA,2026-02-06 07:52,39.00,32.00,75.73,12.65,2200.00,M
OMA,2026-02-06 08:40,40.00,32.00,72.84,20.70,2200.00,29.90
OMA,2026-02-06 08:52,41.00,32.00,70.06,21.85,2200.00,29.90
OMA,2026-02-06 09:52,43.00,32.00,64.86,26.45,2200.00,37.95
OMA,2026-02-06 10:08,43.00,32.00,64.86,27.60,2300.00,36.80
OMA,2026-02-06 10:52,46.00,32.00,57.85,19.55,2500.00,36.80
OMA,2026-02-06 11:49,46.40,30.20,52.98,24.15,2900.00,36.80
OMA,2026-02-06 11:52,46.00,31.00,55.56,20.70,2900.00,36.80
OMA,2026-02-06 12:52,48.00,30.00,49.48,20.70,3300.00,32.20
OMA,2026-02-06 13:52,50.00,29.00,44.08,18.40,3500.00,29.90
OMA,2026-02-06 14:52,51.00,28.00,40.76,18.40,3500.00,29.90
OMA,2026-02-06 15:52,50.00,28.00,42.31,17.25,3500.00,M
OMA,2026-02-06 16:52,48.00,28.00,45.59,14.95,3500.00,M
OMA,2026-02-06 17:52,41.00,25.00,52.58,8.05,25000.00,M
OMA,2026-02-06 18:52,35.00,23.00,61.20,5.75,25000.00,M
OMA,2026-02-06 19:52,35.00,25.00,66.55,5.75,25000.00,M
OMA,2026-02-06 20:52,31.00,24.00,74.95,5.75,25000.00,M
OMA,2026-02-06 21:52,31.00,24.00,74.95,8.05,25000.00,M
OMA,2026-02-06 22:52,27.00,22.00,81.15,4.60,25000.00,M
OMA,2026-02-06 23:52,22.00,19.00,88.01,6.90,25000.00,M
OMA,2026-02-07 00:52,21.00,18.00,87.96,0.00,M,M
OMA,2026-02-07 01:52,23.00,17.00,77.42,0.00,25000.00,M
OMA,2026-02-07 02:52,23.00,15.00,70.97,0.00,25000.00,M
OMA,2026-02-07 03:52,24.00,13.00,62.34,4.60,25000.00,M
OMA,2026-02-07 04:52,23.00,13.00,65.01,4.60,25000.00,M
OMA,2026-02-07 05:52,21.00,14.00,73.92,8.05,25000.00,M
OMA,2026-02-07 06:52,20.00,14.00,77.14,6.90,25000.00,M
OMA,2026-02-07 07:52,22.00,16.00,77.32,9.20,18000.00,M
OMA,2026-02-07 08:52,28.00,20.00,71.54,10.35,18000.00,M
OMA,2026-02-07 09:52,32.00,20.00,60.78,16.10,18000.00,M
OMA,2026-02-07 10:52,35.00,20.00,53.90,17.25,18000.00,M
OMA,2026-02-07 11:52,39.00,20.00,46.03,20.70,25000.00,M
OMA,2026-02-07 12:52,43.00,21.00,41.14,17.25,25000.00,M
OMA,2026-02-07 13:52,45.00,23.00,41.48,20.70,25000.00,31.05
OMA,2026-02-07 14:52,46.00,24.00,41.64,20.70,12000.00,33.35
OMA,2026-02-07 15:52,47.00,24.00,40.10,24.15,12000.00,37.95
OMA,2026-02-07 16:52,46.00,25.00,43.42,13.80,12000.00,34.50
OMA,2026-02-07 17:52,44.00,25.00,46.85,13.80,12000.00,M
OMA,2026-02-07 18:52,41.00,25.00,52.58,12.65,25000.00,M
OMA,2026-02-07 19:52,38.00,25.00,59.11,12.65,25000.00,M
OMA,2026-02-07 20:52,37.00,25.00,61.48,12.65,25000.00,M
OMA,2026-02-07 21:52,36.00,25.00,63.96,10.35,25000.00,M
OMA,2026-02-07 22:52,33.00,23.00,66.30,9.20,25000.00,M
OMA,2026-02-07 23:52,35.00,25.00,66.55,12.65,25000.00,M
OMA,2026-02-08 00:52,33.00,24.00,69.14,5.75,25000.00,M
OMA,2026-02-08 01:52,31.00,24.00,74.95,6.90,14000.00,M
OMA,2026-02-08 02:52,26.00,22.00,84.58,6.90,M,M
OMA,2026-02-08 03:52,26.00,22.00,84.58,9.20,M,M
OMA,2026-02-08 04:52,29.00,23.00,77.97,4.60,M,M
OMA,2026-02-08 05:52,27.00,22.00,81.15,0.00,M,M
OMA,2026-02-08 06:52,25.00,22.00,88.17,0.00,20000.00,M
OMA,2026-02-08 07:52,25.00,21.00,84.51,0.00,18000.00,M
OMA,2026-02-08 08:52,33.00,28.00,81.62,0.00,18000.00,M
OMA,2026-02-08 09:52,43.00,31.00,62.29,9.20,18000.00,M
OMA,2026-02-08 10:52,48.00,33.00,55.86,9.20,18000.00,M
OMA,2026-02-08 11:52,51.00,34.00,51.99,6.90,18000.00,M
OMA,2026-02-08 12:52,54.00,34.00,46.56,9.20,18000.00,M
OMA,2026-02-08 13:52,56.00,34.00,43.29,11.50,18000.00,M
OMA,2026-02-08 14:52,57.00,34.00,41.75,8.05,18000.00,M
OMA,2026-02-08 15:52,58.00,34.00,40.28,6.90,18000.00,M
OMA,2026-02-08 16:52,57.00,33.00,40.11,3.45,25000.00,M
OMA,2026-02-08 17:52,50.00,32.00,49.79,5.75,25000.00,M
OMA,2026-02-08 18:52,42.00,30.00,62.16,3.45,25000.00,M
OMA,2026-02-08 19:52,39.00,30.00,69.84,0.00,25000.00,M
OMA,2026-02-08 20:52,36.00,30.00,78.58,0.00,25000.00,M
OMA,2026-02-08 21:52,33.00,27.00,78.32,0.00,25000.00,M
OMA,2026-02-08 22:52,29.00,26.00,88.37,0.00,25000.00,M
OMA,2026-02-08 23:52,32.00,26.00,78.23,4.60,25000.00,M
OMA,2026-02-09 00:52,30.00,26.00,84.84,5.75,25000.00,M
OMA,2026-02-09 01:52,33.00,28.00,81.62,5.75,25000.00,M
OMA,2026-02-09 02:52,33.00,28.00,81.62,6.90,25000.00,M
OMA,2026-02-09 03:52,31.00,27.00,84.90,6.90,25000.00,M
OMA,2026-02-09 04:52,32.00,28.00,84.97,8.05,M,M
OMA,2026-02-09 05:52,33.00,28.00,81.62,10.35,25000.00,M
OMA,2026-02-09 06:52,31.00,27.00,84.90,9.20,25000.00,M
OMA,2026-02-09 07:52,33.00,29.00,85.03,9.20,25000.00,M
OMA,2026-02-09 08:52,37.00,31.00,78.67,9.20,15000.00,M
OMA,2026-02-09 09:52,42.00,30.00,62.16,10.35,18000.00,M
OMA,2026-02-09 10:52,47.00,31.00,53.50,11.50,18000.00,M
OMA,2026-02-09 11:52,54.00,32.00,42.96,9.20,18000.00,M
OMA,2026-02-09 12:52,61.00,33.00,34.77,10.35,18000.00,M
OMA,2026-02-09 13:52,69.00,31.00,24.28,9.20,18000.00,M
OMA,2026-02-09 14:29,70.00,30.00,22.53,9.20,0.00,M
OMA,2026-02-09 14:52,73.00,29.00,19.54,12.65,0.00,M
OMA,2026-02-09 15:52,74.00,30.00,19.68,17.25,0.00,M
OMA,2026-02-09 16:52,70.00,31.00,23.46,9.20,0.00,M
OMA,2026-02-09 17:52,66.00,32.00,28.03,10.35,20000.00,M
OMA,2026-02-09 18:52,60.00,32.00,34.60,4.60,20000.00,M
OMA,2026-02-09 19:52,45.00,31.00,57.71,0.00,20000.00,M
OMA,2026-02-09 20:52,43.00,29.00,57.42,6.90,25000.00,M
OMA,2026-02-09 21:52,46.00,28.00,49.16,14.95,25000.00,M
OMA,2026-02-09 22:52,41.00,27.00,57.13,12.65,25000.00,M
OMA,2026-02-09 23:52,37.00,27.00,66.80,11.50,25000.00,M
OMA,2026-02-10 00:52,38.00,29.00,69.72,14.95,25000.00,M
OMA,2026-02-10 01:52,35.00,29.00,78.50,10.35,25000.00,M
OMA,2026-02-10 02:52,34.00,29.00,81.69,9.20,22000.00,M
OMA,2026-02-10 03:52,36.00,30.00,78.58,16.10,22000.00,M
OMA,2026-02-10 04:52,35.00,30.00,81.77,12.65,22000.00,M
OMA,2026-02-10 05:52,34.00,29.00,81.69,13.80,23000.00,M
OMA,2026-02-10 06:52,32.00,28.00,84.97,9.20,23000.00,M
OMA,2026-02-10 07:52,35.00,28.00,75.34,12.65,19000.00,M
OMA,2026-02-10 08:52,36.00,28.00,72.41,10.35,18000.00,M
OMA,2026-02-10 09:52,39.00,28.00,64.35,17.25,16000.00,M
OMA,2026-02-10 10:52,39.00,28.00,64.35,19.55,2500.00,31.05
OMA,2026-02-10 11:52,42.00,29.00,59.67,20.70,2500.00,31.05
OMA,2026-02-10 12:52,45.00,28.00,51.06,20.70,3500.00,29.90
OMA,2026-02-10 13:52,46.00,28.00,49.16,20.70,16000.00,29.90
OMA,2026-02-10 14:52,47.00,28.00,47.34,17.25,16000.00,M
OMA,2026-02-10 15:52,47.00,27.00,45.43,18.40,20000.00,M
OMA,2026-02-10 16:52,46.00,26.00,45.26,12.65,20000.00,M
OMA,2026-02-10 17:52,40.00,25.00,54.66,10.35,20000.00,M
OMA,2026-02-10 18:52,35.00,24.00,63.82,9.20,20000.00,M
OMA,2026-02-10 19:52,31.00,23.00,71.87,5.75,20000.00,M
OMA,2026-02-10 20:52,30.00,23.00,74.85,9.20,20000.00,M
OMA,2026-02-10 21:52,31.00,23.00,71.87,9.20,20000.00,M
OMA,2026-02-10 22:52,27.00,22.00,81.15,5.75,20000.00,M
OMA,2026-02-10 23:52,28.00,22.00,77.88,6.90,20000.00,M
OMA,2026-02-11 00:52,25.00,21.00,84.51,3.45,20000.00,M
OMA,2026-02-11 01:52,25.00,21.00,84.51,3.45,20000.00,M
OMA,2026-02-11 02:52,23.00,20.00,88.07,0.00,M,M
OMA,2026-02-11 03:52,22.00,21.00,95.85,0.00,M,M
OMA,2026-02-11 04:52,22.00,20.00,91.86,0.00,M,M
OMA,2026-02-11 05:52,22.00,19.00,88.01,0.00,M,M
OMA,2026-02-11 06:52,21.00,18.00,87.96,3.45,25000.00,M
OMA,2026-02-11 07:52,22.00,19.00,88.01,0.00,25000.00,M
OMA,2026-02-11 08:52,28.00,23.00,81.23,0.00,1000.00,M
OMA,2026-02-11 09:52,34.00,26.00,72.20,3.45,1000.00,M
OMA,2026-02-11 10:52,39.00,25.00,56.84,4.60,20000.00,M
OMA,2026-02-11 11:52,46.00,25.00,43.42,8.05,20000.00,M
OMA,2026-02-11 12:52,49.00,22.00,34.20,10.35,10000.00,M
OMA,2026-02-11 13:52,51.00,23.00,33.11,12.65,10000.00,M
OMA,2026-02-11 14:52,51.00,23.00,33.11,6.90,10000.00,M
OMA,2026-02-11 15:52,52.00,23.00,31.91,9.20,10000.00,M
OMA,2026-02-11 16:52,50.00,20.00,30.26,6.90,10000.00,M
OMA,2026-02-11 17:52,46.00,20.00,35.17,8.05,11000.00,M
OMA,2026-02-11 18:52,41.00,20.00,42.59,5.75,12000.00,M
OMA,2026-02-11 19:52,41.00,21.00,44.44,5.75,11000.00,M
OMA,2026-02-11 20:52,42.00,21.00,42.75,6.90,10000.00,M
OMA,2026-02-11 21:52,42.00,21.00,42.75,6.90,9000.00,M
OMA,2026-02-11 22:52,40.00,21.00,46.20,5.75,9500.00,M
OMA,2026-02-11 23:52,40.00,21.00,46.20,6.90,9500.00,M
OMA,2026-02-12 00:52,38.00,21.00,49.95,6.90,11000.00,M
OMA,2026-02-12 01:52,39.00,21.00,48.03,8.05,10000.00,M
OMA,2026-02-12 02:52,40.00,20.00,44.27,8.05,10000.00,M
OMA,2026-02-12 03:52,39.00,20.00,46.03,10.35,8500.00,M
OMA,2026-02-12 04:52,39.00,20.00,46.03,8.05,6000.00,M
OMA,2026-02-12 05:52,38.00,20.00,47.87,9.20,6500.00,M
OMA,2026-02-12 06:52,36.00,20.00,51.80,11.50,9500.00,M
OMA,2026-02-12 07:52,38.00,21.00,49.95,8.05,7000.00,M
OMA,2026-02-12 08:52,41.00,21.00,44.44,8.05,8500.00,M
OMA,2026-02-12 09:52,44.00,21.00,39.59,11.50,9500.00,M
OMA,2026-02-12 10:52,48.00,21.00,34.03,14.95,10000.00,M
OMA,2026-02-12 11:52,52.00,21.00,29.33,12.65,9000.00,M
OMA,2026-02-12 12:52,56.00,20.00,24.28,13.80,9000.00,M
OMA,2026-02-12 13:52,58.00,22.00,24.59,12.65,9000.00,M
OMA,2026-02-12 14:52,59.00,22.00,23.73,6.90,25000.00,M
OMA,2026-02-12 15:52,59.00,23.00,24.75,5.75,25000.00,M
OMA,2026-02-12 16:52,58.00,23.00,25.65,5.75,25000.00,M
OMA,2026-02-12 17:52,54.00,22.00,28.43,3.45,25000.00,M
OMA,2026-02-12 18:52,45.00,22.00,39.76,3.45,25000.00,M
OMA,2026-02-12 19:52,41.00,23.00,48.36,4.60,25000.00,M
OMA,2026-02-12 20:52,36.00,22.00,56.39,3.45,25000.00,M
OMA,2026-02-12 21:52,33.00,22.00,63.56,0.00,25000.00,M
OMA,2026-02-12 22:52,30.00,21.00,68.78,3.45,M,M
OMA,2026-02-12 23:52,29.00,19.00,65.79,0.00,M,M
OMA,2026-02-13 00:52,26.00,21.00,81.07,0.00,M,M
OMA,2026-02-13 01:52,28.00,21.00,74.65,0.00,M,M
OMA,2026-02-13 02:52,27.00,22.00,81.15,0.00,M,M
OMA,2026-02-13 03:52,24.00,22.00,91.93,0.00,M,M
OMA,2026-02-13 04:52,24.00,21.00,88.12,0.00,M,M
OMA,2026-02-13 05:52,27.00,21.00,77.78,0.00,M,M
OMA,2026-02-13 06:52,24.00,20.00,84.45,0.00,M,M
OMA,2026-02-13 07:52,26.00,22.00,84.58,4.60,25000.00,M
OMA,2026-02-13 08:52,34.00,25.00,69.26,0.00,25000.00,M
OMA,2026-02-13 09:52,41.00,26.00,54.81,0.00,25000.00,M
OMA,2026-02-13 10:52,49.00,26.00,40.43,0.00,5000.00,M
OMA,2026-02-13 11:52,54.00,26.00,33.61,0.00,9000.00,M
OMA,2026-02-13 12:52,59.00,25.00,26.91,5.75,9000.00,M
OMA,2026-02-13 13:52,61.00,23.00,23.05,4.60,9500.00,M
OMA,2026-02-13 14:52,63.00,22.00,20.59,3.45,9500.00,M
OMA,2026-02-13 15:52,63.00,22.00,20.59,4.60,9500.00,M
OMA,2026-02-13 16:52,60.00,22.00,22.90,8.05,9500.00,M
OMA,2026-02-13 17:52,54.00,23.00,29.65,8.05,9500.00,M
OMA,2026-02-13 18:52,52.00,22.00,30.59,5.75,25000.00,M
OMA,2026-02-13 19:52,51.00,22.00,31.75,5.75,25000.00,M
OMA,2026-02-13 20:52,46.00,22.00,38.28,0.00,25000.00,M
OMA,2026-02-13 21:52,39.00,23.00,52.27,0.00,25000.00,M
OMA,2026-02-13 22:52,38.00,23.00,54.36,3.45,12000.00,M
OMA,2026-02-13 23:52,39.00,23.00,52.27,0.00,13000.00,M
OMA,2026-02-14 00:52,36.00,24.00,61.34,0.00,13000.00,M
OMA,2026-02-14 01:52,34.00,23.00,63.69,0.00,13000.00,M
OMA,2026-02-14 02:52,35.00,24.00,63.82,0.00,13000.00,M
OMA,2026-02-14 03:52,34.00,26.00,72.20,4.60,10000.00,M
OMA,2026-02-14 04:52,36.00,23.00,58.82,0.00,10000.00,M
OMA,2026-02-14 05:52,38.00,26.00,61.62,0.00,11000.00,M
OMA,2026-02-14 06:52,41.00,25.00,52.58,4.60,2500.00,M
OMA,2026-02-14 07:52,39.00,26.00,59.25,3.45,10000.00,M
OMA,2026-02-14 08:52,43.00,27.00,52.89,4.60,1400.00,M
OMA,2026-02-14 09:52,48.00,27.00,43.75,0.00,1400.00,M
OMA,2026-02-14 10:52,52.00,36.00,54.25,3.45,1200.00,M
OMA,2026-02-14 11:52,54.00,46.00,74.26,0.00,1000.00,M
OMA,2026-02-14 12:19,54.00,48.00,80.08,0.00,1000.00,M
OMA,2026-02-14 12:52,58.00,47.00,66.72,3.45,1000.00,M
OMA,2026-02-14 13:52,59.00,47.00,64.37,0.00,1500.00,M
OMA,2026-02-14 14:52,62.00,46.00,55.72,4.60,3000.00,M
OMA,2026-02-14 15:52,64.00,44.00,48.14,5.75,3500.00,M
OMA,2026-02-14 16:52,62.00,43.00,49.70,5.75,3500.00,M
OMA,2026-02-14 17:52,58.00,42.00,55.14,4.60,14000.00,M
OMA,2026-02-14 18:52,52.00,42.00,68.59,0.00,14000.00,M
OMA,2026-02-14 19:52,44.00,38.00,79.27,6.90,12000.00,M
OMA,2026-02-14 20:52,48.00,41.00,76.58,3.45,11000.00,M
OMA,2026-02-14 21:52,45.00,39.00,79.35,0.00,12000.00,M
OMA,2026-02-14 22:52,44.00,39.00,82.43,4.60,12000.00,M
OMA,2026-02-14 23:52,43.00,39.00,85.65,5.75,11000.00,M
OMA,2026-02-15 00:52,40.00,39.00,96.18,6.90,11000.00,M
OMA,2026-02-15 01:52,40.00,39.00,96.18,3.45,M,M
OMA,2026-02-15 02:52,38.00,38.00,100.00,5.75,M,M
OMA,2026-02-15 03:52,36.00,35.00,96.11,4.60,M,M
OMA,2026-02-15 04:52,37.00,36.00,96.12,0.00,M,M
OMA,2026-02-15 05:33,33.00,33.00,100.00,0.00,200.00,M
OMA,2026-02-15 05:52,34.00,34.00,100.00,0.00,200.00,M
OMA,2026-02-15 06:30,31.00,31.00,100.00,0.00,100.00,M
OMA,2026-02-15 06:44,31.00,31.00,100.00,4.60,100.00,M
OMA,2026-02-15 06:52,34.00,34.00,100.00,3.45,20000.00,M
OMA,2026-02-15 07:52,30.00,28.00,92.14,4.60,M,M
OMA,2026-02-15 08:23,30.00,30.00,100.00,4.60,100.00,M
OMA,2026-02-15 08:52,35.00,35.00,100.00,0.00,100.00,M
OMA,2026-02-15 09:52,41.00,36.00,82.21,0.00,25000.00,M
OMA,2026-02-15 10:52,50.00,34.00,53.95,3.45,25000.00,M
OMA,2026-02-15 11:52,57.00,30.00,35.53,4.60,25000.00,M
OMA,2026-02-15 12:52,62.00,26.00,25.22,4.60,25000.00,M
OMA,2026-02-15 13:52,64.00,24.00,21.63,5.75,M,M
OMA,2026-02-15 14:52,66.00,22.00,18.55,9.20,25000.00,M
OMA,2026-02-15 15:52,67.00,24.00,19.49,9.20,25000.00,M
OMA,2026-02-15 16:52,65.00,25.00,21.78,11.50,25000.00,M
OMA,2026-02-15 17:52,60.00,28.00,29.40,8.05,M,M
OMA,2026-02-15 18:52,58.00,34.00,40.28,8.05,25000.00,M
OMA,2026-02-15 19:52,56.00,40.00,54.85,8.05,25000.00,M
OMA,2026-02-15 20:52,56.00,43.00,61.59,6.90,25000.00,M
OMA,2026-02-15 21:52,54.00,44.00,68.82,12.65,22000.00,M
OMA,2026-02-15 22:52,53.00,45.00,74.16,11.50,21000.00,M
OMA,2026-02-15 23:52,52.00,44.00,74.06,11.50,22000.00,M
OMA,2026-02-16 00:52,49.00,43.00,79.68,11.50,M,M
OMA,2026-02-16 01:52,49.00,43.00,79.68,11.50,M,M
OMA,2026-02-16 02:52,48.00,42.00,79.59,9.20,25000.00,M
OMA,2026-02-16 03:52,43.00,40.00,89.05,11.50,M,M
OMA,2026-02-16 04:52,43.00,39.00,85.65,10.35,24000.00,M
OMA,2026-02-16 05:52,43.00,39.00,85.65,8.05,24000.00,M
OMA,2026-02-16 06:52,39.00,37.00,92.45,3.45,22000.00,M
OMA,2026-02-16 07:52,40.00,38.00,92.48,4.60,19000.00,M
OMA,2026-02-16 08:52,47.00,42.00,82.65,5.75,19000.00,M
OMA,2026-02-16 09:52,54.00,41.00,61.32,12.65,19000.00,M
OMA,2026-02-16 10:52,58.00,40.00,51.03,10.35,19000.00,M
OMA,2026-02-16 11:52,62.00,40.00,44.26,10.35,25000.00,M
OMA,2026-02-16 12:52,63.00,41.00,44.42,6.90,20000.00,M
OMA,2026-02-16 13:52,66.00,41.00,40.01,8.05,20000.00,M
OMA,2026-02-16 14:52,66.00,40.00,38.48,4.60,20000.00,M
OMA,2026-02-16 15:52,66.00,41.00,40.01,0.00,20000.00,M
OMA,2026-02-16 16:52,66.00,41.00,40.01,0.00,25000.00,M
OMA,2026-02-16 17:52,61.00,40.00,45.85,0.00,18000.00,M
OMA,2026-02-16 18:52,55.00,40.00,56.87,6.90,18000.00,M
OMA,2026-02-16 19:52,53.00,40.00,61.19,5.75,24000.00,M
OMA,2026-02-16 20:52,51.00,40.00,65.87,5.75,24000.00,M
OMA,2026-02-16 21:52,50.00,39.00,65.75,3.45,20000.00,M
OMA,2026-02-16 22:52,47.00,39.00,73.56,0.00,20000.00,M
OMA,2026-02-16 23:52,45.00,39.00,79.35,4.60,20000.00,M
OMA,2026-02-17 00:52,39.00,34.00,82.07,3.45,19000.00,M
OMA,2026-02-17 01:52,41.00,35.00,79.01,3.45,18000.00,M
OMA,2026-02-17 02:52,40.00,35.00,82.14,0.00,16000.00,M
OMA,2026-02-17 03:52,47.00,41.00,79.51,8.05,16000.00,M
OMA,2026-02-17 04:52,48.00,41.00,76.58,10.35,16000.00,M
OMA,2026-02-17 05:52,48.00,41.00,76.58,11.50,18000.00,M
OMA,2026-02-17 06:52,50.00,42.00,73.86,12.65,18000.00,M
OMA,2026-02-17 07:52,50.00,43.00,76.76,12.65,17000.00,M
OMA,2026-02-17 08:52,52.00,44.00,74.06,16.10,18000.00,M
OMA,2026-02-17 09:52,55.00,46.00,71.60,18.40,15000.00,M
OMA,2026-02-17 10:52,57.00,48.00,71.81,19.55,2500.00,31.05
OMA,2026-02-17 11:52,61.00,48.00,62.25,24.15,3000.00,33.35
OMA,2026-02-17 12:52,63.00,48.00,58.01,18.40,3000.00,36.80
OMA,2026-02-17 13:52,66.00,48.00,52.24,26.45,16000.00,39.10
OMA,2026-02-17 14:52,69.00,46.00,43.69,26.45,25000.00,41.40
OMA,2026-02-17 15:52,70.00,45.00,40.65,25.30,25000.00,39.10
OMA,2026-02-17 16:52,71.00,41.00,33.70,23.00,15000.00,35.65
OMA,2026-02-17 17:52,68.00,42.00,38.81,20.70,10000.00,39.10
OMA,2026-02-17 18:52,66.00,43.00,43.21,17.25,10000.00,32.20
OMA,2026-02-17 19:52,64.00,45.00,50.01,17.25,10000.00,35.65
OMA,2026-02-17 20:52,64.00,44.00,48.14,11.50,8500.00,37.95
OMA,2026-02-17 21:52,61.00,37.00,40.77,9.20,12000.00,M
OMA,2026-02-17 22:52,61.00,31.00,32.07,11.50,20000.00,M
OMA,2026-02-17 23:52,60.00,21.00,21.95,18.40,4000.00,31.05
OMA,2026-02-18 00:52,58.00,20.00,22.59,20.70,M,36.80
OMA,2026-02-18 01:52,56.00,29.00,35.36,23.00,M,41.40
OMA,2026-02-18 02:52,52.00,30.00,42.64,21.85,M,36.80
OMA,2026-02-18 03:52,50.00,30.00,45.91,17.25,M,39.10
OMA,2026-02-18 04:52,49.00,27.00,42.14,17.25,M,33.35
OMA,2026-02-18 05:52,47.00,25.00,41.81,14.95,M,35.65
OMA,2026-02-18 06:52,45.00,26.00,47.01,13.80,M,31.05
OMA,2026-02-18 07:52,46.00,27.00,47.17,13.80,M,M
OMA,2026-02-18 08:52,48.00,29.00,47.50,14.95,M,M
OMA,2026-02-18 09:52,50.00,26.00,38.95,14.95,M,M
OMA,2026-02-18 10:52,55.00,18.00,23.11,12.65,25000.00,M
OMA,2026-02-18 11:52,57.00,18.00,21.50,17.25,25000.00,M
OMA,2026-02-18 12:52,60.00,15.00,16.95,18.40,22000.00,M
OMA,2026-02-18 13:52,60.00,16.00,17.71,20.70,21000.00,M
OMA,2026-02-18 14:52,60.00,16.00,17.71,11.50,20000.00,M
OMA,2026-02-18 15:52,60.00,17.00,18.49,6.90,20000.00,M
OMA,2026-02-18 16:52,58.00,18.00,20.74,8.05,19000.00,M
OMA,2026-02-18 17:52,52.00,19.00,26.93,8.05,20000.00,M
OMA,2026-02-18 18:52,47.00,19.00,32.44,6.90,20000.00,M
OMA,2026-02-18 19:52,46.00,19.00,33.69,9.20,20000.00,M
OMA,2026-02-18 20:52,41.00,17.00,37.44,10.35,20000.00,M
OMA,2026-02-18 21:52,37.00,17.00,43.77,11.50,20000.00,M
OMA,2026-02-18 22:52,37.00,18.00,45.70,11.50,20000.00,M
OMA,2026-02-18 23:52,34.00,18.00,51.48,13.80,20000.00,M
OMA,2026-02-19 00:52,31.00,17.00,55.64,16.10,M,M
OMA,2026-02-19 01:52,28.00,17.00,62.89,11.50,M,M
OMA,2026-02-19 02:52,27.00,17.00,65.53,10.35,M,M
OMA,2026-02-19 03:52,25.00,17.00,71.20,11.50,16000.00,M
OMA,2026-02-19 04:52,23.00,17.00,77.42,10.35,24000.00,M
OMA,2026-02-19 05:52,24.00,17.00,74.24,13.80,20000.00,M
OMA,2026-02-19 06:52,23.00,17.00,77.42,12.65,14000.00,M
OMA,2026-02-19 07:52,24.00,18.00,77.51,18.40,14000.00,M
OMA,2026-02-19 08:52,25.00,18.00,74.34,20.70,13000.00,M
OMA,2026-02-19 09:52,27.00,18.00,68.42,21.85,12000.00,29.90
OMA,2026-02-19 10:52,31.00,19.00,60.64,19.55,13000.00,32.20
OMA,2026-02-19 11:52,31.00,19.00,60.64,23.00,10000.00,32.20
OMA,2026-02-19 12:52,31.00,18.00,58.09,25.30,3000.00,33.35
OMA,2026-02-19 13:52,32.00,19.00,58.24,23.00,3000.00,34.50
OMA,2026-02-19 14:52,34.00,20.00,56.09,24.15,3000.00,36.80
OMA,2026-02-19 15:39,32.00,19.00,58.24,18.40,2400.00,34.50
OMA,2026-02-19 15:47,30.20,19.40,63.73,24.15,2000.00,34.50
OMA,2026-02-19 15:52,29.00,20.00,68.66,19.55,1800.00,34.50
OMA,2026-02-19 16:08,27.00,21.00,77.78,20.70,1300.00,29.90
OMA,2026-02-19 16:24,26.00,22.00,84.58,20.70,1000.00,29.90
OMA,2026-02-19 16:33,26.00,22.00,84.58,19.55,900.00,29.90
OMA,2026-02-19 16:52,25.00,22.00,88.17,19.55,700.00,31.05
OMA,2026-02-19 17:21,24.00,22.00,91.93,19.55,600.00,M
OMA,2026-02-19 17:52,23.00,21.00,91.90,24.15,700.00,31.05
OMA,2026-02-19 18:07,23.00,20.00,88.07,23.00,900.00,33.35
OMA,2026-02-19 18:14,23.00,20.00,88.07,25.30,1100.00,33.35
OMA,2026-02-19 18:24,23.00,20.00,88.07,21.85,1300.00,33.35
OMA,2026-02-19 18:52,23.00,20.00,88.07,24.15,1300.00,34.50
OMA,2026-02-19 19:52,22.00,19.00,88.01,25.30,1100.00,34.50
OMA,2026-02-19 20:52,21.00,18.00,87.96,20.70,1200.00,35.65
OMA,2026-02-19 21:52,20.00,18.00,91.79,20.70,1000.00,31.05
OMA,2026-02-19 22:04,20.00,17.00,87.91,20.70,900.00,M
OMA,2026-02-19 22:29,20.00,17.00,87.91,17.25,1000.00,M
OMA,2026-02-19 22:52,20.00,16.00,84.18,17.25,1100.00,M
OMA,2026-02-19 23:34,19.00,15.00,84.11,18.40,1600.00,M
OMA,2026-02-19 23:52,18.00,15.00,87.80,21.85,1600.00,M
OMA,2026-02-20 00:21,18.00,13.00,80.42,21.85,1400.00,29.90
OMA,2026-02-20 00:52,18.00,13.00,80.42,18.40,1700.00,29.90
OMA,2026-02-20 01:22,17.00,12.00,80.34,17.25,1700.00,M
OMA,2026-02-20 01:37,17.00,12.00,80.34,17.25,2100.00,M
OMA,2026-02-20 01:52,17.00,12.00,80.34,20.70,2000.00,M
OMA,2026-02-20 02:31,17.00,12.00,80.34,17.25,3100.00,M
OMA,2026-02-20 02:52,16.00,11.00,80.26,17.25,4100.00,M
OMA,2026-02-20 03:14,16.00,10.00,76.75,18.40,2300.00,M
OMA,2026-02-20 03:52,16.00,9.00,73.39,18.40,2200.00,M
OMA,2026-02-20 04:23,16.00,9.00,73.39,18.40,2300.00,M
OMA,2026-02-20 04:52,16.00,8.00,70.16,19.55,2400.00,M
OMA,2026-02-20 05:52,15.00,6.00,66.92,16.10,2600.00,M
OMA,2026-02-20 06:15,14.00,6.00,69.92,11.50,3000.00,M
OMA,2026-02-20 06:52,12.00,4.00,69.68,6.90,3000.00,M
OMA,2026-02-20 07:52,12.00,4.00,69.68,11.50,3000.00,M
OMA,2026-02-20 08:52,13.00,3.00,63.66,11.50,20000.00,M
OMA,2026-02-20 09:52,15.00,4.00,61.06,16.10,20000.00,M
OMA,2026-02-20 10:52,18.00,6.00,58.76,12.65,20000.00,M
OMA,2026-02-20 11:52,18.00,6.00,58.76,10.35,3000.00,M
OMA,2026-02-20 12:52,20.00,8.00,59.06,8.05,M,M
OMA,2026-02-20 13:52,21.00,8.00,56.59,6.90,M,M
OMA,2026-02-20 14:52,22.00,9.00,56.75,8.05,25000.00,M
OMA,2026-02-20 15:52,22.00,10.00,59.35,6.90,M,M
OMA,2026-02-20 16:52,23.00,9.00,54.40,3.45,25000.00,M
OMA,2026-02-20 17:52,21.00,9.00,59.20,0.00,25000.00,M
OMA,2026-02-20 18:52,18.00,11.00,73.60,3.45,25000.00,M
OMA,2026-02-20 19:52,17.00,8.00,67.18,0.00,22000.00,M
OMA,2026-02-20 20:52,19.00,9.00,64.48,5.75,22000.00,M
OMA,2026-02-20 21:52,20.00,8.00,59.06,5.75,10000.00,M
OMA,2026-02-20 22:52,20.00,8.00,59.06,0.00,11000.00,M
OMA,2026-02-20 23:52,20.00,9.00,61.78,3.45,11000.00,M
OMA,2026-02-21 00:52,19.00,9.00,64.48,3.45,10000.00,M
OMA,2026-02-21 01:52,14.00,10.00,83.76,4.60,10000.00,M
OMA,2026-02-21 02:52,14.00,10.00,83.76,4.60,11000.00,M
OMA,2026-02-21 03:52,14.00,9.00,80.09,5.75,11000.00,M
OMA,2026-02-21 04:52,15.00,9.00,76.66,5.75,12000.00,M
OMA,2026-02-21 05:52,12.00,7.00,79.92,5.75,12000.00,M
OMA,2026-02-21 06:52,13.00,7.00,76.46,3.45,12000.00,M
OMA,2026-02-21 07:52,11.00,6.00,79.83,5.75,14000.00,M
OMA,2026-02-21 08:52,15.00,8.00,73.28,3.45,14000.00,M
OMA,2026-02-21 09:52,18.00,10.00,70.39,5.75,14000.00,M
OMA,2026-02-21 10:52,20.00,11.00,67.56,6.90,12000.00,M
OMA,2026-02-21 11:52,22.00,12.00,64.88,9.20,12000.00,M
OMA,2026-02-21 12:52,25.00,10.00,52.33,11.50,13000.00,M
OMA,2026-02-21 13:52,26.00,12.00,54.87,11.50,13000.00,M
OMA,2026-02-21 14:52,28.00,12.00,50.52,12.65,18000.00,M
OMA,2026-02-21 15:52,28.00,13.00,52.81,13.80,18000.00,M
OMA,2026-02-21 16:52,29.00,13.00,50.68,13.80,18000.00,M
OMA,2026-02-21 17:52,27.00,13.00,55.03,12.65,18000.00,M
OMA,2026-02-21 18:52,26.00,14.00,59.93,8.05,25000.00,M
OMA,2026-02-21 19:52,24.00,13.00,62.34,10.35,M,M
OMA,2026-02-21 20:52,20.00,9.00,61.78,9.20,M,M
OMA,2026-02-21 21:52,19.00,9.00,64.48,11.50,M,M
OMA,2026-02-21 22:52,16.00,7.00,67.05,8.05,M,M
OMA,2026-02-21 23:52,15.00,6.00,66.92,9.20,M,M
OMA,2026-02-22 00:52,17.00,5.00,58.61,13.80,M,M
OMA,2026-02-22 01:52,14.00,4.00,63.80,19.55,M,M
OMA,2026-02-22 02:52,13.00,4.00,66.67,18.40,M,M
OMA,2026-02-22 03:52,11.00,4.00,72.84,16.10,M,M
OMA,2026-02-22 04:52,11.00,3.00,69.56,21.85,M,31.05
OMA,2026-02-22 05:52,9.00,1.00,69.31,14.95,M,M
OMA,2026-02-22 06:52,7.00,-1.00,69.07,16.10,M,M
OMA,2026-02-22 07:52,8.00,-1.00,66.01,20.70,M,29.90
OMA,2026-02-22 08:52,9.00,0.00,66.14,19.55,M,M
OMA,2026-02-22 09:52,10.00,0.00,63.24,17.25,M,M
OMA,2026-02-22 10:52,13.00,2.00,60.77,17.25,M,M
OMA,2026-02-22 11:52,16.00,4.00,58.46,17.25,M,M
OMA,2026-02-22 12:52,18.00,6.00,58.76,14.95,M,M
OMA,2026-02-22 13:52,21.00,7.00,54.09,17.25,M,M
OMA,2026-02-22 14:52,22.00,8.00,54.25,14.95,M,M
OMA,2026-02-22 15:52,23.00,8.00,52.01,13.80,M,M
OMA,2026-02-22 16:52,23.00,7.00,49.71,13.80,M,M
OMA,2026-02-22 17:52,21.00,7.00,54.09,12.65,25000.00,M
OMA,2026-02-22 18:52,19.00,6.00,56.29,9.20,25000.00,M
OMA,2026-02-22 19:52,16.00,5.00,61.21,10.35,M,M
OMA,2026-02-22 20:52,15.00,4.00,61.06,11.50,M,M
OMA,2026-02-22 21:52,12.00,3.00,66.54,10.35,M,M
OMA,2026-02-22 22:52,8.00,1.00,72.51,9.20,M,M
OMA,2026-02-22 23:52,7.00,0.00,72.39,4.60,M,M
OMA,2026-02-23 00:52,5.00,-1.00,75.66,8.05,M,M
OMA,2026-02-23 01:52,5.00,-1.00,75.66,9.20,M,M
OMA,2026-02-23 02:52,4.00,-1.00,79.22,6.90,M,M
OMA,2026-02-23 03:52,2.00,-3.00,79.04,6.90,M,M
OMA,2026-02-23 04:52,2.00,-1.00,86.90,5.75,M,M
OMA,2026-02-23 05:52,1.00,-2.00,86.84,6.90,M,M
OMA,2026-02-23 06:52,1.00,-2.00,86.84,0.00,M,M
OMA,2026-02-23 07:52,3.00,-2.00,79.13,3.45,M,M
OMA,2026-02-23 08:52,6.00,-2.00,68.94,3.45,M,M
OMA,2026-02-23 09:52,9.00,-1.00,63.10,0.00,M,M
OMA,2026-02-23 10:52,13.00,-1.00,52.81,4.60,2000.00,M
OMA,2026-02-23 11:52,15.00,0.00,50.70,5.75,2000.00,M
OMA,2026-02-23 12:52,16.00,3.00,55.82,9.20,15000.00,M
OMA,2026-02-23 13:52,18.00,5.00,56.13,10.35,25000.00,M
OMA,2026-02-23 14:52,19.00,5.00,53.77,11.50,25000.00,M
OMA,2026-02-23 15:52,20.00,6.00,53.93,8.05,25000.00,M
OMA,2026-02-23 16:52,20.00,7.00,56.44,9.20,25000.00,M
OMA,2026-02-23 17:52,20.00,9.00,61.78,10.35,25000.00,M
OMA,2026-02-23 18:52,19.00,9.00,64.48,6.90,25000.00,M
OMA,2026-02-23 19:52,18.00,9.00,67.31,8.05,25000.00,M
OMA,2026-02-23 20:52,22.00,10.00,59.35,9.20,25000.00,M
OMA,2026-02-23 21:52,23.00,11.00,59.50,11.50,25000.00,M
OMA,2026-02-23 22:52,25.00,10.00,52.33,12.65,25000.00,M
OMA,2026-02-23 23:52,26.00,12.00,54.87,19.55,20000.00,M
OMA,2026-02-24 00:52,27.00,13.00,55.03,14.95,20000.00,M
OMA,2026-02-24 01:52,27.00,13.00,55.03,17.25,19000.00,M
OMA,2026-02-24 02:52,26.00,14.00,59.93,16.10,19000.00,M
OMA,2026-02-24 03:52,25.00,14.00,62.47,16.10,25000.00,M
OMA,2026-02-24 04:52,27.00,15.00,60.07,16.10,25000.00,M
OMA,2026-02-24 05:52,27.00,16.00,62.75,13.80,25000.00,M
OMA,2026-02-24 06:52,25.00,17.00,71.20,12.65,25000.00,M
OMA,2026-02-24 07:52,26.00,17.00,68.30,11.50,16000.00,M
OMA,2026-02-24 08:52,29.00,19.00,65.79,9.20,16000.00,M
OMA,2026-02-24 09:52,33.00,22.00,63.56,4.60,20000.00,M
OMA,2026-02-24 10:52,37.00,24.00,58.96,5.75,20000.00,M
OMA,2026-02-24 11:52,45.00,25.00,45.10,3.45,20000.00,M
OMA,2026-02-24 12:52,45.00,27.00,49.00,11.50,20000.00,M
OMA,2026-02-24 13:52,48.00,31.00,51.53,6.90,20000.00,M
OMA,2026-02-24 14:52,44.00,32.00,62.43,5.75,12000.00,M
OMA,2026-02-24 15:52,45.00,31.00,57.71,5.75,11000.00,M
OMA,2026-02-24 16:52,45.00,30.00,55.41,3.45,12000.00,M
OMA,2026-02-24 17:52,43.00,30.00,59.81,0.00,12000.00,M
OMA,2026-02-24 18:52,39.00,31.00,72.73,0.00,13000.00,M
OMA,2026-02-24 19:52,39.00,30.00,69.84,0.00,12000.00,M
OMA,2026-02-24 20:52,36.00,30.00,78.58,4.60,12000.00,M
OMA,2026-02-24 21:52,35.00,30.00,81.77,0.00,14000.00,M
OMA,2026-02-24 22:52,34.00,29.00,81.69,0.00,16000.00,M
OMA,2026-02-24 23:52,34.00,29.00,81.69,0.00,9000.00,M
OMA,2026-02-25 00:52,33.00,29.00,85.03,0.00,16000.00,M
OMA,2026-02-25 01:52,31.00,28.00,88.48,0.00,17000.00,M
OMA,2026-02-25 02:52,32.00,29.00,88.53,3.45,8500.00,M
OMA,2026-02-25 03:52,31.00,29.00,92.18,8.05,12000.00,M
OMA,2026-02-25 04:52,32.00,30.00,92.21,8.05,12000.00,M
OMA,2026-02-25 05:52,33.00,29.00,85.03,9.20,11000.00,M
OMA,2026-02-25 06:52,32.00,26.00,78.23,10.35,12000.00,M
OMA,2026-02-25 07:52,30.00,24.00,78.06,10.35,12000.00,M
OMA,2026-02-25 08:52,32.00,25.00,75.05,5.75,11000.00,M
OMA,2026-02-25 09:52,36.00,23.00,58.82,6.90,11000.00,M
OMA,2026-02-25 10:52,36.00,25.00,63.96,9.20,11000.00,M
OMA,2026-02-25 11:52,36.00,22.00,56.39,9.20,7500.00,M
OMA,2026-02-25 12:52,37.00,22.00,54.21,3.45,9000.00,M
OMA,2026-02-25 13:52,37.00,22.00,54.21,10.35,9000.00,M
OMA,2026-02-25 14:52,37.00,23.00,56.54,10.35,9000.00,M
OMA,2026-02-25 15:52,37.00,23.00,56.54,10.35,9000.00,M
OMA,2026-02-25 16:52,36.00,24.00,61.34,6.90,9000.00,M
OMA,2026-02-25 17:52,36.00,24.00,61.34,5.75,8000.00,M
OMA,2026-02-25 18:52,36.00,23.00,58.82,3.45,7000.00,M
OMA,2026-02-25 19:52,35.00,24.00,63.82,6.90,7000.00,M
OMA,2026-02-25 20:52,34.00,23.00,63.69,6.90,6000.00,M
OMA,2026-02-25 21:52,34.00,22.00,61.06,3.45,7000.00,M
OMA,2026-02-25 22:52,34.00,23.00,63.69,8.05,7500.00,M
OMA,2026-02-25 23:52,32.00,23.00,69.02,5.75,6000.00,M
OMA,2026-02-26 00:52,30.00,22.00,71.76,4.60,5500.00,M
OMA,2026-02-26 01:52,28.00,24.00,84.71,3.45,M,M
OMA,2026-02-26 02:52,29.00,23.00,77.97,0.00,M,M
OMA,2026-02-26 03:52,26.00,21.00,81.07,0.00,M,M
OMA,2026-02-26 04:52,26.00,22.00,84.58,0.00,M,M
OMA,2026-02-26 05:52,25.00,22.00,88.17,0.00,M,M
OMA,2026-02-26 06:52,24.00,20.00,84.45,3.45,25000.00,M
OMA,2026-02-26 07:52,28.00,23.00,81.23,5.75,25000.00,M
OMA,2026-02-26 08:52,33.00,25.00,72.09,3.45,25000.00,M
OMA,2026-02-26 09:52,39.00,27.00,61.75,0.00,25000.00,M
OMA,2026-02-26 10:52,46.00,27.00,47.17,0.00,25000.00,M
OMA,2026-02-26 11:52,51.00,27.00,39.12,5.75,M,M
OMA,2026-02-26 12:52,54.00,25.00,32.24,5.75,M,M
OMA,2026-02-26 13:52,56.00,25.00,29.98,0.00,25000.00,M
OMA,2026-02-26 14:52,61.00,21.00,21.18,6.90,25000.00,M
OMA,2026-02-26 15:52,62.00,24.00,23.20,10.35,8500.00,M
OMA,2026-02-26 16:52,62.00,24.00,23.20,3.45,8500.00,M
OMA,2026-02-26 17:52,60.00,25.00,25.97,3.45,25000.00,M
OMA,2026-02-26 18:52,54.00,26.00,33.61,3.45,25000.00,M
OMA,2026-02-26 19:52,44.00,27.00,50.90,0.00,M,M
OMA,2026-02-26 20:52,43.00,27.00,52.89,4.60,M,M
OMA,2026-02-26 21:52,40.00,27.00,59.39,0.00,M,M
OMA,2026-02-26 22:52,37.00,26.00,64.09,3.45,M,M
OMA,2026-02-26 23:52,34.00,26.00,72.20,3.45,M,M
OMA,2026-02-27 00:52,35.00,27.00,72.30,4.60,M,M
OMA,2026-02-27 01:52,34.00,27.00,75.25,3.45,M,M
OMA,2026-02-27 02:52,34.00,27.00,75.25,8.05,25000.00,M
OMA,2026-02-27 03:52,32.00,26.00,78.23,9.20,25000.00,M
OMA,2026-02-27 04:52,32.00,26.00,78.23,9.20,M,M
OMA,2026-02-27 05:52,33.00,27.00,78.32,9.20,M,M
OMA,2026-02-27 06:52,36.00,27.00,69.49,6.90,25000.00,M
OMA,2026-02-27 07:52,41.00,28.00,59.53,0.00,18000.00,M
OMA,2026-02-27 08:52,48.00,28.00,45.59,4.60,18000.00,M
OMA,2026-02-27 09:52,53.00,27.00,36.34,12.65,18000.00,M
OMA,2026-02-27 10:52,57.00,26.00,30.14,10.35,18000.00,M
OMA,2026-02-27 11:52,60.00,27.00,28.22,10.35,19000.00,M
OMA,2026-02-27 12:52,64.00,29.00,26.60,11.50,19000.00,M
OMA,2026-02-27 13:52,68.00,24.00,18.83,13.80,25000.00,M
OMA,2026-02-27 14:52,69.00,21.00,16.03,23.00,25000.00,32.20
OMA,2026-02-27 15:52,68.00,20.00,15.90,23.00,25000.00,31.05
OMA,2026-02-27 16:52,65.00,22.00,19.20,18.40,M,33.35
OMA,2026-02-27 17:52,59.00,23.00,24.75,11.50,25000.00,32.20
OMA,2026-02-27 18:52,51.00,24.00,34.53,8.05,M,M
OMA,2026-02-27 19:52,45.00,26.00,47.01,8.05,M,M
OMA,2026-02-27 20:52,46.00,26.00,45.26,5.75,M,M
OMA,2026-02-27 21:52,45.00,24.00,43.25,6.90,M,M
OMA,2026-02-27 22:52,43.00,24.00,46.69,4.60,25000.00,M
OMA,2026-02-27 23:52,42.00,25.00,50.59,4.60,25000.00,M
OMA,2026-02-28 00:52,40.00,26.00,56.98,10.35,20000.00,M
OMA,2026-02-28 01:52,37.00,27.00,66.80,6.90,20000.00,M
OMA,2026-02-28 02:52,36.00,26.00,66.67,5.75,19000.00,M
OMA,2026-02-28 03:52,32.00,25.00,75.05,9.20,M,M
OMA,2026-02-28 04:52,30.00,23.00,74.85,8.05,M,M
OMA,2026-02-28 05:52,29.00,19.00,65.79,4.60,M,M
OMA,2026-02-28 06:52,26.00,20.00,77.69,6.90,20000.00,M
OMA,2026-02-28 07:52,29.00,21.00,71.65,5.75,22000.00,M
OMA,2026-02-28 08:52,32.00,21.00,63.43,8.05,18000.00,M
OMA,2026-02-28 09:52,36.00,19.00,49.63,17.25,18000.00,M
OMA,2026-02-28 10:52,39.00,17.00,40.47,18.40,18000.00,M
OMA,2026-02-28 11:52,42.00,17.00,36.02,14.95,18000.00,M
OMA,2026-02-28 12:52,43.00,15.00,31.77,19.55,18000.00,M
OMA,2026-02-28 13:52,43.00,13.00,29.10,18.40,18000.00,M
OMA,2026-02-28 14:52,42.00,16.00,34.49,14.95,20000.00,M
OMA,2026-02-28 15:52,42.00,19.00,39.26,17.25,25000.00,M
OMA,2026-02-28 16:52,39.00,20.00,46.03,16.10,25000.00,M
OMA,2026-02-28 17:52,36.00,22.00,56.39,14.95,25000.00,M
OMA,2026-02-28 18:52,33.00,22.00,63.56,12.65,M,M
OMA,2026-02-28 19:52,30.00,22.00,71.76,10.35,M,M
OMA,2026-02-28 20:52,29.00,21.00,71.65,10.35,M,M
OMA,2026-02-28 21:52,28.00,21.00,74.65,8.05,M,M
OMA,2026-02-28 22:52,27.00,20.00,74.54,10.35,M,M
OMA,2026-02-28 23:52,25.00,20.00,80.99,9.20,M,M
OMA,2026-03-01 00:52,24.00,19.00,80.91,5.75,1500.00,M
OMA,2026-03-01 01:52,23.00,19.00,84.38,6.90,1400.00,M
OMA,2026-03-01 02:52,24.00,19.00,80.91,13.80,1200.00,M
OMA,2026-03-01 03:52,23.00,18.00,80.83,10.35,1200.00,M
OMA,2026-03-01 04:52,22.00,17.00,80.75,5.75,1200.00,M
OMA,2026-03-01 05:21,21.00,16.00,80.67,9.20,1400.00,M
OMA,2026-03-01 05:52,21.00,14.00,73.92,5.75,1400.00,M
OMA,2026-03-01 06:52,21.00,14.00,73.92,8.05,12000.00,M
OMA,2026-03-01 07:52,22.00,14.00,70.86,8.05,14000.00,M
OMA,2026-03-01 08:52,24.00,14.00,65.14,9.20,12000.00,M
OMA,2026-03-01 09:52,25.00,15.00,65.27,14.95,10000.00,M
OMA,2026-03-01 10:52,28.00,16.00,60.22,13.80,10000.00,M
OMA,2026-03-01 11:52,30.00,16.00,55.49,10.35,10000.00,M
OMA,2026-03-01 12:52,33.00,17.00,51.32,8.05,9500.00,M
OMA,2026-03-01 13:52,35.00,17.00,47.38,18.40,10000.00,M
OMA,2026-03-01 14:52,36.00,18.00,47.54,12.65,10000.00,M
OMA,2026-03-01 15:52,38.00,18.00,43.94,14.95,8000.00,M
OMA,2026-03-01 16:52,38.00,18.00,43.94,13.80,8000.00,M
OMA,2026-03-01 17:52,37.00,18.00,45.70,11.50,7500.00,M
OMA,2026-03-01 18:52,36.00,18.00,47.54,5.75,8000.00,M
OMA,2026-03-01 19:52,33.00,18.00,53.59,8.05,8000.00,M
OMA,2026-03-01 20:52,32.00,17.00,53.43,3.45,7500.00,M
OMA,2026-03-01 21:52,31.00,18.00,58.09,3.45,7500.00,M
OMA,2026-03-01 22:52,30.00,18.00,60.50,5.75,7500.00,M
OMA,2026-03-01 23:52,28.00,17.00,62.89,0.00,7500.00,M
OMA,2026-03-02 00:52,29.00,16.00,57.80,4.60,3500.00,M
OMA,2026-03-02 01:45,28.00,20.00,71.54,0.00,2300.00,M
OMA,2026-03-02 01:52,27.00,21.00,77.78,4.60,2300.00,M
OMA,2026-03-02 02:52,28.00,19.00,68.54,3.45,2300.00,M
OMA,2026-03-02 03:52,29.00,20.00,68.66,3.45,2200.00,M
OMA,2026-03-02 04:52,29.00,20.00,68.66,0.00,2200.00,M
OMA,2026-03-02 05:52,29.00,21.00,71.65,0.00,2100.00,M
OMA,2026-03-02 06:52,30.00,21.00,68.78,0.00,2600.00,M
OMA,2026-03-02 07:52,31.00,21.00,66.04,0.00,3000.00,M
OMA,2026-03-02 08:52,35.00,22.00,58.67,9.20,3000.00,M
OMA,2026-03-02 09:52,38.00,24.00,56.69,9.20,3200.00,M
OMA,2026-03-02 10:25,38.00,25.00,59.11,8.05,2200.00,M
OMA,2026-03-02 10:52,39.00,26.00,59.25,12.65,2400.00,M
OMA,2026-03-02 11:09,40.00,27.00,59.39,10.35,2500.00,M
OMA,2026-03-02 11:52,41.00,28.00,59.53,9.20,3000.00,M
OMA,2026-03-02 12:04,43.00,28.00,55.11,9.20,2800.00,M
OMA,2026-03-02 12:34,45.00,30.00,55.41,11.50,2700.00,M
OMA,2026-03-02 12:52,46.00,30.00,53.35,12.65,2700.00,M
OMA,2026-03-02 13:52,48.00,32.00,53.65,13.80,5000.00,M
OMA,2026-03-02 14:52,49.00,33.00,53.80,11.50,5500.00,M
OMA,2026-03-02 15:52,49.00,33.00,53.80,8.05,5500.00,M
OMA,2026-03-02 16:52,48.00,34.00,58.14,9.20,5500.00,M
OMA,2026-03-02 17:52,47.00,33.00,58.00,9.20,12000.00,M
OMA,2026-03-02 18:52,45.00,33.00,62.56,3.45,13000.00,M
OMA,2026-03-02 19:52,44.00,33.00,64.99,3.45,14000.00,M
OMA,2026-03-02 20:52,45.00,35.00,67.77,12.65,3400.00,M
OMA,2026-03-02 21:52,44.00,35.00,70.40,10.35,3300.00,M
OMA,2026-03-02 22:48,42.80,35.60,75.49,12.65,1900.00,M
OMA,2026-03-02 22:52,42.00,35.00,76.02,13.80,1900.00,M
OMA,2026-03-02 23:52,42.00,36.00,79.10,16.10,1500.00,M
OMA,2026-03-03 00:17,41.00,36.00,82.21,14.95,1400.00,M
OMA,2026-03-03 00:52,41.00,36.00,82.21,12.65,1300.00,M
OMA,2026-03-03 01:02,41.00,36.00,82.21,12.65,1300.00,M
OMA,2026-03-03 01:52,40.00,36.00,85.47,8.05,1200.00,M
OMA,2026-03-03 02:52,39.00,36.00,88.87,10.35,1000.00,M
OMA,2026-03-03 03:01,38.00,37.00,96.14,11.50,900.00,M
OMA,2026-03-03 03:14,38.00,37.00,96.14,10.35,700.00,M
OMA,2026-03-03 03:52,38.00,37.00,96.14,8.05,500.00,M
OMA,2026-03-03 04:41,38.00,37.00,96.14,6.90,600.00,M
OMA,2026-03-03 04:52,38.00,37.00,96.14,5.75,600.00,M
OMA,2026-03-03 05:40,38.00,37.00,96.14,5.75,800.00,M
OMA,2026-03-03 05:52,38.00,37.00,96.14,4.60,800.00,M
OMA,2026-03-03 06:52,38.00,36.00,92.42,8.05,800.00,M
OMA,2026-03-03 07:52,38.00,36.00,92.42,4.60,600.00,M
OMA,2026-03-03 08:52,38.00,36.00,92.42,4.60,700.00,M
OMA,2026-03-03 09:52,39.00,37.00,92.45,4.60,700.00,M
OMA,2026-03-03 10:45,40.00,37.00,88.91,0.00,1000.00,M
OMA,2026-03-03 10:52,40.00,37.00,88.91,0.00,1000.00,M
OMA,2026-03-03 11:06,41.00,37.00,85.53,0.00,800.00,M
OMA,2026-03-03 11:27,42.00,37.00,82.29,0.00,800.00,M
OMA,2026-03-03 11:52,42.00,38.00,85.59,8.05,800.00,M
OMA,2026-03-03 12:52,44.00,38.00,79.27,8.05,1500.00,M
OMA,2026-03-03 13:23,43.00,37.00,79.18,9.20,1400.00,M
OMA,2026-03-03 13:52,44.00,37.00,76.21,9.20,1400.00,M
OMA,2026-03-03 14:03,44.00,37.00,76.21,8.05,1500.00,M
OMA,2026-03-03 14:23,44.00,37.00,76.21,9.20,1400.00,M
OMA,2026-03-03 14:52,43.00,37.00,79.18,9.20,1400.00,M
OMA,2026-03-03 15:52,42.00,38.00,85.59,8.05,1200.00,M
OMA,2026-03-03 16:52,42.00,38.00,85.59,6.90,1100.00,M
OMA,2026-03-03 17:52,42.00,38.00,85.59,8.05,1100.00,M
OMA,2026-03-03 18:52,41.00,38.00,88.96,5.75,1100.00,M
OMA,2026-03-03 19:52,41.00,38.00,88.96,3.45,1000.00,M
OMA,2026-03-03 20:07,41.00,38.00,88.96,4.60,900.00,M
OMA,2026-03-03 20:52,41.00,38.00,88.96,3.45,800.00,M
OMA,2026-03-03 21:19,40.00,38.00,92.48,3.45,800.00,M
OMA,2026-03-03 21:52,40.00,37.00,88.91,4.60,800.00,M
OMA,2026-03-03 22:03,40.00,38.00,92.48,4.60,900.00,M
OMA,2026-03-03 22:33,40.00,37.00,88.91,5.75,900.00,M
OMA,2026-03-03 22:52,40.00,38.00,92.48,6.90,1600.00,M
OMA,2026-03-03 23:15,40.00,38.00,92.48,4.60,800.00,M
OMA,2026-03-03 23:26,40.00,37.00,88.91,4.60,800.00,M
OMA,2026-03-03 23:52,40.00,37.00,88.91,6.90,700.00,M
OMA,2026-03-04 00:52,40.00,37.00,88.91,6.90,1000.00,M
OMA,2026-03-04 00:59,40.00,37.00,88.91,5.75,800.00,M
OMA,2026-03-04 01:38,40.00,37.00,88.91,3.45,800.00,M
OMA,2026-03-04 01:52,40.00,37.00,88.91,0.00,1200.00,M
OMA,2026-03-04 02:24,40.00,37.00,88.91,0.00,1500.00,M
OMA,2026-03-04 02:52,40.00,37.00,88.91,0.00,1600.00,M
OMA,2026-03-04 03:52,40.00,37.00,88.91,3.45,1000.00,M
OMA,2026-03-04 04:26,40.00,37.00,88.91,4.60,1400.00,M
OMA,2026-03-04 04:52,40.00,37.00,88.91,3.45,1400.00,M
OMA,2026-03-04 05:52,40.00,37.00,88.91,0.00,1200.00,M
OMA,2026-03-04 06:52,39.00,37.00,92.45,4.60,1000.00,M
OMA,2026-03-04 07:11,40.00,37.00,88.91,3.45,900.00,M
OMA,2026-03-04 07:32,40.00,37.00,88.91,3.45,1100.00,M
OMA,2026-03-04 07:52,40.00,37.00,88.91,4.60,1100.00,M
OMA,2026-03-04 08:52,40.00,37.00,88.91,5.75,1100.00,M
OMA,2026-03-04 09:35,40.00,38.00,92.48,5.75,1000.00,M
OMA,2026-03-04 09:50,39.20,37.40,93.19,5.75,800.00,M
OMA,2026-03-04 09:52,40.00,38.00,92.48,4.60,800.00,M
OMA,2026-03-04 10:52,41.00,39.00,92.51,6.90,600.00,M
OMA,2026-03-04 11:41,42.00,40.00,92.55,3.45,500.00,M
OMA,2026-03-04 11:52,43.00,40.00,89.05,3.45,500.00,M
OMA,2026-03-04 12:52,45.00,40.00,82.50,0.00,900.00,M
OMA,2026-03-04 13:01,46.00,40.00,79.43,5.75,1000.00,M
OMA,2026-03-04 13:52,48.00,41.00,76.58,4.60,1200.00,M
OMA,2026-03-04 14:52,47.00,41.00,79.51,5.75,1400.00,M
OMA,2026-03-04 15:34,48.00,41.00,76.58,4.60,1400.00,M
OMA,2026-03-04 15:52,48.00,41.00,76.58,6.90,2600.00,M
OMA,2026-03-04 16:52,49.00,42.00,76.67,0.00,2600.00,M
OMA,2026-03-04 17:52,49.00,42.00,76.67,3.45,2600.00,M
OMA,2026-03-04 18:52,48.00,42.00,79.59,0.00,2600.00,M
OMA,2026-03-04 19:52,47.00,42.00,82.65,0.00,2800.00,M
OMA,2026-03-04 20:52,47.00,41.00,79.51,0.00,2100.00,M
OMA,2026-03-04 21:52,47.00,42.00,82.65,4.60,2000.00,M
OMA,2026-03-04 22:52,47.00,42.00,82.65,0.00,2100.00,M
OMA,2026-03-04 23:52,47.00,42.00,82.65,3.45,2100.00,M
OMA,2026-03-05 00:52,46.00,42.00,85.83,4.60,1700.00,M
OMA,2026-03-05 01:52,45.00,42.00,89.15,5.75,1600.00,M
OMA,2026-03-05 02:52,46.00,43.00,89.19,3.45,2700.00,M
OMA,2026-03-05 03:31,45.00,43.00,92.64,4.60,1100.00,M
OMA,2026-03-05 03:52,46.00,43.00,89.19,5.75,1100.00,M
OMA,2026-03-05 04:08,45.00,43.00,92.64,5.75,1100.00,M
OMA,2026-03-05 04:52,42.00,41.00,96.21,0.00,3300.00,M
OMA,2026-03-05 05:15,43.00,41.00,92.58,5.75,1200.00,M
OMA,2026-03-05 05:45,45.00,42.00,89.15,4.60,1100.00,M
OMA,2026-03-05 05:52,45.00,42.00,89.15,3.45,1100.00,M
OMA,2026-03-05 06:13,43.00,42.00,96.23,4.60,1100.00,M
OMA,2026-03-05 06:52,44.00,42.00,92.61,5.75,1000.00,M
OMA,2026-03-05 07:05,44.00,42.00,92.61,5.75,700.00,M
OMA,2026-03-05 07:52,45.00,43.00,92.64,4.60,600.00,M
OMA,2026-03-05 08:05,46.00,43.00,89.19,6.90,600.00,M
OMA,2026-03-05 08:52,47.00,43.00,85.89,6.90,600.00,M
OMA,2026-03-05 08:59,47.00,44.00,89.24,8.05,600.00,M
OMA,2026-03-05 09:23,48.00,44.00,85.95,9.20,800.00,M
OMA,2026-03-05 09:47,48.20,42.80,81.47,8.05,900.00,M
OMA,2026-03-05 09:52,48.00,43.00,82.72,8.05,900.00,M
OMA,2026-03-05 10:27,50.00,44.00,79.76,10.35,900.00,M
OMA,2026-03-05 10:52,52.00,44.00,74.06,9.20,1100.00,M
OMA,2026-03-05 11:14,53.00,44.00,71.39,11.50,1400.00,M
OMA,2026-03-05 11:52,53.00,44.00,71.39,13.80,2300.00,M
OMA,2026-03-05 12:52,54.00,44.00,68.82,17.25,2100.00,M
OMA,2026-03-05 13:52,54.00,44.00,68.82,16.10,2100.00,M
OMA,2026-03-05 14:52,57.00,44.00,61.72,14.95,2400.00,M
OMA,2026-03-05 15:09,57.00,43.00,59.40,17.25,2500.00,M
OMA,2026-03-05 15:52,58.00,43.00,57.30,13.80,2500.00,M
OMA,2026-03-05 16:52,59.00,44.00,57.44,18.40,25000.00,M
OMA,2026-03-05 17:52,56.00,43.00,61.59,13.80,25000.00,M
OMA,2026-03-05 18:52,52.00,43.00,71.28,12.65,25000.00,M
OMA,2026-03-05 19:52,52.00,43.00,71.28,14.95,25000.00,M
OMA,2026-03-05 20:38,53.00,44.00,71.39,17.25,2800.00,M
OMA,2026-03-05 20:52,53.00,44.00,71.39,16.10,2800.00,M
OMA,2026-03-05 21:52,53.00,46.00,77.03,16.10,1600.00,M
OMA,2026-03-05 22:33,53.00,48.00,83.06,16.10,1400.00,M
OMA,2026-03-05 22:48,51.80,48.20,87.47,8.05,1400.00,M
OMA,2026-03-05 22:52,52.00,49.00,89.46,12.65,1400.00,M
OMA,2026-03-05 23:52,52.00,50.00,92.86,13.80,1200.00,M
OMA,2026-03-06 00:14,52.00,50.00,92.86,13.80,1400.00,M
OMA,2026-03-06 00:30,52.00,51.00,96.37,13.80,1200.00,M
OMA,2026-03-06 00:52,52.00,51.00,96.37,11.50,1200.00,M
OMA,2026-03-06 00:59,52.00,51.00,96.37,11.50,1200.00,M
OMA,2026-03-06 01:38,53.00,51.00,92.89,6.90,1000.00,M
OMA,2026-03-06 01:52,53.00,52.00,96.39,8.05,1000.00,M
OMA,2026-03-06 02:12,53.00,52.00,96.39,4.60,1000.00,M
OMA,2026-03-06 02:38,52.00,52.00,100.00,6.90,1300.00,M
OMA,2026-03-06 02:52,53.00,52.00,96.39,8.05,1100.00,M
OMA,2026-03-06 03:04,53.00,52.00,96.39,8.05,1100.00,M
OMA,2026-03-06 03:15,53.00,53.00,100.00,5.75,900.00,M
OMA,2026-03-06 03:52,53.00,53.00,100.00,5.75,600.00,M
OMA,2026-03-06 04:04,54.00,53.00,96.40,6.90,600.00,M
OMA,2026-03-06 04:52,55.00,55.00,100.00,10.35,1100.00,M
OMA,2026-03-06 05:02,56.00,55.00,96.44,11.50,800.00,M
OMA,2026-03-06 05:35,58.00,56.00,93.04,14.95,1000.00,M
OMA,2026-03-06 05:44,58.00,56.00,93.04,14.95,900.00,M
OMA,2026-03-06 05:52,58.00,56.00,93.04,13.80,900.00,M
OMA,2026-03-06 06:52,57.00,55.00,93.01,5.75,2200.00,M
OMA,2026-03-06 07:52,57.00,55.00,93.01,3.45,2000.00,M
OMA,2026-03-06 08:43,58.00,56.00,93.04,6.90,1800.00,M
OMA,2026-03-06 08:52,59.00,56.00,89.77,9.20,1800.00,M
OMA,2026-03-06 09:52,61.00,57.00,86.68,10.35,4200.00,M
OMA,2026-03-06 10:52,65.00,59.00,80.92,13.80,4200.00,M
OMA,2026-03-06 11:52,70.00,59.00,68.12,13.80,2400.00,M
OMA,2026-03-06 12:08,71.00,59.00,65.84,12.65,2800.00,M
OMA,2026-03-06 12:52,72.00,59.00,63.65,19.55,2800.00,M
OMA,2026-03-06 13:52,52.00,48.00,86.18,16.10,3000.00,29.90
OMA,2026-03-06 13:59,52.00,48.00,86.18,17.25,2300.00,M
OMA,2026-03-06 14:10,52.00,47.00,82.99,16.10,2300.00,M
OMA,2026-03-06 14:52,48.00,45.00,89.28,16.10,700.00,M
OMA,2026-03-06 15:12,48.00,44.00,85.95,18.40,700.00,M
OMA,2026-03-06 15:52,45.00,41.00,85.77,13.80,800.00,M
OMA,2026-03-06 16:52,40.00,39.00,96.18,21.85,500.00,M
OMA,2026-03-06 17:03,40.00,39.00,96.18,17.25,400.00,M
OMA,2026-03-06 17:48,37.40,35.60,93.13,19.55,400.00,M
OMA,2026-03-06 17:52,37.00,36.00,96.12,13.80,400.00,M
OMA,2026-03-06 18:18,36.00,35.00,96.11,18.40,400.00,M
OMA,2026-03-06 18:52,35.00,34.00,96.09,18.40,300.00,M
OMA,2026-03-06 19:18,35.00,34.00,96.09,17.25,400.00,M
OMA,2026-03-06 19:52,34.00,33.00,96.07,17.25,400.00,M
OMA,2026-03-06 20:09,34.00,33.00,96.07,13.80,500.00,M
OMA,2026-03-06 20:15,34.00,33.00,96.07,18.40,500.00,M
OMA,2026-03-06 20:52,34.00,32.00,92.28,16.10,900.00,M
OMA,2026-03-06 21:52,33.00,31.00,92.25,17.25,900.00,29.90
OMA,2026-03-06 22:17,33.00,31.00,92.25,19.55,900.00,29.90
OMA,2026-03-06 22:40,33.00,30.00,88.57,17.25,1000.00,29.90
OMA,2026-03-06 22:52,32.00,30.00,92.21,20.70,1000.00,29.90
OMA,2026-03-06 23:21,32.00,29.00,88.53,23.00,900.00,32.20
OMA,2026-03-06 23:52,32.00,30.00,92.21,16.10,1100.00,32.20
OMA,2026-03-07 00:52,32.00,30.00,92.21,18.40,1000.00,M
OMA,2026-03-07 01:52,32.00,29.00,88.53,13.80,1000.00,M
OMA,2026-03-07 02:52,31.00,28.00,88.48,21.85,1100.00,29.90
OMA,2026-03-07 03:52,31.00,28.00,88.48,20.70,1300.00,33.35
OMA,2026-03-07 04:52,31.00,28.00,88.48,13.80,1100.00,29.90
OMA,2026-03-07 05:52,31.00,27.00,84.90,18.40,1200.00,M
OMA,2026-03-07 06:18,31.00,27.00,84.90,11.50,1500.00,M
OMA,2026-03-07 06:52,32.00,27.00,81.54,13.80,1700.00,M
OMA,2026-03-07 07:52,32.00,28.00,84.97,16.10,1500.00,M
OMA,2026-03-07 08:05,32.00,28.00,84.97,18.40,1300.00,M
OMA,2026-03-07 08:52,32.00,28.00,84.97,13.80,1200.00,M
OMA,2026-03-07 09:52,34.00,28.00,78.41,11.50,1300.00,M
OMA,2026-03-07 10:37,35.00,28.00,75.34,18.40,1500.00,M
OMA,2026-03-07 10:52,38.00,30.00,72.62,16.10,1500.00,M
OMA,2026-03-07 11:34,39.00,29.00,67.04,10.35,1600.00,M
OMA,2026-03-07 11:52,40.00,28.00,61.89,9.20,1800.00,M
OMA,2026-03-07 12:52,46.00,29.00,51.22,11.50,2000.00,M
OMA,2026-03-07 13:52,49.00,28.00,43.91,11.50,20000.00,M
OMA,2026-03-07 14:52,51.00,26.00,37.53,6.90,20000.00,M
OMA,2026-03-07 15:52,53.00,25.00,33.45,10.35,20000.00,M
OMA,2026-03-07 16:52,53.00,25.00,33.45,8.05,M,M
OMA,2026-03-07 17:52,52.00,25.00,34.70,8.05,M,M
OMA,2026-03-07 18:52,48.00,26.00,41.98,8.05,M,M
OMA,2026-03-07 19:52,41.00,27.00,57.13,9.20,M,M
OMA,2026-03-07 20:52,41.00,28.00,59.53,10.35,M,M
OMA,2026-03-07 21:52,39.00,28.00,64.35,13.80,M,M
OMA,2026-03-07 22:52,39.00,27.00,61.75,10.35,M,M
OMA,2026-03-07 23:52,41.00,26.00,54.81,8.05,19000.00,M
OMA,2026-03-08 00:52,45.00,24.00,43.25,10.35,21000.00,M
OMA,2026-03-08 01:52,40.00,26.00,56.98,9.20,15000.00,M
OMA,2026-03-08 03:52,40.00,26.00,56.98,11.50,21000.00,M
OMA,2026-03-08 04:27,48.00,22.00,35.50,12.65,M,M
OMA,2026-03-08 04:52,48.00,22.00,35.50,12.65,M,M
OMA,2026-03-08 05:52,46.00,23.00,39.93,12.65,M,M
OMA,2026-03-08 06:52,45.00,23.00,41.48,4.60,M,M
OMA,2026-03-08 07:52,42.00,23.00,46.52,5.75,M,M
OMA,2026-03-08 08:52,46.00,24.00,41.64,10.35,M,M
OMA,2026-03-08 09:52,49.00,26.00,40.43,10.35,M,M
OMA,2026-03-08 10:52,53.00,27.00,36.34,8.05,25000.00,M
OMA,2026-03-08 11:52,56.00,29.00,35.36,9.20,25000.00,M
OMA,2026-03-08 12:52,62.00,30.00,29.73,12.65,25000.00,M
OMA,2026-03-08 13:52,66.00,32.00,28.03,12.65,25000.00,M
OMA,2026-03-08 14:52,71.00,32.00,23.61,13.80,25000.00,32.20
OMA,2026-03-08 15:52,73.00,32.00,22.07,19.55,25000.00,31.05
OMA,2026-03-08 16:52,75.00,32.00,20.64,19.55,25000.00,32.20
OMA,2026-03-08 17:52,74.00,32.00,21.34,14.95,25000.00,32.20
OMA,2026-03-08 18:52,72.00,32.00,22.83,13.80,25000.00,31.05
OMA,2026-03-08 19:52,68.00,33.00,27.23,14.95,25000.00,M
OMA,2026-03-08 20:52,65.00,33.00,30.21,17.25,M,M
OMA,2026-03-08 21:52,62.00,35.00,36.36,17.25,M,M
OMA,2026-03-08 22:52,60.00,36.00,40.61,16.10,M,29.90
OMA,2026-03-08 23:52,59.00,36.00,42.08,11.50,M,M
OMA,2026-03-09 00:52,58.00,36.00,43.62,11.50,M,M
OMA,2026-03-09 01:52,49.00,37.00,63.09,12.65,M,M
OMA,2026-03-09 02:52,49.00,38.00,65.62,11.50,M,M
OMA,2026-03-09 03:52,48.00,38.00,68.12,12.65,M,M
OMA,2026-03-09 04:52,48.00,38.00,68.12,12.65,M,M
OMA,2026-03-09 05:52,52.00,37.00,56.44,10.35,M,M
OMA,2026-03-09 06:52,47.00,36.00,65.37,5.75,M,M
OMA,2026-03-09 07:52,46.00,36.00,67.89,5.75,M,M
OMA,2026-03-09 08:52,50.00,38.00,63.22,6.90,20000.00,M
OMA,2026-03-09 09:52,54.00,36.00,50.41,3.45,20000.00,M
OMA,2026-03-09 10:52,61.00,32.00,33.40,3.45,20000.00,M
OMA,2026-03-09 11:52,64.00,33.00,31.29,4.60,25000.00,M
OMA,2026-03-09 12:52,67.00,34.00,29.34,3.45,25000.00,M
OMA,2026-03-09 13:52,70.00,34.00,26.47,3.45,25000.00,M
OMA,2026-03-09 14:52,72.00,34.00,24.74,0.00,25000.00,M
OMA,2026-03-09 15:52,74.00,35.00,24.07,0.00,25000.00,M
OMA,2026-03-09 16:52,77.00,35.00,21.78,0.00,25000.00,M
OMA,2026-03-09 17:52,77.00,35.00,21.78,4.60,25000.00,M
OMA,2026-03-09 18:52,73.00,37.00,26.94,4.60,25000.00,M
OMA,2026-03-09 19:52,61.00,39.00,44.10,4.60,25000.00,M
OMA,2026-03-09 20:52,57.00,39.00,50.88,6.90,M,M
OMA,2026-03-09 21:52,56.00,39.00,52.75,10.35,M,M
OMA,2026-03-09 22:52,55.00,42.00,61.46,5.75,M,M
OMA,2026-03-09 23:52,49.00,44.00,82.79,8.05,25000.00,M
OMA,2026-03-10 00:52,48.00,43.00,82.72,0.00,25000.00,M
OMA,2026-03-10 01:52,50.00,43.00,76.76,0.00,25000.00,M
OMA,2026-03-10 02:52,47.00,42.00,82.65,8.05,25000.00,M
OMA,2026-03-10 03:52,44.00,40.00,85.71,14.95,25000.00,M
OMA,2026-03-10 04:52,41.00,38.00,88.96,11.50,25000.00,M
OMA,2026-03-10 05:52,40.00,36.00,85.47,13.80,M,M
OMA,2026-03-10 06:52,39.00,33.00,78.84,19.55,M,M
OMA,2026-03-10 07:52,36.00,31.00,81.84,13.80,M,M
OMA,2026-03-10 08:52,38.00,30.00,72.62,13.80,25000.00,M
OMA,2026-03-10 09:52,43.00,31.00,62.29,12.65,25000.00,M
OMA,2026-03-10 10:52,48.00,33.00,55.86,12.65,M,M
OMA,2026-03-10 11:52,52.00,35.00,52.14,10.35,25000.00,M
OMA,2026-03-10 12:52,55.00,36.00,48.61,13.80,25000.00,M
OMA,2026-03-10 13:52,57.00,37.00,47.04,11.50,3000.00,M
OMA,2026-03-10 14:52,60.00,38.00,43.94,12.65,3000.00,M
OMA,2026-03-10 15:52,61.00,39.00,44.10,10.35,3000.00,M
OMA,2026-03-10 16:52,61.00,39.00,44.10,13.80,3000.00,M
OMA,2026-03-10 17:52,59.00,39.00,47.35,18.40,3000.00,M
OMA,2026-03-10 18:52,55.00,39.00,54.70,17.25,3000.00,M
OMA,2026-03-10 19:52,50.00,38.00,63.22,11.50,3000.00,M
OMA,2026-03-10 20:52,45.00,35.00,67.77,14.95,3400.00,33.35
OMA,2026-03-10 21:52,41.00,34.00,75.92,19.55,3400.00,M
OMA,2026-03-10 22:27,40.00,33.00,75.83,17.25,2300.00,M
OMA,2026-03-10 22:52,40.00,33.00,75.83,20.70,2500.00,M
OMA,2026-03-10 23:52,41.00,33.00,72.94,17.25,2100.00,31.05
OMA,2026-03-11 00:37,41.00,33.00,72.94,16.10,2100.00,32.20
OMA,2026-03-11 00:52,40.00,33.00,75.83,18.40,2100.00,32.20
OMA,2026-03-11 01:06,40.00,33.00,75.83,16.10,2100.00,M
OMA,2026-03-11 01:52,40.00,33.00,75.83,14.95,1900.00,M
OMA,2026-03-11 02:52,38.00,32.00,78.76,19.55,2100.00,M
OMA,2026-03-11 03:52,36.00,31.00,81.84,18.40,1300.00,32.20
OMA,2026-03-11 04:52,36.00,31.00,81.84,14.95,1300.00,M
OMA,2026-03-11 04:56,36.00,31.00,81.84,16.10,1300.00,M
OMA,2026-03-11 04:58,35.00,31.00,85.16,17.25,1300.00,M
OMA,2026-03-11 05:07,34.00,31.00,88.62,16.10,1200.00,M
OMA,2026-03-11 05:24,33.00,31.00,92.25,16.10,1000.00,M
OMA,2026-03-11 05:30,33.00,31.00,92.25,18.40,900.00,M
OMA,2026-03-11 05:52,32.00,31.00,96.04,19.55,700.00,M
OMA,2026-03-11 06:03,32.00,31.00,96.04,19.55,700.00,M
OMA,2026-03-11 06:16,32.00,31.00,96.04,16.10,700.00,M
OMA,2026-03-11 06:43,32.00,31.00,96.04,19.55,900.00,M
OMA,2026-03-11 06:52,32.00,31.00,96.04,19.55,900.00,32.20
OMA,2026-03-11 07:04,32.00,31.00,96.04,18.40,900.00,M
OMA,2026-03-11 07:21,32.00,30.00,92.21,19.55,1100.00,31.05
OMA,2026-03-11 07:45,32.00,30.00,92.21,24.15,1000.00,31.05
OMA,2026-03-11 07:52,32.00,30.00,92.21,25.30,1000.00,35.65
OMA,2026-03-11 08:17,32.00,30.00,92.21,25.30,1100.00,35.65
OMA,2026-03-11 08:34,32.00,30.00,92.21,26.45,1000.00,39.10
OMA,2026-03-11 08:52,32.00,30.00,92.21,25.30,1100.00,39.10
OMA,2026-03-11 09:09,32.00,30.00,92.21,24.15,1300.00,34.50
OMA,2026-03-11 09:22,32.00,30.00,92.21,18.40,1200.00,34.50
OMA,2026-03-11 09:52,32.00,30.00,92.21,20.70,1200.00,34.50
OMA,2026-03-11 10:06,33.00,30.00,88.57,20.70,1400.00,29.90
OMA,2026-03-11 10:26,33.00,30.00,88.57,20.70,1600.00,31.05
OMA,2026-03-11 10:52,33.00,29.00,85.03,26.45,1900.00,34.50
OMA,2026-03-11 11:52,34.00,28.00,78.41,23.00,2100.00,34.50
OMA,2026-03-11 12:27,37.00,29.00,72.52,21.85,2000.00,31.05
OMA,2026-03-11 12:52,38.00,27.00,64.22,21.85,2300.00,33.35
OMA,2026-03-11 13:52,41.00,23.00,48.36,24.15,2500.00,36.80
OMA,2026-03-11 14:52,43.00,23.00,44.77,21.85,2500.00,34.50
OMA,2026-03-11 15:52,45.00,23.00,41.48,20.70,M,M
OMA,2026-03-11 16:52,46.00,21.00,36.69,11.50,M,M
OMA,2026-03-11 17:52,47.00,16.00,28.50,9.20,M,M
OMA,2026-03-11 18:52,44.00,19.00,36.36,12.65,12000.00,M
OMA,2026-03-11 19:52,40.00,19.00,42.42,4.60,10000.00,M
OMA,2026-03-11 20:52,41.00,20.00,42.59,4.60,9000.00,M
OMA,2026-03-11 21:52,36.00,27.00,69.49,8.05,9000.00,M
OMA,2026-03-11 22:52,35.00,28.00,75.34,3.45,M,M
OMA,2026-03-11 23:52,33.00,29.00,85.03,3.45,M,M
OMA,2026-03-12 00:52,32.00,27.00,81.54,3.45,M,M
OMA,2026-03-12 01:52,31.00,27.00,84.90,5.75,M,M
OMA,2026-03-12 02:52,29.00,24.00,81.31,4.60,M,M
OMA,2026-03-12 03:52,29.00,25.00,84.78,8.05,M,M
OMA,2026-03-12 04:52,31.00,25.00,78.15,9.20,M,M
OMA,2026-03-12 05:52,27.00,24.00,88.27,9.20,M,M
OMA,2026-03-12 06:52,28.00,23.00,81.23,9.20,21000.00,M
OMA,2026-03-12 07:52,28.00,24.00,84.71,11.50,23000.00,M
OMA,2026-03-12 08:52,31.00,25.00,78.15,12.65,19000.00,M
OMA,2026-03-12 09:52,35.00,26.00,69.37,13.80,19000.00,M
OMA,2026-03-12 10:52,41.00,26.00,54.81,16.10,14000.00,M
OMA,2026-03-12 11:52,48.00,22.00,35.50,21.85,13000.00,35.65
OMA,2026-03-12 12:52,56.00,20.00,24.28,29.90,13000.00,46.00
OMA,2026-03-12 13:52,60.00,21.00,21.95,27.60,13000.00,50.60
OMA,2026-03-12 14:52,64.00,23.00,20.74,29.90,13000.00,46.00
OMA,2026-03-12 15:52,66.00,24.00,20.17,26.45,4000.00,46.00
OMA,2026-03-12 16:52,66.00,24.00,20.17,23.00,4000.00,40.25
OMA,2026-03-12 17:52,67.00,25.00,20.32,26.45,4000.00,39.10
OMA,2026-03-12 18:52,65.00,26.00,22.70,23.00,5000.00,43.70
OMA,2026-03-12 19:52,66.00,26.00,21.93,23.00,11000.00,40.25
OMA,2026-03-12 20:52,65.00,27.00,23.66,14.95,8000.00,44.85
OMA,2026-03-12 21:52,62.00,28.00,27.39,3.45,11000.00,40.25
OMA,2026-03-12 22:52,59.00,38.00,45.53,29.90,12000.00,48.30
OMA,2026-03-12 23:52,54.00,39.00,56.73,4.60,9000.00,46.00
OMA,2026-03-13 00:52,56.00,34.00,43.29,16.10,14000.00,M
OMA,2026-03-13 01:52,55.00,24.00,29.82,24.15,13000.00,41.40
OMA,2026-03-13 02:52,49.00,21.00,32.78,31.05,12000.00,49.45
OMA,2026-03-13 03:52,44.00,22.00,41.31,24.15,12000.00,46.00
OMA,2026-03-13 04:52,38.00,23.00,54.36,26.45,12000.00,40.25
OMA,2026-03-13 05:52,36.00,23.00,58.82,24.15,12000.00,36.80
OMA,2026-03-13 06:52,34.00,22.00,61.06,18.40,11000.00,36.80
OMA,2026-03-13 07:52,34.00,23.00,63.69,20.70,11000.00,32.20
OMA,2026-03-13 08:52,35.00,23.00,61.20,13.80,11000.00,M
OMA,2026-03-13 09:52,37.00,23.00,56.54,13.80,11000.00,M
OMA,2026-03-13 10:52,38.00,21.00,49.95,17.25,12000.00,M
OMA,2026-03-13 11:52,40.00,21.00,46.20,11.50,12000.00,M
OMA,2026-03-13 12:52,43.00,20.00,39.43,12.65,11000.00,M
OMA,2026-03-13 13:52,44.00,19.00,36.36,4.60,12000.00,M
OMA,2026-03-13 14:52,46.00,18.00,32.28,10.35,11000.00,M
OMA,2026-03-13 15:52,48.00,13.00,24.07,11.50,10000.00,M
OMA,2026-03-13 16:52,48.00,13.00,24.07,11.50,10000.00,M
OMA,2026-03-13 17:52,47.00,12.00,23.92,8.05,10000.00,M
OMA,2026-03-13 18:52,44.00,16.00,31.94,9.20,12000.00,M
OMA,2026-03-13 19:52,43.00,16.00,33.19,8.05,12000.00,M
OMA,2026-03-13 20:52,41.00,17.00,37.44,12.65,12000.00,M
OMA,2026-03-13 21:52,41.00,17.00,37.44,9.20,12000.00,M
OMA,2026-03-13 22:52,40.00,18.00,40.64,8.05,12000.00,M
OMA,2026-03-13 23:52,40.00,18.00,40.64,11.50,9500.00,M
OMA,2026-03-14 00:52,40.00,18.00,40.64,10.35,10000.00,M
OMA,2026-03-14 01:52,39.00,17.00,40.47,12.65,11000.00,M
OMA,2026-03-14 02:52,38.00,18.00,43.94,5.75,11000.00,M
OMA,2026-03-14 03:52,38.00,17.00,42.08,11.50,13000.00,M
OMA,2026-03-14 04:52,38.00,17.00,42.08,8.05,13000.00,M
OMA,2026-03-14 05:52,37.00,17.00,43.77,5.75,13000.00,M
OMA,2026-03-14 06:52,37.00,19.00,47.71,8.05,15000.00,M
OMA,2026-03-14 07:52,36.00,19.00,49.63,9.20,15000.00,M
OMA,2026-03-14 08:52,37.00,19.00,47.71,12.65,15000.00,M
OMA,2026-03-14 09:52,39.00,19.00,44.11,16.10,25000.00,M
OMA,2026-03-14 10:52,43.00,19.00,37.78,18.40,25000.00,M
OMA,2026-03-14 11:52,47.00,20.00,33.86,19.55,25000.00,29.90
OMA,2026-03-14 12:52,53.00,21.00,28.27,19.55,25000.00,29.90
OMA,2026-03-14 13:52,56.00,24.00,28.75,18.40,25000.00,33.35
OMA,2026-03-14 14:52,58.00,26.00,29.08,16.10,25000.00,32.20
OMA,2026-03-14 15:52,58.00,28.00,31.58,14.95,18000.00,M
OMA,2026-03-14 16:52,60.00,29.00,30.63,17.25,18000.00,M
OMA,2026-03-14 17:52,60.00,31.00,33.23,14.95,18000.00,M
OMA,2026-03-14 18:52,59.00,32.00,35.86,16.10,18000.00,M
OMA,2026-03-14 19:52,56.00,33.00,41.59,13.80,18000.00,M
OMA,2026-03-14 20:52,55.00,33.00,43.13,17.25,18000.00,M
OMA,2026-03-14 21:52,54.00,34.00,46.56,21.85,18000.00,M
OMA,2026-03-14 22:52,53.00,34.00,48.29,13.80,18000.00,29.90
OMA,2026-03-14 23:52,52.00,33.00,48.14,13.80,18000.00,32.20
OMA,2026-03-15 00:52,51.00,33.00,49.95,11.50,17000.00,M
OMA,2026-03-15 01:52,50.00,34.00,53.95,9.20,14000.00,M
OMA,2026-03-15 02:52,50.00,34.00,53.95,4.60,13000.00,M
OMA,2026-03-15 03:52,45.00,36.00,70.51,11.50,6000.00,M
OMA,2026-03-15 04:52,43.00,34.00,70.29,11.50,8000.00,M
OMA,2026-03-15 05:52,39.00,35.00,85.41,31.05,1500.00,40.25
OMA,2026-03-15 05:57,39.00,35.00,85.41,25.30,1500.00,32.20
OMA,2026-03-15 06:23,37.00,34.00,88.77,26.45,1800.00,34.50
OMA,2026-03-15 06:52,35.00,32.00,88.67,29.90,1500.00,39.10
OMA,2026-03-15 06:59,35.00,32.00,88.67,28.75,1300.00,40.25
OMA,2026-03-15 07:52,35.00,31.00,85.16,26.45,1100.00,40.25
OMA,2026-03-15 08:52,35.00,31.00,85.16,21.85,1100.00,33.35
OMA,2026-03-15 09:52,33.00,28.00,81.62,29.90,1400.00,42.55
OMA,2026-03-15 10:24,32.00,27.00,81.54,27.60,1500.00,43.70
OMA,2026-03-15 10:52,31.00,27.00,84.90,31.05,1500.00,44.85
OMA,2026-03-15 11:46,30.20,24.80,80.06,31.05,1500.00,47.15
OMA,2026-03-15 11:52,30.00,24.00,78.06,29.90,1500.00,47.15
OMA,2026-03-15 12:52,30.00,25.00,81.39,29.90,2000.00,48.30
OMA,2026-03-15 13:52,30.00,26.00,84.84,31.05,1500.00,47.15
OMA,2026-03-15 13:59,30.00,26.00,84.84,36.80,1300.00,48.30
OMA,2026-03-15 14:09,29.00,26.00,88.37,31.05,1300.00,51.75
OMA,2026-03-15 14:40,28.00,26.00,92.07,29.90,1300.00,52.90
OMA,2026-03-15 14:52,27.00,25.00,92.04,32.20,1000.00,52.90
OMA,2026-03-15 15:01,27.00,24.00,88.27,32.20,600.00,48.30
OMA,2026-03-15 15:52,27.00,25.00,92.04,29.90,1300.00,55.20
OMA,2026-03-15 16:52,27.00,25.00,92.04,37.95,1200.00,59.80
OMA,2026-03-15 16:56,27.00,25.00,92.04,34.50,800.00,51.75
OMA,2026-03-15 17:03,28.00,25.00,88.32,34.50,800.00,51.75
OMA,2026-03-15 17:44,27.00,25.00,92.04,31.05,800.00,58.65
OMA,2026-03-15 17:52,27.00,24.00,88.27,34.50,800.00,58.65
OMA,2026-03-15 18:10,26.00,23.00,88.22,32.20,900.00,54.05
OMA,2026-03-15 18:52,23.00,19.00,84.38,35.65,1500.00,57.50
OMA,2026-03-15 19:37,22.00,17.00,80.75,39.10,800.00,58.65
OMA,2026-03-15 19:52,21.00,17.00,84.25,33.35,800.00,58.65
OMA,2026-03-15 20:52,18.00,13.00,80.42,40.25,1800.00,54.05
OMA,2026-03-15 21:52,16.00,10.00,76.75,28.75,1900.00,51.75
OMA,2026-03-15 22:52,16.00,9.00,73.39,31.05,2100.00,49.45
OMA,2026-03-15 23:52,14.00,8.00,76.56,31.05,1900.00,48.30
OMA,2026-03-16 00:52,12.00,6.00,76.36,27.60,2000.00,48.30
OMA,2026-03-16 01:14,12.00,4.00,69.68,28.75,1900.00,43.70
OMA,2026-03-16 01:52,10.00,1.00,66.27,26.45,2800.00,43.70
OMA,2026-03-16 02:09,10.00,1.00,66.27,25.30,2800.00,36.80
OMA,2026-03-16 02:52,9.00,-1.00,63.10,27.60,M,39.10
OMA,2026-03-16 03:52,8.00,-2.00,62.96,24.15,M,40.25
OMA,2026-03-16 04:52,8.00,-4.00,57.24,28.75,M,37.95
OMA,2026-03-16 05:52,7.00,-4.00,59.89,25.30,M,37.95
OMA,2026-03-16 06:52,7.00,-4.00,59.89,20.70,M,36.80
OMA,2026-03-16 07:52,7.00,-5.00,57.09,18.40,M,34.50
OMA,2026-03-16 08:52,9.00,-4.00,54.72,23.00,M,37.95
OMA,2026-03-16 09:52,11.00,-3.00,52.48,27.60,M,37.95
OMA,2026-03-16 10:52,13.00,-1.00,52.81,20.70,M,36.80
OMA,2026-03-16 11:52,14.00,-1.00,50.54,25.30,3000.00,36.80
OMA,2026-03-16 12:52,16.00,0.00,48.54,24.15,3000.00,35.65
OMA,2026-03-16 13:52,18.00,3.00,51.20,20.70,3000.00,34.50
OMA,2026-03-16 14:52,20.00,5.00,51.52,21.85,3000.00,32.20
OMA,2026-03-16 15:52,21.00,6.00,51.69,18.40,3000.00,31.05
OMA,2026-03-16 16:52,22.00,5.00,47.33,16.10,20000.00,29.90
OMA,2026-03-16 17:52,22.00,4.00,45.20,19.55,M,M
OMA,2026-03-16 18:52,21.00,4.00,47.16,14.95,M,M
OMA,2026-03-16 19:52,17.00,4.00,55.98,10.35,M,M
OMA,2026-03-16 20:52,16.00,5.00,61.21,11.50,M,M
OMA,2026-03-16 21:52,15.00,5.00,63.93,10.35,M,M
OMA,2026-03-16 22:52,14.00,5.00,66.79,10.35,M,M
OMA,2026-03-16 23:52,12.00,4.00,69.68,5.75,M,M
OMA,2026-03-17 00:52,11.00,4.00,72.84,5.75,M,M
OMA,2026-03-17 01:52,10.00,4.00,76.17,5.75,M,M
OMA,2026-03-17 02:52,10.00,5.00,79.75,4.60,M,M
OMA,2026-03-17 03:52,10.00,5.00,79.75,0.00,M,M
OMA,2026-03-17 04:52,10.00,5.00,79.75,3.45,20000.00,M
OMA,2026-03-17 05:52,11.00,6.00,79.83,3.45,14000.00,M
OMA,2026-03-17 06:52,12.00,4.00,69.68,5.75,13000.00,M
OMA,2026-03-17 07:52,12.00,4.00,69.68,6.90,12000.00,M
OMA,2026-03-17 08:52,14.00,5.00,66.79,10.35,12000.00,M
OMA,2026-03-17 09:52,16.00,7.00,67.05,11.50,11000.00,M
OMA,2026-03-17 10:52,18.00,6.00,58.76,12.65,6000.00,M
OMA,2026-03-17 11:52,20.00,8.00,59.06,13.80,4500.00,M
OMA,2026-03-17 12:52,23.00,10.00,56.90,17.25,3300.00,M
OMA,2026-03-17 13:25,23.00,13.00,65.01,12.65,2900.00,M
OMA,2026-03-17 13:33,23.00,15.00,70.97,14.95,2500.00,M
OMA,2026-03-17 13:52,23.00,16.00,74.13,14.95,2700.00,M
OMA,2026-03-17 14:11,23.00,18.00,80.83,19.55,2900.00,M
OMA,2026-03-17 14:27,24.00,19.00,80.91,17.25,1300.00,M
OMA,2026-03-17 14:41,24.00,19.00,80.91,20.70,1300.00,M
OMA,2026-03-17 14:52,24.00,19.00,80.91,24.15,1400.00,29.90
OMA,2026-03-17 15:11,24.00,20.00,84.45,21.85,1400.00,31.05
OMA,2026-03-17 15:49,24.80,19.40,79.60,19.55,1500.00,32.20
OMA,2026-03-17 15:52,25.00,20.00,80.99,18.40,1500.00,32.20
OMA,2026-03-17 16:52,27.00,20.00,74.54,13.80,1900.00,31.05
OMA,2026-03-17 17:19,29.00,21.00,71.65,16.10,2000.00,M
OMA,2026-03-17 17:52,30.00,22.00,71.76,19.55,2000.00,M
OMA,2026-03-17 18:52,31.00,22.00,68.90,13.80,8000.00,M
OMA,2026-03-17 19:52,32.00,22.00,66.17,11.50,11000.00,M
OMA,2026-03-17 20:52,33.00,22.00,63.56,11.50,10000.00,M
OMA,2026-03-17 21:52,33.00,22.00,63.56,12.65,10000.00,M
OMA,2026-03-17 22:52,32.00,22.00,66.17,9.20,13000.00,M
OMA,2026-03-17 23:52,33.00,21.00,60.92,13.80,18000.00,M
OMA,2026-03-18 00:52,33.00,21.00,60.92,12.65,18000.00,M
OMA,2026-03-18 01:52,32.00,21.00,63.43,10.35,25000.00,M
OMA,2026-03-18 02:52,27.00,21.00,77.78,10.35,25000.00,M
OMA,2026-03-18 03:52,26.00,21.00,81.07,8.05,M,M
OMA,2026-03-18 04:52,27.00,22.00,81.15,9.20,M,M
OMA,2026-03-18 05:52,26.00,22.00,84.58,8.05,M,M
OMA,2026-03-18 06:52,27.00,22.00,81.15,8.05,25000.00,M
OMA,2026-03-18 07:52,29.00,22.00,74.75,4.60,25000.00,M
OMA,2026-03-18 08:52,33.00,23.00,66.30,4.60,25000.00,M
OMA,2026-03-18 09:52,38.00,25.00,59.11,3.45,25000.00,M
OMA,2026-03-18 10:52,45.00,28.00,51.06,4.60,25000.00,M
OMA,2026-03-18 11:52,54.00,34.00,46.56,3.45,25000.00,M
OMA,2026-03-18 12:52,59.00,37.00,43.78,3.45,25000.00,M
OMA,2026-03-18 13:52,63.00,38.00,39.52,3.45,25000.00,M
OMA,2026-03-18 14:52,69.00,39.00,33.38,4.60,25000.00,M
OMA,2026-03-18 15:52,73.00,39.00,29.14,4.60,25000.00,M
OMA,2026-03-18 16:52,76.00,39.00,26.36,6.90,20000.00,M
OMA,2026-03-18 17:52,74.00,36.00,25.04,5.75,20000.00,M
OMA,2026-03-18 18:52,70.00,38.00,31.02,0.00,12000.00,M
OMA,2026-03-18 19:52,62.00,40.00,44.26,4.60,12000.00,M
OMA,2026-03-18 20:52,62.00,39.00,42.57,4.60,12000.00,M
OMA,2026-03-18 21:52,62.00,39.00,42.57,4.60,12000.00,M
OMA,2026-03-18 22:52,58.00,39.00,49.08,8.05,11000.00,M
OMA,2026-03-18 23:52,58.00,39.00,49.08,6.90,12000.00,M
OMA,2026-03-19 00:52,57.00,39.00,50.88,3.45,13000.00,M
OMA,2026-03-19 01:52,51.00,38.00,60.92,3.45,13000.00,M
OMA,2026-03-19 02:52,46.00,37.00,70.62,5.75,13000.00,M
OMA,2026-03-19 03:52,44.00,36.00,73.25,5.75,13000.00,M
OMA,2026-03-19 04:52,41.00,35.00,79.01,6.90,19000.00,M
OMA,2026-03-19 05:52,40.00,35.00,82.14,5.75,M,M
OMA,2026-03-19 06:52,38.00,35.00,88.82,5.75,M,M
OMA,2026-03-19 07:52,36.00,33.00,88.72,9.20,M,M
OMA,2026-03-19 08:52,46.00,38.00,73.46,8.05,25000.00,M
OMA,2026-03-19 09:52,52.00,40.00,63.48,6.90,25000.00,M
OMA,2026-03-19 10:52,59.00,41.00,51.18,6.90,25000.00,M
OMA,2026-03-19 11:52,65.00,41.00,41.42,5.75,25000.00,M
OMA,2026-03-19 12:52,71.00,41.00,33.70,4.60,25000.00,M
OMA,2026-03-19 13:52,75.00,41.00,29.46,3.45,25000.00,M
OMA,2026-03-19 14:52,77.00,38.00,24.52,3.45,25000.00,M
OMA,2026-03-19 15:47,78.80,39.20,24.22,4.60,0.00,M
OMA,2026-03-19 15:52,78.00,39.00,24.67,4.60,0.00,M
OMA,2026-03-19 16:52,77.00,38.00,24.52,4.60,25000.00,M
OMA,2026-03-19 17:52,77.00,39.00,25.50,6.90,25000.00,M
OMA,2026-03-19 18:52,74.00,40.00,29.30,8.05,20000.00,M
OMA,2026-03-19 19:52,66.00,41.00,40.01,8.05,20000.00,M
OMA,2026-03-19 20:52,66.00,40.00,38.48,6.90,20000.00,M
OMA,2026-03-19 21:52,63.00,40.00,42.73,6.90,25000.00,M
OMA,2026-03-19 22:52,60.00,40.00,47.51,8.05,25000.00,M
OMA,2026-03-19 23:52,60.00,39.00,45.69,4.60,25000.00,M
OMA,2026-03-20 00:52,57.00,39.00,50.88,8.05,25000.00,M
OMA,2026-03-20 01:52,55.00,38.00,52.60,6.90,25000.00,M
OMA,2026-03-20 02:52,51.00,38.00,60.92,8.05,M,M
OMA,2026-03-20 03:52,52.00,37.00,56.44,6.90,M,M
OMA,2026-03-20 04:52,51.00,37.00,58.57,6.90,M,M
OMA,2026-03-20 05:52,50.00,38.00,63.22,10.35,M,M
OMA,2026-03-20 06:52,50.00,37.00,60.78,3.45,M,M
OMA,2026-03-20 07:52,47.00,36.00,65.37,0.00,25000.00,M
OMA,2026-03-20 08:52,51.00,39.00,63.35,0.00,25000.00,M
OMA,2026-03-20 09:52,60.00,39.00,45.69,3.45,25000.00,M
OMA,2026-03-20 10:52,67.00,39.00,35.75,10.35,25000.00,M
OMA,2026-03-20 11:52,74.00,40.00,29.30,9.20,25000.00,M
OMA,2026-03-20 12:52,81.00,39.00,22.37,10.35,25000.00,M
OMA,2026-03-20 13:52,83.00,38.00,20.16,6.90,25000.00,M
OMA,2026-03-20 14:52,86.00,38.00,18.31,3.45,25000.00,M
OMA,2026-03-20 15:52,86.00,35.00,16.27,3.45,25000.00,M
OMA,2026-03-20 16:52,87.00,37.00,17.06,6.90,25000.00,M
OMA,2026-03-20 17:52,85.00,35.00,16.79,6.90,25000.00,M
OMA,2026-03-20 18:52,82.00,37.00,20.02,4.60,25000.00,M
OMA,2026-03-20 19:52,77.00,35.00,21.78,4.60,18000.00,M
OMA,2026-03-20 20:52,67.00,38.00,34.38,0.00,25000.00,M
OMA,2026-03-20 21:52,61.00,39.00,44.10,3.45,25000.00,M
OMA,2026-03-20 22:52,58.00,40.00,51.03,0.00,25000.00,M
OMA,2026-03-20 23:52,59.00,40.00,49.24,0.00,25000.00,M
OMA,2026-03-21 00:52,57.00,40.00,52.90,4.60,25000.00,M
OMA,2026-03-21 01:52,56.00,40.00,54.85,3.45,25000.00,M
OMA,2026-03-21 02:52,55.00,40.00,56.87,4.60,M,M
OMA,2026-03-21 03:52,52.00,40.00,63.48,5.75,M,M
OMA,2026-03-21 04:52,54.00,39.00,56.73,5.75,M,M
OMA,2026-03-21 05:52,53.00,38.00,56.59,9.20,M,M
OMA,2026-03-21 06:52,49.00,38.00,65.62,5.75,M,M
OMA,2026-03-21 07:52,50.00,38.00,63.22,9.20,25000.00,M
OMA,2026-03-21 08:52,57.00,41.00,54.99,11.50,25000.00,M
OMA,2026-03-21 09:52,65.00,39.00,38.32,9.20,25000.00,M
OMA,2026-03-21 10:52,73.00,40.00,30.30,6.90,25000.00,M
OMA,2026-03-21 11:52,84.00,37.00,18.77,10.35,25000.00,M
OMA,2026-03-21 12:52,88.00,34.00,14.67,8.05,25000.00,M
OMA,2026-03-21 13:52,88.00,33.00,14.09,8.05,25000.00,M
OMA,2026-03-21 14:52,91.00,35.00,13.90,6.90,25000.00,M
OMA,2026-03-21 15:52,94.00,32.00,11.23,9.20,25000.00,M
OMA,2026-03-21 16:52,95.00,29.00,9.64,13.80,25000.00,M
OMA,2026-03-21 17:52,95.00,28.00,9.25,14.95,M,M
OMA,2026-03-21 18:52,91.00,30.00,11.36,12.65,M,M
OMA,2026-03-21 19:52,87.00,32.00,13.97,9.20,20000.00,M
OMA,2026-03-21 20:52,82.00,35.00,18.49,9.20,20000.00,M
OMA,2026-03-21 21:52,81.00,35.00,19.10,9.20,20000.00,M
OMA,2026-03-21 22:52,79.00,34.00,19.59,9.20,20000.00,M
OMA,2026-03-21 23:52,67.00,36.00,31.77,8.05,25000.00,M
OMA,2026-03-22 00:52,70.00,35.00,27.55,3.45,25000.00,M
OMA,2026-03-22 01:52,66.00,36.00,32.89,3.45,18000.00,M
OMA,2026-03-22 02:52,61.00,46.00,57.73,19.55,18000.00,29.90
OMA,2026-03-22 03:52,57.00,47.00,69.16,25.30,18000.00,39.10
OMA,2026-03-22 04:52,51.00,43.00,73.96,13.80,18000.00,37.95
OMA,2026-03-22 05:52,48.00,41.00,76.58,12.65,25000.00,31.05
OMA,2026-03-22 06:52,47.00,40.00,76.49,16.10,18000.00,M
OMA,2026-03-22 07:52,45.00,38.00,76.30,26.45,8000.00,42.55
OMA,2026-03-22 08:52,44.00,37.00,76.21,27.60,2000.00,39.10
OMA,2026-03-22 09:52,44.00,36.00,73.25,25.30,2000.00,42.55
OMA,2026-03-22 10:52,45.00,35.00,67.77,31.05,2000.00,44.85
OMA,2026-03-22 11:52,46.00,34.00,62.69,27.60,2200.00,41.40
OMA,2026-03-22 12:13,46.00,34.00,62.69,26.45,2200.00,41.40
OMA,2026-03-22 12:52,47.00,34.00,60.37,31.05,2700.00,42.55
OMA,2026-03-22 13:52,47.00,33.00,58.00,29.90,2800.00,44.85
OMA,2026-03-22 14:52,51.00,31.00,46.07,28.75,3000.00,41.40
OMA,2026-03-22 15:52,51.00,30.00,44.24,31.05,3000.00,41.40
OMA,2026-03-22 16:52,51.00,29.00,42.47,21.85,20000.00,37.95
OMA,2026-03-22 17:52,49.00,28.00,43.91,20.70,20000.00,35.65
OMA,2026-03-22 18:52,48.00,28.00,45.59,19.55,20000.00,29.90
OMA,2026-03-22 19:52,44.00,28.00,53.04,12.65,20000.00,M
OMA,2026-03-22 20:52,41.00,27.00,57.13,11.50,M,M
OMA,2026-03-22 21:52,40.00,27.00,59.39,14.95,M,M
OMA,2026-03-22 22:52,37.00,27.00,66.80,9.20,M,M
OMA,2026-03-22 23:52,33.00,26.00,75.15,8.05,M,M