station,valid,tmpf,dwpf,relh,sped,skyl1,peak_wind_gust_mph
BFF,2025-01-01 00:53,16.00,11.00,80.27,8.05,M,M
BFF,2025-01-01 01:53,12.00,8.00,83.63,5.75,M,M
BFF,2025-01-01 02:53,13.00,9.00,83.70,0.00,M,M
BFF,2025-01-01 03:53,12.00,7.00,79.93,0.00,M,M
BFF,2025-01-01 04:53,10.00,5.00,79.76,0.00,M,M
BFF,2025-01-01 05:53,10.00,5.00,79.76,3.45,M,M
BFF,2025-01-01 06:53,12.00,6.00,76.38,0.00,M,M
BFF,2025-01-01 07:53,9.00,3.00,76.08,0.00,M,M
BFF,2025-01-01 08:53,9.00,3.00,76.08,5.75,M,M
BFF,2025-01-01 09:53,16.00,11.00,80.27,0.00,M,M
BFF,2025-01-01 10:53,23.00,14.00,67.96,3.45,M,M
BFF,2025-01-01 11:53,29.00,17.00,60.39,3.45,M,M
BFF,2025-01-01 12:53,32.00,18.00,55.82,3.45,M,M
BFF,2025-01-01 13:53,37.00,18.00,45.73,3.45,M,M
BFF,2025-01-01 14:53,38.00,17.00,42.11,4.60,9000.00,M
BFF,2025-01-01 15:53,37.00,12.00,35.20,8.05,7000.00,M
BFF,2025-01-01 16:53,36.00,14.00,39.99,8.05,6000.00,M
BFF,2025-01-01 17:53,35.00,13.00,39.82,0.00,8000.00,M
BFF,2025-01-01 18:53,31.00,12.00,44.73,0.00,9500.00,M
BFF,2025-01-01 19:53,29.00,12.00,48.53,3.45,9500.00,M
BFF,2025-01-01 20:53,30.00,10.00,42.62,6.90,7000.00,M
BFF,2025-01-01 21:53,30.00,11.00,44.57,3.45,7000.00,M
BFF,2025-01-01 22:53,29.00,12.00,48.53,3.45,7000.00,M
BFF,2025-01-01 23:53,29.00,13.00,50.72,3.45,6000.00,M
BFF,2025-01-02 00:53,29.00,14.00,53.00,3.45,6000.00,M
BFF,2025-01-02 01:53,29.00,13.00,50.72,0.00,6000.00,M
BFF,2025-01-02 02:53,28.00,13.00,52.84,3.45,6500.00,M
BFF,2025-01-02 03:53,24.00,14.00,65.17,6.90,7000.00,M
BFF,2025-01-02 04:53,23.00,13.00,65.03,5.75,10000.00,M
BFF,2025-01-02 05:53,21.00,11.00,64.77,5.75,M,M
BFF,2025-01-02 06:53,23.00,12.00,62.23,0.00,8000.00,M
BFF,2025-01-02 07:53,24.00,13.00,62.36,0.00,7000.00,M
BFF,2025-01-02 08:53,24.00,14.00,65.17,3.45,7000.00,M
BFF,2025-01-02 09:53,28.00,14.00,55.21,5.75,6000.00,M
BFF,2025-01-02 10:53,28.00,16.00,60.25,5.75,2800.00,M
BFF,2025-01-02 11:06,29.00,17.00,60.39,5.75,3000.00,M
BFF,2025-01-02 11:34,28.00,19.00,68.57,4.60,2600.00,M
BFF,2025-01-02 11:42,28.00,19.00,68.57,3.45,2600.00,M
BFF,2025-01-02 11:51,28.40,19.40,68.61,5.81,2700.00,M
BFF,2025-01-02 11:53,28.00,20.00,71.56,5.75,2700.00,M
BFF,2025-01-02 12:53,28.00,20.00,71.56,3.45,4800.00,M
BFF,2025-01-02 13:53,29.00,21.00,71.67,3.45,3700.00,M
BFF,2025-01-02 14:53,29.00,22.00,74.77,4.60,3500.00,M
BFF,2025-01-02 15:53,29.00,22.00,74.77,0.00,3600.00,M
BFF,2025-01-02 16:53,29.00,23.00,77.98,5.75,4100.00,M
BFF,2025-01-02 17:53,25.00,20.00,81.01,4.60,M,M
BFF,2025-01-02 18:53,23.00,19.00,84.39,3.45,3400.00,M
BFF,2025-01-02 19:53,19.00,16.00,87.87,0.00,M,M
BFF,2025-01-02 20:53,17.00,13.00,83.98,8.05,M,M
BFF,2025-01-02 21:53,17.00,13.00,83.98,3.45,M,M
BFF,2025-01-02 22:53,15.00,11.00,83.84,3.45,M,M
BFF,2025-01-02 23:49,17.60,14.00,85.51,4.60,100.00,M
BFF,2025-01-02 23:53,18.00,14.00,84.05,5.75,100.00,M
BFF,2025-01-03 00:01,18.00,14.00,84.05,0.00,100.00,M
BFF,2025-01-03 00:18,18.00,14.00,84.05,5.75,100.00,M
BFF,2025-01-03 00:35,17.00,14.00,87.76,4.60,100.00,M
BFF,2025-01-03 00:53,18.00,14.00,84.05,6.90,800.00,M
BFF,2025-01-03 01:20,18.00,14.00,84.05,5.75,100.00,M
BFF,2025-01-03 01:53,17.00,12.00,80.36,5.75,M,M
BFF,2025-01-03 02:53,18.00,13.00,80.44,3.45,M,M
BFF,2025-01-03 03:53,20.00,17.00,87.92,4.60,10000.00,M
BFF,2025-01-03 04:49,19.40,17.60,92.57,3.45,300.00,M
BFF,2025-01-03 04:53,20.00,17.00,87.92,3.45,300.00,M
BFF,2025-01-03 05:53,23.00,20.00,88.08,6.90,10000.00,M
BFF,2025-01-03 06:53,24.00,20.00,84.46,4.60,9500.00,M
BFF,2025-01-03 07:53,23.00,19.00,84.39,3.45,9000.00,M
BFF,2025-01-03 08:53,24.00,19.00,80.93,8.05,7500.00,M
BFF,2025-01-03 09:53,27.00,21.00,77.80,11.50,7000.00,M
BFF,2025-01-03 10:53,30.00,23.00,74.87,10.35,6500.00,M
BFF,2025-01-03 11:53,32.00,23.00,69.04,4.60,7000.00,M
BFF,2025-01-03 12:53,35.00,22.00,58.70,6.90,11000.00,M
BFF,2025-01-03 13:53,36.00,21.00,54.08,11.50,10000.00,M
BFF,2025-01-03 14:53,36.00,21.00,54.08,13.80,M,M
BFF,2025-01-03 15:53,35.00,22.00,58.70,14.95,12000.00,M
BFF,2025-01-03 16:53,30.00,20.00,65.94,16.10,11000.00,M
BFF,2025-01-03 17:53,28.00,20.00,71.56,13.80,10000.00,M
BFF,2025-01-03 18:53,27.00,20.00,74.57,10.35,M,M
BFF,2025-01-03 19:12,27.00,20.00,74.57,6.90,1400.00,M
BFF,2025-01-03 19:53,28.00,21.00,74.67,16.10,1100.00,M
BFF,2025-01-03 20:11,27.00,21.00,77.80,14.95,900.00,M
BFF,2025-01-03 20:53,26.00,21.00,81.09,14.95,700.00,M
BFF,2025-01-03 21:53,26.00,21.00,81.09,14.95,600.00,M
BFF,2025-01-03 22:43,25.00,22.00,88.18,18.40,300.00,M
BFF,2025-01-03 22:53,25.00,22.00,88.18,20.70,300.00,M
BFF,2025-01-03 23:45,25.00,22.00,88.18,14.95,300.00,M
BFF,2025-01-03 23:51,24.80,21.20,85.96,16.10,200.00,M
BFF,2025-01-03 23:53,25.00,22.00,88.18,17.25,200.00,M
BFF,2025-01-04 00:53,25.00,22.00,88.18,13.80,200.00,M
BFF,2025-01-04 01:11,25.00,23.00,91.97,11.50,200.00,M
BFF,2025-01-04 01:25,26.00,23.00,88.23,13.80,200.00,M
BFF,2025-01-04 01:53,26.00,23.00,88.23,12.65,300.00,M
BFF,2025-01-04 02:39,25.00,22.00,88.18,17.25,500.00,M
BFF,2025-01-04 02:53,25.00,22.00,88.18,18.40,500.00,M
BFF,2025-01-04 03:53,25.00,22.00,88.18,16.10,600.00,M
BFF,2025-01-04 04:15,25.00,22.00,88.18,16.10,400.00,M
BFF,2025-01-04 04:53,25.00,22.00,88.18,14.95,400.00,M
BFF,2025-01-04 05:53,25.00,22.00,88.18,13.80,300.00,M
BFF,2025-01-04 06:53,25.00,22.00,88.18,14.95,300.00,M
BFF,2025-01-04 07:53,24.00,21.00,88.13,17.25,300.00,M
BFF,2025-01-04 08:29,24.00,21.00,88.13,17.25,500.00,M
BFF,2025-01-04 08:53,24.00,20.00,84.46,17.25,500.00,M
BFF,2025-01-04 09:53,23.00,20.00,88.08,19.55,500.00,M
BFF,2025-01-04 10:53,23.00,19.00,84.39,18.40,500.00,M
BFF,2025-01-04 11:33,23.00,19.00,84.39,17.25,400.00,M
BFF,2025-01-04 11:53,23.00,19.00,84.39,18.40,400.00,M
BFF,2025-01-04 12:33,23.00,19.00,84.39,17.25,500.00,M
BFF,2025-01-04 12:53,23.00,19.00,84.39,17.25,500.00,M
BFF,2025-01-04 13:15,22.00,18.00,84.33,17.25,400.00,M
BFF,2025-01-04 13:53,21.00,18.00,87.97,18.40,200.00,M
BFF,2025-01-04 14:27,20.00,17.00,87.92,16.10,300.00,M
BFF,2025-01-04 14:53,20.00,17.00,87.92,18.40,200.00,M
BFF,2025-01-04 15:12,20.00,17.00,87.92,16.10,200.00,M
BFF,2025-01-04 15:41,19.00,16.00,87.87,18.40,200.00,M
BFF,2025-01-04 15:53,19.00,16.00,87.87,18.40,200.00,M
BFF,2025-01-04 16:45,18.00,15.00,87.81,16.10,200.00,M
BFF,2025-01-04 16:53,18.00,15.00,87.81,13.80,200.00,M
BFF,2025-01-04 17:07,18.00,15.00,87.81,16.10,200.00,M
BFF,2025-01-04 17:38,18.00,15.00,87.81,17.25,200.00,M
BFF,2025-01-04 17:53,18.00,14.00,84.05,16.10,200.00,M
BFF,2025-01-04 18:03,18.00,14.00,84.05,17.25,200.00,M
BFF,2025-01-04 18:27,17.00,14.00,87.76,14.95,200.00,M
BFF,2025-01-04 18:36,17.00,14.00,87.76,17.25,300.00,M
BFF,2025-01-04 18:53,17.00,14.00,87.76,17.25,300.00,M
BFF,2025-01-04 19:19,18.00,13.00,80.44,14.95,400.00,M
BFF,2025-01-04 19:29,18.00,13.00,80.44,13.80,600.00,M
BFF,2025-01-04 19:40,18.00,13.00,80.44,12.65,800.00,M
BFF,2025-01-04 19:53,18.00,13.00,80.44,9.20,800.00,M
BFF,2025-01-04 20:18,18.00,13.00,80.44,6.90,1000.00,M
BFF,2025-01-04 20:53,17.00,13.00,83.98,6.90,1400.00,M
BFF,2025-01-04 21:19,17.00,13.00,83.98,5.75,1600.00,M
BFF,2025-01-04 21:51,15.80,12.20,85.40,9.17,2201.00,M
BFF,2025-01-04 21:53,16.00,12.00,83.91,8.05,2200.00,M
BFF,2025-01-04 22:06,16.00,11.00,80.27,10.35,2200.00,M
BFF,2025-01-04 22:19,15.00,10.00,80.19,10.35,2200.00,M
BFF,2025-01-04 22:48,14.00,10.40,85.28,10.35,2200.00,M
BFF,2025-01-04 22:53,14.00,10.00,83.77,8.05,1900.00,M
BFF,2025-01-04 23:13,14.00,9.00,80.10,8.05,1300.00,M
BFF,2025-01-04 23:53,14.00,9.00,80.10,10.35,1600.00,M
BFF,2025-01-05 00:53,13.00,8.00,80.02,8.05,1900.00,M
BFF,2025-01-05 01:23,13.00,8.00,80.02,6.90,2200.00,M
BFF,2025-01-05 01:53,13.00,8.00,80.02,4.60,2700.00,M
BFF,2025-01-05 02:14,13.00,7.00,76.48,4.60,3100.00,M
BFF,2025-01-05 02:53,12.00,6.00,76.38,10.35,7500.00,M
BFF,2025-01-05 03:53,11.00,4.00,72.86,8.05,6500.00,M
BFF,2025-01-05 04:53,10.00,3.00,72.75,4.60,6500.00,M
BFF,2025-01-05 05:53,10.00,3.00,72.75,4.60,6000.00,M
BFF,2025-01-05 06:53,9.00,3.00,76.08,5.75,5000.00,M
BFF,2025-01-05 07:53,9.00,3.00,76.08,3.45,3900.00,M
BFF,2025-01-05 08:53,8.00,2.00,75.98,4.60,4800.00,M
BFF,2025-01-05 09:25,8.00,3.00,79.58,4.60,3800.00,M
BFF,2025-01-05 09:37,8.00,3.00,79.58,3.45,4200.00,M
BFF,2025-01-05 09:53,8.00,3.00,79.58,3.45,4600.00,M
BFF,2025-01-05 10:53,10.00,4.00,76.18,0.00,3600.00,M
BFF,2025-01-05 11:53,11.00,4.00,72.86,3.45,4200.00,M
BFF,2025-01-05 12:29,11.00,5.00,76.28,4.60,3500.00,M
BFF,2025-01-05 12:53,11.00,5.00,76.28,4.60,3300.00,M
BFF,2025-01-05 13:08,12.00,6.00,76.38,3.45,3200.00,M
BFF,2025-01-05 13:44,13.00,6.00,73.08,3.45,2900.00,M
BFF,2025-01-05 13:53,13.00,7.00,76.48,0.00,2800.00,M
BFF,2025-01-05 14:53,14.00,8.00,76.58,0.00,2700.00,M
BFF,2025-01-05 15:51,14.00,8.60,78.68,0.00,2401.00,M
BFF,2025-01-05 15:53,14.00,8.00,76.58,0.00,2400.00,M
BFF,2025-01-05 16:53,14.00,8.00,76.58,4.60,6500.00,M
BFF,2025-01-05 17:53,13.00,7.00,76.48,5.75,3400.00,M
BFF,2025-01-05 18:53,12.00,7.00,79.93,5.75,9500.00,M
BFF,2025-01-05 19:53,11.00,6.00,79.85,8.05,6500.00,M
BFF,2025-01-05 20:53,8.00,4.00,83.34,5.75,7000.00,M
BFF,2025-01-05 21:53,9.00,4.00,79.67,5.75,7000.00,M
BFF,2025-01-05 22:53,10.00,5.00,79.76,8.05,6500.00,M
BFF,2025-01-05 23:53,10.00,5.00,79.76,4.60,6000.00,M
BFF,2025-01-06 00:53,10.00,5.00,79.76,5.75,6000.00,M
BFF,2025-01-06 01:53,11.00,6.00,79.85,0.00,6500.00,M
BFF,2025-01-06 02:53,11.00,5.00,76.28,0.00,6000.00,M
BFF,2025-01-06 03:53,8.00,4.00,83.34,5.75,6000.00,M
BFF,2025-01-06 04:53,4.00,0.00,83.04,5.75,6500.00,M
BFF,2025-01-06 05:53,6.00,2.00,83.19,11.50,7500.00,M
BFF,2025-01-06 06:53,8.00,4.00,83.34,5.75,7500.00,M
BFF,2025-01-06 07:53,10.00,6.00,83.49,8.05,7000.00,M
BFF,2025-01-06 08:53,10.00,5.00,79.76,13.80,7500.00,M
BFF,2025-01-06 09:53,13.00,8.00,80.02,13.80,6000.00,M
BFF,2025-01-06 10:53,18.00,12.00,76.97,11.50,5500.00,M
BFF,2025-01-06 11:53,21.00,14.00,73.94,10.35,5500.00,M
BFF,2025-01-06 12:53,23.00,16.00,74.15,9.20,5500.00,M
BFF,2025-01-06 13:53,26.00,19.00,74.46,6.90,5500.00,M
BFF,2025-01-06 14:53,28.00,20.00,71.56,9.20,5000.00,M
BFF,2025-01-06 15:53,29.00,21.00,71.67,4.60,5500.00,M
BFF,2025-01-06 16:53,30.00,21.00,68.81,3.45,5500.00,M
BFF,2025-01-06 17:53,27.00,21.00,77.80,3.45,5000.00,M
BFF,2025-01-06 18:53,25.00,21.00,84.53,0.00,5000.00,M
BFF,2025-01-06 19:53,26.00,22.00,84.59,3.45,5000.00,M
BFF,2025-01-06 20:53,26.00,21.00,81.09,0.00,5000.00,M
BFF,2025-01-06 21:53,25.00,22.00,88.18,0.00,4700.00,M
BFF,2025-01-06 22:53,26.00,22.00,84.59,3.45,1600.00,M
BFF,2025-01-06 23:53,27.00,20.00,74.57,4.60,1800.00,M
BFF,2025-01-07 00:53,25.00,19.00,77.62,6.90,2800.00,M
BFF,2025-01-07 01:14,24.00,16.00,71.11,9.20,3000.00,M
BFF,2025-01-07 01:53,24.00,16.00,71.11,4.60,1900.00,M
BFF,2025-01-07 02:02,23.00,16.00,74.15,4.60,1800.00,M
BFF,2025-01-07 02:53,23.00,16.00,74.15,8.05,1900.00,M
BFF,2025-01-07 03:43,21.00,14.00,73.94,8.05,1900.00,M
BFF,2025-01-07 03:53,21.00,14.00,73.94,9.20,1900.00,M
BFF,2025-01-07 04:28,19.00,12.00,73.73,6.90,2100.00,M
BFF,2025-01-07 04:53,19.00,13.00,77.06,5.75,1900.00,M
BFF,2025-01-07 05:53,19.00,13.00,77.06,5.75,1700.00,M
BFF,2025-01-07 06:53,19.00,12.00,73.73,5.75,1600.00,M
BFF,2025-01-07 07:07,16.00,10.00,76.77,4.60,1800.00,M
BFF,2025-01-07 07:53,15.00,11.00,83.84,0.00,2400.00,M
BFF,2025-01-07 08:07,16.00,11.00,80.27,3.45,2300.00,M
BFF,2025-01-07 08:21,16.00,11.00,80.27,5.75,2300.00,M
BFF,2025-01-07 08:53,21.00,13.00,70.76,12.65,2300.00,M
BFF,2025-01-07 09:08,21.00,14.00,73.94,12.65,2300.00,M
BFF,2025-01-07 09:53,20.00,12.00,70.65,10.35,3200.00,M
BFF,2025-01-07 10:53,21.00,12.00,67.71,13.80,4200.00,M
BFF,2025-01-07 11:53,22.00,12.00,64.90,16.10,3700.00,M
BFF,2025-01-07 12:53,24.00,13.00,62.36,11.50,3500.00,M
BFF,2025-01-07 13:53,24.00,12.00,59.67,13.80,3500.00,M
BFF,2025-01-07 14:53,24.00,12.00,59.67,11.50,3000.00,M
BFF,2025-01-07 15:31,24.00,12.00,59.67,10.35,2900.00,M
BFF,2025-01-07 15:53,24.00,13.00,62.36,11.50,2800.00,M
BFF,2025-01-07 16:41,23.00,12.00,62.23,9.20,2800.00,M
BFF,2025-01-07 16:53,22.00,12.00,64.90,5.75,M,M
BFF,2025-01-07 17:53,17.00,9.00,70.30,5.75,M,M
BFF,2025-01-07 18:53,13.00,8.00,80.02,3.45,M,M
BFF,2025-01-07 19:53,10.00,6.00,83.49,5.75,M,M
BFF,2025-01-07 20:53,5.00,0.00,79.32,5.75,M,M
BFF,2025-01-07 21:53,6.00,1.00,79.41,9.20,M,M
BFF,2025-01-07 22:53,6.00,1.00,79.41,8.05,M,M
BFF,2025-01-07 23:53,8.00,3.00,79.58,8.05,M,M
BFF,2025-01-08 00:53,10.00,4.00,76.18,9.20,M,M
BFF,2025-01-08 01:53,7.00,1.00,75.88,10.35,M,M
BFF,2025-01-08 02:53,5.00,-1.00,75.67,5.75,M,M
BFF,2025-01-08 03:53,1.00,-3.00,82.81,5.75,M,M
BFF,2025-01-08 04:53,1.00,-4.00,78.95,0.00,M,M
BFF,2025-01-08 05:53,-3.00,-8.00,78.58,3.45,M,M
BFF,2025-01-08 06:53,-5.00,-10.00,78.39,0.00,M,M
BFF,2025-01-08 07:53,-4.00,-10.00,74.72,5.75,M,M
BFF,2025-01-08 08:53,-2.00,-7.00,78.67,3.45,M,M
BFF,2025-01-08 09:53,3.00,1.00,91.13,0.00,M,M
BFF,2025-01-08 10:53,16.00,7.00,67.07,0.00,M,M
BFF,2025-01-08 11:53,23.00,11.00,59.52,0.00,M,M
BFF,2025-01-08 12:53,25.00,12.00,57.23,0.00,M,M
BFF,2025-01-08 13:53,30.00,17.00,57.98,3.45,M,M
BFF,2025-01-08 14:53,38.00,19.00,45.90,13.80,M,M
BFF,2025-01-08 15:53,38.00,19.00,45.90,12.65,M,M
BFF,2025-01-08 16:53,35.00,18.00,49.50,11.50,M,M
BFF,2025-01-08 17:53,31.00,18.00,58.12,8.05,M,M
BFF,2025-01-08 18:53,30.00,17.00,57.98,8.05,M,M
BFF,2025-01-08 19:53,27.00,17.00,65.56,10.35,M,M
BFF,2025-01-08 20:53,30.00,17.00,57.98,9.20,M,M
BFF,2025-01-08 21:53,31.00,20.00,63.32,12.65,6000.00,M
BFF,2025-01-08 22:53,33.00,26.00,75.17,17.25,4700.00,M
BFF,2025-01-08 23:12,32.00,27.00,81.55,17.25,3500.00,M
BFF,2025-01-08 23:20,32.00,27.00,81.55,16.10,3300.00,M
BFF,2025-01-08 23:51,32.00,28.40,86.39,16.10,3100.00,M
BFF,2025-01-08 23:53,32.00,28.00,84.98,12.65,3100.00,M
BFF,2025-01-09 00:05,31.00,28.00,88.48,13.80,900.00,M
BFF,2025-01-09 00:14,31.00,27.00,84.92,14.95,900.00,M
BFF,2025-01-09 00:22,31.00,27.00,84.92,12.65,1100.00,M
BFF,2025-01-09 00:31,31.00,27.00,84.92,13.80,1100.00,M
BFF,2025-01-09 00:38,31.00,27.00,84.92,16.10,900.00,M
BFF,2025-01-09 00:53,31.00,26.00,81.48,13.80,1100.00,M
BFF,2025-01-09 01:53,31.00,25.00,78.16,12.65,3700.00,M
BFF,2025-01-09 02:53,30.00,25.00,81.40,13.80,2800.00,M
BFF,2025-01-09 03:53,31.00,27.00,84.92,16.10,1000.00,M
BFF,2025-01-09 04:02,32.00,28.00,84.98,17.25,1000.00,M
BFF,2025-01-09 04:41,32.00,25.00,75.07,26.45,1100.00,46.00
BFF,2025-01-09 04:53,32.00,24.00,72.00,31.05,6500.00,46.00
BFF,2025-01-09 05:53,32.00,23.00,69.04,24.15,6000.00,44.85
BFF,2025-01-09 06:53,31.00,22.00,68.92,24.15,4900.00,37.95
BFF,2025-01-09 07:53,29.00,20.00,68.69,19.55,8500.00,35.65
BFF,2025-01-09 08:53,29.00,19.00,65.81,20.70,10000.00,32.20
BFF,2025-01-09 09:53,29.00,19.00,65.81,16.10,10000.00,M
BFF,2025-01-09 10:53,30.00,20.00,65.94,23.00,11000.00,31.05
BFF,2025-01-09 11:53,32.00,20.00,60.81,20.70,M,36.80
BFF,2025-01-09 12:53,33.00,20.00,58.41,26.45,M,39.10
BFF,2025-01-09 13:53,33.00,20.00,58.41,26.45,M,42.55
BFF,2025-01-09 14:53,33.00,20.00,58.41,25.30,M,39.10
BFF,2025-01-09 15:53,32.00,19.00,58.27,20.70,M,42.55
BFF,2025-01-09 16:53,30.00,19.00,63.18,20.70,M,36.80
BFF,2025-01-09 17:53,27.00,18.00,68.45,14.95,M,31.05
BFF,2025-01-09 18:53,24.00,16.00,71.11,10.35,M,M
BFF,2025-01-09 19:53,23.00,15.00,70.99,10.35,M,M
BFF,2025-01-09 20:53,21.00,14.00,73.94,9.20,M,M
BFF,2025-01-09 21:53,17.00,12.00,80.36,8.05,M,M
BFF,2025-01-09 22:53,14.00,10.00,83.77,4.60,M,M
BFF,2025-01-09 23:53,15.00,10.00,80.19,8.05,M,M
BFF,2025-01-10 00:53,18.00,11.00,73.62,11.50,M,M
BFF,2025-01-10 01:53,12.00,7.00,79.93,6.90,M,M
BFF,2025-01-10 02:53,12.00,5.00,72.97,5.75,M,M
BFF,2025-01-10 03:53,13.00,7.00,76.48,8.05,M,M
BFF,2025-01-10 04:53,8.00,3.00,79.58,6.90,M,M
BFF,2025-01-10 05:53,12.00,6.00,76.38,8.05,M,M
BFF,2025-01-10 06:53,10.00,4.00,76.18,6.90,M,M
BFF,2025-01-10 07:53,11.00,5.00,76.28,9.20,M,M
BFF,2025-01-10 08:53,12.00,5.00,72.97,4.60,M,M
BFF,2025-01-10 09:53,19.00,9.00,64.50,11.50,M,M
BFF,2025-01-10 10:53,22.00,10.00,59.38,8.05,M,M
BFF,2025-01-10 11:53,25.00,12.00,57.23,11.50,M,M
BFF,2025-01-10 12:53,29.00,15.00,55.36,9.20,M,M
BFF,2025-01-10 13:53,32.00,16.00,51.20,6.90,11000.00,M
BFF,2025-01-10 14:53,35.00,19.00,51.67,3.45,11000.00,M
BFF,2025-01-10 15:53,38.00,20.00,47.90,11.50,11000.00,M
BFF,2025-01-10 16:53,38.00,22.00,52.14,9.20,11000.00,M
BFF,2025-01-10 17:53,38.00,22.00,52.14,12.65,10000.00,M
BFF,2025-01-10 18:53,38.00,21.00,49.98,12.65,9500.00,M
BFF,2025-01-10 19:53,38.00,20.00,47.90,14.95,M,M
BFF,2025-01-10 20:53,40.00,20.00,44.30,18.40,12000.00,29.90
BFF,2025-01-10 21:53,39.00,20.00,46.06,13.80,M,M
BFF,2025-01-10 22:53,40.00,22.00,48.22,13.80,M,M
BFF,2025-01-10 23:53,41.00,24.00,50.46,13.80,10000.00,M
BFF,2025-01-11 00:53,43.00,20.00,39.46,19.55,8500.00,34.50
BFF,2025-01-11 01:53,43.00,22.00,42.95,21.85,4000.00,37.95
BFF,2025-01-11 02:28,39.00,27.00,61.78,20.70,2600.00,41.40
BFF,2025-01-11 02:53,36.00,30.00,78.60,20.70,1600.00,41.40
BFF,2025-01-11 03:53,35.00,30.00,81.78,14.95,2400.00,34.50
BFF,2025-01-11 04:10,36.00,30.00,78.60,13.80,3800.00,M
BFF,2025-01-11 04:53,36.00,31.00,81.86,9.20,5000.00,M
BFF,2025-01-11 05:53,36.00,28.00,72.43,11.50,4100.00,M
BFF,2025-01-11 06:53,36.00,28.00,72.43,13.80,6500.00,M
BFF,2025-01-11 07:20,35.00,30.00,81.78,11.50,2500.00,M
BFF,2025-01-11 07:25,34.00,30.00,85.11,13.80,2400.00,M
BFF,2025-01-11 07:35,34.00,31.00,88.63,13.80,2200.00,M
BFF,2025-01-11 07:53,34.00,31.00,88.63,16.10,3500.00,M
BFF,2025-01-11 08:07,34.00,31.00,88.63,12.65,2800.00,M
BFF,2025-01-11 08:18,34.00,31.00,88.63,13.80,500.00,M
BFF,2025-01-11 08:32,34.00,31.00,88.63,12.65,800.00,M
BFF,2025-01-11 08:51,33.80,30.20,86.49,12.74,400.00,M
BFF,2025-01-11 08:53,34.00,31.00,88.63,13.80,400.00,M
BFF,2025-01-11 09:16,34.00,31.00,88.63,17.25,400.00,M
BFF,2025-01-11 09:28,34.00,31.00,88.63,12.65,2100.00,M
BFF,2025-01-11 09:42,34.00,31.00,88.63,13.80,700.00,M
BFF,2025-01-11 09:53,34.00,31.00,88.63,12.65,600.00,M
BFF,2025-01-11 10:02,34.00,31.00,88.63,16.10,700.00,M
BFF,2025-01-11 10:12,35.00,31.00,85.17,18.40,1100.00,M
BFF,2025-01-11 10:53,36.00,31.00,81.86,17.25,7000.00,M
BFF,2025-01-11 11:53,37.00,29.00,72.54,16.10,3100.00,29.90
BFF,2025-01-11 12:53,39.00,29.00,67.06,21.85,M,33.35
BFF,2025-01-11 13:53,39.00,27.00,61.78,21.85,M,39.10
BFF,2025-01-11 14:53,39.00,24.00,54.54,20.70,M,32.20
BFF,2025-01-11 15:53,38.00,24.00,56.71,25.30,3500.00,40.25
BFF,2025-01-11 16:53,37.00,23.00,56.57,31.05,7500.00,46.00
BFF,2025-01-11 17:53,36.00,24.00,61.37,26.45,7000.00,48.30
BFF,2025-01-11 18:53,34.00,24.00,66.45,25.30,6000.00,44.85
BFF,2025-01-11 19:53,32.00,23.00,69.04,19.55,6500.00,33.35
BFF,2025-01-11 20:53,32.00,23.00,69.04,19.55,8000.00,29.90
BFF,2025-01-11 21:53,31.00,23.00,71.89,14.95,9500.00,32.20
BFF,2025-01-11 22:53,31.00,23.00,71.89,20.70,10000.00,31.05
BFF,2025-01-11 23:53,31.00,22.00,68.92,17.25,11000.00,M
BFF,2025-01-12 00:53,30.00,22.00,71.78,14.95,2900.00,M
BFF,2025-01-12 01:53,30.00,22.00,71.78,14.95,10000.00,M
BFF,2025-01-12 02:53,30.00,22.00,71.78,16.10,2900.00,M
BFF,2025-01-12 03:26,31.00,22.00,68.92,10.35,2900.00,M
BFF,2025-01-12 03:53,31.00,23.00,71.89,13.80,2500.00,M
BFF,2025-01-12 04:53,30.00,23.00,74.87,13.80,2800.00,M
BFF,2025-01-12 05:10,30.00,22.00,71.78,10.35,2800.00,M
BFF,2025-01-12 05:34,30.00,22.00,71.78,11.50,2300.00,M
BFF,2025-01-12 05:53,30.00,21.00,68.81,13.80,2200.00,M
BFF,2025-01-12 06:53,29.00,21.00,71.67,11.50,2100.00,M
BFF,2025-01-12 07:42,29.00,20.00,68.69,16.10,2600.00,M
BFF,2025-01-12 07:53,29.00,20.00,68.69,14.95,2700.00,M
BFF,2025-01-12 08:53,29.00,19.00,65.81,10.35,4100.00,M
BFF,2025-01-12 09:53,29.00,19.00,65.81,12.65,3700.00,M
BFF,2025-01-12 10:53,31.00,20.00,63.32,16.10,9500.00,M
BFF,2025-01-12 11:53,33.00,19.00,55.97,20.70,10000.00,31.05
BFF,2025-01-12 12:53,32.00,20.00,60.81,16.10,3200.00,M
BFF,2025-01-12 13:18,32.00,20.00,60.81,14.95,2900.00,M
BFF,2025-01-12 13:29,32.00,21.00,63.45,14.95,2900.00,M
BFF,2025-01-12 13:53,33.00,22.00,63.59,12.65,4500.00,M
BFF,2025-01-12 14:53,33.00,21.00,60.95,16.10,3100.00,M
BFF,2025-01-12 15:53,35.00,22.00,58.70,13.80,9500.00,M
BFF,2025-01-12 16:53,34.00,21.00,58.56,14.95,M,M
BFF,2025-01-12 17:53,32.00,21.00,63.45,9.20,7500.00,M
BFF,2025-01-12 18:53,31.00,21.00,66.07,9.20,7500.00,M
BFF,2025-01-12 19:53,31.00,24.00,74.97,13.80,3700.00,M
BFF,2025-01-12 19:56,30.00,25.00,81.40,12.65,2800.00,M
BFF,2025-01-12 19:58,30.00,25.00,81.40,12.65,2500.00,M
BFF,2025-01-12 20:03,30.00,25.00,81.40,10.35,3200.00,M
BFF,2025-01-12 20:12,30.00,25.00,81.40,10.35,3700.00,M
BFF,2025-01-12 20:51,30.20,24.80,80.07,13.86,3300.00,M
BFF,2025-01-12 20:53,30.00,24.00,78.07,13.80,3100.00,M
BFF,2025-01-12 21:02,30.00,23.00,74.87,12.65,3100.00,M
BFF,2025-01-12 21:53,30.00,24.00,78.07,9.20,4600.00,M
BFF,2025-01-12 22:53,30.00,23.00,74.87,8.05,6500.00,M
BFF,2025-01-12 23:53,29.00,22.00,74.77,8.05,2000.00,M
BFF,2025-01-13 00:53,26.00,18.00,71.33,12.65,6000.00,M
BFF,2025-01-13 01:53,23.00,16.00,74.15,5.75,7500.00,M
BFF,2025-01-13 02:53,23.00,15.00,70.99,11.50,3000.00,M
BFF,2025-01-13 03:53,20.00,14.00,77.16,4.60,M,M
BFF,2025-01-13 04:53,16.00,12.00,83.91,6.90,M,M
BFF,2025-01-13 05:53,15.00,11.00,83.84,6.90,M,M
BFF,2025-01-13 06:53,14.00,10.00,83.77,3.45,M,M
BFF,2025-01-13 07:53,15.00,11.00,83.84,5.75,11000.00,M
BFF,2025-01-13 08:53,18.00,13.00,80.44,4.60,11000.00,M
BFF,2025-01-13 09:53,21.00,15.00,77.25,4.60,10000.00,M
BFF,2025-01-13 10:53,25.00,17.00,71.22,6.90,9500.00,M
BFF,2025-01-13 11:53,33.00,17.00,51.36,13.80,8500.00,M
BFF,2025-01-13 12:53,36.00,17.00,45.57,17.25,7000.00,M
BFF,2025-01-13 13:53,38.00,17.00,42.11,13.80,7000.00,M
BFF,2025-01-13 14:53,39.00,16.00,38.78,14.95,4700.00,M
BFF,2025-01-13 15:53,38.00,15.00,38.61,12.65,5000.00,M
BFF,2025-01-13 16:53,36.00,16.00,43.64,10.35,M,M
BFF,2025-01-13 17:53,32.00,13.00,44.90,9.20,6000.00,M
BFF,2025-01-13 18:53,27.00,16.00,62.78,4.60,7500.00,M
BFF,2025-01-13 19:53,25.00,14.00,62.50,6.90,M,M
BFF,2025-01-13 20:53,25.00,13.00,59.82,8.05,M,M
BFF,2025-01-13 21:53,19.00,12.00,73.73,4.69,M,M
BFF,2025-01-13 22:53,18.00,11.00,73.62,5.75,M,M
BFF,2025-01-13 23:53,15.00,9.00,76.68,4.60,M,M
BFF,2025-01-14 00:53,14.00,8.00,76.58,5.75,M,M
BFF,2025-01-14 01:53,13.00,7.00,76.48,5.75,M,M
BFF,2025-01-14 02:53,12.00,6.00,76.38,5.75,M,M
BFF,2025-01-14 03:53,14.00,8.00,76.58,4.60,M,M
BFF,2025-01-14 04:53,13.00,7.00,76.48,9.20,M,M
BFF,2025-01-14 05:53,20.00,11.00,67.58,6.90,8500.00,M
BFF,2025-01-14 06:53,20.00,12.00,70.65,5.75,7500.00,M
BFF,2025-01-14 07:53,21.00,12.00,67.71,4.60,11000.00,M
BFF,2025-01-14 08:53,22.00,14.00,70.88,4.60,6000.00,M
BFF,2025-01-14 09:53,26.00,15.00,62.64,9.20,5000.00,M
BFF,2025-01-14 10:53,30.00,16.00,55.52,10.35,4300.00,M
BFF,2025-01-14 11:53,33.00,18.00,53.62,19.55,3200.00,M
BFF,2025-01-14 12:53,33.00,22.00,63.59,16.10,3300.00,31.05
BFF,2025-01-14 13:53,34.00,23.00,63.72,18.40,2000.00,31.05
BFF,2025-01-14 14:53,36.00,23.00,58.85,13.80,2800.00,M
BFF,2025-01-14 15:53,34.00,21.00,58.56,18.40,5500.00,34.50
BFF,2025-01-14 16:53,35.00,20.00,53.93,16.10,10000.00,M
BFF,2025-01-14 17:53,29.00,18.00,63.05,8.05,M,M
BFF,2025-01-14 18:53,28.00,18.00,65.69,5.75,M,M
BFF,2025-01-14 19:53,30.00,19.00,63.18,9.20,6000.00,M
BFF,2025-01-14 20:53,29.00,19.00,65.81,5.75,6000.00,M
BFF,2025-01-14 21:53,28.00,17.00,62.91,6.90,5500.00,M
BFF,2025-01-14 22:53,27.00,17.00,65.56,5.75,10000.00,M
BFF,2025-01-14 23:53,26.00,16.00,65.43,8.05,9000.00,M
BFF,2025-01-15 00:53,26.00,15.00,62.64,10.35,7500.00,M
BFF,2025-01-15 01:53,18.00,12.00,76.97,4.60,M,M
BFF,2025-01-15 02:53,16.00,10.00,76.77,6.90,M,M
BFF,2025-01-15 03:53,15.00,9.00,76.68,6.90,M,M
BFF,2025-01-15 04:53,14.00,9.00,80.10,5.75,M,M
BFF,2025-01-15 05:53,13.00,8.00,80.02,5.75,M,M
BFF,2025-01-15 06:53,18.00,10.00,70.41,10.35,M,M
BFF,2025-01-15 07:53,18.00,11.00,73.62,9.20,M,M
BFF,2025-01-15 08:53,20.00,11.00,67.58,6.90,M,M
BFF,2025-01-15 09:53,26.00,14.00,59.96,9.20,M,M
BFF,2025-01-15 10:53,31.00,15.00,51.04,11.50,M,M
BFF,2025-01-15 11:53,39.00,18.00,42.28,14.95,M,M
BFF,2025-01-15 12:53,44.00,17.00,33.39,14.95,6500.00,M
BFF,2025-01-15 13:53,47.00,17.00,29.79,19.55,7000.00,29.90
BFF,2025-01-15 14:53,48.00,18.00,29.96,19.55,M,35.65
BFF,2025-01-15 15:53,49.00,20.00,31.44,18.40,M,M
BFF,2025-01-15 16:53,47.00,22.00,36.89,14.95,M,M
BFF,2025-01-15 17:53,43.00,19.00,37.81,13.80,M,M
BFF,2025-01-15 18:53,38.00,20.00,47.90,10.35,M,M
BFF,2025-01-15 19:53,34.00,19.00,53.77,5.75,M,M
BFF,2025-01-15 20:53,33.00,20.00,58.41,11.50,M,M
BFF,2025-01-15 21:53,31.00,19.00,60.67,11.50,M,M
BFF,2025-01-15 22:53,28.00,19.00,68.57,6.90,M,M
BFF,2025-01-15 23:53,27.00,18.00,68.45,3.45,M,M
BFF,2025-01-16 00:53,26.00,18.00,71.33,5.75,M,M
BFF,2025-01-16 01:53,27.00,18.00,68.45,0.00,M,M
BFF,2025-01-16 02:53,23.00,16.00,74.15,8.05,M,M
BFF,2025-01-16 03:53,26.00,17.00,68.32,8.05,M,M
BFF,2025-01-16 04:53,27.00,16.00,62.78,6.90,M,M
BFF,2025-01-16 05:53,21.00,14.00,73.94,4.60,M,M
BFF,2025-01-16 06:53,23.00,14.00,67.96,3.45,M,M
BFF,2025-01-16 07:53,23.00,14.00,67.96,0.00,M,M
BFF,2025-01-16 08:53,23.00,14.00,67.96,4.60,M,M
BFF,2025-01-16 09:53,31.00,19.00,60.67,0.00,M,M
BFF,2025-01-16 10:53,35.00,21.00,56.27,4.60,M,M
BFF,2025-01-16 11:53,41.00,20.00,42.62,4.60,M,M
BFF,2025-01-16 12:53,47.00,22.00,36.89,5.75,M,M
BFF,2025-01-16 13:53,51.00,22.00,31.77,3.45,M,M
BFF,2025-01-16 14:53,58.00,24.00,26.77,16.10,M,M
BFF,2025-01-16 15:53,58.00,24.00,26.77,13.80,M,M
BFF,2025-01-16 16:53,55.00,25.00,31.11,9.20,M,M
BFF,2025-01-16 17:53,43.00,24.00,46.71,3.45,M,M
BFF,2025-01-16 18:53,37.00,23.00,56.57,0.00,M,M
BFF,2025-01-16 19:53,35.00,22.00,58.70,0.00,M,M
BFF,2025-01-16 20:53,35.00,22.00,58.70,8.05,M,M
BFF,2025-01-16 21:53,32.00,21.00,63.45,9.20,M,M
BFF,2025-01-16 22:53,41.00,17.00,37.47,14.95,M,M
BFF,2025-01-16 23:53,47.00,14.00,26.15,14.95,M,M
BFF,2025-01-17 00:53,49.00,13.00,23.21,23.00,M,33.35
BFF,2025-01-17 01:53,47.00,14.00,26.15,18.40,M,35.65
BFF,2025-01-17 02:53,41.00,15.00,34.35,9.20,M,M
BFF,2025-01-17 03:53,46.00,12.00,24.86,13.80,M,32.20
BFF,2025-01-17 04:53,46.00,12.00,24.86,12.65,M,M
BFF,2025-01-17 05:53,44.00,13.00,28.04,16.10,M,M
BFF,2025-01-17 06:53,45.00,15.00,29.46,19.55,M,39.10
BFF,2025-01-17 07:53,42.00,15.00,33.05,24.15,M,36.80
BFF,2025-01-17 08:53,36.00,19.00,49.66,8.05,M,29.90
BFF,2025-01-17 09:14,40.00,23.00,50.30,17.25,5500.00,29.90
BFF,2025-01-17 09:53,38.00,23.00,54.39,12.65,4600.00,29.90
BFF,2025-01-17 10:53,37.00,24.00,58.99,10.35,3900.00,M
BFF,2025-01-17 11:51,35.60,26.60,69.46,13.86,2401.00,M
BFF,2025-01-17 11:53,35.00,26.00,69.39,13.80,2200.00,M
BFF,2025-01-17 12:29,33.00,27.00,78.34,12.65,1900.00,M
BFF,2025-01-17 12:53,33.00,24.00,69.16,13.80,2300.00,M
BFF,2025-01-17 13:16,33.00,23.00,66.32,16.10,2500.00,M
BFF,2025-01-17 13:37,32.00,21.00,63.45,14.95,2700.00,M
BFF,2025-01-17 13:53,33.00,21.00,60.95,13.80,4900.00,M
BFF,2025-01-17 14:53,34.00,19.00,53.77,20.70,5500.00,34.50
BFF,2025-01-17 15:53,34.00,19.00,53.77,20.70,5000.00,33.35
BFF,2025-01-17 16:53,31.00,15.00,51.04,16.10,8000.00,32.20
BFF,2025-01-17 17:53,27.00,16.00,62.78,18.40,6500.00,33.35
BFF,2025-01-17 18:53,24.00,14.00,65.17,20.70,8500.00,32.20
BFF,2025-01-17 19:53,23.00,15.00,70.99,11.50,4700.00,29.90
BFF,2025-01-17 20:53,22.00,14.00,70.88,12.65,5000.00,M
BFF,2025-01-17 21:53,22.00,14.00,70.88,10.35,3000.00,M
BFF,2025-01-17 22:42,22.00,14.00,70.88,5.75,2000.00,M
BFF,2025-01-17 22:53,22.00,14.00,70.88,5.75,2100.00,M
BFF,2025-01-17 23:53,22.00,13.00,67.83,9.20,2100.00,M
BFF,2025-01-18 00:53,20.00,13.00,73.84,10.35,1700.00,M
BFF,2025-01-18 01:01,20.00,13.00,73.84,9.20,1700.00,M
BFF,2025-01-18 01:09,20.00,13.00,73.84,8.05,1900.00,M
BFF,2025-01-18 01:41,19.00,11.00,70.53,9.20,2400.00,M
BFF,2025-01-18 01:53,19.00,11.00,70.53,9.20,3900.00,M
BFF,2025-01-18 02:25,18.00,11.00,73.62,8.05,2500.00,M
BFF,2025-01-18 02:53,18.00,11.00,73.62,8.05,2500.00,M
BFF,2025-01-18 03:41,17.00,10.00,73.52,9.20,1700.00,M
BFF,2025-01-18 03:49,17.60,10.40,72.93,6.90,1700.00,M
BFF,2025-01-18 03:51,17.60,10.40,72.93,8.05,1699.00,M
BFF,2025-01-18 03:53,17.00,10.00,73.52,6.90,1700.00,M
BFF,2025-01-18 04:02,17.00,10.00,73.52,6.90,1700.00,M
BFF,2025-01-18 04:26,16.00,8.00,70.18,10.35,3100.00,M
BFF,2025-01-18 04:53,16.00,8.00,70.18,11.50,2900.00,M
BFF,2025-01-18 05:03,16.00,7.00,67.07,10.35,2900.00,M
BFF,2025-01-18 05:48,14.00,6.80,72.53,9.20,2500.00,M
BFF,2025-01-18 05:53,13.00,6.00,73.08,9.20,2900.00,M
BFF,2025-01-18 06:53,11.00,4.00,72.86,8.05,6000.00,M
BFF,2025-01-18 07:53,9.00,2.00,72.64,9.20,M,M
BFF,2025-01-18 08:53,11.00,1.00,63.40,12.65,6500.00,M
BFF,2025-01-18 09:53,13.00,3.00,63.68,13.80,5500.00,M
BFF,2025-01-18 10:53,15.00,2.00,55.69,18.40,3000.00,M
BFF,2025-01-18 11:53,16.00,2.00,53.32,19.55,4700.00,33.35
BFF,2025-01-18 12:53,17.00,1.00,48.74,21.85,3400.00,35.65
BFF,2025-01-18 13:53,17.00,0.00,46.51,23.00,3500.00,34.50
BFF,2025-01-18 14:53,18.00,0.00,44.55,23.00,3600.00,37.95
BFF,2025-01-18 15:53,16.00,-2.00,44.20,26.45,M,40.25
BFF,2025-01-18 16:53,15.00,-3.00,44.02,27.60,M,39.10
BFF,2025-01-18 17:53,12.00,-1.00,55.22,17.25,3800.00,36.80
BFF,2025-01-18 18:53,10.00,-3.00,54.90,10.35,11000.00,M
BFF,2025-01-18 19:53,8.00,-2.00,62.98,12.65,6500.00,M
BFF,2025-01-18 20:53,6.00,-4.00,62.69,10.35,6500.00,M
BFF,2025-01-18 21:53,4.00,-5.00,65.49,5.75,5000.00,M
BFF,2025-01-18 22:53,4.00,-4.00,68.70,9.20,M,M
BFF,2025-01-18 23:53,2.00,-5.00,71.83,4.60,4500.00,M
BFF,2025-01-19 00:53,-1.00,-8.00,71.47,4.60,M,M
BFF,2025-01-19 01:53,-1.00,-8.00,71.47,3.45,M,M
BFF,2025-01-19 02:53,-3.00,-9.00,74.83,5.75,M,M
BFF,2025-01-19 03:53,-2.00,-9.00,71.35,4.60,M,M
BFF,2025-01-19 04:53,-4.00,-11.00,71.11,4.60,M,M
BFF,2025-01-19 05:53,-5.00,-12.00,70.99,6.90,M,M
BFF,2025-01-19 06:53,-5.00,-12.00,70.99,0.00,M,M
BFF,2025-01-19 07:53,-5.00,-11.00,74.61,0.00,M,M
BFF,2025-01-19 08:53,-2.00,-10.00,67.93,0.00,M,M
BFF,2025-01-19 09:53,2.00,-4.00,75.36,0.00,M,M
BFF,2025-01-19 10:53,5.00,-2.00,72.18,4.60,M,M
BFF,2025-01-19 11:53,9.00,-1.00,63.12,6.90,M,M
BFF,2025-01-19 12:53,11.00,-1.00,57.72,3.45,8500.00,M
BFF,2025-01-19 13:53,13.00,0.00,55.38,0.00,12000.00,M
BFF,2025-01-19 14:53,15.00,0.00,50.73,4.60,7500.00,M
BFF,2025-01-19 15:53,16.00,-1.00,46.34,3.45,6000.00,M
BFF,2025-01-19 16:53,17.00,0.00,46.51,5.75,7500.00,M
BFF,2025-01-19 17:53,16.00,0.00,48.57,4.60,10000.00,M
BFF,2025-01-19 18:53,14.00,0.00,53.00,8.05,M,M
BFF,2025-01-19 19:53,12.00,0.00,57.88,6.90,10000.00,M
BFF,2025-01-19 20:53,10.00,-1.00,60.36,11.50,9000.00,M
BFF,2025-01-19 21:53,8.00,-3.00,60.06,20.70,7500.00,M
BFF,2025-01-19 22:53,6.00,-5.00,59.76,14.95,7500.00,33.35
BFF,2025-01-19 23:53,3.00,-11.00,51.16,14.95,7500.00,M
BFF,2025-01-20 00:53,1.00,-10.00,58.99,14.95,7500.00,M
BFF,2025-01-20 01:53,-2.00,-11.00,64.65,12.65,M,M
BFF,2025-01-20 02:53,-2.00,-14.00,55.66,12.65,M,M
BFF,2025-01-20 03:53,-4.00,-16.00,55.33,9.20,M,M
BFF,2025-01-20 04:53,-4.00,-18.00,49.95,12.65,M,M
BFF,2025-01-20 05:53,-5.00,-17.00,55.16,12.65,M,M
BFF,2025-01-20 06:53,-6.00,-18.00,55.00,9.20,M,M
BFF,2025-01-20 07:53,-6.00,-17.00,57.89,10.35,M,M
BFF,2025-01-20 08:53,-6.00,-17.00,57.89,10.35,M,M
BFF,2025-01-20 09:53,0.00,-16.00,45.78,23.00,M,32.20
BFF,2025-01-20 10:53,2.00,-16.00,41.70,23.00,M,39.10
BFF,2025-01-20 11:53,3.00,-18.00,35.94,24.15,M,40.25
BFF,2025-01-20 12:53,5.00,-18.00,32.78,27.60,M,41.40
BFF,2025-01-20 13:53,7.00,-19.00,28.42,27.60,M,41.40
BFF,2025-01-20 14:53,8.00,-19.00,27.17,27.60,M,41.40
BFF,2025-01-20 15:53,7.00,-19.00,28.42,24.15,M,43.70
BFF,2025-01-20 16:53,6.00,-18.00,31.32,18.40,M,34.50
BFF,2025-01-20 17:53,2.00,-17.00,39.62,11.50,M,M
BFF,2025-01-20 18:53,-2.00,-17.00,47.80,8.05,M,M
BFF,2025-01-20 19:53,-5.00,-18.00,52.41,0.00,M,M
BFF,2025-01-20 20:53,-3.00,-17.00,50.13,4.60,M,M
BFF,2025-01-20 21:53,-6.00,-19.00,52.24,3.45,M,M
BFF,2025-01-20 22:53,-9.00,-19.00,60.45,6.90,M,M
BFF,2025-01-20 23:53,-11.00,-20.00,63.35,4.60,M,M
BFF,2025-01-21 00:53,-10.00,-20.00,60.30,0.00,M,M
BFF,2025-01-21 01:53,-10.00,-20.00,60.30,0.00,M,M
BFF,2025-01-21 02:53,-12.00,-20.00,66.58,3.45,M,M
BFF,2025-01-21 03:53,-10.00,-19.00,63.50,3.45,M,M
BFF,2025-01-21 04:53,-11.00,-19.00,66.72,3.45,M,M
BFF,2025-01-21 05:53,-9.00,-17.00,66.99,0.00,M,M
BFF,2025-01-21 06:53,-9.00,-17.00,66.99,4.60,10000.00,M
BFF,2025-01-21 07:53,-9.00,-16.00,70.50,0.00,M,M
BFF,2025-01-21 08:53,1.00,-8.00,65.07,3.45,M,M
BFF,2025-01-21 09:53,20.00,-1.00,39.01,9.20,M,M
BFF,2025-01-21 10:53,28.00,-2.00,26.63,17.25,M,34.50
BFF,2025-01-21 11:53,32.00,-2.00,22.63,24.15,M,39.10
BFF,2025-01-21 12:53,33.00,-2.00,21.74,21.85,11000.00,39.10
BFF,2025-01-21 13:53,33.00,-1.00,22.79,18.40,12000.00,41.40
BFF,2025-01-21 14:53,35.00,-1.00,21.04,12.65,11000.00,36.80
BFF,2025-01-21 15:53,34.00,-2.00,20.88,21.85,M,37.95
BFF,2025-01-21 16:53,36.00,-3.00,18.39,17.25,M,35.65
BFF,2025-01-21 17:53,35.00,-3.00,19.14,18.40,M,31.05
BFF,2025-01-21 18:53,33.00,-1.00,22.79,12.65,M,32.20
BFF,2025-01-21 19:53,31.00,-2.00,23.56,18.40,M,M
BFF,2025-01-21 20:53,30.00,-1.00,25.72,13.80,M,M
BFF,2025-01-21 21:53,31.00,1.00,27.13,17.25,M,M
BFF,2025-01-21 22:53,29.00,2.00,30.83,14.95,M,M
BFF,2025-01-21 23:53,28.00,3.00,33.65,14.95,M,M
BFF,2025-01-22 00:53,21.00,2.00,43.02,11.50,M,M
BFF,2025-01-22 01:53,25.00,5.00,41.76,12.65,5500.00,M
BFF,2025-01-22 02:53,28.00,14.00,55.21,14.95,5500.00,M
BFF,2025-01-22 03:53,27.00,16.00,62.78,12.65,7000.00,M
BFF,2025-01-22 04:53,24.00,15.00,68.08,14.95,M,M
BFF,2025-01-22 05:53,20.00,14.00,77.16,10.35,3000.00,M
BFF,2025-01-22 06:53,21.00,14.00,73.94,10.35,M,M
BFF,2025-01-22 07:53,20.00,13.00,73.84,10.35,M,M
BFF,2025-01-22 08:53,21.00,13.00,70.76,11.50,M,M
BFF,2025-01-22 09:53,24.00,14.00,65.17,10.35,M,M
BFF,2025-01-22 10:53,28.00,14.00,55.21,18.40,M,M
BFF,2025-01-22 11:53,33.00,13.00,43.13,21.85,4500.00,36.80
BFF,2025-01-22 12:53,32.00,11.00,41.10,28.75,4700.00,48.30
BFF,2025-01-22 13:53,34.00,12.00,39.65,32.20,4700.00,52.90
BFF,2025-01-22 14:53,31.00,12.00,44.73,29.90,4400.00,47.15
BFF,2025-01-22 15:53,30.00,12.00,46.59,21.85,3700.00,43.70
BFF,2025-01-22 16:53,29.00,14.00,53.00,25.30,4300.00,40.25
BFF,2025-01-22 17:53,28.00,14.00,55.21,18.40,3500.00,37.95
BFF,2025-01-22 18:53,26.00,17.00,68.32,14.95,3700.00,M
BFF,2025-01-22 19:53,26.00,17.00,68.32,16.10,4500.00,M
BFF,2025-01-22 20:53,26.00,17.00,68.32,16.10,5000.00,M
BFF,2025-01-22 21:51,26.60,17.60,68.40,16.10,2798.00,M
BFF,2025-01-22 21:53,26.00,17.00,68.32,13.80,2800.00,M
BFF,2025-01-22 22:33,25.00,14.00,62.50,23.00,2200.00,31.05
BFF,2025-01-22 22:53,25.00,15.00,65.30,19.55,5500.00,33.35
BFF,2025-01-22 23:53,24.00,12.00,59.67,21.85,8000.00,39.10
BFF,2025-01-23 00:53,23.00,13.00,65.03,16.10,8000.00,33.35
BFF,2025-01-23 01:53,24.00,12.00,59.67,18.40,7500.00,29.90
BFF,2025-01-23 02:53,24.00,12.00,59.67,16.10,7500.00,34.50
BFF,2025-01-23 03:53,23.00,13.00,65.03,18.40,10000.00,M
BFF,2025-01-23 04:53,23.00,13.00,65.03,14.95,3800.00,29.90
BFF,2025-01-23 05:53,24.00,14.00,65.17,11.50,3700.00,M
BFF,2025-01-23 06:53,22.00,16.00,77.34,13.80,4900.00,M
BFF,2025-01-23 07:53,23.00,13.00,65.03,17.25,4200.00,M
BFF,2025-01-23 08:53,23.00,14.00,67.96,12.65,3300.00,M
BFF,2025-01-23 09:53,24.00,14.00,65.17,11.50,4100.00,M
BFF,2025-01-23 10:53,27.00,14.00,57.53,19.55,3300.00,32.20
BFF,2025-01-23 11:53,29.00,13.00,50.72,20.70,2900.00,39.10
BFF,2025-01-23 12:53,33.00,10.00,37.76,27.60,4200.00,37.95
BFF,2025-01-23 13:53,34.00,8.00,33.16,26.45,5000.00,40.25
BFF,2025-01-23 14:53,34.00,5.00,28.93,24.15,M,39.10
BFF,2025-01-23 15:53,35.00,2.00,24.21,18.40,M,34.50
BFF,2025-01-23 16:53,34.00,3.00,26.39,13.80,M,33.35
BFF,2025-01-23 17:53,29.00,3.00,32.30,6.90,M,M
BFF,2025-01-23 18:53,25.00,3.00,38.09,6.90,M,M
BFF,2025-01-23 19:53,25.00,5.00,41.76,9.20,M,M
BFF,2025-01-23 20:53,27.00,6.00,40.24,10.35,M,M
BFF,2025-01-23 21:53,25.00,5.00,41.76,9.20,M,M
BFF,2025-01-23 22:53,17.00,4.00,56.01,8.05,M,M
BFF,2025-01-23 23:53,20.00,4.00,49.24,5.75,11000.00,M
BFF,2025-01-24 00:53,24.00,6.00,45.58,0.00,9000.00,M
BFF,2025-01-24 01:53,36.00,5.00,26.72,20.70,11000.00,32.20
BFF,2025-01-24 02:53,35.00,5.00,27.80,18.40,M,33.35
BFF,2025-01-24 03:53,35.00,5.00,27.80,12.65,M,M
BFF,2025-01-24 04:53,33.00,5.00,30.11,12.65,M,M
BFF,2025-01-24 05:53,28.00,4.00,35.24,8.05,M,M
BFF,2025-01-24 06:53,23.00,4.00,43.37,6.90,M,M
BFF,2025-01-24 07:53,21.00,3.00,45.06,4.60,M,M
BFF,2025-01-24 08:53,24.00,4.00,41.59,0.00,M,M
BFF,2025-01-24 09:53,34.00,7.00,31.69,5.75,M,M
BFF,2025-01-24 10:53,38.00,9.00,29.61,16.10,M,M
BFF,2025-01-24 11:53,39.00,14.00,35.54,14.95,M,M
BFF,2025-01-24 12:53,42.00,15.00,33.05,13.80,M,M
BFF,2025-01-24 13:53,38.00,15.00,38.61,12.65,8000.00,M
BFF,2025-01-24 14:53,36.00,16.00,43.64,9.20,9000.00,M
BFF,2025-01-24 15:53,35.00,17.00,47.41,10.35,7500.00,M
BFF,2025-01-24 16:53,34.00,19.00,53.77,13.80,5500.00,M
BFF,2025-01-24 17:53,30.00,20.00,65.94,8.05,4800.00,M
BFF,2025-01-24 18:53,27.00,22.00,81.17,9.20,2800.00,M
BFF,2025-01-24 19:21,24.00,20.00,84.46,5.75,2400.00,M
BFF,2025-01-24 19:53,23.00,18.00,80.85,0.00,5000.00,M
BFF,2025-01-24 20:53,25.00,21.00,84.53,4.60,7000.00,M
BFF,2025-01-24 21:53,26.00,18.00,71.33,6.90,6500.00,M
BFF,2025-01-24 22:53,25.00,17.00,71.22,8.05,7000.00,M
BFF,2025-01-24 23:53,24.00,16.00,71.11,8.05,6500.00,M
BFF,2025-01-25 00:53,24.00,16.00,71.11,6.90,7500.00,M
BFF,2025-01-25 01:53,21.00,15.00,77.25,6.90,6000.00,M
BFF,2025-01-25 02:53,19.00,13.00,77.06,5.75,11000.00,M
BFF,2025-01-25 03:53,19.00,14.00,80.52,9.20,10000.00,M
BFF,2025-01-25 04:53,19.00,13.00,77.06,6.90,8500.00,M
BFF,2025-01-25 05:53,20.00,13.00,73.84,10.35,9500.00,M
BFF,2025-01-25 06:53,20.00,12.00,70.65,11.50,10000.00,M
BFF,2025-01-25 07:53,20.00,11.00,67.58,9.20,9000.00,M
BFF,2025-01-25 08:53,20.00,11.00,67.58,8.05,9000.00,M
BFF,2025-01-25 09:53,21.00,11.00,64.77,11.50,8500.00,M
BFF,2025-01-25 10:53,23.00,10.00,56.93,11.50,8500.00,M
BFF,2025-01-25 11:53,24.00,9.00,52.20,14.95,8500.00,M
BFF,2025-01-25 12:53,26.00,9.00,48.03,17.25,9000.00,M
BFF,2025-01-25 13:53,26.00,8.00,45.92,16.10,8500.00,M
BFF,2025-01-25 14:53,26.00,8.00,45.92,11.50,8500.00,M
BFF,2025-01-25 15:53,26.00,8.00,45.92,12.65,M,M
BFF,2025-01-25 16:53,25.00,7.00,45.75,10.35,8500.00,M
BFF,2025-01-25 17:53,23.00,6.00,47.53,6.90,8000.00,M
BFF,2025-01-25 18:53,21.00,7.00,54.12,6.90,12000.00,M
BFF,2025-01-25 19:53,20.00,6.00,53.96,6.90,7000.00,M
BFF,2025-01-25 20:53,18.00,6.00,58.79,5.75,8000.00,M
BFF,2025-01-25 21:53,16.00,6.00,64.09,0.00,M,M
BFF,2025-01-25 22:53,15.00,6.00,66.95,3.45,9000.00,M
BFF,2025-01-25 23:53,16.00,7.00,67.07,0.00,7000.00,M
BFF,2025-01-26 00:53,16.00,7.00,67.07,3.45,5000.00,M
BFF,2025-01-26 01:53,16.00,7.00,67.07,3.45,5500.00,M
BFF,2025-01-26 02:53,16.00,8.00,70.18,0.00,4300.00,M
BFF,2025-01-26 03:53,16.00,9.00,73.41,0.00,3500.00,M
BFF,2025-01-26 04:53,15.00,10.00,80.19,0.00,5000.00,M
BFF,2025-01-26 05:53,15.00,10.00,80.19,0.00,3800.00,M
BFF,2025-01-26 06:53,15.00,10.00,80.19,0.00,3800.00,M
BFF,2025-01-26 07:22,15.00,10.00,80.19,0.00,2600.00,M
BFF,2025-01-26 07:33,15.00,10.00,80.19,0.00,2000.00,M
BFF,2025-01-26 07:53,15.00,10.00,80.19,0.00,1900.00,M
BFF,2025-01-26 08:12,15.00,10.00,80.19,0.00,2100.00,M
BFF,2025-01-26 08:23,15.00,11.00,83.84,0.00,2400.00,M
BFF,2025-01-26 08:38,15.00,11.00,83.84,3.45,3000.00,M
BFF,2025-01-26 08:53,16.00,11.00,80.27,3.45,3000.00,M
BFF,2025-01-26 09:02,16.00,11.00,80.27,3.45,3000.00,M
BFF,2025-01-26 09:07,16.00,11.00,80.27,3.45,2800.00,M
BFF,2025-01-26 09:22,16.00,11.00,80.27,5.75,2400.00,M
BFF,2025-01-26 09:46,17.00,11.00,76.87,0.00,2500.00,M
BFF,2025-01-26 09:51,17.60,10.40,72.93,0.00,2900.00,M
BFF,2025-01-26 09:53,17.00,11.00,76.87,0.00,2900.00,M
BFF,2025-01-26 10:34,17.00,12.00,80.36,4.60,2100.00,M
BFF,2025-01-26 10:51,17.60,12.20,79.00,0.00,898.00,M
BFF,2025-01-26 10:53,19.00,12.00,73.73,0.00,900.00,M
BFF,2025-01-26 11:53,21.00,13.00,70.76,6.90,1200.00,M
BFF,2025-01-26 12:53,22.00,14.00,70.88,5.75,1500.00,M
BFF,2025-01-26 13:53,24.00,14.00,65.17,9.20,1700.00,M
BFF,2025-01-26 14:53,27.00,16.00,62.78,9.20,M,M
BFF,2025-01-26 15:53,29.00,15.00,55.36,8.05,M,M
BFF,2025-01-26 16:53,29.00,14.00,53.00,9.20,M,M
BFF,2025-01-26 17:53,25.00,13.00,59.82,4.60,M,M
BFF,2025-01-26 18:53,23.00,11.00,59.52,5.75,M,M
BFF,2025-01-26 19:53,18.00,9.00,67.33,5.75,M,M
BFF,2025-01-26 20:53,14.00,4.00,63.82,8.05,M,M
BFF,2025-01-26 21:53,13.00,5.00,69.82,6.90,M,M
BFF,2025-01-26 22:53,10.00,4.00,76.18,6.90,M,M
BFF,2025-01-26 23:53,9.00,3.00,76.08,0.00,M,M
BFF,2025-01-27 00:53,10.00,2.00,69.45,3.45,M,M
BFF,2025-01-27 01:53,5.00,0.00,79.32,4.60,M,M
BFF,2025-01-27 02:53,9.00,2.00,72.64,3.45,M,M
BFF,2025-01-27 03:53,8.00,2.00,75.98,4.60,M,M
BFF,2025-01-27 04:53,8.00,2.00,75.98,4.60,M,M
BFF,2025-01-27 05:53,3.00,-2.00,79.14,5.75,M,M
BFF,2025-01-27 06:53,4.00,-2.00,75.57,6.90,M,M
BFF,2025-01-27 07:53,3.00,-2.00,79.14,6.90,M,M
BFF,2025-01-27 08:53,8.00,1.00,72.52,6.90,M,M
BFF,2025-01-27 09:53,22.00,12.00,64.90,6.90,M,M
BFF,2025-01-27 10:53,30.00,14.00,50.88,12.65,M,M
BFF,2025-01-27 11:53,37.00,16.00,41.95,12.65,M,M
BFF,2025-01-27 12:53,43.00,17.00,34.69,14.95,M,M
BFF,2025-01-27 13:53,50.00,13.00,22.36,16.10,M,M
BFF,2025-01-27 14:53,52.00,10.00,18.18,17.25,M,29.90
BFF,2025-01-27 15:53,51.00,12.00,20.62,18.40,M,M
BFF,2025-01-27 16:53,49.00,15.00,25.34,16.10,M,M
BFF,2025-01-27 17:53,43.00,15.00,31.80,12.65,M,M
BFF,2025-01-27 18:53,38.00,15.00,38.61,10.35,M,M
BFF,2025-01-27 19:53,32.00,14.00,46.92,5.75,M,M
BFF,2025-01-27 20:53,29.00,14.00,53.00,8.05,M,M
BFF,2025-01-27 21:53,28.00,15.00,57.68,11.50,M,M
BFF,2025-01-27 22:53,26.00,14.00,59.96,6.90,M,M
BFF,2025-01-27 23:53,24.00,14.00,65.17,9.20,M,M
BFF,2025-01-28 00:53,24.00,13.00,62.36,8.05,M,M
BFF,2025-01-28 01:53,21.00,13.00,70.76,9.20,M,M
BFF,2025-01-28 02:53,20.00,12.00,70.65,8.05,M,M
BFF,2025-01-28 03:53,21.00,12.00,67.71,9.20,M,M
BFF,2025-01-28 04:53,20.00,11.00,67.58,8.05,M,M
BFF,2025-01-28 05:53,20.00,11.00,67.58,10.35,M,M
BFF,2025-01-28 06:53,18.00,10.00,70.41,6.90,M,M
BFF,2025-01-28 07:53,15.00,9.00,76.68,6.90,M,M
BFF,2025-01-28 08:53,21.00,12.00,67.71,9.20,M,M
BFF,2025-01-28 09:53,27.00,14.00,57.53,10.35,M,M
BFF,2025-01-28 10:53,36.00,16.00,43.64,11.50,M,M
BFF,2025-01-28 11:53,41.00,16.00,35.88,13.80,M,M
BFF,2025-01-28 12:53,46.00,17.00,30.94,11.50,M,M
BFF,2025-01-28 13:53,51.00,18.00,26.79,11.50,M,M
BFF,2025-01-28 14:53,56.00,18.00,22.31,12.65,M,M
BFF,2025-01-28 15:21,57.00,17.00,20.60,18.40,M,M
BFF,2025-01-28 15:53,56.00,17.00,21.36,16.10,M,M
BFF,2025-01-28 16:53,54.00,18.00,23.99,13.80,M,M
BFF,2025-01-28 17:53,46.00,19.00,33.72,8.05,M,M
BFF,2025-01-28 18:53,35.00,17.00,47.41,4.60,M,M
BFF,2025-01-28 19:53,34.00,18.00,51.52,6.90,M,M
BFF,2025-01-28 20:53,31.00,17.00,55.67,8.05,M,M
BFF,2025-01-28 21:53,26.00,16.00,65.43,5.75,M,M
BFF,2025-01-28 22:53,27.00,16.00,62.78,6.90,M,M
BFF,2025-01-28 23:53,26.00,17.00,68.32,8.05,M,M
BFF,2025-01-29 00:53,26.00,16.00,65.43,9.20,M,M
BFF,2025-01-29 01:53,26.00,16.00,65.43,11.50,M,M
BFF,2025-01-29 02:53,25.00,16.00,68.20,10.35,M,M
BFF,2025-01-29 03:53,20.00,14.00,77.16,5.75,M,M
BFF,2025-01-29 04:53,19.00,13.00,77.06,6.90,M,M
BFF,2025-01-29 05:53,17.00,11.00,76.87,4.60,M,M
BFF,2025-01-29 06:53,16.00,11.00,80.27,8.05,M,M
BFF,2025-01-29 07:53,16.00,11.00,80.27,4.60,M,M
BFF,2025-01-29 08:53,18.00,11.00,73.62,4.60,M,M
BFF,2025-01-29 09:53,26.00,16.00,65.43,3.45,M,M
BFF,2025-01-29 10:53,33.00,18.00,53.62,4.60,M,M
BFF,2025-01-29 11:53,39.00,19.00,44.14,0.00,M,M
BFF,2025-01-29 12:53,44.00,19.00,36.39,0.00,M,M
BFF,2025-01-29 13:53,49.00,21.00,32.80,4.60,M,M
BFF,2025-01-29 14:53,53.00,21.00,28.29,4.60,M,M
BFF,2025-01-29 15:53,56.00,21.00,25.35,9.20,M,M
BFF,2025-01-29 16:53,55.00,22.00,27.43,9.20,M,M
BFF,2025-01-29 17:53,48.00,21.00,34.05,6.90,M,M
BFF,2025-01-29 18:53,43.00,19.00,37.81,8.05,M,M
BFF,2025-01-29 19:53,39.00,19.00,44.14,6.90,M,M
BFF,2025-01-29 20:53,29.00,15.00,55.36,5.75,M,M
BFF,2025-01-29 21:53,27.00,15.00,60.10,5.75,M,M
BFF,2025-01-29 22:53,25.00,15.00,65.30,4.60,M,M
BFF,2025-01-29 23:53,24.00,15.00,68.08,5.75,M,M
BFF,2025-01-30 00:53,22.00,15.00,74.05,0.00,M,M
BFF,2025-01-30 01:53,22.00,15.00,74.05,5.75,M,M
BFF,2025-01-30 02:53,20.00,14.00,77.16,10.35,M,M
BFF,2025-01-30 03:53,18.00,13.00,80.44,0.00,M,M
BFF,2025-01-30 04:53,18.00,13.00,80.44,10.35,M,M
BFF,2025-01-30 05:53,19.00,13.00,77.06,14.95,M,M
BFF,2025-01-30 06:53,20.00,12.00,70.65,12.65,M,M
BFF,2025-01-30 07:53,17.00,11.00,76.87,0.00,M,M
BFF,2025-01-30 08:53,24.00,15.00,68.08,4.60,M,M
BFF,2025-01-30 09:53,32.00,18.00,55.82,6.90,M,M
BFF,2025-01-30 10:53,41.00,19.00,40.83,8.05,M,M
BFF,2025-01-30 11:53,46.00,19.00,33.72,8.05,M,M
BFF,2025-01-30 12:53,53.00,19.00,25.98,8.05,M,M
BFF,2025-01-30 13:53,56.00,11.00,16.42,10.35,M,M
BFF,2025-01-30 14:53,58.00,9.00,13.97,10.35,M,M
BFF,2025-01-30 15:53,57.00,9.00,14.48,13.80,M,M
BFF,2025-01-30 16:53,54.00,8.00,15.44,17.25,M,M
BFF,2025-01-30 17:53,48.00,10.00,21.10,13.80,M,M
BFF,2025-01-30 18:53,41.00,9.00,26.34,6.90,M,M
BFF,2025-01-30 19:53,32.00,10.00,39.31,5.75,M,M
BFF,2025-01-30 20:53,30.00,13.00,48.69,6.90,M,M
BFF,2025-01-30 21:53,24.00,11.00,57.08,5.75,M,M
BFF,2025-01-30 22:53,28.00,12.00,50.56,10.35,M,M
BFF,2025-01-30 23:53,22.00,10.00,59.38,4.60,M,M
BFF,2025-01-31 00:53,23.00,11.00,59.52,8.05,M,M
BFF,2025-01-31 01:53,22.00,11.00,62.09,6.90,M,M
BFF,2025-01-31 02:53,23.00,11.00,59.52,5.75,M,M
BFF,2025-01-31 03:53,20.00,11.00,67.58,9.20,M,M
BFF,2025-01-31 04:53,22.00,12.00,64.90,8.05,M,M
BFF,2025-01-31 05:53,22.00,12.00,64.90,6.90,M,M
BFF,2025-01-31 06:53,20.00,11.00,67.58,6.90,M,M
BFF,2025-01-31 07:53,20.00,11.00,67.58,4.60,M,M
BFF,2025-01-31 08:53,26.00,13.00,57.38,8.05,M,M
BFF,2025-01-31 09:53,36.00,15.00,41.78,6.90,M,M
BFF,2025-01-31 10:53,43.00,15.00,31.80,9.20,M,M
BFF,2025-01-31 11:53,47.00,14.00,26.15,6.90,M,M
BFF,2025-01-31 12:53,50.00,14.00,23.37,M,M,M
BFF,2025-01-31 13:53,55.00,11.00,17.03,5.75,M,M
BFF,2025-01-31 14:53,60.00,4.00,10.36,10.35,M,M
BFF,2025-01-31 15:53,56.00,9.00,15.02,3.45,M,M
BFF,2025-01-31 16:53,56.00,5.00,12.53,3.45,M,M
BFF,2025-01-31 17:53,49.00,12.00,22.21,3.45,M,M
BFF,2025-01-31 18:53,50.00,14.00,23.37,16.10,M,M
BFF,2025-01-31 19:53,48.00,14.00,25.18,12.65,M,M
BFF,2025-01-31 20:53,48.00,11.00,22.06,8.05,M,M
BFF,2025-01-31 21:53,47.00,13.00,25.02,10.35,M,M
BFF,2025-01-31 22:53,45.00,15.00,29.46,6.90,M,M
BFF,2025-01-31 23:53,41.00,15.00,34.35,3.45,M,M
BFF,2025-02-01 00:53,57.00,3.00,11.02,13.80,11000.00,M
BFF,2025-02-01 01:53,54.00,4.00,12.87,14.95,M,M
BFF,2025-02-01 02:53,54.00,6.00,14.10,17.25,M,29.90
BFF,2025-02-01 03:53,52.00,11.00,19.01,17.25,M,31.05
BFF,2025-02-01 04:53,51.00,19.00,27.96,20.70,M,37.95
BFF,2025-02-01 05:53,49.00,26.00,40.45,23.00,M,40.25
BFF,2025-02-01 06:53,48.00,26.00,42.00,14.95,M,35.65
BFF,2025-02-01 07:53,50.00,27.00,40.62,20.70,M,M
BFF,2025-02-01 08:53,49.00,27.00,42.16,16.10,M,M
BFF,2025-02-01 09:53,51.00,26.00,37.55,19.55,M,29.90
BFF,2025-02-01 10:53,53.00,27.00,36.36,24.15,M,39.10
BFF,2025-02-01 11:53,54.00,28.00,36.52,24.15,M,43.70
BFF,2025-02-01 12:53,55.00,27.00,33.79,28.75,M,47.15
BFF,2025-02-01 13:53,57.00,27.00,31.43,32.20,2400.00,52.90
BFF,2025-02-01 14:53,57.00,24.00,27.75,23.00,M,50.60
BFF,2025-02-01 15:53,54.00,26.00,33.63,27.60,M,50.60
BFF,2025-02-01 16:53,52.00,28.00,39.30,24.15,11000.00,46.00
BFF,2025-02-01 17:53,50.00,27.00,40.62,17.25,M,40.25
BFF,2025-02-01 18:53,50.00,27.00,40.62,19.55,12000.00,33.35
BFF,2025-02-01 19:53,48.00,30.00,49.49,17.25,8000.00,40.25
BFF,2025-02-01 20:53,49.00,30.00,47.68,11.50,5500.00,M
BFF,2025-02-01 21:53,48.00,28.00,45.61,14.95,6500.00,36.80
BFF,2025-02-01 22:53,47.00,27.00,45.45,18.40,M,32.20
BFF,2025-02-01 23:53,45.00,27.00,49.02,10.35,11000.00,M
BFF,2025-02-02 00:53,46.00,26.00,45.29,14.95,M,M
BFF,2025-02-02 01:53,45.00,26.00,47.04,12.65,M,M
BFF,2025-02-02 02:53,45.00,26.00,47.04,13.80,7500.00,M
BFF,2025-02-02 03:53,45.00,27.00,49.02,9.20,12000.00,M
BFF,2025-02-02 04:53,45.00,28.00,51.08,8.05,8000.00,M
BFF,2025-02-02 05:53,41.00,27.00,57.15,3.45,12000.00,M
BFF,2025-02-02 06:53,40.00,27.00,59.41,3.45,10000.00,M
BFF,2025-02-02 07:53,39.00,28.00,64.37,6.90,7500.00,M
BFF,2025-02-02 08:53,39.00,30.00,69.85,9.20,8000.00,M
BFF,2025-02-02 09:53,41.00,30.00,64.63,5.75,7500.00,M
BFF,2025-02-02 10:53,41.00,31.00,67.30,9.20,7500.00,M
BFF,2025-02-02 11:53,43.00,32.00,64.88,10.35,8500.00,M
BFF,2025-02-02 12:53,48.00,31.00,51.54,14.95,9500.00,M
BFF,2025-02-02 13:53,54.00,30.00,39.63,13.80,M,M
BFF,2025-02-02 14:53,58.00,29.00,32.91,11.50,11000.00,M
BFF,2025-02-02 15:53,63.00,29.00,27.56,0.00,11000.00,M
BFF,2025-02-02 16:53,61.00,29.00,29.57,0.00,M,M
BFF,2025-02-02 17:53,60.00,28.00,29.41,6.90,M,M
BFF,2025-02-02 18:53,57.00,28.00,32.75,4.60,M,M
BFF,2025-02-02 19:53,48.00,27.00,43.77,0.00,M,M
BFF,2025-02-02 20:53,43.00,26.00,50.77,3.45,M,M
BFF,2025-02-02 21:53,48.00,26.00,42.00,8.05,M,M
BFF,2025-02-02 22:53,48.00,26.00,42.00,6.90,M,M
BFF,2025-02-02 23:53,39.00,24.00,54.54,3.45,M,M
BFF,2025-02-03 00:53,49.00,27.00,42.16,8.05,M,M
BFF,2025-02-03 01:53,39.00,24.00,54.54,0.00,M,M
BFF,2025-02-03 02:53,39.00,26.00,59.27,8.05,M,M
BFF,2025-02-03 03:53,38.00,25.00,59.13,6.90,M,M
BFF,2025-02-03 04:53,32.00,24.00,72.00,19.55,M,M
BFF,2025-02-03 05:53,30.00,24.00,78.07,10.35,M,29.90
BFF,2025-02-03 06:11,29.00,24.00,81.32,13.80,1000.00,M
BFF,2025-02-03 06:27,29.00,24.00,81.32,16.10,900.00,M
BFF,2025-02-03 06:53,26.00,21.00,81.09,13.80,700.00,M
BFF,2025-02-03 07:53,23.00,18.00,80.85,12.65,600.00,M
BFF,2025-02-03 08:53,22.00,17.00,80.77,11.50,700.00,M
BFF,2025-02-03 09:53,21.00,17.00,84.26,11.50,600.00,M
BFF,2025-02-03 10:53,22.00,15.00,74.05,10.35,800.00,M
BFF,2025-02-03 11:53,21.00,14.00,73.94,11.50,900.00,M
BFF,2025-02-03 12:03,21.00,14.00,73.94,9.20,1000.00,M
BFF,2025-02-03 12:53,21.00,12.00,67.71,11.50,1300.00,M
BFF,2025-02-03 13:53,19.00,11.00,70.53,12.65,1400.00,M
BFF,2025-02-03 14:53,18.00,9.00,67.33,12.65,1400.00,M
BFF,2025-02-03 15:53,18.00,9.00,67.33,13.80,1400.00,M
BFF,2025-02-03 16:53,18.00,8.00,64.37,11.50,1300.00,M
BFF,2025-02-03 17:30,17.00,8.00,67.20,10.35,1500.00,M
BFF,2025-02-03 17:53,17.00,8.00,67.20,12.65,1500.00,M
BFF,2025-02-03 18:53,15.00,6.00,66.95,12.65,1700.00,M
BFF,2025-02-03 19:53,14.00,6.00,69.94,11.50,1800.00,M
BFF,2025-02-03 20:53,14.00,5.00,66.82,10.35,1700.00,M
BFF,2025-02-03 21:53,14.00,6.00,69.94,10.35,1500.00,M
BFF,2025-02-03 22:29,13.00,5.00,69.82,14.95,1400.00,M
BFF,2025-02-03 22:41,13.00,5.00,69.82,10.35,1500.00,M
BFF,2025-02-03 22:53,13.00,5.00,69.82,13.80,1500.00,M
BFF,2025-02-03 23:01,13.00,5.00,69.82,11.50,1600.00,M
BFF,2025-02-03 23:53,12.00,5.00,72.97,14.95,M,M
BFF,2025-02-04 00:31,12.00,5.00,72.97,16.10,1500.00,M
BFF,2025-02-04 00:48,12.20,5.00,72.33,14.95,1400.00,M
BFF,2025-02-04 00:53,12.00,5.00,72.97,14.95,1400.00,M
BFF,2025-02-04 01:30,11.00,3.00,69.58,16.10,1500.00,M
BFF,2025-02-04 01:49,10.40,3.20,72.12,10.35,1700.00,M
BFF,2025-02-04 01:53,11.00,4.00,72.86,12.65,1700.00,M
BFF,2025-02-04 02:02,11.00,3.00,69.58,12.65,1700.00,M
BFF,2025-02-04 02:53,12.00,4.00,69.70,17.25,2700.00,M
BFF,2025-02-04 03:53,11.00,3.00,69.58,17.25,2600.00,M
BFF,2025-02-04 04:53,11.00,3.00,69.58,18.40,2300.00,M
BFF,2025-02-04 05:53,10.00,3.00,72.75,17.25,2300.00,M
BFF,2025-02-04 06:53,11.00,3.00,69.58,21.85,2300.00,M
BFF,2025-02-04 07:14,11.00,4.00,72.86,19.55,2200.00,M
BFF,2025-02-04 07:53,11.00,4.00,72.86,17.25,M,M
BFF,2025-02-04 08:53,13.00,6.00,73.08,18.40,M,M
BFF,2025-02-04 09:16,14.00,6.00,69.94,18.40,1100.00,M
BFF,2025-02-04 09:53,16.00,7.00,67.07,17.25,1100.00,M
BFF,2025-02-04 10:11,17.00,7.00,64.23,21.85,900.00,29.90
BFF,2025-02-04 10:53,19.00,8.00,61.66,18.40,M,29.90
BFF,2025-02-04 11:53,21.00,9.00,59.23,18.40,M,31.05
BFF,2025-02-04 12:53,24.00,11.00,57.08,20.70,M,32.20
BFF,2025-02-04 13:53,29.00,12.00,48.53,21.85,M,M
BFF,2025-02-04 14:53,27.00,12.00,52.68,20.70,M,M
BFF,2025-02-04 15:53,27.00,12.00,52.68,21.85,M,29.90
BFF,2025-02-04 16:53,24.00,12.00,59.67,23.00,M,31.05
BFF,2025-02-04 17:53,23.00,12.00,62.23,21.85,M,31.05
BFF,2025-02-04 18:53,20.00,11.00,67.58,18.40,M,29.90
BFF,2025-02-04 19:53,18.00,11.00,73.62,20.70,M,M
BFF,2025-02-04 20:53,17.00,11.00,76.87,19.55,M,M
BFF,2025-02-04 21:53,17.00,11.00,76.87,18.40,M,M
BFF,2025-02-04 22:53,17.00,11.00,76.87,16.10,M,M
BFF,2025-02-04 23:53,17.00,11.00,76.87,16.10,M,M
BFF,2025-02-05 00:53,17.00,11.00,76.87,17.25,M,M
BFF,2025-02-05 01:53,17.00,11.00,76.87,14.95,12000.00,M
BFF,2025-02-05 02:53,17.00,11.00,76.87,16.10,M,M
BFF,2025-02-05 03:53,17.00,11.00,76.87,16.10,11000.00,M
BFF,2025-02-05 04:53,17.00,11.00,76.87,16.10,11000.00,M
BFF,2025-02-05 05:53,16.00,11.00,80.27,13.80,M,M
BFF,2025-02-05 06:53,16.00,11.00,80.27,12.65,12000.00,M
BFF,2025-02-05 07:53,16.00,11.00,80.27,11.50,12000.00,M
BFF,2025-02-05 08:53,17.00,12.00,80.36,11.50,M,M
BFF,2025-02-05 09:53,21.00,14.00,73.94,11.50,M,M
BFF,2025-02-05 10:53,27.00,15.00,60.10,8.05,M,M
BFF,2025-02-05 11:53,28.00,16.00,60.25,6.90,M,M
BFF,2025-02-05 12:53,36.00,18.00,47.58,4.60,M,M
BFF,2025-02-05 13:53,42.00,19.00,39.29,0.00,M,M
BFF,2025-02-05 14:53,55.00,23.00,28.61,10.35,M,M
BFF,2025-02-05 15:53,65.00,27.00,23.67,32.20,2800.00,52.90
BFF,2025-02-05 16:53,64.00,26.00,23.51,28.75,M,47.15
BFF,2025-02-05 17:53,57.00,32.00,38.54,29.90,1500.00,54.05
BFF,2025-02-05 18:53,52.00,33.00,48.15,20.70,M,48.30
BFF,2025-02-05 19:53,51.00,33.00,49.96,13.80,M,32.20
BFF,2025-02-05 20:53,51.00,29.00,42.49,16.10,9000.00,31.05
BFF,2025-02-05 21:51,30.20,19.40,63.75,20.79,M,M
BFF,2025-02-05 21:53,29.00,19.00,65.81,20.70,M,M
BFF,2025-02-05 22:53,26.00,12.00,54.90,16.10,M,32.20
BFF,2025-02-05 23:53,24.00,13.00,62.36,10.35,M,M
BFF,2025-02-06 00:53,22.00,12.00,64.90,9.20,M,M
BFF,2025-02-06 01:53,23.00,12.00,62.23,14.95,10000.00,M
BFF,2025-02-06 02:53,21.00,12.00,67.71,10.35,M,M
BFF,2025-02-06 03:53,19.00,11.00,70.53,6.90,M,M
BFF,2025-02-06 04:53,17.00,11.00,76.87,5.75,10000.00,M
BFF,2025-02-06 05:53,17.00,11.00,76.87,6.90,10000.00,M
BFF,2025-02-06 06:53,14.00,9.00,80.10,5.75,M,M
BFF,2025-02-06 07:53,15.00,10.00,80.19,3.45,M,M
BFF,2025-02-06 08:53,21.00,13.00,70.76,8.05,11000.00,M
BFF,2025-02-06 09:53,26.00,14.00,59.96,6.90,11000.00,M
BFF,2025-02-06 10:53,28.00,13.00,52.84,4.60,M,M
BFF,2025-02-06 11:53,33.00,14.00,45.07,3.45,9500.00,M
BFF,2025-02-06 12:53,40.00,10.00,28.64,4.60,10000.00,M
BFF,2025-02-06 13:53,42.00,6.00,22.13,0.00,M,M
BFF,2025-02-06 14:53,45.00,5.00,18.84,0.00,M,M
BFF,2025-02-06 15:53,47.00,2.00,15.21,0.00,M,M
BFF,2025-02-06 16:53,46.00,2.00,15.80,3.45,M,M
BFF,2025-02-06 17:53,42.00,3.00,19.28,6.90,M,M
BFF,2025-02-06 18:53,34.00,2.00,25.19,6.90,M,M
BFF,2025-02-06 19:53,30.00,M,M,8.05,M,M
BFF,2025-02-06 20:53,28.00,M,M,6.90,M,M
BFF,2025-02-06 21:53,27.00,M,M,11.50,M,M
BFF,2025-02-06 22:53,29.00,M,M,10.35,M,M
BFF,2025-02-06 23:53,28.00,M,M,6.90,12000.00,M
BFF,2025-02-07 00:53,28.00,M,M,9.20,M,M
BFF,2025-02-07 01:53,25.00,M,M,11.50,M,M
BFF,2025-02-07 02:53,25.00,M,M,12.65,M,M
BFF,2025-02-07 03:53,26.00,M,M,13.80,M,M
BFF,2025-02-07 04:53,24.00,M,M,11.50,M,M
BFF,2025-02-07 05:53,23.00,M,M,11.50,M,M
BFF,2025-02-07 06:53,25.00,M,M,13.80,M,M
BFF,2025-02-07 07:53,23.00,M,M,12.65,M,M
BFF,2025-02-07 08:53,26.00,16.00,65.43,13.80,M,M
BFF,2025-02-07 09:53,31.00,18.00,58.12,17.25,M,M
BFF,2025-02-07 10:53,35.00,20.00,53.93,18.40,M,M
BFF,2025-02-07 11:53,39.00,22.00,50.14,18.40,M,M
BFF,2025-02-07 12:53,43.00,23.00,44.80,19.55,M,M
BFF,2025-02-07 13:53,49.00,25.00,38.81,16.10,M,M
BFF,2025-02-07 14:53,52.00,26.00,36.19,19.55,M,M
BFF,2025-02-07 15:53,50.00,27.00,40.62,18.40,M,M
BFF,2025-02-07 16:53,50.00,27.00,40.62,20.70,M,M
BFF,2025-02-07 17:53,47.00,26.00,43.61,16.10,M,M
BFF,2025-02-07 18:53,42.00,25.00,50.61,12.65,12000.00,M
BFF,2025-02-07 19:53,31.00,15.00,51.04,24.15,10000.00,37.95
BFF,2025-02-07 20:53,28.00,14.00,55.21,13.80,3900.00,32.20
BFF,2025-02-07 21:24,28.00,14.00,55.21,10.35,2900.00,M
BFF,2025-02-07 21:41,27.00,14.00,57.53,9.20,2900.00,M
BFF,2025-02-07 21:53,27.00,14.00,57.53,6.90,3000.00,M
BFF,2025-02-07 22:53,24.00,13.00,62.36,11.50,2900.00,M
BFF,2025-02-07 23:06,24.00,13.00,62.36,13.80,2900.00,M
BFF,2025-02-07 23:53,23.00,13.00,65.03,12.65,1800.00,M
BFF,2025-02-08 00:53,21.00,11.00,64.77,17.25,1800.00,M
BFF,2025-02-08 01:23,19.00,8.00,61.66,18.40,2000.00,M
BFF,2025-02-08 01:53,18.00,6.00,58.79,17.25,3600.00,M
BFF,2025-02-08 02:53,17.00,6.00,61.38,18.40,4000.00,M
BFF,2025-02-08 03:53,16.00,5.00,61.23,16.10,3900.00,M
BFF,2025-02-08 04:53,16.00,4.00,58.49,12.65,11000.00,M
BFF,2025-02-08 05:53,14.00,3.00,60.94,10.35,M,M
BFF,2025-02-08 06:53,10.00,1.00,66.29,6.90,M,M
BFF,2025-02-08 07:53,8.00,0.00,69.21,3.45,M,M
BFF,2025-02-08 08:53,12.00,2.00,63.54,3.45,M,M
BFF,2025-02-08 09:53,16.00,2.00,53.32,6.90,M,M
BFF,2025-02-08 10:53,19.00,3.00,49.07,5.75,M,M
BFF,2025-02-08 11:53,24.00,5.00,43.54,3.45,M,M
BFF,2025-02-08 12:53,27.00,5.00,38.44,3.45,M,M
BFF,2025-02-08 13:53,28.00,5.00,36.89,3.45,M,M
BFF,2025-02-08 14:53,31.00,7.00,35.76,3.45,M,M
BFF,2025-02-08 15:53,33.00,7.00,32.99,5.75,M,M
BFF,2025-02-08 16:53,33.00,7.00,32.99,6.90,M,M
BFF,2025-02-08 17:53,32.00,7.00,34.34,10.35,M,M
BFF,2025-02-08 18:53,25.00,7.00,45.75,9.20,M,M
BFF,2025-02-08 19:53,24.00,8.00,49.90,11.50,9500.00,M
BFF,2025-02-08 20:53,22.00,9.00,56.78,10.35,M,M
BFF,2025-02-08 21:53,23.00,11.00,59.52,11.50,12000.00,M
BFF,2025-02-08 22:53,22.00,10.00,59.38,9.20,12000.00,M
BFF,2025-02-08 23:53,22.00,11.00,62.09,6.90,12000.00,M
BFF,2025-02-09 00:53,20.00,10.00,64.64,6.90,12000.00,M
BFF,2025-02-09 01:53,22.00,10.00,59.38,10.35,6500.00,M
BFF,2025-02-09 02:53,18.00,9.00,67.33,10.35,M,M
BFF,2025-02-09 03:53,13.00,6.00,73.08,6.90,M,M
BFF,2025-02-09 04:53,12.00,5.00,72.97,4.60,M,M
BFF,2025-02-09 05:53,9.00,3.00,76.08,6.90,M,M
BFF,2025-02-09 06:53,9.00,3.00,76.08,6.90,M,M
BFF,2025-02-09 07:53,8.00,2.00,75.98,5.75,M,M
BFF,2025-02-09 08:53,14.00,5.00,66.82,3.45,M,M
BFF,2025-02-09 09:53,21.00,8.00,56.62,4.60,M,M
BFF,2025-02-09 10:53,25.00,10.00,52.36,3.45,M,M
BFF,2025-02-09 11:53,32.00,10.00,39.31,4.60,M,M
BFF,2025-02-09 12:53,36.00,8.00,30.62,11.50,M,M
BFF,2025-02-09 13:53,39.00,7.00,26.01,10.35,M,M
BFF,2025-02-09 14:53,39.00,6.00,24.86,6.90,8000.00,M
BFF,2025-02-09 15:25,43.00,3.00,18.55,19.55,8500.00,M
BFF,2025-02-09 15:53,43.00,3.00,18.55,13.80,9000.00,31.05
BFF,2025-02-09 16:37,41.00,5.00,21.97,19.55,8000.00,34.50
BFF,2025-02-09 16:53,41.00,4.00,20.98,18.40,8000.00,34.50
BFF,2025-02-09 17:53,37.00,5.00,25.69,10.35,10000.00,M
BFF,2025-02-09 18:53,29.00,5.00,35.41,8.05,M,M
BFF,2025-02-09 19:53,25.00,4.00,39.89,0.00,10000.00,M
BFF,2025-02-09 20:53,24.00,4.00,41.59,3.45,9500.00,M
BFF,2025-02-09 21:53,24.00,4.00,41.59,4.60,8500.00,M
BFF,2025-02-09 22:53,24.00,6.00,45.58,12.65,8000.00,M
BFF,2025-02-09 23:53,22.00,10.00,59.38,14.95,8500.00,M
BFF,2025-02-10 00:53,22.00,10.00,59.38,0.00,8000.00,M
BFF,2025-02-10 01:53,20.00,10.00,64.64,5.75,8000.00,M
BFF,2025-02-10 02:53,20.00,10.00,64.64,6.90,8000.00,M
BFF,2025-02-10 03:53,16.00,8.00,70.18,5.75,M,M
BFF,2025-02-10 04:53,14.00,8.00,76.58,4.60,M,M
BFF,2025-02-10 05:53,13.00,6.00,73.08,8.05,8000.00,M
BFF,2025-02-10 06:53,10.00,5.00,79.76,6.90,M,M
BFF,2025-02-10 07:53,9.00,3.00,76.08,8.05,M,M
BFF,2025-02-10 08:53,12.00,5.00,72.97,6.90,M,M
BFF,2025-02-10 09:53,17.00,6.00,61.38,9.20,M,M
BFF,2025-02-10 10:53,20.00,8.00,59.08,10.35,1700.00,M
BFF,2025-02-10 11:31,22.00,8.00,54.28,11.50,2000.00,M
BFF,2025-02-10 11:53,21.00,8.00,56.62,13.80,2100.00,M
BFF,2025-02-10 12:51,23.00,8.60,53.47,9.17,2401.00,M
BFF,2025-02-10 12:53,23.00,8.00,52.04,11.50,2400.00,M
BFF,2025-02-10 13:53,24.00,8.00,49.90,13.80,2800.00,M
BFF,2025-02-10 14:17,22.00,7.00,51.88,14.95,2800.00,M
BFF,2025-02-10 14:53,21.00,6.00,51.72,17.25,2800.00,M
BFF,2025-02-10 15:53,18.00,5.00,56.16,17.25,2700.00,M
BFF,2025-02-10 16:19,17.00,5.00,58.64,16.10,2200.00,M
BFF,2025-02-10 16:44,16.00,5.00,61.23,16.10,2400.00,M
BFF,2025-02-10 16:53,15.00,4.00,61.09,13.80,2300.00,M
BFF,2025-02-10 17:53,14.00,3.00,60.94,14.95,2300.00,M
BFF,2025-02-10 18:53,13.00,3.00,63.68,11.50,2600.00,M
BFF,2025-02-10 19:53,12.00,2.00,63.54,14.95,2700.00,M
BFF,2025-02-10 20:53,11.00,1.00,63.40,10.35,2100.00,M
BFF,2025-02-10 21:41,9.00,1.00,69.33,12.65,2000.00,M
BFF,2025-02-10 21:48,8.60,1.40,71.92,13.80,2000.00,M
BFF,2025-02-10 21:53,9.00,1.00,69.33,12.65,2200.00,M
BFF,2025-02-10 22:02,9.00,1.00,69.33,12.65,2200.00,M
BFF,2025-02-10 22:53,8.00,-1.00,66.03,12.65,3700.00,M
BFF,2025-02-10 23:53,7.00,-1.00,69.08,10.35,3800.00,M
BFF,2025-02-11 00:53,6.00,-1.00,72.29,8.05,6500.00,M
BFF,2025-02-11 01:53,6.00,-2.00,68.96,9.20,6000.00,M
BFF,2025-02-11 02:53,5.00,-2.00,72.18,9.20,5000.00,M
BFF,2025-02-11 03:53,5.00,-2.00,72.18,10.35,5000.00,M
BFF,2025-02-11 04:53,5.00,-3.00,68.83,11.50,4500.00,M
BFF,2025-02-11 05:53,5.00,-3.00,68.83,8.05,4200.00,M
BFF,2025-02-11 06:53,5.00,-3.00,68.83,13.80,3900.00,M
BFF,2025-02-11 07:53,5.00,-2.00,72.18,13.80,3200.00,M
BFF,2025-02-11 08:53,5.00,-2.00,72.18,12.65,1400.00,M
BFF,2025-02-11 09:53,6.00,-2.00,68.96,14.95,3400.00,M
BFF,2025-02-11 10:53,7.00,-1.00,69.08,14.95,1600.00,M
BFF,2025-02-11 11:53,9.00,0.00,66.16,13.80,1900.00,M
BFF,2025-02-11 12:45,9.00,1.00,69.33,16.10,1900.00,M
BFF,2025-02-11 12:53,9.00,0.00,66.16,14.95,1900.00,M
BFF,2025-02-11 13:53,10.00,1.00,66.29,14.95,2100.00,M
BFF,2025-02-11 14:53,11.00,1.00,63.40,13.80,2300.00,M
BFF,2025-02-11 15:53,11.00,1.00,63.40,16.10,2700.00,M
BFF,2025-02-11 16:21,12.00,1.00,60.65,13.80,3100.00,M
BFF,2025-02-11 16:51,12.20,1.40,61.25,12.65,2800.00,M
BFF,2025-02-11 16:53,12.00,1.00,60.65,14.95,2800.00,M
BFF,2025-02-11 17:26,11.00,1.00,63.40,12.65,2400.00,M
BFF,2025-02-11 17:53,9.00,0.00,66.16,12.65,M,M
BFF,2025-02-11 18:53,8.00,0.00,69.21,10.35,6500.00,M
BFF,2025-02-11 19:49,6.80,-0.40,71.71,11.50,3100.00,M
BFF,2025-02-11 19:53,7.00,0.00,72.41,11.50,3100.00,M
BFF,2025-02-11 20:07,7.00,0.00,72.41,10.35,3300.00,M
BFF,2025-02-11 20:53,7.00,0.00,72.41,8.05,3600.00,M
BFF,2025-02-11 21:53,7.00,1.00,75.88,5.75,2600.00,M
BFF,2025-02-11 22:00,7.00,1.00,75.88,4.60,2200.00,M
BFF,2025-02-11 22:51,6.80,1.40,78.01,5.81,2401.00,M
BFF,2025-02-11 22:53,7.00,1.00,75.88,5.75,2400.00,M
BFF,2025-02-11 23:16,7.00,1.00,75.88,5.75,3200.00,M
BFF,2025-02-11 23:27,7.00,1.00,75.88,4.60,3200.00,M
BFF,2025-02-11 23:35,7.00,1.00,75.88,4.60,3000.00,M
BFF,2025-02-11 23:44,7.00,1.00,75.88,3.45,2800.00,M
BFF,2025-02-11 23:53,7.00,1.00,75.88,4.60,2600.00,M
BFF,2025-02-12 00:35,6.00,1.00,79.41,3.45,2200.00,M
BFF,2025-02-12 00:53,7.00,1.00,75.88,0.00,2000.00,M
BFF,2025-02-12 01:13,7.00,0.00,72.41,0.00,3000.00,M
BFF,2025-02-12 01:26,7.00,0.00,72.41,0.00,4000.00,M
BFF,2025-02-12 01:53,7.00,1.00,75.88,3.45,4200.00,M
BFF,2025-02-12 02:15,7.00,1.00,75.88,3.45,3200.00,M
BFF,2025-02-12 02:27,7.00,2.00,79.50,4.60,2800.00,M
BFF,2025-02-12 02:53,8.00,2.00,75.98,5.75,2200.00,M
BFF,2025-02-12 03:53,8.00,2.00,75.98,9.20,2200.00,M
BFF,2025-02-12 04:13,8.00,1.00,72.52,9.20,2600.00,M
BFF,2025-02-12 04:19,7.00,1.00,75.88,10.35,3000.00,M
BFF,2025-02-12 04:53,7.00,0.00,72.41,16.10,4200.00,M
BFF,2025-02-12 05:30,7.00,1.00,75.88,10.35,2900.00,M
BFF,2025-02-12 05:53,7.00,0.00,72.41,10.35,2500.00,M
BFF,2025-02-12 06:24,7.00,0.00,72.41,10.35,2300.00,M
BFF,2025-02-12 06:31,6.00,0.00,75.78,11.50,2300.00,M
BFF,2025-02-12 06:51,6.80,-0.40,71.71,10.28,3100.00,M
BFF,2025-02-12 06:53,6.00,0.00,75.78,9.20,3100.00,M
BFF,2025-02-12 07:19,6.00,-1.00,72.29,10.35,3600.00,M
BFF,2025-02-12 07:53,5.00,-2.00,72.18,10.35,4200.00,M
BFF,2025-02-12 08:53,5.00,-4.00,65.62,8.05,3400.00,M
BFF,2025-02-12 09:53,6.00,-4.00,62.69,6.90,7000.00,M
BFF,2025-02-12 10:53,9.00,-3.00,57.41,3.45,8500.00,M
BFF,2025-02-12 11:53,9.00,-3.00,57.41,0.00,2500.00,M
BFF,2025-02-12 12:43,12.00,-2.00,52.67,M,2600.00,M
BFF,2025-02-12 12:51,10.40,-2.20,56.02,4.60,2600.00,M
BFF,2025-02-12 12:53,11.00,-3.00,52.51,3.45,2600.00,M
BFF,2025-02-12 13:21,11.00,0.00,60.50,5.75,2600.00,M
BFF,2025-02-12 13:53,11.00,0.00,60.50,3.45,2700.00,M
BFF,2025-02-12 14:20,12.00,-2.00,52.67,4.60,2800.00,M
BFF,2025-02-12 14:53,12.00,-1.00,55.22,5.75,3000.00,M
BFF,2025-02-12 15:53,12.00,-2.00,52.67,4.60,M,M
BFF,2025-02-12 16:53,14.00,-2.00,48.23,0.00,M,M
BFF,2025-02-12 17:53,10.00,-3.00,54.90,5.75,M,M
BFF,2025-02-12 18:53,8.00,-3.00,60.06,4.60,M,M
BFF,2025-02-12 19:53,0.00,-8.00,68.19,3.45,M,M
BFF,2025-02-12 20:53,-2.00,-10.00,67.93,4.60,M,M
BFF,2025-02-12 21:53,-3.00,-10.00,71.23,8.05,M,M
BFF,2025-02-12 22:53,-2.00,-10.00,67.93,9.20,M,M
BFF,2025-02-12 23:53,-4.00,-11.00,71.11,9.20,M,M
BFF,2025-02-13 00:53,-3.00,-10.00,71.23,6.90,M,M
BFF,2025-02-13 01:53,-4.00,-11.00,71.11,8.05,M,M
BFF,2025-02-13 02:53,-5.00,-11.00,74.61,0.00,M,M
BFF,2025-02-13 03:53,-9.00,-15.00,74.16,4.60,M,M
BFF,2025-02-13 04:53,-13.00,-19.00,73.71,0.00,M,M
BFF,2025-02-13 05:53,-11.00,-18.00,70.24,5.75,M,M
BFF,2025-02-13 06:53,-10.00,-17.00,70.37,4.60,M,M
BFF,2025-02-13 07:53,-8.00,-15.00,70.62,3.45,M,M
BFF,2025-02-13 08:53,0.00,-8.00,68.19,3.45,M,M
BFF,2025-02-13 09:53,8.00,-2.00,62.98,3.45,M,M
BFF,2025-02-13 10:53,14.00,2.00,58.18,5.75,M,M
BFF,2025-02-13 11:53,21.00,8.00,56.62,5.75,M,M
BFF,2025-02-13 12:53,29.00,12.00,48.53,8.05,M,M
BFF,2025-02-13 13:53,35.00,11.00,36.45,12.65,M,M
BFF,2025-02-13 14:53,36.00,12.00,36.62,10.35,M,M
BFF,2025-02-13 15:53,37.00,13.00,36.79,10.35,M,M
BFF,2025-02-13 16:53,35.00,13.00,39.82,12.65,M,M
BFF,2025-02-13 17:53,35.00,12.00,38.10,11.50,M,M
BFF,2025-02-13 18:53,31.00,15.00,51.04,5.75,10000.00,M
BFF,2025-02-13 19:53,29.00,15.00,55.36,14.95,9000.00,M
BFF,2025-02-13 20:53,26.00,16.00,65.43,14.95,9000.00,M
BFF,2025-02-13 21:53,24.00,16.00,71.11,13.80,10000.00,M
BFF,2025-02-13 22:53,23.00,16.00,74.15,12.65,9000.00,M
BFF,2025-02-13 23:53,23.00,16.00,74.15,14.95,9500.00,M
BFF,2025-02-14 00:53,24.00,17.00,74.26,12.65,10000.00,M
BFF,2025-02-14 01:53,24.00,18.00,77.53,14.95,8000.00,M
BFF,2025-02-14 02:53,24.00,18.00,77.53,13.80,5500.00,M
BFF,2025-02-14 03:53,23.00,18.00,80.85,12.65,6000.00,M
BFF,2025-02-14 04:53,23.00,18.00,80.85,12.65,6000.00,M
BFF,2025-02-14 05:53,23.00,18.00,80.85,11.50,8000.00,M
BFF,2025-02-14 06:53,23.00,18.00,80.85,8.05,10000.00,M
BFF,2025-02-14 07:53,23.00,17.00,77.44,6.90,11000.00,M
BFF,2025-02-14 08:53,23.00,18.00,80.85,8.05,12000.00,M
BFF,2025-02-14 09:53,28.00,19.00,68.57,5.75,M,M
BFF,2025-02-14 10:53,31.00,21.00,66.07,0.00,M,M
BFF,2025-02-14 11:53,34.00,22.00,61.09,0.00,M,M
BFF,2025-02-14 12:53,38.00,24.00,56.71,0.00,M,M
BFF,2025-02-14 13:53,41.00,26.00,54.84,0.00,M,M
BFF,2025-02-14 14:53,46.00,28.00,49.18,4.60,M,M
BFF,2025-02-14 15:53,47.00,28.00,47.36,4.60,M,M
BFF,2025-02-14 16:53,46.00,29.00,51.24,5.75,M,M
BFF,2025-02-14 17:53,43.00,27.00,52.91,6.90,6000.00,M
BFF,2025-02-14 18:53,37.00,24.00,58.99,12.65,7000.00,M
BFF,2025-02-14 19:53,32.00,21.00,63.45,8.05,6000.00,M
BFF,2025-02-14 20:53,29.00,M,M,10.35,5500.00,M
BFF,2025-02-14 21:53,27.00,M,M,14.95,6000.00,M
BFF,2025-02-14 22:43,24.00,M,M,5.75,3200.00,M
BFF,2025-02-14 22:50,24.80,M,M,0.00,1200.00,M
BFF,2025-02-14 22:53,24.00,M,M,0.00,1400.00,M
BFF,2025-02-14 23:16,23.00,M,M,10.35,1700.00,M
BFF,2025-02-14 23:42,23.00,M,M,5.75,1200.00,M
BFF,2025-02-14 23:46,23.00,M,M,6.90,1500.00,M
BFF,2025-02-14 23:49,23.00,M,M,8.05,1300.00,M
BFF,2025-02-14 23:53,23.00,M,M,9.20,1300.00,M
BFF,2025-02-15 00:25,21.00,M,M,12.65,1500.00,M
BFF,2025-02-15 00:32,21.00,M,M,11.50,1300.00,M
BFF,2025-02-15 00:51,19.40,M,M,6.90,1000.00,M
BFF,2025-02-15 00:53,20.00,M,M,8.05,1000.00,M
BFF,2025-02-15 01:00,20.00,M,M,9.20,700.00,M
BFF,2025-02-15 01:13,20.00,M,M,8.05,1000.00,M
BFF,2025-02-15 01:25,19.00,M,M,6.90,1100.00,M
BFF,2025-02-15 01:32,19.00,M,M,6.90,1500.00,M
BFF,2025-02-15 01:53,20.00,M,M,4.60,2700.00,M
BFF,2025-02-15 02:53,20.00,M,M,4.60,1100.00,M
BFF,2025-02-15 03:53,19.00,M,M,5.75,2000.00,M
BFF,2025-02-15 04:48,19.40,M,M,6.90,1300.00,M
BFF,2025-02-15 04:53,18.00,M,M,8.05,1300.00,M
BFF,2025-02-15 05:03,18.00,M,M,8.05,1300.00,M
BFF,2025-02-15 05:53,18.00,M,M,5.75,2000.00,M
BFF,2025-02-15 06:53,17.00,M,M,9.20,1900.00,M
BFF,2025-02-15 07:53,16.00,M,M,8.05,2600.00,M
BFF,2025-02-15 08:51,15.80,M,M,11.40,2798.00,M
BFF,2025-02-15 08:53,16.00,M,M,9.20,2800.00,M
BFF,2025-02-15 09:22,15.00,M,M,9.20,2700.00,M
BFF,2025-02-15 09:53,15.00,M,M,5.75,2500.00,M
BFF,2025-02-15 10:53,16.00,M,M,8.05,2800.00,M
BFF,2025-02-15 11:53,17.00,M,M,11.50,2200.00,M
BFF,2025-02-15 12:05,18.00,M,M,11.50,2200.00,M
BFF,2025-02-15 12:53,19.00,M,M,9.20,4300.00,M
BFF,2025-02-15 13:22,21.00,M,M,11.50,2300.00,M
BFF,2025-02-15 13:53,21.00,M,M,14.95,2500.00,M
BFF,2025-02-15 14:42,21.00,M,M,14.95,2500.00,M
BFF,2025-02-15 14:51,21.20,M,M,16.10,2500.00,M
BFF,2025-02-15 14:53,22.00,M,M,16.10,2200.00,M
BFF,2025-02-15 15:13,22.00,M,M,17.25,2600.00,M
BFF,2025-02-15 15:53,22.00,M,M,13.80,2500.00,M
BFF,2025-02-15 16:53,21.00,M,M,12.65,3800.00,M
BFF,2025-02-15 17:51,21.20,M,M,12.74,2299.00,M
BFF,2025-02-15 17:53,20.00,M,M,12.65,2300.00,M
BFF,2025-02-15 18:02,20.00,M,M,14.95,2300.00,M
BFF,2025-02-15 18:53,17.00,M,M,10.35,M,M
BFF,2025-02-15 19:53,12.00,M,M,6.90,9500.00,M
BFF,2025-02-15 20:53,13.00,M,M,5.75,6500.00,M
BFF,2025-02-15 21:53,14.00,M,M,0.00,7000.00,M
BFF,2025-02-15 22:53,15.00,M,M,0.00,8000.00,M
BFF,2025-02-15 23:53,16.00,M,M,0.00,7500.00,M
BFF,2025-02-16 00:53,16.00,M,M,3.45,7500.00,M
BFF,2025-02-16 01:53,14.00,M,M,0.00,7000.00,M
BFF,2025-02-16 02:53,15.00,M,M,3.45,7000.00,M
BFF,2025-02-16 03:53,15.00,M,M,0.00,6000.00,M
BFF,2025-02-16 04:53,15.00,M,M,3.45,6500.00,M
BFF,2025-02-16 05:53,15.00,M,M,3.45,6000.00,M
BFF,2025-02-16 06:53,14.00,M,M,6.90,5500.00,M
BFF,2025-02-16 07:53,9.00,M,M,4.60,M,M
BFF,2025-02-16 08:53,11.00,M,M,3.45,M,M
BFF,2025-02-16 09:53,14.00,M,M,5.75,M,M
BFF,2025-02-16 10:53,18.00,M,M,8.05,12000.00,M
BFF,2025-02-16 11:53,21.00,M,M,8.05,12000.00,M
BFF,2025-02-16 12:53,24.00,13.00,62.36,9.20,7500.00,M
BFF,2025-02-16 13:53,25.00,15.00,65.30,9.20,6000.00,M
BFF,2025-02-16 14:53,27.00,16.00,62.78,10.35,6500.00,M
BFF,2025-02-16 15:53,27.00,15.00,60.10,9.20,6000.00,M
BFF,2025-02-16 16:53,27.00,17.00,65.56,8.05,3300.00,M
BFF,2025-02-16 17:00,27.00,17.00,65.56,8.05,2700.00,M
BFF,2025-02-16 17:07,26.00,18.00,71.33,8.05,2000.00,M
BFF,2025-02-16 17:23,25.00,20.00,81.01,8.05,1200.00,M
BFF,2025-02-16 17:53,25.00,20.00,81.01,8.05,1100.00,M
BFF,2025-02-16 18:36,24.00,21.00,88.13,10.35,600.00,M
BFF,2025-02-16 18:44,24.00,20.00,84.46,9.20,700.00,M
BFF,2025-02-16 18:53,24.00,21.00,88.13,10.35,700.00,M
BFF,2025-02-16 19:47,24.80,19.40,79.62,9.20,1300.00,M
BFF,2025-02-16 19:53,24.00,20.00,84.46,10.35,1200.00,M
BFF,2025-02-16 20:00,24.00,20.00,84.46,11.50,1100.00,M
BFF,2025-02-16 20:32,24.00,20.00,84.46,10.35,1100.00,M
BFF,2025-02-16 20:46,24.00,19.00,80.93,17.25,1000.00,M
BFF,2025-02-16 20:53,23.00,19.00,84.39,16.10,1100.00,M
BFF,2025-02-16 21:15,22.00,18.00,84.33,17.25,700.00,M
BFF,2025-02-16 21:25,22.00,18.00,84.33,18.40,700.00,M
BFF,2025-02-16 21:53,21.00,17.00,84.26,14.95,1500.00,M
BFF,2025-02-16 22:53,20.00,15.00,80.60,19.55,1700.00,M
BFF,2025-02-16 23:17,19.00,14.00,80.52,16.10,2500.00,M
BFF,2025-02-16 23:53,19.00,14.00,80.52,17.25,2100.00,M
BFF,2025-02-17 00:53,18.00,13.00,80.44,18.40,1100.00,M
BFF,2025-02-17 01:02,18.00,12.00,76.97,18.40,1000.00,M
BFF,2025-02-17 01:39,17.00,11.00,76.87,17.25,1200.00,M
BFF,2025-02-17 01:53,16.00,11.00,80.27,14.95,1200.00,M
BFF,2025-02-17 02:05,16.00,11.00,80.27,19.55,2400.00,M
BFF,2025-02-17 02:53,15.00,10.00,80.19,17.25,2500.00,M
BFF,2025-02-17 03:34,13.00,7.00,76.48,16.10,2400.00,M
BFF,2025-02-17 03:53,12.00,6.00,76.38,18.40,1800.00,M
BFF,2025-02-17 04:09,12.00,6.00,76.38,18.40,1400.00,M
BFF,2025-02-17 04:53,9.00,3.00,76.08,14.95,1600.00,M
BFF,2025-02-17 05:11,9.00,3.00,76.08,16.10,1500.00,M
BFF,2025-02-17 05:18,9.00,3.00,76.08,13.80,2100.00,M
BFF,2025-02-17 05:33,9.00,3.00,76.08,14.95,2000.00,M
BFF,2025-02-17 05:53,9.00,3.00,76.08,14.95,1800.00,M
BFF,2025-02-17 06:53,7.00,0.00,72.41,17.25,1600.00,M
BFF,2025-02-17 07:53,6.00,-1.00,72.29,16.10,1500.00,M
BFF,2025-02-17 08:53,6.00,-1.00,72.29,16.10,1800.00,M
BFF,2025-02-17 09:53,7.00,0.00,72.41,14.95,2200.00,M
BFF,2025-02-17 10:16,7.00,0.00,72.41,17.25,2300.00,M
BFF,2025-02-17 10:27,7.00,0.00,72.41,17.25,2300.00,M
BFF,2025-02-17 10:53,8.00,0.00,69.21,16.10,2400.00,M
BFF,2025-02-17 11:28,8.00,0.00,69.21,17.25,1800.00,M
BFF,2025-02-17 11:35,8.00,0.00,69.21,16.10,1800.00,M
BFF,2025-02-17 11:46,8.00,0.00,69.21,16.10,1200.00,M
BFF,2025-02-17 11:53,8.00,1.00,72.52,14.95,1100.00,M
BFF,2025-02-17 12:05,8.00,1.00,72.52,16.10,1400.00,M
BFF,2025-02-17 12:16,7.00,-1.00,69.08,17.25,1600.00,M
BFF,2025-02-17 12:42,7.00,-1.00,69.08,18.40,1400.00,M
BFF,2025-02-17 12:53,7.00,-1.00,69.08,16.10,2500.00,M
BFF,2025-02-17 13:53,7.00,-2.00,65.89,17.25,2200.00,M
BFF,2025-02-17 14:53,7.00,-2.00,65.89,16.10,1900.00,M
BFF,2025-02-17 15:48,6.80,-2.20,65.87,17.25,1900.00,M
BFF,2025-02-17 15:53,7.00,-1.00,69.08,17.25,1900.00,M
BFF,2025-02-17 15:59,6.00,-1.00,72.29,17.25,1900.00,M
BFF,2025-02-17 16:53,6.00,-2.00,68.96,16.10,2200.00,M
BFF,2025-02-17 17:53,5.00,-3.00,68.83,14.95,2300.00,M
BFF,2025-02-17 18:51,3.20,-2.20,77.67,12.74,1699.00,M
BFF,2025-02-17 18:53,4.00,-3.00,72.06,13.80,1700.00,M
BFF,2025-02-17 18:57,4.00,-3.00,72.06,14.95,1300.00,M
BFF,2025-02-17 19:09,4.00,-2.00,75.57,14.95,900.00,M
BFF,2025-02-17 19:36,3.00,-2.00,79.14,16.10,1000.00,M
BFF,2025-02-17 19:51,3.20,-2.20,77.67,14.98,2201.00,M
BFF,2025-02-17 19:53,3.00,-3.00,75.46,14.95,2400.00,M
BFF,2025-02-17 20:00,3.00,-3.00,75.46,14.95,2800.00,M
BFF,2025-02-17 20:21,3.00,-3.00,75.46,13.80,2400.00,M
BFF,2025-02-17 20:34,3.00,-4.00,71.95,14.95,1400.00,M
BFF,2025-02-17 20:42,2.00,-4.00,75.36,14.95,1800.00,M
BFF,2025-02-17 20:53,2.00,-4.00,75.36,13.80,1600.00,M
BFF,2025-02-17 21:51,1.40,-4.00,77.49,13.86,2099.00,M
BFF,2025-02-17 21:53,2.00,-4.00,75.36,14.95,1900.00,M
BFF,2025-02-17 21:58,2.00,-4.00,75.36,14.95,1700.00,M
BFF,2025-02-17 22:17,2.00,-4.00,75.36,14.95,1100.00,M
BFF,2025-02-17 22:41,2.00,-4.00,75.36,13.80,1200.00,M
BFF,2025-02-17 22:50,1.40,-4.00,77.49,12.65,1700.00,M
BFF,2025-02-17 22:53,2.00,-4.00,75.36,14.95,1700.00,M
BFF,2025-02-17 23:05,2.00,-4.00,75.36,14.95,2000.00,M
BFF,2025-02-17 23:12,2.00,-4.00,75.36,16.10,1800.00,M
BFF,2025-02-17 23:38,2.00,-5.00,71.83,17.25,1800.00,M
BFF,2025-02-17 23:53,1.00,-5.00,75.25,16.10,2000.00,M
BFF,2025-02-18 00:53,0.00,-6.00,75.15,20.70,2000.00,M
BFF,2025-02-18 01:53,-1.00,-7.00,75.04,19.55,2200.00,M
BFF,2025-02-18 02:09,-1.00,-7.00,75.04,18.40,2300.00,M
BFF,2025-02-18 02:21,-1.00,-7.00,75.04,18.40,2300.00,M
BFF,2025-02-18 02:29,-1.00,-7.00,75.04,17.25,2500.00,M
BFF,2025-02-18 02:53,-1.00,-8.00,71.47,17.25,2100.00,M
BFF,2025-02-18 03:53,-2.00,-9.00,71.35,19.55,2300.00,M
BFF,2025-02-18 04:10,-2.00,-9.00,71.35,19.55,2100.00,M
BFF,2025-02-18 04:44,-3.00,-9.00,74.83,19.55,1200.00,M
BFF,2025-02-18 04:51,-2.20,-9.40,70.63,19.55,1100.00,M
BFF,2025-02-18 04:53,-3.00,-9.00,74.83,18.40,1100.00,M
BFF,2025-02-18 05:09,-3.00,-9.00,74.83,19.55,1400.00,M
BFF,2025-02-18 05:32,-3.00,-9.00,74.83,18.40,1200.00,M
BFF,2025-02-18 05:39,-3.00,-9.00,74.83,18.40,1200.00,M
BFF,2025-02-18 05:53,-3.00,-10.00,71.23,17.25,1400.00,M
BFF,2025-02-18 06:06,-3.00,-10.00,71.23,19.55,1800.00,M
BFF,2025-02-18 06:42,-4.00,-11.00,71.11,20.70,2700.00,M
BFF,2025-02-18 06:48,-4.00,-11.20,70.41,17.25,3100.00,M
BFF,2025-02-18 06:53,-4.00,-11.00,71.11,17.25,3300.00,M
BFF,2025-02-18 07:27,-5.00,-11.00,74.61,17.25,3100.00,M
BFF,2025-02-18 07:35,-4.00,-11.00,71.11,17.25,2700.00,M
BFF,2025-02-18 07:53,-4.00,-11.00,71.11,16.10,4300.00,M
BFF,2025-02-18 08:16,-4.00,-11.00,71.11,19.55,4300.00,M
BFF,2025-02-18 08:36,-4.00,-11.00,71.11,18.40,4100.00,M
BFF,2025-02-18 08:53,-4.00,-11.00,71.11,19.55,2700.00,M
BFF,2025-02-18 08:58,-4.00,-11.00,71.11,19.55,2300.00,M
BFF,2025-02-18 09:26,-4.00,-11.00,71.11,14.95,4300.00,M
BFF,2025-02-18 09:51,-4.00,-11.20,70.41,17.21,4101.00,M
BFF,2025-02-18 09:53,-4.00,-11.00,71.11,17.25,4100.00,M
BFF,2025-02-18 10:14,-3.00,-10.00,71.23,17.25,2700.00,M
BFF,2025-02-18 10:27,-4.00,-11.00,71.11,17.25,2500.00,M
BFF,2025-02-18 10:53,-3.00,-11.00,67.80,17.25,2600.00,M
BFF,2025-02-18 11:01,-3.00,-11.00,67.80,18.40,2800.00,M
BFF,2025-02-18 11:08,-4.00,-11.00,71.11,17.25,2700.00,M
BFF,2025-02-18 11:25,-3.00,-11.00,67.80,17.25,3300.00,M
BFF,2025-02-18 11:53,-3.00,-11.00,67.80,17.25,4000.00,M
BFF,2025-02-18 12:08,-4.00,-12.00,67.67,18.40,2200.00,M
BFF,2025-02-18 12:18,-4.00,-11.00,71.11,17.25,2200.00,M
BFF,2025-02-18 12:26,-3.00,-11.00,67.80,17.25,2100.00,M
BFF,2025-02-18 12:41,-3.00,-11.00,67.80,18.40,1600.00,M
BFF,2025-02-18 12:53,-4.00,-12.00,67.67,17.25,3500.00,M
BFF,2025-02-18 13:15,-4.00,-12.00,67.67,17.25,1400.00,M
BFF,2025-02-18 13:18,-4.00,-12.00,67.67,18.40,1400.00,M
BFF,2025-02-18 13:25,-4.00,-12.00,67.67,17.25,1400.00,M
BFF,2025-02-18 13:34,-4.00,-12.00,67.67,16.10,1000.00,M
BFF,2025-02-18 13:43,-4.00,-11.00,71.11,17.25,1200.00,M
BFF,2025-02-18 13:48,-4.00,-11.20,70.41,16.10,1600.00,M
BFF,2025-02-18 13:53,-4.00,-12.00,67.67,16.10,1600.00,M
BFF,2025-02-18 14:12,-5.00,-12.00,70.99,16.10,1600.00,M
BFF,2025-02-18 14:23,-4.00,-12.00,67.67,16.10,1300.00,M
BFF,2025-02-18 14:53,-4.00,-12.00,67.67,13.80,1400.00,M
BFF,2025-02-18 15:02,-4.00,-12.00,67.67,14.95,1800.00,M
BFF,2025-02-18 15:44,-4.00,-12.00,67.67,13.80,1900.00,M
BFF,2025-02-18 15:51,-4.00,-11.20,70.41,14.98,2099.00,M
BFF,2025-02-18 15:53,-3.00,-11.00,67.80,14.95,2100.00,M
BFF,2025-02-18 16:02,-4.00,-12.00,67.67,16.10,2500.00,M
BFF,2025-02-18 16:05,-4.00,-12.00,67.67,16.10,2700.00,M
BFF,2025-02-18 16:16,-4.00,-12.00,67.67,16.10,3400.00,M
BFF,2025-02-18 16:53,-4.00,-12.00,67.67,12.65,6000.00,M
BFF,2025-02-18 17:24,-4.00,-12.00,67.67,12.65,3700.00,M
BFF,2025-02-18 17:41,-4.00,-12.00,67.67,12.65,3900.00,M
BFF,2025-02-18 17:53,-4.00,-12.00,67.67,12.65,4600.00,M
BFF,2025-02-18 18:28,-4.00,-12.00,67.67,10.35,4300.00,M
BFF,2025-02-18 18:40,-4.00,-12.00,67.67,10.35,3700.00,M
BFF,2025-02-18 18:53,-4.00,-12.00,67.67,9.20,4800.00,M
BFF,2025-02-18 19:19,-4.00,-12.00,67.67,11.50,2900.00,M
BFF,2025-02-18 19:26,-4.00,-11.00,71.11,8.05,2300.00,M
BFF,2025-02-18 19:43,-4.00,-11.00,71.11,9.20,2900.00,M
BFF,2025-02-18 19:50,-4.00,-11.20,70.41,6.90,3900.00,M
BFF,2025-02-18 19:53,-4.00,-11.00,71.11,8.05,4300.00,M
BFF,2025-02-18 20:18,-4.00,-11.00,71.11,5.75,2900.00,M
BFF,2025-02-18 20:53,-4.00,-11.00,71.11,6.90,2100.00,M
BFF,2025-02-18 21:00,-4.00,-11.00,71.11,5.75,2100.00,M
BFF,2025-02-18 21:13,-4.00,-10.00,74.72,4.60,2500.00,M
BFF,2025-02-18 21:49,-4.00,-11.20,70.41,4.60,3200.00,M
BFF,2025-02-18 21:53,-4.00,-11.00,71.11,4.60,3000.00,M
BFF,2025-02-18 22:02,-4.00,-11.00,71.11,5.75,2800.00,M
BFF,2025-02-18 22:23,-4.00,-10.00,74.72,4.60,2400.00,M
BFF,2025-02-18 22:51,-4.00,-11.20,70.41,5.81,2401.00,M
BFF,2025-02-18 22:53,-4.00,-11.00,71.11,5.75,2600.00,M
BFF,2025-02-18 23:12,-4.00,-11.00,71.11,4.60,3500.00,M
BFF,2025-02-18 23:24,-4.00,-11.00,71.11,3.45,4400.00,M
BFF,2025-02-18 23:53,-4.00,-11.00,71.11,0.00,5000.00,M
BFF,2025-02-19 00:15,-4.00,-11.00,71.11,0.00,2800.00,M
BFF,2025-02-19 00:23,-4.00,-11.00,71.11,0.00,2800.00,M
BFF,2025-02-19 00:25,-4.00,-11.00,71.11,0.00,3000.00,M
BFF,2025-02-19 00:38,-3.00,-11.00,67.80,0.00,3200.00,M
BFF,2025-02-19 00:49,-4.00,-11.20,70.41,0.00,3400.00,M
BFF,2025-02-19 00:53,-4.00,-10.00,74.72,0.00,3600.00,M
BFF,2025-02-19 01:04,-4.00,-10.00,74.72,0.00,3800.00,M
BFF,2025-02-19 01:33,-4.00,-11.00,71.11,0.00,2800.00,M
BFF,2025-02-19 01:42,-4.00,-11.00,71.11,0.00,3400.00,M
BFF,2025-02-19 01:53,-4.00,-11.00,71.11,0.00,3600.00,M
BFF,2025-02-19 02:53,-4.00,-10.00,74.72,3.45,6500.00,M
BFF,2025-02-19 03:53,-4.00,-10.00,74.72,0.00,8000.00,M
BFF,2025-02-19 04:53,-5.00,-13.00,67.53,5.75,8000.00,M
BFF,2025-02-19 05:53,-6.00,-12.00,74.50,0.00,10000.00,M
BFF,2025-02-19 06:53,-10.00,-16.00,74.05,3.45,11000.00,M
BFF,2025-02-19 07:53,-16.00,-21.00,77.30,5.75,M,M
BFF,2025-02-19 08:53,-15.00,-22.00,69.73,6.90,M,M
BFF,2025-02-19 09:53,-10.00,-16.00,74.05,4.60,M,M
BFF,2025-02-19 10:53,-5.00,-12.00,70.99,8.05,M,M
BFF,2025-02-19 11:53,-2.00,-11.00,64.65,8.05,M,M
BFF,2025-02-19 12:53,1.00,-8.00,65.07,8.05,M,M
BFF,2025-02-19 13:53,0.00,-8.00,68.19,11.50,M,M
BFF,2025-02-19 14:53,2.00,-7.00,65.21,11.50,M,M
BFF,2025-02-19 15:53,3.00,-7.00,62.26,10.35,M,M
BFF,2025-02-19 16:53,2.00,-7.00,65.21,10.35,M,M
BFF,2025-02-19 17:53,0.00,-9.00,64.93,6.90,M,M
BFF,2025-02-19 18:53,-4.00,-12.00,67.67,8.05,6500.00,M
BFF,2025-02-19 19:53,-3.00,-11.00,67.80,10.35,M,M
BFF,2025-02-19 20:53,-1.00,-10.00,64.79,13.80,6500.00,M
BFF,2025-02-19 21:53,-2.00,-9.00,71.35,13.80,7500.00,M
BFF,2025-02-19 22:53,-4.00,-11.00,71.11,16.10,7000.00,M
BFF,2025-02-19 23:53,-6.00,-13.00,70.87,12.65,6500.00,M
BFF,2025-02-20 00:53,-4.00,-11.00,71.11,14.95,6000.00,M
BFF,2025-02-20 01:53,-4.00,-10.00,74.72,13.80,5500.00,M
BFF,2025-02-20 02:53,-2.00,-9.00,71.35,16.10,5500.00,M
BFF,2025-02-20 03:53,-2.00,-9.00,71.35,13.80,5500.00,M
BFF,2025-02-20 04:53,-3.00,-9.00,74.83,14.95,M,M
BFF,2025-02-20 05:53,-2.00,-8.00,74.93,16.10,6000.00,M
BFF,2025-02-20 06:53,0.00,-7.00,71.59,16.10,6500.00,M
BFF,2025-02-20 07:53,1.00,-6.00,71.71,18.40,7500.00,M
BFF,2025-02-20 08:53,2.00,-4.00,75.36,19.55,8000.00,M
BFF,2025-02-20 09:53,3.00,-3.00,75.46,18.40,7000.00,M
BFF,2025-02-20 10:53,5.00,-2.00,72.18,20.70,6000.00,M
BFF,2025-02-20 11:53,7.00,0.00,72.41,18.40,5500.00,M
BFF,2025-02-20 12:53,9.00,2.00,72.64,18.40,5000.00,M
BFF,2025-02-20 13:53,11.00,4.00,72.86,18.40,5000.00,M
BFF,2025-02-20 14:53,14.00,6.00,69.94,18.40,5000.00,M
BFF,2025-02-20 15:53,15.00,8.00,73.30,16.10,5000.00,M
BFF,2025-02-20 16:53,19.00,11.00,70.53,11.50,5000.00,M
BFF,2025-02-20 17:53,20.00,11.00,67.58,11.50,5500.00,M
BFF,2025-02-20 18:53,17.00,10.00,73.52,16.10,6000.00,M
BFF,2025-02-20 19:53,14.00,8.00,76.58,16.10,M,M
BFF,2025-02-20 20:53,10.00,5.00,79.76,11.50,M,M
BFF,2025-02-20 21:53,9.00,3.00,76.08,10.35,M,M
BFF,2025-02-20 22:53,6.00,1.00,79.41,9.20,M,M
BFF,2025-02-20 23:53,5.00,1.00,83.12,9.20,M,M
BFF,2025-02-21 00:53,5.00,0.00,79.32,8.05,5500.00,M
BFF,2025-02-21 01:53,4.00,0.00,83.04,0.00,5500.00,M
BFF,2025-02-21 02:53,1.00,-3.00,82.81,0.00,M,M
BFF,2025-02-21 03:53,2.00,-3.00,79.04,0.00,6000.00,M
BFF,2025-02-21 04:53,5.00,0.00,79.32,4.60,5500.00,M
BFF,2025-02-21 05:53,7.00,3.00,83.27,0.00,5500.00,M
BFF,2025-02-21 06:53,9.00,4.00,79.67,0.00,5000.00,M
BFF,2025-02-21 07:53,10.00,5.00,79.76,3.45,5000.00,M
BFF,2025-02-21 08:53,13.00,8.00,80.02,3.45,5500.00,M
BFF,2025-02-21 09:53,16.00,10.00,76.77,3.45,6000.00,M
BFF,2025-02-21 10:53,22.00,14.00,70.88,6.90,6000.00,M
BFF,2025-02-21 11:53,28.00,18.00,65.69,9.20,6000.00,M
BFF,2025-02-21 12:53,31.00,20.00,63.32,6.90,6000.00,M
BFF,2025-02-21 13:53,34.00,23.00,63.72,10.35,6000.00,M
BFF,2025-02-21 14:53,37.00,24.00,58.99,6.90,M,M
BFF,2025-02-21 15:53,38.00,24.00,56.71,4.60,M,M
BFF,2025-02-21 16:53,40.00,26.00,57.01,0.00,M,M
BFF,2025-02-21 17:53,35.00,26.00,69.39,0.00,M,M
BFF,2025-02-21 18:53,29.00,22.00,74.77,3.45,M,M
BFF,2025-02-21 19:53,24.00,19.00,80.93,6.90,M,M
BFF,2025-02-21 20:53,24.00,19.00,80.93,4.60,M,M
BFF,2025-02-21 21:53,23.00,18.00,80.85,6.90,M,M
BFF,2025-02-21 22:53,20.00,15.00,80.60,8.05,M,M
BFF,2025-02-21 23:53,18.00,14.00,84.05,8.05,M,M
BFF,2025-02-22 00:53,19.00,13.00,77.06,6.90,M,M
BFF,2025-02-22 01:53,16.00,12.00,83.91,5.75,M,M
BFF,2025-02-22 02:53,14.00,9.00,80.10,3.45,M,M
BFF,2025-02-22 03:53,17.00,12.00,80.36,6.90,M,M
BFF,2025-02-22 04:53,20.00,14.00,77.16,6.90,M,M
BFF,2025-02-22 05:53,20.00,14.00,77.16,6.90,M,M
BFF,2025-02-22 06:53,22.00,15.00,74.05,3.45,M,M
BFF,2025-02-22 07:53,21.00,14.00,73.94,3.45,M,M
BFF,2025-02-22 08:53,20.00,15.00,80.60,0.00,M,M
BFF,2025-02-22 09:53,28.00,18.00,65.69,6.90,M,M
BFF,2025-02-22 10:53,36.00,21.00,54.08,6.90,M,M
BFF,2025-02-22 11:53,40.00,23.00,50.30,6.90,M,M
BFF,2025-02-22 12:53,43.00,25.00,48.70,0.00,M,M
BFF,2025-02-22 13:53,48.00,26.00,42.00,10.35,M,M
BFF,2025-02-22 14:53,49.00,27.00,42.16,11.50,M,M
BFF,2025-02-22 15:53,48.00,28.00,45.61,10.35,M,M
BFF,2025-02-22 16:53,49.00,27.00,42.16,12.65,M,M
BFF,2025-02-22 17:53,47.00,26.00,43.61,11.50,M,M
BFF,2025-02-22 18:53,44.00,27.00,50.93,9.20,M,M
BFF,2025-02-22 19:53,43.00,27.00,52.91,10.35,M,M
BFF,2025-02-22 20:53,42.00,26.00,52.76,12.65,M,M
BFF,2025-02-22 21:53,43.00,25.00,48.70,11.50,12000.00,M
BFF,2025-02-22 22:53,43.00,24.00,46.71,18.40,11000.00,M
BFF,2025-02-22 23:53,42.00,24.00,48.55,13.80,M,29.90
BFF,2025-02-23 00:53,40.00,23.00,50.30,11.50,M,M
BFF,2025-02-23 01:53,36.00,22.00,56.42,8.05,M,M
BFF,2025-02-23 02:53,33.00,21.00,60.95,8.05,M,M
BFF,2025-02-23 03:53,29.00,20.00,68.69,6.90,M,M
BFF,2025-02-23 04:53,28.00,19.00,68.57,0.00,M,M
BFF,2025-02-23 05:53,26.00,18.00,71.33,5.75,M,M
BFF,2025-02-23 06:53,25.00,18.00,74.36,6.90,M,M
BFF,2025-02-23 07:53,32.00,20.00,60.81,10.35,M,M
BFF,2025-02-23 08:53,32.00,21.00,63.45,0.00,M,M
BFF,2025-02-23 09:53,38.00,24.00,56.71,0.00,M,M
BFF,2025-02-23 10:53,48.00,26.00,42.00,13.80,M,M
BFF,2025-02-23 11:53,52.00,26.00,36.19,18.40,M,M
BFF,2025-02-23 12:53,56.00,27.00,32.59,18.40,M,M
BFF,2025-02-23 13:53,58.00,27.00,30.32,21.85,M,36.80
BFF,2025-02-23 14:53,59.00,28.00,30.48,23.00,M,39.10
BFF,2025-02-23 15:53,61.00,27.00,27.24,26.45,M,43.70
BFF,2025-02-23 16:53,59.00,28.00,30.48,23.00,M,42.55
BFF,2025-02-23 17:53,57.00,27.00,31.43,23.00,M,41.40
BFF,2025-02-23 18:53,55.00,27.00,33.79,20.70,M,39.10
BFF,2025-02-23 19:53,54.00,28.00,36.52,19.55,M,32.20
BFF,2025-02-23 20:53,51.00,28.00,40.78,14.95,M,M
BFF,2025-02-23 21:53,51.00,29.00,42.49,17.25,M,M
BFF,2025-02-23 22:53,49.00,30.00,47.68,11.50,M,M
BFF,2025-02-23 23:53,49.00,30.00,47.68,13.80,M,M
BFF,2025-02-24 00:53,46.00,29.00,51.24,6.90,M,M
BFF,2025-02-24 01:53,46.00,30.00,53.37,11.50,M,M
BFF,2025-02-24 02:53,43.00,29.00,57.44,11.50,M,M
BFF,2025-02-24 03:53,45.00,30.00,55.43,10.35,M,M
BFF,2025-02-24 04:53,47.00,31.00,53.52,10.35,M,M
BFF,2025-02-24 05:53,48.00,32.00,53.67,11.50,M,M
BFF,2025-02-24 06:53,51.00,33.00,49.96,28.75,M,42.55
BFF,2025-02-24 07:53,52.00,33.00,48.15,21.85,M,39.10
BFF,2025-02-24 08:53,52.00,34.00,50.12,18.40,M,32.20
BFF,2025-02-24 09:53,57.00,35.00,43.46,14.95,M,29.90
BFF,2025-02-24 10:53,61.00,35.00,37.66,24.15,8500.00,37.95
BFF,2025-02-24 11:53,59.00,34.00,38.87,16.10,10000.00,37.95
BFF,2025-02-24 12:53,62.00,35.00,36.35,11.50,7000.00,M
BFF,2025-02-24 13:53,64.00,36.00,35.26,16.10,M,M
BFF,2025-02-24 14:53,65.00,32.00,29.02,25.30,M,39.10
BFF,2025-02-24 15:53,66.00,30.00,25.85,24.15,M,40.25
BFF,2025-02-24 16:53,64.00,30.00,27.71,21.85,10000.00,43.70
BFF,2025-02-24 17:53,62.00,31.00,30.96,19.55,11000.00,39.10
BFF,2025-02-24 18:53,58.00,32.00,37.18,17.25,M,35.65
BFF,2025-02-24 19:53,55.00,M,M,11.50,11000.00,M
BFF,2025-02-24 20:53,45.00,M,M,10.35,M,M
BFF,2025-02-24 21:53,39.00,M,M,3.45,M,M
BFF,2025-02-24 22:53,36.00,M,M,0.00,M,M
BFF,2025-02-24 23:53,37.00,M,M,6.90,M,M
BFF,2025-02-25 00:53,34.00,M,M,3.45,M,M
BFF,2025-02-25 01:53,34.00,M,M,5.75,M,M
BFF,2025-02-25 02:53,32.00,M,M,6.90,M,M
BFF,2025-02-25 03:53,31.00,M,M,6.90,M,M
BFF,2025-02-25 04:53,33.00,M,M,4.60,M,M
BFF,2025-02-25 05:53,32.00,M,M,6.90,M,M
BFF,2025-02-25 06:53,33.00,M,M,3.45,M,M
BFF,2025-02-25 07:53,33.00,M,M,4.60,M,M
BFF,2025-02-25 08:53,37.00,29.00,72.54,3.45,M,M
BFF,2025-02-25 09:53,38.00,31.00,75.65,5.75,M,M
BFF,2025-02-25 10:53,49.00,33.00,53.82,4.60,M,M
BFF,2025-02-25 11:51,64.40,30.20,27.55,27.72,3799.00,46.00
BFF,2025-02-25 11:53,65.00,31.00,27.87,27.60,3800.00,46.00
BFF,2025-02-25 12:53,67.00,24.00,19.49,36.80,M,55.20
BFF,2025-02-25 13:53,68.00,15.00,12.82,36.80,M,58.65
BFF,2025-02-25 14:53,67.00,13.00,12.16,34.50,M,56.35
BFF,2025-02-25 15:53,64.00,14.00,14.10,39.10,3000.00,59.80
BFF,2025-02-25 16:53,61.00,15.00,16.37,29.90,3600.00,57.50
BFF,2025-02-25 17:53,55.00,22.00,27.43,29.90,M,46.00
BFF,2025-02-25 18:53,44.00,30.00,57.59,16.10,M,48.30
BFF,2025-02-25 19:53,39.00,29.00,67.06,9.20,M,M
BFF,2025-02-25 20:53,38.00,27.00,64.24,6.90,10000.00,M
BFF,2025-02-25 21:53,36.00,26.00,66.69,8.05,M,M
BFF,2025-02-25 22:53,35.00,25.00,66.57,6.90,M,M
BFF,2025-02-25 23:53,34.00,23.00,63.72,10.35,M,M
BFF,2025-02-26 00:53,33.00,22.00,63.59,9.20,M,M
BFF,2025-02-26 01:53,29.00,22.00,74.77,4.60,M,M
BFF,2025-02-26 02:53,27.00,21.00,77.80,9.20,M,M
BFF,2025-02-26 03:53,26.00,20.00,77.71,4.60,M,M
BFF,2025-02-26 04:53,24.00,19.00,80.93,4.60,M,M
BFF,2025-02-26 05:53,26.00,20.00,77.71,5.75,8000.00,M
BFF,2025-02-26 06:53,29.00,22.00,74.77,6.90,9000.00,M
BFF,2025-02-26 07:53,31.00,21.00,66.07,6.90,8000.00,M
BFF,2025-02-26 08:53,33.00,21.00,60.95,10.35,8000.00,M
BFF,2025-02-26 09:53,38.00,22.00,52.14,13.80,M,M
BFF,2025-02-26 10:53,44.00,23.00,43.11,12.65,M,M
BFF,2025-02-26 11:53,49.00,23.00,35.69,18.40,M,M
BFF,2025-02-26 12:53,51.00,21.00,30.45,19.55,M,32.20
BFF,2025-02-26 13:53,52.00,20.00,28.13,20.70,6500.00,33.35
BFF,2025-02-26 14:53,51.00,21.00,30.45,18.40,6500.00,31.05
BFF,2025-02-26 15:53,51.00,20.00,29.18,19.55,7000.00,31.05
BFF,2025-02-26 16:53,51.00,20.00,29.18,17.25,8000.00,29.90
BFF,2025-02-26 17:53,50.00,21.00,31.60,9.20,7000.00,M
BFF,2025-02-26 18:53,42.00,20.00,41.00,8.05,M,M
BFF,2025-02-26 19:53,35.00,20.00,53.93,8.05,M,M
BFF,2025-02-26 20:53,33.00,19.00,55.97,3.45,M,M
BFF,2025-02-26 21:53,33.00,20.00,58.41,6.90,M,M
BFF,2025-02-26 22:53,31.00,20.00,63.32,4.60,M,M
BFF,2025-02-26 23:53,28.00,19.00,68.57,6.90,M,M
BFF,2025-02-27 00:53,27.00,18.00,68.45,8.05,M,M
BFF,2025-02-27 01:53,27.00,18.00,68.45,5.75,M,M
BFF,2025-02-27 02:53,26.00,17.00,68.32,3.45,M,M
BFF,2025-02-27 03:53,25.00,16.00,68.20,3.45,M,M
BFF,2025-02-27 04:53,25.00,17.00,71.22,4.60,M,M
BFF,2025-02-27 05:53,26.00,17.00,68.32,6.90,M,M
BFF,2025-02-27 06:53,24.00,16.00,71.11,6.90,M,M
BFF,2025-02-27 07:53,26.00,17.00,68.32,8.05,M,M
BFF,2025-02-27 08:53,34.00,21.00,58.56,4.60,M,M
BFF,2025-02-27 09:53,40.00,22.00,48.22,6.90,M,M
BFF,2025-02-27 10:53,48.00,22.00,35.53,10.35,M,M
BFF,2025-02-27 11:53,54.00,21.00,27.27,16.10,M,M
BFF,2025-02-27 12:53,58.00,16.00,19.03,17.25,M,M
BFF,2025-02-27 13:53,61.00,14.00,15.67,17.25,M,M
BFF,2025-02-27 14:53,64.00,15.00,14.73,14.95,M,M
BFF,2025-02-27 15:53,65.00,15.00,14.22,16.10,M,M
BFF,2025-02-27 16:53,66.00,17.00,14.98,12.65,M,M
BFF,2025-02-27 17:53,63.00,18.00,17.37,16.10,M,M
BFF,2025-02-27 18:53,58.00,18.00,20.75,17.25,M,M
BFF,2025-02-27 19:53,54.00,18.00,23.99,13.80,M,M
BFF,2025-02-27 20:53,50.00,19.00,29.02,12.65,M,M
BFF,2025-02-27 21:53,49.00,M,M,14.95,M,M
BFF,2025-02-27 22:53,40.00,M,M,6.90,M,M
BFF,2025-02-27 23:53,36.00,M,M,3.45,M,M
BFF,2025-02-28 00:53,35.00,M,M,4.60,M,M
BFF,2025-02-28 01:53,38.00,M,M,8.05,M,M
BFF,2025-02-28 02:53,39.00,M,M,9.20,M,M
BFF,2025-02-28 03:53,35.00,M,M,8.05,M,M
BFF,2025-02-28 04:53,39.00,M,M,10.35,M,M
BFF,2025-02-28 05:53,34.00,M,M,8.05,M,M
BFF,2025-02-28 06:53,32.00,M,M,9.20,M,M
BFF,2025-02-28 07:53,32.00,M,M,6.90,M,M
BFF,2025-02-28 08:53,42.00,19.00,39.29,9.20,M,M
BFF,2025-02-28 09:53,50.00,19.00,29.02,12.65,M,M
BFF,2025-02-28 10:53,57.00,23.00,26.61,23.00,M,29.90
BFF,2025-02-28 11:53,59.00,25.00,26.92,25.30,M,36.80
BFF,2025-02-28 12:53,61.00,24.00,24.05,19.55,M,36.80
BFF,2025-02-28 13:53,61.00,24.00,24.05,19.55,M,33.35
BFF,2025-02-28 14:53,62.00,24.00,23.21,18.40,M,29.90
BFF,2025-02-28 15:53,62.00,23.00,22.26,21.85,M,32.20
BFF,2025-02-28 16:53,60.00,24.00,24.92,10.35,M,M
BFF,2025-02-28 17:53,58.00,24.00,26.77,12.65,M,M
BFF,2025-02-28 18:53,48.00,24.00,38.64,9.20,M,M
BFF,2025-02-28 19:53,42.00,23.00,46.55,10.35,M,M
BFF,2025-02-28 20:53,40.00,21.00,46.23,9.20,M,M
BFF,2025-02-28 21:53,38.00,21.00,49.98,4.60,M,M
BFF,2025-02-28 22:53,38.00,21.00,49.98,0.00,M,M
BFF,2025-02-28 23:53,34.00,21.00,58.56,0.00,M,M
BFF,2025-03-01 00:53,32.00,21.00,63.45,10.35,M,M
BFF,2025-03-01 01:53,31.00,20.00,63.32,0.00,M,M
BFF,2025-03-01 02:53,27.00,19.00,71.45,8.05,M,M
BFF,2025-03-01 03:53,26.00,19.00,74.46,0.00,M,M
BFF,2025-03-01 04:53,25.00,18.00,74.36,3.45,M,M
BFF,2025-03-01 05:53,28.00,20.00,71.56,M,M,M
BFF,2025-03-01 06:53,24.00,18.00,77.53,5.75,M,M
BFF,2025-03-01 07:53,25.00,18.00,74.36,8.05,M,M
BFF,2025-03-01 08:53,31.00,21.00,66.07,5.75,M,M
BFF,2025-03-01 09:53,38.00,23.00,54.39,9.20,M,M
BFF,2025-03-01 10:53,45.00,24.00,43.28,11.50,M,M
BFF,2025-03-01 11:53,52.00,23.00,31.93,9.20,M,M
BFF,2025-03-01 12:53,58.00,23.00,25.67,5.75,M,M
BFF,2025-03-01 13:53,63.00,20.00,18.93,10.35,M,M
BFF,2025-03-01 14:53,64.00,17.00,16.07,8.05,M,M
BFF,2025-03-01 15:53,66.00,16.00,14.35,9.20,M,M
BFF,2025-03-01 16:53,65.00,15.00,14.22,0.00,M,M
BFF,2025-03-01 17:53,65.00,15.00,14.22,0.00,M,M
BFF,2025-03-01 18:53,56.00,19.00,23.28,0.00,M,M
BFF,2025-03-01 19:53,44.00,21.00,39.62,10.35,M,M
BFF,2025-03-01 20:53,39.00,20.00,46.06,6.90,M,M
BFF,2025-03-01 21:53,38.00,20.00,47.90,8.05,M,M
BFF,2025-03-01 22:53,35.00,20.00,53.93,9.20,M,M
BFF,2025-03-01 23:53,37.00,23.00,56.57,9.20,M,M
BFF,2025-03-02 00:53,33.00,24.00,69.16,9.20,M,M
BFF,2025-03-02 01:53,32.00,24.00,72.00,6.90,M,M
BFF,2025-03-02 02:53,31.00,24.00,74.97,8.05,M,M
BFF,2025-03-02 03:53,31.00,24.00,74.97,8.05,M,M
BFF,2025-03-02 04:53,29.00,23.00,77.98,5.75,M,M
BFF,2025-03-02 05:53,27.00,22.00,81.17,5.75,M,M
BFF,2025-03-02 06:53,27.00,22.00,81.17,3.45,M,M
BFF,2025-03-02 07:53,26.00,22.00,84.59,4.60,M,M
BFF,2025-03-02 08:53,31.00,26.00,81.48,5.75,M,M
BFF,2025-03-02 09:53,35.00,27.00,72.32,5.75,M,M
BFF,2025-03-02 10:53,42.00,29.00,59.69,0.00,M,M
BFF,2025-03-02 11:53,48.00,29.00,47.52,0.00,M,M
BFF,2025-03-02 12:53,54.00,28.00,36.52,3.45,M,M
BFF,2025-03-02 13:53,57.00,26.00,30.16,3.45,M,M
BFF,2025-03-02 14:53,60.00,25.00,25.98,4.60,M,M
BFF,2025-03-02 15:53,62.00,24.00,23.21,5.75,M,M
BFF,2025-03-02 16:53,62.00,24.00,23.21,6.90,M,M
BFF,2025-03-02 17:53,60.00,27.00,28.23,6.90,M,M
BFF,2025-03-02 18:53,49.00,27.00,42.16,6.90,M,M
BFF,2025-03-02 19:53,41.00,27.00,57.15,6.90,M,M
BFF,2025-03-02 20:53,41.00,26.00,54.84,4.60,M,M
BFF,2025-03-02 21:53,42.00,M,M,4.60,M,M
BFF,2025-03-02 22:53,40.00,M,M,9.20,M,M
BFF,2025-03-02 23:53,37.00,M,M,0.00,M,M
BFF,2025-03-03 00:53,37.00,M,M,0.00,M,M
BFF,2025-03-03 01:53,34.00,M,M,0.00,M,M
BFF,2025-03-03 02:53,31.00,M,M,5.75,M,M
BFF,2025-03-03 03:53,31.00,M,M,5.75,M,M
BFF,2025-03-03 04:53,33.00,M,M,6.90,M,M
BFF,2025-03-03 05:53,35.00,M,M,4.60,M,M
BFF,2025-03-03 06:53,35.00,M,M,8.05,M,M
BFF,2025-03-03 07:53,35.00,M,M,5.75,9000.00,M
BFF,2025-03-03 08:53,38.00,27.00,64.24,6.90,11000.00,M
BFF,2025-03-03 09:53,41.00,28.00,59.55,5.75,12000.00,M
BFF,2025-03-03 10:53,50.00,29.00,44.10,5.75,M,M
BFF,2025-03-03 11:53,57.00,29.00,34.12,4.60,10000.00,M
BFF,2025-03-03 12:53,60.00,28.00,29.41,6.90,10000.00,M
BFF,2025-03-03 13:53,61.00,32.00,33.40,5.75,10000.00,M
BFF,2025-03-03 14:53,59.00,34.00,38.87,6.90,10000.00,M
BFF,2025-03-03 15:53,64.00,27.00,24.51,21.85,10000.00,M
BFF,2025-03-03 16:53,60.00,27.00,28.23,20.70,8500.00,34.50
BFF,2025-03-03 17:53,56.00,30.00,36.85,18.40,7000.00,35.65
BFF,2025-03-03 18:53,54.00,30.00,39.63,17.25,8500.00,31.05
BFF,2025-03-03 19:53,52.00,32.00,46.25,17.25,10000.00,32.20
BFF,2025-03-03 20:53,51.00,33.00,49.96,12.65,8000.00,M
BFF,2025-03-03 21:53,47.00,30.00,51.39,12.65,5500.00,M
BFF,2025-03-03 22:53,45.00,30.00,55.43,18.40,8500.00,M
BFF,2025-03-03 23:53,44.00,32.00,62.44,18.40,5500.00,M
BFF,2025-03-04 00:53,44.00,31.00,59.97,23.00,8500.00,35.65
BFF,2025-03-04 01:53,44.00,31.00,59.97,21.85,5500.00,37.95
BFF,2025-03-04 02:53,41.00,32.00,70.08,20.70,9500.00,35.65
BFF,2025-03-04 03:53,40.00,31.00,69.97,18.40,7500.00,31.05
BFF,2025-03-04 04:53,39.00,30.00,69.85,20.70,11000.00,34.50
BFF,2025-03-04 05:36,40.00,30.00,67.18,26.45,2500.00,42.55
BFF,2025-03-04 05:53,40.00,30.00,67.18,26.45,2500.00,42.55
BFF,2025-03-04 06:53,39.00,30.00,69.85,26.45,1900.00,39.10
BFF,2025-03-04 07:12,38.00,30.00,72.64,21.85,2000.00,33.35
BFF,2025-03-04 07:23,38.00,30.00,72.64,20.70,2000.00,33.35
BFF,2025-03-04 07:48,37.40,28.40,69.67,26.45,2000.00,36.80
BFF,2025-03-04 07:53,37.00,29.00,72.54,25.30,2000.00,36.80
BFF,2025-03-04 08:39,37.00,28.00,69.63,26.45,1700.00,37.95
BFF,2025-03-04 08:53,37.00,28.00,69.63,28.75,1700.00,48.30
BFF,2025-03-04 09:08,38.00,27.00,64.24,29.90,3100.00,46.00
BFF,2025-03-04 09:53,38.00,26.00,61.64,28.75,2100.00,47.15
BFF,2025-03-04 10:53,36.00,24.00,61.37,24.15,2300.00,46.00
BFF,2025-03-04 11:53,35.00,24.00,63.85,29.90,2000.00,44.85
BFF,2025-03-04 12:53,33.00,23.00,66.32,18.40,2000.00,44.85
BFF,2025-03-04 13:53,35.00,23.00,61.23,21.85,2200.00,29.90
BFF,2025-03-04 14:21,36.00,23.00,58.85,21.85,2600.00,33.35
BFF,2025-03-04 14:53,38.00,21.00,49.98,23.00,3400.00,35.65
BFF,2025-03-04 15:53,38.00,20.00,47.90,25.30,4000.00,43.70
BFF,2025-03-04 16:53,37.00,19.00,47.74,32.20,4000.00,46.00
BFF,2025-03-04 17:53,35.00,20.00,53.93,31.05,3400.00,44.85
BFF,2025-03-04 18:53,32.00,18.00,55.82,21.85,3200.00,40.25
BFF,2025-03-04 19:53,30.00,18.00,60.53,16.10,M,34.50
BFF,2025-03-04 20:53,28.00,17.00,62.91,10.35,M,M
BFF,2025-03-04 21:53,26.00,17.00,68.32,8.05,M,M
BFF,2025-03-04 22:53,25.00,16.00,68.20,10.35,M,M
BFF,2025-03-04 23:53,25.00,15.00,65.30,11.50,M,M
BFF,2025-03-05 00:53,22.00,15.00,74.05,6.90,M,M
BFF,2025-03-05 01:53,23.00,15.00,70.99,10.35,M,M
BFF,2025-03-05 02:53,22.00,14.00,70.88,8.05,M,M
BFF,2025-03-05 03:53,20.00,14.00,77.16,6.90,M,M
BFF,2025-03-05 04:53,20.00,14.00,77.16,8.05,M,M
BFF,2025-03-05 05:53,18.00,13.00,80.44,5.75,M,M
BFF,2025-03-05 06:53,20.00,14.00,77.16,4.60,M,M
BFF,2025-03-05 07:53,20.00,14.00,77.16,5.75,M,M
BFF,2025-03-05 08:53,25.00,17.00,71.22,8.05,M,M
BFF,2025-03-05 09:53,32.00,20.00,60.81,8.05,M,M
BFF,2025-03-05 10:53,36.00,21.00,54.08,10.35,M,M
BFF,2025-03-05 11:53,43.00,22.00,42.95,8.05,M,M
BFF,2025-03-05 12:53,50.00,21.00,31.60,6.90,M,M
BFF,2025-03-05 13:53,52.00,20.00,28.13,11.50,M,M
BFF,2025-03-05 15:53,56.00,16.00,20.46,14.95,M,29.90
BFF,2025-03-05 16:53,55.00,16.00,21.21,14.95,M,M
BFF,2025-03-05 17:53,54.00,15.00,21.07,9.20,M,M
BFF,2025-03-05 18:53,46.00,16.00,29.63,0.00,M,M
BFF,2025-03-05 19:53,42.00,17.00,36.05,6.90,8500.00,M
BFF,2025-03-05 20:53,40.00,20.00,44.30,4.60,M,M
BFF,2025-03-05 21:53,34.00,20.00,56.12,5.75,M,M
BFF,2025-03-05 22:53,30.00,18.00,60.53,5.75,M,M
BFF,2025-03-05 23:53,32.00,20.00,60.81,6.90,M,M
BFF,2025-03-06 00:53,32.00,20.00,60.81,9.20,M,M
BFF,2025-03-06 01:53,30.00,20.00,65.94,4.60,M,M
BFF,2025-03-06 02:53,30.00,20.00,65.94,0.00,12000.00,M
BFF,2025-03-06 03:53,29.00,20.00,68.69,0.00,11000.00,M
BFF,2025-03-06 04:53,30.00,21.00,68.81,3.45,8000.00,M
BFF,2025-03-06 05:53,31.00,21.00,66.07,4.60,8500.00,M
BFF,2025-03-06 06:53,32.00,22.00,66.20,0.00,5500.00,M
BFF,2025-03-06 07:53,32.00,22.00,66.20,3.45,6000.00,M
BFF,2025-03-06 08:53,34.00,24.00,66.45,0.00,3000.00,M
BFF,2025-03-06 09:53,38.00,26.00,61.64,11.50,4600.00,M
BFF,2025-03-06 10:53,40.00,27.00,59.41,12.65,7000.00,M
BFF,2025-03-06 11:53,43.00,27.00,52.91,18.40,8500.00,M
BFF,2025-03-06 12:53,47.00,26.00,43.61,24.15,3800.00,32.20
BFF,2025-03-06 13:53,46.00,22.00,38.31,24.15,10000.00,35.65
BFF,2025-03-06 14:53,45.00,21.00,38.14,20.70,6000.00,33.35
BFF,2025-03-06 15:53,43.00,27.00,52.91,25.30,5000.00,33.35
BFF,2025-03-06 16:53,39.00,27.00,61.78,25.30,5000.00,34.50
BFF,2025-03-06 17:53,37.00,M,M,24.15,5000.00,34.50
BFF,2025-03-06 18:53,34.00,M,M,24.15,2300.00,33.35
BFF,2025-03-06 19:02,34.00,M,M,21.85,3100.00,33.35
BFF,2025-03-06 19:09,33.00,M,M,20.70,2700.00,33.35
BFF,2025-03-06 19:42,32.00,M,M,19.55,1800.00,33.35
BFF,2025-03-06 19:53,32.00,M,M,18.40,1600.00,33.35
BFF,2025-03-06 19:58,32.00,M,M,20.70,700.00,M
BFF,2025-03-06 20:08,30.00,M,M,23.00,2300.00,29.90
BFF,2025-03-06 20:53,30.00,M,M,23.00,3500.00,32.20
BFF,2025-03-06 21:53,30.00,M,M,21.85,3000.00,40.25
BFF,2025-03-06 22:06,30.00,M,M,23.00,2900.00,29.90
BFF,2025-03-06 22:53,30.00,M,M,20.70,2700.00,32.20
BFF,2025-03-06 23:53,30.00,M,M,18.40,2700.00,32.20
BFF,2025-03-07 00:37,29.00,M,M,17.25,2500.00,M
BFF,2025-03-07 00:53,29.00,M,M,16.10,2700.00,M
BFF,2025-03-07 01:35,28.00,M,M,17.25,2900.00,M
BFF,2025-03-07 01:53,28.00,M,M,17.25,3000.00,M
BFF,2025-03-07 02:20,27.00,M,M,16.10,1700.00,M
BFF,2025-03-07 02:53,26.00,M,M,14.95,1700.00,M
BFF,2025-03-07 03:37,26.00,M,M,13.80,2000.00,M
BFF,2025-03-07 03:48,26.60,M,M,14.95,2200.00,M
BFF,2025-03-07 03:53,26.00,M,M,12.65,2200.00,M
BFF,2025-03-07 04:14,26.00,M,M,14.95,2600.00,M
BFF,2025-03-07 04:45,26.00,M,M,14.95,2800.00,M
BFF,2025-03-07 04:53,26.00,M,M,14.95,2800.00,M
BFF,2025-03-07 05:03,26.00,M,M,12.65,2800.00,M
BFF,2025-03-07 05:41,25.00,M,M,6.90,2400.00,M
BFF,2025-03-07 05:53,25.00,M,M,8.05,2400.00,M
BFF,2025-03-07 06:53,25.00,M,M,8.05,2700.00,M
BFF,2025-03-07 07:53,25.00,M,M,6.90,2800.00,M
BFF,2025-03-07 08:53,26.00,19.00,74.46,9.20,2800.00,M
BFF,2025-03-07 08:56,26.00,19.00,74.46,8.05,3000.00,M
BFF,2025-03-07 09:12,26.00,19.00,74.46,4.60,2600.00,M
BFF,2025-03-07 09:53,27.00,20.00,74.57,4.60,1600.00,M
BFF,2025-03-07 10:53,28.00,21.00,74.67,5.75,1700.00,M
BFF,2025-03-07 11:53,29.00,22.00,74.77,6.90,2000.00,M
BFF,2025-03-07 12:53,31.00,22.00,68.92,6.90,2200.00,M
BFF,2025-03-07 13:53,31.00,23.00,71.89,8.05,1700.00,M
BFF,2025-03-07 14:53,32.00,23.00,69.04,9.20,2200.00,M
BFF,2025-03-07 15:53,33.00,23.00,66.32,9.20,2400.00,M
BFF,2025-03-07 16:41,36.00,24.00,61.37,8.05,2200.00,M
BFF,2025-03-07 16:53,35.00,24.00,63.85,8.05,2100.00,M
BFF,2025-03-07 17:04,35.00,23.00,61.23,10.35,2100.00,M
BFF,2025-03-07 17:53,33.00,23.00,66.32,6.90,2200.00,M
BFF,2025-03-07 18:53,31.00,23.00,71.89,5.75,11000.00,M
BFF,2025-03-07 19:53,29.00,22.00,74.77,5.75,M,M
BFF,2025-03-07 20:53,28.00,22.00,77.89,0.00,M,M
BFF,2025-03-07 21:53,24.00,19.00,80.93,4.60,M,M
BFF,2025-03-07 22:53,24.00,19.00,80.93,4.60,M,M
BFF,2025-03-07 23:53,23.00,18.00,80.85,4.60,M,M
BFF,2025-03-08 00:53,21.00,16.00,80.69,0.00,M,M
BFF,2025-03-08 01:53,20.00,16.00,84.19,6.90,M,M
BFF,2025-03-08 02:53,20.00,16.00,84.19,8.05,M,M
BFF,2025-03-08 03:53,19.00,15.00,84.12,5.75,M,M
BFF,2025-03-08 04:53,18.00,14.00,84.05,8.05,M,M
BFF,2025-03-08 05:53,17.00,13.00,83.98,8.05,M,M
BFF,2025-03-08 06:53,17.00,12.00,80.36,6.90,M,M
BFF,2025-03-08 07:53,17.00,12.00,80.36,5.75,M,M
BFF,2025-03-08 08:53,23.00,17.00,77.44,8.05,M,M
BFF,2025-03-08 09:53,28.00,20.00,71.56,8.05,M,M
BFF,2025-03-08 10:53,33.00,21.00,60.95,13.80,M,M
BFF,2025-03-08 11:53,39.00,23.00,52.30,11.50,M,M
BFF,2025-03-08 12:53,43.00,22.00,42.95,14.95,M,M
BFF,2025-03-08 13:53,46.00,22.00,38.31,13.80,M,M
BFF,2025-03-08 14:53,48.00,20.00,32.64,13.80,M,M
BFF,2025-03-08 15:53,50.00,17.00,26.63,16.10,M,M
BFF,2025-03-08 16:53,49.00,21.00,32.80,16.10,M,M
BFF,2025-03-08 17:53,48.00,21.00,34.05,14.95,M,M
BFF,2025-03-08 18:53,42.00,20.00,41.00,9.20,M,M
BFF,2025-03-08 19:53,36.00,19.00,49.66,5.75,M,M
BFF,2025-03-08 20:53,33.00,22.00,63.59,6.90,M,M
BFF,2025-03-08 21:53,31.00,22.00,68.92,9.20,M,M
BFF,2025-03-08 22:53,29.00,22.00,74.77,8.05,M,M
BFF,2025-03-08 23:53,29.00,22.00,74.77,6.90,M,M
BFF,2025-03-09 00:53,30.00,22.00,71.78,3.45,M,M
BFF,2025-03-09 01:53,31.00,23.00,71.89,8.05,M,M
BFF,2025-03-09 03:53,30.00,21.00,68.81,4.60,M,M
BFF,2025-03-09 04:53,30.00,22.00,71.78,9.20,M,M
BFF,2025-03-09 05:53,29.00,21.00,71.67,8.05,M,M
BFF,2025-03-09 06:53,30.00,22.00,71.78,11.50,M,M
BFF,2025-03-09 07:53,29.00,21.00,71.67,8.05,M,M
BFF,2025-03-09 08:53,30.00,22.00,71.78,8.05,M,M
BFF,2025-03-09 09:53,40.00,26.00,57.01,9.20,M,M
BFF,2025-03-09 10:53,46.00,27.00,47.20,13.80,M,M
BFF,2025-03-09 11:53,54.00,25.00,32.26,16.10,M,M
BFF,2025-03-09 12:53,58.00,25.00,27.91,16.10,M,M
BFF,2025-03-09 13:53,60.00,23.00,23.90,16.10,M,M
BFF,2025-03-09 14:53,63.00,24.00,22.41,14.95,M,M
BFF,2025-03-09 15:53,65.00,22.00,19.21,13.80,M,M
BFF,2025-03-09 16:53,66.00,22.00,18.55,12.65,M,M
BFF,2025-03-09 17:53,65.00,21.00,18.41,16.10,M,M
BFF,2025-03-09 18:53,62.00,21.00,20.46,14.95,M,M
BFF,2025-03-09 19:53,57.00,20.00,23.44,9.20,M,M
BFF,2025-03-09 20:53,51.00,21.00,30.45,4.60,M,M
BFF,2025-03-09 21:53,43.00,23.00,44.80,5.75,M,M
BFF,2025-03-09 22:53,41.00,M,M,8.05,M,M
BFF,2025-03-10 00:53,37.00,M,M,0.00,M,M
BFF,2025-03-10 01:53,34.00,M,M,4.60,M,M
BFF,2025-03-10 02:53,35.00,M,M,4.60,M,M
BFF,2025-03-10 03:53,32.00,M,M,0.00,M,M
BFF,2025-03-10 04:53,32.00,M,M,4.60,M,M
BFF,2025-03-10 05:53,30.00,M,M,0.00,M,M
BFF,2025-03-10 06:53,32.00,M,M,11.50,M,M
BFF,2025-03-10 07:53,31.00,M,M,0.00,M,M
BFF,2025-03-10 08:53,38.00,M,M,9.20,M,M
BFF,2025-03-10 09:53,45.00,26.00,47.04,9.20,M,M
BFF,2025-03-10 10:53,57.00,24.00,27.75,12.65,M,M
BFF,2025-03-10 11:53,63.00,19.00,18.14,17.25,M,M
BFF,2025-03-10 12:53,67.00,14.00,12.70,27.60,M,40.25
BFF,2025-03-10 13:53,68.00,16.00,13.39,27.60,M,42.55
BFF,2025-03-10 14:53,69.00,15.00,12.39,26.45,M,43.70
BFF,2025-03-10 15:53,70.00,13.00,10.97,28.75,M,47.15
BFF,2025-03-10 16:53,68.00,11.00,10.75,26.45,M,48.30
BFF,2025-03-10 17:53,67.00,14.00,12.70,18.40,M,46.00
BFF,2025-03-10 18:53,63.00,16.00,15.93,16.10,M,35.65
BFF,2025-03-10 19:53,61.00,16.00,17.10,24.15,M,37.95
BFF,2025-03-10 20:53,58.00,16.00,19.03,18.40,M,33.35
BFF,2025-03-10 21:53,50.00,17.00,26.63,9.20,M,M
BFF,2025-03-10 22:53,50.00,15.00,24.41,12.65,M,M
BFF,2025-03-10 23:53,44.00,17.00,33.39,8.05,M,M
BFF,2025-03-11 00:53,36.00,16.00,43.64,5.75,M,M
BFF,2025-03-11 01:53,37.00,17.00,43.80,6.90,M,M
BFF,2025-03-11 02:53,38.00,22.00,52.14,4.60,M,M
BFF,2025-03-11 03:53,37.00,22.00,54.23,4.60,M,M
BFF,2025-03-11 04:53,30.00,20.00,65.94,4.60,M,M
BFF,2025-03-11 05:53,38.00,24.00,56.71,4.60,M,M
BFF,2025-03-11 06:53,29.00,21.00,71.67,4.60,M,M
BFF,2025-03-11 07:53,29.00,21.00,71.67,4.60,M,M
BFF,2025-03-11 08:53,34.00,24.00,66.45,8.05,M,M
BFF,2025-03-11 09:53,36.00,25.00,63.98,10.35,M,M
BFF,2025-03-11 10:53,43.00,26.00,50.77,11.50,M,M
BFF,2025-03-11 11:53,52.00,25.00,34.72,14.95,M,M
BFF,2025-03-11 12:53,55.00,24.00,29.83,14.95,M,M
BFF,2025-03-11 13:53,59.00,23.00,24.76,6.90,M,M
BFF,2025-03-11 14:53,66.00,21.00,17.78,16.10,M,M
BFF,2025-03-11 15:53,69.00,17.00,13.51,13.80,M,35.65
BFF,2025-03-11 16:53,70.00,14.00,11.46,13.80,M,29.90
BFF,2025-03-11 17:53,69.00,13.00,11.35,13.80,M,M
BFF,2025-03-11 18:53,67.00,14.00,12.70,12.65,M,M
BFF,2025-03-11 19:53,56.00,16.00,20.46,8.05,M,M
BFF,2025-03-11 20:53,53.00,17.00,23.83,5.75,M,M
BFF,2025-03-11 21:53,42.00,18.00,37.64,0.00,M,M
BFF,2025-03-11 22:53,38.00,19.00,45.90,8.05,M,M
BFF,2025-03-11 23:53,37.00,20.00,49.82,4.60,M,M
BFF,2025-03-12 00:53,37.00,20.00,49.82,8.05,M,M
BFF,2025-03-12 01:53,38.00,20.00,47.90,3.45,M,M
BFF,2025-03-12 02:53,32.00,19.00,58.27,0.00,M,M
BFF,2025-03-12 03:53,33.00,20.00,58.41,8.05,M,M
BFF,2025-03-12 04:53,33.00,20.00,58.41,4.60,M,M
BFF,2025-03-12 05:53,29.00,19.00,65.81,6.90,M,M
BFF,2025-03-12 06:53,32.00,20.00,60.81,6.90,M,M
BFF,2025-03-12 07:53,35.00,20.00,53.93,4.60,M,M
BFF,2025-03-12 08:53,34.00,21.00,58.56,3.45,M,M
BFF,2025-03-12 09:53,41.00,22.00,46.39,6.90,M,M
BFF,2025-03-12 10:53,52.00,23.00,31.93,8.05,M,M
BFF,2025-03-12 11:53,57.00,24.00,27.75,9.20,M,M
BFF,2025-03-12 12:53,62.00,22.00,21.34,3.45,M,M
BFF,2025-03-12 13:53,65.00,18.00,16.20,9.20,M,M
BFF,2025-03-12 14:53,67.00,17.00,14.47,8.05,M,M
BFF,2025-03-12 15:53,68.00,17.00,13.98,5.75,M,M
BFF,2025-03-12 16:53,70.00,16.00,12.50,12.65,M,M
BFF,2025-03-12 17:53,69.00,15.00,12.39,14.95,M,29.90
BFF,2025-03-12 18:53,68.00,14.00,12.27,9.20,M,M
BFF,2025-03-12 19:53,60.00,16.00,17.72,4.60,M,M
BFF,2025-03-12 20:53,56.00,15.00,19.59,4.60,M,M
BFF,2025-03-12 21:53,49.00,16.00,26.47,0.00,M,M
BFF,2025-03-12 22:53,42.00,M,M,3.45,M,M
BFF,2025-03-12 23:53,39.00,M,M,4.60,M,M
BFF,2025-03-13 00:53,38.00,M,M,5.75,M,M
BFF,2025-03-13 01:53,34.00,M,M,3.45,M,M
BFF,2025-03-13 02:53,31.00,M,M,3.45,M,M
BFF,2025-03-13 03:53,32.00,M,M,5.75,M,M
BFF,2025-03-13 04:53,30.00,M,M,4.60,M,M
BFF,2025-03-13 05:53,31.00,M,M,4.60,M,M
BFF,2025-03-13 06:53,29.00,M,M,0.00,M,M
BFF,2025-03-13 07:53,26.00,M,M,3.45,M,M
BFF,2025-03-13 08:53,30.00,21.00,68.81,0.00,M,M
BFF,2025-03-13 09:53,43.00,25.00,48.70,0.00,M,M
BFF,2025-03-13 10:53,49.00,24.00,37.22,4.60,M,M
BFF,2025-03-13 11:53,59.00,25.00,26.92,3.45,M,M
BFF,2025-03-13 12:53,63.00,25.00,23.36,6.90,M,M
BFF,2025-03-13 13:53,67.00,24.00,19.49,5.75,M,M
BFF,2025-03-13 14:53,69.00,21.00,16.03,5.75,11000.00,M
BFF,2025-03-13 15:53,70.00,18.00,13.63,M,11000.00,M
BFF,2025-03-13 16:53,70.00,17.00,13.06,12.65,11000.00,M
BFF,2025-03-13 17:53,69.00,18.00,14.11,12.65,M,M
BFF,2025-03-13 18:53,66.00,20.00,17.04,5.75,M,M
BFF,2025-03-13 19:53,61.00,20.00,20.31,3.45,M,M
BFF,2025-03-13 20:53,52.00,19.00,26.95,5.75,M,M
BFF,2025-03-13 21:53,48.00,19.00,31.27,0.00,M,M
BFF,2025-03-13 22:53,43.00,20.00,39.46,9.20,M,M
BFF,2025-03-13 23:53,46.00,22.00,38.31,3.45,12000.00,M
BFF,2025-03-14 00:53,47.00,23.00,38.48,6.90,11000.00,M
BFF,2025-03-14 01:53,48.00,24.00,38.64,10.35,9000.00,M
BFF,2025-03-14 02:53,48.00,26.00,42.00,10.35,11000.00,M
BFF,2025-03-14 03:53,45.00,27.00,49.02,9.20,M,M
BFF,2025-03-14 04:53,44.00,26.00,48.86,9.20,M,M
BFF,2025-03-14 05:53,51.00,27.00,39.14,11.50,11000.00,M
BFF,2025-03-14 06:53,49.00,27.00,42.16,9.20,10000.00,M
BFF,2025-03-14 07:53,46.00,27.00,47.20,9.20,10000.00,M
BFF,2025-03-14 08:53,45.00,28.00,51.08,5.75,10000.00,M
BFF,2025-03-14 09:53,48.00,29.00,47.52,18.40,9000.00,32.20
BFF,2025-03-14 10:53,45.00,30.00,55.43,13.80,9000.00,36.80
BFF,2025-03-14 11:53,45.00,30.00,55.43,16.10,8000.00,M
BFF,2025-03-14 12:53,47.00,30.00,51.39,21.85,3500.00,36.80
BFF,2025-03-14 13:53,44.00,28.00,53.07,32.20,3100.00,49.45
BFF,2025-03-14 14:53,45.00,25.00,45.12,37.95,3600.00,55.20
BFF,2025-03-14 15:53,45.00,24.00,43.28,33.35,3500.00,52.90
BFF,2025-03-14 16:53,44.00,23.00,43.11,32.20,4100.00,50.60
BFF,2025-03-14 17:53,43.00,23.00,44.80,33.35,4300.00,49.45
BFF,2025-03-14 18:53,43.00,21.00,41.17,31.05,10000.00,52.90
BFF,2025-03-14 19:53,41.00,22.00,46.39,29.90,4600.00,47.15
BFF,2025-03-14 20:53,39.00,22.00,50.14,20.70,4800.00,40.25
BFF,2025-03-14 21:53,38.00,21.00,49.98,21.85,M,33.35
BFF,2025-03-14 22:53,36.00,21.00,54.08,17.25,M,29.90
BFF,2025-03-14 23:53,34.00,20.00,56.12,14.95,M,M
BFF,2025-03-15 00:53,32.00,20.00,60.81,12.65,M,M
BFF,2025-03-15 01:53,29.00,19.00,65.81,10.35,M,M
BFF,2025-03-15 02:53,29.00,19.00,65.81,9.20,M,M
BFF,2025-03-15 03:53,27.00,18.00,68.45,8.05,M,M
BFF,2025-03-15 04:53,24.00,17.00,74.26,4.60,M,M
BFF,2025-03-15 05:53,25.00,18.00,74.36,10.35,10000.00,M
BFF,2025-03-15 06:53,23.00,16.00,74.15,4.60,10000.00,M
BFF,2025-03-15 07:53,24.00,17.00,74.26,3.45,10000.00,M
BFF,2025-03-15 08:53,27.00,18.00,68.45,6.90,10000.00,M
BFF,2025-03-15 09:53,33.00,20.00,58.41,8.05,M,M
BFF,2025-03-15 10:53,38.00,17.00,42.11,9.20,M,M
BFF,2025-03-15 11:53,42.00,14.00,31.64,8.05,5500.00,M
BFF,2025-03-15 12:53,44.00,15.00,30.61,8.05,M,M
BFF,2025-03-15 13:53,46.00,15.00,28.37,6.90,M,M
BFF,2025-03-15 14:53,47.00,16.00,28.53,9.20,7500.00,M
BFF,2025-03-15 15:53,47.00,18.00,31.11,6.90,5000.00,M
BFF,2025-03-15 16:53,49.00,17.00,27.64,3.45,7000.00,M
BFF,2025-03-15 17:53,49.00,17.00,27.64,14.95,7500.00,M
BFF,2025-03-15 18:53,47.00,16.00,28.53,6.90,M,M
BFF,2025-03-15 19:53,43.00,17.00,34.69,8.05,6000.00,M
BFF,2025-03-15 20:53,40.00,16.00,37.30,0.00,10000.00,M
BFF,2025-03-15 21:53,37.00,16.00,41.95,0.00,9000.00,M
BFF,2025-03-15 22:53,36.00,18.00,47.58,4.60,9000.00,M
BFF,2025-03-15 23:53,38.00,17.00,42.11,0.00,7000.00,M
BFF,2025-03-16 00:53,36.00,23.00,58.85,9.20,5000.00,M
BFF,2025-03-16 01:53,33.00,25.00,72.11,5.75,9000.00,M
BFF,2025-03-16 02:53,26.00,18.00,71.33,3.45,5000.00,M
BFF,2025-03-16 03:53,30.00,21.00,68.81,4.60,M,M
BFF,2025-03-16 04:53,24.00,17.00,74.26,6.90,M,M
BFF,2025-03-16 05:53,26.00,18.00,71.33,8.05,M,M
BFF,2025-03-16 06:53,32.00,20.00,60.81,11.50,M,M
BFF,2025-03-16 07:53,35.00,19.00,51.67,18.40,M,M
BFF,2025-03-16 08:53,35.00,18.00,49.50,16.10,M,M
BFF,2025-03-16 09:53,41.00,19.00,40.83,16.10,M,M
BFF,2025-03-16 10:53,46.00,17.00,30.94,23.00,M,32.20
BFF,2025-03-16 11:53,51.00,15.00,23.52,18.40,M,33.35
BFF,2025-03-16 12:53,54.00,14.00,20.16,24.15,M,35.65
BFF,2025-03-16 13:53,56.00,16.00,20.46,24.15,M,39.10
BFF,2025-03-16 14:53,59.00,17.00,19.18,25.30,M,43.70
BFF,2025-03-16 15:53,61.00,18.00,18.64,27.60,M,42.55
BFF,2025-03-16 16:53,61.00,19.00,19.46,33.35,M,46.00
BFF,2025-03-16 17:53,61.00,20.00,20.31,23.00,M,48.30
BFF,2025-03-16 18:53,60.00,20.00,21.05,26.45,M,42.55
BFF,2025-03-16 19:53,58.00,20.00,22.61,21.85,M,37.95
BFF,2025-03-16 20:53,54.00,21.00,27.27,16.10,M,31.05
BFF,2025-03-16 21:53,49.00,20.00,31.44,6.90,M,M
BFF,2025-03-16 22:53,46.00,20.00,35.19,8.05,M,M
BFF,2025-03-16 23:53,48.00,19.00,31.27,5.75,M,M
BFF,2025-03-17 00:53,46.00,19.00,33.72,6.90,M,M
BFF,2025-03-17 01:53,47.00,18.00,31.11,8.05,M,M
BFF,2025-03-17 02:53,44.00,18.00,34.86,3.45,M,M
BFF,2025-03-17 03:53,50.00,17.00,26.63,11.50,M,M
BFF,2025-03-17 04:53,52.00,16.00,23.68,12.65,M,M
BFF,2025-03-17 05:53,51.00,15.00,23.52,10.35,M,M
BFF,2025-03-17 06:53,50.00,16.00,25.50,9.20,M,M
BFF,2025-03-17 07:53,52.00,17.00,24.73,14.95,M,M
BFF,2025-03-17 08:53,53.00,18.00,24.88,12.65,M,M
BFF,2025-03-17 09:53,58.00,19.00,21.66,13.80,M,M
BFF,2025-03-17 10:53,62.00,19.00,18.79,14.95,M,M
BFF,2025-03-17 11:53,68.00,16.00,13.39,29.90,M,44.85
BFF,2025-03-17 12:53,71.00,16.00,12.08,25.30,M,47.15
BFF,2025-03-17 13:53,70.00,14.00,11.46,18.40,M,41.40
BFF,2025-03-17 14:53,69.00,14.00,11.86,14.95,M,35.65
BFF,2025-03-17 15:53,69.00,14.00,11.86,16.10,M,M
BFF,2025-03-17 16:53,69.00,14.00,11.86,11.50,M,M
BFF,2025-03-17 17:53,69.00,15.00,12.39,10.35,M,M
BFF,2025-03-17 18:53,66.00,17.00,14.98,5.75,M,M
BFF,2025-03-17 19:53,62.00,19.00,18.79,3.45,M,M
BFF,2025-03-17 20:53,50.00,17.00,26.63,3.45,M,M
BFF,2025-03-17 21:53,52.00,17.00,24.73,5.75,M,M
BFF,2025-03-17 22:53,48.00,18.00,29.96,4.60,M,M
BFF,2025-03-17 23:53,42.00,18.00,37.64,4.60,M,M
BFF,2025-03-18 00:53,39.00,18.00,42.28,4.60,M,M
BFF,2025-03-18 01:53,42.00,26.00,52.76,14.95,M,M
BFF,2025-03-18 02:53,39.00,24.00,54.54,6.90,M,M
BFF,2025-03-18 03:53,38.00,26.00,61.64,3.45,M,M
BFF,2025-03-18 04:53,38.00,26.00,61.64,6.90,M,M
BFF,2025-03-18 05:53,32.00,24.00,72.00,9.20,M,M
BFF,2025-03-18 06:53,35.00,27.00,72.32,8.05,M,M
BFF,2025-03-18 07:53,32.00,26.00,78.25,10.35,M,M
BFF,2025-03-18 08:53,34.00,27.00,75.26,9.20,M,M
BFF,2025-03-18 09:53,39.00,29.00,67.06,11.50,1900.00,M
BFF,2025-03-18 10:21,41.00,28.00,59.55,18.40,2000.00,M
BFF,2025-03-18 10:43,43.00,28.00,55.14,17.25,2100.00,M
BFF,2025-03-18 10:53,43.00,27.00,52.91,19.55,2100.00,M
BFF,2025-03-18 11:53,47.00,24.00,40.12,18.40,M,34.50
BFF,2025-03-18 12:53,49.00,21.00,32.80,17.25,M,M
BFF,2025-03-18 13:53,53.00,21.00,28.29,16.10,M,M
BFF,2025-03-18 14:53,55.00,21.00,26.29,18.40,M,M
BFF,2025-03-18 15:53,53.00,22.00,29.51,18.40,7500.00,31.05
BFF,2025-03-18 16:53,52.00,21.00,29.35,25.30,5000.00,35.65
BFF,2025-03-18 17:53,47.00,22.00,36.89,24.15,5500.00,36.80
BFF,2025-03-18 18:53,41.00,23.00,48.39,26.45,3800.00,37.95
BFF,2025-03-18 19:24,36.00,27.00,69.51,31.05,3400.00,44.85
BFF,2025-03-18 19:35,34.00,28.00,78.43,26.45,2900.00,44.85
BFF,2025-03-18 19:42,33.00,28.00,81.63,28.75,2200.00,44.85
BFF,2025-03-18 19:53,32.00,28.00,84.98,31.05,2000.00,44.85
BFF,2025-03-18 20:04,32.00,28.00,84.98,24.15,1100.00,36.80
BFF,2025-03-18 20:17,33.00,28.00,81.63,26.45,1500.00,39.10
BFF,2025-03-18 20:26,33.00,27.00,78.34,28.75,2400.00,39.10
BFF,2025-03-18 20:37,33.00,27.00,78.34,26.45,3200.00,39.10
BFF,2025-03-18 20:53,32.00,28.00,84.98,25.30,3000.00,39.10
BFF,2025-03-18 21:01,32.00,27.00,81.55,23.00,2600.00,37.95
BFF,2025-03-18 21:29,32.00,27.00,81.55,21.85,3000.00,37.95
BFF,2025-03-18 21:37,32.00,26.00,78.25,25.30,4000.00,37.95
BFF,2025-03-18 21:53,32.00,26.00,78.25,20.70,4900.00,37.95
BFF,2025-03-18 23:53,31.00,25.00,78.16,20.70,M,31.05
BFF,2025-03-19 00:53,31.00,24.00,74.97,19.55,8500.00,35.65
BFF,2025-03-19 01:53,31.00,24.00,74.97,25.30,7000.00,33.35
BFF,2025-03-19 02:53,30.00,23.00,74.87,18.40,3400.00,37.95
BFF,2025-03-19 03:53,30.00,23.00,74.87,16.10,4200.00,M
BFF,2025-03-19 04:53,29.00,22.00,74.77,13.80,3800.00,M
BFF,2025-03-19 05:53,29.00,22.00,74.77,13.80,12000.00,M
BFF,2025-03-19 06:53,31.00,24.00,74.97,19.55,11000.00,31.05
BFF,2025-03-19 07:10,32.00,25.00,75.07,18.40,2000.00,M
BFF,2025-03-19 07:53,31.00,24.00,74.97,20.70,2100.00,29.90
BFF,2025-03-19 08:53,31.00,23.00,71.89,19.55,M,29.90
BFF,2025-03-19 09:53,34.00,24.00,66.45,20.70,M,34.50
BFF,2025-03-19 10:53,35.00,24.00,63.85,26.45,2700.00,39.10
BFF,2025-03-19 11:53,38.00,24.00,56.71,28.75,2800.00,43.70
BFF,2025-03-19 12:53,40.00,21.00,46.23,28.75,3300.00,41.40
BFF,2025-03-19 13:53,42.00,18.00,37.64,28.75,4600.00,44.85
BFF,2025-03-19 14:53,43.00,16.00,33.22,33.35,4900.00,50.60
BFF,2025-03-19 15:53,42.00,15.00,33.05,28.75,5500.00,46.00
BFF,2025-03-19 16:53,41.00,18.00,39.12,26.45,4600.00,44.85
BFF,2025-03-19 17:53,41.00,14.00,32.88,24.15,6000.00,39.10
BFF,2025-03-19 18:53,42.00,14.00,31.64,21.85,6000.00,34.50
BFF,2025-03-19 19:53,39.00,15.00,37.13,12.65,M,32.20
BFF,2025-03-19 20:53,33.00,14.00,45.07,8.05,M,M
BFF,2025-03-19 21:53,27.00,13.00,55.06,4.60,M,M
BFF,2025-03-19 22:53,27.00,13.00,55.06,0.00,M,M
BFF,2025-03-19 23:53,25.00,13.00,59.82,0.00,M,M
BFF,2025-03-20 00:53,23.00,12.00,62.23,0.00,M,M
BFF,2025-03-20 01:53,20.00,10.00,64.64,5.75,M,M
BFF,2025-03-20 02:53,20.00,11.00,67.58,3.45,M,M
BFF,2025-03-20 03:53,17.00,11.00,76.87,3.45,M,M
BFF,2025-03-20 04:53,14.00,8.00,76.58,3.45,M,M
BFF,2025-03-20 05:53,15.00,8.00,73.30,5.75,M,M
BFF,2025-03-20 06:53,14.00,8.00,76.58,4.60,M,M
BFF,2025-03-20 07:53,14.00,8.00,76.58,3.45,M,M
BFF,2025-03-20 08:53,21.00,14.00,73.94,3.45,M,M
BFF,2025-03-20 09:53,31.00,17.00,55.67,0.00,M,M
BFF,2025-03-20 10:53,40.00,17.00,38.95,0.00,M,M
BFF,2025-03-20 11:53,49.00,15.00,25.34,5.75,M,M
BFF,2025-03-20 12:53,57.00,12.00,16.56,9.20,M,M
BFF,2025-03-20 13:53,59.00,6.00,11.77,26.45,M,41.40
BFF,2025-03-20 14:53,57.00,8.00,13.85,23.00,10000.00,39.10
BFF,2025-03-20 15:53,57.00,11.00,15.84,16.10,M,35.65
BFF,2025-03-20 16:53,56.00,17.00,21.36,19.55,11000.00,32.20
BFF,2025-03-20 17:53,55.00,17.00,22.15,18.40,10000.00,36.80
BFF,2025-03-20 18:53,55.00,16.00,21.21,20.70,12000.00,29.90
BFF,2025-03-20 19:53,53.00,15.00,21.85,19.55,M,37.95
BFF,2025-03-20 20:53,50.00,15.00,24.41,16.10,M,M
BFF,2025-03-20 21:53,50.00,16.00,25.50,25.30,M,39.10
BFF,2025-03-20 22:53,49.00,22.00,34.22,21.85,11000.00,37.95
BFF,2025-03-20 23:53,47.00,17.00,29.79,21.85,12000.00,46.00
BFF,2025-03-21 00:53,44.00,16.00,31.97,18.40,M,32.20
BFF,2025-03-21 01:53,41.00,16.00,35.88,14.95,M,M
BFF,2025-03-21 02:53,36.00,16.00,43.64,11.50,M,M
BFF,2025-03-21 03:53,32.00,16.00,51.20,9.20,M,M
BFF,2025-03-21 04:53,29.00,15.00,55.36,8.05,M,M
BFF,2025-03-21 05:53,30.00,15.00,53.15,9.20,M,M
BFF,2025-03-21 06:53,26.00,14.00,59.96,6.90,10000.00,M
BFF,2025-03-21 07:53,24.00,13.00,62.36,4.60,M,M
BFF,2025-03-21 08:53,32.00,15.00,49.02,11.50,M,M
BFF,2025-03-21 09:53,40.00,16.00,37.30,16.10,M,M
BFF,2025-03-21 10:53,44.00,17.00,33.39,11.50,M,M
BFF,2025-03-21 11:53,48.00,15.00,26.31,18.40,M,M
BFF,2025-03-21 12:53,51.00,13.00,21.55,26.45,M,39.10
BFF,2025-03-21 13:53,54.00,12.00,18.46,21.85,M,41.40
BFF,2025-03-21 14:53,55.00,11.00,17.03,20.70,M,42.55
BFF,2025-03-21 15:53,54.00,10.00,16.89,16.10,100.00,39.10
BFF,2025-03-21 16:53,53.00,11.00,18.32,14.95,10000.00,31.05
BFF,2025-03-21 17:53,54.00,12.00,18.46,13.80,10000.00,31.05
BFF,2025-03-21 18:53,54.00,13.00,19.30,9.20,10000.00,M
BFF,2025-03-21 19:53,49.00,13.00,23.21,8.05,9000.00,M
BFF,2025-03-21 20:53,50.00,17.00,26.63,12.65,9000.00,M
BFF,2025-03-21 21:53,48.00,18.00,29.96,12.65,M,M
BFF,2025-03-21 22:53,46.00,19.00,33.72,9.20,M,M
BFF,2025-03-21 23:53,41.00,19.00,40.83,5.75,M,M
BFF,2025-03-22 00:53,40.00,19.00,42.45,4.60,M,M
BFF,2025-03-22 01:53,37.00,18.00,45.73,0.00,M,M
BFF,2025-03-22 02:53,39.00,18.00,42.28,0.00,M,M
BFF,2025-03-22 03:53,34.00,18.00,51.52,4.60,M,M
BFF,2025-03-22 04:53,33.00,17.00,51.36,0.00,10000.00,M
BFF,2025-03-22 05:53,38.00,18.00,43.97,0.00,10000.00,M
BFF,2025-03-22 06:53,32.00,18.00,55.82,9.20,10000.00,M
BFF,2025-03-22 07:53,41.00,18.00,39.12,8.05,9000.00,M
BFF,2025-03-22 08:53,46.00,16.00,29.63,4.60,7000.00,M
BFF,2025-03-22 09:53,47.00,18.00,31.11,4.60,7500.00,M
BFF,2025-03-22 10:53,50.00,19.00,29.02,0.00,M,M
BFF,2025-03-22 11:53,58.00,25.00,27.91,27.60,M,41.40
BFF,2025-03-22 12:53,59.00,24.00,25.82,25.30,M,48.30
BFF,2025-03-22 13:53,59.00,23.00,24.76,25.30,M,42.55
BFF,2025-03-22 14:53,60.00,21.00,21.96,31.05,M,48.30
BFF,2025-03-22 15:53,60.00,19.00,20.17,29.90,M,49.45
BFF,2025-03-22 16:53,60.00,16.00,17.72,27.60,M,49.45
BFF,2025-03-22 17:53,60.00,18.00,19.32,26.45,M,47.15
BFF,2025-03-22 18:53,52.00,26.00,36.19,23.00,9000.00,51.75
BFF,2025-03-22 19:00,51.00,27.00,39.14,27.60,9000.00,39.10
BFF,2025-03-22 19:53,45.00,32.00,60.11,21.85,3000.00,44.85
BFF,2025-03-22 20:53,43.00,32.00,64.88,11.50,4100.00,29.90
BFF,2025-03-22 21:43,38.00,33.00,82.00,21.85,1600.00,33.35
BFF,2025-03-22 21:53,38.00,33.00,82.00,13.80,1600.00,33.35
BFF,2025-03-22 22:53,38.00,31.00,75.65,13.80,5500.00,M
BFF,2025-03-22 23:53,38.00,29.00,69.74,19.55,7000.00,M
BFF,2025-03-23 00:53,37.00,29.00,72.54,16.10,9500.00,M
BFF,2025-03-23 01:53,36.00,28.00,72.43,18.40,M,M
BFF,2025-03-23 02:53,35.00,27.00,72.32,17.25,M,M
BFF,2025-03-23 03:53,34.00,24.00,66.45,16.10,M,M
BFF,2025-03-23 04:53,31.00,23.00,71.89,12.65,M,M
BFF,2025-03-23 05:53,28.00,22.00,77.89,4.60,M,M
BFF,2025-03-23 06:53,28.00,21.00,74.67,4.60,M,M
BFF,2025-03-23 07:53,23.00,18.00,80.85,6.90,M,M
BFF,2025-03-23 08:53,29.00,21.00,71.67,4.60,M,M
BFF,2025-03-23 09:53,36.00,22.00,56.42,8.05,M,M
BFF,2025-03-23 10:53,38.00,21.00,49.98,9.20,M,M
BFF,2025-03-23 11:53,45.00,20.00,36.55,11.50,M,M
BFF,2025-03-23 12:53,50.00,16.00,25.50,16.10,M,M
BFF,2025-03-23 13:53,52.00,9.00,17.38,25.30,M,39.10
BFF,2025-03-23 14:53,53.00,8.00,16.02,18.40,M,37.95
BFF,2025-03-23 15:53,55.00,8.00,14.89,25.30,M,39.10
BFF,2025-03-23 16:53,56.00,11.00,16.42,19.55,M,34.50
BFF,2025-03-23 17:53,56.00,11.00,16.42,16.10,M,33.35
BFF,2025-03-23 18:53,53.00,14.00,20.92,14.95,M,M
BFF,2025-03-23 19:53,50.00,16.00,25.50,6.90,M,M
BFF,2025-03-23 20:53,42.00,15.00,33.05,5.75,10000.00,M
BFF,2025-03-23 21:53,42.00,16.00,34.52,0.00,11000.00,M
BFF,2025-03-23 22:53,40.00,15.00,35.71,0.00,9000.00,M
BFF,2025-03-23 23:53,36.00,15.00,41.78,4.60,9000.00,M
BFF,2025-03-24 00:53,38.00,16.00,40.33,8.05,9000.00,M
BFF,2025-03-24 01:53,36.00,15.00,41.78,6.90,10000.00,M
BFF,2025-03-24 02:53,35.00,15.00,43.47,4.60,10000.00,M
BFF,2025-03-24 03:53,30.00,15.00,53.15,3.45,9000.00,M
BFF,2025-03-24 04:53,31.00,15.00,51.04,4.60,M,M
BFF,2025-03-24 05:53,31.00,16.00,53.31,0.00,M,M
BFF,2025-03-24 06:53,34.00,19.00,53.77,3.45,M,M
BFF,2025-03-24 07:53,40.00,27.00,59.41,10.35,8000.00,M
BFF,2025-03-24 08:53,47.00,30.00,51.39,9.20,8500.00,M
BFF,2025-03-24 09:53,55.00,33.00,43.14,14.95,8500.00,M
BFF,2025-03-24 10:53,60.00,33.00,36.03,23.00,9000.00,32.20
BFF,2025-03-24 11:53,61.00,33.00,34.77,24.15,10000.00,36.80
BFF,2025-03-24 12:53,65.00,33.00,30.21,20.70,9500.00,35.65
BFF,2025-03-24 13:53,66.00,32.00,28.03,23.00,10000.00,36.80
BFF,2025-03-24 14:53,68.00,31.00,25.12,31.05,8000.00,42.55
BFF,2025-03-24 15:53,70.00,32.00,24.42,24.15,9000.00,44.85
BFF,2025-03-24 16:53,68.00,31.00,25.12,20.70,8500.00,40.25
BFF,2025-03-24 17:53,66.00,32.00,28.03,20.70,M,35.65
BFF,2025-03-24 18:53,65.00,32.00,29.02,9.20,10000.00,31.05
BFF,2025-03-24 19:53,61.00,33.00,34.77,11.50,10000.00,M
BFF,2025-03-24 20:53,55.00,33.00,43.14,8.05,11000.00,M
BFF,2025-03-24 21:53,54.00,34.00,46.57,3.45,11000.00,M
BFF,2025-03-24 22:53,52.00,34.00,50.12,4.60,M,M
BFF,2025-03-24 23:53,50.00,34.00,53.97,0.00,10000.00,M
BFF,2025-03-25 00:53,49.00,35.00,58.30,4.60,9500.00,M
BFF,2025-03-25 01:53,48.00,37.00,65.51,0.00,4900.00,M
BFF,2025-03-25 02:53,46.00,35.00,65.26,3.45,9000.00,M
BFF,2025-03-25 03:53,45.00,35.00,67.78,0.00,9500.00,M
BFF,2025-03-25 04:53,43.00,34.00,70.30,3.45,8000.00,M
BFF,2025-03-25 05:53,40.00,32.00,72.85,6.90,7500.00,M
BFF,2025-03-25 06:53,39.00,31.00,72.75,5.75,6000.00,M
BFF,2025-03-25 07:53,36.00,30.00,78.60,4.60,M,M
BFF,2025-03-25 08:53,41.00,32.00,70.08,5.75,M,M
BFF,2025-03-25 09:53,50.00,34.00,53.97,6.90,M,M
BFF,2025-03-25 10:53,56.00,35.00,45.06,8.05,M,M
BFF,2025-03-25 11:53,60.00,35.00,39.03,9.20,M,M
BFF,2025-03-25 12:53,64.00,35.00,33.89,M,M,M
BFF,2025-03-25 13:53,66.00,34.00,30.37,3.45,7000.00,M
BFF,2025-03-25 14:53,67.00,34.00,29.33,3.45,8500.00,M
BFF,2025-03-25 15:53,69.00,32.00,25.27,8.05,9000.00,M
BFF,2025-03-25 16:53,70.00,31.00,23.45,6.90,10000.00,M
BFF,2025-03-25 17:53,68.00,31.00,25.12,6.90,9000.00,M
BFF,2025-03-25 18:53,68.00,33.00,27.23,12.65,9000.00,M
BFF,2025-03-25 19:53,62.00,34.00,34.93,8.05,9500.00,M
BFF,2025-03-25 20:53,55.00,34.00,44.90,9.20,M,M
BFF,2025-03-25 21:53,54.00,35.00,48.46,12.65,M,M
BFF,2025-03-25 22:53,48.00,33.00,55.87,0.00,M,M
BFF,2025-03-25 23:53,43.00,31.00,62.31,0.00,M,M
BFF,2025-03-26 00:53,40.00,31.00,69.97,6.90,M,M
BFF,2025-03-26 01:53,39.00,30.00,69.85,3.45,M,M
BFF,2025-03-26 02:53,36.00,29.00,75.46,0.00,M,M
BFF,2025-03-26 03:53,34.00,27.00,75.26,3.45,M,M
BFF,2025-03-26 04:53,35.00,28.00,75.36,6.90,M,M
BFF,2025-03-26 05:53,36.00,28.00,72.43,6.90,M,M
BFF,2025-03-26 06:53,33.00,27.00,78.34,6.90,M,M
BFF,2025-03-26 07:53,34.00,28.00,78.43,0.00,M,M
BFF,2025-03-26 08:53,39.00,31.00,72.75,5.75,M,M
BFF,2025-03-26 09:53,46.00,33.00,60.25,9.20,M,M
BFF,2025-03-26 10:53,53.00,35.00,50.27,6.90,M,M
BFF,2025-03-26 11:53,60.00,35.00,39.03,5.75,M,M
BFF,2025-03-26 12:53,66.00,34.00,30.37,5.75,M,M
BFF,2025-03-26 13:53,72.00,31.00,21.91,8.05,M,M
BFF,2025-03-26 14:53,75.00,27.00,16.82,5.75,M,M
BFF,2025-03-26 15:53,78.00,23.00,12.89,6.90,M,M
BFF,2025-03-26 16:53,78.00,18.00,10.42,0.00,M,M
BFF,2025-03-26 17:53,78.00,19.00,10.88,6.90,M,M
BFF,2025-03-26 18:53,77.00,20.00,11.73,3.45,M,M
BFF,2025-03-26 19:53,M,M,M,M,M,M
BFF,2025-03-26 20:53,57.00,23.00,26.61,8.05,M,M
BFF,2025-03-26 21:53,55.00,20.00,25.20,5.75,M,M
BFF,2025-03-26 22:53,56.00,23.00,27.59,5.75,M,M
BFF,2025-03-26 23:53,48.00,23.00,37.06,4.60,M,M
BFF,2025-03-27 00:53,48.00,24.00,38.64,10.35,M,M
BFF,2025-03-27 01:53,49.00,24.00,37.22,3.45,M,M
BFF,2025-03-27 02:53,42.00,23.00,46.55,0.00,M,M
BFF,2025-03-27 03:53,42.00,24.00,48.55,4.60,M,M
BFF,2025-03-27 04:53,39.00,23.00,52.30,5.75,M,M
BFF,2025-03-27 05:53,36.00,24.00,61.37,10.35,M,M
BFF,2025-03-27 06:53,40.00,22.00,48.22,9.20,M,M
BFF,2025-03-27 07:53,39.00,23.00,52.30,8.05,M,M
BFF,2025-03-27 08:53,43.00,25.00,48.70,0.00,M,M
BFF,2025-03-27 09:53,50.00,27.00,40.62,4.60,M,M
BFF,2025-03-27 10:53,58.00,29.00,32.91,3.45,M,M
BFF,2025-03-27 11:53,65.00,27.00,23.67,0.00,M,M
BFF,2025-03-27 12:53,69.00,25.00,18.97,0.00,M,M
BFF,2025-03-27 13:53,76.00,26.00,15.61,4.60,M,M
BFF,2025-03-27 14:53,81.00,28.00,14.38,5.75,M,M
BFF,2025-03-27 15:53,83.00,24.00,11.41,0.00,M,M
BFF,2025-03-27 16:53,81.00,25.00,12.70,11.50,M,M
BFF,2025-03-27 17:53,82.00,22.00,10.84,12.65,M,M
BFF,2025-03-27 18:53,78.00,24.00,13.44,10.35,M,M
BFF,2025-03-27 19:53,73.00,24.00,15.88,6.90,M,M
BFF,2025-03-27 20:53,70.00,23.00,16.86,4.60,M,M
BFF,2025-03-27 21:53,74.00,24.00,15.36,12.65,M,32.20
BFF,2025-03-27 22:53,63.00,27.00,25.38,9.20,M,M
BFF,2025-03-27 23:53,64.00,26.00,23.51,8.05,M,M
BFF,2025-03-28 00:53,61.00,26.00,26.14,4.60,M,M
BFF,2025-03-28 01:53,53.00,25.00,33.46,8.05,M,M
BFF,2025-03-28 02:53,52.00,25.00,34.72,6.90,M,M
BFF,2025-03-28 03:53,51.00,27.00,39.14,3.45,M,M
BFF,2025-03-28 04:53,46.00,26.00,45.29,0.00,M,M
BFF,2025-03-28 05:53,44.00,26.00,48.86,6.90,M,M
BFF,2025-03-28 06:53,42.00,26.00,52.76,4.60,M,M
BFF,2025-03-28 07:53,46.00,27.00,47.20,3.45,M,M
BFF,2025-03-28 08:53,48.00,29.00,47.52,3.45,M,M
BFF,2025-03-28 09:53,53.00,31.00,42.81,3.45,M,M
BFF,2025-03-28 10:53,64.00,30.00,27.71,10.35,M,M
BFF,2025-03-28 11:53,71.00,29.00,20.90,12.65,M,M
BFF,2025-03-28 12:53,75.00,25.00,15.48,24.15,M,37.95
BFF,2025-03-28 13:53,78.00,24.00,13.44,19.55,M,40.25
BFF,2025-03-28 14:53,76.00,23.00,13.77,18.40,M,35.65
BFF,2025-03-28 15:53,76.00,25.00,14.97,20.70,M,35.65
BFF,2025-03-28 16:53,77.00,25.00,14.49,17.25,M,34.50
BFF,2025-03-28 17:53,74.00,24.00,15.36,13.80,M,M
BFF,2025-03-28 18:53,71.00,26.00,18.47,14.95,11000.00,M
BFF,2025-03-28 19:53,63.00,39.00,41.09,18.40,9500.00,35.65
BFF,2025-03-28 20:53,58.00,40.00,51.03,14.95,10000.00,M
BFF,2025-03-28 21:53,55.00,39.00,54.70,16.10,10000.00,29.90
BFF,2025-03-28 22:53,54.00,39.00,56.74,13.80,11000.00,M
BFF,2025-03-28 23:53,53.00,38.00,56.59,12.65,10000.00,M
BFF,2025-03-29 00:53,51.00,40.00,65.87,6.90,6500.00,M
BFF,2025-03-29 01:53,49.00,41.00,73.77,10.35,6000.00,M
BFF,2025-03-29 02:53,46.00,40.00,79.44,9.20,4900.00,M
BFF,2025-03-29 03:53,44.00,39.00,82.44,5.75,5000.00,M
BFF,2025-03-29 04:53,43.00,39.00,85.66,8.05,2500.00,M
BFF,2025-03-29 05:30,42.00,39.00,89.01,9.20,2600.00,M
BFF,2025-03-29 05:53,42.00,40.00,92.55,10.35,2600.00,M
BFF,2025-03-29 06:03,42.00,40.00,92.55,10.35,2400.00,M
BFF,2025-03-29 06:53,42.00,39.00,89.01,12.65,2200.00,M
BFF,2025-03-29 07:53,40.00,38.00,92.49,12.65,3300.00,M
BFF,2025-03-29 08:53,39.00,37.00,92.45,9.20,3200.00,M
BFF,2025-03-29 09:24,39.00,38.00,96.16,10.35,1500.00,M
BFF,2025-03-29 09:34,39.00,38.00,96.16,9.20,1400.00,M
BFF,2025-03-29 09:53,39.00,38.00,96.16,9.20,1400.00,M
BFF,2025-03-29 10:09,39.00,38.00,96.16,8.05,700.00,M
BFF,2025-03-29 10:48,39.20,37.40,93.19,13.80,1500.00,M
BFF,2025-03-29 10:53,40.00,36.00,85.48,14.95,1500.00,M
BFF,2025-03-29 11:53,40.00,36.00,85.48,14.95,1900.00,M
BFF,2025-03-29 12:15,40.00,36.00,85.48,11.50,800.00,M
BFF,2025-03-29 12:53,40.00,36.00,85.48,14.95,2400.00,M
BFF,2025-03-29 13:53,40.00,36.00,85.48,11.50,900.00,M
BFF,2025-03-29 14:53,40.00,36.00,85.48,18.40,900.00,M
BFF,2025-03-29 15:53,38.00,32.00,78.77,11.50,1100.00,M
BFF,2025-03-29 16:53,37.00,32.00,81.93,9.20,1100.00,M
BFF,2025-03-29 17:41,36.00,32.00,85.23,11.50,900.00,M
BFF,2025-03-29 17:53,36.00,32.00,85.23,9.20,900.00,M
BFF,2025-03-29 18:01,36.00,32.00,85.23,11.50,1000.00,M
BFF,2025-03-29 18:53,36.00,32.00,85.23,6.90,800.00,M
BFF,2025-03-29 19:53,36.00,31.00,81.86,8.05,1100.00,M
BFF,2025-03-29 20:53,35.00,30.00,81.78,9.20,1400.00,M
BFF,2025-03-29 21:53,35.00,30.00,81.78,8.05,1000.00,M
BFF,2025-03-29 22:53,34.00,29.00,81.71,9.20,1000.00,M
BFF,2025-03-29 23:03,34.00,29.00,81.71,8.05,1700.00,M
BFF,2025-03-29 23:43,33.00,29.00,85.04,8.05,900.00,M
BFF,2025-03-29 23:49,33.80,28.40,80.36,8.05,900.00,M
BFF,2025-03-29 23:53,33.00,29.00,85.04,9.20,900.00,M
BFF,2025-03-30 00:53,33.00,29.00,85.04,9.20,1600.00,M
BFF,2025-03-30 01:18,33.00,29.00,85.04,8.05,1400.00,M
BFF,2025-03-30 01:44,33.00,29.00,85.04,8.05,1900.00,M
BFF,2025-03-30 01:53,33.00,28.00,81.63,9.20,1900.00,M
BFF,2025-03-30 02:53,33.00,28.00,81.63,4.60,1900.00,M
BFF,2025-03-30 03:53,34.00,28.00,78.43,5.75,2700.00,M
BFF,2025-03-30 04:53,34.00,28.00,78.43,8.05,1100.00,M
BFF,2025-03-30 05:53,33.00,27.00,78.34,5.75,1700.00,M
BFF,2025-03-30 06:53,32.00,26.00,78.25,6.90,1500.00,M
BFF,2025-03-30 07:53,32.00,26.00,78.25,4.60,1200.00,M
BFF,2025-03-30 08:31,32.00,26.00,78.25,5.75,1400.00,M
BFF,2025-03-30 08:53,32.00,26.00,78.25,3.45,1600.00,M
BFF,2025-03-30 09:53,32.00,26.00,78.25,3.45,1500.00,M
BFF,2025-03-30 10:03,32.00,26.00,78.25,3.45,1400.00,M
BFF,2025-03-30 10:48,32.00,26.60,80.22,0.00,1500.00,M
BFF,2025-03-30 10:53,32.00,26.00,78.25,0.00,1500.00,M
BFF,2025-03-30 11:07,32.00,27.00,81.55,0.00,1000.00,M
BFF,2025-03-30 11:14,32.00,27.00,81.55,0.00,800.00,M
BFF,2025-03-30 11:29,32.00,27.00,81.55,0.00,800.00,M
BFF,2025-03-30 11:46,33.00,28.00,81.63,3.45,800.00,M
BFF,2025-03-30 11:53,33.00,28.00,81.63,0.00,800.00,M
BFF,2025-03-30 12:03,33.00,29.00,85.04,0.00,600.00,M
BFF,2025-03-30 12:10,34.00,28.00,78.43,0.00,600.00,M
BFF,2025-03-30 12:16,34.00,29.00,81.71,0.00,600.00,M
BFF,2025-03-30 12:35,36.00,29.00,75.46,3.45,800.00,M
BFF,2025-03-30 12:43,36.00,30.00,78.60,3.45,1000.00,M
BFF,2025-03-30 12:53,37.00,30.00,75.56,4.60,1000.00,M
BFF,2025-03-30 13:53,38.00,30.00,72.64,3.45,1500.00,M
BFF,2025-03-30 14:53,40.00,32.00,72.85,M,1800.00,M
BFF,2025-03-30 15:53,42.00,32.00,67.42,4.60,1900.00,M
BFF,2025-03-30 16:21,43.00,31.00,62.31,4.60,2400.00,M
BFF,2025-03-30 16:53,44.00,33.00,65.01,10.35,2200.00,M
BFF,2025-03-30 17:37,43.00,33.00,67.54,8.05,2400.00,M
BFF,2025-03-30 17:53,43.00,32.00,64.88,5.75,2400.00,M
BFF,2025-03-30 18:07,43.00,33.00,67.54,9.20,2200.00,M
BFF,2025-03-30 18:43,43.00,33.00,67.54,11.50,2400.00,M
BFF,2025-03-30 18:53,43.00,33.00,67.54,10.35,2400.00,M
BFF,2025-03-30 19:09,43.00,32.00,64.88,11.50,2400.00,M
BFF,2025-03-30 19:39,42.00,32.00,67.42,12.65,2100.00,M
BFF,2025-03-30 19:53,42.00,33.00,70.19,11.50,2000.00,M
BFF,2025-03-30 20:53,40.00,32.00,72.85,11.50,2000.00,M
BFF,2025-03-30 21:53,38.00,32.00,78.77,12.65,1900.00,M
BFF,2025-03-30 22:18,37.00,31.00,78.69,13.80,1400.00,M
BFF,2025-03-30 22:53,36.00,31.00,81.86,13.80,1300.00,M
BFF,2025-03-30 23:53,35.00,32.00,88.68,9.20,1300.00,M
BFF,2025-03-31 00:27,34.00,31.00,88.63,10.35,600.00,M
BFF,2025-03-31 00:35,34.00,32.00,92.29,8.05,400.00,M
BFF,2025-03-31 00:53,34.00,31.00,88.63,10.35,400.00,M
BFF,2025-03-31 01:00,34.00,31.00,88.63,11.50,600.00,M
BFF,2025-03-31 01:53,34.00,30.00,85.11,11.50,700.00,M
BFF,2025-03-31 02:53,34.00,31.00,88.63,11.50,600.00,M
BFF,2025-03-31 03:53,33.00,30.00,88.58,12.65,600.00,M
BFF,2025-03-31 04:53,33.00,30.00,88.58,11.50,500.00,M
BFF,2025-03-31 05:17,33.00,30.00,88.58,12.65,400.00,M
BFF,2025-03-31 05:53,32.00,30.00,92.22,11.50,400.00,M
BFF,2025-03-31 06:07,33.00,29.00,85.04,11.50,500.00,M
BFF,2025-03-31 06:53,32.00,29.00,88.53,12.65,600.00,M
BFF,2025-03-31 07:53,32.00,29.00,88.53,11.50,500.00,M
BFF,2025-03-31 08:07,32.00,29.00,88.53,12.65,400.00,M
BFF,2025-03-31 08:15,32.00,29.00,88.53,12.65,400.00,M
BFF,2025-03-31 08:23,32.00,29.00,88.53,10.35,500.00,M
BFF,2025-03-31 08:31,32.00,29.00,88.53,12.65,400.00,M
BFF,2025-03-31 08:43,32.00,29.00,88.53,13.80,500.00,M
BFF,2025-03-31 08:53,32.00,29.00,88.53,12.65,500.00,M
BFF,2025-03-31 09:28,32.00,30.00,92.22,13.80,500.00,M
BFF,2025-03-31 09:35,33.00,30.00,88.58,11.50,500.00,M
BFF,2025-03-31 09:53,33.00,30.00,88.58,13.80,500.00,M
BFF,2025-03-31 10:06,33.00,30.00,88.58,14.95,400.00,M
BFF,2025-03-31 10:34,34.00,32.00,92.29,16.10,200.00,M
BFF,2025-03-31 10:53,35.00,32.00,88.68,17.25,200.00,M
BFF,2025-03-31 11:08,35.00,32.00,88.68,18.40,200.00,M
BFF,2025-03-31 11:17,35.00,33.00,92.32,17.25,200.00,M
BFF,2025-03-31 11:53,36.00,34.00,92.35,17.25,200.00,M
BFF,2025-03-31 12:07,38.00,35.00,88.83,17.25,200.00,M
BFF,2025-03-31 12:44,39.00,36.00,88.87,13.80,500.00,M
BFF,2025-03-31 12:53,41.00,37.00,85.54,14.95,600.00,M
BFF,2025-03-31 13:53,43.00,37.00,79.19,18.40,1000.00,M
BFF,2025-03-31 14:53,46.00,38.00,73.47,19.55,1200.00,M
BFF,2025-03-31 15:38,47.00,38.00,70.74,24.15,1600.00,32.20
BFF,2025-03-31 15:53,46.00,38.00,73.47,19.55,1600.00,32.20
BFF,2025-03-31 16:26,44.00,38.00,79.27,20.70,1600.00,M
BFF,2025-03-31 16:53,43.00,38.00,82.37,20.70,1900.00,M
BFF,2025-03-31 17:19,42.00,39.00,89.01,20.70,3300.00,M
BFF,2025-03-31 17:26,42.00,40.00,92.55,21.85,3500.00,M
BFF,2025-03-31 17:53,42.00,40.00,92.55,20.70,4300.00,33.35
BFF,2025-03-31 18:16,42.00,41.00,96.21,19.55,800.00,32.20
BFF,2025-03-31 18:36,42.00,40.00,92.55,24.15,800.00,33.35
BFF,2025-03-31 18:53,41.00,40.00,96.19,24.15,700.00,33.35
BFF,2025-03-31 19:14,42.00,40.00,92.55,25.30,600.00,33.35
BFF,2025-03-31 19:53,43.00,39.00,85.66,19.55,1300.00,33.35
BFF,2025-03-31 20:38,43.00,39.00,85.66,19.55,1400.00,29.90
BFF,2025-03-31 20:53,43.00,39.00,85.66,19.55,1900.00,31.05
BFF,2025-03-31 21:53,42.00,40.00,92.55,10.35,2000.00,33.35
BFF,2025-03-31 21:58,42.00,41.00,96.21,12.65,500.00,M
BFF,2025-03-31 22:02,42.00,41.00,96.21,16.10,700.00,M
BFF,2025-03-31 22:12,42.00,42.00,100.00,4.60,900.00,M
BFF,2025-03-31 22:22,42.00,40.00,92.55,16.10,800.00,M
BFF,2025-03-31 22:33,42.00,40.00,92.55,16.10,1000.00,M
BFF,2025-03-31 22:53,42.00,39.00,89.01,17.25,9000.00,M
BFF,2025-03-31 23:53,41.00,39.00,92.52,12.65,M,M
BFF,2025-04-01 00:53,40.00,39.00,96.18,9.20,M,M
BFF,2025-04-01 01:53,40.00,37.00,88.92,10.35,9000.00,M
BFF,2025-04-01 02:53,38.00,36.00,92.42,10.35,11000.00,M
BFF,2025-04-01 03:53,37.00,35.00,92.39,9.20,200.00,M
BFF,2025-04-01 04:35,40.00,37.00,88.92,9.20,600.00,M
BFF,2025-04-01 04:53,40.00,38.00,92.49,9.20,500.00,M
BFF,2025-04-01 05:53,41.00,38.00,88.97,12.65,700.00,M
BFF,2025-04-01 06:53,40.00,37.00,88.92,12.65,500.00,M
BFF,2025-04-01 07:53,40.00,37.00,88.92,6.90,600.00,M
BFF,2025-04-01 08:53,40.00,37.00,88.92,4.60,700.00,M
BFF,2025-04-01 09:30,40.00,37.00,88.92,3.45,900.00,M
BFF,2025-04-01 09:40,41.00,37.00,85.54,0.00,900.00,M
BFF,2025-04-01 09:53,41.00,37.00,85.54,0.00,M,M
BFF,2025-04-01 10:23,44.00,38.00,79.27,5.75,800.00,M
BFF,2025-04-01 10:53,44.00,38.00,79.27,0.00,900.00,M
BFF,2025-04-01 11:19,45.00,38.00,76.31,3.45,1100.00,M
BFF,2025-04-01 11:53,47.00,39.00,73.57,0.00,1400.00,M
BFF,2025-04-01 12:05,48.00,39.00,70.85,3.45,1600.00,M
BFF,2025-04-01 12:53,47.00,37.00,68.02,10.35,1900.00,M
BFF,2025-04-01 13:53,49.00,38.00,65.63,14.95,2300.00,M
BFF,2025-04-01 14:03,50.00,37.00,60.79,14.95,2400.00,M
BFF,2025-04-01 14:53,52.00,36.00,54.26,14.95,2900.00,M
BFF,2025-04-01 15:53,53.00,35.00,50.27,9.20,5500.00,M
BFF,2025-04-01 16:53,52.00,41.00,66.00,6.90,5000.00,29.90
BFF,2025-04-01 17:53,47.00,37.00,68.02,16.10,3400.00,29.90
BFF,2025-04-01 18:53,49.00,38.00,65.63,14.95,8000.00,M
BFF,2025-04-01 19:53,43.00,37.00,79.19,18.40,2200.00,31.05
BFF,2025-04-01 20:04,43.00,37.00,79.19,14.95,2000.00,M
BFF,2025-04-01 20:46,41.00,36.00,82.22,19.55,1900.00,32.20
BFF,2025-04-01 20:53,41.00,35.00,79.02,20.70,2400.00,32.20
BFF,2025-04-01 21:13,40.00,34.00,78.94,19.55,1900.00,M
BFF,2025-04-01 21:37,39.00,32.00,75.75,21.85,2000.00,33.35
BFF,2025-04-01 21:53,38.00,32.00,78.77,17.25,4000.00,33.35
BFF,2025-04-01 22:53,37.00,31.00,78.69,9.20,12000.00,31.05
BFF,2025-04-01 23:53,37.00,31.00,78.69,13.80,M,M
BFF,2025-04-02 00:49,37.40,30.20,74.98,14.95,2200.00,M
BFF,2025-04-02 00:53,37.00,31.00,78.69,16.10,2200.00,M
BFF,2025-04-02 01:53,37.00,30.00,75.56,13.80,2200.00,M
BFF,2025-04-02 02:53,37.00,31.00,78.69,13.80,2600.00,M
BFF,2025-04-02 03:06,37.00,31.00,78.69,11.50,2500.00,M
BFF,2025-04-02 03:15,37.00,31.00,78.69,9.20,2800.00,M
BFF,2025-04-02 03:53,37.00,31.00,78.69,12.65,2900.00,M
BFF,2025-04-02 04:53,37.00,30.00,75.56,12.65,3200.00,M
BFF,2025-04-02 05:53,36.00,29.00,75.46,13.80,5500.00,M
BFF,2025-04-02 06:53,36.00,29.00,75.46,11.50,7000.00,M
BFF,2025-04-02 07:53,36.00,28.00,72.43,11.50,9000.00,M
BFF,2025-04-02 08:53,37.00,28.00,69.63,14.95,10000.00,M
BFF,2025-04-02 09:53,40.00,29.00,64.50,13.80,7000.00,M
BFF,2025-04-02 10:53,44.00,28.00,53.07,27.60,M,36.80
BFF,2025-04-02 11:53,47.00,29.00,49.34,21.85,3900.00,39.10
BFF,2025-04-02 12:53,49.00,28.00,43.93,26.45,4500.00,41.40
BFF,2025-04-02 13:53,50.00,28.00,42.33,28.75,4900.00,44.85
BFF,2025-04-02 14:53,50.00,29.00,44.10,26.45,4700.00,43.70
BFF,2025-04-02 15:53,51.00,29.00,42.49,20.70,8000.00,40.25
BFF,2025-04-02 16:53,51.00,23.00,33.13,21.85,7000.00,35.65
BFF,2025-04-02 17:53,48.00,23.00,37.06,17.25,7500.00,31.05
BFF,2025-04-02 18:53,48.00,24.00,38.64,17.25,7000.00,M
BFF,2025-04-02 19:53,46.00,25.00,43.44,9.20,M,M
BFF,2025-04-02 20:53,41.00,28.00,59.55,6.90,M,M
BFF,2025-04-02 21:53,37.00,27.00,66.82,5.75,M,M
BFF,2025-04-02 22:53,36.00,26.00,66.69,4.60,M,M
BFF,2025-04-02 23:53,34.00,26.00,72.22,0.00,6500.00,M
BFF,2025-04-03 00:53,32.00,25.00,75.07,0.00,M,M
BFF,2025-04-03 01:53,29.00,24.00,81.32,0.00,M,M
BFF,2025-04-03 02:53,30.00,24.00,78.07,3.45,M,M
BFF,2025-04-03 03:53,27.00,22.00,81.17,6.90,M,M
BFF,2025-04-03 04:53,28.00,23.00,81.25,4.60,M,M
BFF,2025-04-03 05:53,28.00,23.00,81.25,0.00,M,M
BFF,2025-04-03 06:53,26.00,21.00,81.09,4.60,M,M
BFF,2025-04-03 07:53,26.00,21.00,81.09,0.00,M,M
BFF,2025-04-03 08:53,31.00,26.00,81.48,5.75,M,M
BFF,2025-04-03 09:53,37.00,29.00,72.54,5.75,M,M
BFF,2025-04-03 10:53,41.00,28.00,59.55,9.20,M,M
BFF,2025-04-03 11:53,46.00,30.00,53.37,12.65,M,M
BFF,2025-04-03 12:53,50.00,30.00,45.93,14.95,M,M
BFF,2025-04-03 13:53,50.00,28.00,42.33,16.10,11000.00,M
BFF,2025-04-03 14:53,50.00,27.00,40.62,14.95,5000.00,M
BFF,2025-04-03 15:53,48.00,29.00,47.52,20.70,4300.00,M
BFF,2025-04-03 16:53,46.00,28.00,49.18,17.25,3800.00,M
BFF,2025-04-03 17:53,42.00,32.00,67.42,17.25,2600.00,M
BFF,2025-04-03 18:08,40.00,31.00,69.97,19.55,2000.00,M
BFF,2025-04-03 18:28,38.00,33.00,82.00,18.40,1000.00,29.90
BFF,2025-04-03 18:42,37.00,33.00,85.29,14.95,600.00,29.90
BFF,2025-04-03 18:53,37.00,34.00,88.78,13.80,600.00,29.90
BFF,2025-04-03 19:09,37.00,34.00,88.78,13.80,700.00,M
BFF,2025-04-03 19:53,37.00,33.00,85.29,12.65,800.00,M
BFF,2025-04-03 20:53,37.00,33.00,85.29,9.20,800.00,M
BFF,2025-04-03 21:15,37.00,33.00,85.29,8.05,800.00,M
BFF,2025-04-03 21:53,37.00,34.00,88.78,8.05,4100.00,M
BFF,2025-04-03 22:53,37.00,33.00,85.29,5.75,1500.00,M
BFF,2025-04-03 22:58,37.00,33.00,85.29,4.60,900.00,M
BFF,2025-04-03 23:11,37.00,33.00,85.29,5.75,900.00,M
BFF,2025-04-03 23:53,37.00,33.00,85.29,4.60,800.00,M
BFF,2025-04-04 00:53,37.00,33.00,85.29,3.45,800.00,M
BFF,2025-04-04 01:53,37.00,34.00,88.78,4.60,800.00,M
BFF,2025-04-04 02:26,37.00,34.00,88.78,3.45,1000.00,M
BFF,2025-04-04 02:46,37.00,34.00,88.78,0.00,1000.00,M
BFF,2025-04-04 02:53,37.00,34.00,88.78,0.00,1000.00,M
BFF,2025-04-04 03:23,37.00,33.00,85.29,0.00,600.00,M
BFF,2025-04-04 03:33,37.00,33.00,85.29,0.00,600.00,M
BFF,2025-04-04 03:53,37.00,34.00,88.78,3.45,700.00,M
BFF,2025-04-04 04:53,37.00,34.00,88.78,0.00,800.00,M
BFF,2025-04-04 05:53,36.00,33.00,88.73,5.75,900.00,M
BFF,2025-04-04 06:53,37.00,33.00,85.29,6.90,1900.00,M
BFF,2025-04-04 07:53,37.00,33.00,85.29,3.45,2000.00,M
BFF,2025-04-04 08:41,38.00,32.00,78.77,8.05,1400.00,M
BFF,2025-04-04 08:53,36.00,31.00,81.86,21.85,1400.00,33.35
BFF,2025-04-04 09:15,34.00,31.00,88.63,18.40,1200.00,31.05
BFF,2025-04-04 09:53,34.00,31.00,88.63,21.85,1400.00,34.50
BFF,2025-04-04 10:53,32.00,26.00,78.25,26.45,1500.00,35.65
BFF,2025-04-04 11:53,33.00,26.00,75.17,20.70,1600.00,37.95
BFF,2025-04-04 12:26,33.00,25.00,72.11,19.55,1800.00,32.20
BFF,2025-04-04 12:53,32.00,24.00,72.00,17.25,1700.00,32.20
BFF,2025-04-04 13:53,32.00,24.00,72.00,16.10,1800.00,M
BFF,2025-04-04 14:53,33.00,23.00,66.32,13.80,1900.00,M
BFF,2025-04-04 15:53,34.00,23.00,63.72,18.40,2300.00,M
BFF,2025-04-04 16:53,34.00,23.00,63.72,14.95,2500.00,M
BFF,2025-04-04 17:53,34.00,22.00,61.09,12.65,2900.00,M
BFF,2025-04-04 18:04,35.00,22.00,58.70,11.50,3100.00,M
BFF,2025-04-04 18:53,35.00,22.00,58.70,12.65,3400.00,M
BFF,2025-04-04 19:53,34.00,20.00,56.12,12.65,3600.00,M
BFF,2025-04-04 20:53,33.00,20.00,58.41,6.90,3500.00,M
BFF,2025-04-04 21:53,33.00,19.00,55.97,5.75,4500.00,M
BFF,2025-04-04 22:53,32.00,19.00,58.27,4.60,4900.00,M
BFF,2025-04-04 23:53,32.00,20.00,60.81,4.60,4800.00,M
BFF,2025-04-05 00:53,31.00,19.00,60.67,0.00,5000.00,M
BFF,2025-04-05 01:53,28.00,20.00,71.56,4.60,M,M
BFF,2025-04-05 02:53,24.00,20.00,84.46,6.90,M,M
BFF,2025-04-05 03:53,22.00,16.00,77.34,4.60,M,M
BFF,2025-04-05 04:53,20.00,15.00,80.60,5.75,M,M
BFF,2025-04-05 05:53,22.00,16.00,77.34,8.05,M,M
BFF,2025-04-05 06:53,20.00,15.00,80.60,5.75,M,M
BFF,2025-04-05 07:53,20.00,15.00,80.60,4.60,M,M
BFF,2025-04-05 08:53,27.00,20.00,74.57,9.20,M,M
BFF,2025-04-05 09:53,30.00,21.00,68.81,8.05,M,M
BFF,2025-04-05 10:53,35.00,23.00,61.23,11.50,M,M
BFF,2025-04-05 11:53,39.00,20.00,46.06,8.05,M,M
BFF,2025-04-05 12:53,42.00,19.00,39.29,10.35,M,M
BFF,2025-04-05 13:53,44.00,20.00,37.97,9.20,5000.00,M
BFF,2025-04-05 14:53,45.00,19.00,35.02,12.65,5500.00,M
BFF,2025-04-05 15:53,46.00,18.00,32.30,5.75,M,M
BFF,2025-04-05 16:53,48.00,18.00,29.96,9.20,M,M
BFF,2025-04-05 17:53,48.00,17.00,28.69,6.90,M,M
BFF,2025-04-05 18:53,48.00,17.00,28.69,9.20,M,M
BFF,2025-04-05 19:53,46.00,19.00,33.72,8.05,M,M
BFF,2025-04-05 20:53,43.00,18.00,36.22,4.60,M,M
BFF,2025-04-05 21:53,39.00,20.00,46.06,5.75,M,M
BFF,2025-04-05 22:53,32.00,21.00,63.45,9.20,M,M
BFF,2025-04-05 23:53,30.00,20.00,65.94,0.00,M,M
BFF,2025-04-06 00:53,28.00,19.00,68.57,3.45,M,M
BFF,2025-04-06 01:53,27.00,18.00,68.45,0.00,M,M
BFF,2025-04-06 02:53,25.00,18.00,74.36,0.00,M,M
BFF,2025-04-06 03:53,25.00,17.00,71.22,0.00,M,M
BFF,2025-04-06 04:53,22.00,17.00,80.77,4.60,M,M
BFF,2025-04-06 05:53,23.00,16.00,74.15,3.45,M,M
BFF,2025-04-06 06:53,22.00,16.00,77.34,3.45,M,M
BFF,2025-04-06 07:53,21.00,16.00,80.69,4.60,M,M
BFF,2025-04-06 08:53,28.00,21.00,74.67,3.45,M,M
BFF,2025-04-06 09:53,35.00,23.00,61.23,5.75,M,M
BFF,2025-04-06 10:53,42.00,22.00,44.63,10.35,M,M
BFF,2025-04-06 11:53,48.00,22.00,35.53,6.90,M,M
BFF,2025-04-06 12:53,54.00,19.00,25.04,11.50,M,M
BFF,2025-04-06 13:53,57.00,19.00,22.46,9.20,M,M
BFF,2025-04-06 14:53,63.00,16.00,15.93,13.80,M,29.90
BFF,2025-04-06 15:53,63.00,17.00,16.64,18.40,M,29.90
BFF,2025-04-06 16:53,63.00,16.00,15.93,12.65,M,29.90
BFF,2025-04-06 17:53,64.00,21.00,19.07,19.55,M,32.20
BFF,2025-04-06 18:53,62.00,20.00,19.61,19.55,M,M
BFF,2025-04-06 19:53,58.00,18.00,20.75,13.80,M,M
BFF,2025-04-06 20:53,50.00,19.00,29.02,10.35,M,M
BFF,2025-04-06 21:53,45.00,21.00,38.14,9.20,M,M
BFF,2025-04-06 22:53,43.00,23.00,44.80,5.75,M,M
BFF,2025-04-06 23:53,41.00,23.00,48.39,12.65,M,M
BFF,2025-04-07 00:53,36.00,23.00,58.85,8.05,M,M
BFF,2025-04-07 01:53,38.00,22.00,52.14,3.45,M,M
BFF,2025-04-07 02:53,32.00,22.00,66.20,6.90,M,M
BFF,2025-04-07 03:53,33.00,24.00,69.16,8.05,M,M
BFF,2025-04-07 04:53,33.00,24.00,69.16,9.20,M,M
BFF,2025-04-07 05:53,32.00,23.00,69.04,10.35,M,M
BFF,2025-04-07 06:53,28.00,22.00,77.89,6.90,M,M
BFF,2025-04-07 07:53,28.00,22.00,77.89,3.45,M,M
BFF,2025-04-07 08:53,36.00,25.00,63.98,3.45,M,M
BFF,2025-04-07 09:53,42.00,28.00,57.30,4.60,M,M
BFF,2025-04-07 10:53,50.00,27.00,40.62,3.45,M,M
BFF,2025-04-07 11:53,57.00,27.00,31.43,4.60,M,M
BFF,2025-04-07 12:53,62.00,29.00,28.54,5.75,M,M
BFF,2025-04-07 13:53,63.00,27.00,25.38,3.45,M,M
BFF,2025-04-07 14:53,66.00,26.00,21.93,4.60,M,M
BFF,2025-04-07 15:53,69.00,23.00,17.45,M,M,M
BFF,2025-04-07 16:53,69.00,22.00,16.73,0.00,M,M
BFF,2025-04-07 17:53,70.00,23.00,16.86,5.75,M,M
BFF,2025-04-07 18:53,69.00,23.00,17.45,8.05,M,M
BFF,2025-04-07 19:53,65.00,25.00,21.78,10.35,M,M
BFF,2025-04-07 20:53,59.00,28.00,30.48,12.65,M,M
BFF,2025-04-07 21:53,49.00,29.00,45.77,8.05,M,M
BFF,2025-04-07 22:53,50.00,30.00,45.93,12.65,M,M
BFF,2025-04-07 23:53,47.00,30.00,51.39,12.65,M,M
BFF,2025-04-08 00:53,44.00,30.00,57.59,12.65,M,M
BFF,2025-04-08 01:53,42.00,29.00,59.69,8.05,M,M
BFF,2025-04-08 02:53,42.00,29.00,59.69,9.20,M,M
BFF,2025-04-08 03:53,40.00,29.00,64.50,4.60,M,M
BFF,2025-04-08 04:53,40.00,29.00,64.50,5.75,M,M
BFF,2025-04-08 05:53,38.00,28.00,66.94,3.45,M,M
BFF,2025-04-08 06:53,35.00,28.00,75.36,3.45,M,M
BFF,2025-04-08 07:53,36.00,28.00,72.43,8.05,M,M
BFF,2025-04-08 08:53,44.00,31.00,59.97,5.75,M,M
BFF,2025-04-08 09:53,58.00,30.00,34.28,12.65,M,M
BFF,2025-04-08 10:53,66.00,28.00,23.82,14.95,M,M
BFF,2025-04-08 11:53,72.00,24.00,16.43,21.85,M,33.35
BFF,2025-04-08 12:53,74.00,24.00,15.36,19.55,M,33.35
BFF,2025-04-08 13:53,74.00,24.00,15.36,17.25,M,32.20
BFF,2025-04-08 14:53,73.00,26.00,17.26,17.25,M,31.05
BFF,2025-04-08 15:53,74.00,25.00,16.01,29.90,M,43.70
BFF,2025-04-08 16:53,75.00,25.00,15.48,26.45,M,43.70
BFF,2025-04-08 17:53,75.00,25.00,15.48,23.00,M,44.85
BFF,2025-04-08 18:53,73.00,24.00,15.88,16.10,M,40.25
BFF,2025-04-08 19:53,70.00,23.00,16.86,18.40,M,33.35
BFF,2025-04-08 20:53,65.00,26.00,22.71,14.95,M,32.20
BFF,2025-04-08 21:53,63.00,24.00,22.41,11.50,M,M
BFF,2025-04-08 22:53,51.00,27.00,39.14,8.05,11000.00,M
BFF,2025-04-08 23:53,55.00,34.00,44.90,23.00,M,32.20
BFF,2025-04-09 00:53,52.00,37.00,56.45,20.70,M,33.35
BFF,2025-04-09 01:53,49.00,39.00,68.25,12.65,M,29.90
BFF,2025-04-09 02:53,47.00,38.00,70.74,5.75,M,M
BFF,2025-04-09 03:53,43.00,37.00,79.19,5.75,M,M
BFF,2025-04-09 04:53,39.00,35.00,85.42,0.00,M,M
BFF,2025-04-09 05:53,40.00,35.00,82.15,8.05,M,M
BFF,2025-04-09 06:53,39.00,34.00,82.08,9.20,M,M
BFF,2025-04-09 07:53,36.00,32.00,85.23,3.45,M,M
BFF,2025-04-09 08:53,45.00,37.00,73.37,9.20,M,M
BFF,2025-04-09 09:53,52.00,38.00,58.71,10.35,M,M
BFF,2025-04-09 10:53,58.00,37.00,45.38,14.95,M,M
BFF,2025-04-09 11:53,64.00,27.00,24.51,20.70,M,34.50
BFF,2025-04-09 12:53,66.00,24.00,20.18,24.15,M,37.95
BFF,2025-04-09 13:53,67.00,19.00,15.77,27.60,M,42.55
BFF,2025-04-09 14:53,69.00,14.00,11.86,27.60,M,47.15
BFF,2025-04-09 15:53,69.00,15.00,12.39,18.40,M,49.45
BFF,2025-04-09 16:53,69.00,15.00,12.39,20.70,M,40.25
BFF,2025-04-09 17:53,69.00,13.00,11.35,23.00,M,40.25
BFF,2025-04-09 18:53,67.00,13.00,12.16,18.40,M,35.65
BFF,2025-04-09 19:53,62.00,18.00,18.00,13.80,M,29.90
BFF,2025-04-09 20:53,55.00,25.00,31.11,13.80,M,M
BFF,2025-04-09 21:53,48.00,25.00,40.29,5.75,M,M
BFF,2025-04-09 22:53,42.00,25.00,50.61,4.60,M,M
BFF,2025-04-09 23:53,40.00,M,M,5.75,M,M
BFF,2025-04-10 00:53,39.00,M,M,9.20,M,M
BFF,2025-04-10 01:53,37.00,M,M,6.90,M,M
BFF,2025-04-10 02:53,37.00,M,M,5.75,M,M
BFF,2025-04-10 03:53,36.00,M,M,8.05,M,M
BFF,2025-04-10 04:53,32.00,M,M,8.05,M,M
BFF,2025-04-10 05:53,31.00,M,M,6.90,M,M
BFF,2025-04-10 06:53,31.00,M,M,6.90,M,M
BFF,2025-04-10 07:53,34.00,M,M,6.90,M,M
BFF,2025-04-10 08:53,42.00,26.00,52.76,6.90,M,M
BFF,2025-04-10 09:53,47.00,27.00,45.45,6.90,M,M
BFF,2025-04-10 10:53,54.00,26.00,33.63,8.05,M,M
BFF,2025-04-10 11:53,59.00,22.00,23.74,6.90,M,M
BFF,2025-04-10 12:53,63.00,21.00,19.75,M,M,M
BFF,2025-04-10 13:53,64.00,20.00,18.27,9.20,M,M
BFF,2025-04-10 14:01,65.00,20.00,17.65,M,M,M
BFF,2025-04-10 14:53,66.00,20.00,17.04,8.05,M,M
BFF,2025-04-10 15:53,68.00,20.00,15.90,14.95,M,M
BFF,2025-04-10 16:53,70.00,21.00,15.50,11.50,M,M
BFF,2025-04-10 17:53,71.00,19.00,13.75,12.65,M,M
BFF,2025-04-10 18:53,69.00,18.00,14.11,11.50,M,M
BFF,2025-04-10 19:53,64.00,21.00,19.07,9.20,M,M
BFF,2025-04-10 20:53,53.00,21.00,28.29,9.20,M,M
BFF,2025-04-10 21:53,52.00,21.00,29.35,0.00,M,M
BFF,2025-04-10 22:53,44.00,22.00,41.34,3.45,M,M
BFF,2025-04-10 23:53,42.00,22.00,44.63,6.90,M,M
BFF,2025-04-11 00:53,40.00,23.00,50.30,5.75,M,M
BFF,2025-04-11 01:53,39.00,22.00,50.14,6.90,M,M
BFF,2025-04-11 02:53,38.00,22.00,52.14,5.75,M,M
BFF,2025-04-11 03:53,36.00,21.00,54.08,8.05,M,M
BFF,2025-04-11 04:53,37.00,21.00,51.99,8.05,M,M
BFF,2025-04-11 05:53,36.00,21.00,54.08,8.05,M,M
BFF,2025-04-11 06:53,35.00,20.00,53.93,9.20,M,M
BFF,2025-04-11 07:53,36.00,21.00,54.08,5.75,M,M
BFF,2025-04-11 08:53,44.00,23.00,43.11,9.20,M,M
BFF,2025-04-11 09:53,53.00,25.00,33.46,11.50,M,M
BFF,2025-04-11 10:53,58.00,26.00,29.09,6.90,M,M
BFF,2025-04-11 11:53,64.00,29.00,26.60,4.60,M,M
BFF,2025-04-11 12:53,70.00,28.00,20.75,4.60,M,M
BFF,2025-04-11 13:53,75.00,25.00,15.48,5.75,M,M
BFF,2025-04-11 14:53,79.00,24.00,13.01,M,M,M
BFF,2025-04-11 15:53,82.00,21.00,10.39,5.75,M,M
BFF,2025-04-11 16:53,82.00,22.00,10.84,3.45,M,M
BFF,2025-04-11 17:53,82.00,22.00,10.84,3.45,M,M
BFF,2025-04-11 18:53,81.00,27.00,13.80,5.75,M,M
BFF,2025-04-11 19:53,73.00,27.00,17.99,8.05,M,M
BFF,2025-04-11 20:53,64.00,25.00,22.56,4.60,M,M
BFF,2025-04-11 21:53,58.00,28.00,31.59,6.90,M,M
BFF,2025-04-11 22:53,55.00,28.00,35.21,8.05,M,M
BFF,2025-04-11 23:53,54.00,26.00,33.63,4.60,M,M
BFF,2025-04-12 00:53,60.00,24.00,24.92,5.75,M,M
BFF,2025-04-12 01:53,58.00,24.00,26.77,4.60,M,M
BFF,2025-04-12 02:53,66.00,20.00,17.04,4.60,M,M
BFF,2025-04-12 03:53,49.00,26.00,40.45,9.20,M,M
BFF,2025-04-12 04:53,50.00,24.00,35.86,5.75,M,M
BFF,2025-04-12 05:53,51.00,25.00,36.03,4.60,M,M
BFF,2025-04-12 06:53,47.00,25.00,41.83,8.05,M,M
BFF,2025-04-12 07:53,48.00,28.00,45.61,9.20,M,M
BFF,2025-04-12 08:53,55.00,30.00,38.21,10.35,M,M
BFF,2025-04-12 09:53,63.00,30.00,28.70,13.80,M,M
BFF,2025-04-12 10:53,67.00,33.00,28.18,10.35,M,M
BFF,2025-04-12 11:53,71.00,31.00,22.67,6.90,M,M
BFF,2025-04-12 12:53,75.00,32.00,20.63,8.05,M,M
BFF,2025-04-12 13:53,78.00,32.00,18.67,9.20,M,M
BFF,2025-04-12 14:53,79.00,31.00,17.35,4.60,M,M
BFF,2025-04-12 15:53,81.00,30.00,15.60,8.05,M,M
BFF,2025-04-12 16:53,80.00,31.00,16.79,10.35,M,M
BFF,2025-04-12 17:53,79.00,32.00,18.06,10.35,M,M
BFF,2025-04-12 18:53,77.00,32.00,19.30,12.65,M,M
BFF,2025-04-12 19:53,72.00,34.00,24.72,6.90,M,M
BFF,2025-04-12 20:53,69.00,33.00,26.31,6.90,M,M
BFF,2025-04-12 21:53,61.00,35.00,37.66,0.00,M,M
BFF,2025-04-12 22:53,61.00,34.00,36.19,0.00,M,M
BFF,2025-04-12 23:53,61.00,31.00,32.08,9.20,M,M
BFF,2025-04-13 00:53,60.00,26.00,27.08,11.50,M,M
BFF,2025-04-13 01:53,55.00,29.00,36.69,9.20,M,M
BFF,2025-04-13 02:53,55.00,31.00,39.80,12.65,M,M
BFF,2025-04-13 03:53,53.00,37.00,54.41,16.10,M,M
BFF,2025-04-13 04:53,50.00,38.00,63.23,13.80,M,M
BFF,2025-04-13 05:53,48.00,37.00,65.51,14.95,M,M
BFF,2025-04-13 06:53,46.00,36.00,67.90,12.65,M,M
BFF,2025-04-13 07:13,46.00,37.00,70.64,12.65,2300.00,M
BFF,2025-04-13 07:53,49.00,38.00,65.63,9.20,2400.00,M
BFF,2025-04-13 08:53,51.00,35.00,54.12,19.55,2600.00,M
BFF,2025-04-13 09:53,52.00,33.00,48.15,19.55,3600.00,32.20
BFF,2025-04-13 10:53,54.00,27.00,35.05,18.40,M,34.50
BFF,2025-04-13 11:53,55.00,25.00,31.11,24.15,M,34.50
BFF,2025-04-13 12:53,56.00,22.00,26.45,19.55,M,34.50
BFF,2025-04-13 13:53,61.00,23.00,23.06,18.40,M,37.95
BFF,2025-04-13 14:53,61.00,23.00,23.06,19.55,M,33.35
BFF,2025-04-13 15:53,59.00,22.00,23.74,18.40,M,36.80
BFF,2025-04-13 16:53,58.00,25.00,27.91,24.15,M,41.40
BFF,2025-04-13 17:53,60.00,19.00,20.17,24.15,M,43.70
BFF,2025-04-13 18:53,58.00,10.00,14.61,24.15,9000.00,41.40
BFF,2025-04-13 19:53,52.00,18.00,25.82,28.75,M,39.10
BFF,2025-04-13 20:53,48.00,19.00,31.27,16.10,M,39.10
BFF,2025-04-13 21:53,46.00,21.00,36.72,24.15,M,37.95
BFF,2025-04-13 22:53,43.00,21.00,41.17,18.40,M,37.95
BFF,2025-04-13 23:53,38.00,21.00,49.98,8.05,M,M
BFF,2025-04-14 00:53,37.00,21.00,51.99,10.35,M,M
BFF,2025-04-14 01:53,37.00,22.00,54.23,8.05,M,M
BFF,2025-04-14 02:53,37.00,22.00,54.23,9.20,M,M
BFF,2025-04-14 03:53,36.00,21.00,54.08,12.65,M,M
BFF,2025-04-14 04:53,32.00,21.00,63.45,11.50,11000.00,M
BFF,2025-04-14 05:53,30.00,20.00,65.94,5.75,10000.00,M
BFF,2025-04-14 06:53,27.00,19.00,71.45,5.75,M,M
BFF,2025-04-14 07:53,28.00,20.00,71.56,5.75,M,M
BFF,2025-04-14 08:53,35.00,21.00,56.27,8.05,M,M
BFF,2025-04-14 09:53,42.00,21.00,42.78,10.35,M,M
BFF,2025-04-14 10:53,47.00,18.00,31.11,11.50,M,M
BFF,2025-04-14 11:53,51.00,18.00,26.79,12.65,M,M
BFF,2025-04-14 12:53,54.00,17.00,22.98,14.95,8000.00,M
BFF,2025-04-14 13:53,57.00,16.00,19.73,18.40,8500.00,33.35
BFF,2025-04-14 14:53,60.00,16.00,17.72,23.00,9000.00,40.25
BFF,2025-04-14 15:53,60.00,16.00,17.72,20.70,9500.00,35.65
BFF,2025-04-14 16:53,60.00,17.00,18.50,25.30,9500.00,39.10
BFF,2025-04-14 17:53,59.00,17.00,19.18,19.55,M,32.20
BFF,2025-04-14 18:53,57.00,17.00,20.60,19.55,M,33.35
BFF,2025-04-14 19:53,53.00,18.00,24.88,16.10,M,32.20
BFF,2025-04-14 20:53,48.00,18.00,29.96,12.65,M,M
BFF,2025-04-14 21:53,40.00,19.00,42.45,8.05,M,M
BFF,2025-04-14 22:53,38.00,19.00,45.90,9.20,M,M
BFF,2025-04-14 23:53,35.00,18.00,49.50,4.60,M,M
BFF,2025-04-15 00:53,33.00,17.00,51.36,0.00,M,M
BFF,2025-04-15 01:53,30.00,17.00,57.98,3.45,M,M
BFF,2025-04-15 02:53,27.00,16.00,62.78,4.60,M,M
BFF,2025-04-15 03:53,27.00,16.00,62.78,3.45,M,M
BFF,2025-04-15 04:53,28.00,17.00,62.91,5.75,M,M
BFF,2025-04-15 05:53,29.00,17.00,60.39,8.05,M,M
BFF,2025-04-15 06:53,25.00,15.00,65.30,6.90,M,M
BFF,2025-04-15 07:53,29.00,18.00,63.05,8.05,M,M
BFF,2025-04-15 08:53,39.00,20.00,46.06,8.05,M,M
BFF,2025-04-15 09:53,45.00,21.00,38.14,8.05,M,M
BFF,2025-04-15 10:53,55.00,23.00,28.61,8.05,M,M
BFF,2025-04-15 11:53,61.00,26.00,26.14,6.90,M,M
BFF,2025-04-15 12:53,67.00,25.00,20.32,10.35,M,M
BFF,2025-04-15 13:53,71.00,22.00,15.62,M,M,M
BFF,2025-04-15 14:53,71.00,18.00,13.18,6.90,M,M
BFF,2025-04-15 15:53,74.00,18.00,11.91,9.20,M,M
BFF,2025-04-15 16:53,74.00,17.00,11.40,3.45,M,M
BFF,2025-04-15 17:53,74.00,14.00,10.01,0.00,M,M
BFF,2025-04-15 18:53,74.00,16.00,10.92,10.35,M,M
BFF,2025-04-15 19:53,70.00,18.00,13.63,10.35,M,M
BFF,2025-04-15 20:53,60.00,20.00,21.05,9.20,M,M
BFF,2025-04-15 21:53,57.00,21.00,24.45,13.80,M,M
BFF,2025-04-15 22:53,55.00,23.00,28.61,13.80,M,M
BFF,2025-04-15 23:53,50.00,23.00,34.39,10.35,M,M
BFF,2025-04-16 00:53,46.00,22.00,38.31,9.20,M,M
BFF,2025-04-16 01:53,43.00,23.00,44.80,6.90,M,M
BFF,2025-04-16 02:53,40.00,23.00,50.30,5.75,M,M
BFF,2025-04-16 03:53,40.00,21.00,46.23,5.75,M,M
BFF,2025-04-16 04:53,38.00,19.00,45.90,3.45,M,M
BFF,2025-04-16 05:53,40.00,19.00,42.45,6.90,M,M
BFF,2025-04-16 06:53,39.00,20.00,46.06,4.60,M,M
BFF,2025-04-16 07:53,40.00,21.00,46.23,5.75,M,M
BFF,2025-04-16 08:53,52.00,23.00,31.93,6.90,M,M
BFF,2025-04-16 09:53,59.00,21.00,22.76,12.65,M,M
BFF,2025-04-16 10:53,68.00,22.00,17.31,10.35,M,M
BFF,2025-04-16 11:53,75.00,17.00,11.03,17.25,M,M
BFF,2025-04-16 12:53,77.00,14.00,9.05,11.50,M,M
BFF,2025-04-16 13:53,79.00,13.00,8.11,10.35,M,32.20
BFF,2025-04-16 14:53,80.00,11.00,7.18,14.95,M,M
BFF,2025-04-16 15:53,81.00,12.00,7.27,16.10,M,32.20
BFF,2025-04-16 16:53,82.00,14.00,7.68,13.80,M,34.50
BFF,2025-04-16 17:53,79.00,14.00,8.48,6.90,M,M
BFF,2025-04-16 18:53,76.00,17.00,10.67,3.45,M,M
BFF,2025-04-16 19:53,73.00,18.00,12.31,0.00,M,M
BFF,2025-04-16 20:53,69.00,19.00,14.72,5.75,M,M
BFF,2025-04-16 21:53,66.00,22.00,18.55,0.00,M,M
BFF,2025-04-16 22:53,66.00,21.00,17.78,9.20,12000.00,M
BFF,2025-04-16 23:53,65.00,30.00,26.76,6.90,M,M
BFF,2025-04-17 00:53,67.00,28.00,23.01,11.50,M,M
BFF,2025-04-17 01:53,62.00,30.00,29.73,11.50,12000.00,M
BFF,2025-04-17 02:53,59.00,32.00,35.87,8.05,11000.00,M
BFF,2025-04-17 03:18,57.00,28.00,32.75,11.50,11000.00,M
BFF,2025-04-17 03:53,55.00,28.00,35.21,4.60,M,M
BFF,2025-04-17 04:53,57.00,29.00,34.12,9.20,11000.00,M
BFF,2025-04-17 05:40,57.00,43.00,59.40,12.65,6000.00,M
BFF,2025-04-17 05:53,57.00,43.00,59.40,6.90,6000.00,M
BFF,2025-04-17 06:53,51.00,40.00,65.87,4.60,8000.00,M
BFF,2025-04-17 07:53,50.00,37.00,60.79,9.20,7000.00,M
BFF,2025-04-17 08:53,51.00,34.00,52.00,17.25,M,M
BFF,2025-04-17 09:53,50.00,33.00,51.85,19.55,M,M
BFF,2025-04-17 10:53,53.00,33.00,46.41,20.70,M,M
BFF,2025-04-17 11:53,54.00,32.00,42.98,18.40,M,M
BFF,2025-04-17 12:53,56.00,30.00,36.85,18.40,M,M
BFF,2025-04-17 13:53,55.00,28.00,35.21,18.40,4700.00,31.05
BFF,2025-04-17 14:53,51.00,28.00,40.78,16.10,5000.00,M
BFF,2025-04-17 15:53,42.00,33.00,70.19,20.70,2500.00,32.20
BFF,2025-04-17 16:53,46.00,31.00,55.58,27.60,4300.00,35.65
BFF,2025-04-17 17:53,41.00,29.00,62.04,21.85,3800.00,39.10
BFF,2025-04-17 18:53,37.00,28.00,69.63,27.60,1600.00,39.10
BFF,2025-04-17 19:53,36.00,27.00,69.51,21.85,1300.00,35.65
BFF,2025-04-17 20:20,36.00,27.00,69.51,17.25,1500.00,32.20
BFF,2025-04-17 20:53,35.00,26.00,69.39,20.70,1500.00,35.65
BFF,2025-04-17 21:35,35.00,26.00,69.39,18.40,1800.00,M
BFF,2025-04-17 21:53,35.00,26.00,69.39,21.85,5000.00,M
BFF,2025-04-17 22:53,35.00,26.00,69.39,11.50,1800.00,M
BFF,2025-04-17 23:14,35.00,27.00,72.32,14.95,1700.00,M
BFF,2025-04-17 23:32,34.00,28.00,78.43,14.95,1700.00,M
BFF,2025-04-17 23:40,34.00,28.00,78.43,13.80,1700.00,M
BFF,2025-04-17 23:53,34.00,28.00,78.43,10.35,1700.00,M
BFF,2025-04-18 00:23,34.00,28.00,78.43,10.35,1500.00,M
BFF,2025-04-18 00:53,34.00,28.00,78.43,12.65,1800.00,M
BFF,2025-04-18 01:46,34.00,27.00,75.26,14.95,1700.00,M
BFF,2025-04-18 01:53,34.00,27.00,75.26,12.65,1900.00,M
BFF,2025-04-18 02:53,34.00,27.00,75.26,14.95,1500.00,M
BFF,2025-04-18 03:29,33.00,26.00,75.17,19.55,1400.00,M
BFF,2025-04-18 03:36,33.00,27.00,78.34,13.80,1600.00,M
BFF,2025-04-18 03:53,33.00,27.00,78.34,17.25,1600.00,M
BFF,2025-04-18 04:53,33.00,27.00,78.34,12.65,1700.00,M
BFF,2025-04-18 05:53,33.00,26.00,75.17,11.50,1800.00,M
BFF,2025-04-18 06:53,32.00,25.00,75.07,10.35,3600.00,M
BFF,2025-04-18 07:53,32.00,26.00,78.25,10.35,2700.00,M
BFF,2025-04-18 07:58,32.00,26.00,78.25,9.20,1600.00,M
BFF,2025-04-18 08:20,32.00,27.00,81.55,10.35,1600.00,M
BFF,2025-04-18 08:34,33.00,26.00,75.17,10.35,3300.00,M
BFF,2025-04-18 08:53,34.00,26.00,72.22,11.50,4800.00,M
BFF,2025-04-18 09:53,35.00,26.00,69.39,14.95,5500.00,M
BFF,2025-04-18 10:53,37.00,24.00,58.99,11.50,2100.00,M
BFF,2025-04-18 11:13,39.00,25.00,56.86,9.20,2400.00,M
BFF,2025-04-18 11:53,38.00,24.00,56.71,10.35,2500.00,M
BFF,2025-04-18 12:39,37.00,26.00,64.11,9.20,2400.00,M
BFF,2025-04-18 12:46,37.00,26.00,64.11,8.05,2200.00,M
BFF,2025-04-18 12:53,37.00,26.00,64.11,9.20,2200.00,M
BFF,2025-04-18 13:21,37.00,27.00,66.82,10.35,1800.00,M
BFF,2025-04-18 13:26,36.00,28.00,72.43,10.35,1800.00,M
BFF,2025-04-18 13:36,35.00,28.00,75.36,6.90,1700.00,M
BFF,2025-04-18 13:44,36.00,29.00,75.46,4.60,2000.00,M
BFF,2025-04-18 13:53,37.00,29.00,72.54,10.35,1800.00,M
BFF,2025-04-18 14:03,39.00,31.00,72.75,3.45,2100.00,M
BFF,2025-04-18 14:25,37.00,29.00,72.54,8.05,1400.00,M
BFF,2025-04-18 14:33,39.00,31.00,72.75,6.90,1400.00,M
BFF,2025-04-18 14:53,40.00,29.00,64.50,3.45,2800.00,M
BFF,2025-04-18 15:53,40.00,26.00,57.01,4.60,4100.00,M
BFF,2025-04-18 16:53,41.00,25.00,52.61,5.75,3800.00,M
BFF,2025-04-18 17:53,41.00,23.00,48.39,9.20,4700.00,M
BFF,2025-04-18 18:53,40.00,24.00,52.45,6.90,5500.00,M
BFF,2025-04-18 19:53,40.00,26.00,57.01,0.00,6500.00,M
BFF,2025-04-18 20:53,39.00,27.00,61.78,0.00,6000.00,M
BFF,2025-04-18 21:53,38.00,26.00,61.64,3.45,4400.00,M
BFF,2025-04-18 22:53,37.00,27.00,66.82,5.75,4000.00,M
BFF,2025-04-18 23:53,29.00,24.00,81.32,5.75,M,M
BFF,2025-04-19 00:53,29.00,24.00,81.32,4.60,M,M
BFF,2025-04-19 01:53,26.00,22.00,84.59,6.90,M,M
BFF,2025-04-19 02:53,26.00,22.00,84.59,6.90,M,M
BFF,2025-04-19 03:53,24.00,20.00,84.46,3.45,M,M
BFF,2025-04-19 04:53,22.00,18.00,84.33,0.00,M,M
BFF,2025-04-19 05:53,21.00,17.00,84.26,3.45,M,M
BFF,2025-04-19 06:53,21.00,17.00,84.26,5.75,M,M
BFF,2025-04-19 07:53,23.00,19.00,84.39,4.60,M,M
BFF,2025-04-19 08:53,30.00,24.00,78.07,0.00,M,M
BFF,2025-04-19 09:53,36.00,26.00,66.69,4.60,M,M
BFF,2025-04-19 10:53,42.00,28.00,57.30,6.90,M,M
BFF,2025-04-19 11:53,48.00,23.00,37.06,14.95,3600.00,M
BFF,2025-04-19 12:53,48.00,23.00,37.06,18.40,5000.00,M
BFF,2025-04-19 13:53,50.00,23.00,34.39,10.35,6000.00,M
BFF,2025-04-19 14:53,53.00,24.00,32.10,18.40,6000.00,M
BFF,2025-04-19 15:53,54.00,24.00,30.94,14.95,6000.00,M
BFF,2025-04-19 16:53,55.00,24.00,29.83,16.10,6500.00,M
BFF,2025-04-19 17:53,53.00,23.00,30.78,12.65,7000.00,M
BFF,2025-04-19 18:53,53.00,24.00,32.10,18.40,7000.00,M
BFF,2025-04-19 19:53,50.00,23.00,34.39,14.95,M,M
BFF,2025-04-19 20:53,46.00,24.00,41.67,10.35,M,M
BFF,2025-04-19 21:53,39.00,23.00,52.30,6.90,M,M
BFF,2025-04-19 22:53,36.00,23.00,58.85,6.90,M,M
BFF,2025-04-19 23:53,34.00,23.00,63.72,6.90,M,M
BFF,2025-04-20 00:53,36.00,24.00,61.37,8.05,M,M
BFF,2025-04-20 01:53,36.00,25.00,63.98,5.75,M,M
BFF,2025-04-20 02:53,33.00,24.00,69.16,6.90,M,M
BFF,2025-04-20 03:53,33.00,24.00,69.16,10.35,M,M
BFF,2025-04-20 04:53,32.00,24.00,72.00,10.35,M,M
BFF,2025-04-20 05:53,30.00,23.00,74.87,6.90,M,M
BFF,2025-04-20 06:53,29.00,23.00,77.98,10.35,M,M
BFF,2025-04-20 07:53,32.00,25.00,75.07,10.35,M,M
BFF,2025-04-20 08:53,42.00,28.00,57.30,11.50,M,M
BFF,2025-04-20 09:53,49.00,29.00,45.77,11.50,M,M
BFF,2025-04-20 10:53,53.00,26.00,34.88,8.05,M,M
BFF,2025-04-20 11:53,56.00,24.00,28.77,12.65,M,M
BFF,2025-04-20 12:53,59.00,21.00,22.76,14.95,M,M
BFF,2025-04-20 13:53,64.00,18.00,16.77,17.25,M,29.90
BFF,2025-04-20 14:53,66.00,17.00,14.98,21.85,M,34.50
BFF,2025-04-20 15:53,67.00,25.00,20.32,23.00,8500.00,34.50
BFF,2025-04-20 16:53,63.00,30.00,28.70,21.85,8500.00,35.65
BFF,2025-04-20 17:53,64.00,31.00,28.86,18.40,7000.00,35.65
BFF,2025-04-20 18:53,64.00,31.00,28.86,21.85,M,34.50
BFF,2025-04-20 19:53,60.00,31.00,33.24,13.80,M,29.90
BFF,2025-04-20 20:53,53.00,31.00,42.81,6.90,8000.00,M
BFF,2025-04-20 21:53,52.00,31.00,44.42,5.75,M,M
BFF,2025-04-20 22:53,50.00,31.00,47.83,4.60,M,M
BFF,2025-04-20 23:53,44.00,31.00,59.97,0.00,5000.00,M
BFF,2025-04-21 00:53,44.00,31.00,59.97,3.45,9000.00,M
BFF,2025-04-21 01:53,39.00,28.00,64.37,5.75,11000.00,M
BFF,2025-04-21 02:53,36.00,27.00,69.51,8.05,M,M
BFF,2025-04-21 03:53,38.00,28.00,66.94,4.60,M,M
BFF,2025-04-21 04:53,32.00,25.00,75.07,4.60,M,M
BFF,2025-04-21 05:53,32.00,25.00,75.07,4.60,M,M
BFF,2025-04-21 06:53,30.00,24.00,78.07,5.75,M,M
BFF,2025-04-21 07:53,34.00,27.00,75.26,3.45,M,M
BFF,2025-04-21 08:53,42.00,30.00,62.18,3.45,M,M
BFF,2025-04-21 09:53,50.00,32.00,49.81,6.90,M,M
BFF,2025-04-21 10:53,57.00,30.00,35.54,4.60,11000.00,M
BFF,2025-04-21 11:53,64.00,32.00,30.05,4.60,M,M
BFF,2025-04-21 12:53,71.00,29.00,20.90,12.65,10000.00,M
BFF,2025-04-21 13:53,71.00,29.00,20.90,33.35,12000.00,47.15
BFF,2025-04-21 14:53,70.00,27.00,19.92,24.15,12000.00,47.15
BFF,2025-04-21 15:53,70.00,20.00,14.85,28.75,M,48.30
BFF,2025-04-21 16:53,70.00,16.00,12.50,26.45,M,47.15
BFF,2025-04-21 17:53,69.00,18.00,14.11,25.30,M,49.45
BFF,2025-04-21 18:53,68.00,17.00,13.98,21.85,M,40.25
BFF,2025-04-21 19:53,66.00,18.00,15.64,17.25,M,36.80
BFF,2025-04-21 20:53,60.00,14.00,16.24,11.50,M,33.35
BFF,2025-04-21 21:53,50.00,15.00,24.41,3.45,M,M
BFF,2025-04-21 22:53,49.00,29.00,45.77,14.95,M,M
BFF,2025-04-21 23:53,46.00,M,M,11.50,M,M
BFF,2025-04-22 00:53,42.00,M,M,6.90,M,M
BFF,2025-04-22 03:53,32.00,M,M,5.75,M,M
BFF,2025-04-22 04:53,31.00,M,M,6.90,12000.00,M
BFF,2025-04-22 05:53,31.00,M,M,5.75,M,M
BFF,2025-04-22 06:53,30.00,M,M,4.60,M,M
BFF,2025-04-22 07:53,34.00,M,M,0.00,M,M
BFF,2025-04-22 08:53,41.00,29.00,62.04,3.45,M,M
BFF,2025-04-22 09:53,49.00,33.00,53.82,9.20,M,M
BFF,2025-04-22 10:53,55.00,34.00,44.90,10.35,M,M
BFF,2025-04-22 11:53,63.00,32.00,31.12,9.20,M,M
BFF,2025-04-22 12:53,68.00,29.00,23.16,9.20,11000.00,M
BFF,2025-04-22 13:53,70.00,27.00,19.92,M,11000.00,M
BFF,2025-04-22 14:53,71.00,25.00,17.72,9.20,11000.00,M
BFF,2025-04-22 15:53,71.00,24.00,16.99,10.35,11000.00,40.25
BFF,2025-04-22 16:53,73.00,24.00,15.88,9.20,M,M
BFF,2025-04-22 17:53,74.00,24.00,15.36,11.50,12000.00,M
BFF,2025-04-22 18:53,72.00,24.00,16.43,5.75,10000.00,M
BFF,2025-04-22 19:53,66.00,28.00,23.82,13.80,M,M
BFF,2025-04-22 20:53,62.00,30.00,29.73,14.95,12000.00,M
BFF,2025-04-22 21:53,57.00,28.00,32.75,16.10,M,31.05
BFF,2025-04-22 22:53,53.00,28.00,37.88,23.00,M,31.05
BFF,2025-04-22 23:53,52.00,28.00,39.30,24.15,M,34.50
BFF,2025-04-23 00:53,50.00,29.00,44.10,20.70,M,42.55
BFF,2025-04-23 01:53,49.00,29.00,45.77,17.25,M,41.40
BFF,2025-04-23 02:53,47.00,28.00,47.36,17.25,M,36.80
BFF,2025-04-23 03:53,46.00,27.00,47.20,17.25,M,33.35
BFF,2025-04-23 04:53,45.00,26.00,47.04,19.55,M,31.05
BFF,2025-04-23 05:53,44.00,25.00,46.88,23.00,M,36.80
BFF,2025-04-23 06:53,43.00,23.00,44.80,23.00,M,36.80
BFF,2025-04-23 07:53,45.00,23.00,41.50,19.55,3600.00,36.80
BFF,2025-04-23 08:53,47.00,23.00,38.48,20.70,3400.00,33.35
BFF,2025-04-23 09:53,48.00,23.00,37.06,17.25,3100.00,33.35
BFF,2025-04-23 10:53,48.00,25.00,40.29,12.65,3100.00,M
BFF,2025-04-23 11:41,48.00,26.00,42.00,12.65,2900.00,M
BFF,2025-04-23 11:53,49.00,26.00,40.45,11.50,2800.00,M
BFF,2025-04-23 12:21,50.00,27.00,40.62,10.35,3100.00,M
BFF,2025-04-23 12:53,52.00,29.00,40.95,10.35,3600.00,M
BFF,2025-04-23 13:53,53.00,35.00,50.27,13.80,3500.00,M
BFF,2025-04-23 14:53,55.00,36.00,48.62,12.65,3400.00,M
BFF,2025-04-23 15:53,56.00,36.00,46.88,4.60,4000.00,M
BFF,2025-04-23 16:53,58.00,37.00,45.38,17.25,4400.00,M
BFF,2025-04-23 17:53,57.00,37.00,47.04,16.10,4000.00,M
BFF,2025-04-23 18:53,57.00,39.00,50.88,18.40,4100.00,M
BFF,2025-04-23 19:53,55.00,38.00,52.60,12.65,3500.00,M
BFF,2025-04-23 20:53,54.00,38.00,54.56,9.20,5000.00,M
BFF,2025-04-23 21:53,53.00,37.00,54.41,12.65,6500.00,M
BFF,2025-04-23 22:53,52.00,37.00,56.45,12.65,7000.00,M
BFF,2025-04-23 23:53,51.00,35.00,54.12,16.10,6500.00,M
BFF,2025-04-24 00:53,50.00,35.00,56.16,12.65,3800.00,M
BFF,2025-04-24 01:53,46.00,33.00,60.25,11.50,8000.00,M
BFF,2025-04-24 02:53,46.00,32.00,57.87,12.65,3300.00,M
BFF,2025-04-24 03:21,45.00,32.00,60.11,11.50,2800.00,M
BFF,2025-04-24 03:53,45.00,32.00,60.11,13.80,2800.00,M
BFF,2025-04-24 04:53,44.00,30.00,57.59,11.50,2500.00,M
BFF,2025-04-24 05:53,44.00,29.00,55.29,10.35,2400.00,M
BFF,2025-04-24 06:53,43.00,30.00,59.83,9.20,2400.00,M
BFF,2025-04-24 07:53,43.00,33.00,67.54,12.65,2300.00,M
BFF,2025-04-24 08:53,42.00,35.00,76.03,10.35,1600.00,M
BFF,2025-04-24 09:01,42.00,36.00,79.11,10.35,1400.00,M
BFF,2025-04-24 09:25,42.00,36.00,79.11,10.35,1000.00,M
BFF,2025-04-24 09:35,42.00,36.00,79.11,10.35,800.00,M
BFF,2025-04-24 09:46,42.00,36.00,79.11,11.50,800.00,M
BFF,2025-04-24 09:53,42.00,37.00,82.30,11.50,800.00,M
BFF,2025-04-24 10:53,43.00,36.00,76.12,11.50,1000.00,M
BFF,2025-04-24 11:53,46.00,36.00,67.90,10.35,1400.00,M
BFF,2025-04-24 12:01,46.00,37.00,70.64,8.05,1500.00,M
BFF,2025-04-24 12:53,47.00,37.00,68.02,4.60,1700.00,M
BFF,2025-04-24 13:53,48.00,38.00,68.13,0.00,1900.00,M
BFF,2025-04-24 14:53,49.00,38.00,65.63,8.05,1900.00,M
BFF,2025-04-24 15:53,47.00,39.00,73.57,9.20,1500.00,M
BFF,2025-04-24 16:33,47.00,39.00,73.57,9.20,1400.00,M
BFF,2025-04-24 16:53,46.00,40.00,79.44,9.20,1400.00,M
BFF,2025-04-24 17:13,45.00,41.00,85.77,9.20,1500.00,M
BFF,2025-04-24 17:22,45.00,41.00,85.77,12.65,1300.00,M
BFF,2025-04-24 17:37,45.00,41.00,85.77,10.35,900.00,M
BFF,2025-04-24 17:53,45.00,41.00,85.77,13.80,900.00,M
BFF,2025-04-24 18:53,45.00,39.00,79.36,14.95,1300.00,M
BFF,2025-04-24 19:53,45.00,38.00,76.31,13.80,1300.00,M
BFF,2025-04-24 20:37,44.00,38.00,79.27,12.65,1100.00,M
BFF,2025-04-24 20:53,44.00,38.00,79.27,13.80,1100.00,M
BFF,2025-04-24 21:53,43.00,38.00,82.37,12.65,1000.00,M
BFF,2025-04-24 22:53,42.00,38.00,85.60,12.65,1200.00,M
BFF,2025-04-24 23:15,42.00,38.00,85.60,6.90,1000.00,M
BFF,2025-04-24 23:28,41.00,38.00,88.97,9.20,900.00,M
BFF,2025-04-24 23:53,41.00,37.00,85.54,17.25,900.00,M
BFF,2025-04-25 00:02,41.00,37.00,85.54,13.80,1000.00,M
BFF,2025-04-25 00:10,41.00,38.00,88.97,8.05,800.00,M
BFF,2025-04-25 00:18,41.00,37.00,85.54,5.75,800.00,M
BFF,2025-04-25 00:53,41.00,37.00,85.54,6.90,1000.00,M
BFF,2025-04-25 01:53,40.00,36.00,85.48,4.60,1000.00,M
BFF,2025-04-25 02:12,40.00,36.00,85.48,10.35,600.00,M
BFF,2025-04-25 02:53,39.00,36.00,88.87,9.20,600.00,M
BFF,2025-04-25 03:53,39.00,36.00,88.87,4.60,900.00,M
BFF,2025-04-25 04:33,39.00,36.00,88.87,3.45,1100.00,M
BFF,2025-04-25 04:53,39.00,35.00,85.42,3.45,1300.00,M
BFF,2025-04-25 05:48,39.20,35.60,86.79,5.75,800.00,M
BFF,2025-04-25 05:53,39.00,35.00,85.42,4.60,900.00,M
BFF,2025-04-25 06:19,39.00,35.00,85.42,5.75,1000.00,M
BFF,2025-04-25 06:41,39.00,35.00,85.42,5.75,800.00,M
BFF,2025-04-25 06:53,39.00,35.00,85.42,6.90,800.00,M
BFF,2025-04-25 07:51,39.20,35.60,86.79,6.90,500.00,M
BFF,2025-04-25 07:53,39.00,35.00,85.42,6.90,1000.00,M
BFF,2025-04-25 08:26,39.00,35.00,85.42,5.75,800.00,M
BFF,2025-04-25 08:53,39.00,35.00,85.42,5.75,700.00,M
BFF,2025-04-25 09:28,39.00,35.00,85.42,3.45,1000.00,M
BFF,2025-04-25 09:53,40.00,35.00,82.15,5.75,1100.00,M
BFF,2025-04-25 10:27,39.00,35.00,85.42,9.20,800.00,M
BFF,2025-04-25 10:53,39.00,35.00,85.42,8.05,900.00,M
BFF,2025-04-25 11:37,39.00,36.00,88.87,8.05,1100.00,M
BFF,2025-04-25 11:53,40.00,36.00,85.48,8.05,1000.00,M
BFF,2025-04-25 12:00,40.00,36.00,85.48,8.05,700.00,M
BFF,2025-04-25 12:53,40.00,36.00,85.48,10.35,1000.00,M
BFF,2025-04-25 13:27,40.00,36.00,85.48,9.20,800.00,M
BFF,2025-04-25 13:36,40.00,37.00,88.92,9.20,800.00,M
BFF,2025-04-25 13:53,41.00,36.00,82.22,11.50,700.00,M
BFF,2025-04-25 14:04,41.00,37.00,85.54,9.20,800.00,M
BFF,2025-04-25 14:53,42.00,36.00,79.11,11.50,1000.00,M
BFF,2025-04-25 15:27,42.00,38.00,85.60,14.95,1200.00,M
BFF,2025-04-25 15:31,42.00,38.00,85.60,12.65,800.00,M
BFF,2025-04-25 15:53,42.00,38.00,85.60,16.10,700.00,M
BFF,2025-04-25 16:08,42.00,38.00,85.60,13.80,900.00,M
BFF,2025-04-25 16:22,42.00,38.00,85.60,14.95,1100.00,M
BFF,2025-04-25 16:53,42.00,38.00,85.60,14.95,1000.00,M
BFF,2025-04-25 17:09,42.00,38.00,85.60,14.95,800.00,M
BFF,2025-04-25 17:53,42.00,38.00,85.60,12.65,900.00,M
BFF,2025-04-25 18:35,42.00,38.00,85.60,11.50,800.00,M
BFF,2025-04-25 18:53,41.00,38.00,88.97,11.50,600.00,M
BFF,2025-04-25 19:41,41.00,39.00,92.52,12.65,600.00,M
BFF,2025-04-25 19:53,41.00,40.00,96.19,13.80,600.00,M
BFF,2025-04-25 20:03,41.00,40.00,96.19,11.50,600.00,M
BFF,2025-04-25 20:12,41.00,39.00,92.52,13.80,400.00,M
BFF,2025-04-25 20:25,41.00,40.00,96.19,14.95,500.00,M
BFF,2025-04-25 20:40,41.00,40.00,96.19,14.95,500.00,M
BFF,2025-04-25 20:53,41.00,40.00,96.19,14.95,400.00,M
BFF,2025-04-25 21:53,41.00,39.00,92.52,12.65,400.00,M
BFF,2025-04-25 22:53,42.00,39.00,89.01,12.65,400.00,M
BFF,2025-04-25 23:53,42.00,39.00,89.01,13.80,400.00,M
BFF,2025-04-26 00:53,42.00,40.00,92.55,13.80,400.00,M
BFF,2025-04-26 01:33,42.00,40.00,92.55,13.80,500.00,M
BFF,2025-04-26 01:53,42.00,40.00,92.55,13.80,500.00,M
BFF,2025-04-26 02:53,42.00,40.00,92.55,14.95,500.00,M
BFF,2025-04-26 03:53,43.00,40.00,89.06,13.80,500.00,M
BFF,2025-04-26 04:53,43.00,40.00,89.06,13.80,600.00,M
BFF,2025-04-26 05:53,43.00,40.00,89.06,14.95,600.00,M
BFF,2025-04-26 06:53,43.00,40.00,89.06,14.95,500.00,M
BFF,2025-04-26 07:13,43.00,41.00,92.58,16.10,400.00,M
BFF,2025-04-26 07:26,43.00,41.00,92.58,14.95,400.00,M
BFF,2025-04-26 07:33,43.00,41.00,92.58,13.80,400.00,M
BFF,2025-04-26 07:53,43.00,41.00,92.58,17.25,400.00,M
BFF,2025-04-26 08:00,43.00,41.00,92.58,16.10,500.00,M
BFF,2025-04-26 08:53,45.00,41.00,85.77,18.40,900.00,M
BFF,2025-04-26 09:32,45.00,42.00,89.15,14.95,1000.00,M
BFF,2025-04-26 09:53,46.00,42.00,85.83,17.25,1000.00,M
BFF,2025-04-26 10:53,48.00,42.00,79.60,19.55,1200.00,M
BFF,2025-04-26 11:53,50.00,43.00,76.76,18.40,1400.00,M
BFF,2025-04-26 12:21,52.00,44.00,74.07,18.40,1600.00,M
BFF,2025-04-26 12:53,54.00,45.00,71.50,17.25,1800.00,M
BFF,2025-04-26 13:53,58.00,46.00,64.24,18.40,2400.00,M
BFF,2025-04-26 14:53,60.00,47.00,62.11,16.10,2500.00,29.90
BFF,2025-04-26 15:53,62.00,49.00,62.36,21.85,2700.00,29.90
BFF,2025-04-26 16:43,65.00,49.00,56.13,23.00,2600.00,36.80
BFF,2025-04-26 16:53,64.00,49.00,58.13,23.00,2600.00,36.80
BFF,2025-04-26 17:53,63.00,50.00,62.49,21.85,2400.00,35.65
BFF,2025-04-26 18:08,63.00,49.00,60.20,19.55,2400.00,32.20
BFF,2025-04-26 18:53,63.00,50.00,62.49,19.55,2500.00,32.20
BFF,2025-04-26 19:53,60.00,49.00,66.95,21.85,2200.00,32.20
BFF,2025-04-26 20:53,57.00,49.00,74.55,16.10,1600.00,31.05
BFF,2025-04-26 21:53,57.00,50.00,77.38,12.65,1700.00,29.90
BFF,2025-04-26 22:53,57.00,50.00,77.38,16.10,1500.00,M
BFF,2025-04-26 23:27,56.00,50.00,80.23,16.10,1400.00,M
BFF,2025-04-26 23:53,56.00,50.00,80.23,16.10,1300.00,M
BFF,2025-04-27 00:53,55.00,51.00,86.34,16.10,1300.00,M
BFF,2025-04-27 01:25,55.00,51.00,86.34,16.10,1500.00,M
BFF,2025-04-27 01:53,55.00,51.00,86.34,20.70,1800.00,M
BFF,2025-04-27 02:30,55.00,52.00,89.59,13.80,1300.00,M
BFF,2025-04-27 02:43,55.00,52.00,89.59,13.80,500.00,M
BFF,2025-04-27 02:53,55.00,52.00,89.59,16.10,500.00,M
BFF,2025-04-27 03:17,56.00,52.00,86.40,16.10,600.00,M
BFF,2025-04-27 03:53,56.00,53.00,89.64,16.10,700.00,M
BFF,2025-04-27 04:04,56.00,53.00,89.64,14.95,700.00,M
BFF,2025-04-27 04:53,56.00,53.00,89.64,16.10,1800.00,M
BFF,2025-04-27 05:15,56.00,53.00,89.64,14.95,300.00,M
BFF,2025-04-27 05:53,56.00,53.00,89.64,14.95,300.00,M
BFF,2025-04-27 06:53,55.00,53.00,92.95,13.80,400.00,M
BFF,2025-04-27 07:53,56.00,53.00,89.64,13.80,1800.00,M
BFF,2025-04-27 08:53,58.00,53.00,83.39,11.50,1600.00,M
BFF,2025-04-27 09:15,58.00,53.00,83.39,11.50,1400.00,M
BFF,2025-04-27 09:53,59.00,53.00,80.46,10.35,1300.00,M
BFF,2025-04-27 10:53,61.00,52.00,72.22,10.35,1400.00,M
BFF,2025-04-27 11:01,62.00,53.00,72.32,10.35,1500.00,M
BFF,2025-04-27 11:53,63.00,52.00,67.29,10.35,1800.00,M
BFF,2025-04-27 12:39,66.00,52.00,60.60,12.65,1900.00,M
BFF,2025-04-27 12:53,67.00,52.00,58.53,11.50,1900.00,M
BFF,2025-04-27 13:53,72.00,52.00,49.33,9.20,M,M
BFF,2025-04-27 14:53,76.00,45.00,33.19,6.90,M,M
BFF,2025-04-27 15:53,78.00,47.00,33.50,5.75,M,M
BFF,2025-04-27 16:53,80.00,42.00,25.93,8.05,M,M
BFF,2025-04-27 17:53,81.00,38.00,21.48,3.45,M,M
BFF,2025-04-27 18:53,78.00,41.00,26.64,4.60,M,M
BFF,2025-04-27 19:25,75.00,44.00,33.03,6.90,4100.00,M
BFF,2025-04-27 19:40,73.00,50.00,44.29,9.20,11000.00,M
BFF,2025-04-27 19:53,73.00,47.00,39.58,9.20,M,M
BFF,2025-04-27 20:53,71.00,40.00,32.40,25.30,5500.00,32.20
BFF,2025-04-27 21:04,66.00,41.00,39.99,32.20,4900.00,52.90
BFF,2025-04-27 21:21,64.00,42.00,44.57,28.75,4800.00,52.90
BFF,2025-04-27 21:53,60.00,45.00,57.58,32.20,5000.00,52.90
BFF,2025-04-27 22:53,55.00,45.00,68.93,31.05,M,49.45
BFF,2025-04-27 23:53,54.00,42.00,63.74,21.85,M,48.30
BFF,2025-04-28 00:53,55.00,39.00,54.70,20.70,M,35.65
BFF,2025-04-28 01:53,56.00,37.00,48.77,14.95,M,31.05
BFF,2025-04-28 02:53,55.00,38.00,52.60,6.90,10000.00,M
BFF,2025-04-28 03:53,49.00,38.00,65.63,8.05,M,M
BFF,2025-04-28 04:53,46.00,M,M,4.60,11000.00,M
BFF,2025-04-28 05:53,48.00,M,M,5.75,10000.00,M
BFF,2025-04-28 06:53,47.00,M,M,8.05,12000.00,M
BFF,2025-04-28 07:53,54.00,M,M,12.65,M,M
BFF,2025-04-28 08:53,55.00,M,M,13.80,11000.00,M
BFF,2025-04-28 09:53,59.00,M,M,17.25,2400.00,M
BFF,2025-04-28 10:53,61.00,44.00,53.49,20.70,3300.00,34.50
BFF,2025-04-28 11:53,64.00,39.00,39.67,19.55,M,33.35
BFF,2025-04-28 12:53,69.00,40.00,34.69,17.25,M,37.95
BFF,2025-04-28 13:53,58.00,39.00,49.08,37.95,4700.00,56.35
BFF,2025-04-28 14:53,63.00,40.00,42.72,29.90,7000.00,49.45
BFF,2025-04-28 15:53,62.00,36.00,37.83,34.50,M,46.00
BFF,2025-04-28 16:53,57.00,36.00,45.22,25.30,M,49.45
BFF,2025-04-28 17:53,53.00,36.00,52.30,33.35,M,48.30
BFF,2025-04-28 18:19,50.00,37.00,60.79,26.45,2300.00,48.30
BFF,2025-04-28 18:48,46.40,37.40,70.68,25.30,2000.00,48.30
BFF,2025-04-28 18:49,47.00,38.00,70.74,25.30,2000.00,48.30
BFF,2025-04-28 19:53,47.00,36.00,65.38,12.65,2600.00,34.50
BFF,2025-04-28 20:34,47.00,37.00,68.02,12.65,2300.00,M
BFF,2025-04-28 20:53,46.00,39.00,76.40,11.50,2300.00,M
BFF,2025-04-28 21:10,45.00,40.00,82.51,11.50,2200.00,M
BFF,2025-04-28 21:53,45.00,40.00,82.51,11.50,2500.00,M
BFF,2025-04-28 22:02,44.00,40.00,85.71,9.20,2500.00,M
BFF,2025-04-28 22:33,44.00,39.00,82.44,11.50,2600.00,M
BFF,2025-04-28 22:53,43.00,38.00,82.37,9.20,4000.00,M
BFF,2025-04-28 23:53,43.00,39.00,85.66,6.90,12000.00,M
BFF,2025-04-29 00:23,42.00,38.00,85.60,8.05,1600.00,M
BFF,2025-04-29 00:53,43.00,38.00,82.37,9.20,1500.00,M
BFF,2025-04-29 01:53,43.00,38.00,82.37,9.20,1600.00,M
BFF,2025-04-29 02:53,43.00,37.00,79.19,8.05,1800.00,M
BFF,2025-04-29 03:31,40.00,36.00,85.48,5.75,1800.00,M
BFF,2025-04-29 03:53,39.00,34.00,82.08,3.45,M,M
BFF,2025-04-29 04:53,37.00,33.00,85.29,6.90,M,M
BFF,2025-04-29 05:53,34.00,32.00,92.29,5.75,M,M
BFF,2025-04-29 06:53,35.00,31.00,85.17,0.00,M,M
BFF,2025-04-29 07:53,37.00,33.00,85.29,0.00,M,M
BFF,2025-04-29 08:53,41.00,36.00,82.22,3.45,M,M
BFF,2025-04-29 09:53,46.00,38.00,73.47,6.90,M,M
BFF,2025-04-29 10:53,52.00,39.00,61.06,8.05,M,M
BFF,2025-04-29 11:53,61.00,36.00,39.19,17.25,M,M
BFF,2025-04-29 12:53,64.00,35.00,33.89,14.95,6000.00,32.20
BFF,2025-04-29 13:53,67.00,34.00,29.33,14.95,6500.00,M
BFF,2025-04-29 14:53,69.00,33.00,26.31,14.95,M,M
BFF,2025-04-29 15:53,71.00,31.00,22.67,10.35,8000.00,M
BFF,2025-04-29 16:53,72.00,30.00,21.04,10.35,9000.00,M
BFF,2025-04-29 17:53,73.00,29.00,19.53,14.95,10000.00,M
BFF,2025-04-29 18:53,70.00,30.00,22.52,16.10,11000.00,M
BFF,2025-04-29 19:53,68.00,32.00,26.15,12.65,11000.00,M
BFF,2025-04-29 20:53,65.00,34.00,31.44,10.35,9000.00,M
BFF,2025-04-29 21:53,56.00,43.00,61.59,3.45,5000.00,36.80
BFF,2025-04-29 22:53,55.00,43.00,63.86,12.65,M,M
BFF,2025-04-29 23:53,55.00,38.00,52.60,16.10,M,M
BFF,2025-04-30 00:53,52.00,38.00,58.71,9.20,M,M
BFF,2025-04-30 01:53,51.00,37.00,58.58,10.35,M,M
BFF,2025-04-30 02:53,53.00,36.00,52.30,10.35,M,M
BFF,2025-04-30 03:53,49.00,36.00,60.66,10.35,12000.00,M
BFF,2025-04-30 04:53,44.00,36.00,73.27,9.20,12000.00,M
BFF,2025-04-30 05:53,42.00,35.00,76.03,6.90,M,M
BFF,2025-04-30 06:53,40.00,35.00,82.15,4.60,12000.00,M
BFF,2025-04-30 07:53,43.00,37.00,79.19,4.60,M,M
BFF,2025-04-30 08:53,51.00,38.00,60.92,4.60,M,M
BFF,2025-04-30 09:53,59.00,36.00,42.08,14.95,M,M
BFF,2025-04-30 10:53,61.00,39.00,44.10,20.70,M,31.05
BFF,2025-04-30 11:53,65.00,42.00,43.04,18.40,4300.00,33.35
BFF,2025-04-30 12:53,67.00,40.00,37.16,14.95,4800.00,M
BFF,2025-04-30 13:53,69.00,40.00,34.69,11.50,5500.00,M
BFF,2025-04-30 14:53,66.00,40.00,38.47,13.80,6000.00,M
BFF,2025-04-30 15:53,66.00,40.00,38.47,13.80,6000.00,M
BFF,2025-04-30 16:53,64.00,40.00,41.25,16.10,6000.00,M
BFF,2025-04-30 17:53,59.00,45.00,59.67,14.95,4100.00,M
BFF,2025-04-30 18:53,54.00,44.00,68.82,19.55,2300.00,34.50
BFF,2025-04-30 19:53,52.00,42.00,68.59,14.95,5500.00,29.90
BFF,2025-04-30 20:53,50.00,41.00,71.07,10.35,2000.00,M
BFF,2025-04-30 21:53,46.00,39.00,76.40,8.05,8000.00,M
BFF,2025-04-30 22:53,44.00,38.00,79.27,5.75,M,M
BFF,2025-04-30 23:53,43.00,37.00,79.19,4.60,8500.00,M
BFF,2025-05-01 00:53,41.00,36.00,82.22,6.90,7500.00,M
BFF,2025-05-01 01:53,42.00,36.00,79.11,8.05,7000.00,M
BFF,2025-05-01 02:53,42.00,36.00,79.11,8.05,7000.00,M
BFF,2025-05-01 03:53,41.00,36.00,82.22,9.20,M,M
BFF,2025-05-01 04:53,39.00,35.00,85.42,8.05,M,M
BFF,2025-05-01 05:53,37.00,33.00,85.29,5.75,M,M
BFF,2025-05-01 06:53,35.00,32.00,88.68,8.05,M,M
BFF,2025-05-01 07:53,38.00,34.00,85.35,5.75,M,M
BFF,2025-05-01 08:53,45.00,36.00,70.53,8.05,M,M
BFF,2025-05-01 09:53,52.00,37.00,56.45,13.80,M,M
BFF,2025-05-01 10:53,57.00,35.00,43.46,14.95,M,M
BFF,2025-05-01 11:53,60.00,33.00,36.03,13.80,4900.00,M
BFF,2025-05-01 12:53,62.00,30.00,29.73,9.20,6000.00,M
BFF,2025-05-01 13:53,59.00,31.00,34.45,11.50,4400.00,M
BFF,2025-05-01 14:53,61.00,31.00,32.08,8.05,3800.00,33.35
BFF,2025-05-01 15:53,57.00,36.00,45.22,19.55,6000.00,36.80
BFF,2025-05-01 16:53,50.00,36.00,58.44,27.60,6000.00,56.35
BFF,2025-05-01 17:53,52.00,34.00,50.12,16.10,6500.00,42.55
BFF,2025-05-01 18:53,54.00,35.00,48.46,17.25,4500.00,M
BFF,2025-05-01 19:53,55.00,33.00,43.14,17.25,4800.00,M
BFF,2025-05-01 20:53,49.00,33.00,53.82,11.50,9500.00,34.50
BFF,2025-05-01 21:53,47.00,33.00,58.01,12.65,M,M
BFF,2025-05-01 22:53,45.00,33.00,62.58,10.35,10000.00,M
BFF,2025-05-01 23:53,44.00,32.00,62.44,6.90,5500.00,M
BFF,2025-05-02 00:53,42.00,31.00,64.75,9.20,M,M
BFF,2025-05-02 01:53,39.00,30.00,69.85,8.05,M,M
BFF,2025-05-02 02:53,36.00,29.00,75.46,6.90,M,M
BFF,2025-05-02 03:53,37.00,31.00,78.69,9.20,M,M
BFF,2025-05-02 04:53,34.00,30.00,85.11,5.75,M,M
BFF,2025-05-02 05:53,31.00,27.00,84.92,8.05,M,M
BFF,2025-05-02 06:53,34.00,30.00,85.11,3.45,7000.00,M
BFF,2025-05-02 07:53,37.00,31.00,78.69,6.90,M,M
BFF,2025-05-02 08:53,43.00,32.00,64.88,10.35,M,M
BFF,2025-05-02 09:53,50.00,35.00,56.16,9.20,M,M
BFF,2025-05-02 10:53,55.00,29.00,36.69,14.95,5500.00,M
BFF,2025-05-02 11:53,58.00,28.00,31.59,17.25,M,M
BFF,2025-05-02 12:53,58.00,26.00,29.09,11.50,6500.00,M
BFF,2025-05-02 13:53,62.00,25.00,24.20,12.65,M,M
BFF,2025-05-02 14:53,65.00,24.00,20.89,9.20,M,M
BFF,2025-05-02 15:53,65.00,23.00,20.04,6.90,M,M
BFF,2025-05-02 16:53,66.00,23.00,19.35,4.60,M,M
BFF,2025-05-02 17:53,66.00,22.00,18.55,6.90,M,M
BFF,2025-05-02 18:53,66.00,21.00,17.78,9.20,M,M
BFF,2025-05-02 19:53,64.00,23.00,20.75,5.75,M,M
BFF,2025-05-02 20:53,57.00,25.00,28.93,9.20,M,M
BFF,2025-05-02 21:53,50.00,24.00,35.86,9.20,M,M
BFF,2025-05-02 22:53,46.00,23.00,39.96,6.90,M,M
BFF,2025-05-02 23:53,43.00,22.00,42.95,6.90,M,M
BFF,2025-05-03 00:53,38.00,22.00,52.14,8.05,M,M
BFF,2025-05-03 01:53,40.00,23.00,50.30,8.05,M,M
BFF,2025-05-03 02:53,38.00,23.00,54.39,5.75,M,M
BFF,2025-05-03 03:53,39.00,24.00,54.54,9.20,M,M
BFF,2025-05-03 04:53,38.00,24.00,56.71,6.90,M,M
BFF,2025-05-03 05:53,37.00,23.00,56.57,8.05,M,M
BFF,2025-05-03 06:53,36.00,22.00,56.42,6.90,M,M
BFF,2025-05-03 07:53,43.00,24.00,46.71,9.20,M,M
BFF,2025-05-03 08:53,48.00,26.00,42.00,9.20,M,M
BFF,2025-05-03 09:53,55.00,28.00,35.21,5.75,M,M
BFF,2025-05-03 10:53,59.00,28.00,30.48,3.45,M,M
BFF,2025-05-03 11:53,65.00,30.00,26.76,5.75,M,M
BFF,2025-05-03 12:53,70.00,29.00,21.62,9.20,M,M
BFF,2025-05-03 13:53,75.00,28.00,17.53,8.05,M,M
BFF,2025-05-03 14:53,77.00,22.00,12.77,3.45,M,M
BFF,2025-05-03 15:53,78.00,20.00,11.35,4.60,M,M
BFF,2025-05-03 16:53,80.00,21.00,11.09,9.20,M,M
BFF,2025-05-03 17:53,79.00,20.00,10.98,4.60,M,M
BFF,2025-05-03 18:53,79.00,19.00,10.53,9.20,M,M
BFF,2025-05-03 19:53,76.00,22.00,13.20,10.35,M,M
BFF,2025-05-03 20:53,69.00,26.00,19.77,12.65,M,M
BFF,2025-05-03 21:53,64.00,31.00,28.86,12.65,M,M
BFF,2025-05-03 22:53,60.00,31.00,33.24,13.80,M,M
BFF,2025-05-03 23:53,57.00,32.00,38.54,14.95,M,M
BFF,2025-05-04 00:53,55.00,32.00,41.44,12.65,M,M
BFF,2025-05-04 01:53,52.00,33.00,48.15,12.65,M,M
BFF,2025-05-04 02:53,51.00,34.00,52.00,12.65,M,M
BFF,2025-05-04 03:53,50.00,35.00,56.16,16.10,M,M
BFF,2025-05-04 04:53,49.00,36.00,60.66,16.10,M,M
BFF,2025-05-04 05:53,48.00,36.00,62.97,16.10,M,M
BFF,2025-05-04 06:53,47.00,36.00,65.38,16.10,M,M
BFF,2025-05-04 07:53,50.00,37.00,60.79,19.55,M,M
BFF,2025-05-04 08:53,55.00,39.00,54.70,13.80,M,M
BFF,2025-05-04 09:53,61.00,43.00,51.48,17.25,M,M
BFF,2025-05-04 10:53,68.00,43.00,40.31,20.70,M,31.05
BFF,2025-05-04 11:53,71.00,43.00,36.38,21.85,M,34.50
BFF,2025-05-04 12:53,74.00,43.00,32.87,19.55,M,33.35
BFF,2025-05-04 13:53,77.00,41.00,27.53,23.00,M,33.35
BFF,2025-05-04 14:53,79.00,37.00,22.05,24.15,M,36.80
BFF,2025-05-04 15:53,79.00,36.00,21.19,20.70,M,37.95
BFF,2025-05-04 16:53,80.00,34.00,18.94,20.70,M,37.95
BFF,2025-05-04 17:53,79.00,37.00,22.05,20.70,M,40.25
BFF,2025-05-04 18:53,77.00,40.00,26.49,19.55,M,35.65
BFF,2025-05-04 19:53,74.00,40.00,29.28,19.55,M,37.95
BFF,2025-05-04 20:53,70.00,41.00,34.85,17.25,M,32.20
BFF,2025-05-04 21:53,66.00,42.00,41.57,20.70,M,29.90
BFF,2025-05-04 22:53,62.00,43.00,49.69,18.40,M,29.90
BFF,2025-05-04 23:53,60.00,44.00,55.42,20.70,M,32.20
BFF,2025-05-05 00:53,58.00,44.00,59.54,17.25,M,M
BFF,2025-05-05 01:53,56.00,M,M,12.65,M,M
BFF,2025-05-05 02:53,55.00,M,M,16.10,M,M
BFF,2025-05-05 03:53,51.00,M,M,9.20,M,M
BFF,2025-05-05 04:53,51.00,M,M,12.65,M,M
BFF,2025-05-05 05:53,49.00,M,M,12.65,M,M
BFF,2025-05-05 06:53,47.00,M,M,10.35,M,M
BFF,2025-05-05 07:53,50.00,M,M,14.95,M,M
BFF,2025-05-05 08:53,55.00,M,M,14.95,M,M
BFF,2025-05-05 09:53,60.00,44.00,55.42,12.65,M,M
BFF,2025-05-05 10:53,66.00,44.00,44.88,16.10,M,M
BFF,2025-05-05 11:53,73.00,40.00,30.28,19.55,M,29.90
BFF,2025-05-05 12:53,73.00,42.00,32.71,23.00,6000.00,36.80
BFF,2025-05-05 13:53,73.00,43.00,34.00,19.55,M,40.25
BFF,2025-05-05 14:53,76.00,42.00,29.59,18.40,7500.00,33.35
BFF,2025-05-05 15:53,70.00,43.00,37.64,27.60,10000.00,42.55
BFF,2025-05-05 16:53,72.00,41.00,32.56,17.25,9500.00,43.70
BFF,2025-05-05 17:53,72.00,39.00,30.12,20.70,8000.00,36.80
BFF,2025-05-05 18:53,69.00,41.00,36.06,19.55,M,40.25
BFF,2025-05-05 19:53,65.00,44.00,46.47,14.95,8500.00,39.10
BFF,2025-05-05 20:53,64.00,41.00,42.88,13.80,M,M
BFF,2025-05-05 21:53,63.00,41.00,44.41,11.50,11000.00,M
BFF,2025-05-05 22:53,61.00,40.00,45.85,8.05,11000.00,M
BFF,2025-05-05 23:53,60.00,40.00,47.51,9.20,7000.00,M
BFF,2025-05-06 00:53,57.00,43.00,59.40,10.35,6000.00,M
BFF,2025-05-06 01:53,55.00,44.00,66.36,6.90,6000.00,M
BFF,2025-05-06 02:53,55.00,44.00,66.36,3.45,7500.00,M
BFF,2025-05-06 03:53,53.00,46.00,77.03,6.90,7000.00,M
BFF,2025-05-06 04:53,54.00,44.00,68.82,8.05,6500.00,M
BFF,2025-05-06 05:53,51.00,44.00,76.85,13.80,6000.00,M
BFF,2025-05-06 06:53,49.00,42.00,76.67,16.10,5500.00,M
BFF,2025-05-06 07:53,49.00,42.00,76.67,17.25,5500.00,M
BFF,2025-05-06 08:53,49.00,42.00,76.67,17.25,4500.00,M
BFF,2025-05-06 09:25,50.00,42.00,73.87,9.20,1300.00,M
BFF,2025-05-06 09:53,51.00,43.00,73.97,8.05,1300.00,M
BFF,2025-05-06 10:53,52.00,42.00,68.59,8.05,1400.00,M
BFF,2025-05-06 11:08,53.00,43.00,68.71,8.05,1500.00,M
BFF,2025-05-06 11:53,56.00,43.00,61.59,8.05,5500.00,M
BFF,2025-05-06 12:53,61.00,43.00,51.48,9.20,2700.00,M
BFF,2025-05-06 13:53,63.00,43.00,47.97,8.05,3800.00,M
BFF,2025-05-06 14:53,67.00,41.00,38.63,11.50,5000.00,M
BFF,2025-05-06 15:53,66.00,43.00,43.20,19.55,5500.00,M
BFF,2025-05-06 16:53,65.00,43.00,44.73,20.70,10000.00,32.20
BFF,2025-05-06 17:53,65.00,43.00,44.73,19.55,7000.00,29.90
BFF,2025-05-06 18:22,60.00,45.00,57.58,13.80,7500.00,36.80
BFF,2025-05-06 18:37,60.00,45.00,57.58,11.50,7000.00,36.80
BFF,2025-05-06 18:53,60.00,42.00,51.33,13.80,6500.00,36.80
BFF,2025-05-06 19:49,57.20,44.60,62.69,10.35,4500.00,M
BFF,2025-05-06 19:53,58.00,44.00,59.54,9.20,4500.00,M
BFF,2025-05-06 20:15,57.00,44.00,61.72,9.20,7000.00,M
BFF,2025-05-06 20:53,55.00,45.00,68.93,6.90,3800.00,M
BFF,2025-05-06 21:53,54.00,45.00,71.50,8.05,3300.00,M
BFF,2025-05-06 22:53,51.00,46.00,82.93,5.75,4300.00,M
BFF,2025-05-06 23:35,50.00,47.00,89.37,4.60,4100.00,M
BFF,2025-05-06 23:45,50.00,47.00,89.37,3.45,4200.00,M
BFF,2025-05-06 23:53,51.00,47.00,86.12,4.60,4800.00,M
BFF,2025-05-07 00:53,50.00,47.00,89.37,8.05,5000.00,M
BFF,2025-05-07 01:53,50.00,46.00,86.06,5.75,3900.00,M
BFF,2025-05-07 02:13,50.00,47.00,89.37,10.35,600.00,M
BFF,2025-05-07 02:16,50.00,47.00,89.37,10.35,600.00,M
BFF,2025-05-07 02:29,49.00,45.00,86.00,10.35,600.00,M
BFF,2025-05-07 02:53,49.00,45.00,86.00,13.80,2000.00,M
BFF,2025-05-07 03:30,49.00,45.00,86.00,6.90,2400.00,M
BFF,2025-05-07 03:46,49.00,46.00,89.33,8.05,2400.00,M
BFF,2025-05-07 03:53,49.00,45.00,86.00,9.20,2400.00,M
BFF,2025-05-07 04:53,49.00,45.00,86.00,10.35,6000.00,M
BFF,2025-05-07 05:53,49.00,45.00,86.00,6.90,6000.00,M
BFF,2025-05-07 06:53,49.00,44.00,82.79,6.90,8000.00,M
BFF,2025-05-07 07:53,50.00,43.00,76.76,8.05,7000.00,M
BFF,2025-05-07 08:53,50.00,43.00,76.76,9.20,6500.00,M
BFF,2025-05-07 09:53,55.00,43.00,63.86,10.35,6500.00,M
BFF,2025-05-07 10:53,59.00,44.00,57.44,12.65,M,M
BFF,2025-05-07 11:53,60.00,43.00,53.34,9.20,8500.00,M
BFF,2025-05-07 12:53,62.00,45.00,53.63,9.20,3500.00,M
BFF,2025-05-07 13:53,64.00,45.00,49.99,10.35,3900.00,M
BFF,2025-05-07 14:53,66.00,44.00,44.88,M,4300.00,M
BFF,2025-05-07 15:53,66.00,42.00,41.57,3.45,5000.00,M
BFF,2025-05-07 16:53,68.00,40.00,35.90,3.45,M,M
BFF,2025-05-07 17:53,69.00,40.00,34.69,3.45,M,M
BFF,2025-05-07 18:53,68.00,39.00,34.53,8.05,M,M
BFF,2025-05-07 19:53,66.00,40.00,38.47,8.05,M,M
BFF,2025-05-07 20:48,60.80,42.80,51.45,17.25,7500.00,M
BFF,2025-05-07 20:53,60.00,43.00,53.34,16.10,7500.00,M
BFF,2025-05-07 21:53,57.00,M,M,9.20,8000.00,M
BFF,2025-05-07 22:53,54.00,M,M,5.75,7000.00,M
BFF,2025-05-07 23:53,53.00,M,M,5.75,7000.00,M
BFF,2025-05-08 00:53,51.00,M,M,3.45,6000.00,M
BFF,2025-05-08 01:53,49.00,M,M,0.00,6500.00,M
BFF,2025-05-08 02:53,47.00,M,M,0.00,M,M
BFF,2025-05-08 03:53,45.00,M,M,0.00,M,M
BFF,2025-05-08 04:53,44.00,M,M,3.45,M,M
BFF,2025-05-08 05:53,43.00,M,M,5.75,M,M
BFF,2025-05-08 06:53,43.00,M,M,4.60,M,M
BFF,2025-05-08 07:53,46.00,M,M,5.75,M,M
BFF,2025-05-08 08:53,52.00,M,M,6.90,M,M
BFF,2025-05-08 09:53,57.00,45.00,64.12,6.90,M,M
BFF,2025-05-08 10:53,62.00,47.00,57.85,8.05,M,M
BFF,2025-05-08 11:53,67.00,44.00,43.35,8.05,M,M
BFF,2025-05-08 12:53,70.00,43.00,37.64,11.50,5000.00,M
BFF,2025-05-08 13:53,71.00,42.00,35.01,12.65,6000.00,M
BFF,2025-05-08 14:53,72.00,41.00,32.56,14.95,6500.00,M
BFF,2025-05-08 15:53,73.00,41.00,31.47,10.35,7500.00,M
BFF,2025-05-08 16:53,75.00,41.00,29.43,13.80,7500.00,M
BFF,2025-05-08 17:53,75.00,41.00,29.43,10.35,7500.00,M
BFF,2025-05-08 18:53,73.00,39.00,29.12,11.50,M,M
BFF,2025-05-08 19:53,72.00,40.00,31.32,8.05,M,M
BFF,2025-05-08 20:53,67.00,42.00,40.15,8.05,M,M
BFF,2025-05-08 21:53,61.00,43.00,51.48,5.75,M,M
BFF,2025-05-08 22:53,55.00,44.00,66.36,4.60,M,M
BFF,2025-05-08 23:53,54.00,43.00,66.24,4.60,M,M
BFF,2025-05-09 00:53,52.00,43.00,71.28,5.75,M,M
BFF,2025-05-09 01:53,52.00,41.00,66.00,9.20,M,M
BFF,2025-05-09 02:53,49.00,40.00,70.96,6.90,M,M
BFF,2025-05-09 03:53,48.00,40.00,73.67,5.75,M,M
BFF,2025-05-09 04:53,48.00,39.00,70.85,5.75,M,M
BFF,2025-05-09 05:53,47.00,39.00,73.57,6.90,M,M
BFF,2025-05-09 06:53,47.00,39.00,73.57,3.45,M,M
BFF,2025-05-09 07:53,52.00,43.00,71.28,0.00,M,M
BFF,2025-05-09 08:53,57.00,42.00,57.16,5.75,M,M
BFF,2025-05-09 09:53,63.00,43.00,47.97,3.45,M,M
BFF,2025-05-09 10:53,67.00,45.00,45.04,3.45,M,M
BFF,2025-05-09 11:53,72.00,47.00,40.94,5.75,M,M
BFF,2025-05-09 12:53,76.00,40.00,27.38,3.45,M,M
BFF,2025-05-09 13:53,77.00,39.00,25.47,4.60,M,M
BFF,2025-05-09 14:53,79.00,38.00,22.93,5.75,9000.00,M
BFF,2025-05-09 15:53,79.00,38.00,22.93,0.00,9000.00,M
BFF,2025-05-09 16:53,78.00,39.00,24.65,16.10,7500.00,M
BFF,2025-05-09 17:53,79.00,40.00,24.79,6.90,M,M
BFF,2025-05-09 18:34,75.00,41.00,29.43,9.20,10000.00,M
BFF,2025-05-09 18:49,73.40,42.80,33.29,8.05,10000.00,M
BFF,2025-05-09 18:53,74.00,43.00,32.87,6.90,10000.00,M
BFF,2025-05-09 19:01,73.00,43.00,34.00,5.75,11000.00,M
BFF,2025-05-09 19:17,73.00,42.00,32.71,0.00,10000.00,M
BFF,2025-05-09 19:43,70.00,43.00,37.64,9.20,8500.00,M
BFF,2025-05-09 19:53,65.00,47.00,52.07,10.35,6000.00,M
BFF,2025-05-09 20:10,66.00,47.00,50.29,11.50,4400.00,M
BFF,2025-05-09 20:53,66.00,46.00,48.43,8.05,12000.00,M
BFF,2025-05-09 21:53,59.00,49.00,69.38,6.90,M,M
BFF,2025-05-09 22:53,56.00,46.00,69.05,6.90,M,M
BFF,2025-05-09 23:53,57.00,45.00,64.12,0.00,M,M
BFF,2025-05-10 00:53,54.00,44.00,68.82,0.00,M,M
BFF,2025-05-10 01:53,51.00,44.00,76.85,3.45,M,M
BFF,2025-05-10 02:53,49.00,44.00,82.79,6.90,M,M
BFF,2025-05-10 03:53,50.00,43.00,76.76,3.45,M,M
BFF,2025-05-10 04:53,48.00,42.00,79.60,3.45,M,M
BFF,2025-05-10 05:53,46.00,40.00,79.44,0.00,M,M
BFF,2025-05-10 06:53,45.00,41.00,85.77,4.60,M,M
BFF,2025-05-10 07:53,50.00,44.00,79.76,3.45,M,M
BFF,2025-05-10 08:53,56.00,47.00,71.70,5.75,M,M
BFF,2025-05-10 09:53,62.00,48.00,60.07,0.00,M,M
BFF,2025-05-10 10:53,69.00,49.00,48.88,0.00,M,M
BFF,2025-05-10 11:53,74.00,47.00,38.27,4.60,M,M
BFF,2025-05-10 12:53,80.00,41.00,24.94,M,M,M
BFF,2025-05-10 13:53,81.00,35.00,19.08,5.75,M,M
BFF,2025-05-10 14:53,83.00,35.00,17.88,8.05,M,M
BFF,2025-05-10 15:53,83.00,35.00,17.88,8.05,M,M
BFF,2025-05-10 16:53,84.00,34.00,16.63,14.95,M,M
BFF,2025-05-10 17:53,83.00,34.00,17.18,11.50,M,M
BFF,2025-05-10 18:53,82.00,36.00,19.21,12.65,M,M
BFF,2025-05-10 19:53,80.00,34.00,18.94,11.50,M,M
BFF,2025-05-10 20:53,74.00,37.00,26.03,9.20,M,M
BFF,2025-05-10 21:53,69.00,40.00,34.69,10.35,M,M
BFF,2025-05-10 22:53,65.00,39.00,38.31,9.20,M,M
BFF,2025-05-10 23:53,69.00,37.00,30.84,12.65,M,M
BFF,2025-05-11 00:53,66.00,37.00,34.21,10.35,M,M
BFF,2025-05-11 01:53,65.00,36.00,34.05,10.35,M,M
BFF,2025-05-11 02:53,65.00,35.00,32.72,8.05,M,M
BFF,2025-05-11 03:53,65.00,36.00,34.05,17.25,M,M
BFF,2025-05-11 04:53,62.00,37.00,39.35,16.10,M,M
BFF,2025-05-11 05:53,61.00,37.00,40.77,13.80,M,32.20
BFF,2025-05-11 06:53,59.00,38.00,45.53,6.90,M,M
BFF,2025-05-11 07:53,61.00,39.00,44.10,16.10,M,M
BFF,2025-05-11 08:53,64.00,40.00,41.25,12.65,M,M
BFF,2025-05-11 09:53,69.00,42.00,37.48,13.80,M,M
BFF,2025-05-11 10:17,71.00,42.00,35.01,10.35,M,M
BFF,2025-05-11 10:53,75.00,42.00,30.59,10.35,M,M
BFF,2025-05-11 11:53,81.00,42.00,25.09,12.65,M,M
BFF,2025-05-11 12:53,84.00,41.00,21.90,9.20,M,M
BFF,2025-05-11 13:53,88.00,40.00,18.54,12.65,M,M
BFF,2025-05-11 14:53,89.00,38.00,16.61,12.65,M,M
BFF,2025-05-11 15:53,92.00,37.00,14.54,16.10,M,32.20
BFF,2025-05-11 16:53,90.00,36.00,14.88,14.95,M,M
BFF,2025-05-11 17:53,89.00,36.00,15.36,18.40,M,M
BFF,2025-05-11 18:53,89.00,35.00,14.76,12.65,10000.00,M
BFF,2025-05-11 19:53,83.00,36.00,18.60,12.65,M,M
BFF,2025-05-11 20:53,77.00,37.00,23.55,8.05,M,M
BFF,2025-05-11 21:53,78.00,36.00,21.90,10.35,M,M
BFF,2025-05-11 22:53,76.00,38.00,25.32,13.80,12000.00,M
BFF,2025-05-11 23:53,72.00,39.00,30.12,13.80,M,M
BFF,2025-05-12 00:53,69.00,40.00,34.69,9.20,M,M
BFF,2025-05-12 01:53,70.00,40.00,33.52,0.00,M,M
BFF,2025-05-12 02:53,67.00,42.00,40.15,8.05,M,M
BFF,2025-05-12 03:53,61.00,43.00,51.48,9.20,12000.00,M
BFF,2025-05-12 04:53,57.00,42.00,57.16,6.90,M,M
BFF,2025-05-12 05:53,54.00,42.00,63.74,6.90,M,M
BFF,2025-05-12 06:53,53.00,42.00,66.12,6.90,M,M
BFF,2025-05-12 07:53,59.00,44.00,57.44,6.90,M,M
BFF,2025-05-12 08:53,63.00,44.00,49.84,6.90,M,M
BFF,2025-05-12 09:53,69.00,44.00,40.47,6.90,M,M
BFF,2025-05-12 10:53,76.00,46.00,34.47,0.00,M,M
BFF,2025-05-12 11:53,82.00,48.00,30.51,8.05,M,M
BFF,2025-05-12 12:53,86.00,46.00,24.88,10.35,M,M
BFF,2025-05-12 13:53,89.00,40.00,17.96,8.05,M,M
BFF,2025-05-12 14:53,92.00,32.00,11.91,13.80,M,M
BFF,2025-05-12 15:53,92.00,29.00,10.55,9.20,M,M
BFF,2025-05-12 16:37,92.00,30.00,10.99,10.35,M,M
BFF,2025-05-12 16:53,93.00,30.00,10.65,17.25,M,M
BFF,2025-05-12 17:53,91.00,37.00,15.00,18.40,M,31.05
BFF,2025-05-12 18:53,89.00,36.00,15.36,13.80,M,M
BFF,2025-05-12 19:53,86.00,36.00,16.89,12.65,M,M
BFF,2025-05-12 20:53,80.00,36.00,20.51,9.20,M,M
BFF,2025-05-12 21:53,72.00,40.00,31.32,11.50,M,M
BFF,2025-05-12 22:53,74.00,41.00,30.43,17.25,M,M
BFF,2025-05-12 23:53,70.00,43.00,37.64,12.65,M,M
BFF,2025-05-13 00:53,73.00,44.00,35.32,16.10,M,M
BFF,2025-05-13 01:53,70.00,44.00,39.11,13.80,M,M
BFF,2025-05-13 02:53,67.00,44.00,43.35,6.90,M,M
BFF,2025-05-13 03:53,71.00,42.00,35.01,18.40,M,M
BFF,2025-05-13 04:53,60.00,44.00,55.42,12.65,M,M
BFF,2025-05-13 05:53,57.00,44.00,61.72,14.95,M,M
BFF,2025-05-13 06:53,54.00,44.00,68.82,11.50,M,M
BFF,2025-05-13 07:53,58.00,46.00,64.24,16.10,M,M
BFF,2025-05-13 08:53,62.00,47.00,57.87,11.50,M,M
BFF,2025-05-13 09:53,65.00,48.00,54.09,9.20,M,M
BFF,2025-05-13 10:53,71.00,47.00,42.38,0.00,M,M
BFF,2025-05-13 11:53,76.00,47.00,35.84,3.45,M,M
BFF,2025-05-13 12:53,80.00,47.00,31.41,3.45,M,M
BFF,2025-05-13 13:53,85.00,47.00,26.73,M,M,M
BFF,2025-05-13 14:53,86.00,45.00,24.00,14.95,M,M
BFF,2025-05-13 15:53,85.00,47.00,26.73,18.40,M,M
BFF,2025-05-13 16:53,83.00,47.00,28.50,17.25,M,29.90
BFF,2025-05-13 17:53,84.00,47.00,27.60,17.25,M,M
BFF,2025-05-13 18:53,82.00,46.00,28.34,10.35,M,M
BFF,2025-05-13 19:53,84.00,45.00,25.59,12.65,M,M
BFF,2025-05-13 20:53,80.00,44.00,28.03,10.35,M,M
BFF,2025-05-13 21:53,74.00,45.00,35.51,11.50,M,M
BFF,2025-05-13 22:53,72.00,48.00,42.54,17.25,M,M
BFF,2025-05-13 23:53,70.00,49.00,47.27,19.55,M,M
BFF,2025-05-14 00:53,67.00,50.00,54.38,16.10,M,29.90
BFF,2025-05-14 01:53,66.00,51.00,58.42,3.45,4000.00,M
BFF,2025-05-14 02:53,61.00,50.00,67.08,4.60,M,M
BFF,2025-05-14 03:53,58.00,38.00,47.19,14.95,M,M
BFF,2025-05-14 04:53,56.00,41.00,57.02,18.40,M,M
BFF,2025-05-14 05:53,55.00,M,M,16.10,M,33.35
BFF,2025-05-14 06:39,55.00,M,M,16.10,2800.00,M
BFF,2025-05-14 06:53,55.00,M,M,14.95,2900.00,M
BFF,2025-05-14 07:03,55.00,M,M,17.25,2900.00,M
BFF,2025-05-14 07:53,57.00,M,M,17.25,3700.00,M
BFF,2025-05-14 08:49,57.20,46.40,67.13,17.25,2900.00,29.90
BFF,2025-05-14 08:53,58.00,46.00,64.25,18.40,2900.00,29.90
BFF,2025-05-14 09:53,59.00,46.00,61.99,17.25,2600.00,29.90
BFF,2025-05-14 10:53,60.00,46.00,59.81,16.10,2600.00,29.90
BFF,2025-05-14 11:53,68.00,46.00,45.22,12.65,M,M
BFF,2025-05-14 12:53,72.00,46.00,39.45,11.50,4200.00,M
BFF,2025-05-14 13:53,72.00,45.00,37.99,11.50,4900.00,M
BFF,2025-05-14 14:53,76.00,43.00,30.78,13.80,6000.00,M
BFF,2025-05-14 15:53,78.00,41.00,26.67,10.35,7000.00,M
BFF,2025-05-14 16:53,73.00,42.00,32.74,10.35,6500.00,M
BFF,2025-05-14 17:51,62.60,50.00,63.39,9.20,2700.00,M
BFF,2025-05-14 17:53,63.00,48.00,58.01,4.60,2600.00,M
BFF,2025-05-14 18:00,61.00,45.00,55.58,12.65,2800.00,M
BFF,2025-05-14 18:07,58.00,45.00,61.85,21.85,2800.00,33.35
BFF,2025-05-14 18:15,52.00,43.00,71.28,33.35,2900.00,47.15
BFF,2025-05-14 18:21,48.00,41.00,76.58,34.50,2700.00,52.90
BFF,2025-05-14 18:33,50.00,45.00,82.86,26.45,3500.00,52.90
BFF,2025-05-14 18:42,50.00,46.00,86.06,26.45,3200.00,52.90
BFF,2025-05-14 18:53,51.00,47.00,86.12,27.60,5500.00,52.90
BFF,2025-05-14 19:20,50.00,44.00,79.76,26.45,2000.00,43.70
BFF,2025-05-14 19:53,51.00,44.00,76.85,21.85,4700.00,43.70
BFF,2025-05-14 20:53,51.00,41.00,68.48,23.00,4300.00,41.40
BFF,2025-05-14 21:53,51.00,40.00,65.87,12.65,4100.00,39.10
BFF,2025-05-14 22:53,53.00,40.00,61.19,10.35,7000.00,29.90
BFF,2025-05-14 23:53,53.00,42.00,66.11,11.50,5000.00,M
BFF,2025-05-15 00:53,52.00,41.00,65.99,19.55,6000.00,37.95
BFF,2025-05-15 01:53,52.00,39.00,61.05,11.50,7000.00,33.35
BFF,2025-05-15 02:53,53.00,42.00,66.11,14.95,11000.00,M
BFF,2025-05-15 03:53,52.00,42.00,68.59,18.40,11000.00,M
BFF,2025-05-15 04:53,51.00,42.00,71.17,14.95,M,M
BFF,2025-05-15 05:53,50.00,41.00,71.06,14.95,7000.00,M
BFF,2025-05-15 06:53,48.00,40.00,73.66,13.80,6000.00,M
BFF,2025-05-15 07:53,50.00,41.00,71.06,12.65,M,M
BFF,2025-05-15 08:53,54.00,41.00,61.32,18.40,M,M
BFF,2025-05-15 09:53,56.00,41.00,57.02,23.00,M,32.20
BFF,2025-05-15 10:53,59.00,38.00,45.53,21.85,M,40.25
BFF,2025-05-15 11:53,61.00,39.00,44.10,25.30,8000.00,36.80
BFF,2025-05-15 12:53,63.00,37.00,37.99,26.45,7000.00,41.40
BFF,2025-05-15 13:53,67.00,37.00,33.05,17.25,7500.00,37.95
BFF,2025-05-15 14:53,65.00,35.00,32.73,17.25,7500.00,37.95
BFF,2025-05-15 15:53,66.00,35.00,31.61,14.95,M,42.55
BFF,2025-05-15 16:53,64.00,31.00,28.86,18.40,7500.00,41.40
BFF,2025-05-15 17:53,63.00,35.00,35.10,25.30,11000.00,35.65
BFF,2025-05-15 18:53,63.00,34.00,33.73,21.85,7000.00,42.55
BFF,2025-05-15 19:53,61.00,36.00,39.19,18.40,9000.00,36.80
BFF,2025-05-15 20:15,56.00,39.00,52.75,19.55,7500.00,37.95
BFF,2025-05-15 20:53,55.00,40.00,56.87,19.55,6500.00,37.95
BFF,2025-05-15 21:53,50.00,40.00,68.36,10.35,M,33.35
BFF,2025-05-15 22:53,48.00,40.00,73.66,8.05,M,M
BFF,2025-05-15 23:53,48.00,39.00,70.85,10.35,M,M
BFF,2025-05-16 00:53,46.00,38.00,73.46,9.20,M,M
BFF,2025-05-16 01:53,47.00,37.00,68.01,12.65,M,M
BFF,2025-05-16 02:53,46.00,37.00,70.62,14.95,M,M
BFF,2025-05-16 03:53,45.00,36.00,70.51,12.65,5000.00,M
BFF,2025-05-16 04:53,45.00,37.00,73.36,11.50,M,M
BFF,2025-05-16 05:53,45.00,37.00,73.36,13.80,M,M
BFF,2025-05-16 06:53,45.00,37.00,73.36,12.65,M,M
BFF,2025-05-16 07:53,48.00,37.00,65.50,12.65,M,M
BFF,2025-05-16 08:53,53.00,39.00,58.85,17.25,M,31.05
BFF,2025-05-16 09:53,56.00,38.00,50.72,23.00,4700.00,39.10
BFF,2025-05-16 10:53,58.00,36.00,43.62,31.05,4900.00,48.30
BFF,2025-05-16 11:53,60.00,36.00,40.61,27.60,5500.00,48.30
BFF,2025-05-16 12:53,61.00,34.00,36.19,27.60,6500.00,46.00
BFF,2025-05-16 13:53,66.00,37.00,34.22,27.60,7000.00,42.55
BFF,2025-05-16 14:53,67.00,35.00,30.53,25.30,8000.00,47.15
BFF,2025-05-16 15:53,67.00,32.00,27.08,27.60,9000.00,43.70
BFF,2025-05-16 16:53,71.00,34.00,25.59,24.15,8500.00,41.40
BFF,2025-05-16 17:53,70.00,33.00,25.43,20.70,9000.00,40.25
BFF,2025-05-16 18:53,68.00,32.00,26.16,16.10,M,34.50
BFF,2025-05-16 19:53,66.00,32.00,28.03,16.10,M,29.90
BFF,2025-05-16 20:53,61.00,33.00,34.77,13.80,M,M
BFF,2025-05-16 21:53,55.00,M,M,5.75,M,M
BFF,2025-05-16 22:53,54.00,M,M,0.00,M,M
BFF,2025-05-16 23:53,50.00,M,M,3.45,M,M
BFF,2025-05-17 00:53,48.00,M,M,0.00,M,M
BFF,2025-05-17 01:53,46.00,M,M,0.00,M,M
BFF,2025-05-17 02:53,42.00,M,M,5.75,M,M
BFF,2025-05-17 03:53,42.00,M,M,5.75,M,M
BFF,2025-05-17 04:53,43.00,M,M,0.00,11000.00,M
BFF,2025-05-17 05:53,43.00,M,M,0.00,10000.00,M
BFF,2025-05-17 06:53,42.00,M,M,3.45,8500.00,M
BFF,2025-05-17 07:53,47.00,M,M,8.05,8000.00,M
BFF,2025-05-17 08:53,47.00,M,M,4.60,8000.00,M
BFF,2025-05-17 09:53,50.00,M,M,6.90,9000.00,M
BFF,2025-05-17 10:53,57.00,M,M,12.65,M,M
BFF,2025-05-17 11:53,62.00,M,M,10.35,M,M
BFF,2025-05-17 12:53,67.00,M,M,13.80,10000.00,M
BFF,2025-05-17 13:53,70.00,M,M,17.25,11000.00,M
BFF,2025-05-17 14:53,71.00,M,M,16.10,11000.00,M
BFF,2025-05-17 15:53,73.00,M,M,20.70,11000.00,29.90
BFF,2025-05-17 16:53,71.00,39.00,31.18,18.40,7000.00,M
BFF,2025-05-17 17:10,68.00,39.00,34.54,8.05,5500.00,41.40
BFF,2025-05-17 17:51,69.80,41.00,35.11,14.95,M,41.40
BFF,2025-05-17 17:53,70.00,41.00,34.87,14.95,M,41.40
BFF,2025-05-17 18:53,67.00,43.00,41.74,16.10,8500.00,M
BFF,2025-05-18 01:53,52.00,44.00,74.06,10.35,M,M
BFF,2025-05-18 02:53,54.00,44.00,68.82,13.80,M,M
BFF,2025-05-18 03:53,53.00,45.00,74.16,10.35,M,M
BFF,2025-05-18 04:53,53.00,43.00,68.71,13.80,M,M
BFF,2025-05-18 05:53,51.00,42.00,71.17,9.20,8500.00,M
BFF,2025-05-18 06:53,52.00,41.00,65.99,16.10,M,M
BFF,2025-05-18 07:53,52.00,42.00,68.59,12.65,M,M
BFF,2025-05-18 08:53,53.00,42.00,66.11,14.95,5500.00,M
BFF,2025-05-18 09:53,53.00,41.00,63.61,20.70,3900.00,M
BFF,2025-05-18 10:42,54.00,41.00,61.32,16.10,2500.00,M
BFF,2025-05-18 10:53,54.00,42.00,63.74,17.25,2400.00,M
BFF,2025-05-18 11:53,56.00,42.00,59.26,17.25,2700.00,M
BFF,2025-05-18 12:35,57.00,42.00,57.16,16.10,3100.00,29.90
BFF,2025-05-18 12:53,58.00,42.00,55.14,20.70,3300.00,29.90
BFF,2025-05-18 13:53,61.00,44.00,53.50,17.25,3500.00,M
BFF,2025-05-18 14:53,61.00,45.00,55.58,17.25,3500.00,M
BFF,2025-05-18 15:53,66.00,48.00,52.24,18.40,4000.00,M
BFF,2025-05-18 16:53,67.00,49.00,52.39,16.10,3800.00,M
BFF,2025-05-18 17:53,65.00,52.00,62.76,11.50,3700.00,M
BFF,2025-05-18 18:05,60.00,42.00,51.34,47.15,1700.00,67.85
BFF,2025-05-18 18:13,53.00,42.00,66.11,44.85,3900.00,75.90
BFF,2025-05-18 18:16,51.00,42.00,71.17,42.55,5000.00,75.90
BFF,2025-05-18 18:41,51.00,45.00,79.84,17.25,5500.00,75.90
BFF,2025-05-18 18:48,51.80,44.60,76.34,23.00,5500.00,75.90
BFF,2025-05-18 18:53,50.00,45.00,82.86,21.85,5500.00,75.90
BFF,2025-05-18 19:06,52.00,45.00,76.94,23.00,6000.00,33.35
BFF,2025-05-18 19:27,50.00,45.00,82.86,25.30,6000.00,37.95
BFF,2025-05-18 19:41,50.00,46.00,86.06,24.15,6000.00,37.95
BFF,2025-05-18 19:53,50.00,47.00,89.37,29.90,6500.00,42.55
BFF,2025-05-18 20:12,50.00,47.00,89.37,24.15,2300.00,44.85
BFF,2025-05-18 20:20,50.00,48.00,92.80,21.85,2100.00,44.85
BFF,2025-05-18 20:53,50.00,49.00,96.34,4.60,M,44.85
BFF,2025-05-18 21:53,51.00,48.00,89.42,8.05,10000.00,M
BFF,2025-05-18 22:53,50.00,46.00,86.06,6.90,6500.00,M
BFF,2025-05-18 23:53,50.00,46.00,86.06,5.75,2100.00,M
BFF,2025-05-19 00:53,50.00,47.00,89.37,6.90,7000.00,M
BFF,2025-05-19 01:53,50.00,47.00,89.37,8.05,7500.00,M
BFF,2025-05-19 02:53,49.00,46.00,89.33,10.35,5500.00,M
BFF,2025-05-19 03:53,49.00,45.00,86.00,16.10,1000.00,M
BFF,2025-05-19 04:09,48.00,44.00,85.95,13.80,1000.00,M
BFF,2025-05-19 04:16,48.00,44.00,85.95,12.65,1000.00,M
BFF,2025-05-19 04:53,47.00,43.00,85.89,10.35,3500.00,M
BFF,2025-05-19 05:38,48.00,43.00,82.72,6.90,1300.00,M
BFF,2025-05-19 05:53,48.00,43.00,82.72,10.35,1300.00,M
BFF,2025-05-19 06:03,47.00,43.00,85.89,8.05,2700.00,M
BFF,2025-05-19 06:53,47.00,43.00,85.89,6.90,4300.00,M
BFF,2025-05-19 07:38,47.00,41.00,79.51,9.20,2800.00,M
BFF,2025-05-19 07:53,47.00,42.00,82.65,8.05,2800.00,M
BFF,2025-05-19 08:32,47.00,41.00,79.51,10.35,3000.00,M
BFF,2025-05-19 08:53,47.00,41.00,79.51,10.35,3300.00,M
BFF,2025-05-19 09:53,50.00,44.00,79.76,10.35,1300.00,M
BFF,2025-05-19 10:08,51.00,43.00,73.96,12.65,1300.00,M
BFF,2025-05-19 10:53,53.00,43.00,68.71,18.40,2200.00,35.65
BFF,2025-05-19 11:09,52.00,42.00,68.59,24.15,2100.00,37.95
BFF,2025-05-19 11:53,54.00,42.00,63.74,26.45,2600.00,47.15
BFF,2025-05-19 12:14,55.00,42.00,61.46,27.60,2700.00,39.10
BFF,2025-05-19 12:22,54.00,40.00,58.99,25.30,2700.00,43.70
BFF,2025-05-19 12:53,54.00,39.00,56.73,27.60,3500.00,43.70
BFF,2025-05-19 13:53,55.00,38.00,52.60,31.05,3700.00,47.15
BFF,2025-05-19 14:53,55.00,36.00,48.61,33.35,3800.00,46.00
BFF,2025-05-19 15:53,54.00,36.00,50.41,24.15,3700.00,41.40
BFF,2025-05-19 16:53,55.00,36.00,48.61,24.15,3900.00,39.10
BFF,2025-05-19 17:53,56.00,37.00,48.77,26.45,3700.00,42.55
BFF,2025-05-19 18:53,56.00,36.00,46.88,32.20,M,41.40
BFF,2025-05-19 19:53,52.00,36.00,54.25,24.15,M,43.70
BFF,2025-05-19 20:53,50.00,37.00,60.78,14.95,9000.00,40.25
BFF,2025-05-19 21:53,47.00,36.00,65.37,18.40,M,31.05
BFF,2025-05-19 22:53,45.00,37.00,73.36,9.20,M,M
BFF,2025-05-19 23:53,44.00,37.00,76.21,8.05,M,M
BFF,2025-05-20 00:53,45.00,37.00,73.36,13.80,M,M
BFF,2025-05-20 01:53,44.00,36.00,73.25,9.20,M,M
BFF,2025-05-20 02:53,44.00,37.00,76.21,11.50,M,M
BFF,2025-05-20 03:53,43.00,37.00,79.18,11.50,M,M
BFF,2025-05-20 04:53,43.00,37.00,79.18,12.65,M,M
BFF,2025-05-20 05:53,42.00,37.00,82.29,13.80,M,M
BFF,2025-05-20 06:53,42.00,37.00,82.29,9.20,M,M
BFF,2025-05-20 07:53,45.00,38.00,76.30,9.20,10000.00,M
BFF,2025-05-20 08:53,49.00,38.00,65.62,16.10,M,M
BFF,2025-05-20 09:53,55.00,39.00,54.70,19.55,M,M
BFF,2025-05-20 10:53,58.00,39.00,49.08,18.40,4200.00,31.05
BFF,2025-05-20 11:53,60.00,37.00,42.24,24.15,5000.00,35.65
BFF,2025-05-20 12:53,63.00,38.00,39.52,20.70,10000.00,41.40
BFF,2025-05-20 13:53,63.00,35.00,35.10,19.55,7000.00,37.95
BFF,2025-05-20 14:53,66.00,36.00,32.89,21.85,7000.00,34.50
BFF,2025-05-20 15:53,66.00,34.00,30.37,24.15,8000.00,36.80
BFF,2025-05-20 16:53,66.00,35.00,31.61,25.30,M,40.25
BFF,2025-05-20 17:38,61.00,34.00,36.19,19.55,9000.00,36.80
BFF,2025-05-20 17:53,59.00,37.00,43.78,24.15,5500.00,36.80
BFF,2025-05-20 17:57,55.00,40.00,56.87,25.30,4800.00,39.10
BFF,2025-05-20 18:53,62.00,41.00,46.01,10.35,3300.00,39.10
BFF,2025-05-20 19:51,59.00,44.60,58.78,0.00,7000.00,M
BFF,2025-05-20 19:53,59.00,45.00,59.68,4.60,7000.00,M
BFF,2025-05-20 20:31,53.00,43.00,68.71,12.65,4300.00,M
BFF,2025-05-20 20:53,53.00,42.00,66.11,18.40,11000.00,M
BFF,2025-05-20 21:53,49.00,43.00,79.68,3.45,M,32.20
BFF,2025-05-20 22:53,49.00,43.00,79.68,5.75,11000.00,M
BFF,2025-05-20 23:53,46.00,42.00,85.83,8.05,11000.00,M
BFF,2025-05-21 00:53,45.00,41.00,85.77,4.60,M,M
BFF,2025-05-21 01:53,44.00,40.00,85.71,5.75,M,M
BFF,2025-05-21 02:53,45.00,39.00,79.35,6.90,M,M
BFF,2025-05-21 03:53,41.00,38.00,88.96,5.75,M,M
BFF,2025-05-21 04:53,40.00,37.00,88.91,4.60,M,M
BFF,2025-05-21 05:53,40.00,36.00,85.47,6.90,M,M
BFF,2025-05-21 06:53,39.00,35.00,85.41,6.90,M,M
BFF,2025-05-21 07:53,45.00,39.00,79.35,6.90,M,M
BFF,2025-05-21 08:53,50.00,41.00,71.06,6.90,M,M
BFF,2025-05-21 09:53,55.00,42.00,61.46,6.90,M,M
BFF,2025-05-21 10:53,59.00,40.00,49.24,8.05,M,M
BFF,2025-05-21 11:53,63.00,39.00,41.10,13.80,M,M
BFF,2025-05-21 12:53,63.00,40.00,42.73,10.35,5500.00,M
BFF,2025-05-21 13:53,67.00,35.00,30.53,9.20,M,M
BFF,2025-05-21 14:43,68.00,39.00,34.54,17.25,M,M
BFF,2025-05-21 14:53,67.00,38.00,34.38,10.35,9000.00,M
BFF,2025-05-21 15:53,67.00,38.00,34.38,16.10,M,34.50
BFF,2025-05-21 16:53,67.00,38.00,34.38,13.80,M,M
BFF,2025-05-21 17:53,65.00,38.00,36.85,21.85,M,29.90
BFF,2025-05-21 18:53,61.00,39.00,44.10,20.70,M,32.20
BFF,2025-05-21 19:53,60.00,37.00,42.24,11.50,M,M
BFF,2025-05-21 20:53,56.00,M,M,5.75,M,M
BFF,2025-05-21 21:53,52.00,M,M,0.00,M,M
BFF,2025-05-21 22:53,46.00,M,M,5.75,M,M
BFF,2025-05-21 23:53,46.00,M,M,8.05,M,M
BFF,2025-05-22 00:53,44.00,M,M,0.00,M,M
BFF,2025-05-22 01:53,42.00,M,M,0.00,M,M
BFF,2025-05-22 02:53,41.00,M,M,3.45,M,M
BFF,2025-05-22 03:53,40.00,M,M,6.90,7500.00,M
BFF,2025-05-22 04:53,39.00,M,M,4.60,7000.00,M
BFF,2025-05-22 05:53,39.00,M,M,0.00,M,M
BFF,2025-05-22 06:53,39.00,M,M,5.75,M,M
BFF,2025-05-22 07:53,45.00,M,M,0.00,7000.00,M
BFF,2025-05-22 08:53,50.00,M,M,0.00,6500.00,M
BFF,2025-05-22 09:53,55.00,41.00,59.13,0.00,M,M
BFF,2025-05-22 10:53,61.00,39.00,44.10,5.75,M,M
BFF,2025-05-22 11:53,64.00,32.00,30.05,8.05,M,M
BFF,2025-05-22 12:53,66.00,38.00,35.59,13.80,M,M
BFF,2025-05-22 13:53,70.00,36.00,28.67,13.80,M,M
BFF,2025-05-22 14:53,71.00,37.00,28.82,12.65,M,M
BFF,2025-05-22 15:53,73.00,37.00,26.94,16.10,M,29.90
BFF,2025-05-22 16:53,73.00,37.00,26.94,12.65,M,M
BFF,2025-05-22 17:53,72.00,39.00,30.14,16.10,M,M
BFF,2025-05-22 18:53,72.00,39.00,30.14,19.55,M,M
BFF,2025-05-22 19:53,71.00,38.00,29.98,21.85,M,31.05
BFF,2025-05-22 20:53,67.00,37.00,33.05,19.55,12000.00,32.20
BFF,2025-05-22 21:53,64.00,37.00,36.68,19.55,M,35.65
BFF,2025-05-22 22:22,63.00,37.00,37.99,20.70,9500.00,29.90
BFF,2025-05-22 22:37,63.00,37.00,37.99,24.15,9500.00,32.20
BFF,2025-05-22 22:53,63.00,37.00,37.99,31.05,11000.00,39.10
BFF,2025-05-22 23:53,58.00,44.00,59.54,16.10,9000.00,39.10
BFF,2025-05-23 00:09,56.00,46.00,69.05,20.70,6000.00,M
BFF,2025-05-23 00:23,55.00,49.00,80.16,4.60,5500.00,M
BFF,2025-05-23 00:53,54.00,47.00,77.12,13.80,3900.00,M
BFF,2025-05-23 01:13,53.00,46.00,77.03,17.25,9500.00,M
BFF,2025-05-23 01:53,53.00,47.00,80.00,18.40,9000.00,M
BFF,2025-05-23 02:53,51.00,46.00,82.93,18.40,9000.00,M
BFF,2025-05-23 03:53,51.00,46.00,82.93,18.40,M,M
BFF,2025-05-23 04:53,50.00,45.00,82.86,11.50,M,M
BFF,2025-05-23 05:53,49.00,45.00,86.00,16.10,M,M
BFF,2025-05-23 06:53,49.00,46.00,89.33,11.50,M,M
BFF,2025-05-23 07:53,53.00,47.00,80.00,8.05,M,M
BFF,2025-05-23 08:53,58.00,49.00,71.92,13.80,2100.00,M
BFF,2025-05-23 09:53,61.00,51.00,69.61,14.95,2100.00,M
BFF,2025-05-23 10:27,63.00,52.00,67.31,11.50,2200.00,M
BFF,2025-05-23 10:53,64.00,52.00,64.99,10.35,2200.00,M
BFF,2025-05-23 11:53,68.00,53.00,58.70,M,2600.00,M
BFF,2025-05-23 12:53,70.00,54.00,56.86,3.45,M,M
BFF,2025-05-23 13:53,73.00,55.00,53.28,0.00,M,M
BFF,2025-05-23 14:53,75.00,56.00,51.67,5.75,M,M
BFF,2025-05-23 15:53,77.00,56.00,48.35,4.60,M,M
BFF,2025-05-23 16:53,75.00,53.00,46.31,8.05,M,M
BFF,2025-05-23 17:09,73.00,55.00,53.28,11.50,M,M
BFF,2025-05-23 17:36,60.00,49.00,66.96,31.05,2300.00,47.15
BFF,2025-05-23 17:45,54.00,48.00,80.08,23.00,2500.00,47.15
BFF,2025-05-23 17:48,55.40,48.20,76.67,16.10,3100.00,47.15
BFF,2025-05-23 17:51,55.40,51.80,87.65,8.05,3300.00,47.15
BFF,2025-05-23 17:53,57.00,53.00,86.46,8.05,3300.00,47.15
BFF,2025-05-23 18:08,64.00,52.00,64.99,10.35,3400.00,M
BFF,2025-05-23 18:34,66.00,54.00,65.24,13.80,M,M
BFF,2025-05-23 18:53,67.00,55.00,65.36,11.50,M,M
BFF,2025-05-23 19:53,67.00,54.00,63.02,8.05,M,M
BFF,2025-05-23 20:53,64.00,53.00,67.43,0.00,M,M
BFF,2025-05-23 21:53,64.00,56.00,75.22,8.05,2600.00,M
BFF,2025-05-23 22:15,63.00,58.00,83.73,9.20,2100.00,M
BFF,2025-05-23 22:34,63.00,57.00,80.77,13.80,2100.00,M
BFF,2025-05-23 22:42,62.00,57.00,83.67,12.65,2100.00,M
BFF,2025-05-23 22:53,62.00,56.00,80.70,6.90,2100.00,M
BFF,2025-05-23 23:14,61.00,56.00,83.60,12.65,5000.00,M
BFF,2025-05-23 23:22,61.00,56.00,83.60,11.50,4400.00,M
BFF,2025-05-23 23:53,60.00,55.00,83.54,13.80,2000.00,M
BFF,2025-05-24 00:14,60.00,55.00,83.54,8.05,2000.00,M
BFF,2025-05-24 00:29,60.00,56.00,86.62,6.90,1000.00,M
BFF,2025-05-24 00:41,60.00,56.00,86.62,8.05,1000.00,M
BFF,2025-05-24 00:53,58.00,55.00,89.73,9.20,1300.00,M
BFF,2025-05-24 01:11,58.00,55.00,89.73,9.20,1200.00,M
BFF,2025-05-24 01:27,58.00,55.00,89.73,9.20,4000.00,M
BFF,2025-05-24 01:53,58.00,55.00,89.73,8.05,10000.00,M
BFF,2025-05-24 02:09,58.00,55.00,89.73,8.05,10000.00,M
BFF,2025-05-24 02:38,57.00,55.00,93.01,6.90,800.00,M
BFF,2025-05-24 02:46,58.00,55.00,89.73,6.90,1000.00,M
BFF,2025-05-24 02:53,58.00,55.00,89.73,4.60,1000.00,M
BFF,2025-05-24 03:53,57.00,54.00,89.68,8.05,600.00,M
BFF,2025-05-24 04:07,56.00,53.00,89.64,4.60,900.00,M
BFF,2025-05-24 04:51,55.40,53.60,93.65,6.90,800.00,M
BFF,2025-05-24 04:53,56.00,53.00,89.64,5.75,800.00,M
BFF,2025-05-24 05:44,55.00,51.00,86.35,8.05,1000.00,M
BFF,2025-05-24 05:53,55.00,51.00,86.35,6.90,1000.00,M
BFF,2025-05-24 06:26,55.00,51.00,86.35,11.50,900.00,M
BFF,2025-05-24 06:53,54.00,50.00,86.29,12.65,800.00,M
BFF,2025-05-24 07:33,53.00,50.00,89.51,10.35,700.00,M
BFF,2025-05-24 07:48,53.60,50.00,87.56,10.35,600.00,M
BFF,2025-05-24 07:53,53.00,50.00,89.51,11.50,600.00,M
BFF,2025-05-24 08:53,54.00,50.00,86.29,5.75,700.00,M
BFF,2025-05-24 09:53,54.00,50.00,86.29,11.50,800.00,M
BFF,2025-05-24 10:44,58.00,52.00,80.39,21.85,1000.00,29.90
BFF,2025-05-24 10:53,57.00,51.00,80.31,16.10,1000.00,29.90
BFF,2025-05-24 11:14,56.00,51.00,83.27,21.85,900.00,M
BFF,2025-05-24 11:33,57.00,52.00,83.34,14.95,1100.00,M
BFF,2025-05-24 11:50,57.20,51.80,82.13,12.65,1000.00,M
BFF,2025-05-24 11:53,57.00,52.00,83.34,12.65,1000.00,M
BFF,2025-05-24 12:00,58.00,52.00,80.39,14.95,1400.00,M
BFF,2025-05-24 12:07,58.00,52.00,80.39,13.80,1400.00,M
BFF,2025-05-24 12:49,59.00,51.80,76.99,16.10,1600.00,M
BFF,2025-05-24 12:53,59.00,51.00,74.75,14.95,1600.00,M
BFF,2025-05-24 13:27,58.00,51.00,77.47,14.95,1700.00,M
BFF,2025-05-24 13:53,57.00,51.00,80.31,13.80,1300.00,M
BFF,2025-05-24 14:00,57.00,51.00,80.31,13.80,1500.00,M
BFF,2025-05-24 14:17,56.00,51.00,83.27,18.40,1300.00,M
BFF,2025-05-24 14:26,56.00,52.00,86.40,17.25,1500.00,M
BFF,2025-05-24 14:28,56.00,52.00,86.40,17.25,900.00,M
BFF,2025-05-24 14:53,54.00,51.00,89.55,14.95,1300.00,M
BFF,2025-05-24 15:15,55.00,51.00,86.35,12.65,1700.00,M
BFF,2025-05-24 15:31,55.00,51.00,86.35,13.80,1300.00,M
BFF,2025-05-24 15:46,55.00,52.00,89.60,14.95,1300.00,M
BFF,2025-05-24 15:53,55.00,51.00,86.35,12.65,1200.00,M
BFF,2025-05-24 16:06,54.00,51.00,89.55,16.10,1000.00,M
BFF,2025-05-24 16:21,55.00,51.00,86.35,18.40,1200.00,M
BFF,2025-05-24 16:32,54.00,51.00,89.55,9.20,1100.00,M
BFF,2025-05-24 16:46,54.00,51.00,89.55,11.50,2100.00,M
BFF,2025-05-24 16:53,54.00,51.00,89.55,12.65,2100.00,M
BFF,2025-05-24 17:00,54.00,52.00,92.92,16.10,2100.00,M
BFF,2025-05-24 17:05,54.00,51.00,89.55,17.25,2100.00,M
BFF,2025-05-24 17:13,54.00,52.00,92.92,12.65,2100.00,M
BFF,2025-05-24 17:19,54.00,52.00,92.92,9.20,3800.00,M
BFF,2025-05-24 17:32,54.00,52.00,92.92,28.75,4400.00,34.50
BFF,2025-05-24 17:43,54.00,52.00,92.92,M,1600.00,35.65
BFF,2025-05-24 17:50,53.60,51.80,93.60,18.40,4500.00,59.80
BFF,2025-05-24 17:53,54.00,52.00,92.92,25.30,4500.00,59.80
BFF,2025-05-24 18:01,55.00,52.00,89.60,12.65,3700.00,37.95
BFF,2025-05-24 18:10,54.00,52.00,92.92,13.80,3700.00,37.95
BFF,2025-05-24 18:22,54.00,52.00,92.92,9.20,2900.00,37.95
BFF,2025-05-24 18:37,54.00,52.00,92.92,11.50,3000.00,37.95
BFF,2025-05-24 18:53,54.00,52.00,92.92,19.55,3000.00,37.95
BFF,2025-05-24 19:45,54.00,53.00,96.40,12.65,800.00,M
BFF,2025-05-24 19:53,54.00,53.00,96.40,13.80,800.00,M
BFF,2025-05-24 20:20,54.00,52.00,92.92,14.95,1000.00,M
BFF,2025-05-24 20:53,54.00,53.00,96.40,12.65,1000.00,M
BFF,2025-05-24 21:16,53.00,52.00,96.39,13.80,1200.00,M
BFF,2025-05-24 21:48,53.60,51.80,93.60,14.95,2200.00,M
BFF,2025-05-24 21:53,53.00,51.00,92.89,13.80,2000.00,M
BFF,2025-05-24 22:11,53.00,51.00,92.89,12.65,2000.00,M
BFF,2025-05-24 22:53,53.00,51.00,92.89,9.20,2000.00,M
BFF,2025-05-24 23:18,53.00,51.00,92.89,11.50,2300.00,M
BFF,2025-05-24 23:44,53.00,51.00,92.89,10.35,2300.00,M
BFF,2025-05-24 23:53,53.00,51.00,92.89,11.50,2300.00,M
BFF,2025-05-25 00:53,52.00,48.00,86.18,10.35,2100.00,M
BFF,2025-05-25 01:53,52.00,48.00,86.18,10.35,2300.00,M
BFF,2025-05-25 02:43,52.00,49.00,89.46,8.05,2000.00,M
BFF,2025-05-25 02:53,52.00,49.00,89.46,9.20,4000.00,M
BFF,2025-05-25 03:45,52.00,49.00,89.46,4.60,900.00,M
BFF,2025-05-25 03:53,52.00,49.00,89.46,3.45,1200.00,M
BFF,2025-05-25 04:11,52.00,49.00,89.46,5.75,900.00,M
BFF,2025-05-25 04:53,52.00,49.00,89.46,8.05,900.00,M
BFF,2025-05-25 05:53,52.00,49.00,89.46,5.75,700.00,M
BFF,2025-05-25 06:35,52.00,49.00,89.46,8.05,600.00,M
BFF,2025-05-25 06:53,52.00,49.00,89.46,9.20,900.00,M
BFF,2025-05-25 07:01,52.00,49.00,89.46,8.05,500.00,M
BFF,2025-05-25 07:24,52.00,49.00,89.46,8.05,500.00,M
BFF,2025-05-25 07:53,52.00,49.00,89.46,10.35,500.00,M
BFF,2025-05-25 08:53,52.00,49.00,89.46,11.50,500.00,M
BFF,2025-05-25 09:53,52.00,49.00,89.46,13.80,700.00,M
BFF,2025-05-25 10:53,52.00,49.00,89.46,10.35,600.00,M
BFF,2025-05-25 11:53,52.00,49.00,89.46,11.50,600.00,M
BFF,2025-05-25 12:53,53.00,49.00,86.23,12.65,600.00,M
BFF,2025-05-25 13:53,53.00,50.00,89.51,11.50,600.00,M
BFF,2025-05-25 14:12,53.00,50.00,89.51,12.65,600.00,M
BFF,2025-05-25 14:23,53.00,50.00,89.51,12.65,600.00,M
BFF,2025-05-25 14:53,53.00,50.00,89.51,12.65,500.00,M
BFF,2025-05-25 15:04,53.00,50.00,89.51,13.80,600.00,M
BFF,2025-05-25 15:20,53.00,51.00,92.89,12.65,600.00,M
BFF,2025-05-25 15:40,53.00,51.00,92.89,12.65,400.00,M
BFF,2025-05-25 15:50,53.60,51.80,93.60,12.65,600.00,M
BFF,2025-05-25 15:53,54.00,52.00,92.92,12.65,600.00,M
BFF,2025-05-25 16:11,54.00,51.00,89.55,12.65,700.00,M
BFF,2025-05-25 16:51,53.60,50.00,87.56,12.65,900.00,M
BFF,2025-05-25 16:53,53.00,50.00,89.51,11.50,900.00,M
BFF,2025-05-25 17:10,54.00,51.00,89.55,12.65,1100.00,M
BFF,2025-05-25 17:39,53.00,50.00,89.51,12.65,700.00,M
BFF,2025-05-25 17:50,53.60,51.80,93.60,13.80,700.00,M
BFF,2025-05-25 17:51,53.00,51.00,92.89,12.65,700.00,M
BFF,2025-05-25 17:59,53.00,51.00,92.89,13.80,700.00,M
BFF,2025-05-25 18:18,53.00,51.00,92.89,17.25,600.00,M
BFF,2025-05-25 18:29,53.00,51.00,92.89,14.95,400.00,M
BFF,2025-05-25 18:42,53.00,51.00,92.89,13.80,400.00,M
BFF,2025-05-25 18:53,53.00,51.00,92.89,12.65,400.00,M
BFF,2025-05-25 19:05,53.00,50.00,89.51,16.10,400.00,M
BFF,2025-05-25 19:18,53.00,50.00,89.51,14.95,400.00,M
BFF,2025-05-25 19:30,53.00,50.00,89.51,12.65,400.00,M
BFF,2025-05-25 19:53,53.00,50.00,89.51,13.80,500.00,M
BFF,2025-05-25 20:03,53.00,50.00,89.51,16.10,500.00,M
BFF,2025-05-25 20:26,53.00,50.00,89.51,16.10,900.00,M
BFF,2025-05-25 20:33,52.00,50.00,92.86,12.65,900.00,M
BFF,2025-05-25 20:53,52.00,50.00,92.86,12.65,600.00,M
BFF,2025-05-25 21:10,52.00,50.00,92.86,11.50,600.00,M
BFF,2025-05-25 21:53,53.00,50.00,89.51,10.35,600.00,M
BFF,2025-05-25 22:14,53.00,50.00,89.51,10.35,700.00,M
BFF,2025-05-25 22:53,53.00,50.00,89.51,9.20,1500.00,M
BFF,2025-05-25 23:05,53.00,50.00,89.51,12.65,1200.00,M
BFF,2025-05-25 23:34,52.00,50.00,92.86,12.65,900.00,M
BFF,2025-05-25 23:53,52.00,50.00,92.86,12.65,600.00,M
BFF,2025-05-26 00:03,52.00,50.00,92.86,12.65,400.00,M
BFF,2025-05-26 00:53,52.00,50.00,92.86,14.95,400.00,M
BFF,2025-05-26 01:53,52.00,50.00,92.86,12.65,300.00,M
BFF,2025-05-26 02:20,52.00,50.00,92.86,16.10,400.00,M
BFF,2025-05-26 02:30,52.00,50.00,92.86,13.80,400.00,M
BFF,2025-05-26 02:39,52.00,50.00,92.86,12.65,500.00,M
BFF,2025-05-26 02:53,52.00,50.00,92.86,13.80,500.00,M
BFF,2025-05-26 03:11,52.00,50.00,92.86,12.65,500.00,M
BFF,2025-05-26 03:13,52.00,50.00,92.86,13.80,400.00,M
BFF,2025-05-26 03:42,52.00,50.00,92.86,10.35,500.00,M
BFF,2025-05-26 03:53,52.00,50.00,92.86,10.35,500.00,M
BFF,2025-05-26 04:06,52.00,50.00,92.86,11.50,400.00,M
BFF,2025-05-26 04:40,52.00,50.00,92.86,10.35,600.00,M
BFF,2025-05-26 04:53,52.00,49.00,89.46,11.50,600.00,M
BFF,2025-05-26 05:53,52.00,49.00,89.46,10.35,500.00,M
BFF,2025-05-26 06:34,51.00,49.00,92.83,12.65,400.00,M
BFF,2025-05-26 06:53,51.00,49.00,92.83,10.35,400.00,M
BFF,2025-05-26 07:09,51.00,49.00,92.83,8.05,500.00,M
BFF,2025-05-26 07:21,51.00,49.00,92.83,10.35,400.00,M
BFF,2025-05-26 07:31,51.00,49.00,92.83,10.35,400.00,M
BFF,2025-05-26 07:40,51.00,49.00,92.83,10.35,400.00,M
BFF,2025-05-26 07:49,51.80,48.20,87.47,9.20,400.00,M
BFF,2025-05-26 07:53,51.00,49.00,92.83,10.35,400.00,M
BFF,2025-05-26 08:15,51.00,49.00,92.83,10.35,400.00,M
BFF,2025-05-26 08:50,51.80,50.00,93.55,9.20,400.00,M
BFF,2025-05-26 08:53,52.00,50.00,92.86,11.50,400.00,M
BFF,2025-05-26 09:02,52.00,50.00,92.86,11.50,400.00,M
BFF,2025-05-26 09:16,52.00,50.00,92.86,10.35,400.00,M
BFF,2025-05-26 09:53,52.00,50.00,92.86,11.50,400.00,M
BFF,2025-05-26 10:53,53.00,50.00,89.51,12.65,400.00,M
BFF,2025-05-26 11:36,53.00,52.00,96.39,13.80,600.00,M
BFF,2025-05-26 11:53,53.00,52.00,96.39,11.50,500.00,M
BFF,2025-05-26 12:11,54.00,51.00,89.55,11.50,500.00,M
BFF,2025-05-26 12:53,54.00,52.00,92.92,13.80,400.00,M
BFF,2025-05-26 13:15,54.00,52.00,92.92,13.80,400.00,M
BFF,2025-05-26 13:28,54.00,52.00,92.92,12.65,600.00,M
BFF,2025-05-26 13:31,55.00,53.00,92.95,12.65,400.00,M
BFF,2025-05-26 13:37,55.00,53.00,92.95,13.80,600.00,M
BFF,2025-05-26 13:53,55.00,53.00,92.95,11.50,600.00,M
BFF,2025-05-26 14:31,56.00,53.00,89.64,14.95,500.00,M
BFF,2025-05-26 14:41,57.00,53.00,86.46,16.10,700.00,M
BFF,2025-05-26 14:53,57.00,54.00,89.68,17.25,700.00,M
BFF,2025-05-26 15:53,58.00,52.00,80.39,20.70,800.00,M
BFF,2025-05-26 16:53,56.00,51.00,83.27,21.85,900.00,29.90
BFF,2025-05-26 17:53,55.00,50.00,83.20,16.10,900.00,M
BFF,2025-05-26 18:53,53.00,49.00,86.23,13.80,500.00,M
BFF,2025-05-26 19:02,52.00,50.00,92.86,14.95,500.00,M
BFF,2025-05-26 19:09,52.00,50.00,92.86,17.25,400.00,M
BFF,2025-05-26 19:22,52.00,49.00,89.46,18.40,400.00,M
BFF,2025-05-26 19:35,52.00,50.00,92.86,12.65,400.00,M
BFF,2025-05-26 19:51,51.80,50.00,93.55,13.80,400.00,M
BFF,2025-05-26 19:53,52.00,50.00,92.86,13.80,400.00,M
BFF,2025-05-26 20:04,52.00,49.00,89.46,13.80,400.00,M
BFF,2025-05-26 20:14,52.00,49.00,89.46,11.50,500.00,M
BFF,2025-05-26 20:33,52.00,49.00,89.46,13.80,500.00,M
BFF,2025-05-26 20:46,52.00,49.00,89.46,12.65,400.00,M
BFF,2025-05-26 20:53,52.00,49.00,89.46,13.80,400.00,M
BFF,2025-05-26 21:12,51.00,50.00,96.36,12.65,400.00,M
BFF,2025-05-26 21:19,52.00,50.00,92.86,13.80,400.00,M
BFF,2025-05-26 21:34,51.00,50.00,96.36,13.80,400.00,M
BFF,2025-05-26 21:43,51.00,50.00,96.36,14.95,300.00,M
BFF,2025-05-26 21:53,51.00,50.00,96.36,12.65,300.00,M
BFF,2025-05-26 22:53,51.00,49.00,92.83,10.35,200.00,M
BFF,2025-05-26 23:39,51.00,49.00,92.83,10.35,300.00,M
BFF,2025-05-26 23:53,51.00,49.00,92.83,11.50,700.00,M
BFF,2025-05-27 00:21,51.00,49.00,92.83,11.50,300.00,M
BFF,2025-05-27 00:53,51.00,49.00,92.83,11.50,300.00,M
BFF,2025-05-27 01:53,51.00,49.00,92.83,9.20,400.00,M
BFF,2025-05-27 02:53,51.00,49.00,92.83,8.05,300.00,M
BFF,2025-05-27 03:02,51.00,49.00,92.83,9.20,300.00,M
BFF,2025-05-27 03:34,51.00,49.00,92.83,9.20,200.00,M
BFF,2025-05-27 03:53,51.00,49.00,92.83,10.35,200.00,M
BFF,2025-05-27 04:53,50.00,48.00,92.80,10.35,300.00,M
BFF,2025-05-27 05:06,50.00,48.00,92.80,11.50,300.00,M
BFF,2025-05-27 05:53,50.00,48.00,92.80,11.50,200.00,M
BFF,2025-05-27 06:53,50.00,48.00,92.80,11.50,200.00,M
BFF,2025-05-27 07:53,51.00,49.00,92.83,14.95,400.00,M
BFF,2025-05-27 08:32,52.00,49.00,89.46,14.95,500.00,M
BFF,2025-05-27 08:53,53.00,49.00,86.23,13.80,500.00,M
BFF,2025-05-27 09:27,54.00,50.00,86.29,11.50,1100.00,M
BFF,2025-05-27 09:50,55.40,48.20,76.67,10.35,1100.00,M
BFF,2025-05-27 09:53,55.00,50.00,83.20,12.65,1100.00,M
BFF,2025-05-27 10:19,56.00,50.00,80.23,11.50,1100.00,M
BFF,2025-05-27 10:27,56.00,50.00,80.23,11.50,1100.00,M
BFF,2025-05-27 10:44,57.00,50.00,77.39,12.65,1300.00,M
BFF,2025-05-27 10:53,58.00,50.00,74.65,10.35,1300.00,M
BFF,2025-05-27 11:53,60.00,48.00,64.50,9.20,2200.00,M
BFF,2025-05-27 12:01,60.00,48.00,64.50,6.90,2500.00,M
BFF,2025-05-27 12:11,60.00,48.00,64.50,8.05,2500.00,M
BFF,2025-05-27 12:53,61.00,49.00,64.62,9.20,2600.00,M
BFF,2025-05-27 13:10,61.00,49.00,64.62,10.35,2400.00,M
BFF,2025-05-27 13:24,62.00,50.00,64.75,10.35,2600.00,M
BFF,2025-05-27 13:53,62.00,50.00,64.75,11.50,4100.00,M
BFF,2025-05-27 14:53,64.00,51.00,62.64,12.65,4400.00,M
BFF,2025-05-27 15:53,65.00,51.00,60.49,11.50,3000.00,M
BFF,2025-05-27 16:53,67.00,51.00,56.44,9.20,3100.00,M
BFF,2025-05-27 17:53,66.00,49.00,54.23,8.05,M,M
BFF,2025-05-27 18:53,65.00,48.00,54.09,5.75,M,M
BFF,2025-05-27 19:53,63.00,50.00,62.51,6.90,M,M
BFF,2025-05-27 20:53,61.00,50.00,67.08,6.90,M,M
BFF,2025-05-27 21:53,59.00,51.00,74.75,6.90,M,M
BFF,2025-05-27 22:53,56.00,51.00,83.27,5.75,M,M
BFF,2025-05-27 23:53,56.00,50.00,80.23,6.90,M,M
BFF,2025-05-28 00:53,53.00,50.00,89.51,8.05,M,M
BFF,2025-05-28 01:53,52.00,49.00,89.46,8.05,M,M
BFF,2025-05-28 02:53,52.00,49.00,89.46,10.35,M,M
BFF,2025-05-28 03:53,53.00,49.00,86.23,6.90,8000.00,M
BFF,2025-05-28 04:53,53.00,50.00,89.51,6.90,8000.00,M
BFF,2025-05-28 05:53,53.00,50.00,89.51,8.05,7500.00,M
BFF,2025-05-28 06:53,53.00,51.00,92.89,6.90,7500.00,M
BFF,2025-05-28 07:53,53.00,50.00,89.51,6.90,7000.00,M
BFF,2025-05-28 08:53,55.00,52.00,89.60,8.05,7000.00,M
BFF,2025-05-28 09:07,55.00,52.00,89.60,8.05,400.00,M
BFF,2025-05-28 09:21,55.00,52.00,89.60,9.20,500.00,M
BFF,2025-05-28 09:39,56.00,52.00,86.40,6.90,500.00,M
BFF,2025-05-28 09:53,56.00,53.00,89.64,8.05,7000.00,M
BFF,2025-05-28 10:53,58.00,53.00,83.40,6.90,1900.00,M
BFF,2025-05-28 11:13,57.00,53.00,86.46,5.75,1800.00,M
BFF,2025-05-28 11:24,56.00,53.00,89.64,4.60,4000.00,M
BFF,2025-05-28 11:35,57.00,54.00,89.68,5.75,5500.00,M
BFF,2025-05-28 11:53,57.00,54.00,89.68,8.05,2000.00,M
BFF,2025-05-28 12:02,57.00,54.00,89.68,9.20,1000.00,M
BFF,2025-05-28 12:07,57.00,54.00,89.68,9.20,700.00,M
BFF,2025-05-28 12:15,56.00,54.00,92.98,12.65,700.00,M
BFF,2025-05-28 12:22,56.00,54.00,92.98,11.50,800.00,M
BFF,2025-05-28 12:34,56.00,54.00,92.98,13.80,800.00,M
BFF,2025-05-28 12:53,56.00,54.00,92.98,13.80,3700.00,M
BFF,2025-05-28 13:53,57.00,54.00,89.68,8.05,1400.00,M
BFF,2025-05-28 14:51,60.80,51.80,72.21,9.20,2000.00,M
BFF,2025-05-28 14:53,60.00,50.00,69.50,8.05,2000.00,M
BFF,2025-05-28 15:34,62.00,50.00,64.75,8.05,2500.00,M
BFF,2025-05-28 15:53,63.00,51.00,64.87,6.90,2700.00,M
BFF,2025-05-28 16:53,62.00,51.00,67.19,14.95,2400.00,M
BFF,2025-05-28 17:53,61.00,50.00,67.08,13.80,2400.00,M
BFF,2025-05-28 18:53,62.00,48.00,60.09,9.20,6500.00,M
BFF,2025-05-28 19:53,60.00,47.00,62.12,5.75,7000.00,M
BFF,2025-05-28 20:53,58.00,49.00,71.92,3.45,4400.00,M
BFF,2025-05-28 21:53,55.00,48.00,77.21,10.35,2800.00,M
BFF,2025-05-28 22:53,52.00,47.00,82.99,6.90,M,M
BFF,2025-05-28 23:53,49.00,45.00,86.00,4.60,M,M
BFF,2025-05-29 00:53,50.00,46.00,86.06,6.90,M,M
BFF,2025-05-29 01:53,49.00,45.00,86.00,4.60,7000.00,M
BFF,2025-05-29 02:53,47.00,44.00,89.24,4.60,M,M
BFF,2025-05-29 03:24,46.00,43.00,89.19,3.45,400.00,M
BFF,2025-05-29 03:32,46.00,44.00,92.68,0.00,400.00,M
BFF,2025-05-29 03:53,49.00,46.00,89.33,4.60,300.00,M
BFF,2025-05-29 04:04,49.00,47.00,92.77,4.60,200.00,M
BFF,2025-05-29 04:12,49.00,47.00,92.77,5.75,200.00,M
BFF,2025-05-29 04:20,49.00,47.00,92.77,5.75,100.00,M
BFF,2025-05-29 04:53,49.00,47.00,92.77,5.75,100.00,M
BFF,2025-05-29 05:53,48.00,47.00,96.31,0.00,200.00,M
BFF,2025-05-29 06:19,49.00,47.00,92.77,4.60,200.00,M
BFF,2025-05-29 06:29,49.00,47.00,92.77,5.75,200.00,M
BFF,2025-05-29 06:53,49.00,47.00,92.77,4.60,200.00,M
BFF,2025-05-29 07:53,48.00,47.00,96.31,3.45,200.00,M
BFF,2025-05-29 08:32,49.00,47.00,92.77,3.45,200.00,M
BFF,2025-05-29 08:53,49.00,47.00,92.77,5.75,200.00,M
BFF,2025-05-29 09:32,50.00,48.00,92.80,4.60,200.00,M
BFF,2025-05-29 09:41,49.00,47.00,92.77,0.00,200.00,M
BFF,2025-05-29 09:50,50.00,48.20,93.50,4.60,200.00,M
BFF,2025-05-29 09:53,49.00,48.00,96.32,3.45,200.00,M
BFF,2025-05-29 10:04,50.00,48.00,92.80,5.75,200.00,M
BFF,2025-05-29 10:12,50.00,48.00,92.80,5.75,200.00,M
BFF,2025-05-29 10:19,50.00,48.00,92.80,4.60,200.00,M
BFF,2025-05-29 10:53,52.00,49.00,89.46,0.00,400.00,M
BFF,2025-05-29 11:05,53.00,48.00,83.06,3.45,500.00,M
BFF,2025-05-29 11:41,57.00,49.00,74.55,3.45,1100.00,M
BFF,2025-05-29 11:53,57.00,49.00,74.55,6.90,1300.00,M
BFF,2025-05-29 12:53,61.00,50.00,67.08,3.45,M,M
BFF,2025-05-29 13:53,64.00,46.00,51.94,0.00,M,M
BFF,2025-05-29 14:53,67.00,45.00,45.06,4.60,M,M
BFF,2025-05-29 15:53,70.00,43.00,37.66,3.45,M,M
BFF,2025-05-29 16:53,69.00,43.00,38.97,4.60,M,M
BFF,2025-05-29 17:53,69.00,44.00,40.49,8.05,M,M
BFF,2025-05-29 18:53,69.00,43.00,38.97,3.45,M,M
BFF,2025-05-29 19:53,68.00,44.00,41.90,5.75,M,M
BFF,2025-05-29 20:53,65.00,M,M,8.05,M,M
BFF,2025-05-29 21:53,60.00,M,M,8.05,M,M
BFF,2025-05-29 22:53,57.00,M,M,4.60,M,M
BFF,2025-05-29 23:53,55.00,M,M,6.90,M,M
BFF,2025-05-30 00:53,53.00,M,M,4.60,M,M
BFF,2025-05-30 01:53,52.00,M,M,6.90,M,M
BFF,2025-05-30 02:53,51.00,M,M,6.90,M,M
BFF,2025-05-30 03:53,50.00,M,M,8.05,M,M
BFF,2025-05-30 04:53,49.00,M,M,8.05,M,M
BFF,2025-05-30 05:53,48.00,M,M,8.05,M,M
BFF,2025-05-30 06:53,47.00,M,M,8.05,M,M
BFF,2025-05-30 07:53,49.00,M,M,10.35,M,M
BFF,2025-05-30 08:53,53.00,46.00,77.03,4.60,M,M
BFF,2025-05-30 09:53,57.00,49.00,74.55,3.45,M,M
BFF,2025-05-30 10:53,64.00,51.00,62.64,0.00,M,M
BFF,2025-05-30 11:53,69.00,52.00,54.67,5.75,M,M
BFF,2025-05-30 12:53,74.00,53.00,47.89,10.35,M,M
BFF,2025-05-30 13:53,79.00,55.00,43.65,9.20,M,M
BFF,2025-05-30 14:53,83.00,46.00,27.44,19.55,M,29.90
BFF,2025-05-30 15:53,82.00,41.00,23.41,19.55,M,29.90
BFF,2025-05-30 16:53,83.00,43.00,24.48,19.55,M,29.90
BFF,2025-05-30 17:53,82.00,43.00,25.28,12.65,M,M
BFF,2025-05-30 18:53,82.00,47.00,29.44,10.35,M,M
BFF,2025-05-30 19:53,79.00,48.00,33.70,8.05,M,M
BFF,2025-05-30 20:53,73.00,52.00,47.73,6.90,M,M
BFF,2025-05-30 21:53,66.00,53.00,62.89,6.90,M,M
BFF,2025-05-30 22:53,61.00,53.00,74.94,3.45,M,M
BFF,2025-05-30 23:53,58.00,53.00,83.40,5.75,M,M
BFF,2025-05-31 00:53,57.00,52.00,83.34,4.60,M,M
BFF,2025-05-31 01:53,56.00,50.00,80.23,5.75,M,M
BFF,2025-05-31 02:53,57.00,52.00,83.34,3.45,7500.00,M
BFF,2025-05-31 03:53,59.00,50.00,72.02,9.20,7000.00,M
BFF,2025-05-31 04:53,59.00,50.00,72.02,8.05,7000.00,M
BFF,2025-05-31 05:53,59.00,49.00,69.39,6.90,7000.00,M
BFF,2025-05-31 06:53,58.00,49.00,71.92,8.05,7000.00,M
BFF,2025-05-31 07:53,60.00,49.00,66.96,9.20,M,M
BFF,2025-05-31 08:53,63.00,49.00,60.22,9.20,M,M
BFF,2025-05-31 09:53,67.00,50.00,54.38,4.60,M,M
BFF,2025-05-31 10:53,71.00,49.00,45.69,6.90,M,M
BFF,2025-05-31 11:53,74.00,45.00,35.51,4.60,M,M
BFF,2025-05-31 12:53,78.00,45.00,31.10,10.35,M,M
BFF,2025-05-31 13:53,78.00,41.00,26.67,5.75,M,M
BFF,2025-05-31 14:53,81.00,42.00,25.13,12.65,M,M
BFF,2025-05-31 15:53,82.00,35.00,18.49,10.35,M,M
BFF,2025-05-31 16:53,82.00,37.00,20.02,12.65,M,M
BFF,2025-05-31 17:53,82.00,36.00,19.24,16.10,M,M
BFF,2025-05-31 18:53,81.00,38.00,21.51,10.35,M,M
BFF,2025-05-31 19:53,79.00,42.00,26.83,9.20,M,M
BFF,2025-05-31 20:53,73.00,44.00,35.35,8.05,M,M
BFF,2025-05-31 21:53,67.00,47.00,48.60,9.20,M,M
BFF,2025-05-31 22:53,61.00,47.00,59.95,6.90,M,M
BFF,2025-05-31 23:53,59.00,47.00,64.37,3.45,M,M
BFF,2025-06-01 00:53,55.00,46.00,71.60,5.75,M,M
BFF,2025-06-01 01:53,54.00,M,M,6.90,M,M
BFF,2025-06-01 02:53,53.00,M,M,5.75,M,M
BFF,2025-06-01 03:53,52.00,M,M,8.05,M,M
BFF,2025-06-01 04:53,52.00,M,M,8.05,M,M
BFF,2025-06-01 05:53,51.00,M,M,8.05,M,M
BFF,2025-06-01 06:53,52.00,M,M,8.05,M,M
BFF,2025-06-01 07:53,57.00,M,M,9.20,M,M
BFF,2025-06-01 08:53,63.00,M,M,8.05,M,M
BFF,2025-06-01 09:53,69.00,M,M,6.90,M,M
BFF,2025-06-01 10:53,73.00,M,M,9.20,M,M
BFF,2025-06-01 11:53,80.00,M,M,9.20,M,M
BFF,2025-06-01 12:53,84.00,M,M,11.50,M,M
BFF,2025-06-01 13:53,87.00,M,M,10.35,M,M
BFF,2025-06-01 14:53,88.00,M,M,11.50,M,M
BFF,2025-06-01 15:42,90.00,M,M,10.35,100.00,M
BFF,2025-06-01 15:53,90.00,M,M,10.35,M,M
BFF,2025-06-01 16:53,90.00,M,M,11.50,M,M
BFF,2025-06-01 17:53,87.00,M,M,12.65,M,M
BFF,2025-06-01 18:53,84.00,M,M,10.35,M,M
BFF,2025-06-01 19:53,81.00,M,M,10.35,M,M
BFF,2025-06-01 20:43,78.00,M,M,11.50,11000.00,M
BFF,2025-06-01 20:53,79.00,M,M,14.95,11000.00,M
BFF,2025-06-01 21:53,75.00,M,M,16.10,M,47.15
BFF,2025-06-01 22:53,74.00,M,M,10.35,M,M
BFF,2025-06-01 23:53,68.00,M,M,0.00,M,M
BFF,2025-06-02 00:53,71.00,M,M,9.20,M,M
BFF,2025-06-02 01:53,70.00,M,M,12.65,M,M
BFF,2025-06-02 02:53,66.00,M,M,3.45,M,M
BFF,2025-06-02 03:53,63.00,M,M,5.75,M,M
BFF,2025-06-02 04:53,60.00,M,M,0.00,M,M
BFF,2025-06-02 05:53,56.00,M,M,3.45,M,M
BFF,2025-06-02 06:53,56.00,M,M,4.60,M,M
BFF,2025-06-02 07:53,60.00,M,M,0.00,M,M
BFF,2025-06-02 08:53,65.00,53.00,65.12,0.00,M,M
BFF,2025-06-02 09:53,69.00,52.00,54.67,0.00,M,M
BFF,2025-06-02 10:53,71.00,53.00,52.98,4.60,M,M
BFF,2025-06-02 11:53,74.00,53.00,47.89,5.75,M,M
BFF,2025-06-02 12:53,76.00,53.00,44.80,0.00,M,M
BFF,2025-06-02 13:53,78.00,53.00,41.93,3.45,M,M
BFF,2025-06-02 14:53,79.00,52.00,39.11,0.00,M,M
BFF,2025-06-02 15:53,80.00,54.00,40.73,11.50,M,M
BFF,2025-06-02 16:53,81.00,54.00,39.43,12.65,M,M
BFF,2025-06-02 17:53,76.00,53.00,44.80,16.10,M,M
BFF,2025-06-02 18:53,69.00,52.00,54.67,25.30,10000.00,33.35
BFF,2025-06-02 19:09,65.00,52.00,62.76,24.15,7500.00,37.95
BFF,2025-06-02 19:25,58.00,52.00,80.39,25.30,2000.00,37.95
BFF,2025-06-02 19:29,58.00,51.00,77.47,17.25,2200.00,37.95
BFF,2025-06-02 19:43,57.00,52.00,83.34,29.90,2200.00,39.10
BFF,2025-06-02 19:53,57.00,53.00,86.46,23.00,2300.00,39.10
BFF,2025-06-02 20:04,56.00,53.00,89.64,25.30,4300.00,36.80
BFF,2025-06-02 20:19,55.00,53.00,92.95,28.75,6000.00,42.55
BFF,2025-06-02 20:53,56.00,53.00,89.64,24.15,5500.00,42.55
BFF,2025-06-02 21:53,55.00,52.00,89.60,24.15,M,40.25
BFF,2025-06-02 22:38,53.00,48.00,83.06,6.90,1200.00,37.95
BFF,2025-06-02 22:53,53.00,47.00,80.00,10.35,1200.00,37.95
BFF,2025-06-02 23:49,51.80,44.60,76.34,14.95,1500.00,M
BFF,2025-06-02 23:53,52.00,45.00,76.94,13.80,1500.00,M
BFF,2025-06-03 00:53,50.00,46.00,86.06,11.50,1500.00,M
BFF,2025-06-03 01:29,50.00,47.00,89.37,10.35,1400.00,M
BFF,2025-06-03 01:37,50.00,47.00,89.37,9.20,800.00,M
BFF,2025-06-03 01:39,50.00,47.00,89.37,9.20,800.00,M
BFF,2025-06-03 01:53,50.00,46.00,86.06,9.20,800.00,M
BFF,2025-06-03 02:53,49.00,45.00,86.00,9.20,600.00,M
BFF,2025-06-03 03:53,49.00,44.00,82.79,6.90,1500.00,M
BFF,2025-06-03 04:53,47.00,43.00,85.89,9.20,7500.00,M
BFF,2025-06-03 05:53,48.00,43.00,82.72,8.05,7000.00,M
BFF,2025-06-03 06:53,48.00,43.00,82.72,11.50,12000.00,M
BFF,2025-06-03 07:53,48.00,43.00,82.72,6.90,M,M
BFF,2025-06-03 08:53,53.00,43.00,68.71,12.65,8000.00,M
BFF,2025-06-03 09:53,53.00,42.00,66.11,8.05,8000.00,M
BFF,2025-06-03 10:34,54.00,43.00,66.24,8.05,2500.00,M
BFF,2025-06-03 10:53,54.00,42.00,63.74,8.05,2500.00,M
BFF,2025-06-03 11:09,54.00,42.00,63.74,8.05,2700.00,M
BFF,2025-06-03 11:53,56.00,42.00,59.26,8.05,2800.00,M
BFF,2025-06-03 12:53,56.00,42.00,59.26,3.45,3300.00,M
BFF,2025-06-03 13:53,58.00,43.00,57.30,4.60,3500.00,M
BFF,2025-06-03 14:53,60.00,42.00,51.34,M,3800.00,M
BFF,2025-06-03 15:53,61.00,42.00,49.55,4.60,4200.00,M
BFF,2025-06-03 16:53,63.00,44.00,49.85,0.00,5000.00,M
BFF,2025-06-03 17:53,60.00,43.00,53.35,4.60,4900.00,M
BFF,2025-06-03 18:53,61.00,43.00,51.49,3.45,5000.00,M
BFF,2025-06-03 19:53,60.00,44.00,55.43,8.05,M,M
BFF,2025-06-03 20:53,57.00,46.00,66.60,6.90,8000.00,M
BFF,2025-06-03 21:53,54.00,47.00,77.12,5.75,7500.00,M
BFF,2025-06-03 22:53,52.00,45.00,76.94,4.60,M,M
BFF,2025-06-03 23:53,50.00,45.00,82.86,4.60,M,M
BFF,2025-06-04 00:53,49.00,44.00,82.79,4.60,M,M
BFF,2025-06-04 01:53,48.00,43.00,82.72,6.90,M,M
BFF,2025-06-04 02:53,48.00,43.00,82.72,6.90,10000.00,M
BFF,2025-06-04 03:53,49.00,44.00,82.79,4.60,8500.00,M
BFF,2025-06-04 04:53,50.00,43.00,76.76,5.75,7000.00,M
BFF,2025-06-04 05:53,50.00,44.00,79.76,8.05,7500.00,M
BFF,2025-06-04 06:53,50.00,44.00,79.76,8.05,7000.00,M
BFF,2025-06-04 07:53,50.00,45.00,82.86,8.05,7000.00,M
BFF,2025-06-04 08:53,52.00,46.00,79.92,10.35,7000.00,M
BFF,2025-06-04 09:53,55.00,47.00,74.36,9.20,6000.00,M
BFF,2025-06-04 10:53,56.00,49.00,77.30,10.35,5500.00,M
BFF,2025-06-04 11:53,59.00,49.00,69.39,13.80,5500.00,M
BFF,2025-06-04 12:53,60.00,48.00,64.50,11.50,5000.00,M
BFF,2025-06-04 13:53,62.00,47.00,57.87,16.10,4500.00,M
BFF,2025-06-04 14:53,64.00,45.00,50.01,13.80,4400.00,M
BFF,2025-06-04 15:53,65.00,48.00,54.09,19.55,4000.00,M
BFF,2025-06-04 16:53,66.00,48.00,52.24,17.25,M,M
BFF,2025-06-04 17:53,67.00,47.00,48.60,11.50,4600.00,31.05
BFF,2025-06-04 18:53,67.00,47.00,48.60,17.25,M,M
BFF,2025-06-04 19:53,65.00,46.00,50.16,18.40,M,M
BFF,2025-06-04 20:53,62.00,47.00,57.87,16.10,M,M
BFF,2025-06-04 21:53,59.00,M,M,11.50,11000.00,M
BFF,2025-06-04 22:53,58.00,M,M,13.80,M,M
BFF,2025-06-04 23:53,57.00,M,M,12.65,10000.00,M
BFF,2025-06-05 00:53,56.00,M,M,13.80,6500.00,M
BFF,2025-06-05 01:53,54.00,M,M,9.20,4700.00,M
BFF,2025-06-05 02:53,53.00,M,M,12.65,7000.00,M
BFF,2025-06-05 03:53,52.00,M,M,12.65,4100.00,M
BFF,2025-06-05 04:53,53.00,M,M,10.35,5500.00,M
BFF,2025-06-05 05:50,53.60,M,M,12.65,3600.00,M
BFF,2025-06-05 05:53,53.00,M,M,12.65,3600.00,M
BFF,2025-06-05 06:20,52.00,M,M,10.35,1100.00,M
BFF,2025-06-05 06:25,52.00,M,M,4.60,800.00,M
BFF,2025-06-05 06:27,52.00,M,M,3.45,1100.00,M
BFF,2025-06-05 06:34,52.00,M,M,M,700.00,M
BFF,2025-06-05 06:50,51.80,M,M,9.20,700.00,M
BFF,2025-06-05 06:53,52.00,M,M,10.35,700.00,M
BFF,2025-06-05 06:55,52.00,M,M,10.35,700.00,M
BFF,2025-06-05 07:03,52.00,M,M,6.90,800.00,M
BFF,2025-06-05 07:20,52.00,M,M,9.20,900.00,M
BFF,2025-06-05 07:24,52.00,M,M,9.20,900.00,M
BFF,2025-06-05 07:31,52.00,M,M,12.65,1100.00,M
BFF,2025-06-05 07:53,52.00,50.00,92.86,13.80,3500.00,M
BFF,2025-06-05 08:53,53.00,52.00,96.39,12.65,8000.00,M
BFF,2025-06-05 09:34,54.00,53.00,96.40,13.80,1300.00,M
BFF,2025-06-05 09:53,54.00,52.00,92.92,13.80,700.00,M
BFF,2025-06-05 10:10,55.00,52.00,89.60,13.80,700.00,M
BFF,2025-06-05 10:49,55.40,51.80,87.65,9.20,1000.00,M
BFF,2025-06-05 10:53,56.00,51.00,83.27,8.05,1000.00,M
BFF,2025-06-05 11:05,56.00,51.00,83.27,9.20,900.00,M
BFF,2025-06-05 11:22,58.00,52.00,80.39,8.05,1100.00,M
BFF,2025-06-05 11:34,58.00,52.00,80.39,10.35,800.00,M
BFF,2025-06-05 11:53,59.00,52.00,77.56,10.35,1300.00,M
BFF,2025-06-05 12:48,60.80,53.60,77.15,6.90,1100.00,M
BFF,2025-06-05 12:53,60.00,53.00,77.65,5.75,1100.00,M
BFF,2025-06-05 13:18,64.00,54.00,69.94,3.45,1800.00,M
BFF,2025-06-05 13:45,63.00,54.00,72.44,0.00,2000.00,M
BFF,2025-06-05 13:53,65.00,54.00,67.55,3.45,1900.00,M
BFF,2025-06-05 14:53,67.00,54.00,63.02,12.65,2600.00,M
BFF,2025-06-05 15:06,67.00,53.00,60.75,13.80,2600.00,M
BFF,2025-06-05 15:53,67.00,53.00,60.75,14.95,3000.00,M
BFF,2025-06-05 16:53,66.00,51.00,58.42,16.10,3000.00,M
BFF,2025-06-05 17:53,64.00,50.00,60.35,13.80,3400.00,M
BFF,2025-06-05 18:53,64.00,49.00,58.15,13.80,3000.00,M
BFF,2025-06-05 19:53,62.00,49.00,62.38,11.50,M,M
BFF,2025-06-05 20:53,58.00,47.00,66.72,9.20,M,M
BFF,2025-06-05 21:53,54.00,47.00,77.12,6.90,M,M
BFF,2025-06-05 22:53,53.00,48.00,83.06,3.45,M,M
BFF,2025-06-05 23:53,52.00,48.00,86.18,5.75,M,M
BFF,2025-06-06 00:53,51.00,47.00,86.12,0.00,M,M
BFF,2025-06-06 01:53,51.00,47.00,86.12,4.60,M,M
BFF,2025-06-06 02:53,50.00,48.00,92.80,0.00,M,M
BFF,2025-06-06 03:53,49.00,46.00,89.33,0.00,M,M
BFF,2025-06-06 04:53,49.00,46.00,89.33,0.00,M,M
BFF,2025-06-06 05:53,49.00,46.00,89.33,0.00,M,M
BFF,2025-06-06 06:53,50.00,47.00,89.37,4.60,12000.00,M
BFF,2025-06-06 07:53,50.00,47.00,89.37,5.75,1400.00,M
BFF,2025-06-06 08:39,50.00,47.00,89.37,5.75,500.00,M
BFF,2025-06-06 08:51,50.00,46.40,87.37,4.60,500.00,M
BFF,2025-06-06 08:53,50.00,47.00,89.37,3.45,500.00,M
BFF,2025-06-06 09:16,51.00,48.00,89.42,4.60,500.00,M
BFF,2025-06-06 09:53,51.00,48.00,89.42,3.45,600.00,M
BFF,2025-06-06 10:53,53.00,48.00,83.06,6.90,1000.00,M
BFF,2025-06-06 11:53,54.00,48.00,80.08,0.00,1300.00,M
BFF,2025-06-06 12:24,54.00,48.00,80.08,3.45,1500.00,M
BFF,2025-06-06 12:48,53.60,48.20,81.87,3.45,1900.00,M
BFF,2025-06-06 12:53,54.00,48.00,80.08,0.00,1900.00,M
BFF,2025-06-06 13:53,56.00,50.00,80.23,3.45,1400.00,M
BFF,2025-06-06 13:58,56.00,50.00,80.23,4.60,1200.00,M
BFF,2025-06-06 14:50,59.00,51.80,76.99,6.90,1600.00,M
BFF,2025-06-06 14:53,59.00,50.00,72.02,5.75,1800.00,M
BFF,2025-06-06 15:11,60.00,51.00,72.13,4.60,1900.00,M
BFF,2025-06-06 15:53,61.00,48.00,62.25,0.00,2500.00,M
BFF,2025-06-06 16:53,62.00,50.00,64.75,6.90,2800.00,M
BFF,2025-06-06 17:53,63.00,51.00,64.87,6.90,M,M
BFF,2025-06-06 18:53,64.00,51.00,62.64,6.90,M,M
BFF,2025-06-06 19:53,65.00,51.00,60.49,6.90,M,M
BFF,2025-06-06 20:53,62.00,52.00,69.72,3.45,12000.00,M
BFF,2025-06-06 21:53,60.00,52.00,74.84,3.45,3000.00,M
BFF,2025-06-06 22:53,57.00,53.00,86.46,3.45,10000.00,M
BFF,2025-06-06 23:53,56.00,52.00,86.40,3.45,M,M
BFF,2025-06-07 00:53,53.00,50.00,89.51,5.75,M,M
BFF,2025-06-07 01:53,52.00,49.00,89.46,4.60,M,M
BFF,2025-06-07 02:53,48.00,46.00,92.74,0.00,M,M
BFF,2025-06-07 03:53,49.00,46.00,89.33,3.45,M,M
BFF,2025-06-07 04:53,48.00,45.00,89.28,0.00,M,M
BFF,2025-06-07 05:21,47.00,44.00,89.24,0.00,100.00,M
BFF,2025-06-07 05:24,47.00,44.00,89.24,4.60,100.00,M
BFF,2025-06-07 05:29,46.00,44.00,92.68,3.45,100.00,M
BFF,2025-06-07 05:53,46.00,44.00,92.68,3.45,100.00,M
BFF,2025-06-07 06:02,46.00,44.00,92.68,3.45,100.00,M
BFF,2025-06-07 06:18,43.00,42.00,96.23,0.00,100.00,M
BFF,2025-06-07 06:23,44.00,42.00,92.61,3.45,M,M
BFF,2025-06-07 06:34,44.00,42.00,92.61,3.45,100.00,M
BFF,2025-06-07 06:51,44.60,42.80,93.35,3.45,100.00,M
BFF,2025-06-07 06:53,44.00,43.00,96.24,3.45,100.00,M
BFF,2025-06-07 07:02,45.00,44.00,96.26,3.45,100.00,M
BFF,2025-06-07 07:09,46.00,44.00,92.68,3.45,100.00,M
BFF,2025-06-07 07:12,47.00,45.00,92.71,0.00,M,M
BFF,2025-06-07 07:15,47.00,45.00,92.71,3.45,M,M
BFF,2025-06-07 07:53,50.00,46.00,86.06,3.45,M,M
BFF,2025-06-07 08:53,57.00,48.00,71.81,0.00,M,M
BFF,2025-06-07 09:53,62.00,49.00,62.38,5.75,M,M
BFF,2025-06-07 10:53,68.00,52.00,56.58,5.75,M,M
BFF,2025-06-07 11:53,73.00,53.00,49.52,5.75,M,M
BFF,2025-06-07 12:53,76.00,52.00,43.18,9.20,M,M
BFF,2025-06-07 13:53,80.00,47.00,31.41,17.25,M,M
BFF,2025-06-07 14:53,81.00,46.00,29.28,17.25,M,29.90
BFF,2025-06-07 15:53,83.00,46.00,27.44,10.35,9500.00,31.05
BFF,2025-06-07 16:53,83.00,45.00,26.42,12.65,10000.00,29.90
BFF,2025-06-07 17:53,82.00,49.00,31.73,13.80,M,M
BFF,2025-06-07 18:53,81.00,50.00,34.02,13.80,M,M
BFF,2025-06-07 19:53,78.00,49.00,36.16,12.65,M,M
BFF,2025-06-07 20:53,73.00,51.00,46.00,10.35,M,M
BFF,2025-06-07 21:53,66.00,51.00,58.42,9.20,M,M
BFF,2025-06-07 22:53,63.00,50.00,62.51,12.65,M,M
BFF,2025-06-07 23:53,62.00,49.00,62.38,10.35,M,M
BFF,2025-06-08 00:53,60.00,49.00,66.96,4.60,M,M
BFF,2025-06-08 01:53,61.00,48.00,62.25,6.90,M,M
BFF,2025-06-08 02:53,58.00,48.00,69.28,0.00,M,M
BFF,2025-06-08 03:53,58.00,48.00,69.28,5.75,12000.00,M
BFF,2025-06-08 04:53,54.00,47.00,77.12,3.45,6500.00,M
BFF,2025-06-08 05:53,52.00,46.00,79.92,4.60,M,M
BFF,2025-06-08 06:53,54.00,45.00,71.50,6.90,5000.00,M
BFF,2025-06-08 07:53,55.00,40.00,56.87,8.05,5000.00,M
BFF,2025-06-08 08:53,53.00,40.00,61.19,17.25,3400.00,M
BFF,2025-06-08 09:53,52.00,40.00,63.48,6.90,5000.00,M
BFF,2025-06-08 10:53,53.00,40.00,61.19,8.05,4600.00,M
BFF,2025-06-08 11:53,53.00,41.00,63.61,10.35,5500.00,M
BFF,2025-06-08 12:53,57.00,42.00,57.16,11.50,6000.00,M
BFF,2025-06-08 13:53,59.00,42.00,53.20,14.95,6000.00,M
BFF,2025-06-08 14:53,63.00,43.00,47.98,14.95,6000.00,M
BFF,2025-06-08 15:53,67.00,44.00,43.37,14.95,6500.00,M
BFF,2025-06-08 16:53,71.00,39.00,31.18,21.85,M,M
BFF,2025-06-08 17:53,71.00,42.00,35.03,16.10,M,33.35
BFF,2025-06-08 18:53,71.00,44.00,37.82,16.10,M,M
BFF,2025-06-08 19:53,69.00,44.00,40.49,14.95,M,M
BFF,2025-06-08 20:53,65.00,46.00,50.16,10.35,M,M
BFF,2025-06-08 21:53,61.00,45.00,55.58,5.75,M,M
BFF,2025-06-08 22:53,58.00,45.00,61.85,6.90,M,M
BFF,2025-06-08 23:53,53.00,45.00,74.16,4.60,M,M
BFF,2025-06-09 00:53,52.00,44.00,74.06,6.90,M,M
BFF,2025-06-09 01:53,51.00,43.00,73.96,3.45,M,M
BFF,2025-06-09 02:53,47.00,41.00,79.51,4.60,M,M
BFF,2025-06-09 03:53,48.00,42.00,79.59,4.60,M,M
BFF,2025-06-09 04:53,45.00,41.00,85.77,4.60,M,M
BFF,2025-06-09 05:53,44.00,40.00,85.71,5.75,M,M
BFF,2025-06-09 06:53,45.00,41.00,85.77,5.75,M,M
BFF,2025-06-09 07:53,50.00,44.00,79.76,3.45,M,M
BFF,2025-06-09 08:53,55.00,45.00,68.94,9.20,M,M
BFF,2025-06-09 09:53,61.00,45.00,55.58,9.20,M,M
BFF,2025-06-09 10:53,66.00,45.00,46.64,5.75,M,M
BFF,2025-06-09 11:53,71.00,40.00,32.42,9.20,M,M
BFF,2025-06-09 12:53,74.00,41.00,30.46,11.50,M,M
BFF,2025-06-09 13:53,77.00,42.00,28.65,11.50,M,M
BFF,2025-06-09 14:53,78.00,42.00,27.72,9.20,M,M
BFF,2025-06-09 15:53,80.00,43.00,26.98,11.50,M,M
BFF,2025-06-09 16:53,80.00,45.00,29.12,9.20,M,M
BFF,2025-06-09 17:53,80.00,44.00,28.03,0.00,M,M
BFF,2025-06-09 18:53,81.00,44.00,27.13,8.05,M,M
BFF,2025-06-09 19:53,79.00,46.00,31.26,8.05,M,M
BFF,2025-06-09 20:53,73.00,48.00,41.13,3.45,M,M
BFF,2025-06-09 21:53,66.00,48.00,52.24,5.75,M,M
BFF,2025-06-09 22:53,61.00,48.00,62.25,4.60,M,M
BFF,2025-06-09 23:53,58.00,47.00,66.72,6.90,M,M
BFF,2025-06-10 00:53,58.00,46.00,64.25,3.45,M,M
BFF,2025-06-10 01:53,53.00,45.00,74.16,6.90,M,M
BFF,2025-06-10 02:53,54.00,45.00,71.50,5.75,M,M
BFF,2025-06-10 03:53,53.00,44.00,71.39,4.60,M,M
BFF,2025-06-10 04:53,52.00,44.00,74.06,0.00,M,M
BFF,2025-06-10 05:53,48.00,43.00,82.72,0.00,M,M
BFF,2025-06-10 06:53,49.00,44.00,82.79,0.00,M,M
BFF,2025-06-10 07:53,54.00,47.00,77.12,0.00,M,M
BFF,2025-06-10 08:53,59.00,47.00,64.37,5.75,M,M
BFF,2025-06-10 09:53,65.00,49.00,56.15,5.75,M,M
BFF,2025-06-10 10:53,71.00,50.00,47.42,5.75,M,M
BFF,2025-06-10 11:53,77.00,49.00,37.37,4.60,M,M
BFF,2025-06-10 12:53,81.00,51.00,35.31,M,M,M
BFF,2025-06-10 13:53,83.00,52.00,34.34,4.60,M,M
BFF,2025-06-10 14:53,87.00,50.00,28.06,3.45,M,M
BFF,2025-06-10 15:53,89.00,47.00,23.55,3.45,M,M
BFF,2025-06-10 16:53,92.00,46.00,20.64,0.00,M,M
BFF,2025-06-10 17:53,91.00,46.00,21.30,3.45,M,M
BFF,2025-06-10 18:53,90.00,47.00,22.82,5.75,M,M
BFF,2025-06-10 19:53,88.00,53.00,30.37,5.75,M,M
BFF,2025-06-10 20:53,83.00,50.00,31.89,9.20,M,M
BFF,2025-06-10 21:53,74.00,53.00,47.89,6.90,M,M
BFF,2025-06-10 22:53,68.00,53.00,58.70,6.90,M,M
BFF,2025-06-10 23:53,69.00,52.00,54.67,6.90,M,M
BFF,2025-06-11 00:53,67.00,51.00,56.44,8.05,M,M
BFF,2025-06-11 01:53,67.00,51.00,56.44,8.05,M,M
BFF,2025-06-11 02:53,71.00,50.00,47.42,25.30,M,40.25
BFF,2025-06-11 03:53,70.00,48.00,45.53,17.25,M,41.40
BFF,2025-06-11 04:53,66.00,48.00,52.24,6.90,M,M
BFF,2025-06-11 05:53,60.00,49.00,66.96,3.45,M,M
BFF,2025-06-11 06:53,59.00,50.00,72.02,8.05,M,M
BFF,2025-06-11 07:53,65.00,53.00,65.12,0.00,M,M
BFF,2025-06-11 08:53,67.00,52.00,58.56,5.75,M,M
BFF,2025-06-11 09:53,69.00,53.00,56.72,8.05,M,M
BFF,2025-06-11 10:53,72.00,54.00,53.13,5.75,M,M
BFF,2025-06-11 11:53,77.00,55.00,46.62,6.90,M,M
BFF,2025-06-11 12:53,81.00,52.00,36.64,4.60,M,M
BFF,2025-06-11 13:53,83.00,52.00,34.34,3.45,M,M
BFF,2025-06-11 14:53,86.00,52.00,31.19,6.90,M,M
BFF,2025-06-11 15:53,87.00,54.00,32.52,9.20,M,M
BFF,2025-06-11 16:53,86.00,53.00,32.36,14.95,M,M
BFF,2025-06-11 17:53,86.00,53.00,32.36,14.95,M,M
BFF,2025-06-11 18:53,83.00,53.00,35.63,9.20,M,M
BFF,2025-06-11 19:53,84.00,53.00,34.50,12.65,M,M
BFF,2025-06-11 20:53,77.00,54.00,44.95,5.75,M,M
BFF,2025-06-11 21:53,72.00,57.00,59.24,10.35,M,M
BFF,2025-06-11 22:53,72.00,56.00,57.14,8.05,M,M
BFF,2025-06-11 23:17,74.00,56.00,53.42,18.40,9000.00,35.65
BFF,2025-06-11 23:39,70.00,M,M,20.70,5000.00,35.65
BFF,2025-06-11 23:49,69.80,M,M,21.85,5000.00,35.65
BFF,2025-06-11 23:53,69.00,M,M,20.70,5000.00,35.65
BFF,2025-06-12 00:04,69.00,M,M,16.10,10000.00,31.05
BFF,2025-06-12 00:53,70.00,M,M,12.65,M,31.05
BFF,2025-06-12 01:53,68.00,M,M,5.75,M,M
BFF,2025-06-12 02:53,66.00,M,M,4.60,M,M
BFF,2025-06-12 03:53,63.00,M,M,16.10,M,M
BFF,2025-06-12 04:53,62.00,M,M,0.00,1200.00,M
BFF,2025-06-12 05:53,61.00,M,M,11.50,M,M
BFF,2025-06-12 06:53,60.00,M,M,3.45,M,M
BFF,2025-06-12 07:53,64.00,M,M,0.00,M,M
BFF,2025-06-12 08:53,67.00,59.00,75.50,4.60,M,M
BFF,2025-06-12 09:53,69.00,60.00,73.05,0.00,M,M
BFF,2025-06-12 10:53,74.00,61.00,63.90,3.45,M,M
BFF,2025-06-12 11:53,76.00,60.00,57.69,3.45,M,M
BFF,2025-06-12 12:53,M,M,M,5.75,M,M
BFF,2025-06-12 14:53,89.00,56.00,32.83,6.90,M,M
BFF,2025-06-12 15:53,88.00,48.00,25.23,3.45,M,M
BFF,2025-06-12 16:53,83.00,54.00,36.96,9.20,M,M
BFF,2025-06-12 17:53,79.00,58.00,48.65,4.60,11000.00,M
BFF,2025-06-12 18:11,79.00,46.00,31.26,29.90,11000.00,40.25
BFF,2025-06-12 18:25,74.00,51.00,44.48,25.30,10000.00,40.25
BFF,2025-06-12 18:45,68.00,54.00,60.89,9.20,M,34.50
BFF,2025-06-12 18:53,70.00,51.00,50.92,M,M,34.50
BFF,2025-06-12 19:07,71.00,52.00,51.07,12.65,5000.00,M
BFF,2025-06-12 19:29,69.00,55.00,61.02,10.35,10000.00,M
BFF,2025-06-12 19:53,69.00,54.00,58.83,14.95,8000.00,M
BFF,2025-06-12 20:53,67.00,56.00,67.78,10.35,M,M
BFF,2025-06-12 21:53,65.00,57.00,75.32,3.45,M,M
BFF,2025-06-12 22:53,64.00,55.00,72.54,8.05,M,M
BFF,2025-06-12 23:53,63.00,57.00,80.77,3.45,M,M
BFF,2025-06-13 00:53,65.00,56.00,72.64,20.70,8000.00,M
BFF,2025-06-13 01:37,64.00,57.00,77.99,16.10,M,M
BFF,2025-06-13 01:53,63.00,57.00,80.77,13.80,M,M
BFF,2025-06-13 02:53,61.00,57.00,86.68,11.50,M,M
BFF,2025-06-13 03:53,58.00,56.00,93.04,4.60,M,M
BFF,2025-06-13 04:53,57.00,55.00,93.01,5.75,M,M
BFF,2025-06-13 05:53,55.00,54.00,96.42,4.60,M,M
BFF,2025-06-13 06:53,55.00,54.00,96.42,4.60,M,M
BFF,2025-06-13 07:53,61.00,58.00,89.85,3.45,M,M
BFF,2025-06-13 08:53,65.00,57.00,75.32,4.60,M,M
BFF,2025-06-13 09:53,69.00,60.00,73.05,5.75,M,M
BFF,2025-06-13 10:53,71.00,61.00,70.70,6.90,M,M
BFF,2025-06-13 11:53,77.00,62.00,59.91,5.75,M,M
BFF,2025-06-13 12:53,80.00,64.00,58.24,12.65,M,M
BFF,2025-06-13 13:53,82.00,62.00,50.87,14.95,M,M
BFF,2025-06-13 14:53,84.00,62.00,47.69,11.50,M,M
BFF,2025-06-13 15:53,86.00,60.00,41.68,14.95,M,M
BFF,2025-06-13 16:53,86.00,60.00,41.68,13.80,M,29.90
BFF,2025-06-13 17:13,84.00,60.00,44.43,13.80,8500.00,M
BFF,2025-06-13 17:53,77.00,68.00,73.83,19.55,3900.00,29.90
BFF,2025-06-13 18:08,74.00,61.00,63.90,20.70,3800.00,37.95
BFF,2025-06-13 18:30,72.00,59.00,63.65,20.70,M,37.95
BFF,2025-06-13 18:53,73.00,54.00,51.37,12.65,M,37.95
BFF,2025-06-13 19:45,75.00,66.00,73.64,9.20,M,M
BFF,2025-06-13 19:53,75.00,66.00,73.64,11.50,M,M
BFF,2025-06-13 20:00,75.00,67.00,76.23,10.35,M,M
BFF,2025-06-13 20:53,72.00,63.00,73.34,17.25,M,29.90
BFF,2025-06-13 21:53,68.00,59.00,72.95,12.65,M,29.90
BFF,2025-06-13 22:53,67.00,60.00,78.24,10.35,M,M
BFF,2025-06-13 23:53,65.00,59.00,80.92,8.05,M,M
BFF,2025-06-14 00:53,62.00,58.00,86.73,5.75,M,M
BFF,2025-06-14 01:53,62.00,57.00,83.67,5.75,M,M
BFF,2025-06-14 02:53,61.00,57.00,86.68,5.75,M,M
BFF,2025-06-14 03:53,62.00,54.00,75.03,5.75,M,M
BFF,2025-06-14 04:53,61.00,54.00,77.73,3.45,M,M
BFF,2025-06-14 05:53,60.00,53.00,77.65,0.00,M,M
BFF,2025-06-14 06:53,57.00,54.00,89.68,5.75,M,M
BFF,2025-06-14 07:53,60.00,56.00,86.62,4.60,M,M
BFF,2025-06-14 08:53,67.00,55.00,65.36,5.75,M,M
BFF,2025-06-14 09:53,70.00,56.00,61.15,9.20,M,M
BFF,2025-06-14 10:53,73.00,57.00,57.28,11.50,M,M
BFF,2025-06-14 11:53,75.00,57.00,53.57,10.35,M,M
BFF,2025-06-14 12:53,79.00,61.00,54.14,12.65,M,M
BFF,2025-06-14 13:53,82.00,62.00,50.87,18.40,M,M
BFF,2025-06-14 14:53,87.00,62.00,43.34,14.95,M,M
BFF,2025-06-14 15:53,84.00,60.00,44.43,12.65,M,M
BFF,2025-06-14 16:53,85.00,61.00,44.58,11.50,M,M
BFF,2025-06-14 17:53,85.00,61.00,44.58,12.65,M,M
BFF,2025-06-14 18:53,82.00,64.00,54.57,6.90,M,M
BFF,2025-06-14 19:53,82.00,43.00,25.28,6.90,M,M
BFF,2025-06-14 20:53,77.00,65.00,66.55,11.50,M,M
BFF,2025-06-14 21:53,74.00,61.00,63.90,8.05,M,M
BFF,2025-06-14 22:53,73.00,57.00,57.28,0.00,M,M
BFF,2025-06-14 23:53,74.00,47.00,38.31,8.05,M,M
BFF,2025-06-15 00:53,73.00,45.00,36.73,0.00,M,M
BFF,2025-06-15 01:53,65.00,49.00,56.15,9.20,M,M
BFF,2025-06-15 02:53,62.00,58.00,86.73,8.05,M,M
BFF,2025-06-15 03:53,62.00,56.00,80.70,3.45,M,M
BFF,2025-06-15 04:53,60.00,56.00,86.62,4.60,M,M
BFF,2025-06-15 05:53,58.00,56.00,93.04,4.60,M,M
BFF,2025-06-15 06:53,57.00,55.00,93.01,4.60,M,M
BFF,2025-06-15 07:53,62.00,58.00,86.73,4.60,M,M
BFF,2025-06-15 08:53,67.00,58.00,72.85,8.05,M,M
BFF,2025-06-15 09:53,72.00,57.00,59.24,9.20,M,M
BFF,2025-06-15 10:53,78.00,56.00,46.78,10.35,M,M
BFF,2025-06-15 11:53,82.00,59.00,45.73,12.65,M,M
BFF,2025-06-15 12:53,84.00,60.00,44.43,13.80,M,M
BFF,2025-06-15 13:53,87.00,60.00,40.38,12.65,M,M
BFF,2025-06-15 14:53,90.00,61.00,38.06,10.35,M,M
BFF,2025-06-15 15:53,88.00,60.00,39.12,9.20,M,M
BFF,2025-06-15 16:53,85.00,65.00,51.31,9.20,M,M
BFF,2025-06-15 17:53,83.00,64.00,52.84,5.75,M,M
BFF,2025-06-15 18:31,87.00,39.00,18.45,28.75,M,43.70
BFF,2025-06-15 18:53,84.00,37.00,18.77,16.10,5000.00,60.95
BFF,2025-06-15 18:57,83.00,38.00,20.16,6.90,5000.00,37.95
BFF,2025-06-15 19:06,83.00,38.00,20.16,14.95,M,M
BFF,2025-06-15 19:14,85.00,36.00,17.47,9.20,M,M
BFF,2025-06-15 19:33,88.00,31.00,13.00,18.40,9500.00,40.25
BFF,2025-06-15 19:44,85.00,34.00,16.14,20.70,9500.00,40.25
BFF,2025-06-15 19:53,84.00,35.00,17.34,19.55,10000.00,40.25
BFF,2025-06-15 20:00,83.00,36.00,18.63,5.75,M,M
BFF,2025-06-15 20:53,77.00,44.00,30.94,13.80,M,M
BFF,2025-06-15 21:53,76.00,45.00,33.22,16.10,M,33.35
BFF,2025-06-15 22:53,74.00,46.00,36.89,13.80,11000.00,M
BFF,2025-06-15 23:53,74.00,44.00,34.19,17.25,M,M
BFF,2025-06-16 00:53,69.00,46.00,43.69,8.05,M,29.90
BFF,2025-06-16 01:53,64.00,47.00,53.94,6.90,M,M
BFF,2025-06-16 02:53,64.00,48.00,56.01,11.50,M,M
BFF,2025-06-16 03:53,62.00,49.00,62.38,8.05,M,M
BFF,2025-06-16 04:53,59.00,50.00,72.02,3.45,M,M
BFF,2025-06-16 05:53,58.00,51.00,77.47,9.20,M,M
BFF,2025-06-16 06:53,58.00,53.00,83.40,4.60,M,M
BFF,2025-06-16 07:53,64.00,57.00,77.99,0.00,M,M
BFF,2025-06-16 08:53,68.00,59.00,72.95,6.90,M,M
BFF,2025-06-16 09:53,71.00,57.00,61.28,12.65,M,M
BFF,2025-06-16 10:53,75.00,58.00,55.53,10.35,M,M
BFF,2025-06-16 11:53,78.00,55.00,45.11,6.90,M,M
BFF,2025-06-16 12:53,80.00,57.00,45.42,4.60,M,M
BFF,2025-06-16 13:53,81.00,59.00,47.24,11.50,M,M
BFF,2025-06-16 14:53,84.00,59.00,42.87,12.65,M,M
BFF,2025-06-16 15:53,84.00,58.00,41.36,12.65,M,M
BFF,2025-06-16 16:53,82.00,59.00,45.73,13.80,M,M
BFF,2025-06-16 17:53,79.00,59.00,50.42,8.05,M,M
BFF,2025-06-16 18:53,79.00,59.00,50.42,13.80,M,M
BFF,2025-06-16 19:53,77.00,59.00,53.86,14.95,12000.00,29.90
BFF,2025-06-16 20:02,77.00,60.00,55.81,17.25,M,M
BFF,2025-06-16 20:50,75.20,59.00,57.17,17.25,M,M
BFF,2025-06-16 20:53,75.00,59.00,57.55,16.10,M,M
BFF,2025-06-16 21:53,74.00,54.00,49.67,21.85,9500.00,49.45
BFF,2025-06-16 22:53,70.00,58.00,65.72,9.20,M,33.35
BFF,2025-06-16 23:53,68.00,58.00,70.38,3.45,M,M
BFF,2025-06-17 00:53,68.00,59.00,72.95,8.05,4200.00,M
BFF,2025-06-17 01:13,67.00,60.00,78.24,5.75,4000.00,M
BFF,2025-06-17 01:22,65.00,61.00,86.89,8.05,1800.00,M
BFF,2025-06-17 01:33,61.00,59.00,93.13,28.75,1300.00,37.95
BFF,2025-06-17 01:45,61.00,59.00,93.13,20.70,1700.00,43.70
BFF,2025-06-17 01:53,63.00,59.00,86.79,23.00,1900.00,43.70
BFF,2025-06-17 02:02,63.00,59.00,86.79,20.70,1900.00,M
BFF,2025-06-17 02:19,64.00,58.00,80.85,14.95,M,29.90
BFF,2025-06-17 02:44,63.00,59.00,86.79,10.35,M,29.90
BFF,2025-06-17 02:53,65.00,58.00,78.08,9.20,M,29.90
BFF,2025-06-17 03:53,64.00,59.00,83.80,8.05,M,M
BFF,2025-06-17 04:53,62.00,59.00,89.89,0.00,11000.00,M
BFF,2025-06-17 05:53,62.00,59.00,89.89,3.45,2400.00,M
BFF,2025-06-17 06:53,62.00,60.00,93.16,5.75,5000.00,M
BFF,2025-06-17 07:06,62.00,60.00,93.16,8.05,1800.00,M
BFF,2025-06-17 07:35,61.00,59.00,93.13,4.60,2300.00,M
BFF,2025-06-17 07:46,62.00,60.00,93.16,11.50,2400.00,M
BFF,2025-06-17 07:53,62.00,60.00,93.16,11.50,2400.00,M
BFF,2025-06-17 08:53,63.00,60.00,89.94,11.50,M,M
BFF,2025-06-17 09:39,64.00,59.00,83.80,0.00,1200.00,M
BFF,2025-06-17 09:53,64.00,60.00,86.84,5.75,1400.00,M
BFF,2025-06-17 10:03,64.00,60.00,86.84,3.45,1600.00,M
BFF,2025-06-17 10:40,64.00,60.00,86.84,3.45,2400.00,M
BFF,2025-06-17 10:53,65.00,60.00,83.86,0.00,2700.00,M
BFF,2025-06-17 11:53,66.00,60.00,81.00,0.00,12000.00,M
BFF,2025-06-17 12:53,65.00,60.00,83.86,4.60,10000.00,M
BFF,2025-06-17 13:53,66.00,60.00,81.00,12.65,11000.00,M
BFF,2025-06-17 14:53,71.00,58.00,63.53,5.75,M,M
BFF,2025-06-17 15:53,71.00,57.00,61.28,0.00,M,M
BFF,2025-06-17 16:53,68.00,60.00,75.59,9.20,11000.00,M
BFF,2025-06-17 17:53,66.00,56.00,70.16,8.05,M,M
BFF,2025-06-17 18:53,67.00,51.00,56.44,0.00,M,M
BFF,2025-06-17 19:53,65.00,49.00,56.15,26.45,4900.00,36.80
BFF,2025-06-17 20:53,60.00,49.00,66.96,17.25,11000.00,41.40
BFF,2025-06-17 21:53,59.00,49.00,69.39,5.75,M,29.90
BFF,2025-06-17 22:53,57.00,51.00,80.31,4.60,M,M
BFF,2025-06-17 23:53,56.00,50.00,80.23,0.00,M,M
BFF,2025-06-18 00:53,51.00,50.00,96.36,3.45,M,M
BFF,2025-06-18 01:53,52.00,50.00,92.86,5.75,M,M
BFF,2025-06-18 02:53,50.00,49.00,96.34,5.75,M,M
BFF,2025-06-18 03:53,48.00,48.00,100.00,4.60,M,M
BFF,2025-06-18 04:53,49.00,47.00,92.77,0.00,M,M
BFF,2025-06-18 05:53,47.00,47.00,100.00,6.90,M,M
BFF,2025-06-18 06:53,48.00,47.00,96.31,4.60,M,M
BFF,2025-06-18 07:53,51.00,48.00,89.42,6.90,M,M
BFF,2025-06-18 08:53,56.00,52.00,86.40,9.20,M,M
BFF,2025-06-18 09:53,61.00,52.00,72.23,11.50,M,M
BFF,2025-06-18 10:53,65.00,54.00,67.55,9.20,M,M
BFF,2025-06-18 11:53,71.00,54.00,54.96,9.20,M,M
BFF,2025-06-18 12:53,73.00,54.00,51.37,8.05,M,M
BFF,2025-06-18 13:53,76.00,54.00,46.47,10.35,M,M
BFF,2025-06-18 14:53,78.00,52.00,40.42,3.45,M,M
BFF,2025-06-18 15:53,81.00,50.00,34.02,3.45,M,M
BFF,2025-06-18 16:53,82.00,49.00,31.73,6.90,M,M
BFF,2025-06-18 17:53,82.00,51.00,34.18,M,M,M
BFF,2025-06-18 18:53,81.00,52.00,36.64,10.35,M,M
BFF,2025-06-18 19:53,79.00,52.00,39.11,9.20,M,M
BFF,2025-06-18 20:53,75.00,55.00,49.82,11.50,M,M
BFF,2025-06-18 21:53,72.00,53.00,51.22,10.35,M,M
BFF,2025-06-18 22:53,65.00,55.00,70.05,8.05,M,M
BFF,2025-06-18 23:53,64.00,55.00,72.54,6.90,M,M
BFF,2025-06-19 00:53,61.00,54.00,77.73,8.05,M,M
BFF,2025-06-19 01:53,60.00,53.00,77.65,8.05,M,M
BFF,2025-06-19 02:53,60.00,51.00,72.13,8.05,M,M
BFF,2025-06-19 03:53,60.00,50.00,69.50,9.20,M,M
BFF,2025-06-19 04:53,59.00,50.00,72.02,9.20,M,M
BFF,2025-06-19 05:53,57.00,50.00,77.39,8.05,M,M
BFF,2025-06-19 06:53,56.00,51.00,83.27,6.90,M,M
BFF,2025-06-19 07:53,62.00,53.00,72.34,8.05,M,M
BFF,2025-06-19 08:53,68.00,54.00,60.89,4.60,M,M
BFF,2025-06-19 09:53,72.00,53.00,51.22,3.45,M,M
BFF,2025-06-19 10:53,77.00,55.00,46.62,6.90,M,M
BFF,2025-06-19 11:53,82.00,52.00,35.47,8.05,M,M
BFF,2025-06-19 12:53,88.00,46.00,23.40,8.05,M,M
BFF,2025-06-19 13:53,90.00,41.00,18.14,11.50,M,M
BFF,2025-06-19 14:53,91.00,45.00,20.50,6.90,M,M
BFF,2025-06-19 15:53,93.00,39.00,15.29,0.00,M,M
BFF,2025-06-19 16:53,93.00,39.00,15.29,4.60,M,M
BFF,2025-06-19 17:53,92.00,39.00,15.77,0.00,M,M
BFF,2025-06-19 18:53,91.00,45.00,20.50,5.75,M,M
BFF,2025-06-19 19:53,88.00,47.00,24.30,13.80,M,M
BFF,2025-06-19 20:53,84.00,49.00,29.75,12.65,M,M
BFF,2025-06-19 21:53,76.00,51.00,41.61,6.90,M,M
BFF,2025-06-19 22:53,72.00,51.00,47.58,8.05,M,M
BFF,2025-06-19 23:53,69.00,52.00,54.67,6.90,M,M
BFF,2025-06-20 00:53,66.00,51.00,58.42,8.05,M,M
BFF,2025-06-20 01:53,70.00,48.00,45.53,11.50,M,M
BFF,2025-06-20 02:53,79.00,44.00,28.97,10.35,M,M
BFF,2025-06-20 03:53,75.00,46.00,35.68,4.60,M,M
BFF,2025-06-20 04:53,76.00,46.00,34.51,4.60,M,M
BFF,2025-06-20 05:53,71.00,49.00,45.69,4.60,M,M
BFF,2025-06-20 06:53,67.00,50.00,54.38,4.60,M,M
BFF,2025-06-20 07:53,73.00,52.00,47.73,3.45,M,M
BFF,2025-06-20 08:53,75.00,57.00,53.57,0.00,M,M
BFF,2025-06-20 09:53,80.00,54.00,40.73,3.45,M,M
BFF,2025-06-20 10:53,86.00,54.00,33.57,0.00,M,M
BFF,2025-06-20 11:53,96.00,32.00,10.56,26.45,M,39.10
BFF,2025-06-20 12:53,97.00,34.00,11.10,23.00,M,40.25
BFF,2025-06-20 13:53,98.00,34.00,10.77,23.00,M,39.10
BFF,2025-06-20 14:53,99.00,37.00,11.77,20.70,M,43.70
BFF,2025-06-20 15:53,99.00,37.00,11.77,10.35,M,33.35
BFF,2025-06-20 16:53,98.00,35.00,11.21,24.15,M,32.20
BFF,2025-06-20 17:53,99.00,37.00,11.77,21.85,M,40.25
BFF,2025-06-20 18:53,96.00,36.00,12.39,17.25,M,37.95
BFF,2025-06-20 19:53,90.00,43.00,19.60,9.20,M,31.05
BFF,2025-06-20 20:53,86.00,45.00,24.00,5.75,M,M
BFF,2025-06-20 21:53,80.00,46.00,30.25,0.00,M,M
BFF,2025-06-20 22:53,71.00,50.00,47.42,5.75,M,M
BFF,2025-06-20 23:53,69.00,50.00,50.77,3.45,M,M
BFF,2025-06-21 00:53,63.00,50.00,62.51,6.90,M,M
BFF,2025-06-21 01:53,62.00,49.00,62.38,6.90,M,M
BFF,2025-06-21 02:53,60.00,49.00,66.96,8.05,M,M
BFF,2025-06-21 03:53,59.00,46.00,61.99,8.05,M,M
BFF,2025-06-21 04:53,59.00,43.00,55.29,4.60,M,M
BFF,2025-06-21 05:53,57.00,43.00,59.40,10.35,M,M
BFF,2025-06-21 06:53,59.00,40.00,49.24,0.00,M,M
BFF,2025-06-21 07:53,63.00,47.00,55.87,4.60,M,M
BFF,2025-06-21 08:53,70.00,50.00,49.06,6.90,M,M
BFF,2025-06-21 09:53,80.00,46.00,30.25,8.05,M,M
BFF,2025-06-21 10:53,85.00,43.00,22.96,11.50,M,M
BFF,2025-06-21 11:53,92.00,30.00,11.01,20.70,M,33.35
BFF,2025-06-21 12:53,93.00,35.00,13.06,12.65,M,31.05
BFF,2025-06-21 13:53,94.00,32.00,11.23,12.65,M,M
BFF,2025-06-21 14:53,95.00,32.00,10.89,8.05,M,M
BFF,2025-06-21 15:53,97.00,34.00,11.10,9.20,M,M
BFF,2025-06-21 16:53,97.00,37.00,12.50,17.25,M,M
BFF,2025-06-21 17:53,96.00,36.00,12.39,18.40,M,34.50
BFF,2025-06-21 18:53,95.00,37.00,13.29,21.85,M,31.05
BFF,2025-06-21 19:53,93.00,43.00,17.85,14.95,M,M
BFF,2025-06-21 20:53,87.00,48.00,26.04,10.35,M,M
BFF,2025-06-21 21:53,83.00,44.00,25.43,11.50,M,M
BFF,2025-06-21 22:53,80.00,46.00,30.25,19.55,M,M
BFF,2025-06-21 23:53,76.00,48.00,37.21,11.50,M,M
BFF,2025-06-22 00:53,73.00,50.00,44.33,9.20,M,M
BFF,2025-06-22 01:53,66.00,51.00,58.42,10.35,M,M
BFF,2025-06-22 02:53,63.00,54.00,72.44,9.20,M,M
BFF,2025-06-22 03:53,66.00,60.00,81.00,14.95,M,M
BFF,2025-06-22 04:53,64.00,60.00,86.84,4.60,M,M
BFF,2025-06-22 05:53,63.00,59.00,86.79,9.20,M,M
BFF,2025-06-22 06:22,63.00,60.00,89.94,6.90,1300.00,M
BFF,2025-06-22 06:53,65.00,60.00,83.86,9.20,1400.00,M
BFF,2025-06-22 07:19,66.00,61.00,83.93,10.35,1500.00,M
BFF,2025-06-22 07:53,66.00,61.00,83.93,8.05,1800.00,M
BFF,2025-06-22 08:53,68.00,59.00,72.95,9.20,1900.00,M
BFF,2025-06-22 09:53,71.00,60.00,68.23,6.90,2200.00,M
BFF,2025-06-22 10:53,74.00,61.00,63.90,0.00,2700.00,M
BFF,2025-06-22 11:53,75.00,60.00,59.64,4.60,3300.00,M
BFF,2025-06-22 12:53,77.00,61.00,57.83,5.75,3500.00,M
BFF,2025-06-22 13:53,79.00,60.00,52.25,8.05,M,M
BFF,2025-06-22 14:53,79.00,60.00,52.25,9.20,4400.00,M
BFF,2025-06-22 15:53,83.00,60.00,45.88,9.20,5000.00,M
BFF,2025-06-22 16:53,82.00,58.00,44.12,17.25,M,M
BFF,2025-06-22 17:21,77.00,56.00,48.35,17.25,M,M
BFF,2025-06-22 17:53,75.00,56.00,51.67,20.70,6500.00,29.90
BFF,2025-06-22 18:02,74.00,57.00,55.39,16.10,7000.00,M
BFF,2025-06-22 18:22,67.00,62.00,83.99,8.05,4200.00,M
BFF,2025-06-22 18:32,70.00,62.00,75.78,19.55,3000.00,M
BFF,2025-06-22 18:41,71.00,61.00,70.70,17.25,3000.00,M
BFF,2025-06-22 18:53,71.00,60.00,68.23,13.80,2900.00,M
BFF,2025-06-22 19:53,71.00,58.00,63.53,12.65,8000.00,M
BFF,2025-06-22 20:51,69.80,53.60,56.42,17.25,8000.00,M
BFF,2025-06-22 20:53,68.00,53.00,58.70,16.10,8500.00,M
BFF,2025-06-22 21:02,66.00,54.00,65.24,11.50,9000.00,M
BFF,2025-06-22 21:50,62.60,53.60,72.40,13.80,4700.00,M
BFF,2025-06-22 21:53,63.00,53.00,69.83,14.95,4700.00,M
BFF,2025-06-22 22:41,63.00,56.00,77.91,18.40,11000.00,M
BFF,2025-06-22 22:53,63.00,56.00,77.91,12.65,11000.00,M
BFF,2025-06-22 23:53,60.00,56.00,86.62,6.90,9000.00,M
BFF,2025-06-23 00:53,59.00,55.00,86.57,9.20,12000.00,M
BFF,2025-06-23 01:53,56.00,52.00,86.40,9.20,M,M
BFF,2025-06-23 02:41,56.00,52.00,86.40,6.90,2000.00,M
BFF,2025-06-23 02:53,55.00,52.00,89.60,8.05,2000.00,M
BFF,2025-06-23 03:01,55.00,51.00,86.35,10.35,2000.00,M
BFF,2025-06-23 03:36,54.00,49.00,83.13,6.90,2400.00,M
BFF,2025-06-23 03:50,53.60,48.20,81.87,5.75,2400.00,M
BFF,2025-06-23 03:53,53.00,49.00,86.23,4.60,2400.00,M
BFF,2025-06-23 04:53,50.00,47.00,89.37,5.75,M,M
BFF,2025-06-23 05:53,50.00,47.00,89.37,0.00,5000.00,M
BFF,2025-06-23 06:53,52.00,47.00,82.99,0.00,4600.00,M
BFF,2025-06-23 07:53,53.00,47.00,80.00,3.45,4400.00,M
BFF,2025-06-23 08:53,56.00,47.00,71.71,5.75,4600.00,M
BFF,2025-06-23 09:53,58.00,45.00,61.85,M,M,M
BFF,2025-06-23 10:53,60.00,44.00,55.43,5.75,M,M
BFF,2025-06-23 11:53,63.00,45.00,51.79,8.05,M,M
BFF,2025-06-23 12:53,66.00,45.00,46.64,8.05,M,M
BFF,2025-06-23 13:53,69.00,45.00,42.06,9.20,M,M
BFF,2025-06-23 14:53,70.00,46.00,42.22,8.05,M,M
BFF,2025-06-23 15:53,72.00,46.00,39.45,10.35,M,M
BFF,2025-06-23 16:53,74.00,48.00,39.78,12.65,M,M
BFF,2025-06-23 17:53,76.00,47.00,35.84,10.35,M,M
BFF,2025-06-23 18:53,76.00,47.00,35.84,14.95,M,M
BFF,2025-06-23 19:53,74.00,47.00,38.31,17.25,M,M
BFF,2025-06-23 20:53,72.00,48.00,42.54,14.95,M,M
BFF,2025-06-23 21:53,68.00,50.00,52.54,12.65,M,M
BFF,2025-06-23 22:53,66.00,51.00,58.42,16.10,M,M
BFF,2025-06-23 23:53,63.00,53.00,69.83,13.80,M,M
BFF,2025-06-24 00:53,61.00,53.00,74.94,11.50,M,M
BFF,2025-06-24 01:53,59.00,53.00,80.47,10.35,M,M
BFF,2025-06-24 02:32,60.00,54.00,80.54,11.50,2700.00,M
BFF,2025-06-24 02:53,60.00,54.00,80.54,11.50,2700.00,M
BFF,2025-06-24 03:08,60.00,54.00,80.54,11.50,2800.00,M
BFF,2025-06-24 03:53,61.00,54.00,77.73,12.65,6500.00,M
BFF,2025-06-24 04:53,60.00,55.00,83.54,11.50,7000.00,M
BFF,2025-06-24 05:22,60.00,55.00,83.54,10.35,1600.00,M
BFF,2025-06-24 05:53,61.00,56.00,83.60,13.80,1600.00,M
BFF,2025-06-24 06:53,61.00,56.00,83.60,14.95,1400.00,M
BFF,2025-06-24 07:53,60.00,58.00,93.10,16.10,700.00,M
BFF,2025-06-24 08:42,61.00,56.00,83.60,13.80,1000.00,M
BFF,2025-06-24 08:53,61.00,56.00,83.60,16.10,1000.00,M
BFF,2025-06-24 09:53,62.00,56.00,80.70,13.80,1300.00,M
BFF,2025-06-24 10:17,62.00,56.00,80.70,12.65,1500.00,M
BFF,2025-06-24 10:53,63.00,56.00,77.91,12.65,1700.00,M
BFF,2025-06-24 11:53,64.00,57.00,77.99,16.10,1600.00,M
BFF,2025-06-24 12:29,65.00,58.00,78.08,12.65,1400.00,M
BFF,2025-06-24 12:53,66.00,59.00,78.16,10.35,1600.00,M
BFF,2025-06-24 13:53,68.00,59.00,72.95,13.80,2200.00,M
BFF,2025-06-24 14:53,70.00,61.00,73.15,11.50,2700.00,M
BFF,2025-06-24 15:15,72.00,61.00,68.35,16.10,3000.00,M
BFF,2025-06-24 15:53,74.00,61.00,63.90,16.10,3900.00,M
BFF,2025-06-24 16:53,73.00,62.00,68.46,12.65,3500.00,M
BFF,2025-06-24 17:53,76.00,62.00,61.93,10.35,4200.00,M
BFF,2025-06-24 18:53,76.00,63.00,64.15,16.10,M,M
BFF,2025-06-24 19:53,76.00,63.00,64.15,12.65,M,M
BFF,2025-06-24 20:53,74.00,63.00,68.57,10.35,3600.00,M
BFF,2025-06-24 21:53,70.00,63.00,78.49,18.40,M,31.05
BFF,2025-06-24 22:53,66.00,59.00,78.16,14.95,M,M
BFF,2025-06-24 23:53,64.00,61.00,89.98,14.95,M,M
BFF,2025-06-25 00:53,64.00,58.00,80.85,11.50,M,M
BFF,2025-06-25 01:53,62.00,57.00,83.67,6.90,M,M
BFF,2025-06-25 02:53,60.00,57.00,89.81,9.20,M,M
BFF,2025-06-25 03:53,60.00,57.00,89.81,8.05,M,M
BFF,2025-06-25 04:17,61.00,57.00,86.68,8.05,1600.00,M
BFF,2025-06-25 04:24,61.00,57.00,86.68,6.90,1400.00,M
BFF,2025-06-25 04:53,62.00,58.00,86.73,9.20,1300.00,M
BFF,2025-06-25 05:53,62.00,59.00,89.89,6.90,1300.00,M
BFF,2025-06-25 06:09,62.00,59.00,89.89,6.90,1500.00,M
BFF,2025-06-25 06:46,62.00,59.00,89.89,4.60,1300.00,M
BFF,2025-06-25 06:53,62.00,59.00,89.89,4.60,1300.00,M
BFF,2025-06-25 07:53,63.00,59.00,86.79,9.20,1200.00,M
BFF,2025-06-25 08:53,64.00,59.00,83.80,9.20,1700.00,M
BFF,2025-06-25 09:53,66.00,60.00,81.00,3.45,1800.00,M
BFF,2025-06-25 10:53,67.00,60.00,78.24,4.60,1700.00,M
BFF,2025-06-25 11:53,68.00,60.00,75.59,0.00,1900.00,M
BFF,2025-06-25 12:53,68.00,60.00,75.59,4.60,2500.00,M
BFF,2025-06-25 13:53,68.00,60.00,75.59,3.45,2400.00,M
BFF,2025-06-25 14:28,69.00,61.00,75.69,6.90,2300.00,M
BFF,2025-06-25 14:53,70.00,61.00,73.15,5.75,2300.00,M
BFF,2025-06-25 15:53,72.00,61.00,68.35,10.35,3000.00,M
BFF,2025-06-25 16:53,72.00,62.00,70.81,3.45,3300.00,M
BFF,2025-06-25 17:53,73.00,60.00,63.78,4.60,4400.00,M
BFF,2025-06-25 18:53,72.00,61.00,68.35,5.75,6500.00,M
BFF,2025-06-25 19:12,65.00,58.00,78.08,24.15,4000.00,32.20
BFF,2025-06-25 19:27,62.00,57.00,83.67,13.80,3900.00,32.20
BFF,2025-06-25 19:42,63.00,59.00,86.79,9.20,7500.00,32.20
BFF,2025-06-25 19:53,64.00,58.00,80.85,0.00,9500.00,32.20
BFF,2025-06-25 20:44,64.00,57.00,77.99,21.85,7000.00,32.20
BFF,2025-06-25 20:53,63.00,55.00,75.13,18.40,8000.00,32.20
BFF,2025-06-25 21:53,61.00,53.00,74.94,5.75,M,M
BFF,2025-06-25 22:53,61.00,55.00,80.62,9.20,M,M
BFF,2025-06-25 23:53,57.00,55.00,93.01,4.60,M,M
BFF,2025-06-26 00:53,57.00,54.00,89.68,6.90,M,M
BFF,2025-06-26 01:53,55.00,52.00,89.60,3.45,M,M
BFF,2025-06-26 02:53,54.00,52.00,92.92,3.45,M,M
BFF,2025-06-26 03:53,54.00,52.00,92.92,0.00,M,M
BFF,2025-06-26 04:53,52.00,51.00,96.37,4.60,M,M
BFF,2025-06-26 05:53,51.00,50.00,96.36,5.75,M,M
BFF,2025-06-26 06:53,51.00,49.00,92.83,3.45,M,M
BFF,2025-06-26 07:53,54.00,52.00,92.92,8.05,M,M
BFF,2025-06-26 08:53,59.00,54.00,83.47,4.60,M,M
BFF,2025-06-26 09:53,63.00,54.00,72.44,4.60,M,M
BFF,2025-06-26 10:53,68.00,55.00,63.15,5.75,M,M
BFF,2025-06-26 11:53,73.00,54.00,51.37,4.60,M,M
BFF,2025-06-26 12:53,77.00,52.00,41.77,3.45,M,M
BFF,2025-06-26 13:53,80.00,47.00,31.41,5.75,M,M
BFF,2025-06-26 14:53,83.00,40.00,21.80,5.75,M,M
BFF,2025-06-26 15:53,85.00,33.00,15.50,4.60,M,M
BFF,2025-06-26 16:53,87.00,35.00,15.76,4.60,M,M
BFF,2025-06-26 17:53,87.00,37.00,17.06,4.60,M,M
BFF,2025-06-26 18:53,86.00,40.00,19.80,11.50,M,M
BFF,2025-06-26 19:53,83.00,44.00,25.43,14.95,M,M
BFF,2025-06-26 20:53,79.00,45.00,30.09,12.65,M,M
BFF,2025-06-26 21:53,74.00,53.00,47.89,10.35,M,M
BFF,2025-06-26 22:53,70.00,54.00,56.86,9.20,M,M
BFF,2025-06-26 23:53,68.00,53.00,58.70,10.35,M,M
BFF,2025-06-27 00:53,65.00,54.00,67.55,8.05,M,M
BFF,2025-06-27 01:53,64.00,56.00,75.22,9.20,M,M
BFF,2025-06-27 02:53,63.00,56.00,77.91,9.20,M,M
BFF,2025-06-27 03:53,63.00,57.00,80.77,9.20,M,M
BFF,2025-06-27 04:53,61.00,57.00,86.68,6.90,M,M
BFF,2025-06-27 05:53,60.00,57.00,89.81,5.75,M,M
BFF,2025-06-27 06:53,60.00,57.00,89.81,5.75,M,M
BFF,2025-06-27 07:53,64.00,59.00,83.80,5.75,M,M
BFF,2025-06-27 08:53,68.00,58.00,70.38,5.75,M,M
BFF,2025-06-27 09:53,72.00,57.00,59.24,4.60,M,M
BFF,2025-06-27 10:53,78.00,56.00,46.78,5.75,M,M
BFF,2025-06-27 11:53,84.00,55.00,37.11,0.00,M,M
BFF,2025-06-27 12:53,87.00,52.00,30.22,0.00,M,M
BFF,2025-06-27 13:53,92.00,48.00,22.26,3.45,M,M
BFF,2025-06-27 14:53,95.00,39.00,14.38,6.90,M,M
BFF,2025-06-27 15:53,95.00,34.00,11.80,0.00,M,M
BFF,2025-06-27 16:23,95.00,41.00,15.54,12.65,M,M
BFF,2025-06-27 16:53,93.00,42.00,17.18,11.50,M,M
BFF,2025-06-27 17:53,90.00,47.00,22.82,12.65,3200.00,M
BFF,2025-06-27 18:53,91.00,45.00,20.50,13.80,M,M
BFF,2025-06-27 19:53,86.00,44.00,23.10,8.05,M,M
BFF,2025-06-27 20:53,84.00,45.00,25.59,10.35,M,M
BFF,2025-06-27 21:53,80.00,47.00,31.41,10.35,M,M
BFF,2025-06-27 22:53,77.00,47.00,34.67,12.65,M,M
BFF,2025-06-27 23:53,72.00,50.00,45.84,12.65,M,M
BFF,2025-06-28 00:53,69.00,52.00,54.67,8.05,M,M
BFF,2025-06-28 01:53,68.00,53.00,58.70,10.35,M,M
BFF,2025-06-28 02:53,73.00,49.00,42.70,4.60,M,M
BFF,2025-06-28 03:37,76.00,49.00,38.63,19.55,M,36.80
BFF,2025-06-28 03:53,76.00,50.00,40.10,17.25,M,36.80
BFF,2025-06-28 04:53,73.00,54.00,51.37,3.45,M,29.90
BFF,2025-06-28 05:53,72.00,53.00,51.22,8.05,M,M
BFF,2025-06-28 06:53,70.00,54.00,56.86,6.90,M,M
BFF,2025-06-28 07:53,72.00,57.00,59.24,0.00,M,M
BFF,2025-06-28 08:53,73.00,56.00,55.24,6.90,M,M
BFF,2025-06-28 09:53,76.00,51.00,41.61,10.35,M,M
BFF,2025-06-28 10:53,81.00,51.00,35.31,11.50,M,M
BFF,2025-06-28 11:53,87.00,52.00,30.22,10.35,M,M
BFF,2025-06-28 12:53,91.00,49.00,23.84,9.20,M,M
BFF,2025-06-28 13:53,95.00,41.00,15.54,8.05,M,M
BFF,2025-06-28 14:53,96.00,37.00,12.89,3.45,M,M
BFF,2025-06-28 15:53,99.00,32.00,9.64,8.05,M,M
BFF,2025-06-28 16:53,98.00,33.00,10.35,M,M,M
BFF,2025-06-28 17:53,97.00,34.00,11.10,6.90,M,M
BFF,2025-06-28 18:53,94.00,38.00,14.26,5.75,M,M
BFF,2025-06-28 19:32,90.00,44.00,20.36,17.25,M,29.90
BFF,2025-06-28 19:53,89.00,47.00,23.55,13.80,12000.00,29.90
BFF,2025-06-28 20:34,89.00,44.00,21.01,0.00,M,M
BFF,2025-06-28 20:53,85.00,49.00,28.81,13.80,M,M
BFF,2025-06-28 21:53,79.00,52.00,39.11,9.20,M,M
BFF,2025-06-28 22:53,78.00,50.00,37.53,11.50,M,M
BFF,2025-06-28 23:53,77.00,43.00,29.78,9.20,M,M
BFF,2025-06-29 00:53,73.00,46.00,38.15,9.20,M,M
BFF,2025-06-29 01:53,67.00,57.00,70.27,13.80,M,M
BFF,2025-06-29 02:53,68.00,59.00,72.95,13.80,M,M
BFF,2025-06-29 03:53,67.00,58.00,72.85,11.50,M,M
BFF,2025-06-29 04:53,65.00,59.00,80.92,8.05,M,M
BFF,2025-06-29 05:53,66.00,56.00,70.16,6.90,M,M
BFF,2025-06-29 06:53,63.00,58.00,83.73,11.50,M,M
BFF,2025-06-29 07:53,65.00,59.00,80.92,11.50,1500.00,M
BFF,2025-06-29 08:53,68.00,58.00,70.38,9.20,M,M
BFF,2025-06-29 09:53,70.00,57.00,63.40,5.75,M,M
BFF,2025-06-29 10:53,73.00,57.00,57.28,6.90,M,M
BFF,2025-06-29 11:53,76.00,56.00,49.97,9.20,M,M
BFF,2025-06-29 12:53,79.00,55.00,43.65,6.90,4800.00,M
BFF,2025-06-29 13:53,81.00,54.00,39.43,12.65,M,M
BFF,2025-06-29 14:53,82.00,54.00,38.17,M,M,M
BFF,2025-06-29 15:53,85.00,53.00,33.41,11.50,M,M
BFF,2025-06-29 16:53,86.00,53.00,32.36,11.50,M,M
BFF,2025-06-29 17:53,84.00,52.00,33.25,13.80,M,M
BFF,2025-06-29 18:53,81.00,56.00,42.40,17.25,M,M
BFF,2025-06-29 19:33,79.00,57.00,46.93,10.35,7500.00,M
BFF,2025-06-29 19:53,68.00,62.00,81.15,0.00,4800.00,34.50
BFF,2025-06-29 20:18,70.00,61.00,73.15,5.75,5500.00,M
BFF,2025-06-29 20:31,74.00,57.00,55.39,12.65,11000.00,M
BFF,2025-06-29 20:53,70.00,59.00,68.12,16.10,10000.00,M
BFF,2025-06-29 21:40,73.00,55.00,53.28,18.40,9500.00,33.35
BFF,2025-06-29 21:53,73.00,53.00,49.52,17.25,11000.00,33.35
BFF,2025-06-29 22:36,68.00,58.00,70.38,8.05,12000.00,44.85
BFF,2025-06-29 22:53,66.00,60.00,81.00,10.35,9000.00,44.85
BFF,2025-06-29 23:53,65.00,59.00,80.92,13.80,11000.00,32.20
BFF,2025-06-30 00:53,62.00,59.00,89.89,13.80,M,M
BFF,2025-06-30 01:53,62.00,58.00,86.73,16.10,M,M
BFF,2025-06-30 02:53,61.00,58.00,89.85,0.00,1100.00,M
BFF,2025-06-30 03:53,60.00,57.00,89.81,6.90,10000.00,M
BFF,2025-06-30 04:53,60.00,54.00,80.54,9.20,9500.00,M
BFF,2025-06-30 05:53,58.00,55.00,89.73,5.75,9000.00,M
BFF,2025-06-30 06:53,58.00,56.00,93.04,4.60,9000.00,M
BFF,2025-06-30 07:53,60.00,56.00,86.62,6.90,M,M
BFF,2025-06-30 08:53,61.00,56.00,83.60,6.90,M,M
BFF,2025-06-30 09:53,67.00,57.00,70.27,5.75,M,M
BFF,2025-06-30 10:53,70.00,53.00,54.81,0.00,M,M
BFF,2025-06-30 11:53,73.00,52.00,47.73,0.00,M,M
BFF,2025-06-30 12:53,75.00,40.00,28.34,5.75,M,M
BFF,2025-06-30 13:53,78.00,41.00,26.67,3.45,8000.00,M
BFF,2025-06-30 14:53,80.00,43.00,26.98,6.90,M,M
BFF,2025-06-30 15:53,80.00,43.00,26.98,3.45,M,M
BFF,2025-06-30 16:53,81.00,43.00,26.12,3.45,M,M
BFF,2025-06-30 17:53,82.00,45.00,27.29,4.60,M,M
BFF,2025-06-30 18:53,81.00,44.00,27.13,3.45,M,M
BFF,2025-06-30 19:53,81.00,45.00,28.19,4.60,M,M
BFF,2025-06-30 20:53,78.00,48.00,34.83,5.75,M,M
BFF,2025-06-30 21:53,70.00,50.00,49.06,8.05,M,M
BFF,2025-06-30 22:53,68.00,47.00,46.96,6.90,M,M
BFF,2025-06-30 23:53,64.00,47.00,53.94,8.05,M,M
BFF,2025-07-01 00:53,62.00,47.00,57.87,8.05,M,M
BFF,2025-07-01 01:53,62.00,48.00,60.09,10.35,M,M
BFF,2025-07-01 02:53,59.00,50.00,72.02,6.90,M,M
BFF,2025-07-01 03:53,61.00,51.00,69.61,9.20,M,M
BFF,2025-07-01 04:53,60.00,51.00,72.13,9.20,M,M
BFF,2025-07-01 05:53,60.00,51.00,72.13,9.20,M,M
BFF,2025-07-01 06:53,60.00,51.00,72.13,10.35,M,M
BFF,2025-07-01 07:53,64.00,54.00,69.94,17.25,M,M
BFF,2025-07-01 08:53,69.00,57.00,65.60,12.65,M,M
BFF,2025-07-01 09:53,74.00,59.00,59.51,6.90,M,M
BFF,2025-07-01 10:53,80.00,58.00,47.08,6.90,M,M
BFF,2025-07-01 11:53,84.00,57.00,39.90,M,M,M
BFF,2025-07-01 12:53,88.00,55.00,32.68,M,M,M
BFF,2025-07-01 13:53,90.00,53.00,28.52,3.45,M,M
BFF,2025-07-01 14:53,92.00,52.00,25.83,5.75,M,M
BFF,2025-07-01 15:53,95.00,35.00,12.28,6.90,M,M
BFF,2025-07-01 16:53,95.00,45.00,18.12,5.75,M,M
BFF,2025-07-01 17:53,93.00,44.00,18.55,4.60,M,M
BFF,2025-07-01 18:53,93.00,42.00,17.18,0.00,M,M
BFF,2025-07-01 19:53,94.00,44.00,17.99,0.00,M,M
BFF,2025-07-01 20:53,89.00,55.00,31.66,0.00,M,M
BFF,2025-07-01 21:53,80.00,54.00,40.73,4.60,M,M
BFF,2025-07-01 22:53,77.00,48.00,36.00,6.90,M,M
BFF,2025-07-01 23:53,75.00,49.00,39.94,0.00,M,M
BFF,2025-07-02 00:53,69.00,50.00,50.77,8.05,M,M
BFF,2025-07-02 01:53,66.00,49.00,54.23,4.60,M,M
BFF,2025-07-02 02:53,66.00,56.00,70.16,10.35,M,M
BFF,2025-07-02 03:53,64.00,57.00,77.99,12.65,M,M
BFF,2025-07-02 04:53,62.00,57.00,83.67,10.35,M,M
BFF,2025-07-02 05:53,60.00,57.00,89.81,6.90,M,M
BFF,2025-07-02 06:53,59.00,57.00,93.07,8.05,M,M
BFF,2025-07-02 07:53,62.00,58.00,86.73,10.35,M,M
BFF,2025-07-02 08:53,66.00,59.00,78.16,8.05,M,M
BFF,2025-07-02 09:53,71.00,59.00,65.84,5.75,M,M
BFF,2025-07-02 10:53,76.00,57.00,51.81,0.00,M,M
BFF,2025-07-02 11:53,83.00,56.00,39.74,3.45,M,M
BFF,2025-07-02 12:53,88.00,55.00,32.68,5.75,M,M
BFF,2025-07-02 13:53,94.00,51.00,23.40,16.10,M,29.90
BFF,2025-07-02 14:53,96.00,47.00,18.96,11.50,M,M
BFF,2025-07-02 15:53,97.00,45.00,17.05,11.50,M,M
BFF,2025-07-02 16:53,98.00,44.00,15.92,14.95,M,M
BFF,2025-07-02 17:19,97.00,44.00,16.41,10.35,M,M
BFF,2025-07-02 17:53,96.00,44.00,16.92,11.50,M,M
BFF,2025-07-02 18:53,96.00,44.00,16.92,16.10,M,M
BFF,2025-07-02 19:53,90.00,47.00,22.82,11.50,M,M
BFF,2025-07-02 20:53,87.00,45.00,23.25,12.65,M,M
BFF,2025-07-02 21:53,81.00,45.00,28.19,8.05,M,M
BFF,2025-07-02 22:53,76.00,47.00,35.84,9.20,M,M
BFF,2025-07-02 23:53,73.00,47.00,39.62,8.05,M,M
BFF,2025-07-03 00:53,70.00,48.00,45.53,8.05,M,M
BFF,2025-07-03 01:53,74.00,44.00,34.19,8.05,M,M
BFF,2025-07-03 02:53,75.00,48.00,38.47,10.35,M,M
BFF,2025-07-03 03:53,70.00,51.00,50.92,8.05,M,M
BFF,2025-07-03 04:53,65.00,51.00,60.49,5.75,M,M
BFF,2025-07-03 05:53,62.00,53.00,72.34,5.75,M,M
BFF,2025-07-03 06:53,63.00,52.00,67.31,8.05,M,M
BFF,2025-07-03 07:53,67.00,55.00,65.36,9.20,M,M
BFF,2025-07-03 08:53,73.00,56.00,55.24,10.35,M,M
BFF,2025-07-03 09:53,78.00,57.00,48.50,9.20,M,M
BFF,2025-07-03 10:53,86.00,57.00,37.43,10.35,M,M
BFF,2025-07-03 11:53,89.00,50.00,26.34,14.95,M,M
BFF,2025-07-03 12:53,91.00,47.00,22.12,12.65,M,M
BFF,2025-07-03 13:53,93.00,50.00,23.26,17.25,M,M
BFF,2025-07-03 14:53,94.00,51.00,23.40,13.80,M,29.90
BFF,2025-07-03 15:53,96.00,50.00,21.21,16.10,M,M
BFF,2025-07-03 16:53,96.00,45.00,17.57,10.35,M,M
BFF,2025-07-03 17:53,96.00,47.00,18.96,14.95,M,M
BFF,2025-07-03 18:53,95.00,50.00,21.87,14.95,M,M
BFF,2025-07-03 19:53,93.00,52.00,25.04,18.40,M,31.05
BFF,2025-07-03 20:53,88.00,56.00,33.89,13.80,M,M
BFF,2025-07-03 21:53,86.00,57.00,37.43,13.80,M,M
BFF,2025-07-03 22:53,83.00,58.00,42.72,11.50,M,M
BFF,2025-07-03 23:53,81.00,60.00,48.95,9.20,8000.00,M
BFF,2025-07-04 00:53,79.00,51.00,37.69,11.50,M,M
BFF,2025-07-04 01:53,76.00,53.00,44.80,16.10,M,29.90
BFF,2025-07-04 02:53,74.00,55.00,51.52,10.35,M,29.90
BFF,2025-07-04 03:53,71.00,56.00,59.11,9.20,M,M
BFF,2025-07-04 04:53,69.00,57.00,65.60,10.35,M,M
BFF,2025-07-04 05:53,70.00,56.00,61.15,10.35,9500.00,M
BFF,2025-07-04 06:53,68.00,58.00,70.38,4.60,9500.00,M
BFF,2025-07-04 07:53,69.00,58.00,68.01,4.60,9500.00,M
BFF,2025-07-04 08:53,70.00,59.00,68.12,0.00,10000.00,M
BFF,2025-07-04 09:53,73.00,57.00,57.28,5.75,11000.00,M
BFF,2025-07-04 10:53,75.00,58.00,55.53,8.05,12000.00,M
BFF,2025-07-04 11:53,76.00,58.00,53.71,0.00,11000.00,M
BFF,2025-07-04 12:53,80.00,56.00,43.81,4.60,M,M
BFF,2025-07-04 13:53,83.00,54.00,36.96,3.45,M,M
BFF,2025-07-04 14:53,86.00,55.00,34.82,6.90,M,M
BFF,2025-07-04 15:53,89.00,52.00,28.37,10.35,M,M
BFF,2025-07-04 16:53,90.00,50.00,25.53,5.75,M,M
BFF,2025-07-04 17:53,90.00,50.00,25.53,9.20,M,M
BFF,2025-07-04 18:53,91.00,50.00,24.75,11.50,M,M
BFF,2025-07-04 19:40,86.00,50.00,28.97,19.55,9000.00,M
BFF,2025-07-04 19:53,87.00,48.00,26.04,16.10,M,M
BFF,2025-07-04 20:53,75.00,57.00,53.57,0.00,12000.00,M
BFF,2025-07-04 21:53,74.00,57.00,55.39,4.60,M,M
BFF,2025-07-04 22:53,72.00,53.00,51.22,18.40,M,36.80
BFF,2025-07-04 23:53,71.00,54.00,54.96,9.20,M,M
BFF,2025-07-05 00:53,67.00,54.00,63.02,6.90,M,M
BFF,2025-07-05 01:53,64.00,55.00,72.54,6.90,M,M
BFF,2025-07-05 02:53,63.00,54.00,72.44,5.75,M,M
BFF,2025-07-05 03:53,60.00,54.00,80.54,3.45,M,M
BFF,2025-07-05 04:53,58.00,54.00,86.51,0.00,M,M
BFF,2025-07-05 05:53,56.00,53.00,89.64,0.00,M,M
BFF,2025-07-05 06:53,56.00,53.00,89.64,4.60,M,M
BFF,2025-07-05 07:53,60.00,54.00,80.54,3.45,M,M
BFF,2025-07-05 08:53,66.00,55.00,67.66,3.45,M,M
BFF,2025-07-05 09:53,72.00,54.00,53.13,9.20,M,M
BFF,2025-07-05 10:53,76.00,53.00,44.80,0.00,M,M
BFF,2025-07-05 11:53,81.00,52.00,36.64,8.05,M,M
BFF,2025-07-05 12:53,85.00,49.00,28.81,11.50,M,M
BFF,2025-07-05 13:53,87.00,50.00,28.06,10.35,M,M
BFF,2025-07-05 14:53,87.00,47.00,25.08,3.45,M,M
BFF,2025-07-05 15:53,89.00,49.00,25.38,6.90,M,M
BFF,2025-07-05 16:53,88.00,49.00,26.19,9.20,M,M
BFF,2025-07-05 17:53,89.00,49.00,25.38,10.35,9000.00,M
BFF,2025-07-05 18:53,86.00,49.00,27.91,13.80,M,M
BFF,2025-07-05 19:53,85.00,55.00,35.94,17.25,M,M
BFF,2025-07-05 20:53,80.00,54.00,40.73,11.50,M,M
BFF,2025-07-05 21:53,77.00,56.00,48.35,10.35,M,M
BFF,2025-07-05 22:53,75.00,57.00,53.57,8.05,M,M
BFF,2025-07-05 23:53,69.00,58.00,68.01,6.90,M,M
BFF,2025-07-06 00:53,68.00,58.00,70.38,6.90,M,M
BFF,2025-07-06 01:53,67.00,60.00,78.24,8.05,M,M
BFF,2025-07-06 02:53,66.00,60.00,81.00,10.35,M,M
BFF,2025-07-06 03:53,68.00,60.00,75.59,13.80,M,M
BFF,2025-07-06 04:53,64.00,60.00,86.84,11.50,M,M
BFF,2025-07-06 05:53,62.00,60.00,93.16,11.50,M,M
BFF,2025-07-06 06:53,63.00,60.00,89.94,9.20,9000.00,M
BFF,2025-07-06 07:40,64.00,61.00,89.98,10.35,800.00,M
BFF,2025-07-06 07:53,64.00,61.00,89.98,9.20,800.00,M
BFF,2025-07-06 08:02,65.00,60.00,83.86,4.60,1000.00,M
BFF,2025-07-06 08:15,65.00,59.00,80.92,0.00,1000.00,M
BFF,2025-07-06 08:53,68.00,60.00,75.59,9.20,M,M
BFF,2025-07-06 09:53,69.00,60.00,73.05,13.80,M,M
BFF,2025-07-06 10:53,74.00,61.00,63.90,12.65,M,M
BFF,2025-07-06 11:53,73.00,61.00,66.08,12.65,3400.00,M
BFF,2025-07-06 12:53,76.00,60.00,57.69,11.50,3000.00,M
BFF,2025-07-06 13:53,78.00,58.00,50.27,M,3500.00,M
BFF,2025-07-06 14:53,82.00,59.00,45.73,9.20,M,M
BFF,2025-07-06 15:53,85.00,59.00,41.52,8.05,M,M
BFF,2025-07-06 16:53,84.00,57.00,39.90,9.20,M,M
BFF,2025-07-06 17:53,83.00,56.00,39.74,4.60,M,M
BFF,2025-07-06 18:53,84.00,54.00,35.79,0.00,M,M
BFF,2025-07-06 19:53,82.00,46.00,28.34,5.75,M,M
BFF,2025-07-06 20:53,70.00,55.00,58.97,21.85,5500.00,33.35
BFF,2025-07-06 21:53,69.00,54.00,58.83,11.50,9000.00,M
BFF,2025-07-06 22:53,64.00,56.00,75.22,9.20,M,M
BFF,2025-07-06 23:53,62.00,55.00,77.82,8.05,M,M
BFF,2025-07-07 00:53,63.00,53.00,69.83,0.00,M,M
BFF,2025-07-07 01:53,63.00,50.00,62.51,5.75,M,M
BFF,2025-07-07 02:53,65.00,49.00,56.15,8.05,M,M
BFF,2025-07-07 03:53,63.00,52.00,67.31,5.75,M,M
BFF,2025-07-07 04:53,61.00,51.00,69.61,0.00,M,M
BFF,2025-07-07 05:53,63.00,51.00,64.87,3.45,M,M
BFF,2025-07-07 06:53,62.00,52.00,69.72,5.75,M,M
BFF,2025-07-07 07:53,66.00,53.00,62.89,3.45,M,M
BFF,2025-07-07 08:53,69.00,54.00,58.83,11.50,M,M
BFF,2025-07-07 09:53,72.00,54.00,53.13,9.20,M,M
BFF,2025-07-07 10:53,74.00,54.00,49.67,5.75,M,M
BFF,2025-07-07 11:53,75.00,54.00,48.04,0.00,M,M
BFF,2025-07-07 12:53,79.00,54.00,42.09,M,M,M
BFF,2025-07-07 13:53,83.00,53.00,35.63,4.60,M,M
BFF,2025-07-07 14:53,86.00,55.00,34.82,5.75,M,M
BFF,2025-07-07 15:53,87.00,56.00,34.97,3.45,M,M
BFF,2025-07-07 16:53,90.00,53.00,28.52,6.90,8000.00,M
BFF,2025-07-07 17:53,89.00,55.00,31.66,14.95,M,M
BFF,2025-07-07 18:53,87.00,55.00,33.73,13.80,M,M
BFF,2025-07-07 19:53,85.00,55.00,35.94,11.50,M,M
BFF,2025-07-07 20:53,82.00,59.00,45.73,12.65,M,M
BFF,2025-07-07 21:53,78.00,60.00,54.00,10.35,M,M
BFF,2025-07-07 22:53,75.00,60.00,59.64,0.00,M,M
BFF,2025-07-07 23:53,72.00,59.00,63.65,4.60,M,M
BFF,2025-07-08 00:53,66.00,57.00,72.74,4.60,M,M
BFF,2025-07-08 01:53,64.00,57.00,77.99,5.75,M,M
BFF,2025-07-08 02:53,62.00,56.00,80.70,3.45,M,M
BFF,2025-07-08 03:53,61.00,57.00,86.68,4.60,M,M
BFF,2025-07-08 04:53,60.00,55.00,83.54,8.05,M,M
BFF,2025-07-08 05:53,60.00,53.00,77.65,8.05,M,M
BFF,2025-07-08 06:53,58.00,54.00,86.51,6.90,M,M
BFF,2025-07-08 07:53,63.00,54.00,72.44,6.90,M,M
BFF,2025-07-08 08:53,67.00,55.00,65.36,6.90,M,M
BFF,2025-07-08 09:53,73.00,54.00,51.37,6.90,M,M
BFF,2025-07-08 10:53,79.00,55.00,43.65,8.05,M,M
BFF,2025-07-08 11:53,84.00,55.00,37.11,9.20,M,M
BFF,2025-07-08 12:53,88.00,54.00,31.51,9.20,M,M
BFF,2025-07-08 13:53,91.00,53.00,27.65,10.35,M,M
BFF,2025-07-08 14:53,93.00,53.00,25.98,10.35,M,M
BFF,2025-07-08 15:53,96.00,52.00,22.84,14.95,M,M
BFF,2025-07-08 16:53,96.00,50.00,21.21,4.60,M,M
BFF,2025-07-08 17:20,95.00,45.00,18.12,16.10,M,M
BFF,2025-07-08 17:53,94.00,52.00,24.28,14.95,M,M
BFF,2025-07-08 18:53,95.00,48.00,20.29,6.90,M,M
BFF,2025-07-08 19:53,92.00,49.00,23.11,8.05,M,M
BFF,2025-07-08 20:53,85.00,51.00,31.04,9.20,M,M
BFF,2025-07-08 21:53,77.00,53.00,43.34,5.75,M,M
BFF,2025-07-08 22:53,77.00,52.00,41.77,10.35,M,M
BFF,2025-07-08 23:53,71.00,52.00,51.07,5.75,M,M
BFF,2025-07-09 00:53,68.00,53.00,58.70,5.75,M,M
BFF,2025-07-09 01:53,68.00,55.00,63.15,0.00,M,M
BFF,2025-07-09 02:53,66.00,54.00,65.24,5.75,M,M
BFF,2025-07-09 03:53,62.00,55.00,77.82,5.75,M,M
BFF,2025-07-09 04:53,62.00,53.00,72.34,4.60,M,M
BFF,2025-07-09 05:53,61.00,55.00,80.62,8.05,M,M
BFF,2025-07-09 06:53,60.00,53.00,77.65,8.05,M,M
BFF,2025-07-09 07:53,64.00,52.00,64.99,6.90,M,M
BFF,2025-07-09 08:53,70.00,51.00,50.92,9.20,M,M
BFF,2025-07-09 09:53,76.00,51.00,41.61,0.00,M,M
BFF,2025-07-09 10:53,80.00,51.00,36.48,4.60,M,M
BFF,2025-07-09 11:53,86.00,47.00,25.89,3.45,M,M
BFF,2025-07-09 12:53,91.00,46.00,21.30,4.60,M,M
BFF,2025-07-09 13:53,95.00,47.00,19.54,4.60,M,M
BFF,2025-07-09 14:53,99.00,41.00,13.76,0.00,M,M
BFF,2025-07-09 15:53,99.00,40.00,13.24,4.60,M,M
BFF,2025-07-09 16:53,101.00,34.00,9.84,12.65,M,M
BFF,2025-07-09 17:53,102.00,30.00,8.13,4.60,M,M
BFF,2025-07-09 18:53,102.00,31.00,8.46,4.60,M,M
BFF,2025-07-09 19:53,98.00,41.00,14.18,4.60,M,M
BFF,2025-07-09 20:53,88.00,49.00,26.19,8.05,M,M
BFF,2025-07-09 21:53,83.00,45.00,26.42,9.20,M,M
BFF,2025-07-09 22:53,77.00,48.00,36.00,6.90,M,M
BFF,2025-07-09 23:53,77.00,46.00,33.38,6.90,M,M
BFF,2025-07-10 00:53,72.00,59.00,63.65,0.00,M,M
BFF,2025-07-10 01:53,69.00,58.00,68.01,4.60,M,M
BFF,2025-07-10 02:53,68.00,59.00,72.95,3.45,M,M
BFF,2025-07-10 03:53,68.00,59.00,72.95,5.75,M,M
BFF,2025-07-10 04:53,66.00,56.00,70.16,9.20,M,M
BFF,2025-07-10 05:53,66.00,56.00,70.16,0.00,M,M
BFF,2025-07-10 06:53,64.00,56.00,75.22,4.60,M,M
BFF,2025-07-10 07:53,66.00,57.00,72.74,8.05,M,M
BFF,2025-07-10 08:53,75.00,55.00,49.82,13.80,M,M
BFF,2025-07-10 09:53,80.00,50.00,35.15,13.80,6500.00,34.50
BFF,2025-07-10 10:53,83.00,53.00,35.63,9.20,M,M
BFF,2025-07-10 11:44,M,M,M,M,200.00,M
BFF,2025-07-10 11:53,M,M,M,M,M,M
BFF,2025-07-10 12:53,86.00,52.00,31.19,11.50,M,M
BFF,2025-07-10 13:53,78.00,57.00,48.50,10.35,M,M
BFF,2025-07-10 14:53,79.00,57.00,46.93,13.80,M,M
BFF,2025-07-10 15:53,83.00,48.00,29.59,24.15,M,36.80
BFF,2025-07-10 16:53,85.00,48.00,27.75,14.95,M,36.80
BFF,2025-07-10 17:53,83.00,49.00,30.72,14.95,M,M
BFF,2025-07-10 18:53,82.00,50.00,32.94,8.05,M,M
BFF,2025-07-10 19:53,81.00,52.00,36.64,5.75,M,M
BFF,2025-07-10 20:53,77.00,57.00,50.12,0.00,M,M
BFF,2025-07-10 21:53,70.00,59.00,68.12,5.75,M,M
BFF,2025-07-10 22:53,69.00,55.00,61.02,4.60,M,M
BFF,2025-07-10 23:53,66.00,55.00,67.66,6.90,M,M
BFF,2025-07-11 00:53,66.00,55.00,67.66,0.00,M,M
BFF,2025-07-11 01:53,64.00,56.00,75.22,5.75,M,M
BFF,2025-07-11 02:53,65.00,55.00,70.05,5.75,M,M
BFF,2025-07-11 03:53,63.00,55.00,75.13,5.75,M,M
BFF,2025-07-11 04:53,61.00,55.00,80.62,0.00,M,M
BFF,2025-07-11 05:53,58.00,54.00,86.51,0.00,M,M
BFF,2025-07-11 06:53,59.00,55.00,86.57,5.75,M,M
BFF,2025-07-11 07:53,66.00,55.00,67.66,6.90,M,M
BFF,2025-07-11 08:53,75.00,50.00,41.45,9.20,M,M
BFF,2025-07-11 09:53,76.00,52.00,43.18,8.05,M,M
BFF,2025-07-11 10:53,77.00,55.00,46.62,13.80,M,M
BFF,2025-07-11 11:53,79.00,55.00,43.65,14.95,5500.00,M
BFF,2025-07-11 12:53,73.00,57.00,57.28,18.40,3800.00,M
BFF,2025-07-11 13:53,77.00,57.00,50.12,18.40,M,M
BFF,2025-07-11 14:53,78.00,56.00,46.78,10.35,4600.00,M
BFF,2025-07-11 15:53,74.00,55.00,51.52,19.55,4700.00,M
BFF,2025-07-11 16:53,78.00,56.00,46.78,16.10,M,M
BFF,2025-07-11 17:53,74.00,55.00,51.52,18.40,M,M
BFF,2025-07-11 18:53,71.00,55.00,57.00,18.40,4900.00,M
BFF,2025-07-11 19:53,66.00,57.00,72.74,16.10,4500.00,M
BFF,2025-07-11 20:53,61.00,53.00,74.94,14.95,4500.00,32.20
BFF,2025-07-11 21:53,61.00,51.00,69.61,8.05,4600.00,M
BFF,2025-07-11 22:53,61.00,51.00,69.61,4.60,4800.00,M
BFF,2025-07-11 23:53,61.00,52.00,72.23,0.00,4700.00,M
BFF,2025-07-12 00:53,60.00,51.00,72.13,0.00,4700.00,M
BFF,2025-07-12 01:53,60.00,52.00,74.84,0.00,4900.00,M
BFF,2025-07-12 02:53,60.00,51.00,72.13,0.00,5500.00,M
BFF,2025-07-12 03:53,60.00,52.00,74.84,4.60,6000.00,M
BFF,2025-07-12 04:53,58.00,53.00,83.40,3.45,6000.00,M
BFF,2025-07-12 05:53,56.00,53.00,89.64,3.45,M,M
BFF,2025-07-12 06:53,56.00,53.00,89.64,0.00,6000.00,M
BFF,2025-07-12 07:53,60.00,53.00,77.65,0.00,6000.00,M
BFF,2025-07-12 08:53,62.00,52.00,69.72,3.45,M,M
BFF,2025-07-12 09:53,66.00,53.00,62.89,8.05,M,M
BFF,2025-07-12 10:53,70.00,50.00,49.06,12.65,M,M
BFF,2025-07-12 11:53,74.00,51.00,44.48,11.50,M,M
BFF,2025-07-12 12:53,77.00,53.00,43.34,9.20,M,M
BFF,2025-07-12 13:53,81.00,53.00,38.01,10.35,M,M
BFF,2025-07-12 14:53,81.00,53.00,38.01,M,M,M
BFF,2025-07-12 15:53,84.00,51.00,32.05,M,M,M
BFF,2025-07-12 16:53,85.00,52.00,32.20,8.05,M,M
BFF,2025-07-12 17:53,86.00,53.00,32.36,10.35,M,M
BFF,2025-07-12 18:53,85.00,57.00,38.64,14.95,M,M
BFF,2025-07-12 19:53,82.00,57.00,42.56,14.95,M,M
BFF,2025-07-12 20:53,79.00,57.00,46.93,12.65,M,M
BFF,2025-07-12 21:53,76.00,57.00,51.81,10.35,M,M
BFF,2025-07-12 22:53,72.00,59.00,63.65,9.20,M,M
BFF,2025-07-12 23:53,69.00,60.00,73.05,8.05,M,M
BFF,2025-07-13 00:53,67.00,60.00,78.24,6.90,M,M
BFF,2025-07-13 01:53,66.00,60.00,81.00,9.20,M,M
BFF,2025-07-13 02:53,63.00,60.00,89.94,6.90,M,M
BFF,2025-07-13 03:53,63.00,59.00,86.79,5.75,M,M
BFF,2025-07-13 04:53,61.00,59.00,93.13,4.60,M,M
BFF,2025-07-13 05:53,61.00,59.00,93.13,0.00,M,M
BFF,2025-07-13 06:53,60.00,57.00,89.81,0.00,M,M
BFF,2025-07-13 07:53,63.00,59.00,86.79,4.60,M,M
BFF,2025-07-13 08:53,67.00,58.00,72.85,9.20,M,M
BFF,2025-07-13 09:53,73.00,60.00,63.78,9.20,M,M
BFF,2025-07-13 10:53,78.00,60.00,54.00,10.35,M,M
BFF,2025-07-13 11:53,85.00,56.00,37.27,5.75,M,M
BFF,2025-07-13 12:53,88.00,45.00,22.53,3.45,M,M
BFF,2025-07-13 13:53,91.00,40.00,16.92,4.60,M,M
BFF,2025-07-13 14:53,92.00,40.00,16.40,6.90,M,M
BFF,2025-07-13 15:53,92.00,39.00,15.77,0.00,M,M
BFF,2025-07-13 16:53,94.00,42.00,16.66,9.20,11000.00,M
BFF,2025-07-13 17:53,93.00,41.00,16.53,4.60,M,M
BFF,2025-07-13 18:53,93.00,42.00,17.18,10.35,M,M
BFF,2025-07-13 19:53,90.00,47.00,22.82,10.35,M,M
BFF,2025-07-13 20:53,86.00,46.00,24.93,13.80,M,M
BFF,2025-07-13 21:53,77.00,49.00,37.37,6.90,M,M
BFF,2025-07-13 22:53,73.00,50.00,44.33,8.05,M,M
BFF,2025-07-13 23:53,70.00,52.00,52.83,9.20,M,M
BFF,2025-07-14 00:53,68.00,52.00,56.58,9.20,M,M
BFF,2025-07-14 01:53,66.00,53.00,62.89,8.05,M,M
BFF,2025-07-14 02:53,66.00,51.00,58.42,6.90,M,M
BFF,2025-07-14 03:53,65.00,53.00,65.12,6.90,M,M
BFF,2025-07-14 04:53,64.00,55.00,72.54,6.90,M,M
BFF,2025-07-14 05:53,63.00,56.00,77.91,9.20,M,M
BFF,2025-07-14 06:53,63.00,57.00,80.77,6.90,M,M
BFF,2025-07-14 07:53,66.00,58.00,75.41,9.20,M,M
BFF,2025-07-14 08:53,71.00,59.00,65.84,12.65,M,M
BFF,2025-07-14 09:53,77.00,59.00,53.86,8.05,M,M
BFF,2025-07-14 10:53,83.00,59.00,44.27,8.05,M,M
BFF,2025-07-14 11:53,88.00,60.00,39.12,11.50,M,M
BFF,2025-07-14 12:53,98.00,51.00,20.71,16.10,M,M
BFF,2025-07-14 13:53,100.00,49.00,18.10,17.25,M,M
BFF,2025-07-14 14:53,96.00,48.00,19.68,10.35,M,M
BFF,2025-07-14 15:01,96.00,48.00,19.68,16.10,11000.00,M
BFF,2025-07-14 15:20,97.00,47.00,18.39,12.65,5500.00,M
BFF,2025-07-14 15:35,96.00,47.00,18.96,8.05,6000.00,M
BFF,2025-07-14 15:53,95.00,52.00,23.55,16.10,4000.00,M
BFF,2025-07-14 16:05,99.00,49.00,18.66,18.40,4100.00,M
BFF,2025-07-14 16:20,95.00,47.00,19.54,17.25,3600.00,29.90
BFF,2025-07-14 16:38,94.00,47.00,20.15,14.95,6500.00,29.90
BFF,2025-07-14 16:53,94.00,48.00,20.93,18.40,6500.00,29.90
BFF,2025-07-14 17:17,93.00,48.00,21.58,19.55,11000.00,M
BFF,2025-07-14 17:53,90.00,47.00,22.82,18.40,M,32.20
BFF,2025-07-14 18:21,88.00,48.00,25.23,12.65,12000.00,M
BFF,2025-07-14 18:42,87.00,48.00,26.04,12.65,12000.00,M
BFF,2025-07-14 18:53,84.00,51.00,32.05,11.50,12000.00,M
BFF,2025-07-14 19:01,87.00,47.00,25.08,10.35,12000.00,M
BFF,2025-07-14 19:30,82.00,52.00,35.47,8.05,8000.00,M
BFF,2025-07-14 19:51,82.40,51.80,34.75,12.65,7500.00,M
BFF,2025-07-14 19:53,84.00,51.00,32.05,13.80,7500.00,M
BFF,2025-07-14 20:53,83.00,46.00,27.44,13.80,M,M
BFF,2025-07-14 21:53,78.00,50.00,37.53,9.20,M,M
BFF,2025-07-14 22:53,78.00,48.00,34.83,0.00,M,M
BFF,2025-07-14 23:53,78.00,49.00,36.16,18.40,11000.00,39.10
BFF,2025-07-15 00:12,82.00,45.00,27.29,23.00,400.00,44.85
BFF,2025-07-15 00:22,79.00,48.00,33.70,28.75,400.00,54.05
BFF,2025-07-15 00:53,84.00,42.00,22.81,17.25,4900.00,54.05
BFF,2025-07-15 01:53,78.00,46.00,32.30,12.65,M,M
BFF,2025-07-15 02:53,73.00,47.00,39.62,6.90,M,M
BFF,2025-07-15 03:53,67.00,50.00,54.38,0.00,M,M
BFF,2025-07-15 04:53,63.00,53.00,69.83,4.60,M,M
BFF,2025-07-15 05:53,62.00,54.00,75.03,5.75,M,M
BFF,2025-07-15 06:53,60.00,55.00,83.54,6.90,M,M
BFF,2025-07-15 07:53,64.00,56.00,75.22,8.05,M,M
BFF,2025-07-15 08:53,70.00,57.00,63.40,4.60,M,M
BFF,2025-07-15 09:53,75.00,52.00,44.64,4.60,M,M
BFF,2025-07-15 10:53,78.00,55.00,45.11,16.10,M,M
BFF,2025-07-15 11:48,84.20,51.80,32.80,19.55,M,29.90
BFF,2025-07-15 11:53,85.00,53.00,33.41,20.70,M,29.90
BFF,2025-07-15 12:53,85.00,56.00,37.27,24.15,M,34.50
BFF,2025-07-15 13:53,84.00,54.00,35.79,19.55,M,41.40
BFF,2025-07-15 14:53,84.00,51.00,32.05,24.15,M,40.25
BFF,2025-07-15 15:53,86.00,54.00,33.57,20.70,M,39.10
BFF,2025-07-15 16:53,84.00,55.00,37.11,8.05,M,M
BFF,2025-07-15 17:53,85.00,55.00,35.94,6.90,M,M
BFF,2025-07-15 18:53,85.00,56.00,37.27,10.35,M,M
BFF,2025-07-15 19:53,82.00,57.00,42.56,13.80,M,M
BFF,2025-07-15 20:53,77.00,59.00,53.86,13.80,M,M
BFF,2025-07-15 21:53,74.00,59.00,59.51,16.10,M,M
BFF,2025-07-15 22:53,70.00,60.00,70.59,13.80,M,M
BFF,2025-07-15 23:26,68.00,61.00,78.33,14.95,1900.00,M
BFF,2025-07-15 23:53,67.00,60.00,78.24,17.25,1700.00,M
BFF,2025-07-16 00:53,64.00,59.00,83.80,12.65,1600.00,M
BFF,2025-07-16 01:53,63.00,57.00,80.77,12.65,M,M
BFF,2025-07-16 02:46,63.00,57.00,80.77,13.80,1600.00,M
BFF,2025-07-16 02:53,63.00,57.00,80.77,13.80,1600.00,M
BFF,2025-07-16 03:40,62.00,56.00,80.70,13.80,1600.00,M
BFF,2025-07-16 03:53,61.00,56.00,83.60,10.35,1400.00,M
BFF,2025-07-16 04:37,61.00,56.00,83.60,6.90,1400.00,M
BFF,2025-07-16 04:53,61.00,55.00,80.62,5.75,2900.00,M
BFF,2025-07-16 05:14,61.00,55.00,80.62,6.90,1400.00,M
BFF,2025-07-16 05:39,61.00,55.00,80.62,10.35,1500.00,M
BFF,2025-07-16 05:53,60.00,55.00,83.54,6.90,1500.00,M
BFF,2025-07-16 06:53,60.00,55.00,83.54,3.45,7000.00,M
BFF,2025-07-16 07:19,60.00,55.00,83.54,8.05,1200.00,M
BFF,2025-07-16 07:33,60.00,56.00,86.62,5.75,1200.00,M
BFF,2025-07-16 07:53,61.00,56.00,83.60,3.45,M,M
BFF,2025-07-16 08:21,62.00,56.00,80.70,6.90,1100.00,M
BFF,2025-07-16 08:53,62.00,56.00,80.70,3.45,1200.00,M
BFF,2025-07-16 09:40,63.00,56.00,77.91,0.00,1400.00,M
BFF,2025-07-16 09:53,64.00,56.00,75.22,3.45,2100.00,M
BFF,2025-07-16 10:02,64.00,56.00,75.22,3.45,2100.00,M
BFF,2025-07-16 10:53,66.00,57.00,72.74,8.05,1700.00,M
BFF,2025-07-16 11:53,66.00,57.00,72.74,5.75,1800.00,M
BFF,2025-07-16 12:02,66.00,57.00,72.74,0.00,1800.00,M
BFF,2025-07-16 12:10,67.00,57.00,70.27,3.45,1800.00,M
BFF,2025-07-16 12:22,67.00,58.00,72.85,3.45,2000.00,M
BFF,2025-07-16 12:29,68.00,58.00,70.38,5.75,2200.00,M
BFF,2025-07-16 12:53,69.00,58.00,68.01,3.45,2200.00,M
BFF,2025-07-16 13:53,69.00,57.00,65.60,10.35,2200.00,M
BFF,2025-07-16 14:41,70.00,58.00,65.72,17.25,2300.00,M
BFF,2025-07-16 14:53,70.00,57.00,63.40,14.95,3300.00,M
BFF,2025-07-16 15:36,69.00,57.00,65.60,13.80,2400.00,M
BFF,2025-07-16 15:53,69.00,57.00,65.60,14.95,2600.00,M
BFF,2025-07-16 16:53,66.00,56.00,70.16,14.95,2500.00,M
BFF,2025-07-16 17:53,67.00,55.00,65.36,14.95,2800.00,M
BFF,2025-07-16 18:34,67.00,55.00,65.36,13.80,3100.00,M
BFF,2025-07-16 18:53,67.00,55.00,65.36,16.10,3100.00,M
BFF,2025-07-16 19:06,67.00,55.00,65.36,11.50,2900.00,M
BFF,2025-07-16 19:17,65.00,56.00,72.64,11.50,2800.00,M
BFF,2025-07-16 19:53,64.00,55.00,72.54,17.25,2700.00,M
BFF,2025-07-16 20:53,63.00,55.00,75.13,10.35,2700.00,M
BFF,2025-07-16 21:53,62.00,55.00,77.82,8.05,8000.00,M
BFF,2025-07-16 22:53,59.00,55.00,86.57,6.90,9500.00,M
BFF,2025-07-16 23:27,59.00,55.00,86.57,4.60,1700.00,M
BFF,2025-07-16 23:53,59.00,55.00,86.57,8.05,1600.00,M
BFF,2025-07-17 00:53,59.00,55.00,86.57,4.60,1600.00,M
BFF,2025-07-17 01:53,59.00,55.00,86.57,6.90,1500.00,M
BFF,2025-07-17 02:42,59.00,55.00,86.57,6.90,1300.00,M
BFF,2025-07-17 02:53,59.00,55.00,86.57,6.90,1100.00,M
BFF,2025-07-17 03:53,59.00,55.00,86.57,14.95,1000.00,M
BFF,2025-07-17 04:05,58.00,56.00,93.04,13.80,900.00,M
BFF,2025-07-17 04:26,57.00,56.00,96.45,14.95,400.00,M
BFF,2025-07-17 04:53,57.00,56.00,96.45,17.25,400.00,M
BFF,2025-07-17 05:21,56.00,55.00,96.44,19.55,600.00,M
BFF,2025-07-17 05:53,56.00,54.00,92.98,17.25,500.00,29.90
BFF,2025-07-17 06:44,55.00,54.00,96.42,17.25,400.00,M
BFF,2025-07-17 06:53,55.00,54.00,96.42,14.95,400.00,M
BFF,2025-07-17 07:13,55.00,55.00,100.00,14.95,300.00,M
BFF,2025-07-17 07:30,56.00,55.00,96.44,17.25,300.00,M
BFF,2025-07-17 07:53,56.00,55.00,96.44,14.95,200.00,M
BFF,2025-07-17 08:38,56.00,56.00,100.00,14.95,200.00,M
BFF,2025-07-17 08:53,57.00,57.00,100.00,12.65,200.00,M
BFF,2025-07-17 09:00,57.00,56.00,96.45,9.20,200.00,M
BFF,2025-07-17 09:17,57.00,57.00,100.00,10.35,200.00,M
BFF,2025-07-17 09:25,57.00,57.00,100.00,12.65,200.00,M
BFF,2025-07-17 09:53,58.00,57.00,96.47,12.65,400.00,M
BFF,2025-07-17 10:13,58.00,57.00,96.47,14.95,500.00,M
BFF,2025-07-17 10:29,58.00,57.00,96.47,14.95,500.00,M
BFF,2025-07-17 10:39,58.00,57.00,96.47,14.95,400.00,M
BFF,2025-07-17 10:53,59.00,58.00,96.48,12.65,400.00,M
BFF,2025-07-17 11:10,59.00,58.00,96.48,12.65,400.00,M
BFF,2025-07-17 11:25,59.00,58.00,96.48,13.80,400.00,M
BFF,2025-07-17 11:49,59.00,57.20,93.74,13.80,500.00,M
BFF,2025-07-17 11:53,60.00,59.00,96.50,11.50,500.00,M
BFF,2025-07-17 12:47,62.60,59.00,88.01,14.95,900.00,M
BFF,2025-07-17 12:53,63.00,59.00,86.79,14.95,900.00,M
BFF,2025-07-17 13:48,66.20,59.00,77.62,18.40,900.00,M
BFF,2025-07-17 13:49,66.20,59.00,77.62,18.40,1100.00,M
BFF,2025-07-17 13:53,66.00,59.00,78.16,17.25,1100.00,M
BFF,2025-07-17 14:22,67.00,59.00,75.50,18.40,1300.00,M
BFF,2025-07-17 14:53,69.00,59.00,70.49,16.10,1900.00,M
BFF,2025-07-17 15:53,74.00,59.00,59.51,16.10,2500.00,M
BFF,2025-07-17 16:07,74.00,59.00,59.51,16.10,2500.00,M
BFF,2025-07-17 16:53,77.00,61.00,57.83,14.95,M,M
BFF,2025-07-17 17:53,77.00,62.00,59.91,14.95,M,M
BFF,2025-07-17 18:53,81.00,62.00,52.55,14.95,M,M
BFF,2025-07-17 19:53,81.00,63.00,54.43,12.65,M,M
BFF,2025-07-17 20:53,78.00,62.00,57.97,10.35,M,M
BFF,2025-07-17 21:53,75.00,61.00,61.80,10.35,M,M
BFF,2025-07-17 22:53,70.00,61.00,73.15,13.80,M,M
BFF,2025-07-17 23:53,69.00,61.00,75.69,11.50,M,M
BFF,2025-07-18 00:53,65.00,61.00,86.89,10.35,M,M
BFF,2025-07-18 01:53,65.00,61.00,86.89,13.80,M,M
BFF,2025-07-18 02:53,63.00,60.00,89.94,12.65,M,M
BFF,2025-07-18 03:53,63.00,60.00,89.94,11.50,M,M
BFF,2025-07-18 04:53,61.00,60.00,96.51,8.05,M,M
BFF,2025-07-18 05:53,60.00,59.00,96.50,10.35,M,M
BFF,2025-07-18 06:53,60.00,59.00,96.50,8.05,M,M
BFF,2025-07-18 07:53,62.00,60.00,93.16,5.75,M,M
BFF,2025-07-18 08:53,65.00,62.00,90.02,3.45,M,M
BFF,2025-07-18 09:53,71.00,61.00,70.70,0.00,M,M
BFF,2025-07-18 10:53,76.00,61.00,59.78,6.90,M,M
BFF,2025-07-18 11:53,79.00,60.00,52.25,6.90,M,M
BFF,2025-07-18 12:53,81.00,60.00,48.95,11.50,M,M
BFF,2025-07-18 13:53,82.00,56.00,41.05,3.45,M,M
BFF,2025-07-18 14:53,86.00,59.00,40.22,8.05,M,M
BFF,2025-07-18 15:53,88.00,59.00,37.75,3.45,M,M
BFF,2025-07-18 16:53,89.00,59.00,36.58,5.75,M,M
BFF,2025-07-18 17:53,91.00,56.00,30.84,8.05,M,M
BFF,2025-07-18 18:53,85.00,61.00,44.58,8.05,M,M
BFF,2025-07-18 19:53,82.00,60.00,47.39,8.05,M,M
BFF,2025-07-18 20:53,79.00,59.00,50.42,16.10,11000.00,M
BFF,2025-07-18 21:15,65.00,62.00,90.02,32.20,4600.00,64.40
BFF,2025-07-18 21:20,65.00,60.00,83.86,20.70,3600.00,64.40
BFF,2025-07-18 21:29,64.00,63.00,96.56,13.80,3900.00,64.40
BFF,2025-07-18 21:35,64.00,63.00,96.56,8.05,4100.00,64.40
BFF,2025-07-18 21:49,64.40,62.60,93.89,11.50,3900.00,64.40
BFF,2025-07-18 21:53,64.00,62.00,93.22,13.80,4700.00,64.40
BFF,2025-07-18 22:00,65.00,62.00,90.02,11.50,7000.00,M
BFF,2025-07-18 22:53,70.00,61.00,73.15,5.75,M,M
BFF,2025-07-18 23:53,66.00,62.00,86.95,8.05,M,M
BFF,2025-07-19 00:53,67.00,63.00,87.00,6.90,10000.00,M
BFF,2025-07-19 01:53,66.00,63.00,90.06,6.90,M,M
BFF,2025-07-19 02:53,64.00,62.00,93.22,5.75,M,M
BFF,2025-07-19 03:53,63.00,62.00,96.54,0.00,M,M
BFF,2025-07-19 04:53,62.00,61.00,96.53,4.60,M,M
BFF,2025-07-19 05:53,62.00,61.00,96.53,5.75,M,M
BFF,2025-07-19 06:53,62.00,60.00,93.16,3.45,M,M
BFF,2025-07-19 07:53,63.00,61.00,93.19,5.75,M,M
BFF,2025-07-19 08:53,67.00,62.00,83.99,6.90,M,M
BFF,2025-07-19 09:53,71.00,63.00,75.87,5.75,M,M
BFF,2025-07-19 10:53,75.00,62.00,64.02,3.45,M,M
BFF,2025-07-19 11:53,79.00,62.00,56.09,4.60,M,M
BFF,2025-07-19 12:53,83.00,61.00,47.54,4.60,M,M
BFF,2025-07-19 13:53,86.00,58.00,38.80,0.00,M,M
BFF,2025-07-19 14:53,87.00,51.00,29.12,4.60,M,M
BFF,2025-07-19 15:53,88.00,55.00,32.68,6.90,M,M
BFF,2025-07-19 16:53,88.00,53.00,30.37,4.60,M,M
BFF,2025-07-19 17:53,90.00,54.00,29.59,6.90,M,M
BFF,2025-07-19 18:53,91.00,52.00,26.65,5.75,M,M
BFF,2025-07-19 19:53,88.00,58.00,36.42,4.60,M,M
BFF,2025-07-19 20:53,83.00,53.00,35.63,10.35,M,M
BFF,2025-07-19 21:53,77.00,66.00,68.90,13.80,M,M
BFF,2025-07-19 22:53,74.00,65.00,73.54,13.80,M,29.90
BFF,2025-07-19 23:53,72.00,64.00,75.96,10.35,M,M
BFF,2025-07-20 00:53,70.00,65.00,84.18,8.05,M,M
BFF,2025-07-20 01:53,68.00,63.00,84.05,9.20,M,M
BFF,2025-07-20 02:53,65.00,63.00,93.24,6.90,M,M
BFF,2025-07-20 03:53,64.00,63.00,96.56,0.00,M,M
BFF,2025-07-20 04:53,63.00,62.00,96.54,6.90,M,M
BFF,2025-07-20 05:53,61.00,61.00,100.00,3.45,M,M
BFF,2025-07-20 06:53,61.00,61.00,100.00,5.75,M,M
BFF,2025-07-20 07:53,63.00,61.00,93.19,4.60,M,M
BFF,2025-07-20 08:53,67.00,62.00,83.99,0.00,M,M
BFF,2025-07-20 09:53,74.00,57.00,55.39,8.05,M,M
BFF,2025-07-20 10:53,79.00,57.00,46.93,10.35,M,M
BFF,2025-07-20 11:53,85.00,54.00,34.66,6.90,M,M
BFF,2025-07-20 12:53,91.00,49.00,23.84,8.05,M,M
BFF,2025-07-20 13:53,94.00,40.00,15.41,10.35,M,M
BFF,2025-07-20 14:53,94.00,39.00,14.83,M,M,M
BFF,2025-07-20 15:53,97.00,36.00,12.02,8.05,M,M
BFF,2025-07-20 16:53,96.00,38.00,13.41,3.45,M,M
BFF,2025-07-20 17:53,96.00,38.00,13.41,5.75,M,M
BFF,2025-07-20 18:53,96.00,41.00,15.07,8.05,M,M
BFF,2025-07-20 19:53,92.00,50.00,23.99,5.75,M,M
BFF,2025-07-20 20:53,83.00,63.00,51.02,3.45,M,M
BFF,2025-07-20 21:53,78.00,55.00,45.11,0.00,M,M
BFF,2025-07-20 22:53,73.00,55.00,53.28,4.60,M,M
BFF,2025-07-20 23:53,70.00,53.00,54.81,8.05,M,M
BFF,2025-07-21 00:53,69.00,55.00,61.02,9.20,M,M
BFF,2025-07-21 01:53,66.00,59.00,78.16,5.75,M,M
BFF,2025-07-21 02:53,72.00,53.00,51.22,4.60,M,M
BFF,2025-07-21 03:53,73.00,53.00,49.52,3.45,M,M
BFF,2025-07-21 04:53,69.00,53.00,56.72,4.60,M,M
BFF,2025-07-21 05:53,62.00,56.00,80.70,0.00,M,M
BFF,2025-07-21 06:53,62.00,55.00,77.82,8.05,M,M
BFF,2025-07-21 07:53,66.00,58.00,75.41,0.00,M,M
BFF,2025-07-21 08:53,70.00,58.00,65.72,0.00,M,M
BFF,2025-07-21 09:53,78.00,59.00,52.11,6.90,M,M
BFF,2025-07-21 10:53,83.00,57.00,41.21,6.90,M,M
BFF,2025-07-21 11:53,90.00,55.00,30.69,4.60,M,M
BFF,2025-07-21 12:53,93.00,60.00,33.46,6.90,M,M
BFF,2025-07-21 13:53,98.00,52.00,21.49,8.05,M,M
BFF,2025-07-21 14:53,96.00,53.00,23.70,9.20,M,M
BFF,2025-07-21 15:53,94.00,54.00,26.13,11.50,M,M
BFF,2025-07-21 16:53,94.00,56.00,28.11,9.20,M,M
BFF,2025-07-21 17:53,94.00,47.00,20.15,9.20,11000.00,M
BFF,2025-07-21 18:53,93.00,50.00,23.26,10.35,9000.00,M
BFF,2025-07-21 19:53,88.00,54.00,31.51,8.05,M,M
BFF,2025-07-21 20:53,82.00,58.00,44.12,9.20,M,M
BFF,2025-07-21 21:53,80.00,60.00,50.57,11.50,M,M
BFF,2025-07-21 22:53,81.00,66.00,60.44,16.10,M,M
BFF,2025-07-21 23:53,79.00,67.00,66.78,12.65,M,M
BFF,2025-07-22 00:53,77.00,68.00,73.83,10.35,M,M
BFF,2025-07-22 01:53,76.00,70.00,81.72,13.80,M,M
BFF,2025-07-22 02:53,75.00,70.00,84.49,6.90,M,M
BFF,2025-07-22 03:53,73.00,69.00,87.31,11.50,M,M
BFF,2025-07-22 04:53,70.00,67.00,90.22,11.50,M,M
BFF,2025-07-22 05:53,68.00,66.00,93.33,12.65,M,M
BFF,2025-07-22 06:53,68.00,65.00,90.14,11.50,M,M
BFF,2025-07-22 07:53,69.00,65.00,87.10,10.35,M,M
BFF,2025-07-22 08:53,72.00,64.00,75.96,10.35,M,M
BFF,2025-07-22 09:53,73.00,64.00,73.44,5.75,M,M
BFF,2025-07-22 10:53,81.00,62.00,52.55,0.00,M,M
BFF,2025-07-22 11:53,86.00,59.00,40.22,5.75,M,M
BFF,2025-07-22 12:53,89.00,53.00,29.43,8.05,M,M
BFF,2025-07-22 13:53,93.00,50.00,23.26,10.35,M,M
BFF,2025-07-22 14:53,94.00,49.00,21.72,5.75,M,M
BFF,2025-07-22 15:53,97.00,47.00,18.39,5.75,M,M
BFF,2025-07-22 16:53,96.00,48.00,19.68,8.05,M,M
BFF,2025-07-22 17:53,94.00,49.00,21.72,4.60,M,M
BFF,2025-07-22 18:53,94.00,48.00,20.93,6.90,M,M
BFF,2025-07-22 19:53,86.00,58.00,38.80,8.05,11000.00,M
BFF,2025-07-22 20:53,81.00,59.00,47.24,3.45,M,M
BFF,2025-07-22 21:53,79.00,59.00,50.42,0.00,M,M
BFF,2025-07-22 22:53,76.00,61.00,59.78,6.90,M,M
BFF,2025-07-22 23:53,76.00,61.00,59.78,4.60,M,M
BFF,2025-07-23 00:53,78.00,53.00,41.93,8.05,M,M
BFF,2025-07-23 01:53,76.00,53.00,44.80,0.00,M,M
BFF,2025-07-23 02:53,72.00,56.00,57.14,0.00,M,M
BFF,2025-07-23 03:53,71.00,58.00,63.53,6.90,M,M
BFF,2025-07-23 04:53,70.00,57.00,63.40,10.35,M,M
BFF,2025-07-23 05:53,71.00,66.00,84.24,19.55,M,29.90
BFF,2025-07-23 06:53,70.00,66.00,87.16,8.05,11000.00,M
BFF,2025-07-23 07:23,70.00,66.00,87.16,5.75,1300.00,M
BFF,2025-07-23 07:53,71.00,66.00,84.24,3.45,1400.00,M
BFF,2025-07-23 08:37,72.00,66.00,81.44,8.05,1600.00,M
BFF,2025-07-23 08:53,71.00,65.00,81.37,5.75,1800.00,M
BFF,2025-07-23 09:53,71.00,59.00,65.84,11.50,2600.00,M
BFF,2025-07-23 10:22,71.00,59.00,65.84,10.35,2800.00,M
BFF,2025-07-23 10:29,71.00,60.00,68.23,8.05,3100.00,M
BFF,2025-07-23 10:53,71.00,59.00,65.84,11.50,3400.00,M
BFF,2025-07-23 11:53,72.00,60.00,65.96,6.90,M,M
BFF,2025-07-23 12:53,75.00,59.00,57.55,9.20,M,M
BFF,2025-07-23 13:53,78.00,58.00,50.27,11.50,4300.00,M
BFF,2025-07-23 14:53,79.00,58.00,48.65,10.35,4800.00,M
BFF,2025-07-23 15:53,80.00,58.00,47.08,10.35,4500.00,M
BFF,2025-07-23 16:53,81.00,59.00,47.24,8.05,4300.00,M
BFF,2025-07-23 17:53,79.00,58.00,48.65,5.75,M,M
BFF,2025-07-23 18:53,79.00,60.00,52.25,8.05,M,M
BFF,2025-07-23 19:53,78.00,61.00,55.95,8.05,M,M
BFF,2025-07-23 20:53,76.00,62.00,61.93,9.20,M,M
BFF,2025-07-23 21:53,66.00,56.00,70.16,24.15,6000.00,46.00
BFF,2025-07-23 22:53,62.00,56.00,80.70,14.95,5500.00,34.50
BFF,2025-07-23 23:53,61.00,56.00,83.60,6.90,M,M
BFF,2025-07-24 00:53,60.00,55.00,83.54,4.60,M,M
BFF,2025-07-24 01:53,58.00,55.00,89.73,4.60,M,M
BFF,2025-07-24 02:53,57.00,55.00,93.01,5.75,M,M
BFF,2025-07-24 03:53,56.00,55.00,96.44,6.90,M,M
BFF,2025-07-24 04:53,56.00,54.00,92.98,4.60,M,M
BFF,2025-07-24 05:53,56.00,54.00,92.98,0.00,M,M
BFF,2025-07-24 06:53,56.00,54.00,92.98,3.45,M,M
BFF,2025-07-24 07:53,59.00,55.00,86.57,8.05,M,M
BFF,2025-07-24 08:53,62.00,56.00,80.70,5.75,M,M
BFF,2025-07-24 09:53,66.00,57.00,72.74,8.05,M,M
BFF,2025-07-24 10:53,73.00,58.00,59.38,11.50,M,M
BFF,2025-07-24 11:53,76.00,58.00,53.71,9.20,M,M
BFF,2025-07-24 12:53,81.00,60.00,48.95,12.65,M,M
BFF,2025-07-24 13:53,83.00,59.00,44.27,13.80,M,M
BFF,2025-07-24 14:53,88.00,57.00,35.13,12.65,M,M
BFF,2025-07-24 15:53,90.00,54.00,29.59,12.65,M,M
BFF,2025-07-24 16:53,91.00,55.00,29.74,14.95,8000.00,M
BFF,2025-07-24 17:19,86.00,56.00,36.10,10.35,8000.00,M
BFF,2025-07-24 17:36,77.00,59.00,53.86,16.10,7500.00,29.90
BFF,2025-07-24 17:49,69.80,64.40,83.00,19.55,7500.00,31.05
BFF,2025-07-24 17:53,69.00,63.00,81.22,16.10,7500.00,31.05
BFF,2025-07-24 18:01,71.00,61.00,70.70,20.70,7500.00,M
BFF,2025-07-24 18:36,67.00,63.00,87.00,16.10,4300.00,34.50
BFF,2025-07-24 18:44,66.00,60.00,81.00,14.95,4500.00,34.50
BFF,2025-07-24 18:53,64.00,60.00,86.84,16.10,6000.00,34.50
BFF,2025-07-24 19:33,66.00,61.00,83.93,13.80,10000.00,M
BFF,2025-07-24 19:53,65.00,61.00,86.89,8.05,9000.00,M
BFF,2025-07-24 20:11,66.00,60.00,81.00,14.95,M,M
BFF,2025-07-24 20:53,65.00,63.00,93.24,11.50,M,M
BFF,2025-07-24 21:53,64.00,61.00,89.98,17.25,M,M
BFF,2025-07-24 22:53,64.00,58.00,80.85,23.00,M,37.95
BFF,2025-07-24 23:53,63.00,59.00,86.79,9.20,M,M
BFF,2025-07-25 00:53,62.00,58.00,86.73,3.45,M,M
BFF,2025-07-25 01:53,62.00,58.00,86.73,5.75,M,M
BFF,2025-07-25 02:53,60.00,58.00,93.10,4.60,M,M
BFF,2025-07-25 03:53,59.00,57.00,93.07,3.45,M,M
BFF,2025-07-25 04:53,59.00,56.00,89.77,3.45,M,M
BFF,2025-07-25 05:53,59.00,56.00,89.77,6.90,M,M
BFF,2025-07-25 06:53,60.00,56.00,86.62,9.20,M,M
BFF,2025-07-25 07:53,62.00,57.00,83.67,12.65,M,M
BFF,2025-07-25 08:53,65.00,59.00,80.92,9.20,M,M
BFF,2025-07-25 09:53,70.00,60.00,70.59,9.20,M,M
BFF,2025-07-25 10:53,77.00,57.00,50.12,12.65,M,M
BFF,2025-07-25 11:53,81.00,58.00,45.57,11.50,M,M
BFF,2025-07-25 12:53,85.00,57.00,38.64,10.35,M,M
BFF,2025-07-25 13:53,88.00,54.00,31.51,8.05,M,M
BFF,2025-07-25 14:53,90.00,51.00,26.50,9.20,M,M
BFF,2025-07-25 15:53,92.00,47.00,21.44,6.90,M,M
BFF,2025-07-25 16:53,91.00,56.00,30.84,13.80,M,M
BFF,2025-07-25 17:53,86.00,62.00,44.74,8.05,M,M
BFF,2025-07-25 18:53,86.00,57.00,37.43,9.20,M,M
BFF,2025-07-25 19:53,85.00,57.00,38.64,6.90,M,M
BFF,2025-07-25 20:53,81.00,62.00,52.55,6.90,M,M
BFF,2025-07-25 21:53,77.00,60.00,55.81,9.20,M,M
BFF,2025-07-25 22:53,73.00,62.00,68.46,11.50,M,M
BFF,2025-07-25 23:53,74.00,59.00,59.51,11.50,M,M
BFF,2025-07-26 00:53,71.00,60.00,68.23,6.90,M,M
BFF,2025-07-26 01:53,67.00,61.00,81.07,9.20,M,M
BFF,2025-07-26 02:53,65.00,61.00,86.89,8.05,M,M
BFF,2025-07-26 03:53,63.00,60.00,89.94,5.75,M,M
BFF,2025-07-26 04:53,65.00,59.00,80.92,8.05,M,M
BFF,2025-07-26 05:53,63.00,58.00,83.73,8.05,M,M
BFF,2025-07-26 06:53,63.00,56.00,77.91,8.05,M,M
BFF,2025-07-26 07:53,66.00,58.00,75.41,6.90,M,M
BFF,2025-07-26 08:53,71.00,60.00,68.23,8.05,M,M
BFF,2025-07-26 09:53,76.00,62.00,61.93,4.60,M,M
BFF,2025-07-26 10:53,82.00,55.00,39.59,3.45,M,M
BFF,2025-07-26 11:53,86.00,54.00,33.57,3.45,M,M
BFF,2025-07-26 12:53,89.00,59.00,36.58,6.90,M,M
BFF,2025-07-26 13:53,93.00,55.00,27.95,8.05,M,M
BFF,2025-07-26 14:53,95.00,52.00,23.55,10.35,M,M
BFF,2025-07-26 15:53,90.00,57.00,32.99,4.60,12000.00,M
BFF,2025-07-26 16:53,72.00,53.00,51.22,10.35,7000.00,39.10
BFF,2025-07-26 17:07,75.00,58.00,55.53,12.65,4100.00,M
BFF,2025-07-26 17:28,80.00,52.00,37.85,13.80,3900.00,M
BFF,2025-07-26 17:53,79.00,55.00,43.65,9.20,M,M
BFF,2025-07-26 18:53,81.00,54.00,39.43,10.35,10000.00,M
BFF,2025-07-26 19:53,76.00,56.00,49.97,13.80,M,35.65
BFF,2025-07-26 20:53,70.00,59.00,68.12,8.05,M,M
BFF,2025-07-26 21:53,68.00,59.00,72.95,8.05,M,M
BFF,2025-07-26 22:53,67.00,59.00,75.50,8.05,M,M
BFF,2025-07-26 23:53,66.00,60.00,81.00,8.05,M,M
BFF,2025-07-27 00:53,66.00,58.00,75.41,11.50,M,M
BFF,2025-07-27 01:53,65.00,57.00,75.32,10.35,M,M
BFF,2025-07-27 02:53,64.00,57.00,77.99,9.20,M,M
BFF,2025-07-27 03:53,61.00,57.00,86.68,3.45,M,M
BFF,2025-07-27 04:53,58.00,57.00,96.47,0.00,M,M
BFF,2025-07-27 05:53,59.00,57.00,93.07,4.60,M,M
BFF,2025-07-27 06:53,56.00,56.00,100.00,0.00,M,M
BFF,2025-07-27 07:53,59.00,58.00,96.48,0.00,M,M
BFF,2025-07-27 08:53,64.00,60.00,86.84,3.45,M,M
BFF,2025-07-27 09:53,72.00,57.00,59.24,6.90,M,M
BFF,2025-07-27 10:53,76.00,54.00,46.47,9.20,M,M
BFF,2025-07-27 11:53,83.00,49.00,30.72,9.20,M,M
BFF,2025-07-27 12:53,86.00,47.00,25.89,8.05,M,M
BFF,2025-07-27 13:53,91.00,51.00,25.68,6.90,M,M
BFF,2025-07-27 14:53,94.00,46.00,19.41,11.50,M,M
BFF,2025-07-27 15:53,97.00,35.00,11.55,12.65,M,M
BFF,2025-07-27 16:53,98.00,35.00,11.21,8.05,M,M
BFF,2025-07-27 17:53,98.00,36.00,11.66,3.45,M,M
BFF,2025-07-27 18:53,96.00,38.00,13.41,4.60,M,M
BFF,2025-07-27 19:53,91.00,48.00,22.96,8.05,M,M
BFF,2025-07-27 20:53,78.00,63.00,60.04,5.75,M,M
BFF,2025-07-27 21:53,73.00,55.00,53.28,5.75,M,M
BFF,2025-07-27 22:53,70.00,54.00,56.86,5.75,M,M
BFF,2025-07-27 23:53,68.00,55.00,63.15,5.75,M,M
BFF,2025-07-28 00:53,67.00,53.00,60.75,6.90,M,M
BFF,2025-07-28 01:53,67.00,52.00,58.56,5.75,M,M
BFF,2025-07-28 02:53,64.00,54.00,69.94,6.90,M,M
BFF,2025-07-28 03:53,64.00,53.00,67.43,4.60,M,M
BFF,2025-07-28 04:53,61.00,54.00,77.73,4.60,M,M
BFF,2025-07-28 05:53,61.00,55.00,80.62,4.60,M,M
BFF,2025-07-28 06:53,58.00,55.00,89.73,4.60,M,M
BFF,2025-07-28 07:53,62.00,56.00,80.70,3.45,M,M
BFF,2025-07-28 08:53,67.00,52.00,58.56,6.90,M,M
BFF,2025-07-28 09:53,74.00,51.00,44.48,6.90,M,M
BFF,2025-07-28 10:53,79.00,52.00,39.11,6.90,M,M
BFF,2025-07-28 11:53,83.00,49.00,30.72,0.00,M,M
BFF,2025-07-28 12:53,89.00,49.00,25.38,8.05,M,M
BFF,2025-07-28 13:53,94.00,48.00,20.93,M,M,M
BFF,2025-07-28 14:53,98.00,38.00,12.62,9.20,M,M
BFF,2025-07-28 15:53,97.00,45.00,17.05,8.05,M,M
BFF,2025-07-28 16:53,97.00,41.00,14.62,12.65,M,M
BFF,2025-07-28 17:53,96.00,43.00,16.28,13.80,M,M
BFF,2025-07-28 18:53,90.00,56.00,31.82,17.25,M,M
BFF,2025-07-28 19:53,83.00,65.00,54.71,21.85,M,31.05
BFF,2025-07-28 20:53,79.00,64.00,60.17,20.70,M,31.05
BFF,2025-07-28 21:53,75.00,64.00,68.68,6.90,M,34.50
BFF,2025-07-28 22:53,72.00,64.00,75.96,8.05,M,M
BFF,2025-07-28 23:53,71.00,64.00,78.57,5.75,M,M
BFF,2025-07-29 00:53,69.00,65.00,87.10,4.60,1500.00,M
BFF,2025-07-29 01:01,69.00,66.00,90.18,3.45,1900.00,M
BFF,2025-07-29 01:20,70.00,66.00,87.16,6.90,1400.00,M
BFF,2025-07-29 01:53,70.00,66.00,87.16,6.90,1000.00,M
BFF,2025-07-29 02:11,70.00,67.00,90.22,6.90,900.00,M
BFF,2025-07-29 02:53,70.00,67.00,90.22,5.75,700.00,M
BFF,2025-07-29 03:33,70.00,67.00,90.22,4.60,1100.00,M
BFF,2025-07-29 03:53,70.00,67.00,90.22,3.45,1200.00,M
BFF,2025-07-29 04:18,69.00,66.00,90.18,11.50,900.00,M
BFF,2025-07-29 04:28,68.00,66.00,93.33,10.35,900.00,M
BFF,2025-07-29 04:35,68.00,66.00,93.33,8.05,900.00,M
BFF,2025-07-29 04:53,68.00,67.00,96.61,6.90,500.00,M
BFF,2025-07-29 05:23,67.00,67.00,100.00,5.75,500.00,M
BFF,2025-07-29 05:43,67.00,67.00,100.00,6.90,500.00,M
BFF,2025-07-29 05:53,67.00,67.00,100.00,5.75,700.00,M
BFF,2025-07-29 06:10,67.00,67.00,100.00,5.75,700.00,M
BFF,2025-07-29 06:50,68.00,66.20,93.98,9.20,1000.00,M
BFF,2025-07-29 06:53,68.00,66.00,93.33,9.20,1000.00,M
BFF,2025-07-29 07:03,68.00,66.00,93.33,10.35,900.00,M
BFF,2025-07-29 07:13,68.00,66.00,93.33,6.90,1100.00,M
BFF,2025-07-29 07:53,68.00,66.00,93.33,12.65,1000.00,M
BFF,2025-07-29 08:53,68.00,67.00,96.61,9.20,1000.00,M
BFF,2025-07-29 09:38,69.00,67.00,93.36,9.20,2800.00,M
BFF,2025-07-29 09:53,71.00,67.00,87.21,11.50,3800.00,M
BFF,2025-07-29 10:42,71.00,67.00,87.21,11.50,2400.00,M
BFF,2025-07-29 10:53,71.00,67.00,87.21,9.20,2700.00,M
BFF,2025-07-29 11:01,71.00,67.00,87.21,11.50,2700.00,M
BFF,2025-07-29 11:35,72.00,67.00,84.30,10.35,1100.00,M
BFF,2025-07-29 11:46,73.00,67.00,81.51,10.35,1100.00,M
BFF,2025-07-29 11:53,73.00,67.00,81.51,10.35,1100.00,M
BFF,2025-07-29 12:29,73.00,66.00,78.74,6.90,1400.00,M
BFF,2025-07-29 12:53,74.00,66.00,76.14,10.35,1400.00,M
BFF,2025-07-29 13:12,74.00,66.00,76.14,13.80,1400.00,M
BFF,2025-07-29 13:53,74.00,66.00,76.14,10.35,1800.00,M
BFF,2025-07-29 14:53,77.00,65.00,66.55,5.75,2200.00,M
BFF,2025-07-29 15:43,79.00,66.00,64.51,9.20,2700.00,M
BFF,2025-07-29 15:53,78.00,65.00,64.39,4.60,2900.00,M
BFF,2025-07-29 16:01,78.00,65.00,64.39,4.60,2700.00,M
BFF,2025-07-29 16:53,78.00,66.00,66.67,10.35,M,M
BFF,2025-07-29 17:38,77.00,65.00,66.55,10.35,2900.00,M
BFF,2025-07-29 17:53,77.00,65.00,66.55,12.65,2800.00,M
BFF,2025-07-29 18:17,76.00,65.00,68.79,6.90,3000.00,M
BFF,2025-07-29 18:29,75.00,66.00,73.64,6.90,2900.00,M
BFF,2025-07-29 18:49,75.20,64.40,69.19,5.75,2800.00,M
BFF,2025-07-29 18:53,76.00,65.00,68.79,5.75,2800.00,M
BFF,2025-07-29 19:06,75.00,65.00,71.12,4.60,2700.00,M
BFF,2025-07-29 19:16,75.00,65.00,71.12,0.00,2700.00,M
BFF,2025-07-29 19:53,74.00,65.00,73.54,6.90,2600.00,M
BFF,2025-07-29 20:07,74.00,65.00,73.54,8.05,2600.00,M
BFF,2025-07-29 20:38,73.00,65.00,76.05,6.90,2700.00,M
BFF,2025-07-29 20:53,72.00,65.00,78.66,6.90,M,M
BFF,2025-07-29 21:53,68.00,65.00,90.14,3.45,M,M
BFF,2025-07-29 22:53,68.00,64.00,87.05,4.60,3700.00,M
BFF,2025-07-29 23:53,69.00,63.00,81.22,11.50,2600.00,M
BFF,2025-07-30 00:14,68.00,63.00,84.05,13.80,2500.00,M
BFF,2025-07-30 00:23,67.00,63.00,87.00,12.65,2500.00,M
BFF,2025-07-30 00:53,67.00,63.00,87.00,12.65,3400.00,M
BFF,2025-07-30 01:53,66.00,63.00,90.06,12.65,3700.00,M
BFF,2025-07-30 02:03,66.00,63.00,90.06,8.05,3500.00,M
BFF,2025-07-30 02:30,65.00,64.00,96.57,13.80,1600.00,M
BFF,2025-07-30 02:37,64.00,62.00,93.22,12.65,1400.00,M
BFF,2025-07-30 02:39,64.00,62.00,93.22,12.65,1600.00,M
BFF,2025-07-30 02:44,63.00,61.00,93.19,14.95,1800.00,M
BFF,2025-07-30 02:53,62.00,60.00,93.16,5.75,1300.00,M
BFF,2025-07-30 03:00,62.00,61.00,96.53,6.90,1600.00,M
BFF,2025-07-30 03:11,62.00,61.00,96.53,3.45,1400.00,M
BFF,2025-07-30 03:53,63.00,62.00,96.54,9.20,9500.00,M
BFF,2025-07-30 04:53,63.00,60.00,89.94,14.95,11000.00,40.25
BFF,2025-07-30 05:53,63.00,61.00,93.19,12.65,M,M
BFF,2025-07-30 06:53,61.00,60.00,96.51,3.45,M,M
BFF,2025-07-30 07:04,60.00,59.00,96.50,3.45,900.00,M
BFF,2025-07-30 07:12,60.00,59.00,96.50,0.00,900.00,M
BFF,2025-07-30 07:53,62.00,60.00,93.16,6.90,900.00,M
BFF,2025-07-30 08:53,62.00,59.00,89.89,3.45,800.00,M
BFF,2025-07-30 09:53,62.00,59.00,89.89,5.75,700.00,M
BFF,2025-07-30 10:51,64.40,59.00,82.63,5.75,1100.00,M
BFF,2025-07-30 10:53,64.00,59.00,83.80,5.75,1100.00,M
BFF,2025-07-30 11:50,64.40,59.00,82.63,4.60,1500.00,M
BFF,2025-07-30 11:53,66.00,59.00,78.16,3.45,1500.00,M
BFF,2025-07-30 12:53,69.00,58.00,68.01,5.75,2000.00,M
BFF,2025-07-30 13:53,70.00,59.00,68.12,6.90,2300.00,M
BFF,2025-07-30 14:53,73.00,58.00,59.38,10.35,3800.00,M
BFF,2025-07-30 15:53,74.00,57.00,55.39,8.05,3400.00,M
BFF,2025-07-30 16:53,74.00,57.00,55.39,9.20,3700.00,M
BFF,2025-07-30 17:53,74.00,57.00,55.39,10.35,M,M
BFF,2025-07-30 18:53,74.00,58.00,57.42,5.75,M,M
BFF,2025-07-30 19:53,73.00,58.00,59.38,6.90,M,M
BFF,2025-07-30 20:53,70.00,62.00,75.78,4.60,M,M
BFF,2025-07-30 21:53,67.00,63.00,87.00,4.60,M,M
BFF,2025-07-30 22:53,65.00,61.00,86.89,5.75,M,M
BFF,2025-07-30 23:53,64.00,61.00,89.98,4.60,M,M
BFF,2025-07-31 00:53,64.00,60.00,86.84,8.05,6500.00,M
BFF,2025-07-31 01:53,64.00,60.00,86.84,13.80,8000.00,M
BFF,2025-07-31 02:53,62.00,60.00,93.16,8.05,M,M
BFF,2025-07-31 03:09,63.00,60.00,89.94,8.05,1100.00,M
BFF,2025-07-31 03:18,63.00,60.00,89.94,10.35,900.00,M
BFF,2025-07-31 03:53,63.00,61.00,93.19,10.35,600.00,M
BFF,2025-07-31 04:53,63.00,62.00,96.54,14.95,400.00,M
BFF,2025-07-31 05:53,62.00,61.00,96.53,10.35,300.00,M
BFF,2025-07-31 06:53,63.00,62.00,96.54,13.80,300.00,M
BFF,2025-07-31 07:04,63.00,62.00,96.54,11.50,300.00,M
BFF,2025-07-31 07:53,64.00,63.00,96.56,10.35,400.00,M
BFF,2025-07-31 08:00,64.00,63.00,96.56,9.20,400.00,M
BFF,2025-07-31 08:53,65.00,62.00,90.02,9.20,500.00,M
BFF,2025-07-31 09:05,65.00,62.00,90.02,12.65,900.00,M
BFF,2025-07-31 09:53,65.00,63.00,93.24,11.50,700.00,M
BFF,2025-07-31 10:36,68.00,62.00,81.15,12.65,800.00,M
BFF,2025-07-31 10:45,68.00,62.00,81.15,11.50,1300.00,M
BFF,2025-07-31 10:53,68.00,62.00,81.15,11.50,1300.00,M
BFF,2025-07-31 11:53,69.00,61.00,75.69,11.50,2700.00,M
BFF,2025-07-31 12:18,71.00,61.00,70.70,12.65,2700.00,M
BFF,2025-07-31 12:53,72.00,60.00,65.96,14.95,3700.00,M
BFF,2025-07-31 13:53,76.00,60.00,57.69,18.40,3900.00,M
BFF,2025-07-31 14:53,79.00,59.00,50.42,18.40,3800.00,M
BFF,2025-07-31 15:53,77.00,62.00,59.91,17.25,4500.00,31.05
BFF,2025-07-31 16:53,77.00,62.00,59.91,18.40,6000.00,M
BFF,2025-07-31 17:53,77.00,62.00,59.91,13.80,6000.00,M
BFF,2025-07-31 18:53,74.00,61.00,63.90,10.35,5000.00,M
BFF,2025-07-31 19:12,73.00,63.00,70.91,13.80,5000.00,M
BFF,2025-07-31 19:27,71.00,63.00,75.87,12.65,6000.00,M
BFF,2025-07-31 19:34,71.00,63.00,75.87,8.05,6000.00,M
BFF,2025-07-31 20:02,64.00,59.00,83.80,11.50,4100.00,32.20
BFF,2025-07-31 20:25,63.00,60.00,89.94,10.35,4800.00,32.20
BFF,2025-07-31 20:32,64.00,58.00,80.85,6.90,7000.00,32.20
BFF,2025-07-31 20:46,64.00,60.00,86.84,9.20,6000.00,32.20
BFF,2025-07-31 20:53,64.00,60.00,86.84,10.35,6000.00,32.20
BFF,2025-07-31 21:53,64.00,59.00,83.80,6.90,M,M
BFF,2025-07-31 22:53,62.00,59.00,89.89,6.90,M,M
BFF,2025-07-31 23:53,63.00,58.00,83.73,8.05,M,M
BFF,2025-08-01 00:53,62.00,55.00,77.82,8.05,M,M
BFF,2025-08-01 01:53,60.00,55.00,83.54,4.60,M,M
BFF,2025-08-01 02:53,62.00,53.00,72.34,5.75,M,M
BFF,2025-08-01 03:53,57.00,54.00,89.68,6.90,M,M
BFF,2025-08-01 04:53,57.00,55.00,93.01,8.05,M,M
BFF,2025-08-01 05:53,57.00,54.00,89.68,6.90,M,M
BFF,2025-08-01 06:53,57.00,55.00,93.01,10.35,3800.00,M
BFF,2025-08-01 07:53,59.00,56.00,89.77,16.10,3300.00,M
BFF,2025-08-01 08:53,62.00,57.00,83.67,13.80,M,M
BFF,2025-08-01 09:53,65.00,58.00,78.08,13.80,M,M
BFF,2025-08-01 10:53,68.00,59.00,72.95,14.95,2900.00,M
BFF,2025-08-01 11:13,70.00,60.00,70.59,16.10,2900.00,M
BFF,2025-08-01 11:26,72.00,60.00,65.96,16.10,3000.00,M
BFF,2025-08-01 11:53,73.00,61.00,66.08,13.80,3100.00,M
BFF,2025-08-01 12:53,76.00,61.00,59.78,12.65,3500.00,M
BFF,2025-08-01 13:53,77.00,62.00,59.91,16.10,3500.00,M
BFF,2025-08-01 14:53,80.00,62.00,54.29,16.10,3700.00,M
BFF,2025-08-01 15:53,81.00,62.00,52.55,18.40,M,29.90
BFF,2025-08-01 16:53,78.00,64.00,62.18,18.40,M,31.05
BFF,2025-08-01 17:53,77.00,65.00,66.55,5.75,4300.00,M
BFF,2025-08-01 18:12,76.00,65.00,68.79,4.60,4300.00,M
BFF,2025-08-01 18:31,76.00,66.00,71.23,10.35,5000.00,M
BFF,2025-08-01 18:42,68.00,57.00,67.89,11.50,M,M
BFF,2025-08-01 18:48,66.20,57.20,72.76,M,M,M
BFF,2025-08-01 18:53,64.00,55.00,72.54,12.65,M,M
BFF,2025-08-01 19:00,62.00,55.00,77.82,18.40,M,M
BFF,2025-08-01 19:21,63.00,55.00,75.13,10.35,4600.00,M
BFF,2025-08-01 19:39,62.00,55.00,77.82,11.50,M,M
BFF,2025-08-01 19:53,63.00,54.00,72.44,10.35,M,M
BFF,2025-08-01 20:53,63.00,58.00,83.73,18.40,M,M
BFF,2025-08-01 21:34,64.00,59.00,83.80,14.95,1800.00,34.50
BFF,2025-08-01 21:53,65.00,60.00,83.86,12.65,M,34.50
BFF,2025-08-01 22:53,63.00,60.00,89.94,4.60,M,M
BFF,2025-08-01 23:53,62.00,58.00,86.73,0.00,M,M
BFF,2025-08-02 00:53,63.00,55.00,75.13,0.00,M,M
BFF,2025-08-02 01:53,59.00,58.00,96.48,4.60,M,M
BFF,2025-08-02 02:53,59.00,55.00,86.57,3.45,M,M
BFF,2025-08-02 03:53,57.00,54.00,89.68,0.00,M,M
BFF,2025-08-02 04:53,56.00,53.00,89.64,6.90,M,M
BFF,2025-08-02 05:53,55.00,53.00,92.95,6.90,M,M
BFF,2025-08-02 06:53,56.00,53.00,89.64,9.20,M,M
BFF,2025-08-02 07:53,57.00,54.00,89.68,11.50,M,M
BFF,2025-08-02 08:53,61.00,56.00,83.60,12.65,M,M
BFF,2025-08-02 09:53,64.00,57.00,77.99,12.65,M,M
BFF,2025-08-02 10:53,68.00,58.00,70.38,5.75,M,M
BFF,2025-08-02 11:53,71.00,59.00,65.84,4.60,M,M
BFF,2025-08-02 12:53,74.00,59.00,59.51,0.00,M,M
BFF,2025-08-02 13:53,77.00,61.00,57.83,3.45,M,M
BFF,2025-08-02 14:53,80.00,62.00,54.29,8.05,M,M
BFF,2025-08-02 15:53,82.00,60.00,47.39,9.20,M,M
BFF,2025-08-02 16:53,81.00,59.00,47.24,6.90,M,M
BFF,2025-08-02 17:53,82.00,50.00,32.94,M,11000.00,M
BFF,2025-08-02 18:34,78.00,47.00,33.54,12.65,M,31.05
BFF,2025-08-02 18:53,79.00,49.00,34.99,12.65,M,31.05
BFF,2025-08-02 19:53,76.00,49.00,38.63,11.50,M,M
BFF,2025-08-02 20:53,70.00,51.00,50.92,0.00,M,M
BFF,2025-08-02 21:53,68.00,53.00,58.70,12.65,M,M
BFF,2025-08-02 22:53,68.00,49.00,50.62,5.75,M,M
BFF,2025-08-02 23:53,61.00,54.00,77.73,0.00,M,M
BFF,2025-08-03 00:53,60.00,53.00,77.65,5.75,M,M
BFF,2025-08-03 01:53,59.00,52.00,77.56,4.60,M,M
BFF,2025-08-03 02:53,58.00,52.00,80.39,5.75,M,M
BFF,2025-08-03 03:53,56.00,52.00,86.40,0.00,M,M
BFF,2025-08-03 04:53,56.00,53.00,89.64,0.00,M,M
BFF,2025-08-03 05:53,54.00,52.00,92.92,4.60,M,M
BFF,2025-08-03 06:53,54.00,51.00,89.55,0.00,M,M
BFF,2025-08-03 07:53,56.00,54.00,92.98,6.90,M,M
BFF,2025-08-03 08:53,62.00,54.00,75.03,10.35,M,M
BFF,2025-08-03 09:53,65.00,54.00,67.55,11.50,M,M
BFF,2025-08-03 10:53,74.00,55.00,51.52,5.75,M,M
BFF,2025-08-03 11:53,78.00,55.00,45.11,3.45,M,M
BFF,2025-08-03 12:53,80.00,54.00,40.73,0.00,M,M
BFF,2025-08-03 13:53,82.00,55.00,39.59,0.00,M,M
BFF,2025-08-03 14:53,83.00,53.00,35.63,5.75,M,M
BFF,2025-08-03 15:53,85.00,52.00,32.20,5.75,M,M
BFF,2025-08-03 16:53,86.00,49.00,27.91,5.75,M,M
BFF,2025-08-03 17:53,86.00,50.00,28.97,8.05,M,M
BFF,2025-08-03 18:20,86.00,50.00,28.97,6.90,M,M
BFF,2025-08-03 18:35,85.00,51.00,31.04,5.75,11000.00,M
BFF,2025-08-03 18:53,82.00,54.00,38.17,10.35,M,M
BFF,2025-08-03 19:53,80.00,56.00,43.81,5.75,M,M
BFF,2025-08-03 20:53,75.00,53.00,46.31,13.80,M,M
BFF,2025-08-03 21:53,71.00,55.00,57.00,12.65,M,M
BFF,2025-08-03 22:53,66.00,56.00,70.16,8.05,M,M
BFF,2025-08-03 23:53,63.00,56.00,77.91,9.20,M,M
BFF,2025-08-04 00:53,61.00,56.00,83.60,6.90,M,M
BFF,2025-08-04 01:53,60.00,55.00,83.54,6.90,M,M
BFF,2025-08-04 02:53,60.00,54.00,80.54,6.90,M,M
BFF,2025-08-04 03:53,58.00,54.00,86.51,8.05,M,M
BFF,2025-08-04 04:53,59.00,55.00,86.57,8.05,M,M
BFF,2025-08-04 05:53,59.00,56.00,89.77,9.20,M,M
BFF,2025-08-04 06:53,59.00,57.00,93.07,9.20,M,M
BFF,2025-08-04 07:53,64.00,59.00,83.80,6.90,M,M
BFF,2025-08-04 08:53,65.00,60.00,83.86,6.90,M,M
BFF,2025-08-04 09:53,68.00,59.00,72.95,5.75,M,M
BFF,2025-08-04 10:53,74.00,58.00,57.42,13.80,M,M
BFF,2025-08-04 11:53,77.00,59.00,53.86,14.95,M,M
BFF,2025-08-04 12:53,81.00,62.00,52.55,13.80,M,M
BFF,2025-08-04 13:53,86.00,62.00,44.74,18.40,M,M
BFF,2025-08-04 14:38,91.00,51.00,25.68,14.95,M,M
BFF,2025-08-04 14:53,91.00,50.00,24.75,14.95,M,M
BFF,2025-08-04 15:53,91.00,55.00,29.74,17.25,M,M
BFF,2025-08-04 16:53,91.00,54.00,28.68,20.70,M,M
BFF,2025-08-04 17:53,88.00,56.00,33.89,20.70,M,29.90
BFF,2025-08-04 18:53,84.00,58.00,41.36,11.50,M,M
BFF,2025-08-04 19:53,80.00,50.00,35.15,32.20,4100.00,54.05
BFF,2025-08-04 20:00,80.00,55.00,42.25,M,4300.00,33.35
BFF,2025-08-04 20:53,77.00,51.00,40.26,13.80,M,33.35
BFF,2025-08-04 21:53,75.00,64.00,68.68,19.55,M,32.20
BFF,2025-08-04 22:53,73.00,64.00,73.44,18.40,M,32.20
BFF,2025-08-04 23:53,71.00,63.00,75.87,16.10,M,29.90
BFF,2025-08-05 00:53,70.00,63.00,78.49,14.95,M,M
BFF,2025-08-05 01:53,68.00,63.00,84.05,20.70,M,M
BFF,2025-08-05 02:53,68.00,59.00,72.95,12.65,M,M
BFF,2025-08-05 03:53,66.00,56.00,70.16,11.50,M,M
BFF,2025-08-05 04:53,63.00,53.00,69.83,13.80,M,M
BFF,2025-08-05 05:53,62.00,53.00,72.34,13.80,M,M
BFF,2025-08-05 06:53,61.00,53.00,74.94,13.80,M,M
BFF,2025-08-05 07:53,60.00,55.00,83.54,8.05,M,M
BFF,2025-08-05 08:53,65.00,56.00,72.64,9.20,M,M
BFF,2025-08-05 09:53,70.00,58.00,65.72,8.05,M,M
BFF,2025-08-05 10:53,74.00,59.00,59.51,5.75,M,M
BFF,2025-08-05 11:53,79.00,57.00,46.93,4.60,M,M
BFF,2025-08-05 12:53,82.00,58.00,44.12,3.45,M,M
BFF,2025-08-05 13:53,86.00,55.00,34.82,4.60,M,M
BFF,2025-08-05 14:53,89.00,56.00,32.83,4.60,M,M
BFF,2025-08-05 15:53,92.00,48.00,22.26,4.60,M,M
BFF,2025-08-05 16:53,92.00,47.00,21.44,5.75,M,M
BFF,2025-08-05 17:53,93.00,48.00,21.58,6.90,M,M
BFF,2025-08-05 18:53,91.00,56.00,30.84,8.05,M,M
BFF,2025-08-05 19:53,88.00,55.00,32.68,8.05,M,M
BFF,2025-08-05 20:53,78.00,62.00,57.97,4.60,M,M
BFF,2025-08-05 21:53,73.00,62.00,68.46,4.60,M,M
BFF,2025-08-05 22:53,74.00,60.00,61.67,9.20,M,M
BFF,2025-08-05 23:53,69.00,62.00,78.41,6.90,M,M
BFF,2025-08-06 00:53,69.00,62.00,78.41,10.35,M,M
BFF,2025-08-06 01:53,66.00,61.00,83.93,11.50,M,M
BFF,2025-08-06 02:53,66.00,62.00,86.95,12.65,M,M
BFF,2025-08-06 03:53,65.00,62.00,90.02,3.45,M,M
BFF,2025-08-06 04:53,65.00,62.00,90.02,3.45,M,M
BFF,2025-08-06 05:40,66.00,64.00,93.27,4.60,1000.00,M
BFF,2025-08-06 05:53,67.00,64.00,90.10,4.60,900.00,M
BFF,2025-08-06 06:04,67.00,64.00,90.10,8.05,1000.00,M
BFF,2025-08-06 06:53,66.00,64.00,93.27,5.75,1100.00,M
BFF,2025-08-06 07:53,65.00,63.00,93.24,4.60,M,M
BFF,2025-08-06 08:53,70.00,65.00,84.18,8.05,M,M
BFF,2025-08-06 09:53,73.00,65.00,76.05,9.20,M,M
BFF,2025-08-06 10:53,76.00,65.00,68.79,9.20,2300.00,M
BFF,2025-08-06 11:02,76.00,65.00,68.79,8.05,2400.00,M
BFF,2025-08-06 11:33,78.00,66.00,66.67,4.60,2500.00,M
BFF,2025-08-06 11:53,80.00,66.00,62.44,3.45,M,M
BFF,2025-08-06 12:53,82.00,67.00,60.57,6.90,2900.00,M
BFF,2025-08-06 13:53,84.00,65.00,52.98,3.45,M,M
BFF,2025-08-06 14:53,87.00,63.00,44.89,6.90,M,M
BFF,2025-08-06 15:53,89.00,64.00,43.65,6.90,M,M
BFF,2025-08-06 16:53,90.00,64.00,42.30,11.50,M,M
BFF,2025-08-06 17:53,90.00,65.00,43.80,12.65,M,M
BFF,2025-08-06 18:53,88.00,66.00,48.30,13.80,M,M
BFF,2025-08-06 19:53,85.00,65.00,51.31,13.80,M,M
BFF,2025-08-06 20:53,80.00,65.00,60.30,9.20,M,M
BFF,2025-08-06 21:53,76.00,67.00,73.73,11.50,M,M
BFF,2025-08-06 22:53,72.00,67.00,84.30,10.35,M,M
BFF,2025-08-06 23:53,70.00,67.00,90.22,10.35,M,M
BFF,2025-08-07 00:53,69.00,67.00,93.36,10.35,M,M
BFF,2025-08-07 01:53,69.00,67.00,93.36,10.35,M,M
BFF,2025-08-07 02:53,69.00,68.00,96.63,16.10,M,M
BFF,2025-08-07 03:53,68.00,67.00,96.61,10.35,M,M
BFF,2025-08-07 04:53,67.00,66.00,96.60,5.75,M,M
BFF,2025-08-07 05:53,65.00,65.00,100.00,8.05,M,M
BFF,2025-08-07 06:06,65.00,64.00,96.57,9.20,300.00,M
BFF,2025-08-07 06:17,65.00,65.00,100.00,11.50,300.00,M
BFF,2025-08-07 06:24,66.00,65.00,96.59,11.50,200.00,M
BFF,2025-08-07 06:29,66.00,65.00,96.59,11.50,100.00,M
BFF,2025-08-07 06:53,66.00,66.00,100.00,11.50,100.00,M
BFF,2025-08-07 07:15,66.00,66.00,100.00,11.50,100.00,M
BFF,2025-08-07 07:53,66.00,66.00,100.00,6.90,100.00,M
BFF,2025-08-07 08:33,66.00,66.00,100.00,9.20,100.00,M
BFF,2025-08-07 08:48,66.20,66.20,100.00,8.05,200.00,M
BFF,2025-08-07 08:53,66.00,66.00,100.00,6.90,200.00,M
BFF,2025-08-07 09:08,66.00,66.00,100.00,8.05,200.00,M
BFF,2025-08-07 09:26,67.00,66.00,96.60,5.75,200.00,M
BFF,2025-08-07 09:35,67.00,66.00,96.60,5.75,200.00,M
BFF,2025-08-07 09:53,68.00,66.00,93.33,4.60,300.00,M
BFF,2025-08-07 10:14,69.00,66.00,90.18,8.05,400.00,M
BFF,2025-08-07 10:53,75.00,67.00,76.23,5.75,M,M
BFF,2025-08-07 11:53,81.00,63.00,54.43,6.90,M,M
BFF,2025-08-07 12:53,87.00,63.00,44.89,3.45,M,M
BFF,2025-08-07 13:53,94.00,57.00,29.14,0.00,M,M
BFF,2025-08-07 14:53,94.00,61.00,33.62,4.60,M,M
BFF,2025-08-07 15:53,98.00,49.00,19.23,5.75,M,M
BFF,2025-08-07 16:53,99.00,41.00,13.76,0.00,M,M
BFF,2025-08-07 17:53,97.00,45.00,17.05,3.45,M,M
BFF,2025-08-07 18:53,96.00,48.00,19.68,5.75,M,M
BFF,2025-08-07 19:53,91.00,60.00,35.61,6.90,M,M
BFF,2025-08-07 20:53,88.00,49.00,26.19,3.45,M,M
BFF,2025-08-07 21:53,81.00,45.00,28.19,6.90,M,M
BFF,2025-08-07 22:53,79.00,46.00,31.26,5.75,M,M
BFF,2025-08-07 23:53,72.00,53.00,51.22,3.45,M,M
BFF,2025-08-08 00:53,76.00,45.00,33.22,0.00,M,M
BFF,2025-08-08 01:53,69.00,51.00,52.69,9.20,M,M
BFF,2025-08-08 02:53,68.00,58.00,70.38,8.05,M,M
BFF,2025-08-08 03:53,65.00,56.00,72.64,0.00,M,M
BFF,2025-08-08 04:53,61.00,56.00,83.60,3.45,M,M
BFF,2025-08-08 05:53,58.00,54.00,86.51,3.45,M,M
BFF,2025-08-08 06:53,58.00,54.00,86.51,3.45,M,M
BFF,2025-08-08 07:53,66.00,51.00,58.42,12.65,M,M
BFF,2025-08-08 08:53,69.00,55.00,61.02,8.05,M,M
BFF,2025-08-08 09:53,69.00,57.00,65.60,12.65,M,M
BFF,2025-08-08 10:53,74.00,55.00,51.52,11.50,M,M
BFF,2025-08-08 11:53,76.00,56.00,49.97,11.50,M,M
BFF,2025-08-08 12:53,78.00,57.00,48.50,10.35,M,M
BFF,2025-08-08 13:53,76.00,55.00,48.19,9.20,M,M
BFF,2025-08-08 14:53,81.00,56.00,42.40,5.75,M,M
BFF,2025-08-08 15:53,88.00,51.00,28.22,10.35,M,M
BFF,2025-08-08 16:53,87.00,53.00,31.35,11.50,M,M
BFF,2025-08-08 17:53,90.00,48.00,23.69,12.65,M,M
BFF,2025-08-08 18:53,81.00,52.00,36.64,18.40,M,M
BFF,2025-08-08 19:53,79.00,50.00,36.32,8.05,M,M
BFF,2025-08-08 20:53,75.00,52.00,44.64,5.75,M,M
BFF,2025-08-08 21:53,73.00,53.00,49.52,8.05,M,M
BFF,2025-08-08 22:53,72.00,53.00,51.22,9.20,11000.00,M
BFF,2025-08-08 23:53,73.00,54.00,51.37,0.00,6500.00,M
BFF,2025-08-09 00:53,72.00,55.00,55.10,9.20,12000.00,M
BFF,2025-08-09 01:53,70.00,56.00,61.15,5.75,9500.00,M
BFF,2025-08-09 02:53,68.00,57.00,67.89,10.35,11000.00,M
BFF,2025-08-09 03:53,67.00,57.00,70.27,6.90,M,M
BFF,2025-08-09 04:53,64.00,51.00,62.64,8.05,M,M
BFF,2025-08-09 05:53,61.00,51.00,69.61,4.60,5000.00,M
BFF,2025-08-09 06:53,62.00,50.00,64.75,6.90,5000.00,M
BFF,2025-08-09 07:53,63.00,51.00,64.87,5.75,4200.00,M
BFF,2025-08-09 08:53,64.00,50.00,60.35,11.50,9000.00,M
BFF,2025-08-09 09:53,65.00,51.00,60.49,11.50,9500.00,M
BFF,2025-08-09 10:53,70.00,53.00,54.81,11.50,9500.00,M
BFF,2025-08-09 11:53,74.00,54.00,49.67,4.60,9500.00,M
BFF,2025-08-09 12:53,76.00,52.00,43.18,3.45,M,M
BFF,2025-08-09 13:53,80.00,49.00,33.86,6.90,M,M
BFF,2025-08-09 14:53,84.00,45.00,25.59,8.05,M,M
BFF,2025-08-09 15:53,84.00,40.00,21.11,8.05,M,M
BFF,2025-08-09 16:53,82.00,38.00,20.82,4.60,M,M
BFF,2025-08-09 17:53,87.00,35.00,15.76,8.05,M,M
BFF,2025-08-09 18:53,86.00,33.00,15.02,9.20,M,M
BFF,2025-08-09 19:53,83.00,36.00,18.63,6.90,M,M
BFF,2025-08-09 20:53,73.00,46.00,38.15,0.00,M,M
BFF,2025-08-09 21:53,68.00,52.00,56.58,9.20,M,M
BFF,2025-08-09 22:53,67.00,53.00,60.75,5.75,M,M
BFF,2025-08-09 23:53,65.00,53.00,65.12,11.50,M,M
BFF,2025-08-10 00:53,62.00,55.00,77.82,8.05,M,M
BFF,2025-08-10 01:53,61.00,55.00,80.62,0.00,M,M
BFF,2025-08-10 02:53,60.00,55.00,83.54,6.90,M,M
BFF,2025-08-10 03:53,59.00,56.00,89.77,0.00,2600.00,M
BFF,2025-08-10 04:07,59.00,55.00,86.57,3.45,2600.00,M
BFF,2025-08-10 04:51,57.20,55.40,93.70,0.00,2800.00,M
BFF,2025-08-10 04:53,58.00,55.00,89.73,0.00,2800.00,M
BFF,2025-08-10 05:45,60.00,54.00,80.54,5.75,2700.00,M
BFF,2025-08-10 05:53,60.00,53.00,77.65,4.60,2700.00,M
BFF,2025-08-10 06:03,60.00,54.00,80.54,3.45,2600.00,M
BFF,2025-08-10 06:53,61.00,52.00,72.23,0.00,2800.00,M
BFF,2025-08-10 07:09,60.00,54.00,80.54,5.75,3000.00,M
BFF,2025-08-10 07:21,61.00,54.00,77.73,0.00,3100.00,M
BFF,2025-08-10 07:32,61.00,52.00,72.23,8.05,3100.00,M
BFF,2025-08-10 07:53,62.00,50.00,64.75,10.35,3500.00,M
BFF,2025-08-10 08:30,63.00,50.00,62.51,13.80,M,M
BFF,2025-08-10 08:53,64.00,50.00,60.35,3.45,9500.00,M
BFF,2025-08-10 09:53,64.00,50.00,60.35,4.60,8000.00,M
BFF,2025-08-10 10:53,69.00,51.00,52.69,4.60,8000.00,M
BFF,2025-08-10 11:53,71.00,51.00,49.22,0.00,9500.00,M
BFF,2025-08-10 12:53,76.00,46.00,34.51,5.75,M,M
BFF,2025-08-10 13:53,77.00,43.00,29.78,6.90,8000.00,M
BFF,2025-08-10 14:53,78.00,44.00,29.93,5.75,11000.00,M
BFF,2025-08-10 15:53,81.00,44.00,27.13,4.60,M,M
BFF,2025-08-10 16:53,81.00,45.00,28.19,6.90,M,M
BFF,2025-08-10 17:53,79.00,46.00,31.26,6.90,M,M
BFF,2025-08-10 18:53,77.00,50.00,38.79,4.60,11000.00,M
BFF,2025-08-10 19:53,71.00,50.00,47.42,13.80,6000.00,M
BFF,2025-08-10 20:09,62.00,54.00,75.03,13.80,6000.00,29.90
BFF,2025-08-10 20:35,63.00,55.00,75.13,9.20,9500.00,29.90
BFF,2025-08-10 20:53,61.00,56.00,83.60,17.25,9000.00,29.90
BFF,2025-08-10 21:53,61.00,54.00,77.73,6.90,M,M
BFF,2025-08-10 22:53,58.00,56.00,93.04,4.60,M,M
BFF,2025-08-10 23:53,56.00,54.00,92.98,6.90,M,M
BFF,2025-08-11 00:53,55.00,53.00,92.95,6.90,M,M
BFF,2025-08-11 01:53,53.00,52.00,96.39,5.75,M,M
BFF,2025-08-11 02:53,51.00,51.00,100.00,0.00,M,M
BFF,2025-08-11 03:53,52.00,51.00,96.37,0.00,M,M
BFF,2025-08-11 04:53,52.00,50.00,92.86,0.00,M,M
BFF,2025-08-11 05:53,49.00,48.00,96.32,0.00,M,M
BFF,2025-08-11 06:53,49.00,49.00,100.00,4.60,M,M
BFF,2025-08-11 07:53,52.00,51.00,96.37,0.00,M,M
BFF,2025-08-11 08:53,58.00,53.00,83.40,3.45,M,M
BFF,2025-08-11 09:53,63.00,53.00,69.83,0.00,M,M
BFF,2025-08-11 10:53,69.00,54.00,58.83,6.90,M,M
BFF,2025-08-11 11:53,73.00,54.00,51.37,6.90,M,M
BFF,2025-08-11 12:53,77.00,49.00,37.37,10.35,M,M
BFF,2025-08-11 13:53,80.00,45.00,29.12,0.00,M,M
BFF,2025-08-11 14:53,84.00,46.00,26.58,5.75,M,M
BFF,2025-08-11 15:53,83.00,45.00,26.42,M,10000.00,M
BFF,2025-08-11 16:53,83.00,46.00,27.44,6.90,11000.00,M
BFF,2025-08-11 17:53,85.00,44.00,23.85,0.00,M,M
BFF,2025-08-11 18:53,84.00,45.00,25.59,5.75,M,M
BFF,2025-08-11 19:53,79.00,51.00,37.69,5.75,M,M
BFF,2025-08-11 20:53,76.00,51.00,41.61,3.45,M,M
BFF,2025-08-11 21:53,68.00,55.00,63.15,4.60,12000.00,M
BFF,2025-08-11 22:53,67.00,57.00,70.27,3.45,11000.00,M
BFF,2025-08-11 23:53,71.00,52.00,51.07,10.35,12000.00,M
BFF,2025-08-12 00:53,71.00,51.00,49.22,13.80,11000.00,M
BFF,2025-08-12 01:53,71.00,52.00,51.07,12.65,11000.00,M
BFF,2025-08-12 02:53,68.00,53.00,58.70,0.00,11000.00,M
BFF,2025-08-12 03:53,66.00,53.00,62.89,3.45,M,M
BFF,2025-08-12 04:53,64.00,53.00,67.43,5.75,M,M
BFF,2025-08-12 05:53,61.00,53.00,74.94,3.45,M,M
BFF,2025-08-12 06:53,58.00,53.00,83.40,5.75,M,M
BFF,2025-08-12 07:53,60.00,54.00,80.54,5.75,M,M
BFF,2025-08-12 08:53,67.00,54.00,63.02,4.60,M,M
BFF,2025-08-12 09:53,71.00,54.00,54.96,6.90,M,M
BFF,2025-08-12 10:53,74.00,53.00,47.89,3.45,M,M
BFF,2025-08-12 11:53,77.00,51.00,40.26,4.60,12000.00,M
BFF,2025-08-12 12:53,80.00,50.00,35.15,4.60,12000.00,M
BFF,2025-08-12 13:53,81.00,52.00,36.64,M,M,M
BFF,2025-08-12 14:53,84.00,51.00,32.05,6.90,M,M
BFF,2025-08-12 15:53,85.00,48.00,27.75,9.20,M,M
BFF,2025-08-12 16:53,86.00,51.00,30.06,10.35,M,M
BFF,2025-08-12 17:53,86.00,51.00,30.06,11.50,M,M
BFF,2025-08-12 18:53,85.00,51.00,31.04,12.65,M,M
BFF,2025-08-12 19:53,81.00,55.00,40.89,11.50,M,M
BFF,2025-08-12 20:53,75.00,56.00,51.67,8.05,M,M
BFF,2025-08-12 21:53,71.00,57.00,61.28,9.20,M,M
BFF,2025-08-12 22:53,69.00,58.00,68.01,9.20,M,M
BFF,2025-08-12 23:53,68.00,58.00,70.38,8.05,M,M
BFF,2025-08-13 00:22,67.00,58.00,72.85,9.20,M,M
BFF,2025-08-13 00:37,66.00,58.00,75.41,9.20,M,M
BFF,2025-08-13 00:53,65.00,58.00,78.08,9.20,M,M
BFF,2025-08-13 01:53,65.00,58.00,78.08,11.50,M,M
BFF,2025-08-13 02:53,64.00,59.00,83.80,11.50,M,M
BFF,2025-08-13 03:53,65.00,58.00,78.08,9.20,M,M
BFF,2025-08-13 04:53,64.00,58.00,80.85,11.50,M,M
BFF,2025-08-13 05:53,62.00,57.00,83.67,8.05,M,M
BFF,2025-08-13 06:53,61.00,57.00,86.68,9.20,M,M
BFF,2025-08-13 07:53,62.00,57.00,83.67,11.50,M,M
BFF,2025-08-13 08:53,67.00,58.00,72.85,8.05,M,M
BFF,2025-08-13 09:53,72.00,58.00,61.41,9.20,M,M
BFF,2025-08-13 10:53,77.00,56.00,48.35,8.05,M,M
BFF,2025-08-13 11:53,81.00,54.00,39.43,M,M,M
BFF,2025-08-13 12:53,87.00,52.00,30.22,4.60,M,M
BFF,2025-08-13 13:53,89.00,51.00,27.34,4.60,M,M
BFF,2025-08-13 14:53,92.00,51.00,24.90,4.60,M,M
BFF,2025-08-13 15:53,96.00,46.00,18.25,3.45,M,M
BFF,2025-08-13 16:53,97.00,49.00,19.82,6.90,M,M
BFF,2025-08-13 17:53,97.00,43.00,15.79,5.75,M,M
BFF,2025-08-13 18:53,95.00,49.00,21.07,9.20,M,M
BFF,2025-08-13 19:53,92.00,50.00,23.99,5.75,M,M
BFF,2025-08-13 20:53,83.00,47.00,28.50,10.35,M,M
BFF,2025-08-13 21:53,78.00,49.00,36.16,12.65,M,M
BFF,2025-08-13 22:53,75.00,52.00,44.64,12.65,M,M
BFF,2025-08-13 23:53,70.00,53.00,54.81,0.00,M,M
BFF,2025-08-14 00:53,68.00,55.00,63.15,8.05,M,M
BFF,2025-08-14 01:53,65.00,55.00,70.05,5.75,M,M
BFF,2025-08-14 02:53,62.00,56.00,80.70,8.05,M,M
BFF,2025-08-14 03:53,60.00,55.00,83.54,6.90,M,M
BFF,2025-08-14 04:53,59.00,55.00,86.57,4.60,M,M
BFF,2025-08-14 05:53,58.00,54.00,86.51,3.45,M,M
BFF,2025-08-14 06:53,56.00,53.00,89.64,3.45,M,M
BFF,2025-08-14 07:53,60.00,53.00,77.65,5.75,M,M
BFF,2025-08-14 08:53,65.00,54.00,67.55,9.20,M,M
BFF,2025-08-14 09:53,72.00,55.00,55.10,8.05,M,M
BFF,2025-08-14 10:53,79.00,52.00,39.11,10.35,M,M
BFF,2025-08-14 11:53,85.00,50.00,29.91,6.90,M,M
BFF,2025-08-14 12:53,90.00,50.00,25.53,8.05,M,M
BFF,2025-08-14 13:53,93.00,49.00,22.41,5.75,M,M
BFF,2025-08-14 14:53,99.00,39.00,12.73,9.20,M,M
BFF,2025-08-14 15:53,100.00,41.00,13.35,M,M,M
BFF,2025-08-14 16:53,100.00,38.00,11.88,4.60,M,M
BFF,2025-08-14 17:53,97.00,44.00,16.41,8.05,M,M
BFF,2025-08-14 18:53,93.00,48.00,21.58,8.05,M,M
BFF,2025-08-14 19:41,93.00,38.00,14.70,27.60,10000.00,50.60
BFF,2025-08-14 19:53,91.00,40.00,16.92,18.40,10000.00,50.60
BFF,2025-08-14 20:53,83.00,45.00,26.42,8.05,M,32.20
BFF,2025-08-14 21:53,78.00,46.00,32.30,0.00,M,M
BFF,2025-08-14 22:53,82.00,47.00,29.44,6.90,M,M
BFF,2025-08-14 23:53,80.00,48.00,32.62,4.60,M,M
BFF,2025-08-15 00:53,74.00,49.00,41.29,0.00,M,M
BFF,2025-08-15 03:53,67.00,53.00,60.75,0.00,M,M
BFF,2025-08-15 04:53,67.00,53.00,60.75,5.75,M,M
BFF,2025-08-15 05:53,67.00,51.00,56.44,8.05,M,M
BFF,2025-08-15 06:53,63.00,53.00,69.83,6.90,M,M
BFF,2025-08-15 07:53,63.00,54.00,72.44,0.00,M,M
BFF,2025-08-15 08:53,70.00,54.00,56.86,5.75,M,M
BFF,2025-08-15 09:53,75.00,54.00,48.04,9.20,M,M
BFF,2025-08-15 10:53,79.00,54.00,42.09,4.60,M,M
BFF,2025-08-15 11:53,83.00,53.00,35.63,6.90,M,M
BFF,2025-08-15 12:53,84.00,54.00,35.79,9.20,M,M
BFF,2025-08-15 13:53,87.00,54.00,32.52,9.20,M,M
BFF,2025-08-15 14:53,92.00,51.00,24.90,6.90,M,M
BFF,2025-08-15 15:53,92.00,51.00,24.90,8.05,M,M
BFF,2025-08-15 16:53,94.00,53.00,25.19,6.90,M,M
BFF,2025-08-15 17:53,91.00,54.00,28.68,6.90,M,M
BFF,2025-08-15 18:53,88.00,59.00,37.75,4.60,M,M
BFF,2025-08-15 19:53,86.00,63.00,46.34,5.75,M,M
BFF,2025-08-15 20:53,83.00,52.00,34.34,3.45,M,M
BFF,2025-08-15 21:49,82.40,53.60,37.13,13.80,7500.00,M
BFF,2025-08-15 21:53,82.00,54.00,38.17,12.65,7500.00,M
BFF,2025-08-15 22:02,82.00,52.00,35.47,12.65,M,M
BFF,2025-08-15 22:19,81.00,51.00,35.31,4.60,9000.00,M
BFF,2025-08-15 22:53,80.00,51.00,36.48,6.90,9500.00,M
BFF,2025-08-15 23:53,74.00,56.00,53.42,8.05,M,M
BFF,2025-08-16 00:53,73.00,56.00,55.24,4.60,M,M
BFF,2025-08-16 01:53,71.00,56.00,59.11,0.00,M,M
BFF,2025-08-16 02:53,65.00,57.00,75.32,3.45,M,M
BFF,2025-08-16 03:53,64.00,56.00,75.22,6.90,M,M
BFF,2025-08-16 04:53,63.00,55.00,75.13,5.75,M,M
BFF,2025-08-16 05:53,61.00,56.00,83.60,0.00,M,M
BFF,2025-08-16 06:53,62.00,55.00,77.82,9.20,M,M
BFF,2025-08-16 07:53,64.00,55.00,72.54,6.90,M,M
BFF,2025-08-16 08:53,68.00,56.00,65.48,9.20,M,M
BFF,2025-08-16 09:53,75.00,57.00,53.57,6.90,M,M
BFF,2025-08-16 10:53,80.00,54.00,40.73,8.05,M,M
BFF,2025-08-16 11:53,84.00,56.00,38.49,8.05,M,M
BFF,2025-08-16 12:53,89.00,56.00,32.83,10.35,M,M
BFF,2025-08-16 13:53,91.00,54.00,28.68,9.20,M,M
BFF,2025-08-16 14:53,94.00,51.00,23.40,8.05,M,M
BFF,2025-08-16 15:53,94.00,51.00,23.40,11.50,M,M
BFF,2025-08-16 16:53,94.00,50.00,22.55,10.35,M,M
BFF,2025-08-16 17:53,93.00,49.00,22.41,9.20,M,M
BFF,2025-08-16 18:53,89.00,52.00,28.37,5.75,M,M
BFF,2025-08-16 19:53,84.00,53.00,34.50,5.75,M,M
BFF,2025-08-16 20:53,82.00,54.00,38.17,4.60,M,M
BFF,2025-08-16 21:53,77.00,56.00,48.35,5.75,12000.00,M
BFF,2025-08-16 22:53,74.00,54.00,49.67,0.00,M,M
BFF,2025-08-16 23:53,73.00,55.00,53.28,0.00,M,M
BFF,2025-08-17 00:53,68.00,57.00,67.89,3.45,12000.00,M
BFF,2025-08-17 01:53,71.00,56.00,59.11,4.60,M,M
BFF,2025-08-17 02:53,68.00,55.00,63.15,5.75,M,M
BFF,2025-08-17 03:53,68.00,50.00,52.54,8.05,M,M
BFF,2025-08-17 04:53,67.00,51.00,56.44,6.90,M,M
BFF,2025-08-17 05:53,66.00,53.00,62.89,9.20,M,M
BFF,2025-08-17 06:53,64.00,52.00,64.99,5.75,M,M
BFF,2025-08-17 07:53,63.00,54.00,72.44,4.60,M,M
BFF,2025-08-17 08:53,71.00,55.00,57.00,6.90,M,M
BFF,2025-08-17 09:53,74.00,59.00,59.51,5.75,M,M
BFF,2025-08-17 10:53,79.00,62.00,56.09,8.05,M,M
BFF,2025-08-17 11:53,83.00,56.00,39.74,6.90,M,M
BFF,2025-08-17 12:53,86.00,55.00,34.82,8.05,M,M
BFF,2025-08-17 13:53,89.00,51.00,27.34,8.05,M,M
BFF,2025-08-17 14:53,91.00,45.00,20.50,8.05,M,M
BFF,2025-08-17 15:53,94.00,43.00,17.31,5.75,M,M
BFF,2025-08-17 16:53,91.00,44.00,19.74,0.00,M,M
BFF,2025-08-17 17:33,89.00,49.00,25.38,13.80,M,M
BFF,2025-08-17 17:53,90.00,48.00,23.69,10.35,M,M
BFF,2025-08-17 18:53,91.00,50.00,24.75,6.90,M,M
BFF,2025-08-17 19:53,89.00,46.00,22.67,6.90,M,M
BFF,2025-08-17 20:53,77.00,51.00,40.26,13.80,M,M
BFF,2025-08-17 21:53,73.00,54.00,51.37,13.80,M,M
BFF,2025-08-17 22:53,69.00,55.00,61.02,4.60,M,M
BFF,2025-08-17 23:53,65.00,55.00,70.05,3.45,M,M
BFF,2025-08-18 00:53,63.00,57.00,80.77,0.00,M,M
BFF,2025-08-18 01:53,61.00,56.00,83.60,4.60,M,M
BFF,2025-08-18 02:53,61.00,55.00,80.62,6.90,M,M
BFF,2025-08-18 03:53,60.00,56.00,86.62,4.60,M,M
BFF,2025-08-18 04:53,57.00,54.00,89.68,4.60,M,M
BFF,2025-08-18 05:53,58.00,54.00,86.51,8.05,M,M
BFF,2025-08-18 06:53,56.00,54.00,92.98,5.75,M,M
BFF,2025-08-18 07:53,57.00,53.00,86.46,6.90,M,M
BFF,2025-08-18 08:53,64.00,54.00,69.94,5.75,M,M
BFF,2025-08-18 09:53,70.00,54.00,56.86,3.45,M,M
BFF,2025-08-18 10:53,76.00,54.00,46.47,5.75,M,M
BFF,2025-08-18 11:53,80.00,56.00,43.81,6.90,M,M
BFF,2025-08-18 12:53,87.00,50.00,28.06,4.60,M,M
BFF,2025-08-18 13:53,88.00,51.00,28.22,3.45,M,M
BFF,2025-08-18 14:53,92.00,52.00,25.83,5.75,M,M
BFF,2025-08-18 15:53,92.00,50.00,23.99,8.05,M,M
BFF,2025-08-18 16:53,92.00,58.00,32.13,12.65,M,M
BFF,2025-08-18 17:04,90.00,58.00,34.20,12.65,M,M
BFF,2025-08-18 17:19,89.00,54.00,30.53,11.50,M,M
BFF,2025-08-18 17:44,84.00,51.00,32.05,20.70,M,32.20
BFF,2025-08-18 17:53,82.00,49.00,31.73,16.10,M,32.20
BFF,2025-08-18 18:53,88.00,47.00,24.30,6.90,M,M
BFF,2025-08-18 19:53,83.00,51.00,33.09,10.35,M,M
BFF,2025-08-18 20:53,74.00,55.00,51.52,8.05,M,M
BFF,2025-08-18 21:53,73.00,54.00,51.37,9.20,M,M
BFF,2025-08-18 22:53,73.00,55.00,53.28,9.20,M,M
BFF,2025-08-18 23:53,71.00,53.00,52.98,5.75,M,M
BFF,2025-08-19 00:53,65.00,55.00,70.05,3.45,M,M
BFF,2025-08-19 01:53,64.00,55.00,72.54,6.90,M,M
BFF,2025-08-19 02:53,61.00,54.00,77.73,4.60,M,M
BFF,2025-08-19 03:53,59.00,54.00,83.47,3.45,M,M
BFF,2025-08-19 04:53,59.00,54.00,83.47,8.05,M,M
BFF,2025-08-19 05:53,59.00,54.00,83.47,0.00,M,M
BFF,2025-08-19 06:53,57.00,53.00,86.46,8.05,M,M
BFF,2025-08-19 07:53,57.00,53.00,86.46,3.45,M,M
BFF,2025-08-19 08:53,63.00,56.00,77.91,6.90,M,M
BFF,2025-08-19 09:53,70.00,57.00,63.40,5.75,M,M
BFF,2025-08-19 10:53,75.00,58.00,55.53,6.90,M,M
BFF,2025-08-19 11:53,81.00,56.00,42.40,11.50,M,M
BFF,2025-08-19 12:53,86.00,57.00,37.43,11.50,M,M
BFF,2025-08-19 13:53,91.00,55.00,29.74,12.65,M,M
BFF,2025-08-19 14:53,93.00,49.00,22.41,16.10,M,M
BFF,2025-08-19 15:53,94.00,52.00,24.28,17.25,M,M
BFF,2025-08-19 16:53,94.00,49.00,21.72,14.95,M,M
BFF,2025-08-19 17:53,94.00,50.00,22.55,16.10,M,M
BFF,2025-08-19 18:53,92.00,50.00,23.99,11.50,M,M
BFF,2025-08-19 19:53,85.00,59.00,41.52,9.20,M,M
BFF,2025-08-19 20:53,77.00,61.00,57.83,8.05,M,M
BFF,2025-08-19 21:53,73.00,59.00,61.54,5.75,M,M
BFF,2025-08-19 22:53,69.00,59.00,70.49,5.75,M,M
BFF,2025-08-19 23:53,67.00,58.00,72.85,8.05,M,M
BFF,2025-08-20 00:53,67.00,58.00,72.85,4.60,M,M
BFF,2025-08-20 01:53,67.00,58.00,72.85,4.60,M,M
BFF,2025-08-20 02:53,64.00,57.00,77.99,6.90,M,M
BFF,2025-08-20 03:53,63.00,57.00,80.77,4.60,M,M
BFF,2025-08-20 04:53,63.00,58.00,83.73,9.20,M,M
BFF,2025-08-20 05:53,61.00,57.00,86.68,6.90,M,M
BFF,2025-08-20 06:53,63.00,58.00,83.73,9.20,M,M
BFF,2025-08-20 07:53,65.00,59.00,80.92,5.75,M,M
BFF,2025-08-20 08:53,71.00,61.00,70.70,5.75,M,M
BFF,2025-08-20 09:53,76.00,62.00,61.93,5.75,M,M
BFF,2025-08-20 10:53,80.00,63.00,56.23,8.05,M,M
BFF,2025-08-20 11:53,86.00,63.00,46.34,11.50,M,M
BFF,2025-08-20 12:53,93.00,47.00,20.79,14.95,M,M
BFF,2025-08-20 13:53,94.00,46.00,19.41,12.65,M,M
BFF,2025-08-20 14:53,96.00,43.00,16.28,14.95,M,M
BFF,2025-08-20 15:53,96.00,41.00,15.07,10.35,M,M
BFF,2025-08-20 16:53,96.00,44.00,16.92,11.50,M,M
BFF,2025-08-20 17:53,96.00,45.00,17.57,10.35,M,M
BFF,2025-08-20 18:53,94.00,46.00,19.41,13.80,M,M
BFF,2025-08-20 19:53,89.00,49.00,25.38,11.50,M,M
BFF,2025-08-20 20:53,77.00,55.00,46.62,6.90,M,M
BFF,2025-08-20 21:53,72.00,54.00,53.13,5.75,M,M
BFF,2025-08-20 22:53,69.00,54.00,58.83,8.05,M,M
BFF,2025-08-20 23:53,67.00,55.00,65.36,8.05,M,M
BFF,2025-08-21 00:53,66.00,55.00,67.66,6.90,M,M
BFF,2025-08-21 01:53,66.00,55.00,67.66,8.05,M,M
BFF,2025-08-21 02:53,66.00,55.00,67.66,10.35,M,M
BFF,2025-08-21 03:53,66.00,54.00,65.24,9.20,M,M
BFF,2025-08-21 04:53,66.00,53.00,62.89,8.05,M,M
BFF,2025-08-21 05:53,64.00,54.00,69.94,10.35,M,M
BFF,2025-08-21 06:53,62.00,53.00,72.34,6.90,M,M
BFF,2025-08-21 07:53,65.00,54.00,67.55,4.60,M,M
BFF,2025-08-21 08:53,71.00,54.00,54.96,5.75,M,M
BFF,2025-08-21 09:53,76.00,54.00,46.47,4.60,M,M
BFF,2025-08-21 10:53,80.00,53.00,39.27,6.90,M,M
BFF,2025-08-21 11:53,85.00,53.00,33.41,4.60,M,M
BFF,2025-08-21 12:53,87.00,55.00,33.73,4.60,M,M
BFF,2025-08-21 13:53,90.00,56.00,31.82,M,M,M
BFF,2025-08-21 14:53,94.00,54.00,26.13,3.45,M,M
BFF,2025-08-21 15:53,94.00,53.00,25.19,4.60,M,M
BFF,2025-08-21 16:53,96.00,54.00,24.58,4.60,M,M
BFF,2025-08-21 17:53,96.00,53.00,23.70,6.90,M,M
BFF,2025-08-21 18:04,96.00,54.00,24.58,8.05,M,M
BFF,2025-08-21 18:53,90.00,53.00,28.52,18.40,M,32.20
BFF,2025-08-21 19:06,86.00,57.00,37.43,21.85,M,39.10
BFF,2025-08-21 19:23,83.00,60.00,45.88,21.85,M,39.10
BFF,2025-08-21 19:53,81.00,58.00,45.57,18.40,M,39.10
BFF,2025-08-21 20:53,80.00,59.00,48.80,14.95,M,M
BFF,2025-08-21 21:53,78.00,61.00,55.95,11.50,11000.00,M
BFF,2025-08-21 22:53,78.00,57.00,48.50,14.95,M,M
BFF,2025-08-21 23:14,76.00,58.00,53.71,13.80,M,M
BFF,2025-08-21 23:53,75.00,59.00,57.55,16.10,11000.00,M
BFF,2025-08-22 00:15,75.00,60.00,59.64,11.50,11000.00,M
BFF,2025-08-22 00:38,74.00,60.00,61.67,0.00,10000.00,M
BFF,2025-08-22 00:53,75.00,59.00,57.55,0.00,10000.00,M
BFF,2025-08-22 01:53,70.00,59.00,68.12,6.90,M,M
BFF,2025-08-22 02:53,68.00,60.00,75.59,6.90,M,M
BFF,2025-08-22 03:53,68.00,60.00,75.59,4.60,M,M
BFF,2025-08-22 04:53,67.00,61.00,81.07,5.75,M,M
BFF,2025-08-22 05:53,67.00,62.00,83.99,5.75,M,M
BFF,2025-08-22 06:53,68.00,60.00,75.59,6.90,M,M
BFF,2025-08-22 07:53,67.00,61.00,81.07,16.10,12000.00,31.05
BFF,2025-08-22 08:26,67.00,61.00,81.07,19.55,1700.00,35.65
BFF,2025-08-22 08:44,66.00,59.00,78.16,20.70,1600.00,39.10
BFF,2025-08-22 08:53,66.00,59.00,78.16,17.25,1600.00,39.10
BFF,2025-08-22 09:53,68.00,58.00,70.38,20.70,M,34.50
BFF,2025-08-22 10:53,71.00,58.00,63.53,16.10,12000.00,32.20
BFF,2025-08-22 11:53,72.00,59.00,63.65,11.50,4400.00,M
BFF,2025-08-22 12:53,76.00,56.00,49.97,18.40,M,M
BFF,2025-08-22 13:53,74.00,57.00,55.39,9.20,6000.00,M
BFF,2025-08-22 14:53,76.00,56.00,49.97,10.35,11000.00,M
BFF,2025-08-22 15:53,74.00,56.00,53.42,4.60,10000.00,M
BFF,2025-08-22 16:53,75.00,57.00,53.57,5.75,9000.00,M
BFF,2025-08-22 17:53,76.00,58.00,53.71,11.50,10000.00,M
BFF,2025-08-22 18:53,76.00,53.00,44.80,8.05,9000.00,M
BFF,2025-08-22 19:53,73.00,59.00,61.54,5.75,8500.00,M
BFF,2025-08-22 20:53,69.00,59.00,70.49,5.75,M,M
BFF,2025-08-22 21:53,68.00,58.00,70.38,6.90,M,M
BFF,2025-08-22 22:53,66.00,59.00,78.16,3.45,8000.00,M
BFF,2025-08-22 23:53,65.00,59.00,80.92,0.00,M,M
BFF,2025-08-23 00:53,64.00,59.00,83.80,4.60,8500.00,M
BFF,2025-08-23 01:53,62.00,59.00,89.89,4.60,9000.00,M
BFF,2025-08-23 02:53,61.00,58.00,89.85,5.75,M,M
BFF,2025-08-23 03:53,60.00,57.00,89.81,4.60,4700.00,M
BFF,2025-08-23 04:53,63.00,52.00,67.31,8.05,5000.00,M
BFF,2025-08-23 05:53,64.00,46.00,51.94,11.50,5000.00,M
BFF,2025-08-23 06:53,59.00,47.00,64.37,8.05,M,M
BFF,2025-08-23 07:53,59.00,47.00,64.37,4.60,M,M
BFF,2025-08-23 08:53,61.00,49.00,64.62,6.90,M,M
BFF,2025-08-23 09:53,63.00,49.00,60.22,6.90,M,M
BFF,2025-08-23 10:53,66.00,50.00,56.29,5.75,6000.00,M
BFF,2025-08-23 11:53,70.00,50.00,49.06,10.35,6000.00,M
BFF,2025-08-23 12:53,72.00,51.00,47.58,10.35,6000.00,M
BFF,2025-08-23 13:53,73.00,51.00,46.00,9.20,6000.00,M
BFF,2025-08-23 14:53,76.00,53.00,44.80,12.65,7000.00,M
BFF,2025-08-23 15:53,80.00,54.00,40.73,14.95,7000.00,M
BFF,2025-08-23 16:53,81.00,54.00,39.43,6.90,5000.00,M
BFF,2025-08-23 17:53,81.00,54.00,39.43,12.65,6000.00,M
BFF,2025-08-23 18:53,78.00,56.00,46.78,13.80,6000.00,M
BFF,2025-08-23 19:53,75.00,57.00,53.57,10.35,6000.00,M
BFF,2025-08-23 20:53,71.00,56.00,59.11,9.20,6000.00,M
BFF,2025-08-23 21:53,68.00,57.00,67.89,10.35,M,M
BFF,2025-08-23 22:53,67.00,56.00,67.78,9.20,M,M
BFF,2025-08-23 23:53,64.00,58.00,80.85,6.90,M,M
BFF,2025-08-24 00:53,63.00,58.00,83.73,8.05,M,M
BFF,2025-08-24 01:53,62.00,58.00,86.73,9.20,M,M
BFF,2025-08-24 02:53,63.00,58.00,83.73,8.05,M,M
BFF,2025-08-24 03:17,64.00,58.00,80.85,5.75,11000.00,M
BFF,2025-08-24 03:44,64.00,59.00,83.80,4.60,2700.00,M
BFF,2025-08-24 03:53,63.00,60.00,89.94,10.35,2700.00,M
BFF,2025-08-24 04:00,63.00,60.00,89.94,10.35,2700.00,M
BFF,2025-08-24 04:20,63.00,60.00,89.94,5.75,2600.00,M
BFF,2025-08-24 04:29,63.00,60.00,89.94,6.90,2600.00,M
BFF,2025-08-24 04:53,62.00,58.00,86.73,10.35,2700.00,M
BFF,2025-08-24 05:53,60.00,56.00,86.62,8.05,2700.00,M
BFF,2025-08-24 06:53,60.00,57.00,89.81,4.60,2600.00,M
BFF,2025-08-24 07:53,59.00,55.00,86.57,3.45,2200.00,M
BFF,2025-08-24 08:53,59.00,54.00,83.47,6.90,2500.00,M
BFF,2025-08-24 09:19,60.00,53.00,77.65,5.75,3300.00,M
BFF,2025-08-24 09:53,61.00,54.00,77.73,4.60,2500.00,M
BFF,2025-08-24 10:53,64.00,54.00,69.94,9.20,5500.00,M
BFF,2025-08-24 11:11,65.00,54.00,67.55,10.35,2700.00,M
BFF,2025-08-24 11:53,66.00,54.00,65.24,8.05,3000.00,M
BFF,2025-08-24 12:23,67.00,54.00,63.02,6.90,2400.00,M
BFF,2025-08-24 12:53,69.00,54.00,58.83,9.20,2500.00,M
BFF,2025-08-24 13:41,70.00,55.00,58.97,10.35,2900.00,M
BFF,2025-08-24 13:53,72.00,55.00,55.10,11.50,3100.00,M
BFF,2025-08-24 14:53,71.00,56.00,59.11,9.20,3300.00,M
BFF,2025-08-24 15:53,71.00,57.00,61.28,10.35,3800.00,M
BFF,2025-08-24 16:53,73.00,58.00,59.38,11.50,4000.00,M
BFF,2025-08-24 17:53,71.00,58.00,63.53,11.50,4300.00,M
BFF,2025-08-24 18:53,70.00,59.00,68.12,12.65,4700.00,M
BFF,2025-08-24 19:53,68.00,59.00,72.95,11.50,4900.00,M
BFF,2025-08-24 20:53,66.00,60.00,81.00,8.05,6000.00,M
BFF,2025-08-24 21:53,63.00,60.00,89.94,8.05,6000.00,M
BFF,2025-08-24 22:53,62.00,60.00,93.16,9.20,9500.00,M
BFF,2025-08-24 23:40,62.00,60.00,93.16,6.90,1900.00,M
BFF,2025-08-24 23:53,62.00,60.00,93.16,8.05,1900.00,M
BFF,2025-08-25 00:53,63.00,60.00,89.94,8.05,1600.00,M
BFF,2025-08-25 01:21,63.00,61.00,93.19,8.05,1400.00,M
BFF,2025-08-25 01:53,63.00,60.00,89.94,10.35,1000.00,M
BFF,2025-08-25 02:53,63.00,61.00,93.19,9.20,1300.00,M
BFF,2025-08-25 03:06,63.00,61.00,93.19,8.05,1500.00,M
BFF,2025-08-25 03:28,63.00,60.00,89.94,6.90,1600.00,M
BFF,2025-08-25 03:53,62.00,60.00,93.16,9.20,3900.00,M
BFF,2025-08-25 04:21,61.00,60.00,96.51,9.20,500.00,M
BFF,2025-08-25 04:53,61.00,60.00,96.51,9.20,4000.00,M
BFF,2025-08-25 05:40,61.00,60.00,96.51,9.20,600.00,M
BFF,2025-08-25 05:51,60.80,60.80,100.00,9.20,600.00,M
BFF,2025-08-25 05:53,61.00,60.00,96.51,9.20,600.00,M
BFF,2025-08-25 06:07,61.00,60.00,96.51,8.05,700.00,M
BFF,2025-08-25 06:53,62.00,60.00,93.16,9.20,600.00,M
BFF,2025-08-25 07:19,62.00,60.00,93.16,11.50,400.00,M
BFF,2025-08-25 07:45,62.00,60.00,93.16,10.35,500.00,M
BFF,2025-08-25 07:53,61.00,60.00,96.51,8.05,500.00,M
BFF,2025-08-25 08:16,61.00,60.00,96.51,10.35,400.00,M
BFF,2025-08-25 08:50,62.60,59.00,88.01,10.35,600.00,M
BFF,2025-08-25 08:53,62.00,60.00,93.16,8.05,600.00,M
BFF,2025-08-25 09:53,63.00,59.00,86.79,12.65,800.00,M
BFF,2025-08-25 10:53,64.00,58.00,80.85,10.35,900.00,M
BFF,2025-08-25 11:03,64.00,58.00,80.85,10.35,1100.00,M
BFF,2025-08-25 11:46,68.00,58.00,70.38,10.35,1500.00,M
BFF,2025-08-25 11:53,68.00,58.00,70.38,9.20,1500.00,M
BFF,2025-08-25 12:53,70.00,58.00,65.72,8.05,2200.00,M
BFF,2025-08-25 13:42,72.00,59.00,63.65,10.35,2300.00,M
BFF,2025-08-25 13:53,73.00,59.00,61.54,10.35,2300.00,M
BFF,2025-08-25 14:53,75.00,58.00,55.53,12.65,3000.00,M
BFF,2025-08-25 15:53,76.00,58.00,53.71,14.95,M,M
BFF,2025-08-25 16:53,72.00,59.00,63.65,17.25,M,M
BFF,2025-08-25 17:53,74.00,58.00,57.42,17.25,M,M
BFF,2025-08-25 18:53,73.00,58.00,59.38,13.80,M,M
BFF,2025-08-25 19:53,70.00,58.00,65.72,12.65,M,M
BFF,2025-08-25 20:53,66.00,58.00,75.41,9.20,M,M
BFF,2025-08-25 21:53,63.00,58.00,83.73,9.20,M,M
BFF,2025-08-25 22:53,60.00,57.00,89.81,6.90,M,M
BFF,2025-08-25 23:53,58.00,57.00,96.47,6.90,M,M
BFF,2025-08-26 00:53,58.00,57.00,96.47,8.05,1500.00,M
BFF,2025-08-26 01:06,58.00,57.00,96.47,6.90,1500.00,M
BFF,2025-08-26 01:15,58.00,57.00,96.47,6.90,1400.00,M
BFF,2025-08-26 01:34,59.00,57.00,93.07,8.05,1500.00,M
BFF,2025-08-26 01:44,59.00,57.00,93.07,8.05,1400.00,M
BFF,2025-08-26 01:53,59.00,57.00,93.07,6.90,1400.00,M
BFF,2025-08-26 02:28,60.00,58.00,93.10,5.75,1500.00,M
BFF,2025-08-26 02:40,59.00,58.00,96.48,5.75,1500.00,M
BFF,2025-08-26 02:53,59.00,57.00,93.07,6.90,1500.00,M
BFF,2025-08-26 03:17,61.00,58.00,89.85,6.90,1500.00,M
BFF,2025-08-26 03:53,62.00,59.00,89.89,6.90,1500.00,M
BFF,2025-08-26 04:00,62.00,59.00,89.89,5.75,1400.00,M
BFF,2025-08-26 04:53,62.00,59.00,89.89,3.45,1400.00,M
BFF,2025-08-26 05:53,63.00,59.00,86.79,5.75,1400.00,M
BFF,2025-08-26 06:53,63.00,59.00,86.79,4.60,1300.00,M
BFF,2025-08-26 07:53,63.00,59.00,86.79,3.45,1200.00,M
BFF,2025-08-26 08:53,65.00,59.00,80.92,6.90,1200.00,M
BFF,2025-08-26 09:53,66.00,59.00,78.16,5.75,1200.00,M
BFF,2025-08-26 10:53,68.00,59.00,72.95,8.05,1400.00,M
BFF,2025-08-26 11:20,70.00,59.00,68.12,6.90,1500.00,M
BFF,2025-08-26 11:53,72.00,59.00,63.65,6.90,1800.00,M
BFF,2025-08-26 12:05,73.00,59.00,61.54,6.90,2000.00,M
BFF,2025-08-26 12:53,74.00,59.00,59.51,6.90,M,M
BFF,2025-08-26 13:53,76.00,59.00,55.67,8.05,M,M
BFF,2025-08-26 14:53,80.00,59.00,48.80,10.35,M,M
BFF,2025-08-26 15:53,81.00,58.00,45.57,13.80,M,M
BFF,2025-08-26 16:53,83.00,56.00,39.74,13.80,M,M
BFF,2025-08-26 17:53,83.00,48.00,29.59,10.35,M,M
BFF,2025-08-26 18:53,81.00,50.00,34.02,12.65,M,M
BFF,2025-08-26 19:53,75.00,58.00,55.53,11.50,M,M
BFF,2025-08-26 20:53,73.00,57.00,57.28,16.10,M,M
BFF,2025-08-26 21:53,70.00,59.00,68.12,10.35,M,M
BFF,2025-08-26 22:53,68.00,59.00,72.95,8.05,M,M
BFF,2025-08-26 23:53,64.00,59.00,83.80,8.05,M,M
BFF,2025-08-27 00:53,63.00,59.00,86.79,6.90,M,M
BFF,2025-08-27 01:53,62.00,59.00,89.89,9.20,M,M
BFF,2025-08-27 02:53,61.00,59.00,93.13,8.05,M,M
BFF,2025-08-27 03:53,61.00,59.00,93.13,8.05,M,M
BFF,2025-08-27 04:53,61.00,59.00,93.13,8.05,M,M
BFF,2025-08-27 05:53,60.00,59.00,96.50,8.05,M,M
BFF,2025-08-27 06:53,60.00,59.00,96.50,6.90,M,M
BFF,2025-08-27 07:53,61.00,59.00,93.13,8.05,12000.00,M
BFF,2025-08-27 08:53,62.00,60.00,93.16,8.05,12000.00,M
BFF,2025-08-27 09:53,65.00,61.00,86.89,9.20,12000.00,M
BFF,2025-08-27 10:53,69.00,61.00,75.69,6.90,M,M
BFF,2025-08-27 11:53,73.00,61.00,66.08,5.75,M,M
BFF,2025-08-27 12:53,73.00,61.00,66.08,6.90,M,M
BFF,2025-08-27 13:53,74.00,62.00,66.20,8.05,M,M
BFF,2025-08-27 14:53,76.00,62.00,61.93,9.20,M,M
BFF,2025-08-27 15:53,77.00,60.00,55.81,5.75,M,M
BFF,2025-08-27 16:53,76.00,60.00,57.69,6.90,9500.00,M
BFF,2025-08-27 17:53,78.00,58.00,50.27,6.90,10000.00,M
BFF,2025-08-27 18:53,75.00,62.00,64.02,4.60,4600.00,M
BFF,2025-08-27 19:08,68.00,59.00,72.95,14.95,3600.00,M
BFF,2025-08-27 19:16,66.00,61.00,83.93,21.85,3400.00,M
BFF,2025-08-27 19:24,64.00,61.00,89.98,18.40,1600.00,31.05
BFF,2025-08-27 19:32,64.00,60.00,86.84,12.65,1600.00,31.05
BFF,2025-08-27 19:41,63.00,61.00,93.19,11.50,2400.00,31.05
BFF,2025-08-27 19:49,64.40,62.60,93.89,5.75,3100.00,31.05
BFF,2025-08-27 19:53,64.00,62.00,93.22,0.00,3100.00,31.05
BFF,2025-08-27 20:01,64.00,62.00,93.22,0.00,3600.00,M
BFF,2025-08-27 20:10,64.00,62.00,93.22,3.45,4600.00,M
BFF,2025-08-27 20:12,64.00,62.00,93.22,3.45,4600.00,M
BFF,2025-08-27 20:20,64.00,62.00,93.22,0.00,5000.00,M
BFF,2025-08-27 20:39,64.00,62.00,93.22,6.90,5000.00,M
BFF,2025-08-27 20:53,63.00,62.00,96.54,4.60,5500.00,M
BFF,2025-08-27 21:53,64.00,62.00,93.22,5.75,7500.00,M
BFF,2025-08-27 22:53,63.00,62.00,96.54,3.45,10000.00,M
BFF,2025-08-27 23:53,63.00,62.00,96.54,3.45,9500.00,M
BFF,2025-08-28 00:53,63.00,62.00,96.54,0.00,11000.00,M
BFF,2025-08-28 01:53,62.00,62.00,100.00,3.45,M,M
BFF,2025-08-28 02:31,61.00,61.00,100.00,0.00,100.00,M
BFF,2025-08-28 02:53,62.00,61.00,96.53,3.45,100.00,M
BFF,2025-08-28 03:53,62.00,61.00,96.53,4.60,10000.00,M
BFF,2025-08-28 04:53,62.00,62.00,100.00,0.00,10000.00,M
BFF,2025-08-28 05:53,62.00,61.00,96.53,0.00,M,M
BFF,2025-08-28 06:53,60.00,60.00,100.00,3.45,100.00,M
BFF,2025-08-28 06:58,60.00,60.00,100.00,3.45,100.00,M
BFF,2025-08-28 07:04,60.00,60.00,100.00,0.00,100.00,M
BFF,2025-08-28 07:53,61.00,61.00,100.00,0.00,100.00,M
BFF,2025-08-28 08:53,61.00,61.00,100.00,0.00,100.00,M
BFF,2025-08-28 09:28,61.00,61.00,100.00,0.00,200.00,M
BFF,2025-08-28 09:50,62.60,62.60,100.00,0.00,200.00,M
BFF,2025-08-28 09:53,62.00,62.00,100.00,0.00,200.00,M
BFF,2025-08-28 09:59,62.00,62.00,100.00,0.00,200.00,M
BFF,2025-08-28 10:16,63.00,63.00,100.00,0.00,200.00,M
BFF,2025-08-28 10:53,67.00,60.00,78.24,0.00,8500.00,M
BFF,2025-08-28 11:53,72.00,61.00,68.35,3.45,M,M
BFF,2025-08-28 12:53,74.00,61.00,63.90,M,M,M
BFF,2025-08-28 13:53,78.00,57.00,48.50,6.90,3800.00,M
BFF,2025-08-28 14:53,80.00,51.00,36.48,9.20,M,M
BFF,2025-08-28 15:53,81.00,43.00,26.12,9.20,M,M
BFF,2025-08-28 16:53,78.00,37.00,22.81,5.75,8500.00,M
BFF,2025-08-28 17:26,78.00,42.00,27.72,5.75,8000.00,M
BFF,2025-08-28 17:44,71.00,58.00,63.53,13.80,7000.00,M
BFF,2025-08-28 17:53,70.00,60.00,70.59,9.20,7000.00,M
BFF,2025-08-28 18:53,70.00,61.00,73.15,8.05,M,M
BFF,2025-08-28 19:53,70.00,62.00,75.78,3.45,M,M
BFF,2025-08-28 20:53,69.00,60.00,73.05,0.00,M,M
BFF,2025-08-28 21:53,65.00,62.00,90.02,3.45,M,M
BFF,2025-08-28 22:53,63.00,61.00,93.19,5.75,M,M
BFF,2025-08-28 23:53,63.00,60.00,89.94,8.05,M,M
BFF,2025-08-29 00:53,62.00,60.00,93.16,8.05,M,M
BFF,2025-08-29 01:53,63.00,61.00,93.19,10.35,M,M
BFF,2025-08-29 02:53,62.00,62.00,100.00,4.60,8500.00,M
BFF,2025-08-29 03:19,63.00,62.00,96.54,4.60,300.00,M
BFF,2025-08-29 03:53,62.00,62.00,100.00,4.60,M,M
BFF,2025-08-29 04:24,62.00,61.00,96.53,4.60,400.00,M
BFF,2025-08-29 04:33,63.00,62.00,96.54,5.75,400.00,M
BFF,2025-08-29 04:47,62.60,62.60,100.00,4.60,200.00,M
BFF,2025-08-29 04:53,62.00,62.00,100.00,4.60,200.00,M
BFF,2025-08-29 05:00,62.00,62.00,100.00,4.60,100.00,M
BFF,2025-08-29 05:53,61.00,61.00,100.00,4.60,100.00,M
BFF,2025-08-29 06:53,60.00,60.00,100.00,3.45,100.00,M
BFF,2025-08-29 07:46,60.00,60.00,100.00,4.60,100.00,M
BFF,2025-08-29 07:48,60.80,60.80,100.00,4.60,200.00,M
BFF,2025-08-29 07:53,60.00,60.00,100.00,3.45,200.00,M
BFF,2025-08-29 07:57,60.00,60.00,100.00,3.45,200.00,M
BFF,2025-08-29 08:04,59.00,59.00,100.00,6.90,200.00,M
BFF,2025-08-29 08:32,58.00,58.00,100.00,6.90,200.00,M
BFF,2025-08-29 08:53,60.00,60.00,100.00,6.90,200.00,M
BFF,2025-08-29 09:01,60.00,60.00,100.00,6.90,200.00,M
BFF,2025-08-29 09:53,62.00,61.00,96.53,6.90,400.00,M
BFF,2025-08-29 10:06,62.00,61.00,96.53,9.20,500.00,M
BFF,2025-08-29 10:53,67.00,61.00,81.07,8.05,1000.00,M
BFF,2025-08-29 11:53,72.00,62.00,70.81,8.05,M,M
BFF,2025-08-29 12:53,76.00,60.00,57.69,5.75,M,M
BFF,2025-08-29 13:53,79.00,59.00,50.42,0.00,M,M
BFF,2025-08-29 14:53,82.00,56.00,41.05,4.60,M,M
BFF,2025-08-29 15:53,85.00,52.00,32.20,5.75,M,M
BFF,2025-08-29 16:53,83.00,53.00,35.63,11.50,M,M
BFF,2025-08-29 17:53,82.00,55.00,39.59,12.65,7500.00,M
BFF,2025-08-29 18:53,81.00,54.00,39.43,6.90,10000.00,M
BFF,2025-08-29 19:53,76.00,57.00,51.81,6.90,12000.00,M
BFF,2025-08-29 20:53,72.00,59.00,63.65,6.90,10000.00,M
BFF,2025-08-29 21:53,71.00,59.00,65.84,10.35,8500.00,M
BFF,2025-08-29 22:53,71.00,58.00,63.53,17.25,6000.00,M
BFF,2025-08-29 23:53,65.00,62.00,90.02,6.90,2000.00,M
BFF,2025-08-30 00:09,64.00,62.00,93.22,8.05,3700.00,M
BFF,2025-08-30 00:36,63.00,61.00,93.19,0.00,4000.00,M
BFF,2025-08-30 00:50,62.60,60.80,93.84,11.50,2700.00,M
BFF,2025-08-30 00:53,63.00,61.00,93.19,14.95,2100.00,M
BFF,2025-08-30 01:11,62.00,61.00,96.53,12.65,2000.00,M
BFF,2025-08-30 01:22,62.00,61.00,96.53,10.35,2000.00,M
BFF,2025-08-30 01:27,62.00,61.00,96.53,8.05,1900.00,M
BFF,2025-08-30 01:32,62.00,61.00,96.53,5.75,1900.00,M
BFF,2025-08-30 01:39,62.00,61.00,96.53,4.60,3800.00,M
BFF,2025-08-30 01:53,61.00,54.00,77.73,4.60,3800.00,M
BFF,2025-08-30 02:00,61.00,55.00,80.62,5.75,3900.00,M
BFF,2025-08-30 02:19,61.00,59.00,93.13,5.75,7500.00,M
BFF,2025-08-30 02:53,60.00,58.00,93.10,8.05,9000.00,M
BFF,2025-08-30 03:21,60.00,58.00,93.10,9.20,800.00,M
BFF,2025-08-30 03:53,60.00,59.00,96.50,3.45,10000.00,M
BFF,2025-08-30 04:53,60.00,59.00,96.50,4.60,M,M
BFF,2025-08-30 05:53,61.00,60.00,96.51,5.75,8000.00,M
BFF,2025-08-30 06:53,61.00,60.00,96.51,0.00,9500.00,M
BFF,2025-08-30 07:53,60.00,59.00,96.50,4.60,10000.00,M
BFF,2025-08-30 08:53,61.00,60.00,96.51,5.75,M,M
BFF,2025-08-30 09:20,63.00,61.00,93.19,8.05,700.00,M
BFF,2025-08-30 09:29,64.00,62.00,93.22,8.05,500.00,M
BFF,2025-08-30 09:48,64.40,60.80,88.10,10.35,600.00,M
BFF,2025-08-30 09:53,64.00,61.00,89.98,8.05,600.00,M
BFF,2025-08-30 10:53,67.00,59.00,75.50,10.35,1800.00,M
BFF,2025-08-30 11:53,71.00,57.00,61.28,10.35,2800.00,M
BFF,2025-08-30 12:53,73.00,56.00,55.24,10.35,4200.00,M
BFF,2025-08-30 13:53,76.00,53.00,44.80,10.35,5500.00,M
BFF,2025-08-30 14:53,77.00,49.00,37.37,10.35,7000.00,M
BFF,2025-08-30 15:53,80.00,50.00,35.15,11.50,7000.00,M
BFF,2025-08-30 16:53,80.00,50.00,35.15,10.35,7000.00,M
BFF,2025-08-30 17:53,76.00,52.00,43.18,11.50,8000.00,M
BFF,2025-08-30 18:53,75.00,52.00,44.64,8.05,8000.00,M
BFF,2025-08-30 19:53,72.00,52.00,49.37,8.05,8000.00,M
BFF,2025-08-30 20:53,66.00,56.00,70.16,5.75,9500.00,M
BFF,2025-08-30 21:53,66.00,56.00,70.16,5.75,M,M
BFF,2025-08-30 22:53,64.00,56.00,75.22,3.45,M,M
BFF,2025-08-30 23:53,61.00,57.00,86.68,3.45,M,M
BFF,2025-08-31 00:53,58.00,56.00,93.04,5.75,M,M
BFF,2025-08-31 01:53,57.00,55.00,93.01,6.90,M,M
BFF,2025-08-31 02:53,56.00,55.00,96.44,4.60,M,M
BFF,2025-08-31 03:53,55.00,54.00,96.42,6.90,M,M
BFF,2025-08-31 04:53,54.00,54.00,100.00,6.90,M,M
BFF,2025-08-31 05:53,54.00,53.00,96.40,4.60,M,M
BFF,2025-08-31 06:53,53.00,52.00,96.39,5.75,M,M
BFF,2025-08-31 07:53,53.00,52.00,96.39,3.45,M,M
BFF,2025-08-31 08:53,56.00,54.00,92.98,0.00,M,M
BFF,2025-08-31 09:05,57.00,55.00,93.01,5.75,400.00,M
BFF,2025-08-31 09:30,57.00,55.00,93.01,4.60,200.00,M
BFF,2025-08-31 09:33,56.00,55.00,96.44,3.45,100.00,M
BFF,2025-08-31 09:40,56.00,55.00,96.44,3.45,200.00,M
BFF,2025-08-31 09:50,57.20,55.40,93.70,4.60,200.00,M
BFF,2025-08-31 09:53,58.00,56.00,93.04,3.45,200.00,M
BFF,2025-08-31 10:21,60.00,56.00,86.62,3.45,400.00,M
BFF,2025-08-31 10:53,63.00,56.00,77.91,3.45,M,M
BFF,2025-08-31 11:53,68.00,55.00,63.15,5.75,M,M
BFF,2025-08-31 12:53,72.00,55.00,55.10,0.00,M,M
BFF,2025-08-31 13:53,75.00,53.00,46.31,0.00,M,M
BFF,2025-08-31 14:53,77.00,52.00,41.77,0.00,M,M
BFF,2025-08-31 15:53,82.00,48.00,30.56,8.05,10000.00,M
BFF,2025-08-31 16:53,83.00,40.00,21.80,16.10,M,M
BFF,2025-08-31 17:53,82.00,42.00,24.33,13.80,M,M
BFF,2025-08-31 18:53,79.00,46.00,31.26,9.20,M,M
BFF,2025-08-31 19:53,73.00,54.00,51.37,4.60,10000.00,M
BFF,2025-08-31 20:53,67.00,54.00,63.02,4.60,M,M
BFF,2025-08-31 21:53,66.00,51.00,58.42,0.00,M,M
BFF,2025-08-31 22:53,62.00,53.00,72.34,5.75,12000.00,M
BFF,2025-08-31 23:53,62.00,54.00,75.03,6.90,12000.00,M
BFF,2025-09-01 00:53,59.00,54.00,83.47,5.75,11000.00,M
BFF,2025-09-01 01:53,59.00,53.00,80.47,3.45,M,M
BFF,2025-09-01 02:53,55.00,53.00,92.95,4.60,M,M
BFF,2025-09-01 03:53,53.00,52.00,96.39,4.60,M,M
BFF,2025-09-01 04:53,53.00,51.00,92.89,6.90,M,M
BFF,2025-09-01 05:53,52.00,50.00,92.86,8.05,M,M
BFF,2025-09-01 06:53,51.00,50.00,96.36,6.90,M,M
BFF,2025-09-01 07:53,52.00,50.00,92.86,5.75,M,M
BFF,2025-09-01 08:53,55.00,53.00,92.95,6.90,M,M
BFF,2025-09-01 09:53,62.00,55.00,77.82,8.05,M,M
BFF,2025-09-01 10:53,67.00,53.00,60.75,9.20,M,M
BFF,2025-09-01 11:53,72.00,54.00,53.13,5.75,M,M
BFF,2025-09-01 12:53,77.00,54.00,44.95,6.90,M,M
BFF,2025-09-01 13:53,81.00,44.00,27.13,19.55,M,M
BFF,2025-09-01 14:53,82.00,43.00,25.28,14.95,M,M
BFF,2025-09-01 15:53,83.00,43.00,24.48,16.10,M,29.90
BFF,2025-09-01 16:53,82.00,44.00,26.27,14.95,M,M
BFF,2025-09-01 17:53,81.00,46.00,29.28,11.50,M,M
BFF,2025-09-01 18:53,79.00,48.00,33.70,10.35,M,M
BFF,2025-09-01 19:53,74.00,53.00,47.89,5.75,M,M
BFF,2025-09-01 20:53,66.00,56.00,70.16,4.60,M,M
BFF,2025-09-01 21:53,62.00,56.00,80.70,4.60,M,M
BFF,2025-09-01 22:53,60.00,54.00,80.54,4.60,M,M
BFF,2025-09-01 23:53,59.00,54.00,83.47,4.60,M,M
BFF,2025-09-02 00:53,57.00,53.00,86.46,3.45,M,M
BFF,2025-09-02 01:53,57.00,53.00,86.46,5.75,M,M
BFF,2025-09-02 02:53,54.00,52.00,92.92,4.60,M,M
BFF,2025-09-02 03:53,53.00,52.00,96.39,0.00,M,M
BFF,2025-09-02 04:53,51.00,50.00,96.36,0.00,M,M
BFF,2025-09-02 05:53,52.00,51.00,96.37,3.45,M,M
BFF,2025-09-02 06:53,50.00,49.00,96.34,3.45,M,M
BFF,2025-09-02 07:53,51.00,50.00,96.36,3.45,M,M
BFF,2025-09-02 08:53,57.00,53.00,86.46,3.45,M,M
BFF,2025-09-02 09:53,64.00,52.00,64.99,6.90,M,M
BFF,2025-09-02 10:53,68.00,54.00,60.89,9.20,M,M
BFF,2025-09-02 11:53,74.00,52.00,46.16,9.20,M,M
BFF,2025-09-02 12:53,78.00,54.00,43.49,6.90,M,M
BFF,2025-09-02 13:53,83.00,50.00,31.89,5.75,M,M
BFF,2025-09-02 14:53,86.00,45.00,24.00,5.75,M,M
BFF,2025-09-02 15:53,88.00,42.00,20.08,9.20,M,M
BFF,2025-09-02 16:53,88.00,39.00,17.87,9.20,M,M
BFF,2025-09-02 17:53,86.00,41.00,20.59,9.20,M,M
BFF,2025-09-02 18:53,84.00,44.00,24.63,5.75,M,M
BFF,2025-09-02 19:53,75.00,57.00,53.57,4.60,M,M
BFF,2025-09-02 20:53,69.00,56.00,63.27,0.00,M,M
BFF,2025-09-02 21:53,65.00,53.00,65.12,0.00,M,M
BFF,2025-09-02 22:53,62.00,53.00,72.34,0.00,M,M
BFF,2025-09-02 23:53,61.00,50.00,67.08,4.60,M,M
BFF,2025-09-03 00:53,60.00,48.00,64.50,4.60,M,M
BFF,2025-09-03 01:53,57.00,49.00,74.55,4.60,M,M
BFF,2025-09-03 02:53,56.00,48.00,74.46,5.75,M,M
BFF,2025-09-03 03:53,54.00,48.00,80.08,0.00,M,M
BFF,2025-09-03 04:53,51.00,49.00,92.83,6.90,M,M
BFF,2025-09-03 05:53,53.00,48.00,83.06,9.20,M,M
BFF,2025-09-03 06:53,51.00,48.00,89.42,6.90,M,M
BFF,2025-09-03 07:53,51.00,47.00,86.12,10.35,M,M
BFF,2025-09-03 08:53,56.00,49.00,77.30,9.20,M,M
BFF,2025-09-03 09:53,64.00,48.00,56.01,11.50,M,M
BFF,2025-09-03 10:53,68.00,50.00,52.54,18.40,M,M
BFF,2025-09-03 11:53,71.00,52.00,51.07,11.50,M,M
BFF,2025-09-03 12:53,73.00,53.00,49.52,9.20,M,M
BFF,2025-09-03 13:53,75.00,52.00,44.64,8.05,M,M
BFF,2025-09-03 14:53,76.00,52.00,43.18,10.35,M,M
BFF,2025-09-03 15:53,76.00,53.00,44.80,6.90,M,M
BFF,2025-09-03 16:53,77.00,53.00,43.34,8.05,M,M
BFF,2025-09-03 17:53,77.00,53.00,43.34,9.20,M,M
BFF,2025-09-03 18:53,75.00,53.00,46.31,11.50,M,M
BFF,2025-09-03 19:53,71.00,55.00,57.00,6.90,M,M
BFF,2025-09-03 20:53,65.00,56.00,72.64,6.90,M,M
BFF,2025-09-03 21:53,61.00,56.00,83.60,5.75,M,M
BFF,2025-09-03 22:53,60.00,55.00,83.54,5.75,M,M
BFF,2025-09-03 23:53,59.00,55.00,86.57,6.90,M,M
BFF,2025-09-04 00:53,57.00,54.00,89.68,6.90,M,M
BFF,2025-09-04 01:53,55.00,53.00,92.95,6.90,M,M
BFF,2025-09-04 02:53,55.00,52.00,89.60,8.05,M,M
BFF,2025-09-04 03:53,53.00,51.00,92.89,4.60,M,M
BFF,2025-09-04 04:53,52.00,51.00,96.37,3.45,M,M
BFF,2025-09-04 05:53,50.00,50.00,100.00,3.45,M,M
BFF,2025-09-04 06:53,50.00,50.00,100.00,6.90,M,M
BFF,2025-09-04 07:53,52.00,50.00,92.86,5.75,M,M
BFF,2025-09-04 08:53,54.00,52.00,92.92,5.75,5000.00,M
BFF,2025-09-04 09:53,60.00,54.00,80.54,9.20,6000.00,M
BFF,2025-09-04 10:53,67.00,52.00,58.56,11.50,M,M
BFF,2025-09-04 11:53,72.00,51.00,47.58,13.80,M,M
BFF,2025-09-04 12:53,80.00,48.00,32.62,12.65,M,M
BFF,2025-09-04 13:53,83.00,42.00,23.55,19.55,M,29.90
BFF,2025-09-04 14:53,83.00,43.00,24.48,18.40,M,M
BFF,2025-09-04 15:53,83.00,41.00,22.66,21.85,M,29.90
BFF,2025-09-04 16:53,82.00,44.00,26.27,21.85,M,33.35
BFF,2025-09-04 17:53,78.00,44.00,29.93,19.55,M,34.50
BFF,2025-09-04 18:53,74.00,46.00,36.89,20.70,M,31.05
BFF,2025-09-04 19:53,70.00,43.00,37.66,17.25,M,M
BFF,2025-09-04 20:53,66.00,44.00,44.90,6.90,M,M
BFF,2025-09-04 21:53,63.00,43.00,47.98,5.75,8500.00,M
BFF,2025-09-04 22:53,60.00,43.00,53.35,4.60,9000.00,M
BFF,2025-09-04 23:53,57.00,41.00,54.99,11.50,9500.00,M
BFF,2025-09-05 00:53,55.00,35.00,46.72,3.45,M,M
BFF,2025-09-05 01:53,53.00,36.00,52.30,3.45,10000.00,M
BFF,2025-09-05 02:53,55.00,39.00,54.70,4.60,9500.00,M
BFF,2025-09-05 03:53,55.00,41.00,59.13,4.60,9000.00,M
BFF,2025-09-05 04:53,54.00,42.00,63.74,5.75,8500.00,M
BFF,2025-09-05 05:53,55.00,39.00,54.70,6.90,9000.00,M
BFF,2025-09-05 06:53,55.00,37.00,50.57,9.20,9000.00,M
BFF,2025-09-05 07:53,54.00,36.00,50.41,8.05,9000.00,M
BFF,2025-09-05 08:53,55.00,38.00,52.60,6.90,7500.00,M
BFF,2025-09-05 09:53,55.00,38.00,52.60,3.45,8000.00,M
BFF,2025-09-05 10:53,58.00,36.00,43.62,5.75,8000.00,M
BFF,2025-09-05 11:53,60.00,36.00,40.61,4.60,9500.00,M
BFF,2025-09-05 12:53,61.00,33.00,34.77,8.05,9500.00,M
BFF,2025-09-05 13:53,62.00,36.00,37.83,3.45,7500.00,M
BFF,2025-09-05 14:53,66.00,35.00,31.61,4.60,9500.00,M
BFF,2025-09-05 15:53,67.00,37.00,33.05,11.50,M,M
BFF,2025-09-05 16:53,68.00,35.00,29.50,9.20,M,M
BFF,2025-09-05 17:53,69.00,37.00,30.86,8.05,M,M
BFF,2025-09-05 18:53,68.00,37.00,31.93,8.05,8500.00,M
BFF,2025-09-05 19:53,64.00,39.00,39.68,4.60,M,M
BFF,2025-09-05 20:53,55.00,44.00,66.36,6.90,M,M
BFF,2025-09-05 21:53,52.00,39.00,61.05,11.50,M,M
BFF,2025-09-05 22:53,50.00,34.00,53.95,6.90,M,M
BFF,2025-09-05 23:53,48.00,35.00,60.51,6.90,M,M
BFF,2025-09-06 00:53,46.00,36.00,67.89,0.00,M,M
BFF,2025-09-06 01:53,43.00,37.00,79.18,4.60,M,M
BFF,2025-09-06 02:53,43.00,37.00,79.18,5.75,M,M
BFF,2025-09-06 03:53,42.00,36.00,79.10,6.90,M,M
BFF,2025-09-06 04:53,41.00,36.00,82.21,3.45,M,M
BFF,2025-09-06 05:53,40.00,35.00,82.14,3.45,M,M
BFF,2025-09-06 06:53,39.00,35.00,85.41,3.45,M,M
BFF,2025-09-06 07:53,40.00,35.00,82.14,3.45,M,M
BFF,2025-09-06 08:53,44.00,37.00,76.21,0.00,M,M
BFF,2025-09-06 09:53,49.00,37.00,63.09,4.60,M,M
BFF,2025-09-06 10:53,55.00,39.00,54.70,5.75,M,M
BFF,2025-09-06 11:53,59.00,40.00,49.24,4.60,M,M
BFF,2025-09-06 12:53,64.00,44.00,48.14,9.20,M,M
BFF,2025-09-06 13:53,70.00,46.00,42.22,8.05,M,M
BFF,2025-09-06 14:53,73.00,46.00,38.15,11.50,M,M
BFF,2025-09-06 15:53,75.00,46.00,35.68,13.80,M,M
BFF,2025-09-06 16:53,76.00,46.00,34.51,13.80,M,M
BFF,2025-09-06 17:53,76.00,45.00,33.22,13.80,M,M
BFF,2025-09-06 18:53,74.00,45.00,35.51,13.80,M,M
BFF,2025-09-06 19:53,68.00,47.00,46.96,8.05,M,M
BFF,2025-09-06 20:53,63.00,46.00,53.79,9.20,M,M
BFF,2025-09-06 21:53,59.00,46.00,61.99,8.05,M,M
BFF,2025-09-06 22:53,55.00,47.00,74.36,8.05,M,M
BFF,2025-09-06 23:53,57.00,47.00,69.16,8.05,M,M
BFF,2025-09-07 00:53,56.00,48.00,74.46,9.20,M,M
BFF,2025-09-07 01:53,54.00,49.00,83.13,8.05,M,M
BFF,2025-09-07 02:53,53.00,48.00,83.06,5.75,M,M
BFF,2025-09-07 03:53,50.00,48.00,92.80,8.05,M,M
BFF,2025-09-07 04:53,49.00,47.00,92.77,8.05,M,M
BFF,2025-09-07 05:53,49.00,47.00,92.77,5.75,M,M
BFF,2025-09-07 06:53,48.00,47.00,96.31,5.75,M,M
BFF,2025-09-07 07:53,47.00,46.00,96.29,3.45,M,M
BFF,2025-09-07 08:53,51.00,48.00,89.42,3.45,M,M
BFF,2025-09-07 09:53,56.00,50.00,80.23,3.45,M,M
BFF,2025-09-07 10:53,61.00,52.00,72.23,0.00,M,M
BFF,2025-09-07 11:53,67.00,52.00,58.56,0.00,M,M
BFF,2025-09-07 12:53,72.00,54.00,53.13,3.45,M,M
BFF,2025-09-07 13:53,77.00,52.00,41.77,3.45,M,M
BFF,2025-09-07 14:53,80.00,52.00,37.85,0.00,M,M
BFF,2025-09-07 15:53,80.00,52.00,37.85,4.60,M,M
BFF,2025-09-07 16:53,79.00,57.00,46.93,6.90,M,M
BFF,2025-09-07 17:53,79.00,59.00,50.42,5.75,11000.00,M
BFF,2025-09-07 18:53,76.00,59.00,55.67,5.75,M,M
BFF,2025-09-07 19:36,70.00,53.00,54.81,12.65,9500.00,36.80
BFF,2025-09-07 19:45,68.00,57.00,67.89,6.90,9000.00,36.80
BFF,2025-09-07 19:53,68.00,57.00,67.89,6.90,7000.00,36.80
BFF,2025-09-07 20:00,68.00,56.00,65.48,5.75,7500.00,M
BFF,2025-09-07 20:20,67.00,56.00,67.78,8.05,M,M
BFF,2025-09-07 20:53,68.00,55.00,63.15,23.00,11000.00,33.35
BFF,2025-09-07 21:53,63.00,58.00,83.73,3.45,9000.00,M
BFF,2025-09-07 22:53,61.00,57.00,86.68,0.00,12000.00,M
BFF,2025-09-07 23:53,58.00,56.00,93.04,5.75,M,M
BFF,2025-09-08 00:53,58.00,56.00,93.04,3.45,M,M
BFF,2025-09-08 01:53,57.00,54.00,89.68,4.60,M,M
BFF,2025-09-08 02:53,56.00,53.00,89.64,4.60,M,M
BFF,2025-09-08 03:53,54.00,52.00,92.92,3.45,M,M
BFF,2025-09-08 04:53,54.00,51.00,89.55,3.45,M,M
BFF,2025-09-08 05:53,53.00,51.00,92.89,0.00,M,M
BFF,2025-09-08 06:53,53.00,49.00,86.23,3.45,M,M
BFF,2025-09-08 07:53,53.00,49.00,86.23,5.75,M,M
BFF,2025-09-08 08:53,57.00,51.00,80.31,8.05,M,M
BFF,2025-09-08 09:53,64.00,50.00,60.35,10.35,M,M
BFF,2025-09-08 10:53,70.00,52.00,52.83,11.50,M,M
BFF,2025-09-08 11:53,76.00,53.00,44.80,11.50,M,M
BFF,2025-09-08 12:53,82.00,49.00,31.73,11.50,M,M
BFF,2025-09-08 13:53,84.00,45.00,25.59,12.65,M,M
BFF,2025-09-08 14:53,86.00,42.00,21.40,10.35,M,M
BFF,2025-09-08 15:53,84.00,43.00,23.70,9.20,M,M
BFF,2025-09-08 16:53,85.00,43.00,22.96,11.50,M,M
BFF,2025-09-08 17:53,85.00,43.00,22.96,10.35,M,M
BFF,2025-09-08 18:53,83.00,42.00,23.55,8.05,M,M
BFF,2025-09-08 19:53,75.00,50.00,41.45,3.45,M,M
BFF,2025-09-08 20:53,66.00,51.00,58.42,3.45,M,M
BFF,2025-09-08 21:53,63.00,49.00,60.22,0.00,M,M
BFF,2025-09-08 22:53,61.00,46.00,57.73,0.00,M,M
BFF,2025-09-08 23:53,58.00,48.00,69.28,3.45,M,M
BFF,2025-09-09 00:53,57.00,48.00,71.81,5.75,M,M
BFF,2025-09-09 01:53,58.00,46.00,64.25,8.05,M,M
BFF,2025-09-09 02:53,57.00,46.00,66.60,6.90,M,M
BFF,2025-09-09 03:53,54.00,48.00,80.08,4.60,M,M
BFF,2025-09-09 04:53,53.00,48.00,83.06,0.00,M,M
BFF,2025-09-09 05:53,52.00,47.00,82.99,4.60,M,M
BFF,2025-09-09 06:53,49.00,47.00,92.77,3.45,M,M
BFF,2025-09-09 07:53,49.00,46.00,89.33,4.60,M,M
BFF,2025-09-09 08:53,54.00,47.00,77.12,6.90,M,M
BFF,2025-09-09 09:53,61.00,46.00,57.73,8.05,M,M
BFF,2025-09-09 10:53,65.00,47.00,52.09,6.90,M,M
BFF,2025-09-09 11:53,73.00,52.00,47.73,4.60,M,M
BFF,2025-09-09 12:53,79.00,53.00,40.57,8.05,M,M
BFF,2025-09-09 13:53,83.00,51.00,33.09,12.65,M,M
BFF,2025-09-09 14:53,84.00,51.00,32.05,11.50,M,M
BFF,2025-09-09 15:53,88.00,48.00,25.23,11.50,M,M
BFF,2025-09-09 16:21,81.00,49.00,32.78,6.90,M,M
BFF,2025-09-09 16:44,79.00,44.00,28.97,20.70,7000.00,34.50
BFF,2025-09-09 16:53,68.00,54.00,60.89,21.85,7000.00,44.85
BFF,2025-09-09 16:58,65.00,56.00,72.64,18.40,5500.00,M
BFF,2025-09-09 17:12,69.00,52.00,54.67,3.45,3100.00,M
BFF,2025-09-09 17:21,69.00,57.00,65.60,5.75,3700.00,M
BFF,2025-09-09 17:53,76.00,52.00,43.18,3.45,M,M
BFF,2025-09-09 18:53,76.00,53.00,44.80,9.20,M,M
BFF,2025-09-09 19:53,70.00,53.00,54.81,11.50,M,M
BFF,2025-09-09 20:53,63.00,54.00,72.44,9.20,M,M
BFF,2025-09-09 21:53,61.00,55.00,80.62,6.90,M,M
BFF,2025-09-09 22:53,62.00,55.00,77.82,11.50,12000.00,M
BFF,2025-09-09 23:53,62.00,53.00,72.34,12.65,M,M
BFF,2025-09-10 00:53,59.00,55.00,86.57,10.35,M,M
BFF,2025-09-10 01:53,58.00,54.00,86.51,6.90,M,M
BFF,2025-09-10 02:53,57.00,53.00,86.46,3.45,M,M
BFF,2025-09-10 03:53,55.00,53.00,92.95,6.90,M,M
BFF,2025-09-10 04:53,55.00,52.00,89.60,6.90,M,M
BFF,2025-09-10 05:53,53.00,52.00,96.39,6.90,M,M
BFF,2025-09-10 06:53,53.00,51.00,92.89,6.90,M,M
BFF,2025-09-10 07:53,54.00,52.00,92.92,8.05,M,M
BFF,2025-09-10 08:53,57.00,54.00,89.68,9.20,M,M
BFF,2025-09-10 09:53,63.00,55.00,75.13,10.35,M,M
BFF,2025-09-10 10:53,67.00,56.00,67.78,11.50,M,M
BFF,2025-09-10 11:53,72.00,59.00,63.65,9.20,M,M
BFF,2025-09-10 12:53,77.00,60.00,55.81,12.65,M,M
BFF,2025-09-10 13:53,82.00,58.00,44.12,12.65,M,M
BFF,2025-09-10 14:53,87.00,54.00,32.52,12.65,M,M
BFF,2025-09-10 15:53,89.00,53.00,29.43,16.10,M,M
BFF,2025-09-10 16:53,84.00,52.00,33.25,13.80,10000.00,M
BFF,2025-09-10 17:27,87.00,55.00,33.73,18.40,M,M
BFF,2025-09-10 17:42,83.00,54.00,36.96,14.95,M,M
BFF,2025-09-10 17:53,83.00,54.00,36.96,17.25,M,M
BFF,2025-09-10 18:20,81.00,54.00,39.43,12.65,M,M
BFF,2025-09-10 18:35,80.00,54.00,40.73,16.10,M,M
BFF,2025-09-10 18:49,78.80,55.40,44.58,12.65,7000.00,M
BFF,2025-09-10 18:53,79.00,55.00,43.65,13.80,7000.00,M
BFF,2025-09-10 19:04,78.00,57.00,48.50,12.65,8000.00,M
BFF,2025-09-10 19:53,77.00,56.00,48.35,12.65,M,M
BFF,2025-09-10 20:53,77.00,55.00,46.62,20.70,M,31.05
BFF,2025-09-10 21:53,74.00,54.00,49.67,16.10,M,29.90
BFF,2025-09-10 22:53,73.00,54.00,51.37,12.65,M,M
BFF,2025-09-10 23:53,72.00,56.00,57.14,13.80,M,M
BFF,2025-09-11 00:53,69.00,56.00,63.27,13.80,M,M
BFF,2025-09-11 01:53,65.00,57.00,75.32,10.35,M,M
BFF,2025-09-11 02:53,63.00,58.00,83.73,9.20,M,M
BFF,2025-09-11 03:53,64.00,59.00,83.80,10.35,M,M
BFF,2025-09-11 04:53,63.00,60.00,89.94,9.20,M,M
BFF,2025-09-11 05:13,64.00,60.00,86.84,8.05,M,M
BFF,2025-09-11 05:28,64.00,60.00,86.84,10.35,M,M
BFF,2025-09-11 05:53,64.00,61.00,89.98,6.90,M,M
BFF,2025-09-11 06:53,63.00,61.00,93.19,10.35,M,M
BFF,2025-09-11 07:53,63.00,61.00,93.19,9.20,M,M
BFF,2025-09-11 08:44,63.00,62.00,96.54,10.35,11000.00,M
BFF,2025-09-11 08:53,64.00,62.00,93.22,10.35,12000.00,M
BFF,2025-09-11 09:06,64.00,63.00,96.56,10.35,8000.00,M
BFF,2025-09-11 09:53,66.00,63.00,90.06,8.05,12000.00,M
BFF,2025-09-11 10:53,72.00,64.00,75.96,8.05,M,M
BFF,2025-09-11 11:53,77.00,64.00,64.27,0.00,M,M
BFF,2025-09-11 12:53,80.00,63.00,56.23,6.90,M,M
BFF,2025-09-11 13:53,82.00,63.00,52.69,5.75,M,M
BFF,2025-09-11 14:53,85.00,63.00,47.84,9.20,M,M
BFF,2025-09-11 15:53,83.00,62.00,49.25,10.35,M,M
BFF,2025-09-11 16:53,81.00,63.00,54.43,8.05,M,M
BFF,2025-09-11 17:53,82.00,61.00,49.10,10.35,M,M
BFF,2025-09-11 18:53,79.00,62.00,56.09,9.20,M,M
BFF,2025-09-11 19:53,78.00,49.00,36.16,10.35,M,M
BFF,2025-09-11 20:53,77.00,49.00,37.37,8.05,M,M
BFF,2025-09-11 21:53,68.00,53.00,58.70,8.05,M,M
BFF,2025-09-11 22:53,65.00,54.00,67.55,8.05,M,M
BFF,2025-09-11 23:53,64.00,59.00,83.80,8.05,M,M
BFF,2025-09-12 00:53,62.00,58.00,86.73,0.00,M,M
BFF,2025-09-12 01:53,60.00,57.00,89.81,0.00,M,M
BFF,2025-09-12 02:53,60.00,57.00,89.81,4.60,M,M
BFF,2025-09-12 03:53,57.00,55.00,93.01,0.00,M,M
BFF,2025-09-12 04:53,55.00,53.00,92.95,5.75,M,M
BFF,2025-09-12 05:53,53.00,52.00,96.39,5.75,M,M
BFF,2025-09-12 06:53,53.00,52.00,96.39,3.45,M,M
BFF,2025-09-12 07:53,52.00,51.00,96.37,0.00,M,M
BFF,2025-09-12 08:53,54.00,52.00,92.92,3.45,M,M
BFF,2025-09-12 09:53,60.00,54.00,80.54,4.60,M,M
BFF,2025-09-12 10:53,71.00,54.00,54.96,8.05,M,M
BFF,2025-09-12 11:53,76.00,54.00,46.47,6.90,M,M
BFF,2025-09-12 12:53,80.00,52.00,37.85,5.75,M,M
BFF,2025-09-12 13:53,83.00,51.00,33.09,3.45,M,M
BFF,2025-09-12 14:53,85.00,51.00,31.04,6.90,M,M
BFF,2025-09-12 15:53,86.00,48.00,26.88,6.90,M,M
BFF,2025-09-12 16:53,85.00,48.00,27.75,4.60,M,M
BFF,2025-09-12 17:53,85.00,49.00,28.81,5.75,M,M
BFF,2025-09-12 18:53,81.00,59.00,47.24,3.45,M,M
BFF,2025-09-12 19:53,77.00,56.00,48.35,M,M,M
BFF,2025-09-12 20:53,70.00,51.00,50.92,12.65,11000.00,M
BFF,2025-09-12 21:53,67.00,51.00,56.44,11.50,11000.00,M
BFF,2025-09-12 22:53,66.00,51.00,58.42,14.95,11000.00,M
BFF,2025-09-12 23:53,66.00,51.00,58.42,10.35,M,M
BFF,2025-09-13 00:53,64.00,52.00,64.99,6.90,11000.00,M
BFF,2025-09-13 01:53,61.00,53.00,74.94,4.60,M,M
BFF,2025-09-13 02:53,61.00,53.00,74.94,3.45,M,M
BFF,2025-09-13 03:53,60.00,53.00,77.65,8.05,M,M
BFF,2025-09-13 04:53,59.00,53.00,80.47,10.35,11000.00,M
BFF,2025-09-13 05:53,58.00,52.00,80.39,4.60,M,M
BFF,2025-09-13 06:53,57.00,52.00,83.34,6.90,12000.00,M
BFF,2025-09-13 07:53,55.00,52.00,89.60,5.75,M,M
BFF,2025-09-13 08:53,57.00,52.00,83.34,5.75,12000.00,M
BFF,2025-09-13 09:53,60.00,52.00,74.84,6.90,M,M
BFF,2025-09-13 10:53,67.00,49.00,52.39,5.75,M,M
BFF,2025-09-13 11:53,71.00,49.00,45.69,0.00,M,M
BFF,2025-09-13 12:53,75.00,50.00,41.45,5.75,M,M
BFF,2025-09-13 13:53,77.00,50.00,38.79,5.75,M,M
BFF,2025-09-13 14:53,78.00,50.00,37.53,4.60,M,M
BFF,2025-09-13 15:53,80.00,51.00,36.48,9.20,M,M
BFF,2025-09-13 16:53,79.00,49.00,34.99,4.60,M,M
BFF,2025-09-13 17:53,78.00,49.00,36.16,4.60,M,M
BFF,2025-09-13 18:53,76.00,51.00,41.61,4.60,M,M
BFF,2025-09-13 19:53,71.00,57.00,61.28,14.95,M,M
BFF,2025-09-13 20:53,66.00,51.00,58.42,8.05,M,M
BFF,2025-09-13 21:53,65.00,53.00,65.12,5.75,7000.00,M
BFF,2025-09-13 22:53,64.00,54.00,69.94,5.75,4900.00,M
BFF,2025-09-13 23:53,58.00,57.00,96.47,16.10,9500.00,M
BFF,2025-09-14 00:53,63.00,52.00,67.31,13.80,9000.00,M
BFF,2025-09-14 01:53,59.00,57.00,93.07,5.75,9000.00,M
BFF,2025-09-14 02:53,59.00,56.00,89.77,4.60,7000.00,M
BFF,2025-09-14 03:53,59.00,57.00,93.07,0.00,7000.00,M
BFF,2025-09-14 04:53,59.00,56.00,89.77,5.75,8500.00,M
BFF,2025-09-14 05:53,58.00,55.00,89.73,11.50,7500.00,M
BFF,2025-09-14 06:53,57.00,54.00,89.68,8.05,8500.00,M
BFF,2025-09-14 07:53,57.00,54.00,89.68,8.05,8000.00,M
BFF,2025-09-14 08:53,57.00,53.00,86.46,12.65,7500.00,M
BFF,2025-09-14 09:53,58.00,53.00,83.40,11.50,8500.00,M
BFF,2025-09-14 10:53,59.00,54.00,83.47,11.50,9500.00,M
BFF,2025-09-14 11:53,62.00,52.00,69.72,14.95,10000.00,M
BFF,2025-09-14 12:53,63.00,53.00,69.83,5.75,5500.00,M
BFF,2025-09-14 13:53,65.00,54.00,67.55,0.00,11000.00,M
BFF,2025-09-14 14:53,67.00,53.00,60.75,6.90,12000.00,M
BFF,2025-09-14 15:53,68.00,55.00,63.15,5.75,M,M
BFF,2025-09-14 16:53,69.00,52.00,54.67,11.50,10000.00,M
BFF,2025-09-14 17:53,69.00,53.00,56.72,8.05,M,M
BFF,2025-09-14 18:17,68.00,50.00,52.54,6.90,9000.00,M
BFF,2025-09-14 18:32,67.00,52.00,58.56,5.75,6000.00,M
BFF,2025-09-14 18:53,65.00,54.00,67.55,10.35,6000.00,M
BFF,2025-09-14 19:53,60.00,56.00,86.62,5.75,M,M
BFF,2025-09-14 20:53,58.00,53.00,83.40,4.60,M,M
BFF,2025-09-14 21:53,57.00,52.00,83.34,5.75,M,M
BFF,2025-09-14 22:53,54.00,51.00,89.55,5.75,M,M
BFF,2025-09-14 23:53,55.00,52.00,89.60,9.20,12000.00,M
BFF,2025-09-15 00:53,54.00,52.00,92.92,9.20,M,M
BFF,2025-09-15 01:53,52.00,51.00,96.37,8.05,M,M
BFF,2025-09-15 02:53,50.00,49.00,96.34,8.05,M,M
BFF,2025-09-15 03:53,50.00,48.00,92.80,6.90,M,M
BFF,2025-09-15 04:53,50.00,48.00,92.80,5.75,12000.00,M
BFF,2025-09-15 05:53,50.00,47.00,89.37,5.75,M,M
BFF,2025-09-15 06:53,49.00,46.00,89.33,0.00,M,M
BFF,2025-09-15 07:53,47.00,45.00,92.71,0.00,M,M
BFF,2025-09-15 08:53,55.00,49.00,80.16,0.00,M,M
BFF,2025-09-15 09:53,61.00,51.00,69.61,0.00,M,M
BFF,2025-09-15 10:53,69.00,46.00,43.69,5.75,M,M
BFF,2025-09-15 11:53,74.00,49.00,41.29,5.75,M,M
BFF,2025-09-15 12:53,80.00,46.00,30.25,8.05,M,M
BFF,2025-09-15 13:53,84.00,46.00,26.58,3.45,M,M
BFF,2025-09-15 14:53,84.00,44.00,24.63,4.60,M,M
BFF,2025-09-15 15:53,85.00,43.00,22.96,0.00,M,M
BFF,2025-09-15 16:53,83.00,46.00,27.44,11.50,M,M
BFF,2025-09-15 17:53,81.00,45.00,28.19,8.05,M,M
BFF,2025-09-15 18:53,77.00,48.00,36.00,6.90,M,M
BFF,2025-09-15 19:53,70.00,54.00,56.86,0.00,M,M
BFF,2025-09-15 20:19,69.00,53.00,56.72,16.10,M,M
BFF,2025-09-15 20:53,70.00,46.00,42.22,27.60,1900.00,40.25
BFF,2025-09-15 21:23,69.00,47.00,45.37,13.80,4900.00,36.80
BFF,2025-09-15 21:53,72.00,42.00,33.86,4.60,M,36.80
BFF,2025-09-15 22:53,68.00,47.00,46.96,5.75,5500.00,M
BFF,2025-09-15 23:53,67.00,46.00,46.80,6.90,M,M
BFF,2025-09-16 00:53,62.00,47.00,57.87,0.00,M,M
BFF,2025-09-16 01:53,61.00,48.00,62.25,5.75,7500.00,31.05
BFF,2025-09-16 02:53,55.00,50.00,83.20,3.45,M,M
BFF,2025-09-16 03:53,54.00,49.00,83.13,0.00,M,M
BFF,2025-09-16 04:05,54.00,49.00,83.13,6.90,M,M
BFF,2025-09-16 04:20,54.00,49.00,83.13,3.45,4400.00,M
BFF,2025-09-16 04:53,54.00,50.00,86.29,6.90,M,M
BFF,2025-09-16 05:53,56.00,49.00,77.30,10.35,M,M
BFF,2025-09-16 06:53,55.00,49.00,80.16,5.75,M,M
BFF,2025-09-16 07:53,56.00,50.00,80.23,6.90,M,M
BFF,2025-09-16 08:53,61.00,51.00,69.61,4.60,M,M
BFF,2025-09-16 09:35,63.00,51.00,64.87,5.75,12000.00,M
BFF,2025-09-16 09:53,64.00,52.00,64.99,9.20,12000.00,M
BFF,2025-09-16 10:08,58.00,52.00,80.39,12.65,12000.00,M
BFF,2025-09-16 10:20,57.00,52.00,83.34,10.35,8500.00,M
BFF,2025-09-16 10:40,57.00,54.00,89.68,4.60,4500.00,M
BFF,2025-09-16 10:53,58.00,54.00,86.51,5.75,9500.00,M
BFF,2025-09-16 11:13,57.00,54.00,89.68,4.60,7000.00,M
BFF,2025-09-16 11:28,57.00,54.00,89.68,6.90,4300.00,M
BFF,2025-09-16 11:53,56.00,54.00,92.98,8.05,3600.00,M
BFF,2025-09-16 12:53,58.00,55.00,89.73,6.90,12000.00,M
BFF,2025-09-16 13:53,60.00,53.00,77.65,18.40,M,31.05
BFF,2025-09-16 14:53,59.00,52.00,77.56,13.80,M,29.90
BFF,2025-09-16 15:53,63.00,52.00,67.31,14.95,M,M
BFF,2025-09-16 16:53,67.00,52.00,58.56,10.35,M,M
BFF,2025-09-16 17:53,68.00,50.00,52.54,8.05,M,M
BFF,2025-09-16 18:53,67.00,51.00,56.44,3.45,M,M
BFF,2025-09-16 19:53,63.00,54.00,72.44,4.60,8000.00,M
BFF,2025-09-16 20:14,62.00,56.00,80.70,4.60,8500.00,M
BFF,2025-09-16 20:42,60.00,56.00,86.62,8.05,6500.00,M
BFF,2025-09-16 20:53,60.00,54.00,80.54,10.35,5500.00,M
BFF,2025-09-16 21:53,58.00,56.00,93.04,6.90,10000.00,M
BFF,2025-09-16 22:53,57.00,55.00,93.01,5.75,M,M
BFF,2025-09-16 23:53,56.00,55.00,96.44,0.00,12000.00,M
BFF,2025-09-17 00:53,55.00,54.00,96.42,3.45,11000.00,M
BFF,2025-09-17 01:53,55.00,54.00,96.42,6.90,12000.00,M
BFF,2025-09-17 02:53,54.00,54.00,100.00,0.00,10000.00,M
BFF,2025-09-17 03:53,54.00,53.00,96.40,0.00,6000.00,M
BFF,2025-09-17 04:51,53.60,53.60,100.00,3.45,400.00,M
BFF,2025-09-17 04:53,54.00,53.00,96.40,3.45,400.00,M
BFF,2025-09-17 05:53,55.00,54.00,96.42,3.45,3000.00,M
BFF,2025-09-17 06:53,55.00,54.00,96.42,5.75,4900.00,M
BFF,2025-09-17 07:22,54.00,54.00,100.00,5.75,300.00,M
BFF,2025-09-17 07:40,54.00,54.00,100.00,5.75,1300.00,M
BFF,2025-09-17 07:53,54.00,54.00,100.00,5.75,1300.00,M
BFF,2025-09-17 08:05,54.00,54.00,100.00,4.60,800.00,M
BFF,2025-09-17 08:42,55.00,54.00,96.42,6.90,1700.00,M
BFF,2025-09-17 08:48,55.40,53.60,93.65,6.90,500.00,M
BFF,2025-09-17 08:53,55.00,54.00,96.42,8.05,500.00,M
BFF,2025-09-17 09:02,55.00,54.00,96.42,6.90,600.00,M
BFF,2025-09-17 09:41,55.00,54.00,96.42,10.35,700.00,M
BFF,2025-09-17 09:50,55.40,53.60,93.65,12.65,700.00,M
BFF,2025-09-17 09:53,55.00,54.00,96.42,11.50,1800.00,M
BFF,2025-09-17 10:53,56.00,53.00,89.64,13.80,7000.00,M
BFF,2025-09-17 11:53,59.00,52.00,77.56,12.65,3100.00,M
BFF,2025-09-17 12:53,62.00,52.00,69.72,12.65,2100.00,M
BFF,2025-09-17 13:53,63.00,52.00,67.31,13.80,2200.00,M
BFF,2025-09-17 14:53,64.00,52.00,64.99,11.50,2500.00,M
BFF,2025-09-17 15:53,64.00,52.00,64.99,12.65,2700.00,M
BFF,2025-09-17 16:49,62.60,51.80,67.76,11.50,2400.00,M
BFF,2025-09-17 16:53,62.00,52.00,69.72,12.65,2400.00,M
BFF,2025-09-17 17:43,61.00,51.00,69.61,13.80,2300.00,M
BFF,2025-09-17 17:53,60.00,51.00,72.13,12.65,2600.00,M
BFF,2025-09-17 18:53,57.00,52.00,83.34,10.35,8500.00,M
BFF,2025-09-17 19:53,56.00,53.00,89.64,10.35,10000.00,M
BFF,2025-09-17 20:16,56.00,53.00,89.64,10.35,1100.00,M
BFF,2025-09-17 20:23,56.00,53.00,89.64,14.95,1100.00,M
BFF,2025-09-17 20:53,55.00,53.00,92.95,9.20,8000.00,M
BFF,2025-09-17 21:53,55.00,52.00,89.60,11.50,6500.00,M
BFF,2025-09-17 22:53,54.00,53.00,96.40,8.05,7500.00,M
BFF,2025-09-17 23:53,54.00,53.00,96.40,5.75,6000.00,M
BFF,2025-09-18 00:40,54.00,53.00,96.40,3.45,500.00,M
BFF,2025-09-18 00:53,54.00,54.00,100.00,4.60,400.00,M
BFF,2025-09-18 01:04,54.00,53.00,96.40,4.60,400.00,M
BFF,2025-09-18 01:23,54.00,53.00,96.40,5.75,400.00,M
BFF,2025-09-18 01:53,54.00,53.00,96.40,4.60,3400.00,M
BFF,2025-09-18 02:53,52.00,52.00,100.00,4.60,1000.00,M
BFF,2025-09-18 03:53,52.00,52.00,100.00,5.75,4500.00,M
BFF,2025-09-18 04:53,53.00,52.00,96.39,4.60,1300.00,M
BFF,2025-09-18 05:53,53.00,53.00,100.00,6.90,4000.00,M
BFF,2025-09-18 06:53,54.00,52.00,92.92,8.05,3900.00,M
BFF,2025-09-18 07:25,53.00,52.00,96.39,5.75,2800.00,M
BFF,2025-09-18 07:53,53.00,52.00,96.39,6.90,2700.00,M
BFF,2025-09-18 08:46,53.00,52.00,96.39,6.90,400.00,M
BFF,2025-09-18 08:53,53.00,52.00,96.39,8.05,400.00,M
BFF,2025-09-18 09:02,53.00,52.00,96.39,5.75,300.00,M
BFF,2025-09-18 09:10,53.00,52.00,96.39,6.90,300.00,M
BFF,2025-09-18 09:53,56.00,53.00,89.64,9.20,M,M
BFF,2025-09-18 10:53,60.00,53.00,77.65,10.35,M,M
BFF,2025-09-18 11:53,64.00,51.00,62.64,11.50,M,M
BFF,2025-09-18 12:53,64.00,50.00,60.35,8.05,2800.00,M
BFF,2025-09-18 13:53,67.00,48.00,50.47,8.05,4000.00,M
BFF,2025-09-18 14:53,69.00,47.00,45.37,6.90,4700.00,M
BFF,2025-09-18 15:53,70.00,47.00,43.85,4.60,5000.00,M
BFF,2025-09-18 16:53,72.00,48.00,42.54,6.90,6000.00,M
BFF,2025-09-18 17:53,71.00,47.00,42.38,4.60,M,M
BFF,2025-09-18 18:53,70.00,47.00,43.85,4.60,M,M
BFF,2025-09-18 19:53,64.00,52.00,64.99,5.75,M,M
BFF,2025-09-18 20:53,58.00,51.00,77.47,8.05,M,M
BFF,2025-09-18 21:53,55.00,51.00,86.35,6.90,M,M
BFF,2025-09-18 22:53,53.00,50.00,89.51,8.05,M,M
BFF,2025-09-18 23:53,53.00,49.00,86.23,5.75,M,M
BFF,2025-09-19 00:53,52.00,49.00,89.46,6.90,M,M
BFF,2025-09-19 01:53,50.00,47.00,89.37,5.75,M,M
BFF,2025-09-19 02:53,49.00,47.00,92.77,6.90,M,M
BFF,2025-09-19 03:53,49.00,47.00,92.77,8.05,M,M
BFF,2025-09-19 04:53,50.00,47.00,89.37,8.05,M,M
BFF,2025-09-19 05:53,49.00,47.00,92.77,11.50,M,M
BFF,2025-09-19 06:53,49.00,47.00,92.77,4.60,M,M
BFF,2025-09-19 07:53,46.00,45.00,96.28,0.00,M,M
BFF,2025-09-19 08:53,49.00,47.00,92.77,3.45,M,M
BFF,2025-09-19 09:53,53.00,49.00,86.23,5.75,M,M
BFF,2025-09-19 10:06,54.00,49.00,83.13,6.90,800.00,M
BFF,2025-09-19 10:19,55.00,50.00,83.20,6.90,900.00,M
BFF,2025-09-19 10:30,56.00,50.00,80.23,6.90,900.00,M
BFF,2025-09-19 10:53,57.00,51.00,80.31,6.90,M,M
BFF,2025-09-19 11:53,62.00,51.00,67.19,5.75,M,M
BFF,2025-09-19 12:53,66.00,51.00,58.42,0.00,M,M
BFF,2025-09-19 13:53,69.00,50.00,50.77,5.75,M,M
BFF,2025-09-19 14:53,72.00,51.00,47.58,3.45,M,M
BFF,2025-09-19 15:53,72.00,50.00,45.84,3.45,M,M
BFF,2025-09-19 16:53,73.00,49.00,42.70,4.60,M,M
BFF,2025-09-19 17:53,72.00,49.00,44.17,5.75,M,M
BFF,2025-09-19 18:53,71.00,51.00,49.22,4.60,M,M
BFF,2025-09-19 19:53,66.00,52.00,60.62,3.45,M,M
BFF,2025-09-19 20:53,59.00,53.00,80.47,6.90,M,M
BFF,2025-09-19 21:53,56.00,52.00,86.40,6.90,M,M
BFF,2025-09-19 22:53,56.00,51.00,83.27,8.05,M,M
BFF,2025-09-19 23:53,53.00,50.00,89.51,5.75,M,M
BFF,2025-09-20 00:53,53.00,50.00,89.51,5.75,M,M
BFF,2025-09-20 01:53,52.00,49.00,89.46,0.00,M,M
BFF,2025-09-20 02:53,51.00,48.00,89.42,6.90,M,M
BFF,2025-09-20 03:53,51.00,48.00,89.42,5.75,M,M
BFF,2025-09-20 04:53,50.00,47.00,89.37,3.45,M,M
BFF,2025-09-20 05:53,48.00,47.00,96.31,5.75,M,M
BFF,2025-09-20 06:53,50.00,49.00,96.34,6.90,M,M
BFF,2025-09-20 07:53,50.00,49.00,96.34,6.90,M,M
BFF,2025-09-20 08:53,53.00,51.00,92.89,9.20,M,M
BFF,2025-09-20 09:53,58.00,54.00,86.51,6.90,M,M
BFF,2025-09-20 10:53,63.00,55.00,75.13,6.90,M,M
BFF,2025-09-20 11:53,67.00,55.00,65.36,4.60,M,M
BFF,2025-09-20 12:53,74.00,56.00,53.42,0.00,M,M
BFF,2025-09-20 13:53,75.00,53.00,46.31,4.60,M,M
BFF,2025-09-20 14:53,78.00,51.00,38.95,4.60,M,M
BFF,2025-09-20 15:53,80.00,44.00,28.03,3.45,M,M
BFF,2025-09-20 16:53,80.00,42.00,25.96,4.60,M,M
BFF,2025-09-20 17:53,79.00,42.00,26.83,4.60,M,M
BFF,2025-09-20 18:53,76.00,51.00,41.61,4.60,M,M
BFF,2025-09-20 19:53,70.00,56.00,61.15,5.75,M,M
BFF,2025-09-20 20:53,64.00,52.00,64.99,18.40,2600.00,36.80
BFF,2025-09-20 21:12,63.00,51.00,64.87,13.80,9500.00,M
BFF,2025-09-20 21:53,62.00,52.00,69.72,13.80,7000.00,M
BFF,2025-09-20 22:53,65.00,50.00,58.28,6.90,7000.00,M
BFF,2025-09-20 23:53,62.00,52.00,69.72,6.90,9500.00,M
BFF,2025-09-21 00:53,60.00,53.00,77.65,5.75,10000.00,M
BFF,2025-09-21 01:53,56.00,53.00,89.64,3.45,M,M
BFF,2025-09-21 02:53,52.00,50.00,92.86,5.75,M,M
BFF,2025-09-21 03:53,51.00,49.00,92.83,5.75,M,M
BFF,2025-09-21 04:53,50.00,48.00,92.80,4.60,M,M
BFF,2025-09-21 05:53,48.00,47.00,96.31,3.45,M,M
BFF,2025-09-21 06:53,47.00,47.00,100.00,0.00,M,M
BFF,2025-09-21 07:53,47.00,46.00,96.29,0.00,M,M
BFF,2025-09-21 08:53,51.00,49.00,92.83,3.45,M,M
BFF,2025-09-21 09:53,59.00,51.00,74.75,0.00,M,M
BFF,2025-09-21 10:53,67.00,50.00,54.38,3.45,M,M
BFF,2025-09-21 11:53,73.00,50.00,44.33,8.05,M,M
BFF,2025-09-21 12:53,78.00,48.00,34.83,11.50,M,M
BFF,2025-09-21 13:53,81.00,48.00,31.57,8.05,M,M
BFF,2025-09-21 14:53,83.00,46.00,27.44,9.20,M,M
BFF,2025-09-21 15:53,85.00,45.00,24.78,9.20,M,M
BFF,2025-09-21 16:53,85.00,45.00,24.78,8.05,M,M
BFF,2025-09-21 17:53,85.00,45.00,24.78,6.90,M,M
BFF,2025-09-21 18:53,81.00,43.00,26.12,0.00,M,M
BFF,2025-09-21 19:53,72.00,48.00,42.54,4.60,M,M
BFF,2025-09-21 20:53,62.00,52.00,69.72,4.60,M,M
BFF,2025-09-21 21:53,64.00,49.00,58.15,0.00,M,M
BFF,2025-09-21 22:15,69.00,45.00,42.06,26.45,12000.00,48.30
BFF,2025-09-21 22:24,68.00,47.00,46.96,24.15,12000.00,48.30
BFF,2025-09-21 22:53,70.00,45.00,40.65,27.60,12000.00,48.30
BFF,2025-09-21 23:53,63.00,52.00,67.31,3.45,7000.00,52.90
BFF,2025-09-22 00:53,59.00,51.00,74.75,9.20,M,M
BFF,2025-09-22 01:53,58.00,49.00,71.92,4.60,M,M
BFF,2025-09-22 02:53,54.00,50.00,86.29,6.90,M,M
BFF,2025-09-22 03:53,55.00,49.00,80.16,8.05,M,M
BFF,2025-09-22 04:53,54.00,49.00,83.13,5.75,M,M
BFF,2025-09-22 05:53,53.00,47.00,80.00,4.60,M,M
BFF,2025-09-22 06:53,52.00,47.00,82.99,6.90,M,M
BFF,2025-09-22 07:53,53.00,47.00,80.00,3.45,M,M
BFF,2025-09-22 08:53,56.00,50.00,80.23,4.60,M,M
BFF,2025-09-22 09:53,64.00,50.00,60.35,6.90,M,M
BFF,2025-09-22 10:53,71.00,48.00,44.01,11.50,M,M
BFF,2025-09-22 11:53,75.00,49.00,39.94,13.80,M,M
BFF,2025-09-22 12:53,74.00,47.00,38.31,20.70,M,31.05
BFF,2025-09-22 13:53,74.00,45.00,35.51,17.25,M,35.65
BFF,2025-09-22 14:53,74.00,43.00,32.90,17.25,M,34.50
BFF,2025-09-22 15:53,75.00,44.00,33.06,19.55,M,M
BFF,2025-09-22 16:53,75.00,43.00,31.82,19.55,M,32.20
BFF,2025-09-22 17:53,73.00,42.00,32.74,16.10,M,31.05
BFF,2025-09-22 18:53,68.00,43.00,40.33,18.40,M,33.35
BFF,2025-09-22 19:53,63.00,46.00,53.79,16.10,M,M
BFF,2025-09-22 20:53,58.00,48.00,69.28,11.50,M,M
BFF,2025-09-22 21:53,57.00,49.00,74.55,11.50,M,M
BFF,2025-09-22 22:53,58.00,49.00,71.92,10.35,4900.00,M
BFF,2025-09-22 23:53,58.00,49.00,71.92,11.50,5500.00,M
BFF,2025-09-23 00:28,58.00,50.00,74.65,9.20,1900.00,M
BFF,2025-09-23 00:53,58.00,51.00,77.47,6.90,1800.00,M
BFF,2025-09-23 01:53,58.00,52.00,80.39,9.20,1900.00,M
BFF,2025-09-23 02:25,58.00,51.00,77.47,10.35,1900.00,M
BFF,2025-09-23 02:53,58.00,50.00,74.65,6.90,3600.00,M
BFF,2025-09-23 03:53,55.00,50.00,83.20,11.50,3500.00,M
BFF,2025-09-23 04:11,55.00,50.00,83.20,10.35,2900.00,M
BFF,2025-09-23 04:53,55.00,48.00,77.21,9.20,2500.00,M
BFF,2025-09-23 05:11,55.00,48.00,77.21,9.20,2500.00,M
BFF,2025-09-23 05:20,56.00,48.00,74.46,9.20,2900.00,M
BFF,2025-09-23 05:53,56.00,49.00,77.30,10.35,2600.00,M
BFF,2025-09-23 06:53,54.00,51.00,89.55,10.35,1900.00,M
BFF,2025-09-23 07:43,54.00,50.00,86.29,10.35,1600.00,M
BFF,2025-09-23 07:53,54.00,50.00,86.29,10.35,1600.00,M
BFF,2025-09-23 08:34,54.00,50.00,86.29,12.65,2400.00,M
BFF,2025-09-23 08:53,54.00,50.00,86.29,10.35,1600.00,M
BFF,2025-09-23 09:00,54.00,50.00,86.29,11.50,2000.00,M
BFF,2025-09-23 09:53,54.00,51.00,89.55,8.05,1700.00,M
BFF,2025-09-23 10:53,54.00,51.00,89.55,8.05,2000.00,M
BFF,2025-09-23 11:53,55.00,52.00,89.60,5.75,1800.00,M
BFF,2025-09-23 12:31,56.00,52.00,86.40,5.75,1900.00,M
BFF,2025-09-23 12:53,57.00,53.00,86.46,5.75,2100.00,M
BFF,2025-09-23 13:44,60.00,53.00,77.65,9.20,2700.00,M
BFF,2025-09-23 13:53,61.00,53.00,74.94,8.05,2700.00,M
BFF,2025-09-23 14:14,63.00,53.00,69.83,10.35,2500.00,M
BFF,2025-09-23 14:53,65.00,49.00,56.15,6.90,4100.00,M
BFF,2025-09-23 15:53,67.00,47.00,48.60,16.10,5500.00,M
BFF,2025-09-23 16:53,66.00,49.00,54.23,11.50,5000.00,M
BFF,2025-09-23 17:53,68.00,48.00,48.76,10.35,5500.00,M
BFF,2025-09-23 18:53,66.00,49.00,54.23,8.05,M,M
BFF,2025-09-23 19:53,61.00,48.00,62.25,6.90,M,M
BFF,2025-09-23 20:53,57.00,48.00,71.81,5.75,M,M
BFF,2025-09-24 00:53,48.00,46.00,92.74,4.60,6500.00,M
BFF,2025-09-24 01:53,46.00,45.00,96.28,4.60,9000.00,M
BFF,2025-09-24 02:53,47.00,45.00,92.71,8.05,M,M
BFF,2025-09-24 03:53,46.00,45.00,96.28,8.05,M,M
BFF,2025-09-24 04:53,46.00,45.00,96.28,6.90,M,M
BFF,2025-09-24 05:53,46.00,44.00,92.68,8.05,M,M
BFF,2025-09-24 06:53,45.00,44.00,96.26,8.05,M,M
BFF,2025-09-24 07:53,44.00,43.00,96.24,6.90,M,M
BFF,2025-09-24 08:53,48.00,46.00,92.74,5.75,M,M
BFF,2025-09-24 09:53,53.00,48.00,83.06,6.90,M,M
BFF,2025-09-24 10:53,60.00,49.00,66.96,4.60,M,M
BFF,2025-09-24 11:53,66.00,50.00,56.29,4.60,M,M
BFF,2025-09-24 12:53,69.00,47.00,45.37,3.45,M,M
BFF,2025-09-24 13:53,70.00,46.00,42.22,0.00,M,M
BFF,2025-09-24 14:53,71.00,45.00,39.29,3.45,M,M
BFF,2025-09-24 15:53,75.00,43.00,31.82,3.45,M,M
BFF,2025-09-24 16:53,74.00,39.00,28.18,3.45,M,M
BFF,2025-09-24 17:53,74.00,41.00,30.46,3.45,M,M
BFF,2025-09-24 18:53,73.00,41.00,31.50,4.60,M,M
BFF,2025-09-24 19:53,62.00,49.00,62.38,4.60,M,M
BFF,2025-09-24 20:53,57.00,45.00,64.12,5.75,M,M
BFF,2025-09-24 21:53,54.00,46.00,74.26,6.90,M,M
BFF,2025-09-24 22:53,53.00,45.00,74.16,0.00,M,M
BFF,2025-09-24 23:53,52.00,44.00,74.06,4.60,M,M
BFF,2025-09-25 00:53,51.00,44.00,76.85,5.75,M,M
BFF,2025-09-25 01:53,49.00,43.00,79.68,6.90,M,M
BFF,2025-09-25 02:53,48.00,43.00,82.72,8.05,M,M
BFF,2025-09-25 03:53,48.00,42.00,79.59,6.90,M,M
BFF,2025-09-25 04:53,42.00,40.00,92.55,4.60,M,M
BFF,2025-09-25 05:53,39.00,38.00,96.16,5.75,M,M
BFF,2025-09-25 06:53,40.00,39.00,96.18,5.75,M,M
BFF,2025-09-25 07:53,41.00,40.00,96.19,3.45,M,M
BFF,2025-09-25 08:53,45.00,43.00,92.64,3.45,M,M
BFF,2025-09-25 09:53,55.00,46.00,71.60,6.90,M,M
BFF,2025-09-25 10:53,62.00,44.00,51.64,8.05,M,M
BFF,2025-09-25 11:53,69.00,43.00,38.97,10.35,M,M
BFF,2025-09-25 12:53,73.00,45.00,36.73,8.05,M,M
BFF,2025-09-25 13:53,79.00,40.00,24.83,6.90,M,M
BFF,2025-09-25 14:53,79.00,40.00,24.83,4.60,M,M
BFF,2025-09-25 15:53,80.00,40.00,24.03,3.45,M,M
BFF,2025-09-25 16:53,80.00,40.00,24.03,0.00,M,M
BFF,2025-09-25 17:53,80.00,41.00,24.98,0.00,M,M
BFF,2025-09-25 18:53,78.00,43.00,28.81,5.75,M,M
BFF,2025-09-25 19:53,71.00,43.00,36.40,4.60,M,M
BFF,2025-09-25 20:53,60.00,48.00,64.50,4.60,M,M
BFF,2025-09-25 21:53,58.00,46.00,64.25,3.45,M,M
BFF,2025-09-25 22:53,55.00,45.00,68.94,5.75,M,M
BFF,2025-09-25 23:53,53.00,44.00,71.39,4.60,M,M
BFF,2025-09-26 00:53,52.00,43.00,71.28,5.75,M,M
BFF,2025-09-26 01:53,50.00,43.00,76.76,6.90,M,M
BFF,2025-09-26 02:53,50.00,44.00,79.76,9.20,M,M
BFF,2025-09-26 03:53,49.00,44.00,82.79,4.60,M,M
BFF,2025-09-26 04:53,46.00,43.00,89.19,3.45,M,M
BFF,2025-09-26 05:53,46.00,42.00,85.83,0.00,M,M
BFF,2025-09-26 06:53,44.00,42.00,92.61,0.00,M,M
BFF,2025-09-26 07:53,41.00,40.00,96.19,0.00,M,M
BFF,2025-09-26 08:53,49.00,44.00,82.79,0.00,M,M
BFF,2025-09-26 09:53,57.00,45.00,64.12,3.45,M,M
BFF,2025-09-26 10:53,65.00,45.00,48.29,3.45,M,M
BFF,2025-09-26 11:53,74.00,43.00,32.90,6.90,M,M
BFF,2025-09-26 12:53,81.00,44.00,27.13,11.50,M,M
BFF,2025-09-26 13:53,85.00,38.00,18.91,17.25,M,M
BFF,2025-09-26 14:53,87.00,30.00,12.88,17.25,M,29.90
BFF,2025-09-26 15:53,88.00,31.00,13.00,16.10,M,M
BFF,2025-09-26 16:53,87.00,32.00,13.97,13.80,M,39.10
BFF,2025-09-26 17:53,85.00,34.00,16.14,12.65,M,M
BFF,2025-09-26 18:53,81.00,37.00,20.68,5.75,M,M
BFF,2025-09-26 19:53,69.00,42.00,37.50,8.05,M,M
BFF,2025-09-26 20:53,67.00,39.00,35.75,12.65,M,M
BFF,2025-09-26 21:53,66.00,39.00,37.01,4.60,12000.00,M
BFF,2025-09-26 22:53,61.00,42.00,49.55,3.45,M,M
BFF,2025-09-26 23:53,58.00,41.00,53.05,5.75,M,M
BFF,2025-09-27 00:53,59.00,40.00,49.24,5.75,M,M
BFF,2025-09-27 01:53,55.00,41.00,59.13,3.45,M,M
BFF,2025-09-27 02:53,54.00,42.00,63.74,3.45,M,M
BFF,2025-09-27 03:53,49.00,42.00,76.67,5.75,M,M
BFF,2025-09-27 04:53,47.00,41.00,79.51,5.75,M,M
BFF,2025-09-27 05:53,46.00,41.00,82.57,6.90,M,M
BFF,2025-09-27 06:53,43.00,40.00,89.05,6.90,M,M
BFF,2025-09-27 07:53,43.00,40.00,89.05,4.60,M,M
BFF,2025-09-27 08:53,49.00,42.00,76.67,0.00,M,M
BFF,2025-09-27 09:53,57.00,43.00,59.40,0.00,M,M
BFF,2025-09-27 10:53,62.00,42.00,47.82,5.75,M,M
BFF,2025-09-27 11:53,67.00,40.00,37.17,10.35,M,M
BFF,2025-09-27 12:53,73.00,38.00,28.02,12.65,M,M
BFF,2025-09-27 13:53,76.00,40.00,27.41,14.95,M,M
BFF,2025-09-27 14:53,78.00,41.00,26.67,13.80,M,M
BFF,2025-09-27 15:53,79.00,41.00,25.81,13.80,M,M
BFF,2025-09-27 16:53,80.00,44.00,28.03,18.40,M,M
BFF,2025-09-27 17:53,78.00,46.00,32.30,14.95,M,M
BFF,2025-09-27 18:53,75.00,46.00,35.68,9.20,M,M
BFF,2025-09-27 19:53,65.00,48.00,54.09,8.05,M,M
BFF,2025-09-27 20:53,60.00,47.00,62.12,4.60,M,M
BFF,2025-09-27 21:53,59.00,47.00,64.37,9.20,M,M
BFF,2025-09-27 22:53,57.00,47.00,69.16,9.20,M,M
BFF,2025-09-27 23:53,57.00,46.00,66.60,9.20,M,M
BFF,2025-09-28 00:53,55.00,46.00,71.60,9.20,M,M
BFF,2025-09-28 01:53,54.00,47.00,77.12,9.20,M,M
BFF,2025-09-28 02:53,54.00,47.00,77.12,9.20,M,M
BFF,2025-09-28 03:53,55.00,48.00,77.21,8.05,M,M
BFF,2025-09-28 04:53,55.00,48.00,77.21,9.20,M,M
BFF,2025-09-28 05:53,55.00,50.00,83.20,11.50,M,M
BFF,2025-09-28 06:53,54.00,50.00,86.29,8.05,M,M
BFF,2025-09-28 07:53,53.00,51.00,92.89,9.20,M,M
BFF,2025-09-28 08:53,57.00,53.00,86.46,9.20,M,M
BFF,2025-09-28 09:53,62.00,54.00,75.03,9.20,M,M
BFF,2025-09-28 10:53,68.00,55.00,63.15,11.50,M,M
BFF,2025-09-28 11:53,73.00,56.00,55.24,10.35,M,M
BFF,2025-09-28 12:53,80.00,54.00,40.73,10.35,M,M
BFF,2025-09-28 13:53,83.00,50.00,31.89,16.10,M,M
BFF,2025-09-28 14:12,85.00,47.00,26.73,12.65,M,M
BFF,2025-09-28 14:53,85.00,47.00,26.73,16.10,M,M
BFF,2025-09-28 15:53,86.00,46.00,24.93,11.50,M,M
BFF,2025-09-28 16:53,85.00,50.00,29.91,12.65,M,M
BFF,2025-09-28 17:53,84.00,49.00,29.75,12.65,M,M
BFF,2025-09-28 18:53,81.00,48.00,31.57,4.60,M,M
BFF,2025-09-28 19:53,69.00,50.00,50.77,5.75,M,M
BFF,2025-09-28 20:53,67.00,50.00,54.38,8.05,M,M
BFF,2025-09-28 21:53,62.00,50.00,64.75,6.90,M,M
BFF,2025-09-28 22:53,60.00,51.00,72.13,5.75,M,M
BFF,2025-09-28 23:53,61.00,49.00,64.62,8.05,10000.00,M
BFF,2025-09-29 00:53,60.00,49.00,66.96,6.90,10000.00,M
BFF,2025-09-29 01:53,58.00,49.00,71.92,0.00,M,M
BFF,2025-09-29 02:53,55.00,49.00,80.16,3.45,11000.00,M
BFF,2025-09-29 03:53,54.00,49.00,83.13,3.45,11000.00,M
BFF,2025-09-29 04:53,54.00,50.00,86.29,8.05,M,M
BFF,2025-09-29 05:53,53.00,49.00,86.23,4.60,M,M
BFF,2025-09-29 06:53,55.00,49.00,80.16,3.45,10000.00,M
BFF,2025-09-29 07:53,55.00,52.00,89.60,3.45,10000.00,M
BFF,2025-09-29 08:53,56.00,52.00,86.40,5.75,11000.00,M
BFF,2025-09-29 09:53,60.00,51.00,72.13,3.45,M,M
BFF,2025-09-29 10:53,68.00,50.00,52.54,3.45,M,M
BFF,2025-09-29 11:53,72.00,49.00,44.17,3.45,M,M
BFF,2025-09-29 12:53,75.00,49.00,39.94,M,M,M
BFF,2025-09-29 13:53,77.00,47.00,34.67,5.75,M,M
BFF,2025-09-29 14:53,78.00,47.00,33.54,0.00,M,M
BFF,2025-09-29 15:53,81.00,46.00,29.28,8.05,M,M
BFF,2025-09-29 16:53,81.00,45.00,28.19,0.00,M,M
BFF,2025-09-29 17:53,80.00,48.00,32.62,4.60,M,M
BFF,2025-09-29 18:53,76.00,49.00,38.63,8.05,M,M
BFF,2025-09-29 19:53,71.00,51.00,49.22,8.05,M,M
BFF,2025-09-29 20:53,66.00,49.00,54.23,9.20,M,M
BFF,2025-09-29 21:53,64.00,50.00,60.35,5.75,M,M
BFF,2025-09-29 22:53,61.00,50.00,67.08,6.90,7500.00,M
BFF,2025-09-29 23:53,57.00,50.00,77.39,0.00,M,M
BFF,2025-09-30 00:53,54.00,49.00,83.13,3.45,M,M
BFF,2025-09-30 01:53,53.00,49.00,86.23,6.90,M,M
BFF,2025-09-30 02:53,53.00,49.00,86.23,8.05,M,M
BFF,2025-09-30 03:53,54.00,48.00,80.08,5.75,11000.00,M
BFF,2025-09-30 04:53,54.00,49.00,83.13,8.05,M,M
BFF,2025-09-30 05:53,51.00,48.00,89.42,9.20,M,M
BFF,2025-09-30 06:53,50.00,48.00,92.80,3.45,M,M
BFF,2025-09-30 07:53,48.00,47.00,96.31,6.90,M,M
BFF,2025-09-30 08:53,53.00,49.00,86.23,6.90,M,M
BFF,2025-09-30 09:53,59.00,51.00,74.75,8.05,M,M
BFF,2025-09-30 10:53,65.00,51.00,60.49,8.05,M,M
BFF,2025-09-30 11:53,71.00,51.00,49.22,8.05,M,M
BFF,2025-09-30 12:53,77.00,52.00,41.77,8.05,M,M
BFF,2025-09-30 13:53,82.00,44.00,26.27,5.75,M,M
BFF,2025-09-30 14:53,81.00,45.00,28.19,12.65,10000.00,M
BFF,2025-09-30 15:53,80.00,41.00,24.98,9.20,11000.00,M
BFF,2025-09-30 16:53,81.00,42.00,25.13,0.00,11000.00,M
BFF,2025-09-30 17:53,79.00,43.00,27.88,3.45,11000.00,M
BFF,2025-09-30 18:53,78.00,47.00,33.54,6.90,M,M
BFF,2025-09-30 19:53,66.00,49.00,54.23,5.75,M,M
BFF,2025-09-30 20:53,65.00,50.00,58.28,4.60,10000.00,M
BFF,2025-09-30 21:53,62.00,49.00,62.38,5.75,10000.00,M
BFF,2025-09-30 22:53,61.00,50.00,67.08,9.20,10000.00,M
BFF,2025-09-30 23:53,60.00,51.00,72.13,9.20,M,M
BFF,2025-10-01 00:53,60.00,53.00,77.65,5.75,11000.00,M
BFF,2025-10-01 01:53,58.00,53.00,83.40,5.75,11000.00,M
BFF,2025-10-01 02:53,56.00,52.00,86.40,5.75,M,M
BFF,2025-10-01 03:53,53.00,51.00,92.89,4.60,M,M
BFF,2025-10-01 04:53,51.00,50.00,96.36,0.00,M,M
BFF,2025-10-01 05:53,49.00,48.00,96.32,0.00,M,M
BFF,2025-10-01 06:53,48.00,46.00,92.74,8.05,M,M
BFF,2025-10-01 07:53,46.00,45.00,96.28,4.60,M,M
BFF,2025-10-01 08:53,54.00,50.00,86.29,0.00,M,M
BFF,2025-10-01 09:53,61.00,48.00,62.25,5.75,M,M
BFF,2025-10-01 10:53,69.00,44.00,40.49,11.50,M,M
BFF,2025-10-01 11:53,74.00,43.00,32.90,13.80,M,M
BFF,2025-10-01 12:53,78.00,40.00,25.66,13.80,M,M
BFF,2025-10-01 13:53,80.00,36.00,20.54,17.25,M,31.05
BFF,2025-10-01 14:53,81.00,36.00,19.88,20.70,M,32.20
BFF,2025-10-01 15:53,81.00,37.00,20.68,12.65,M,M
BFF,2025-10-01 16:53,81.00,37.00,20.68,13.80,M,M
BFF,2025-10-01 17:53,81.00,38.00,21.51,10.35,M,M
BFF,2025-10-01 18:53,77.00,38.00,24.52,4.60,M,M
BFF,2025-10-01 19:53,68.00,40.00,35.92,0.00,M,M
BFF,2025-10-01 20:53,66.00,39.00,37.01,0.00,M,M
BFF,2025-10-01 21:53,59.00,40.00,49.24,0.00,M,M
BFF,2025-10-01 22:53,56.00,42.00,59.26,3.45,M,M
BFF,2025-10-01 23:53,52.00,43.00,71.28,3.45,M,M
BFF,2025-10-02 00:53,52.00,42.00,68.59,0.00,M,M
BFF,2025-10-02 01:53,49.00,41.00,73.76,0.00,12000.00,M
BFF,2025-10-02 02:53,48.00,41.00,76.58,3.45,11000.00,M
BFF,2025-10-02 03:53,48.00,41.00,76.58,4.60,12000.00,M
BFF,2025-10-02 04:53,47.00,40.00,76.49,4.60,M,M
BFF,2025-10-02 05:53,43.00,40.00,89.05,4.60,M,M
BFF,2025-10-02 06:53,45.00,40.00,82.50,4.60,M,M
BFF,2025-10-02 07:53,43.00,39.00,85.65,3.45,M,M
BFF,2025-10-02 08:53,51.00,42.00,71.17,4.60,M,M
BFF,2025-10-02 09:53,58.00,43.00,57.30,0.00,M,M
BFF,2025-10-02 10:53,66.00,44.00,44.90,0.00,M,M
BFF,2025-10-02 11:53,73.00,43.00,34.02,0.00,M,M
BFF,2025-10-02 12:53,78.00,42.00,27.72,0.00,M,M
BFF,2025-10-02 13:10,78.00,43.00,28.81,M,M,M
BFF,2025-10-02 13:20,80.00,42.00,25.96,M,M,M
BFF,2025-10-02 13:53,M,M,M,5.75,M,M
BFF,2025-10-02 14:53,84.00,41.00,21.94,8.05,M,M
BFF,2025-10-02 15:53,85.00,40.00,20.44,9.20,M,M
BFF,2025-10-02 16:53,85.00,39.00,19.66,3.45,M,M
BFF,2025-10-02 17:53,85.00,39.00,19.66,5.75,M,M
BFF,2025-10-02 18:53,80.00,42.00,25.96,4.60,M,M
BFF,2025-10-02 19:53,68.00,46.00,45.22,5.75,M,M
BFF,2025-10-02 20:53,66.00,43.00,43.21,4.60,M,M
BFF,2025-10-02 21:53,62.00,44.00,51.64,4.60,M,M
BFF,2025-10-02 22:53,60.00,46.00,59.81,8.05,M,M
BFF,2025-10-02 23:53,58.00,47.00,66.72,8.05,M,M
BFF,2025-10-03 00:53,59.00,47.00,64.37,9.20,M,M
BFF,2025-10-03 01:53,58.00,48.00,69.28,10.35,M,M
BFF,2025-10-03 02:53,60.00,48.00,64.50,6.90,M,M
BFF,2025-10-03 03:53,58.00,48.00,69.28,8.05,M,M
BFF,2025-10-03 04:53,61.00,47.00,59.95,8.05,M,M
BFF,2025-10-03 05:53,57.00,47.00,69.16,9.20,M,M
BFF,2025-10-03 06:53,55.00,48.00,77.21,4.60,M,M
BFF,2025-10-03 07:53,53.00,48.00,83.06,0.00,M,M
BFF,2025-10-03 08:53,58.00,49.00,71.92,6.90,M,M
BFF,2025-10-03 09:53,66.00,50.00,56.29,5.75,M,M
BFF,2025-10-03 10:53,70.00,49.00,47.27,6.90,M,M
BFF,2025-10-03 11:53,76.00,48.00,37.21,6.90,M,M
BFF,2025-10-03 12:53,80.00,48.00,32.62,8.05,M,M
BFF,2025-10-03 13:53,86.00,42.00,21.40,9.20,M,M
BFF,2025-10-03 14:53,89.00,40.00,18.01,10.35,M,M
BFF,2025-10-03 15:53,91.00,36.00,14.46,18.40,M,M
BFF,2025-10-03 16:53,90.00,39.00,16.79,18.40,M,M
BFF,2025-10-03 17:53,88.00,40.00,18.59,17.25,M,M
BFF,2025-10-03 18:53,84.00,41.00,21.94,6.90,M,M
BFF,2025-10-03 19:53,71.00,41.00,33.70,6.90,M,M
BFF,2025-10-03 20:53,66.00,41.00,40.01,4.60,M,M
BFF,2025-10-03 21:53,66.00,47.00,50.31,8.05,M,M
BFF,2025-10-03 22:53,66.00,50.00,56.29,12.65,M,M
BFF,2025-10-03 23:53,63.00,52.00,67.31,8.05,M,M
BFF,2025-10-04 00:53,60.00,52.00,74.84,9.20,M,M
BFF,2025-10-04 01:53,59.00,52.00,77.56,9.20,M,M
BFF,2025-10-04 02:53,58.00,52.00,80.39,9.20,M,M
BFF,2025-10-04 03:53,58.00,52.00,80.39,3.45,M,M
BFF,2025-10-04 04:53,56.00,52.00,86.40,3.45,M,M
BFF,2025-10-04 05:53,54.00,50.00,86.29,0.00,M,M
BFF,2025-10-04 06:53,53.00,50.00,89.51,3.45,M,M
BFF,2025-10-04 07:53,54.00,50.00,86.29,6.90,M,M
BFF,2025-10-04 08:53,54.00,51.00,89.55,0.00,11000.00,M
BFF,2025-10-04 09:53,58.00,51.00,77.47,6.90,9000.00,M
BFF,2025-10-04 10:53,70.00,45.00,40.65,12.65,M,M
BFF,2025-10-04 11:53,72.00,44.00,36.56,11.50,M,M
BFF,2025-10-04 12:53,75.00,45.00,34.35,9.20,12000.00,M
BFF,2025-10-04 13:53,76.00,45.00,33.22,0.00,M,M
BFF,2025-10-04 14:53,77.00,45.00,32.14,11.50,11000.00,M
BFF,2025-10-04 15:53,78.00,46.00,32.30,14.95,M,M
BFF,2025-10-04 16:37,74.00,44.00,34.19,16.10,9000.00,33.35
BFF,2025-10-04 16:53,73.00,45.00,36.73,20.70,9000.00,37.95
BFF,2025-10-04 17:05,71.00,45.00,39.29,13.80,9000.00,M
BFF,2025-10-04 17:19,67.00,47.00,48.60,31.05,7000.00,43.70
BFF,2025-10-04 17:24,61.00,51.00,69.61,19.55,2900.00,43.70
BFF,2025-10-04 17:31,59.00,53.00,80.47,23.00,3400.00,43.70
BFF,2025-10-04 17:38,58.00,53.00,83.40,23.00,3700.00,43.70
BFF,2025-10-04 17:45,58.00,53.00,83.40,20.70,3300.00,43.70
BFF,2025-10-04 17:53,58.00,53.00,83.40,20.70,3500.00,43.70
BFF,2025-10-04 17:58,58.00,53.00,83.40,24.15,3500.00,34.50
BFF,2025-10-04 18:09,58.00,52.00,80.39,20.70,10000.00,34.50
BFF,2025-10-04 18:53,53.00,50.00,89.51,26.45,4900.00,48.30
BFF,2025-10-04 19:00,52.00,50.00,92.86,29.90,4500.00,43.70
BFF,2025-10-04 19:09,51.00,48.00,89.42,24.15,1500.00,43.70
BFF,2025-10-04 19:53,52.00,48.00,86.18,19.55,4600.00,43.70
BFF,2025-10-04 20:53,53.00,48.00,83.06,12.65,7000.00,36.80
BFF,2025-10-04 21:36,53.00,49.00,86.23,10.35,6500.00,M
BFF,2025-10-04 21:53,53.00,50.00,89.51,8.05,4700.00,M
BFF,2025-10-04 22:53,51.00,50.00,96.36,5.75,11000.00,M
BFF,2025-10-04 23:53,51.00,49.00,92.83,0.00,12000.00,M
BFF,2025-10-05 00:53,50.00,48.00,92.80,3.45,M,M
BFF,2025-10-05 01:53,48.00,47.00,96.31,5.75,M,M
BFF,2025-10-05 02:53,48.00,45.00,89.28,8.05,M,M
BFF,2025-10-05 03:53,46.00,44.00,92.68,3.45,M,M
BFF,2025-10-05 04:53,47.00,43.00,85.89,5.75,M,M
BFF,2025-10-05 05:53,46.00,42.00,85.83,8.05,M,M
BFF,2025-10-05 06:53,46.00,43.00,89.19,10.35,8500.00,M
BFF,2025-10-05 07:53,46.00,42.00,85.83,12.65,8500.00,M
BFF,2025-10-05 08:53,47.00,43.00,85.89,13.80,8500.00,M
BFF,2025-10-05 09:53,49.00,42.00,76.67,17.25,1900.00,M
BFF,2025-10-05 10:53,51.00,41.00,68.48,17.25,2200.00,32.20
BFF,2025-10-05 11:08,51.00,41.00,68.48,17.25,2200.00,M
BFF,2025-10-05 11:23,52.00,41.00,65.99,14.95,2400.00,M
BFF,2025-10-05 11:53,52.00,41.00,65.99,16.10,2400.00,M
BFF,2025-10-05 12:19,54.00,41.00,61.32,18.40,2600.00,M
BFF,2025-10-05 12:53,54.00,41.00,61.32,12.65,2800.00,M
BFF,2025-10-05 13:53,55.00,40.00,56.87,16.10,3600.00,M
BFF,2025-10-05 14:53,57.00,39.00,50.88,16.10,4100.00,M
BFF,2025-10-05 15:53,56.00,38.00,50.72,16.10,4100.00,33.35
BFF,2025-10-05 16:53,54.00,38.00,54.55,11.50,4600.00,M
BFF,2025-10-05 17:53,53.00,40.00,61.19,14.95,4500.00,M
BFF,2025-10-05 18:53,50.00,39.00,65.75,10.35,12000.00,M
BFF,2025-10-05 19:53,48.00,40.00,73.66,8.05,4700.00,M
BFF,2025-10-05 20:53,48.00,41.00,76.58,8.05,9500.00,M
BFF,2025-10-05 21:53,47.00,40.00,76.49,9.20,9000.00,M
BFF,2025-10-05 22:53,47.00,40.00,76.49,9.20,8000.00,M
BFF,2025-10-05 23:53,46.00,41.00,82.57,0.00,7000.00,M
BFF,2025-10-06 00:53,45.00,41.00,85.77,0.00,5500.00,M
BFF,2025-10-06 01:38,44.00,43.00,96.24,6.90,600.00,M
BFF,2025-10-06 01:53,44.00,41.00,89.10,9.20,600.00,M
BFF,2025-10-06 02:53,42.00,39.00,89.01,8.05,5000.00,M
BFF,2025-10-06 03:53,42.00,40.00,92.55,12.65,4400.00,M
BFF,2025-10-06 04:53,41.00,39.00,92.51,5.75,2500.00,M
BFF,2025-10-06 05:06,41.00,39.00,92.51,6.90,2300.00,M
BFF,2025-10-06 05:53,41.00,39.00,92.51,8.05,2400.00,M
BFF,2025-10-06 06:29,41.00,39.00,92.51,6.90,1400.00,M
BFF,2025-10-06 06:53,41.00,40.00,96.19,8.05,1400.00,M
BFF,2025-10-06 07:40,42.00,40.00,92.55,5.75,1600.00,M
BFF,2025-10-06 07:53,42.00,40.00,92.55,0.00,1400.00,M
BFF,2025-10-06 08:01,42.00,40.00,92.55,0.00,900.00,M
BFF,2025-10-06 08:10,42.00,40.00,92.55,3.45,700.00,M
BFF,2025-10-06 08:50,42.80,39.20,86.99,8.05,700.00,M
BFF,2025-10-06 08:53,42.00,40.00,92.55,8.05,700.00,M
BFF,2025-10-06 09:08,42.00,40.00,92.55,8.05,1500.00,M
BFF,2025-10-06 09:24,42.00,40.00,92.55,10.35,1400.00,M
BFF,2025-10-06 09:53,42.00,40.00,92.55,6.90,1200.00,M
BFF,2025-10-06 10:53,43.00,41.00,92.58,8.05,1100.00,M
BFF,2025-10-06 11:53,45.00,42.00,89.15,6.90,1000.00,M
BFF,2025-10-06 12:04,46.00,43.00,89.19,9.20,800.00,M
BFF,2025-10-06 12:39,46.00,43.00,89.19,9.20,1000.00,M
BFF,2025-10-06 12:53,46.00,43.00,89.19,9.20,1000.00,M
BFF,2025-10-06 13:53,48.00,43.00,82.72,4.60,1200.00,M
BFF,2025-10-06 14:34,49.00,43.00,79.68,6.90,1300.00,M
BFF,2025-10-06 14:53,49.00,43.00,79.68,5.75,2300.00,M
BFF,2025-10-06 15:19,51.00,43.00,73.96,6.90,1900.00,M
BFF,2025-10-06 15:53,51.00,44.00,76.85,8.05,1800.00,M
BFF,2025-10-06 16:53,53.00,44.00,71.39,6.90,1900.00,M
BFF,2025-10-06 17:53,54.00,44.00,68.82,6.90,M,M
BFF,2025-10-06 18:53,53.00,43.00,68.71,6.90,M,M
BFF,2025-10-06 19:53,47.00,43.00,85.89,5.75,M,M
BFF,2025-10-06 20:53,45.00,42.00,89.15,8.05,M,M
BFF,2025-10-06 21:53,44.00,41.00,89.10,4.60,9500.00,M
BFF,2025-10-06 22:53,42.00,40.00,92.55,6.90,M,M
BFF,2025-10-06 23:53,41.00,40.00,96.19,5.75,M,M
BFF,2025-10-07 00:53,41.00,40.00,96.19,6.90,4300.00,M
BFF,2025-10-07 01:53,41.00,40.00,96.19,5.75,4200.00,M
BFF,2025-10-07 02:53,40.00,39.00,96.18,4.60,M,M
BFF,2025-10-07 03:53,39.00,38.00,96.16,6.90,M,M
BFF,2025-10-07 04:53,38.00,37.00,96.14,4.60,M,M
BFF,2025-10-07 05:53,38.00,38.00,100.00,0.00,4500.00,M
BFF,2025-10-07 06:53,38.00,37.00,96.14,0.00,4600.00,M
BFF,2025-10-07 07:17,35.00,35.00,100.00,0.00,300.00,M
BFF,2025-10-07 07:19,35.00,35.00,100.00,0.00,400.00,M
BFF,2025-10-07 07:26,35.00,35.00,100.00,6.90,400.00,M
BFF,2025-10-07 07:45,36.00,36.00,100.00,3.45,200.00,M
BFF,2025-10-07 07:53,36.00,36.00,100.00,5.75,200.00,M
BFF,2025-10-07 08:16,37.00,37.00,100.00,8.05,200.00,M
BFF,2025-10-07 08:53,38.00,38.00,100.00,6.90,200.00,M
BFF,2025-10-07 09:13,39.00,39.00,100.00,6.90,200.00,M
BFF,2025-10-07 09:23,39.00,39.00,100.00,8.05,200.00,M
BFF,2025-10-07 09:33,39.00,39.00,100.00,6.90,200.00,M
BFF,2025-10-07 09:53,39.00,39.00,100.00,6.90,200.00,M
BFF,2025-10-07 10:53,41.00,41.00,100.00,3.45,200.00,M
BFF,2025-10-07 11:25,43.00,43.00,100.00,4.60,200.00,M
BFF,2025-10-07 11:53,44.00,43.00,96.24,4.60,200.00,M
BFF,2025-10-07 12:02,43.00,43.00,100.00,3.45,200.00,M
BFF,2025-10-07 12:11,44.00,44.00,100.00,4.60,200.00,M
BFF,2025-10-07 12:53,47.00,45.00,92.71,3.45,600.00,M
BFF,2025-10-07 13:00,48.00,46.00,92.74,0.00,600.00,M
BFF,2025-10-07 13:53,55.00,46.00,71.60,5.75,M,M
BFF,2025-10-07 14:53,58.00,43.00,57.30,3.45,M,M
BFF,2025-10-07 15:53,60.00,40.00,47.51,3.45,M,M
BFF,2025-10-07 16:53,61.00,40.00,45.85,3.45,M,M
BFF,2025-10-07 17:53,62.00,43.00,49.70,3.45,M,M
BFF,2025-10-07 18:53,60.00,46.00,59.81,5.75,M,M
BFF,2025-10-07 19:53,52.00,47.00,82.99,4.60,M,M
BFF,2025-10-07 20:53,50.00,45.00,82.86,5.75,M,M
BFF,2025-10-07 21:53,47.00,43.00,85.89,4.60,M,M
BFF,2025-10-07 22:53,45.00,43.00,92.64,8.05,M,M
BFF,2025-10-07 23:53,44.00,42.00,92.61,0.00,M,M
BFF,2025-10-08 00:53,44.00,42.00,92.61,8.05,M,M
BFF,2025-10-08 01:53,43.00,42.00,96.23,6.90,M,M
BFF,2025-10-08 02:53,44.00,42.00,92.61,8.05,M,M
BFF,2025-10-08 03:53,44.00,42.00,92.61,8.05,M,M
BFF,2025-10-08 04:53,43.00,42.00,96.23,6.90,M,M
BFF,2025-10-08 05:53,44.00,42.00,92.61,9.20,M,M
BFF,2025-10-08 06:53,45.00,43.00,92.64,11.50,M,M
BFF,2025-10-08 07:53,44.00,42.00,92.61,11.50,M,M
BFF,2025-10-08 08:53,45.00,43.00,92.64,11.50,M,M
BFF,2025-10-08 09:53,50.00,46.00,86.06,14.95,M,M
BFF,2025-10-08 10:53,56.00,48.00,74.46,14.95,M,M
BFF,2025-10-08 11:53,62.00,49.00,62.38,9.20,M,M
BFF,2025-10-08 12:53,67.00,49.00,52.39,10.35,M,M
BFF,2025-10-08 13:53,72.00,50.00,45.84,11.50,M,M
BFF,2025-10-08 14:53,75.00,47.00,37.05,10.35,M,M
BFF,2025-10-08 15:53,76.00,47.00,35.84,13.80,M,M
BFF,2025-10-08 16:53,77.00,45.00,32.14,16.10,M,M
BFF,2025-10-08 17:53,76.00,46.00,34.51,14.95,M,M
BFF,2025-10-08 18:53,70.00,50.00,49.06,11.50,M,M
BFF,2025-10-08 19:53,65.00,53.00,65.12,16.10,M,M
BFF,2025-10-08 20:53,60.00,54.00,80.54,14.95,M,M
BFF,2025-10-08 21:53,57.00,53.00,86.46,12.65,M,M
BFF,2025-10-08 22:53,54.00,52.00,92.92,12.65,M,M
BFF,2025-10-08 23:53,53.00,52.00,96.39,10.35,M,M
BFF,2025-10-09 00:53,52.00,51.00,96.37,9.20,M,M
BFF,2025-10-09 01:53,52.00,51.00,96.37,9.20,M,M
BFF,2025-10-09 02:53,51.00,50.00,96.36,6.90,M,M
BFF,2025-10-09 03:53,49.00,49.00,100.00,0.00,M,M
BFF,2025-10-09 04:39,47.00,46.00,96.29,5.75,300.00,M
BFF,2025-10-09 04:44,47.00,47.00,100.00,5.75,300.00,M
BFF,2025-10-09 04:50,48.20,48.20,100.00,4.60,300.00,M
BFF,2025-10-09 04:53,48.00,48.00,100.00,4.60,300.00,M
BFF,2025-10-09 05:01,50.00,50.00,100.00,6.90,100.00,M
BFF,2025-10-09 05:08,50.00,50.00,100.00,6.90,100.00,M
BFF,2025-10-09 05:53,49.00,49.00,100.00,3.45,100.00,M
BFF,2025-10-09 06:43,47.00,47.00,100.00,0.00,200.00,M
BFF,2025-10-09 06:53,47.00,47.00,100.00,0.00,200.00,M
BFF,2025-10-09 07:14,47.00,47.00,100.00,0.00,100.00,M
BFF,2025-10-09 07:53,46.00,46.00,100.00,0.00,100.00,M
BFF,2025-10-09 08:14,45.00,45.00,100.00,3.45,100.00,M
BFF,2025-10-09 08:53,44.00,44.00,100.00,0.00,100.00,M
BFF,2025-10-09 09:53,47.00,47.00,100.00,5.75,100.00,M
BFF,2025-10-09 10:10,47.00,47.00,100.00,4.60,200.00,M
BFF,2025-10-09 10:17,48.00,48.00,100.00,4.60,200.00,M
BFF,2025-10-09 10:27,49.00,48.00,96.32,4.60,200.00,M
BFF,2025-10-09 10:35,50.00,49.00,96.34,4.60,200.00,M
BFF,2025-10-09 10:53,52.00,50.00,92.86,4.60,M,M
BFF,2025-10-09 11:53,63.00,47.00,55.87,6.90,M,M
BFF,2025-10-09 12:53,71.00,41.00,33.70,5.75,M,M
BFF,2025-10-09 13:53,76.00,39.00,26.36,4.60,M,M
BFF,2025-10-09 14:53,80.00,37.00,21.36,3.45,M,M
BFF,2025-10-09 15:53,82.00,27.00,13.37,3.45,M,M
BFF,2025-10-09 16:53,82.00,31.00,15.75,0.00,M,M
BFF,2025-10-09 17:53,79.00,38.00,22.96,4.60,M,M
BFF,2025-10-09 18:53,74.00,47.00,38.31,5.75,M,M
BFF,2025-10-09 19:53,66.00,46.00,48.45,5.75,M,M
BFF,2025-10-09 20:53,65.00,42.00,43.05,10.35,12000.00,M
BFF,2025-10-09 21:53,63.00,41.00,44.42,8.05,M,M
BFF,2025-10-09 22:53,55.00,44.00,66.36,5.75,M,M
BFF,2025-10-09 23:53,57.00,44.00,61.72,8.05,M,M
BFF,2025-10-10 00:53,56.00,44.00,63.99,8.05,M,M
BFF,2025-10-10 01:53,57.00,44.00,61.72,10.35,12000.00,M
BFF,2025-10-10 02:53,59.00,45.00,59.68,12.65,12000.00,M
BFF,2025-10-10 03:53,56.00,45.00,66.48,9.20,M,M
BFF,2025-10-10 04:53,52.00,46.00,79.92,0.00,12000.00,M
BFF,2025-10-10 05:53,50.00,45.00,82.86,4.60,M,M
BFF,2025-10-10 06:53,48.00,45.00,89.28,5.75,M,M
BFF,2025-10-10 07:53,49.00,47.00,92.77,9.20,M,M
BFF,2025-10-10 08:53,52.00,48.00,86.18,11.50,M,M
BFF,2025-10-10 09:53,55.00,47.00,74.36,11.50,M,M
BFF,2025-10-10 10:53,58.00,46.00,64.25,16.10,M,M
BFF,2025-10-10 11:53,60.00,46.00,59.81,10.35,M,M
BFF,2025-10-10 12:53,63.00,46.00,53.79,13.80,M,M
BFF,2025-10-10 13:53,66.00,47.00,50.31,10.35,M,M
BFF,2025-10-10 14:53,68.00,43.00,40.33,11.50,M,M
BFF,2025-10-10 15:53,69.00,43.00,38.97,14.95,M,M
BFF,2025-10-10 16:53,70.00,43.00,37.66,11.50,M,M
BFF,2025-10-10 17:53,69.00,43.00,38.97,11.50,M,M
BFF,2025-10-10 18:53,67.00,45.00,45.06,10.35,M,M
BFF,2025-10-10 19:53,64.00,43.00,46.33,11.50,12000.00,M
BFF,2025-10-10 20:53,64.00,41.00,42.89,14.95,10000.00,M
BFF,2025-10-10 21:53,63.00,43.00,47.98,13.80,10000.00,M
BFF,2025-10-10 22:53,61.00,46.00,57.73,10.35,7500.00,M
BFF,2025-10-10 23:53,62.00,47.00,57.87,10.35,4000.00,M
BFF,2025-10-11 00:53,57.00,49.00,74.55,12.65,11000.00,M
BFF,2025-10-11 01:53,57.00,49.00,74.55,9.20,11000.00,M
BFF,2025-10-11 02:53,58.00,50.00,74.65,8.05,9500.00,M
BFF,2025-10-11 03:53,56.00,50.00,80.23,9.20,2100.00,M
BFF,2025-10-11 04:01,56.00,50.00,80.23,6.90,2100.00,M
BFF,2025-10-11 04:53,57.00,51.00,80.31,10.35,2100.00,M
BFF,2025-10-11 05:53,55.00,50.00,83.20,8.05,2300.00,M
BFF,2025-10-11 06:53,52.00,49.00,89.46,5.75,M,M
BFF,2025-10-11 07:53,51.00,49.00,92.83,8.05,M,M
BFF,2025-10-11 08:53,54.00,50.00,86.29,9.20,M,M
BFF,2025-10-11 09:53,57.00,50.00,77.39,11.50,M,M
BFF,2025-10-11 10:53,59.00,51.00,74.75,9.20,M,M
BFF,2025-10-11 11:53,62.00,53.00,72.34,8.05,M,M
BFF,2025-10-11 12:53,64.00,54.00,69.94,6.90,M,M
BFF,2025-10-11 13:53,68.00,56.00,65.48,5.75,M,M
BFF,2025-10-11 14:53,69.00,56.00,63.27,5.75,9500.00,M
BFF,2025-10-11 15:53,67.00,57.00,70.27,3.45,11000.00,M
BFF,2025-10-11 16:53,64.00,59.00,83.80,3.45,4400.00,M
BFF,2025-10-11 17:53,65.00,57.00,75.32,0.00,8500.00,M
BFF,2025-10-11 18:53,65.00,58.00,78.08,0.00,8000.00,M
BFF,2025-10-11 19:53,62.00,58.00,86.73,5.75,10000.00,M
BFF,2025-10-11 20:53,60.00,57.00,89.81,3.45,M,M
BFF,2025-10-11 21:53,55.00,54.00,96.42,5.75,M,M
BFF,2025-10-11 22:53,55.00,54.00,96.42,3.45,M,M
BFF,2025-10-11 23:53,54.00,53.00,96.40,4.60,M,M
BFF,2025-10-12 00:53,52.00,52.00,100.00,6.90,M,M
BFF,2025-10-12 01:53,51.00,51.00,100.00,6.90,M,M
BFF,2025-10-12 02:53,51.00,51.00,100.00,5.75,200.00,M
BFF,2025-10-12 02:56,51.00,50.00,96.36,4.60,200.00,M
BFF,2025-10-12 03:05,50.00,50.00,100.00,3.45,200.00,M
BFF,2025-10-12 03:10,50.00,50.00,100.00,0.00,200.00,M
BFF,2025-10-12 03:17,50.00,50.00,100.00,0.00,200.00,M
BFF,2025-10-12 03:22,50.00,50.00,100.00,0.00,M,M
BFF,2025-10-12 03:25,49.00,49.00,100.00,0.00,200.00,M
BFF,2025-10-12 03:28,48.00,48.00,100.00,0.00,M,M
BFF,2025-10-12 03:38,47.00,47.00,100.00,0.00,200.00,M
BFF,2025-10-12 03:44,48.00,48.00,100.00,0.00,200.00,M
BFF,2025-10-12 03:53,47.00,47.00,100.00,0.00,200.00,M
BFF,2025-10-12 04:15,47.00,47.00,100.00,4.60,200.00,M
BFF,2025-10-12 04:21,47.00,47.00,100.00,3.45,100.00,M
BFF,2025-10-12 04:53,46.00,46.00,100.00,0.00,100.00,M
BFF,2025-10-12 05:03,45.00,45.00,100.00,0.00,100.00,M
BFF,2025-10-12 05:15,44.00,44.00,100.00,4.60,100.00,M
BFF,2025-10-12 05:23,45.00,45.00,100.00,12.65,100.00,M
BFF,2025-10-12 05:53,49.00,47.00,92.77,14.95,M,M
BFF,2025-10-12 06:53,51.00,40.00,65.87,20.70,M,37.95
BFF,2025-10-12 07:53,50.00,38.00,63.22,14.95,M,35.65
BFF,2025-10-12 08:53,53.00,34.00,48.29,21.85,M,42.55
BFF,2025-10-12 09:53,56.00,31.00,38.37,20.70,M,35.65
BFF,2025-10-12 10:53,55.00,31.00,39.78,20.70,12000.00,39.10
BFF,2025-10-12 11:53,59.00,27.00,29.24,28.75,M,49.45
BFF,2025-10-12 12:53,61.00,22.00,22.10,29.90,M,55.20
BFF,2025-10-12 13:53,63.00,17.00,16.63,26.45,M,46.00
BFF,2025-10-12 14:53,64.00,16.00,15.38,20.70,M,47.15
BFF,2025-10-12 15:53,64.00,16.00,15.38,23.00,M,39.10
BFF,2025-10-12 16:53,64.00,17.00,16.06,21.85,M,39.10
BFF,2025-10-12 17:53,62.00,18.00,17.99,17.25,M,36.80
BFF,2025-10-12 18:53,59.00,20.00,21.80,16.10,M,M
BFF,2025-10-12 19:53,51.00,22.00,31.75,8.05,M,M
BFF,2025-10-12 20:53,46.00,25.00,43.42,5.75,M,M
BFF,2025-10-12 21:53,43.00,33.00,67.53,6.90,M,M
BFF,2025-10-12 22:53,41.00,34.00,75.92,8.05,M,M
BFF,2025-10-12 23:53,40.00,33.00,75.83,4.60,M,M
BFF,2025-10-13 00:53,35.00,32.00,88.67,3.45,M,M
BFF,2025-10-13 01:53,36.00,32.00,85.22,3.45,M,M
BFF,2025-10-13 02:53,38.00,33.00,81.99,5.75,M,M
BFF,2025-10-13 03:53,38.00,33.00,81.99,5.75,M,M
BFF,2025-10-13 04:53,38.00,33.00,81.99,5.75,9500.00,M
BFF,2025-10-13 05:53,40.00,34.00,78.93,9.20,10000.00,M
BFF,2025-10-13 06:53,38.00,33.00,81.99,9.20,11000.00,M
BFF,2025-10-13 07:53,35.00,32.00,88.67,6.90,M,M
BFF,2025-10-13 08:53,39.00,34.00,82.07,6.90,M,M
BFF,2025-10-13 09:53,45.00,37.00,73.36,8.05,M,M
BFF,2025-10-13 10:53,50.00,35.00,56.15,14.95,M,M
BFF,2025-10-13 11:53,56.00,34.00,43.29,20.70,M,29.90
BFF,2025-10-13 12:53,55.00,33.00,43.13,18.40,M,31.05
BFF,2025-10-13 13:53,56.00,34.00,43.29,16.10,M,M
BFF,2025-10-13 14:53,55.00,34.00,44.89,14.95,11000.00,M
BFF,2025-10-13 15:53,57.00,34.00,41.75,23.00,12000.00,32.20
BFF,2025-10-13 16:53,57.00,33.00,40.11,19.55,8000.00,31.05
BFF,2025-10-13 17:53,53.00,36.00,52.30,20.70,7000.00,31.05
BFF,2025-10-13 18:53,51.00,38.00,60.92,13.80,7500.00,M
BFF,2025-10-13 19:53,50.00,39.00,65.75,14.95,6000.00,M
BFF,2025-10-13 20:53,49.00,41.00,73.76,12.65,7000.00,M
BFF,2025-10-13 21:53,48.00,39.00,70.85,14.95,6000.00,M
BFF,2025-10-13 22:53,48.00,38.00,68.12,17.25,6000.00,M
BFF,2025-10-13 23:53,48.00,38.00,68.12,14.95,6000.00,M
BFF,2025-10-14 00:53,48.00,38.00,68.12,14.95,M,M
BFF,2025-10-14 01:53,48.00,38.00,68.12,14.95,M,M
BFF,2025-10-14 02:53,48.00,37.00,65.50,14.95,M,M
BFF,2025-10-14 03:53,47.00,37.00,68.01,16.10,M,M
BFF,2025-10-14 04:53,46.00,37.00,70.62,12.65,M,M
BFF,2025-10-14 05:53,45.00,38.00,76.30,11.50,M,M
BFF,2025-10-14 06:53,46.00,40.00,79.43,14.95,11000.00,M
BFF,2025-10-14 07:53,45.00,41.00,85.77,13.80,9000.00,M
BFF,2025-10-14 08:53,46.00,41.00,82.57,12.65,9000.00,M
BFF,2025-10-14 09:53,50.00,43.00,76.76,10.35,10000.00,M
BFF,2025-10-14 10:53,52.00,43.00,71.28,10.35,M,M
BFF,2025-10-14 11:53,58.00,44.00,59.54,10.35,2500.00,M
BFF,2025-10-14 12:53,61.00,45.00,55.58,10.35,M,M
BFF,2025-10-14 13:53,66.00,46.00,48.45,12.65,M,M
BFF,2025-10-14 14:53,68.00,46.00,45.22,9.20,M,M
BFF,2025-10-14 15:53,71.00,47.00,42.38,10.35,M,M
BFF,2025-10-14 16:53,71.00,49.00,45.69,11.50,M,M
BFF,2025-10-14 17:53,69.00,51.00,52.69,16.10,M,M
BFF,2025-10-14 18:53,63.00,51.00,64.87,13.80,M,M
BFF,2025-10-14 19:53,57.00,51.00,80.31,16.10,M,M
BFF,2025-10-14 20:42,54.00,51.00,89.55,17.25,800.00,M
BFF,2025-10-14 20:53,54.00,52.00,92.92,16.10,700.00,M
BFF,2025-10-14 21:53,55.00,53.00,92.95,12.65,500.00,M
BFF,2025-10-14 22:44,55.00,53.00,92.95,10.35,400.00,M
BFF,2025-10-14 22:53,54.00,53.00,96.40,9.20,400.00,M
BFF,2025-10-14 23:16,54.00,54.00,100.00,9.20,300.00,M
BFF,2025-10-14 23:27,54.00,54.00,100.00,9.20,300.00,M
BFF,2025-10-14 23:53,54.00,54.00,100.00,9.20,200.00,M
BFF,2025-10-15 00:53,55.00,54.00,96.42,11.50,300.00,M
BFF,2025-10-15 01:53,55.00,54.00,96.42,10.35,200.00,M
BFF,2025-10-15 02:53,55.00,55.00,100.00,5.75,200.00,M
BFF,2025-10-15 03:53,56.00,56.00,100.00,0.00,200.00,M
BFF,2025-10-15 04:39,56.00,55.00,96.44,6.90,300.00,M
BFF,2025-10-15 04:53,56.00,55.00,96.44,6.90,400.00,M
BFF,2025-10-15 05:09,56.00,55.00,96.44,8.05,500.00,M
BFF,2025-10-15 05:53,56.00,55.00,96.44,8.05,800.00,M
BFF,2025-10-15 06:05,56.00,55.00,96.44,10.35,700.00,M
BFF,2025-10-15 06:51,55.40,55.40,100.00,4.60,600.00,M
BFF,2025-10-15 06:53,56.00,55.00,96.44,4.60,600.00,M
BFF,2025-10-15 07:53,56.00,55.00,96.44,6.90,700.00,M
BFF,2025-10-15 08:53,56.00,55.00,96.44,8.05,500.00,M
BFF,2025-10-15 09:53,56.00,56.00,100.00,6.90,700.00,M
BFF,2025-10-15 10:53,57.00,56.00,96.45,6.90,500.00,M
BFF,2025-10-15 11:53,57.00,56.00,96.45,6.90,500.00,M
BFF,2025-10-15 12:53,58.00,57.00,96.47,9.20,500.00,M
BFF,2025-10-15 13:13,58.00,57.00,96.47,5.75,400.00,M
BFF,2025-10-15 13:53,58.00,57.00,96.47,8.05,500.00,M
BFF,2025-10-15 14:53,59.00,57.00,93.07,10.35,900.00,M
BFF,2025-10-15 15:53,59.00,56.00,89.77,11.50,800.00,M
BFF,2025-10-15 16:30,59.00,56.00,89.77,9.20,1000.00,M
BFF,2025-10-15 16:53,60.00,56.00,86.62,9.20,1300.00,M
BFF,2025-10-15 17:29,62.00,56.00,80.70,4.60,1200.00,M
BFF,2025-10-15 17:53,63.00,57.00,80.77,4.60,1700.00,M
BFF,2025-10-15 18:40,62.00,58.00,86.73,8.05,1800.00,M
BFF,2025-10-15 18:53,61.00,58.00,89.85,10.35,1800.00,M
BFF,2025-10-15 19:20,59.00,57.00,93.07,9.20,1800.00,M
BFF,2025-10-15 19:27,59.00,57.00,93.07,10.35,900.00,M
BFF,2025-10-15 19:38,59.00,57.00,93.07,6.90,700.00,M
BFF,2025-10-15 19:53,59.00,58.00,96.48,9.20,500.00,M
BFF,2025-10-15 20:53,59.00,57.00,93.07,11.50,600.00,M
BFF,2025-10-15 21:29,59.00,57.00,93.07,6.90,M,M
BFF,2025-10-15 21:44,59.00,56.00,89.77,11.50,M,M
BFF,2025-10-15 21:53,59.00,56.00,89.77,14.95,M,M
BFF,2025-10-15 22:53,60.00,53.00,77.65,11.50,M,M
BFF,2025-10-15 23:53,58.00,52.00,80.39,9.20,M,M
BFF,2025-10-16 00:53,56.00,54.00,92.98,12.65,M,M
BFF,2025-10-16 01:53,54.00,53.00,96.40,8.05,M,M
BFF,2025-10-16 02:53,52.00,50.00,92.86,8.05,M,M
BFF,2025-10-16 03:53,50.00,48.00,92.80,6.90,800.00,M
BFF,2025-10-16 04:29,50.00,48.00,92.80,9.20,800.00,M
BFF,2025-10-16 04:53,50.00,48.00,92.80,6.90,1000.00,M
BFF,2025-10-16 05:53,49.00,47.00,92.77,5.75,1000.00,M
BFF,2025-10-16 06:14,49.00,47.00,92.77,4.60,900.00,M
BFF,2025-10-16 06:41,49.00,47.00,92.77,5.75,500.00,M
BFF,2025-10-16 06:49,48.20,46.40,93.45,3.45,500.00,M
BFF,2025-10-16 06:53,49.00,47.00,92.77,0.00,500.00,M
BFF,2025-10-16 07:17,49.00,47.00,92.77,0.00,500.00,M
BFF,2025-10-16 07:53,49.00,47.00,92.77,0.00,2600.00,M
BFF,2025-10-16 08:53,49.00,48.00,96.32,3.45,2800.00,M
BFF,2025-10-16 09:19,51.00,49.00,92.83,6.90,1300.00,M
BFF,2025-10-16 09:40,51.00,49.00,92.83,12.65,1400.00,M
BFF,2025-10-16 09:53,52.00,49.00,89.46,12.65,1400.00,M
BFF,2025-10-16 10:18,52.00,49.00,89.46,6.90,900.00,M
BFF,2025-10-16 10:21,52.00,50.00,92.86,9.20,1300.00,M
BFF,2025-10-16 10:53,56.00,50.00,80.23,9.20,1200.00,M
BFF,2025-10-16 11:53,62.00,47.00,57.87,8.05,M,M
BFF,2025-10-16 12:53,64.00,45.00,50.01,5.75,M,M
BFF,2025-10-16 13:53,65.00,47.00,52.09,10.35,4500.00,M
BFF,2025-10-16 14:53,67.00,45.00,45.06,9.20,4700.00,M
BFF,2025-10-16 15:53,65.00,42.00,43.05,9.20,6000.00,M
BFF,2025-10-16 16:39,61.00,37.00,40.77,14.95,6000.00,36.80
BFF,2025-10-16 16:53,60.00,43.00,53.35,11.50,6000.00,36.80
BFF,2025-10-16 17:53,61.00,46.00,57.73,14.95,6500.00,33.35
BFF,2025-10-16 18:01,61.00,46.00,57.73,12.65,M,M
BFF,2025-10-16 18:53,58.00,45.00,61.85,6.90,M,M
BFF,2025-10-16 19:53,53.00,34.00,48.29,10.35,M,M
BFF,2025-10-16 20:53,47.00,35.00,62.83,8.05,M,M
BFF,2025-10-16 21:53,51.00,37.00,58.57,12.65,M,M
BFF,2025-10-16 22:53,48.00,37.00,65.50,5.75,M,M
BFF,2025-10-16 23:53,47.00,38.00,70.74,12.65,M,M
BFF,2025-10-17 00:53,46.00,39.00,76.39,10.35,M,M
BFF,2025-10-17 01:53,42.00,37.00,82.29,6.90,M,M
BFF,2025-10-17 02:53,40.00,36.00,85.47,5.75,M,M
BFF,2025-10-17 03:53,44.00,36.00,73.25,4.60,M,M
BFF,2025-10-17 04:53,43.00,36.00,76.11,8.05,M,M
BFF,2025-10-17 05:53,47.00,35.00,62.83,13.80,M,M
BFF,2025-10-17 06:53,48.00,34.00,58.14,18.40,M,M
BFF,2025-10-17 07:53,41.00,34.00,75.92,6.90,M,M
BFF,2025-10-17 08:53,41.00,35.00,79.01,0.00,M,M
BFF,2025-10-17 09:53,51.00,35.00,54.10,12.65,M,M
BFF,2025-10-17 10:53,57.00,35.00,43.45,14.95,M,M
BFF,2025-10-17 11:53,60.00,33.00,36.03,19.55,M,35.65
BFF,2025-10-17 12:53,63.00,33.00,32.40,18.40,M,33.35
BFF,2025-10-17 13:53,65.00,32.00,29.02,19.55,M,29.90
BFF,2025-10-17 14:53,66.00,32.00,28.03,17.25,M,29.90
BFF,2025-10-17 15:53,65.00,32.00,29.02,17.25,M,31.05
BFF,2025-10-17 16:53,66.00,31.00,26.92,14.95,M,29.90
BFF,2025-10-17 17:53,65.00,31.00,27.87,14.95,M,M
BFF,2025-10-17 18:53,60.00,32.00,34.60,9.20,M,M
BFF,2025-10-17 19:53,56.00,33.00,41.59,11.50,M,M
BFF,2025-10-17 20:53,54.00,33.00,44.73,8.05,M,M
BFF,2025-10-17 21:53,49.00,34.00,56.00,6.90,M,M
BFF,2025-10-17 22:53,45.00,34.00,65.12,5.75,M,M
BFF,2025-10-17 23:53,44.00,34.00,67.65,0.00,M,M
BFF,2025-10-18 00:53,42.00,35.00,76.02,0.00,M,M
BFF,2025-10-18 01:53,44.00,34.00,67.65,3.45,M,M
BFF,2025-10-18 02:53,45.00,34.00,65.12,4.60,M,M
BFF,2025-10-18 03:53,55.00,33.00,43.13,12.65,M,M
BFF,2025-10-18 04:53,49.00,34.00,56.00,6.90,M,M
BFF,2025-10-18 05:53,48.00,35.00,60.51,18.40,M,M
BFF,2025-10-18 06:53,43.00,36.00,76.11,14.95,M,33.35
BFF,2025-10-18 07:53,43.00,36.00,76.11,6.90,9000.00,M
BFF,2025-10-18 08:53,45.00,37.00,73.36,6.90,5500.00,M
BFF,2025-10-18 09:53,43.00,40.00,89.05,17.25,1500.00,M
BFF,2025-10-18 10:01,42.00,39.00,89.01,16.10,1900.00,M
BFF,2025-10-18 10:53,41.00,38.00,88.96,19.55,2000.00,39.10
BFF,2025-10-18 11:53,44.00,36.00,73.25,13.80,2600.00,32.20
BFF,2025-10-18 12:31,44.00,35.00,70.40,16.10,2800.00,33.35
BFF,2025-10-18 12:38,44.00,35.00,70.40,18.40,2700.00,33.35
BFF,2025-10-18 12:53,45.00,36.00,70.51,17.25,2500.00,33.35
BFF,2025-10-18 13:07,45.00,35.00,67.77,17.25,2700.00,M
BFF,2025-10-18 13:33,46.00,34.00,62.69,23.00,2700.00,32.20
BFF,2025-10-18 13:53,48.00,34.00,58.14,18.40,2900.00,32.20
BFF,2025-10-18 14:53,51.00,24.00,34.53,25.30,5500.00,35.65
BFF,2025-10-18 15:53,49.00,24.00,37.20,19.55,8500.00,37.95
BFF,2025-10-18 16:53,50.00,23.00,34.37,16.10,8000.00,29.90
BFF,2025-10-18 17:53,48.00,23.00,37.03,12.65,8000.00,31.05
BFF,2025-10-18 18:53,47.00,22.00,36.86,12.65,M,M
BFF,2025-10-18 19:53,39.00,23.00,52.27,6.90,M,M
BFF,2025-10-18 20:53,36.00,24.00,61.34,0.00,M,M
BFF,2025-10-18 21:53,35.00,27.00,72.30,8.05,M,M
BFF,2025-10-18 22:53,32.00,26.00,78.23,0.00,M,M
BFF,2025-10-18 23:53,30.00,25.00,81.39,4.60,M,M
BFF,2025-10-19 00:53,28.00,25.00,88.32,0.00,M,M
BFF,2025-10-19 01:53,28.00,24.00,84.71,5.75,M,M
BFF,2025-10-19 02:53,28.00,24.00,84.71,3.45,M,M
BFF,2025-10-19 03:53,26.00,24.00,92.00,4.60,M,M
BFF,2025-10-19 04:53,28.00,25.00,88.32,4.60,M,M
BFF,2025-10-19 05:53,29.00,25.00,84.78,5.75,M,M
BFF,2025-10-19 06:53,30.00,25.00,81.39,4.60,M,M
BFF,2025-10-19 07:53,31.00,25.00,78.15,6.90,M,M
BFF,2025-10-19 08:53,37.00,27.00,66.80,5.75,M,M
BFF,2025-10-19 09:53,43.00,31.00,62.29,3.45,M,M
BFF,2025-10-19 10:53,52.00,32.00,46.24,3.45,M,M
BFF,2025-10-19 11:53,62.00,31.00,30.96,5.75,M,M
BFF,2025-10-19 12:53,69.00,28.00,21.48,13.80,M,M
BFF,2025-10-19 13:53,75.00,26.00,16.15,16.10,M,M
BFF,2025-10-19 14:53,78.00,26.00,14.62,20.70,M,29.90
BFF,2025-10-19 15:53,80.00,26.00,13.69,18.40,M,33.35
BFF,2025-10-19 16:53,80.00,26.00,13.69,10.35,M,M
BFF,2025-10-19 17:53,77.00,29.00,17.10,4.60,M,M
BFF,2025-10-19 18:53,68.00,29.00,23.16,9.20,M,M
BFF,2025-10-19 19:53,64.00,28.00,25.53,10.35,M,M
BFF,2025-10-19 20:53,65.00,28.00,24.66,4.60,M,M
BFF,2025-10-19 21:53,55.00,31.00,39.78,3.45,M,M
BFF,2025-10-19 22:53,54.00,32.00,42.96,4.60,M,M
BFF,2025-10-19 23:53,68.00,25.00,19.63,11.50,M,M
BFF,2025-10-20 00:53,66.00,26.00,21.93,11.50,M,M
BFF,2025-10-20 01:53,59.00,32.00,35.86,19.55,11000.00,37.95
BFF,2025-10-20 02:53,52.00,38.00,58.71,21.85,M,42.55
BFF,2025-10-20 03:53,50.00,39.00,65.75,13.80,6000.00,37.95
BFF,2025-10-20 04:53,51.00,40.00,65.87,20.70,11000.00,31.05
BFF,2025-10-20 05:53,50.00,33.00,51.84,19.55,11000.00,40.25
BFF,2025-10-20 06:53,47.00,38.00,70.74,18.40,4100.00,34.50
BFF,2025-10-20 07:53,45.00,35.00,67.77,26.45,5500.00,39.10
BFF,2025-10-20 08:53,42.00,35.00,76.02,13.80,7500.00,46.00
BFF,2025-10-20 09:53,43.00,35.00,73.15,20.70,M,32.20
BFF,2025-10-20 10:53,50.00,35.00,56.15,19.55,M,32.20
BFF,2025-10-20 11:53,52.00,31.00,44.40,24.15,4400.00,35.65
BFF,2025-10-20 12:53,53.00,32.00,44.57,21.85,4700.00,35.65
BFF,2025-10-20 13:53,56.00,31.00,38.37,23.00,M,37.95
BFF,2025-10-20 14:53,58.00,29.00,32.90,23.00,6000.00,39.10
BFF,2025-10-20 15:53,57.00,26.00,30.14,17.25,9000.00,33.35
BFF,2025-10-20 16:53,57.00,23.00,26.59,20.70,M,35.65
BFF,2025-10-20 17:53,57.00,19.00,22.44,20.70,M,36.80
BFF,2025-10-20 18:53,52.00,25.00,34.70,12.65,M,33.35
BFF,2025-10-20 19:53,45.00,31.00,57.71,14.95,M,M
BFF,2025-10-20 20:53,39.00,32.00,75.73,3.45,M,M
BFF,2025-10-20 21:53,38.00,31.00,75.64,6.90,M,M
BFF,2025-10-20 22:53,37.00,31.00,78.67,6.90,M,M
BFF,2025-10-20 23:53,32.00,30.00,92.21,4.60,M,M
BFF,2025-10-21 00:53,33.00,29.00,85.03,4.60,M,M
BFF,2025-10-21 01:53,31.00,29.00,92.18,5.75,M,M
BFF,2025-10-21 02:53,29.00,28.00,95.98,6.90,M,M
BFF,2025-10-21 03:53,28.00,27.00,95.96,3.45,M,M
BFF,2025-10-21 04:53,27.00,26.00,95.95,6.90,M,M
BFF,2025-10-21 05:53,26.00,24.00,92.00,6.90,M,M
BFF,2025-10-21 06:53,26.00,24.00,92.00,8.05,M,M
BFF,2025-10-21 07:53,24.00,22.00,91.93,3.45,M,M
BFF,2025-10-21 08:53,26.00,24.00,92.00,4.60,M,M
BFF,2025-10-21 09:53,35.00,28.00,75.34,3.45,M,M
BFF,2025-10-21 10:53,44.00,29.00,55.26,0.00,M,M
BFF,2025-10-21 11:53,53.00,26.00,34.87,6.90,M,M
BFF,2025-10-21 12:53,58.00,23.00,25.65,9.20,M,M
BFF,2025-10-21 13:53,61.00,21.00,21.18,10.35,M,M
BFF,2025-10-21 14:53,64.00,19.00,17.50,12.65,M,M
BFF,2025-10-21 15:53,65.00,18.00,16.19,14.95,M,M
BFF,2025-10-21 16:53,66.00,20.00,17.04,10.35,M,M
BFF,2025-10-21 17:53,65.00,22.00,19.20,6.90,M,M
BFF,2025-10-21 18:53,57.00,24.00,27.73,4.60,M,M
BFF,2025-10-21 19:53,47.00,26.00,43.58,0.00,M,M
BFF,2025-10-21 20:53,47.00,26.00,43.58,8.05,M,M
BFF,2025-10-21 21:53,44.00,25.00,46.85,3.45,M,M
BFF,2025-10-21 22:53,37.00,25.00,61.48,6.90,M,M
BFF,2025-10-21 23:53,38.00,24.00,56.69,6.90,M,M
BFF,2025-10-22 00:53,35.00,24.00,63.82,0.00,M,M
BFF,2025-10-22 01:53,34.00,24.00,66.42,0.00,M,M
BFF,2025-10-22 02:53,31.00,24.00,74.95,5.75,M,M
BFF,2025-10-22 03:53,28.00,24.00,84.71,5.75,M,M
BFF,2025-10-22 04:53,28.00,24.00,84.71,8.05,M,M
BFF,2025-10-22 05:53,26.00,23.00,88.22,8.05,M,M
BFF,2025-10-22 06:53,25.00,22.00,88.17,4.60,M,M
BFF,2025-10-22 07:53,25.00,22.00,88.17,4.60,M,M
BFF,2025-10-22 08:53,28.00,24.00,84.71,5.75,M,M
BFF,2025-10-22 09:53,36.00,27.00,69.49,9.20,M,M
BFF,2025-10-22 10:53,44.00,27.00,50.90,9.20,M,M
BFF,2025-10-22 11:53,51.00,28.00,40.76,5.75,M,M
BFF,2025-10-22 12:53,58.00,27.00,30.31,3.45,M,M
BFF,2025-10-22 13:53,62.00,25.00,24.19,4.60,M,M
BFF,2025-10-22 14:53,65.00,22.00,19.20,5.75,M,M
BFF,2025-10-22 15:53,67.00,22.00,17.92,5.75,M,M
BFF,2025-10-22 16:53,68.00,21.00,16.59,3.45,M,M
BFF,2025-10-22 17:53,67.00,21.00,17.17,0.00,M,M
BFF,2025-10-22 18:53,62.00,24.00,23.20,4.60,M,M
BFF,2025-10-22 19:53,50.00,25.00,37.37,5.75,M,M
BFF,2025-10-22 20:53,46.00,25.00,43.42,0.00,M,M
BFF,2025-10-22 21:53,47.00,26.00,43.58,8.05,M,M
BFF,2025-10-22 22:53,43.00,26.00,50.75,3.45,M,M
BFF,2025-10-22 23:53,37.00,26.00,64.09,3.45,M,M
BFF,2025-10-23 00:53,40.00,26.00,56.98,5.75,M,M
BFF,2025-10-23 01:53,38.00,26.00,61.62,10.35,M,M
BFF,2025-10-23 02:53,37.00,28.00,69.60,6.90,M,M
BFF,2025-10-23 03:53,34.00,28.00,78.41,5.75,M,M
BFF,2025-10-23 04:53,31.00,27.00,84.90,5.75,M,M
BFF,2025-10-23 05:53,30.00,27.00,88.43,8.05,M,M
BFF,2025-10-23 06:53,32.00,28.00,84.97,6.90,M,M
BFF,2025-10-23 07:53,30.00,28.00,92.14,5.75,M,M
BFF,2025-10-23 08:53,31.00,29.00,92.18,4.60,M,M
BFF,2025-10-23 09:53,37.00,30.00,75.54,9.20,M,M
BFF,2025-10-23 10:53,43.00,31.00,62.29,6.90,M,M
BFF,2025-10-23 11:53,48.00,31.00,51.53,5.75,M,M
BFF,2025-10-23 12:53,55.00,31.00,39.78,4.60,M,M
BFF,2025-10-23 13:53,62.00,29.00,28.54,M,M,M
BFF,2025-10-23 14:53,63.00,27.00,25.38,5.75,M,M
BFF,2025-10-23 15:53,64.00,27.00,24.50,0.00,M,M
BFF,2025-10-23 16:53,66.00,27.00,22.85,0.00,M,M
BFF,2025-10-23 17:53,60.00,30.00,31.91,5.75,M,M
BFF,2025-10-23 18:53,56.00,30.00,36.84,3.45,M,M
BFF,2025-10-23 19:53,50.00,31.00,47.82,6.90,M,M
BFF,2025-10-23 20:53,48.00,31.00,51.53,3.45,M,M
BFF,2025-10-23 21:53,49.00,34.00,56.00,9.20,M,M
BFF,2025-10-23 22:53,45.00,34.00,65.12,8.05,M,M
BFF,2025-10-23 23:53,43.00,34.00,70.29,8.05,M,M
BFF,2025-10-24 00:53,40.00,33.00,75.83,9.20,M,M
BFF,2025-10-24 01:53,38.00,32.00,78.76,6.90,M,M
BFF,2025-10-24 02:53,36.00,32.00,85.22,4.60,M,M
BFF,2025-10-24 03:53,35.00,31.00,85.16,3.45,M,M
BFF,2025-10-24 04:53,33.00,30.00,88.57,3.45,M,M
BFF,2025-10-24 05:53,32.00,30.00,92.21,5.75,M,M
BFF,2025-10-24 06:53,30.00,28.00,92.14,6.90,M,M
BFF,2025-10-24 07:53,29.00,27.00,92.11,3.45,M,M
BFF,2025-10-24 08:53,32.00,30.00,92.21,10.35,M,M
BFF,2025-10-24 09:53,41.00,33.00,72.94,8.05,M,M
BFF,2025-10-24 10:53,46.00,33.00,60.23,5.75,M,M
BFF,2025-10-24 11:53,52.00,33.00,48.14,5.75,M,M
BFF,2025-10-24 12:53,59.00,34.00,38.86,0.00,M,M
BFF,2025-10-24 13:53,63.00,33.00,32.40,3.45,M,M
BFF,2025-10-24 14:53,65.00,31.00,27.87,0.00,M,M
BFF,2025-10-24 15:53,67.00,29.00,23.97,4.60,M,M
BFF,2025-10-24 16:53,66.00,31.00,26.92,4.60,M,M
BFF,2025-10-24 17:53,66.00,30.00,25.85,4.60,M,M
BFF,2025-10-24 18:53,59.00,32.00,35.86,5.75,M,M
BFF,2025-10-24 19:53,49.00,31.00,49.63,4.60,M,M
BFF,2025-10-24 20:53,47.00,32.00,55.71,4.60,M,M
BFF,2025-10-24 21:53,42.00,32.00,67.41,6.90,M,M
BFF,2025-10-24 22:53,41.00,32.00,70.06,4.60,M,M
BFF,2025-10-24 23:53,39.00,32.00,75.73,6.90,M,M
BFF,2025-10-25 00:53,37.00,32.00,81.92,9.20,M,M
BFF,2025-10-25 01:53,40.00,34.00,78.93,6.90,M,M
BFF,2025-10-25 02:53,40.00,34.00,78.93,8.05,M,M
BFF,2025-10-25 03:53,37.00,33.00,85.28,0.00,M,M
BFF,2025-10-25 04:53,32.00,29.00,88.53,0.00,M,M
BFF,2025-10-25 05:53,34.00,31.00,88.62,3.45,M,M
BFF,2025-10-25 06:53,31.00,29.00,92.18,3.45,M,M
BFF,2025-10-25 07:53,28.00,28.00,100.00,0.00,M,M
BFF,2025-10-25 08:53,31.00,29.00,92.18,0.00,M,M
BFF,2025-10-25 09:53,39.00,35.00,85.41,0.00,M,M
BFF,2025-10-25 10:53,46.00,36.00,67.89,5.75,M,M
BFF,2025-10-25 11:53,55.00,37.00,50.57,4.60,M,M
BFF,2025-10-25 12:53,63.00,35.00,35.10,3.45,M,M
BFF,2025-10-25 13:53,69.00,31.00,24.28,4.60,M,M
BFF,2025-10-25 14:53,73.00,32.00,22.07,5.75,M,M
BFF,2025-10-25 15:53,75.00,28.00,17.54,9.20,M,M
BFF,2025-10-25 16:53,75.00,25.00,15.49,6.90,M,M
BFF,2025-10-25 17:53,72.00,31.00,21.92,11.50,M,M
BFF,2025-10-25 18:53,65.00,32.00,29.02,10.35,M,M
BFF,2025-10-25 19:53,56.00,31.00,38.37,8.05,M,M
BFF,2025-10-25 20:53,52.00,36.00,54.25,10.35,M,M
BFF,2025-10-25 21:53,49.00,39.00,68.24,12.65,M,M
BFF,2025-10-25 22:53,52.00,40.00,63.48,13.80,M,M
BFF,2025-10-25 23:53,46.00,40.00,79.43,9.20,M,M
BFF,2025-10-26 00:53,45.00,39.00,79.35,12.65,M,M
BFF,2025-10-26 01:53,43.00,41.00,92.58,11.50,M,M
BFF,2025-10-26 02:53,44.00,42.00,92.61,13.80,M,M
BFF,2025-10-26 03:53,44.00,42.00,92.61,12.65,M,M
BFF,2025-10-26 04:53,43.00,42.00,96.23,10.35,M,M
BFF,2025-10-26 05:53,42.00,41.00,96.21,8.05,M,M
BFF,2025-10-26 06:53,41.00,40.00,96.19,9.20,M,M
BFF,2025-10-26 07:53,41.00,40.00,96.19,8.05,M,M
BFF,2025-10-26 08:53,42.00,41.00,96.21,8.05,M,M
BFF,2025-10-26 09:53,45.00,44.00,96.26,8.05,M,M
BFF,2025-10-26 10:53,50.00,45.00,82.86,11.50,M,M
BFF,2025-10-26 11:53,55.00,44.00,66.36,10.35,M,M
BFF,2025-10-26 12:53,59.00,42.00,53.20,11.50,M,M
BFF,2025-10-26 13:53,63.00,43.00,47.98,12.65,M,M
BFF,2025-10-26 14:53,65.00,41.00,41.42,11.50,M,M
BFF,2025-10-26 15:53,68.00,40.00,35.92,10.35,M,M
BFF,2025-10-26 16:53,65.00,42.00,43.05,12.65,M,M
BFF,2025-10-26 17:53,64.00,42.00,44.58,16.10,M,M
BFF,2025-10-26 18:53,59.00,43.00,55.29,11.50,M,M
BFF,2025-10-26 19:53,58.00,44.00,59.54,13.80,11000.00,M
BFF,2025-10-26 20:53,53.00,46.00,77.03,13.80,M,M
BFF,2025-10-26 21:53,52.00,46.00,79.92,13.80,12000.00,M
BFF,2025-10-26 22:53,52.00,46.00,79.92,10.35,11000.00,M
BFF,2025-10-26 23:53,51.00,46.00,82.93,4.60,7000.00,M
BFF,2025-10-27 00:53,50.00,46.00,86.06,19.55,11000.00,M
BFF,2025-10-27 01:53,50.00,46.00,86.06,14.95,11000.00,M
BFF,2025-10-27 02:53,48.00,45.00,89.28,9.20,M,M
BFF,2025-10-27 03:53,47.00,45.00,92.71,6.90,M,M
BFF,2025-10-27 04:53,47.00,44.00,89.24,9.20,12000.00,M
BFF,2025-10-27 05:53,45.00,43.00,92.64,6.90,M,M
BFF,2025-10-27 06:53,45.00,44.00,96.26,6.90,10000.00,M
BFF,2025-10-27 07:53,43.00,43.00,100.00,3.45,10000.00,M
BFF,2025-10-27 08:53,43.00,42.00,96.23,0.00,11000.00,M
BFF,2025-10-27 09:53,49.00,44.00,82.79,3.45,11000.00,M
BFF,2025-10-27 10:53,58.00,34.00,40.28,5.75,9000.00,M
BFF,2025-10-27 11:53,58.00,33.00,38.70,12.65,9500.00,29.90
BFF,2025-10-27 12:53,63.00,28.00,26.44,19.55,10000.00,34.50
BFF,2025-10-27 13:53,60.00,26.00,27.07,23.00,10000.00,39.10
BFF,2025-10-27 14:53,60.00,26.00,27.07,23.00,7500.00,36.80
BFF,2025-10-27 15:53,57.00,24.00,27.73,16.10,7000.00,33.35
BFF,2025-10-27 16:53,58.00,23.00,25.65,16.10,11000.00,29.90
BFF,2025-10-27 17:53,59.00,22.00,23.73,16.10,12000.00,M
BFF,2025-10-27 18:53,52.00,35.00,52.14,14.95,8500.00,32.20
BFF,2025-10-27 19:53,47.00,34.00,60.37,11.50,M,M
BFF,2025-10-27 20:53,43.00,35.00,73.15,13.80,6500.00,M
BFF,2025-10-27 21:53,41.00,34.00,75.92,6.90,4400.00,M
BFF,2025-10-27 22:53,40.00,35.00,82.14,8.05,7000.00,M
BFF,2025-10-27 23:53,40.00,37.00,88.91,14.95,3600.00,M
BFF,2025-10-28 00:31,38.00,36.00,92.42,13.80,1600.00,M
BFF,2025-10-28 00:53,38.00,36.00,92.42,16.10,1600.00,M
BFF,2025-10-28 01:32,38.00,36.00,92.42,13.80,2000.00,M
BFF,2025-10-28 01:41,38.00,36.00,92.42,14.95,2000.00,M
BFF,2025-10-28 01:53,38.00,35.00,88.82,13.80,1500.00,M
BFF,2025-10-28 02:53,36.00,33.00,88.72,13.80,2000.00,M
BFF,2025-10-28 03:53,35.00,32.00,88.67,10.35,6000.00,M
BFF,2025-10-28 04:53,32.00,30.00,92.21,4.60,M,M
BFF,2025-10-28 05:53,32.00,30.00,92.21,10.35,M,M
BFF,2025-10-28 06:53,32.00,30.00,92.21,8.05,12000.00,M
BFF,2025-10-28 07:53,30.00,27.00,88.43,8.05,M,M
BFF,2025-10-28 08:53,30.00,26.00,84.84,9.20,M,M
BFF,2025-10-28 09:53,34.00,28.00,78.41,10.35,M,M
BFF,2025-10-28 10:53,39.00,29.00,67.04,9.20,M,M
BFF,2025-10-28 11:53,44.00,24.00,44.93,19.55,M,M
BFF,2025-10-28 12:53,46.00,18.00,32.28,20.70,M,34.50
BFF,2025-10-28 13:53,47.00,16.00,28.50,23.00,M,37.95
BFF,2025-10-28 14:53,46.00,16.00,29.60,17.25,7500.00,36.80
BFF,2025-10-28 15:53,47.00,16.00,28.50,17.25,7000.00,33.35
BFF,2025-10-28 16:53,48.00,17.00,28.67,14.95,4100.00,36.80
BFF,2025-10-28 17:53,43.00,12.00,27.84,17.25,9500.00,39.10
BFF,2025-10-28 18:53,40.00,14.00,34.15,13.80,M,31.05
BFF,2025-10-28 19:53,36.00,16.00,43.60,9.20,9000.00,M
BFF,2025-10-28 20:53,31.00,17.00,55.64,8.05,M,M
BFF,2025-10-28 21:53,31.00,17.00,55.64,8.05,M,M
BFF,2025-10-28 22:53,29.00,17.00,60.36,5.75,M,M
BFF,2025-10-28 23:53,26.00,17.00,68.30,6.90,M,M
BFF,2025-10-29 00:53,24.00,17.00,74.24,8.05,M,M
BFF,2025-10-29 01:53,25.00,17.00,71.20,4.60,M,M
BFF,2025-10-29 02:53,22.00,16.00,77.32,9.20,M,M
BFF,2025-10-29 03:53,20.00,15.00,80.59,6.90,M,M
BFF,2025-10-29 04:53,20.00,15.00,80.59,5.75,M,M
BFF,2025-10-29 05:53,17.00,14.00,87.75,4.60,M,M
BFF,2025-10-29 06:53,15.00,14.00,95.72,4.60,M,M
BFF,2025-10-29 07:53,14.00,12.00,91.56,4.60,M,M
BFF,2025-10-29 08:53,16.00,14.00,91.64,3.45,M,M
BFF,2025-10-29 09:53,26.00,19.00,74.44,0.00,M,M
BFF,2025-10-29 10:53,32.00,20.00,60.78,5.75,M,M
BFF,2025-10-29 11:53,40.00,20.00,44.27,6.90,M,M
BFF,2025-10-29 12:53,47.00,20.00,33.86,5.75,M,M
BFF,2025-10-29 13:53,53.00,18.00,24.86,5.75,M,M
BFF,2025-10-29 14:53,55.00,14.00,19.42,6.90,M,M
BFF,2025-10-29 15:53,58.00,14.00,17.43,6.90,M,M
BFF,2025-10-29 16:53,61.00,15.00,16.36,9.20,M,M
BFF,2025-10-29 17:53,59.00,15.00,17.57,9.20,M,M
BFF,2025-10-29 18:53,51.00,17.00,25.64,8.05,M,M
BFF,2025-10-29 19:53,49.00,16.00,26.44,9.20,M,M
BFF,2025-10-29 20:53,41.00,18.00,39.09,9.20,M,M
BFF,2025-10-29 21:53,39.00,19.00,44.11,6.90,M,M
BFF,2025-10-29 22:53,37.00,19.00,47.71,8.05,M,M
BFF,2025-10-29 23:53,37.00,19.00,47.71,0.00,M,M
BFF,2025-10-30 00:53,33.00,21.00,60.92,4.60,M,M
BFF,2025-10-30 01:53,31.00,21.00,66.04,6.90,M,M
BFF,2025-10-30 02:53,34.00,22.00,61.06,8.05,M,M
BFF,2025-10-30 03:53,34.00,23.00,63.69,8.05,M,M
BFF,2025-10-30 04:53,41.00,26.00,54.81,14.95,M,M
BFF,2025-10-30 05:53,41.00,26.00,54.81,12.65,9000.00,M
BFF,2025-10-30 06:53,40.00,24.00,52.43,11.50,10000.00,M
BFF,2025-10-30 07:53,38.00,24.00,56.69,9.20,10000.00,M
BFF,2025-10-30 08:53,35.00,24.00,63.82,6.90,10000.00,M
BFF,2025-10-30 09:53,41.00,25.00,52.58,12.65,M,M
BFF,2025-10-30 10:53,45.00,24.00,43.25,17.25,M,M
BFF,2025-10-30 11:53,50.00,23.00,34.37,16.10,M,M
BFF,2025-10-30 12:53,53.00,22.00,29.49,16.10,M,M
BFF,2025-10-30 13:53,54.00,21.00,27.25,13.80,M,M
BFF,2025-10-30 14:53,55.00,22.00,27.41,14.95,M,M
BFF,2025-10-30 15:53,54.00,21.00,27.25,11.50,M,M
BFF,2025-10-30 16:53,55.00,22.00,27.41,11.50,M,M
BFF,2025-10-30 17:53,53.00,22.00,29.49,10.35,M,M
BFF,2025-10-30 18:53,46.00,22.00,38.28,8.05,M,M
BFF,2025-10-30 19:53,41.00,21.00,44.44,8.05,M,M
BFF,2025-10-30 20:53,35.00,20.00,53.90,6.90,M,M
BFF,2025-10-30 21:53,32.00,20.00,60.78,6.90,M,M
BFF,2025-10-30 22:53,32.00,20.00,60.78,4.60,M,M
BFF,2025-10-30 23:53,29.00,20.00,68.66,4.60,M,M
BFF,2025-10-31 00:53,25.00,19.00,77.60,4.60,M,M
BFF,2025-10-31 01:53,26.00,20.00,77.69,8.05,M,M
BFF,2025-10-31 02:53,25.00,20.00,80.99,6.90,M,M
BFF,2025-10-31 03:53,27.00,20.00,74.54,8.05,M,M
BFF,2025-10-31 04:53,26.00,20.00,77.69,9.20,M,M
BFF,2025-10-31 05:53,24.00,19.00,80.91,10.35,M,M
BFF,2025-10-31 06:53,26.00,21.00,81.07,9.20,9000.00,M
BFF,2025-10-31 07:53,25.00,20.00,80.99,9.20,8500.00,M
BFF,2025-10-31 08:53,26.00,21.00,81.07,10.35,M,M
BFF,2025-10-31 09:53,31.00,22.00,68.90,8.05,M,M
BFF,2025-10-31 10:53,36.00,24.00,61.34,8.05,M,M
BFF,2025-10-31 11:53,45.00,25.00,45.10,13.80,7500.00,M
BFF,2025-10-31 12:53,47.00,23.00,38.45,12.65,7500.00,M
BFF,2025-10-31 13:53,50.00,22.00,32.95,17.25,M,M
BFF,2025-10-31 14:53,51.00,22.00,31.75,16.10,6000.00,M
BFF,2025-10-31 15:53,49.00,21.00,32.78,17.25,6000.00,33.35
BFF,2025-10-31 16:53,49.00,21.00,32.78,16.10,M,32.20
BFF,2025-10-31 17:53,47.00,21.00,35.33,18.40,M,M
BFF,2025-10-31 18:53,41.00,22.00,46.36,6.90,M,M
BFF,2025-10-31 19:53,40.00,21.00,46.20,11.50,M,M
BFF,2025-10-31 20:53,40.00,20.00,44.27,0.00,M,M
BFF,2025-10-31 21:53,36.00,20.00,51.80,5.75,7500.00,M
BFF,2025-10-31 22:53,27.00,19.00,71.42,3.45,M,M
BFF,2025-10-31 23:53,25.00,18.00,74.34,6.90,M,M
BFF,2025-11-01 00:53,21.00,17.00,84.25,5.75,M,M
BFF,2025-11-01 01:53,20.00,16.00,84.18,3.45,M,M
BFF,2025-11-01 02:53,18.00,15.00,87.80,0.00,M,M
BFF,2025-11-01 03:53,18.00,15.00,87.80,0.00,M,M
BFF,2025-11-01 04:53,17.00,14.00,87.75,0.00,M,M
BFF,2025-11-01 05:53,18.00,15.00,87.80,0.00,M,M
BFF,2025-11-01 06:53,17.00,14.00,87.75,4.60,M,M
BFF,2025-11-01 07:53,16.00,15.00,95.74,0.00,M,M
BFF,2025-11-01 08:53,19.00,16.00,87.85,0.00,M,M
BFF,2025-11-01 09:53,23.00,18.00,80.83,0.00,M,M
BFF,2025-11-01 10:53,27.00,20.00,74.54,0.00,M,M
BFF,2025-11-01 11:53,33.00,21.00,60.92,0.00,M,M
BFF,2025-11-01 12:53,41.00,22.00,46.36,0.00,M,M
BFF,2025-11-01 13:53,46.00,22.00,38.28,3.45,M,M
BFF,2025-11-01 14:53,52.00,22.00,30.59,3.45,M,M
BFF,2025-11-01 15:53,57.00,22.00,25.50,0.00,M,M
BFF,2025-11-01 16:53,60.00,21.00,21.95,5.75,M,M
BFF,2025-11-01 17:53,60.00,22.00,22.90,3.45,M,M
BFF,2025-11-01 18:53,50.00,22.00,32.95,5.75,M,M
BFF,2025-11-01 19:53,43.00,22.00,42.92,4.60,M,M
BFF,2025-11-01 20:53,40.00,22.00,48.20,6.90,M,M
BFF,2025-11-01 21:53,38.00,21.00,49.95,8.05,M,M
BFF,2025-11-01 22:53,41.00,20.00,42.59,8.05,M,M
BFF,2025-11-01 23:53,37.00,20.00,49.79,3.45,M,M
BFF,2025-11-02 00:53,34.00,21.00,58.53,0.00,M,M
BFF,2025-11-02 01:53,33.00,20.00,58.38,4.60,M,M
BFF,2025-11-02 01:53,34.00,20.00,56.09,4.60,M,M
BFF,2025-11-02 02:53,32.00,20.00,60.78,0.00,M,M
BFF,2025-11-02 03:53,32.00,20.00,60.78,3.45,M,M
BFF,2025-11-02 04:53,31.00,21.00,66.04,0.00,M,M
BFF,2025-11-02 05:53,34.00,22.00,61.06,3.45,M,M
BFF,2025-11-02 06:53,39.00,20.00,46.03,3.45,M,M
BFF,2025-11-02 07:53,38.00,21.00,49.95,3.45,M,M
BFF,2025-11-02 08:53,53.00,22.00,29.49,0.00,M,M
BFF,2025-11-02 09:53,69.00,18.00,14.10,20.70,M,32.20
BFF,2025-11-02 10:53,73.00,17.00,11.79,29.90,M,47.15
BFF,2025-11-02 11:53,77.00,17.00,10.32,26.45,M,47.15
BFF,2025-11-02 12:53,78.00,17.00,9.98,24.15,M,43.70
BFF,2025-11-02 13:53,79.00,16.00,9.25,21.85,M,39.10
BFF,2025-11-02 14:53,79.00,17.00,9.66,18.40,M,34.50
BFF,2025-11-02 15:53,78.00,18.00,10.43,16.10,M,31.05
BFF,2025-11-02 16:53,76.00,20.00,12.13,10.35,M,M
BFF,2025-11-02 17:49,64.40,30.20,27.55,19.55,M,M
BFF,2025-11-02 17:53,63.00,32.00,31.12,21.85,M,31.05
BFF,2025-11-02 18:53,56.00,28.00,33.94,13.80,M,35.65
BFF,2025-11-02 19:53,52.00,29.00,40.93,8.05,M,M
BFF,2025-11-02 20:53,48.00,26.00,41.98,9.20,M,M
BFF,2025-11-02 21:53,44.00,25.00,46.85,5.75,M,M
BFF,2025-11-02 22:53,42.00,22.00,44.60,3.45,M,M
BFF,2025-11-02 23:53,38.00,20.00,47.87,5.75,M,M
BFF,2025-11-03 00:53,34.00,20.00,56.09,6.90,M,M
BFF,2025-11-03 01:53,32.00,19.00,58.24,0.00,M,M
BFF,2025-11-03 02:53,28.00,18.00,65.66,5.75,M,M
BFF,2025-11-03 03:53,28.00,18.00,65.66,4.60,M,M
BFF,2025-11-03 04:53,26.00,18.00,71.31,4.60,M,M
BFF,2025-11-03 05:53,24.00,18.00,77.51,3.45,M,M
BFF,2025-11-03 06:53,24.00,18.00,77.51,0.00,M,M
BFF,2025-11-03 07:53,26.00,19.00,74.44,4.60,M,M
BFF,2025-11-03 08:53,34.00,21.00,58.53,6.90,M,M
BFF,2025-11-03 09:53,41.00,21.00,44.44,9.20,M,M
BFF,2025-11-03 10:53,49.00,21.00,32.78,10.35,M,M
BFF,2025-11-03 11:53,54.00,15.00,21.05,18.40,M,M
BFF,2025-11-03 12:53,55.00,14.00,19.42,18.40,M,29.90
BFF,2025-11-03 13:53,55.00,16.00,21.20,18.40,M,M
BFF,2025-11-03 14:53,55.00,20.00,25.18,20.70,M,29.90
BFF,2025-11-03 15:53,55.00,21.00,26.27,16.10,M,31.05
BFF,2025-11-03 16:53,55.00,21.00,26.27,13.80,M,M
BFF,2025-11-03 17:53,53.00,21.00,28.27,17.25,M,M
BFF,2025-11-03 18:53,46.00,20.00,35.17,8.05,M,M
BFF,2025-11-03 19:53,42.00,21.00,42.75,6.90,M,M
BFF,2025-11-03 20:53,42.00,22.00,44.60,11.50,M,M
BFF,2025-11-03 21:53,38.00,22.00,52.11,9.20,M,M
BFF,2025-11-03 22:53,38.00,24.00,56.69,10.35,M,M
BFF,2025-11-03 23:53,37.00,25.00,61.48,9.20,M,M
BFF,2025-11-04 00:53,33.00,24.00,69.14,8.05,M,M
BFF,2025-11-04 01:53,33.00,24.00,69.14,8.05,M,M
BFF,2025-11-04 02:53,32.00,24.00,71.98,4.60,M,M
BFF,2025-11-04 03:53,27.00,23.00,84.65,0.00,M,M
BFF,2025-11-04 04:53,26.00,21.00,81.07,5.75,M,M
BFF,2025-11-04 05:53,26.00,22.00,84.58,0.00,M,M
BFF,2025-11-04 06:53,25.00,22.00,88.17,3.45,M,M
BFF,2025-11-04 07:53,27.00,22.00,81.15,3.45,M,M
BFF,2025-11-04 08:53,42.00,24.00,48.52,0.00,M,M
BFF,2025-11-04 09:53,52.00,24.00,33.28,0.00,M,M
BFF,2025-11-04 10:53,57.00,26.00,30.14,0.00,M,M
BFF,2025-11-04 11:53,61.00,26.00,26.13,4.60,M,M
BFF,2025-11-04 12:53,69.00,25.00,18.97,6.90,M,M
BFF,2025-11-04 13:53,76.00,19.00,11.63,18.40,M,34.50
BFF,2025-11-04 14:53,77.00,19.00,11.25,16.10,M,31.05
BFF,2025-11-04 15:53,76.00,18.00,11.14,21.85,M,36.80
BFF,2025-11-04 16:53,73.00,19.00,12.85,17.25,M,32.20
BFF,2025-11-04 17:53,69.00,20.00,15.36,14.95,M,33.35
BFF,2025-11-04 18:53,65.00,20.00,17.64,12.65,M,M
BFF,2025-11-04 19:53,56.00,21.00,25.34,9.20,M,M
BFF,2025-11-04 20:53,54.00,29.00,38.03,16.10,M,M
BFF,2025-11-04 21:53,52.00,31.00,44.40,3.45,M,M
BFF,2025-11-04 22:53,52.00,32.00,46.24,5.75,M,M
BFF,2025-11-04 23:53,44.00,31.00,59.95,5.75,12000.00,M
BFF,2025-11-05 00:53,43.00,31.00,62.29,5.75,12000.00,M
BFF,2025-11-05 01:53,40.00,31.00,69.95,5.75,12000.00,M
BFF,2025-11-05 02:53,38.00,31.00,75.64,6.90,M,M
BFF,2025-11-05 03:53,39.00,32.00,75.73,8.05,M,M
BFF,2025-11-05 04:53,33.00,29.00,85.03,0.00,M,M
BFF,2025-11-05 05:53,30.00,28.00,92.14,4.60,M,M
BFF,2025-11-05 06:53,31.00,28.00,88.48,3.45,M,M
BFF,2025-11-05 07:53,28.00,26.00,92.07,0.00,M,M
BFF,2025-11-05 08:53,39.00,33.00,78.84,6.90,M,M
BFF,2025-11-05 09:53,45.00,35.00,67.77,8.05,M,M
BFF,2025-11-05 10:53,48.00,35.00,60.51,12.65,M,M
BFF,2025-11-05 11:53,53.00,34.00,48.29,16.10,M,M
BFF,2025-11-05 12:53,58.00,34.00,40.28,14.95,M,M
BFF,2025-11-05 13:53,61.00,33.00,34.77,17.25,M,M
BFF,2025-11-05 14:53,63.00,33.00,32.40,13.80,M,M
BFF,2025-11-05 15:53,63.00,32.00,31.12,19.55,M,29.90
BFF,2025-11-05 16:53,61.00,32.00,33.40,13.80,M,29.90
BFF,2025-11-05 17:53,55.00,32.00,41.43,10.35,M,M
BFF,2025-11-05 18:53,50.00,33.00,51.84,11.50,M,M
BFF,2025-11-05 19:53,48.00,32.00,53.65,12.65,M,M
BFF,2025-11-05 20:53,46.00,32.00,57.85,8.05,M,M
BFF,2025-11-05 21:53,53.00,33.00,46.40,10.35,M,M
BFF,2025-11-05 22:43,52.00,33.00,48.14,11.50,M,M
BFF,2025-11-05 22:53,53.00,32.00,44.57,12.65,M,M
BFF,2025-11-05 23:53,50.00,32.00,49.79,3.45,M,M
BFF,2025-11-06 00:53,45.00,31.00,57.71,9.20,M,M
BFF,2025-11-06 01:53,39.00,30.00,69.84,6.90,M,M
BFF,2025-11-06 02:53,40.00,31.00,69.95,6.90,M,M
BFF,2025-11-06 03:53,38.00,30.00,72.62,4.60,M,M
BFF,2025-11-06 04:53,36.00,31.00,81.84,5.75,M,M
BFF,2025-11-06 05:53,35.00,30.00,81.77,5.75,M,M
BFF,2025-11-06 06:53,40.00,29.00,64.48,9.20,M,M
BFF,2025-11-06 07:53,43.00,28.00,55.11,8.05,M,M
BFF,2025-11-06 08:53,46.00,29.00,51.22,5.75,M,M
BFF,2025-11-06 09:53,53.00,30.00,41.10,6.90,M,M
BFF,2025-11-06 10:53,62.00,29.00,28.54,12.65,M,29.90
BFF,2025-11-06 11:53,65.00,28.00,24.66,16.10,12000.00,M
BFF,2025-11-06 12:53,67.00,28.00,23.01,26.45,M,43.70
BFF,2025-11-06 13:53,67.00,29.00,23.97,20.70,M,44.85
BFF,2025-11-06 14:53,64.00,27.00,24.50,20.70,10000.00,40.25
BFF,2025-11-06 15:53,65.00,27.00,23.66,23.00,9000.00,35.65
BFF,2025-11-06 16:53,58.00,31.00,35.70,18.40,5000.00,41.40
BFF,2025-11-06 17:53,53.00,31.00,42.80,11.50,10000.00,40.25
BFF,2025-11-06 18:53,51.00,30.00,44.24,10.35,M,M
BFF,2025-11-06 19:53,43.00,30.00,59.81,6.90,M,M
BFF,2025-11-06 20:53,40.00,29.00,64.48,6.90,M,M
BFF,2025-11-06 21:53,49.00,29.00,45.75,9.20,11000.00,M
BFF,2025-11-06 22:53,47.00,28.00,47.34,10.35,9000.00,M
BFF,2025-11-06 23:53,45.00,32.00,60.09,5.75,10000.00,M
BFF,2025-11-07 00:53,41.00,32.00,70.06,8.05,M,M
BFF,2025-11-07 01:53,36.00,30.00,78.58,5.75,8500.00,M
BFF,2025-11-07 02:53,35.00,29.00,78.50,6.90,9500.00,M
BFF,2025-11-07 03:53,34.00,29.00,81.69,8.05,M,M
BFF,2025-11-07 04:53,31.00,28.00,88.48,8.05,M,M
BFF,2025-11-07 05:53,31.00,26.00,81.46,4.60,M,M
BFF,2025-11-07 06:53,30.00,26.00,84.84,4.60,M,M
BFF,2025-11-07 07:53,29.00,25.00,84.78,8.05,M,M
BFF,2025-11-07 08:53,40.00,28.00,61.89,0.00,M,M
BFF,2025-11-07 09:53,47.00,27.00,45.43,9.20,M,M
BFF,2025-11-07 10:53,53.00,27.00,36.34,6.90,M,M
BFF,2025-11-07 11:53,58.00,22.00,24.59,10.35,M,29.90
BFF,2025-11-07 12:53,61.00,21.00,21.18,13.80,M,M
BFF,2025-11-07 13:53,62.00,19.00,18.77,16.10,M,M
BFF,2025-11-07 14:53,63.00,19.00,18.13,20.70,M,36.80
BFF,2025-11-07 15:53,61.00,22.00,22.10,20.70,M,40.25
BFF,2025-11-07 16:53,57.00,23.00,26.59,10.35,M,29.90
BFF,2025-11-07 17:53,56.00,25.00,29.98,9.20,11000.00,M
BFF,2025-11-07 18:53,54.00,25.00,32.24,10.35,M,M
BFF,2025-11-07 19:53,49.00,26.00,40.43,3.45,11000.00,M
BFF,2025-11-07 20:53,49.00,26.00,40.43,4.60,7500.00,M
BFF,2025-11-07 21:53,48.00,27.00,43.75,0.00,10000.00,M
BFF,2025-11-07 22:53,48.00,36.00,62.96,24.15,8500.00,35.65
BFF,2025-11-07 23:53,39.00,32.00,75.73,28.75,M,51.75
BFF,2025-11-08 00:53,40.00,32.00,72.84,16.10,6000.00,43.70
BFF,2025-11-08 01:53,38.00,32.00,78.76,11.50,9500.00,M
BFF,2025-11-08 02:53,37.00,31.00,78.67,9.20,12000.00,M
BFF,2025-11-08 03:53,35.00,31.00,85.16,9.20,M,M
BFF,2025-11-08 04:53,31.00,29.00,92.18,6.90,M,M
BFF,2025-11-08 05:53,29.00,28.00,95.98,6.90,M,M
BFF,2025-11-08 06:53,29.00,23.00,77.97,9.20,M,M
BFF,2025-11-08 07:53,29.00,22.00,74.75,9.20,M,M
BFF,2025-11-08 08:53,35.00,24.00,63.82,14.95,M,M
BFF,2025-11-08 09:53,43.00,23.00,44.77,19.55,M,33.35
BFF,2025-11-08 10:53,48.00,20.00,32.61,24.15,M,39.10
BFF,2025-11-08 11:53,47.00,18.00,31.08,33.35,6500.00,51.75
BFF,2025-11-08 12:53,48.00,19.00,31.25,35.65,6000.00,62.10
BFF,2025-11-08 13:53,48.00,22.00,35.50,39.10,5500.00,56.35
BFF,2025-11-08 14:53,47.00,22.00,36.86,29.90,7000.00,51.75
BFF,2025-11-08 15:53,46.00,24.00,41.64,25.30,3900.00,46.00
BFF,2025-11-08 16:53,44.00,23.00,43.09,17.25,7500.00,34.50
BFF,2025-11-08 17:53,40.00,24.00,52.43,14.95,M,M
BFF,2025-11-08 18:53,39.00,25.00,56.84,12.65,10000.00,M
BFF,2025-11-08 19:53,36.00,25.00,63.96,16.10,M,M
BFF,2025-11-08 20:53,34.00,25.00,69.26,12.65,10000.00,M
BFF,2025-11-08 21:53,31.00,24.00,74.95,6.90,M,M
BFF,2025-11-08 22:53,28.00,24.00,84.71,5.75,M,M
BFF,2025-11-08 23:53,25.00,22.00,88.17,5.75,M,M
BFF,2025-11-09 00:53,23.00,21.00,91.90,5.75,M,M
BFF,2025-11-09 01:53,23.00,20.00,88.07,6.90,M,M
BFF,2025-11-09 02:53,24.00,19.00,80.91,6.90,M,M
BFF,2025-11-09 03:53,23.00,19.00,84.38,8.05,M,M
BFF,2025-11-09 04:53,22.00,18.00,84.31,9.20,M,M
BFF,2025-11-09 05:53,20.00,17.00,87.91,6.90,M,M
BFF,2025-11-09 06:53,22.00,18.00,84.31,6.90,M,M
BFF,2025-11-09 07:53,20.00,17.00,87.91,5.75,M,M
BFF,2025-11-09 08:53,27.00,20.00,74.54,5.75,M,M
BFF,2025-11-09 09:53,33.00,22.00,63.56,5.75,M,M
BFF,2025-11-09 10:53,38.00,25.00,59.11,4.60,M,M
BFF,2025-11-09 11:53,43.00,25.00,48.68,5.75,M,M
BFF,2025-11-09 12:53,47.00,23.00,38.45,11.50,M,M
BFF,2025-11-09 13:53,50.00,18.00,27.78,17.25,6500.00,M
BFF,2025-11-09 14:53,50.00,16.00,25.48,10.35,M,M
BFF,2025-11-09 15:53,50.00,15.00,24.39,9.20,M,M
BFF,2025-11-09 16:53,48.00,15.00,26.28,12.65,M,M
BFF,2025-11-09 17:53,39.00,19.00,44.11,8.05,M,M
BFF,2025-11-09 18:53,33.00,19.00,55.94,6.90,M,M
BFF,2025-11-09 19:53,30.00,20.00,65.92,3.45,M,M
BFF,2025-11-09 20:53,26.00,19.00,74.44,6.90,M,M
BFF,2025-11-09 21:53,25.00,19.00,77.60,5.75,M,M
BFF,2025-11-09 22:53,24.00,19.00,80.91,5.75,M,M
BFF,2025-11-09 23:53,25.00,20.00,80.99,8.05,M,M
BFF,2025-11-10 00:53,26.00,20.00,77.69,9.20,9500.00,M
BFF,2025-11-10 01:53,27.00,21.00,77.78,11.50,M,M
BFF,2025-11-10 02:53,28.00,22.00,77.88,12.65,10000.00,M
BFF,2025-11-10 03:53,27.00,21.00,77.78,12.65,10000.00,M
BFF,2025-11-10 04:53,26.00,21.00,81.07,10.35,9500.00,M
BFF,2025-11-10 05:53,24.00,20.00,84.45,8.05,M,M
BFF,2025-11-10 06:53,24.00,20.00,84.45,3.45,M,M
BFF,2025-11-10 07:53,22.00,19.00,88.01,0.00,M,M
BFF,2025-11-10 08:53,25.00,21.00,84.51,0.00,M,M
BFF,2025-11-10 09:53,29.00,21.00,71.65,0.00,M,M
BFF,2025-11-10 10:53,34.00,22.00,61.06,0.00,M,M
BFF,2025-11-10 11:53,39.00,22.00,50.11,0.00,M,M
BFF,2025-11-10 12:53,46.00,22.00,38.28,0.00,M,M
BFF,2025-11-10 13:53,51.00,23.00,33.11,0.00,M,M
BFF,2025-11-10 14:53,54.00,24.00,30.92,0.00,M,M
BFF,2025-11-10 15:53,55.00,24.00,29.82,3.45,M,M
BFF,2025-11-10 16:53,51.00,27.00,39.12,3.45,M,M
BFF,2025-11-10 17:53,48.00,26.00,41.98,3.45,M,M
BFF,2025-11-10 18:53,42.00,26.00,52.74,0.00,M,M
BFF,2025-11-10 19:53,38.00,25.00,59.11,8.05,M,M
BFF,2025-11-10 20:53,39.00,24.00,54.51,4.60,M,M
BFF,2025-11-10 21:53,35.00,24.00,63.82,5.75,M,M
BFF,2025-11-10 22:53,36.00,23.00,58.82,6.90,M,M
BFF,2025-11-10 23:53,41.00,24.00,50.43,3.45,M,M
BFF,2025-11-11 00:53,37.00,25.00,61.48,3.45,M,M
BFF,2025-11-11 01:53,43.00,22.00,42.92,4.60,M,M
BFF,2025-11-11 02:53,42.00,23.00,46.52,9.20,M,M
BFF,2025-11-11 03:53,44.00,22.00,41.31,9.20,M,M
BFF,2025-11-11 04:53,43.00,21.00,41.14,8.05,M,M
BFF,2025-11-11 05:53,44.00,21.00,39.59,10.35,M,M
BFF,2025-11-11 06:53,39.00,22.00,50.11,10.35,M,M
BFF,2025-11-11 07:53,45.00,23.00,41.48,9.20,M,M
BFF,2025-11-11 08:53,46.00,23.00,39.93,9.20,M,M
BFF,2025-11-11 09:53,54.00,25.00,32.24,10.35,M,M
BFF,2025-11-11 10:53,63.00,24.00,22.40,14.95,M,M
BFF,2025-11-11 11:53,67.00,25.00,20.32,9.20,M,M
BFF,2025-11-11 12:53,68.00,27.00,21.33,14.95,M,M
BFF,2025-11-11 13:53,68.00,28.00,22.23,16.10,M,M
BFF,2025-11-11 14:53,68.00,28.00,22.23,12.65,M,M
BFF,2025-11-11 15:53,67.00,28.00,23.01,9.20,M,M
BFF,2025-11-11 16:53,64.00,28.00,25.53,6.90,M,M
BFF,2025-11-11 17:53,53.00,27.00,36.34,4.60,M,M
BFF,2025-11-11 18:53,48.00,27.00,43.75,10.35,M,M
BFF,2025-11-11 19:53,45.00,27.00,49.00,6.90,M,M
BFF,2025-11-11 20:53,40.00,26.00,56.98,0.00,M,M
BFF,2025-11-11 21:53,38.00,26.00,61.62,3.45,M,M
BFF,2025-11-11 22:53,37.00,27.00,66.80,3.45,M,M
BFF,2025-11-11 23:53,36.00,26.00,66.67,4.60,M,M
BFF,2025-11-12 00:53,34.00,26.00,72.20,8.05,M,M
BFF,2025-11-12 01:53,30.00,24.00,78.06,0.00,M,M
BFF,2025-11-12 02:53,32.00,25.00,75.05,3.45,M,M
BFF,2025-11-12 03:53,27.00,24.00,88.27,4.60,M,M
BFF,2025-11-12 04:53,25.00,24.00,95.91,4.60,M,M
BFF,2025-11-12 05:53,25.00,23.00,91.97,5.75,M,M
BFF,2025-11-12 06:53,26.00,23.00,88.22,9.20,M,M
BFF,2025-11-12 07:53,24.00,22.00,91.93,5.75,M,M
BFF,2025-11-12 08:53,31.00,25.00,78.15,5.75,M,M
BFF,2025-11-12 09:53,39.00,28.00,64.35,3.45,M,M
BFF,2025-11-12 10:53,43.00,28.00,55.11,5.75,M,M
BFF,2025-11-12 11:53,48.00,29.00,47.50,0.00,M,M
BFF,2025-11-12 12:53,58.00,28.00,31.58,5.75,M,M
BFF,2025-11-12 13:53,63.00,28.00,26.44,4.60,M,M
BFF,2025-11-12 14:53,65.00,28.00,24.66,0.00,M,M
BFF,2025-11-12 15:53,64.00,28.00,25.53,0.00,M,M
BFF,2025-11-12 16:53,60.00,28.00,29.40,4.60,M,M
BFF,2025-11-12 17:53,49.00,28.00,43.91,5.75,M,M
BFF,2025-11-12 18:53,47.00,26.00,43.58,3.45,M,M
BFF,2025-11-12 19:53,44.00,26.00,48.84,5.75,M,M
BFF,2025-11-12 20:53,44.00,27.00,50.90,5.75,M,M
BFF,2025-11-12 21:53,43.00,27.00,52.89,0.00,M,M
BFF,2025-11-12 22:53,43.00,27.00,52.89,0.00,M,M
BFF,2025-11-13 00:53,32.00,26.00,78.23,5.75,M,M
BFF,2025-11-13 02:53,35.00,26.00,69.37,4.60,M,M
BFF,2025-11-13 03:53,36.00,26.00,66.67,0.00,M,M
BFF,2025-11-13 04:53,32.00,26.00,78.23,3.45,M,M
BFF,2025-11-13 05:53,34.00,26.00,72.20,4.60,M,M
BFF,2025-11-13 06:53,32.00,26.00,78.23,4.60,M,M
BFF,2025-11-13 07:53,30.00,25.00,81.39,4.60,M,M
BFF,2025-11-13 08:53,37.00,27.00,66.80,0.00,M,M
BFF,2025-11-13 09:53,48.00,28.00,45.59,3.45,M,M
BFF,2025-11-13 10:53,57.00,27.00,31.42,4.60,M,M
BFF,2025-11-13 11:53,66.00,26.00,21.93,8.05,M,M
BFF,2025-11-13 12:53,72.00,26.00,17.86,10.35,M,M
BFF,2025-11-13 13:53,73.00,25.00,16.56,8.05,M,M
BFF,2025-11-13 14:53,75.00,25.00,15.49,10.35,M,M
BFF,2025-11-13 15:53,75.00,26.00,16.15,6.90,M,M
BFF,2025-11-13 16:53,72.00,26.00,17.86,6.90,M,M
BFF,2025-11-13 17:53,65.00,25.00,21.78,5.75,M,M
BFF,2025-11-13 18:53,59.00,25.00,26.91,5.75,M,M
BFF,2025-11-13 19:53,52.00,25.00,34.70,4.60,M,M
BFF,2025-11-13 20:53,46.00,25.00,43.42,0.00,M,M
BFF,2025-11-13 21:53,41.00,23.00,48.36,0.00,M,M
BFF,2025-11-13 22:53,39.00,24.00,54.51,4.60,M,M
BFF,2025-11-13 23:53,39.00,24.00,54.51,0.00,M,M
BFF,2025-11-14 00:53,39.00,24.00,54.51,6.90,M,M
BFF,2025-11-14 01:53,38.00,23.00,54.36,4.60,M,M
BFF,2025-11-14 02:53,36.00,24.00,61.34,5.75,M,M
BFF,2025-11-14 03:53,36.00,23.00,58.82,4.60,M,M
BFF,2025-11-14 04:53,37.00,24.00,58.96,5.75,M,M
BFF,2025-11-14 05:53,37.00,23.00,56.54,0.00,M,M
BFF,2025-11-14 06:53,33.00,23.00,66.30,0.00,M,M
BFF,2025-11-14 07:53,32.00,23.00,69.02,4.60,M,M
BFF,2025-11-14 08:53,45.00,26.00,47.01,3.45,M,M
BFF,2025-11-14 09:53,61.00,28.00,28.38,5.75,M,M
BFF,2025-11-14 10:53,71.00,25.00,17.72,12.65,M,M
BFF,2025-11-14 11:53,71.00,25.00,17.72,16.10,M,M
BFF,2025-11-14 12:53,71.00,24.00,17.00,11.50,M,29.90
BFF,2025-11-14 13:53,75.00,26.00,16.15,12.65,M,M
BFF,2025-11-14 14:53,77.00,26.00,15.11,19.55,M,32.20
BFF,2025-11-14 15:53,74.00,28.00,18.13,10.35,M,M
BFF,2025-11-14 16:53,71.00,28.00,20.06,5.75,M,M
BFF,2025-11-14 17:53,67.00,29.00,23.97,8.05,M,M
BFF,2025-11-14 18:53,62.00,29.00,28.54,6.90,M,M
BFF,2025-11-14 19:53,65.00,29.00,25.69,10.35,M,M
BFF,2025-11-14 20:53,59.00,29.00,31.75,3.45,12000.00,M
BFF,2025-11-14 21:53,59.00,28.00,30.47,6.90,M,M
BFF,2025-11-14 22:53,59.00,28.00,30.47,8.05,M,M
BFF,2025-11-14 23:53,60.00,27.00,28.22,10.35,M,M
BFF,2025-11-15 00:53,60.00,28.00,29.40,9.20,M,M
BFF,2025-11-15 01:53,63.00,30.00,28.70,14.95,M,M
BFF,2025-11-15 02:53,62.00,31.00,30.96,12.65,M,M
BFF,2025-11-15 03:53,59.00,31.00,34.44,8.05,M,M
BFF,2025-11-15 04:53,48.00,30.00,49.48,0.00,M,M
BFF,2025-11-15 05:53,44.00,31.00,59.95,6.90,M,M
BFF,2025-11-15 06:53,47.00,34.00,60.37,6.90,M,M
BFF,2025-11-15 07:53,41.00,33.00,72.94,0.00,M,M
BFF,2025-11-15 08:53,46.00,34.00,62.69,0.00,M,M
BFF,2025-11-15 09:53,52.00,36.00,54.25,4.60,M,M
BFF,2025-11-15 10:53,56.00,37.00,48.77,9.20,M,M
BFF,2025-11-15 11:53,57.00,36.00,45.21,4.60,M,M
BFF,2025-11-15 12:53,58.00,36.00,43.62,4.60,M,M
BFF,2025-11-15 13:53,63.00,37.00,37.99,3.45,M,M
BFF,2025-11-15 14:53,63.00,37.00,37.99,6.90,M,M
BFF,2025-11-15 15:53,64.00,37.00,36.68,3.45,M,M
BFF,2025-11-15 16:53,59.00,37.00,43.78,5.75,M,M
BFF,2025-11-15 17:53,52.00,36.00,54.25,6.90,M,M
BFF,2025-11-15 18:53,51.00,36.00,56.30,5.75,M,M
BFF,2025-11-15 19:53,51.00,36.00,56.30,4.60,M,M
BFF,2025-11-15 20:53,44.00,34.00,67.65,0.00,M,M
BFF,2025-11-15 21:53,42.00,34.00,73.05,6.90,M,M
BFF,2025-11-15 22:53,40.00,33.00,75.83,0.00,M,M
BFF,2025-11-15 23:53,38.00,32.00,78.76,5.75,M,M
BFF,2025-11-16 00:53,39.00,33.00,78.84,5.75,M,M
BFF,2025-11-16 01:53,39.00,33.00,78.84,4.60,M,M
BFF,2025-11-16 02:53,36.00,32.00,85.22,0.00,M,M
BFF,2025-11-16 03:53,38.00,33.00,81.99,0.00,M,M
BFF,2025-11-16 04:53,37.00,33.00,85.28,0.00,M,M
BFF,2025-11-16 05:53,33.00,31.00,92.25,4.60,M,M
BFF,2025-11-16 06:53,33.00,30.00,88.57,4.60,M,M
BFF,2025-11-16 07:53,32.00,29.00,88.53,4.60,M,M
BFF,2025-11-16 08:53,37.00,32.00,81.92,3.45,M,M
BFF,2025-11-16 09:53,44.00,34.00,67.65,5.75,M,M
BFF,2025-11-16 10:53,50.00,34.00,53.95,4.60,M,M
BFF,2025-11-16 11:53,58.00,35.00,41.92,6.90,M,M
BFF,2025-11-16 12:53,64.00,35.00,33.89,11.50,M,M
BFF,2025-11-16 13:53,68.00,35.00,29.50,10.35,M,M
BFF,2025-11-16 14:53,72.00,34.00,24.74,6.90,M,M
BFF,2025-11-16 15:53,72.00,34.00,24.74,11.50,M,M
BFF,2025-11-16 16:53,68.00,34.00,28.35,13.80,M,M
BFF,2025-11-16 17:53,57.00,34.00,41.75,10.35,M,M
BFF,2025-11-16 18:53,56.00,35.00,45.05,9.20,M,M
BFF,2025-11-16 19:53,51.00,34.00,51.99,10.35,M,M
BFF,2025-11-16 20:53,51.00,35.00,54.10,10.35,M,M
BFF,2025-11-16 21:53,48.00,35.00,60.51,10.35,M,M
BFF,2025-11-16 22:53,47.00,36.00,65.37,9.20,M,M
BFF,2025-11-16 23:53,47.00,37.00,68.01,10.35,M,M
BFF,2025-11-17 00:53,47.00,37.00,68.01,10.35,M,M
BFF,2025-11-17 01:53,45.00,37.00,73.36,3.45,10000.00,M
BFF,2025-11-17 02:53,42.00,36.00,79.10,4.60,M,M
BFF,2025-11-17 03:53,43.00,37.00,79.18,11.50,11000.00,M
BFF,2025-11-17 04:53,41.00,37.00,85.53,4.60,7500.00,M
BFF,2025-11-17 05:53,44.00,39.00,82.43,6.90,7000.00,M
BFF,2025-11-17 06:53,44.00,42.00,92.61,5.75,5500.00,M
BFF,2025-11-17 07:53,45.00,41.00,85.77,0.00,8000.00,M
BFF,2025-11-17 08:53,43.00,41.00,92.58,6.90,9000.00,M
BFF,2025-11-17 09:53,51.00,44.00,76.85,6.90,M,M
BFF,2025-11-17 10:53,54.00,40.00,58.99,10.35,M,M
BFF,2025-11-17 11:53,57.00,34.00,41.75,14.95,M,M
BFF,2025-11-17 12:53,58.00,33.00,38.70,14.95,M,M
BFF,2025-11-17 13:53,60.00,32.00,34.60,14.95,5500.00,M
BFF,2025-11-17 14:53,57.00,33.00,40.11,12.65,7500.00,M
BFF,2025-11-17 15:53,53.00,39.00,58.85,11.50,5000.00,M
BFF,2025-11-17 16:53,51.00,37.00,58.57,3.45,7000.00,M
BFF,2025-11-17 17:53,49.00,38.00,65.62,3.45,7000.00,M
BFF,2025-11-17 18:53,47.00,40.00,76.49,3.45,5000.00,M
BFF,2025-11-17 19:53,46.00,42.00,85.83,5.75,4000.00,M
BFF,2025-11-17 20:53,46.00,42.00,85.83,9.20,4000.00,M
BFF,2025-11-17 21:53,46.00,42.00,85.83,10.35,5000.00,M
BFF,2025-11-17 22:53,46.00,43.00,89.19,10.35,7000.00,M
BFF,2025-11-17 23:53,46.00,43.00,89.19,8.05,5500.00,M
BFF,2025-11-18 00:53,47.00,43.00,85.89,10.35,5500.00,M
BFF,2025-11-18 01:53,47.00,43.00,85.89,10.35,6000.00,M
BFF,2025-11-18 02:53,47.00,43.00,85.89,6.90,5500.00,M
BFF,2025-11-18 03:53,45.00,43.00,92.64,8.05,10000.00,M
BFF,2025-11-18 04:53,43.00,42.00,96.23,4.60,10000.00,M
BFF,2025-11-18 05:53,42.00,41.00,96.21,6.90,11000.00,M
BFF,2025-11-18 06:53,40.00,39.00,96.18,5.75,M,M
BFF,2025-11-18 07:53,40.00,39.00,96.18,4.60,M,M
BFF,2025-11-18 08:53,41.00,40.00,96.19,6.90,5500.00,M
BFF,2025-11-18 09:53,48.00,43.00,82.72,4.60,M,M
BFF,2025-11-18 10:53,49.00,43.00,79.68,5.75,M,M
BFF,2025-11-18 11:53,50.00,42.00,73.86,4.60,M,M
BFF,2025-11-18 12:53,54.00,42.00,63.74,4.60,M,M
BFF,2025-11-18 13:53,55.00,42.00,61.46,6.90,M,M
BFF,2025-11-18 14:53,57.00,41.00,54.99,8.05,11000.00,M
BFF,2025-11-18 15:53,55.00,42.00,61.46,8.05,11000.00,M
BFF,2025-11-18 16:53,54.00,41.00,61.32,5.75,11000.00,M
BFF,2025-11-18 17:53,48.00,40.00,73.66,8.05,M,M
BFF,2025-11-18 18:53,46.00,41.00,82.57,9.20,11000.00,M
BFF,2025-11-18 19:53,44.00,40.00,85.71,8.05,M,M
BFF,2025-11-18 20:53,41.00,38.00,88.96,6.90,M,M
BFF,2025-11-18 21:53,39.00,37.00,92.45,6.90,M,M
BFF,2025-11-18 22:53,39.00,37.00,92.45,5.75,M,M
BFF,2025-11-18 23:53,40.00,38.00,92.48,0.00,M,M
BFF,2025-11-19 00:53,39.00,38.00,96.16,0.00,10000.00,M
BFF,2025-11-19 01:53,36.00,36.00,100.00,5.75,M,M
BFF,2025-11-19 02:53,37.00,37.00,100.00,3.45,M,M
BFF,2025-11-19 03:53,36.00,36.00,100.00,5.75,11000.00,M
BFF,2025-11-19 04:53,34.00,34.00,100.00,8.05,M,M
BFF,2025-11-19 05:47,32.00,32.00,100.00,4.60,200.00,M
BFF,2025-11-19 05:53,33.00,33.00,100.00,3.45,200.00,M
BFF,2025-11-19 06:00,33.00,33.00,100.00,4.60,100.00,M
BFF,2025-11-19 06:18,32.00,32.00,100.00,3.45,100.00,M
BFF,2025-11-19 06:26,32.00,32.00,100.00,3.45,100.00,M
BFF,2025-11-19 06:46,33.00,33.00,100.00,3.45,100.00,M
BFF,2025-11-19 06:53,32.00,32.00,100.00,3.45,100.00,M
BFF,2025-11-19 07:07,32.00,32.00,100.00,3.45,100.00,M
BFF,2025-11-19 07:26,32.00,32.00,100.00,3.45,100.00,M
BFF,2025-11-19 07:53,31.00,31.00,100.00,3.45,100.00,M
BFF,2025-11-19 08:38,31.00,31.00,100.00,3.45,100.00,M
BFF,2025-11-19 08:49,30.20,30.20,100.00,0.00,100.00,M
BFF,2025-11-19 08:53,31.00,31.00,100.00,0.00,100.00,M
BFF,2025-11-19 09:17,32.00,32.00,100.00,5.75,200.00,M
BFF,2025-11-19 09:39,33.00,33.00,100.00,3.45,100.00,M
BFF,2025-11-19 09:53,35.00,35.00,100.00,4.60,100.00,M
BFF,2025-11-19 10:00,35.00,35.00,100.00,4.60,100.00,M
BFF,2025-11-19 10:06,37.00,36.00,96.12,4.60,100.00,M
BFF,2025-11-19 10:20,38.00,38.00,100.00,3.45,100.00,M
BFF,2025-11-19 10:53,42.00,39.00,89.01,3.45,M,M
BFF,2025-11-19 11:53,54.00,38.00,54.55,5.75,M,M
BFF,2025-11-19 12:53,62.00,36.00,37.83,14.95,M,M
BFF,2025-11-19 13:53,64.00,35.00,33.89,19.55,M,31.05
BFF,2025-11-19 14:53,65.00,33.00,30.21,14.95,M,29.90
BFF,2025-11-19 15:53,64.00,33.00,31.29,12.65,M,M
BFF,2025-11-19 16:53,58.00,31.00,35.70,6.90,M,M
BFF,2025-11-19 17:53,48.00,30.00,49.48,5.75,M,M
BFF,2025-11-19 18:53,46.00,32.00,57.85,10.35,M,M
BFF,2025-11-19 19:53,44.00,31.00,59.95,0.00,M,M
BFF,2025-11-19 20:53,40.00,30.00,67.16,4.60,M,M
BFF,2025-11-19 21:53,38.00,30.00,72.62,4.60,11000.00,M
BFF,2025-11-19 22:53,41.00,32.00,70.06,5.75,10000.00,M
BFF,2025-11-19 23:53,43.00,33.00,67.53,9.20,9500.00,M
BFF,2025-11-20 00:53,43.00,35.00,73.15,0.00,9000.00,M
BFF,2025-11-20 01:53,40.00,34.00,78.93,4.60,9500.00,M
BFF,2025-11-20 02:53,37.00,32.00,81.92,3.45,M,M
BFF,2025-11-20 03:53,31.00,29.00,92.18,4.60,M,M
BFF,2025-11-20 04:53,34.00,31.00,88.62,0.00,10000.00,M
BFF,2025-11-20 05:53,33.00,31.00,92.25,3.45,M,M
BFF,2025-11-20 06:53,32.00,31.00,96.04,3.45,M,M
BFF,2025-11-20 07:53,29.00,29.00,100.00,3.45,M,M
BFF,2025-11-20 08:53,35.00,33.00,92.32,0.00,M,M
BFF,2025-11-20 09:53,44.00,36.00,73.25,6.90,M,M
BFF,2025-11-20 10:53,47.00,37.00,68.01,6.90,M,M
BFF,2025-11-20 11:53,50.00,38.00,63.22,9.20,M,M
BFF,2025-11-20 12:53,51.00,38.00,60.92,9.20,M,M
BFF,2025-11-20 13:53,53.00,38.00,56.59,11.50,10000.00,M
BFF,2025-11-20 14:53,52.00,38.00,58.71,10.35,10000.00,M
BFF,2025-11-20 15:53,51.00,37.00,58.57,14.95,M,M
BFF,2025-11-20 16:53,49.00,38.00,65.62,11.50,10000.00,M
BFF,2025-11-20 17:53,44.00,35.00,70.40,6.90,M,M
BFF,2025-11-20 18:53,44.00,38.00,79.27,9.20,4300.00,M
BFF,2025-11-20 19:53,45.00,39.00,79.35,9.20,4600.00,M
BFF,2025-11-20 20:53,44.00,39.00,82.43,8.05,7000.00,M
BFF,2025-11-20 21:53,43.00,39.00,85.65,9.20,5500.00,M
BFF,2025-11-20 22:53,41.00,38.00,88.96,5.75,11000.00,M
BFF,2025-11-20 23:53,41.00,39.00,92.51,4.60,10000.00,M
BFF,2025-11-21 00:22,41.00,38.00,88.96,5.75,1400.00,M
BFF,2025-11-21 00:53,41.00,38.00,88.96,8.05,1400.00,M
BFF,2025-11-21 01:10,40.00,38.00,92.48,5.75,800.00,M
BFF,2025-11-21 01:53,38.00,37.00,96.14,4.60,600.00,M
BFF,2025-11-21 02:04,38.00,37.00,96.14,5.75,500.00,M
BFF,2025-11-21 02:21,39.00,38.00,96.16,4.60,900.00,M
BFF,2025-11-21 02:53,40.00,39.00,96.18,5.75,800.00,M
BFF,2025-11-21 03:53,41.00,39.00,92.51,6.90,600.00,M
BFF,2025-11-21 04:53,40.00,38.00,92.48,5.75,600.00,M
BFF,2025-11-21 05:53,40.00,38.00,92.48,3.45,500.00,M
BFF,2025-11-21 06:53,40.00,38.00,92.48,4.60,500.00,M
BFF,2025-11-21 07:22,40.00,38.00,92.48,4.60,400.00,M
BFF,2025-11-21 07:36,40.00,38.00,92.48,4.60,500.00,M
BFF,2025-11-21 07:49,39.20,37.40,93.19,4.60,400.00,M
BFF,2025-11-21 07:53,40.00,38.00,92.48,4.60,400.00,M
BFF,2025-11-21 08:53,40.00,38.00,92.48,0.00,400.00,M
BFF,2025-11-21 09:53,41.00,39.00,92.51,3.45,400.00,M
BFF,2025-11-21 10:00,41.00,39.00,92.51,4.60,500.00,M
BFF,2025-11-21 10:53,43.00,39.00,85.65,0.00,700.00,M
BFF,2025-11-21 11:00,43.00,39.00,85.65,0.00,700.00,M
BFF,2025-11-21 11:53,46.00,40.00,79.43,0.00,3800.00,M
BFF,2025-11-21 12:53,51.00,40.00,65.87,6.90,6000.00,M
BFF,2025-11-21 13:53,54.00,40.00,58.99,11.50,2800.00,M
BFF,2025-11-21 14:53,54.00,41.00,61.32,9.20,M,M
BFF,2025-11-21 15:53,54.00,40.00,58.99,9.20,M,M
BFF,2025-11-21 16:53,51.00,41.00,68.48,10.35,M,M
BFF,2025-11-21 17:53,46.00,39.00,76.39,8.05,M,M
BFF,2025-11-21 18:53,43.00,39.00,85.65,6.90,M,M
BFF,2025-11-21 19:53,40.00,36.00,85.47,3.45,M,M
BFF,2025-11-21 20:53,38.00,35.00,88.82,3.45,M,M
BFF,2025-11-21 21:53,42.00,38.00,85.59,6.90,M,M
BFF,2025-11-21 22:53,35.00,33.00,92.32,5.75,M,M
BFF,2025-11-21 23:53,34.00,33.00,96.07,3.45,M,M
BFF,2025-11-22 00:53,31.00,31.00,100.00,6.90,M,M
BFF,2025-11-22 01:53,34.00,32.00,92.28,4.60,M,M
BFF,2025-11-22 02:53,31.00,30.00,96.02,3.45,M,M
BFF,2025-11-22 03:53,30.00,29.00,96.00,5.75,M,M
BFF,2025-11-22 04:53,32.00,30.00,92.21,4.60,M,M
BFF,2025-11-22 05:53,34.00,31.00,88.62,9.20,M,M
BFF,2025-11-22 06:53,30.00,29.00,96.00,6.90,M,M
BFF,2025-11-22 07:53,34.00,31.00,88.62,6.90,M,M
BFF,2025-11-22 08:53,33.00,30.00,88.57,5.75,M,M
BFF,2025-11-22 09:53,41.00,33.00,72.94,10.35,M,M
BFF,2025-11-22 10:53,48.00,33.00,55.86,11.50,M,M
BFF,2025-11-22 11:53,53.00,31.00,42.80,13.80,M,M
BFF,2025-11-22 12:53,57.00,29.00,34.11,13.80,M,M
BFF,2025-11-22 13:53,59.00,26.00,28.06,9.20,M,M
BFF,2025-11-22 14:53,60.00,25.00,25.97,4.60,M,M
BFF,2025-11-22 15:53,60.00,25.00,25.97,3.45,M,M
BFF,2025-11-22 16:53,56.00,25.00,29.98,4.60,M,M
BFF,2025-11-22 17:53,44.00,24.00,44.93,5.75,M,M
BFF,2025-11-22 18:53,39.00,23.00,52.27,6.90,M,M
BFF,2025-11-22 19:53,36.00,23.00,58.82,5.75,M,M
BFF,2025-11-22 20:53,36.00,24.00,61.34,6.90,M,M
BFF,2025-11-22 21:53,35.00,24.00,63.82,5.75,M,M
BFF,2025-11-22 22:53,35.00,25.00,66.55,5.75,M,M
BFF,2025-11-22 23:53,32.00,24.00,71.98,9.20,M,M
BFF,2025-11-23 00:53,34.00,26.00,72.20,8.05,M,M
BFF,2025-11-23 01:53,31.00,25.00,78.15,5.75,M,M
BFF,2025-11-23 02:53,29.00,25.00,84.78,4.60,M,M
BFF,2025-11-23 03:53,29.00,24.00,81.31,5.75,M,M
BFF,2025-11-23 04:53,31.00,26.00,81.46,5.75,M,M
BFF,2025-11-23 05:53,25.00,22.00,88.17,3.45,M,M
BFF,2025-11-23 06:53,28.00,24.00,84.71,3.45,M,M
BFF,2025-11-23 07:53,26.00,23.00,88.22,0.00,M,M
BFF,2025-11-23 08:53,34.00,29.00,81.69,0.00,M,M
BFF,2025-11-23 09:53,41.00,30.00,64.61,0.00,M,M
BFF,2025-11-23 10:53,47.00,30.00,51.37,0.00,M,M
BFF,2025-11-23 11:53,54.00,29.00,38.03,5.75,M,M
BFF,2025-11-23 12:53,59.00,27.00,29.24,9.20,M,M
BFF,2025-11-23 13:53,62.00,23.00,22.25,9.20,M,M
BFF,2025-11-23 14:53,63.00,17.00,16.63,9.20,M,M
BFF,2025-11-23 15:53,63.00,18.00,17.36,4.60,M,M
BFF,2025-11-23 16:53,55.00,20.00,25.18,4.60,M,M
BFF,2025-11-23 17:53,45.00,21.00,38.11,9.20,M,M
BFF,2025-11-23 18:53,40.00,22.00,48.20,9.20,M,M
BFF,2025-11-23 19:53,39.00,23.00,52.27,4.60,M,M
BFF,2025-11-23 20:53,40.00,24.00,52.43,0.00,M,M
BFF,2025-11-23 21:53,35.00,24.00,63.82,5.75,M,M
BFF,2025-11-23 22:53,36.00,24.00,61.34,6.90,M,M
BFF,2025-11-23 23:53,33.00,24.00,69.14,9.20,M,M
BFF,2025-11-24 00:53,32.00,22.00,66.17,8.05,M,M
BFF,2025-11-24 01:53,29.00,21.00,71.65,10.35,M,M
BFF,2025-11-24 02:53,28.00,21.00,74.65,8.05,M,M
BFF,2025-11-24 03:53,29.00,21.00,71.65,11.50,M,M
BFF,2025-11-24 04:53,26.00,20.00,77.69,11.50,M,M
BFF,2025-11-24 05:53,26.00,20.00,77.69,10.35,M,M
BFF,2025-11-24 06:53,26.00,20.00,77.69,11.50,M,M
BFF,2025-11-24 07:53,26.00,20.00,77.69,12.65,M,M
BFF,2025-11-24 08:53,29.00,21.00,71.65,10.35,M,M
BFF,2025-11-24 09:53,37.00,23.00,56.54,10.35,M,M
BFF,2025-11-24 10:53,44.00,24.00,44.93,8.05,M,M
BFF,2025-11-24 11:53,49.00,23.00,35.67,6.90,M,M
BFF,2025-11-24 12:53,53.00,22.00,29.49,6.90,M,M
BFF,2025-11-24 13:53,56.00,21.00,25.34,4.60,M,M
BFF,2025-11-24 14:53,57.00,21.00,24.44,4.60,M,M
BFF,2025-11-24 15:53,57.00,22.00,25.50,8.05,M,M
BFF,2025-11-24 16:53,56.00,18.00,22.29,12.65,M,M
BFF,2025-11-24 17:00,55.00,18.00,23.11,13.80,M,M
BFF,2025-11-24 17:53,51.00,19.00,27.94,6.90,M,M
BFF,2025-11-24 18:53,46.00,21.00,36.69,8.05,M,M
BFF,2025-11-24 19:53,49.00,23.00,35.67,8.05,11000.00,M
BFF,2025-11-24 20:53,46.00,22.00,38.28,9.20,M,M
BFF,2025-11-24 21:53,44.00,23.00,43.09,10.35,M,M
BFF,2025-11-24 22:53,47.00,23.00,38.45,11.50,M,M
BFF,2025-11-24 23:27,41.00,30.00,64.61,32.20,M,44.85
BFF,2025-11-24 23:53,38.00,27.00,64.22,24.15,M,44.85
BFF,2025-11-25 00:53,37.00,25.00,61.48,20.70,7500.00,50.60
BFF,2025-11-25 01:53,37.00,25.00,61.48,13.80,7000.00,29.90
BFF,2025-11-25 02:53,36.00,25.00,63.96,18.40,7000.00,31.05
BFF,2025-11-25 03:53,35.00,23.00,61.20,14.95,9000.00,M
BFF,2025-11-25 04:53,35.00,20.00,53.90,21.85,10000.00,35.65
BFF,2025-11-25 05:53,32.00,18.00,55.79,23.00,11000.00,44.85
BFF,2025-11-25 06:53,29.00,16.00,57.80,19.55,M,36.80
BFF,2025-11-25 07:53,27.00,17.00,65.53,18.40,M,29.90
BFF,2025-11-25 08:53,28.00,16.00,60.22,21.85,M,31.05
BFF,2025-11-25 09:53,31.00,14.00,48.82,31.05,M,46.00
BFF,2025-11-25 10:53,33.00,14.00,45.04,26.45,M,41.40
BFF,2025-11-25 11:53,35.00,12.00,38.07,28.75,M,48.30
BFF,2025-11-25 12:53,37.00,12.00,35.17,27.60,M,42.55
BFF,2025-11-25 13:53,38.00,10.00,30.93,24.15,M,41.40
BFF,2025-11-25 14:53,38.00,7.00,27.02,25.30,M,41.40
BFF,2025-11-25 15:53,37.00,6.00,26.85,20.70,M,36.80
BFF,2025-11-25 16:53,35.00,5.00,27.77,18.40,M,34.50
BFF,2025-11-25 17:53,28.00,7.00,40.38,8.05,M,M
BFF,2025-11-25 18:53,27.00,8.00,44.02,6.90,M,M
BFF,2025-11-25 19:53,26.00,9.00,48.00,4.60,M,M
BFF,2025-11-25 20:53,21.00,8.00,56.59,5.75,M,M
BFF,2025-11-25 21:53,19.00,9.00,64.48,4.60,M,M
BFF,2025-11-25 22:53,19.00,8.00,61.64,5.75,M,M
BFF,2025-11-25 23:53,15.00,8.00,73.28,6.90,M,M
BFF,2025-11-26 00:53,16.00,8.00,70.16,5.75,M,M
BFF,2025-11-26 01:53,12.00,6.00,76.36,5.75,M,M
BFF,2025-11-26 02:53,12.00,6.00,76.36,0.00,M,M
BFF,2025-11-26 03:53,10.00,5.00,79.75,3.45,M,M
BFF,2025-11-26 04:53,11.00,6.00,79.83,4.60,M,M
BFF,2025-11-26 05:53,8.00,4.00,83.33,5.75,M,M
BFF,2025-11-26 06:53,10.00,6.00,83.47,4.60,M,M
BFF,2025-11-26 07:53,10.00,6.00,83.47,4.60,M,M
BFF,2025-11-26 08:53,14.00,8.00,76.56,3.45,M,M
BFF,2025-11-26 09:53,18.00,10.00,70.39,0.00,M,M
BFF,2025-11-26 10:53,22.00,11.00,62.06,0.00,11000.00,M
BFF,2025-11-26 11:53,24.00,11.00,57.05,0.00,6500.00,M
BFF,2025-11-26 12:53,25.00,11.00,54.72,3.45,4600.00,M
BFF,2025-11-26 13:53,29.00,16.00,57.80,3.45,5000.00,M
BFF,2025-11-26 14:53,34.00,17.00,49.31,3.45,9000.00,M
BFF,2025-11-26 15:53,34.00,17.00,49.31,3.45,7500.00,M
BFF,2025-11-26 16:53,34.00,17.00,49.31,5.75,6500.00,M
BFF,2025-11-26 17:53,33.00,18.00,53.59,6.90,7000.00,M
BFF,2025-11-26 18:53,29.00,17.00,60.36,4.60,10000.00,M
BFF,2025-11-26 19:53,29.00,17.00,60.36,3.45,10000.00,M
BFF,2025-11-26 20:53,27.00,19.00,71.42,3.45,9000.00,M
BFF,2025-11-26 21:53,22.00,15.00,74.03,4.60,8500.00,M
BFF,2025-11-26 22:53,21.00,15.00,77.23,0.00,9500.00,M
BFF,2025-11-26 23:53,21.00,15.00,77.23,5.75,10000.00,M
BFF,2025-11-27 00:53,19.00,14.00,80.51,6.90,M,M
BFF,2025-11-27 01:53,17.00,13.00,83.97,9.20,M,M
BFF,2025-11-27 02:53,18.00,13.00,80.42,9.20,M,M
BFF,2025-11-27 03:53,19.00,14.00,80.51,10.35,M,M
BFF,2025-11-27 04:53,20.00,14.00,77.14,9.20,M,M
BFF,2025-11-27 05:53,24.00,17.00,74.24,8.05,M,M
BFF,2025-11-27 06:53,22.00,16.00,77.32,4.60,M,M
BFF,2025-11-27 07:53,22.00,16.00,77.32,0.00,M,M
BFF,2025-11-27 08:53,25.00,18.00,74.34,0.00,M,M
BFF,2025-11-27 09:53,30.00,19.00,63.16,9.20,M,M
BFF,2025-11-27 10:53,34.00,20.00,56.09,0.00,M,M
BFF,2025-11-27 11:53,40.00,22.00,48.20,5.75,M,M
BFF,2025-11-27 12:53,43.00,23.00,44.77,8.05,12000.00,M
BFF,2025-11-27 13:53,44.00,23.00,43.09,6.90,11000.00,M
BFF,2025-11-27 14:53,45.00,23.00,41.48,6.90,11000.00,M
BFF,2025-11-27 15:53,45.00,23.00,41.48,8.05,6000.00,M
BFF,2025-11-27 16:53,43.00,23.00,44.77,11.50,6500.00,M
BFF,2025-11-27 17:53,41.00,23.00,48.36,9.20,6000.00,M
BFF,2025-11-27 18:53,39.00,23.00,52.27,11.50,7500.00,M
BFF,2025-11-27 19:53,39.00,24.00,54.51,12.65,9000.00,M
BFF,2025-11-27 20:53,38.00,24.00,56.69,10.35,9500.00,M
BFF,2025-11-27 21:53,38.00,25.00,59.11,12.65,9000.00,M
BFF,2025-11-27 22:53,38.00,24.00,56.69,14.95,8500.00,M
BFF,2025-11-27 23:53,36.00,24.00,61.34,11.50,9000.00,M
BFF,2025-11-28 00:53,32.00,23.00,69.02,12.65,M,M
BFF,2025-11-28 01:53,30.00,23.00,74.85,10.35,M,M
BFF,2025-11-28 02:53,31.00,23.00,71.87,11.50,M,M
BFF,2025-11-28 03:53,29.00,22.00,74.75,11.50,M,M
BFF,2025-11-28 04:53,29.00,22.00,74.75,12.65,M,M
BFF,2025-11-28 05:53,27.00,21.00,77.78,12.65,M,M
BFF,2025-11-28 06:53,25.00,20.00,80.99,12.65,M,M
BFF,2025-11-28 07:53,24.00,20.00,84.45,12.65,M,M
BFF,2025-11-28 08:53,26.00,21.00,81.07,14.95,M,M
BFF,2025-11-28 09:53,28.00,22.00,77.88,14.95,M,M
BFF,2025-11-28 10:53,30.00,23.00,74.85,13.80,M,M
BFF,2025-11-28 11:53,33.00,24.00,69.14,10.35,M,M
BFF,2025-11-28 12:53,37.00,25.00,61.48,8.05,M,M
BFF,2025-11-28 13:53,39.00,26.00,59.25,10.35,M,M
BFF,2025-11-28 14:53,40.00,26.00,56.98,9.20,11000.00,M
BFF,2025-11-28 15:53,40.00,27.00,59.39,10.35,10000.00,M
BFF,2025-11-28 16:53,38.00,27.00,64.22,12.65,10000.00,M
BFF,2025-11-28 17:53,35.00,27.00,72.30,9.20,9500.00,M
BFF,2025-11-28 18:53,33.00,27.00,78.32,11.50,12000.00,M
BFF,2025-11-28 19:53,31.00,27.00,84.90,5.75,M,M
BFF,2025-11-28 20:53,27.00,24.00,88.27,5.75,9500.00,M
BFF,2025-11-28 21:53,27.00,24.00,88.27,6.90,10000.00,M
BFF,2025-11-28 22:53,29.00,26.00,88.37,5.75,8000.00,M
BFF,2025-11-28 23:18,29.00,26.00,88.37,4.60,1000.00,M
BFF,2025-11-28 23:53,29.00,26.00,88.37,4.60,1300.00,M
BFF,2025-11-29 00:09,30.00,27.00,88.43,8.05,1500.00,M
BFF,2025-11-29 00:38,30.00,28.00,92.14,9.20,1700.00,M
BFF,2025-11-29 00:50,28.40,28.40,100.00,11.50,500.00,M
BFF,2025-11-29 00:53,29.00,28.00,95.98,11.50,700.00,M
BFF,2025-11-29 01:12,29.00,27.00,92.11,18.40,700.00,M
BFF,2025-11-29 01:30,27.00,25.00,92.04,24.15,500.00,35.65
BFF,2025-11-29 01:43,25.00,23.00,91.97,23.00,900.00,37.95
BFF,2025-11-29 01:53,24.00,22.00,91.93,25.30,1000.00,37.95
BFF,2025-11-29 02:15,23.00,19.00,84.38,21.85,1700.00,36.80
BFF,2025-11-29 02:33,22.00,17.00,80.75,20.70,2700.00,36.80
BFF,2025-11-29 02:43,21.00,17.00,84.25,18.40,2300.00,36.80
BFF,2025-11-29 02:53,21.00,18.00,87.96,23.00,2000.00,36.80
BFF,2025-11-29 03:17,20.00,18.00,91.79,14.95,1400.00,39.10
BFF,2025-11-29 03:30,20.00,16.00,84.18,20.70,1700.00,39.10
BFF,2025-11-29 03:38,19.00,16.00,87.85,18.40,2100.00,39.10
BFF,2025-11-29 03:53,19.00,14.00,80.51,26.45,1600.00,39.10
BFF,2025-11-29 04:14,18.00,12.00,76.95,20.70,1600.00,36.80
BFF,2025-11-29 04:53,18.00,11.00,73.60,28.75,4600.00,39.10
BFF,2025-11-29 05:53,15.00,10.00,80.17,21.85,3300.00,48.30
BFF,2025-11-29 06:19,16.00,9.00,73.39,27.60,3400.00,40.25
BFF,2025-11-29 06:53,15.00,6.00,66.92,26.45,5500.00,41.40
BFF,2025-11-29 07:41,14.00,5.00,66.79,18.40,2800.00,44.85
BFF,2025-11-29 07:51,14.00,5.00,66.79,21.85,2400.00,44.85
BFF,2025-11-29 07:53,14.00,5.00,66.79,23.00,2400.00,44.85
BFF,2025-11-29 08:21,14.00,5.00,66.79,23.00,2800.00,44.85
BFF,2025-11-29 08:38,14.00,5.00,66.79,21.85,3000.00,44.85
BFF,2025-11-29 08:53,15.00,6.00,66.92,25.30,3000.00,44.85
BFF,2025-11-29 09:53,15.00,7.00,70.04,24.15,3000.00,39.10
BFF,2025-11-29 10:22,15.00,6.00,66.92,27.60,2100.00,40.25
BFF,2025-11-29 10:53,18.00,8.00,64.34,14.95,2800.00,40.25
BFF,2025-11-29 11:01,19.00,8.00,61.64,16.10,2800.00,M
BFF,2025-11-29 11:53,20.00,8.00,59.06,21.85,M,33.35
BFF,2025-11-29 12:53,22.00,10.00,59.35,18.40,3100.00,31.05
BFF,2025-11-29 13:36,22.00,10.00,59.35,14.95,2800.00,M
BFF,2025-11-29 13:44,22.00,10.00,59.35,18.40,2900.00,M
BFF,2025-11-29 13:53,22.00,10.00,59.35,18.40,3100.00,M
BFF,2025-11-29 14:53,22.00,9.00,56.75,18.40,M,M
BFF,2025-11-29 15:53,22.00,8.00,54.25,19.55,M,29.90
BFF,2025-11-29 16:53,21.00,8.00,56.59,14.95,M,M
BFF,2025-11-29 17:53,15.00,6.00,66.92,8.05,M,M
BFF,2025-11-29 18:53,12.00,5.00,72.95,6.90,M,M
BFF,2025-11-29 19:53,10.00,4.00,76.17,4.60,M,M
BFF,2025-11-29 20:53,11.00,5.00,76.27,4.60,M,M
BFF,2025-11-29 21:53,5.00,2.00,87.07,4.60,M,M
BFF,2025-11-29 22:53,5.00,1.00,83.11,6.90,M,M
BFF,2025-11-29 23:53,2.00,-1.00,86.90,0.00,M,M
BFF,2025-11-30 00:53,0.00,-2.00,91.00,0.00,M,M
BFF,2025-11-30 01:53,-1.00,-3.00,90.96,4.60,M,M
BFF,2025-11-30 02:53,-3.00,-6.00,86.59,4.60,M,M
BFF,2025-11-30 03:53,-5.00,-8.00,86.47,4.60,M,M
BFF,2025-11-30 04:53,-2.00,-5.00,86.66,0.00,M,M
BFF,2025-11-30 05:53,0.00,-4.00,82.73,0.00,M,M
BFF,2025-11-30 06:53,2.00,-2.00,82.88,0.00,M,M
BFF,2025-11-30 07:53,3.00,0.00,86.95,5.75,M,M
BFF,2025-11-30 08:53,7.00,3.00,83.26,5.75,M,M
BFF,2025-11-30 09:53,9.00,5.00,83.40,6.90,10000.00,M
BFF,2025-11-30 10:53,13.00,8.00,80.00,12.65,12000.00,M
BFF,2025-11-30 11:53,16.00,8.00,70.16,14.95,M,M
BFF,2025-11-30 12:53,18.00,9.00,67.31,16.10,9500.00,M
BFF,2025-11-30 13:53,20.00,11.00,67.56,17.25,12000.00,M
BFF,2025-11-30 14:53,20.00,12.00,70.63,14.95,11000.00,M
BFF,2025-11-30 15:53,18.00,12.00,76.95,17.25,10000.00,M
BFF,2025-11-30 16:53,18.00,12.00,76.95,14.95,10000.00,M
BFF,2025-11-30 17:53,17.00,11.00,76.85,16.10,5500.00,M
BFF,2025-11-30 18:53,18.00,11.00,73.60,14.95,4600.00,M
BFF,2025-11-30 19:53,17.00,10.00,73.50,13.80,5000.00,M
BFF,2025-11-30 20:26,16.00,12.00,83.90,13.80,3000.00,M
BFF,2025-11-30 20:35,16.00,12.00,83.90,13.80,3000.00,M
BFF,2025-11-30 20:53,16.00,12.00,83.90,12.65,4300.00,M
BFF,2025-11-30 21:44,16.00,12.00,83.90,13.80,3000.00,M
BFF,2025-11-30 21:53,16.00,12.00,83.90,11.50,2400.00,M
BFF,2025-11-30 22:06,15.00,13.00,91.60,11.50,2100.00,M
BFF,2025-11-30 22:16,15.00,12.00,87.64,11.50,2300.00,M
BFF,2025-11-30 22:24,15.00,12.00,87.64,12.65,3100.00,M
BFF,2025-11-30 22:53,15.00,12.00,87.64,13.80,4300.00,M
BFF,2025-11-30 23:53,13.00,10.00,87.53,8.05,4400.00,M
BFF,2025-12-01 00:53,14.00,12.00,91.56,9.20,4300.00,M
BFF,2025-12-01 01:53,14.00,12.00,91.56,10.35,3600.00,M
BFF,2025-12-01 02:53,14.00,12.00,91.56,8.05,3300.00,M
BFF,2025-12-01 03:29,14.00,11.00,87.58,5.75,2900.00,M
BFF,2025-12-01 03:53,11.00,9.00,91.44,3.45,2700.00,M
BFF,2025-12-01 04:00,10.00,8.00,91.40,0.00,2700.00,M
BFF,2025-12-01 04:53,7.00,5.00,91.28,6.90,M,M
BFF,2025-12-01 05:44,3.00,1.00,91.12,6.90,200.00,M
BFF,2025-12-01 05:53,4.00,2.00,91.16,9.20,200.00,M
BFF,2025-12-01 06:13,6.00,5.00,95.53,8.05,200.00,M
BFF,2025-12-01 06:31,7.00,6.00,95.55,10.35,200.00,M
BFF,2025-12-01 06:53,7.00,5.00,91.28,9.20,200.00,M
BFF,2025-12-01 07:21,8.00,6.00,91.32,8.05,200.00,M
BFF,2025-12-01 07:38,8.00,6.00,91.32,9.20,200.00,M
BFF,2025-12-01 07:53,8.00,6.00,91.32,11.50,200.00,M
BFF,2025-12-01 08:09,9.00,6.00,87.30,11.50,200.00,M
BFF,2025-12-01 08:35,8.00,6.00,91.32,14.95,200.00,M
BFF,2025-12-01 08:48,8.60,6.80,92.18,13.80,200.00,M
BFF,2025-12-01 08:53,8.00,6.00,91.32,12.65,200.00,M
BFF,2025-12-01 09:03,8.00,6.00,91.32,12.65,200.00,M
BFF,2025-12-01 09:11,8.00,5.00,87.25,11.50,200.00,M
BFF,2025-12-01 09:36,9.00,7.00,91.36,11.50,300.00,M
BFF,2025-12-01 09:53,10.00,8.00,91.40,10.35,M,M
BFF,2025-12-01 10:53,13.00,11.00,91.52,11.50,M,M
BFF,2025-12-01 11:53,19.00,17.00,91.75,11.50,M,M
BFF,2025-12-01 12:53,29.00,14.00,52.96,11.50,M,M
BFF,2025-12-01 13:53,32.00,14.00,46.89,16.10,M,M
BFF,2025-12-01 14:53,35.00,12.00,38.07,14.95,M,M
BFF,2025-12-01 15:53,36.00,13.00,38.24,13.80,M,M
BFF,2025-12-01 16:53,34.00,12.00,39.61,6.90,M,M
BFF,2025-12-01 17:53,28.00,11.00,48.33,4.60,M,M
BFF,2025-12-01 18:53,27.00,12.00,52.65,3.45,M,M
BFF,2025-12-01 19:53,19.00,10.00,67.43,0.00,M,M
BFF,2025-12-01 20:53,15.00,9.00,76.66,3.45,M,M
BFF,2025-12-01 21:53,15.00,9.00,76.66,3.45,M,M
BFF,2025-12-01 22:53,14.00,9.00,80.09,3.45,M,M
BFF,2025-12-01 23:53,17.00,12.00,80.34,3.45,M,M
BFF,2025-12-02 00:53,18.00,13.00,80.42,8.05,M,M
BFF,2025-12-02 01:53,14.00,10.00,83.76,0.00,M,M
BFF,2025-12-02 02:53,16.00,12.00,83.90,5.75,M,M
BFF,2025-12-02 03:53,16.00,11.00,80.26,4.60,M,M
BFF,2025-12-02 04:53,19.00,12.00,73.71,3.45,M,M
BFF,2025-12-02 05:53,20.00,15.00,80.59,0.00,M,M
BFF,2025-12-02 06:53,25.00,18.00,74.34,5.75,9000.00,M
BFF,2025-12-02 07:53,35.00,21.00,56.24,9.20,9000.00,M
BFF,2025-12-02 08:53,35.00,22.00,58.67,8.05,9500.00,M
BFF,2025-12-02 09:53,36.00,24.00,61.34,0.00,10000.00,M
BFF,2025-12-02 10:53,40.00,22.00,48.20,6.90,M,M
BFF,2025-12-02 11:53,42.00,24.00,48.52,9.20,8500.00,M
BFF,2025-12-02 12:53,45.00,23.00,41.48,14.95,9500.00,M
BFF,2025-12-02 13:53,46.00,24.00,41.64,16.10,M,M
BFF,2025-12-02 14:53,46.00,23.00,39.93,16.10,M,31.05
BFF,2025-12-02 15:53,45.00,24.00,43.25,10.35,M,M
BFF,2025-12-02 16:53,44.00,23.00,43.09,11.50,7000.00,M
BFF,2025-12-02 17:53,37.00,24.00,58.96,0.00,M,M
BFF,2025-12-02 18:53,36.00,23.00,58.82,0.00,M,M
BFF,2025-12-02 19:53,34.00,24.00,66.42,6.90,M,M
BFF,2025-12-02 20:53,33.00,24.00,69.14,9.20,7000.00,M
BFF,2025-12-02 21:53,31.00,25.00,78.15,6.90,M,M
BFF,2025-12-02 22:53,30.00,24.00,78.06,9.20,7000.00,M
BFF,2025-12-02 23:53,31.00,25.00,78.15,10.35,6000.00,M
BFF,2025-12-03 00:53,31.00,25.00,78.15,9.20,8000.00,M
BFF,2025-12-03 01:53,30.00,25.00,81.39,11.50,9500.00,M
BFF,2025-12-03 02:53,28.00,25.00,88.32,8.05,M,M
BFF,2025-12-03 03:53,28.00,25.00,88.32,6.90,M,M
BFF,2025-12-03 04:53,27.00,25.00,92.04,5.75,11000.00,M
BFF,2025-12-03 05:53,27.00,25.00,92.04,3.45,5000.00,M
BFF,2025-12-03 06:53,28.00,26.00,92.07,8.05,3100.00,M
BFF,2025-12-03 07:12,29.00,26.00,88.37,6.90,2900.00,M
BFF,2025-12-03 07:53,29.00,26.00,88.37,6.90,2700.00,M
BFF,2025-12-03 08:03,29.00,26.00,88.37,5.75,2600.00,M
BFF,2025-12-03 08:53,31.00,26.00,81.46,9.20,5000.00,M
BFF,2025-12-03 09:53,32.00,23.00,69.02,12.65,2800.00,M
BFF,2025-12-03 10:53,33.00,24.00,69.14,12.65,2100.00,M
BFF,2025-12-03 11:53,34.00,22.00,61.06,11.50,2200.00,M
BFF,2025-12-03 12:53,35.00,21.00,56.24,8.05,2700.00,M
BFF,2025-12-03 13:53,33.00,22.00,63.56,3.45,3500.00,M
BFF,2025-12-03 14:53,35.00,19.00,51.64,9.20,5000.00,M
BFF,2025-12-03 15:53,34.00,19.00,53.74,4.60,4500.00,M
BFF,2025-12-03 16:53,34.00,20.00,56.09,3.45,4000.00,M
BFF,2025-12-03 17:53,31.00,21.00,66.04,4.60,4100.00,M
BFF,2025-12-03 18:53,28.00,22.00,77.88,4.60,6000.00,M
BFF,2025-12-03 19:53,24.00,21.00,88.12,6.90,5500.00,M
BFF,2025-12-03 20:53,19.00,18.00,95.79,0.00,M,M
BFF,2025-12-03 21:53,18.00,17.00,95.78,6.90,M,M
BFF,2025-12-03 22:53,18.00,16.00,91.71,8.05,M,M
BFF,2025-12-03 23:53,15.00,13.00,91.60,5.75,M,M
BFF,2025-12-04 00:53,15.00,13.00,91.60,4.60,M,M
BFF,2025-12-04 01:53,14.00,12.00,91.56,6.90,M,M
BFF,2025-12-04 02:53,14.00,11.00,87.58,3.45,M,M
BFF,2025-12-04 03:53,14.00,11.00,87.58,4.60,M,M
BFF,2025-12-04 04:53,13.00,10.00,87.53,3.45,M,M
BFF,2025-12-04 05:53,10.00,7.00,87.36,3.45,M,M
BFF,2025-12-04 06:53,12.00,9.00,87.47,4.60,M,M
BFF,2025-12-04 07:53,10.00,8.00,91.40,4.60,M,M
BFF,2025-12-04 08:53,15.00,12.00,87.64,3.45,M,M
BFF,2025-12-04 09:53,22.00,17.00,80.75,0.00,M,M
BFF,2025-12-04 10:53,31.00,20.00,63.29,8.05,M,M
BFF,2025-12-04 11:53,36.00,19.00,49.63,10.35,M,M
BFF,2025-12-04 12:53,42.00,15.00,33.02,21.85,9500.00,33.35
BFF,2025-12-04 13:53,41.00,12.00,30.08,25.30,11000.00,33.35
BFF,2025-12-04 14:53,40.00,15.00,35.68,13.80,12000.00,32.20
BFF,2025-12-04 15:53,41.00,15.00,34.32,11.50,M,M
BFF,2025-12-04 16:53,40.00,17.00,38.92,14.95,M,M
BFF,2025-12-04 17:53,34.00,17.00,49.31,8.05,M,M
BFF,2025-12-04 18:53,33.00,18.00,53.59,9.20,M,M
BFF,2025-12-04 19:53,31.00,18.00,58.09,5.75,M,M
BFF,2025-12-04 20:53,27.00,17.00,65.53,4.60,M,M
BFF,2025-12-04 21:53,30.00,18.00,60.50,6.90,M,M
BFF,2025-12-04 22:53,37.00,20.00,49.79,13.80,4800.00,M
BFF,2025-12-04 23:53,38.00,20.00,47.87,16.10,9500.00,M
BFF,2025-12-05 00:53,38.00,20.00,47.87,16.10,7500.00,29.90
BFF,2025-12-05 01:53,37.00,20.00,49.79,13.80,6500.00,M
BFF,2025-12-05 02:53,37.00,21.00,51.96,10.35,6000.00,M
BFF,2025-12-05 03:53,34.00,21.00,58.53,5.75,10000.00,M
BFF,2025-12-05 04:53,32.00,21.00,63.43,4.60,10000.00,M
BFF,2025-12-05 05:53,33.00,20.00,58.38,8.05,10000.00,M
BFF,2025-12-05 06:53,31.00,20.00,63.29,4.60,10000.00,M
BFF,2025-12-05 07:53,30.00,21.00,68.78,4.60,6000.00,M
BFF,2025-12-05 08:53,29.00,21.00,71.65,3.45,6000.00,M
BFF,2025-12-05 09:53,37.00,22.00,54.21,10.35,7000.00,M
BFF,2025-12-05 10:53,38.00,23.00,54.36,11.50,6500.00,M
BFF,2025-12-05 11:53,42.00,22.00,44.60,19.55,11000.00,29.90
BFF,2025-12-05 12:53,44.00,23.00,43.09,19.55,7500.00,33.35
BFF,2025-12-05 13:53,44.00,24.00,44.93,17.25,3900.00,M
BFF,2025-12-05 14:53,43.00,23.00,44.77,16.10,M,29.90
BFF,2025-12-05 15:53,43.00,23.00,44.77,11.50,4300.00,M
BFF,2025-12-05 16:53,39.00,22.00,50.11,6.90,M,M
BFF,2025-12-05 17:53,34.00,22.00,61.06,3.45,M,M
BFF,2025-12-05 18:53,28.00,20.00,71.54,0.00,M,M
BFF,2025-12-05 19:53,22.00,16.00,77.32,5.75,M,M
BFF,2025-12-05 20:53,24.00,18.00,77.51,0.00,M,M
BFF,2025-12-05 21:53,24.00,18.00,77.51,5.75,6000.00,M
BFF,2025-12-05 22:53,28.00,20.00,71.54,10.35,6000.00,M
BFF,2025-12-05 23:53,31.00,23.00,71.87,5.75,6000.00,M
BFF,2025-12-06 00:53,34.00,23.00,63.69,9.20,M,M
BFF,2025-12-06 01:53,37.00,23.00,56.54,11.50,5000.00,M
BFF,2025-12-06 02:53,34.00,30.00,85.10,5.75,3300.00,M
BFF,2025-12-06 03:12,35.00,31.00,85.16,6.90,1900.00,M
BFF,2025-12-06 03:53,34.00,33.00,96.07,6.90,1800.00,M
BFF,2025-12-06 04:01,34.00,33.00,96.07,4.60,2000.00,M
BFF,2025-12-06 04:53,33.00,32.00,96.05,6.90,5500.00,M
BFF,2025-12-06 05:53,33.00,32.00,96.05,0.00,M,M
BFF,2025-12-06 06:53,39.00,34.00,82.07,9.20,12000.00,M
BFF,2025-12-06 07:53,40.00,33.00,75.83,11.50,11000.00,M
BFF,2025-12-06 08:53,40.00,33.00,75.83,13.80,9000.00,M
BFF,2025-12-06 09:53,43.00,33.00,67.53,13.80,7000.00,M
BFF,2025-12-06 10:53,42.00,35.00,76.02,11.50,11000.00,M
BFF,2025-12-06 11:53,44.00,34.00,67.65,13.80,10000.00,M
BFF,2025-12-06 12:53,45.00,30.00,55.41,19.55,12000.00,M
BFF,2025-12-06 13:53,47.00,29.00,49.32,14.95,M,M
BFF,2025-12-06 14:53,47.00,29.00,49.32,14.95,M,M
BFF,2025-12-06 15:53,46.00,29.00,51.22,13.80,M,M
BFF,2025-12-06 16:53,44.00,30.00,57.57,9.20,11000.00,M
BFF,2025-12-06 17:53,36.00,29.00,75.44,5.75,11000.00,M
BFF,2025-12-06 18:53,36.00,28.00,72.41,5.75,9000.00,M
BFF,2025-12-06 19:53,37.00,32.00,81.92,12.65,1900.00,M
BFF,2025-12-06 20:03,36.00,34.00,92.35,13.80,1700.00,M
BFF,2025-12-06 20:48,35.60,33.80,93.08,5.75,3000.00,M
BFF,2025-12-06 20:53,35.00,33.00,92.32,6.90,3400.00,M
BFF,2025-12-06 21:53,33.00,32.00,96.05,3.45,1200.00,M
BFF,2025-12-06 22:39,32.00,32.00,100.00,3.45,2300.00,M
BFF,2025-12-06 22:53,33.00,32.00,96.05,6.90,1500.00,M
BFF,2025-12-06 23:00,33.00,32.00,96.05,6.90,500.00,M
BFF,2025-12-06 23:53,32.00,30.00,92.21,5.75,1200.00,M
BFF,2025-12-07 00:53,32.00,30.00,92.21,9.20,1800.00,M
BFF,2025-12-07 01:13,31.00,30.00,96.02,5.75,1700.00,M
BFF,2025-12-07 01:25,30.00,29.00,96.00,3.45,900.00,M
BFF,2025-12-07 01:46,31.00,30.00,96.02,5.75,900.00,M
BFF,2025-12-07 01:53,31.00,30.00,96.02,6.90,900.00,M
BFF,2025-12-07 02:53,30.00,29.00,96.00,0.00,2300.00,M
BFF,2025-12-07 03:04,30.00,29.00,96.00,3.45,500.00,M
BFF,2025-12-07 03:30,28.00,28.00,100.00,6.90,600.00,M
BFF,2025-12-07 03:53,28.00,27.00,95.96,6.90,9000.00,M
BFF,2025-12-07 04:53,29.00,28.00,95.98,5.75,9000.00,M
BFF,2025-12-07 05:53,28.00,28.00,100.00,8.05,8000.00,M
BFF,2025-12-07 06:53,27.00,26.00,95.95,6.90,8500.00,M
BFF,2025-12-07 07:53,27.00,26.00,95.95,5.75,6000.00,M
BFF,2025-12-07 08:53,28.00,26.00,92.07,0.00,6500.00,M
BFF,2025-12-07 09:53,31.00,28.00,88.48,6.90,12000.00,M
BFF,2025-12-07 10:53,36.00,31.00,81.84,12.65,8500.00,M
BFF,2025-12-07 11:53,38.00,33.00,81.99,9.20,5500.00,M
BFF,2025-12-07 12:53,43.00,33.00,67.53,14.95,2100.00,M
BFF,2025-12-07 13:53,42.00,31.00,64.74,9.20,11000.00,M
BFF,2025-12-07 14:53,45.00,26.00,47.01,11.50,9000.00,M
BFF,2025-12-07 15:53,45.00,27.00,49.00,4.60,M,M
BFF,2025-12-07 16:53,42.00,24.00,48.52,0.00,M,M
BFF,2025-12-07 17:53,36.00,22.00,56.39,10.35,M,M
BFF,2025-12-07 18:53,31.00,22.00,68.90,4.60,M,M
BFF,2025-12-07 19:53,29.00,21.00,71.65,5.75,M,M
BFF,2025-12-07 20:53,28.00,21.00,74.65,5.75,M,M
BFF,2025-12-07 21:53,27.00,20.00,74.54,3.45,M,M
BFF,2025-12-07 22:53,22.00,17.00,80.75,0.00,M,M
BFF,2025-12-07 23:53,22.00,18.00,84.31,4.60,M,M
BFF,2025-12-08 00:53,21.00,17.00,84.25,4.60,M,M
BFF,2025-12-08 01:53,22.00,19.00,88.01,0.00,M,M
BFF,2025-12-08 02:53,22.00,17.00,80.75,4.60,M,M
BFF,2025-12-08 03:53,31.00,21.00,66.04,5.75,11000.00,M
BFF,2025-12-08 04:53,26.00,21.00,81.07,6.90,10000.00,M
BFF,2025-12-08 05:53,25.00,20.00,80.99,5.75,M,M
BFF,2025-12-08 06:53,34.00,25.00,69.26,10.35,M,M
BFF,2025-12-08 07:53,26.00,22.00,84.58,9.20,M,M
BFF,2025-12-08 08:53,31.00,25.00,78.15,10.35,M,M
BFF,2025-12-08 09:53,38.00,29.00,69.72,6.90,M,M
BFF,2025-12-08 10:53,47.00,29.00,49.32,13.80,M,M
BFF,2025-12-08 11:53,51.00,27.00,39.12,16.10,M,M
BFF,2025-12-08 12:53,53.00,26.00,34.87,18.40,M,31.05
BFF,2025-12-08 13:53,54.00,24.00,30.92,14.95,M,M
BFF,2025-12-08 14:53,52.00,26.00,36.17,20.70,M,29.90
BFF,2025-12-08 15:53,52.00,25.00,34.70,13.80,M,31.05
BFF,2025-12-08 16:53,50.00,24.00,35.84,18.40,M,M
BFF,2025-12-08 17:53,47.00,25.00,41.81,8.05,M,M
BFF,2025-12-08 18:53,40.00,26.00,56.98,3.45,M,M
BFF,2025-12-08 19:53,41.00,26.00,54.81,6.90,11000.00,M
BFF,2025-12-08 20:53,44.00,26.00,48.84,8.05,11000.00,M
BFF,2025-12-08 21:53,40.00,25.00,54.66,6.90,M,M
BFF,2025-12-08 22:53,38.00,25.00,59.11,5.75,M,M
BFF,2025-12-08 23:53,41.00,26.00,54.81,10.35,M,M
BFF,2025-12-09 00:53,44.00,26.00,48.84,14.95,M,M
BFF,2025-12-09 01:53,45.00,26.00,47.01,21.85,M,32.20
BFF,2025-12-09 02:53,46.00,25.00,43.42,19.55,M,31.05
BFF,2025-12-09 03:53,47.00,24.00,40.10,16.10,M,31.05
BFF,2025-12-09 04:53,48.00,24.00,38.62,19.55,M,33.35
BFF,2025-12-09 05:53,49.00,24.00,37.20,25.30,M,39.10
BFF,2025-12-09 06:53,50.00,24.00,35.84,28.75,M,46.00
BFF,2025-12-09 07:53,51.00,24.00,34.53,20.70,M,44.85
BFF,2025-12-09 08:53,51.00,25.00,36.01,17.25,M,33.35
BFF,2025-12-09 09:53,54.00,27.00,35.03,23.00,M,37.95
BFF,2025-12-09 10:53,58.00,29.00,32.90,33.35,M,47.15
BFF,2025-12-09 11:53,59.00,30.00,33.07,36.80,M,57.50
BFF,2025-12-09 12:53,60.00,30.00,31.91,40.25,M,58.65
BFF,2025-12-09 13:20,60.00,30.00,31.91,46.00,2300.00,69.00
BFF,2025-12-09 13:53,60.00,30.00,31.91,34.50,2500.00,69.00
BFF,2025-12-09 14:04,60.00,30.00,31.91,35.65,2700.00,51.75
BFF,2025-12-09 14:28,60.00,30.00,31.91,35.65,2500.00,60.95
BFF,2025-12-09 14:53,60.00,30.00,31.91,41.40,2700.00,62.10
BFF,2025-12-09 15:07,60.00,30.00,31.91,35.65,2700.00,52.90
BFF,2025-12-09 15:53,59.00,30.00,33.07,24.15,M,52.90
BFF,2025-12-09 16:53,57.00,30.00,35.53,25.30,M,42.55
BFF,2025-12-09 17:53,57.00,30.00,35.53,25.30,9500.00,42.55
BFF,2025-12-09 18:16,46.00,40.00,79.43,28.75,7500.00,58.65
BFF,2025-12-09 18:53,44.00,34.00,67.65,27.60,5500.00,58.65
BFF,2025-12-09 19:53,41.00,33.00,72.94,27.60,4500.00,49.45
BFF,2025-12-09 20:53,39.00,30.00,69.84,20.70,4300.00,46.00
BFF,2025-12-09 21:53,38.00,29.00,69.72,13.80,6000.00,M
BFF,2025-12-09 22:53,37.00,27.00,66.80,17.25,11000.00,M
BFF,2025-12-09 23:53,36.00,26.00,66.67,11.50,12000.00,M
BFF,2025-12-10 00:53,35.00,26.00,69.37,6.90,3700.00,M
BFF,2025-12-10 01:53,36.00,28.00,72.41,11.50,M,M
BFF,2025-12-10 02:53,36.00,27.00,69.49,11.50,M,M
BFF,2025-12-10 03:53,35.00,26.00,69.37,11.50,M,M
BFF,2025-12-10 04:53,32.00,25.00,75.05,11.50,M,M
BFF,2025-12-10 05:53,29.00,24.00,81.31,4.60,M,M
BFF,2025-12-10 06:53,29.00,24.00,81.31,0.00,12000.00,M
BFF,2025-12-10 07:53,28.00,24.00,84.71,0.00,12000.00,M
BFF,2025-12-10 08:53,30.00,26.00,84.84,3.45,11000.00,M
BFF,2025-12-10 09:53,32.00,26.00,78.23,0.00,11000.00,M
BFF,2025-12-10 10:53,35.00,26.00,69.37,4.60,5000.00,M
BFF,2025-12-10 11:53,40.00,25.00,54.66,8.05,5000.00,M
BFF,2025-12-10 12:53,44.00,24.00,44.93,14.95,5500.00,M
BFF,2025-12-10 13:53,49.00,30.00,47.66,12.65,9500.00,M
BFF,2025-12-10 14:53,51.00,30.00,44.24,12.65,9000.00,M
BFF,2025-12-10 15:53,54.00,32.00,42.96,3.45,10000.00,M
BFF,2025-12-10 16:53,52.00,33.00,48.14,4.60,9000.00,M
BFF,2025-12-10 17:53,52.00,35.00,52.14,3.45,9000.00,M
BFF,2025-12-10 18:53,47.00,34.00,60.37,4.60,8500.00,M
BFF,2025-12-10 19:53,43.00,34.00,70.29,5.75,9000.00,M
BFF,2025-12-10 20:53,53.00,37.00,54.40,12.65,10000.00,M
BFF,2025-12-10 21:53,47.00,35.00,62.83,6.90,M,M
BFF,2025-12-10 22:53,55.00,35.00,46.72,21.85,M,31.05
BFF,2025-12-10 23:53,56.00,34.00,43.29,24.15,M,39.10
BFF,2025-12-11 00:53,56.00,34.00,43.29,19.55,M,44.85
BFF,2025-12-11 01:53,56.00,33.00,41.59,21.85,M,35.65
BFF,2025-12-11 02:53,55.00,32.00,41.43,14.95,M,32.20
BFF,2025-12-11 03:53,54.00,31.00,41.26,17.25,M,M
BFF,2025-12-11 04:53,55.00,31.00,39.78,20.70,M,33.35
BFF,2025-12-11 05:53,56.00,30.00,36.84,24.15,M,42.55
BFF,2025-12-11 06:53,56.00,29.00,35.36,24.15,M,43.70
BFF,2025-12-11 07:53,54.00,29.00,38.03,18.40,M,29.90
BFF,2025-12-11 08:53,55.00,29.00,36.67,19.55,M,34.50
BFF,2025-12-11 09:53,57.00,29.00,34.11,25.30,M,40.25
BFF,2025-12-11 10:53,60.00,29.00,30.63,26.45,M,41.40
BFF,2025-12-11 11:53,62.00,27.00,26.29,34.50,M,54.05
BFF,2025-12-11 12:53,64.00,26.00,23.51,27.60,M,56.35
BFF,2025-12-11 13:53,64.00,25.00,22.55,32.20,M,49.45
BFF,2025-12-11 14:53,64.00,25.00,22.55,24.15,M,44.85
BFF,2025-12-11 15:53,65.00,25.00,21.78,18.40,M,39.10
BFF,2025-12-11 16:53,62.00,25.00,24.19,17.25,M,36.80
BFF,2025-12-11 17:53,59.00,25.00,26.91,12.65,M,M
BFF,2025-12-11 18:53,56.00,26.00,31.25,12.65,M,M
BFF,2025-12-11 19:53,56.00,26.00,31.25,16.10,M,32.20
BFF,2025-12-11 20:15,53.00,25.00,33.45,16.10,M,32.20
BFF,2025-12-11 20:53,49.00,31.00,49.63,13.80,M,32.20
BFF,2025-12-11 21:53,47.00,33.00,58.00,12.65,M,M
BFF,2025-12-11 22:53,44.00,34.00,67.65,8.05,M,M
BFF,2025-12-11 23:53,39.00,33.00,78.84,6.90,M,M
BFF,2025-12-12 00:53,38.00,33.00,81.99,5.75,M,M
BFF,2025-12-12 01:53,36.00,32.00,85.22,4.60,M,M
BFF,2025-12-12 02:53,34.00,31.00,88.62,9.20,M,M
BFF,2025-12-12 03:25,35.00,32.00,88.67,3.45,1800.00,M
BFF,2025-12-12 03:53,36.00,33.00,88.72,0.00,1900.00,M
BFF,2025-12-12 04:53,38.00,34.00,85.35,4.60,1700.00,M
BFF,2025-12-12 05:53,39.00,34.00,82.07,4.60,1800.00,M
BFF,2025-12-12 06:53,38.00,34.00,85.35,5.75,2400.00,M
BFF,2025-12-12 07:43,35.00,32.00,88.67,12.65,1200.00,M
BFF,2025-12-12 07:53,34.00,32.00,92.28,12.65,1200.00,M
BFF,2025-12-12 08:34,33.00,31.00,92.25,10.35,1400.00,M
BFF,2025-12-12 08:53,33.00,31.00,92.25,11.50,2200.00,M
BFF,2025-12-12 09:19,33.00,30.00,88.57,9.20,1200.00,M
BFF,2025-12-12 09:48,33.80,30.20,86.48,8.05,800.00,M
BFF,2025-12-12 09:53,33.00,30.00,88.57,6.90,800.00,M
BFF,2025-12-12 10:53,30.00,26.00,84.84,12.65,800.00,M
BFF,2025-12-12 11:53,30.00,26.00,84.84,12.65,700.00,M
BFF,2025-12-12 12:53,31.00,26.00,81.46,12.65,800.00,M
BFF,2025-12-12 13:53,30.00,26.00,84.84,11.50,800.00,M
BFF,2025-12-12 14:53,30.00,26.00,84.84,12.65,700.00,M
BFF,2025-12-12 15:53,27.00,24.00,88.27,16.10,600.00,M
BFF,2025-12-12 16:53,25.00,23.00,91.97,11.50,600.00,M
BFF,2025-12-12 17:36,23.00,22.00,95.87,8.05,400.00,M
BFF,2025-12-12 17:53,23.00,22.00,95.87,10.35,400.00,M
BFF,2025-12-12 18:53,22.00,21.00,95.85,10.35,300.00,M
BFF,2025-12-12 19:08,21.00,21.00,100.00,10.35,300.00,M
BFF,2025-12-12 19:21,22.00,21.00,95.85,9.20,300.00,M
BFF,2025-12-12 19:39,22.00,21.00,95.85,8.05,300.00,M
BFF,2025-12-12 19:53,22.00,21.00,95.85,6.90,300.00,M
BFF,2025-12-12 20:53,22.00,21.00,95.85,8.05,200.00,M
BFF,2025-12-12 21:24,22.00,22.00,100.00,10.35,200.00,M
BFF,2025-12-12 21:53,22.00,22.00,100.00,10.35,200.00,M
BFF,2025-12-12 22:05,23.00,22.00,95.87,10.35,200.00,M
BFF,2025-12-12 22:53,23.00,23.00,100.00,13.80,200.00,M
BFF,2025-12-12 23:31,23.00,23.00,100.00,14.95,200.00,M
BFF,2025-12-12 23:53,23.00,23.00,100.00,13.80,200.00,M
BFF,2025-12-13 00:51,23.00,23.00,100.00,13.80,200.00,M
BFF,2025-12-13 00:53,23.00,23.00,100.00,13.80,200.00,M
BFF,2025-12-13 01:19,24.00,23.00,95.89,11.50,200.00,M
BFF,2025-12-13 01:43,24.00,24.00,100.00,13.80,200.00,M
BFF,2025-12-13 01:49,24.80,23.00,92.74,12.65,100.00,M
BFF,2025-12-13 01:50,M,M,M,11.50,100.00,M
BFF,2025-12-13 01:50,24.00,24.00,100.00,12.65,100.00,M
BFF,2025-12-13 02:11,24.00,24.00,100.00,10.35,200.00,M
BFF,2025-12-13 02:20,24.00,23.00,95.89,10.35,200.00,M
BFF,2025-12-13 02:34,24.00,24.00,100.00,9.20,100.00,M
BFF,2025-12-13 02:53,24.00,24.00,100.00,10.35,100.00,M
BFF,2025-12-13 03:10,24.00,24.00,100.00,9.20,100.00,M
BFF,2025-12-13 03:53,24.00,24.00,100.00,0.00,100.00,M
BFF,2025-12-13 04:11,24.00,24.00,100.00,0.00,200.00,M
BFF,2025-12-13 04:35,24.00,24.00,100.00,0.00,100.00,M
BFF,2025-12-13 04:53,24.00,23.00,95.89,0.00,200.00,M
BFF,2025-12-13 05:48,24.80,24.80,100.00,3.45,200.00,M
BFF,2025-12-13 05:53,24.00,23.00,95.89,3.45,200.00,M
BFF,2025-12-13 06:00,24.00,23.00,95.89,3.45,200.00,M
BFF,2025-12-13 06:15,23.00,22.00,95.87,3.45,200.00,M
BFF,2025-12-13 06:26,22.00,21.00,95.85,0.00,200.00,M
BFF,2025-12-13 06:46,21.00,20.00,95.83,3.45,100.00,M
BFF,2025-12-13 06:53,21.00,20.00,95.83,0.00,100.00,M
BFF,2025-12-13 07:24,21.00,20.00,95.83,3.45,100.00,M
BFF,2025-12-13 07:29,21.00,20.00,95.83,3.45,100.00,M
BFF,2025-12-13 07:53,21.00,19.00,91.82,8.05,11000.00,M
BFF,2025-12-13 08:53,21.00,20.00,95.83,3.45,M,M
BFF,2025-12-13 09:53,24.00,22.00,91.93,5.75,M,M
BFF,2025-12-13 10:53,18.00,16.00,91.71,14.95,10000.00,M
BFF,2025-12-13 11:23,17.00,14.00,87.75,10.35,900.00,M
BFF,2025-12-13 11:31,17.00,14.00,87.75,11.50,1000.00,M
BFF,2025-12-13 11:40,17.00,14.00,87.75,11.50,1000.00,M
BFF,2025-12-13 11:53,16.00,13.00,87.69,11.50,1000.00,M
BFF,2025-12-13 12:10,17.00,14.00,87.75,8.05,1700.00,M
BFF,2025-12-13 12:53,19.00,14.00,80.51,6.90,1500.00,M
BFF,2025-12-13 13:32,19.00,14.00,80.51,9.20,1400.00,M
BFF,2025-12-13 13:45,19.00,13.00,77.04,9.20,1500.00,M
BFF,2025-12-13 13:53,19.00,13.00,77.04,6.90,1800.00,M
BFF,2025-12-13 14:17,19.00,13.00,77.04,5.75,1900.00,M
BFF,2025-12-13 14:53,20.00,14.00,77.14,0.00,M,M
BFF,2025-12-13 15:53,20.00,14.00,77.14,0.00,1700.00,M
BFF,2025-12-13 16:53,21.00,14.00,73.92,0.00,M,M
BFF,2025-12-13 17:53,18.00,13.00,80.42,5.75,M,M
BFF,2025-12-13 18:53,17.00,13.00,83.97,8.05,M,M
BFF,2025-12-13 19:53,15.00,12.00,87.64,9.20,M,M
BFF,2025-12-13 20:53,14.00,12.00,91.56,10.35,M,M
BFF,2025-12-13 21:53,14.00,12.00,91.56,8.05,M,M
BFF,2025-12-13 22:53,14.00,12.00,91.56,10.35,M,M
BFF,2025-12-13 23:53,14.00,12.00,91.56,10.35,M,M
BFF,2025-12-14 00:53,16.00,14.00,91.64,12.65,M,M
BFF,2025-12-14 01:53,17.00,14.00,87.75,9.20,M,M
BFF,2025-12-14 02:53,17.00,14.00,87.75,6.90,M,M
BFF,2025-12-14 03:53,17.00,15.00,91.67,6.90,M,M
BFF,2025-12-14 04:53,15.00,15.00,100.00,0.00,M,M
BFF,2025-12-14 05:53,13.00,12.00,95.68,5.75,M,M
BFF,2025-12-14 06:53,11.00,9.00,91.44,5.75,M,M
BFF,2025-12-14 07:28,11.00,9.00,91.44,5.75,300.00,M
BFF,2025-12-14 07:36,11.00,9.00,91.44,5.75,200.00,M
BFF,2025-12-14 07:53,12.00,10.00,91.48,5.75,200.00,M
BFF,2025-12-14 08:46,15.00,14.00,95.72,3.45,200.00,M
BFF,2025-12-14 08:53,15.00,15.00,100.00,4.60,200.00,M
BFF,2025-12-14 09:06,16.00,15.00,95.74,4.60,200.00,M
BFF,2025-12-14 09:53,18.00,17.00,95.78,3.45,200.00,M
BFF,2025-12-14 10:08,19.00,18.00,95.79,0.00,100.00,M
BFF,2025-12-14 10:28,20.00,19.00,95.81,0.00,100.00,M
BFF,2025-12-14 10:40,21.00,20.00,95.83,0.00,200.00,M
BFF,2025-12-14 10:53,22.00,21.00,95.85,0.00,200.00,M
BFF,2025-12-14 11:16,24.00,22.00,91.93,0.00,300.00,M
BFF,2025-12-14 11:53,27.00,24.00,88.27,0.00,M,M
BFF,2025-12-14 12:53,34.00,26.00,72.20,3.45,M,M
BFF,2025-12-14 13:53,40.00,25.00,54.66,0.00,M,M
BFF,2025-12-14 14:53,42.00,25.00,50.59,3.45,M,M
BFF,2025-12-14 15:53,41.00,24.00,50.43,0.00,M,M
BFF,2025-12-14 16:53,39.00,24.00,54.51,3.45,M,M
BFF,2025-12-14 17:53,33.00,24.00,69.14,0.00,M,M
BFF,2025-12-14 18:53,29.00,23.00,77.97,0.00,M,M
BFF,2025-12-14 19:53,27.00,21.00,77.78,3.45,M,M
BFF,2025-12-14 20:53,24.00,20.00,84.45,6.90,M,M
BFF,2025-12-14 21:53,22.00,19.00,88.01,5.75,M,M
BFF,2025-12-14 22:53,21.00,18.00,87.96,0.00,M,M
BFF,2025-12-14 23:53,21.00,19.00,91.82,4.60,M,M
BFF,2025-12-15 00:53,21.00,18.00,87.96,6.90,M,M
BFF,2025-12-15 01:53,20.00,16.00,84.18,0.00,M,M
BFF,2025-12-15 02:53,19.00,13.00,77.04,0.00,M,M
BFF,2025-12-15 03:53,19.00,14.00,80.51,6.90,M,M
BFF,2025-12-15 04:53,24.00,12.00,59.64,5.75,M,M
BFF,2025-12-15 05:53,22.00,13.00,67.81,5.75,M,M
BFF,2025-12-15 06:53,20.00,12.00,70.63,6.90,M,M
BFF,2025-12-15 07:53,26.00,15.00,62.61,10.35,M,M
BFF,2025-12-15 08:53,22.00,14.00,70.86,9.20,M,M
BFF,2025-12-15 09:53,34.00,18.00,51.48,5.75,M,M
BFF,2025-12-15 10:53,45.00,18.00,33.53,6.90,M,M
BFF,2025-12-15 11:53,55.00,19.00,24.13,10.35,M,M
BFF,2025-12-15 12:53,58.00,16.00,19.02,11.50,M,M
BFF,2025-12-15 13:53,64.00,13.00,13.48,12.65,M,M
BFF,2025-12-15 14:53,65.00,9.00,10.90,8.05,M,M
BFF,2025-12-15 15:53,64.00,7.00,10.31,6.90,M,M
BFF,2025-12-15 16:53,59.00,9.00,13.47,8.05,M,M
BFF,2025-12-15 17:53,42.00,10.00,26.47,0.00,M,M
BFF,2025-12-15 18:53,46.00,9.00,21.72,5.75,M,M
BFF,2025-12-15 19:53,39.00,8.00,27.18,4.60,M,M
BFF,2025-12-15 20:53,42.00,7.00,23.13,8.05,M,M
BFF,2025-12-15 21:53,33.00,7.00,32.95,3.45,M,M
BFF,2025-12-15 22:53,36.00,7.00,29.24,0.00,M,M
BFF,2025-12-15 23:53,33.00,7.00,32.95,0.00,M,M
BFF,2025-12-16 00:53,47.00,9.00,20.92,12.65,M,M
BFF,2025-12-16 01:53,49.00,9.00,19.41,11.50,M,M
BFF,2025-12-16 02:53,49.00,10.00,20.30,10.35,M,M
BFF,2025-12-16 03:53,43.00,12.00,27.84,5.75,M,M
BFF,2025-12-16 04:53,43.00,13.00,29.10,5.75,M,M
BFF,2025-12-16 05:53,47.00,14.00,26.12,12.65,M,M
BFF,2025-12-16 06:53,48.00,13.00,24.07,9.20,M,M
BFF,2025-12-16 07:53,42.00,14.00,31.60,9.20,M,M
BFF,2025-12-16 08:53,44.00,14.00,29.27,11.50,M,M
BFF,2025-12-16 09:53,47.00,17.00,29.77,10.35,M,M
BFF,2025-12-16 10:53,55.00,19.00,24.13,20.70,M,31.05
BFF,2025-12-16 11:53,60.00,20.00,21.03,18.40,M,34.50
BFF,2025-12-16 12:53,64.00,20.00,18.27,21.85,M,36.80
BFF,2025-12-16 13:53,67.00,23.00,18.69,20.70,M,36.80
BFF,2025-12-16 14:53,66.00,23.00,19.35,24.15,M,40.25
BFF,2025-12-16 15:53,64.00,23.00,20.74,13.80,M,32.20
BFF,2025-12-16 16:53,62.00,22.00,21.33,9.20,M,M
BFF,2025-12-16 17:53,53.00,22.00,29.49,5.75,M,M
BFF,2025-12-16 18:53,53.00,23.00,30.76,9.20,M,M
BFF,2025-12-16 19:53,48.00,25.00,40.27,8.05,M,M
BFF,2025-12-16 20:53,36.00,25.00,63.96,13.80,M,M
BFF,2025-12-16 21:53,37.00,26.00,64.09,11.50,M,M
BFF,2025-12-16 22:53,34.00,25.00,69.26,9.20,M,M
BFF,2025-12-16 23:39,37.00,26.00,64.09,13.80,M,M
BFF,2025-12-16 23:53,36.00,25.00,63.96,10.35,M,M
BFF,2025-12-17 00:53,34.00,25.00,69.26,6.90,M,M
BFF,2025-12-17 01:53,33.00,25.00,72.09,8.05,M,M
BFF,2025-12-17 02:53,34.00,25.00,69.26,9.20,M,M
BFF,2025-12-17 03:53,38.00,25.00,59.11,9.20,9000.00,M
BFF,2025-12-17 04:53,37.00,24.00,58.96,8.05,M,M
BFF,2025-12-17 05:53,44.00,23.00,43.09,11.50,M,M
BFF,2025-12-17 06:53,42.00,23.00,46.52,8.05,11000.00,M
BFF,2025-12-17 07:53,45.00,22.00,39.76,8.05,M,M
BFF,2025-12-17 08:53,45.00,21.00,38.11,10.35,M,M
BFF,2025-12-17 09:53,50.00,21.00,31.58,5.75,M,M
BFF,2025-12-17 10:53,53.00,20.00,27.09,17.25,M,M
BFF,2025-12-17 11:53,55.00,21.00,26.27,10.35,M,M
BFF,2025-12-17 12:53,56.00,22.00,26.43,6.90,M,M
BFF,2025-12-17 13:53,66.00,25.00,21.04,26.45,M,36.80
BFF,2025-12-17 14:04,67.00,25.00,20.32,20.70,M,37.95
BFF,2025-12-17 14:53,66.00,26.00,21.93,26.45,M,44.85
BFF,2025-12-17 15:53,63.00,31.00,29.89,19.55,12000.00,42.55
BFF,2025-12-17 16:53,61.00,31.00,32.07,25.30,M,40.25
BFF,2025-12-17 17:53,63.00,29.00,27.55,25.30,8500.00,40.25
BFF,2025-12-17 18:53,51.00,36.00,56.30,29.90,8500.00,64.40
BFF,2025-12-17 19:53,52.00,30.00,42.64,28.75,M,48.30
BFF,2025-12-17 20:53,50.00,25.00,37.37,29.90,M,52.90
BFF,2025-12-17 21:53,40.00,30.00,67.16,39.10,3700.00,54.05
BFF,2025-12-17 22:00,38.00,31.00,75.64,37.95,4700.00,56.35
BFF,2025-12-17 22:53,35.00,27.00,72.30,32.20,4000.00,56.35
BFF,2025-12-17 23:53,35.00,25.00,66.55,16.10,5000.00,56.35
BFF,2025-12-18 00:53,33.00,27.00,78.32,14.95,7500.00,M
BFF,2025-12-18 01:53,33.00,26.00,75.15,12.65,M,M
BFF,2025-12-18 02:53,29.00,22.00,74.75,10.35,M,M
BFF,2025-12-18 03:53,32.00,14.00,46.89,21.85,M,32.20
BFF,2025-12-18 04:53,33.00,9.00,36.07,13.80,M,36.80
BFF,2025-12-18 05:53,35.00,6.00,29.07,24.15,10000.00,35.65
BFF,2025-12-18 06:53,35.00,7.00,30.42,28.75,8000.00,47.15
BFF,2025-12-18 07:53,34.00,10.00,36.24,29.90,M,55.20
BFF,2025-12-18 08:53,33.00,10.00,37.72,25.30,M,44.85
BFF,2025-12-18 09:53,35.00,12.00,38.07,32.20,M,51.75
BFF,2025-12-18 10:53,36.00,14.00,39.96,29.90,M,48.30
BFF,2025-12-18 11:53,37.00,13.00,36.75,26.45,M,51.75
BFF,2025-12-18 12:53,39.00,11.00,31.10,27.60,M,44.85
BFF,2025-12-18 13:53,40.00,10.00,28.60,23.00,M,37.95
BFF,2025-12-18 14:53,40.00,9.00,27.35,16.10,M,34.50
BFF,2025-12-18 15:53,40.00,8.00,26.15,12.65,M,M
BFF,2025-12-18 16:53,37.00,8.00,29.41,6.90,M,M
BFF,2025-12-18 17:53,32.00,8.00,35.90,3.45,M,M
BFF,2025-12-18 18:53,26.00,8.00,45.88,8.05,M,M
BFF,2025-12-18 19:53,27.00,11.00,50.36,6.90,M,M
BFF,2025-12-18 20:53,27.00,12.00,52.65,10.35,M,M
BFF,2025-12-18 21:53,22.00,10.00,59.35,6.90,M,M
BFF,2025-12-18 22:53,23.00,10.00,56.90,12.65,M,M
BFF,2025-12-18 23:53,23.00,9.00,54.40,12.65,M,M
BFF,2025-12-19 00:53,24.00,9.00,52.17,8.05,M,M
BFF,2025-12-19 01:53,22.00,9.00,56.75,10.35,M,M
BFF,2025-12-19 02:53,22.00,9.00,56.75,10.35,M,M
BFF,2025-12-19 03:53,26.00,10.00,50.20,8.05,M,M
BFF,2025-12-19 04:53,25.00,11.00,54.72,8.05,M,M
BFF,2025-12-19 05:53,25.00,13.00,59.79,0.00,M,M
BFF,2025-12-19 06:50,51.80,23.00,32.15,17.25,M,M
BFF,2025-12-19 06:53,53.00,23.00,30.76,17.25,M,M
BFF,2025-12-19 07:53,51.00,21.00,30.43,9.20,M,31.05
BFF,2025-12-19 08:53,54.00,20.00,26.11,23.00,M,32.20
BFF,2025-12-19 09:53,56.00,20.00,24.28,13.80,M,M
BFF,2025-12-19 10:53,62.00,17.00,17.23,25.30,M,41.40
BFF,2025-12-19 11:53,65.00,17.00,15.51,31.05,M,51.75
BFF,2025-12-19 12:12,66.00,17.00,14.98,25.30,2400.00,52.90
BFF,2025-12-19 12:27,66.00,17.00,14.98,28.75,2500.00,52.90
BFF,2025-12-19 12:34,66.00,16.00,14.34,35.65,2500.00,52.90
BFF,2025-12-19 12:53,66.00,16.00,14.34,34.50,2500.00,52.90
BFF,2025-12-19 13:53,69.00,17.00,13.51,35.65,2400.00,57.50
BFF,2025-12-19 14:23,69.00,17.00,13.51,35.65,3200.00,57.50
BFF,2025-12-19 14:53,69.00,16.00,12.93,34.50,M,57.50
BFF,2025-12-19 15:23,67.00,17.00,14.47,34.50,2600.00,62.10
BFF,2025-12-19 15:38,68.00,17.00,13.98,35.65,2600.00,62.10
BFF,2025-12-19 15:53,66.00,17.00,14.98,33.35,M,62.10
BFF,2025-12-19 16:53,64.00,18.00,16.77,28.75,M,52.90
BFF,2025-12-19 17:53,63.00,19.00,18.13,26.45,M,47.15
BFF,2025-12-19 18:53,60.00,20.00,21.03,21.85,M,34.50
BFF,2025-12-19 19:53,61.00,22.00,22.10,27.60,M,39.10
BFF,2025-12-19 20:53,59.00,22.00,23.73,13.80,M,35.65
BFF,2025-12-19 21:53,56.00,22.00,26.43,12.65,M,M
BFF,2025-12-19 22:53,59.00,24.00,25.81,19.55,M,43.70
BFF,2025-12-19 23:53,59.00,26.00,28.06,19.55,M,36.80
BFF,2025-12-20 00:53,57.00,27.00,31.42,17.25,M,35.65
BFF,2025-12-20 01:15,44.00,30.00,57.57,20.70,M,62.10
BFF,2025-12-20 01:53,39.00,32.00,75.73,26.45,12000.00,62.10
BFF,2025-12-20 02:53,37.00,32.00,81.92,16.10,8000.00,35.65
BFF,2025-12-20 03:13,37.00,32.00,81.92,20.70,1200.00,M
BFF,2025-12-20 03:53,33.00,30.00,88.57,13.80,1200.00,M
BFF,2025-12-20 04:05,32.00,29.00,88.53,6.90,1200.00,M
BFF,2025-12-20 04:22,32.00,30.00,92.21,6.90,1000.00,M
BFF,2025-12-20 04:33,31.00,29.00,92.18,9.20,900.00,M
BFF,2025-12-20 04:46,31.00,29.00,92.18,10.35,900.00,M
BFF,2025-12-20 04:53,31.00,29.00,92.18,12.65,1200.00,M
BFF,2025-12-20 05:04,30.00,30.00,100.00,10.35,500.00,M
BFF,2025-12-20 05:38,28.00,27.00,95.96,6.90,1000.00,M
BFF,2025-12-20 05:49,28.40,26.60,92.85,8.05,1500.00,M
BFF,2025-12-20 05:53,28.00,27.00,95.96,9.20,2300.00,M
BFF,2025-12-20 06:04,28.00,26.00,92.07,6.90,3500.00,M
BFF,2025-12-20 06:53,26.00,24.00,92.00,5.75,5000.00,M
BFF,2025-12-20 07:53,21.00,21.00,100.00,4.60,M,M
BFF,2025-12-20 08:53,20.00,19.00,95.81,6.90,11000.00,M
BFF,2025-12-20 09:53,25.00,23.00,91.97,3.45,9500.00,M
BFF,2025-12-20 10:53,28.00,24.00,84.71,5.75,M,M
BFF,2025-12-20 11:53,30.00,25.00,81.39,0.00,M,M
BFF,2025-12-20 12:53,34.00,27.00,75.25,0.00,4900.00,M
BFF,2025-12-20 13:53,37.00,23.00,56.54,4.60,M,M
BFF,2025-12-20 14:53,39.00,20.00,46.03,4.60,M,M
BFF,2025-12-20 15:53,40.00,22.00,48.20,4.60,M,M
BFF,2025-12-20 16:53,38.00,24.00,56.69,4.60,M,M
BFF,2025-12-20 17:53,34.00,24.00,66.42,0.00,M,M
BFF,2025-12-20 18:53,31.00,24.00,74.95,0.00,M,M
BFF,2025-12-20 19:53,25.00,21.00,84.51,0.00,M,M
BFF,2025-12-20 20:53,26.00,21.00,81.07,0.00,M,M
BFF,2025-12-20 21:53,24.00,19.00,80.91,4.60,M,M
BFF,2025-12-20 22:53,23.00,19.00,84.38,4.60,M,M
BFF,2025-12-20 23:53,22.00,18.00,84.31,0.00,M,M
BFF,2025-12-21 00:53,19.00,17.00,91.75,0.00,M,M
BFF,2025-12-21 01:53,20.00,18.00,91.79,0.00,M,M
BFF,2025-12-21 02:53,23.00,20.00,88.07,4.60,M,M
BFF,2025-12-21 03:53,24.00,22.00,91.93,0.00,M,M
BFF,2025-12-21 04:53,24.00,22.00,91.93,0.00,12000.00,M
BFF,2025-12-21 05:53,26.00,24.00,92.00,0.00,10000.00,M
BFF,2025-12-21 06:53,29.00,26.00,88.37,4.60,9000.00,M
BFF,2025-12-21 07:53,24.00,22.00,91.93,0.00,M,M
BFF,2025-12-21 08:53,25.00,23.00,91.97,3.45,M,M
BFF,2025-12-21 09:53,33.00,29.00,85.03,3.45,M,M
BFF,2025-12-21 10:53,36.00,30.00,78.58,5.75,M,M
BFF,2025-12-21 11:53,44.00,29.00,55.26,9.20,M,M
BFF,2025-12-21 12:53,48.00,29.00,47.50,8.05,M,M
BFF,2025-12-21 13:53,50.00,29.00,44.08,5.75,M,M
BFF,2025-12-21 14:53,54.00,31.00,41.26,6.90,M,M
BFF,2025-12-21 15:53,57.00,31.00,37.00,9.20,12000.00,M
BFF,2025-12-21 16:53,55.00,31.00,39.78,8.05,11000.00,M
BFF,2025-12-21 17:53,54.00,29.00,38.03,12.65,10000.00,M
BFF,2025-12-21 18:53,48.00,30.00,49.48,12.65,10000.00,M
BFF,2025-12-21 19:53,45.00,29.00,53.20,10.35,11000.00,M
BFF,2025-12-21 20:53,42.00,29.00,59.67,10.35,M,M
BFF,2025-12-21 21:53,40.00,27.00,59.39,8.05,M,M
BFF,2025-12-21 22:53,37.00,27.00,66.80,0.00,M,M
BFF,2025-12-21 23:53,36.00,27.00,69.49,5.75,M,M
BFF,2025-12-22 00:53,35.00,27.00,72.30,4.60,M,M
BFF,2025-12-22 01:53,36.00,28.00,72.41,0.00,M,M
BFF,2025-12-22 02:53,33.00,27.00,78.32,0.00,M,M
BFF,2025-12-22 03:53,35.00,28.00,75.34,0.00,M,M
BFF,2025-12-22 04:53,35.00,29.00,78.50,3.45,M,M
BFF,2025-12-22 05:53,36.00,29.00,75.44,8.05,M,M
BFF,2025-12-22 06:53,39.00,30.00,69.84,3.45,M,M
BFF,2025-12-22 07:53,36.00,30.00,78.58,5.75,M,M
BFF,2025-12-22 08:53,43.00,31.00,62.29,6.90,M,M
BFF,2025-12-22 09:53,49.00,32.00,51.68,4.60,M,M
BFF,2025-12-22 10:53,60.00,34.00,37.50,0.00,M,M
BFF,2025-12-22 11:53,67.00,32.00,27.08,8.05,M,M
BFF,2025-12-22 12:53,68.00,31.00,25.12,5.75,M,M
BFF,2025-12-22 13:53,70.00,30.00,22.53,6.90,M,M
BFF,2025-12-22 14:53,70.00,28.00,20.76,10.35,M,M
BFF,2025-12-22 15:53,70.00,25.00,18.33,13.80,M,M
BFF,2025-12-22 16:53,66.00,25.00,21.04,10.35,M,M
BFF,2025-12-22 17:53,62.00,25.00,24.19,11.50,M,M
BFF,2025-12-22 18:53,64.00,23.00,20.74,9.20,M,M
BFF,2025-12-22 19:53,58.00,24.00,26.75,11.50,M,M
BFF,2025-12-22 20:53,55.00,25.00,31.09,5.75,M,M
BFF,2025-12-22 21:53,50.00,26.00,38.95,10.35,M,M
BFF,2025-12-22 22:53,47.00,27.00,45.43,4.60,M,M
BFF,2025-12-22 23:53,44.00,27.00,50.90,4.60,M,M
BFF,2025-12-23 00:53,43.00,28.00,55.11,10.35,M,M
BFF,2025-12-23 01:53,42.00,28.00,57.28,3.45,M,M
BFF,2025-12-23 02:53,37.00,28.00,69.60,0.00,M,M
BFF,2025-12-23 03:53,31.00,26.00,81.46,0.00,M,M
BFF,2025-12-23 04:53,35.00,29.00,78.50,3.45,M,M
BFF,2025-12-23 05:53,31.00,27.00,84.90,5.75,M,M
BFF,2025-12-23 06:53,30.00,27.00,88.43,8.05,M,M
BFF,2025-12-23 07:53,31.00,27.00,84.90,5.75,M,M
BFF,2025-12-23 08:53,33.00,27.00,78.32,3.45,M,M
BFF,2025-12-23 09:53,42.00,29.00,59.67,10.35,M,M
BFF,2025-12-23 10:53,47.00,27.00,45.43,6.90,M,M
BFF,2025-12-23 11:53,54.00,26.00,33.61,5.75,M,M
BFF,2025-12-23 12:53,60.00,26.00,27.07,5.75,M,M
BFF,2025-12-23 13:53,68.00,23.00,18.06,12.65,M,M
BFF,2025-12-23 14:53,70.00,21.00,15.49,19.55,M,M
BFF,2025-12-23 15:53,68.00,22.00,17.31,18.40,M,29.90
BFF,2025-12-23 16:53,63.00,24.00,22.40,17.25,M,M
BFF,2025-12-23 17:53,57.00,25.00,28.92,12.65,M,M
BFF,2025-12-23 18:53,51.00,25.00,36.01,6.90,M,M
BFF,2025-12-23 19:53,42.00,25.00,50.59,10.35,M,M
BFF,2025-12-23 20:53,37.00,25.00,61.48,6.90,M,M
BFF,2025-12-23 21:53,37.00,26.00,64.09,9.20,M,M
BFF,2025-12-23 22:53,36.00,27.00,69.49,6.90,M,M
BFF,2025-12-23 23:53,37.00,29.00,72.52,6.90,M,M
BFF,2025-12-24 00:53,36.00,29.00,75.44,3.45,M,M
BFF,2025-12-24 01:53,36.00,28.00,72.41,3.45,M,M
BFF,2025-12-24 02:53,36.00,29.00,75.44,0.00,M,M
BFF,2025-12-24 03:53,35.00,29.00,78.50,0.00,M,M
BFF,2025-12-24 04:53,35.00,29.00,78.50,0.00,M,M
BFF,2025-12-24 05:53,35.00,29.00,78.50,0.00,M,M
BFF,2025-12-24 06:53,35.00,29.00,78.50,5.75,M,M
BFF,2025-12-24 07:53,31.00,27.00,84.90,0.00,M,M
BFF,2025-12-24 08:53,34.00,27.00,75.25,0.00,M,M
BFF,2025-12-24 09:53,39.00,28.00,64.35,5.75,M,M
BFF,2025-12-24 10:53,50.00,27.00,40.60,4.60,M,M
BFF,2025-12-24 11:53,59.00,26.00,28.06,5.75,M,M
BFF,2025-12-24 12:53,64.00,26.00,23.51,6.90,M,M
BFF,2025-12-24 13:53,69.00,28.00,21.48,5.75,M,M
BFF,2025-12-24 14:53,69.00,28.00,21.48,6.90,M,M
BFF,2025-12-24 15:53,69.00,27.00,20.61,0.00,M,M
BFF,2025-12-24 16:53,64.00,28.00,25.53,4.60,M,M
BFF,2025-12-24 17:53,51.00,27.00,39.12,5.75,M,M
BFF,2025-12-24 18:53,46.00,27.00,47.17,6.90,M,M
BFF,2025-12-24 19:53,47.00,27.00,45.43,8.05,M,M
BFF,2025-12-24 20:53,48.00,24.00,38.62,9.20,M,M
BFF,2025-12-24 21:53,45.00,25.00,45.10,8.05,M,M
BFF,2025-12-24 22:53,44.00,24.00,44.93,8.05,M,M
BFF,2025-12-24 23:53,46.00,24.00,41.64,5.75,M,M
BFF,2025-12-25 00:53,46.00,23.00,39.93,5.75,M,M
BFF,2025-12-25 01:53,49.00,23.00,35.67,3.45,M,M
BFF,2025-12-25 02:53,46.00,23.00,39.93,5.75,M,M
BFF,2025-12-25 03:53,44.00,24.00,44.93,6.90,M,M
BFF,2025-12-25 04:53,42.00,25.00,50.59,8.05,M,M
BFF,2025-12-25 05:53,41.00,24.00,50.43,8.05,M,M
BFF,2025-12-25 06:53,41.00,23.00,48.36,5.75,M,M
BFF,2025-12-25 07:53,39.00,23.00,52.27,6.90,M,M
BFF,2025-12-25 08:53,38.00,24.00,56.69,4.60,M,M
BFF,2025-12-25 09:53,44.00,24.00,44.93,3.45,M,M
BFF,2025-12-25 10:53,49.00,25.00,38.79,3.45,M,M
BFF,2025-12-25 11:53,49.00,25.00,38.79,4.60,M,M
BFF,2025-12-25 12:53,52.00,26.00,36.17,0.00,M,M
BFF,2025-12-25 13:53,58.00,32.00,37.17,10.35,12000.00,M
BFF,2025-12-25 14:53,66.00,39.00,37.01,13.80,10000.00,47.15
BFF,2025-12-25 15:53,68.00,39.00,34.54,10.35,M,M
BFF,2025-12-25 16:53,66.00,38.00,35.59,12.65,11000.00,M
BFF,2025-12-25 17:53,62.00,28.00,27.39,11.50,M,36.80
BFF,2025-12-25 18:53,55.00,35.00,46.72,9.20,M,M
BFF,2025-12-25 19:53,49.00,34.00,56.00,8.05,M,M
BFF,2025-12-25 20:53,47.00,34.00,60.37,9.20,M,M
BFF,2025-12-25 21:53,49.00,34.00,56.00,11.50,M,M
BFF,2025-12-25 22:53,45.00,33.00,62.56,8.05,M,M
BFF,2025-12-25 23:53,40.00,32.00,72.84,8.05,M,M
BFF,2025-12-26 00:53,34.00,30.00,85.10,6.90,M,M
BFF,2025-12-26 01:53,33.00,29.00,85.03,0.00,M,M
BFF,2025-12-26 02:53,31.00,27.00,84.90,4.60,M,M
BFF,2025-12-26 03:53,32.00,29.00,88.53,0.00,M,M
BFF,2025-12-26 04:53,33.00,29.00,85.03,0.00,M,M
BFF,2025-12-26 05:53,35.00,29.00,78.50,5.75,M,M
BFF,2025-12-26 06:53,30.00,27.00,88.43,5.75,M,M
BFF,2025-12-26 07:53,30.00,27.00,88.43,5.75,M,M
BFF,2025-12-26 08:53,29.00,27.00,92.11,5.75,M,M
BFF,2025-12-26 09:53,39.00,31.00,72.73,4.60,M,M
BFF,2025-12-26 10:53,47.00,31.00,53.50,3.45,M,M
BFF,2025-12-26 11:53,55.00,31.00,39.78,4.60,M,M
BFF,2025-12-26 12:53,62.00,28.00,27.39,3.45,M,M
BFF,2025-12-26 13:53,64.00,28.00,25.53,9.20,M,M
BFF,2025-12-26 14:53,66.00,26.00,21.93,6.90,M,M
BFF,2025-12-26 15:53,66.00,23.00,19.35,16.10,M,32.20
BFF,2025-12-26 16:53,60.00,21.00,21.95,9.20,M,M
BFF,2025-12-26 17:53,54.00,20.00,26.11,3.45,M,M
BFF,2025-12-26 18:53,44.00,18.00,34.83,0.00,M,M
BFF,2025-12-26 19:53,39.00,19.00,44.11,4.60,M,M
BFF,2025-12-26 20:53,39.00,20.00,46.03,0.00,M,M
BFF,2025-12-26 21:53,34.00,19.00,53.74,4.60,M,M
BFF,2025-12-26 22:53,36.00,20.00,51.80,8.05,M,M
BFF,2025-12-26 23:53,36.00,21.00,54.05,0.00,M,M
BFF,2025-12-27 00:53,33.00,22.00,63.56,3.45,M,M
BFF,2025-12-27 01:53,35.00,22.00,58.67,3.45,M,M
BFF,2025-12-27 02:53,34.00,21.00,58.53,0.00,M,M
BFF,2025-12-27 03:53,32.00,21.00,63.43,4.60,M,M
BFF,2025-12-27 04:53,32.00,23.00,69.02,6.90,M,M
BFF,2025-12-27 05:53,34.00,25.00,69.26,4.60,M,M
BFF,2025-12-27 06:53,39.00,30.00,69.84,4.60,M,M
BFF,2025-12-27 07:53,36.00,30.00,78.58,10.35,M,M
BFF,2025-12-27 08:53,42.00,32.00,67.41,11.50,M,M
BFF,2025-12-27 09:53,44.00,30.00,57.57,10.35,M,M
BFF,2025-12-27 10:53,46.00,30.00,53.35,8.05,M,M
BFF,2025-12-27 11:53,48.00,29.00,47.50,10.35,M,M
BFF,2025-12-27 12:53,52.00,28.00,39.29,12.65,M,M
BFF,2025-12-27 13:53,53.00,27.00,36.34,11.50,M,M
BFF,2025-12-27 14:53,53.00,27.00,36.34,9.20,M,M
BFF,2025-12-27 15:53,54.00,27.00,35.03,12.65,10000.00,M
BFF,2025-12-27 16:53,49.00,27.00,42.14,13.80,5500.00,M
BFF,2025-12-27 17:53,49.00,25.00,38.79,8.05,5000.00,M
BFF,2025-12-27 18:53,47.00,26.00,43.58,13.80,4800.00,M
BFF,2025-12-27 19:53,46.00,27.00,47.17,11.50,4700.00,M
BFF,2025-12-27 20:53,45.00,25.00,45.10,16.10,10000.00,M
BFF,2025-12-27 21:28,37.00,23.00,56.54,18.40,11000.00,M
BFF,2025-12-27 21:53,34.00,22.00,61.06,17.25,10000.00,M
BFF,2025-12-27 22:53,27.00,17.00,65.53,14.95,10000.00,36.80
BFF,2025-12-27 23:53,23.00,13.00,65.01,11.50,6500.00,M
BFF,2025-12-28 00:53,20.00,9.00,61.78,19.55,2800.00,33.35
BFF,2025-12-28 01:33,17.00,7.00,64.21,13.80,2700.00,33.35
BFF,2025-12-28 01:53,16.00,6.00,64.07,20.70,6000.00,33.35
BFF,2025-12-28 02:53,14.00,4.00,63.80,10.35,7000.00,33.35
BFF,2025-12-28 03:53,13.00,2.00,60.77,12.65,M,M
BFF,2025-12-28 04:53,12.00,2.00,63.52,11.50,M,M
BFF,2025-12-28 05:53,11.00,1.00,63.38,14.95,M,M
BFF,2025-12-28 06:53,10.00,1.00,66.27,11.50,M,M
BFF,2025-12-28 07:53,9.00,-2.00,60.19,16.10,M,M
BFF,2025-12-28 08:53,9.00,-3.00,57.40,13.80,M,M
BFF,2025-12-28 09:53,13.00,-1.00,52.81,14.95,11000.00,M
BFF,2025-12-28 10:53,16.00,-1.00,46.31,17.25,M,31.05
BFF,2025-12-28 11:53,19.00,1.00,44.69,12.65,12000.00,M
BFF,2025-12-28 12:53,23.00,1.00,37.71,13.80,5000.00,M
BFF,2025-12-28 13:53,26.00,3.00,36.51,26.45,12000.00,36.80
BFF,2025-12-28 14:53,25.00,4.00,39.86,23.00,10000.00,42.55
BFF,2025-12-28 15:53,23.00,-1.00,34.33,27.60,M,43.70
BFF,2025-12-28 16:53,23.00,-1.00,34.33,32.20,M,50.60
BFF,2025-12-28 17:53,21.00,-1.00,37.36,23.00,M,46.00
BFF,2025-12-28 18:53,19.00,-2.00,38.81,21.85,M,32.20
BFF,2025-12-28 19:53,19.00,-3.00,37.01,16.10,M,32.20
BFF,2025-12-28 20:53,17.00,-3.00,40.33,17.25,M,29.90
BFF,2025-12-28 21:53,19.00,-3.00,37.01,14.95,M,M
BFF,2025-12-28 22:53,17.00,-3.00,40.33,10.35,M,M
BFF,2025-12-28 23:53,18.00,-2.00,40.51,19.55,M,M
BFF,2025-12-29 00:53,15.00,-2.00,46.14,9.20,M,M
BFF,2025-12-29 01:53,14.00,-1.00,50.54,10.35,M,M
BFF,2025-12-29 02:53,8.00,-2.00,62.96,8.05,M,M
BFF,2025-12-29 03:53,9.00,-1.00,63.10,9.20,M,M
BFF,2025-12-29 04:53,7.00,-1.00,69.07,6.90,M,M
BFF,2025-12-29 05:53,7.00,-1.00,69.07,9.20,M,M
BFF,2025-12-29 06:53,9.00,-1.00,63.10,9.20,M,M
BFF,2025-12-29 07:53,7.00,-1.00,69.07,3.45,M,M
BFF,2025-12-29 08:53,6.00,0.00,75.76,4.60,M,M
BFF,2025-12-29 09:53,16.00,2.00,53.29,6.90,M,M
BFF,2025-12-29 10:53,23.00,3.00,41.38,10.35,M,M
BFF,2025-12-29 11:53,29.00,4.00,33.79,11.50,M,M
BFF,2025-12-29 12:53,36.00,5.00,26.69,10.35,M,M
BFF,2025-12-29 13:53,41.00,3.00,20.01,13.80,M,M
BFF,2025-12-29 14:53,43.00,2.00,17.69,9.20,M,M
BFF,2025-12-29 15:53,43.00,2.00,17.69,11.50,M,M
BFF,2025-12-29 16:53,41.00,3.00,20.01,6.90,M,M
BFF,2025-12-29 17:53,33.00,2.00,26.19,0.00,M,M
BFF,2025-12-29 18:53,31.00,2.00,28.39,0.00,M,M
BFF,2025-12-29 19:53,22.00,1.00,39.33,0.00,M,M
BFF,2025-12-29 20:53,22.00,2.00,41.21,4.60,M,M
BFF,2025-12-29 21:53,15.00,4.00,61.06,5.75,M,M
BFF,2025-12-29 22:53,20.00,4.00,49.21,6.90,M,M
BFF,2025-12-29 23:53,16.00,4.00,58.46,4.60,M,M
BFF,2025-12-30 00:53,16.00,6.00,64.07,8.05,M,M
BFF,2025-12-30 01:53,18.00,7.00,61.49,8.05,M,M
BFF,2025-12-30 02:53,14.00,6.00,69.92,8.05,M,M
BFF,2025-12-30 03:53,12.00,6.00,76.36,5.75,M,M
BFF,2025-12-30 04:53,13.00,5.00,69.80,9.20,M,M
BFF,2025-12-30 05:53,19.00,9.00,64.48,9.20,M,M
BFF,2025-12-30 06:53,16.00,8.00,70.16,6.90,M,M
BFF,2025-12-30 07:53,16.00,8.00,70.16,6.90,M,M
BFF,2025-12-30 08:53,22.00,12.00,64.88,3.45,M,M
BFF,2025-12-30 09:53,28.00,12.00,50.52,8.05,M,M
BFF,2025-12-30 10:53,36.00,15.00,41.74,8.05,M,M
BFF,2025-12-30 11:53,41.00,16.00,35.85,9.20,M,M
BFF,2025-12-30 12:53,49.00,17.00,27.61,13.80,M,M
BFF,2025-12-30 13:53,51.00,18.00,26.77,17.25,M,M
BFF,2025-12-30 14:53,51.00,19.00,27.94,16.10,M,33.35
BFF,2025-12-30 15:53,51.00,19.00,27.94,18.40,M,29.90
BFF,2025-12-30 16:53,48.00,18.00,29.93,13.80,M,M
BFF,2025-12-30 17:53,36.00,17.00,45.54,10.35,M,M
BFF,2025-12-30 18:53,37.00,18.00,45.70,3.45,M,M
BFF,2025-12-30 19:53,36.00,18.00,47.54,8.05,M,M
BFF,2025-12-30 20:53,33.00,17.00,51.32,6.90,M,M
BFF,2025-12-30 21:53,31.00,17.00,55.64,0.00,M,M
BFF,2025-12-30 22:53,26.00,16.00,65.40,3.45,M,M
BFF,2025-12-30 23:53,24.00,16.00,71.08,0.00,M,M
BFF,2025-12-31 00:53,22.00,14.00,70.86,0.00,M,M
BFF,2025-12-31 01:53,19.00,13.00,77.04,3.45,M,M
BFF,2025-12-31 02:53,17.00,13.00,83.97,5.75,M,M
BFF,2025-12-31 03:53,18.00,12.00,76.95,3.45,M,M
BFF,2025-12-31 04:53,15.00,12.00,87.64,5.75,M,M
BFF,2025-12-31 05:53,16.00,12.00,83.90,9.20,M,M
BFF,2025-12-31 06:53,16.00,12.00,83.90,8.05,M,M
BFF,2025-12-31 07:53,16.00,11.00,80.26,6.90,M,M
BFF,2025-12-31 08:53,19.00,13.00,77.04,4.60,M,M
BFF,2025-12-31 09:53,29.00,16.00,57.80,6.90,M,M
BFF,2025-12-31 10:53,38.00,16.00,40.30,8.05,M,M
BFF,2025-12-31 11:53,49.00,19.00,30.10,6.90,M,M
BFF,2025-12-31 12:53,57.00,18.00,21.50,14.95,M,M
BFF,2025-12-31 13:53,61.00,19.00,19.45,12.65,M,M
BFF,2025-12-31 14:53,62.00,19.00,18.77,11.50,M,M
BFF,2025-12-31 15:53,62.00,19.00,18.77,11.50,M,M
BFF,2025-12-31 16:53,58.00,19.00,21.65,6.90,M,M
BFF,2025-12-31 17:53,46.00,17.00,30.91,3.45,M,M
BFF,2025-12-31 18:53,41.00,18.00,39.09,3.45,M,M
BFF,2025-12-31 19:53,36.00,17.00,45.54,3.45,M,M
BFF,2025-12-31 20:53,30.00,16.00,55.49,0.00,M,M
BFF,2025-12-31 21:53,29.00,16.00,57.80,5.75,M,M
BFF,2025-12-31 22:53,26.00,15.00,62.61,0.00,M,M
BFF,2025-12-31 23:53,28.00,16.00,60.22,3.45,M,M
BFF,2026-01-01 00:53,28.00,17.00,62.89,5.75,M,M
BFF,2026-01-01 01:53,26.00,17.00,68.30,0.00,M,M
BFF,2026-01-01 02:53,23.00,16.00,74.13,3.45,M,M
BFF,2026-01-01 03:53,20.00,15.00,80.59,3.45,M,M
BFF,2026-01-01 04:53,21.00,15.00,77.23,5.75,M,M
BFF,2026-01-01 05:53,20.00,14.00,77.14,6.90,M,M
BFF,2026-01-01 06:53,21.00,14.00,73.92,6.90,M,M
BFF,2026-01-01 07:53,24.00,16.00,71.08,5.75,M,M
BFF,2026-01-01 08:53,33.00,18.00,53.59,4.60,M,M
BFF,2026-01-01 09:53,42.00,19.00,39.26,9.20,M,M
BFF,2026-01-01 10:53,47.00,20.00,33.86,6.90,M,M
BFF,2026-01-01 11:53,52.00,19.00,26.93,11.50,M,M
BFF,2026-01-01 12:53,52.00,21.00,29.33,6.90,M,M
BFF,2026-01-01 13:53,57.00,21.00,24.44,9.20,M,M
BFF,2026-01-01 14:53,60.00,19.00,20.15,6.90,M,M
BFF,2026-01-01 15:53,60.00,18.00,19.31,9.20,M,M
BFF,2026-01-01 16:53,57.00,19.00,22.44,4.60,M,M
BFF,2026-01-01 17:53,50.00,19.00,29.00,4.60,M,M
BFF,2026-01-01 18:53,47.00,19.00,32.44,6.90,M,M
BFF,2026-01-01 19:53,45.00,20.00,36.53,3.45,12000.00,M
BFF,2026-01-01 20:53,41.00,19.00,40.80,0.00,11000.00,M
BFF,2026-01-01 21:53,43.00,20.00,39.43,0.00,9000.00,M
BFF,2026-01-01 22:53,47.00,37.00,68.01,4.60,5500.00,M
BFF,2026-01-01 23:53,44.00,39.00,82.43,4.60,5000.00,M
BFF,2026-01-02 00:53,45.00,41.00,85.77,0.00,5000.00,M
BFF,2026-01-02 01:53,43.00,41.00,92.58,4.60,6000.00,M
BFF,2026-01-02 02:53,42.00,40.00,92.55,3.45,5500.00,M
BFF,2026-01-02 03:53,40.00,37.00,88.91,10.35,4900.00,M
BFF,2026-01-02 04:53,44.00,37.00,76.21,5.75,7000.00,M
BFF,2026-01-02 05:53,42.00,38.00,85.59,8.05,6000.00,M
BFF,2026-01-02 06:53,42.00,39.00,89.01,5.75,5500.00,M
BFF,2026-01-02 07:53,42.00,38.00,85.59,5.75,7000.00,M
BFF,2026-01-02 08:53,45.00,38.00,76.30,8.05,9000.00,M
BFF,2026-01-02 09:53,46.00,39.00,76.39,11.50,9000.00,M
BFF,2026-01-02 10:53,49.00,40.00,70.96,8.05,9000.00,M
BFF,2026-01-02 11:53,52.00,36.00,54.25,19.55,M,M
BFF,2026-01-02 12:53,56.00,33.00,41.59,19.55,M,29.90
BFF,2026-01-02 13:53,58.00,26.00,29.08,20.70,9000.00,34.50
BFF,2026-01-02 14:53,56.00,28.00,33.94,25.30,8500.00,34.50
BFF,2026-01-02 15:53,54.00,30.00,39.62,16.10,7500.00,31.05
BFF,2026-01-02 16:53,53.00,30.00,41.10,11.50,7500.00,M
BFF,2026-01-02 17:53,50.00,32.00,49.79,8.05,6000.00,M
BFF,2026-01-02 18:53,47.00,34.00,60.37,8.05,7000.00,M
BFF,2026-01-02 19:53,43.00,32.00,64.86,5.75,9000.00,M
BFF,2026-01-02 20:53,38.00,32.00,78.76,4.60,10000.00,M
BFF,2026-01-02 21:53,37.00,33.00,85.28,4.60,11000.00,M
BFF,2026-01-02 22:53,38.00,34.00,85.35,8.05,M,M
BFF,2026-01-02 23:53,34.00,32.00,92.28,8.05,M,M
BFF,2026-01-03 00:53,32.00,30.00,92.21,8.05,M,M
BFF,2026-01-03 01:53,31.00,30.00,96.02,4.60,M,M
BFF,2026-01-03 02:53,32.00,31.00,96.04,3.45,M,M
BFF,2026-01-03 03:53,32.00,30.00,92.21,6.90,M,M
BFF,2026-01-03 04:53,31.00,29.00,92.18,5.75,M,M
BFF,2026-01-03 05:53,29.00,27.00,92.11,5.75,M,M
BFF,2026-01-03 06:53,29.00,27.00,92.11,6.90,M,M
BFF,2026-01-03 07:53,31.00,28.00,88.48,9.20,M,M
BFF,2026-01-03 08:53,33.00,29.00,85.03,0.00,M,M
BFF,2026-01-03 09:53,37.00,33.00,85.28,0.00,M,M
BFF,2026-01-03 10:53,45.00,36.00,70.51,3.45,M,M
BFF,2026-01-03 11:53,49.00,34.00,56.00,0.00,M,M
BFF,2026-01-03 12:53,52.00,34.00,50.10,0.00,M,M
BFF,2026-01-03 13:53,57.00,33.00,40.11,3.45,M,M
BFF,2026-01-03 14:53,59.00,32.00,35.86,5.75,M,M
BFF,2026-01-03 15:53,60.00,31.00,33.23,5.75,M,M
BFF,2026-01-03 16:53,56.00,30.00,36.84,3.45,M,M
BFF,2026-01-03 17:53,48.00,27.00,43.75,3.45,M,M
BFF,2026-01-03 18:53,47.00,27.00,45.43,5.75,M,M
BFF,2026-01-03 19:53,41.00,27.00,57.13,3.45,M,M
BFF,2026-01-03 20:53,42.00,28.00,57.28,6.90,M,M
BFF,2026-01-03 21:53,41.00,27.00,57.13,5.75,M,M
BFF,2026-01-03 22:53,39.00,28.00,64.35,5.75,M,M
BFF,2026-01-03 23:53,35.00,28.00,75.34,0.00,M,M
BFF,2026-01-04 00:53,37.00,27.00,66.80,5.75,M,M
BFF,2026-01-04 01:53,33.00,26.00,75.15,4.60,M,M
BFF,2026-01-04 02:53,35.00,28.00,75.34,5.75,M,M
BFF,2026-01-04 03:53,50.00,26.00,38.95,M,M,M
BFF,2026-01-04 04:53,61.00,24.00,24.04,24.15,M,42.55
BFF,2026-01-04 05:53,57.00,24.00,27.73,11.50,M,35.65
BFF,2026-01-04 06:53,49.00,23.00,35.67,13.80,M,M
BFF,2026-01-04 07:53,45.00,25.00,45.10,9.20,M,M
BFF,2026-01-04 08:53,47.00,26.00,43.58,10.35,M,M
BFF,2026-01-04 09:53,55.00,28.00,35.20,18.40,M,M
BFF,2026-01-04 10:53,57.00,29.00,34.11,18.40,M,32.20
BFF,2026-01-04 11:53,60.00,28.00,29.40,26.45,M,37.95
BFF,2026-01-04 12:53,61.00,28.00,28.38,19.55,M,39.10
BFF,2026-01-04 13:53,61.00,27.00,27.23,18.40,M,32.20
BFF,2026-01-04 14:53,59.00,28.00,30.47,14.95,M,M
BFF,2026-01-04 15:53,57.00,29.00,34.11,10.35,M,M
BFF,2026-01-04 16:53,55.00,29.00,36.67,8.05,M,M
BFF,2026-01-04 17:53,52.00,28.00,39.29,6.90,M,M
BFF,2026-01-04 18:53,46.00,27.00,47.17,6.90,M,M
BFF,2026-01-04 19:53,46.00,27.00,47.17,4.60,M,M
BFF,2026-01-04 20:53,39.00,25.00,56.84,4.60,M,M
BFF,2026-01-04 21:53,36.00,25.00,63.96,5.75,M,M
BFF,2026-01-04 22:53,36.00,25.00,63.96,4.60,M,M
BFF,2026-01-04 23:53,34.00,24.00,66.42,0.00,M,M
BFF,2026-01-05 00:53,34.00,25.00,69.26,6.90,M,M
BFF,2026-01-05 01:53,31.00,24.00,74.95,0.00,M,M
BFF,2026-01-05 02:53,28.00,23.00,81.23,4.60,M,M
BFF,2026-01-05 03:53,31.00,24.00,74.95,5.75,11000.00,M
BFF,2026-01-05 04:53,32.00,25.00,75.05,5.75,M,M
BFF,2026-01-05 05:53,31.00,24.00,74.95,6.90,M,M
BFF,2026-01-05 06:53,30.00,24.00,78.06,4.60,M,M
BFF,2026-01-05 07:53,26.00,22.00,84.58,8.05,M,M
BFF,2026-01-05 08:53,30.00,24.00,78.06,9.20,M,M
BFF,2026-01-05 09:53,44.00,26.00,48.84,0.00,M,M
BFF,2026-01-05 10:53,48.00,28.00,45.59,5.75,M,M
BFF,2026-01-05 11:53,57.00,30.00,35.53,21.85,M,29.90
BFF,2026-01-05 12:53,58.00,29.00,32.90,17.25,M,34.50
BFF,2026-01-05 13:53,61.00,28.00,28.38,17.25,M,32.20
BFF,2026-01-05 14:53,60.00,26.00,27.07,16.10,M,M
BFF,2026-01-05 15:53,58.00,27.00,30.31,12.65,M,M
BFF,2026-01-05 16:53,52.00,31.00,44.40,21.85,12000.00,46.00
BFF,2026-01-05 17:53,50.00,29.00,44.08,14.95,8000.00,33.35
BFF,2026-01-05 18:53,49.00,30.00,47.66,12.65,12000.00,M
BFF,2026-01-05 19:53,48.00,28.00,45.59,14.95,M,M
BFF,2026-01-05 20:53,47.00,28.00,47.34,14.95,M,M
BFF,2026-01-05 21:53,44.00,28.00,53.04,13.80,M,M
BFF,2026-01-05 22:53,41.00,27.00,57.13,9.20,M,M
BFF,2026-01-05 23:53,43.00,26.00,50.75,11.50,M,M
BFF,2026-01-06 00:53,41.00,25.00,52.58,10.35,M,M
BFF,2026-01-06 01:53,36.00,24.00,61.34,6.90,M,M
BFF,2026-01-06 02:53,32.00,21.00,63.43,5.75,M,M
BFF,2026-01-06 03:22,40.00,21.00,46.20,17.25,M,M
BFF,2026-01-06 03:53,39.00,21.00,48.03,18.40,M,M
BFF,2026-01-06 04:53,35.00,20.00,53.90,9.20,M,M
BFF,2026-01-06 05:53,33.00,20.00,58.38,11.50,M,M
BFF,2026-01-06 06:53,36.00,20.00,51.80,16.10,M,M
BFF,2026-01-06 07:53,41.00,19.00,40.80,19.55,M,33.35
BFF,2026-01-06 08:53,41.00,19.00,40.80,18.40,M,M
BFF,2026-01-06 09:53,46.00,19.00,33.69,19.55,M,M
BFF,2026-01-06 10:53,51.00,18.00,26.77,31.05,M,51.75
BFF,2026-01-06 11:53,53.00,18.00,24.86,31.05,M,52.90
BFF,2026-01-06 12:53,55.00,19.00,24.13,27.60,M,55.20
BFF,2026-01-06 13:53,56.00,19.00,23.27,25.30,M,51.75
BFF,2026-01-06 14:53,56.00,19.00,23.27,25.30,M,43.70
BFF,2026-01-06 15:53,55.00,19.00,24.13,23.00,M,46.00
BFF,2026-01-06 16:53,53.00,19.00,25.95,27.60,M,47.15
BFF,2026-01-06 17:53,49.00,19.00,30.10,21.85,M,44.85
BFF,2026-01-06 18:53,49.00,20.00,31.41,21.85,M,36.80
BFF,2026-01-06 19:53,48.00,20.00,32.61,20.70,M,41.40
BFF,2026-01-06 20:53,44.00,19.00,36.36,8.05,M,33.35
BFF,2026-01-06 21:53,41.00,18.00,39.09,5.75,M,M
BFF,2026-01-06 22:53,40.00,16.00,37.27,4.60,M,M
BFF,2026-01-06 23:53,39.00,16.00,38.75,4.60,M,M
BFF,2026-01-07 00:53,29.00,15.00,55.33,4.60,M,M
BFF,2026-01-07 01:53,39.00,18.00,42.25,3.45,M,M
BFF,2026-01-07 02:53,32.00,17.00,53.43,5.75,M,M
BFF,2026-01-07 03:53,36.00,19.00,49.63,0.00,M,M
BFF,2026-01-07 04:53,33.00,18.00,53.59,6.90,M,M
BFF,2026-01-07 05:53,38.00,17.00,42.08,8.05,M,M
BFF,2026-01-07 06:53,41.00,19.00,40.80,8.05,M,M
BFF,2026-01-07 07:53,40.00,18.00,40.64,5.75,M,M
BFF,2026-01-07 08:53,43.00,19.00,37.78,4.60,M,M
BFF,2026-01-07 09:53,49.00,21.00,32.78,11.50,M,M
BFF,2026-01-07 10:53,51.00,21.00,30.43,11.50,M,M
BFF,2026-01-07 11:53,54.00,20.00,26.11,10.35,M,M
BFF,2026-01-07 12:53,57.00,19.00,22.44,16.10,M,M
BFF,2026-01-07 13:53,59.00,18.00,20.01,20.70,M,36.80
BFF,2026-01-07 14:53,57.00,19.00,22.44,16.10,M,36.80
BFF,2026-01-07 15:53,54.00,19.00,25.02,6.90,M,M
BFF,2026-01-07 16:53,53.00,18.00,24.86,9.20,M,M
BFF,2026-01-07 17:53,50.00,18.00,27.78,9.20,M,M
BFF,2026-01-07 18:53,46.00,20.00,35.17,6.90,M,M
BFF,2026-01-07 19:53,49.00,21.00,32.78,10.35,M,M
BFF,2026-01-07 20:53,47.00,21.00,35.33,11.50,M,M
BFF,2026-01-07 21:53,44.00,22.00,41.31,4.60,11000.00,M
BFF,2026-01-07 22:53,44.00,22.00,41.31,8.05,11000.00,M
BFF,2026-01-07 23:53,43.00,22.00,42.92,3.45,10000.00,M
BFF,2026-01-08 00:53,43.00,24.00,46.69,11.50,9500.00,M
BFF,2026-01-08 01:53,40.00,22.00,48.20,0.00,10000.00,M
BFF,2026-01-08 02:53,35.00,21.00,56.24,5.75,10000.00,M
BFF,2026-01-08 03:53,36.00,21.00,54.05,6.90,11000.00,M
BFF,2026-01-08 04:53,36.00,23.00,58.82,8.05,11000.00,M
BFF,2026-01-08 05:53,35.00,24.00,63.82,3.45,12000.00,M
BFF,2026-01-08 06:53,34.00,24.00,66.42,5.75,11000.00,M
BFF,2026-01-08 07:53,33.00,24.00,69.14,5.75,11000.00,M
BFF,2026-01-08 08:53,33.00,22.00,63.56,5.75,10000.00,M
BFF,2026-01-08 09:53,35.00,20.00,53.90,6.90,10000.00,M
BFF,2026-01-08 10:53,35.00,19.00,51.64,8.05,7000.00,M
BFF,2026-01-08 11:53,36.00,19.00,49.63,5.75,6500.00,M
BFF,2026-01-08 12:53,37.00,21.00,51.96,6.90,6500.00,M
BFF,2026-01-08 13:53,38.00,22.00,52.11,4.60,6000.00,M
BFF,2026-01-08 14:53,38.00,21.00,49.95,0.00,7500.00,M
BFF,2026-01-08 15:53,39.00,20.00,46.03,0.00,7000.00,M
BFF,2026-01-08 16:53,39.00,18.00,42.25,5.75,M,M
BFF,2026-01-08 17:53,30.00,14.00,50.84,6.90,7000.00,M
BFF,2026-01-08 18:53,27.00,13.00,55.03,8.05,M,M
BFF,2026-01-08 19:53,25.00,14.00,62.47,0.00,M,M
BFF,2026-01-08 20:53,28.00,14.00,55.18,3.45,6000.00,M
BFF,2026-01-08 21:53,28.00,14.00,55.18,5.75,6500.00,M
BFF,2026-01-08 22:53,29.00,14.00,52.96,6.90,5500.00,M
BFF,2026-01-08 23:53,30.00,14.00,50.84,8.05,5000.00,M
BFF,2026-01-09 00:53,29.00,14.00,52.96,8.05,5500.00,M
BFF,2026-01-09 01:53,29.00,14.00,52.96,10.35,5500.00,M
BFF,2026-01-09 02:53,29.00,15.00,55.33,9.20,4400.00,M
BFF,2026-01-09 03:53,30.00,18.00,60.50,12.65,5000.00,M
BFF,2026-01-09 04:53,27.00,16.00,62.75,10.35,6000.00,M
BFF,2026-01-09 05:11,28.00,16.00,60.22,8.05,2200.00,M
BFF,2026-01-09 05:53,29.00,22.00,74.75,9.20,2000.00,M
BFF,2026-01-09 06:53,31.00,23.00,71.87,17.25,2200.00,M
BFF,2026-01-09 07:05,29.00,23.00,77.97,16.10,2200.00,M
BFF,2026-01-09 07:22,30.00,23.00,74.85,14.95,2200.00,M
BFF,2026-01-09 07:53,27.00,21.00,77.78,12.65,2200.00,M
BFF,2026-01-09 08:53,26.00,17.00,68.30,14.95,M,M
BFF,2026-01-09 09:53,27.00,12.00,52.65,12.65,M,M
BFF,2026-01-09 10:53,33.00,9.00,36.07,21.85,M,31.05
BFF,2026-01-09 11:53,35.00,7.00,30.42,27.60,M,41.40
BFF,2026-01-09 12:53,37.00,9.00,30.76,18.40,M,37.95
BFF,2026-01-09 13:53,36.00,8.00,30.59,20.70,M,34.50
BFF,2026-01-09 14:53,35.00,6.00,29.07,16.10,6000.00,32.20
BFF,2026-01-09 15:53,35.00,2.00,24.18,19.55,7000.00,34.50
BFF,2026-01-09 16:53,35.00,3.00,25.33,21.85,7000.00,32.20
BFF,2026-01-09 17:53,31.00,2.00,28.39,10.35,8500.00,34.50
BFF,2026-01-09 18:53,25.00,5.00,41.73,8.05,M,M
BFF,2026-01-09 19:53,22.00,5.00,47.33,9.20,M,M
BFF,2026-01-09 20:53,19.00,6.00,56.29,5.75,M,M
BFF,2026-01-09 21:53,21.00,5.00,49.38,6.90,M,M
BFF,2026-01-09 22:53,14.00,4.00,63.80,4.60,M,M
BFF,2026-01-09 23:53,13.00,4.00,66.67,6.90,M,M
BFF,2026-01-10 00:53,15.00,4.00,61.06,8.05,M,M
BFF,2026-01-10 01:53,16.00,5.00,61.21,6.90,M,M
BFF,2026-01-10 02:53,20.00,7.00,56.44,8.05,M,M
BFF,2026-01-10 03:53,23.00,8.00,52.01,8.05,8000.00,M
BFF,2026-01-10 04:53,26.00,10.00,50.20,14.95,8500.00,M
BFF,2026-01-10 05:53,26.00,9.00,48.00,14.95,M,M
BFF,2026-01-10 06:53,28.00,9.00,44.19,17.25,M,M
BFF,2026-01-10 07:53,29.00,10.00,44.36,17.25,8000.00,29.90
BFF,2026-01-10 08:53,31.00,10.00,40.89,21.85,7500.00,31.05
BFF,2026-01-10 09:53,32.00,11.00,41.06,23.00,7500.00,36.80
BFF,2026-01-10 10:53,37.00,11.00,33.64,21.85,8000.00,39.10
BFF,2026-01-10 11:53,40.00,12.00,31.27,24.15,8000.00,39.10
BFF,2026-01-10 12:53,41.00,12.00,30.08,26.45,8000.00,39.10
BFF,2026-01-10 13:53,44.00,13.00,28.01,25.30,6500.00,36.80
BFF,2026-01-10 14:53,45.00,13.00,26.96,26.45,7000.00,36.80
BFF,2026-01-10 15:53,47.00,14.00,26.12,24.15,M,44.85
BFF,2026-01-10 16:53,45.00,14.00,28.17,23.00,M,42.55
BFF,2026-01-10 17:53,41.00,15.00,34.32,17.25,M,35.65
BFF,2026-01-10 18:53,39.00,16.00,38.75,18.40,M,29.90
BFF,2026-01-10 19:53,36.00,16.00,43.60,11.50,M,M
BFF,2026-01-10 20:53,35.00,16.00,45.37,12.65,M,M
BFF,2026-01-10 21:53,33.00,15.00,47.05,11.50,M,M
BFF,2026-01-10 22:53,31.00,15.00,51.01,8.05,M,M
BFF,2026-01-10 23:53,31.00,14.00,48.82,8.05,M,M
BFF,2026-01-11 00:53,27.00,14.00,57.50,4.60,M,M
BFF,2026-01-11 01:53,31.00,14.00,48.82,10.35,M,M
BFF,2026-01-11 02:53,30.00,14.00,50.84,9.20,M,M
BFF,2026-01-11 03:53,23.00,13.00,65.01,5.75,M,M
BFF,2026-01-11 04:53,27.00,14.00,57.50,12.65,M,M
BFF,2026-01-11 05:53,26.00,13.00,57.35,9.20,M,M
BFF,2026-01-11 06:53,24.00,12.00,59.64,4.60,M,M
BFF,2026-01-11 07:53,24.00,12.00,59.64,6.90,M,M
BFF,2026-01-11 08:53,30.00,12.00,46.55,12.65,M,M
BFF,2026-01-11 09:53,34.00,13.00,41.40,11.50,M,M
BFF,2026-01-11 10:53,43.00,12.00,27.84,13.80,M,M
BFF,2026-01-11 11:53,48.00,12.00,23.03,13.80,M,M
BFF,2026-01-11 12:53,52.00,12.00,19.85,12.65,M,M
BFF,2026-01-11 13:53,56.00,10.00,15.69,14.95,M,M
BFF,2026-01-11 14:53,58.00,10.00,14.60,16.10,M,M
BFF,2026-01-11 15:53,57.00,10.00,15.13,14.95,M,M
BFF,2026-01-11 16:53,55.00,10.00,16.27,12.65,M,M
BFF,2026-01-11 17:53,50.00,10.00,19.55,13.80,M,M
BFF,2026-01-11 18:53,46.00,13.00,25.96,12.65,M,M
BFF,2026-01-11 19:53,38.00,13.00,35.34,5.75,M,M
BFF,2026-01-11 20:53,35.00,12.00,38.07,3.45,M,M
BFF,2026-01-11 21:53,30.00,12.00,46.55,6.90,M,M
BFF,2026-01-11 22:53,34.00,13.00,41.40,6.90,M,M
BFF,2026-01-11 23:53,31.00,13.00,46.72,5.75,M,M
BFF,2026-01-12 00:53,27.00,11.00,50.36,6.90,M,M
BFF,2026-01-12 01:53,30.00,11.00,44.53,5.75,M,M
BFF,2026-01-12 02:53,31.00,11.00,42.76,4.60,M,M
BFF,2026-01-12 03:53,30.00,11.00,44.53,5.75,M,M
BFF,2026-01-12 04:53,27.00,10.00,48.16,5.75,M,M
BFF,2026-01-12 05:53,28.00,11.00,48.33,4.60,M,M
BFF,2026-01-12 06:53,26.00,10.00,50.20,6.90,M,M
BFF,2026-01-12 07:53,29.00,12.00,48.49,6.90,M,M
BFF,2026-01-12 08:53,30.00,13.00,48.66,6.90,M,M
BFF,2026-01-12 09:53,39.00,14.00,35.51,5.75,M,M
BFF,2026-01-12 10:53,47.00,15.00,27.29,11.50,M,M
BFF,2026-01-12 11:53,55.00,16.00,21.20,14.95,M,M
BFF,2026-01-12 12:53,56.00,16.00,20.44,14.95,M,M
BFF,2026-01-12 13:53,59.00,17.00,19.16,14.95,M,M
BFF,2026-01-12 14:53,59.00,17.00,19.16,16.10,M,M
BFF,2026-01-12 15:53,60.00,18.00,19.31,9.20,M,M
BFF,2026-01-12 16:53,58.00,18.00,20.74,14.95,M,M
BFF,2026-01-12 17:53,53.00,18.00,24.86,11.50,M,M
BFF,2026-01-12 18:53,50.00,18.00,27.78,9.20,M,M
BFF,2026-01-12 19:53,47.00,18.00,31.08,6.90,M,M
BFF,2026-01-12 20:53,47.00,18.00,31.08,12.65,M,M
BFF,2026-01-12 21:53,43.00,18.00,36.19,9.20,M,M
BFF,2026-01-12 22:53,38.00,18.00,43.94,9.20,M,M
BFF,2026-01-12 23:53,42.00,19.00,39.26,9.20,M,M
BFF,2026-01-13 00:53,44.00,19.00,36.36,11.50,M,M
BFF,2026-01-13 01:53,43.00,18.00,36.19,9.20,M,M
BFF,2026-01-13 02:53,38.00,18.00,43.94,4.60,M,M
BFF,2026-01-13 03:53,43.00,19.00,37.78,11.50,M,M
BFF,2026-01-13 04:53,42.00,19.00,39.26,11.50,M,M
BFF,2026-01-13 05:53,37.00,19.00,47.71,9.20,M,M
BFF,2026-01-13 06:53,41.00,19.00,40.80,10.35,M,M
BFF,2026-01-13 07:53,35.00,19.00,51.64,6.90,M,M
BFF,2026-01-13 08:53,39.00,20.00,46.03,10.35,M,M
BFF,2026-01-13 09:53,43.00,19.00,37.78,9.20,M,M
BFF,2026-01-13 10:53,48.00,20.00,32.61,12.65,M,M
BFF,2026-01-13 11:53,54.00,18.00,23.97,21.85,M,M
BFF,2026-01-13 12:53,57.00,20.00,23.42,19.55,9000.00,M
BFF,2026-01-13 13:53,60.00,29.00,30.63,23.00,7000.00,39.10
BFF,2026-01-13 14:53,59.00,29.00,31.75,29.90,9000.00,46.00
BFF,2026-01-13 15:53,57.00,29.00,34.11,25.30,8000.00,44.85
BFF,2026-01-13 16:53,55.00,31.00,39.78,19.55,7000.00,35.65
BFF,2026-01-13 17:53,50.00,37.00,60.78,17.25,7000.00,35.65
BFF,2026-01-13 18:53,47.00,37.00,68.01,18.40,6500.00,32.20
BFF,2026-01-13 19:53,46.00,33.00,60.23,21.85,6000.00,29.90
BFF,2026-01-13 20:53,44.00,32.00,62.43,20.70,7000.00,32.20
BFF,2026-01-13 21:53,43.00,33.00,67.53,14.95,7000.00,29.90
BFF,2026-01-13 22:53,42.00,34.00,73.05,13.80,8000.00,29.90
BFF,2026-01-13 23:53,43.00,33.00,67.53,14.95,8500.00,M
BFF,2026-01-14 00:53,43.00,31.00,62.29,17.25,9000.00,M
BFF,2026-01-14 01:53,41.00,34.00,75.92,16.10,11000.00,M
BFF,2026-01-14 02:53,40.00,35.00,82.14,12.65,10000.00,M
BFF,2026-01-14 03:53,38.00,33.00,81.99,11.50,10000.00,M
BFF,2026-01-14 04:53,32.00,30.00,92.21,6.90,M,M
BFF,2026-01-14 05:53,31.00,27.00,84.90,5.75,M,M
BFF,2026-01-14 06:53,28.00,25.00,88.32,8.05,M,M
BFF,2026-01-14 07:53,27.00,25.00,92.04,8.05,M,M
BFF,2026-01-14 08:53,27.00,25.00,92.04,5.75,M,M
BFF,2026-01-14 09:53,33.00,30.00,88.57,0.00,M,M
BFF,2026-01-14 10:53,42.00,34.00,73.05,11.50,M,M
BFF,2026-01-14 11:53,47.00,32.00,55.71,12.65,M,M
BFF,2026-01-14 12:53,53.00,28.00,37.87,20.70,4800.00,M
BFF,2026-01-14 13:53,52.00,32.00,46.24,17.25,4900.00,31.05
BFF,2026-01-14 14:53,51.00,35.00,54.10,6.90,4900.00,M
BFF,2026-01-14 15:53,52.00,36.00,54.25,5.75,6000.00,M
BFF,2026-01-14 16:53,51.00,36.00,56.30,3.45,6500.00,M
BFF,2026-01-14 17:53,48.00,36.00,62.96,4.60,6500.00,M
BFF,2026-01-14 18:53,45.00,35.00,67.77,4.60,M,M
BFF,2026-01-14 19:53,37.00,30.00,75.54,6.90,M,M
BFF,2026-01-14 20:53,34.00,28.00,78.41,3.45,M,M
BFF,2026-01-14 21:53,32.00,27.00,81.54,3.45,M,M
BFF,2026-01-14 22:53,28.00,25.00,88.32,0.00,M,M
BFF,2026-01-14 23:53,29.00,25.00,84.78,5.75,M,M
BFF,2026-01-15 00:53,29.00,26.00,88.37,6.90,M,M
BFF,2026-01-15 01:53,28.00,25.00,88.32,4.60,M,M
BFF,2026-01-15 02:53,27.00,24.00,88.27,5.75,M,M
BFF,2026-01-15 03:53,28.00,24.00,84.71,6.90,M,M
BFF,2026-01-15 04:53,30.00,24.00,78.06,10.35,M,M
BFF,2026-01-15 05:53,28.00,23.00,81.23,10.35,M,M
BFF,2026-01-15 06:53,31.00,24.00,74.95,11.50,M,M
BFF,2026-01-15 07:53,30.00,23.00,74.85,10.35,M,M
BFF,2026-01-15 08:53,31.00,22.00,68.90,8.05,M,M
BFF,2026-01-15 09:53,40.00,24.00,52.43,10.35,M,M
BFF,2026-01-15 10:53,46.00,23.00,39.93,10.35,M,M
BFF,2026-01-15 11:53,52.00,21.00,29.33,13.80,M,M
BFF,2026-01-15 12:53,59.00,14.00,16.81,25.30,M,39.10
BFF,2026-01-15 13:53,59.00,13.00,16.09,26.45,M,36.80
BFF,2026-01-15 14:53,60.00,14.00,16.22,20.70,M,35.65
BFF,2026-01-15 15:53,60.00,13.00,15.53,17.25,M,31.05
BFF,2026-01-15 16:53,59.00,9.00,13.47,20.70,M,31.05
BFF,2026-01-15 17:53,55.00,9.00,15.56,19.55,M,M
BFF,2026-01-15 18:53,47.00,18.00,31.08,44.85,1200.00,65.55
BFF,2026-01-15 19:00,43.00,19.00,37.78,40.25,800.00,55.20
BFF,2026-01-15 19:08,41.00,19.00,40.80,34.50,1000.00,55.20
BFF,2026-01-15 19:53,35.00,20.00,53.90,29.90,3500.00,56.35
BFF,2026-01-15 20:53,33.00,17.00,51.32,24.15,8000.00,50.60
BFF,2026-01-15 21:53,30.00,20.00,65.92,21.85,9000.00,50.60
BFF,2026-01-15 22:53,31.00,13.00,46.72,24.15,4400.00,46.00
BFF,2026-01-15 23:53,30.00,12.00,46.55,21.85,5000.00,42.55
BFF,2026-01-16 00:53,29.00,15.00,55.33,18.40,3800.00,33.35
BFF,2026-01-16 01:53,29.00,12.00,48.49,23.00,5000.00,43.70
BFF,2026-01-16 02:53,28.00,9.00,44.19,23.00,M,35.65
BFF,2026-01-16 03:53,27.00,9.00,46.05,24.15,M,42.55
BFF,2026-01-16 04:53,27.00,8.00,44.02,31.05,M,48.30
BFF,2026-01-16 05:53,27.00,6.00,40.20,33.35,M,50.60
BFF,2026-01-16 06:53,27.00,4.00,36.68,33.35,M,54.05
BFF,2026-01-16 07:53,26.00,4.00,38.23,33.35,M,57.50
BFF,2026-01-16 08:53,25.00,3.00,38.06,29.90,M,56.35
BFF,2026-01-16 09:53,26.00,2.00,34.85,35.65,M,54.05
BFF,2026-01-16 10:53,28.00,0.00,29.23,46.00,M,65.55
BFF,2026-01-16 11:47,28.40,-2.20,25.92,44.85,1700.00,65.55
BFF,2026-01-16 11:53,30.00,-1.00,25.70,46.00,1700.00,66.70
BFF,2026-01-16 12:02,29.00,-2.00,25.53,44.85,1500.00,66.70
BFF,2026-01-16 12:15,30.00,-1.00,25.70,44.85,1700.00,66.70
BFF,2026-01-16 12:30,30.00,-1.00,25.70,44.85,1800.00,67.85
BFF,2026-01-16 12:53,30.00,-1.00,25.70,44.85,4500.00,75.90
BFF,2026-01-16 13:53,30.00,-2.00,24.51,49.45,2100.00,72.45
BFF,2026-01-16 14:53,29.00,-1.00,26.77,44.85,6500.00,70.15
BFF,2026-01-16 15:53,27.00,-1.00,29.06,36.80,6000.00,71.30
BFF,2026-01-16 16:53,24.00,-8.00,23.53,39.10,4800.00,64.40
BFF,2026-01-16 17:53,23.00,-5.00,28.38,35.65,6500.00,58.65
BFF,2026-01-16 18:53,21.00,-10.00,24.21,25.30,M,51.75
BFF,2026-01-16 19:53,19.00,-8.00,29.08,17.25,M,41.40
BFF,2026-01-16 20:53,18.00,-8.00,30.36,17.25,M,M
BFF,2026-01-16 21:53,16.00,-7.00,34.75,9.20,M,M
BFF,2026-01-16 22:53,14.00,-5.00,41.77,8.05,M,M
BFF,2026-01-16 23:53,16.00,-2.00,44.17,10.35,M,M
BFF,2026-01-17 00:53,19.00,-2.00,38.81,16.10,M,M
BFF,2026-01-17 01:53,21.00,-1.00,37.36,31.05,M,47.15
BFF,2026-01-17 02:53,21.00,3.00,45.03,34.50,5000.00,49.45
BFF,2026-01-17 03:33,18.00,11.00,73.60,25.30,2600.00,54.05
BFF,2026-01-17 03:45,18.00,12.00,76.95,20.70,2800.00,54.05
BFF,2026-01-17 03:53,18.00,8.00,64.34,31.05,3400.00,54.05
BFF,2026-01-17 04:53,14.00,3.00,60.92,18.40,M,51.75
BFF,2026-01-17 05:53,11.00,1.00,63.38,17.25,M,M
BFF,2026-01-17 06:53,9.00,0.00,66.14,9.20,M,31.05
BFF,2026-01-17 07:53,9.00,-3.00,57.40,20.70,M,M
BFF,2026-01-17 08:53,9.00,-3.00,57.40,26.45,M,52.90
BFF,2026-01-17 09:53,12.00,-5.00,45.62,31.05,M,48.30
BFF,2026-01-17 10:53,17.00,-9.00,30.18,27.60,M,46.00
BFF,2026-01-17 11:53,20.00,-12.00,22.88,26.45,M,41.40
BFF,2026-01-17 12:53,23.00,-14.00,18.23,27.60,M,39.10
BFF,2026-01-17 13:53,26.00,-14.00,16.08,24.15,M,35.65
BFF,2026-01-17 14:53,30.00,-19.00,10.58,20.70,M,37.95
BFF,2026-01-17 15:53,31.00,-14.00,13.10,20.70,M,39.10
BFF,2026-01-17 16:53,32.00,-6.00,18.66,8.05,8500.00,M
BFF,2026-01-17 17:53,32.00,-5.00,19.58,0.00,8500.00,M
BFF,2026-01-17 18:53,28.00,-5.00,23.05,5.75,10000.00,M
BFF,2026-01-17 19:53,24.00,-2.00,31.40,5.75,M,M
BFF,2026-01-17 20:53,19.00,-5.00,33.63,3.45,M,M
BFF,2026-01-17 21:53,16.00,-5.00,38.28,6.90,M,M
BFF,2026-01-17 22:53,18.00,-2.00,40.51,4.60,M,M
BFF,2026-01-17 23:53,22.00,4.00,45.20,6.90,M,M
BFF,2026-01-18 00:53,32.00,10.00,39.27,13.80,10000.00,M
BFF,2026-01-18 01:53,37.00,12.00,35.17,16.10,M,33.35
BFF,2026-01-18 02:53,34.00,12.00,39.61,16.10,M,M
BFF,2026-01-18 03:53,41.00,14.00,32.85,21.85,M,36.80
BFF,2026-01-18 04:53,36.00,14.00,39.96,11.50,M,M
BFF,2026-01-18 05:53,33.00,13.00,43.10,9.20,M,M
BFF,2026-01-18 06:53,32.00,13.00,44.87,11.50,M,M
BFF,2026-01-18 07:53,28.00,13.00,52.81,10.35,M,M
BFF,2026-01-18 08:53,30.00,13.00,48.66,13.80,M,M
BFF,2026-01-18 09:53,37.00,15.00,40.13,13.80,M,M
BFF,2026-01-18 10:53,44.00,17.00,33.36,35.65,9000.00,49.45
BFF,2026-01-18 11:53,44.00,18.00,34.83,37.95,9500.00,50.60
BFF,2026-01-18 12:53,44.00,18.00,34.83,32.20,10000.00,51.75
BFF,2026-01-18 13:53,46.00,18.00,32.28,32.20,10000.00,50.60
BFF,2026-01-18 14:53,43.00,19.00,37.78,25.30,5000.00,44.85
BFF,2026-01-18 15:53,41.00,16.00,35.85,31.05,5500.00,48.30
BFF,2026-01-18 16:53,39.00,17.00,40.47,26.45,7000.00,41.40
BFF,2026-01-18 17:53,35.00,14.00,41.57,19.55,7000.00,36.80
BFF,2026-01-18 18:53,28.00,13.00,52.81,8.05,7000.00,31.05
BFF,2026-01-18 19:53,28.00,9.00,44.19,13.80,7000.00,M
BFF,2026-01-18 20:53,27.00,8.00,44.02,12.65,7000.00,M
BFF,2026-01-18 21:53,26.00,9.00,48.00,10.35,7000.00,M
BFF,2026-01-18 22:53,25.00,10.00,52.33,16.10,7000.00,M
BFF,2026-01-18 23:53,24.00,10.00,54.56,12.65,7000.00,M
BFF,2026-01-19 00:53,22.00,10.00,59.35,13.80,M,M
BFF,2026-01-19 01:53,22.00,11.00,62.06,14.95,M,M
BFF,2026-01-19 02:53,21.00,11.00,64.74,11.50,3400.00,M
BFF,2026-01-19 03:53,20.00,11.00,67.56,10.35,4100.00,M
BFF,2026-01-19 04:53,20.00,11.00,67.56,6.90,5500.00,M
BFF,2026-01-19 05:53,21.00,11.00,64.74,10.35,6000.00,M
BFF,2026-01-19 06:53,19.00,11.00,70.51,9.20,5000.00,M
BFF,2026-01-19 07:53,18.00,11.00,73.60,5.75,6000.00,M
BFF,2026-01-19 08:53,16.00,9.00,73.39,0.00,5500.00,M
BFF,2026-01-19 09:53,24.00,13.00,62.34,8.05,M,M
BFF,2026-01-19 10:53,28.00,13.00,52.81,13.80,M,M
BFF,2026-01-19 11:53,32.00,14.00,46.89,14.95,M,M
BFF,2026-01-19 12:53,35.00,14.00,41.57,14.95,M,M
BFF,2026-01-19 13:53,38.00,12.00,33.81,17.25,M,M
BFF,2026-01-19 14:53,40.00,13.00,32.68,18.40,M,32.20
BFF,2026-01-19 15:53,41.00,11.00,28.77,18.40,M,32.20
BFF,2026-01-19 16:53,41.00,9.00,26.31,9.20,M,M
BFF,2026-01-19 17:53,36.00,9.00,32.00,5.75,M,M
BFF,2026-01-19 18:53,28.00,7.00,40.38,8.05,M,M
BFF,2026-01-19 19:53,25.00,6.00,43.68,4.60,M,M
BFF,2026-01-19 20:53,24.00,6.00,45.54,0.00,M,M
BFF,2026-01-19 21:53,20.00,5.00,51.52,4.60,M,M
BFF,2026-01-19 22:53,20.00,5.00,51.52,5.75,M,M
BFF,2026-01-19 23:53,17.00,4.00,55.98,3.45,M,M
BFF,2026-01-20 00:53,13.00,3.00,63.66,4.60,M,M
BFF,2026-01-20 01:53,13.00,3.00,63.66,5.75,M,M
BFF,2026-01-20 02:53,13.00,3.00,63.66,3.45,M,M
BFF,2026-01-20 03:53,12.00,2.00,63.52,3.45,M,M
BFF,2026-01-20 04:53,10.00,2.00,69.44,0.00,M,M
BFF,2026-01-20 05:53,10.00,2.00,69.44,4.60,M,M
BFF,2026-01-20 06:53,12.00,4.00,69.68,0.00,M,M
BFF,2026-01-20 07:53,11.00,3.00,69.56,0.00,11000.00,M
BFF,2026-01-20 08:53,13.00,5.00,69.80,4.60,M,M
BFF,2026-01-20 09:53,20.00,9.00,61.78,0.00,M,M
BFF,2026-01-20 10:53,28.00,10.00,46.22,4.60,M,M
BFF,2026-01-20 11:53,35.00,9.00,33.30,8.05,M,M
BFF,2026-01-20 12:53,39.00,10.00,29.74,8.05,M,M
BFF,2026-01-20 13:53,46.00,10.00,22.72,8.05,M,M
BFF,2026-01-20 14:53,47.00,7.00,19.11,16.10,M,M
BFF,2026-01-20 15:53,46.00,8.00,20.77,18.40,M,M
BFF,2026-01-20 16:53,40.00,14.00,34.15,28.75,9500.00,40.25
BFF,2026-01-20 17:53,34.00,20.00,56.09,23.00,9000.00,41.40
BFF,2026-01-20 18:53,32.00,20.00,60.78,20.70,6000.00,41.40
BFF,2026-01-20 19:53,30.00,19.00,63.16,13.80,8500.00,29.90
BFF,2026-01-20 20:53,27.00,16.00,62.75,14.95,6000.00,M
BFF,2026-01-20 21:53,24.00,14.00,65.14,9.20,M,M
BFF,2026-01-20 22:53,20.00,13.00,73.82,4.60,M,M
BFF,2026-01-20 23:53,15.00,11.00,83.83,5.75,M,M
BFF,2026-01-21 00:53,16.00,11.00,80.26,3.45,M,M
BFF,2026-01-21 01:53,11.00,7.00,83.55,5.75,M,M
BFF,2026-01-21 02:53,11.00,7.00,83.55,3.45,M,M
BFF,2026-01-21 03:53,8.00,5.00,87.25,0.00,M,M
BFF,2026-01-21 04:53,9.00,7.00,91.36,3.45,M,M
BFF,2026-01-21 05:53,7.00,5.00,91.28,4.60,M,M
BFF,2026-01-21 06:53,6.00,4.00,91.24,6.90,M,M
BFF,2026-01-21 07:53,6.00,4.00,91.24,6.90,M,M
BFF,2026-01-21 08:53,10.00,7.00,87.36,9.20,M,M
BFF,2026-01-21 09:53,22.00,13.00,67.81,10.35,M,M
BFF,2026-01-21 10:53,28.00,13.00,52.81,12.65,M,M
BFF,2026-01-21 11:53,40.00,10.00,28.60,27.60,M,37.95
BFF,2026-01-21 12:53,39.00,11.00,31.10,24.15,M,41.40
BFF,2026-01-21 13:53,40.00,11.00,29.91,17.25,M,34.50
BFF,2026-01-21 14:53,38.00,12.00,33.81,20.70,M,36.80
BFF,2026-01-21 15:53,36.00,10.00,33.47,19.55,M,31.05
BFF,2026-01-21 16:53,34.00,10.00,36.24,13.80,M,M
BFF,2026-01-21 17:53,29.00,7.00,38.75,10.35,M,M
BFF,2026-01-21 18:53,24.00,5.00,43.51,6.90,M,M
BFF,2026-01-21 19:53,24.00,5.00,43.51,0.00,M,M
BFF,2026-01-21 20:53,19.00,4.00,51.36,4.60,M,M
BFF,2026-01-21 21:53,18.00,4.00,53.61,0.00,M,M
BFF,2026-01-21 22:53,16.00,3.00,55.82,0.00,M,M
BFF,2026-01-21 23:53,18.00,4.00,53.61,3.45,M,M
BFF,2026-01-22 00:53,16.00,4.00,58.46,5.75,M,M
BFF,2026-01-22 01:53,16.00,4.00,58.46,3.45,M,M
BFF,2026-01-22 02:53,19.00,6.00,56.29,6.90,M,M
BFF,2026-01-22 03:53,19.00,5.00,53.77,5.75,M,M
BFF,2026-01-22 04:53,14.00,4.00,63.80,5.75,M,M
BFF,2026-01-22 05:53,14.00,3.00,60.92,0.00,M,M
BFF,2026-01-22 06:53,13.00,3.00,63.66,4.60,M,M
BFF,2026-01-22 07:53,13.00,5.00,69.80,4.60,M,M
BFF,2026-01-22 08:53,12.00,5.00,72.95,5.75,M,M
BFF,2026-01-22 09:53,19.00,6.00,56.29,6.90,M,M
BFF,2026-01-22 10:53,24.00,5.00,43.51,8.05,M,M
BFF,2026-01-22 11:53,31.00,6.00,34.13,6.90,M,M
BFF,2026-01-22 12:53,32.00,6.00,32.78,6.90,M,M
BFF,2026-01-22 13:53,33.00,7.00,32.95,M,M,M
BFF,2026-01-22 14:53,32.00,6.00,32.78,8.05,M,M
BFF,2026-01-22 15:53,31.00,4.00,31.15,10.35,M,M
BFF,2026-01-22 16:53,30.00,5.00,33.96,9.20,M,M
BFF,2026-01-22 17:53,28.00,5.00,36.86,8.05,M,M
BFF,2026-01-22 18:53,25.00,5.00,41.73,8.05,M,M
BFF,2026-01-22 19:53,23.00,5.00,45.37,11.50,M,M
BFF,2026-01-22 20:53,19.00,6.00,56.29,19.55,M,31.05
BFF,2026-01-22 21:53,14.00,4.00,63.80,12.65,M,M
BFF,2026-01-22 22:53,10.00,1.00,66.27,13.80,M,M
BFF,2026-01-22 23:53,10.00,2.00,69.44,10.35,7000.00,M
BFF,2026-01-23 00:53,9.00,1.00,69.31,9.20,6500.00,M
BFF,2026-01-23 01:53,9.00,1.00,69.31,11.50,5000.00,M
BFF,2026-01-23 02:53,7.00,1.00,75.86,11.50,3200.00,M
BFF,2026-01-23 03:53,6.00,1.00,79.40,10.35,4700.00,M
BFF,2026-01-23 04:53,5.00,0.00,79.31,11.50,4900.00,M
BFF,2026-01-23 05:53,4.00,-1.00,79.22,11.50,3800.00,M
BFF,2026-01-23 06:53,3.00,-2.00,79.13,13.80,4800.00,M
BFF,2026-01-23 07:53,2.00,-4.00,75.35,12.65,5500.00,M
BFF,2026-01-23 08:53,2.00,-3.00,79.04,10.35,4300.00,M
BFF,2026-01-23 09:26,2.00,-4.00,75.35,13.80,3700.00,M
BFF,2026-01-23 09:33,2.00,-4.00,75.35,12.65,3500.00,M
BFF,2026-01-23 09:44,2.00,-4.00,75.35,16.10,3500.00,M
BFF,2026-01-23 09:53,2.00,-4.00,75.35,14.95,3600.00,M
BFF,2026-01-23 10:08,2.00,-3.00,79.04,14.95,4800.00,M
BFF,2026-01-23 10:41,2.00,-3.00,79.04,16.10,2800.00,M
BFF,2026-01-23 10:48,3.20,-2.20,77.66,16.10,2400.00,M
BFF,2026-01-23 10:53,3.00,-3.00,75.46,16.10,2200.00,M
BFF,2026-01-23 11:53,3.00,-3.00,75.46,16.10,2400.00,M
BFF,2026-01-23 12:26,4.00,-3.00,72.05,17.25,2200.00,M
BFF,2026-01-23 12:38,4.00,-3.00,72.05,18.40,2200.00,M
BFF,2026-01-23 12:53,3.00,-3.00,75.46,17.25,2200.00,M
BFF,2026-01-23 13:53,4.00,-2.00,75.56,16.10,2500.00,M
BFF,2026-01-23 14:49,3.20,-2.20,77.66,17.25,2300.00,M
BFF,2026-01-23 14:53,5.00,-1.00,75.66,17.25,2300.00,M
BFF,2026-01-23 15:10,5.00,-1.00,75.66,17.25,1900.00,M
BFF,2026-01-23 15:25,5.00,-2.00,72.17,17.25,1900.00,M
BFF,2026-01-23 15:53,5.00,-2.00,72.17,16.10,2100.00,M
BFF,2026-01-23 16:07,5.00,-1.00,75.66,16.10,2000.00,M
BFF,2026-01-23 16:22,4.00,-2.00,75.56,16.10,2000.00,M
BFF,2026-01-23 16:33,4.00,-2.00,75.56,16.10,2700.00,M
BFF,2026-01-23 16:46,4.00,-2.00,75.56,17.25,3400.00,M
BFF,2026-01-23 16:53,3.00,-2.00,79.13,14.95,3400.00,M
BFF,2026-01-23 17:33,2.00,-3.00,79.04,14.95,2800.00,M
BFF,2026-01-23 17:42,2.00,-3.00,79.04,17.25,3400.00,M
BFF,2026-01-23 17:53,2.00,-4.00,75.35,14.95,3800.00,M
BFF,2026-01-23 18:53,0.00,-5.00,78.85,11.50,3200.00,M
BFF,2026-01-23 19:53,0.00,-5.00,78.85,12.65,5500.00,M
BFF,2026-01-23 20:53,0.00,-5.00,78.85,12.65,5000.00,M
BFF,2026-01-23 21:53,-1.00,-5.00,82.65,12.65,4000.00,M
BFF,2026-01-23 22:39,-1.00,-6.00,78.76,11.50,2600.00,M
BFF,2026-01-23 22:48,-2.20,-5.80,84.17,9.20,2200.00,M
BFF,2026-01-23 22:53,-2.00,-6.00,82.58,11.50,2000.00,M
BFF,2026-01-23 23:53,-3.00,-7.00,82.50,9.20,8000.00,M
BFF,2026-01-24 00:53,-5.00,-8.00,86.47,6.90,M,M
BFF,2026-01-24 01:53,-6.00,-9.00,86.41,6.90,M,M
BFF,2026-01-24 02:53,-5.00,-9.00,82.34,6.90,M,M
BFF,2026-01-24 03:53,-5.00,-9.00,82.34,6.90,M,M
BFF,2026-01-24 04:53,-7.00,-11.00,82.18,4.60,M,M
BFF,2026-01-24 05:53,-8.00,-12.00,82.10,0.00,M,M
BFF,2026-01-24 06:53,-10.00,-13.00,86.16,3.45,M,M
BFF,2026-01-24 07:53,-14.00,-18.00,81.61,5.75,M,M
BFF,2026-01-24 08:53,-15.00,-19.00,81.53,3.45,M,M
BFF,2026-01-24 09:53,-7.00,-11.00,82.18,0.00,M,M
BFF,2026-01-24 10:53,-3.00,-8.00,78.58,8.05,M,M
BFF,2026-01-24 11:53,1.00,-5.00,75.25,6.90,M,M
BFF,2026-01-24 12:53,6.00,-2.00,68.94,6.90,M,M
BFF,2026-01-24 13:53,9.00,0.00,66.14,5.75,M,M
BFF,2026-01-24 14:53,12.00,0.00,57.86,6.90,M,M
BFF,2026-01-24 15:53,15.00,2.00,55.67,9.20,M,M
BFF,2026-01-24 16:53,14.00,2.00,58.16,6.90,M,M
BFF,2026-01-24 17:53,12.00,2.00,63.52,4.60,11000.00,M
BFF,2026-01-24 18:53,9.00,1.00,69.31,0.00,M,M
BFF,2026-01-24 19:53,6.00,1.00,79.40,0.00,M,M
BFF,2026-01-24 20:53,0.00,-4.00,82.73,3.45,M,M
BFF,2026-01-24 21:53,-1.00,-6.00,78.76,0.00,M,M
BFF,2026-01-24 22:53,-4.00,-8.00,82.42,0.00,M,M
BFF,2026-01-24 23:53,-4.00,-7.00,86.53,8.05,M,M
BFF,2026-01-25 00:53,-5.00,-9.00,82.34,8.05,M,M
BFF,2026-01-25 01:53,-2.00,-6.00,82.58,4.60,M,M
BFF,2026-01-25 02:53,-5.00,-8.00,86.47,4.60,M,M
BFF,2026-01-25 03:53,-4.00,-8.00,82.42,8.05,8500.00,M
BFF,2026-01-25 04:53,-3.00,-7.00,82.50,0.00,8000.00,M
BFF,2026-01-25 05:53,-2.00,-6.00,82.58,0.00,7500.00,M
BFF,2026-01-25 06:53,-3.00,-7.00,82.50,3.45,6000.00,M
BFF,2026-01-25 07:53,0.00,-5.00,78.85,5.75,5000.00,M
BFF,2026-01-25 08:53,3.00,-1.00,82.96,3.45,3100.00,M
BFF,2026-01-25 08:55,3.00,-1.00,82.96,3.45,2900.00,M
BFF,2026-01-25 09:23,6.00,2.00,83.18,9.20,2500.00,M
BFF,2026-01-25 09:53,7.00,2.00,79.48,8.05,2300.00,M
BFF,2026-01-25 10:06,7.00,3.00,83.26,8.05,1900.00,M
BFF,2026-01-25 10:30,8.00,3.00,79.57,8.05,2500.00,M
BFF,2026-01-25 10:41,8.00,2.00,75.97,9.20,3500.00,M
BFF,2026-01-25 10:53,8.00,1.00,72.51,8.05,3500.00,M
BFF,2026-01-25 11:34,8.00,2.00,75.97,9.20,3700.00,M
BFF,2026-01-25 11:45,8.00,1.00,72.51,8.05,3200.00,M
BFF,2026-01-25 11:53,8.00,2.00,75.97,8.05,3200.00,M
BFF,2026-01-25 12:01,8.00,2.00,75.97,10.35,3300.00,M
BFF,2026-01-25 12:41,8.00,1.00,72.51,9.20,2700.00,M
BFF,2026-01-25 12:53,7.00,1.00,75.86,10.35,2500.00,M
BFF,2026-01-25 13:41,8.00,1.00,72.51,8.05,2800.00,M
BFF,2026-01-25 13:53,8.00,1.00,72.51,8.05,3000.00,M
BFF,2026-01-25 14:06,8.00,1.00,72.51,6.90,2700.00,M
BFF,2026-01-25 14:53,8.00,2.00,75.97,5.75,2300.00,M
BFF,2026-01-25 15:16,9.00,3.00,76.07,4.60,2100.00,M
BFF,2026-01-25 15:26,9.00,4.00,79.66,4.60,2100.00,M
BFF,2026-01-25 15:39,9.00,3.00,76.07,0.00,2300.00,M
BFF,2026-01-25 15:53,10.00,0.00,63.24,9.20,2500.00,M
BFF,2026-01-25 16:37,9.00,-1.00,63.10,6.90,2800.00,M
BFF,2026-01-25 16:53,9.00,-2.00,60.19,9.20,11000.00,M
BFF,2026-01-25 17:53,5.00,-4.00,65.61,5.75,12000.00,M
BFF,2026-01-25 18:53,2.00,-5.00,71.82,4.60,M,M
BFF,2026-01-25 19:53,-4.00,-7.00,86.53,5.75,M,M
BFF,2026-01-25 20:53,-6.00,-9.00,86.41,4.60,M,M
BFF,2026-01-25 21:53,-5.00,-10.00,78.39,4.60,M,M
BFF,2026-01-25 22:53,-8.00,-11.00,86.28,3.45,M,M
BFF,2026-01-25 23:53,-9.00,-12.00,86.22,4.60,M,M
BFF,2026-01-26 00:53,-12.00,-16.00,81.78,0.00,M,M
BFF,2026-01-26 01:53,-16.00,-19.00,85.77,0.00,M,M
BFF,2026-01-26 02:53,-17.00,-19.00,90.25,5.75,M,M
BFF,2026-01-26 03:53,-18.00,-22.00,81.28,0.00,M,M
BFF,2026-01-26 04:53,-18.00,-21.00,85.63,5.75,M,M
BFF,2026-01-26 05:53,-20.00,-23.00,85.50,5.75,M,M
BFF,2026-01-26 06:53,-19.00,-23.00,81.19,6.90,M,M
BFF,2026-01-26 07:53,-17.00,-21.00,81.36,M,M,M
BFF,2026-01-26 08:53,-14.00,-18.00,81.61,5.75,M,M
BFF,2026-01-26 09:53,14.00,4.00,63.80,13.80,M,M
BFF,2026-01-26 10:53,24.00,5.00,43.51,13.80,M,M
BFF,2026-01-26 11:53,33.00,8.00,34.48,20.70,M,M
BFF,2026-01-26 12:53,35.00,11.00,36.41,20.70,M,43.70
BFF,2026-01-26 13:53,37.00,11.00,33.64,21.85,M,32.20
BFF,2026-01-26 14:53,39.00,11.00,31.10,23.00,M,34.50
BFF,2026-01-26 15:53,41.00,12.00,30.08,14.95,M,34.50
BFF,2026-01-26 16:53,40.00,12.00,31.27,13.80,M,29.90
BFF,2026-01-26 17:53,38.00,11.00,32.34,16.10,M,M
BFF,2026-01-26 18:53,33.00,13.00,43.10,12.65,M,M
BFF,2026-01-26 19:53,29.00,12.00,48.49,9.20,M,M
BFF,2026-01-26 20:53,22.00,11.00,62.06,9.20,M,M
BFF,2026-01-26 21:53,19.00,9.00,64.48,8.05,M,M
BFF,2026-01-26 22:53,23.00,10.00,56.90,8.05,M,M
BFF,2026-01-26 23:53,19.00,9.00,64.48,9.20,M,M
BFF,2026-01-27 00:53,19.00,8.00,61.64,6.90,M,M
BFF,2026-01-27 01:53,23.00,8.00,52.01,6.90,M,M
BFF,2026-01-27 02:53,17.00,9.00,70.27,4.60,M,M
BFF,2026-01-27 03:53,17.00,8.00,67.18,10.35,M,M
BFF,2026-01-27 04:53,18.00,8.00,64.34,6.90,M,M
BFF,2026-01-27 05:53,21.00,8.00,56.59,8.05,M,M
BFF,2026-01-27 06:53,20.00,9.00,61.78,6.90,11000.00,M
BFF,2026-01-27 07:53,20.00,10.00,64.61,5.75,11000.00,M
BFF,2026-01-27 08:53,20.00,9.00,61.78,4.60,M,M
BFF,2026-01-27 09:53,28.00,11.00,48.33,0.00,M,M
BFF,2026-01-27 10:53,34.00,10.00,36.24,8.05,M,M
BFF,2026-01-27 11:53,38.00,12.00,33.81,8.05,M,M
BFF,2026-01-27 12:53,42.00,12.00,28.94,9.20,M,M
BFF,2026-01-27 13:53,44.00,13.00,28.01,10.35,M,M
BFF,2026-01-27 14:53,44.00,13.00,28.01,10.35,10000.00,M
BFF,2026-01-27 15:53,45.00,15.00,29.44,9.20,M,M
BFF,2026-01-27 16:53,45.00,15.00,29.44,6.90,10000.00,M
BFF,2026-01-27 17:53,38.00,16.00,40.30,4.60,M,M
BFF,2026-01-27 18:53,29.00,16.00,57.80,6.90,M,M
BFF,2026-01-27 19:53,26.00,16.00,65.40,6.90,M,M
BFF,2026-01-27 20:53,21.00,14.00,73.92,0.00,M,M
BFF,2026-01-27 21:53,18.00,13.00,80.42,5.75,M,M
BFF,2026-01-27 22:53,15.00,12.00,87.64,5.75,M,M
BFF,2026-01-27 23:53,16.00,12.00,83.90,0.00,M,M
BFF,2026-01-28 00:53,13.00,10.00,87.53,6.90,M,M
BFF,2026-01-28 01:53,11.00,9.00,91.44,5.75,M,M
BFF,2026-01-28 02:53,13.00,9.00,83.69,3.45,M,M
BFF,2026-01-28 03:53,9.00,7.00,91.36,6.90,M,M
BFF,2026-01-28 04:53,8.00,6.00,91.32,5.75,M,M
BFF,2026-01-28 05:53,10.00,7.00,87.36,8.05,M,M
BFF,2026-01-28 06:53,9.00,7.00,91.36,8.05,M,M
BFF,2026-01-28 07:53,10.00,7.00,87.36,0.00,M,M
BFF,2026-01-28 08:53,12.00,8.00,83.62,0.00,M,M
BFF,2026-01-28 09:53,18.00,15.00,87.80,0.00,M,M
BFF,2026-01-28 10:53,27.00,18.00,68.42,3.45,M,M
BFF,2026-01-28 11:53,35.00,16.00,45.37,M,M,M
BFF,2026-01-28 12:53,42.00,12.00,28.94,4.60,M,M
BFF,2026-01-28 13:53,44.00,9.00,23.44,8.05,M,M
BFF,2026-01-28 14:53,44.00,11.00,25.63,4.60,M,M
BFF,2026-01-28 15:53,42.00,16.00,34.49,3.45,M,M
BFF,2026-01-28 16:53,39.00,16.00,38.75,0.00,M,M
BFF,2026-01-28 17:53,35.00,17.00,47.38,5.75,M,M
BFF,2026-01-28 18:53,36.00,15.00,41.74,0.00,M,M
BFF,2026-01-28 19:53,33.00,16.00,49.15,0.00,M,M
BFF,2026-01-28 20:53,31.00,19.00,60.64,4.60,11000.00,M
BFF,2026-01-28 21:53,29.00,20.00,68.66,4.60,10000.00,M
BFF,2026-01-28 22:53,30.00,20.00,65.92,4.60,10000.00,M
BFF,2026-01-28 23:53,30.00,18.00,60.50,5.75,9000.00,M
BFF,2026-01-29 00:53,25.00,17.00,71.20,4.60,M,M
BFF,2026-01-29 01:53,24.00,16.00,71.08,5.75,M,M
BFF,2026-01-29 02:53,26.00,16.00,65.40,10.35,9000.00,M
BFF,2026-01-29 03:53,29.00,16.00,57.80,10.35,8000.00,M
BFF,2026-01-29 04:53,27.00,17.00,65.53,5.75,10000.00,M
BFF,2026-01-29 05:53,27.00,17.00,65.53,5.75,7000.00,M
BFF,2026-01-29 06:53,27.00,17.00,65.53,6.90,6500.00,M
BFF,2026-01-29 07:53,28.00,19.00,68.54,5.75,4200.00,M
BFF,2026-01-29 08:53,29.00,24.00,81.31,5.75,4500.00,M
BFF,2026-01-29 09:53,35.00,25.00,66.55,12.65,4500.00,M
BFF,2026-01-29 10:53,38.00,27.00,64.22,13.80,6000.00,M
BFF,2026-01-29 11:23,40.00,28.00,61.89,19.55,2800.00,M
BFF,2026-01-29 11:53,40.00,27.00,59.39,24.15,3100.00,33.35
BFF,2026-01-29 12:40,38.00,30.00,72.62,20.70,2600.00,35.65
BFF,2026-01-29 12:53,39.00,31.00,72.73,18.40,2300.00,35.65
BFF,2026-01-29 13:53,41.00,28.00,59.53,23.00,3500.00,34.50
BFF,2026-01-29 14:53,41.00,26.00,54.81,20.70,4100.00,39.10
BFF,2026-01-29 15:53,42.00,23.00,46.52,29.90,4100.00,43.70
BFF,2026-01-29 16:53,41.00,25.00,52.58,13.80,9500.00,40.25
BFF,2026-01-29 17:53,40.00,24.00,52.43,14.95,9000.00,M
BFF,2026-01-29 18:53,37.00,22.00,54.21,6.90,9500.00,M
BFF,2026-01-29 19:53,34.00,22.00,61.06,3.45,9000.00,M
BFF,2026-01-29 20:53,32.00,22.00,66.17,8.05,9000.00,M
BFF,2026-01-29 21:53,34.00,23.00,63.69,9.20,9000.00,M
BFF,2026-01-29 22:53,32.00,23.00,69.02,9.20,9000.00,M
BFF,2026-01-29 23:53,31.00,23.00,71.87,8.05,9500.00,M
BFF,2026-01-30 00:53,34.00,23.00,63.69,9.20,9500.00,M
BFF,2026-01-30 01:53,33.00,23.00,66.30,8.05,9000.00,M
BFF,2026-01-30 02:53,32.00,22.00,66.17,9.20,8500.00,M
BFF,2026-01-30 03:53,32.00,20.00,60.78,10.35,10000.00,M
BFF,2026-01-30 04:53,31.00,20.00,63.29,9.20,9500.00,M
BFF,2026-01-30 05:53,31.00,22.00,68.90,6.90,6000.00,M
BFF,2026-01-30 06:53,32.00,23.00,69.02,5.75,7000.00,M
BFF,2026-01-30 07:53,33.00,21.00,60.92,8.05,6500.00,M
BFF,2026-01-30 08:53,34.00,26.00,72.20,9.20,7000.00,M
BFF,2026-01-30 09:53,37.00,23.00,56.54,9.20,5000.00,M
BFF,2026-01-30 10:53,37.00,28.00,69.60,9.20,4400.00,M
BFF,2026-01-30 11:45,38.00,32.00,78.76,9.20,2200.00,M
BFF,2026-01-30 11:53,37.00,32.00,81.92,12.65,2100.00,M
BFF,2026-01-30 12:08,32.00,31.00,96.04,11.50,1800.00,M
BFF,2026-01-30 12:34,31.00,29.00,92.18,12.65,1200.00,M
BFF,2026-01-30 12:53,30.00,28.00,92.14,11.50,700.00,M
BFF,2026-01-30 13:00,30.00,27.00,88.43,13.80,600.00,M
BFF,2026-01-30 13:02,30.00,27.00,88.43,12.65,600.00,M
BFF,2026-01-30 13:25,29.00,27.00,92.11,11.50,900.00,M
BFF,2026-01-30 13:35,28.00,26.00,92.07,11.50,1200.00,M
BFF,2026-01-30 13:43,28.00,26.00,92.07,13.80,1200.00,M
BFF,2026-01-30 13:53,28.00,25.00,88.32,12.65,1200.00,M
BFF,2026-01-30 14:31,28.00,25.00,88.32,10.35,1500.00,M
BFF,2026-01-30 14:49,28.40,24.80,86.16,10.35,1500.00,M
BFF,2026-01-30 14:53,28.00,25.00,88.32,11.50,1500.00,M
BFF,2026-01-30 15:04,27.00,24.00,88.27,13.80,1100.00,M
BFF,2026-01-30 15:23,26.00,24.00,92.00,11.50,1200.00,M
BFF,2026-01-30 15:25,27.00,24.00,88.27,10.35,1200.00,M
BFF,2026-01-30 15:38,26.00,23.00,88.22,11.50,2500.00,M
BFF,2026-01-30 15:53,26.00,23.00,88.22,12.65,800.00,M
BFF,2026-01-30 16:53,26.00,23.00,88.22,11.50,2200.00,M
BFF,2026-01-30 17:01,26.00,23.00,88.22,12.65,900.00,M
BFF,2026-01-30 17:51,24.80,23.00,92.74,12.65,800.00,M
BFF,2026-01-30 17:53,25.00,23.00,91.97,12.65,800.00,M
BFF,2026-01-30 18:05,24.00,22.00,91.93,12.65,800.00,M
BFF,2026-01-30 18:12,24.00,22.00,91.93,12.65,900.00,M
BFF,2026-01-30 18:22,24.00,22.00,91.93,12.65,900.00,M
BFF,2026-01-30 18:29,24.00,22.00,91.93,12.65,900.00,M
BFF,2026-01-30 18:45,24.00,21.00,88.12,12.65,900.00,M
BFF,2026-01-30 18:53,23.00,22.00,95.87,12.65,900.00,M
BFF,2026-01-30 19:19,23.00,21.00,91.90,10.35,800.00,M
BFF,2026-01-30 19:53,22.00,19.00,88.01,11.50,1300.00,M
BFF,2026-01-30 20:53,20.00,18.00,91.79,11.50,8000.00,M
BFF,2026-01-30 21:35,20.00,17.00,87.91,11.50,1200.00,M
BFF,2026-01-30 21:53,20.00,17.00,87.91,12.65,1300.00,M
BFF,2026-01-30 22:21,20.00,17.00,87.91,13.80,1300.00,M
BFF,2026-01-30 22:53,19.00,17.00,91.75,11.50,1400.00,M
BFF,2026-01-30 23:53,21.00,19.00,91.82,11.50,1000.00,M
BFF,2026-01-31 00:53,24.00,20.00,84.45,12.65,1200.00,M
BFF,2026-01-31 01:20,24.00,20.00,84.45,12.65,1300.00,M
BFF,2026-01-31 01:53,24.00,21.00,88.12,12.65,8000.00,M
BFF,2026-01-31 02:53,25.00,21.00,84.51,13.80,8000.00,M
BFF,2026-01-31 03:53,25.00,22.00,88.17,9.20,6500.00,M
BFF,2026-01-31 04:53,25.00,23.00,91.97,12.65,4800.00,M
BFF,2026-01-31 05:53,24.00,21.00,88.12,13.80,5500.00,M
BFF,2026-01-31 06:53,23.00,21.00,91.90,14.95,5500.00,M
BFF,2026-01-31 07:53,20.00,18.00,91.79,10.35,M,M
BFF,2026-01-31 08:53,20.00,18.00,91.79,10.35,12000.00,M
BFF,2026-01-31 09:53,24.00,21.00,88.12,9.20,7500.00,M
BFF,2026-01-31 10:53,26.00,22.00,84.58,0.00,9000.00,M
BFF,2026-01-31 11:53,31.00,25.00,78.15,5.75,12000.00,M
BFF,2026-01-31 12:53,40.00,30.00,67.16,9.20,12000.00,M
BFF,2026-01-31 13:53,49.00,30.00,47.66,12.65,M,M
BFF,2026-01-31 14:53,52.00,29.00,40.93,5.75,8000.00,M
BFF,2026-01-31 15:53,53.00,26.00,34.87,16.10,8500.00,M
BFF,2026-01-31 16:53,55.00,25.00,31.09,18.40,10000.00,M
BFF,2026-01-31 17:53,48.00,27.00,43.75,10.35,M,M
BFF,2026-01-31 18:53,38.00,25.00,59.11,5.75,M,M
BFF,2026-01-31 19:53,37.00,25.00,61.48,4.60,M,M
BFF,2026-01-31 20:53,37.00,23.00,56.54,6.90,M,M
BFF,2026-01-31 21:53,32.00,23.00,69.02,5.75,M,M
BFF,2026-01-31 22:53,29.00,21.00,71.65,5.75,M,M
BFF,2026-01-31 23:53,28.00,21.00,74.65,6.90,M,M
BFF,2026-02-01 00:53,28.00,21.00,74.65,8.05,M,M
BFF,2026-02-01 01:53,24.00,19.00,80.91,0.00,M,M
BFF,2026-02-01 02:53,21.00,18.00,87.96,3.45,M,M
BFF,2026-02-01 03:53,20.00,17.00,87.91,4.60,M,M
BFF,2026-02-01 04:53,19.00,15.00,84.11,6.90,M,M
BFF,2026-02-01 05:53,21.00,16.00,80.67,9.20,M,M
BFF,2026-02-01 06:53,23.00,18.00,80.83,5.75,M,M
BFF,2026-02-01 07:53,21.00,17.00,84.25,9.20,M,M
BFF,2026-02-01 08:53,25.00,18.00,74.34,8.05,M,M
BFF,2026-02-01 09:53,32.00,22.00,66.17,8.05,M,M
BFF,2026-02-01 10:53,36.00,22.00,56.39,8.05,M,M
BFF,2026-02-01 11:53,43.00,23.00,44.77,9.20,M,M
BFF,2026-02-01 12:53,50.00,23.00,34.37,5.75,M,M
BFF,2026-02-01 13:53,51.00,23.00,33.11,0.00,M,M
BFF,2026-02-01 14:53,58.00,17.00,19.86,12.65,M,M
BFF,2026-02-01 15:53,58.00,18.00,20.74,11.50,M,M
BFF,2026-02-01 16:53,58.00,16.00,19.02,3.45,M,M
BFF,2026-02-01 17:53,53.00,17.00,23.81,0.00,M,M
BFF,2026-02-01 18:53,43.00,19.00,37.78,4.60,M,M
BFF,2026-02-01 19:53,36.00,19.00,49.63,0.00,M,M
BFF,2026-02-01 20:53,33.00,19.00,55.94,8.05,M,M
BFF,2026-02-01 21:53,31.00,19.00,60.64,10.35,M,M
BFF,2026-02-01 22:53,31.00,20.00,63.29,9.20,M,M
BFF,2026-02-01 23:53,29.00,20.00,68.66,5.75,M,M
BFF,2026-02-02 00:53,30.00,20.00,65.92,8.05,M,M
BFF,2026-02-02 01:53,28.00,19.00,68.54,4.60,M,M
BFF,2026-02-02 02:53,29.00,20.00,68.66,8.05,M,M
BFF,2026-02-02 03:53,29.00,21.00,71.65,5.75,M,M
BFF,2026-02-02 04:53,35.00,21.00,56.24,8.05,M,M
BFF,2026-02-02 05:53,38.00,19.00,45.87,10.35,M,M
BFF,2026-02-02 06:53,36.00,19.00,49.63,11.50,M,M
BFF,2026-02-02 07:53,33.00,18.00,53.59,8.05,M,M
BFF,2026-02-02 08:53,38.00,18.00,43.94,12.65,M,M
BFF,2026-02-02 09:53,40.00,18.00,40.64,11.50,M,M
BFF,2026-02-02 10:53,50.00,19.00,29.00,19.55,M,33.35
BFF,2026-02-02 11:53,54.00,18.00,23.97,21.85,M,35.65
BFF,2026-02-02 12:53,54.00,19.00,25.02,21.85,M,37.95
BFF,2026-02-02 13:53,53.00,16.00,22.80,17.25,M,33.35
BFF,2026-02-02 14:53,53.00,16.00,22.80,18.40,M,35.65
BFF,2026-02-02 15:53,54.00,16.00,21.98,19.55,M,32.20
BFF,2026-02-02 16:53,54.00,13.00,19.28,17.25,M,29.90
BFF,2026-02-02 17:53,49.00,14.00,24.23,12.65,M,31.05
BFF,2026-02-02 18:53,41.00,16.00,35.85,10.35,M,M
BFF,2026-02-02 19:53,35.00,17.00,47.38,0.00,M,M
BFF,2026-02-02 20:53,39.00,23.00,52.27,10.35,M,M
BFF,2026-02-02 21:53,34.00,22.00,61.06,5.75,M,M
BFF,2026-02-02 22:53,31.00,20.00,63.29,6.90,M,M
BFF,2026-02-02 23:53,28.00,20.00,71.54,6.90,M,M
BFF,2026-02-03 00:53,27.00,18.00,68.42,5.75,M,M
BFF,2026-02-03 01:53,24.00,18.00,77.51,4.60,M,M
BFF,2026-02-03 02:53,23.00,17.00,77.42,4.60,M,M
BFF,2026-02-03 03:53,23.00,17.00,77.42,6.90,M,M
BFF,2026-02-03 04:53,22.00,17.00,80.75,9.20,M,M
BFF,2026-02-03 05:53,22.00,16.00,77.32,10.35,M,M
BFF,2026-02-03 06:53,23.00,17.00,77.42,5.75,M,M
BFF,2026-02-03 07:53,23.00,17.00,77.42,5.75,M,M
BFF,2026-02-03 08:53,25.00,19.00,77.60,10.35,6000.00,M
BFF,2026-02-03 09:53,31.00,19.00,60.64,9.20,7500.00,M
BFF,2026-02-03 10:53,38.00,19.00,45.87,10.35,6500.00,M
BFF,2026-02-03 11:53,43.00,21.00,41.14,8.05,7000.00,M
BFF,2026-02-03 12:53,48.00,22.00,35.50,10.35,6000.00,M
BFF,2026-02-03 13:53,47.00,26.00,43.58,16.10,5000.00,M
BFF,2026-02-03 14:53,46.00,29.00,51.22,19.55,3700.00,31.05
BFF,2026-02-03 15:53,46.00,26.00,45.26,20.70,4600.00,31.05
BFF,2026-02-03 16:53,45.00,28.00,51.06,17.25,6000.00,34.50
BFF,2026-02-03 17:53,41.00,29.00,62.02,19.55,8000.00,33.35
BFF,2026-02-03 18:53,38.00,29.00,69.72,10.35,11000.00,M
BFF,2026-02-03 19:53,37.00,29.00,72.52,6.90,7500.00,M
BFF,2026-02-03 20:53,36.00,28.00,72.41,5.75,7500.00,M
BFF,2026-02-03 21:53,37.00,29.00,72.52,5.75,5000.00,M
BFF,2026-02-03 22:53,35.00,30.00,81.77,4.60,10000.00,M
BFF,2026-02-03 23:53,33.00,29.00,85.03,6.90,10000.00,M
BFF,2026-02-04 00:53,31.00,27.00,84.90,9.20,M,M
BFF,2026-02-04 01:53,28.00,24.00,84.71,8.05,M,M
BFF,2026-02-04 02:53,27.00,22.00,81.15,5.75,M,M
BFF,2026-02-04 03:53,26.00,21.00,81.07,6.90,M,M
BFF,2026-02-04 04:53,23.00,20.00,88.07,8.05,M,M
BFF,2026-02-04 05:53,22.00,18.00,84.31,8.05,M,M
BFF,2026-02-04 06:53,19.00,17.00,91.75,3.45,M,M
BFF,2026-02-04 07:53,18.00,16.00,91.71,8.05,M,M
BFF,2026-02-04 08:53,22.00,18.00,84.31,8.05,M,M
BFF,2026-02-04 09:53,30.00,22.00,71.76,8.05,M,M
BFF,2026-02-04 10:53,36.00,22.00,56.39,9.20,M,M
BFF,2026-02-04 11:53,42.00,22.00,44.60,4.60,M,M
BFF,2026-02-04 12:53,47.00,23.00,38.45,6.90,M,M
BFF,2026-02-04 13:53,51.00,20.00,29.16,4.60,M,M
BFF,2026-02-04 14:53,54.00,18.00,23.97,6.90,M,M
BFF,2026-02-04 15:53,55.00,16.00,21.20,8.05,M,M
BFF,2026-02-04 16:53,55.00,15.00,20.29,8.05,M,M
BFF,2026-02-04 17:53,52.00,13.00,20.75,3.45,M,M
BFF,2026-02-04 18:53,42.00,13.00,30.24,3.45,M,M
BFF,2026-02-04 19:53,39.00,14.00,35.51,3.45,12000.00,M
BFF,2026-02-04 20:53,36.00,15.00,41.74,0.00,12000.00,M
BFF,2026-02-04 21:53,32.00,14.00,46.89,5.75,M,M
BFF,2026-02-04 22:53,32.00,14.00,46.89,8.05,M,M
BFF,2026-02-04 23:53,31.00,15.00,51.01,8.05,M,M
BFF,2026-02-05 00:53,30.00,16.00,55.49,6.90,M,M
BFF,2026-02-05 01:53,36.00,18.00,47.54,9.20,M,M
BFF,2026-02-05 02:53,36.00,19.00,49.63,9.20,M,M
BFF,2026-02-05 03:53,36.00,19.00,49.63,11.50,M,M
BFF,2026-02-05 04:53,33.00,19.00,55.94,9.20,M,M
BFF,2026-02-05 05:53,34.00,19.00,53.74,8.05,M,M
BFF,2026-02-05 06:53,36.00,20.00,51.80,10.35,M,M
BFF,2026-02-05 07:53,33.00,20.00,58.38,6.90,M,M
BFF,2026-02-05 08:53,37.00,21.00,51.96,13.80,M,M
BFF,2026-02-05 09:53,44.00,23.00,43.09,14.95,M,M
BFF,2026-02-05 10:53,50.00,24.00,35.84,13.80,M,M
BFF,2026-02-05 11:53,59.00,25.00,26.91,17.25,M,M
BFF,2026-02-05 12:53,63.00,25.00,23.36,23.00,M,29.90
BFF,2026-02-05 13:53,65.00,25.00,21.78,18.40,M,29.90
BFF,2026-02-05 14:53,66.00,25.00,21.04,17.25,M,31.05
BFF,2026-02-05 15:53,68.00,24.00,18.83,14.95,M,M
BFF,2026-02-05 16:53,66.00,24.00,20.17,12.65,M,M
BFF,2026-02-05 17:53,61.00,23.00,23.05,6.90,M,M
BFF,2026-02-05 18:53,51.00,22.00,31.75,5.75,M,M
BFF,2026-02-05 19:53,47.00,22.00,36.86,5.75,M,M
BFF,2026-02-05 20:53,43.00,22.00,42.92,5.75,M,M
BFF,2026-02-05 21:53,39.00,20.00,46.03,6.90,M,M
BFF,2026-02-05 22:53,37.00,20.00,49.79,6.90,M,M
BFF,2026-02-05 23:53,35.00,20.00,53.90,5.75,M,M
BFF,2026-02-06 00:53,33.00,20.00,58.38,6.90,M,M
BFF,2026-02-06 01:53,34.00,21.00,58.53,8.05,M,M
BFF,2026-02-06 02:53,35.00,21.00,56.24,10.35,M,M
BFF,2026-02-06 03:53,32.00,21.00,63.43,10.35,M,M
BFF,2026-02-06 04:53,33.00,21.00,60.92,6.90,M,M
BFF,2026-02-06 05:53,29.00,20.00,68.66,9.20,M,M
BFF,2026-02-06 06:53,28.00,20.00,71.54,5.75,M,M
BFF,2026-02-06 07:53,29.00,20.00,68.66,6.90,M,M
BFF,2026-02-06 08:53,34.00,22.00,61.06,8.05,M,M
BFF,2026-02-06 09:53,41.00,23.00,48.36,3.45,M,M
BFF,2026-02-06 10:53,45.00,24.00,43.25,0.00,M,M
BFF,2026-02-06 11:53,51.00,25.00,36.01,8.05,M,M
BFF,2026-02-06 12:53,56.00,24.00,28.75,0.00,M,M
BFF,2026-02-06 13:53,59.00,23.00,24.75,3.45,M,M
BFF,2026-02-06 14:53,62.00,22.00,21.33,8.05,M,M
BFF,2026-02-06 15:53,63.00,23.00,21.48,12.65,M,M
BFF,2026-02-06 16:53,62.00,23.00,22.25,13.80,M,M
BFF,2026-02-06 17:53,59.00,24.00,25.81,10.35,M,M
BFF,2026-02-06 18:53,51.00,23.00,33.11,8.05,M,M
BFF,2026-02-06 19:53,41.00,22.00,46.36,8.05,M,M
BFF,2026-02-06 20:53,39.00,21.00,48.03,9.20,M,M
BFF,2026-02-06 21:53,39.00,22.00,50.11,11.50,M,M
BFF,2026-02-06 22:53,37.00,22.00,54.21,12.65,M,M
BFF,2026-02-06 23:53,36.00,22.00,56.39,10.35,M,M
BFF,2026-02-07 00:53,34.00,22.00,61.06,10.35,M,M
BFF,2026-02-07 01:53,33.00,22.00,63.56,9.20,M,M
BFF,2026-02-07 02:53,32.00,21.00,63.43,9.20,M,M
BFF,2026-02-07 03:53,29.00,21.00,71.65,8.05,M,M
BFF,2026-02-07 04:53,32.00,22.00,66.17,8.05,M,M
BFF,2026-02-07 05:53,29.00,21.00,71.65,0.00,M,M
BFF,2026-02-07 06:53,34.00,20.00,56.09,4.60,M,M
BFF,2026-02-07 07:53,52.00,19.00,26.93,17.25,M,33.35
BFF,2026-02-07 08:53,51.00,19.00,27.94,14.95,M,40.25
BFF,2026-02-07 09:53,54.00,19.00,25.02,17.25,M,29.90
BFF,2026-02-07 10:53,55.00,19.00,24.13,19.55,M,33.35
BFF,2026-02-07 11:53,61.00,18.00,18.63,17.25,M,29.90
BFF,2026-02-07 12:53,65.00,17.00,15.51,18.40,M,33.35
BFF,2026-02-07 13:53,66.00,18.00,15.64,16.10,M,29.90
BFF,2026-02-07 14:53,67.00,20.00,16.46,13.80,M,29.90
BFF,2026-02-07 15:53,67.00,19.00,15.77,17.25,M,M
BFF,2026-02-07 16:53,66.00,20.00,17.04,17.25,10000.00,29.90
BFF,2026-02-07 17:27,62.00,23.00,22.25,19.55,10000.00,M
BFF,2026-02-07 17:53,60.00,23.00,23.88,12.65,M,M
BFF,2026-02-07 18:53,51.00,21.00,30.43,8.05,M,M
BFF,2026-02-07 19:53,48.00,21.00,34.03,3.45,M,M
BFF,2026-02-07 20:53,45.00,21.00,38.11,3.45,M,M
BFF,2026-02-07 21:53,40.00,20.00,44.27,8.05,11000.00,M
BFF,2026-02-07 22:53,37.00,21.00,51.96,8.05,10000.00,M
BFF,2026-02-07 23:53,38.00,21.00,49.95,5.75,M,M
BFF,2026-02-08 00:53,35.00,21.00,56.24,9.20,10000.00,M
BFF,2026-02-08 01:53,36.00,20.00,51.80,8.05,M,M
BFF,2026-02-08 02:53,35.00,20.00,53.90,9.20,M,M
BFF,2026-02-08 03:53,32.00,19.00,58.24,8.05,M,M
BFF,2026-02-08 04:53,33.00,19.00,55.94,9.20,M,M
BFF,2026-02-08 05:53,32.00,20.00,60.78,8.05,M,M
BFF,2026-02-08 06:53,35.00,20.00,53.90,8.05,M,M
BFF,2026-02-08 07:53,33.00,20.00,58.38,9.20,M,M
BFF,2026-02-08 08:53,35.00,21.00,56.24,4.60,M,M
BFF,2026-02-08 09:53,44.00,23.00,43.09,8.05,M,M
BFF,2026-02-08 10:53,51.00,23.00,33.11,10.35,M,M
BFF,2026-02-08 11:53,59.00,22.00,23.73,13.80,M,M
BFF,2026-02-08 12:53,62.00,20.00,19.59,14.95,M,M
BFF,2026-02-08 13:53,63.00,19.00,18.13,16.10,M,M
BFF,2026-02-08 14:53,63.00,19.00,18.13,16.10,M,M
BFF,2026-02-08 15:53,63.00,19.00,18.13,13.80,M,M
BFF,2026-02-08 16:53,61.00,19.00,19.45,5.75,M,M
BFF,2026-02-08 17:53,58.00,20.00,22.59,4.60,M,M
BFF,2026-02-08 18:53,54.00,21.00,27.25,4.60,M,M
BFF,2026-02-08 19:53,44.00,19.00,36.36,0.00,M,M
BFF,2026-02-08 20:53,42.00,19.00,39.26,8.05,M,M
BFF,2026-02-08 21:53,40.00,18.00,40.64,9.20,M,M
BFF,2026-02-08 22:53,38.00,18.00,43.94,3.45,M,M
BFF,2026-02-08 23:53,39.00,18.00,42.25,4.60,M,M
BFF,2026-02-09 00:53,39.00,18.00,42.25,5.75,M,M
BFF,2026-02-09 01:53,40.00,17.00,38.92,4.60,12000.00,M
BFF,2026-02-09 02:53,40.00,16.00,37.27,6.90,M,M
BFF,2026-02-09 03:53,42.00,17.00,36.02,4.60,M,M
BFF,2026-02-09 04:53,42.00,18.00,37.61,8.05,M,M
BFF,2026-02-09 05:53,42.00,19.00,39.26,0.00,M,M
BFF,2026-02-09 06:53,48.00,17.00,28.67,0.00,M,M
BFF,2026-02-09 07:53,50.00,15.00,24.39,6.90,M,M
BFF,2026-02-09 08:53,43.00,17.00,34.66,9.20,M,M
BFF,2026-02-09 09:53,51.00,15.00,23.50,5.75,M,M
BFF,2026-02-09 10:53,55.00,17.00,22.13,3.45,M,M
BFF,2026-02-09 11:53,59.00,20.00,21.80,4.60,M,M
BFF,2026-02-09 12:36,71.00,14.00,11.07,16.10,M,M
BFF,2026-02-09 12:53,69.00,14.00,11.85,16.10,M,M
BFF,2026-02-09 13:53,70.00,14.00,11.45,20.70,M,36.80
BFF,2026-02-09 14:53,69.00,18.00,14.10,24.15,M,37.95
BFF,2026-02-09 15:53,65.00,19.00,16.90,28.75,M,44.85
BFF,2026-02-09 16:53,62.00,20.00,19.59,23.00,M,44.85
BFF,2026-02-09 17:53,59.00,22.00,23.73,13.80,M,31.05
BFF,2026-02-09 18:53,57.00,24.00,27.73,21.85,M,37.95
BFF,2026-02-09 19:53,55.00,19.00,24.13,21.85,12000.00,36.80
BFF,2026-02-09 20:48,50.00,26.60,39.93,23.00,12000.00,35.65
BFF,2026-02-09 20:53,49.00,26.00,40.43,24.15,12000.00,35.65
BFF,2026-02-09 21:53,42.00,27.00,54.96,18.40,11000.00,39.10
BFF,2026-02-09 22:53,38.00,27.00,64.22,10.35,11000.00,M
BFF,2026-02-09 23:53,35.00,27.00,72.30,11.50,M,M
BFF,2026-02-10 00:53,34.00,27.00,75.25,6.90,10000.00,M
BFF,2026-02-10 01:53,33.00,27.00,78.32,5.75,10000.00,M
BFF,2026-02-10 02:53,31.00,26.00,81.46,5.75,M,M
BFF,2026-02-10 03:53,32.00,26.00,78.23,12.65,M,M
BFF,2026-02-10 04:53,30.00,25.00,81.39,10.35,M,M
BFF,2026-02-10 05:53,28.00,23.00,81.23,5.75,M,M
BFF,2026-02-10 06:53,25.00,22.00,88.17,4.60,M,M
BFF,2026-02-10 07:53,27.00,23.00,84.65,0.00,M,M
BFF,2026-02-10 08:53,28.00,23.00,81.23,0.00,M,M
BFF,2026-02-10 09:53,31.00,24.00,74.95,0.00,12000.00,M
BFF,2026-02-10 10:53,35.00,25.00,66.55,0.00,4600.00,M
BFF,2026-02-10 11:53,38.00,24.00,56.69,0.00,M,M
BFF,2026-02-10 12:53,39.00,23.00,52.27,4.60,M,M
BFF,2026-02-10 13:53,41.00,22.00,46.36,4.60,12000.00,M
BFF,2026-02-10 14:53,42.00,22.00,44.60,0.00,11000.00,M
BFF,2026-02-10 15:53,45.00,22.00,39.76,3.45,M,M
BFF,2026-02-10 16:53,45.00,22.00,39.76,4.60,11000.00,M
BFF,2026-02-10 17:53,42.00,21.00,42.75,5.75,10000.00,M
BFF,2026-02-10 18:53,38.00,20.00,47.87,6.90,10000.00,M
BFF,2026-02-10 19:53,36.00,20.00,51.80,6.90,10000.00,M
BFF,2026-02-10 20:53,34.00,19.00,53.74,4.60,11000.00,M
BFF,2026-02-10 21:53,33.00,20.00,58.38,8.05,10000.00,M
BFF,2026-02-10 22:53,30.00,20.00,65.92,8.05,M,M
BFF,2026-02-10 23:53,27.00,19.00,71.42,8.05,M,M
BFF,2026-02-11 00:53,27.00,20.00,74.54,9.20,M,M
BFF,2026-02-11 01:53,28.00,20.00,71.54,9.20,7500.00,M
BFF,2026-02-11 02:53,29.00,21.00,71.65,8.05,M,M
BFF,2026-02-11 03:53,27.00,20.00,74.54,6.90,11000.00,M
BFF,2026-02-11 04:53,29.00,21.00,71.65,10.35,10000.00,M
BFF,2026-02-11 05:53,30.00,22.00,71.76,9.20,8500.00,M
BFF,2026-02-11 06:53,29.00,22.00,74.75,9.20,8000.00,M
BFF,2026-02-11 07:53,30.00,22.00,71.76,6.90,8000.00,M
BFF,2026-02-11 08:53,33.00,23.00,66.30,8.05,9000.00,M
BFF,2026-02-11 09:53,36.00,23.00,58.82,9.20,10000.00,M
BFF,2026-02-11 10:53,39.00,23.00,52.27,9.20,8500.00,M
BFF,2026-02-11 11:53,44.00,23.00,43.09,8.05,11000.00,M
BFF,2026-02-11 12:53,50.00,24.00,35.84,9.20,M,M
BFF,2026-02-11 13:53,53.00,24.00,32.08,4.60,9000.00,M
BFF,2026-02-11 14:53,58.00,25.00,27.89,0.00,11000.00,M
BFF,2026-02-11 15:53,59.00,26.00,28.06,8.05,11000.00,M
BFF,2026-02-11 16:53,58.00,30.00,34.27,13.80,7500.00,M
BFF,2026-02-11 17:53,52.00,37.00,56.44,0.00,4800.00,36.80
BFF,2026-02-11 18:53,53.00,34.00,48.29,11.50,9000.00,M
BFF,2026-02-11 19:53,50.00,33.00,51.84,10.35,M,M
BFF,2026-02-11 20:53,44.00,32.00,62.43,8.05,M,M
BFF,2026-02-11 21:53,41.00,31.00,67.29,8.05,M,M
BFF,2026-02-11 22:53,39.00,31.00,72.73,6.90,M,M
BFF,2026-02-11 23:53,39.00,31.00,72.73,6.90,M,M
BFF,2026-02-12 00:53,36.00,29.00,75.44,8.05,M,M
BFF,2026-02-12 01:53,40.00,32.00,72.84,3.45,M,M
BFF,2026-02-12 02:53,34.00,30.00,85.10,4.60,M,M
BFF,2026-02-12 03:53,32.00,29.00,88.53,3.45,M,M
BFF,2026-02-12 04:53,28.00,26.00,92.07,3.45,M,M
BFF,2026-02-12 05:53,30.00,26.00,84.84,10.35,M,M
BFF,2026-02-12 06:53,27.00,24.00,88.27,4.60,M,M
BFF,2026-02-12 07:53,23.00,21.00,91.90,9.20,M,M
BFF,2026-02-12 08:53,28.00,24.00,84.71,3.45,M,M
BFF,2026-02-12 09:53,38.00,29.00,69.72,10.35,M,M
BFF,2026-02-12 10:53,43.00,28.00,55.11,8.05,M,M
BFF,2026-02-12 11:53,47.00,25.00,41.81,6.90,6500.00,M
BFF,2026-02-12 12:53,53.00,28.00,37.87,6.90,M,M
BFF,2026-02-12 13:53,55.00,29.00,36.67,10.35,M,M
BFF,2026-02-12 14:53,57.00,30.00,35.53,9.20,M,M
BFF,2026-02-12 15:53,59.00,29.00,31.75,9.20,M,M
BFF,2026-02-12 16:53,58.00,25.00,27.89,8.05,M,M
BFF,2026-02-12 17:53,53.00,25.00,33.45,3.45,8500.00,M
BFF,2026-02-12 18:53,48.00,36.00,62.96,8.05,M,M
BFF,2026-02-12 19:53,45.00,36.00,70.51,6.90,9000.00,M
BFF,2026-02-12 20:53,43.00,35.00,73.15,3.45,10000.00,M
BFF,2026-02-12 21:53,40.00,32.00,72.84,5.75,5500.00,M
BFF,2026-02-12 22:53,46.00,36.00,67.89,5.75,M,M
BFF,2026-02-12 23:53,44.00,36.00,73.25,3.45,M,M
BFF,2026-02-13 00:53,38.00,33.00,81.99,5.75,M,M
BFF,2026-02-13 01:53,37.00,31.00,78.67,3.45,M,M
BFF,2026-02-13 02:53,34.00,29.00,81.69,0.00,M,M
BFF,2026-02-13 03:53,32.00,29.00,88.53,5.75,M,M
BFF,2026-02-13 04:53,31.00,28.00,88.48,5.75,M,M
BFF,2026-02-13 05:53,28.00,27.00,95.96,4.60,M,M
BFF,2026-02-13 06:53,27.00,26.00,95.95,3.45,M,M
BFF,2026-02-13 07:53,28.00,27.00,95.96,3.45,5500.00,M
BFF,2026-02-13 08:53,31.00,29.00,92.18,3.45,5500.00,M
BFF,2026-02-13 09:53,39.00,31.00,72.73,0.00,M,M
BFF,2026-02-13 10:53,45.00,32.00,60.09,3.45,M,M
BFF,2026-02-13 11:53,52.00,31.00,44.40,3.45,8500.00,M
BFF,2026-02-13 12:53,53.00,31.00,42.80,3.45,9000.00,M
BFF,2026-02-13 13:53,57.00,28.00,32.74,4.60,M,M
BFF,2026-02-13 14:53,59.00,26.00,28.06,8.05,M,M
BFF,2026-02-13 15:53,57.00,25.00,28.92,4.60,8000.00,M
BFF,2026-02-13 16:53,57.00,26.00,30.14,0.00,M,M
BFF,2026-02-13 17:53,54.00,25.00,32.24,4.60,M,M
BFF,2026-02-13 18:53,46.00,23.00,39.93,3.45,M,M
BFF,2026-02-13 19:53,44.00,24.00,44.93,4.60,M,M
BFF,2026-02-13 20:53,44.00,23.00,43.09,4.60,12000.00,M
BFF,2026-02-13 21:53,43.00,23.00,44.77,0.00,M,M
BFF,2026-02-13 22:53,38.00,22.00,52.11,0.00,M,M
BFF,2026-02-13 23:53,41.00,23.00,48.36,8.05,10000.00,M
BFF,2026-02-14 00:53,43.00,24.00,46.69,5.75,10000.00,M
BFF,2026-02-14 01:53,43.00,23.00,44.77,8.05,11000.00,M
BFF,2026-02-14 02:53,39.00,23.00,52.27,8.05,10000.00,M
BFF,2026-02-14 03:53,35.00,22.00,58.67,6.90,M,M
BFF,2026-02-14 04:53,31.00,22.00,68.90,5.75,M,M
BFF,2026-02-14 05:53,30.00,21.00,68.78,4.60,M,M
BFF,2026-02-14 06:53,28.00,20.00,71.54,8.05,M,M
BFF,2026-02-14 07:53,26.00,20.00,77.69,9.20,M,M
BFF,2026-02-14 08:53,31.00,21.00,66.04,10.35,M,M
BFF,2026-02-14 09:53,38.00,22.00,52.11,13.80,M,M
BFF,2026-02-14 10:53,45.00,22.00,39.76,13.80,M,M
BFF,2026-02-14 11:53,49.00,22.00,34.20,12.65,M,M
BFF,2026-02-14 12:53,53.00,21.00,28.27,10.35,M,M
BFF,2026-02-14 13:53,56.00,19.00,23.27,9.20,M,M
BFF,2026-02-14 14:53,57.00,16.00,19.71,6.90,M,M
BFF,2026-02-14 15:53,57.00,14.00,18.07,9.20,M,M
BFF,2026-02-14 16:53,57.00,12.00,16.54,4.60,M,M
BFF,2026-02-14 17:53,55.00,12.00,17.78,6.90,M,M
BFF,2026-02-14 18:53,47.00,10.00,21.88,4.60,M,M
BFF,2026-02-14 19:53,38.00,9.00,29.57,8.05,M,M
BFF,2026-02-14 20:53,34.00,9.00,34.65,5.75,M,M
BFF,2026-02-14 21:53,28.00,10.00,46.22,6.90,M,M
BFF,2026-02-14 22:53,31.00,9.00,39.10,0.00,M,M
BFF,2026-02-14 23:53,29.00,9.00,42.42,6.90,M,M
BFF,2026-02-15 00:53,28.00,9.00,44.19,0.00,M,M
BFF,2026-02-15 01:53,22.00,8.00,54.25,4.60,M,M
BFF,2026-02-15 02:53,23.00,9.00,54.40,0.00,M,M
BFF,2026-02-15 03:53,22.00,8.00,54.25,8.05,M,M
BFF,2026-02-15 04:53,21.00,10.00,61.92,0.00,M,M
BFF,2026-02-15 05:53,20.00,9.00,61.78,3.45,M,M
BFF,2026-02-15 06:53,24.00,11.00,57.05,3.45,M,M
BFF,2026-02-15 07:53,25.00,12.00,57.20,3.45,M,M
BFF,2026-02-15 08:53,34.00,16.00,47.22,5.75,M,M
BFF,2026-02-15 09:53,42.00,17.00,36.02,4.60,M,M
BFF,2026-02-15 10:53,47.00,17.00,29.77,3.45,M,M
BFF,2026-02-15 11:53,51.00,17.00,25.64,3.45,M,M
BFF,2026-02-15 12:53,54.00,16.00,21.98,3.45,M,M
BFF,2026-02-15 13:53,58.00,14.00,17.43,11.50,M,M
BFF,2026-02-15 14:53,61.00,14.00,15.66,9.20,M,M
BFF,2026-02-15 15:53,62.00,13.00,14.46,8.05,M,M
BFF,2026-02-15 16:53,59.00,15.00,17.57,8.05,M,M
BFF,2026-02-15 17:53,59.00,15.00,17.57,12.65,M,M
BFF,2026-02-15 18:53,54.00,16.00,21.98,5.75,M,M
BFF,2026-02-15 19:53,49.00,16.00,26.44,4.60,M,M
BFF,2026-02-15 20:53,43.00,15.00,31.77,0.00,M,M
BFF,2026-02-15 21:53,42.00,16.00,34.49,3.45,M,M
BFF,2026-02-15 22:53,38.00,15.00,38.58,4.60,M,M
BFF,2026-02-15 23:53,36.00,15.00,41.74,0.00,M,M
BFF,2026-02-16 00:53,31.00,14.00,48.82,6.90,M,M
BFF,2026-02-16 01:53,26.00,14.00,59.93,4.60,M,M
BFF,2026-02-16 02:53,26.00,14.00,59.93,6.90,M,M
BFF,2026-02-16 03:53,25.00,14.00,62.47,6.90,M,M
BFF,2026-02-16 04:53,26.00,14.00,59.93,0.00,M,M
BFF,2026-02-16 05:53,26.00,14.00,59.93,0.00,M,M
BFF,2026-02-16 06:53,24.00,14.00,65.14,8.05,M,M
BFF,2026-02-16 07:53,23.00,14.00,67.93,5.75,M,M
BFF,2026-02-16 08:53,29.00,16.00,57.80,4.60,M,M
BFF,2026-02-16 09:53,36.00,17.00,45.54,3.45,M,M
BFF,2026-02-16 10:53,50.00,19.00,29.00,0.00,M,M
BFF,2026-02-16 11:53,57.00,19.00,22.44,3.45,M,M
BFF,2026-02-16 12:53,58.00,19.00,21.65,0.00,M,M
BFF,2026-02-16 13:53,61.00,19.00,19.45,6.90,M,M
BFF,2026-02-16 14:53,64.00,18.00,16.77,9.20,M,M
BFF,2026-02-16 15:53,65.00,14.00,13.61,17.25,M,M
BFF,2026-02-16 16:53,64.00,14.00,14.09,12.65,M,M
BFF,2026-02-16 17:53,60.00,14.00,16.22,10.35,M,M
BFF,2026-02-16 18:53,52.00,13.00,20.75,9.20,M,M
BFF,2026-02-16 19:53,46.00,13.00,25.96,6.90,M,M
BFF,2026-02-16 20:53,47.00,15.00,27.29,8.05,M,M
BFF,2026-02-16 21:53,45.00,16.00,30.75,11.50,M,M
BFF,2026-02-16 22:53,45.00,18.00,33.53,13.80,M,M
BFF,2026-02-16 23:53,44.00,21.00,39.59,10.35,M,M
BFF,2026-02-17 00:53,45.00,24.00,43.25,10.35,M,M
BFF,2026-02-17 01:53,40.00,24.00,52.43,9.20,M,M
BFF,2026-02-17 02:53,39.00,25.00,56.84,10.35,M,M
BFF,2026-02-17 03:53,37.00,26.00,64.09,10.35,M,M
BFF,2026-02-17 04:53,36.00,27.00,69.49,9.20,M,M
BFF,2026-02-17 05:53,33.00,26.00,75.15,9.20,M,M
BFF,2026-02-17 06:53,31.00,26.00,81.46,10.35,M,M
BFF,2026-02-17 07:53,31.00,26.00,81.46,5.75,M,M
BFF,2026-02-17 08:53,37.00,29.00,72.52,3.45,M,M
BFF,2026-02-17 09:53,43.00,29.00,57.42,3.45,M,M
BFF,2026-02-17 10:53,50.00,27.00,40.60,23.00,M,39.10
BFF,2026-02-17 11:53,53.00,23.00,30.76,16.10,9000.00,34.50
BFF,2026-02-17 12:53,54.00,14.00,20.14,29.90,3100.00,51.75
BFF,2026-02-17 13:53,54.00,10.00,16.87,26.45,M,48.30
BFF,2026-02-17 14:22,53.00,14.00,20.90,31.05,2200.00,51.75
BFF,2026-02-17 14:53,55.00,14.00,19.42,36.80,2600.00,58.65
BFF,2026-02-17 15:53,56.00,13.00,17.92,39.10,3100.00,63.25
BFF,2026-02-17 16:53,54.00,13.00,19.28,39.10,3400.00,57.50
BFF,2026-02-17 17:53,50.00,17.00,26.60,39.10,M,62.10
BFF,2026-02-17 18:53,46.00,21.00,36.69,26.45,M,51.75
BFF,2026-02-17 19:53,45.00,14.00,28.17,20.70,M,42.55
BFF,2026-02-17 20:53,42.00,14.00,31.60,19.55,M,35.65
BFF,2026-02-17 21:53,41.00,11.00,28.77,20.70,M,36.80
BFF,2026-02-17 22:53,38.00,10.00,30.93,18.40,M,31.05
BFF,2026-02-17 23:53,38.00,12.00,33.81,21.85,M,34.50
BFF,2026-02-18 00:53,36.00,12.00,36.58,16.10,M,29.90
BFF,2026-02-18 01:53,29.00,12.00,48.49,6.90,M,M
BFF,2026-02-18 02:53,27.00,12.00,52.65,8.05,M,M
BFF,2026-02-18 03:53,25.00,11.00,54.72,6.90,M,M
BFF,2026-02-18 04:53,23.00,10.00,56.90,5.75,M,M
BFF,2026-02-18 05:53,22.00,10.00,59.35,3.45,M,M
BFF,2026-02-18 06:53,19.00,9.00,64.48,8.05,M,M
BFF,2026-02-18 07:53,21.00,12.00,67.68,4.60,M,M
BFF,2026-02-18 08:53,23.00,11.00,59.50,3.45,M,M
BFF,2026-02-18 09:53,30.00,13.00,48.66,5.75,M,M
BFF,2026-02-18 10:53,37.00,14.00,38.41,6.90,11000.00,M
BFF,2026-02-18 11:53,38.00,16.00,40.30,5.75,7500.00,M
BFF,2026-02-18 12:53,47.00,21.00,35.33,3.45,7500.00,M
BFF,2026-02-18 13:53,48.00,20.00,32.61,3.45,M,M
BFF,2026-02-18 14:53,49.00,19.00,30.10,6.90,M,M
BFF,2026-02-18 15:53,50.00,18.00,27.78,11.50,11000.00,M
BFF,2026-02-18 16:53,50.00,18.00,27.78,12.65,9500.00,M
BFF,2026-02-18 17:53,47.00,20.00,33.86,11.50,10000.00,M
BFF,2026-02-18 18:53,44.00,16.00,31.94,23.00,8500.00,31.05
BFF,2026-02-18 19:53,40.00,15.00,35.68,25.30,8500.00,34.50
BFF,2026-02-18 20:53,37.00,14.00,38.41,24.15,M,35.65
BFF,2026-02-18 21:53,32.00,10.00,39.27,27.60,M,37.95
BFF,2026-02-18 22:53,30.00,10.00,42.59,21.85,M,39.10
BFF,2026-02-18 23:53,25.00,11.00,54.72,21.85,M,37.95
BFF,2026-02-19 00:53,21.00,10.00,61.92,27.60,10000.00,37.95
BFF,2026-02-19 01:53,21.00,9.00,59.20,8.05,3100.00,41.40
BFF,2026-02-19 02:53,20.00,10.00,64.61,16.10,3700.00,M
BFF,2026-02-19 03:07,18.00,13.00,80.42,16.10,2900.00,M
BFF,2026-02-19 03:41,16.00,11.00,80.26,20.70,2400.00,M
BFF,2026-02-19 03:53,16.00,10.00,76.75,18.40,3400.00,M
BFF,2026-02-19 04:31,15.00,9.00,76.66,25.30,3000.00,34.50
BFF,2026-02-19 04:40,14.00,9.00,80.09,26.45,2600.00,34.50
BFF,2026-02-19 04:53,13.00,9.00,83.69,21.85,1900.00,34.50
BFF,2026-02-19 05:37,13.00,9.00,83.69,18.40,1900.00,31.05
BFF,2026-02-19 05:53,13.00,9.00,83.69,17.25,2100.00,31.05
BFF,2026-02-19 06:53,14.00,10.00,83.76,9.20,1900.00,M
BFF,2026-02-19 07:04,14.00,10.00,83.76,9.20,1600.00,M
BFF,2026-02-19 07:11,14.00,10.00,83.76,12.65,1400.00,M
BFF,2026-02-19 07:28,13.00,9.00,83.69,10.35,2200.00,M
BFF,2026-02-19 07:36,13.00,9.00,83.69,10.35,3200.00,M
BFF,2026-02-19 07:46,13.00,9.00,83.69,11.50,3400.00,M
BFF,2026-02-19 07:53,13.00,9.00,83.69,11.50,3600.00,M
BFF,2026-02-19 08:00,13.00,9.00,83.69,11.50,3200.00,M
BFF,2026-02-19 08:04,13.00,9.00,83.69,12.65,2800.00,M
BFF,2026-02-19 08:42,11.00,7.00,83.55,16.10,2000.00,M
BFF,2026-02-19 08:53,11.00,6.00,79.83,12.65,1800.00,M
BFF,2026-02-19 09:49,10.40,6.80,85.04,10.35,2400.00,M
BFF,2026-02-19 09:53,12.00,7.00,79.92,10.35,2400.00,M
BFF,2026-02-19 10:53,12.00,4.00,69.68,12.65,2600.00,M
BFF,2026-02-19 11:12,13.00,5.00,69.80,9.20,2600.00,M
BFF,2026-02-19 11:53,13.00,5.00,69.80,14.95,3700.00,M
BFF,2026-02-19 12:18,13.00,7.00,76.46,13.80,3200.00,M
BFF,2026-02-19 12:25,13.00,7.00,76.46,12.65,2900.00,M
BFF,2026-02-19 12:53,13.00,7.00,76.46,13.80,1700.00,M
BFF,2026-02-19 13:37,13.00,6.00,73.06,13.80,2200.00,M
BFF,2026-02-19 13:48,14.00,6.80,72.51,13.80,2200.00,M
BFF,2026-02-19 13:53,13.00,6.00,73.06,13.80,2400.00,M
BFF,2026-02-19 14:23,14.00,6.00,69.92,12.65,3300.00,M
BFF,2026-02-19 14:53,14.00,6.00,69.92,13.80,2800.00,M
BFF,2026-02-19 15:07,14.00,6.00,69.92,13.80,3200.00,M
BFF,2026-02-19 15:20,15.00,7.00,70.04,13.80,2000.00,M
BFF,2026-02-19 15:36,15.00,7.00,70.04,14.95,2300.00,M
BFF,2026-02-19 15:53,15.00,7.00,70.04,13.80,6000.00,M
BFF,2026-02-19 16:53,15.00,7.00,70.04,10.35,7000.00,M
BFF,2026-02-19 17:53,15.00,6.00,66.92,10.35,M,M
BFF,2026-02-19 18:53,11.00,5.00,76.27,5.75,M,M
BFF,2026-02-19 19:53,10.00,3.00,72.73,3.45,M,M
BFF,2026-02-19 20:53,7.00,2.00,79.48,5.75,M,M
BFF,2026-02-19 21:53,4.00,0.00,83.03,5.75,M,M
BFF,2026-02-19 22:53,1.00,-3.00,82.81,6.90,M,M
BFF,2026-02-19 23:53,0.00,-3.00,86.78,8.05,M,M
BFF,2026-02-20 00:53,1.00,-2.00,86.84,6.90,M,M
BFF,2026-02-20 01:53,0.00,-3.00,86.78,9.20,M,M
BFF,2026-02-20 02:53,-3.00,-5.00,90.87,0.00,M,M
BFF,2026-02-20 03:53,-4.00,-7.00,86.53,4.60,M,M
BFF,2026-02-20 04:53,-5.00,-8.00,86.47,5.75,M,M
BFF,2026-02-20 05:53,-6.00,-9.00,86.41,5.75,M,M
BFF,2026-02-20 06:53,-6.00,-10.00,82.26,3.45,M,M
BFF,2026-02-20 07:53,-6.00,-9.00,86.41,4.60,M,M
BFF,2026-02-20 08:53,-1.00,-5.00,82.65,3.45,M,M
BFF,2026-02-20 09:53,4.00,0.00,83.03,6.90,M,M
BFF,2026-02-20 10:53,10.00,4.00,76.17,3.45,M,M
BFF,2026-02-20 11:53,15.00,7.00,70.04,4.60,M,M
BFF,2026-02-20 12:53,19.00,11.00,70.51,0.00,M,M
BFF,2026-02-20 13:53,22.00,11.00,62.06,3.45,M,M
BFF,2026-02-20 14:53,24.00,14.00,65.14,0.00,11000.00,M
BFF,2026-02-20 15:53,27.00,15.00,60.07,0.00,11000.00,M
BFF,2026-02-20 16:53,27.00,15.00,60.07,3.45,8000.00,M
BFF,2026-02-20 17:53,27.00,15.00,60.07,4.60,8000.00,M
BFF,2026-02-20 18:53,23.00,16.00,74.13,3.45,10000.00,M
BFF,2026-02-20 19:53,22.00,16.00,77.32,4.60,12000.00,M
BFF,2026-02-20 20:53,18.00,14.00,84.04,5.75,M,M
BFF,2026-02-20 21:53,17.00,13.00,83.97,4.60,M,M
BFF,2026-02-20 22:53,16.00,13.00,87.69,0.00,M,M
BFF,2026-02-20 23:53,11.00,8.00,87.42,4.60,M,M
BFF,2026-02-21 00:53,10.00,8.00,91.40,6.90,M,M
BFF,2026-02-21 01:53,13.00,11.00,91.52,0.00,M,M
BFF,2026-02-21 02:53,7.00,5.00,91.28,6.90,M,M
BFF,2026-02-21 03:53,7.00,5.00,91.28,8.05,11000.00,M
BFF,2026-02-21 04:53,6.00,3.00,87.13,6.90,M,M
BFF,2026-02-21 05:53,8.00,5.00,87.25,9.20,M,M
BFF,2026-02-21 06:53,8.00,4.00,83.33,9.20,M,M
BFF,2026-02-21 07:53,6.00,2.00,83.18,8.05,M,M
BFF,2026-02-21 08:53,11.00,6.00,79.83,6.90,M,M
BFF,2026-02-21 09:53,21.00,12.00,67.68,8.05,M,M
BFF,2026-02-21 10:53,27.00,13.00,55.03,13.80,M,M
BFF,2026-02-21 11:53,31.00,15.00,51.01,12.65,M,M
BFF,2026-02-21 12:53,34.00,15.00,45.20,11.50,M,M
BFF,2026-02-21 13:53,36.00,13.00,38.24,20.70,M,29.90
BFF,2026-02-21 14:53,35.00,15.00,43.44,18.40,4500.00,32.20
BFF,2026-02-21 15:53,34.00,12.00,39.61,20.70,M,31.05
BFF,2026-02-21 16:53,34.00,12.00,39.61,12.65,M,M
BFF,2026-02-21 17:53,32.00,12.00,42.93,12.65,M,M
BFF,2026-02-21 18:53,26.00,11.00,52.49,8.05,M,M
BFF,2026-02-21 19:53,21.00,10.00,61.92,4.60,M,M
BFF,2026-02-21 20:53,17.00,9.00,70.27,6.90,M,M
BFF,2026-02-21 21:53,17.00,8.00,67.18,9.20,M,M
BFF,2026-02-21 22:53,13.00,6.00,73.06,6.90,M,M
BFF,2026-02-21 23:53,13.00,7.00,76.46,3.45,M,M
BFF,2026-02-22 00:53,11.00,7.00,83.55,5.75,M,M
BFF,2026-02-22 01:53,10.00,5.00,79.75,4.60,M,M
BFF,2026-02-22 02:53,10.00,6.00,83.47,0.00,M,M
BFF,2026-02-22 03:53,9.00,5.00,83.40,4.60,M,M
BFF,2026-02-22 04:53,8.00,3.00,79.57,3.45,M,M
BFF,2026-02-22 05:53,8.00,2.00,75.97,3.45,M,M
BFF,2026-02-22 06:53,6.00,2.00,83.18,5.75,M,M
BFF,2026-02-22 07:53,10.00,5.00,79.75,5.75,M,M
BFF,2026-02-22 08:53,15.00,9.00,76.66,8.05,M,M
BFF,2026-02-22 09:53,22.00,11.00,62.06,10.35,M,M
BFF,2026-02-22 10:53,28.00,13.00,52.81,8.05,M,M
BFF,2026-02-22 11:53,32.00,14.00,46.89,6.90,M,M
BFF,2026-02-22 12:53,38.00,15.00,38.58,6.90,M,M
BFF,2026-02-22 13:53,42.00,15.00,33.02,5.75,M,M
BFF,2026-02-22 14:53,45.00,15.00,29.44,9.20,M,M
BFF,2026-02-22 15:53,48.00,14.00,25.16,8.05,M,M
BFF,2026-02-22 16:53,48.00,12.00,23.03,11.50,M,M
BFF,2026-02-22 17:53,46.00,13.00,25.96,13.80,M,M
BFF,2026-02-22 18:53,37.00,18.00,45.70,16.10,M,M
BFF,2026-02-22 19:53,33.00,17.00,51.32,16.10,M,M
BFF,2026-02-22 20:53,28.00,16.00,60.22,12.65,M,M
BFF,2026-02-22 21:53,26.00,18.00,71.31,13.80,M,M
BFF,2026-02-22 22:53,23.00,16.00,74.13,14.95,M,M
BFF,2026-02-22 23:53,21.00,14.00,73.92,16.10,M,M
BFF,2026-02-23 00:53,20.00,13.00,73.82,16.10,M,M
BFF,2026-02-23 01:53,19.00,13.00,77.04,16.10,M,M
BFF,2026-02-23 02:53,18.00,13.00,80.42,13.80,M,M
BFF,2026-02-23 03:53,18.00,12.00,76.95,11.50,M,M
BFF,2026-02-23 04:53,17.00,12.00,80.34,5.75,M,M
BFF,2026-02-23 05:53,16.00,11.00,80.26,6.90,M,M
BFF,2026-02-23 06:53,15.00,11.00,83.83,4.60,M,M
BFF,2026-02-23 07:53,14.00,10.00,83.76,3.45,M,M
BFF,2026-02-23 08:53,18.00,13.00,80.42,0.00,M,M
BFF,2026-02-23 09:53,22.00,14.00,70.86,0.00,M,M
BFF,2026-02-23 10:53,30.00,17.00,57.95,3.45,M,M
BFF,2026-02-23 11:53,40.00,18.00,40.64,4.60,M,M
BFF,2026-02-23 12:53,51.00,18.00,26.77,8.05,M,M
BFF,2026-02-23 13:53,60.00,18.00,19.31,14.95,M,M
BFF,2026-02-23 14:53,64.00,16.00,15.38,17.25,M,M
BFF,2026-02-23 15:53,62.00,14.00,15.11,18.40,M,M
BFF,2026-02-23 16:53,61.00,14.00,15.66,16.10,M,29.90
BFF,2026-02-23 17:53,58.00,16.00,19.02,4.60,M,M
BFF,2026-02-23 18:53,58.00,12.00,15.96,13.80,M,M
BFF,2026-02-23 19:53,53.00,12.00,19.13,9.20,M,M
BFF,2026-02-23 20:53,51.00,14.00,22.49,10.35,M,M
BFF,2026-02-23 21:53,51.00,15.00,23.50,9.20,M,M
BFF,2026-02-23 22:53,50.00,15.00,24.39,11.50,M,M
BFF,2026-02-23 23:53,47.00,15.00,27.29,9.20,M,M
BFF,2026-02-24 00:53,46.00,15.00,28.34,8.05,M,M
BFF,2026-02-24 01:53,55.00,14.00,19.42,24.15,M,37.95
BFF,2026-02-24 02:53,55.00,15.00,20.29,20.70,M,43.70
BFF,2026-02-24 03:53,54.00,16.00,21.98,20.70,M,40.25
BFF,2026-02-24 04:53,54.00,16.00,21.98,23.00,M,42.55
BFF,2026-02-24 05:53,52.00,17.00,24.71,24.15,M,37.95
BFF,2026-02-24 06:53,51.00,16.00,24.55,20.70,M,39.10
BFF,2026-02-24 07:53,54.00,14.00,20.14,26.45,M,37.95
BFF,2026-02-24 08:53,54.00,16.00,21.98,24.15,11000.00,41.40
BFF,2026-02-24 09:53,56.00,16.00,20.44,19.55,10000.00,31.05
BFF,2026-02-24 10:53,58.00,15.00,18.21,24.15,8000.00,40.25
BFF,2026-02-24 11:53,61.00,16.00,17.09,33.35,M,47.15
BFF,2026-02-24 12:53,62.00,24.00,23.20,34.50,M,49.45
BFF,2026-02-24 13:53,62.00,20.00,19.59,29.90,M,54.05
BFF,2026-02-24 14:53,62.00,24.00,23.20,28.75,M,46.00
BFF,2026-02-24 15:53,60.00,28.00,29.40,27.60,M,50.60
BFF,2026-02-24 16:53,58.00,32.00,37.17,21.85,M,42.55
BFF,2026-02-24 17:53,58.00,31.00,35.70,16.10,M,34.50
BFF,2026-02-24 18:53,56.00,31.00,38.37,9.20,12000.00,M
BFF,2026-02-24 19:53,53.00,31.00,42.80,6.90,M,M
BFF,2026-02-24 20:53,46.00,28.00,49.16,11.50,M,M
BFF,2026-02-24 21:53,44.00,27.00,50.90,5.75,M,M
BFF,2026-02-24 22:53,42.00,27.00,54.96,0.00,M,M
BFF,2026-02-24 23:53,40.00,27.00,59.39,5.75,M,M
BFF,2026-02-25 00:53,40.00,27.00,59.39,0.00,M,M
BFF,2026-02-25 01:53,38.00,27.00,64.22,6.90,M,M
BFF,2026-02-25 02:53,37.00,27.00,66.80,0.00,M,M
BFF,2026-02-25 03:53,35.00,26.00,69.37,4.60,M,M
BFF,2026-02-25 04:53,35.00,26.00,69.37,4.60,M,M
BFF,2026-02-25 05:53,34.00,27.00,75.25,3.45,M,M
BFF,2026-02-25 06:53,34.00,26.00,72.20,0.00,M,M
BFF,2026-02-25 07:53,34.00,26.00,72.20,0.00,M,M
BFF,2026-02-25 08:53,35.00,27.00,72.30,0.00,M,M
BFF,2026-02-25 09:53,49.00,32.00,51.68,12.65,M,M
BFF,2026-02-25 10:53,57.00,32.00,38.53,18.40,M,M
BFF,2026-02-25 11:53,62.00,31.00,30.96,28.75,M,44.85
BFF,2026-02-25 12:53,63.00,29.00,27.55,34.50,7500.00,49.45
BFF,2026-02-25 13:11,49.00,40.00,70.96,35.65,3100.00,67.85
BFF,2026-02-25 13:28,50.00,35.00,56.15,34.50,3500.00,67.85
BFF,2026-02-25 13:53,52.00,31.00,44.40,34.50,7000.00,67.85
BFF,2026-02-25 14:53,43.00,36.00,76.11,24.15,3900.00,46.00
BFF,2026-02-25 15:53,41.00,37.00,85.53,5.75,3700.00,37.95
BFF,2026-02-25 16:53,42.00,38.00,85.59,8.05,11000.00,M
BFF,2026-02-25 17:53,42.00,38.00,85.59,6.90,7000.00,M
BFF,2026-02-25 18:53,37.00,36.00,96.12,3.45,M,M
BFF,2026-02-25 19:53,33.00,32.00,96.05,8.05,M,M
BFF,2026-02-25 20:53,31.00,30.00,96.02,5.75,M,M
BFF,2026-02-25 21:53,31.00,31.00,100.00,0.00,M,M
BFF,2026-02-25 22:15,31.00,31.00,100.00,0.00,M,M
BFF,2026-02-25 22:24,29.00,29.00,100.00,0.00,M,M
BFF,2026-02-25 22:53,28.00,28.00,100.00,3.45,100.00,M
BFF,2026-02-25 22:58,28.00,27.00,95.96,3.45,100.00,M
BFF,2026-02-25 23:05,27.00,27.00,100.00,4.60,100.00,M
BFF,2026-02-25 23:53,29.00,28.00,95.98,3.45,M,M
BFF,2026-02-26 00:53,26.00,26.00,100.00,3.45,M,M
BFF,2026-02-26 01:06,25.00,24.00,95.91,4.60,100.00,M
BFF,2026-02-26 01:48,23.00,23.00,100.00,0.00,100.00,M
BFF,2026-02-26 01:50,21.20,21.20,100.00,0.00,100.00,M
BFF,2026-02-26 01:53,22.00,22.00,100.00,3.45,100.00,M
BFF,2026-02-26 02:00,23.00,22.00,95.87,3.45,100.00,M
BFF,2026-02-26 02:50,23.00,21.20,92.68,3.45,100.00,M
BFF,2026-02-26 02:53,22.00,21.00,95.85,4.60,100.00,M
BFF,2026-02-26 03:20,23.00,23.00,100.00,6.90,100.00,M
BFF,2026-02-26 03:23,23.00,23.00,100.00,5.75,100.00,M
BFF,2026-02-26 03:36,22.00,22.00,100.00,4.60,100.00,M
BFF,2026-02-26 03:39,22.00,22.00,100.00,4.60,100.00,M
BFF,2026-02-26 03:48,21.20,21.20,100.00,0.00,100.00,M
BFF,2026-02-26 03:53,21.00,20.00,95.83,0.00,100.00,M
BFF,2026-02-26 04:29,21.00,20.00,95.83,8.05,100.00,M
BFF,2026-02-26 04:53,23.00,22.00,95.87,9.20,M,M
BFF,2026-02-26 05:53,25.00,24.00,95.91,5.75,M,M
BFF,2026-02-26 06:53,23.00,22.00,95.87,8.05,M,M
BFF,2026-02-26 07:53,22.00,21.00,95.85,4.60,M,M
BFF,2026-02-26 08:53,30.00,27.00,88.43,8.05,M,M
BFF,2026-02-26 09:53,37.00,31.00,78.67,6.90,M,M
BFF,2026-02-26 10:53,43.00,33.00,67.53,6.90,M,M
BFF,2026-02-26 11:53,50.00,31.00,47.82,12.65,M,M
BFF,2026-02-26 12:53,56.00,23.00,27.57,16.10,M,32.20
BFF,2026-02-26 13:53,59.00,20.00,21.80,18.40,M,32.20
BFF,2026-02-26 14:53,61.00,18.00,18.63,21.85,M,33.35
BFF,2026-02-26 15:53,63.00,17.00,16.63,24.15,M,33.35
BFF,2026-02-26 16:53,62.00,16.00,16.49,17.25,M,35.65
BFF,2026-02-26 17:53,60.00,15.00,16.95,24.15,M,39.10
BFF,2026-02-26 18:53,57.00,14.00,18.07,17.25,M,34.50
BFF,2026-02-26 19:53,54.00,17.00,22.96,21.85,M,31.05
BFF,2026-02-26 20:53,53.00,18.00,24.86,18.40,M,34.50
BFF,2026-02-26 21:53,51.00,18.00,26.77,18.40,M,32.20
BFF,2026-02-26 22:53,50.00,18.00,27.78,14.95,M,29.90
BFF,2026-02-26 23:53,48.00,18.00,29.93,13.80,M,M
BFF,2026-02-27 00:53,47.00,17.00,29.77,11.50,M,M
BFF,2026-02-27 01:53,48.00,19.00,31.25,21.85,M,33.35
BFF,2026-02-27 02:53,46.00,19.00,33.69,14.95,M,37.95
BFF,2026-02-27 03:53,45.00,19.00,35.00,16.10,M,M
BFF,2026-02-27 04:53,43.00,19.00,37.78,16.10,M,M
BFF,2026-02-27 05:53,44.00,18.00,34.83,13.80,M,M
BFF,2026-02-27 06:53,43.00,17.00,34.66,14.95,M,M
BFF,2026-02-27 07:53,42.00,18.00,37.61,13.80,M,M
BFF,2026-02-27 08:53,46.00,19.00,33.69,12.65,M,M
BFF,2026-02-27 09:53,52.00,20.00,28.10,21.85,M,29.90
BFF,2026-02-27 10:53,57.00,19.00,22.44,19.55,M,32.20
BFF,2026-02-27 11:53,60.00,17.00,18.49,18.40,M,31.05
BFF,2026-02-27 12:53,63.00,16.00,15.92,14.95,M,31.05
BFF,2026-02-27 13:53,64.00,15.00,14.72,11.50,M,M
BFF,2026-02-27 14:53,65.00,15.00,14.22,14.95,M,M
BFF,2026-02-27 15:53,65.00,14.00,13.61,12.65,M,M
BFF,2026-02-27 16:53,65.00,14.00,13.61,13.80,M,M
BFF,2026-02-27 17:53,63.00,11.00,12.78,9.20,M,35.65
BFF,2026-02-27 18:53,58.00,14.00,17.43,12.65,M,M
BFF,2026-02-27 19:53,53.00,16.00,22.80,10.35,M,M
BFF,2026-02-27 20:53,43.00,15.00,31.77,0.00,M,M
BFF,2026-02-27 21:53,44.00,16.00,31.94,3.45,M,M
BFF,2026-02-27 22:53,40.00,16.00,37.27,9.20,M,M
BFF,2026-02-27 23:53,39.00,18.00,42.25,8.05,M,M
BFF,2026-02-28 00:53,40.00,17.00,38.92,5.75,M,M
BFF,2026-02-28 01:53,49.00,17.00,27.61,18.40,M,29.90
BFF,2026-02-28 02:53,48.00,18.00,29.93,19.55,M,M
BFF,2026-02-28 03:53,48.00,19.00,31.25,18.40,M,M
BFF,2026-02-28 04:53,47.00,20.00,33.86,17.25,M,M
BFF,2026-02-28 05:53,46.00,21.00,36.69,13.80,M,M
BFF,2026-02-28 06:53,40.00,20.00,44.27,0.00,M,M
BFF,2026-02-28 07:53,40.00,21.00,46.20,4.60,M,M
BFF,2026-02-28 08:53,49.00,22.00,34.20,11.50,M,M
BFF,2026-02-28 09:53,55.00,22.00,27.41,13.80,M,M
BFF,2026-02-28 10:53,58.00,20.00,22.59,20.70,M,32.20
BFF,2026-02-28 11:53,60.00,17.00,18.49,18.40,M,32.20
BFF,2026-02-28 12:53,61.00,16.00,17.09,17.25,M,M
BFF,2026-02-28 13:53,63.00,14.00,14.59,14.95,M,M
BFF,2026-02-28 14:53,63.00,13.00,13.96,12.65,M,M
BFF,2026-02-28 15:53,62.00,13.00,14.46,13.80,M,M
BFF,2026-02-28 16:53,61.00,13.00,14.98,12.65,M,M
BFF,2026-02-28 17:53,54.00,15.00,21.05,14.95,M,M
BFF,2026-02-28 18:53,50.00,16.00,25.48,12.65,M,M
BFF,2026-02-28 19:53,48.00,18.00,29.93,16.10,M,M
BFF,2026-02-28 20:53,45.00,19.00,35.00,13.80,M,M
BFF,2026-02-28 21:53,44.00,19.00,36.36,19.55,M,M
BFF,2026-02-28 22:53,41.00,20.00,42.59,14.95,M,M
BFF,2026-02-28 23:53,39.00,19.00,44.11,13.80,M,M
BFF,2026-03-01 00:53,38.00,19.00,45.87,13.80,M,M
BFF,2026-03-01 01:53,36.00,19.00,49.63,11.50,M,M
BFF,2026-03-01 02:53,35.00,20.00,53.90,4.60,M,M
BFF,2026-03-01 03:53,34.00,20.00,56.09,11.50,M,M
BFF,2026-03-01 04:53,32.00,20.00,60.78,12.65,M,M
BFF,2026-03-01 05:53,31.00,19.00,60.64,12.65,M,M
BFF,2026-03-01 06:53,30.00,19.00,63.16,13.80,M,M
BFF,2026-03-01 07:53,28.00,19.00,68.54,13.80,M,M
BFF,2026-03-01 08:53,32.00,19.00,58.24,14.95,M,M
BFF,2026-03-01 09:53,39.00,21.00,48.03,12.65,M,M
BFF,2026-03-01 10:53,45.00,22.00,39.76,5.75,M,M
BFF,2026-03-01 11:53,48.00,22.00,35.50,3.45,M,M
BFF,2026-03-01 12:53,53.00,21.00,28.27,M,M,M
BFF,2026-03-01 13:53,56.00,20.00,24.28,M,M,M
BFF,2026-03-01 14:53,58.00,20.00,22.59,4.60,M,M
BFF,2026-03-01 15:53,59.00,19.00,20.89,6.90,M,M
BFF,2026-03-01 16:53,58.00,19.00,21.65,10.35,M,M
BFF,2026-03-01 17:53,57.00,19.00,22.44,9.20,12000.00,M
BFF,2026-03-01 18:53,52.00,19.00,26.93,8.05,12000.00,M
BFF,2026-03-01 19:53,45.00,17.00,32.11,6.90,M,M
BFF,2026-03-01 20:53,44.00,17.00,33.36,10.35,M,M
BFF,2026-03-01 21:53,43.00,19.00,37.78,13.80,M,M
BFF,2026-03-01 22:53,40.00,20.00,44.27,12.65,M,M
BFF,2026-03-01 23:53,39.00,19.00,44.11,14.95,M,M
BFF,2026-03-02 00:53,38.00,19.00,45.87,16.10,10000.00,M
BFF,2026-03-02 01:53,38.00,19.00,45.87,12.65,M,M
BFF,2026-03-02 02:53,36.00,19.00,49.63,16.10,M,M
BFF,2026-03-02 03:53,34.00,19.00,53.74,12.65,M,M
BFF,2026-03-02 04:53,33.00,19.00,55.94,12.65,11000.00,M
BFF,2026-03-02 05:53,33.00,20.00,58.38,12.65,10000.00,M
BFF,2026-03-02 06:53,33.00,20.00,58.38,6.90,9000.00,M
BFF,2026-03-02 07:53,34.00,21.00,58.53,12.65,7500.00,M
BFF,2026-03-02 08:53,34.00,23.00,63.69,10.35,6500.00,M
BFF,2026-03-02 09:53,37.00,23.00,56.54,4.60,7500.00,M
BFF,2026-03-02 10:53,40.00,23.00,50.27,0.00,10000.00,M
BFF,2026-03-02 11:53,43.00,24.00,46.69,5.75,11000.00,M
BFF,2026-03-02 12:53,51.00,25.00,36.01,5.75,M,M
BFF,2026-03-02 13:53,55.00,30.00,38.20,4.60,M,M
BFF,2026-03-02 14:53,60.00,34.00,37.50,3.45,M,M
BFF,2026-03-02 15:53,63.00,35.00,35.10,9.20,M,M
BFF,2026-03-02 16:53,62.00,35.00,36.36,0.00,M,M
BFF,2026-03-02 17:53,61.00,37.00,40.77,0.00,12000.00,M
BFF,2026-03-02 18:53,55.00,31.00,39.78,10.35,5000.00,M
BFF,2026-03-02 19:53,47.00,29.00,49.32,9.20,M,M
BFF,2026-03-02 20:53,47.00,26.00,43.58,10.35,11000.00,M
BFF,2026-03-02 21:53,44.00,34.00,67.65,8.05,4000.00,M
BFF,2026-03-02 22:53,44.00,38.00,79.27,6.90,5500.00,M
BFF,2026-03-02 23:53,43.00,40.00,89.05,8.05,6000.00,M
BFF,2026-03-03 00:53,42.00,41.00,96.21,6.90,7000.00,M
BFF,2026-03-03 01:53,42.00,40.00,92.55,6.90,5000.00,M
BFF,2026-03-03 02:53,42.00,41.00,96.21,0.00,7000.00,M
BFF,2026-03-03 03:53,43.00,42.00,96.23,4.60,7000.00,M
BFF,2026-03-03 04:53,44.00,43.00,96.24,3.45,4500.00,M
BFF,2026-03-03 05:53,44.00,43.00,96.24,5.75,5000.00,M
BFF,2026-03-03 06:53,43.00,43.00,100.00,8.05,8000.00,M
BFF,2026-03-03 07:53,44.00,43.00,96.24,3.45,6500.00,M
BFF,2026-03-03 08:53,45.00,44.00,96.26,4.60,5000.00,M
BFF,2026-03-03 09:53,46.00,43.00,89.19,4.60,5000.00,M
BFF,2026-03-03 10:53,46.00,42.00,85.83,5.75,6000.00,M
BFF,2026-03-03 11:53,49.00,38.00,65.62,5.75,9000.00,M
BFF,2026-03-03 12:53,53.00,33.00,46.40,0.00,9500.00,M
BFF,2026-03-03 13:53,57.00,31.00,37.00,0.00,M,M
BFF,2026-03-03 14:53,56.00,32.00,39.95,8.05,9500.00,M
BFF,2026-03-03 15:53,56.00,29.00,35.36,5.75,10000.00,M
BFF,2026-03-03 16:53,55.00,31.00,39.78,4.60,10000.00,M
BFF,2026-03-03 17:53,54.00,32.00,42.96,5.75,11000.00,M
BFF,2026-03-03 18:53,49.00,33.00,53.80,3.45,M,M
BFF,2026-03-03 19:53,44.00,35.00,70.40,5.75,M,M
BFF,2026-03-03 20:53,41.00,35.00,79.01,3.45,10000.00,M
BFF,2026-03-03 21:53,38.00,33.00,81.99,8.05,M,M
BFF,2026-03-03 22:53,32.00,30.00,92.21,8.05,M,M
BFF,2026-03-03 23:53,34.00,31.00,88.62,6.90,M,M
BFF,2026-03-04 00:53,34.00,31.00,88.62,3.45,10000.00,M
BFF,2026-03-04 01:53,32.00,29.00,88.53,0.00,M,M
BFF,2026-03-04 02:53,31.00,29.00,92.18,6.90,M,M
BFF,2026-03-04 03:53,31.00,28.00,88.48,6.90,M,M
BFF,2026-03-04 04:53,30.00,28.00,92.14,6.90,M,M
BFF,2026-03-04 05:53,28.00,26.00,92.07,4.60,M,M
BFF,2026-03-04 06:53,28.00,26.00,92.07,6.90,M,M
BFF,2026-03-04 07:53,27.00,25.00,92.04,4.60,M,M
BFF,2026-03-04 08:53,36.00,31.00,81.84,0.00,M,M
BFF,2026-03-04 09:53,40.00,34.00,78.93,0.00,M,M
BFF,2026-03-04 10:53,47.00,32.00,55.71,3.45,M,M
BFF,2026-03-04 11:53,52.00,32.00,46.24,5.75,M,M
BFF,2026-03-04 12:53,56.00,30.00,36.84,3.45,M,M
BFF,2026-03-04 13:53,58.00,29.00,32.90,4.60,M,M
BFF,2026-03-04 14:53,61.00,26.00,26.13,8.05,M,M
BFF,2026-03-04 15:53,62.00,25.00,24.19,5.75,M,M
BFF,2026-03-04 16:53,63.00,25.00,23.36,3.45,M,M
BFF,2026-03-04 17:53,61.00,25.00,25.06,5.75,M,M
BFF,2026-03-04 18:53,54.00,28.00,36.51,5.75,M,M
BFF,2026-03-04 19:53,48.00,29.00,47.50,3.45,M,M
BFF,2026-03-04 20:53,43.00,29.00,57.42,4.60,M,M
BFF,2026-03-04 21:53,40.00,29.00,64.48,6.90,M,M
BFF,2026-03-04 22:53,41.00,28.00,59.53,6.90,M,M
BFF,2026-03-04 23:53,36.00,28.00,72.41,8.05,M,M
BFF,2026-03-05 00:53,36.00,28.00,72.41,5.75,M,M
BFF,2026-03-05 01:53,36.00,27.00,69.49,5.75,M,M
BFF,2026-03-05 02:53,36.00,28.00,72.41,6.90,M,M
BFF,2026-03-05 03:53,36.00,28.00,72.41,9.20,M,M
BFF,2026-03-05 04:53,34.00,27.00,75.25,8.05,M,M
BFF,2026-03-05 05:53,32.00,27.00,81.54,3.45,M,M
BFF,2026-03-05 06:53,33.00,27.00,78.32,3.45,M,M
BFF,2026-03-05 07:53,33.00,28.00,81.62,3.45,M,M
BFF,2026-03-05 08:53,38.00,32.00,78.76,3.45,M,M
BFF,2026-03-05 09:53,41.00,30.00,64.61,4.60,M,M
BFF,2026-03-05 10:53,45.00,32.00,60.09,5.75,M,M
BFF,2026-03-05 11:53,52.00,32.00,46.24,0.00,M,M
BFF,2026-03-05 12:53,60.00,28.00,29.40,3.45,M,M
BFF,2026-03-05 13:53,64.00,27.00,24.50,0.00,M,M
BFF,2026-03-05 14:53,67.00,23.00,18.69,4.60,M,M
BFF,2026-03-05 15:53,67.00,22.00,17.92,0.00,M,M
BFF,2026-03-05 16:53,67.00,22.00,17.92,3.45,M,M
BFF,2026-03-05 17:53,64.00,24.00,21.63,3.45,12000.00,M
BFF,2026-03-05 18:53,62.00,29.00,28.54,6.90,11000.00,M
BFF,2026-03-05 19:53,57.00,26.00,30.14,13.80,10000.00,M
BFF,2026-03-05 20:53,54.00,29.00,38.03,13.80,10000.00,32.20
BFF,2026-03-05 21:53,53.00,32.00,44.57,20.70,7000.00,29.90
BFF,2026-03-05 22:53,47.00,36.00,65.37,20.70,6000.00,39.10
BFF,2026-03-05 23:53,43.00,36.00,76.11,21.85,7000.00,32.20
BFF,2026-03-06 00:53,40.00,36.00,85.47,13.80,M,29.90
BFF,2026-03-06 01:53,41.00,36.00,82.21,8.05,6000.00,M
BFF,2026-03-06 02:53,41.00,36.00,82.21,9.20,7000.00,M
BFF,2026-03-06 03:53,41.00,34.00,75.92,9.20,8000.00,M
BFF,2026-03-06 04:53,40.00,34.00,78.93,11.50,8000.00,M
BFF,2026-03-06 05:53,40.00,34.00,78.93,11.50,8000.00,M
BFF,2026-03-06 06:53,39.00,34.00,82.07,11.50,2000.00,M
BFF,2026-03-06 07:12,38.00,35.00,88.82,10.35,1800.00,M
BFF,2026-03-06 07:53,37.00,34.00,88.77,12.65,1400.00,M
BFF,2026-03-06 08:45,37.00,34.00,88.77,12.65,1200.00,M
BFF,2026-03-06 08:53,37.00,34.00,88.77,13.80,1500.00,M
BFF,2026-03-06 09:21,36.00,34.00,92.35,14.95,1200.00,M
BFF,2026-03-06 09:53,35.00,33.00,92.32,14.95,1100.00,M
BFF,2026-03-06 10:27,35.00,33.00,92.32,10.35,1300.00,M
BFF,2026-03-06 10:38,35.00,33.00,92.32,9.20,1300.00,M
BFF,2026-03-06 10:53,35.00,33.00,92.32,14.95,1000.00,M
BFF,2026-03-06 11:04,34.00,33.00,96.07,14.95,1000.00,M
BFF,2026-03-06 11:11,34.00,32.00,92.28,12.65,700.00,M
BFF,2026-03-06 11:34,34.00,32.00,92.28,12.65,700.00,M
BFF,2026-03-06 11:53,33.00,31.00,92.25,14.95,1000.00,M
BFF,2026-03-06 12:06,33.00,32.00,96.05,13.80,900.00,M
BFF,2026-03-06 12:14,33.00,32.00,96.05,14.95,900.00,M
BFF,2026-03-06 12:32,34.00,32.00,92.28,16.10,1200.00,M
BFF,2026-03-06 12:53,34.00,32.00,92.28,9.20,1200.00,M
BFF,2026-03-06 13:29,34.00,31.00,88.62,11.50,1500.00,M
BFF,2026-03-06 13:53,35.00,31.00,85.16,13.80,1700.00,M
BFF,2026-03-06 14:53,35.00,31.00,85.16,11.50,1900.00,M
BFF,2026-03-06 15:41,36.00,29.00,75.44,19.55,2300.00,M
BFF,2026-03-06 15:53,36.00,30.00,78.58,16.10,2300.00,M
BFF,2026-03-06 16:18,35.00,30.00,81.77,17.25,2000.00,M
BFF,2026-03-06 16:41,34.00,32.00,92.28,12.65,1800.00,M
BFF,2026-03-06 16:51,33.80,32.00,93.02,13.80,1800.00,M
BFF,2026-03-06 16:53,34.00,32.00,92.28,13.80,1800.00,M
BFF,2026-03-06 17:10,34.00,33.00,96.07,10.35,1800.00,M
BFF,2026-03-06 17:48,33.80,33.80,100.00,9.20,2500.00,M
BFF,2026-03-06 17:53,35.00,33.00,92.32,8.05,1200.00,M
BFF,2026-03-06 18:02,35.00,33.00,92.32,9.20,900.00,M
BFF,2026-03-06 18:53,35.00,31.00,85.16,13.80,7500.00,M
BFF,2026-03-06 19:53,34.00,31.00,88.62,8.05,12000.00,M
BFF,2026-03-06 20:53,33.00,30.00,88.57,6.90,M,M
BFF,2026-03-06 21:53,31.00,28.00,88.48,8.05,M,M
BFF,2026-03-06 22:53,29.00,26.00,88.37,3.45,M,M
BFF,2026-03-06 23:53,28.00,27.00,95.96,3.45,M,M
BFF,2026-03-07 00:53,27.00,21.00,77.78,0.00,M,M
BFF,2026-03-07 01:53,27.00,20.00,74.54,9.20,M,M
BFF,2026-03-07 02:53,24.00,19.00,80.91,3.45,M,M
BFF,2026-03-07 03:53,24.00,19.00,80.91,3.45,M,M
BFF,2026-03-07 04:53,22.00,18.00,84.31,6.90,M,M
BFF,2026-03-07 05:53,19.00,17.00,91.75,0.00,M,M
BFF,2026-03-07 06:53,21.00,18.00,87.96,0.00,M,M
BFF,2026-03-07 07:53,21.00,17.00,84.25,0.00,M,M
BFF,2026-03-07 08:53,27.00,22.00,81.15,0.00,M,M
BFF,2026-03-07 09:53,32.00,24.00,71.98,0.00,M,M
BFF,2026-03-07 10:53,37.00,26.00,64.09,5.75,M,M
BFF,2026-03-07 11:29,44.00,24.00,44.93,19.55,M,M
BFF,2026-03-07 11:53,46.00,25.00,43.42,17.25,M,29.90
BFF,2026-03-07 12:53,51.00,23.00,33.11,28.75,M,37.95
BFF,2026-03-07 13:53,54.00,21.00,27.25,26.45,M,37.95
BFF,2026-03-07 14:53,56.00,20.00,24.28,19.55,M,33.35
BFF,2026-03-07 15:53,57.00,18.00,21.50,17.25,M,33.35
BFF,2026-03-07 16:53,57.00,21.00,24.44,19.55,M,37.95
BFF,2026-03-07 17:53,53.00,22.00,29.49,21.85,M,39.10
BFF,2026-03-07 18:53,50.00,24.00,35.84,18.40,M,35.65
BFF,2026-03-07 19:53,47.00,24.00,40.10,12.65,M,29.90
BFF,2026-03-07 20:53,45.00,25.00,45.10,16.10,M,M
BFF,2026-03-07 21:53,45.00,25.00,45.10,13.80,M,M
BFF,2026-03-07 22:53,43.00,26.00,50.75,11.50,M,M
BFF,2026-03-07 23:53,43.00,26.00,50.75,9.20,M,M
BFF,2026-03-08 00:53,43.00,27.00,52.89,11.50,M,M
BFF,2026-03-08 01:53,43.00,26.00,50.75,13.80,M,M
BFF,2026-03-08 03:53,44.00,27.00,50.90,12.65,M,M
BFF,2026-03-08 04:53,45.00,27.00,49.00,17.25,M,M
BFF,2026-03-08 05:53,44.00,26.00,48.84,12.65,M,M
BFF,2026-03-08 06:53,41.00,27.00,57.13,8.05,M,M
BFF,2026-03-08 07:53,45.00,27.00,49.00,18.40,M,M
BFF,2026-03-08 08:53,43.00,27.00,52.89,4.60,M,M
BFF,2026-03-08 09:53,51.00,28.00,40.76,16.10,M,M
BFF,2026-03-08 10:53,55.00,28.00,35.20,18.40,M,29.90
BFF,2026-03-08 11:53,59.00,28.00,30.47,31.05,M,43.70
BFF,2026-03-08 12:53,61.00,28.00,28.38,25.30,M,48.30
BFF,2026-03-08 13:53,66.00,27.00,22.85,28.75,M,42.55
BFF,2026-03-08 14:53,67.00,26.00,21.18,29.90,3000.00,43.70
BFF,2026-03-08 15:53,69.00,24.00,18.19,23.00,M,41.40
BFF,2026-03-08 16:53,69.00,23.00,17.45,21.85,M,42.55
BFF,2026-03-08 17:53,66.00,24.00,20.17,18.40,M,44.85
BFF,2026-03-08 18:53,65.00,24.00,20.89,24.15,M,41.40
BFF,2026-03-08 19:53,64.00,24.00,21.63,26.45,M,42.55
BFF,2026-03-08 20:53,61.00,26.00,26.13,20.70,M,41.40
BFF,2026-03-08 21:53,59.00,26.00,28.06,21.85,M,31.05
BFF,2026-03-08 22:53,58.00,27.00,30.31,20.70,M,33.35
BFF,2026-03-08 23:53,56.00,28.00,33.94,19.55,M,34.50
BFF,2026-03-09 00:53,55.00,28.00,35.20,17.25,M,33.35
BFF,2026-03-09 01:53,57.00,29.00,34.11,19.55,M,29.90
BFF,2026-03-09 02:53,55.00,30.00,38.20,18.40,M,29.90
BFF,2026-03-09 03:53,55.00,30.00,38.20,28.75,M,46.00
BFF,2026-03-09 04:53,53.00,29.00,39.45,25.30,M,44.85
BFF,2026-03-09 05:53,53.00,29.00,39.45,23.00,M,35.65
BFF,2026-03-09 06:53,52.00,30.00,42.64,18.40,M,37.95
BFF,2026-03-09 07:53,50.00,30.00,45.91,12.65,M,M
BFF,2026-03-09 08:53,56.00,29.00,35.36,20.70,M,M
BFF,2026-03-09 09:53,58.00,29.00,32.90,11.50,M,31.05
BFF,2026-03-09 10:53,62.00,30.00,29.73,4.60,M,M
BFF,2026-03-09 11:53,64.00,29.00,26.60,13.80,M,M
BFF,2026-03-09 12:01,64.00,29.00,26.60,17.25,M,M
BFF,2026-03-09 12:53,64.00,27.00,24.50,16.10,M,M
BFF,2026-03-09 13:53,65.00,26.00,22.70,19.55,M,29.90
BFF,2026-03-09 14:53,69.00,26.00,19.78,13.80,M,M
BFF,2026-03-09 15:53,72.00,23.00,15.75,13.80,M,32.20
BFF,2026-03-09 16:53,75.00,21.00,13.09,23.00,M,35.65
BFF,2026-03-09 17:53,72.00,18.00,12.73,20.70,M,36.80
BFF,2026-03-09 18:53,71.00,18.00,13.17,14.95,M,32.20
BFF,2026-03-09 19:53,67.00,19.00,15.77,10.35,M,M
BFF,2026-03-09 20:53,63.00,21.00,19.74,6.90,M,M
BFF,2026-03-09 21:53,65.00,22.00,19.20,13.80,M,M
BFF,2026-03-09 22:53,61.00,22.00,22.10,6.90,M,M
BFF,2026-03-09 23:53,46.00,31.00,55.56,23.00,M,29.90
BFF,2026-03-10 00:53,39.00,27.00,61.75,19.55,M,35.65
BFF,2026-03-10 01:53,35.00,25.00,66.55,9.20,M,34.50
BFF,2026-03-10 02:53,31.00,24.00,74.95,8.05,M,M
BFF,2026-03-10 03:53,29.00,23.00,77.97,8.05,M,M
BFF,2026-03-10 04:50,26.60,23.00,86.06,5.75,1200.00,M
BFF,2026-03-10 04:53,28.00,23.00,81.23,8.05,1200.00,M
BFF,2026-03-10 05:37,28.00,25.00,88.32,10.35,900.00,M
BFF,2026-03-10 05:53,28.00,24.00,84.71,8.05,1000.00,M
BFF,2026-03-10 06:16,28.00,25.00,88.32,11.50,900.00,M
BFF,2026-03-10 06:53,29.00,26.00,88.37,10.35,700.00,M
BFF,2026-03-10 07:53,30.00,27.00,88.43,8.05,600.00,M
BFF,2026-03-10 08:53,31.00,28.00,88.48,9.20,700.00,M
BFF,2026-03-10 09:53,30.00,28.00,92.14,8.05,600.00,M
BFF,2026-03-10 10:20,30.00,29.00,96.00,5.75,500.00,M
BFF,2026-03-10 10:27,30.00,29.00,96.00,6.90,500.00,M
BFF,2026-03-10 10:37,30.00,29.00,96.00,5.75,500.00,M
BFF,2026-03-10 10:53,31.00,29.00,92.18,6.90,500.00,M
BFF,2026-03-10 11:20,31.00,30.00,96.02,6.90,500.00,M
BFF,2026-03-10 11:53,32.00,30.00,92.21,6.90,500.00,M
BFF,2026-03-10 12:53,33.00,30.00,88.57,6.90,800.00,M
BFF,2026-03-10 13:32,35.00,29.00,78.50,6.90,1100.00,M
BFF,2026-03-10 13:53,34.00,29.00,81.69,6.90,1100.00,M
BFF,2026-03-10 14:53,37.00,30.00,75.54,8.05,1300.00,M
BFF,2026-03-10 15:43,37.00,30.00,75.54,0.00,1500.00,M
BFF,2026-03-10 15:53,37.00,30.00,75.54,3.45,1700.00,M
BFF,2026-03-10 16:53,39.00,30.00,69.84,9.20,1900.00,M
BFF,2026-03-10 17:53,42.00,30.00,62.16,8.05,2400.00,M
BFF,2026-03-10 18:03,42.00,29.00,59.67,8.05,2400.00,M
BFF,2026-03-10 18:53,42.00,29.00,59.67,5.75,8000.00,M
BFF,2026-03-10 19:53,43.00,29.00,57.42,3.45,4600.00,M
BFF,2026-03-10 20:53,42.00,30.00,62.16,8.05,3800.00,M
BFF,2026-03-10 21:15,40.00,33.00,75.83,10.35,2700.00,M
BFF,2026-03-10 21:53,37.00,34.00,88.77,10.35,1700.00,M
BFF,2026-03-10 22:53,38.00,35.00,88.82,12.65,1900.00,M
BFF,2026-03-10 23:25,38.00,34.00,85.35,10.35,1700.00,M
BFF,2026-03-10 23:50,37.40,33.80,86.69,11.50,2500.00,M
BFF,2026-03-10 23:53,38.00,34.00,85.35,13.80,2500.00,M
BFF,2026-03-11 00:12,37.00,34.00,88.77,26.45,1800.00,36.80
BFF,2026-03-11 00:25,32.00,28.00,84.97,26.45,1800.00,37.95
BFF,2026-03-11 00:44,31.00,28.00,88.48,23.00,2000.00,37.95
BFF,2026-03-11 00:53,31.00,28.00,88.48,17.25,2000.00,37.95
BFF,2026-03-11 01:53,30.00,26.00,84.84,20.70,1400.00,M
BFF,2026-03-11 02:03,29.00,25.00,84.78,17.25,1500.00,M
BFF,2026-03-11 02:16,29.00,26.00,88.37,18.40,1700.00,M
BFF,2026-03-11 02:53,29.00,25.00,84.78,14.95,1800.00,M
BFF,2026-03-11 03:43,29.00,25.00,84.78,8.05,1300.00,M
BFF,2026-03-11 03:53,29.00,25.00,84.78,8.05,1400.00,M
BFF,2026-03-11 04:07,29.00,25.00,84.78,9.20,1500.00,M
BFF,2026-03-11 04:53,28.00,24.00,84.71,12.65,1500.00,M
BFF,2026-03-11 05:17,27.00,23.00,84.65,9.20,1400.00,M
BFF,2026-03-11 05:35,27.00,23.00,84.65,11.50,1500.00,M
BFF,2026-03-11 05:53,26.00,22.00,84.58,5.75,1500.00,M
BFF,2026-03-11 06:53,24.00,22.00,91.93,5.75,M,M
BFF,2026-03-11 07:53,23.00,21.00,91.90,5.75,M,M
BFF,2026-03-11 08:53,24.00,22.00,91.93,6.90,M,M
BFF,2026-03-11 09:53,29.00,24.00,81.31,10.35,M,M
BFF,2026-03-11 10:53,32.00,25.00,75.05,10.35,M,M
BFF,2026-03-11 11:53,36.00,24.00,61.34,13.80,6000.00,M
BFF,2026-03-11 12:53,39.00,21.00,48.03,13.80,3900.00,M
BFF,2026-03-11 13:53,40.00,18.00,40.64,12.65,6000.00,29.90
BFF,2026-03-11 14:53,42.00,13.00,30.24,16.10,7000.00,29.90
BFF,2026-03-11 15:53,45.00,9.00,22.56,14.95,8500.00,29.90
BFF,2026-03-11 16:53,47.00,3.00,15.91,20.70,9500.00,35.65
BFF,2026-03-11 17:53,47.00,2.00,15.19,18.40,M,36.80
BFF,2026-03-11 18:53,46.00,6.00,18.97,14.95,M,33.35
BFF,2026-03-11 19:53,44.00,8.00,22.41,9.20,M,M
BFF,2026-03-11 20:53,39.00,11.00,31.10,6.90,M,M
BFF,2026-03-11 21:53,40.00,13.00,32.68,8.05,M,M
BFF,2026-03-11 22:53,36.00,14.00,39.96,8.05,M,M
BFF,2026-03-11 23:53,30.00,16.00,55.49,6.90,M,M
BFF,2026-03-12 00:53,37.00,15.00,40.13,10.35,M,M
BFF,2026-03-12 01:53,38.00,13.00,35.34,13.80,M,M
BFF,2026-03-12 02:53,36.00,12.00,36.58,6.90,M,M
BFF,2026-03-12 03:53,34.00,13.00,41.40,4.60,M,M
BFF,2026-03-12 04:53,38.00,18.00,43.94,6.90,M,M
BFF,2026-03-12 05:53,35.00,20.00,53.90,6.90,M,M
BFF,2026-03-12 06:53,43.00,23.00,44.77,9.20,M,M
BFF,2026-03-12 07:53,50.00,22.00,32.95,16.10,M,M
BFF,2026-03-12 08:53,50.00,23.00,34.37,12.65,M,M
BFF,2026-03-12 09:53,53.00,22.00,29.49,14.95,M,M
BFF,2026-03-12 10:53,58.00,23.00,25.65,18.40,M,36.80
BFF,2026-03-12 11:49,60.80,21.20,21.52,31.05,2500.00,44.85
BFF,2026-03-12 11:53,60.00,22.00,22.90,32.20,2300.00,52.90
BFF,2026-03-12 12:53,63.00,22.00,20.59,29.90,1900.00,62.10
BFF,2026-03-12 13:53,64.00,22.00,19.88,40.25,2500.00,62.10
BFF,2026-03-12 14:53,65.00,23.00,20.03,32.20,2800.00,60.95
BFF,2026-03-12 15:18,67.00,22.00,17.92,36.80,3000.00,59.80
BFF,2026-03-12 15:25,67.00,22.00,17.92,37.95,2800.00,59.80
BFF,2026-03-12 15:53,68.00,23.00,18.06,28.75,2800.00,59.80
BFF,2026-03-12 16:31,67.00,22.00,17.92,41.40,2700.00,69.00
BFF,2026-03-12 16:51,66.20,21.20,17.81,37.95,2300.00,69.00
BFF,2026-03-12 16:53,67.00,22.00,17.92,31.05,2300.00,69.00
BFF,2026-03-12 17:24,67.00,21.00,17.17,39.10,2200.00,67.85
BFF,2026-03-12 17:53,67.00,22.00,17.92,43.70,2600.00,67.85
BFF,2026-03-12 18:21,67.00,21.00,17.17,37.95,2400.00,67.85
BFF,2026-03-12 18:50,66.20,21.20,17.81,47.15,2200.00,70.15
BFF,2026-03-12 18:53,66.00,21.00,17.78,40.25,2200.00,70.15
BFF,2026-03-12 19:17,66.00,21.00,17.78,36.80,1900.00,67.85
BFF,2026-03-12 19:46,65.00,21.00,18.41,31.05,2200.00,67.85
BFF,2026-03-12 19:53,65.00,21.00,18.41,31.05,2200.00,67.85
BFF,2026-03-12 20:03,64.00,21.00,19.06,34.50,2200.00,56.35
BFF,2026-03-12 20:13,64.00,21.00,19.06,32.20,2000.00,60.95
BFF,2026-03-12 20:53,63.00,22.00,20.59,33.35,2100.00,60.95
BFF,2026-03-12 21:32,62.00,22.00,21.33,27.60,2500.00,52.90
BFF,2026-03-12 21:53,47.00,30.00,51.37,21.85,M,52.90
BFF,2026-03-12 22:53,42.00,29.00,59.67,17.25,M,35.65
BFF,2026-03-12 23:53,39.00,27.00,61.75,10.35,M,31.05
BFF,2026-03-13 00:53,38.00,26.00,61.62,12.65,M,M
BFF,2026-03-13 01:53,34.00,25.00,69.26,6.90,M,M
BFF,2026-03-13 02:53,32.00,25.00,75.05,3.45,M,M
BFF,2026-03-13 03:53,26.00,23.00,88.22,5.75,M,M
BFF,2026-03-13 04:53,27.00,23.00,84.65,3.45,M,M
BFF,2026-03-13 05:53,24.00,22.00,91.93,3.45,M,M
BFF,2026-03-13 06:53,24.00,21.00,88.12,9.20,M,M
BFF,2026-03-13 07:53,25.00,23.00,91.97,10.35,M,M
BFF,2026-03-13 08:53,28.00,25.00,88.32,11.50,M,M
BFF,2026-03-13 09:53,34.00,25.00,69.26,14.95,M,M
BFF,2026-03-13 10:53,41.00,28.00,59.53,16.10,M,M
BFF,2026-03-13 11:53,48.00,30.00,49.48,12.65,M,M
BFF,2026-03-13 12:53,55.00,29.00,36.67,8.05,M,M
BFF,2026-03-13 13:53,63.00,28.00,26.44,3.45,M,M
BFF,2026-03-13 14:53,72.00,23.00,15.75,29.90,11000.00,46.00
BFF,2026-03-13 15:53,71.00,22.00,15.62,21.85,11000.00,44.85
BFF,2026-03-13 16:53,70.00,23.00,16.86,32.20,11000.00,46.00
BFF,2026-03-13 17:53,70.00,23.00,16.86,25.30,M,48.30
BFF,2026-03-13 18:53,69.00,22.00,16.73,24.15,12000.00,47.15
BFF,2026-03-13 19:53,59.00,27.00,29.24,13.80,M,32.20
BFF,2026-03-13 20:53,52.00,28.00,39.29,14.95,M,M
BFF,2026-03-13 21:53,45.00,27.00,49.00,18.40,M,M
BFF,2026-03-13 22:53,41.00,28.00,59.53,4.60,M,M
BFF,2026-03-13 23:53,37.00,28.00,69.60,8.05,M,M
BFF,2026-03-14 00:53,33.00,28.00,81.62,8.05,M,M
BFF,2026-03-14 01:53,31.00,27.00,84.90,8.05,M,M
BFF,2026-03-14 02:53,29.00,26.00,88.37,6.90,M,M
BFF,2026-03-14 03:53,27.00,26.00,95.95,9.20,M,M
BFF,2026-03-14 04:53,26.00,25.00,95.93,4.60,M,M
BFF,2026-03-14 05:53,25.00,23.00,91.97,4.60,M,M
BFF,2026-03-14 06:53,25.00,22.00,88.17,5.75,M,M
BFF,2026-03-14 07:53,23.00,22.00,95.87,4.60,M,M
BFF,2026-03-14 08:53,24.00,21.00,88.12,4.60,M,M
BFF,2026-03-14 09:53,29.00,25.00,84.78,4.60,M,M
BFF,2026-03-14 10:53,34.00,26.00,72.20,5.75,M,M
BFF,2026-03-14 11:53,38.00,27.00,64.22,6.90,M,M
BFF,2026-03-14 12:53,47.00,28.00,47.34,6.90,M,M
BFF,2026-03-14 13:53,52.00,28.00,39.29,8.05,M,M
BFF,2026-03-14 14:53,61.00,22.00,22.10,8.05,M,M
BFF,2026-03-14 15:53,65.00,14.00,13.61,16.10,11000.00,M
BFF,2026-03-14 16:53,65.00,15.00,14.22,13.80,12000.00,M
BFF,2026-03-14 17:53,64.00,17.00,16.06,10.35,12000.00,M
BFF,2026-03-14 18:53,63.00,22.00,20.59,27.60,12000.00,41.40
BFF,2026-03-14 19:53,60.00,26.00,27.07,24.15,11000.00,51.75
BFF,2026-03-14 20:53,56.00,28.00,33.94,18.40,M,47.15
BFF,2026-03-14 21:53,56.00,27.00,32.57,20.70,M,31.05
BFF,2026-03-14 22:29,44.00,22.00,41.31,37.95,400.00,56.35
BFF,2026-03-14 22:53,34.00,20.00,56.09,23.00,400.00,56.35
BFF,2026-03-14 23:53,33.00,21.00,60.92,10.35,2400.00,35.65
BFF,2026-03-15 00:08,34.00,22.00,61.06,14.95,2400.00,M
BFF,2026-03-15 00:39,33.00,24.00,69.14,19.55,2400.00,36.80
BFF,2026-03-15 00:53,32.00,26.00,78.23,18.40,2500.00,36.80
BFF,2026-03-15 01:02,31.00,27.00,84.90,21.85,2100.00,29.90
BFF,2026-03-15 01:15,31.00,26.00,81.46,25.30,1800.00,36.80
BFF,2026-03-15 01:35,30.00,26.00,84.84,18.40,2000.00,36.80
BFF,2026-03-15 01:53,29.00,25.00,84.78,19.55,1700.00,36.80
BFF,2026-03-15 02:06,28.00,23.00,81.23,29.90,1700.00,37.95
BFF,2026-03-15 02:53,27.00,22.00,81.15,20.70,6000.00,42.55
BFF,2026-03-15 03:32,26.00,23.00,88.22,19.55,1700.00,40.25
BFF,2026-03-15 03:44,26.00,22.00,84.58,23.00,2000.00,40.25
BFF,2026-03-15 03:53,26.00,22.00,84.58,25.30,2000.00,40.25
BFF,2026-03-15 04:16,26.00,21.00,81.07,26.45,2600.00,44.85
BFF,2026-03-15 04:34,25.00,21.00,84.51,26.45,3200.00,44.85
BFF,2026-03-15 04:45,25.00,21.00,84.51,26.45,2600.00,44.85
BFF,2026-03-15 04:53,25.00,21.00,84.51,31.05,2400.00,44.85
BFF,2026-03-15 04:59,26.00,19.00,74.44,31.05,3000.00,44.85
BFF,2026-03-15 05:53,25.00,18.00,74.34,29.90,2200.00,46.00
BFF,2026-03-15 06:25,24.00,17.00,74.24,32.20,2200.00,44.85
BFF,2026-03-15 06:32,24.00,17.00,74.24,21.85,2300.00,44.85
BFF,2026-03-15 06:53,23.00,15.00,70.97,27.60,2500.00,46.00
BFF,2026-03-15 07:53,22.00,14.00,70.86,24.15,2500.00,42.55
BFF,2026-03-15 08:33,22.00,12.00,64.88,24.15,2900.00,36.80
BFF,2026-03-15 08:53,21.00,13.00,70.74,21.85,2900.00,36.80
BFF,2026-03-15 09:53,21.00,12.00,67.68,26.45,2400.00,39.10
BFF,2026-03-15 10:53,23.00,12.00,62.20,25.30,2400.00,42.55
BFF,2026-03-15 11:19,24.00,11.00,57.05,24.15,2400.00,39.10
BFF,2026-03-15 11:53,26.00,11.00,52.49,23.00,M,39.10
BFF,2026-03-15 12:53,26.00,10.00,50.20,19.55,3600.00,32.20
BFF,2026-03-15 13:53,28.00,10.00,46.22,19.55,3600.00,32.20
BFF,2026-03-15 14:53,28.00,8.00,42.25,18.40,3900.00,36.80
BFF,2026-03-15 15:53,29.00,7.00,38.75,18.40,4300.00,36.80
BFF,2026-03-15 16:53,28.00,4.00,35.20,23.00,4800.00,36.80
BFF,2026-03-15 17:53,29.00,5.00,35.38,27.60,4800.00,40.25
BFF,2026-03-15 18:53,27.00,6.00,40.20,23.00,M,39.10
BFF,2026-03-15 19:53,22.00,7.00,51.85,18.40,M,34.50
BFF,2026-03-15 20:53,19.00,6.00,56.29,9.20,M,29.90
BFF,2026-03-15 21:53,16.00,5.00,61.21,3.45,M,M
BFF,2026-03-15 22:53,13.00,3.00,63.66,0.00,M,M
BFF,2026-03-15 23:53,13.00,4.00,66.67,0.00,M,M
BFF,2026-03-16 00:53,11.00,4.00,72.84,3.45,M,M
BFF,2026-03-16 01:53,11.00,5.00,76.27,4.60,M,M
BFF,2026-03-16 02:53,9.00,4.00,79.66,5.75,M,M
BFF,2026-03-16 03:53,8.00,4.00,83.33,4.60,M,M
BFF,2026-03-16 04:53,10.00,5.00,79.75,6.90,M,M
BFF,2026-03-16 05:53,9.00,5.00,83.40,5.75,M,M
BFF,2026-03-16 06:53,7.00,3.00,83.26,3.45,M,M
BFF,2026-03-16 07:53,8.00,3.00,79.57,0.00,M,M
BFF,2026-03-16 08:53,9.00,4.00,79.66,0.00,12000.00,M
BFF,2026-03-16 09:53,14.00,7.00,73.17,0.00,9000.00,M
BFF,2026-03-16 10:53,18.00,9.00,67.31,0.00,9500.00,M
BFF,2026-03-16 11:53,23.00,8.00,52.01,0.00,10000.00,M
BFF,2026-03-16 12:53,28.00,8.00,42.25,5.75,10000.00,M
BFF,2026-03-16 13:53,32.00,9.00,37.55,0.00,10000.00,M
BFF,2026-03-16 14:53,36.00,8.00,30.59,0.00,9000.00,M
BFF,2026-03-16 15:53,39.00,8.00,27.18,5.75,7000.00,M
BFF,2026-03-16 16:53,39.00,9.00,28.44,6.90,7000.00,M
BFF,2026-03-16 17:53,42.00,10.00,26.47,4.60,8500.00,M
BFF,2026-03-16 18:53,42.00,11.00,27.68,3.45,8000.00,M
BFF,2026-03-16 19:53,40.00,11.00,29.91,4.60,8500.00,M
BFF,2026-03-16 20:53,38.00,13.00,35.34,4.60,8000.00,M
BFF,2026-03-16 21:53,37.00,13.00,36.75,4.60,7500.00,M
BFF,2026-03-16 22:53,37.00,14.00,38.41,4.60,7000.00,M
BFF,2026-03-16 23:53,36.00,15.00,41.74,3.45,7000.00,M
BFF,2026-03-17 00:53,36.00,15.00,41.74,5.75,7000.00,M
BFF,2026-03-17 01:53,35.00,16.00,45.37,6.90,7000.00,M
BFF,2026-03-17 02:53,35.00,18.00,49.47,6.90,7000.00,M
BFF,2026-03-17 03:53,35.00,18.00,49.47,8.05,8000.00,M
BFF,2026-03-17 04:53,35.00,17.00,47.38,8.05,7500.00,M
BFF,2026-03-17 05:53,35.00,17.00,47.38,3.45,8000.00,M
BFF,2026-03-17 06:53,33.00,18.00,53.59,0.00,8500.00,M
BFF,2026-03-17 07:53,30.00,18.00,60.50,4.60,8500.00,M
BFF,2026-03-17 08:53,32.00,20.00,60.78,0.00,8000.00,M
BFF,2026-03-17 09:53,45.00,24.00,43.25,11.50,8000.00,M
BFF,2026-03-17 10:53,56.00,30.00,36.84,14.95,M,M
BFF,2026-03-17 11:53,65.00,29.00,25.69,21.85,M,33.35
BFF,2026-03-17 12:53,68.00,28.00,22.23,23.00,M,36.80
BFF,2026-03-17 13:53,71.00,28.00,20.06,21.85,9000.00,40.25
BFF,2026-03-17 14:53,71.00,28.00,20.06,21.85,9000.00,41.40
BFF,2026-03-17 15:53,74.00,25.00,16.02,29.90,10000.00,37.95
BFF,2026-03-17 16:53,74.00,26.00,16.70,25.30,10000.00,40.25
BFF,2026-03-17 17:53,75.00,27.00,16.83,24.15,M,39.10
BFF,2026-03-17 18:53,73.00,28.00,18.75,23.00,M,40.25
BFF,2026-03-17 19:53,70.00,28.00,20.76,23.00,M,32.20
BFF,2026-03-17 20:53,64.00,30.00,27.71,9.20,M,29.90
BFF,2026-03-17 21:53,60.00,31.00,33.23,9.20,M,M
BFF,2026-03-17 22:53,58.00,31.00,35.70,4.60,12000.00,M
BFF,2026-03-17 23:53,57.00,31.00,37.00,0.00,11000.00,M
BFF,2026-03-18 00:53,53.00,31.00,42.80,0.00,M,M
BFF,2026-03-18 01:53,51.00,31.00,46.07,4.60,M,M
BFF,2026-03-18 02:53,45.00,30.00,55.41,5.75,M,M
BFF,2026-03-18 03:53,46.00,30.00,53.35,5.75,M,M
BFF,2026-03-18 04:53,45.00,30.00,55.41,4.60,M,M
BFF,2026-03-18 05:53,46.00,30.00,53.35,6.90,12000.00,M
BFF,2026-03-18 06:53,42.00,29.00,59.67,6.90,M,M
BFF,2026-03-18 07:53,40.00,29.00,64.48,9.20,M,M
BFF,2026-03-18 08:53,42.00,28.00,57.28,5.75,M,M
BFF,2026-03-18 09:53,51.00,30.00,44.24,0.00,M,M
BFF,2026-03-18 10:53,61.00,25.00,25.06,9.20,M,M
BFF,2026-03-18 11:53,66.00,25.00,21.04,10.35,M,M
BFF,2026-03-18 12:53,73.00,21.00,14.00,17.25,M,M
BFF,2026-03-18 13:53,75.00,20.00,12.55,17.25,M,M
BFF,2026-03-18 14:53,77.00,20.00,11.74,14.95,M,M
BFF,2026-03-18 15:53,80.00,17.00,9.35,14.95,M,32.20
BFF,2026-03-18 16:53,82.00,16.00,8.39,16.10,M,M
BFF,2026-03-18 17:53,81.00,15.00,8.30,12.65,M,M
BFF,2026-03-18 18:53,81.00,11.00,6.96,18.40,M,31.05
BFF,2026-03-18 19:53,76.00,9.00,7.50,14.95,M,M
BFF,2026-03-18 20:53,67.00,11.00,11.12,9.20,M,M
BFF,2026-03-18 21:53,63.00,13.00,13.96,3.45,M,M
BFF,2026-03-18 22:53,60.00,15.00,16.95,5.75,M,M
BFF,2026-03-18 23:53,52.00,17.00,24.71,6.90,M,M
BFF,2026-03-19 00:53,47.00,20.00,33.86,5.75,M,M
BFF,2026-03-19 01:53,45.00,24.00,43.25,4.60,M,M
BFF,2026-03-19 02:53,44.00,21.00,39.59,6.90,M,M
BFF,2026-03-19 03:53,39.00,21.00,48.03,6.90,M,M
BFF,2026-03-19 04:53,40.00,19.00,42.42,8.05,M,M
BFF,2026-03-19 05:53,38.00,20.00,47.87,6.90,M,M
BFF,2026-03-19 06:53,41.00,20.00,42.59,6.90,M,M
BFF,2026-03-19 07:53,40.00,20.00,44.27,9.20,M,M
BFF,2026-03-19 08:53,46.00,21.00,36.69,6.90,M,M
BFF,2026-03-19 09:53,54.00,22.00,28.43,8.05,M,M
BFF,2026-03-19 10:53,63.00,24.00,22.40,8.05,M,M
BFF,2026-03-19 11:53,70.00,25.00,18.33,13.80,M,M
BFF,2026-03-19 12:53,76.00,25.00,14.98,14.95,M,M
BFF,2026-03-19 13:53,81.00,19.00,9.87,14.95,M,M
BFF,2026-03-19 14:53,83.00,16.00,8.12,11.50,M,M
BFF,2026-03-19 15:53,83.00,13.00,7.12,12.65,M,M
BFF,2026-03-19 16:53,85.00,17.00,7.96,10.35,M,M
BFF,2026-03-19 17:53,86.00,17.00,7.71,10.35,M,M
BFF,2026-03-19 18:53,85.00,14.00,6.98,13.80,M,M
BFF,2026-03-19 19:53,78.00,14.00,8.76,12.65,M,M
BFF,2026-03-19 20:53,66.00,16.00,14.34,5.75,M,M
BFF,2026-03-19 21:53,63.00,15.00,15.24,5.75,M,M
BFF,2026-03-19 22:53,61.00,15.00,16.36,6.90,M,M
BFF,2026-03-19 23:53,55.00,16.00,21.20,9.20,M,M
BFF,2026-03-20 00:53,52.00,17.00,24.71,9.20,M,M
BFF,2026-03-20 01:53,50.00,18.00,27.78,11.50,M,M
BFF,2026-03-20 02:53,50.00,18.00,27.78,11.50,M,M
BFF,2026-03-20 03:53,47.00,19.00,32.44,9.20,M,M
BFF,2026-03-20 04:53,44.00,18.00,34.83,12.65,M,M
BFF,2026-03-20 05:53,43.00,19.00,37.78,10.35,M,M
BFF,2026-03-20 06:53,43.00,19.00,37.78,9.20,M,M
BFF,2026-03-20 07:53,43.00,19.00,37.78,11.50,M,M
BFF,2026-03-20 08:53,44.00,21.00,39.59,4.60,M,M
BFF,2026-03-20 09:53,56.00,23.00,27.57,8.05,M,M
BFF,2026-03-20 10:53,63.00,24.00,22.40,10.35,M,M
BFF,2026-03-20 11:53,70.00,26.00,19.11,11.50,M,M
BFF,2026-03-20 12:53,78.00,23.00,12.90,13.80,M,M
BFF,2026-03-20 13:53,83.00,18.00,8.86,17.25,M,M
BFF,2026-03-20 14:53,84.00,18.00,8.58,14.95,M,M
BFF,2026-03-20 15:53,84.00,18.00,8.58,12.65,M,M
BFF,2026-03-20 16:53,83.00,18.00,8.86,6.90,M,M
BFF,2026-03-20 17:53,84.00,19.00,8.95,6.90,M,M
BFF,2026-03-20 18:53,83.00,18.00,8.86,8.05,M,M
BFF,2026-03-20 19:53,79.00,19.00,10.53,3.45,M,M
BFF,2026-03-20 20:53,72.00,19.00,13.29,3.45,M,M
BFF,2026-03-20 21:53,61.00,21.00,21.18,0.00,M,M
BFF,2026-03-20 22:53,60.00,19.00,20.15,5.75,M,M
BFF,2026-03-20 23:53,53.00,20.00,27.09,8.05,M,M
BFF,2026-03-21 00:53,49.00,23.00,35.67,3.45,M,M
BFF,2026-03-21 01:53,45.00,19.00,35.00,8.05,M,M
BFF,2026-03-21 02:53,42.00,19.00,39.26,4.60,M,M
BFF,2026-03-21 03:53,41.00,19.00,40.80,3.45,M,M
BFF,2026-03-21 04:53,41.00,19.00,40.80,0.00,M,M
BFF,2026-03-21 05:53,43.00,19.00,37.78,6.90,M,M
BFF,2026-03-21 06:53,42.00,19.00,39.26,8.05,M,M
BFF,2026-03-21 07:53,42.00,19.00,39.26,8.05,M,M
BFF,2026-03-21 08:53,48.00,19.00,31.25,8.05,M,M
BFF,2026-03-21 09:53,58.00,20.00,22.59,6.90,M,M
BFF,2026-03-21 10:53,65.00,21.00,18.41,8.05,M,M
BFF,2026-03-21 11:53,73.00,20.00,13.41,8.05,M,M
BFF,2026-03-21 12:53,80.00,21.00,11.10,9.20,M,M
BFF,2026-03-21 13:53,84.00,19.00,8.95,3.45,M,M
BFF,2026-03-21 14:53,87.00,18.00,7.79,8.05,M,M
BFF,2026-03-21 15:53,90.00,19.00,7.40,9.20,M,M
BFF,2026-03-21 16:53,90.00,18.00,7.09,16.10,M,M
BFF,2026-03-21 17:53,90.00,18.00,7.09,13.80,M,M
BFF,2026-03-21 18:53,87.00,16.00,7.15,16.10,M,M
BFF,2026-03-21 19:53,77.00,20.00,11.74,5.75,M,M
BFF,2026-03-21 20:53,72.00,20.00,13.87,6.90,M,M
BFF,2026-03-21 21:53,68.00,21.00,16.59,5.75,M,M
BFF,2026-03-21 22:53,63.00,20.00,18.92,8.05,M,M
BFF,2026-03-21 23:53,63.00,32.00,31.12,27.60,M,41.40
BFF,2026-03-22 00:27,48.00,37.00,65.50,27.60,800.00,48.30
BFF,2026-03-22 00:53,44.00,37.00,76.21,32.20,M,50.60
BFF,2026-03-22 01:29,44.00,37.00,76.21,16.10,1600.00,48.30
BFF,2026-03-22 01:38,44.00,37.00,76.21,11.50,1600.00,48.30
BFF,2026-03-22 01:53,44.00,37.00,76.21,21.85,1600.00,48.30
BFF,2026-03-22 02:53,43.00,35.00,73.15,11.50,1700.00,36.80
BFF,2026-03-22 03:53,40.00,32.00,72.84,12.65,M,M
BFF,2026-03-22 04:53,39.00,32.00,75.73,5.75,4000.00,M
BFF,2026-03-22 05:53,39.00,32.00,75.73,9.20,4100.00,M
BFF,2026-03-22 06:53,38.00,32.00,78.76,12.65,4300.00,M
BFF,2026-03-22 07:53,39.00,32.00,75.73,8.05,4600.00,M
BFF,2026-03-22 08:53,39.00,31.00,72.73,4.60,3400.00,M
BFF,2026-03-22 09:53,41.00,32.00,70.06,3.45,3500.00,M
BFF,2026-03-22 10:53,43.00,32.00,64.86,3.45,2200.00,M
BFF,2026-03-22 11:02,43.00,33.00,67.53,0.00,2400.00,M
BFF,2026-03-22 11:43,44.00,33.00,64.99,0.00,2300.00,M
BFF,2026-03-22 11:53,44.00,33.00,64.99,3.45,2300.00,M
BFF,2026-03-22 12:20,45.00,33.00,62.56,3.45,2500.00,M
BFF,2026-03-22 12:53,45.00,34.00,65.12,3.45,2300.00,M
BFF,2026-03-22 13:03,45.00,34.00,65.12,0.00,2400.00,M
BFF,2026-03-22 13:53,50.00,34.00,53.95,4.60,3700.00,M
BFF,2026-03-22 14:53,52.00,34.00,50.10,M,3700.00,M
BFF,2026-03-22 15:53,55.00,33.00,43.13,M,4200.00,M
BFF,2026-03-22 16:53,55.00,32.00,41.43,4.60,M,M
BFF,2026-03-22 17:53,56.00,33.00,41.59,6.90,M,M
BFF,2026-03-22 18:53,56.00,33.00,41.59,6.90,M,M
BFF,2026-03-22 19:53,53.00,32.00,44.57,8.05,M,M
BFF,2026-03-22 20:53,48.00,31.00,51.53,9.20,M,M
BFF,2026-03-22 21:53,44.00,30.00,57.57,8.05,M,M
BFF,2026-03-22 22:53,43.00,30.00,59.81,8.05,M,M
BFF,2026-03-22 23:53,43.00,30.00,59.81,11.50,M,M